sample_id,sha256,label,verdict,family,source,coverage,static_readable,malscore,cape_family,n_file_writes,n_crypto_calls,write_crypto_pearson,crypto_buffer_entropy_mean,crypto_buffer_entropy_max,n_read,n_write,n_delete,n_move,n_copy,n_execute,delete_to_write_ratio,move_to_write_ratio,destructive_extension_variety,active_windows,destructive_chain_windows,write_only_nondestructive_windows,other_windows,total_imports,imp_crypto,imp_random,imp_file_ops,imp_volume_enum,imp_network_spread,imp_file_unlock,imp_process_enum,imp_shadow_service,imp_anti_analysis,indicative_category_count,static_crypto_libs,unpacked_total_imports,unpacked_indicative_category_count,categories_revealed_by_unpacking,crypto_imported_not_called,crypto_called_not_imported,static_dynamic_agreement,n_executed_commands,n_shadow_delete,n_recovery_disable,n_service_stop,n_process_kill,n_log_clear,n_services_created,n_services_started,n_service_events,n_registry_writes,n_registry_deletes,prep_to_destroy_delay_sec,n_prep_processes,n_prep_categories,n_prep_before_destroy,prep_precedes_destroy,prep_to_first_destroy_sec,n_destroy_after_prep,destroy_span_after_prep_sec,n_prep_during_destroy,prep_overlaps_destroy,prep_position_in_destroy
NA2234,002ce0d28ec990aadbbc89df457189de37d8adaadc9c084b78eb7be9a9820c81,benign,FAILED,,dike,static_only,1,0.0,,,,,,,,,,,,,,,,,,,,235,0,0,5,1,0,0,5,3,2,2,,0,,,,,,,,,,,,,,,,,,,,,,,,,,,
NA2235,003851675800dc05cdac1baa84cab8f68534b244906d97ced0c40f50da27df0a,benign,FAILED,,dike,static_only,1,1.3,,,,,,,,,,,,,,,,,,,,139,0,0,0,0,0,0,0,0,1,0,,0,,,,,,,,,,,,,,,,,,,,,,,,,,,
NA2236,00eea85752664955047caad7d6280bc7bf1ab91c61eb9a2542c26b747a12e963,benign,FAILED,,dike,static_only,1,3.3,,,,,,,,,,,,,,,,,,,,91,0,0,0,0,0,0,0,0,1,0,,0,,,,,,,,,,,,,,,,,,,,,,,,,,,
NA2237,0111bddac92a792c7b2ee3ab77642c33df0e01afe737b0d1fa0cbbf331d9572c,benign,FAILED,,dike,static_only,1,0.3,,,,,,,,,,,,,,,,,,,,67,0,0,1,0,0,0,0,0,0,0,,0,,,,,,,,,,,,,,,,,,,,,,,,,,,
NA2238,016584e586de67b725ac1e3974fcca320bf81c8c489ebb17d9909735d517e7ae,benign,FAILED,,dike,full,1,4.0,,0,0,,,,0,0,0,0,0,0,,,0,0,0,0,0,82,0,0,2,0,0,0,0,0,0,0,,0,,,0,0,1,0,0,0,0,0,0,0,0,0,0,0,,0,0,,,,,,,,
NA2239,0222aaf048e5bc28f88d03862f133bc444d358f06201e00dcc93422c81e5bcca,benign,FAILED,,dike,static_only,1,0.3,,,,,,,,,,,,,,,,,,,,111,0,0,3,0,0,0,0,0,2,0,,0,,,,,,,,,,,,,,,,,,,,,,,,,,,
NA2240,02253301617f5201605443ec0c4ab9e3bf8667caa3ea57a0be4d0641e2394ef6,benign,FAILED,,dike,static_only,1,1.3,,,,,,,,,,,,,,,,,,,,134,0,0,0,0,0,0,0,0,1,0,,0,,,,,,,,,,,,,,,,,,,,,,,,,,,
NA2241,0244aa8269c39e74663920ca738fec27bde0a1bb6667feb24299903864337f12,benign,FAILED,,dike,full,1,1.0,,1,0,,,,0,1,0,0,0,0,0.0,0.0,0,1,0,1,0,105,0,0,1,0,0,0,0,0,1,0,,0,,,0,0,1,0,0,0,0,0,0,0,0,0,0,0,,0,0,,,,,,,,
NA2242,02fb87bfaf9747ad8c95017b2cb571792f26df362a31969cdf1e839ffda09d3e,benign,FAILED,,dike,full,1,0.0,,0,0,,,,0,0,0,0,0,0,,,0,0,0,0,0,186,3,1,5,0,0,0,0,3,2,1,,0,,,1,0,0,0,0,0,0,0,0,0,0,0,0,0,,0,0,,,,,,,,
NA2243,04631dabeccc7d887cc5317c6de48266272f1c90920d644c08895bc956ba3b3b,benign,FAILED,,dike,static_only,1,0.0,,,,,,,,,,,,,,,,,,,,232,0,0,3,0,0,0,0,0,2,0,,0,,,,,,,,,,,,,,,,,,,,,,,,,,,
NA2244,04c3fad7c843c2155a69e4a54fcc18324d1b4d366a0868550af02dfdd9186366,benign,FAILED,,dike,static_only,1,0.3,,,,,,,,,,,,,,,,,,,,70,0,0,3,0,0,0,0,0,2,0,,0,,,,,,,,,,,,,,,,,,,,,,,,,,,
NA2245,04ffb8d60a17d6405a9408e73e9cabcdaf5e396f7c4784874dc49c353e97315b,benign,FAILED,,dike,full,1,1.2,,8,0,,,,0,8,0,0,0,0,0.0,0.0,0,1,0,1,0,102,0,0,2,0,0,0,0,0,1,0,,0,,,0,0,1,0,0,0,0,0,0,0,0,0,0,0,,0,0,,,,,,,,
NA2246,050171bc07ebcd963ce724b6b66ff8d1b6c1258e2676c59fd36db0384427bb59,benign,FAILED,,dike,static_only,1,1.3,,,,,,,,,,,,,,,,,,,,261,0,0,0,0,0,0,0,0,1,0,,0,,,,,,,,,,,,,,,,,,,,,,,,,,,
NA2247,0524d1cc0e49105631e29f5e13f5dd2d1eb580899297b29cf67aa9644da62e20,benign,FAILED,,dike,static_only,1,1.3,,,,,,,,,,,,,,,,,,,,91,0,0,0,0,0,0,0,0,1,0,,0,,,,,,,,,,,,,,,,,,,,,,,,,,,
NA2248,0618aba58573dc4d3ee8617f223602708cfaebdf763f42def048b80b59f26807,benign,FAILED,,dike,full,1,3.0,,0,0,,,,0,0,0,0,0,0,,,0,0,0,0,0,158,0,0,0,0,0,0,0,0,2,0,,0,,,0,0,1,0,0,0,0,0,0,0,0,0,0,0,,0,0,,,,,,,,
NA2249,064181108cd8d7f110cc11b84dbf2d7f18fd5f52a2ee989985d88a969f093dbe,benign,FAILED,,dike,full,1,3.2,,0,0,,,,0,0,0,0,0,0,,,0,0,0,0,0,99,0,0,0,0,0,0,0,0,1,0,,0,,,0,0,1,0,0,0,0,0,0,0,0,0,0,0,,0,0,,,,,,,,
NA2250,0704b67194c1ac90f93c62cd00d1742dfb0069dfc837657e29c63884a989fbb4,benign,FAILED,,dike,static_only,1,0.3,,,,,,,,,,,,,,,,,,,,118,0,0,1,0,0,0,0,0,0,0,,0,,,,,,,,,,,,,,,,,,,,,,,,,,,
NA2251,070a98b4f7c03f99048a10f490d5916a9a98417e0d0de2c414c76b3dd00cb35e,benign,NO_VICTIM_ACTIVITY,,dike,full,1,3.0,,740,0,,,,0,740,0,0,0,0,0.0,0.0,0,13,0,13,0,96,0,0,2,0,0,0,0,0,1,0,,0,,,0,0,1,0,0,0,0,0,0,0,0,0,0,0,,0,0,,,,,,,,
NA2252,071b0d3a08503a8b88aeeda1d20f371a563377028f6e252dc66cce60ab8f823e,benign,FAILED,,dike,static_only,1,0.0,,,,,,,,,,,,,,,,,,,,184,0,0,8,0,0,0,5,3,2,1,,0,,,,,,,,,,,,,,,,,,,,,,,,,,,
NA2253,072ceab189d6abc94a7a4a76245c361a16e6a1e1b731fe0874d7399860f61227,benign,NO_VICTIM_ACTIVITY,,dike,full,1,9.0,,1,0,,,,4,1,0,1,0,0,0.0,1.0,1,4,0,1,3,162,0,0,0,0,0,0,0,0,2,0,,0,,,0,0,1,0,0,0,0,0,0,0,0,0,16,1,,0,0,,,,,,,,
NA2254,0757acc2fa68b90fbd889e673bfe5f619b8f8f92a1fa28888fac9a3dba5f3708,benign,FAILED,,dike,full,1,1.2,,9,0,,,,0,9,0,0,0,0,0.0,0.0,0,2,0,2,0,100,0,0,2,0,0,0,2,0,1,1,,0,,,0,0,1,0,0,0,0,0,0,0,0,0,0,0,,0,0,,,,,,,,
NA2255,0758b74302db6964914e3117fb52f6b0cd4dd84d2b6c1df1aeabd2d4343acf88,benign,FAILED,,dike,full,1,0.0,,0,0,,,,0,0,0,0,0,0,,,0,0,0,0,0,407,0,0,4,0,0,0,1,0,2,1,,0,,,0,0,1,0,0,0,0,0,0,0,0,0,0,0,,0,0,,,,,,,,
NA2256,07615d1ba250df0b9c8772c31ec13e14b304d62ebe6258e6ae085cd8d3bacdb4,benign,NO_VICTIM_ACTIVITY,,dike,full,1,0.0,,0,0,,,,0,0,0,0,0,0,,,0,0,0,0,0,442,0,0,4,0,0,0,2,0,2,1,,0,,,0,0,1,0,0,0,0,0,0,0,0,0,0,0,,0,0,,,,,,,,
NA2257,0785c9b642c2b7fc0a09d9df0fd90c9cd6766fcb1cfcc0b08d194bb28e31a030,benign,FAILED,,dike,full,1,3.0,,0,0,,,,0,0,0,0,0,0,,,0,0,0,0,0,103,0,0,1,0,0,0,0,0,1,0,,0,,,0,0,1,0,0,0,0,0,0,0,0,0,0,0,,0,0,,,,,,,,
NA2258,081529ae6785cf10838b4e9417c42935f10793f8acab6277b5c4821b390585e3,benign,FAILED,,dike,full,1,1.0,,0,0,,,,0,0,0,0,0,0,,,0,0,0,0,0,477,0,0,0,0,0,0,0,0,1,0,,0,,,0,0,1,0,0,0,0,0,0,0,0,0,0,0,,0,0,,,,,,,,
NA2259,081f595fac85c89e5219c5b38d5e464afb474fc76107e24fbe4e688ca01edf93,benign,FAILED,,dike,static_only,1,2.3,,,,,,,,,,,,,,,,,,,,203,0,0,5,3,0,0,0,3,1,1,,0,,,,,,,,,,,,,,,,,,,,,,,,,,,
NA2260,087c808efb51e5f1a0f0b2a1da3de15399151781412da941ea412b4ad4ea988e,benign,NO_VICTIM_ACTIVITY,,dike,full,1,1.0,,0,0,,,,1,0,0,0,0,0,,,0,1,0,0,1,160,0,0,3,0,0,0,0,0,1,0,,0,,,0,0,1,0,0,0,0,0,0,0,0,0,0,0,,0,0,,,,,,,,
NA2261,0883c7836124a806423c3c7831bab4dae158edadb0b6b70c32581f125ed00655,benign,NO_VICTIM_ACTIVITY,,dike,full,1,1.0,,582,0,,,,0,582,0,0,0,0,0.0,0.0,0,13,0,13,0,151,2,2,3,0,0,0,0,0,2,1,,0,,,1,0,0,0,0,0,0,0,0,0,0,0,0,0,,0,0,,,,,,,,
NA2262,0969e1695a70c5ac5fb02bf5b75da2c14866835f1e1a61e862b3607d179780df,benign,FAILED,,dike,full,1,1.2,,0,0,,,,0,0,0,0,0,0,,,0,0,0,0,0,81,0,0,0,0,0,0,0,0,2,0,,0,,,0,0,1,0,0,0,0,0,0,0,0,0,0,0,,0,0,,,,,,,,
NA2263,0a2027ea20fd995fd41fbe1a6e6a361dbdc09a83741f1d9e928eddf50030c6b3,benign,NO_VICTIM_ACTIVITY,,dike,full,0,8.0,,0,0,,,,2,0,0,0,0,7,,,0,9,0,0,9,1,0,0,0,0,0,0,0,0,0,0,,0,,,0,0,1,7,0,0,0,0,0,0,3,3,2,0,,0,0,,,,,,,,
NA2264,0a414bf31e7468ca4d88639c6a361424366b2f8c9a8347cf1528c7edebe21151,benign,FAILED,,dike,static_only,1,2.5,,,,,,,,,,,,,,,,,,,,65,0,0,0,0,0,0,0,0,1,0,,0,,,,,,,,,,,,,,,,,,,,,,,,,,,
NA2265,0a464a3765ffc0c23cf47345bf1185426af8e6b5711e015ca18027afcac2f2e0,benign,FAILED,,dike,full,1,0.0,,0,0,,,,0,0,0,0,0,0,,,0,0,0,0,0,202,0,0,1,0,0,0,1,0,1,1,,0,,,0,0,1,0,0,0,0,0,0,0,0,0,0,0,,0,0,,,,,,,,
NA2266,0b2cce6532cb28de975dcda625e119e2ad577c096f92d1f0e051936134d8ce24,benign,FAILED,,dike,static_only,1,2.3,,,,,,,,,,,,,,,,,,,,283,0,0,2,1,0,0,2,3,3,2,,0,,,,,,,,,,,,,,,,,,,,,,,,,,,
NA2267,0b8b03b0f931b4da61d225d7cdd9df13925e77bafe47c47397e80e569071ef7f,benign,FAILED,,dike,full,1,3.0,,0,0,,,,0,0,0,0,0,0,,,0,0,0,0,0,211,2,2,4,4,0,0,2,0,3,3,,0,,,1,0,0,0,0,0,0,0,0,0,0,0,0,0,,0,0,,,,,,,,
NA2268,0bd66c8759353bce953687e7464de810d6a91d7bd11b8faa6a2ae0d2d0ecd7a2,benign,FAILED,,dike,static_only,1,2.3,,,,,,,,,,,,,,,,,,,,170,3,1,3,0,0,0,0,0,1,1,,0,,,,,,,,,,,,,,,,,,,,,,,,,,,
NA2269,0bfc369f7332527c29d462b005bae922a51bb40dbb727ee048eb3698461e3f4f,benign,FAILED,,dike,static_only,1,0.0,,,,,,,,,,,,,,,,,,,,486,0,0,1,0,0,0,2,3,2,1,,0,,,,,,,,,,,,,,,,,,,,,,,,,,,
NA2270,0c1134c20c7f2a20eeda30f998c5e70336e56fa1fde05434028d97f3eeb31c33,benign,FAILED,,dike,static_only,1,0.0,,,,,,,,,,,,,,,,,,,,190,2,0,0,0,0,0,0,0,2,1,,0,,,,,,,,,,,,,,,,,,,,,,,,,,,
NA2271,0c8af4bbf3e29c4ab7dd8372725a931985b669d15b82615ab05838ed348bf558,benign,FAILED,,dike,static_only,1,1.3,,,,,,,,,,,,,,,,,,,,300,0,0,0,0,0,0,0,0,1,0,,0,,,,,,,,,,,,,,,,,,,,,,,,,,,
NA2272,0d4948c4627df452dbe1dce51f1edb3f1c0bd0a90a38b79ada2e16b6c1c6ddac,benign,FAILED,,dike,static_only,1,2.3,,,,,,,,,,,,,,,,,,,,115,0,0,2,0,0,0,0,0,1,0,,0,,,,,,,,,,,,,,,,,,,,,,,,,,,
NA2273,0d8d47b0b0bf9291e01f426782ba721d5be30ea9b2547f315c7ca48c367b2aa9,benign,FAILED,,dike,full,1,1.3,,0,0,,,,1,0,0,0,0,0,,,0,1,0,0,1,80,0,0,4,0,0,0,0,0,2,0,boost,0,,,0,0,1,0,0,0,0,0,0,0,0,0,0,0,,0,0,,,,,,,,
NA2274,0dfd9b9733913d7e1fc1ca19798b9ed57c2d4138ae5fa1ad9c6e12f1dee7062c,benign,FAILED,,dike,static_only,1,1.3,,,,,,,,,,,,,,,,,,,,74,0,0,0,0,0,0,0,0,1,0,,0,,,,,,,,,,,,,,,,,,,,,,,,,,,
NA2275,0e69c9e8e2447ea2c355e3daa30c1697427fe40748a0daabf2d996ab254e89cf,benign,FAILED,,dike,static_only,1,1.3,,,,,,,,,,,,,,,,,,,,199,0,0,0,0,0,0,0,0,1,0,,0,,,,,,,,,,,,,,,,,,,,,,,,,,,
NA2276,0e8c5884bb51b2a3cec41b6e6fde9465a983fff3ecd94632ef5aba39e5a18a07,benign,FAILED,,dike,static_only,1,0.3,,,,,,,,,,,,,,,,,,,,106,0,0,1,0,0,0,0,0,2,0,,0,,,,,,,,,,,,,,,,,,,,,,,,,,,
NA2277,0f2ee312586ccb31ecfd06e0285e38e8c50dad06b8de8bc078a8dc00791b09da,benign,FAILED,,dike,static_only,1,0.3,,,,,,,,,,,,,,,,,,,,138,0,0,4,0,0,0,1,3,1,1,,0,,,,,,,,,,,,,,,,,,,,,,,,,,,
NA2278,0fbcedf08d9e262137afba702687b2de15822149e4a282b9249907134e5ef151,benign,FAILED,,dike,static_only,1,1.3,,,,,,,,,,,,,,,,,,,,106,0,0,0,0,0,0,0,0,1,0,,0,,,,,,,,,,,,,,,,,,,,,,,,,,,
NA2279,0fbe33fb688bc8b21db405ffc08f696f5eea215264952fb41027be527da384e7,benign,FAILED,,dike,static_only,1,0.8,,,,,,,,,,,,,,,,,,,,80,0,0,0,0,0,0,0,0,1,0,,0,,,,,,,,,,,,,,,,,,,,,,,,,,,
NA2280,0ff0a7429ebd5f19eac9fef4504d12c2b2b66a2b060de1c25d6e8fd08262f6d9,benign,FAILED,,dike,static_only,1,0.3,,,,,,,,,,,,,,,,,,,,51,0,0,1,0,0,0,0,0,0,0,,0,,,,,,,,,,,,,,,,,,,,,,,,,,,
NA2281,101d1681a445ebe33e8c41b484ed8328374c441dad1037d96a7cdc347039d731,benign,FAILED,,dike,static_only,1,2.3,,,,,,,,,,,,,,,,,,,,109,0,0,0,0,0,0,0,0,1,0,,0,,,,,,,,,,,,,,,,,,,,,,,,,,,
NA2282,103359c8ceb3fb7753e22f1b953a5ad7717eb89ecf699fe6fa827d2bca56f7c0,benign,FAILED,,dike,static_only,1,1.3,,,,,,,,,,,,,,,,,,,,192,0,0,0,0,0,0,0,0,1,0,,0,,,,,,,,,,,,,,,,,,,,,,,,,,,
NA2283,1096abc631598107ec4f76758032316a3533a5fc8063bbfd9f3f81e7de3bc6be,benign,FAILED,,dike,static_only,1,2.3,,,,,,,,,,,,,,,,,,,,390,0,0,7,0,0,0,2,4,2,1,,0,,,,,,,,,,,,,,,,,,,,,,,,,,,
NA2284,10ddc91db7463138fee1d01c97d4b540168557dad58e2dfee8cb1393497bde3a,benign,FAILED,,dike,static_only,1,1.3,,,,,,,,,,,,,,,,,,,,77,0,0,0,0,0,0,0,0,1,0,,0,,,,,,,,,,,,,,,,,,,,,,,,,,,
NA2285,11a1f22cc5614d2f8c58e698da5616f94805b5f9a4cd24d5433ea3d9aa3cfe02,benign,FAILED,,dike,full,1,1.0,,0,0,,,,0,0,0,0,0,0,,,0,0,0,0,0,130,0,0,0,0,0,0,0,0,1,0,,0,,,0,0,1,0,0,0,0,0,0,0,1,1,30,0,,0,0,,,,,,,,
NA2286,120f20902aabcc801cbf26e4d706a85e6d0c38a81addd29c6e26a46dc758040d,benign,FAILED,,dike,full,1,0.0,,0,0,,,,0,0,0,0,0,0,,,0,0,0,0,0,152,0,0,3,0,0,0,0,0,2,0,,0,,,0,0,1,0,0,0,0,0,0,0,0,0,0,0,,0,0,,,,,,,,
NA2287,1217e3eeceb14ec67b66f0af056733efd7f9ea00213c420bded8d76d6ca80184,benign,NO_VICTIM_ACTIVITY,,dike,full,0,0.0,,5,0,,,,5,5,0,0,0,0,0.0,0.0,0,3,0,1,2,1,0,0,0,0,0,0,0,0,0,0,,0,,,0,0,1,0,0,0,0,0,0,0,0,0,0,0,,0,0,,,,,,,,
NA2288,1234e2b8d019526ed95d73fa1e3fee898a5cfb7b1d71f5079679f3d85d6c4fb7,benign,FAILED,,dike,static_only,1,0.3,,,,,,,,,,,,,,,,,,,,302,0,0,0,0,0,0,2,0,2,1,,0,,,,,,,,,,,,,,,,,,,,,,,,,,,
NA2289,12583e6a823028d30f25a31bf950a22281e8fe0e751df565bdb82545ba787533,benign,NO_VICTIM_ACTIVITY,,dike,full,0,1.7,,0,16,,6.332285204005451,6.332285204005451,3,0,0,0,0,0,,,0,2,0,0,2,1,0,0,0,0,0,0,0,0,0,0,,0,,,0,1,0,0,0,0,0,0,0,0,0,0,0,0,,0,0,,,,,,,,
NA2290,13a7d663bb2cd7798ead830690d1529a47d6a2e66ab3ad3b800ce805e0c4c529,benign,FAILED,,dike,full,1,0.0,,0,0,,,,0,0,0,0,0,0,,,0,0,0,0,0,235,2,0,0,0,0,0,0,0,2,1,,0,,,1,0,0,0,0,0,0,0,0,0,0,0,0,0,,0,0,,,,,,,,
NA2291,13b5d5685622465b24a6951da1756e9b81cbd7b0cb9258912b7f67c8522c8960,benign,FAILED,,dike,static_only,1,2.3,,,,,,,,,,,,,,,,,,,,84,0,0,0,0,0,0,0,2,1,0,,0,,,,,,,,,,,,,,,,,,,,,,,,,,,
NA2292,144b66deb95959b909b6760c9986bdd95ccf4a1872240c1e02fb77fcebb3711d,benign,NO_VICTIM_ACTIVITY,,dike,full,1,7.0,,0,0,,,,0,0,0,0,0,0,,,0,0,0,0,0,36,0,0,0,0,0,0,0,0,1,0,,0,,,0,0,1,0,0,0,0,0,0,0,0,0,0,0,,0,0,,,,,,,,
NA2293,147192b01741bc0862d13b7d9c47345d04962e9b26a9abb5a606256131f85a0d,benign,FAILED,,dike,static_only,1,0.3,,,,,,,,,,,,,,,,,,,,222,0,0,0,0,0,0,0,0,2,0,openssl,0,,,,,,,,,,,,,,,,,,,,,,,,,,,
NA2294,14bd2d4717fa04cccc5d3ff6634898464114842ccb4a8fd11bde172c49b3ba62,benign,NO_VICTIM_ACTIVITY,,dike,full,1,3.2,,3,0,,,,4,3,0,0,0,0,0.0,0.0,0,3,0,2,1,25,0,0,0,0,0,0,0,0,1,0,,0,,,0,0,1,0,0,0,0,0,0,0,0,0,1,0,,0,0,,,,,,,,
NA2295,154c9dac8cb56b78feb635cfa18d23521a78b3ae40f5d7f4f6053a1a4854b0c6,benign,FAILED,,dike,static_only,1,3.2,,,,,,,,,,,,,,,,,,,,97,0,0,0,0,0,0,0,0,2,0,,0,,,,,,,,,,,,,,,,,,,,,,,,,,,
NA2296,155195f7564e24d0093111e30b66eab82596a4fec7f82b4674ea286ce33f2f53,benign,FAILED,,dike,full,1,0.0,,0,0,,,,0,0,0,0,0,0,,,0,0,0,0,0,413,0,0,8,3,0,0,0,4,2,1,,0,,,0,0,1,0,0,0,0,0,0,0,0,0,0,0,,0,0,,,,,,,,
NA2297,15e47a9ccd644903cf9cf4c38017949107e0c1c20ae15a29db84ee53a87aced8,benign,FAILED,,dike,static_only,1,0.3,,,,,,,,,,,,,,,,,,,,121,0,0,1,0,0,0,0,0,1,0,,0,,,,,,,,,,,,,,,,,,,,,,,,,,,
NA2298,1629630cf717f6abe87bd15813ff693441ea6ea32785c08eb88fe82c9e05f45f,benign,FAILED,,dike,full,1,1.5,,1,0,,,,2,1,0,0,0,0,0.0,0.0,0,1,0,1,0,79,0,0,3,0,0,0,0,0,2,0,,0,,,0,0,1,0,0,0,0,0,0,0,0,0,0,0,,0,0,,,,,,,,
NA2299,1644cbc90c124791447f62fba642c85ffecb7561e35d068d270fb5124b132440,benign,FAILED,,dike,static_only,1,2.3,,,,,,,,,,,,,,,,,,,,123,0,0,0,1,0,0,0,0,1,1,,0,,,,,,,,,,,,,,,,,,,,,,,,,,,
NA2300,165eed12bd44539fe7c7d08c042aefc81d0f0a112f10bf2c953e8c1188c7c07d,benign,FAILED,,dike,static_only,1,2.3,,,,,,,,,,,,,,,,,,,,253,0,0,4,0,0,0,2,1,3,1,,0,,,,,,,,,,,,,,,,,,,,,,,,,,,
NA2301,16885037343ccdf6f1f2061fc769c27ec3333918a2d95c7d7b7d176818c056a0,benign,FAILED,,dike,static_only,1,0.3,,,,,,,,,,,,,,,,,,,,83,0,0,1,0,0,0,0,0,1,0,,0,,,,,,,,,,,,,,,,,,,,,,,,,,,
NA2302,17e977e2f4d8f9a3de8e01eaa1c82ccca63789cacc135859f665046a4a990dc8,benign,FAILED,,dike,static_only,1,1.3,,,,,,,,,,,,,,,,,,,,93,0,0,0,0,0,0,0,0,1,0,,0,,,,,,,,,,,,,,,,,,,,,,,,,,,
NA2303,182b76c6236027029d3afd9482e5c0e4bb89116dd214c11897c56517fc25a87b,benign,FAILED,,dike,full,1,0.8,,0,0,,,,0,0,0,0,0,0,,,0,0,0,0,0,103,0,0,0,0,0,0,0,0,1,0,,0,,,0,0,1,0,0,0,0,0,0,0,0,0,1,0,,0,0,,,,,,,,
NA2304,1838738d252ac24ba52a695fc5eb847363c1d694b21be09bf93a0dcf88c3999f,benign,FAILED,,dike,static_only,1,1.3,,,,,,,,,,,,,,,,,,,,391,0,0,0,0,0,0,0,0,1,0,,0,,,,,,,,,,,,,,,,,,,,,,,,,,,
NA2305,184314c3bee4e282a396f1de13594f7d1114e09930640c9d71edef1b202d9d33,benign,FAILED,,dike,full,1,0.0,,0,0,,,,0,0,0,0,0,0,,,0,0,0,0,0,206,0,0,4,1,0,0,2,1,2,2,,0,,,0,0,1,0,0,0,0,0,0,0,0,0,0,0,,0,0,,,,,,,,
NA2306,187821ce11c317d6a4749168e2434b29576854d0fe8b63339d907218f0bfe222,benign,FAILED,,dike,static_only,1,0.3,,,,,,,,,,,,,,,,,,,,77,0,0,1,0,0,0,0,0,0,0,,0,,,,,,,,,,,,,,,,,,,,,,,,,,,
NA2307,190b3a78bf58078b10092a62447f161dbe101f2e1d1c9dbc92e4486333bdbe5f,benign,FAILED,,dike,static_only,1,0.3,,,,,,,,,,,,,,,,,,,,420,10,1,5,0,0,0,1,3,2,2,,0,,,,,,,,,,,,,,,,,,,,,,,,,,,
NA2308,19d36aabe344cae70a3658db4752c0c604d226b69fabf6cd07fe467884fccf84,benign,FAILED,,dike,static_only,1,0.3,,,,,,,,,,,,,,,,,,,,180,0,0,0,0,0,0,0,0,2,0,,0,,,,,,,,,,,,,,,,,,,,,,,,,,,
NA2309,19d4bf06db1d8e6eddf17deb439534bdd04f32a4d0bbd66758bfbb851687a992,benign,FAILED,,dike,static_only,1,1.3,,,,,,,,,,,,,,,,,,,,121,0,0,0,0,0,0,0,0,1,0,,0,,,,,,,,,,,,,,,,,,,,,,,,,,,
NA2310,19d574967f0d5612621810f928d27fd1218f8286c401901ec5c7fef75284f2b9,benign,FAILED,,dike,static_only,1,0.3,,,,,,,,,,,,,,,,,,,,618,0,0,0,0,0,0,0,0,2,0,boost,0,,,,,,,,,,,,,,,,,,,,,,,,,,,
NA2311,1aa177b92c99b9458b270907d65d5687af48385fbbf42c3aef9b69d61d284721,benign,FAILED,,dike,full,1,1.2,,0,0,,,,0,0,0,0,0,0,,,0,0,0,0,0,414,2,0,2,0,0,0,0,0,1,1,,0,,,1,0,0,0,0,0,0,0,0,0,0,0,0,0,,0,0,,,,,,,,
NA2312,1accf6605bf18e60fb0bf11087a21417eddfb26e16d396dbca7658ec4d6e7c88,benign,FAILED,,dike,static_only,1,0.3,,,,,,,,,,,,,,,,,,,,71,0,0,1,0,0,0,0,0,0,0,,0,,,,,,,,,,,,,,,,,,,,,,,,,,,
NA2313,1b399f61e57266427a5fceb4f3df6a337304832e24579c43385b59cfd660e068,benign,FAILED,,dike,static_only,1,0.3,,,,,,,,,,,,,,,,,,,,86,0,0,1,0,0,0,0,0,0,0,,0,,,,,,,,,,,,,,,,,,,,,,,,,,,
NA2314,1b62269bcbd95334003b4dd59476753e382ba164a1443f27edb4df0f55317753,benign,NO_VICTIM_ACTIVITY,,dike,full,0,0.0,,0,0,,,,5,0,0,0,0,0,,,0,1,0,0,1,1,0,0,0,0,0,0,0,0,0,0,,0,,,0,0,1,0,0,0,0,0,0,0,0,0,0,0,,0,0,,,,,,,,
NA2315,1b7fac74f28581bd881841478cf75e0efb12587a4afbdaef6b0ea82f6e43dda1,benign,FAILED,,dike,full,1,0.0,,0,0,,,,0,0,0,0,0,0,,,0,0,0,0,0,138,0,0,1,0,0,0,0,0,2,0,,0,,,0,0,1,0,0,0,0,0,0,0,0,0,0,0,,0,0,,,,,,,,
NA2316,1c344888c75ef573d259b23a96f8e1869094ebab109ede37cb6a9d0cdc8d186e,benign,FAILED,,dike,full,1,1.2,,7,0,,,,0,7,0,0,0,0,0.0,0.0,0,1,0,1,0,223,0,0,9,1,0,0,2,1,2,2,,0,,,0,0,1,0,0,0,0,0,0,0,0,0,0,0,,0,0,,,,,,,,
NA2317,1c639fbba837b57f28691e7f210a034dd1b55380a13649a64e47be55bb8308a0,benign,FAILED,,dike,static_only,1,1.0,,,,,,,,,,,,,,,,,,,,100,0,0,3,0,0,0,0,0,1,0,,0,,,,,,,,,,,,,,,,,,,,,,,,,,,
NA2318,1c895c5064386ac71d185a3c251ee8f864debbd315670a9c3927eb5631fa1991,benign,FAILED,,dike,full,1,3.0,,0,0,,,,0,0,0,0,0,0,,,0,0,0,0,0,44,0,0,0,0,0,0,0,0,1,0,,0,,,0,0,1,0,0,0,0,0,0,0,0,0,0,2,,0,0,,,,,,,,
NA2319,1d083467cb9fbd7d2b21fcd4f8f9cb0c36718d0a327052313f46a2a83bd715e2,benign,FAILED,,dike,full,1,0.0,,2,0,,,,0,2,0,0,0,0,0.0,0.0,0,1,0,1,0,120,0,0,2,0,0,0,0,0,2,0,,0,,,0,0,1,0,0,0,0,0,0,0,0,0,0,0,,0,0,,,,,,,,
NA2320,1d2d450742e4ed4fb8486fd7e3892828dd97bbf63f0e23b0975725bdc18ce766,benign,FAILED,,dike,static_only,1,1.0,,,,,,,,,,,,,,,,,,,,36,0,0,0,0,0,0,0,0,1,0,,0,,,,,,,,,,,,,,,,,,,,,,,,,,,
NA2321,1e171264f1310680b03bb9122633db660378bc411b28ae25c2bfab9f0f06da51,benign,FAILED,,dike,static_only,1,1.3,,,,,,,,,,,,,,,,,,,,179,0,0,0,0,0,0,0,0,1,0,,0,,,,,,,,,,,,,,,,,,,,,,,,,,,
NA2322,1f1aabe87e5e93a8fff769bf3614dd559c51c80fc045e11868f3843d9a004d1e,benign,NO_VICTIM_ACTIVITY,,dike,full,1,1.0,,0,0,,,,0,0,0,0,0,0,,,0,0,0,0,0,38,0,0,0,0,0,0,0,0,1,0,,0,,,0,0,1,0,0,0,0,0,0,0,0,0,0,0,,0,0,,,,,,,,
NA2323,1f49ba3bc8f2f78a2d683c02b34023b61b3bf3464fc15b629dd30b184e49306b,benign,FAILED,,dike,full,1,1.0,,0,0,,,,0,0,0,0,0,0,,,0,0,0,0,0,113,0,0,1,0,0,0,0,0,1,0,,0,,,0,0,1,0,0,0,0,0,0,0,0,0,0,0,,0,0,,,,,,,,
NA2324,1f81d3b756ec1430f476a5ae7af7b360b4acd923d4baceb91be49ab6515459fc,benign,FAILED,,dike,full,1,1.2,,0,0,,,,0,0,0,0,0,0,,,0,0,0,0,0,251,0,0,3,0,0,0,0,2,2,0,,0,,,0,0,1,0,0,0,0,0,0,0,0,0,3,0,,0,0,,,,,,,,
NA2325,1fcbe5d51360bee55f55c791a95df8c61f73e117bda89b9439d74df5cee7aa71,benign,FAILED,,dike,static_only,1,0.3,,,,,,,,,,,,,,,,,,,,382,0,0,0,0,0,0,0,0,2,0,,0,,,,,,,,,,,,,,,,,,,,,,,,,,,
NA2326,1fd470948197b23701c410f003ead41002fec0a2449d3e4171d928ec898072e1,benign,FAILED,,dike,full,1,3.0,,0,0,,,,0,0,0,0,0,0,,,0,0,0,0,0,112,0,0,0,0,0,0,0,0,2,0,,0,,,0,0,1,0,0,0,0,0,0,0,0,0,0,0,,0,0,,,,,,,,
NA2327,204f7cbb39a733ee43d5d06a017dc2cf04eb534187f0e98ece10d64435516a34,benign,FAILED,,dike,static_only,1,2.3,,,,,,,,,,,,,,,,,,,,367,0,0,4,0,0,0,2,1,2,1,,0,,,,,,,,,,,,,,,,,,,,,,,,,,,
NA2328,20839d57f1e7ba7f90556ad654e6e769c8a1bc790d22ed0949369ce2f637861d,benign,FAILED,,dike,static_only,1,0.3,,,,,,,,,,,,,,,,,,,,184,0,0,0,0,0,0,2,0,3,1,,0,,,,,,,,,,,,,,,,,,,,,,,,,,,
NA2329,20d29a34b44fb9ea9a82e60a4b4118cf541eb86f04f69309ef6bf67c42f2272d,benign,FAILED,,dike,static_only,1,1.3,,,,,,,,,,,,,,,,,,,,174,0,0,0,0,0,0,0,0,1,0,,0,,,,,,,,,,,,,,,,,,,,,,,,,,,
NA2330,20fe7e86b7cdd7027be61a4aa1ced31e59f5d4e100f90471d3f9b138fb6bab26,benign,FAILED,,dike,static_only,1,0.0,,,,,,,,,,,,,,,,,,,,172,0,0,0,0,0,0,0,2,3,0,,0,,,,,,,,,,,,,,,,,,,,,,,,,,,
NA2331,214d1c5d248a9d82e0e455577575cfbb6aa7506f950d5874eeaad8f559c595d0,benign,FAILED,,dike,full,1,0.0,,0,0,,,,0,0,0,0,0,0,,,0,0,0,0,0,392,0,0,2,0,0,0,1,0,3,1,,0,,,0,0,1,0,0,0,0,0,0,0,0,0,0,0,,0,0,,,,,,,,
NA2332,21651fa179321b2318af8004f76f352f690dec614db1501872d65133b9c1754f,benign,FAILED,,dike,full,1,3.0,,0,0,,,,0,0,0,0,0,0,,,0,0,0,0,0,366,9,1,7,0,0,0,1,1,2,2,,0,,,1,0,0,0,0,0,0,0,0,0,0,0,0,0,,0,0,,,,,,,,
NA2333,21a5414969559912f303002b46fc33297ff47be9659162990057fbba720c25b0,benign,FAILED,,dike,static_only,1,0.3,,,,,,,,,,,,,,,,,,,,90,0,0,1,0,0,0,0,0,0,0,,0,,,,,,,,,,,,,,,,,,,,,,,,,,,
NA2334,21a7fa8b8ffa1486dd975a8b1fe54fcfb42901da4a64c01a39ce3e5763b00ad0,benign,FAILED,,dike,static_only,0,0.0,,,,,,,,,,,,,,,,,,,,0,0,0,0,0,0,0,0,0,0,0,,0,,,,,,,,,,,,,,,,,,,,,,,,,,,
NA2335,21afa30716d71089bba9a43085044683c276cb9208f7d9707f2880873429ae41,benign,FAILED,,dike,full,1,0.0,,25,0,,,,0,25,0,0,0,0,0.0,0.0,0,1,0,1,0,134,0,0,0,0,0,0,0,0,2,0,,0,,,0,0,1,0,0,0,0,0,0,0,0,0,0,0,,0,0,,,,,,,,
NA2336,21e796161a49b6dcdabb5e86906d69eb34f61bcb43e9722e815b3c491be43840,benign,FAILED,,dike,static_only,1,1.3,,,,,,,,,,,,,,,,,,,,139,0,0,0,0,0,0,0,0,1,0,,0,,,,,,,,,,,,,,,,,,,,,,,,,,,
NA2337,220dfd0653e41f6202930b67a6f38e1c3d95ca9647616c93a63a0af5109a20e8,benign,FAILED,,dike,full,1,1.2,,7,0,,,,0,7,0,0,0,0,0.0,0.0,0,1,0,1,0,75,0,0,0,0,0,0,0,0,1,0,,0,,,0,0,1,0,0,0,0,0,0,0,0,0,0,0,,0,0,,,,,,,,
NA2338,22ddabf71254d873f6aef02b12e5c4923bbafe67a9c7e2f394fcf863813230be,benign,FAILED,,dike,full,1,1.0,,0,0,,,,0,0,0,0,0,0,,,0,0,0,0,0,98,0,0,0,0,0,0,0,0,1,0,,0,,,0,0,1,0,0,0,0,0,0,0,0,0,0,0,,0,0,,,,,,,,
NA2339,2312612e0004201cc5231565d3ed57c7c3bb84ec439b120370fb5e27e3602e49,benign,FAILED,,dike,static_only,1,0.8,,,,,,,,,,,,,,,,,,,,61,0,0,3,0,0,0,0,0,0,0,,0,,,,,,,,,,,,,,,,,,,,,,,,,,,
NA2340,23240ef9f8b0a9a324110b1c2331de31dc1b0e08f5359cb707e51a939af56cd3,benign,FAILED,,dike,static_only,1,2.3,,,,,,,,,,,,,,,,,,,,127,0,0,0,0,0,0,2,0,1,1,,0,,,,,,,,,,,,,,,,,,,,,,,,,,,
NA2341,238a9de495ddb87555913ec5d1f67bcc22b5d754b21b7ae9da3158461547da00,benign,NO_VICTIM_ACTIVITY,,dike,full,1,9.0,,0,290,,5.667238387932557,6.376825800964972,42,0,0,0,0,15,,,0,29,0,0,29,57,0,0,1,0,0,0,0,0,1,0,,0,,,0,1,0,9,0,0,0,0,0,0,3,7,16,0,,0,0,,,,,,,,
NA2342,23e307174ac5c0ecf419b1a727ad499e1d939a8d2142d1245b7a61e70242ec6e,benign,FAILED,,dike,static_only,1,1.3,,,,,,,,,,,,,,,,,,,,119,0,0,0,0,0,0,0,0,1,0,,0,,,,,,,,,,,,,,,,,,,,,,,,,,,
NA2343,24a5f42d376a023b53d0096eb486023ef628f7d2a84984cd938b13a5cccf2295,benign,FAILED,,dike,static_only,1,2.3,,,,,,,,,,,,,,,,,,,,286,0,0,4,0,0,0,0,1,2,0,,0,,,,,,,,,,,,,,,,,,,,,,,,,,,
NA2344,24d125b2bc0875b559da89a9d6df34445d455ecddc5b67404d2bc6b27ea6efbb,benign,FAILED,,dike,static_only,1,2.3,,,,,,,,,,,,,,,,,,,,175,0,0,6,0,0,0,1,1,2,1,,0,,,,,,,,,,,,,,,,,,,,,,,,,,,
NA2345,255bd31d8415db3f02172f5d9eea76d4e138f7af2bacd227325165e3218fd5c1,benign,FAILED,,dike,full,1,1.0,,0,0,,,,0,0,0,0,0,0,,,0,0,0,0,0,72,0,0,0,0,0,0,0,2,2,0,,0,,,0,0,1,0,0,0,0,0,0,0,0,0,0,0,,0,0,,,,,,,,
NA2346,256125aa18a03ce9dd77811091d8e16a6a0f6dba3d3efe285f1242c8c2240769,benign,FAILED,,dike,static_only,1,0.3,,,,,,,,,,,,,,,,,,,,29,0,0,1,0,0,0,0,0,0,0,,0,,,,,,,,,,,,,,,,,,,,,,,,,,,
NA2347,25975c1618ea62819ee7654a1ed64ef80fe466f69a8568facec235a2f462a35f,benign,NO_VICTIM_ACTIVITY,,dike,full,1,8.0,,0,0,,,,0,0,0,0,0,0,,,0,0,0,0,0,149,0,0,0,0,0,0,0,0,2,0,,0,,,0,0,1,0,0,0,0,0,0,0,0,0,2,0,,0,0,,,,,,,,
NA2348,25b58392dfc39233bb2cfdb8d2109d7be6c99adbaee0e0232a636e1dbf08175e,benign,FAILED,,dike,full,1,3.0,,98,0,,,,0,98,0,0,0,0,0.0,0.0,0,3,0,3,0,88,0,0,1,0,0,0,0,0,1,0,,0,,,0,0,1,0,0,0,0,0,0,0,0,0,0,0,,0,0,,,,,,,,
NA2349,25cc3350585c58b8ab176e8c1595a40c6c2acee8a595ac4910973a66e0ff13bf,benign,FAILED,,dike,full,1,0.0,,0,0,,,,0,0,0,0,0,0,,,0,0,0,0,0,137,0,0,0,0,0,0,0,0,2,0,,0,,,0,0,1,0,0,0,0,0,0,0,0,0,0,0,,0,0,,,,,,,,
NA2350,26a67411c92a472a58223646536f1391f815b4130746ed6fe4767805fab4f620,benign,FAILED,,dike,full,1,1.0,,1,0,,,,0,1,0,0,0,0,0.0,0.0,0,1,0,1,0,64,0,0,0,0,0,0,0,0,1,0,,0,,,0,0,1,0,0,0,0,0,0,0,0,0,0,0,,0,0,,,,,,,,
NA2351,26fa2a7473445e296ebb56322d8ea2f5653eb9050b058032b9dc5cd33a690d13,benign,FAILED,,dike,static_only,1,1.3,,,,,,,,,,,,,,,,,,,,158,0,0,0,0,0,0,0,0,1,0,,0,,,,,,,,,,,,,,,,,,,,,,,,,,,
NA2352,270192196cb5dc6b0fc987e19c99701acce994ee826447e8ae011eb70681ff9f,benign,FAILED,,dike,full,1,0.8,,0,0,,,,0,0,0,0,0,0,,,0,0,0,0,0,58,0,0,1,0,0,0,0,0,0,0,,0,,,0,0,1,0,0,0,0,0,0,0,0,0,0,0,,0,0,,,,,,,,
NA2353,270f6e7751d9866ca0334ce84e955f2789cd7a07c2a765e90539016b071fd950,benign,FAILED,,dike,static_only,1,0.0,,,,,,,,,,,,,,,,,,,,219,0,0,4,0,0,0,0,0,2,0,,0,,,,,,,,,,,,,,,,,,,,,,,,,,,
NA2354,2761ae5bfae0ea811c7bf7001553949c4cbca5c792e56998742b537e5ca8e322,benign,FAILED,,dike,static_only,1,0.3,,,,,,,,,,,,,,,,,,,,90,0,0,1,0,0,0,0,0,0,0,,0,,,,,,,,,,,,,,,,,,,,,,,,,,,
NA2355,281aa03baf6f6cfc25d535e10593c2576e8803fb650e26ce5dc48c325a883d1d,benign,FAILED,,dike,static_only,1,0.0,,,,,,,,,,,,,,,,,,,,370,0,0,0,0,0,0,0,0,2,0,,0,,,,,,,,,,,,,,,,,,,,,,,,,,,
NA2356,2824145efa3c6efdcbd9989b912a0db72c7ac305dc230583470558d20f97b0ff,benign,FAILED,,dike,full,1,1.0,,69,0,,,,0,69,0,0,0,0,0.0,0.0,0,3,0,3,0,65,0,0,0,0,0,0,0,0,1,0,,0,,,0,0,1,0,0,0,0,0,0,0,0,0,0,0,,0,0,,,,,,,,
NA2357,2844b24385ae3e9ed11105b02ca87b7bc0e49ee5086739138640ca42b6b60df3,benign,NO_VICTIM_ACTIVITY,,dike,full,0,0.0,,0,0,,,,1,0,0,0,0,1,,,0,2,0,0,2,1,0,0,0,0,0,0,0,0,0,0,,0,,,0,0,1,1,0,0,0,0,0,0,0,0,0,0,,0,0,,,,,,,,
NA2358,2889b601d0a0bbee5951f47adc2ae627708b9004ee4aed08ce70bfef492a2f84,benign,NO_VICTIM_ACTIVITY,,dike,full,0,1.5,,0,2,,2.75,2.75,14,0,0,0,0,0,,,0,7,0,0,7,1,0,0,0,0,0,0,0,0,0,0,,0,,,0,1,0,0,0,0,0,0,0,0,0,0,0,0,,0,0,,,,,,,,
NA2359,28b27cb0edcebd66bd96986cb76124b05e1b95254e2ce09db8ea651afb8e803d,benign,FAILED,,dike,full,1,3.0,,0,0,,,,0,0,0,0,0,0,,,0,0,0,0,0,142,0,0,1,0,0,0,0,0,2,0,,0,,,0,0,1,0,0,0,0,0,0,0,0,0,0,0,,0,0,,,,,,,,
NA2360,2947757db8135ac19893707e98680aa279ec99eddbad267d8f20ffd9e4e2feec,benign,FAILED,,dike,static_only,1,1.3,,,,,,,,,,,,,,,,,,,,318,0,0,0,0,0,0,0,0,1,0,,0,,,,,,,,,,,,,,,,,,,,,,,,,,,
NA2361,29a7f20c590f93ea5e172dcd49635d5fb4d8b368bd11f6bf805f2cd782da501e,benign,FAILED,,dike,full,1,3.0,,0,0,,,,0,0,0,0,0,0,,,0,0,0,0,0,101,0,0,0,0,0,0,1,0,2,1,,0,,,0,0,1,0,0,0,0,0,0,0,0,0,0,0,,0,0,,,,,,,,
NA2362,29ae907901b116a8d656672706e9f3f9467c84c914c47a65176c6a2e9a428ffe,benign,FAILED,,dike,static_only,1,0.3,,,,,,,,,,,,,,,,,,,,65,0,0,1,0,0,0,0,0,1,0,,0,,,,,,,,,,,,,,,,,,,,,,,,,,,
NA2363,2a0229a870c8ca1cdd871f01db1770738bfe138d6280b5a8261680765cc44986,benign,FAILED,,dike,static_only,1,0.0,,,,,,,,,,,,,,,,,,,,95,0,0,0,0,0,0,0,0,2,0,,0,,,,,,,,,,,,,,,,,,,,,,,,,,,
NA2364,2a053f32b1d48539e3e2807f86754be87ce95b08378467e66cab2bac0e67a825,benign,FAILED,,dike,static_only,1,0.0,,,,,,,,,,,,,,,,,,,,159,0,0,2,0,0,0,0,0,2,0,,0,,,,,,,,,,,,,,,,,,,,,,,,,,,
NA2365,2a1d8692f445791dc9dc9700e11f2ce68fce9ac5ad2abd56aa0f41f1047b38f1,benign,FAILED,,dike,static_only,1,1.3,,,,,,,,,,,,,,,,,,,,158,0,0,1,0,0,0,0,0,1,0,,0,,,,,,,,,,,,,,,,,,,,,,,,,,,
NA2366,2a37c30395417c1ab2a335729e350c8a02398ede360650b8c05a0b0176d818ff,benign,FAILED,,dike,static_only,1,0.3,,,,,,,,,,,,,,,,,,,,81,0,0,6,0,0,0,0,1,2,0,,0,,,,,,,,,,,,,,,,,,,,,,,,,,,
NA2367,2a922ebe7edb08480baa1721ce1b5185fb5af7f64ec0f128d6a7a37711784815,benign,FAILED,,dike,full,1,1.0,,0,0,,,,0,0,0,0,0,0,,,0,0,0,0,0,107,0,0,4,0,0,0,1,0,2,1,,0,,,0,0,1,0,0,0,0,0,0,0,0,0,0,0,,0,0,,,,,,,,
NA2368,2acf8f6f068976f75dd70e6195f8a94c3e623a0137c99d78f9055a5dbbbf75bf,benign,FAILED,,dike,static_only,1,1.3,,,,,,,,,,,,,,,,,,,,273,0,0,0,0,0,0,0,0,1,0,,0,,,,,,,,,,,,,,,,,,,,,,,,,,,
NA2369,2b672dd0e086dd4196087712ba0e34af205f518231545646c81d01411fe9bda8,benign,FAILED,,dike,static_only,1,1.3,,,,,,,,,,,,,,,,,,,,241,0,0,0,0,0,0,0,0,1,0,,0,,,,,,,,,,,,,,,,,,,,,,,,,,,
NA2370,2bd5bde73b0329c1bc17ad7c92d165898872dd95269c8f0a5cd5c5f5f652a69b,benign,FAILED,,dike,static_only,1,2.3,,,,,,,,,,,,,,,,,,,,500,0,0,5,0,0,0,3,1,2,1,,0,,,,,,,,,,,,,,,,,,,,,,,,,,,
NA2371,2c0537b91ea3df61f7dd353ecf98d80201f2276c1e9c6135b031b0f4cb14e163,benign,NO_VICTIM_ACTIVITY,,dike,full,0,1.5,,1,0,,,,4,1,0,0,0,0,0.0,0.0,0,3,0,1,2,1,0,0,0,0,0,0,0,0,0,0,boost,0,,,0,0,1,0,0,0,0,0,0,0,0,0,0,0,,0,0,,,,,,,,
NA2372,2c1049909ea2288527d4ed08001c8056f4bf9c38336a6a2955c33e8de95e9973,benign,FAILED,,dike,static_only,1,0.3,,,,,,,,,,,,,,,,,,,,98,0,0,1,0,0,0,0,0,0,0,,0,,,,,,,,,,,,,,,,,,,,,,,,,,,
NA2373,2c4aee4b87097f888222ef81e3493bca3618a4ef3fe5f74d52b263f388063a2b,benign,NO_VICTIM_ACTIVITY,,dike,full,1,0.0,,0,0,,,,0,0,0,0,0,0,,,0,0,0,0,0,72,0,0,1,0,0,0,0,3,2,0,,0,,,0,0,1,0,0,0,0,0,0,0,0,0,0,0,,0,0,,,,,,,,
NA2374,2ccc0072a1f1fb78c9b3f93aeb60e2ce65ca63399d92326d2c3f5111b6e9c158,benign,FAILED,,dike,static_only,1,0.3,,,,,,,,,,,,,,,,,,,,327,0,0,1,0,0,0,1,1,2,1,,0,,,,,,,,,,,,,,,,,,,,,,,,,,,
NA2375,2d901bf0cb31995d596329a8406471c6e82671811c0d16255cfa02154e6dd90b,benign,NO_VICTIM_ACTIVITY,,dike,full,1,9.0,,1,0,,,,2,1,0,0,0,0,0.0,0.0,0,2,0,1,1,428,0,0,3,0,0,0,0,0,2,0,,0,,,0,0,1,0,0,0,0,0,0,0,0,0,4,0,,0,0,,,,,,,,
NA2376,2dd6dba5c159fb2357d943bbbe3331c0eb9f97ee22dcc7f412952a07c2440713,benign,FAILED,,dike,static_only,1,0.3,,,,,,,,,,,,,,,,,,,,146,0,0,1,1,1,0,2,0,1,3,,0,,,,,,,,,,,,,,,,,,,,,,,,,,,
NA2377,2de6f802400d6673a5a6e175ee47b2537950f70e847041b9bbd27b5931cc1637,benign,NO_VICTIM_ACTIVITY,,dike,full,0,2.3,,0,0,,,,4,0,0,0,0,0,,,0,3,0,0,3,1,0,0,0,0,0,0,0,0,0,0,,0,,,0,0,1,0,0,0,0,0,0,0,0,0,0,0,,0,0,,,,,,,,
NA2378,2debeb3bd8ee05e342aec360134d65f6f3e637145ebc001f243e21e58d8503f2,benign,NO_VICTIM_ACTIVITY,,dike,full,0,0.0,,5,0,,,,5,5,0,0,0,0,0.0,0.0,0,5,0,2,3,1,0,0,0,0,0,0,0,0,0,0,,0,,,0,0,1,0,0,0,0,0,0,0,0,0,0,0,,0,0,,,,,,,,
NA2379,2e3889bff8a7269873dbd6f671dcf0705bbbec785bafd0df04ca98090ac13618,benign,FAILED,,dike,static_only,1,2.3,,,,,,,,,,,,,,,,,,,,151,0,0,2,0,0,0,0,0,2,0,,0,,,,,,,,,,,,,,,,,,,,,,,,,,,
NA2380,2e7b459f7c57f287f59f382f5d37d29b4c7889c82ea012bf3837b0b732de3c49,benign,FAILED,,dike,static_only,1,0.3,,,,,,,,,,,,,,,,,,,,48,0,0,1,0,0,0,0,0,0,0,,0,,,,,,,,,,,,,,,,,,,,,,,,,,,
NA3017,2efd3df6f821010cd634951896948830bed915644ce7f518c75087ba7009f28d,benign,FAILED,,dike,full,1,0.0,,0,0,,,,0,0,0,0,0,0,,,0,0,0,0,0,298,3,1,1,0,0,0,4,0,3,2,,0,,,1,0,0,0,0,0,0,0,0,0,0,0,0,0,,0,0,,,,,,,,
NA3018,2fe96203cb4207be452a15cd88ae1a6c3644a3e8b7e2f34f392e7e1ae6a0e96b,benign,NO_VICTIM_ACTIVITY,,dike,full,1,7.0,,0,0,,,,1,0,121,0,0,5,,,10,14,0,0,14,107,0,0,2,0,0,0,0,4,2,0,,0,,,0,0,1,5,0,0,0,0,0,0,2,2,5,0,-17.3,0,0,,,,,,,,
NA3019,3006221cb8c23a1d3c9f059445a3c9df96fda1df7bae1b808b76dd453fc8db35,benign,FAILED,,dike,static_only,1,1.3,,,,,,,,,,,,,,,,,,,,121,0,0,0,0,0,0,0,0,1,0,,0,,,,,,,,,,,,,,,,,,,,,,,,,,,
NA3020,304f34f5a9d1c1c7a3fd894dd93d8b6616a615600d475923443bca4e7587c9b8,benign,FAILED,,dike,static_only,1,1.3,,,,,,,,,,,,,,,,,,,,113,0,0,0,0,0,0,0,0,1,0,,0,,,,,,,,,,,,,,,,,,,,,,,,,,,
NA3021,3069656c32874d84e7cad06b4c0c39fb43393bfa8c57c1afe806eb9990f91c07,benign,FAILED,,dike,full,1,0.3,,0,0,,,,23,0,0,0,0,0,,,0,1,0,0,1,145,0,0,5,0,0,0,0,0,1,0,,0,,,0,0,1,0,0,0,0,0,0,0,0,0,0,0,,0,0,,,,,,,,
NA3022,308484a75269e593774fada349b79d8553b171712d9fda3453fdb2c3d10f02bd,benign,NO_VICTIM_ACTIVITY,,dike,full,1,9.0,,0,0,,,,1390,0,0,0,0,0,,,0,66,0,0,66,74,0,0,0,0,0,0,0,0,2,0,,0,,,0,0,1,0,0,0,0,0,0,0,0,0,0,2,,0,0,,,,,,,,
NA3023,3088b3479bf282bffbb9929a6acc9f61fe993f7ad51cfb2917205d2dbfa1fbc9,benign,FAILED,,dike,static_only,1,1.3,,,,,,,,,,,,,,,,,,,,162,0,0,0,0,0,0,0,0,1,0,openssl,0,,,,,,,,,,,,,,,,,,,,,,,,,,,
NA3024,30fa3790d2049953b8063d77689133c712e58df4cc4f9cbbbddaa96bf79941ee,benign,FAILED,,dike,static_only,1,1.3,,,,,,,,,,,,,,,,,,,,62,0,0,0,0,0,0,0,0,1,0,,0,,,,,,,,,,,,,,,,,,,,,,,,,,,
NA3025,311129b9debdb192020e2038697de1f23bc8572d02dfbfeb742b3f603df950da,benign,NO_VICTIM_ACTIVITY,,dike,full,1,2.0,,3,0,,,,0,3,0,0,0,0,0.0,0.0,0,1,0,1,0,99,0,0,3,0,0,0,0,0,1,0,,0,,,0,0,1,0,0,0,0,0,0,0,0,0,0,0,,0,0,,,,,,,,
NA3026,3144d6d0a1acf5635f71da995129986f94e7b004db5b02e2ebd5f619fe2db682,benign,FAILED,,dike,static_only,1,0.3,,,,,,,,,,,,,,,,,,,,101,0,0,0,0,0,0,0,0,2,0,,0,,,,,,,,,,,,,,,,,,,,,,,,,,,
NA3027,32b52e6d9366292f8664518b887d37b551d9fc911689e5c0e89d33a69f526e5d,benign,FAILED,,dike,static_only,1,0.3,,,,,,,,,,,,,,,,,,,,48,0,0,1,0,0,0,0,0,0,0,,0,,,,,,,,,,,,,,,,,,,,,,,,,,,
NA3028,32e45de7f02912f3907083690043df4abdc4705eea28300719788eaa4a339d0b,benign,FAILED,,dike,static_only,1,2.3,,,,,,,,,,,,,,,,,,,,265,0,0,2,0,0,0,1,0,2,1,,0,,,,,,,,,,,,,,,,,,,,,,,,,,,
NA3029,331d71c7c31d2845d4b08e2ad4fd34dfae749d6f67fb410f70b52831ea86bd98,benign,FAILED,,dike,full,1,3.2,,0,0,,,,0,0,0,0,0,0,,,0,0,0,0,0,68,0,0,0,0,0,0,0,0,1,0,,0,,,0,0,1,0,0,0,0,0,0,0,0,0,0,0,,0,0,,,,,,,,
NA3030,33a5b015af1ecd057057eada64b2f8fe3633b467bd43454f5278f76b94cd09ab,benign,FAILED,,dike,full,1,1.0,,0,0,,,,0,0,0,0,0,0,,,0,0,0,0,0,129,0,0,0,0,0,0,1,0,1,1,,0,,,0,0,1,0,0,0,0,0,0,0,0,0,0,0,,0,0,,,,,,,,
NA3031,341e757fe21e236ff2162c678f940558196ae1988a5f5efc4a4b25e425fa0ea0,benign,FAILED,,dike,static_only,1,1.3,,,,,,,,,,,,,,,,,,,,153,0,0,0,2,0,0,0,0,1,1,,0,,,,,,,,,,,,,,,,,,,,,,,,,,,
NA3032,3422f2fbef0b4135b4e85c7bcfeaccc2a399ab2681080bc53733628af6b215b6,benign,FAILED,,dike,full,1,1.0,,1,0,,,,0,1,0,0,0,0,0.0,0.0,0,1,0,1,0,102,0,0,2,0,0,0,0,0,2,0,,0,,,0,0,1,0,0,0,0,0,0,0,0,0,0,0,,0,0,,,,,,,,
NA3033,3432b52dffcbb380c081d04554bb3d972d7809c7226713cc27ac04e9df27d362,benign,NO_VICTIM_ACTIVITY,,dike,full,1,0.8,,2,0,,,,3,2,0,0,0,0,0.0,0.0,0,2,0,2,0,28,0,0,0,0,0,0,0,0,1,0,,0,,,0,0,1,0,0,0,0,0,0,0,0,0,0,0,,0,0,,,,,,,,
NA3034,34627b2c279ac6b3c220e865358d2f781d10c2f3f3eac7e95516d563eb40bb37,benign,FAILED,,dike,full,1,0.0,,0,0,,,,0,0,0,0,0,0,,,0,0,0,0,0,179,0,0,3,0,0,0,0,0,2,0,,0,,,0,0,1,0,0,0,0,0,0,0,0,0,0,0,,0,0,,,,,,,,
NA3035,34e718e7c5644f147bec3af69f9fa789be1220e56a7bf827bf1c11afc9c3b0d0,benign,FAILED,,dike,static_only,1,0.3,,,,,,,,,,,,,,,,,,,,608,0,0,8,1,0,0,5,4,1,2,,0,,,,,,,,,,,,,,,,,,,,,,,,,,,
NA3036,35ae4f36e5432e2367921e64cc16d17da058cdc590f1551561b0f626b15ed8c9,benign,FAILED,,dike,static_only,1,0.0,,,,,,,,,,,,,,,,,,,,590,0,0,6,0,0,0,1,3,3,1,boost,0,,,,,,,,,,,,,,,,,,,,,,,,,,,
NA3037,3679418e4b9b4da81dd2ab84ba9c0daea9ee5bdd2fdc80c4759716dd3d6146ec,benign,FAILED,,dike,static_only,1,0.0,,,,,,,,,,,,,,,,,,,,42,0,0,0,0,0,0,0,0,2,0,,0,,,,,,,,,,,,,,,,,,,,,,,,,,,
NA3038,36af14941d205e09ecce4bf74ac67dca41217d3143a91e30c2386e74583f5fda,benign,FAILED,,dike,static_only,1,2.3,,,,,,,,,,,,,,,,,,,,401,0,0,1,0,0,0,1,1,2,1,,0,,,,,,,,,,,,,,,,,,,,,,,,,,,
NA3039,36dbb96abd24ae1e3f6f547afbf94471f8ad65a30e37740a3b7b0f9fb7f67e53,benign,FAILED,,dike,static_only,1,1.2,,,,,,,,,,,,,,,,,,,,45,0,0,0,0,0,0,0,0,1,0,,0,,,,,,,,,,,,,,,,,,,,,,,,,,,
NA3040,377c0e34938c5c87ce613c5f2ea64c702baa55d2368c20ab375ecc8b605d0a76,benign,FAILED,,dike,static_only,1,0.3,,,,,,,,,,,,,,,,,,,,142,0,0,3,0,0,0,0,0,2,0,,0,,,,,,,,,,,,,,,,,,,,,,,,,,,
NA3041,37df0036b3a3d49c4d2d717ae8cff0576811b9a2726fa3b044af5934a48f48f9,benign,FAILED,,dike,static_only,1,1.3,,,,,,,,,,,,,,,,,,,,243,0,0,0,0,0,0,0,0,1,0,,0,,,,,,,,,,,,,,,,,,,,,,,,,,,
NA3042,381079ba3baa84005be4467d992a9a85dd92a46dec4bdc54dba4c4d146657e6b,benign,FAILED,,dike,full,1,1.0,,0,0,,,,0,0,0,0,0,0,,,0,0,0,0,0,127,0,0,0,0,0,0,1,0,2,1,,0,,,0,0,1,0,0,0,0,0,0,0,0,0,0,0,,0,0,,,,,,,,
NA3043,387d26467015fe41d1a694b0dc9f3a4a52e7e57f4ec0cfc63d636bef1d9f4df7,benign,FAILED,,dike,static_only,1,0.3,,,,,,,,,,,,,,,,,,,,218,0,0,0,0,0,0,0,0,2,0,openssl,0,,,,,,,,,,,,,,,,,,,,,,,,,,,
NA3044,389094266638afb54ace5fd70407104b3942df9f4ef3e0ec16d53a870f2fe6b3,benign,FAILED,,dike,static_only,1,3.0,,,,,,,,,,,,,,,,,,,,43,0,0,0,0,0,0,0,0,1,0,,0,,,,,,,,,,,,,,,,,,,,,,,,,,,
NA3045,38e4dbbe77423773545def4fedcad64357ea1db16b2f6617a4aaedae5da3c947,benign,FAILED,,dike,static_only,1,1.0,,,,,,,,,,,,,,,,,,,,42,0,0,0,0,0,0,0,0,1,0,,0,,,,,,,,,,,,,,,,,,,,,,,,,,,
NA3046,392b91d6f81850708be8fe0cd10ba983a50d0ffb51ec40af56008333fc43af89,benign,FAILED,,dike,static_only,1,1.3,,,,,,,,,,,,,,,,,,,,176,0,0,0,0,0,0,0,0,1,0,,0,,,,,,,,,,,,,,,,,,,,,,,,,,,
NA3047,39828515996fc76776dd17e355299e37630b4155d5974bf5eec7ef7d0434014e,benign,FAILED,,dike,static_only,1,2.3,,,,,,,,,,,,,,,,,,,,296,0,0,1,0,0,0,1,0,2,1,,0,,,,,,,,,,,,,,,,,,,,,,,,,,,
NA3048,39bbaf0755a1f571d03a1e77a578f59bc5a11635270ad758757abbe55bad8e30,benign,FAILED,,dike,full,1,1.2,,0,0,,,,0,0,0,0,0,0,,,0,0,0,0,0,103,0,0,4,1,0,0,0,0,2,1,,0,,,0,0,1,0,0,0,0,0,0,0,0,0,0,0,,0,0,,,,,,,,
NA3049,3a001b8c4d0e52362bba32d326158c4fbdbf48cefd49e5b1ac23d77bca98093f,benign,FAILED,,dike,full,1,0.8,,2,0,,,,1,2,0,0,0,0,0.0,0.0,0,1,0,1,0,145,0,0,1,0,0,0,0,1,2,0,,0,,,0,0,1,0,0,0,0,0,0,0,0,0,0,0,,0,0,,,,,,,,
NA3050,3b120c2b06afd93fc3c84a98c497afff4d93e64168ad809498f86568600b38f3,benign,FAILED,,dike,static_only,1,0.3,,,,,,,,,,,,,,,,,,,,92,0,0,1,0,0,0,0,0,0,0,,0,,,,,,,,,,,,,,,,,,,,,,,,,,,
NA3051,3b812075fee45f45ae2d9801c25eb4cadef412b703a1df9c29060bad61fbb039,benign,FAILED,,dike,static_only,1,0.0,,,,,,,,,,,,,,,,,,,,91,0,0,0,0,0,0,0,0,2,0,,0,,,,,,,,,,,,,,,,,,,,,,,,,,,
NA3052,3c1978c9f387eb294ce8ddbd715a10e51c92ce3c4e45f5e29a6b83d41186aa94,benign,FAILED,,dike,static_only,1,0.0,,,,,,,,,,,,,,,,,,,,151,0,0,0,0,0,0,1,0,2,1,,0,,,,,,,,,,,,,,,,,,,,,,,,,,,
NA3053,3c1e379360867dd4394e970d0cefb34e3258e18be9564537855c482844a9959e,benign,FAILED,,dike,full,1,0.0,,1,0,,,,0,1,0,0,0,0,0.0,0.0,0,1,0,1,0,113,0,0,1,0,0,0,0,0,2,0,,0,,,0,0,1,0,0,0,0,0,0,0,0,0,0,0,,0,0,,,,,,,,
NA3054,3ccc132059602cbf7dc3acf61a7f83d443a8379a784cc660575858bdb455e6cc,benign,FAILED,,dike,static_only,1,1.3,,,,,,,,,,,,,,,,,,,,72,0,0,0,0,0,0,0,0,1,0,,0,,,,,,,,,,,,,,,,,,,,,,,,,,,
NA3055,3cccf40d984007ee8b64fdb0216efa50e850306531dd3f4ac7710a6dc155351b,benign,FAILED,,dike,static_only,1,0.3,,,,,,,,,,,,,,,,,,,,40,0,0,0,0,0,0,0,0,2,0,,0,,,,,,,,,,,,,,,,,,,,,,,,,,,
NA3056,3cefaa966d5e204fe6601160e7ba4d27910437bd1e83b8e0e9f2c4c3de210227,benign,NO_VICTIM_ACTIVITY,,dike,full,0,0.0,,0,16,,6.435138010041594,6.435138010041593,5,0,0,0,0,0,,,0,2,0,0,2,1,0,0,0,0,0,0,0,0,0,0,,0,,,0,1,0,0,0,0,0,0,0,0,0,0,0,0,,0,0,,,,,,,,
NA3057,3cf77a0f9ec79fd6e3896bbac765ccf95ad9ff6c5e12ed1ac3f8f542cd21b111,benign,FAILED,,dike,full,1,3.0,,0,0,,,,0,0,0,0,0,0,,,0,0,0,0,0,153,0,0,0,0,0,0,1,2,1,1,,0,,,0,0,1,0,0,0,0,0,0,0,0,0,0,0,,0,0,,,,,,,,
NA3058,3dbe5dfe3517eed4b876dedd6dd596adaa3bf26dac69ed03edab97b50e970969,benign,FAILED,,dike,full,1,1.0,,0,0,,,,0,0,0,0,0,0,,,0,0,0,0,0,128,0,0,0,0,0,0,1,0,2,1,,0,,,0,0,1,0,0,0,0,0,0,0,0,0,0,0,,0,0,,,,,,,,
NA3059,3df47f4ebe158f4394bd3e0c2052262e92192998c0637c259629b8e75fe85203,benign,FAILED,,dike,static_only,1,1.3,,,,,,,,,,,,,,,,,,,,370,0,0,3,0,0,0,0,0,2,0,,0,,,,,,,,,,,,,,,,,,,,,,,,,,,
NA3060,3e71f762320a9af8159d51e374a64ebd4916a92e3de3be8dc1e22d86410982c5,benign,FAILED,,dike,static_only,1,1.3,,,,,,,,,,,,,,,,,,,,83,0,0,0,0,0,0,0,0,1,0,,0,,,,,,,,,,,,,,,,,,,,,,,,,,,
NA3061,3ef435e5ed5a9a913bd28e6316e996b1dabf49f37a139f7740d02d0f388e9153,benign,NO_VICTIM_ACTIVITY,,dike,full,1,1.5,,0,0,,,,1,0,0,0,0,0,,,0,1,0,0,1,30,0,0,0,0,0,0,0,0,1,0,,0,,,0,0,1,0,0,0,0,0,0,0,0,0,0,0,,0,0,,,,,,,,
NA3062,3f1bfc4be00fa0c07778a986e81bf21453ba45f76fecd261d7e88e7db76a15a1,benign,FAILED,,dike,full,1,1.2,,25,0,,,,0,25,0,0,0,0,0.0,0.0,0,1,0,1,0,177,0,0,4,0,0,0,0,4,1,0,,0,,,0,0,1,0,0,0,0,0,0,0,0,0,0,0,,0,0,,,,,,,,
NA3063,3f758a987e5c2aca98c603a0f97100eb69aac44b4689b90f2e501b4f26cf565d,benign,FAILED,,dike,full,1,3.0,,2,0,,,,1,2,0,0,0,0,0.0,0.0,0,1,0,1,0,201,0,0,2,0,0,0,0,1,3,0,,0,,,0,0,1,0,0,0,0,0,0,0,0,0,0,0,,0,0,,,,,,,,
NA3064,3fca44b7ce971031c08296647821e04dc7aa62c0f5846a3a0dc7015d5a4bc501,benign,FAILED,,dike,static_only,1,0.0,,,,,,,,,,,,,,,,,,,,222,0,0,7,4,0,0,2,1,1,2,,0,,,,,,,,,,,,,,,,,,,,,,,,,,,
NA3065,405865f8af5ff082926927140e1915d1f77f63d3dcd703b3f0fe72102fd80abd,benign,FAILED,,dike,full,1,0.0,,0,0,,,,0,0,0,0,0,0,,,0,0,0,0,0,78,0,0,0,0,0,0,0,0,1,0,,0,,,0,0,1,0,0,0,0,0,0,0,0,0,0,0,,0,0,,,,,,,,
NA3066,40c27f444c2e24930ae01b691a8dbafec9bb334aef66d9f4d3b1d350fd351490,benign,FAILED,,dike,full,1,1.0,,0,0,,,,0,0,0,0,0,0,,,0,0,0,0,0,135,0,0,0,0,0,0,0,0,2,0,,0,,,0,0,1,0,0,0,0,0,0,0,0,0,0,0,,0,0,,,,,,,,
NA3067,40c56ed3a2af416df9794019734bd2e717779a0ef0c243ee916e7860be1f2d87,benign,NO_VICTIM_ACTIVITY,,dike,full,0,4.3,,5,0,,,,5,5,0,0,0,0,0.0,0.0,0,3,0,2,1,1,0,0,0,0,0,0,0,0,0,0,,0,,,0,0,1,0,0,0,0,0,0,0,0,0,0,0,,0,0,,,,,,,,
NA3068,40e261228d35d84a074c567f6ce57d75f2f4c421415ea7e20a0e2ba3ac87fb9f,benign,FAILED,,dike,full,1,1.0,,13,0,,,,0,13,0,0,0,0,0.0,0.0,0,1,0,1,0,82,0,0,2,0,0,0,0,0,2,0,,0,,,0,0,1,0,0,0,0,0,0,0,0,0,0,0,,0,0,,,,,,,,
NA3069,4125cd7966810cdfafb18157c276a88e6ac443c7c98d42593c70247045815028,benign,FAILED,,dike,static_only,1,1.0,,,,,,,,,,,,,,,,,,,,59,0,0,1,0,0,0,0,0,1,0,,0,,,,,,,,,,,,,,,,,,,,,,,,,,,
NA3070,413771957fcbac775abf005d121db426b1b6d60a353f6d2c1b58cc8068ffede8,benign,FAILED,,dike,static_only,1,2.3,,,,,,,,,,,,,,,,,,,,106,0,0,1,0,0,0,0,0,2,0,,0,,,,,,,,,,,,,,,,,,,,,,,,,,,
NA3071,4197fc76b3e00145191b260c9ae8e98531d966202669ad39d34137ce303d3566,benign,FAILED,,dike,static_only,1,1.3,,,,,,,,,,,,,,,,,,,,63,0,0,0,0,0,0,0,0,1,0,,0,,,,,,,,,,,,,,,,,,,,,,,,,,,
NA3072,421626f74f11eb323af424d56a7bb27a93d7afe7cb7043b747eb6bf580e409e6,benign,FAILED,,dike,static_only,1,0.3,,,,,,,,,,,,,,,,,,,,216,0,0,7,0,0,0,0,1,2,0,,0,,,,,,,,,,,,,,,,,,,,,,,,,,,
NA3073,422d05d25e0c9e6eedcaef6716f81d4e14d92abf0348f9631588f9ab63f7627c,benign,FAILED,,dike,full,1,0.0,,0,0,,,,0,0,0,0,0,0,,,0,0,0,0,0,480,0,0,6,0,0,0,2,1,3,1,,0,,,0,0,1,0,0,0,0,0,0,0,0,0,0,0,,0,0,,,,,,,,
NA3074,42f9e10113f04d60ab45760862f8c371e9d1a3f5f6f3d9457ed5d1f299bc0a38,benign,FAILED,,dike,static_only,1,1.3,,,,,,,,,,,,,,,,,,,,110,0,0,0,0,0,0,0,0,1,0,,0,,,,,,,,,,,,,,,,,,,,,,,,,,,
NA3075,42fd07c963c0e20be60de897497fb7783eb25f09480d9a03ea3d462182b08a74,benign,FAILED,,dike,full,1,0.8,,0,0,,,,0,0,0,0,0,0,,,0,0,0,0,0,128,0,0,0,0,0,0,0,0,1,0,,0,,,0,0,1,0,0,0,0,0,0,0,0,0,0,0,,0,0,,,,,,,,
NA3076,432710d4138c0517e1404f688478d8ddaa3cb7a93f2dc6423ec56d74e6e54c24,benign,FAILED,,dike,full,1,3.0,,2,0,,,,0,2,0,0,0,0,0.0,0.0,0,1,0,1,0,326,0,0,4,0,0,0,2,0,3,1,,0,,,0,0,1,0,0,0,0,0,0,0,0,0,0,0,,0,0,,,,,,,,
NA3077,432f3499c38a069b0eccc1f19b11d13760da2dd6fba517f215e5dd03285f9b5a,benign,FAILED,,dike,static_only,1,0.3,,,,,,,,,,,,,,,,,,,,46,0,0,1,0,0,0,0,0,0,0,,0,,,,,,,,,,,,,,,,,,,,,,,,,,,
NA3078,448ef2796ee9f2d7b8d19ebff14a709b3ee0dfac37319577a7518190547e47c6,benign,NO_VICTIM_ACTIVITY,,dike,full,1,2.6,,0,0,,,,4,0,0,0,0,0,,,0,2,0,0,2,520,0,0,8,1,3,0,2,1,0,3,,0,,,0,0,1,0,0,0,0,0,0,0,0,0,0,0,,0,0,,,,,,,,
NA3079,44c53c1111a6cd1c02567d9afa2465ba6eb3c01ed485663586af1d442f77d493,benign,FAILED,,dike,static_only,1,0.0,,,,,,,,,,,,,,,,,,,,45,0,0,0,0,0,0,0,0,2,0,,0,,,,,,,,,,,,,,,,,,,,,,,,,,,
NA3080,44def887eaf39b6e4a76daa8c59ecb34baa30035825cf5737690d8fc8379ec94,benign,FAILED,,dike,static_only,1,1.3,,,,,,,,,,,,,,,,,,,,67,0,0,0,0,0,0,0,0,1,0,,0,,,,,,,,,,,,,,,,,,,,,,,,,,,
NA3081,44f4cc87b43e3add1d1b9b75f1e4e3b5b0db549349c0f554ff28eaa0312c96ab,benign,NO_VICTIM_ACTIVITY,,dike,full,0,0.0,,0,0,,,,5,0,0,0,0,0,,,0,2,0,0,2,1,0,0,0,0,0,0,0,0,0,0,,0,,,0,0,1,0,0,0,0,0,0,0,0,0,0,0,,0,0,,,,,,,,
NA3082,4531fe49a4cc2975019fd97c1f000cf2a0550bc4323d026782071ffdf65b62b6,benign,FAILED,,dike,static_only,1,0.3,,,,,,,,,,,,,,,,,,,,278,0,0,4,1,0,0,4,1,2,2,boost,0,,,,,,,,,,,,,,,,,,,,,,,,,,,
NA3083,45d82ff82b57f8403e6d0167f2e8c91f682f43dead77b74870a01a56a78a0652,benign,FAILED,,dike,static_only,1,0.3,,,,,,,,,,,,,,,,,,,,149,0,0,1,0,0,0,0,0,0,0,,0,,,,,,,,,,,,,,,,,,,,,,,,,,,
NA3084,45de04fff6b76075a2bf0c2354e4d8951b390cbe72d0e5c53b162228d6489b9a,benign,FAILED,,dike,static_only,1,1.3,,,,,,,,,,,,,,,,,,,,71,0,0,0,0,0,0,0,0,1,0,,0,,,,,,,,,,,,,,,,,,,,,,,,,,,
NA3085,464262da62722cf9540fa2bff1c93b65c83254cb5be47272593d71adc31daa79,benign,FAILED,,dike,full,1,1.0,,0,0,,,,0,0,0,0,0,0,,,0,0,0,0,0,64,0,0,3,0,0,0,0,0,2,0,,0,,,0,0,1,0,0,0,0,0,0,0,0,0,0,0,,0,0,,,,,,,,
NA3086,464d6f177b27f77e27c20eba1dc0ee6e85ec4eb1715043c6af6deffb63982fd4,benign,FAILED,,dike,static_only,1,1.3,,,,,,,,,,,,,,,,,,,,287,0,0,0,0,0,0,0,0,1,0,,0,,,,,,,,,,,,,,,,,,,,,,,,,,,
NA3087,467823968d057c72e14cb0dab019c232231b7ecc34f55225b259627e3b05ea1c,benign,FAILED,,dike,static_only,1,1.3,,,,,,,,,,,,,,,,,,,,315,0,0,0,0,0,0,0,0,1,0,,0,,,,,,,,,,,,,,,,,,,,,,,,,,,
NA3088,47204e404567d0adea48fd2b7821da40bd7456a0e945d709e62f227c4fb590c3,benign,FAILED,,dike,static_only,1,0.3,,,,,,,,,,,,,,,,,,,,63,0,0,0,0,0,0,0,0,2,0,,0,,,,,,,,,,,,,,,,,,,,,,,,,,,
NA3089,4729fa4ff19abeea5a5fab5d08b05afddaaa416b55b89a424c0631dd5a3eea31,benign,FAILED,,dike,static_only,1,2.3,,,,,,,,,,,,,,,,,,,,23,0,0,0,0,0,0,0,0,1,0,,0,,,,,,,,,,,,,,,,,,,,,,,,,,,
NA3090,47345897afc335e518e03bc2b4afa016dd8cbe33cb79b1a02424310b769a0e56,benign,FAILED,,dike,static_only,1,1.3,,,,,,,,,,,,,,,,,,,,131,0,0,0,0,0,0,0,0,1,0,,0,,,,,,,,,,,,,,,,,,,,,,,,,,,
NA3091,47ad80ee9caa3955e17d280075abbae19d35990d306006e92ea4daca13aef2bf,benign,FAILED,,dike,full,1,0.0,,0,0,,,,0,0,0,0,0,0,,,0,0,0,0,0,39,0,0,0,0,0,0,0,0,1,0,,0,,,0,0,1,0,0,0,0,0,0,0,0,0,0,0,,0,0,,,,,,,,
NA3092,47ae084ef854a1c6664595f4369b15d386c95219f850584f2ae9e65b41c6441f,benign,FAILED,,dike,static_only,1,0.3,,,,,,,,,,,,,,,,,,,,71,0,0,1,0,0,0,0,0,0,0,,0,,,,,,,,,,,,,,,,,,,,,,,,,,,
NA3093,47b3c091ff42a93e913d777f5db830f9ccc2d150ce610d4d7e74c8c0f7510167,benign,FAILED,,dike,full,1,1.2,,16,0,,,,0,16,0,0,0,0,0.0,0.0,0,2,0,2,0,87,0,0,0,0,0,0,0,0,2,0,,0,,,0,0,1,0,0,0,0,0,0,0,0,0,0,0,,0,0,,,,,,,,
NA3094,48092d0386d32353c00156e8d9b7744aa254c66042fecb0a5f1abda45e0a6c78,benign,FAILED,,dike,full,1,0.0,,0,0,,,,0,0,0,0,0,0,,,0,0,0,0,0,106,0,0,0,0,0,0,0,0,2,0,,0,,,0,0,1,0,0,0,0,0,0,0,0,0,0,0,,0,0,,,,,,,,
NA3095,4832abed61ff27b23059fb65fd2c6702b1590248229babf8886b538e843321cd,benign,FAILED,,dike,full,1,3.0,,0,0,,,,0,0,0,0,0,0,,,0,0,0,0,0,97,0,0,1,0,0,0,0,0,2,0,,0,,,0,0,1,0,0,0,0,0,0,0,0,0,0,0,,0,0,,,,,,,,
NA3096,48331be81db4474aa078c976b4635737b87f10974b11832fbdcc387bb6869fc8,benign,NO_VICTIM_ACTIVITY,,dike,full,0,0.0,,0,16,,6.435138010041594,6.435138010041593,6,0,0,0,0,0,,,0,2,0,0,2,1,0,0,0,0,0,0,0,0,0,0,,0,,,0,1,0,0,0,0,0,0,0,0,0,0,0,0,,0,0,,,,,,,,
NA3097,48a9a72aa60171651952026dbc5cfd00a1c1c203077d3886235ae9bca511a103,benign,NO_VICTIM_ACTIVITY,,dike,full,0,0.0,,0,0,,,,3,0,0,0,0,0,,,0,1,0,0,1,1,0,0,0,0,0,0,0,0,0,0,,0,,,0,0,1,0,0,0,0,0,0,0,0,0,0,0,,0,0,,,,,,,,
NA3098,48f477c0e4bbd9090ccc351302523fc8db1d9a94ecea1a7d90059e01757dc8a9,benign,FAILED,,dike,static_only,1,0.3,,,,,,,,,,,,,,,,,,,,292,0,0,2,0,0,0,0,0,2,0,,0,,,,,,,,,,,,,,,,,,,,,,,,,,,
NA3099,492221cf511865f5f26b2a3acab04d136b798fa93356123469e7a6d4acb6d6e9,benign,FAILED,,dike,static_only,1,0.3,,,,,,,,,,,,,,,,,,,,46,0,0,1,0,0,0,0,0,0,0,,0,,,,,,,,,,,,,,,,,,,,,,,,,,,
NA3100,499010e852571b6bbfe8e7a6b9f396283efffac99fd844d2ca390e61aee2ce8f,benign,NO_VICTIM_ACTIVITY,,dike,full,0,9.0,,4,0,,,,2,4,1,1,0,9,0.25,0.25,1,13,0,2,11,1,0,0,0,0,0,0,0,0,0,0,,0,,,0,0,1,9,0,0,0,0,0,0,2,2,2,0,-62.3,0,0,,,,,,,,
NA3101,499343bde27d6c3fdd112b1ae48656c8e62e3dccc1fe682733c597b37f0a664d,benign,FAILED,,dike,static_only,1,0.3,,,,,,,,,,,,,,,,,,,,461,0,0,0,0,0,0,0,0,2,0,,0,,,,,,,,,,,,,,,,,,,,,,,,,,,
NA3102,4a43f1eef4605f99278e609a8d372bc2386fb8f63ba6999e3ff5c3b80142a6f9,benign,FAILED,,dike,static_only,1,1.3,,,,,,,,,,,,,,,,,,,,115,0,0,0,0,0,0,0,0,1,0,,0,,,,,,,,,,,,,,,,,,,,,,,,,,,
NA3103,4a7f44c5c2674cadf4f7cac5c238aa1c65fb4d0cc769712766f907b4bcc3c107,benign,FAILED,,dike,static_only,1,0.3,,,,,,,,,,,,,,,,,,,,169,0,0,1,0,0,0,1,3,2,1,,0,,,,,,,,,,,,,,,,,,,,,,,,,,,
NA3104,4ac565360c199789ecfe2405a2093a8060e6c2a3478409be627aa7cba6f48951,benign,NO_VICTIM_ACTIVITY,,dike,full,0,9.0,,0,0,,,,2,0,0,0,0,11,,,0,13,0,0,13,1,0,0,0,0,0,0,0,0,0,0,,0,,,0,0,1,9,0,0,0,0,0,0,4,4,2,0,,0,0,,,,,,,,
NA3105,4af3efae81865be6f458e37dfe10e31617f2151b51df89cb699aaf6ee06507d1,benign,FAILED,,dike,static_only,1,1.3,,,,,,,,,,,,,,,,,,,,105,0,0,0,0,0,0,0,0,1,0,,0,,,,,,,,,,,,,,,,,,,,,,,,,,,
NA3106,4bb852d856f93e6895639220ffe698c5fe88f95703b4a6af1b66d83692143791,benign,FAILED,,dike,full,1,1.0,,0,0,,,,0,0,0,0,0,0,,,0,0,0,0,0,110,0,0,0,0,0,0,0,0,2,0,,0,,,0,0,1,0,0,0,0,0,0,0,0,0,0,0,,0,0,,,,,,,,
NA3107,4bbd4db544dc9fc6600c983bba42b07f3e9ada5501f2ec0d011c04c065f3eb41,benign,FAILED,,dike,static_only,1,1.3,,,,,,,,,,,,,,,,,,,,194,0,0,0,0,0,0,0,0,1,0,openssl,0,,,,,,,,,,,,,,,,,,,,,,,,,,,
NA3108,4c33d7c85ae6b19144edea55df4663fb476aaf102d86d812e624f22ae9c81213,benign,FAILED,,dike,static_only,1,0.3,,,,,,,,,,,,,,,,,,,,124,0,0,0,0,0,0,0,0,2,0,openssl,0,,,,,,,,,,,,,,,,,,,,,,,,,,,
NA3109,4c77b3ecfe7ff1be8b05f7bc58d2360531c67997c3fae399f6f24132cb05065a,benign,FAILED,,dike,full,1,0.0,,0,0,,,,0,0,0,0,0,0,,,0,0,0,0,0,387,0,0,7,0,0,0,2,1,2,1,,0,,,0,0,1,0,0,0,0,0,0,0,0,0,0,0,,0,0,,,,,,,,
NA3110,4cde1735b0bd09f0ad3ca84856ac023f212bc5732dcb19f8ccb1aacb0f75bb61,benign,FAILED,,dike,static_only,1,1.3,,,,,,,,,,,,,,,,,,,,215,0,0,1,0,0,0,0,0,1,0,,0,,,,,,,,,,,,,,,,,,,,,,,,,,,
NA3111,4d42711b63f90ff9af3d6c8e4edb3ff08cab6fe5131d9a43f4d10d1ca51f7378,benign,FAILED,,dike,full,1,5.2,,1,0,,,,1,1,0,0,0,0,0.0,0.0,0,1,0,1,0,176,0,0,7,0,0,0,0,4,2,0,openssl,0,,,0,0,1,0,0,0,0,0,0,1,1,1,0,0,-24.2,0,0,,,,,,,,
NA3112,4da6ca5035f962369faa8d8e70c339307bb3141f9cf94386fea21c37087a7eac,benign,FAILED,,dike,static_only,1,1.0,,,,,,,,,,,,,,,,,,,,116,0,0,0,0,0,0,0,0,1,0,,0,,,,,,,,,,,,,,,,,,,,,,,,,,,
NA3113,4df54b01e012216c2c376c7f4a2bee56c0dfead5bd9324e69d774274151c9a1c,benign,FAILED,,dike,static_only,1,1.3,,,,,,,,,,,,,,,,,,,,114,0,0,0,0,0,0,0,0,1,0,,0,,,,,,,,,,,,,,,,,,,,,,,,,,,
NA3114,4e3b3bf5ee097fdbf0b595a37261eb70683a3c59e15e6aa616e313a7134a48ea,benign,FAILED,,dike,static_only,1,1.3,,,,,,,,,,,,,,,,,,,,295,0,0,0,0,0,0,0,0,1,0,,0,,,,,,,,,,,,,,,,,,,,,,,,,,,
NA3115,4e526c15684a2c7e327d1a5e54d0fc3d227bd6fd790cc5f495111a09c0bf74de,benign,FAILED,,dike,static_only,1,0.3,,,,,,,,,,,,,,,,,,,,58,0,0,1,0,0,0,0,0,0,0,,0,,,,,,,,,,,,,,,,,,,,,,,,,,,
NA3116,4ec1e44407cc7874b875e2850962e0583a97486b29578cdd4bcc21d7e1d76004,benign,FAILED,,dike,static_only,1,3.3,,,,,,,,,,,,,,,,,,,,72,0,0,0,0,0,0,0,0,1,0,,0,,,,,,,,,,,,,,,,,,,,,,,,,,,
NA3117,4eca420c432726b177f36ef2e26165cd97c690c872cb5f3f19415cb7473e8ada,benign,FAILED,,dike,static_only,1,0.3,,,,,,,,,,,,,,,,,,,,46,0,0,1,0,0,0,0,0,0,0,,0,,,,,,,,,,,,,,,,,,,,,,,,,,,
NA3118,4efd6c2d5692fd45ca167fce0b8a07f87e89862a6b4e2f04ae49d4113539440f,benign,FAILED,,dike,static_only,1,1.3,,,,,,,,,,,,,,,,,,,,133,0,1,0,0,0,0,0,0,1,0,,0,,,,,,,,,,,,,,,,,,,,,,,,,,,
NA3119,5052ed5ba5435693affdae0f4fa7c388ab993b4f9c7a153c8e80800e7aabd512,benign,FAILED,,dike,static_only,1,1.3,,,,,,,,,,,,,,,,,,,,164,0,0,0,0,0,0,0,0,1,0,,0,,,,,,,,,,,,,,,,,,,,,,,,,,,
NA3120,506d794258e6c28dbff40ede73895e24348c6d01137dc1490e08065555e14ffc,benign,NO_VICTIM_ACTIVITY,,dike,full,1,3.2,,0,0,,,,0,0,0,0,0,4,,,0,4,0,0,4,49,0,0,0,0,0,0,0,0,1,0,,0,,,0,0,1,4,0,0,0,0,0,0,2,2,2,0,,0,0,,,,,,,,
NA3121,50e9b116163f7dd084b1050a3a0b6c4c9ca965112595b128f3c8adcf1153940f,benign,FAILED,,dike,static_only,1,0.3,,,,,,,,,,,,,,,,,,,,78,0,0,0,0,0,0,0,0,2,0,,0,,,,,,,,,,,,,,,,,,,,,,,,,,,
NA3122,50fd4a601f5165a93a50bdef41f255f7d4242c31c4413095e9d294f7029c1b3e,benign,FAILED,,dike,static_only,1,0.0,,,,,,,,,,,,,,,,,,,,221,0,0,3,0,0,0,0,0,2,0,,0,,,,,,,,,,,,,,,,,,,,,,,,,,,
NA3123,514e2aa45bf1034dc54acfbaa0390998a16bae0286159d6a152a71922478dee3,benign,FAILED,,dike,static_only,1,0.3,,,,,,,,,,,,,,,,,,,,218,0,0,0,0,0,0,0,0,1,0,boost,0,,,,,,,,,,,,,,,,,,,,,,,,,,,
NA3124,51bd880654939f595158f3da086ce3b4e10bca532fda5b3c03033ac55e672ae7,benign,FAILED,,dike,static_only,1,1.3,,,,,,,,,,,,,,,,,,,,131,0,0,0,0,0,0,0,0,1,0,,0,,,,,,,,,,,,,,,,,,,,,,,,,,,
NA3125,52331ce9821107dfd22d6e7ec80266d164cabf83d6e2fbfcaeede91c979858f2,benign,NO_VICTIM_ACTIVITY,,dike,full,0,0.0,,0,16,,6.435138010041594,6.435138010041593,3,0,0,0,0,0,,,0,2,0,0,2,1,0,0,0,0,0,0,0,0,0,0,,0,,,0,1,0,0,0,0,0,0,0,0,0,0,0,0,,0,0,,,,,,,,
NA3126,52619a89e3b56fbc1645510e42c9d39e9a345fb8f01de398eacd74e4c5cdd5ed,benign,FAILED,,dike,full,1,3.0,,96,0,,,,0,96,0,0,0,0,0.0,0.0,0,2,0,2,0,71,0,0,1,0,0,0,0,0,1,0,,0,,,0,0,1,0,0,0,0,0,0,0,0,0,0,0,,0,0,,,,,,,,
NA3127,52853793d20bfc3c53763aaeac55b30a7bddccfb9fd87d39f97dd0afb5fd2001,benign,FAILED,,dike,static_only,1,1.3,,,,,,,,,,,,,,,,,,,,51,0,0,0,0,0,0,0,0,1,0,,0,,,,,,,,,,,,,,,,,,,,,,,,,,,
NA3128,52b914a161862ae7a9ffb4bb9552bb1eb476b7fcd4a008648b72b1282ae94ade,benign,FAILED,,dike,full,1,1.0,,0,0,,,,0,0,0,0,0,0,,,0,0,0,0,0,74,0,0,0,0,0,0,0,0,1,0,,0,,,0,0,1,0,0,0,0,0,0,0,0,0,1,0,,0,0,,,,,,,,
NA3129,534c62e83426371cf47f8896702e216df5951be50da73a0fdbd26d2f7333105a,benign,FAILED,,dike,static_only,1,0.0,,,,,,,,,,,,,,,,,,,,60,0,0,1,0,0,0,0,0,1,0,,0,,,,,,,,,,,,,,,,,,,,,,,,,,,
NA3130,5365093e10314edb0dd33a9123551b47219df32f3a2f5aca6733614fdcce52e5,benign,FAILED,,dike,full,1,1.2,,0,0,,,,0,0,0,0,0,0,,,0,0,0,0,0,89,0,0,0,0,0,0,0,0,1,0,,0,,,0,0,1,0,0,0,0,0,0,0,0,0,0,0,,0,0,,,,,,,,
NA3131,53b9f1204f512237fc0b8969ae2c98d1ed3d904e4acc2d096a2e3d9f6577fbe7,benign,FAILED,,dike,static_only,1,1.3,,,,,,,,,,,,,,,,,,,,205,0,1,0,0,0,0,0,0,1,0,,0,,,,,,,,,,,,,,,,,,,,,,,,,,,
NA3132,53bd916199723025efd5ec37ae18aab1d1e519ea93e135b38e2b70cc4abf1bf6,benign,NO_VICTIM_ACTIVITY,,dike,full,1,0.0,,0,0,,,,1,0,0,0,0,0,,,0,1,0,0,1,276,4,0,3,0,0,0,1,1,2,2,,0,,,1,0,0,0,0,0,0,0,0,0,0,0,1,0,,0,0,,,,,,,,
NA3133,54371f5699dfb1f0f84fe338c90a1054624524eb1db467371387d4cbb72c4733,benign,FAILED,,dike,full,1,1.2,,0,0,,,,0,0,0,0,0,0,,,0,0,0,0,0,66,0,0,0,0,0,0,0,0,2,0,,0,,,0,0,1,0,0,0,0,0,0,0,0,0,0,0,,0,0,,,,,,,,
NA3134,5463e1487d69e3f0cb372cba067270bc39639bd8c8b333b81f99ae26ae3e881d,benign,FAILED,,dike,static_only,1,1.3,,,,,,,,,,,,,,,,,,,,250,0,0,0,0,0,0,0,0,1,0,,0,,,,,,,,,,,,,,,,,,,,,,,,,,,
NA3135,54b700b40965e1ca937bba16365fc3a52a6de8eff1bd8c11a65bd42aa3ace1cc,benign,FAILED,,dike,static_only,1,1.3,,,,,,,,,,,,,,,,,,,,96,0,0,0,0,0,0,0,0,1,0,,0,,,,,,,,,,,,,,,,,,,,,,,,,,,
NA3136,54ca7e0180557e13bed151f1c850725487e08ec63f5920a1ec3dec13588aa267,benign,FAILED,,dike,full,1,0.0,,0,0,,,,0,0,0,0,0,0,,,0,0,0,0,0,182,0,0,0,0,0,0,1,0,2,1,,0,,,0,0,1,0,0,0,0,0,0,0,0,0,0,0,,0,0,,,,,,,,
NA3137,54e561415b0867b7cce3df578d76b77a9267a8aa3ddb89862a3ad493fb13aac0,benign,FAILED,,dike,static_only,1,0.0,,,,,,,,,,,,,,,,,,,,144,0,0,0,0,0,0,0,0,2,0,,0,,,,,,,,,,,,,,,,,,,,,,,,,,,
NA3138,5581617f747ecce4a00e987f1d7bc708a6ca417695cd5ef2457d9d117c5331c9,benign,FAILED,,dike,full,1,1.0,,54,0,,,,1,54,0,0,0,0,0.0,0.0,0,2,0,2,0,80,0,0,2,0,0,0,0,0,1,0,,0,,,0,0,1,0,0,0,0,0,0,0,0,0,0,0,,0,0,,,,,,,,
NA3139,558a14d8e2ff665755afc5f80b4830b08f956e2eb01daa8568a9f9c714f3671c,benign,FAILED,,dike,full,1,1.2,,2,0,,,,0,2,0,0,0,0,0.0,0.0,0,1,0,1,0,118,2,0,7,0,0,0,0,4,2,1,,0,,,1,0,0,0,0,0,0,0,0,0,0,0,0,0,,0,0,,,,,,,,
NA3140,55fa4e98f25ec101acbb40a2d2732041c1abb6b6e5b3d6d9ba7aceaceacb1d25,benign,FAILED,,dike,static_only,1,0.3,,,,,,,,,,,,,,,,,,,,121,0,0,0,0,0,0,0,0,1,0,,0,,,,,,,,,,,,,,,,,,,,,,,,,,,
NA3141,5677d8babce093f8b67ae7bda6ec28b1f9196a8398c7fe482ed7eba03272ea26,benign,NO_VICTIM_ACTIVITY,,dike,full,0,9.0,,4,0,,,,2,4,1,1,0,10,0.25,0.25,1,14,0,2,12,1,0,0,0,0,0,0,0,0,0,0,,0,,,0,0,1,11,0,0,0,0,0,0,3,4,15,3,203.2,0,0,,,,,,,,
NA3142,56feb0c8cde725df0111865170d4c6cf5b8cd395ed07583c3addaf0a6af0add6,benign,FAILED,,dike,static_only,1,1.3,,,,,,,,,,,,,,,,,,,,113,0,0,0,0,0,0,0,0,1,0,,0,,,,,,,,,,,,,,,,,,,,,,,,,,,
NA3143,574fdee6f02885494fade6efab72183f0978a39eea34dc5c2b1ac738c238da0d,benign,NO_VICTIM_ACTIVITY,,dike,full,1,9.0,,0,0,,,,7,0,0,0,0,0,,,0,3,0,0,3,161,3,1,7,1,0,0,2,1,2,3,,0,,,1,0,0,0,0,0,0,0,0,0,0,0,0,0,,0,0,,,,,,,,
NA3144,579bf9cfc3beb229bfd4dfd1e9e0a203c0aee74dae637fd7811b9c803df1cbf8,benign,FAILED,,dike,full,1,3.2,,0,0,,,,0,0,0,0,0,0,,,0,0,0,0,0,225,0,0,3,0,0,0,1,1,2,1,,0,,,0,0,1,0,0,0,0,0,0,0,0,0,0,0,,0,0,,,,,,,,
NA3145,579fe6969827c1f6e9dde0fa440d671bde7658d06c525a79b3f227d3f34a71a7,benign,FAILED,,dike,static_only,1,0.3,,,,,,,,,,,,,,,,,,,,58,0,0,1,0,0,0,0,0,0,0,,0,,,,,,,,,,,,,,,,,,,,,,,,,,,
NA3146,58012ed021e4e99afd7c5efb2fdbf433fafe2c8c51ef0676e1ab72b59e709eaa,benign,NO_VICTIM_ACTIVITY,,dike,full,1,9.0,,0,0,,,,0,0,0,0,0,19,,,0,18,0,0,18,34,0,0,0,0,0,0,0,0,1,0,,0,,,0,0,1,12,0,0,0,0,0,0,3,9,6,0,,0,0,,,,,,,,
NA3147,585801ac3336bd64167c6694321862633666c02f2f040fb45b5828878572cf5e,benign,FAILED,,dike,static_only,1,1.3,,,,,,,,,,,,,,,,,,,,138,0,0,0,0,0,0,0,0,1,0,,0,,,,,,,,,,,,,,,,,,,,,,,,,,,
NA3148,58b5e00312deee5474cf42f0c86664254ae7123055219c342a80ab5754e48bf6,benign,FAILED,,dike,static_only,1,0.8,,,,,,,,,,,,,,,,,,,,112,0,0,2,0,0,0,1,0,1,1,,0,,,,,,,,,,,,,,,,,,,,,,,,,,,
NA3149,58fd546d32c823ed069dd48132ae8ecbeeb08cd4192cf81caf96392327e0fa05,benign,FAILED,,dike,static_only,1,3.0,,,,,,,,,,,,,,,,,,,,107,0,0,0,0,0,0,0,0,2,0,,0,,,,,,,,,,,,,,,,,,,,,,,,,,,
NA3150,597ff38555c0fc36b1502b5f81a4262386621b795efad580687ac8ee879dc829,benign,FAILED,,dike,full,1,0.0,,1,0,,,,0,1,0,0,0,0,0.0,0.0,0,1,0,1,0,74,0,0,4,0,0,0,0,0,2,0,,0,,,0,0,1,0,0,0,0,0,0,0,0,0,0,0,,0,0,,,,,,,,
NA3151,5993ae9c08a6b81c7c2b60746da68bb910f36273042acf58ba62a8457ea46145,benign,FAILED,,dike,static_only,1,2.3,,,,,,,,,,,,,,,,,,,,147,0,0,0,0,0,0,0,2,2,0,,0,,,,,,,,,,,,,,,,,,,,,,,,,,,
NA3152,59c4bd37da9c5f1a52814e92adb22c5aeb3dc842a6fba683fb3abfab3485fc4a,benign,FAILED,,dike,static_only,1,3.0,,,,,,,,,,,,,,,,,,,,36,0,0,0,0,0,0,0,0,1,0,,0,,,,,,,,,,,,,,,,,,,,,,,,,,,
NA3153,59d1674d83fe80a3c9a467f56ae5b1d106678a307c894dc57f8e98d7ed69358f,benign,FAILED,,dike,static_only,1,1.3,,,,,,,,,,,,,,,,,,,,101,0,0,0,0,0,0,0,0,1,0,,0,,,,,,,,,,,,,,,,,,,,,,,,,,,
NA3154,59d4d16ab9510083e2054cda90f102732537e413f46e387eca7877eda2ed82dc,benign,FAILED,,dike,static_only,1,2.3,,,,,,,,,,,,,,,,,,,,237,0,0,6,5,0,0,2,1,3,2,,0,,,,,,,,,,,,,,,,,,,,,,,,,,,
NA3155,5a0cf16b5d9284142a2afc75918e4e1c9c04198a0cd65bed368b4f1e17415b9f,benign,NO_VICTIM_ACTIVITY,,dike,full,1,1.0,,82,0,,,,0,82,0,0,0,0,0.0,0.0,0,8,0,8,0,111,0,0,4,0,0,0,2,0,1,1,,0,,,0,0,1,0,0,0,0,0,0,0,0,0,0,0,,0,0,,,,,,,,
NA3156,5a19aca108c1b3e7c1f7efc5ea1106c6aef051a1e2ced26c4271e6f3c6841de0,benign,FAILED,,dike,static_only,1,2.3,,,,,,,,,,,,,,,,,,,,527,0,0,1,0,0,0,1,1,2,1,,0,,,,,,,,,,,,,,,,,,,,,,,,,,,
NA3157,5a696ece3992cce14c8770ae03b42ddd2a183b53e62a6808593236dbb71b6d15,benign,FAILED,,dike,static_only,1,0.3,,,,,,,,,,,,,,,,,,,,141,0,0,2,0,0,0,0,0,2,0,,0,,,,,,,,,,,,,,,,,,,,,,,,,,,
NA3158,5a7e89871135ebacfed8021af8561188d003b78faac3b90a652273d46d6b1a8e,benign,FAILED,,dike,full,1,3.0,,0,0,,,,0,0,0,0,0,0,,,0,0,0,0,0,588,0,0,0,0,0,0,0,0,2,0,,0,,,0,0,1,0,0,0,0,0,0,0,0,0,0,0,,0,0,,,,,,,,
NA3159,5ad6df238fae832e8fbc3a0c076fd3726ee96317a2f556ab969a5987591db8ff,benign,NO_VICTIM_ACTIVITY,,dike,full,1,3.0,,779,0,,,,0,779,0,0,0,0,0.0,0.0,0,14,0,14,0,79,0,0,1,0,0,0,0,0,1,0,,0,,,0,0,1,0,0,0,0,0,0,0,0,0,0,0,,0,0,,,,,,,,
NA3160,5bba408d651798f141fba0300183266dea5483ddea7a318cc54c7b7c715d78f5,benign,NO_VICTIM_ACTIVITY,,dike,full,1,0.0,,0,0,,,,0,0,0,0,0,0,,,0,0,0,0,0,89,0,0,0,0,0,0,0,0,2,0,,0,,,0,0,1,0,0,0,0,0,0,0,0,0,0,0,,0,0,,,,,,,,
NA3161,5c066c0a800a0158180ca413148edf84033981010ca624f1637eab71475e3dd5,benign,FAILED,,dike,static_only,1,2.3,,,,,,,,,,,,,,,,,,,,154,0,0,2,0,0,0,1,0,2,1,,0,,,,,,,,,,,,,,,,,,,,,,,,,,,
NA3162,5c1af46c7300e87a73dacf6cf41ce397e3f05df6bd9c7e227b4ac59f85769160,benign,FAILED,,dike,static_only,1,1.0,,,,,,,,,,,,,,,,,,,,79,0,0,3,0,0,0,0,0,2,0,,0,,,,,,,,,,,,,,,,,,,,,,,,,,,
NA3163,5ceec3064d495f73aad77facf9d0b05a89b3a137fc86ba1b43c14b3ca3bd3e11,benign,FAILED,,dike,full,1,3.0,,0,0,,,,0,0,0,0,0,0,,,0,0,0,0,0,156,0,0,1,0,0,0,0,2,2,0,,0,,,0,0,1,0,0,0,0,0,0,0,0,0,0,0,,0,0,,,,,,,,
NA3164,5d2496409bc45e1e74efbc0c0802af37b26f077beb91ae8ed55ffb0cfe4bdc79,benign,NO_VICTIM_ACTIVITY,,dike,full,0,0.0,,5,0,,,,5,5,0,0,0,0,0.0,0.0,0,5,0,2,3,1,0,0,0,0,0,0,0,0,0,0,,0,,,0,0,1,0,0,0,0,0,0,0,0,0,0,0,,0,0,,,,,,,,
NA3165,5d2e1c132051f3b80a0e39b5d4efe255c1e339614d2861b1e017ff1574610dac,benign,FAILED,,dike,static_only,1,1.3,,,,,,,,,,,,,,,,,,,,119,0,0,0,0,0,0,0,0,1,0,,0,,,,,,,,,,,,,,,,,,,,,,,,,,,
NA3166,5d62d79f6555d7a7edaf3b175312b326df779f9ae8c893e2182e4159f44c9d34,benign,FAILED,,dike,static_only,1,1.3,,,,,,,,,,,,,,,,,,,,225,0,0,0,0,0,0,0,0,1,0,,0,,,,,,,,,,,,,,,,,,,,,,,,,,,
NA3167,5ddb5815973d58798ba373011bf5a5903bfd9b270c4b648032aa7d19153a8f56,benign,FAILED,,dike,static_only,1,1.3,,,,,,,,,,,,,,,,,,,,59,0,0,0,0,0,0,0,0,1,0,,0,,,,,,,,,,,,,,,,,,,,,,,,,,,
NA3168,5e815f1124d3279bf4d593ecdf73f4d8e7cabc26e7dbf1148a5f3ed529531827,benign,FAILED,,dike,static_only,1,0.0,,,,,,,,,,,,,,,,,,,,45,0,0,0,0,0,0,0,0,2,0,,0,,,,,,,,,,,,,,,,,,,,,,,,,,,
NA3169,5e83b73dc8eb0cf1ec380e703432609137fb07779a662a32c8f9c85087780a4a,benign,FAILED,,dike,static_only,1,1.3,,,,,,,,,,,,,,,,,,,,167,0,0,0,0,0,0,0,0,1,0,,0,,,,,,,,,,,,,,,,,,,,,,,,,,,
NA3170,5ede50d16c17c209d3c3da477095cfe3d21ecc4d22720c2f8c98540b41bcb2f6,benign,FAILED,,dike,static_only,1,1.3,,,,,,,,,,,,,,,,,,,,444,0,0,0,0,0,0,0,0,2,0,,0,,,,,,,,,,,,,,,,,,,,,,,,,,,
NA3171,5f54a0fa8cbf5423aef8be8502173a59183cf3adbc913212b1066ef8fff3d9c0,benign,FAILED,,dike,full,1,0.0,,2,0,,,,0,2,0,0,0,0,0.0,0.0,0,1,0,1,0,106,0,0,5,0,0,0,0,0,2,0,,0,,,0,0,1,0,0,0,0,0,0,0,0,0,0,0,,0,0,,,,,,,,
NA3172,5fc1723aa7558f768f028069bce449cf1059e3655811b4521b22ff7fbbe47648,benign,FAILED,,dike,full,1,0.0,,0,0,,,,0,0,0,0,0,0,,,0,0,0,0,0,165,0,0,0,0,0,0,0,0,3,0,boost,0,,,0,0,1,0,0,0,0,0,0,0,0,0,0,0,,0,0,,,,,,,,
NA3173,5fd41a27b02e9e2c90fd4d98aeae32d41cd24d5efe80ec918c7ad7cc2514386f,benign,FAILED,,dike,static_only,1,0.3,,,,,,,,,,,,,,,,,,,,38,0,0,1,0,0,0,0,0,0,0,,0,,,,,,,,,,,,,,,,,,,,,,,,,,,
NA3174,5fea3241e2e2c3232f3dafa3bf72c9ba0e88df2781f2a742d4369813f99ce952,benign,NO_VICTIM_ACTIVITY,,dike,full,1,4.199999999999999,,62,0,,,,23,62,9,2,5,6,0.14516129032258066,0.03225806451612903,3,18,2,7,9,156,0,0,2,0,1,0,0,0,1,1,,0,,,0,0,1,6,0,0,0,0,0,0,2,2,25,8,239.4,0,0,,,,,,,,
NA3175,607dad5ad1575af78d67f6599fb4182cc7a29ec3e09a1c2691ee95511a9139b2,benign,FAILED,,dike,static_only,1,1.2,,,,,,,,,,,,,,,,,,,,138,0,0,1,0,0,0,0,0,2,0,,0,,,,,,,,,,,,,,,,,,,,,,,,,,,
NA3176,60fd82f9261ab7faf0d168d623c0e16f8b587ea7ec5aa441c3a5944f439cbacb,benign,NO_VICTIM_ACTIVITY,,dike,full,0,0.0,,0,16,,6.435138010041594,6.435138010041593,6,0,0,0,0,0,,,0,3,0,0,3,1,0,0,0,0,0,0,0,0,0,0,,0,,,0,1,0,0,0,0,0,0,0,0,0,0,0,0,,0,0,,,,,,,,
NA3177,60fed726920afd8b17819574c96a58ae57b0d581aa39a7b760bb0642e6b21b3e,benign,FAILED,,dike,full,1,1.0,,0,0,,,,0,0,0,0,0,0,,,0,0,0,0,0,91,0,0,3,0,0,0,0,0,2,0,,0,,,0,0,1,0,0,0,0,0,0,0,0,0,0,0,,0,0,,,,,,,,
NA3178,61cab027bc8f67e6fde38a7ae1c01f813b1396aceb7ad8d0c851fd0645469bf3,benign,FAILED,,dike,static_only,1,0.0,,,,,,,,,,,,,,,,,,,,56,0,0,0,0,0,0,0,0,2,0,,0,,,,,,,,,,,,,,,,,,,,,,,,,,,
NA3179,621ba3934afc45c35a4ee16386f4da30119f39fa243e8dc8fef3491a76f829d8,benign,NO_VICTIM_ACTIVITY,,dike,full,1,9.0,,2,0,,,,5,2,0,1,0,31,0.0,0.5,1,34,0,0,34,34,0,0,0,0,0,0,0,0,1,0,,0,,,0,0,1,11,0,0,0,0,0,0,3,7,14,0,14.8,0,0,,,,,,,,
NA3180,625757de2adcf0f055bcfd725cb53778bfe75d8ff53b374821a1b0eb7d8fc1cb,benign,FAILED,,dike,static_only,1,0.3,,,,,,,,,,,,,,,,,,,,202,0,0,4,2,0,0,1,3,2,2,,0,,,,,,,,,,,,,,,,,,,,,,,,,,,
NA3181,62694b622afe6acf4349672fe75e28c02ea619768fec4238b021ca8f3741de3c,benign,FAILED,,dike,static_only,1,0.5,,,,,,,,,,,,,,,,,,,,77,0,0,0,0,0,0,0,0,1,0,,0,,,,,,,,,,,,,,,,,,,,,,,,,,,
NA3182,62800679c55682f2f5f38b3df9080d12480bea78b5b8476eace9df014f353b14,benign,FAILED,,dike,static_only,1,2.3,,,,,,,,,,,,,,,,,,,,183,0,0,1,0,1,0,2,1,2,2,,0,,,,,,,,,,,,,,,,,,,,,,,,,,,
NA3183,62e8db45cb438205641ee57e8b486f0884ad6d4f3e8e5906f38aa157d301f718,benign,FAILED,,dike,static_only,1,1.3,,,,,,,,,,,,,,,,,,,,70,0,0,0,0,0,0,0,0,1,0,,0,,,,,,,,,,,,,,,,,,,,,,,,,,,
NA3184,63bf3aba485b7e8d6314220ab1fd9c03a7991bc8ab4232e7a1f295518f4e4056,benign,FAILED,,dike,static_only,1,0.3,,,,,,,,,,,,,,,,,,,,1198,0,0,2,0,0,0,0,1,2,0,boost,0,,,,,,,,,,,,,,,,,,,,,,,,,,,
NA3185,63f0221e6bc2cc48d63f079c46bc438e2c21f5267ce3ae11915d4e8150a640f1,benign,FAILED,,dike,static_only,1,0.3,,,,,,,,,,,,,,,,,,,,107,0,0,0,0,0,0,0,0,2,0,,0,,,,,,,,,,,,,,,,,,,,,,,,,,,
NA3186,6443dd554836f5112eda96b3cb18358aed61b5d8aa56be17456acc42d4458bc6,benign,FAILED,,dike,static_only,1,0.3,,,,,,,,,,,,,,,,,,,,103,0,0,3,0,1,0,0,0,1,1,boost,0,,,,,,,,,,,,,,,,,,,,,,,,,,,
NA3187,647df4453044059c24cfcc2e37824159f29474bdc0b5755ae1a832d019aba289,benign,FAILED,,dike,static_only,1,1.3,,,,,,,,,,,,,,,,,,,,389,0,0,0,0,0,0,0,0,1,0,,0,,,,,,,,,,,,,,,,,,,,,,,,,,,
NA3188,64d6999db62b249dd8e0d755e447ed835e0a6fa39cb340dd0d77bdc1d595a6a2,benign,NO_VICTIM_ACTIVITY,,dike,full,1,7.0,,0,0,,,,5,0,0,0,0,0,,,0,2,0,0,2,73,0,0,0,0,0,0,1,0,1,1,,0,,,0,0,1,0,0,0,0,0,0,0,0,0,32,0,,0,0,,,,,,,,
NA3189,65293714661fb07c84040ccf481e8472ed6665e881e33dab299b6392cabc9dd2,benign,NO_VICTIM_ACTIVITY,,dike,full,1,1.0,,0,0,,,,1,0,0,0,0,0,,,0,1,0,0,1,150,0,0,1,0,0,0,1,0,1,1,,0,,,0,0,1,0,0,0,0,0,0,0,0,0,0,0,,0,0,,,,,,,,
NA3190,65445303675931b6ccc3090176e6196f25bced4236b479c2753500878cd41ac7,benign,FAILED,,dike,static_only,1,0.8,,,,,,,,,,,,,,,,,,,,123,0,0,6,0,0,0,2,1,0,1,,0,,,,,,,,,,,,,,,,,,,,,,,,,,,
NA3191,6544a829f9f12862f119082a1c194be87d3cbaf588546bdba140a58c8cf89036,benign,FAILED,,dike,static_only,1,0.0,,,,,,,,,,,,,,,,,,,,270,0,0,2,0,0,0,2,0,2,1,,0,,,,,,,,,,,,,,,,,,,,,,,,,,,
NA3192,65c24eabb20e0686667eb20ceb2bffd985aa966352630ba549ddd15a1df20ab7,benign,FAILED,,dike,static_only,1,1.3,,,,,,,,,,,,,,,,,,,,120,0,0,0,0,0,0,0,0,1,0,,0,,,,,,,,,,,,,,,,,,,,,,,,,,,
NA3193,65ec268add3973b6dca64222985da47caeaee44a340b0ec1466782914fd743d9,benign,FAILED,,dike,full,1,1.0,,0,0,,,,0,0,0,0,0,0,,,0,0,0,0,0,287,0,0,10,1,0,0,1,1,3,2,,0,,,0,0,1,0,0,0,0,0,0,0,0,0,0,0,,0,0,,,,,,,,
NA3194,65fcae1fb6d6ba322a5b81629813609d07ff20c4f46ba805bc2817f565c5bab5,benign,FAILED,,dike,full,1,1.0,,0,0,,,,0,0,0,0,0,0,,,0,0,0,0,0,150,0,0,0,0,0,0,1,2,1,1,,0,,,0,0,1,0,0,0,0,0,0,0,0,0,0,0,,0,0,,,,,,,,
NA3195,66cb052375cd7d242269f56305c4396747f29a5ae36c1a7435db1c1cfd3b706f,benign,FAILED,,dike,static_only,1,0.3,,,,,,,,,,,,,,,,,,,,622,0,0,3,0,0,0,0,0,2,0,,0,,,,,,,,,,,,,,,,,,,,,,,,,,,
NA3196,66e164388672cc2a63fe9cf2b600c901a321dd7c8d8be421a7ad5a3ebca048c0,benign,FAILED,,dike,static_only,1,1.3,,,,,,,,,,,,,,,,,,,,234,0,0,0,0,0,0,0,0,1,0,,0,,,,,,,,,,,,,,,,,,,,,,,,,,,
NA3197,6719c0eecd26a1f435351d8f8ebb77798126c348f8b3e1ad4f13d660240709e8,benign,FAILED,,dike,static_only,1,0.0,,,,,,,,,,,,,,,,,,,,226,0,0,3,0,0,0,1,0,2,1,,0,,,,,,,,,,,,,,,,,,,,,,,,,,,
NA3198,6771a75df81f13fbae25d95cab75541a4f132ef7eaab1e501338e75681de3ec3,benign,NO_VICTIM_ACTIVITY,,dike,full,0,0.0,,0,0,,,,5,0,0,0,0,0,,,0,3,0,0,3,1,0,0,0,0,0,0,0,0,0,0,,0,,,0,0,1,0,0,0,0,0,0,0,0,0,0,0,,0,0,,,,,,,,
NA3199,6778d6756f384d4cb9e93b058f29fc6c5d8623e0b5ed81ab48cf10464cbd2609,benign,FAILED,,dike,full,1,1.0,,0,0,,,,0,0,0,0,0,0,,,0,0,0,0,0,194,0,0,1,0,0,0,0,1,1,0,,0,,,0,0,1,0,0,0,0,0,0,0,0,0,0,0,,0,0,,,,,,,,
NA3200,6894a24537cb8d6ce78d1cbbbee91c33d41f12e031f397b78eeff3617803f98e,benign,FAILED,,dike,static_only,1,0.3,,,,,,,,,,,,,,,,,,,,47,0,0,1,0,0,0,0,0,0,0,,0,,,,,,,,,,,,,,,,,,,,,,,,,,,
NA3201,68c73e7c17fb1e16c4f6e906219f283412bbebe180dabfe2ef0e1b79933acad9,benign,FAILED,,dike,full,1,2.0,,0,0,,,,0,0,0,0,0,0,,,0,0,0,0,0,101,0,0,4,0,0,0,1,3,0,1,,0,,,0,0,1,0,0,0,0,0,0,0,0,0,0,0,,0,0,,,,,,,,
NA3202,692acd7aa54a1c159f7e09625bba47dfc6ce2ff6aeab9140550dc5a3b744a49d,benign,FAILED,,dike,full,1,1.0,,0,0,,,,0,0,0,0,0,0,,,0,0,0,0,0,98,0,0,0,0,0,0,0,0,1,0,,0,,,0,0,1,0,0,0,0,0,0,0,0,0,0,0,,0,0,,,,,,,,
NA3203,69727f0c868ea4a77e00ff05c83098bd75eee8bc025c95f92fe4b92da8635e3d,benign,FAILED,,dike,full,1,3.0,,0,0,,,,0,0,0,0,2,0,,,0,1,0,0,1,76,0,0,0,0,0,0,0,0,2,0,,0,,,0,0,1,0,0,0,0,0,0,0,0,0,0,0,,0,0,,,,,,,,
NA3204,699587c3762e20354daba4ee9f20d7fcaa257f6a1007d0f9fe8a89c8797f910c,benign,FAILED,,dike,full,1,1.2,,2,0,,,,1,2,0,0,0,0,0.0,0.0,0,1,0,1,0,103,0,0,5,0,0,0,0,0,2,0,,0,,,0,0,1,0,0,0,0,0,0,0,0,0,0,0,,0,0,,,,,,,,
NA3205,69df4166f03247f9694d0300db13485c0c6e4a4cf1b6968118fb4f0f9cf846dd,benign,NO_VICTIM_ACTIVITY,,dike,full,1,1.0,,0,0,,,,0,0,0,0,0,0,,,0,0,0,0,0,104,0,0,0,0,0,0,1,0,1,1,,0,,,0,0,1,0,0,0,0,0,0,0,0,0,0,0,,0,0,,,,,,,,
NA3206,69dfcca57024e28b1b7678eed75697df0567ea71f0ac97abc01691b9d5a67ecb,benign,NO_VICTIM_ACTIVITY,,dike,full,0,2.3,,0,46,,6.376825800964972,6.376825800964972,13,0,0,0,0,0,,,0,6,0,0,6,1,0,0,0,0,0,0,0,0,0,0,,0,,,0,1,0,0,0,0,0,0,0,0,0,0,0,0,,0,0,,,,,,,,
NA3207,6a79c28a86d7c88e8179cdaba8d357bbb9dab05bea990c026b67a594c2fc3372,benign,NO_VICTIM_ACTIVITY,,dike,full,0,8.0,,5,51,-1.0,6.332285204005451,6.332285204005451,5,5,0,0,0,0,0.0,0.0,0,4,0,2,2,1,0,0,0,0,0,0,0,0,0,0,,0,,,0,1,0,0,0,0,0,0,0,0,0,0,0,0,,0,0,,,,,,,,
NA3208,6aa04e0e76bfc243beee6d843fddc6689dfdada630dd08ccfc1863db3d8e3540,benign,FAILED,,dike,static_only,1,1.3,,,,,,,,,,,,,,,,,,,,123,0,0,0,0,0,0,0,0,1,0,,0,,,,,,,,,,,,,,,,,,,,,,,,,,,
NA3209,6acb71ca7d4319de851f86aebca13f7f2cd29a2d883e707ba8995eb87618b94f,benign,NO_VICTIM_ACTIVITY,,dike,full,1,9.0,,14,0,,,,71,14,1,1,0,8,0.07142857142857142,0.07142857142857142,1,33,0,6,27,47,0,0,0,0,0,0,0,0,1,0,,0,,,0,0,1,8,0,0,0,0,0,0,2,2,11,0,-1.5,0,0,,,,,,,,
NA3210,6adaf93fda108331512c279e967f55379586948ebbc3dab4746e3d13d4736d97,benign,FAILED,,dike,static_only,1,0.0,,,,,,,,,,,,,,,,,,,,203,0,0,2,0,0,0,0,0,1,0,,0,,,,,,,,,,,,,,,,,,,,,,,,,,,
NA3211,6b8bac4f5ebde2f753eb93bc91b3b2619e8f0b0a74521d16f4ebebae0b2e102b,benign,FAILED,,dike,static_only,1,0.0,,,,,,,,,,,,,,,,,,,,174,0,0,3,0,0,0,0,0,2,0,,0,,,,,,,,,,,,,,,,,,,,,,,,,,,
NA3212,6b8d1a1f785c103e2d75702c22491d1b3942878bcba7965c9f6b2ec46440726d,benign,FAILED,,dike,full,1,1.0,,0,0,,,,0,0,0,0,0,0,,,0,0,0,0,0,107,0,0,1,0,1,0,1,0,1,2,,0,,,0,0,1,0,0,0,0,0,0,0,0,0,0,0,,0,0,,,,,,,,
NA3213,6b9bdfdedb8dbda0f5c6bace22ea29010eceb6d4f8b3dbeea4949f43f6740cd8,benign,NO_VICTIM_ACTIVITY,,dike,full,1,2.8,,0,0,,,,4,0,0,0,0,0,,,0,1,0,0,1,520,0,0,8,1,3,0,2,1,0,3,,0,,,0,0,1,0,0,0,0,0,0,0,0,0,0,0,,0,0,,,,,,,,
NA3214,6bc1eff62faa5b54d178f25b0d5e4942ae310aa92feee3d2d99a8001b04e57db,benign,FAILED,,dike,full,1,1.8,,7,0,,,,0,7,0,0,0,0,0.0,0.0,0,1,0,1,0,83,0,0,5,0,0,0,0,1,0,0,,0,,,0,0,1,0,0,0,0,0,0,0,0,0,0,0,,0,0,,,,,,,,
NA3215,6bf6ce66b3cf86b96f4764a7908154290ca9f14915508da83d1676f14f54d097,benign,FAILED,,dike,static_only,1,0.3,,,,,,,,,,,,,,,,,,,,168,0,0,4,0,0,0,0,0,2,0,,0,,,,,,,,,,,,,,,,,,,,,,,,,,,
NA3216,6c29fa22f01232ee015ac027338ce7b69745844fae51d7cde0916acd371f3bfc,benign,FAILED,,dike,static_only,1,1.3,,,,,,,,,,,,,,,,,,,,155,0,0,0,0,0,0,0,0,1,0,,0,,,,,,,,,,,,,,,,,,,,,,,,,,,
NA3217,6caffa7c8e508569c7855512c7b36e00df52d13779572dc939e3f39a4948eca3,benign,NO_VICTIM_ACTIVITY,,dike,full,0,0.0,,0,16,,6.435138010041594,6.435138010041593,5,0,0,0,0,0,,,0,2,0,0,2,1,0,0,0,0,0,0,0,0,0,0,,0,,,0,1,0,0,0,0,0,0,0,0,0,0,0,0,,0,0,,,,,,,,
NA3218,6cbeb1e7555db4f22329195f26b455c475b79ece4b4b9566b94f91a94cb5a0d1,benign,FAILED,,dike,full,1,1.2,,0,0,,,,0,0,0,0,0,0,,,0,0,0,0,0,160,0,0,0,0,0,0,1,0,1,1,,0,,,0,0,1,0,0,0,0,0,0,0,0,0,0,0,,0,0,,,,,,,,
NA3219,6cf7815dff6fe6059596736338afa20e29aa8eba0bf80e048741deb3927314b3,benign,FAILED,,dike,static_only,1,2.3,,,,,,,,,,,,,,,,,,,,124,0,0,2,0,0,0,0,0,1,0,,0,,,,,,,,,,,,,,,,,,,,,,,,,,,
NA3220,6dbf6b578f0642bb6de9f9f9e2e92939c0580bfd0cd275475dbb57fcb1107b61,benign,FAILED,,dike,static_only,1,1.3,,,,,,,,,,,,,,,,,,,,118,0,0,0,0,0,0,0,0,1,0,,0,,,,,,,,,,,,,,,,,,,,,,,,,,,
NA3221,6e271366388fbc5a1e2e5204e7cf98557b44db2e9e34e1b6a7c8e7b80e14caab,benign,FAILED,,dike,full,1,1.0,,0,0,,,,0,0,0,0,0,0,,,0,0,0,0,0,142,0,0,0,0,0,0,0,0,2,0,,0,,,0,0,1,0,0,0,0,0,0,0,0,0,0,0,,0,0,,,,,,,,
NA3222,6e4849e0d92ae82380bf4bb6773a1ff27863038838a021ccade723e2adab5d73,benign,FAILED,,dike,static_only,1,0.3,,,,,,,,,,,,,,,,,,,,61,0,0,0,0,0,0,0,0,1,0,,0,,,,,,,,,,,,,,,,,,,,,,,,,,,
NA3223,6e62f34690a78a6ca9509c9adcbd674e778892e74d16643acd421a8fe877ccab,benign,FAILED,,dike,static_only,1,0.3,,,,,,,,,,,,,,,,,,,,51,0,0,4,0,0,0,0,0,1,0,,0,,,,,,,,,,,,,,,,,,,,,,,,,,,
NA3224,6ec73998706b02b0923d23ebf86d8656376f9f3c4d5a1ad5789bc3b621f0d398,benign,NO_VICTIM_ACTIVITY,,dike,full,1,1.0,,0,0,,,,0,0,0,0,0,0,,,0,0,0,0,0,69,0,0,0,0,0,0,0,0,1,0,,0,,,0,0,1,0,0,0,0,0,0,0,0,0,0,0,,0,0,,,,,,,,
NA3225,6ee4dca852ae3b8f2fa3dba67bf58ea089d1ad5af0946dad3350339877cb7f29,benign,FAILED,,dike,static_only,1,3.3,,,,,,,,,,,,,,,,,,,,148,0,0,0,0,0,0,0,0,1,0,,0,,,,,,,,,,,,,,,,,,,,,,,,,,,
NA3226,6faf6bc7caf49873d2c96592db1eb6fd65a19b1deae414640c1f5de4bdad136b,benign,NO_VICTIM_ACTIVITY,,dike,full,0,0.0,,0,0,,,,5,0,0,0,0,0,,,0,2,0,0,2,1,0,0,0,0,0,0,0,0,0,0,,0,,,0,0,1,0,0,0,0,0,0,0,0,0,0,0,,0,0,,,,,,,,
NA3227,70985dabcf2497a00eb7fe4c21452bbcf7aa56db01895d130a8dac728b712668,benign,NO_VICTIM_ACTIVITY,,dike,full,1,1.0,,0,0,,,,1,0,0,0,0,0,,,0,1,0,0,1,95,0,0,0,0,0,0,0,0,1,0,,0,,,0,0,1,0,0,0,0,0,0,0,0,0,4,0,,0,0,,,,,,,,
NA3228,712d1e37910db9fb3f97edd21aedd77ca7bd3abccffa1520ac5b26911c29401c,benign,FAILED,,dike,static_only,1,2.3,,,,,,,,,,,,,,,,,,,,90,0,0,0,0,0,0,0,0,1,0,,0,,,,,,,,,,,,,,,,,,,,,,,,,,,
NA3229,715b741d06464a7c5f3b67fec479806bf83543498e04e73b5a2e364bc07968b9,benign,NO_VICTIM_ACTIVITY,,dike,full,1,4.0,,0,0,,,,0,0,0,0,0,21,,,0,21,0,0,21,102,0,0,1,0,0,0,0,0,1,0,,0,,,0,0,1,42,0,0,0,0,0,0,0,0,0,0,,0,0,,,,,,,,
NA3230,71e8b80a35184e5061f69b61f3d86be5a03349c8bd0639c26c3152a02346c6f0,benign,NO_VICTIM_ACTIVITY,,dike,full,1,9.0,,0,4,,3.219539785312086,3.219539785312086,24,0,0,0,0,7,,,0,11,0,0,11,34,0,0,0,0,0,0,0,0,1,0,,0,,,0,1,0,7,0,0,0,0,0,0,2,2,9,0,,0,0,,,,,,,,
NA3231,71f59518cfceceeaa6ba958f34273949565d4176ec94a6f017fe992e09225a37,benign,FAILED,,dike,full,1,1.0,,8,0,,,,0,8,0,0,0,0,0.0,0.0,0,1,0,1,0,77,0,0,3,0,0,0,0,0,2,0,,0,,,0,0,1,0,0,0,0,0,0,0,0,0,0,0,,0,0,,,,,,,,
NA3232,7230968208169f32697afe22a58dd045687f5c64c5c20b0d0471e4b9aa37c783,benign,FAILED,,dike,static_only,1,0.3,,,,,,,,,,,,,,,,,,,,187,0,0,6,0,0,0,0,2,2,0,,0,,,,,,,,,,,,,,,,,,,,,,,,,,,
NA3233,729d140140c3af5b46031f1a7652b159b08721afa80776f17afe73633800afc1,benign,FAILED,,dike,full,1,1.3,,1,0,,,,2,1,0,0,0,0,0.0,0.0,0,1,0,1,0,78,0,0,3,0,0,0,0,0,2,0,,0,,,0,0,1,0,0,0,0,0,0,0,0,0,0,0,,0,0,,,,,,,,
NA3234,72c494406edd86560f4cc1ec5736b090df77b2736d94ef79236d3870958a3b18,benign,NO_VICTIM_ACTIVITY,,dike,full,0,0.0,,0,0,,,,5,0,0,0,0,0,,,0,3,0,0,3,1,0,0,0,0,0,0,0,0,0,0,,0,,,0,0,1,0,0,0,0,0,0,0,0,0,0,0,,0,0,,,,,,,,
NA3235,7301b6eaaa5847e6b6e41b020725e3c000211e3de35e99de18aca315a838be68,benign,FAILED,,dike,full,1,3.0,,0,0,,,,0,0,0,0,0,0,,,0,0,0,0,0,114,0,0,3,0,0,0,0,0,2,0,,0,,,0,0,1,0,0,0,0,0,0,0,0,0,0,0,,0,0,,,,,,,,
NA3236,73afc81967dac2d589ea014c208a21efc36f7b165cb461c20fd0851ca72df156,benign,FAILED,,dike,full,1,1.0,,0,0,,,,0,0,0,0,0,0,,,0,0,0,0,0,126,0,0,6,0,0,0,0,1,2,0,,0,,,0,0,1,0,0,0,0,0,0,0,0,0,0,0,,0,0,,,,,,,,
NA3237,73c92e25189fd49491c85cbf099bc72d390c587d6c42ee454b285280214f2d2e,benign,FAILED,,dike,static_only,1,8.0,,,,,,,,,,,,,,,,,,,,80,0,0,1,0,0,0,0,0,1,0,,0,,,,,,,,,,,,,,,,,,,,,,,,,,,
NA3238,7481b61d95c45a5ebb6dfc318a8a62f1524f815fb8fccc8859b373570c049538,benign,FAILED,,dike,static_only,1,1.0,,,,,,,,,,,,,,,,,,,,132,0,0,2,0,0,0,0,3,1,0,,0,,,,,,,,,,,,,,,,,,,,,,,,,,,
NA3239,7485ff522f4662ae5c91a5248e82370d9f24bb6e548fe279ce9e9e824c6c4d41,benign,FAILED,,dike,static_only,1,1.3,,,,,,,,,,,,,,,,,,,,82,0,0,0,0,0,0,0,0,1,0,,0,,,,,,,,,,,,,,,,,,,,,,,,,,,
NA3240,751941b4e09898c31791efeb5f90fc7367c89831d4a98637ed505e40763e287b,benign,FAILED,,dike,full,1,1.0,,0,0,,,,0,0,0,0,0,0,,,0,0,0,0,0,146,0,0,1,0,0,0,0,0,0,0,,0,,,0,0,1,0,0,0,0,0,0,0,0,0,0,0,,0,0,,,,,,,,
NA3241,755394b623e31d32f900de2f37ba04a0aa9a3c3c57dc34b8f5f4792f18c34196,benign,FAILED,,dike,static_only,1,1.3,,,,,,,,,,,,,,,,,,,,116,0,0,0,0,0,0,0,0,1,0,,0,,,,,,,,,,,,,,,,,,,,,,,,,,,
NA3242,75618935566046844c2d4270687f88dcfe5b50cd9d670adb7bfb0db1b1070beb,benign,FAILED,,dike,static_only,1,1.3,,,,,,,,,,,,,,,,,,,,270,0,0,0,0,0,0,0,0,1,0,,0,,,,,,,,,,,,,,,,,,,,,,,,,,,
NA3243,75b7971116bc93808372209737c5f272cde2b5409722dd7a13c5b780f98743ef,benign,FAILED,,dike,static_only,1,1.3,,,,,,,,,,,,,,,,,,,,120,0,0,2,0,0,0,0,0,1,0,,0,,,,,,,,,,,,,,,,,,,,,,,,,,,
NA3244,7637ebd20f2b197995d6876d3cd4b01479614f5c0859bf8466b1ec956c6b1993,benign,FAILED,,dike,static_only,1,1.3,,,,,,,,,,,,,,,,,,,,80,0,0,0,0,0,0,0,0,1,0,,0,,,,,,,,,,,,,,,,,,,,,,,,,,,
NA3245,7690b3f141152e6bebf78096aeb63413b8bf76f7c9bb09f70e1759705de79b34,benign,FAILED,,dike,static_only,1,0.3,,,,,,,,,,,,,,,,,,,,168,0,0,1,0,0,0,0,0,0,0,,0,,,,,,,,,,,,,,,,,,,,,,,,,,,
NA3246,769b372eeb56fcbd790a01ee345f20c31912f71d59d4d9fd0d22f6d9898c679e,benign,FAILED,,dike,static_only,1,1.3,,,,,,,,,,,,,,,,,,,,244,0,0,0,0,0,0,0,0,1,0,,0,,,,,,,,,,,,,,,,,,,,,,,,,,,
NA3247,776120defe19d7d4b09479b31c04185fa2772e379473e10331788d96dd8cb8fe,benign,NO_VICTIM_ACTIVITY,,dike,full,1,1.5,,0,0,,,,0,0,0,0,0,0,,,0,0,0,0,0,213,0,0,0,0,0,0,0,0,2,0,,0,,,0,0,1,0,0,0,0,0,0,0,0,0,3,0,,0,0,,,,,,,,
NA3248,7803b052e43134067de5e51da73aceae9ac9773f4192d5c7054eb6144892c45e,benign,NO_VICTIM_ACTIVITY,,dike,full,0,3.7,,0,48,,6.039143220868475,6.376825800964972,21,0,0,0,0,0,,,0,8,0,0,8,1,0,0,0,0,0,0,0,0,0,0,,0,,,0,1,0,0,0,0,0,0,0,0,0,0,0,0,,0,0,,,,,,,,
NA3249,78761073cea58405372a7ec6ae1269fa47493f92357c45f48b344b0b0b04efe7,benign,FAILED,,dike,static_only,1,2.3,,,,,,,,,,,,,,,,,,,,128,0,0,0,0,0,0,1,0,1,1,,0,,,,,,,,,,,,,,,,,,,,,,,,,,,
NA3250,78bdea8d1723fdce0295004b6d4de388ac42da4238f8af627c9db7e62865885e,benign,FAILED,,dike,static_only,1,1.0,,,,,,,,,,,,,,,,,,,,84,0,0,3,0,0,0,0,0,1,0,,0,,,,,,,,,,,,,,,,,,,,,,,,,,,
NA3251,79d27b57b5e2128fb96b229198fff3be95816d4495d26d512ec27cfd7406d0b5,benign,FAILED,,dike,static_only,1,1.3,,,,,,,,,,,,,,,,,,,,92,0,0,0,0,0,0,0,0,1,0,,0,,,,,,,,,,,,,,,,,,,,,,,,,,,
NA3252,7a6607db7115cddee32040a3a26f693de4c7aa57059c4476c3849d66ea145f61,benign,FAILED,,dike,static_only,1,0.3,,,,,,,,,,,,,,,,,,,,40,0,0,1,0,0,0,0,0,0,0,,0,,,,,,,,,,,,,,,,,,,,,,,,,,,
NA3253,7b6a2c47f68bdabc73a7dc13ffc5d8c241419161c13f88f85de0e4ab5e5ca7f2,benign,FAILED,,dike,static_only,1,0.0,,,,,,,,,,,,,,,,,,,,209,0,0,6,1,0,0,2,4,2,2,,0,,,,,,,,,,,,,,,,,,,,,,,,,,,
NA3254,7bcdc2e607abc65ef93afd009c3048970d9e8d1c2a18fc571562396b13ebb301,benign,FAILED,,dike,full,1,4.0,,2,0,,,,0,2,0,0,0,1,0.0,0.0,0,1,0,1,0,65,0,0,3,0,0,0,0,1,0,0,,0,,,0,0,1,0,0,0,0,0,0,0,0,0,0,0,,0,0,,,,,,,,
NA3255,7bd7788f79331f25841b4286cdbaaddb012e204a873d232c864195d0c4314304,benign,NO_VICTIM_ACTIVITY,,dike,full,1,8.0,,435,4,-0.011092459211216757,3.219539785312086,3.219539785312086,853,435,9,2,5,7,0.020689655172413793,0.004597701149425287,3,190,2,127,61,159,0,0,0,0,0,0,0,0,2,0,,0,,,0,1,0,8,0,0,0,0,0,0,2,2,34,11,-24.8,0,0,,,,,,,,
NA3256,7c68a4e7473f346650f661ed9e3751ad4f0df63dd0cee221501a8bfe720d3fa1,benign,FAILED,,dike,static_only,1,0.3,,,,,,,,,,,,,,,,,,,,91,0,0,0,0,0,0,0,0,2,0,,0,,,,,,,,,,,,,,,,,,,,,,,,,,,
NA3257,7c7543e0da2da1296bb6246321fb7139f87632762a26ca5614a342fffd16816a,benign,FAILED,,dike,static_only,1,0.3,,,,,,,,,,,,,,,,,,,,44,0,0,1,0,0,0,0,0,0,0,,0,,,,,,,,,,,,,,,,,,,,,,,,,,,
NA3258,7cf512d74a58fe94c5662f4ee208ae10b04a48fc5473fc8785624b6887befd20,benign,FAILED,,dike,static_only,1,1.0,,,,,,,,,,,,,,,,,,,,170,0,0,3,0,0,0,2,0,1,1,,0,,,,,,,,,,,,,,,,,,,,,,,,,,,
NA3259,7d230c7c724db9cd0413998244ab609de62b813457a1722fd1502670e516203f,benign,FAILED,,dike,static_only,1,2.3,,,,,,,,,,,,,,,,,,,,169,3,1,0,0,0,0,0,0,1,1,,0,,,,,,,,,,,,,,,,,,,,,,,,,,,
NA3260,7d9f8cd8eeb55e98af261c4f2c388b3a87640dc7e5f4f531678f45191363c401,benign,FAILED,,dike,static_only,1,2.8,,,,,,,,,,,,,,,,,,,,77,0,0,0,0,0,0,0,0,2,0,,0,,,,,,,,,,,,,,,,,,,,,,,,,,,
NA3261,7e593969455a03083089f4e917a899e785dd7c527068861a877073cc67b2a0e8,benign,FAILED,,dike,full,1,3.0,,0,0,,,,0,0,0,0,0,0,,,0,0,0,0,0,84,0,0,0,0,0,0,0,0,1,0,,0,,,0,0,1,0,0,0,0,0,0,0,0,0,0,0,,0,0,,,,,,,,
NA3262,7ecffd533e28478d04346f5d4dca784e718f84e6195119d005771dbec5ab6f32,benign,FAILED,,dike,static_only,1,2.3,,,,,,,,,,,,,,,,,,,,148,0,0,2,0,0,0,0,1,2,0,,0,,,,,,,,,,,,,,,,,,,,,,,,,,,
NA3263,7efacea841e47881128005d46fb5935088cd2f771124aff1d822be9f21a0954b,benign,NO_VICTIM_ACTIVITY,,dike,full,0,0.0,,0,0,,,,3,0,0,0,0,0,,,0,1,0,0,1,1,0,0,0,0,0,0,0,0,0,0,,0,,,0,0,1,0,0,0,0,0,0,0,0,0,0,0,,0,0,,,,,,,,
NA3264,7f4df870f78542b1941fff00ae1a66191d89893b7e80f6c9e953a432076c5bb8,benign,NO_VICTIM_ACTIVITY,,dike,full,0,3.7,,0,0,,,,6,0,0,0,0,0,,,0,2,0,0,2,1,0,0,0,0,0,0,0,0,0,0,,0,,,0,0,1,0,0,0,0,0,0,0,0,0,0,0,,0,0,,,,,,,,
NA3265,7f966ade3a962e17e5a06666e92a9bc689595252d9891e2c940444956d03b577,benign,FAILED,,dike,full,1,3.3,,0,0,,,,4,0,0,0,0,0,,,0,1,0,0,1,99,0,0,1,0,0,0,0,0,2,0,,0,,,0,0,1,0,0,0,0,0,0,0,0,0,0,0,,0,0,,,,,,,,
NA3266,7fbdca56ddc65972ff22388b31d87a3fc2da0b0ca44cfbcab3467e54a6fbdc30,benign,FAILED,,dike,full,1,1.0,,0,0,,,,0,0,0,0,0,0,,,0,0,0,0,0,61,0,0,1,0,0,0,0,0,2,0,,0,,,0,0,1,0,0,0,0,0,0,0,0,0,1,0,,0,0,,,,,,,,
NA3267,7fd2d6334786adf1849a096e5709201f708cf981273fa2179b293871be4f3408,benign,FAILED,,dike,static_only,1,0.3,,,,,,,,,,,,,,,,,,,,102,0,0,0,0,0,0,0,0,1,0,,0,,,,,,,,,,,,,,,,,,,,,,,,,,,
NA3268,800237878d37339b3520f3a80a3c6bea3194dab080cfe22aec2b4af3c67e8e79,benign,FAILED,,dike,full,1,3.0,,57,0,,,,0,57,0,0,0,0,0.0,0.0,0,2,0,2,0,96,0,0,1,0,0,0,0,0,1,0,,0,,,0,0,1,0,0,0,0,0,0,0,0,0,0,0,,0,0,,,,,,,,
NA3269,801a3a21b3c8422534b0d05582967d177f9a588579a7f9953bcd7beec78cb982,benign,FAILED,,dike,static_only,1,0.0,,,,,,,,,,,,,,,,,,,,282,0,0,1,1,0,0,0,0,2,1,,0,,,,,,,,,,,,,,,,,,,,,,,,,,,
NA3270,80d3d281ab93307f50f069426f8ddd133456a2d5b7ea8aa84e2fc63ffa96d630,benign,FAILED,,dike,full,1,1.2,,1,0,,,,0,1,0,0,0,0,0.0,0.0,0,1,0,1,0,144,0,0,5,1,0,0,0,1,2,1,,0,,,0,0,1,0,0,0,0,0,0,0,0,0,0,0,,0,0,,,,,,,,
NA3271,817335a115e2fa1356d59b119a065d35ef8ca4b34b4d715169dd9cf5b3ed4be7,benign,FAILED,,dike,static_only,1,0.3,,,,,,,,,,,,,,,,,,,,74,0,0,0,0,0,0,0,0,1,0,,0,,,,,,,,,,,,,,,,,,,,,,,,,,,
NA3272,81b7205e9825fec25eeab1c074c04db16daa4c5ea433631959ea5ef90d7e787f,benign,FAILED,,dike,full,1,8.0,,2,22,-0.9467292624062575,5.605847579233615,7.173765771064857,0,2,1,0,0,0,0.5,0.0,1,1,0,0,1,129,9,1,3,1,0,0,1,1,1,3,,0,,,0,0,1,0,0,0,0,0,0,0,0,0,3,1,,0,0,,,,,,,,
NA3273,81c6fb4c2ce61eb6ca4d86f70f2c905a00c814b9fd37fd1ca0ab94a169165a34,benign,FAILED,,dike,static_only,1,1.3,,,,,,,,,,,,,,,,,,,,119,0,0,0,0,0,0,0,0,1,0,,0,,,,,,,,,,,,,,,,,,,,,,,,,,,
NA3274,827c8b3a6a54056b200d288c60b29c59e4f67dd9144e96ac79ebc79ece4f4997,benign,FAILED,,dike,static_only,1,1.3,,,,,,,,,,,,,,,,,,,,57,0,0,0,0,0,0,0,0,1,0,,0,,,,,,,,,,,,,,,,,,,,,,,,,,,
NA3275,828985c661c1120521b210504fa5c6953717a0f841cdb9bce4507c3cde94e4f6,benign,FAILED,,dike,full,1,0.0,,0,0,,,,0,0,0,0,0,0,,,0,0,0,0,0,122,0,0,3,0,0,0,1,0,2,1,,0,,,0,0,1,0,0,0,0,0,0,0,0,0,0,0,,0,0,,,,,,,,
NA3276,82de969474a42b8180214095219fa488c130e7599e00a472b05f4534a469df86,benign,NO_VICTIM_ACTIVITY,,dike,full,0,9.0,,0,0,,,,2,0,0,0,0,7,,,0,9,0,0,9,1,0,0,0,0,0,0,0,0,0,0,,0,,,0,0,1,7,0,0,0,0,0,0,3,3,2,0,,0,0,,,,,,,,
NA3277,83e2efaf90f761b2c43223f44ec243464ec012cf6c1a44620fe6414dbce7f8b9,benign,NO_VICTIM_ACTIVITY,,dike,full,1,1.0,,0,3,,3.6829491584263745,3.6829491584263745,12,0,0,0,0,0,,,0,2,0,0,2,80,0,0,0,0,0,0,0,0,2,0,,0,,,0,1,0,0,0,0,0,0,0,0,0,0,6,2,,0,0,,,,,,,,
NA3278,83f87fd5b2e359fb2f25a012421ab4d11885f0c511840ce568770eb3abad455b,benign,NO_VICTIM_ACTIVITY,,dike,full,0,0.0,,0,0,,,,5,0,0,0,0,0,,,0,2,0,0,2,1,0,0,0,0,0,0,0,0,0,0,,0,,,0,0,1,0,0,0,0,0,0,0,0,0,0,0,,0,0,,,,,,,,
NA3279,84334e36dde4b53d300517a8ae81865347cf923df28b6b8906cb7bc3528f0655,benign,FAILED,,dike,static_only,1,2.3,,,,,,,,,,,,,,,,,,,,100,0,0,0,0,0,0,0,0,2,0,,0,,,,,,,,,,,,,,,,,,,,,,,,,,,
NA3280,8489db35375d890314eb8f7cd9e0cbd3866475f4e252865f00f649b0a02fd757,benign,FAILED,,dike,full,1,3.0,,0,0,,,,0,0,0,0,0,0,,,0,0,0,0,0,213,2,2,1,1,0,0,1,2,1,3,,0,,,1,0,0,0,0,0,0,0,0,0,0,0,0,0,,0,0,,,,,,,,
NA3281,84a9fc2e2c07213baa97f6bb3f8e21d050705c7fb2144493fd9cb1b805318fce,benign,FAILED,,dike,static_only,1,0.3,,,,,,,,,,,,,,,,,,,,49,0,0,1,0,0,0,0,0,0,0,,0,,,,,,,,,,,,,,,,,,,,,,,,,,,
NA3282,852b7a4831b702ec280c32fdcfd3d1cbfe3ab24884207d811933191d5162bf99,benign,FAILED,,dike,static_only,1,0.3,,,,,,,,,,,,,,,,,,,,93,0,0,0,0,0,0,0,0,1,0,,0,,,,,,,,,,,,,,,,,,,,,,,,,,,
NA3283,856c9490f1798ed054943aa9aa8f0c28268b9c3ba2bd0e8d1d140d483aaf7be8,benign,FAILED,,dike,static_only,1,0.3,,,,,,,,,,,,,,,,,,,,723,0,0,0,0,0,0,0,0,1,0,,0,,,,,,,,,,,,,,,,,,,,,,,,,,,
NA3284,85b06f0bb2e989a6207aac3ca8ccd67433d792ef1bafe19737acd4d0fac68808,benign,FAILED,,dike,static_only,1,0.3,,,,,,,,,,,,,,,,,,,,129,1,0,5,0,0,0,0,1,1,1,,0,,,,,,,,,,,,,,,,,,,,,,,,,,,
NA3285,85ef58b8caeb5514c2f2e34aaa5bf2aa918fe4278d71fef3e4dc95e88c1b434f,benign,NO_VICTIM_ACTIVITY,,dike,full,1,0.0,,0,0,,,,0,0,0,0,0,0,,,0,0,0,0,0,136,0,0,0,0,0,0,0,0,2,0,,0,,,0,0,1,0,0,0,0,0,0,0,0,0,0,0,,0,0,,,,,,,,
NA3286,85f9d9edd044d2bb88e21c3abf373dc05684068e32ea9b9236cc276cea22f67d,benign,FAILED,,dike,full,1,1.0,,0,0,,,,0,0,0,0,0,0,,,0,0,0,0,0,129,0,0,0,0,0,0,0,0,1,0,,0,,,0,0,1,0,0,0,0,0,0,0,0,0,8,0,,0,0,,,,,,,,
NA3287,86217ca15da106db4f141ecd5ec26dca0cec0ab8d6ca1e03ad154487684e6241,benign,FAILED,,dike,static_only,1,0.3,,,,,,,,,,,,,,,,,,,,118,0,0,1,0,0,0,0,0,0,0,,0,,,,,,,,,,,,,,,,,,,,,,,,,,,
NA3288,863e91ccc957d0614ec5c609cfbc0e3b7d19f3f17688619a84843a28d887fece,benign,FAILED,,dike,full,1,1.2,,0,0,,,,0,0,0,0,0,0,,,0,0,0,0,0,76,0,0,0,0,0,0,0,0,1,0,,0,,,0,0,1,0,0,0,0,0,0,0,0,0,0,0,,0,0,,,,,,,,
NA3289,86c8b86a80e911bb63d7a78b828bf45a02afb5c9ab271906720feeec7c24fe7d,benign,NO_VICTIM_ACTIVITY,,dike,full,0,9.0,,0,0,,,,2,0,0,0,0,8,,,0,10,0,0,10,1,0,0,0,0,0,0,0,0,0,0,,0,,,0,0,1,7,0,0,0,0,0,0,3,3,2,0,,0,0,,,,,,,,
NA3290,86cecb5aaac5dc004f3b4ddceb327be61e5721e971ad0e653762ec3e59850872,benign,FAILED,,dike,static_only,1,1.3,,,,,,,,,,,,,,,,,,,,144,0,0,0,0,0,0,0,0,1,0,,0,,,,,,,,,,,,,,,,,,,,,,,,,,,
NA3291,86ee28923d4e7255762442fe93f220237197a756182ce320f5f6887b5c7147c5,benign,FAILED,,dike,full,1,1.5,,0,0,,,,1,0,0,0,0,0,,,0,1,0,0,1,76,0,0,4,0,0,0,0,0,2,0,,0,,,0,0,1,0,0,0,0,0,0,0,0,0,0,0,,0,0,,,,,,,,
NA3292,8717c97be818a349c7de83777d822ccbd153f506cd5fe26347aed40c9c51a5ad,benign,NO_VICTIM_ACTIVITY,,dike,full,1,7.0,,0,0,,,,62,0,0,0,0,0,,,0,8,0,0,8,26,0,0,0,0,0,0,0,0,1,0,,0,,,0,0,1,0,0,0,0,0,0,0,0,0,3,0,,0,0,,,,,,,,
NA3293,87761316a30570bb0dc19f88d4c0c2d55bf8654e6d151b255db588a99a1851ca,benign,FAILED,,dike,static_only,1,2.3,,,,,,,,,,,,,,,,,,,,109,0,0,4,0,0,0,0,1,1,0,,0,,,,,,,,,,,,,,,,,,,,,,,,,,,
NA3294,87bb885fe065f898b548af8da85cd160981de71b9b2ed74004613ce790f106dc,benign,FAILED,,dike,static_only,1,0.0,,,,,,,,,,,,,,,,,,,,259,4,1,3,0,0,0,1,0,2,2,,0,,,,,,,,,,,,,,,,,,,,,,,,,,,
NA3295,88310b08b26d92dd8fad1f693f555e70833a438fe2acf0a0f4220849806aeb71,benign,FAILED,,dike,static_only,1,3.0,,,,,,,,,,,,,,,,,,,,45,0,0,0,0,0,0,0,0,1,0,,0,,,,,,,,,,,,,,,,,,,,,,,,,,,
NA3296,883784cb5ad19e41be230e6f6cd0ca5fbfd063bac188c718da798836dbe49288,benign,NO_VICTIM_ACTIVITY,,dike,full,0,0.0,,9,16,,6.376825800964972,6.376825800964972,3,9,0,0,0,0,0.0,0.0,0,2,0,1,1,1,0,0,0,0,0,0,0,0,0,0,,0,,,0,1,0,0,0,0,0,0,0,0,0,0,0,0,,0,0,,,,,,,,
NA3297,88e0b47230be821a1794097aa74dd569c2ae2b3c71ce3e1165deb6e8de0447b0,benign,FAILED,,dike,static_only,1,1.3,,,,,,,,,,,,,,,,,,,,70,0,0,0,0,0,0,0,0,1,0,,0,,,,,,,,,,,,,,,,,,,,,,,,,,,
NA3298,88ec1f01619de1296a93e19cbdf9fd14564217fde42e396c65f278b5a0327a6d,benign,FAILED,,dike,static_only,1,1.3,,,,,,,,,,,,,,,,,,,,175,0,0,0,0,0,0,0,0,1,0,,0,,,,,,,,,,,,,,,,,,,,,,,,,,,
NA3299,892b09263e622b1f4f3133e76959fc50ffafe2ab8c9c1f972484f6bd4f697efe,benign,FAILED,,dike,static_only,1,2.3,,,,,,,,,,,,,,,,,,,,133,0,0,3,0,0,0,2,3,3,1,,0,,,,,,,,,,,,,,,,,,,,,,,,,,,
NA3300,89441cca04cfaebcacaa194a59d78e1fee62fc3c608704401a2dd1035d71d8de,benign,NO_VICTIM_ACTIVITY,,dike,full,1,0.8,,0,0,,,,1,0,0,0,0,0,,,0,1,0,0,1,29,0,0,0,0,0,0,0,0,1,0,,0,,,0,0,1,0,0,0,0,0,0,0,0,0,0,0,,0,0,,,,,,,,
NA3301,895df1d66a5fa1f29d388d3d8ee9cd9f6ecbc51fab75daf17063fc72f20e52ed,benign,FAILED,,dike,static_only,1,0.3,,,,,,,,,,,,,,,,,,,,147,0,0,3,0,0,0,0,0,2,0,,0,,,,,,,,,,,,,,,,,,,,,,,,,,,
NA3302,89612896ddfb0bf628222f669aa90c67f4d66e2dd8d5f1b90cad47f4ff9c2cd1,benign,NO_VICTIM_ACTIVITY,,dike,full,1,3.0,,0,0,,,,0,0,0,0,0,0,,,0,0,0,0,0,66,0,0,1,0,0,0,0,0,1,0,,0,,,0,0,1,0,0,0,0,0,0,0,0,0,0,0,,0,0,,,,,,,,
NA3303,898e0f5cf14282b0e162b0655b0d35cd236e350350b68fc73e44eb7663645856,benign,FAILED,,dike,full,1,0.0,,0,0,,,,0,0,0,0,0,0,,,0,0,0,0,0,301,11,2,6,0,0,0,1,3,2,2,,0,,,1,0,0,0,0,0,0,0,0,0,0,0,0,0,,0,0,,,,,,,,
NA3304,899355a6ec9e912980f06d8ff867f494e3c2e86734e2702e4cbc30ab48c53267,benign,FAILED,,dike,static_only,1,2.3,,,,,,,,,,,,,,,,,,,,444,6,0,8,0,0,0,1,1,2,2,boost,0,,,,,,,,,,,,,,,,,,,,,,,,,,,
NA3305,8a003a2f25c4d464c9123cae4467afd4b50cc05287b370c53494c472bfbc8b48,benign,NO_VICTIM_ACTIVITY,,dike,full,1,8.0,,62,0,,,,23,62,9,2,5,7,0.14516129032258066,0.03225806451612903,3,22,2,8,12,110,0,0,0,0,0,0,0,0,1,0,,0,,,0,0,1,8,0,0,0,0,0,0,2,2,42,11,240.2,0,0,,,,,,,,
NA3306,8aaf7e97960e9bc08487682382b2dc6b3b290b0d120855353b893e453cdc4326,benign,FAILED,,dike,static_only,1,1.3,,,,,,,,,,,,,,,,,,,,270,0,0,0,0,0,0,0,0,1,0,,0,,,,,,,,,,,,,,,,,,,,,,,,,,,
NA3307,8ae7d639819eec269bfa71ebb97af5aca69ea050b546d3330ed1f17965c2d3eb,benign,FAILED,,dike,static_only,1,1.3,,,,,,,,,,,,,,,,,,,,82,0,0,0,0,0,0,0,0,1,0,,0,,,,,,,,,,,,,,,,,,,,,,,,,,,
NA3308,8b2bd52e65fa66c795b1b91b06a3c178d94351b5cd63a98ff6eea6f8b3405f26,benign,FAILED,,dike,static_only,1,0.3,,,,,,,,,,,,,,,,,,,,44,0,0,1,0,0,0,0,0,0,0,,0,,,,,,,,,,,,,,,,,,,,,,,,,,,
NA3309,8b658db99f95a84d2dade78aeccec5be93b25392ffc80f78b457c3523827e7d2,benign,FAILED,,dike,static_only,1,1.3,,,,,,,,,,,,,,,,,,,,75,0,0,0,0,0,0,0,0,1,0,,0,,,,,,,,,,,,,,,,,,,,,,,,,,,
NA3310,8bc53c486cba7fca5ffe4dd43976cbaac6bfb24acc95d23da5ad5bc0e0689a3e,benign,NO_VICTIM_ACTIVITY,,dike,full,0,9.0,,4,0,,,,2,4,1,1,0,10,0.25,0.25,1,14,0,2,12,1,0,0,0,0,0,0,0,0,0,0,,0,,,0,0,1,9,0,0,0,0,0,0,2,2,13,3,-87.9,0,0,,,,,,,,
NA3311,8c337526a786aa3d88570258e988f527d098318947c6d1c699b4e3ab9012f643,benign,FAILED,,dike,static_only,1,1.0,,,,,,,,,,,,,,,,,,,,102,0,0,0,0,0,0,0,0,2,0,,0,,,,,,,,,,,,,,,,,,,,,,,,,,,
NA3312,8c953a78a471f5ed443a422f015d19ae58ad382a4383825b3c375e861cf25c33,benign,FAILED,,dike,static_only,1,1.3,,,,,,,,,,,,,,,,,,,,103,0,0,0,0,0,0,0,0,1,0,,0,,,,,,,,,,,,,,,,,,,,,,,,,,,
NA3313,8cd9134f004058d8b98c9118588f4f9c0e0a78841f56bdab5d56d5333ab3c8c0,benign,FAILED,,dike,full,1,1.0,,0,0,,,,0,0,0,0,0,0,,,0,0,0,0,0,127,0,0,0,0,0,0,0,0,2,0,,0,,,0,0,1,0,0,0,0,0,0,0,0,0,0,0,,0,0,,,,,,,,
NA3314,8cfb55087fa8e4c1e7bcc580d767cf2c884c1b8c890ad240c1e7009810af6736,benign,NO_VICTIM_ACTIVITY,,dike,full,1,0.0,,0,0,,,,0,0,0,0,0,0,,,0,0,0,0,0,57,0,0,0,0,0,0,0,0,2,0,,0,,,0,0,1,0,0,0,0,0,0,0,0,0,1,0,,0,0,,,,,,,,
NA3315,8d042a417c37d48336b24ca108669734e259c3298072ee95032ca4ff94928b85,benign,FAILED,,dike,static_only,1,0.3,,,,,,,,,,,,,,,,,,,,316,0,0,0,0,0,0,0,0,1,0,,0,,,,,,,,,,,,,,,,,,,,,,,,,,,
NA3316,8d3e20eec3066ae31bfec63dfc5def83ec3fb788456c18fd6f7cbec9d7689cd3,benign,FAILED,,dike,static_only,1,1.3,,,,,,,,,,,,,,,,,,,,255,0,0,0,0,0,0,0,0,1,0,,0,,,,,,,,,,,,,,,,,,,,,,,,,,,
NA3317,8d8491cb71fb375f6509a6521c09f685368530ba2eed68abc8cab2f45828a65e,benign,NO_VICTIM_ACTIVITY,,dike,full,1,8.0,,4,0,,,,28,4,0,0,0,1,0.0,0.0,0,6,0,2,4,96,0,0,3,0,0,0,2,0,0,1,,506,2,1,0,0,1,1,0,0,0,0,0,0,0,0,0,0,,0,0,,,,,,,,
NA3318,8df9747354421c6cabbfabe94bef66f7ce1c5d8b002b4eb749c8534bc544b22d,benign,NO_VICTIM_ACTIVITY,,dike,full,1,8.0,,17,13,0.21367547639951484,,,26,17,0,0,0,3,0.0,0.0,0,32,0,5,27,300,0,0,5,0,0,0,0,1,2,0,boost,0,,,0,1,0,3,0,0,0,0,0,0,2,2,13,0,-21.1,0,0,,,,,,,,
NA3319,8e9353fc3c070861eb933c7c33f2d08d7c015496e81b90d48d9ea6d6700ed1ed,benign,FAILED,,dike,static_only,1,1.0,,,,,,,,,,,,,,,,,,,,95,0,0,3,0,0,0,0,0,1,0,,0,,,,,,,,,,,,,,,,,,,,,,,,,,,
NA3320,8e9dd45d81352c2fe6f6b6ab124ae81d2b6485dba434bd59cfe8ce44f7628b24,benign,NO_VICTIM_ACTIVITY,,dike,full,0,0.0,,0,51,,6.435138010041593,6.435138010041593,3,0,0,0,0,0,,,0,1,0,0,1,1,0,0,0,0,0,0,0,0,0,0,,0,,,0,1,0,0,0,0,0,0,0,0,0,0,0,0,,0,0,,,,,,,,
NA3321,8ea1614a29687f2fb8d981124a848a09592f7379d35e227494dadd1ea9d01b0d,benign,FAILED,,dike,static_only,1,0.3,,,,,,,,,,,,,,,,,,,,163,0,0,0,1,0,0,1,0,2,2,,0,,,,,,,,,,,,,,,,,,,,,,,,,,,
NA3322,8eec4762258ea8a0bc17ce048ea3f09c16c7731e4de04a7d7b2f4d4537c4a38b,benign,FAILED,,dike,static_only,1,0.0,,,,,,,,,,,,,,,,,,,,95,0,0,1,0,0,0,2,0,2,1,,0,,,,,,,,,,,,,,,,,,,,,,,,,,,
NA3323,8f03c75dbf16f2b3c9ec82f979072ac746499c950c86e56d655ccc1a943282f3,benign,FAILED,,dike,static_only,1,1.3,,,,,,,,,,,,,,,,,,,,112,0,0,0,0,0,0,0,0,1,0,,0,,,,,,,,,,,,,,,,,,,,,,,,,,,
NA3324,8f84297a24e0addcbd785c4c4626aabbd134ee785975060301c3c571156eddbb,benign,FAILED,,dike,full,1,1.0,,0,0,,,,0,0,0,0,0,0,,,0,0,0,0,0,81,0,0,1,0,0,0,0,0,1,0,,0,,,0,0,1,0,0,0,0,0,0,0,0,0,0,0,,0,0,,,,,,,,
NA3325,8fe31269d1acd87ef39cde0b6f82a8a5088bb526eb3e43e1adfde86392901490,benign,FAILED,,dike,static_only,1,0.3,,,,,,,,,,,,,,,,,,,,89,0,0,1,0,0,0,0,0,0,0,,0,,,,,,,,,,,,,,,,,,,,,,,,,,,
NA3326,91739478be752086cd1a0c3c88ca3d84397e4decad1338f1b72e200f0e44614d,benign,FAILED,,dike,full,1,0.0,,0,0,,,,0,0,0,0,0,0,,,0,0,0,0,0,185,0,0,5,0,0,0,1,0,3,1,,0,,,0,0,1,0,0,0,0,0,0,0,0,0,0,0,,0,0,,,,,,,,
NA3327,91af8ea302e2d8e2bc0e8623f59412b9994e4617d160cd3a0af22da9acb24ca0,benign,FAILED,,dike,full,1,3.0,,0,0,,,,0,0,0,0,0,0,,,0,0,0,0,0,141,0,0,4,0,0,0,0,0,2,0,,0,,,0,0,1,0,0,0,0,0,0,0,0,0,0,0,,0,0,,,,,,,,
NA3328,9284e5d50f490c02f12ab09fe96893372dc7a0edd07e432bb601501daea41ccd,benign,NO_VICTIM_ACTIVITY,,dike,full,1,7.0,,0,0,,,,1,0,0,0,0,0,,,0,1,0,0,1,49,0,0,0,0,0,0,0,0,1,0,,0,,,0,0,1,0,0,0,0,0,0,0,0,0,1,0,,0,0,,,,,,,,
NA3329,92b7615978242ff21469c57a1d06f5a4f229a5273d79b1b3612d1390bd5fff33,benign,FAILED,,dike,static_only,1,0.0,,,,,,,,,,,,,,,,,,,,444,2,0,6,1,0,0,4,3,4,3,,0,,,,,,,,,,,,,,,,,,,,,,,,,,,
NA3330,9343f71a3d2599ac88d7d49227b87023146f9aa815afffb771cd679c713e1ae3,benign,FAILED,,dike,static_only,1,0.3,,,,,,,,,,,,,,,,,,,,421,0,0,7,0,0,0,0,1,2,0,,0,,,,,,,,,,,,,,,,,,,,,,,,,,,
NA3331,939b66c8dc9e2680922a58e7ed9e9fb39f9c3574b5800d35a082eaf85ef5b79a,benign,FAILED,,dike,full,1,3.5,,2,8,-0.8164965809277261,4.9839376485442335,7.096758004145969,0,2,0,0,0,0,0.0,0.0,0,1,0,1,0,88,5,0,0,0,0,0,1,0,1,2,,0,,,0,0,1,0,0,0,0,0,0,0,0,0,0,0,,0,0,,,,,,,,
NA3332,94dd32531d350e657a742226a66120f1394c45dda5ef3821aaab54fc393dad4f,benign,FAILED,,dike,static_only,1,1.0,,,,,,,,,,,,,,,,,,,,33,0,0,0,0,0,0,0,0,1,0,,0,,,,,,,,,,,,,,,,,,,,,,,,,,,
NA3333,952ba4c3e8127b711b4d63d557b96669d64e36ec3067ed2a92bdfa999869a708,benign,FAILED,,dike,full,1,1.0,,0,0,,,,0,0,0,0,0,0,,,0,0,0,0,0,90,0,0,0,0,0,0,0,0,1,0,,0,,,0,0,1,0,0,0,0,0,0,0,0,0,0,0,,0,0,,,,,,,,
NA3334,954d7d13a11827116cc88a12b1e12ce34604264948cc32e4a3ef6d6d6afa2913,benign,NO_VICTIM_ACTIVITY,,dike,full,1,3.0,,0,0,,,,1,0,0,0,0,0,,,0,1,0,0,1,127,0,0,1,0,0,0,2,0,1,1,,0,,,0,0,1,0,0,0,0,0,0,0,0,0,0,0,,0,0,,,,,,,,
NA3335,958d50d5468cfa8909c5bef2476f88eb82bd112a6139c631601ff50cd77665b6,benign,FAILED,,dike,static_only,1,1.3,,,,,,,,,,,,,,,,,,,,118,0,0,0,0,0,0,0,0,1,0,,0,,,,,,,,,,,,,,,,,,,,,,,,,,,
NA3336,95a956b0e45c41a80fbc6b479226a9c6780da71e223ca1643cc2e060feea5977,benign,NO_VICTIM_ACTIVITY,,dike,full,0,0.0,,0,0,,,,3,0,0,0,0,0,,,0,1,0,0,1,1,0,0,0,0,0,0,0,0,0,0,,0,,,0,0,1,0,0,0,0,0,0,0,0,0,0,0,,0,0,,,,,,,,
NA3337,95d0bac15fd457b5fc60133aa43f3da33fb7d8fb66e462ffd2ca4b7a64805573,benign,FAILED,,dike,static_only,1,0.0,,,,,,,,,,,,,,,,,,,,1088,0,0,4,4,0,0,2,3,3,2,,0,,,,,,,,,,,,,,,,,,,,,,,,,,,
NA3338,9698fe5597f8c7ede90202b7f4498544103c640724b8d2a94beceddb3e926837,benign,FAILED,,dike,full,1,0.8,,171,0,,,,0,171,0,0,0,0,0.0,0.0,0,4,0,4,0,98,0,0,3,0,0,0,0,0,1,0,,0,,,0,0,1,0,0,0,0,0,0,0,0,0,0,0,,0,0,,,,,,,,
NA3339,969ded862b76b2b1e7c639e743f24636d1f522477817a983b5ee329cf9f186e9,benign,NO_VICTIM_ACTIVITY,,dike,full,1,7.0,,0,0,,,,1,0,0,0,0,0,,,0,1,0,0,1,26,0,0,0,0,0,0,0,0,1,0,,0,,,0,0,1,0,0,0,0,0,0,0,0,0,0,0,,0,0,,,,,,,,
NA3340,96c29e56a8e5a60a09d9125683d29c24037fd5d40f4659bc2160b9daed20af6e,benign,FAILED,,dike,static_only,1,2.3,,,,,,,,,,,,,,,,,,,,149,1,0,4,0,0,0,0,1,2,1,,0,,,,,,,,,,,,,,,,,,,,,,,,,,,
NA3341,96e1776c94c1177014f4c46d151e179607a130b217dac3a03a38e5d257f5ccca,benign,FAILED,,dike,full,1,1.0,,0,0,,,,0,0,0,0,0,1,,,0,1,0,0,1,121,0,0,1,1,4,0,0,0,1,2,,0,,,0,0,1,1,0,0,0,0,0,0,0,0,0,0,,1,1,0,,,,,,,
NA3342,9776d6321771a3d00c6e5f1eefaef41103936569963a61b6b321d1ee1ae06263,benign,FAILED,,dike,static_only,1,1.3,,,,,,,,,,,,,,,,,,,,106,0,0,0,0,0,0,0,0,1,0,,0,,,,,,,,,,,,,,,,,,,,,,,,,,,
NA3343,979f553b3272d3ef6537a1babc3b60d2ad0a1361dbc35225bda4952f039f2919,benign,FAILED,,dike,static_only,1,2.3,,,,,,,,,,,,,,,,,,,,156,0,0,1,0,0,0,2,0,1,1,,0,,,,,,,,,,,,,,,,,,,,,,,,,,,
NA3344,98ba00e70a005017c3665741803e8b36938fc9efb0c4821c675f2c100936c5eb,benign,FAILED,,dike,full,1,2.1999999999999997,,4,0,,,,0,4,1,1,0,0,0.25,0.25,2,1,0,0,1,133,2,0,7,0,0,0,0,1,2,1,,0,,,1,0,0,0,0,0,0,0,0,0,0,0,0,0,,0,0,,,,,,,,
NA3345,98bb99c8e2c267a06acd3f55a03a7bbd1770cb1c32a8cd31b44c6d66970cb219,benign,FAILED,,dike,static_only,1,1.3,,,,,,,,,,,,,,,,,,,,67,0,0,0,0,0,0,0,0,1,0,,0,,,,,,,,,,,,,,,,,,,,,,,,,,,
NA3346,9918b2f820a89c49c64edb1fd322ec96d1d60d3e9b31b1cdcc7340250ea05cdb,benign,FAILED,,dike,static_only,1,1.3,,,,,,,,,,,,,,,,,,,,78,0,0,0,0,0,0,0,0,1,0,,0,,,,,,,,,,,,,,,,,,,,,,,,,,,
NA3347,99ec947614ec6262aa85b4f132e39c618dc5a671165c50af1bdec1a5b3e127dc,benign,FAILED,,dike,static_only,1,1.3,,,,,,,,,,,,,,,,,,,,1007,0,0,1,0,0,0,0,0,2,0,,0,,,,,,,,,,,,,,,,,,,,,,,,,,,
NA3348,9a2ed3dbff471c8ef1ec6571bb96b6ad410acc69a7ff58cbe8075cf9e1867352,benign,NO_VICTIM_ACTIVITY,,dike,full,1,1.0,,0,0,,,,1,0,0,0,0,0,,,0,1,0,0,1,397,0,0,5,0,0,0,0,1,2,0,,0,,,0,0,1,0,0,0,0,0,0,0,0,0,0,0,,0,0,,,,,,,,
NA3349,9a5d0a5d689ed35b6bf495e8a4b1ed56d3e006adf2efa9163dbcf6620207bed2,benign,FAILED,,dike,full,1,3.2,,0,0,,,,0,0,0,0,0,0,,,0,0,0,0,0,23,0,0,0,0,0,0,0,0,1,0,,0,,,0,0,1,0,0,0,0,0,0,0,0,0,8,0,,0,0,,,,,,,,
NA3350,9b267fb793d2ff86d36c4e89ab9bdd739fca676354f0f1be6dc94003ad570da5,benign,FAILED,,dike,static_only,1,2.3,,,,,,,,,,,,,,,,,,,,239,0,0,1,0,0,0,2,3,2,1,,0,,,,,,,,,,,,,,,,,,,,,,,,,,,
NA3351,9b2dc6e91f1738a15cb17ba5d2a1c52c7af57c7d017c5965e7a58a4fb6272366,benign,FAILED,,dike,static_only,1,1.0,,,,,,,,,,,,,,,,,,,,65,0,0,0,0,0,0,0,0,1,0,,0,,,,,,,,,,,,,,,,,,,,,,,,,,,
NA3352,9b77d4c912f2edae8c241d0ece1094d2ac068b084269ceaf85d7c7b085d2ae86,benign,FAILED,,dike,static_only,1,0.0,,,,,,,,,,,,,,,,,,,,203,0,0,3,0,0,0,0,0,2,0,,0,,,,,,,,,,,,,,,,,,,,,,,,,,,
NA3353,9ba9a1a91f95af2c080fd2620128c13397218b88f16999d05b208f0b28b0a2a2,benign,FAILED,,dike,static_only,1,0.3,,,,,,,,,,,,,,,,,,,,1889,0,0,0,0,0,0,0,0,2,0,boost,0,,,,,,,,,,,,,,,,,,,,,,,,,,,
NA3354,9bb061360f5fe625201299a63e698a55e22ab9d2bc6c12a48bcb189bedbf9839,benign,FAILED,,dike,static_only,1,2.3,,,,,,,,,,,,,,,,,,,,142,0,0,5,0,0,0,0,3,1,0,,0,,,,,,,,,,,,,,,,,,,,,,,,,,,
NA3355,9bede22e69474e6985ca013e7b45d5fbe939758f5de078c00e1e4034eb5d05dd,benign,NO_VICTIM_ACTIVITY,,dike,full,1,0.0,,11,0,,,,23,11,0,0,0,5,0.0,0.0,0,19,0,8,11,391,0,0,6,0,0,0,1,3,2,1,,0,,,0,0,1,5,0,0,0,0,0,0,1,1,2,2,23.3,0,0,,,,,,,,
NA3356,9c4078d401f7ebc70caa2050740e2562e1c7a2c98d3ff17e9fe590685ac647a6,benign,FAILED,,dike,full,1,1.2,,0,0,,,,0,0,0,0,0,0,,,0,0,0,0,0,114,0,0,1,0,0,0,0,0,2,0,,0,,,0,0,1,0,0,0,0,0,0,0,0,0,0,0,,0,0,,,,,,,,
NA3357,9c915242926dc9670f91177af0cd7ca492622a184de5af14a43d140800d775f0,benign,NO_VICTIM_ACTIVITY,,dike,full,0,0.0,,5,0,,,,5,5,0,0,0,0,0.0,0.0,0,3,0,1,2,1,0,0,0,0,0,0,0,0,0,0,,0,,,0,0,1,0,0,0,0,0,0,0,0,0,0,0,,0,0,,,,,,,,
NA3358,9c9ab16f3a94bde179d66cb45b1f50af58ec4b849ce103dafea33f5aef4d888c,benign,FAILED,,dike,static_only,1,1.3,,,,,,,,,,,,,,,,,,,,80,0,0,0,0,0,0,0,0,1,0,,0,,,,,,,,,,,,,,,,,,,,,,,,,,,
NA3359,9d106ece56d4ca894625b91a32b4b1732eaeedae28093e0bdb36e323f2fa8fd7,benign,FAILED,,dike,static_only,1,2.3,,,,,,,,,,,,,,,,,,,,120,0,0,3,0,0,0,0,1,2,0,,0,,,,,,,,,,,,,,,,,,,,,,,,,,,
NA3360,9d535589dd8c68044fb45c10d2d1b63df28baad16d1d0ad4b187c91a23ee9c87,benign,FAILED,,dike,static_only,1,3.3,,,,,,,,,,,,,,,,,,,,127,0,0,0,0,0,0,0,0,1,0,,0,,,,,,,,,,,,,,,,,,,,,,,,,,,
NA3361,9d9742a07c77cdccd8c2b6ee17f2855a1479081e1f356073c6df9f749209b77f,benign,FAILED,,dike,static_only,1,1.3,,,,,,,,,,,,,,,,,,,,133,0,0,0,0,0,0,0,0,1,0,,0,,,,,,,,,,,,,,,,,,,,,,,,,,,
NA3362,9e4139484876a918b0fcba7b2b08054d678ece13773015a034e10ad3d3c0c10d,benign,FAILED,,dike,full,1,3.0,,69,0,,,,0,69,0,0,0,0,0.0,0.0,0,3,0,3,0,65,0,0,0,0,0,0,0,0,1,0,,0,,,0,0,1,0,0,0,0,0,0,0,0,0,0,0,,0,0,,,,,,,,
NA3363,9e784ba34d9b50d98be783a255c397575f3f5a752174101af6e90e78d7758e71,benign,FAILED,,dike,static_only,1,0.3,,,,,,,,,,,,,,,,,,,,104,0,0,1,0,0,0,0,0,0,0,,0,,,,,,,,,,,,,,,,,,,,,,,,,,,
NA3364,9e8cece950c181dd27eb143dc8d06361508b0087685108f4fb6f0959824c51df,benign,FAILED,,dike,full,1,1.2,,4,0,,,,3,4,0,0,0,0,0.0,0.0,0,2,0,2,0,99,0,0,0,0,0,0,1,0,1,1,,0,,,0,0,1,0,0,0,0,0,0,0,0,0,0,0,,0,0,,,,,,,,
NA3365,9e9b20ed84f2bdd7c40fab4d7ff13b2e2c5f1aabf54008a8f0a383aaaeab8d84,benign,FAILED,,dike,static_only,1,3.3,,,,,,,,,,,,,,,,,,,,121,0,0,0,0,0,0,0,0,1,0,,0,,,,,,,,,,,,,,,,,,,,,,,,,,,
NA3366,9fa4342dbe88717b5ba6580b0280d147132d6b53d2932d4a0761071cb81bda95,benign,NO_VICTIM_ACTIVITY,,dike,full,1,9.0,,3,0,,,,9,3,31,2,1,1,10.333333333333334,0.6666666666666666,3,6,1,1,4,167,0,0,7,0,0,0,0,1,0,0,,132,1,1,0,0,1,1,0,0,0,0,0,0,0,0,0,1,,0,0,,,,,,,,
NA3367,9fc8838b805dc526676f347c869654bf54eac2d212d8fce2c30628bb1d0f91ab,benign,NO_VICTIM_ACTIVITY,,dike,full,1,1.2,,0,0,,,,0,0,0,0,0,21,,,0,21,0,0,21,100,0,0,1,0,0,0,0,0,1,0,,0,,,0,0,1,21,0,0,0,0,0,0,0,0,0,0,,0,0,,,,,,,,
NA3368,9ff3e2a010bb96dcfbb0093558b6cbcd92604b84766b14b2ff41cf7fc642b048,benign,FAILED,,dike,full,1,1.5,,0,0,,,,2,0,0,0,0,0,,,0,1,0,0,1,81,0,0,3,0,0,0,0,0,2,0,,0,,,0,0,1,0,0,0,0,0,0,0,0,0,0,0,,0,0,,,,,,,,
NA3369,a05b769c409357f872dd42f5d833d5bcdfdcb79d7de26dc38b134d50d36f1de1,benign,FAILED,,dike,full,1,0.0,,0,0,,,,0,0,0,0,0,0,,,0,0,0,0,0,273,0,0,0,0,0,0,1,0,2,1,,0,,,0,0,1,0,0,0,0,0,0,0,0,0,0,0,,0,0,,,,,,,,
NA3370,a08279fe04e7e2f354b40f285f4ac21eca1cfd74be4ede3cb637039007a96f07,benign,NO_VICTIM_ACTIVITY,,dike,full,1,1.0,,708,0,,,,0,708,0,0,0,0,0.0,0.0,0,11,0,11,0,78,0,0,1,0,0,0,0,0,1,0,,0,,,0,0,1,0,0,0,0,0,0,0,0,0,0,0,,0,0,,,,,,,,
NA3371,a097cc322fa68e1ff500d79598f657d9c211e86e632c3c3b896e566852cea991,benign,NO_VICTIM_ACTIVITY,,dike,full,1,7.0,,0,298,,6.801629946374118,7.382942079319545,1,0,0,0,0,0,,,0,1,0,0,1,113,3,0,2,0,0,0,0,0,1,1,,0,,,0,0,1,0,0,0,0,0,0,0,0,0,0,0,,0,0,,,,,,,,
NA3372,a1290e4f7bedc8c7c0c2519bd005caf7fe0210dd374490016e51ed2381731af1,benign,NO_VICTIM_ACTIVITY,,dike,full,1,9.0,,2,0,,,,10,2,0,0,0,3,0.0,0.0,0,9,0,2,7,437,3,1,8,1,0,0,2,1,2,3,,0,,,1,0,0,3,0,0,0,0,0,0,2,2,360,15,-14.1,0,0,,,,,,,,
NA3373,a184209d2a6b484c1f6e78807861ac7cfa1eca55fbbb204fe460ed4cb5631c68,benign,FAILED,,dike,static_only,1,1.0,,,,,,,,,,,,,,,,,,,,54,0,0,0,0,0,0,0,0,2,0,,0,,,,,,,,,,,,,,,,,,,,,,,,,,,
NA3374,a1f0ff0c20e5f55750c5ee8b784c9e880f34753c96d4be7434ec72c0434aa6ba,benign,NO_VICTIM_ACTIVITY,,dike,full,1,1.0,,637,0,,,,0,637,0,0,0,0,0.0,0.0,0,11,0,11,0,79,0,0,1,0,0,0,0,0,1,0,,0,,,0,0,1,0,0,0,0,0,0,0,0,0,0,0,,0,0,,,,,,,,
NA3375,a22f5cc6371cf993cac40f066a86d758227265c9454b5c06de175b17e17f9b1c,benign,FAILED,,dike,static_only,1,0.3,,,,,,,,,,,,,,,,,,,,106,0,0,1,0,0,0,0,0,0,0,,0,,,,,,,,,,,,,,,,,,,,,,,,,,,
NA3376,a25def518b93fb698d87ab0372568986b630c5907c27e27959fd3b6570f59ff4,benign,FAILED,,dike,full,1,8.0,,0,0,,,,0,0,0,0,0,0,,,0,0,0,0,0,51,0,0,2,0,0,0,0,0,0,0,,0,,,0,0,1,0,0,0,0,0,0,0,0,0,25,0,,0,0,,,,,,,,
NA3377,a29a708486665c8ce490f313bffba5a475f7f178ebe48cfc51f8f45ace3a8b79,benign,FAILED,,dike,static_only,1,0.0,,,,,,,,,,,,,,,,,,,,94,0,0,0,0,0,0,0,0,2,0,,0,,,,,,,,,,,,,,,,,,,,,,,,,,,
NA3378,a29f8bcaa9f7594e79df14ab4256edaa2b96e6e68abc1f8aaab5c3e9908d8181,benign,FAILED,,dike,full,1,3.0,,0,0,,,,0,0,0,0,0,0,,,0,0,0,0,0,103,0,0,0,0,0,0,0,0,2,0,,0,,,0,0,1,0,0,0,0,0,0,0,0,0,0,0,,0,0,,,,,,,,
NA3379,a318b00f0805987f86b6e158512d811ff200a88fd2ddb8f470f268764ee612be,benign,FAILED,,dike,static_only,1,2.3,,,,,,,,,,,,,,,,,,,,269,0,0,1,0,0,0,1,1,2,1,,0,,,,,,,,,,,,,,,,,,,,,,,,,,,
NA3380,a3275735b0d0b68818b527f8f11ed623b095905dc66e8b50f46861d1158290c0,benign,FAILED,,dike,static_only,1,0.0,,,,,,,,,,,,,,,,,,,,211,0,0,6,0,0,0,0,1,2,0,,0,,,,,,,,,,,,,,,,,,,,,,,,,,,
NA3381,a3c5a5bc889a2eb6466c429152b89851036b87968c7ae0f9d4da055a0eba6293,benign,FAILED,,dike,static_only,1,2.3,,,,,,,,,,,,,,,,,,,,222,0,1,5,0,0,0,0,1,2,0,,0,,,,,,,,,,,,,,,,,,,,,,,,,,,
NA3382,a452bfcb6000d03942ddfaddcda5a7eb121447ed99b1ba090446b4a989f1f7ae,benign,FAILED,,dike,static_only,1,3.0,,,,,,,,,,,,,,,,,,,,80,0,0,1,0,0,0,0,0,2,0,,0,,,,,,,,,,,,,,,,,,,,,,,,,,,
NA3383,a455d32b8de771b493d3648bcbcac5edae2bb1f4062046e5d7ccd53e9d1e621e,benign,FAILED,,dike,static_only,1,0.0,,,,,,,,,,,,,,,,,,,,139,0,0,2,0,0,0,0,0,2,0,,0,,,,,,,,,,,,,,,,,,,,,,,,,,,
NA3384,a52beaea57b9dd1a642c7cc129b4cb2c0b2c3abcf4221cc1bf4de4cb3c307e2f,benign,FAILED,,dike,static_only,1,0.3,,,,,,,,,,,,,,,,,,,,45,0,0,1,0,0,0,0,0,0,0,,0,,,,,,,,,,,,,,,,,,,,,,,,,,,
NA3385,a5a1f315fb88754bb4b99c6552e353c3a7606c791264f6b1f3b20fa2b94376e7,benign,NO_VICTIM_ACTIVITY,,dike,full,0,0.0,,0,16,,6.376825800964972,6.376825800964972,3,0,0,0,0,0,,,0,1,0,0,1,1,0,0,0,0,0,0,0,0,0,0,,0,,,0,1,0,0,0,0,0,0,0,0,0,0,0,0,,0,0,,,,,,,,
NA3386,a5b6deb455845311db511677ae3674dfc4a7d506d5a84fb0dc6c229230028e15,benign,FAILED,,dike,static_only,1,0.0,,,,,,,,,,,,,,,,,,,,113,0,0,1,1,0,0,0,0,2,1,,0,,,,,,,,,,,,,,,,,,,,,,,,,,,
NA3387,a6325762ed7725748df62d9bf3478596da03aa8ce0a9eb8e07087eebfa52cdac,benign,FAILED,,dike,full,1,0.8,,0,0,,,,0,0,0,0,0,0,,,0,0,0,0,0,154,0,0,5,0,0,0,1,0,1,1,,0,,,0,0,1,0,0,0,0,0,0,0,0,0,0,0,,0,0,,,,,,,,
NA3388,a6376200168b30c542e04f44d9c68c2bf21deee11d23d1b3bd3577de19d72dbf,benign,FAILED,,dike,static_only,1,1.3,,,,,,,,,,,,,,,,,,,,166,0,0,0,0,0,0,0,0,1,0,,0,,,,,,,,,,,,,,,,,,,,,,,,,,,
NA3389,a6fb3efc0d74e81da25d7bf35fb6112c77419ecbae443b598371bfd5e1c427ed,benign,FAILED,,dike,static_only,1,1.3,,,,,,,,,,,,,,,,,,,,114,0,0,0,0,0,0,0,0,1,0,,0,,,,,,,,,,,,,,,,,,,,,,,,,,,
NA3390,a70e34ff58425a0a9fad86328f642ff17c65b534a590dc127866c08bb4cc4fe8,benign,FAILED,,dike,full,1,3.2,,9,0,,,,0,9,0,0,0,0,0.0,0.0,0,2,0,2,0,127,0,0,2,0,0,0,2,0,2,1,,0,,,0,0,1,0,0,0,0,0,0,0,0,0,0,0,,0,0,,,,,,,,
NA3391,a77e4df2328429c066c2ab25c1b4b170bb3f9c14da5efb4461e27231e7bdeebc,benign,FAILED,,dike,full,1,1.2,,0,0,,,,0,0,0,0,0,0,,,0,0,0,0,0,171,0,0,2,0,0,0,1,2,2,1,,0,,,0,0,1,0,0,0,0,0,0,0,0,0,0,0,,0,0,,,,,,,,
NA3392,a7d7a77627a387d13fa0c27348dfd0ab3b3872c089f0c3d74118309a299e1195,benign,FAILED,,dike,static_only,1,2.8,,,,,,,,,,,,,,,,,,,,102,0,0,0,0,0,0,0,0,2,0,,0,,,,,,,,,,,,,,,,,,,,,,,,,,,
NA3393,a83fe5ce5f57fafdf5dced6ef3ba8be143b474658d6224adb51c42bfcec77464,benign,FAILED,,dike,static_only,1,2.3,,,,,,,,,,,,,,,,,,,,256,0,0,5,0,0,0,0,1,1,0,,0,,,,,,,,,,,,,,,,,,,,,,,,,,,
NA3394,a84c087174debb180c08f21b78342508b876b237f954bbe9c3940e0eb104f95b,benign,NO_VICTIM_ACTIVITY,,dike,full,0,0.0,,5,0,,,,5,5,0,0,0,0,0.0,0.0,0,3,0,2,1,1,0,0,0,0,0,0,0,0,0,0,,0,,,0,0,1,0,0,0,0,0,0,0,0,0,0,0,,0,0,,,,,,,,
NA3395,a85cd319ca3f34e4674888ccda3f7427be4dde778331e80ea0b98992fd29c0f6,benign,NO_VICTIM_ACTIVITY,,dike,full,1,6.0,,62,970,-0.006701485425753379,3.8268559495657177,3.8268559495657177,44,62,9,2,5,16,0.14516129032258066,0.03225806451612903,3,32,2,6,24,218,0,0,2,0,0,0,0,0,2,0,,0,,,0,1,0,7,0,0,0,0,0,0,2,7,60,17,112.4,0,0,,,,,,,,
NA3396,a8e7f9617d12eb7744754bc45068f3fa96527542655a51571d5e43805d75508f,benign,NO_VICTIM_ACTIVITY,,dike,full,1,1.0,,0,0,,,,0,0,0,0,0,0,,,0,0,0,0,0,202,0,0,4,0,0,0,0,0,2,0,,0,,,0,0,1,0,0,0,0,0,0,0,0,0,0,0,,0,0,,,,,,,,
NA3397,a8f964bb1623295131320f9a0a3817c5ea9318485c849ac5dcbf0255c9263dea,benign,FAILED,,dike,static_only,1,0.3,,,,,,,,,,,,,,,,,,,,122,0,0,3,0,0,0,0,1,2,0,,0,,,,,,,,,,,,,,,,,,,,,,,,,,,
NA3398,a966a0c5c014615c5bbd52648a0e0ce6774b6e70139a3522c9aa89d208ba4a1c,benign,FAILED,,dike,static_only,1,1.0,,,,,,,,,,,,,,,,,,,,92,0,0,0,0,0,0,0,0,2,0,,0,,,,,,,,,,,,,,,,,,,,,,,,,,,
NA3399,a9882c2c19922af201780dbce7b2f8d41b0d4341784e63bf40baf3a986ca0c7b,benign,FAILED,,dike,static_only,1,2.3,,,,,,,,,,,,,,,,,,,,119,0,0,2,0,0,0,0,0,1,0,,0,,,,,,,,,,,,,,,,,,,,,,,,,,,
NA3400,a9b5f9825deac6514ce616f9fd01d1f487a6b8a94ca0503c43cb2d1f2a16e1ec,benign,FAILED,,dike,static_only,1,0.0,,,,,,,,,,,,,,,,,,,,192,3,1,4,0,0,0,0,0,2,1,,0,,,,,,,,,,,,,,,,,,,,,,,,,,,
NA3401,aa6e5489177798f6547b0d149182ce1ca80de12227bc7efe1a8e5ebcb8217c32,benign,FAILED,,dike,static_only,1,1.3,,,,,,,,,,,,,,,,,,,,148,0,0,0,0,0,0,0,0,1,0,,0,,,,,,,,,,,,,,,,,,,,,,,,,,,
NA3402,aa9a979d94922890659da40a4ba266144d2075c8c3aeeb7b4e0dcb9c3f6f4248,benign,NO_VICTIM_ACTIVITY,,dike,full,1,1.0,,0,0,,,,1,0,0,0,0,0,,,0,1,0,0,1,125,0,0,1,0,0,0,2,0,2,1,,0,,,0,0,1,0,0,0,0,0,0,0,0,0,0,0,,0,0,,,,,,,,
NA3403,aae405b76324f8feef9dd73d4d9cd88bd5e5f5242303a785caff01a24511792f,benign,NO_VICTIM_ACTIVITY,,dike,full,0,0.0,,7,16,-0.9999999999999999,6.376825800964972,6.376825800964972,3,7,0,0,0,0,0.0,0.0,0,2,0,1,1,1,0,0,0,0,0,0,0,0,0,0,,0,,,0,1,0,0,0,0,0,0,0,0,0,0,0,0,,0,0,,,,,,,,
NA3404,aaeb837ddabe9ecda3d1d936512a88944264a29217beec9dce096af1e6dc2afb,benign,FAILED,,dike,static_only,1,1.3,,,,,,,,,,,,,,,,,,,,137,0,0,0,0,0,0,0,0,1,0,,0,,,,,,,,,,,,,,,,,,,,,,,,,,,
NA3405,aaf6a771eecb45e624734b90d6a01fdf4fe013d1384f3a69e2e0fdedf2741f67,benign,FAILED,,dike,static_only,1,2.3,,,,,,,,,,,,,,,,,,,,104,0,0,0,0,0,0,1,0,1,1,,0,,,,,,,,,,,,,,,,,,,,,,,,,,,
NA3406,ab745988b1c09e048c02f649764c00b276a2a6379e6e15506a1a6b2f6f963f53,benign,FAILED,,dike,static_only,1,0.0,,,,,,,,,,,,,,,,,,,,97,0,0,1,0,0,0,0,0,2,0,,0,,,,,,,,,,,,,,,,,,,,,,,,,,,
NA3407,ab7b20718cab3d0b222d591d506d17525afbb5e80504c7b69cf5d9944b5f6699,benign,FAILED,,dike,full,1,2.0,,0,0,,,,0,0,0,0,0,0,,,0,0,0,0,0,136,0,0,0,0,0,0,0,0,2,0,boost,0,,,0,0,1,0,0,0,0,0,0,0,0,0,0,0,,0,0,,,,,,,,
NA3408,ab9a7f997da81bd7202c49bf0f40ab06b89fcafda9f91f89a0b186291890e099,benign,FAILED,,dike,static_only,1,0.3,,,,,,,,,,,,,,,,,,,,122,0,0,0,0,0,0,0,2,1,0,,0,,,,,,,,,,,,,,,,,,,,,,,,,,,
NA3409,aba3f763bc73ac333eeb4f1f4c1de93e58ff107099c7c33a014216c02d1a13e7,benign,FAILED,,dike,static_only,1,0.0,,,,,,,,,,,,,,,,,,,,45,0,0,0,0,0,0,0,0,2,0,,0,,,,,,,,,,,,,,,,,,,,,,,,,,,
NA3410,abbf94526e78224768f7d4e4651b416f1619193792725e24cbe9ed08bd97c64b,benign,FAILED,,dike,static_only,1,1.3,,,,,,,,,,,,,,,,,,,,289,0,0,0,0,0,0,0,0,1,0,,0,,,,,,,,,,,,,,,,,,,,,,,,,,,
NA3411,ac2fa7bbcaf49836b1646f576e9794878f5458726bf4ed91627b388005f8b0bc,benign,FAILED,,dike,static_only,1,0.3,,,,,,,,,,,,,,,,,,,,182,0,0,2,0,0,0,0,0,2,0,,0,,,,,,,,,,,,,,,,,,,,,,,,,,,
NA3412,ac4ff37b425f41428c6c672d10b0e4b9f32f95879eeb8b5315c6999163ed8c73,benign,FAILED,,dike,static_only,1,0.0,,,,,,,,,,,,,,,,,,,,652,0,0,4,0,0,0,4,0,2,1,openssl,0,,,,,,,,,,,,,,,,,,,,,,,,,,,
NA3413,ac7ccdaf383d1e7d09db3166f6e6f79b3e2f34e968ce9043226b260babe8e711,benign,FAILED,,dike,full,1,3.2,,0,0,,,,0,0,0,0,0,0,,,0,0,0,0,0,204,0,0,2,0,0,0,1,3,2,1,boost,0,,,0,0,1,0,0,0,0,0,0,0,0,0,0,0,,0,0,,,,,,,,
NA3414,ad0d552e25afd54507865142794e207087ed46f27b25514e32446e30ff6420b3,benign,FAILED,,dike,full,1,1.0,,0,0,,,,0,0,0,0,0,0,,,0,0,0,0,0,170,3,0,0,0,0,0,0,0,2,1,,0,,,1,0,0,0,0,0,0,0,0,0,0,0,0,0,,0,0,,,,,,,,
NA3415,ad76acddd3ad76afb24795a312e7000c1cb3349a2df4ab9e97eef486fe621c0e,benign,FAILED,,dike,static_only,1,1.2,,,,,,,,,,,,,,,,,,,,76,0,1,0,0,0,0,0,0,1,0,,0,,,,,,,,,,,,,,,,,,,,,,,,,,,
NA3416,adcfacf70471d80efd9eae3b281fbc86d182e4a2d13cc406d920d37ff9c2bbe7,benign,FAILED,,dike,static_only,1,2.3,,,,,,,,,,,,,,,,,,,,157,0,0,0,0,0,0,0,0,2,0,,0,,,,,,,,,,,,,,,,,,,,,,,,,,,
NA3417,ae484f4c0341f050d40d3e148be8d11ce86358349ddf3100dbf7d605780a5f95,benign,NO_VICTIM_ACTIVITY,,dike,full,0,0.0,,5,0,,,,5,5,0,0,0,0,0.0,0.0,0,3,0,2,1,1,0,0,0,0,0,0,0,0,0,0,,0,,,0,0,1,0,0,0,0,0,0,0,0,0,0,0,,0,0,,,,,,,,
NA3418,ae4b9a544071b9814a79915fc65464eae42e2d96f27709b284dcd39057f44481,benign,FAILED,,dike,full,1,3.0,,0,0,,,,0,0,0,0,0,0,,,0,0,0,0,0,70,0,0,1,0,0,0,2,0,1,1,,0,,,0,0,1,0,0,0,0,0,0,0,0,0,0,0,,0,0,,,,,,,,
NA3419,aef07a66bf0542b0c4641a595b9c72adb6623c9f7f4a35ee5238068e090c178e,benign,FAILED,,dike,static_only,1,1.3,,,,,,,,,,,,,,,,,,,,130,0,0,0,0,0,0,0,0,1,0,,0,,,,,,,,,,,,,,,,,,,,,,,,,,,
NA3420,af50bf38e1612222d51c1e66bb3410a6e771bc5003050a1458d8731571038c46,benign,FAILED,,dike,static_only,1,1.3,,,,,,,,,,,,,,,,,,,,173,0,0,0,0,0,0,0,0,1,0,,0,,,,,,,,,,,,,,,,,,,,,,,,,,,
NA3421,af535d2577e5b48270fa8af03579b8fba2176d4e3e777c68894bf6a0aea3eefb,benign,NO_VICTIM_ACTIVITY,,dike,full,0,0.0,,0,2,,3.0,3.0,8,0,0,0,0,0,,,0,2,0,0,2,1,0,0,0,0,0,0,0,0,0,0,,0,,,0,1,0,0,0,0,0,0,0,0,0,0,0,0,,0,0,,,,,,,,
NA3422,af82ae3f11202b226ce178cc15a93fb363aeb156b2b6fffbfd902eacadad91e1,benign,FAILED,,dike,static_only,1,0.3,,,,,,,,,,,,,,,,,,,,122,0,0,0,0,0,0,0,0,2,0,,0,,,,,,,,,,,,,,,,,,,,,,,,,,,
NA3423,afbdb6434f03b12025ed86ec64a288e131709a9acf2c22d28e3913db60a8d047,benign,FAILED,,dike,full,1,1.0,,45,0,,,,0,45,0,0,0,0,0.0,0.0,0,1,0,1,0,70,0,0,1,0,0,0,0,0,1,0,,0,,,0,0,1,0,0,0,0,0,0,0,0,0,0,0,,0,0,,,,,,,,
NA3424,b01ebabccdd9ba01a12d94191864a364100ea7978ddea792b99f614b7c267ceb,benign,FAILED,,dike,static_only,1,1.3,,,,,,,,,,,,,,,,,,,,79,0,0,0,0,0,0,0,0,1,0,,0,,,,,,,,,,,,,,,,,,,,,,,,,,,
NA3425,b02c253a85455b8eed9550325ba6b8a55b745281a7d1dbec58eb49e7d126b4cb,benign,FAILED,,dike,full,1,1.0,,0,0,,,,0,0,0,0,0,0,,,0,0,0,0,0,222,0,0,4,0,0,0,0,1,1,0,,0,,,0,0,1,0,0,0,0,0,0,0,0,0,0,0,,0,0,,,,,,,,
NA3426,b04f56e5ed68292ff0c6ab9f3c71ee9fda19963317b33e000c26d4f9ad0889ae,benign,NO_VICTIM_ACTIVITY,,dike,full,1,3.0,,0,0,,,,1,0,0,0,0,0,,,0,1,0,0,1,25,0,0,0,0,0,0,0,0,1,0,,0,,,0,0,1,0,0,0,0,0,0,0,0,0,0,0,,0,0,,,,,,,,
NA3427,b06008d06459302d9da4a6ae512bc678ecdcb20e8e55741399b1228eac420fd6,benign,NO_VICTIM_ACTIVITY,,dike,full,0,0.0,,0,0,,,,5,0,0,0,0,0,,,0,2,0,0,2,1,0,0,0,0,0,0,0,0,0,0,,0,,,0,0,1,0,0,0,0,0,0,0,0,0,0,0,,0,0,,,,,,,,
NA3428,b092b05340dbdbfd5d9fcaadd255c79cf358b24e2680a4a159b194762fe0b36e,benign,NO_VICTIM_ACTIVITY,,dike,full,0,0.0,,0,0,,,,3,0,0,0,0,0,,,0,1,0,0,1,1,0,0,0,0,0,0,0,0,0,0,,0,,,0,0,1,0,0,0,0,0,0,0,0,0,0,0,,0,0,,,,,,,,
NA3429,b14d57252c95acf1dbce14125de6edce38a3222ef15b86f8bf5a76a83918e324,benign,FAILED,,dike,static_only,1,1.0,,,,,,,,,,,,,,,,,,,,48,0,0,0,0,0,0,0,0,1,0,,0,,,,,,,,,,,,,,,,,,,,,,,,,,,
NA3430,b155a83cd2a33da9c9b89b8f979c42a3d39edf54e0d2937d3cffc22bd8b4274d,benign,FAILED,,dike,static_only,1,1.3,,,,,,,,,,,,,,,,,,,,81,0,0,0,0,0,0,0,0,1,0,,0,,,,,,,,,,,,,,,,,,,,,,,,,,,
NA3431,b1ad1afbe24fad21bbb633124c4d21f36871a0d3cba498cfcc049eb3a358449e,benign,FAILED,,dike,static_only,1,1.3,,,,,,,,,,,,,,,,,,,,290,0,0,8,1,0,0,1,1,2,2,,0,,,,,,,,,,,,,,,,,,,,,,,,,,,
NA3432,b204d09de0e1a11c4c0480be41c6c8ae0cd78cdb7023271aa7a1e8355ee091ce,benign,FAILED,,dike,static_only,1,0.3,,,,,,,,,,,,,,,,,,,,166,0,0,2,2,0,0,0,0,2,1,,0,,,,,,,,,,,,,,,,,,,,,,,,,,,
NA3433,b22b5efad6eca878a64f7c41166b0103b430a1890b4dc7f0b138107bbfbad4fb,benign,FAILED,,dike,full,1,3.0,,0,0,,,,0,0,0,0,0,0,,,0,0,0,0,0,109,0,0,0,0,0,0,0,0,3,0,,0,,,0,0,1,0,0,0,0,0,0,0,0,0,0,0,,0,0,,,,,,,,
NA3434,b25e024efdf7212c0d84a648531a2db5c6ef16b2b85e65750e4eb99eef250547,benign,FAILED,,dike,full,1,1.2,,0,0,,,,0,0,0,0,0,0,,,0,0,0,0,0,425,3,1,7,0,0,0,1,4,2,2,,0,,,1,0,0,0,0,0,0,0,0,0,0,0,0,0,,0,0,,,,,,,,
NA3435,b297d8a0e58a03b468414b0fbbad3a274b5ca8036b87b11e0007408b2d93c34e,benign,FAILED,,dike,full,1,3.0,,0,0,,,,0,0,0,0,0,0,,,0,0,0,0,0,133,0,0,1,0,0,0,1,0,2,1,,0,,,0,0,1,0,0,0,0,0,0,0,0,0,0,0,,0,0,,,,,,,,
NA3436,b2a4ad4798937c89922dba29ceef46b62e6d220ceb847502402aa1da4ba0593f,benign,NO_VICTIM_ACTIVITY,,dike,full,0,9.0,,4,0,,,,2,4,1,1,0,11,0.25,0.25,1,15,0,2,13,1,0,0,0,0,0,0,0,0,0,0,,0,,,0,0,1,12,0,0,0,0,0,0,3,3,15,3,246.5,0,0,,,,,,,,
NA3437,b2f068ecd436dda6d6791590ccde1756578ab9d3f0ce6da734672a24fb6326c5,benign,NO_VICTIM_ACTIVITY,,dike,full,1,3.7,,0,16,,6.376825800964972,6.376825800964972,3,0,0,0,0,0,,,0,1,0,0,1,107,0,0,0,0,0,0,0,0,1,0,,0,,,0,1,0,0,0,0,0,0,0,0,0,0,0,0,,0,0,,,,,,,,
NA3438,b31ea11e448f99b750f600883da88044b5c7a3cabfeded4cb0c72c55400bcdf2,benign,FAILED,,dike,static_only,1,0.0,,,,,,,,,,,,,,,,,,,,90,0,0,5,0,0,0,2,1,0,1,,0,,,,,,,,,,,,,,,,,,,,,,,,,,,
NA3439,b40d7e0356b8094dbc9ba82ca4e536ed66fb3de1701fa80038afcac95756bca2,benign,FAILED,,dike,static_only,1,1.0,,,,,,,,,,,,,,,,,,,,160,0,0,3,0,0,0,2,0,2,1,,0,,,,,,,,,,,,,,,,,,,,,,,,,,,
NA3440,b44876f70f14eadb5b0bd18d00446781b10f102823d6e12e7994e0374d52dee1,benign,FAILED,,dike,full,1,3.0,,0,0,,,,0,0,0,0,0,0,,,0,0,0,0,0,145,0,0,0,0,0,0,0,0,2,0,,0,,,0,0,1,0,0,0,0,0,0,0,0,0,0,0,,0,0,,,,,,,,
NA3441,b4611fee5b2f91172ee8c3ffad96c677f3d648c9bf4e04bb5949a2e8b1d8ba6d,benign,FAILED,,dike,static_only,1,0.3,,,,,,,,,,,,,,,,,,,,35,0,0,1,0,0,0,0,0,0,0,,0,,,,,,,,,,,,,,,,,,,,,,,,,,,
NA3442,b485014e1dcb4be9fe508c27b8cd2c5457d56f65e2435e1f162ebd477698b6d5,benign,FAILED,,dike,static_only,1,1.3,,,,,,,,,,,,,,,,,,,,169,0,0,0,0,0,0,0,0,1,0,,0,,,,,,,,,,,,,,,,,,,,,,,,,,,
NA3443,b493bf6d7085eb97d17dd6516345e65277d3a60b848f11aef283dbba759435e1,benign,FAILED,,dike,static_only,1,1.3,,,,,,,,,,,,,,,,,,,,65,0,0,0,0,0,0,0,0,1,0,,0,,,,,,,,,,,,,,,,,,,,,,,,,,,
NA3444,b4be4ca9053d83301bdd01e6e2568af791aa819798f29fc8cf85eab4037edb4e,benign,FAILED,,dike,full,1,1.2,,0,0,,,,0,0,0,0,0,0,,,0,0,0,0,0,56,0,0,0,0,0,0,0,0,1,0,,0,,,0,0,1,0,0,0,0,0,0,0,0,0,0,0,,0,0,,,,,,,,
NA3445,b5703fd17c3ae58ef1f0efb174c8d6f7421c1b6976d1d963327e57675b95a28c,benign,FAILED,,dike,static_only,1,0.0,,,,,,,,,,,,,,,,,,,,185,0,0,4,0,0,0,0,0,2,0,,0,,,,,,,,,,,,,,,,,,,,,,,,,,,
NA3446,b596ad2fa8cf15a52b4a18838803e30888c578f04c06a9b115c43f2b515963db,benign,FAILED,,dike,static_only,1,1.3,,,,,,,,,,,,,,,,,,,,119,0,0,0,0,0,0,0,0,1,0,,0,,,,,,,,,,,,,,,,,,,,,,,,,,,
NA3447,b5d8a878947d4572f77e237450a07671856b8097f859a67b7157d79dbc3073fe,benign,FAILED,,dike,full,1,1.0,,0,0,,,,0,0,0,0,0,0,,,0,0,0,0,0,82,0,0,0,0,0,0,0,0,2,0,,0,,,0,0,1,0,0,0,0,0,0,0,0,0,0,0,,0,0,,,,,,,,
NA3448,b671679adcb94f1075df36ec558fe66b077e77778f8064531c114b300d65ca1c,benign,FAILED,,dike,static_only,1,0.3,,,,,,,,,,,,,,,,,,,,47,0,0,1,0,0,0,0,0,0,0,,0,,,,,,,,,,,,,,,,,,,,,,,,,,,
NA3449,b734490bf489d741c6fbe7a5978fa0ed284331f6a15e13ba04c4c4ab65d7b273,benign,FAILED,,dike,full,1,3.2,,0,0,,,,0,0,0,0,0,0,,,0,0,0,0,0,64,0,0,0,0,0,0,0,0,1,0,,0,,,0,0,1,0,0,0,0,0,0,0,0,0,0,0,,0,0,,,,,,,,
NA3450,b7d2c17e0038945aa4b72ae7a89e54d29b04ccc0feb62df5c9b7b67de43c2530,benign,NO_VICTIM_ACTIVITY,,dike,full,1,0.0,,62,0,,,,24,62,9,2,5,7,0.14516129032258066,0.03225806451612903,3,24,2,9,13,30,0,0,0,0,0,0,0,0,1,0,,0,,,0,0,1,6,0,0,0,0,0,0,3,3,38,11,154.7,0,0,,,,,,,,
NA3451,b87a5b63ce6a27c31b22feb408f23b5fbd586e9fb0b8622c87bdc5f02e59b001,benign,FAILED,,dike,static_only,1,1.3,,,,,,,,,,,,,,,,,,,,125,0,0,0,0,0,0,0,0,1,0,,0,,,,,,,,,,,,,,,,,,,,,,,,,,,
NA3452,b8f322652153ca2ef212394bc7e13f10025515a956b902d0e06529aa8cfc9320,benign,FAILED,,dike,static_only,1,1.3,,,,,,,,,,,,,,,,,,,,118,0,0,0,0,0,0,0,0,1,0,,0,,,,,,,,,,,,,,,,,,,,,,,,,,,
NA3453,b9488ccbd815bd45920a0cedd0c4f981d36a20190236e437ec0641397ef4e789,benign,NO_VICTIM_ACTIVITY,,dike,full,1,9.0,,41,0,,,,350,41,31,16,0,26,0.7560975609756098,0.3902439024390244,3,128,0,8,120,379,0,0,4,1,1,0,2,3,2,3,,0,,,0,0,1,15,0,0,0,0,0,0,4,9,52,3,-15.3,0,0,,,,,,,,
NA3454,b96af3066f0b9de8a460f77baae006c5372a266be18c561daa7c7ae8635d399d,benign,FAILED,,dike,static_only,1,2.3,,,,,,,,,,,,,,,,,,,,163,0,0,3,0,0,0,0,0,1,0,,0,,,,,,,,,,,,,,,,,,,,,,,,,,,
NA3455,ba7fc2011aae587df6179f7657cc4cf337da0cfe235f209b98c1e95bd17abb07,benign,FAILED,,dike,static_only,1,0.0,,,,,,,,,,,,,,,,,,,,63,0,0,0,0,0,0,0,0,2,0,,0,,,,,,,,,,,,,,,,,,,,,,,,,,,
NA3456,ba8f214c82e335b1b003114bf92450b47e1e07d8e23a165564405a2338c755e1,benign,FAILED,,dike,full,1,0.0,,19,0,,,,0,19,0,0,0,0,0.0,0.0,0,1,0,1,0,124,0,0,2,0,0,0,0,0,2,0,,0,,,0,0,1,0,0,0,0,0,0,0,0,0,0,0,,0,0,,,,,,,,
NA3457,bad13bb5da86d5f02114a228dc25e9b1198dab735bcd165ba03da981e9c22555,benign,FAILED,,dike,full,1,3.2,,0,0,,,,0,0,0,0,0,0,,,0,0,0,0,0,238,0,0,1,0,0,0,0,3,2,0,,0,,,0,0,1,0,0,0,0,0,0,0,0,0,0,0,,0,0,,,,,,,,
NA3458,bb13a981b2537e60e86ffcc1e55706a1e5b3814b03194ef859a1816e7a3c667a,benign,FAILED,,dike,full,1,2.1999999999999997,,97,0,,,,0,97,0,0,0,0,0.0,0.0,0,5,0,5,0,103,0,0,1,0,0,0,0,0,1,0,,0,,,0,0,1,0,0,0,0,0,0,0,0,0,0,0,,0,0,,,,,,,,
NA3459,bb4e635d345e52de4e24838b48e967551ef8dd85198b3d251f2a532971bb797f,benign,FAILED,,dike,full,1,3.0,,0,0,,,,0,0,0,0,0,0,,,0,0,0,0,0,176,3,0,0,0,0,0,0,0,2,1,,0,,,1,0,0,0,0,0,0,0,0,0,0,0,0,0,,0,0,,,,,,,,
NA3460,bbe49b812f9c2924d7508ca3dbd9245d5db7cd98d99ca9095b33d3e5ec28d7b2,benign,FAILED,,dike,static_only,1,2.3,,,,,,,,,,,,,,,,,,,,115,0,0,0,0,0,0,2,0,1,1,,0,,,,,,,,,,,,,,,,,,,,,,,,,,,
NA3461,bbe49e5a78839ff45e810d4d0e99457d0421f9dd03b08f00a8cdbe750a21a07f,benign,FAILED,,dike,static_only,1,1.3,,,,,,,,,,,,,,,,,,,,159,0,0,0,0,0,0,0,0,1,0,,0,,,,,,,,,,,,,,,,,,,,,,,,,,,
NA3462,bc211f7bb8592f39e40f8e89629a0892d328ef6de8c4c882eb36352f7e02cc66,benign,FAILED,,dike,static_only,1,0.3,,,,,,,,,,,,,,,,,,,,368,0,0,4,0,0,0,2,1,2,1,,0,,,,,,,,,,,,,,,,,,,,,,,,,,,
NA3463,bc7467d646e5cb77c69a0acf891c63a02948939ffa9159a944cf67ffcaff0dc2,benign,NO_VICTIM_ACTIVITY,,dike,full,1,0.0,,1554,0,,,,0,1554,0,0,0,0,0.0,0.0,0,20,0,20,0,180,0,0,1,0,0,0,0,0,2,0,,0,,,0,0,1,0,0,0,0,0,0,0,0,0,0,0,,0,0,,,,,,,,
NA3464,bc81bcc2425d129d84a478eb842b09552681a23acd1075339b60b4156eb7cd2e,benign,FAILED,,dike,static_only,1,0.3,,,,,,,,,,,,,,,,,,,,129,0,0,1,0,0,0,0,0,0,0,,0,,,,,,,,,,,,,,,,,,,,,,,,,,,
NA3465,bcba1e02e54c18224ddba76e1a980a212819a619f1aca68f2d0fc463140e5260,benign,FAILED,,dike,static_only,1,0.3,,,,,,,,,,,,,,,,,,,,345,0,0,3,0,0,0,0,0,2,0,,0,,,,,,,,,,,,,,,,,,,,,,,,,,,
NA3466,bcda530fcc6440d26d36df253a0e9cab5674550397e3715d71c63bd9d649366f,benign,FAILED,,dike,full,1,3.8,,13,0,,,,0,13,0,0,0,0,0.0,0.0,0,1,0,1,0,68,0,0,5,0,0,0,0,1,0,0,,0,,,0,0,1,0,0,0,0,0,0,0,0,0,0,0,,0,0,,,,,,,,
NA3467,bd0f479d25efdff29a2fb8724675d98ee2d557a1b5d8b555b2b39108f1a46ce0,benign,FAILED,,dike,static_only,1,0.3,,,,,,,,,,,,,,,,,,,,63,0,0,0,0,0,0,0,0,1,0,,0,,,,,,,,,,,,,,,,,,,,,,,,,,,
NA3468,bd4aa783c7711c63c85444ee7785fc2c4a4f61b2edb49cd896e88693f3b0b3f0,benign,FAILED,,dike,full,1,1.0,,0,0,,,,0,0,0,0,0,0,,,0,0,0,0,0,100,0,0,0,0,0,0,2,0,2,1,,0,,,0,0,1,0,0,0,0,0,0,0,0,0,0,0,,0,0,,,,,,,,
NA3469,bd612f120493d5b295283032cb7ec45e82c12647dedc9c12651c2ec6e3791038,benign,FAILED,,dike,static_only,1,1.3,,,,,,,,,,,,,,,,,,,,112,0,0,0,0,0,0,0,0,1,0,,0,,,,,,,,,,,,,,,,,,,,,,,,,,,
NA3470,bdb94eddbc6ecd7d9d0a8f4550b0bf851c754f46545ea721b627c1802681656a,benign,NO_VICTIM_ACTIVITY,,dike,full,1,3.0,,0,0,,,,1,0,0,0,0,0,,,0,1,0,0,1,60,0,0,0,0,0,0,0,0,2,0,,0,,,0,0,1,0,0,0,0,0,0,0,0,0,2,0,,0,0,,,,,,,,
NA3471,bdfa725ec2a2c8ea5861d9b4c2f608e631a183fca7916c1e07a28b656cc8ec0c,benign,FAILED,,dike,full,1,3.8,,6,0,,,,0,6,0,0,0,0,0.0,0.0,0,1,0,1,0,219,0,0,5,0,0,0,0,1,0,0,,0,,,0,0,1,0,0,0,0,0,0,0,0,0,0,0,,0,0,,,,,,,,
NA3472,be45bf94be32e9cf2cdc32d3f5b749cc2f5427b29004ea1ad9a11ae8b21bc842,benign,FAILED,,dike,static_only,1,1.3,,,,,,,,,,,,,,,,,,,,111,0,0,0,0,0,0,0,0,1,0,,0,,,,,,,,,,,,,,,,,,,,,,,,,,,
NA3473,be4e345e6b82e8092455aa56c64030709c290a0c3fa5b95eca2203da9708df66,benign,NO_VICTIM_ACTIVITY,,dike,full,1,9.0,,4,0,,,,28,4,0,0,0,1,0.0,0.0,0,6,0,2,4,96,0,0,3,0,0,0,2,0,0,1,,506,2,1,0,0,1,1,0,0,0,0,0,0,0,0,0,0,,0,0,,,,,,,,
NA3474,be7f7f06d4390f4afd75e515674ba13a82b3ce0eafaa3b3c50fe5412ae7ed067,benign,FAILED,,dike,full,1,3.0,,0,0,,,,0,0,0,0,0,0,,,0,0,0,0,0,62,0,0,0,0,0,0,0,0,1,0,,0,,,0,0,1,0,0,0,0,0,0,0,0,0,0,0,,0,0,,,,,,,,
NA3475,bead137f1d54472624c23fa54ae4320ce67e142d8444246cd267a1d99253f781,benign,FAILED,,dike,static_only,1,2.8,,,,,,,,,,,,,,,,,,,,81,0,0,2,0,0,0,0,0,1,0,,0,,,,,,,,,,,,,,,,,,,,,,,,,,,
NA3476,c0461d5ce9b1d69a82de8f1ce0a405008d4e8b06842a9724fafa0de56d07b009,benign,FAILED,,dike,full,1,8.0,,2,22,-0.4294778451936666,5.617892253268319,7.222626052107317,0,2,1,0,0,0,0.5,0.0,1,1,0,0,1,129,9,1,3,1,0,0,1,1,1,3,,0,,,0,0,1,0,0,0,0,0,0,0,0,0,3,1,,0,0,,,,,,,,
NA3477,c0b1f435ec5986b33189501e0fe67354885f5037b268281b7c22e8319dbc9b79,benign,FAILED,,dike,static_only,1,2.3,,,,,,,,,,,,,,,,,,,,127,0,0,0,0,0,0,0,0,2,0,,0,,,,,,,,,,,,,,,,,,,,,,,,,,,
NA3478,c0d17a3f891247e99ab2715521fae178c7e43b531809d0b21502e2b33578f196,benign,FAILED,,dike,static_only,1,3.0,,,,,,,,,,,,,,,,,,,,161,3,0,0,0,0,0,0,0,2,1,,0,,,,,,,,,,,,,,,,,,,,,,,,,,,
NA3479,c0d3678c8daab044fcf5f99e09034ee5faade2e62b764d6538ff9c5a56957c5f,benign,FAILED,,dike,static_only,1,0.3,,,,,,,,,,,,,,,,,,,,138,0,0,4,1,0,0,0,1,2,1,,0,,,,,,,,,,,,,,,,,,,,,,,,,,,
NA3480,c0dcc641eb9a65b69b4c2f6941c73fd510f21505a0b87a4af548b5712b8e6a10,benign,FAILED,,dike,full,1,0.0,,0,0,,,,0,0,0,0,0,0,,,0,0,0,0,0,75,0,0,0,0,0,0,0,0,1,0,,0,,,0,0,1,0,0,0,0,0,0,0,0,0,0,0,,0,0,,,,,,,,
NA3481,c166496095542a51d8dfc8cbeb83c85db71a683695e0dd7e6341f32cdceb20c6,benign,FAILED,,dike,static_only,1,0.3,,,,,,,,,,,,,,,,,,,,56,0,0,1,0,0,0,0,0,0,0,,0,,,,,,,,,,,,,,,,,,,,,,,,,,,
NA3482,c1acdd0625341f7034cf698237f13f42f78eda2fc32037babe44b7f05401687a,benign,FAILED,,dike,full,1,1.0,,0,0,,,,0,0,0,0,0,0,,,0,0,0,0,0,78,0,0,1,2,0,0,0,0,2,1,,0,,,0,0,1,0,0,0,0,0,0,0,0,0,0,0,,0,0,,,,,,,,
NA3483,c1fb08303317b4a20458fb8cc71d25e2339ed773e1026cdfbd828cec6fd23ce7,benign,FAILED,,dike,static_only,1,1.0,,,,,,,,,,,,,,,,,,,,114,0,0,4,0,0,0,0,0,2,0,,0,,,,,,,,,,,,,,,,,,,,,,,,,,,
NA3484,c229f2e6b42410298cb548ecc7f15ef7a22232d4f95ddc6f3cddde0e16069e50,benign,FAILED,,dike,full,1,1.0,,0,0,,,,0,0,0,0,0,0,,,0,0,0,0,0,111,0,0,0,0,0,0,0,0,2,0,,0,,,0,0,1,0,0,0,0,0,0,0,0,0,0,0,,0,0,,,,,,,,
NA3485,c2563bb38ff3a2f9109febfc012afa329401a15aea4a1ac72659a11be9150b4a,benign,FAILED,,dike,full,1,1.0,,0,0,,,,0,0,0,0,0,0,,,0,0,0,0,0,102,0,0,4,0,0,0,0,1,1,0,,0,,,0,0,1,0,0,0,0,0,0,0,0,0,0,0,,0,0,,,,,,,,
NA3486,c2ad19887db0f553d143e357611e48d6313ca52d745eb0ed8a43391d7b2ed5eb,benign,FAILED,,dike,static_only,1,1.3,,,,,,,,,,,,,,,,,,,,93,0,0,0,0,0,0,0,0,1,0,,0,,,,,,,,,,,,,,,,,,,,,,,,,,,
NA3487,c314ee49ce2e32b5e7578ccf7199601c693ee3eb4ed7639f2b738e9c224dc542,benign,FAILED,,dike,full,1,1.0,,64,0,,,,0,64,0,0,0,0,0.0,0.0,0,2,0,2,0,97,0,0,1,0,0,0,1,0,1,1,,0,,,0,0,1,0,0,0,0,0,0,0,0,0,0,0,,0,0,,,,,,,,
NA3488,c3dc71edc05a9e1778bbea6757b65c1f9b2f491615cb68ba686eedafb3afc0f5,benign,NO_VICTIM_ACTIVITY,,dike,full,0,0.0,,0,0,,,,4,0,0,0,0,0,,,0,1,0,0,1,1,0,0,0,0,0,0,0,0,0,0,,0,,,0,0,1,0,0,0,0,0,0,0,0,0,0,0,,0,0,,,,,,,,
NA3489,c42ab04f9d19b18d2d145a32a98e02e8070d25275aad11b3c9917c3cdd370c10,benign,NO_VICTIM_ACTIVITY,,dike,full,0,0.0,,2,0,,,,3,2,0,0,0,0,0.0,0.0,0,3,0,1,2,1,0,0,0,0,0,0,0,0,0,0,,0,,,0,0,1,0,0,0,0,0,0,0,0,0,0,0,,0,0,,,,,,,,
NA3490,c43cc2ffc9543054c2b6515a8378db1e085c2db4e9a932deb06e2af1febaf4d8,benign,FAILED,,dike,static_only,1,1.3,,,,,,,,,,,,,,,,,,,,69,0,0,0,0,0,0,0,0,1,0,,0,,,,,,,,,,,,,,,,,,,,,,,,,,,
NA3491,c4617cd94408d13e68d3dd75920911a56a1b1bae0fb19c035b156ec4a3cdefd5,benign,FAILED,,dike,static_only,1,1.3,,,,,,,,,,,,,,,,,,,,265,0,0,0,0,0,0,0,0,1,0,,0,,,,,,,,,,,,,,,,,,,,,,,,,,,
NA3492,c496ec07982111a40ecaf3de85a2d14d9cdf9e5c5ed67d7ca28983765f451e62,benign,FAILED,,dike,full,1,3.2,,0,0,,,,0,0,0,0,0,0,,,0,0,0,0,0,176,0,0,5,0,0,0,2,1,2,1,,0,,,0,0,1,0,0,0,0,0,0,0,0,0,0,0,,0,0,,,,,,,,
NA3493,c54285ced8dd709286a0b14df011cacac104543f959b9ba07acb55f0e3bb2e80,benign,FAILED,,dike,static_only,1,0.3,,,,,,,,,,,,,,,,,,,,251,0,0,6,5,0,0,2,1,3,2,,0,,,,,,,,,,,,,,,,,,,,,,,,,,,
NA3494,c54d5a88692421d77d756412135eb48fb6d7d0a453e2603639628a03530ac6f7,benign,FAILED,,dike,full,1,1.2,,0,0,,,,0,0,0,0,0,0,,,0,0,0,0,0,152,0,0,6,0,0,0,0,2,2,0,boost,0,,,0,0,1,0,0,0,0,0,0,0,0,0,0,0,,0,0,,,,,,,,
NA3495,c5f8edfa5555688a71b70d7a32425b931d1e8f6ce44bbba3166f827146787c6d,benign,FAILED,,dike,static_only,1,1.3,,,,,,,,,,,,,,,,,,,,140,0,0,0,0,0,0,0,0,1,0,,0,,,,,,,,,,,,,,,,,,,,,,,,,,,
NA3496,c60ebcad6dcbc20fd27872ee4ae92b83950420867ab7a4769bac9d1a4f25e067,benign,FAILED,,dike,static_only,1,1.3,,,,,,,,,,,,,,,,,,,,143,0,0,0,0,0,0,0,0,1,0,,0,,,,,,,,,,,,,,,,,,,,,,,,,,,
NA3497,c70a14644f1f67e9b96219d968c7b4c99279be3b49b1d87c980f7204d0103d57,benign,FAILED,,dike,static_only,1,3.0,,,,,,,,,,,,,,,,,,,,127,0,0,0,0,0,0,1,0,2,1,,0,,,,,,,,,,,,,,,,,,,,,,,,,,,
NA3498,c7269592ece77706917a1242e19690f7a9f92f213f4a00540827591e4b2e3abb,benign,FAILED,,dike,static_only,1,1.3,,,,,,,,,,,,,,,,,,,,81,0,0,0,0,0,0,0,0,1,0,,0,,,,,,,,,,,,,,,,,,,,,,,,,,,
NA3499,c779d8631b288472ab92bd7c659cb3d6d2621def145b1400a7e83038e9af186b,benign,NO_VICTIM_ACTIVITY,,dike,full,1,9.0,,0,310,,5.60776431163373,6.376825800964972,35,0,0,0,0,1,,,0,18,0,0,18,57,0,0,1,0,0,0,0,0,1,0,,0,,,0,1,0,1,0,0,0,0,0,0,0,0,9,0,,0,0,,,,,,,,
NA3500,c7ffb571cf9c59e68f04760186f3d9cccf56f57c87fcc7a3f61b194773ea5d92,benign,FAILED,,dike,static_only,1,1.3,,,,,,,,,,,,,,,,,,,,243,0,0,0,0,0,0,0,0,1,0,,0,,,,,,,,,,,,,,,,,,,,,,,,,,,
NA3501,c8815316c65e6449e742a792a415a5e59dd42d62a3ede7a980a20a9c72db89a2,benign,FAILED,,dike,full,1,1.0,,0,0,,,,0,0,0,0,0,0,,,0,0,0,0,0,146,0,0,3,0,0,0,0,0,1,0,,0,,,0,0,1,0,0,0,0,0,0,0,0,0,8,0,,0,0,,,,,,,,
NA3502,c887e1dab6255d334254817c5b2f51c4aed2d67816c7e55d69c7759acb951c9e,benign,FAILED,,dike,static_only,1,0.3,,,,,,,,,,,,,,,,,,,,79,0,0,3,0,0,0,0,0,1,0,,0,,,,,,,,,,,,,,,,,,,,,,,,,,,
NA3503,c8dfa5126098077e097f40b8e488affff06722a0edb1cfcd20f832bb41bf1753,benign,FAILED,,dike,full,1,3.0,,64,0,,,,0,64,0,0,0,0,0.0,0.0,0,2,0,2,0,97,0,0,1,0,0,0,1,0,1,1,,0,,,0,0,1,0,0,0,0,0,0,0,0,0,0,0,,0,0,,,,,,,,
NA3504,c906bbbcdc39baeff580b76874f39a8c433dfabd37fae1dd1b0b46f18f4c0ef2,benign,NO_VICTIM_ACTIVITY,,dike,full,0,0.0,,11,0,,,,5,11,0,0,0,0,0.0,0.0,0,5,0,3,2,1,0,0,0,0,0,0,0,0,0,0,,0,,,0,0,1,0,0,0,0,0,0,0,0,0,0,0,,0,0,,,,,,,,
NA3505,c97e202a04588adecad428ce6fce048121e0fbd426a49108fa3f874308951249,benign,FAILED,,dike,full,1,1.0,,0,0,,,,0,0,0,0,0,0,,,0,0,0,0,0,121,0,0,0,0,0,0,0,2,1,0,,0,,,0,0,1,0,0,0,0,0,0,0,0,0,0,0,,0,0,,,,,,,,
NA3506,c9ec3caaf26a731e3ae6dc4e7b189a260749735c7b0634349fbc5cc406f1f383,benign,FAILED,,dike,static_only,1,2.0,,,,,,,,,,,,,,,,,,,,66,0,0,0,0,0,0,0,0,1,0,,0,,,,,,,,,,,,,,,,,,,,,,,,,,,
NA3507,ca176b32589ae38d689f8730856cf10f4bd63cda04bdc17a700d02d32c2aa3e9,benign,FAILED,,dike,static_only,1,0.0,,,,,,,,,,,,,,,,,,,,111,0,0,0,0,0,0,1,0,1,1,,0,,,,,,,,,,,,,,,,,,,,,,,,,,,
NA3508,ca35cb78f589520db0eaa2af0453dc472e6aa75709a6cb3053dc38f125024e50,benign,FAILED,,dike,static_only,1,2.3,,,,,,,,,,,,,,,,,,,,129,0,0,2,3,0,0,2,0,1,2,,0,,,,,,,,,,,,,,,,,,,,,,,,,,,
NA3509,ca6710ac624c4badd89606d2d46270b68a494b9778a109477955f6403d77493e,benign,FAILED,,dike,full,1,1.0,,0,0,,,,0,0,0,0,0,0,,,0,0,0,0,0,101,0,0,3,1,0,0,0,0,1,1,,0,,,0,0,1,0,0,0,0,0,0,0,0,0,0,0,,0,0,,,,,,,,
NA3510,ca7171f9e7081ff90878fc4be4b3c38eeb88769feed7fb2dbe5869614f4e8f42,benign,FAILED,,dike,full,1,1.0,,0,0,,,,0,0,0,0,0,0,,,0,0,0,0,0,189,0,0,2,0,0,0,0,0,2,0,,0,,,0,0,1,0,0,0,0,0,0,0,0,0,0,0,,0,0,,,,,,,,
NA3511,caef603d0522e04fa2cf752388d7174cd9c15fa8377d71cdc624b0db0f850f5e,benign,FAILED,,dike,static_only,1,1.3,,,,,,,,,,,,,,,,,,,,121,0,0,0,0,0,0,0,0,1,0,,0,,,,,,,,,,,,,,,,,,,,,,,,,,,
NA3512,cb0f1787609c8c3fa3a4c08765e45cea64afe6746bb03a8c71019333f80788e4,benign,NO_VICTIM_ACTIVITY,,dike,full,1,3.0,,0,0,,,,0,0,0,0,0,0,,,0,0,0,0,0,133,0,0,0,0,0,0,0,0,2,0,,0,,,0,0,1,0,0,0,0,0,0,0,0,0,0,0,,0,0,,,,,,,,
NA3513,cb33deaaba36b887fa13cd2b29cdc1472241f815ece8bd2e78a307622d97e362,benign,FAILED,,dike,static_only,1,0.3,,,,,,,,,,,,,,,,,,,,176,0,0,4,1,0,0,0,1,2,1,,0,,,,,,,,,,,,,,,,,,,,,,,,,,,
NA3514,cb548e26ed3c9a1550374e66b497d68f80a2e8129f098d77cabc4c25698c4347,benign,FAILED,,dike,static_only,1,1.3,,,,,,,,,,,,,,,,,,,,96,0,0,0,0,0,0,0,0,1,0,,0,,,,,,,,,,,,,,,,,,,,,,,,,,,
NA3515,cb7b6ac768a5692655cb527df464278207807319e8b81671510e3b2964a621a2,benign,FAILED,,dike,static_only,1,3.3,,,,,,,,,,,,,,,,,,,,96,0,0,0,0,0,0,0,0,1,0,,0,,,,,,,,,,,,,,,,,,,,,,,,,,,
NA3516,cc797cff20273689847580d940adb5f517725a27dee43f347ccc57f047bd2c25,benign,FAILED,,dike,static_only,1,1.0,,,,,,,,,,,,,,,,,,,,96,0,0,2,0,0,0,0,0,2,0,,0,,,,,,,,,,,,,,,,,,,,,,,,,,,
NA3517,cdbec8a3cd83e81e894012f020f742edce0f846f2f3fc28739c6835a701ef851,benign,FAILED,,dike,full,1,0.9000000000000001,,0,0,,,,0,0,0,0,0,0,,,0,0,0,0,0,107,0,0,0,0,0,0,0,0,1,0,,0,,,0,0,1,0,0,0,0,0,0,0,0,0,0,0,,0,0,,,,,,,,
NA3518,ce365d04be99efe6734d9364b2ee4507a207809c54d25541787bc2667b508b94,benign,NO_VICTIM_ACTIVITY,,dike,full,1,1.0,,50,0,,,,0,50,0,0,0,0,0.0,0.0,0,4,0,4,0,50,0,0,4,0,0,0,0,0,1,0,,0,,,0,0,1,0,0,0,0,0,0,0,0,0,0,0,,0,0,,,,,,,,
NA3519,cec17835c639bb9a9eb1714971b4836fd143403d182d46bdf9ddf204b7e1f30f,benign,FAILED,,dike,static_only,1,1.3,,,,,,,,,,,,,,,,,,,,199,0,0,0,0,0,0,0,0,1,0,,0,,,,,,,,,,,,,,,,,,,,,,,,,,,
NA3520,cf755c161116fc9c46989828b0c566573f648b9f7a13fbcaee0b3bbbb5006109,benign,FAILED,,dike,static_only,1,0.5,,,,,,,,,,,,,,,,,,,,67,0,0,0,0,0,0,0,0,1,0,,0,,,,,,,,,,,,,,,,,,,,,,,,,,,
NA3521,cf9cc5a552de280750b36743e80c33381e59d5ec8aa65a2dcfdd6a34198799bc,benign,FAILED,,dike,full,1,1.0,,0,0,,,,0,0,0,0,0,0,,,0,0,0,0,0,79,0,0,0,0,0,0,0,0,1,0,,0,,,0,0,1,0,0,0,0,0,0,0,0,0,0,0,,0,0,,,,,,,,
NA3522,d0188bda26aee8652466ba0cc53457fc736d00e2eefd33901a0b0ae978c8b362,benign,FAILED,,dike,static_only,1,0.3,,,,,,,,,,,,,,,,,,,,104,0,0,2,0,0,0,0,1,1,0,,0,,,,,,,,,,,,,,,,,,,,,,,,,,,
NA3523,d0411ed6c42fc12c860c8e43c3d993c6b210849443ba27d3219c36a8d222169b,benign,FAILED,,dike,static_only,1,0.3,,,,,,,,,,,,,,,,,,,,754,0,0,0,0,0,0,0,0,1,0,,0,,,,,,,,,,,,,,,,,,,,,,,,,,,
NA3524,d0825b1135153695e1e7c5c02a003347e4930d5b020018f61dc64f74446caac8,benign,FAILED,,dike,full,1,0.0,,0,0,,,,0,0,0,0,0,0,,,0,0,0,0,0,112,0,0,0,0,0,0,0,0,2,0,,0,,,0,0,1,0,0,0,0,0,0,0,0,0,0,0,,0,0,,,,,,,,
NA3525,d08eceecafdce076fc7f9e1bef061a7a67eb09ca6f97c2f77e2f3da8a0cc998b,benign,FAILED,,dike,static_only,1,3.3,,,,,,,,,,,,,,,,,,,,119,0,0,0,0,0,0,0,0,1,0,,0,,,,,,,,,,,,,,,,,,,,,,,,,,,
NA3526,d0b55519c39ad283edef2c139fd8b6fb6a61f125883ae83b58d405c859696059,benign,FAILED,,dike,static_only,1,1.3,,,,,,,,,,,,,,,,,,,,117,0,0,0,0,0,0,0,0,1,0,,0,,,,,,,,,,,,,,,,,,,,,,,,,,,
NA3527,d0d8b38e4c9d4ea4a426e17a9ff5bcb0511ea47602c8ec8fa454ff28a43db3fd,benign,FAILED,,dike,static_only,1,1.0,,,,,,,,,,,,,,,,,,,,182,0,0,8,0,0,0,2,1,1,1,,0,,,,,,,,,,,,,,,,,,,,,,,,,,,
NA3528,d1d00eece72bb3c3109477b73161d79f7175058a134f980a16caaa94230591dd,benign,FAILED,,dike,full,1,3.2,,1,0,,,,1,1,0,0,0,0,0.0,0.0,0,1,0,1,0,102,0,0,0,0,0,0,0,1,2,0,,0,,,0,0,1,0,0,0,0,0,0,0,0,0,0,0,,0,0,,,,,,,,
NA3529,d1ddf63a07519e9d7acd2efacafa5eac7fffd793eb78673496736b7c8fa59746,benign,NO_VICTIM_ACTIVITY,,dike,full,1,9.0,,2,0,,,,84,2,0,0,0,6,0.0,0.0,0,21,0,2,19,383,5,0,3,0,0,0,1,4,2,2,,0,,,1,0,0,4,0,0,0,0,0,0,2,2,50,6,9.7,0,0,,,,,,,,
NA3530,d25c82772c610518e87314141d6132941b457a211eeb5b1270352d1c0ac3539d,benign,FAILED,,dike,full,1,3.0,,0,0,,,,0,0,0,0,0,0,,,0,0,0,0,0,102,0,0,0,0,0,0,1,0,1,1,,0,,,0,0,1,0,0,0,0,0,0,0,0,0,0,0,,0,0,,,,,,,,
NA3531,d2ada925cc2e903b176ca03851fdcb44250ad69918063e14426c7b7ffe63c3e5,benign,FAILED,,dike,full,1,0.8,,0,0,,,,0,0,0,0,0,0,,,0,0,0,0,0,105,0,0,6,0,0,0,0,1,1,0,,0,,,0,0,1,0,0,0,0,0,0,0,0,0,0,0,,0,0,,,,,,,,
NA3532,d32a5abea7c5d5f3e1aa9632d3b49cfa2a81169badcbfb12470c6f2aedb91f09,benign,FAILED,,dike,static_only,1,1.3,,,,,,,,,,,,,,,,,,,,118,0,0,0,0,0,0,0,0,1,0,,0,,,,,,,,,,,,,,,,,,,,,,,,,,,
NA3533,d344483585dfbca35c3ec890b155c0a956a22d05fbba429362b139c2f1ce2a60,benign,FAILED,,dike,static_only,1,0.0,,,,,,,,,,,,,,,,,,,,546,0,0,1,0,0,0,0,1,2,0,,0,,,,,,,,,,,,,,,,,,,,,,,,,,,
NA3534,d3537c3456525582a77b23100d3769fd26ffd180d0e19ad8c5d88fe74e8fdd41,benign,FAILED,,dike,full,1,3.0,,0,0,,,,0,0,0,0,0,0,,,0,0,0,0,0,104,0,0,0,0,0,0,0,0,2,0,,0,,,0,0,1,0,0,0,0,0,0,0,0,0,0,0,,0,0,,,,,,,,
NA3535,d3ad7f3f40d286ba12e266439032b7b09f95a1ed17afc6bd4d8f84b4508efb9f,benign,NO_VICTIM_ACTIVITY,,dike,full,0,0.0,,0,0,,,,5,0,0,0,0,0,,,0,3,0,0,3,1,0,0,0,0,0,0,0,0,0,0,,0,,,0,0,1,0,0,0,0,0,0,0,0,0,0,0,,0,0,,,,,,,,
NA3536,d4ce45d348c37204792d536142ea19939210303127e8978e8366bfe26709bd07,benign,FAILED,,dike,static_only,1,1.3,,,,,,,,,,,,,,,,,,,,71,0,0,0,0,0,0,0,0,1,0,,0,,,,,,,,,,,,,,,,,,,,,,,,,,,
NA3537,d4d518c5415ace543cb348a93ab6df569ee298d18fe47ad3eb75018f5cb5f5db,benign,FAILED,,dike,static_only,1,1.3,,,,,,,,,,,,,,,,,,,,94,0,0,0,0,0,0,0,0,1,0,,0,,,,,,,,,,,,,,,,,,,,,,,,,,,
NA3538,d5102a3d573e3d16421503c41642ff10af3ec70ac0946cd12b1aadeb67660445,benign,FAILED,,dike,static_only,1,2.3,,,,,,,,,,,,,,,,,,,,361,2,0,3,0,0,0,1,1,1,2,,0,,,,,,,,,,,,,,,,,,,,,,,,,,,
NA3539,d543427bfa0b28c57d13389d55dadb483436e081b7eb50893a06b0af25d3542a,benign,FAILED,,dike,static_only,1,0.3,,,,,,,,,,,,,,,,,,,,51,0,0,1,0,0,0,0,0,0,0,,0,,,,,,,,,,,,,,,,,,,,,,,,,,,
NA3540,d5ba70172dcded0ac0bfea52bca68cb95348ec79d7fb79136b9b54a5bc11ce3a,benign,FAILED,,dike,static_only,1,0.3,,,,,,,,,,,,,,,,,,,,385,0,0,4,5,0,0,2,3,2,2,,0,,,,,,,,,,,,,,,,,,,,,,,,,,,
NA3541,d641bd8bd068f9970d0a78e906a1afb9ad5bd291edf4eee54b8ba668fe85c887,benign,FAILED,,dike,static_only,1,0.0,,,,,,,,,,,,,,,,,,,,154,0,1,0,0,0,0,0,0,2,0,,0,,,,,,,,,,,,,,,,,,,,,,,,,,,
NA3542,d64cf3d8c86118900ebbba675668290d7b78a4501e0db5242959503c1947f9ba,benign,FAILED,,dike,full,1,1.0,,0,0,,,,0,0,0,0,0,0,,,0,0,0,0,0,105,0,0,1,0,1,0,1,0,1,2,,0,,,0,0,1,0,0,0,0,0,0,0,0,0,0,0,,0,0,,,,,,,,
NA3543,d6798d7c82c8f04503fc1bc62074010c39d9a27c0c3171f14b301b2c41615139,benign,NO_VICTIM_ACTIVITY,,dike,full,1,9.0,,18,0,,,,427,18,0,0,0,8,0.0,0.0,0,55,0,5,50,82,0,0,0,0,0,0,0,0,2,0,,0,,,0,0,1,8,0,0,0,0,0,0,2,2,52,3,-28.6,0,0,,,,,,,,
NA3544,d6d811768d315ac1fafcb356b040f522375192510a93ef94a5cfb22001a6de61,benign,FAILED,,dike,static_only,1,1.3,,,,,,,,,,,,,,,,,,,,149,0,0,0,0,0,0,0,0,1,0,,0,,,,,,,,,,,,,,,,,,,,,,,,,,,
NA3545,d76eb2510b4bbf54ceb93ff113fd6ee98cc04874fcea256105d0a2fd33834f4e,benign,NO_VICTIM_ACTIVITY,,dike,full,0,0.0,,0,0,,,,3,0,0,0,0,0,,,0,1,0,0,1,1,0,0,0,0,0,0,0,0,0,0,,0,,,0,0,1,0,0,0,0,0,0,0,0,0,0,0,,0,0,,,,,,,,
NA3546,d8449378c539dcd3ee3abb5d2ae1220f84e324b0b3c37fd430b3d649e225c14f,benign,NO_VICTIM_ACTIVITY,,dike,full,1,7.0,,0,0,,,,0,0,0,0,0,0,,,0,0,0,0,0,75,0,0,0,0,0,0,1,0,1,1,,0,,,0,0,1,0,0,0,0,0,0,0,0,0,32,0,,0,0,,,,,,,,
NA3547,d878992fe48766c2d2e03fcd103b8805a702b07d20adfd94581523ff838e45b0,benign,FAILED,,dike,static_only,1,0.3,,,,,,,,,,,,,,,,,,,,40,0,0,1,0,0,0,0,0,0,0,,0,,,,,,,,,,,,,,,,,,,,,,,,,,,
NA3548,d87b39d0ce02c058b4fd52fa48713f38aa4a224602b8eacbe161e6113241744c,benign,FAILED,,dike,full,1,0.0,,0,0,,,,0,0,0,0,0,0,,,0,0,0,0,0,192,0,0,0,0,0,0,0,0,1,0,,0,,,0,0,1,0,0,0,0,0,0,0,0,0,0,0,,0,0,,,,,,,,
NA3549,d889aa776b67de0daebe36c6c824812b58053bf28d6fd9eb8c752b004115c847,benign,FAILED,,dike,static_only,1,1.3,,,,,,,,,,,,,,,,,,,,72,0,0,0,0,0,0,0,0,1,0,,0,,,,,,,,,,,,,,,,,,,,,,,,,,,
NA3550,d92f7d3157bce05ed5ad58e7a8743367205043cb3eb41f184faf50ec163d3307,benign,NO_VICTIM_ACTIVITY,,dike,full,1,9.0,,10,0,,,,18,10,8,2,4,8,0.8,0.2,2,20,1,6,13,44,0,0,0,0,0,0,0,0,2,0,,0,,,0,0,1,8,0,0,0,0,0,0,2,2,11,7,223.0,0,0,,,,,,,,
NA3551,d95753ec8aa7da87cd519e3c77d16da579815cc53c564a77192f65c4a01c043d,benign,FAILED,,dike,full,1,1.0,,0,0,,,,0,0,0,0,0,0,,,0,0,0,0,0,115,0,0,2,0,0,0,0,0,1,0,,0,,,0,0,1,0,0,0,0,0,0,0,0,0,0,0,,0,0,,,,,,,,
NA3552,d9b225ba8c7bd7e261f062d25b285241da7210802dbc3977d154d84f78afaf85,benign,FAILED,,dike,static_only,1,2.3,,,,,,,,,,,,,,,,,,,,145,0,0,3,0,0,0,0,0,1,0,,0,,,,,,,,,,,,,,,,,,,,,,,,,,,
NA3553,da1968f7ad7f4fdb1bc77713b54f87d3ede41ebbf19bf86f4898eb902bafc30f,benign,NO_VICTIM_ACTIVITY,,dike,full,1,7.0,,0,0,,,,5,0,1,0,0,0,,,1,1,0,0,1,184,0,0,8,0,0,0,0,1,2,0,,0,,,0,0,1,0,0,0,0,0,0,0,0,0,0,0,,0,0,,,,,,,,
NA3554,da677907df4388fde51aac859caacc31e70d0658df420c82e0d4e84f5b04fc23,benign,FAILED,,dike,full,1,3.0,,0,0,,,,0,0,0,0,0,0,,,0,0,0,0,0,131,0,0,0,0,0,0,1,0,2,1,,0,,,0,0,1,0,0,0,0,0,0,0,0,0,0,0,,0,0,,,,,,,,
NA3555,dad6229600eb17c91ad9ddae5481379a6d06b08147d840e20648f8e36d56844e,benign,FAILED,,dike,static_only,1,1.3,,,,,,,,,,,,,,,,,,,,126,0,0,0,0,0,0,0,0,1,0,,0,,,,,,,,,,,,,,,,,,,,,,,,,,,
NA3556,dc14743f0c58595e84d80cf3579f6d162d378312c6b017380a1e43c870f9f9fd,benign,NO_VICTIM_ACTIVITY,,dike,full,1,7.0,,0,0,,,,1,0,0,0,0,5,,,0,6,0,0,6,59,0,0,0,0,0,0,1,0,1,1,,0,,,0,0,1,5,0,0,0,0,0,0,2,2,2,0,,0,0,,,,,,,,
NA3557,dc4a4aabaa2db2cd79d01d12e35ae7402a4aa8193660141c30ee216cf27f189a,benign,FAILED,,dike,static_only,1,1.3,,,,,,,,,,,,,,,,,,,,132,0,0,0,0,0,0,0,0,1,0,,0,,,,,,,,,,,,,,,,,,,,,,,,,,,
NA3558,dc66843f5a304362179f9fe4ca1a1d0b1249934e545c303c3ee353d061dd0ffa,benign,NO_VICTIM_ACTIVITY,,dike,full,1,7.0,,0,0,,,,1,0,0,0,0,0,,,0,1,0,0,1,66,0,0,0,0,0,0,0,0,1,0,,0,,,0,0,1,0,0,0,0,0,0,0,0,0,0,0,,0,0,,,,,,,,
NA3559,dca3a8f6bbe4e3be641adfd870352545e103298444f0cb68c932861327047b63,benign,FAILED,,dike,static_only,1,1.3,,,,,,,,,,,,,,,,,,,,128,0,0,0,0,0,0,0,0,1,0,,0,,,,,,,,,,,,,,,,,,,,,,,,,,,
NA3560,dcc9ae97bbec56dcfc5bbab5202f8da3dfae81b8f760e3fc874bc8abd8be8485,benign,FAILED,,dike,static_only,1,1.0,,,,,,,,,,,,,,,,,,,,88,0,0,0,0,0,0,0,0,2,0,,0,,,,,,,,,,,,,,,,,,,,,,,,,,,
NA3561,dd87952ff5d1f32fddec84a8470e9f99cbe2deae3ce9f101b14aa0f5618404a4,benign,NO_VICTIM_ACTIVITY,,dike,full,1,6.0,,62,0,,,,23,62,9,2,5,6,0.14516129032258066,0.03225806451612903,3,19,2,7,10,270,0,0,4,4,0,0,2,4,2,2,,0,,,0,0,1,7,0,0,0,0,0,0,3,3,38,11,245.7,0,0,,,,,,,,
NA3562,dda46ead54b5f92e4fa77cf708f9c87521cf26e80ea776203b34037d54590f96,benign,FAILED,,dike,static_only,1,1.3,,,,,,,,,,,,,,,,,,,,345,0,0,2,0,0,0,0,0,1,0,,0,,,,,,,,,,,,,,,,,,,,,,,,,,,
NA3563,ddb348b0443d540a6e72477b111b50b094adcd490872c4786acbdcd093e07f8d,benign,NO_VICTIM_ACTIVITY,,dike,full,1,9.0,,750,49,-0.05012609108699477,3.906890595608518,3.906890595608518,474,750,3,0,0,4,0.004,0.0,2,81,2,31,48,154,0,0,3,0,0,0,0,0,0,0,,3667,3,3,0,1,0,4,0,0,0,0,0,0,2,2,19,0,-65.0,0,0,,,,,,,,
NA3564,de17124d11e0873220bb9f2af8f68dbf404bfb6d7f4e633dcd6e72e6286b4b80,benign,NO_VICTIM_ACTIVITY,,dike,full,1,3.0,,1,0,,,,2,1,0,0,0,0,0.0,0.0,0,2,0,1,1,25,0,0,0,0,0,0,0,0,1,0,,0,,,0,0,1,0,0,0,0,0,0,0,0,0,0,0,,0,0,,,,,,,,
NA3565,dec54fa2495ddda9647c516f4025f08f552451bdf432930df6dcffa31ee38d46,benign,FAILED,,dike,static_only,1,1.3,,,,,,,,,,,,,,,,,,,,243,0,0,0,0,0,0,0,0,1,0,,0,,,,,,,,,,,,,,,,,,,,,,,,,,,
NA3566,df3e83d365715e889970135cef3168ad205dd8f6d4522cbdd053cb254e0bf8e7,benign,FAILED,,dike,full,1,1.2,,16,0,,,,1,16,0,0,0,0,0.0,0.0,0,2,0,2,0,128,0,0,1,0,0,0,0,0,1,0,,0,,,0,0,1,0,0,0,0,0,0,0,0,0,2,0,,0,0,,,,,,,,
NA3567,dfd0be40f44bd60ada70daf211a36adad3cb430fc026fdab04f719d3570bccd5,benign,FAILED,,dike,static_only,1,0.3,,,,,,,,,,,,,,,,,,,,225,0,0,2,0,0,0,2,3,2,1,,0,,,,,,,,,,,,,,,,,,,,,,,,,,,
NA3568,e000a2915cdc991900e600a9848c836c6b62241cd7198eeb635344530869d912,benign,FAILED,,dike,static_only,1,1.3,,,,,,,,,,,,,,,,,,,,130,0,0,0,0,0,0,0,0,1,0,,0,,,,,,,,,,,,,,,,,,,,,,,,,,,
NA3569,e047608956027529b36ddd018def441963c95270cb8dad5216989f53cfb2348d,benign,FAILED,,dike,static_only,1,0.3,,,,,,,,,,,,,,,,,,,,234,2,2,3,3,1,0,2,1,3,4,,0,,,,,,,,,,,,,,,,,,,,,,,,,,,
NA3570,e05736304339b95938f623f5e5ab295942ccb728cf0782e429ff56c7f98c4ace,benign,NO_VICTIM_ACTIVITY,,dike,full,0,0.0,,0,16,,6.435138010041594,6.435138010041593,5,0,0,0,0,0,,,0,2,0,0,2,1,0,0,0,0,0,0,0,0,0,0,,0,,,0,1,0,0,0,0,0,0,0,0,0,0,0,0,,0,0,,,,,,,,
NA3571,e0de6f13eeaa0b6978b64f1aa37f77b6d69d0c772d37e8cbc7e6b3fd9c236383,benign,FAILED,,dike,full,1,1.2,,0,0,,,,0,0,0,0,0,0,,,0,0,0,0,0,144,0,0,1,0,0,0,2,0,2,1,,0,,,0,0,1,0,0,0,0,0,0,0,0,0,0,0,,0,0,,,,,,,,
NA3572,e1913ca829634bac9b78031eb20c79fb7b1d5c9ebacd27d89f575576178bce8b,benign,FAILED,,dike,full,1,1.0,,0,0,,,,0,0,0,0,0,0,,,0,0,0,0,0,69,0,0,2,0,0,0,0,0,1,0,,0,,,0,0,1,0,0,0,0,0,0,0,0,0,0,0,,0,0,,,,,,,,
NA3573,e1c6ab38727c86611cce37ebf9ca5b8812d9c3f02193faa74fae7382dde28fb0,benign,FAILED,,dike,full,1,1.0,,269,0,,,,0,269,0,0,0,0,0.0,0.0,0,6,0,6,0,77,0,0,1,0,0,0,0,0,1,0,,0,,,0,0,1,0,0,0,0,0,0,0,0,0,0,0,,0,0,,,,,,,,
NA3574,e20c8fcbe0260436c3779a5b1c640153f2690f6e32a4355c47eba50c862c9549,benign,FAILED,,dike,static_only,1,0.3,,,,,,,,,,,,,,,,,,,,43,0,0,1,0,0,0,0,0,0,0,,0,,,,,,,,,,,,,,,,,,,,,,,,,,,
NA3575,e26573bf8a8b859d65d3b5e258764384e269ea08fd25a5d68d6a25708798c42f,benign,FAILED,,dike,full,1,1.0,,0,0,,,,0,0,0,0,0,0,,,0,0,0,0,0,34,0,0,0,0,0,0,0,0,1,0,,0,,,0,0,1,0,0,0,0,0,0,0,0,0,0,0,,0,0,,,,,,,,
NA3576,e27cbfcbd61c44796e2cfdd031663245bda8d6e4a43c1451b1fc505333908126,benign,FAILED,,dike,static_only,1,0.3,,,,,,,,,,,,,,,,,,,,205,0,0,4,0,0,0,1,3,2,1,,0,,,,,,,,,,,,,,,,,,,,,,,,,,,
NA3577,e29835e30a82311d856dc8ac8ba70b5f10f9cd6465a76a0f6423ed1b36dad744,benign,FAILED,,dike,full,1,1.2,,0,0,,,,0,0,0,0,0,0,,,0,0,0,0,0,246,2,0,7,0,0,0,0,1,2,1,,0,,,1,0,0,0,0,0,0,0,0,0,0,0,0,0,,0,0,,,,,,,,
NA3578,e3b8530d540b87a4019742aa9d6cbfacf6c6583240bea5ac8319311e8dd195cb,benign,FAILED,,dike,static_only,1,0.3,,,,,,,,,,,,,,,,,,,,225,0,0,2,0,0,0,0,0,2,0,,0,,,,,,,,,,,,,,,,,,,,,,,,,,,
NA3579,e40f02f83a5747b8b47cbc21fc7c54e6b81b7b92c86410ccc62795274f639385,benign,FAILED,,dike,static_only,1,3.3,,,,,,,,,,,,,,,,,,,,108,0,0,0,0,0,0,0,0,1,0,,0,,,,,,,,,,,,,,,,,,,,,,,,,,,
NA3580,e417a2a7e4a77e96f819ef1fca0156ae01807825c0ee0817e649fe6c0d41a4be,benign,FAILED,,dike,full,1,1.2,,17,0,,,,0,17,0,0,0,0,0.0,0.0,0,1,0,1,0,158,0,0,5,0,0,0,0,0,2,0,,0,,,0,0,1,0,0,0,0,0,0,0,0,0,0,0,,0,0,,,,,,,,
NA3581,e42647afd2747ba0c5a5c2440b5a68a9f0139850782690e1f7f2abd01ff573f3,benign,FAILED,,dike,static_only,1,1.3,,,,,,,,,,,,,,,,,,,,100,0,0,0,0,0,0,0,0,1,0,,0,,,,,,,,,,,,,,,,,,,,,,,,,,,
NA3582,e4e896f8a1387eb8913e97e20e084234ccaeac76a4c4cde5ecf2a4c7d712e923,benign,FAILED,,dike,full,1,3.2,,0,0,,,,0,0,0,0,0,0,,,0,0,0,0,0,50,0,0,1,0,0,0,0,0,1,0,,0,,,0,0,1,0,0,0,0,0,0,0,0,0,0,0,,0,0,,,,,,,,
NA3583,e58771a5a611292297cbb7e69be2fbdce01f5d96b02ac0e33ee9bcb1abfc3b6d,benign,FAILED,,dike,static_only,1,0.8,,,,,,,,,,,,,,,,,,,,117,0,0,3,0,0,0,2,3,2,1,,0,,,,,,,,,,,,,,,,,,,,,,,,,,,
NA3584,e5b9c472715f0279bfc4889a750df5544077e30f049c17c26e1569dea122d40e,benign,NO_VICTIM_ACTIVITY,,dike,full,1,9.0,,0,0,,,,0,0,0,0,0,0,,,0,0,0,0,0,83,0,0,0,0,0,0,0,0,2,0,,0,,,0,0,1,0,0,0,0,0,0,0,0,0,0,0,,0,0,,,,,,,,
NA3585,e614bb23131efe77b8ef6cfe08a28ceec7a9adccc03d183b7a287ac6c822de1f,benign,FAILED,,dike,static_only,1,0.0,,,,,,,,,,,,,,,,,,,,175,0,0,1,0,0,0,1,0,2,1,,0,,,,,,,,,,,,,,,,,,,,,,,,,,,
NA3586,e65843dd08f0044bfebc429e3ced7e936dc83c2d304fe7774147b0db382e5965,benign,FAILED,,dike,full,1,0.0,,0,0,,,,0,0,0,0,0,0,,,0,0,0,0,0,156,2,0,5,0,1,0,5,4,2,3,,0,,,1,0,0,0,0,0,0,0,0,0,0,0,0,0,,0,0,,,,,,,,
NA3587,e68d0aff6f9b17d0c48a18f79e0f405f420242ac9c0c4579c8cced7ef699aa46,benign,FAILED,,dike,static_only,1,0.3,,,,,,,,,,,,,,,,,,,,195,0,1,4,0,0,0,1,1,1,1,,0,,,,,,,,,,,,,,,,,,,,,,,,,,,
NA3588,e6c0114c5041056072c7c1c1bd6553267dd83175c9ebdef636c1202f011713f1,benign,FAILED,,dike,static_only,1,2.3,,,,,,,,,,,,,,,,,,,,103,0,0,1,0,0,0,0,0,2,0,,0,,,,,,,,,,,,,,,,,,,,,,,,,,,
NA3589,e7e56c2607614a58d4fc0fde58fa32a9057e2ec6501808e666faf1d11af62a0e,benign,FAILED,,dike,full,1,3.0,,0,0,,,,0,0,0,0,0,0,,,0,0,0,0,0,140,0,0,4,0,0,0,0,1,2,0,,0,,,0,0,1,0,0,0,0,0,0,0,0,0,0,0,,0,0,,,,,,,,
NA3590,e81cd88c8f8bf4bd6ecd4e0982feb60480121b3369e46ee7e143ee6237dd117f,benign,NO_VICTIM_ACTIVITY,,dike,full,1,3.2,,0,0,,,,0,0,0,0,0,0,,,0,0,0,0,0,197,0,0,0,0,0,0,0,0,2,0,,0,,,0,0,1,0,0,0,0,0,0,0,0,0,0,0,,0,0,,,,,,,,
NA3591,e82b3e2d357ecdebc189379f79f2b354d34c7af1a1d56de51ad5a539059dcf61,benign,FAILED,,dike,static_only,1,0.3,,,,,,,,,,,,,,,,,,,,48,0,0,1,0,0,0,0,0,0,0,,0,,,,,,,,,,,,,,,,,,,,,,,,,,,
NA3592,e87bde4257e33f4f185dc872e0d7fc0a378741233ea3dd6a2665bfcf44bad1d4,benign,NO_VICTIM_ACTIVITY,,dike,full,0,0.0,,0,0,,,,4,0,0,0,0,0,,,0,1,0,0,1,1,0,0,0,0,0,0,0,0,0,0,,0,,,0,0,1,0,0,0,0,0,0,0,0,0,0,0,,0,0,,,,,,,,
NA3593,e9684cfcb60e565e3ea5597ccfa7ebbe4e1ae9e3787fb54f6f75bda4df9a5e67,benign,NO_VICTIM_ACTIVITY,,dike,full,1,3.0,,0,0,,,,0,0,0,0,0,0,,,0,0,0,0,0,269,0,0,0,0,0,0,0,0,2,0,,0,,,0,0,1,0,0,0,0,0,0,0,0,0,0,0,,0,0,,,,,,,,
NA3594,e9b57cd27dd150c0ee3d718f64e6210a07e78f91e4a673e259335327ab2dc908,benign,FAILED,,dike,static_only,1,1.3,,,,,,,,,,,,,,,,,,,,241,0,0,0,0,0,0,0,0,1,0,,0,,,,,,,,,,,,,,,,,,,,,,,,,,,
NA3595,e9e24fb71b09913424236131a896329ed726e0a6c796735462ff6ab440d7287c,benign,FAILED,,dike,static_only,1,0.8,,,,,,,,,,,,,,,,,,,,110,0,0,2,0,0,0,0,0,1,0,,0,,,,,,,,,,,,,,,,,,,,,,,,,,,
NA3596,ea8d441df237fb3d3b7a27a95fde186e19c94d58a618f5c29ed5fc13cb155e96,benign,FAILED,,dike,static_only,1,0.0,,,,,,,,,,,,,,,,,,,,123,0,0,0,0,0,0,0,0,2,0,,0,,,,,,,,,,,,,,,,,,,,,,,,,,,
NA3597,eaec4a2d0a4b47b8037b918ffb8871655b6eb11add21d6816402ea3342a8c903,benign,NO_VICTIM_ACTIVITY,,dike,full,0,7.0,,0,2,,3.0,3.0,10,0,0,0,0,0,,,0,4,0,0,4,1,0,0,0,0,0,0,0,0,0,0,,0,,,0,1,0,0,0,0,0,0,0,0,0,0,0,0,,0,0,,,,,,,,
NA3598,eb2e970ce9d555ad8c44986d57ed78400e6de1274fee649421814398b2c89c95,benign,FAILED,,dike,static_only,1,1.3,,,,,,,,,,,,,,,,,,,,107,0,0,0,0,0,0,0,0,1,0,,0,,,,,,,,,,,,,,,,,,,,,,,,,,,
NA3599,ebb96f004f982d3aa4d5e92342637148d66d7133e6b8096e72e8f34560c73aa5,benign,FAILED,,dike,static_only,1,0.3,,,,,,,,,,,,,,,,,,,,58,0,0,1,0,0,0,0,0,0,0,,0,,,,,,,,,,,,,,,,,,,,,,,,,,,
NA3600,ebbeca9392e0e1e86baf037302fa8560dea7c321e530f4a5a4463cfea66c85a9,benign,FAILED,,dike,static_only,1,1.3,,,,,,,,,,,,,,,,,,,,106,0,0,0,0,0,0,0,0,1,0,,0,,,,,,,,,,,,,,,,,,,,,,,,,,,
NA3601,ec9b0d09b56f46f0308d594cd9d595eb492a67ed0024a9b7a13fa995966932f7,benign,FAILED,,dike,static_only,1,0.3,,,,,,,,,,,,,,,,,,,,105,0,0,0,0,0,0,0,0,1,0,,0,,,,,,,,,,,,,,,,,,,,,,,,,,,
NA3602,ed5e10ce65092374571125fefe919cc9f7444b208f7bd2444f047a0dabf57957,benign,FAILED,,dike,full,1,3.2,,0,0,,,,0,0,0,0,0,0,,,0,0,0,0,0,190,0,0,0,0,0,0,1,0,1,1,,0,,,0,0,1,0,0,0,0,0,0,0,0,0,0,0,,0,0,,,,,,,,
NA3603,ed6018064304e2af770c74e57a8d405d045c568c781bffd7e29bfecaaa3a80ea,benign,NO_VICTIM_ACTIVITY,,dike,full,0,0.0,,3,0,,,,3,3,0,0,0,0,0.0,0.0,0,3,0,2,1,1,0,0,0,0,0,0,0,0,0,0,,0,,,0,0,1,0,0,0,0,0,0,0,0,0,0,0,,0,0,,,,,,,,
NA3604,ed745465a3d0dd062a8ae5a9431ee638155a408a63fc32ca4342f67573ae9801,benign,NO_VICTIM_ACTIVITY,,dike,full,0,7.0,,0,38,,5.95472257584435,6.376825800964972,20,0,0,0,0,0,,,0,6,0,0,6,1,0,0,0,0,0,0,0,0,0,0,,0,,,0,1,0,0,0,0,0,0,0,0,0,0,0,0,,0,0,,,,,,,,
NA3605,ed951cfa6045da2ade1900e01b00ece04428f9b621dd50780f4b76ca5fb235d0,benign,FAILED,,dike,static_only,1,1.0,,,,,,,,,,,,,,,,,,,,112,0,0,2,0,0,0,1,0,1,1,,0,,,,,,,,,,,,,,,,,,,,,,,,,,,
NA3606,ee40afb63fe2801dc705c39c373197c7fd8bc19c0ee7fe1afb7a4f75337fc851,benign,FAILED,,dike,static_only,1,3.0,,,,,,,,,,,,,,,,,,,,83,0,0,0,0,0,0,0,0,2,0,,0,,,,,,,,,,,,,,,,,,,,,,,,,,,
NA3607,ee4d1bd00f41a411f4eaf80c49b6aac81a0d6e70bccb2eeb429c661149ac23a8,benign,FAILED,,dike,static_only,1,0.3,,,,,,,,,,,,,,,,,,,,59,0,0,1,0,0,0,0,0,0,0,,0,,,,,,,,,,,,,,,,,,,,,,,,,,,
NA3608,eeb431a534e25c0860b3f671e14e8b9cf361a562728ffe8e47c9318b99ce537c,benign,NO_VICTIM_ACTIVITY,,dike,full,0,0.0,,5,0,,,,5,5,0,0,0,0,0.0,0.0,0,3,0,2,1,1,0,0,0,0,0,0,0,0,0,0,,0,,,0,0,1,0,0,0,0,0,0,0,0,0,0,0,,0,0,,,,,,,,
NA3609,eeb4e4c63f7b33a00a4ed0dbec66fffbf534180bdd20a8d88b9de5d5e595efd9,benign,FAILED,,dike,static_only,1,0.0,,,,,,,,,,,,,,,,,,,,151,0,0,2,0,0,0,0,0,2,0,,0,,,,,,,,,,,,,,,,,,,,,,,,,,,
NA3610,ef0e1c8217ff645ec599683ebbef4dad00cea679866fa1a6eebb42efd065bddc,benign,FAILED,,dike,full,1,0.0,,0,0,,,,0,0,0,0,0,0,,,0,0,0,0,0,103,0,0,0,0,0,0,0,0,1,0,,0,,,0,0,1,0,0,0,0,0,0,0,0,0,0,0,,0,0,,,,,,,,
NA3611,ef61e92582a60c072fc527babcc7183ea7b7ba7af03a684eb77d17023de113fe,benign,NO_VICTIM_ACTIVITY,,dike,full,0,9.0,,0,0,,,,2,0,0,0,0,22,,,0,24,0,0,24,1,0,0,0,0,0,0,0,0,0,0,,0,,,0,0,1,14,0,0,0,0,0,0,4,8,2,0,,0,0,,,,,,,,
NA3612,f073c031c787956ad68f2b5c8f512212071e3fff4610910cff8d2a2b81d3b50d,benign,FAILED,,dike,full,1,1.0,,64,0,,,,0,64,0,0,0,0,0.0,0.0,0,3,0,3,0,104,0,0,1,0,0,0,0,0,1,0,,0,,,0,0,1,0,0,0,0,0,0,0,0,0,0,0,,0,0,,,,,,,,
NA3613,f0ab80e4512ddf123238b164ee2b638efacecd21bb5955a49f7b06ac6f0ea536,benign,FAILED,,dike,static_only,1,1.3,,,,,,,,,,,,,,,,,,,,125,0,0,0,0,0,0,0,0,1,0,,0,,,,,,,,,,,,,,,,,,,,,,,,,,,
NA3614,f148df6ab7deb976c9c676f5f3689230a786d9b344ace53b8de1b7eade0d2a7b,benign,FAILED,,dike,static_only,1,0.3,,,,,,,,,,,,,,,,,,,,753,0,0,1,0,0,0,1,1,2,1,,0,,,,,,,,,,,,,,,,,,,,,,,,,,,
NA3615,f2241a3dd08364f9cbfe6c4f1dce543ad7cdae187686f8933779ffcda00db008,benign,NO_VICTIM_ACTIVITY,,dike,full,1,1.0,,809,0,,,,0,809,0,0,0,0,0.0,0.0,0,10,0,10,0,90,0,0,3,0,0,0,0,0,1,0,,0,,,0,0,1,0,0,0,0,0,0,0,0,0,0,0,,0,0,,,,,,,,
NA3616,f224f0aa7b19a6e331a18e565fe4a54fb652ff6c8e09657ede61d11d296fe3ca,benign,FAILED,,dike,static_only,1,0.0,,,,,,,,,,,,,,,,,,,,100,0,0,1,0,0,0,0,0,2,0,,0,,,,,,,,,,,,,,,,,,,,,,,,,,,
NA3617,f2d0d14e25958eb160fb008916037d7ddcf02a970aaa26acf3e4c18197449d74,benign,NO_VICTIM_ACTIVITY,,dike,full,1,0.0,,0,0,,,,1,0,0,0,0,0,,,0,1,0,0,1,127,0,0,0,0,0,0,0,0,1,0,,0,,,0,0,1,0,0,0,0,0,0,0,0,0,0,0,,0,0,,,,,,,,
NA3618,f3297d2fc9a54419d1953a083fe6692d77f4f7095625f07c83e33edce42106b0,benign,FAILED,,dike,static_only,1,3.0,,,,,,,,,,,,,,,,,,,,29,0,0,0,0,0,0,0,0,1,0,,0,,,,,,,,,,,,,,,,,,,,,,,,,,,
NA3619,f431f1af28eb728760cdf1fcc376d75ecc7bedcf7df3c1a56831715de7ed5665,benign,FAILED,,dike,static_only,1,0.3,,,,,,,,,,,,,,,,,,,,163,0,0,6,0,0,0,0,4,2,0,,0,,,,,,,,,,,,,,,,,,,,,,,,,,,
NA3620,f4a88f9d9f71f94fb808af142579730a90c4d16dcd56055264c4c5e0697a09ea,benign,FAILED,,dike,static_only,1,0.0,,,,,,,,,,,,,,,,,,,,63,0,0,0,0,0,0,0,0,2,0,,0,,,,,,,,,,,,,,,,,,,,,,,,,,,
NA3621,f4d29fd93794e50a6740b9692da5dcad119d0f5a68a812357497c69ed6496ce3,benign,FAILED,,dike,full,1,1.0,,0,0,,,,0,0,0,0,0,0,,,0,0,0,0,0,112,0,0,0,0,0,0,0,0,1,0,,0,,,0,0,1,0,0,0,0,0,0,0,0,0,0,0,,0,0,,,,,,,,
NA3622,f59b5a2847efef7475016d86f1d5d7719f89032b7655be5da88f699bfedbe030,benign,FAILED,,dike,static_only,1,0.3,,,,,,,,,,,,,,,,,,,,56,0,0,0,0,0,0,0,0,1,0,,0,,,,,,,,,,,,,,,,,,,,,,,,,,,
NA3623,f5dec030c7e98a32f27015300e410e3999b0ccf1741410a2563d9489d98d1769,benign,NO_VICTIM_ACTIVITY,,dike,full,0,0.0,,0,0,,,,3,0,0,0,0,0,,,0,1,0,0,1,1,0,0,0,0,0,0,0,0,0,0,,0,,,0,0,1,0,0,0,0,0,0,0,0,0,0,0,,0,0,,,,,,,,
NA3624,f60e540f467d2a82a0edbd9594c5781f107d4776eda1d9ee00ca0fabb7e8cb6e,benign,FAILED,,dike,static_only,1,0.0,,,,,,,,,,,,,,,,,,,,101,0,0,0,0,0,0,0,0,1,0,,0,,,,,,,,,,,,,,,,,,,,,,,,,,,
NA3625,f7501a55f3f3dc3704feab9bdb39e345e5dc9266f5ed9fed6f81ef3ca17a2844,benign,FAILED,,dike,static_only,1,2.3,,,,,,,,,,,,,,,,,,,,61,0,0,0,0,0,0,0,0,1,0,,0,,,,,,,,,,,,,,,,,,,,,,,,,,,
NA3626,f7bc0e7b1a3f57977fec35320a0662fc081ef25084cc2c5eee4462a488efda97,benign,FAILED,,dike,static_only,1,1.3,,,,,,,,,,,,,,,,,,,,154,0,0,0,0,0,0,0,0,1,0,,0,,,,,,,,,,,,,,,,,,,,,,,,,,,
NA3627,f7df2fc6c007aa22af62210420d1f16df04f3cfd9ada02d29952af3d3783556e,benign,FAILED,,dike,full,1,1.0,,0,0,,,,0,0,0,0,0,0,,,0,0,0,0,0,121,0,0,1,0,0,0,0,3,1,0,,0,,,0,0,1,0,0,0,0,0,0,0,0,0,2,0,,0,0,,,,,,,,
NA3628,f83c0f77066bbcacb5139d05070f16118e9295076461855e358afb9531237a7e,benign,FAILED,,dike,full,1,1.2,,0,0,,,,0,0,0,0,0,0,,,0,0,0,0,0,336,0,0,5,0,0,0,2,1,2,1,boost,0,,,0,0,1,0,0,0,0,0,0,0,0,0,0,0,,0,0,,,,,,,,
NA3629,f8ce78b2bde7787ffef2b8b7f11c59c6e0fd4f7f760111cb79febc078111aa18,benign,FAILED,,dike,static_only,1,1.3,,,,,,,,,,,,,,,,,,,,137,0,0,0,0,0,0,0,0,1,0,,0,,,,,,,,,,,,,,,,,,,,,,,,,,,
NA3630,f93034f9581a2392ac32bcdc7cffdba816cf4686f431d0a8bca55d0680693635,benign,FAILED,,dike,static_only,1,3.3,,,,,,,,,,,,,,,,,,,,69,0,0,0,0,0,0,0,0,1,0,,0,,,,,,,,,,,,,,,,,,,,,,,,,,,
NA3631,f957d05021f700ae9aea9cee5ff002cf182e35a904f31a882a9dd0e53fb335f5,benign,FAILED,,dike,full,1,1.0,,0,0,,,,0,0,0,0,0,0,,,0,0,0,0,0,232,0,0,7,0,0,0,2,1,2,1,,0,,,0,0,1,0,0,0,0,0,0,0,0,0,0,0,,0,0,,,,,,,,
NA3632,f981ddf41be1c2ef1882efcd7e64552406ff37dd507add945da7d537ea4667a9,benign,FAILED,,dike,static_only,1,0.0,,,,,,,,,,,,,,,,,,,,81,0,0,1,0,0,0,1,0,2,1,,0,,,,,,,,,,,,,,,,,,,,,,,,,,,
NA3633,f9ed0155b6015f11ff8036c67adecc85fc6ae1256420cc0564a15f452d124cc9,benign,FAILED,,dike,static_only,1,1.3,,,,,,,,,,,,,,,,,,,,108,0,0,0,0,0,0,0,0,1,0,,0,,,,,,,,,,,,,,,,,,,,,,,,,,,
NA3634,fa7e95675dacc5c3bd90e758cac31e72234cefa245f0b5ecaca3a2021f68c00c,benign,FAILED,,dike,static_only,1,1.0,,,,,,,,,,,,,,,,,,,,96,0,0,0,0,0,0,0,2,1,0,,0,,,,,,,,,,,,,,,,,,,,,,,,,,,
NA3635,faee25bac04c9fee306aa6f7cb1654bbb51ece314f6ce159cca951a07a9e5faf,benign,FAILED,,dike,full,1,3.2,,0,0,,,,0,0,0,0,0,0,,,0,0,0,0,0,64,0,0,0,0,0,0,0,0,1,0,,0,,,0,0,1,0,0,0,0,0,0,0,0,0,0,0,,0,0,,,,,,,,
NA3636,fb1a05851b65e442983342cb1df3fb022112576aaf5d51774baf5dea3acc111e,benign,NO_VICTIM_ACTIVITY,,dike,full,0,7.0,,0,2,,3.0,3.0,19,0,0,0,0,0,,,0,5,0,0,5,1,0,0,0,0,0,0,0,0,0,0,,0,,,0,1,0,0,0,0,0,0,0,0,0,0,0,0,,0,0,,,,,,,,
NA3637,fb57e49933025917db1444631c7fa96630e3d29dcb766c65fd98e7ebe9a7047e,benign,FAILED,,dike,static_only,1,0.3,,,,,,,,,,,,,,,,,,,,249,0,0,5,2,0,0,2,1,2,2,,0,,,,,,,,,,,,,,,,,,,,,,,,,,,
NA3638,fb7aaec5041bbe82059d9ade519db9168ca7ec55f1d6bd12e526300a5a8fa06d,benign,FAILED,,dike,static_only,1,0.3,,,,,,,,,,,,,,,,,,,,132,0,0,0,0,0,0,0,0,1,0,,0,,,,,,,,,,,,,,,,,,,,,,,,,,,
NA3639,fbe5548641d632402786dd2b8435d7fd312ed101c17554e69759b9f52bf52be6,benign,FAILED,,dike,full,1,1.2,,1,0,,,,0,1,0,0,0,0,0.0,0.0,0,1,0,1,0,137,0,0,7,0,0,0,3,3,2,1,,0,,,0,0,1,0,0,0,0,0,0,0,0,0,0,0,,0,0,,,,,,,,
NA3640,fc213f8616574201cde1f4b5dbc246cee0732342cdc3d93b690bd3db65f092a7,benign,FAILED,,dike,full,1,0.0,,0,0,,,,0,0,0,0,0,0,,,0,0,0,0,0,76,0,0,0,0,0,0,0,0,2,0,,0,,,0,0,1,0,0,0,0,0,0,0,0,0,0,0,,0,0,,,,,,,,
NA3641,fc373b3933db2efe15c884dbf0ec4fbb89fdebcdb7a93eb463ad3a97f673a909,benign,FAILED,,dike,static_only,1,0.3,,,,,,,,,,,,,,,,,,,,74,0,0,1,0,0,0,0,0,0,0,,0,,,,,,,,,,,,,,,,,,,,,,,,,,,
NA3642,fcd4b305fa11b1fe5e5090624f64b0717491421529fa7e1ea259e4ff10544a4c,benign,FAILED,,dike,full,1,1.0,,0,0,,,,0,0,0,0,0,0,,,0,0,0,0,0,297,0,0,3,0,0,0,0,0,2,0,,0,,,0,0,1,0,0,0,0,0,0,0,0,0,0,0,,0,0,,,,,,,,
NA3643,fd791c303195482f3bbbf2becad1f1c29d2a0d61faf95917e1de5fe188844440,benign,FAILED,,dike,full,1,1.0,,0,0,,,,0,0,0,0,0,0,,,0,0,0,0,0,91,0,0,2,0,0,0,0,1,1,0,,0,,,0,0,1,0,0,0,0,0,0,0,0,0,0,0,,0,0,,,,,,,,
NA3644,fd901ccca28dd32c68370eaf942af33607fdbb173e8150aa46111139a1199d72,benign,NO_VICTIM_ACTIVITY,,dike,full,1,1.0,,0,0,,,,1,0,0,0,0,0,,,0,1,0,0,1,117,0,0,2,0,0,0,0,1,1,0,,0,,,0,0,1,0,0,0,0,0,0,0,0,0,6,0,,0,0,,,,,,,,
NA3645,fdbb8c83cde3a34ccd9cb32d4f24ab84b72a13c01f5c0b3bbb918bc1ad16136b,benign,FAILED,,dike,static_only,1,2.3,,,,,,,,,,,,,,,,,,,,97,0,0,1,0,0,0,0,0,2,0,,0,,,,,,,,,,,,,,,,,,,,,,,,,,,
NA3646,fe19425696d27ea2cc59b54060e979ca34e57532764cda46e8bacb85ce1223da,benign,FAILED,,dike,static_only,1,0.0,,,,,,,,,,,,,,,,,,,,96,0,0,0,0,0,0,0,0,2,0,,0,,,,,,,,,,,,,,,,,,,,,,,,,,,
NA3647,fe8c2670444116e1be2cfb55db376435b0ee065c08d54da5c24f87a773e02c86,benign,NO_VICTIM_ACTIVITY,,dike,full,0,4.3,,5,0,,,,5,5,0,0,0,0,0.0,0.0,0,2,0,2,0,1,0,0,0,0,0,0,0,0,0,0,,0,,,0,0,1,0,0,0,0,0,0,0,0,0,0,0,,0,0,,,,,,,,
NA3648,fecc1365cc1a49cc521cb2d849a71fb10bea2cca3d45cbb7cd81e0b2aacf6620,benign,NO_VICTIM_ACTIVITY,,dike,full,0,0.0,,0,16,,6.435138010041594,6.435138010041593,6,0,0,0,0,0,,,0,2,0,0,2,1,0,0,0,0,0,0,0,0,0,0,,0,,,0,1,0,0,0,0,0,0,0,0,0,0,0,0,,0,0,,,,,,,,
NA3649,feef8f9033d85e4ce19f1c56e3bab24a65ac0ef5d0d3d11e258a29e9c0c2fb5c,benign,FAILED,,dike,static_only,1,2.3,,,,,,,,,,,,,,,,,,,,104,0,0,0,0,0,0,0,0,1,0,,0,,,,,,,,,,,,,,,,,,,,,,,,,,,
NA3650,ff3a27c79a9938205bb158f87c020fa24a42612c8b6b0c4a66ad95471bc26ba5,benign,FAILED,,dike,static_only,1,0.0,,,,,,,,,,,,,,,,,,,,86,0,0,2,0,0,0,0,0,2,0,,0,,,,,,,,,,,,,,,,,,,,,,,,,,,
NA3651,ff6d6d846bb0ef538a95836a52e6187c855cbf93e2fce3496bcfc574b5367d54,benign,FAILED,,dike,static_only,1,1.3,,,,,,,,,,,,,,,,,,,,295,0,0,0,0,0,0,0,0,1,0,,0,,,,,,,,,,,,,,,,,,,,,,,,,,,
NB1490,00dd8e02f9ca8c7da84a551a0171b88176808155b6b1366da03a3d4c023293a2,benign,FAILED,,dike,static_only,1,0.3,,,,,,,,,,,,,,,,,,,,460,0,0,6,0,0,0,2,0,2,1,,0,,,,,,,,,,,,,,,,,,,,,,,,,,,
NB1491,0111d485351ef0deffd9403a0f8e123759a04a928fbd055b901de18164c4fa39,benign,FAILED,,dike,static_only,1,0.3,,,,,,,,,,,,,,,,,,,,220,0,0,2,0,0,0,1,0,2,1,,0,,,,,,,,,,,,,,,,,,,,,,,,,,,
NB1492,01da6ffedf1aeab606ffafb1f33b942238c06f96624357f90e08b83b2a6042f5,benign,FAILED,,dike,full,1,3.0,,0,0,,,,0,0,0,0,0,0,,,0,0,0,0,0,318,0,0,4,0,0,0,2,1,3,1,,0,,,0,0,1,0,0,0,0,0,0,0,0,0,0,0,,0,0,,,,,,,,
NB1493,02431aa60089b968bc59acc69796ed9418546894752d0c9766fbe3aae0a85031,benign,FAILED,,dike,static_only,1,0.0,,,,,,,,,,,,,,,,,,,,76,4,0,3,0,0,0,0,0,1,1,,0,,,,,,,,,,,,,,,,,,,,,,,,,,,
NB1494,02bd4dea03c4cc533e97d6cbbd4f95de60ff5fd6bcdc83230e840007b8a56694,benign,NO_VICTIM_ACTIVITY,,dike,full,1,1.0,,3,0,,,,4,3,0,0,0,0,0.0,0.0,0,3,0,2,1,25,0,0,0,0,0,0,0,0,1,0,,0,,,0,0,1,0,0,0,0,0,0,0,0,0,0,0,,0,0,,,,,,,,
NB1495,02d5e7f9defec6b9a56a253d9983414cd69e7ecd0ba114c951ac9b3df04df3e6,benign,FAILED,,dike,full,1,0.0,,0,0,,,,0,0,0,0,0,0,,,0,0,0,0,0,277,0,0,7,0,0,0,0,1,2,0,,0,,,0,0,1,0,0,0,0,0,0,0,0,0,0,0,,0,0,,,,,,,,
NB1496,0351385e2ae1092113d802e88b8fb93800c7b6ccf1438077b399796e18d66799,benign,NO_VICTIM_ACTIVITY,,dike,full,0,4.0,,5,0,,,,5,5,0,0,0,0,0.0,0.0,0,2,0,1,1,1,0,0,0,0,0,0,0,0,0,0,,0,,,0,0,1,0,0,0,0,0,0,0,0,0,0,0,,0,0,,,,,,,,
NB1497,0402afd1e3231da4841a093040f861b1af321f3dd6740c879de9d1e3d600d95e,benign,FAILED,,dike,full,1,3.2,,0,0,,,,0,0,0,0,0,0,,,0,0,0,0,0,87,0,0,0,0,0,0,0,0,2,0,,0,,,0,0,1,0,0,0,0,0,0,0,0,0,0,0,,0,0,,,,,,,,
NB1498,046041aba6ba77534c36bb0c2496408d23c6a09f930c46b392f1edc70dfd66de,benign,FAILED,,dike,full,1,0.0,,18,0,,,,16,18,0,0,0,0,0.0,0.0,0,1,0,1,0,134,0,0,4,0,0,0,2,0,2,1,,0,,,0,0,1,0,0,0,0,0,0,0,0,0,2,0,,0,0,,,,,,,,
NB1499,04720bfdcf20864606b17eabea2b9ead471c1fbd71bf8ce8246edb7247b5d148,benign,FAILED,,dike,full,1,1.2,,0,0,,,,0,0,0,0,0,0,,,0,0,0,0,0,128,0,0,3,0,0,0,2,0,1,1,,0,,,0,0,1,0,0,0,0,0,0,0,0,0,8,0,,0,0,,,,,,,,
NB1500,051f5762f35f1b1b827481dd2de1a5d4022eaafcb2c71016b414e2980322f8a9,benign,FAILED,,dike,full,1,3.0,,0,0,,,,0,0,0,0,0,0,,,0,0,0,0,0,119,0,0,0,1,0,0,0,0,1,1,,0,,,0,0,1,0,0,0,0,0,0,0,0,0,0,0,,0,0,,,,,,,,
NB1501,055ae5451f122f60031b379d1f0bf074271e928334b1c378dbbcf2137616c38b,benign,FAILED,,dike,static_only,1,0.3,,,,,,,,,,,,,,,,,,,,59,0,0,0,0,0,0,0,3,1,0,,0,,,,,,,,,,,,,,,,,,,,,,,,,,,
NB1502,05c73c13c3635fab5c7daa5bcae4ea3a21ec0bd620291762cd13c03cd786b438,benign,FAILED,,dike,static_only,1,0.0,,,,,,,,,,,,,,,,,,,,86,0,0,0,0,0,0,0,0,2,0,,0,,,,,,,,,,,,,,,,,,,,,,,,,,,
NB1503,05e99983fecba92d46cf880f6ba1895e54ad09200bed26a94038f1d9d2088b0c,benign,FAILED,,dike,full,1,3.2,,0,0,,,,0,0,0,0,0,0,,,0,0,0,0,0,156,0,0,3,0,0,0,2,0,1,1,,0,,,0,0,1,0,0,0,0,0,0,0,0,0,0,0,,0,0,,,,,,,,
NB1504,069d020e698f5faaa4912dcf5c2c900d431bf4182ce549c0501af48cae61450f,benign,FAILED,,dike,static_only,1,0.0,,,,,,,,,,,,,,,,,,,,253,0,0,4,0,0,0,0,0,2,0,,0,,,,,,,,,,,,,,,,,,,,,,,,,,,
NB1505,07028b82ed457f66a17b116a6c66593ea5c74b8db4e6d1c1ea7a366a2570b87e,benign,FAILED,,dike,static_only,1,1.3,,,,,,,,,,,,,,,,,,,,121,0,0,0,0,0,0,0,0,1,0,,0,,,,,,,,,,,,,,,,,,,,,,,,,,,
NB1506,0727bb0cfd046e9c9b57c0e23b6fe1664a369cfdd2aaf7efa78a22e5dfb3f4f2,benign,FAILED,,dike,static_only,1,1.3,,,,,,,,,,,,,,,,,,,,81,0,0,0,0,0,0,0,0,1,0,,0,,,,,,,,,,,,,,,,,,,,,,,,,,,
NB1507,074f238eaecb13d1c6304ead46c31ceca7e8f56d4c6d2d53b91d849efb539cd2,benign,FAILED,,dike,full,1,0.8,,0,0,,,,0,0,0,0,0,0,,,0,0,0,0,0,99,0,0,2,0,0,0,0,0,1,0,,0,,,0,0,1,0,0,0,0,0,0,0,0,0,0,0,,0,0,,,,,,,,
NB1508,07510c0c397b4e674ab0c0cd4603fb9dd9070c89954d2f43a1d62fcccf6faead,benign,FAILED,,dike,static_only,1,2.3,,,,,,,,,,,,,,,,,,,,186,0,0,5,0,0,0,2,1,3,1,,0,,,,,,,,,,,,,,,,,,,,,,,,,,,
NB1509,077a5c96cfd8644425f870444b604bfe3aa62587073fd85a4dc75244775b99ab,benign,FAILED,,dike,full,1,1.0,,0,0,,,,0,0,0,0,0,0,,,0,0,0,0,0,138,0,0,0,0,0,0,0,0,1,0,,0,,,0,0,1,0,0,0,0,0,0,0,0,0,0,0,,0,0,,,,,,,,
NB1510,077f6a102329e2a1da967fd3350981d2eb9c169a3c00408fe0c6ed9c0a8d1a7c,benign,FAILED,,dike,static_only,1,1.3,,,,,,,,,,,,,,,,,,,,266,0,0,0,0,0,0,0,0,1,0,,0,,,,,,,,,,,,,,,,,,,,,,,,,,,
NB1511,07c1f3b3ddc138d037acad8ee6eaa54488b4918861bdaff3fc4ae9796ae79d1c,benign,FAILED,,dike,full,1,3.0,,0,0,,,,0,0,0,0,0,0,,,0,0,0,0,0,151,8,2,3,3,0,0,0,0,1,2,,0,,,1,0,0,0,0,0,0,0,0,0,0,0,0,0,,0,0,,,,,,,,
NB1512,08108ba453bc6222f93d236b3f29265aebd8b286b2f7d29de588db6a23dce550,benign,NO_VICTIM_ACTIVITY,,dike,full,0,9.0,,0,0,,,,2,0,0,0,0,7,,,0,9,0,0,9,1,0,0,0,0,0,0,0,0,0,0,,0,,,0,0,1,6,0,0,0,0,0,0,2,2,13,3,,0,0,,,,,,,,
NB1513,0868b98eab73a5be3b3baee1348fe6734a2de7e22fc430f13dc6ca0480fbfede,benign,NO_VICTIM_ACTIVITY,,dike,full,1,3.0,,0,0,,,,0,0,0,0,0,0,,,0,0,0,0,0,181,0,0,1,0,0,0,0,0,2,0,,0,,,0,0,1,0,0,0,0,0,0,0,0,0,0,0,,0,0,,,,,,,,
NB1514,08805d42f83cab69e6b93d9717da43d4d61892942b2573e45ec0e97adc6b506e,benign,FAILED,,dike,full,1,2.1999999999999997,,97,0,,,,0,97,0,0,0,0,0.0,0.0,0,3,0,3,0,103,0,0,1,0,0,0,0,0,1,0,,0,,,0,0,1,0,0,0,0,0,0,0,0,0,0,0,,0,0,,,,,,,,
NB1515,08bf892562a748f1582b00283d8f15ec6f9a2f252c7ba95c2b55fbc60abfbd49,benign,FAILED,,dike,full,1,0.0,,0,0,,,,0,0,0,0,0,0,,,0,0,0,0,0,104,0,0,3,0,0,0,0,0,2,0,,0,,,0,0,1,0,0,0,0,0,0,0,0,0,0,0,,0,0,,,,,,,,
NB1516,0945da9d00b2629379df481a2be0d9d420c05a727ec2dcbc16255acfd76a8cb3,benign,FAILED,,dike,static_only,1,1.3,,,,,,,,,,,,,,,,,,,,65,0,0,0,0,0,0,0,0,1,0,,0,,,,,,,,,,,,,,,,,,,,,,,,,,,
NB1517,0a27198decc1642d020d5afd184407cf532949f2f71362ab1ae46575f25863cb,benign,FAILED,,dike,full,1,3.2,,0,0,,,,0,0,0,0,0,0,,,0,0,0,0,0,84,0,0,0,1,0,0,0,0,1,1,,0,,,0,0,1,0,0,0,0,0,0,0,0,0,0,0,,0,0,,,,,,,,
NB1518,0a8c4998cc4421c1ba8ecd033e212f1f9ed21fa2b3949af66ddfd46b56cdcf12,benign,FAILED,,dike,full,1,3.2,,0,0,,,,0,0,0,0,0,0,,,0,0,0,0,0,199,0,0,2,0,0,0,1,0,2,1,,0,,,0,0,1,0,0,0,0,0,0,0,0,0,0,0,,0,0,,,,,,,,
NB1519,0a8deb24eef193e13c691190758c349776eab1cd65fba7b5dae77c7ee9fcc906,benign,FAILED,,dike,static_only,1,1.3,,,,,,,,,,,,,,,,,,,,168,0,0,0,0,0,0,0,0,1,0,,0,,,,,,,,,,,,,,,,,,,,,,,,,,,
NB1520,0b65c9b63092c96fc737ef39a1f05e437d5bbe57f0ca2bc634a14a34a92ebcb4,benign,FAILED,,dike,static_only,1,1.3,,,,,,,,,,,,,,,,,,,,168,0,0,0,0,0,0,0,0,1,0,,0,,,,,,,,,,,,,,,,,,,,,,,,,,,
NB1521,0b832ebbd0d324e28292d883ad532fd64a344c82360cf7fa052b4028559b4427,benign,FAILED,,dike,full,1,1.0,,0,0,,,,0,0,0,0,0,0,,,0,0,0,0,0,121,0,0,2,0,1,0,0,0,1,1,,0,,,0,0,1,0,0,0,0,0,0,0,0,0,0,0,,0,0,,,,,,,,
NB1522,0be00b72a65e558aa92a4f197663f3496b2a3ceaa5f77bafe309727141ad77af,benign,FAILED,,dike,static_only,1,1.3,,,,,,,,,,,,,,,,,,,,110,0,0,0,0,0,0,0,0,1,0,,0,,,,,,,,,,,,,,,,,,,,,,,,,,,
NB1523,0bf9cfc88d56b52982655b56d577f69d2ee4b136908684015001c52c64f0a84b,benign,FAILED,,dike,static_only,1,3.8,,,,,,,,,,,,,,,,,,,,45,0,0,2,0,0,0,0,0,0,0,,0,,,,,,,,,,,,,,,,,,,,,,,,,,,
NB1524,0c18ddfcf65b8086cc54418c37e35e933c50159c239f1feae9bda362ada752d5,benign,FAILED,,dike,static_only,1,2.3,,,,,,,,,,,,,,,,,,,,193,0,0,0,0,0,0,1,3,2,1,,0,,,,,,,,,,,,,,,,,,,,,,,,,,,
NB1525,0c9baed0badb2431a9b173609d3990ccbba7cba4455ba0e8ebe6267d8b4ae3ef,benign,FAILED,,dike,static_only,1,0.0,,,,,,,,,,,,,,,,,,,,238,0,0,4,0,0,0,0,0,2,0,,0,,,,,,,,,,,,,,,,,,,,,,,,,,,
NB1526,0d23b6f46e848a65911518e6658488070a7462cd605cfc3737a6bb1ef71cceac,benign,FAILED,,dike,static_only,1,1.3,,,,,,,,,,,,,,,,,,,,121,0,0,0,0,0,0,0,0,1,0,,0,,,,,,,,,,,,,,,,,,,,,,,,,,,
NB1527,0db49b91804cdc30b301e0cb42ac19b1db4d13467bbd66444abfcdac2da4f6b6,benign,NO_VICTIM_ACTIVITY,,dike,full,1,8.0,,6,0,,,,14,6,0,0,0,25,0.0,0.0,0,39,0,1,38,176,0,0,6,0,0,0,5,4,2,1,,0,,,0,0,1,9,0,0,0,0,0,0,2,5,4,0,-225.5,0,0,,,,,,,,
NB1528,0df42e045bca512d9312e0ca7ac248b81e67824773476c6121e8f34e5ab5ee26,benign,FAILED,,dike,static_only,1,0.3,,,,,,,,,,,,,,,,,,,,62,0,0,1,0,0,0,0,0,2,0,,0,,,,,,,,,,,,,,,,,,,,,,,,,,,
NB1529,0e3de1806def011049d011b07a3a012cecce53cac8ff49f52ecf6db96aa0dcdc,benign,FAILED,,dike,static_only,1,1.3,,,,,,,,,,,,,,,,,,,,51,0,0,0,0,0,0,0,0,1,0,,0,,,,,,,,,,,,,,,,,,,,,,,,,,,
NB1530,0e73886d15f788471581cbf3864703206fd96eb79e4683ffa332463507fdcda4,benign,FAILED,,dike,static_only,1,1.3,,,,,,,,,,,,,,,,,,,,102,0,0,0,0,0,0,0,0,1,0,,0,,,,,,,,,,,,,,,,,,,,,,,,,,,
NB1531,0ee00ddb1691d1c3622e071812b7f435384d174933eb971c0c9124411f117541,benign,NO_VICTIM_ACTIVITY,,dike,full,1,9.0,,0,0,,,,21,0,0,0,0,20,,,0,25,0,0,25,98,0,0,0,0,0,0,1,0,2,1,,0,,,0,0,1,10,0,0,0,0,0,0,2,2,19,0,,0,0,,,,,,,,
NB1532,0f02ae5a406e6f10c595ee1aa75bd4a123b9c0bafb0b091c5ecd535e57b41a18,benign,FAILED,,dike,full,1,3.0,,0,0,,,,0,0,0,0,0,0,,,0,0,0,0,0,100,0,0,0,0,0,0,0,0,2,0,,0,,,0,0,1,0,0,0,0,0,0,0,0,0,0,0,,0,0,,,,,,,,
NB1533,0fdc768d34a770714d0cf0f8050015abcdd03ec5c79b338a82388d019be6d4a3,benign,FAILED,,dike,full,1,1.0,,0,0,,,,0,0,0,0,0,0,,,0,0,0,0,0,125,0,0,0,0,0,0,0,0,2,0,,0,,,0,0,1,0,0,0,0,0,0,0,0,0,0,0,,0,0,,,,,,,,
NB1534,0fe87602f6f2a6dd5acf209eea81ec0555fe1e02d6f781299724238b4cb2e2c1,benign,FAILED,,dike,full,1,2.1999999999999997,,8,0,,,,0,8,0,0,0,0,0.0,0.0,0,1,0,1,0,100,0,0,1,0,0,0,0,0,1,0,,0,,,0,0,1,0,0,0,0,0,0,0,0,0,0,0,,0,0,,,,,,,,
NB1535,106490870753d87d0c5a1b4fe83045a06518d415ec595bd1d0c30fe3ed4149c1,benign,FAILED,,dike,full,1,3.0,,0,0,,,,0,0,0,0,0,0,,,0,0,0,0,0,83,0,0,0,0,0,0,0,0,1,0,,0,,,0,0,1,0,0,0,0,0,0,0,0,0,0,0,,0,0,,,,,,,,
NB1536,10cfee2da8c02724184a60a0bf386df8ac988ca498dd39a64cdca65a58dd320a,benign,FAILED,,dike,static_only,1,1.8,,,,,,,,,,,,,,,,,,,,65,0,0,0,0,0,0,0,0,1,0,,0,,,,,,,,,,,,,,,,,,,,,,,,,,,
NB1537,10d24a1671fbd895fc32fa42d3b526943e6c5ded93bbf9c45c4bda601d574cbe,benign,FAILED,,dike,static_only,1,0.3,,,,,,,,,,,,,,,,,,,,92,0,0,0,0,0,0,0,0,2,0,,0,,,,,,,,,,,,,,,,,,,,,,,,,,,
NB1538,10feeb1b0fde32e0d3699bb8bb8558fafb03da45b7d204dd5b7200439a39cf2f,benign,NO_VICTIM_ACTIVITY,,dike,full,0,0.0,,0,0,,,,4,0,0,0,0,0,,,0,1,0,0,1,1,0,0,0,0,0,0,0,0,0,0,,0,,,0,0,1,0,0,0,0,0,0,0,0,0,0,0,,0,0,,,,,,,,
NB1539,120278154abac09fdcbb30fa6444dc13224373bf8d42d2c3fa40ecdf5c308757,benign,FAILED,,dike,static_only,1,1.3,,,,,,,,,,,,,,,,,,,,138,0,0,0,0,0,0,0,0,1,0,,0,,,,,,,,,,,,,,,,,,,,,,,,,,,
NB1540,1222a44a5fdb4efde4dfcb41093648627950e7ec02d8667f1c26ccae31d922e2,benign,FAILED,,dike,static_only,1,0.0,,,,,,,,,,,,,,,,,,,,140,0,0,0,0,0,0,1,0,3,1,,0,,,,,,,,,,,,,,,,,,,,,,,,,,,
NB1541,1232ef4c8b3eb1e38cd6df07d609470f8efe129625ad29dc27aa93848e7dfb8c,benign,NO_VICTIM_ACTIVITY,,dike,full,1,2.8,,0,0,,,,2,0,0,0,0,0,,,0,1,0,0,1,523,0,0,8,1,3,0,2,1,0,3,,0,,,0,0,1,0,0,0,0,0,0,0,0,0,0,0,,0,0,,,,,,,,
NB1542,1249717315fc8f4d2df17d5db9da0444795fdb9fb83dfb1f763c3f39282244f7,benign,FAILED,,dike,static_only,1,2.3,,,,,,,,,,,,,,,,,,,,175,0,0,1,0,1,0,2,1,1,2,,0,,,,,,,,,,,,,,,,,,,,,,,,,,,
NB1543,1296acd35b7b7c0754e887430518b65c3a9efb89f111961a852806a07055d344,benign,FAILED,,dike,full,1,0.8,,0,0,,,,0,0,0,0,0,0,,,0,0,0,0,0,96,0,0,2,0,0,0,1,0,1,1,,0,,,0,0,1,0,0,0,0,0,0,0,0,0,0,0,,0,0,,,,,,,,
NB1544,129cc582d72581f1459c7a9ac8b020dcd3642fae6a69acc26c680190494970db,benign,FAILED,,dike,full,1,1.2,,0,0,,,,0,0,0,0,0,0,,,0,0,0,0,0,100,0,0,0,0,0,0,0,0,2,0,,0,,,0,0,1,0,0,0,0,0,0,0,1,1,0,0,,0,0,,,,,,,,
NB1545,13ab915972f558f7f004b64a24e86bb987acaa0c3121f252d65b5dbb1215e036,benign,NO_VICTIM_ACTIVITY,,dike,full,1,3.0,,0,0,,,,0,0,0,0,0,0,,,0,0,0,0,0,60,0,0,0,0,0,0,0,0,2,0,,0,,,0,0,1,0,0,0,0,0,0,0,0,0,1,0,,0,0,,,,,,,,
NB1546,13f237ed4a0669bd98bca84468ec73c63b102bf1275f5ba0c47563e7471110ad,benign,FAILED,,dike,static_only,1,0.0,,,,,,,,,,,,,,,,,,,,45,0,0,0,0,0,0,0,0,1,0,,0,,,,,,,,,,,,,,,,,,,,,,,,,,,
NB1547,1427a1fbdc06e9942fccb80431261c4d145a53978f4c466a1ad6373b828a863a,benign,FAILED,,dike,static_only,1,1.0,,,,,,,,,,,,,,,,,,,,64,0,0,3,0,0,0,0,0,0,0,,0,,,,,,,,,,,,,,,,,,,,,,,,,,,
NB1548,14b225a8a305a8fdca2f6dd56b070648e886d1e372e642d22812c38694eb813a,benign,FAILED,,dike,static_only,1,1.0,,,,,,,,,,,,,,,,,,,,72,0,0,0,0,0,0,0,0,1,0,,0,,,,,,,,,,,,,,,,,,,,,,,,,,,
NB1549,14e64436677fdd74a0e1923f7b2a10d191620e16f1fa6069805ab034b8ff09df,benign,FAILED,,dike,static_only,1,1.3,,,,,,,,,,,,,,,,,,,,129,0,0,0,0,0,0,0,0,1,0,,0,,,,,,,,,,,,,,,,,,,,,,,,,,,
NB1550,155375bf02e4cf36dbe0db6eec3e39f35958fb13283d09a20b758539f490a780,benign,FAILED,,dike,full,1,1.0,,6,0,,,,0,6,0,0,0,0,0.0,0.0,0,1,0,1,0,83,0,0,3,0,0,0,0,0,2,0,,0,,,0,0,1,0,0,0,0,0,0,0,0,0,0,0,,0,0,,,,,,,,
NB1551,1566460d4c89f8a26fcde4b0fd4f70d7ccbf873dbeaf5f52e44f96a45c0e3807,benign,FAILED,,dike,static_only,1,1.3,,,,,,,,,,,,,,,,,,,,216,0,0,0,0,0,0,0,0,1,0,,0,,,,,,,,,,,,,,,,,,,,,,,,,,,
NB1552,158598ed3d590937c964b43dd91546ffcabab5636b6ce619b4ffc43224013bb6,benign,FAILED,,dike,full,1,1.0,,0,0,,,,0,0,0,0,0,0,,,0,0,0,0,0,83,0,0,0,0,0,0,0,0,1,0,,0,,,0,0,1,0,0,0,0,0,0,0,0,0,0,0,,0,0,,,,,,,,
NB1553,15e8d7d150db314568c662a4605277c2dcefc58591f710e084945d791dbfea24,benign,FAILED,,dike,static_only,1,0.3,,,,,,,,,,,,,,,,,,,,256,2,0,2,0,0,0,1,0,2,2,,0,,,,,,,,,,,,,,,,,,,,,,,,,,,
NB1554,165e3a49926f11f40c619882dc261ddaeef7b0bbd164a69bc8be5633991b20fd,benign,FAILED,,dike,static_only,1,0.3,,,,,,,,,,,,,,,,,,,,134,0,0,0,0,0,0,0,0,2,0,,0,,,,,,,,,,,,,,,,,,,,,,,,,,,
NB1555,1677d160b38b55b8e27e0c012a5ebb1a2ac34d87e515ca82412d9d3465507d80,benign,FAILED,,dike,static_only,1,0.0,,,,,,,,,,,,,,,,,,,,107,0,0,0,0,0,0,0,0,1,0,,0,,,,,,,,,,,,,,,,,,,,,,,,,,,
NB1556,17bbf89e686da7e0ec6afc47109a3288691fe8bf47651eae561450a652ef6c2e,benign,FAILED,,dike,full,1,2.1999999999999997,,97,0,,,,0,97,0,0,0,0,0.0,0.0,0,2,0,2,0,103,0,0,1,0,0,0,0,0,1,0,,0,,,0,0,1,0,0,0,0,0,0,0,0,0,0,0,,0,0,,,,,,,,
NB1557,17e88c51e6086df7eb89a14584d0e21120442f30764e61080549bd281286f42b,benign,FAILED,,dike,static_only,1,1.3,,,,,,,,,,,,,,,,,,,,76,0,0,0,0,0,0,0,0,1,0,,0,,,,,,,,,,,,,,,,,,,,,,,,,,,
NB1558,1828bce21e98ef9fb0244877483ed88ea0bd2ec94ed3cc3071b77ae6b5bc85c2,benign,FAILED,,dike,static_only,1,2.3,,,,,,,,,,,,,,,,,,,,174,2,0,3,0,0,0,1,3,2,2,,0,,,,,,,,,,,,,,,,,,,,,,,,,,,
NB1559,18ef1715677de1aee41945784481cbcaa16c4e99753340b8844d2f9ad4c60b36,benign,FAILED,,dike,static_only,1,1.3,,,,,,,,,,,,,,,,,,,,190,0,0,0,0,0,0,0,0,1,0,,0,,,,,,,,,,,,,,,,,,,,,,,,,,,
NB1560,191c410c83e7fb938a0be55570aa533d893e9966e1ff0efb3d58b30664641d97,benign,FAILED,,dike,static_only,1,2.3,,,,,,,,,,,,,,,,,,,,111,0,0,0,0,0,0,0,0,1,0,,0,,,,,,,,,,,,,,,,,,,,,,,,,,,
NB1561,193cd70a73e750a178eb91b05b8a15f988b1499cb77c37c9a9f2e2e22d98ce59,benign,NO_VICTIM_ACTIVITY,,dike,full,0,0.0,,5,16,,6.435138010041594,6.435138010041593,5,5,0,0,0,0,0.0,0.0,0,2,0,1,1,1,0,0,0,0,0,0,0,0,0,0,,0,,,0,1,0,0,0,0,0,0,0,0,0,0,0,0,,0,0,,,,,,,,
NB1562,19464b79e8ee75e1057d5714c6727d9fae0662d7e40a72c2e32dee8cd5eed6c0,benign,FAILED,,dike,static_only,1,0.0,,,,,,,,,,,,,,,,,,,,110,0,0,0,0,0,0,1,0,1,1,,0,,,,,,,,,,,,,,,,,,,,,,,,,,,
NB1563,197d0ad8e3f6591e4493daaee9e52e53ecf192e32f9d167c67f2ffb408c76f2c,benign,FAILED,,dike,static_only,1,0.0,,,,,,,,,,,,,,,,,,,,107,0,0,0,0,0,0,0,0,2,0,,0,,,,,,,,,,,,,,,,,,,,,,,,,,,
NB1564,1a6955d26907b3c83f10ede259494ff2d68ab210e1090cb6806e05d1dca36869,benign,NO_VICTIM_ACTIVITY,,dike,full,1,0.8,,2,0,,,,3,2,0,0,0,0,0.0,0.0,0,1,0,1,0,28,0,0,0,0,0,0,0,0,1,0,,0,,,0,0,1,0,0,0,0,0,0,0,0,0,0,0,,0,0,,,,,,,,
NB1565,1a6b0ccc16974c3edd98687ece68beb45b75b8684719e764fd16b3c296acef39,benign,FAILED,,dike,static_only,1,1.3,,,,,,,,,,,,,,,,,,,,159,0,0,0,0,0,0,0,0,1,0,,0,,,,,,,,,,,,,,,,,,,,,,,,,,,
NB1566,1aecfa0a1dce37c8bc9877bfa6cfcc429eac6f7dc4a7036198587130fd81164c,benign,FAILED,,dike,full,1,0.0,,0,0,,,,0,0,0,0,0,0,,,0,0,0,0,0,77,0,0,0,0,0,0,0,0,1,0,,0,,,0,0,1,0,0,0,0,0,0,0,0,0,0,0,,0,0,,,,,,,,
NB1567,1afb965716881e964233fa26c2ba14eb71cab4973d32b8519d8df3f60c6ac7eb,benign,FAILED,,dike,full,1,1.0,,100,0,,,,0,100,0,0,0,0,0.0,0.0,0,1,0,1,0,73,0,0,0,0,0,0,0,0,1,0,,0,,,0,0,1,0,0,0,0,0,0,0,0,0,0,0,,0,0,,,,,,,,
NB1568,1b67441f080adf23da22736c557813d3bb459c915a1b84d8253b8e9599df2708,benign,FAILED,,dike,full,1,2.1999999999999997,,106,0,,,,0,106,0,0,0,0,0.0,0.0,0,1,0,1,0,100,0,0,1,0,0,0,0,0,1,0,,0,,,0,0,1,0,0,0,0,0,0,0,0,0,0,0,,0,0,,,,,,,,
NB1569,1b8342c0048e13b323224c48caa9aec2952f3a93ed732c85f160916475910675,benign,FAILED,,dike,static_only,1,0.0,,,,,,,,,,,,,,,,,,,,101,0,0,0,0,0,0,0,0,2,0,,0,,,,,,,,,,,,,,,,,,,,,,,,,,,
NB1570,1c2fba06cc7e47dceb2a2670f6fcfbec90a24d053b9bb3715698202afdb03b97,benign,FAILED,,dike,static_only,1,1.3,,,,,,,,,,,,,,,,,,,,109,0,0,0,0,0,0,0,0,1,0,,0,,,,,,,,,,,,,,,,,,,,,,,,,,,
NB1571,1c309be2afef0bcdba3f3df8a7649127b898987ddac6fb6c69b25fd617f421d9,benign,NO_VICTIM_ACTIVITY,,dike,full,0,0.0,,0,0,,,,3,0,0,0,0,0,,,0,1,0,0,1,1,0,0,0,0,0,0,0,0,0,0,,0,,,0,0,1,0,0,0,0,0,0,0,0,0,0,0,,0,0,,,,,,,,
NB1572,1c7c07802af60cddfbe62ce037135297417517f3751729bd02ce65d50f4e715d,benign,FAILED,,dike,static_only,1,0.3,,,,,,,,,,,,,,,,,,,,101,0,0,3,0,0,0,0,0,2,0,boost,0,,,,,,,,,,,,,,,,,,,,,,,,,,,
NB1573,1d2b8e3bbfcd7546b402c2f379e40d850fd4eceaf20c45fdbfcba0b859e0a7fb,benign,NO_VICTIM_ACTIVITY,,dike,full,1,3.6999999999999997,,0,0,,,,0,0,0,0,0,1,,,0,1,0,0,1,165,0,0,2,3,0,0,2,0,1,2,,0,,,0,0,1,1,0,0,0,0,0,0,0,0,2,0,,0,0,,,,,,,,
NB1574,1d720ca43b54420dc297a0c40a4541017feb6bdc10765197867818d1810d21bf,benign,FAILED,,dike,static_only,1,1.3,,,,,,,,,,,,,,,,,,,,404,0,0,0,0,0,0,0,0,1,0,,0,,,,,,,,,,,,,,,,,,,,,,,,,,,
NB1575,1d9284fd7818d17f4aa4d07b6497735ed8522f9925b348a3fa5ba96a976a5927,benign,FAILED,,dike,full,1,0.8,,0,0,,,,0,0,0,0,0,0,,,0,0,0,0,0,98,0,0,0,0,0,0,0,0,1,0,,0,,,0,0,1,0,0,0,0,0,0,0,0,0,0,0,,0,0,,,,,,,,
NB1576,1e3582f97b32f131bec12f505321e0ca14f5495827eb623eaa0197f16bec7dfe,benign,FAILED,,dike,full,1,1.0,,1,0,,,,0,1,0,0,0,0,0.0,0.0,0,1,0,1,0,119,0,0,0,0,0,0,0,0,2,0,,0,,,0,0,1,0,0,0,0,0,0,0,0,0,0,0,,0,0,,,,,,,,
NB1577,1efb40f778340bd8cdea91f3192cf89c9b95303af74add1b25460c827d054340,benign,FAILED,,dike,full,1,0.0,,0,0,,,,0,0,0,0,0,0,,,0,0,0,0,0,129,0,0,1,0,0,0,0,0,3,0,,0,,,0,0,1,0,0,0,0,0,0,0,0,0,0,0,,0,0,,,,,,,,
NB1578,1f7a2d419df3b95ade7f400446abeefaf3c872e8e6033a7e6ac413b17addbaf4,benign,NO_VICTIM_ACTIVITY,,dike,full,1,9.0,,0,0,,,,13,0,0,0,0,0,,,0,4,0,0,4,44,0,0,0,0,0,0,0,0,1,0,,0,,,0,0,1,0,0,0,0,0,0,0,0,0,4,0,,0,0,,,,,,,,
NB1579,1fa3bb9680b457aa11bfed328171172a477813b281f78b43243f9dc3c6afdeba,benign,FAILED,,dike,static_only,1,1.3,,,,,,,,,,,,,,,,,,,,421,0,0,0,0,0,0,0,0,1,0,,0,,,,,,,,,,,,,,,,,,,,,,,,,,,
NB1580,1fe78298f8fa9d9da3fab32c57975101ea3ff5dcebeedc2cde5bea6c8df9a7ef,benign,FAILED,,dike,static_only,1,1.3,,,,,,,,,,,,,,,,,,,,118,0,0,0,0,0,0,0,0,1,0,,0,,,,,,,,,,,,,,,,,,,,,,,,,,,
NB1581,20601ed7e2bfc85362f090f0f5b72366f213c191e93b0c756acd98fef626e5e0,benign,FAILED,,dike,static_only,1,1.3,,,,,,,,,,,,,,,,,,,,210,0,0,0,0,0,0,0,0,1,0,,0,,,,,,,,,,,,,,,,,,,,,,,,,,,
NB1582,20a80b9d290223a304c752287ea4ac7371f928c4455fcb29bf5224f1096f8530,benign,FAILED,,dike,static_only,1,1.3,,,,,,,,,,,,,,,,,,,,96,0,0,0,0,0,0,0,0,1,0,,0,,,,,,,,,,,,,,,,,,,,,,,,,,,
NB1583,20b59da94ee5f320a7c75f00cbe3b53c418d172bab541e3f25cfbe86e3c6e846,benign,FAILED,,dike,static_only,1,3.0,,,,,,,,,,,,,,,,,,,,54,0,0,3,0,0,0,1,0,1,1,,0,,,,,,,,,,,,,,,,,,,,,,,,,,,
NB1584,20dedf92ede2836f2b1d668764705c1d0920f1f8ded303409595d7705bab7b98,benign,FAILED,,dike,static_only,1,0.0,,,,,,,,,,,,,,,,,,,,40,0,0,0,0,0,0,0,0,2,0,,0,,,,,,,,,,,,,,,,,,,,,,,,,,,
NB1585,20e3dc90a3e83b6202e2a7f4603b60e5e859639cb68693426c400b13aaeabd78,benign,FAILED,,dike,static_only,1,0.8,,,,,,,,,,,,,,,,,,,,67,0,0,0,0,0,0,2,0,1,1,,0,,,,,,,,,,,,,,,,,,,,,,,,,,,
NB1586,211c577f2902087ad252982e90ac0f00c6712bd536fc99328e3572ae76263805,benign,FAILED,,dike,static_only,1,2.3,,,,,,,,,,,,,,,,,,,,112,0,0,1,3,0,0,2,0,1,2,,0,,,,,,,,,,,,,,,,,,,,,,,,,,,
NB1587,215a6b88797ba198bff02141b13432dbda19df89fc23318f92de2053ae05a1d3,benign,FAILED,,dike,full,1,0.0,,0,0,,,,0,0,0,0,0,0,,,0,0,0,0,0,98,0,0,0,0,0,0,0,0,2,0,,0,,,0,0,1,0,0,0,0,0,0,0,0,0,0,0,,0,0,,,,,,,,
NB1588,21cf8033ed9fef0a4d19bc341f418334821c95b9535d6c5b8e94c23ac7013d44,benign,FAILED,,dike,static_only,1,3.0,,,,,,,,,,,,,,,,,,,,74,0,0,0,0,0,0,0,0,1,0,,0,,,,,,,,,,,,,,,,,,,,,,,,,,,
NB1589,2206ce4bd1b694649a74610c32c30b7f72cfa5a2e4d5f492ce6d1e6cbdd151ee,benign,FAILED,,dike,full,1,3.0,,0,0,,,,0,0,0,0,0,0,,,0,0,0,0,0,84,0,0,0,0,0,0,0,0,1,0,,0,,,0,0,1,0,0,0,0,0,0,0,0,0,0,0,,0,0,,,,,,,,
NB1590,2231ef54ddc324947416c71bc8740c4e80193c4b4fcd88ba4c3c044a196829ec,benign,FAILED,,dike,static_only,1,0.3,,,,,,,,,,,,,,,,,,,,234,0,0,2,0,0,0,2,1,2,1,,0,,,,,,,,,,,,,,,,,,,,,,,,,,,
NB1591,226c062632c3efca237814978b0443bdeb43fe5418ad508716f671f19f56c051,benign,FAILED,,dike,full,1,0.0,,24,0,,,,0,24,0,0,0,0,0.0,0.0,0,1,0,1,0,51,0,0,0,0,0,0,0,0,2,0,,0,,,0,0,1,0,0,0,0,0,0,0,0,0,0,0,,0,0,,,,,,,,
NB1592,22db23e22f47c6ecae717888a7a32f80883daad29989e599401ab022f95a3ed4,benign,FAILED,,dike,static_only,1,1.3,,,,,,,,,,,,,,,,,,,,130,0,0,0,0,0,0,0,0,1,0,,0,,,,,,,,,,,,,,,,,,,,,,,,,,,
NB1593,2338514a304a341b2ee7c1de696bf01e9179805da2c4edbdecf040adecfe8ab3,benign,FAILED,,dike,static_only,1,0.3,,,,,,,,,,,,,,,,,,,,58,0,0,0,0,0,0,0,0,1,0,,0,,,,,,,,,,,,,,,,,,,,,,,,,,,
NB1594,2367031635d27b6dd8645d914beb88600b1183d5fe87a04e1766ebb230cbc588,benign,FAILED,,dike,full,1,1.2,,2,0,,,,0,2,1,1,0,0,0.5,0.5,1,1,0,0,1,314,3,1,7,3,0,0,1,1,2,3,openssl,0,,,1,0,0,0,0,0,0,0,0,0,0,0,0,0,,0,0,,,,,,,,
NB1595,23af4f7544f0320ff5d355cb514167e4a0e28ac86848a3120e81391c47abe9f0,benign,FAILED,,dike,static_only,1,0.3,,,,,,,,,,,,,,,,,,,,351,0,0,0,0,0,0,0,0,2,0,,0,,,,,,,,,,,,,,,,,,,,,,,,,,,
NB1596,2432f8111d707fc5607081ab1f2879e768d78b53f4155ba911b4e427d6aa50fc,benign,FAILED,,dike,static_only,1,0.3,,,,,,,,,,,,,,,,,,,,279,0,0,0,0,0,0,0,0,2,0,,0,,,,,,,,,,,,,,,,,,,,,,,,,,,
NB1597,24a6678b15c92e069a575dc2c584e2665cb98867b9e6823dff288a47644d1fb5,benign,FAILED,,dike,static_only,1,1.3,,,,,,,,,,,,,,,,,,,,95,0,0,0,0,0,0,0,0,1,0,,0,,,,,,,,,,,,,,,,,,,,,,,,,,,
NB1598,2513eb274a9507ee598af02dd9338ec08da908971a19f470d704cc3cc6234daa,benign,FAILED,,dike,full,1,1.0,,10,0,,,,0,10,0,0,0,0,0.0,0.0,0,1,0,1,0,135,0,0,3,0,0,0,2,1,1,1,,0,,,0,0,1,0,0,0,0,0,0,0,0,0,0,0,,0,0,,,,,,,,
NB1599,251a68841ba51e8919640c3b61438644de266c14698966464028f13115a497f6,benign,NO_VICTIM_ACTIVITY,,dike,full,1,1.0,,0,0,,,,0,0,0,0,0,0,,,0,0,0,0,0,104,0,0,0,0,0,0,1,0,1,1,,0,,,0,0,1,0,0,0,0,0,0,0,0,0,0,0,,0,0,,,,,,,,
NB1600,255ef9288394de9307866208c65b3a2e1c7b0d30d9fb27c7572439a1bdab677b,benign,FAILED,,dike,static_only,1,1.3,,,,,,,,,,,,,,,,,,,,126,0,0,0,0,0,0,0,0,1,0,,0,,,,,,,,,,,,,,,,,,,,,,,,,,,
NB1601,25f72423acea4176022987841d90ce1390b0a52f01e838afd9ef515a8864c9b0,benign,FAILED,,dike,static_only,1,0.0,,,,,,,,,,,,,,,,,,,,84,0,0,0,0,0,0,0,0,2,0,,0,,,,,,,,,,,,,,,,,,,,,,,,,,,
NB1602,262aa82cfd43744433d44228d12c28b322970afd382587ad82f6bb07b903a501,benign,FAILED,,dike,static_only,1,1.0,,,,,,,,,,,,,,,,,,,,66,0,0,5,0,0,0,0,0,2,0,,0,,,,,,,,,,,,,,,,,,,,,,,,,,,
NB1603,2653daafcf471d82e362572216b8b11ac37dc44c3baefc3c30a0c0c88f882af3,benign,NO_VICTIM_ACTIVITY,,dike,full,0,9.0,,62,0,,,,25,62,9,2,5,9,0.14516129032258066,0.03225806451612903,3,22,2,6,14,1,0,0,0,0,0,0,0,0,0,0,,0,,,0,0,1,10,0,0,0,0,0,0,2,2,25,8,249.8,0,0,,,,,,,,
NB1604,26a872c8e10cb4264b595561f2a45266dd11412186696875a6ce3d549af9edf0,benign,FAILED,,dike,full,1,1.0,,51,0,,,,0,51,0,0,0,0,0.0,0.0,0,2,0,2,0,82,1,0,1,0,0,0,0,0,2,1,,0,,,1,0,0,0,0,0,0,0,0,0,0,0,0,0,,0,0,,,,,,,,
NB1605,26f2e577524304ed552d8665b44963eae8453a962de1a9cc093a16e84ed2a527,benign,FAILED,,dike,static_only,1,1.3,,,,,,,,,,,,,,,,,,,,114,0,0,0,0,0,0,0,0,1,0,,0,,,,,,,,,,,,,,,,,,,,,,,,,,,
NB1606,27442c2dbdef8c0cb2ff118773a0c1d90ce619139c0d4bdb20e799f6ec421853,benign,NO_VICTIM_ACTIVITY,,dike,full,0,9.0,,62,0,,,,25,62,9,2,5,9,0.14516129032258066,0.03225806451612903,3,23,2,7,14,1,0,0,0,0,0,0,0,0,0,0,,0,,,0,0,1,10,0,0,0,0,0,0,2,2,25,8,256.4,0,0,,,,,,,,
NB1607,27f1277673d83f49d757265db319753cb6c2b497df3b9f4007ff81bd56cc930b,benign,FAILED,,dike,static_only,1,1.3,,,,,,,,,,,,,,,,,,,,176,0,0,0,0,0,0,0,0,1,0,,0,,,,,,,,,,,,,,,,,,,,,,,,,,,
NB1608,2814b34fd2df2113774034460cbe6ed20db59a0a0c0f47caaee6ef0fc948e00c,benign,FAILED,,dike,full,1,1.0,,0,0,,,,0,0,0,0,0,0,,,0,0,0,0,0,113,0,0,3,1,0,0,2,0,1,2,boost,0,,,0,0,1,0,0,0,0,0,0,0,0,0,0,0,,0,0,,,,,,,,
NB1609,282bfca7e0d52f4d3f0bbd443a56e52b0b7a5444a489ff51478e5cbc91aa2c94,benign,FAILED,,dike,static_only,1,0.3,,,,,,,,,,,,,,,,,,,,41,0,0,1,0,0,0,0,0,0,0,,0,,,,,,,,,,,,,,,,,,,,,,,,,,,
NB1610,282f6f7fb0c5b0de73b72301646791901ae28c8c69cc25cf47b2ff773cb5dc20,benign,FAILED,,dike,static_only,1,0.3,,,,,,,,,,,,,,,,,,,,326,0,0,0,0,0,0,0,0,1,0,,0,,,,,,,,,,,,,,,,,,,,,,,,,,,
NB1611,2843b864289b254a57ede8ccebc41f77ca02f058c401ce6863a2a40a681247ac,benign,FAILED,,dike,static_only,1,1.3,,,,,,,,,,,,,,,,,,,,129,0,0,0,0,0,0,0,0,1,0,,0,,,,,,,,,,,,,,,,,,,,,,,,,,,
NB1612,2959c295d8505b6e8bdbc2fc82d998ddf32d3613c1a50cc3dfb2f43b2f440717,benign,NO_VICTIM_ACTIVITY,,dike,full,1,7.0,,0,109,,6.788999901244059,6.9210442504366965,2,0,0,0,0,0,,,0,1,0,0,1,105,0,0,3,0,0,0,0,0,2,0,,0,,,0,1,0,0,0,0,0,0,0,0,0,0,0,0,,0,0,,,,,,,,
NB1613,295e17be508a04e6797d70849472a3f9242a0313995b26e79e823bec8f74150e,benign,FAILED,,dike,full,1,0.0,,0,0,,,,0,0,0,0,0,0,,,0,0,0,0,0,91,0,0,0,0,0,0,0,0,2,0,,0,,,0,0,1,0,0,0,0,0,0,0,0,0,0,0,,0,0,,,,,,,,
NB1614,2999b0709f50ed5026039496142254af172990a50e2a6e1d327b7cb94b072f7c,benign,FAILED,,dike,static_only,1,0.3,,,,,,,,,,,,,,,,,,,,61,0,0,1,0,0,0,0,0,0,0,,0,,,,,,,,,,,,,,,,,,,,,,,,,,,
NB1615,29b946238beb2a8c557a8a883b6666f3fe7314254fe61e067037d650fad88a3d,benign,NO_VICTIM_ACTIVITY,,dike,full,0,0.0,,0,0,,,,5,0,0,0,0,0,,,0,2,0,0,2,1,0,0,0,0,0,0,0,0,0,0,,0,,,0,0,1,0,0,0,0,0,0,0,0,0,0,0,,0,0,,,,,,,,
NB1616,29bfcb4b14706ee6816bf29b0ce3ab6cb058e3661b765928bd469e1ce727d2db,benign,FAILED,,dike,full,1,0.0,,0,0,,,,0,0,0,0,0,0,,,0,0,0,0,0,80,0,0,0,0,0,0,0,0,2,0,,0,,,0,0,1,0,0,0,0,0,0,0,0,0,0,0,,0,0,,,,,,,,
NB1617,29f465a5a8a791d2aba88de33e84e74b7fd8c47c753747ca7b45b24d7121a9e6,benign,FAILED,,dike,static_only,1,1.0,,,,,,,,,,,,,,,,,,,,111,0,0,2,0,0,0,0,0,1,0,,0,,,,,,,,,,,,,,,,,,,,,,,,,,,
NB1618,2a1c7574a5c42eb8c9348d9dba505ce49f2c88231d7ea6edd3715a39a5decd94,benign,FAILED,,dike,static_only,1,1.3,,,,,,,,,,,,,,,,,,,,168,0,0,0,0,0,0,0,0,1,0,,0,,,,,,,,,,,,,,,,,,,,,,,,,,,
NB1619,2a4fd6b3f9a885d700fe28dae5ac886b3d7d9f16210f89f286fa4bb06a80244e,benign,FAILED,,dike,full,1,0.0,,0,0,,,,0,0,0,0,0,0,,,0,0,0,0,0,110,0,0,0,0,0,0,0,0,2,0,,0,,,0,0,1,0,0,0,0,0,0,0,0,0,0,0,,0,0,,,,,,,,
NB1620,2a74a5be5cc76039149c5f7c8926f8a1bb04a60cba05e2c43a9180feb88b1194,benign,NO_VICTIM_ACTIVITY,,dike,full,1,1.0,,0,0,,,,0,0,0,0,0,0,,,0,0,0,0,0,69,0,0,0,0,0,0,0,0,1,0,,0,,,0,0,1,0,0,0,0,0,0,0,0,0,0,0,,0,0,,,,,,,,
NB1621,2a93f78621cc9ada373d94412fe78fa3f299e91a866b6518b7434e17b41b2109,benign,FAILED,,dike,static_only,1,0.0,,,,,,,,,,,,,,,,,,,,293,8,2,0,0,0,0,0,0,2,1,,0,,,,,,,,,,,,,,,,,,,,,,,,,,,
NB1622,2adbc2a2227756286fb140ca5877a00cee7fedc0d4ae3af098d9b2530c3648f8,benign,FAILED,,dike,static_only,1,1.3,,,,,,,,,,,,,,,,,,,,147,0,0,0,0,0,0,0,0,1,0,,0,,,,,,,,,,,,,,,,,,,,,,,,,,,
NB1623,2b70c56855937a6f0ff82113f8d934641ad9e829b976a4435c805f42b349bdd0,benign,FAILED,,dike,static_only,1,1.3,,,,,,,,,,,,,,,,,,,,125,0,0,0,0,0,0,0,0,1,0,,0,,,,,,,,,,,,,,,,,,,,,,,,,,,
NB1624,2b8f77719ff7528fc7147d381d98f0171390b94b85f84f9b4483e9322f140726,benign,FAILED,,dike,static_only,1,0.0,,,,,,,,,,,,,,,,,,,,114,0,0,0,0,0,0,0,0,2,0,,0,,,,,,,,,,,,,,,,,,,,,,,,,,,
NB1625,2c4eb01788a72337c2a733a8d0aeeef7dd504d05deebc958862412db9b823baf,benign,FAILED,,dike,static_only,1,1.0,,,,,,,,,,,,,,,,,,,,54,0,0,0,0,0,0,0,0,2,0,,0,,,,,,,,,,,,,,,,,,,,,,,,,,,
NB1626,2c8b6b0497ac12ab7641342e07eca16b661b31e81444798799d4b186306a9a77,benign,FAILED,,dike,full,1,1.3,,0,0,,,,2,0,0,0,0,0,,,0,1,0,0,1,80,0,0,3,0,0,0,0,0,2,0,,0,,,0,0,1,0,0,0,0,0,0,0,0,0,0,0,,0,0,,,,,,,,
NB1627,2d09798210455d443e62351b7b9f02fe7412930623a6bcf6b009c94da3f0fb94,benign,FAILED,,dike,static_only,1,0.3,,,,,,,,,,,,,,,,,,,,39,0,0,1,0,0,0,0,0,0,0,,0,,,,,,,,,,,,,,,,,,,,,,,,,,,
NB1628,2d1bb9ad1636374edb6c9ead9beb4bb6376563ce2818f224e12a80c03fc0ebdb,benign,NO_VICTIM_ACTIVITY,,dike,full,1,1.5,,48,0,,,,0,48,0,0,0,0,0.0,0.0,0,1,0,1,0,83,0,0,1,0,0,0,0,0,1,0,,0,,,0,0,1,0,0,0,0,0,0,0,0,0,0,0,,0,0,,,,,,,,
NB1629,2d886cb4915d75644c17f8efa6acab06dc561e62424f69b130b987e1899170c1,benign,FAILED,,dike,static_only,1,2.3,,,,,,,,,,,,,,,,,,,,168,0,0,1,0,0,0,0,1,2,0,,0,,,,,,,,,,,,,,,,,,,,,,,,,,,
NB1630,2d9861d0185e05d493c8d5bbae368263f15c0fa66fc7e70c9eae8bba1b43be26,benign,FAILED,,dike,static_only,1,0.0,,,,,,,,,,,,,,,,,,,,119,0,0,3,0,0,0,1,0,2,1,,0,,,,,,,,,,,,,,,,,,,,,,,,,,,
NB1631,2df7b0d6ed9d2ad1dba3a9ba6b4d44bc4d7667b25b78b02b81cb0fa5b04fb9dd,benign,FAILED,,dike,static_only,1,2.0,,,,,,,,,,,,,,,,,,,,64,0,0,0,0,0,0,0,0,1,0,,0,,,,,,,,,,,,,,,,,,,,,,,,,,,
NB1632,2e2a40d004346e95cdb0a91dcd881be1f2ee6d9eef16f239c40f6b4e2383c656,benign,NO_VICTIM_ACTIVITY,,dike,full,0,9.0,,0,0,,,,2,0,0,0,0,11,,,0,12,0,0,12,1,0,0,0,0,0,0,0,0,0,0,,0,,,0,0,1,9,0,0,0,0,0,0,3,3,15,3,,0,0,,,,,,,,
NB1633,2eb9028553d961e1e13493e8dc7d52c31892c297c4c079671b1f981d4743b457,benign,NO_VICTIM_ACTIVITY,,dike,full,1,1.2,,1,0,,,,2,1,0,0,0,3,0.0,0.0,0,5,0,1,4,25,0,0,0,0,0,0,0,0,1,0,,0,,,0,0,1,3,0,0,0,0,0,0,3,3,3,0,-7.6,0,0,,,,,,,,
NB1634,2ec7d351d625d29e8197c5077670d39501497b12a4a7b48cfcd907501e405da2,benign,FAILED,,dike,static_only,0,0.0,,,,,,,,,,,,,,,,,,,,1,0,0,0,0,0,0,0,0,0,0,,0,,,,,,,,,,,,,,,,,,,,,,,,,,,
NB1635,2edf7c8fd59cd5fcd19fa528f60cbd6ddb9a8076ae0280b11d8ea8eaf7d39958,benign,FAILED,,dike,full,1,1.0,,0,0,,,,0,0,0,0,0,0,,,0,0,0,0,0,170,0,1,7,0,0,0,0,4,2,0,,0,,,0,0,1,0,0,0,0,0,0,0,0,0,1,0,,0,0,,,,,,,,
NB1636,2f031a1752f7067fb9f483ae0ac5f3036c9b66cc4af40e6ae609c0aba7c886d0,benign,FAILED,,dike,static_only,1,0.3,,,,,,,,,,,,,,,,,,,,82,0,0,0,0,0,0,0,0,1,0,,0,,,,,,,,,,,,,,,,,,,,,,,,,,,
NB1637,2f319ab076f8694f6966beb2a353d98688438d4dbb44f5b669cf562409437b47,benign,NO_VICTIM_ACTIVITY,,dike,full,0,0.0,,5,0,,,,5,5,0,0,0,0,0.0,0.0,0,3,0,2,1,1,0,0,0,0,0,0,0,0,0,0,,0,,,0,0,1,0,0,0,0,0,0,0,0,0,0,0,,0,0,,,,,,,,
NB1638,303b238312b9a5de8399a0f4037b53f02627646a3cbb99b37f383e903f3cd7f9,benign,FAILED,,dike,static_only,1,1.3,,,,,,,,,,,,,,,,,,,,123,0,0,0,0,0,0,0,0,1,0,,0,,,,,,,,,,,,,,,,,,,,,,,,,,,
NB1639,305a4d2d4fb340ebeaf8bbcdf595425b6ec27145070e3366c51fcb6f31bef080,benign,FAILED,,dike,full,1,3.0,,0,0,,,,0,0,0,0,0,0,,,0,0,0,0,0,60,0,0,2,4,0,0,0,0,1,1,,0,,,0,0,1,0,0,0,0,0,0,0,0,0,0,0,,0,0,,,,,,,,
NB1640,306671b1a1ccf0c49a9e2ec4588c031d863906ef8306d49212638d0470c2d0eb,benign,NO_VICTIM_ACTIVITY,,dike,full,1,1.2,,0,0,,,,0,0,0,0,0,0,,,0,0,0,0,0,110,0,0,0,0,0,0,0,0,2,0,,0,,,0,0,1,0,0,0,0,0,0,0,0,0,0,0,,0,0,,,,,,,,
NB1641,308e8bb2e8a3b67607d2454370e0b50147b42049bda8130ee519e0de86b8a9ff,benign,FAILED,,dike,static_only,1,0.0,,,,,,,,,,,,,,,,,,,,147,0,0,2,0,0,0,0,0,2,0,,0,,,,,,,,,,,,,,,,,,,,,,,,,,,
NB1642,30cf13377fc9fa9252c194acfbf7e9458f4625f4754da5ccb625f98de62b6782,benign,FAILED,,dike,static_only,1,1.3,,,,,,,,,,,,,,,,,,,,250,0,0,0,0,0,0,0,0,1,0,,0,,,,,,,,,,,,,,,,,,,,,,,,,,,
NB1643,30e76f37938413ff5ffcd80ec35bc4ca353a64a5aa3a197a00cc23eb11ad8f8b,benign,FAILED,,dike,static_only,1,0.3,,,,,,,,,,,,,,,,,,,,45,0,0,1,0,0,0,0,0,0,0,,0,,,,,,,,,,,,,,,,,,,,,,,,,,,
NB1644,317bad4e1c85573a0ed69433dc4be1055d61adfba88b18fbdd2289d64183fa6c,benign,FAILED,,dike,full,1,0.0,,1,0,,,,0,1,0,0,0,0,0.0,0.0,0,1,0,1,0,87,0,0,2,0,0,0,0,0,2,0,,0,,,0,0,1,0,0,0,0,0,0,0,0,0,0,0,,0,0,,,,,,,,
NB1645,31a079b5bdd155cb58860afa1e068f8564d7a4a9492aab347e35a724db1849e9,benign,NO_VICTIM_ACTIVITY,,dike,full,1,0.0,,0,0,,,,0,0,0,0,0,0,,,0,0,0,0,0,342,0,0,4,0,0,0,0,0,2,0,,0,,,0,0,1,0,0,0,0,0,0,0,0,0,0,0,,0,0,,,,,,,,
NB1646,31aaba443b9869e6e68c17125f8d7989cbd762fb38ae3a10e58f4759548a7745,benign,FAILED,,dike,static_only,1,0.0,,,,,,,,,,,,,,,,,,,,127,0,0,0,0,0,0,1,0,2,1,,0,,,,,,,,,,,,,,,,,,,,,,,,,,,
NB1647,32f1c380d43bd7766af01f233dc0d7d6b8f3bfbef7eecf04565ddec5d6102403,benign,NO_VICTIM_ACTIVITY,,dike,full,1,3.0,,0,0,,,,1,0,0,0,0,0,,,0,1,0,0,1,255,0,0,3,0,0,0,0,0,2,0,,0,,,0,0,1,0,0,0,0,0,0,0,0,0,1,0,,0,0,,,,,,,,
NB1648,3360ca9d92a1daf5005e3c4dfc2c7536f69085052c396cafe2f8e0fe67f284fc,benign,FAILED,,dike,static_only,1,0.3,,,,,,,,,,,,,,,,,,,,106,0,0,1,0,0,0,0,0,2,0,,0,,,,,,,,,,,,,,,,,,,,,,,,,,,
NB1649,33aaf68843e2936dfd3665e5cdb76a3d5372fff42fe66f4f2b35886066a0380e,benign,FAILED,,dike,static_only,1,0.3,,,,,,,,,,,,,,,,,,,,59,0,0,1,0,0,0,0,0,0,0,,0,,,,,,,,,,,,,,,,,,,,,,,,,,,
NB1650,343564ae7b089278180f139230e02a587598bbc10ceb2ace00268c63127a792d,benign,FAILED,,dike,static_only,1,0.3,,,,,,,,,,,,,,,,,,,,664,0,0,0,0,0,0,0,0,1,0,,0,,,,,,,,,,,,,,,,,,,,,,,,,,,
NB1651,343883df0625d9ab21c3de31c2c5fbcc24c6d0c151d2dcacd2ba1f04e6a40ad6,benign,FAILED,,dike,static_only,1,0.0,,,,,,,,,,,,,,,,,,,,830,2,0,2,0,0,0,3,0,2,2,,0,,,,,,,,,,,,,,,,,,,,,,,,,,,
NB1652,346fb6819d138bee09beb553c8ea03c46418f963acae909997e365c07e0d6519,benign,FAILED,,dike,static_only,1,1.3,,,,,,,,,,,,,,,,,,,,120,0,0,0,0,0,0,0,0,1,0,,0,,,,,,,,,,,,,,,,,,,,,,,,,,,
NB1653,354c2f0ba14f0a3b832b68b3ba3619a3eb7f86c53019ee50a174ad5f23aaa5a4,benign,FAILED,,dike,static_only,1,0.0,,,,,,,,,,,,,,,,,,,,111,0,0,6,0,0,0,0,0,2,0,,0,,,,,,,,,,,,,,,,,,,,,,,,,,,
NB1654,35a800867169a05f1a883ccb324f1eba36481ca3b39865d24ee30eec14048b06,benign,FAILED,,dike,full,1,3.2,,0,0,,,,0,0,0,0,0,0,,,0,0,0,0,0,59,0,0,0,0,0,0,0,0,1,0,,0,,,0,0,1,0,0,0,0,0,0,0,0,0,0,0,,0,0,,,,,,,,
NB1655,3645fe13a3fbac7c8073f0a0283f4f3b294166191c33aa09794641e075422317,benign,FAILED,,dike,static_only,1,0.0,,,,,,,,,,,,,,,,,,,,112,2,2,1,0,0,0,0,0,2,1,,0,,,,,,,,,,,,,,,,,,,,,,,,,,,
NB1656,3686c09b2a7755811095196bd155757b5316883d27266ca2d808ba38b410163a,benign,FAILED,,dike,static_only,1,1.3,,,,,,,,,,,,,,,,,,,,134,0,0,0,0,0,0,0,0,1,0,,0,,,,,,,,,,,,,,,,,,,,,,,,,,,
NB1657,373d0778d083a04943032826a3571e5e8d450a9535f5a901db43c791200a774d,benign,FAILED,,dike,static_only,1,0.0,,,,,,,,,,,,,,,,,,,,238,0,0,7,0,0,0,2,4,1,1,,0,,,,,,,,,,,,,,,,,,,,,,,,,,,
NB1658,3777466cacecedcab6f2e7adc82cfc5f18c0c7f41bea1c68192c4027d53c0d0e,benign,FAILED,,dike,static_only,1,1.3,,,,,,,,,,,,,,,,,,,,129,0,0,0,0,0,0,0,0,1,0,,0,,,,,,,,,,,,,,,,,,,,,,,,,,,
NB1659,37ad74048035735bda661eec2bf47e117c9819698c73546f4ab4eae78fe660ac,benign,NO_VICTIM_ACTIVITY,,dike,full,1,2.8,,0,0,,,,4,0,0,0,0,0,,,0,1,0,0,1,523,0,0,8,1,3,0,2,1,0,3,,0,,,0,0,1,0,0,0,0,0,0,0,0,0,0,0,,0,0,,,,,,,,
NB1660,380616b38e867f0d99ef4666f8d551e97ce56e83be29fcd4567e68b95d707d01,benign,FAILED,,dike,static_only,1,0.3,,,,,,,,,,,,,,,,,,,,36,0,0,1,0,0,0,0,0,0,0,,0,,,,,,,,,,,,,,,,,,,,,,,,,,,
NB1661,38351e5697b916baeedae6aaf4e1cc920d11062b95bec33ecad8d19f1336d83d,benign,FAILED,,dike,static_only,1,2.3,,,,,,,,,,,,,,,,,,,,332,5,1,4,0,0,0,0,1,2,1,,0,,,,,,,,,,,,,,,,,,,,,,,,,,,
NB1662,38a4f8cf9cfa98a9b57831c83006ec484efc5d45a996e60796936f5e5e2ea9e3,benign,FAILED,,dike,full,1,3.2,,0,0,,,,0,0,0,0,0,0,,,0,0,0,0,0,136,0,0,0,1,0,0,0,0,2,1,,0,,,0,0,1,0,0,0,0,0,0,0,0,0,0,0,,0,0,,,,,,,,
NB1663,38d4fb39fefa9105b5371ef57ff8ef99b741ef727ccb975a124c9784d42a3527,benign,NO_VICTIM_ACTIVITY,,dike,full,1,9.0,,314,1796,-0.018005485723233478,,,450,314,42,2,19,36,0.1337579617834395,0.006369426751592357,8,107,3,28,76,155,0,0,5,0,0,0,0,1,2,0,,0,,,0,1,0,15,0,0,0,0,0,0,2,6,34,12,-236.7,1,1,1,1,0.3,44,515.7,0,1,
NB1664,3922d65776fdbd37157abe9ff303fa554132eac20b07b97117ee4e8c75ce9f91,benign,FAILED,,dike,static_only,1,3.0,,,,,,,,,,,,,,,,,,,,144,0,0,2,0,0,0,0,0,2,0,,0,,,,,,,,,,,,,,,,,,,,,,,,,,,
NB1665,39a5f4fc7476ba15f25e80e8ed7d7fa41144926cdea067c433ac0e7e8c9897b7,benign,FAILED,,dike,static_only,1,2.3,,,,,,,,,,,,,,,,,,,,52,1,0,0,0,0,0,1,0,1,2,,0,,,,,,,,,,,,,,,,,,,,,,,,,,,
NB1666,3a26e84b22e7665a55f0857da23a05e3ef3ed430242b6f7635909981cdbeba94,benign,NO_VICTIM_ACTIVITY,,dike,full,0,0.0,,0,16,,6.435138010041594,6.435138010041593,5,0,0,0,0,0,,,0,2,0,0,2,1,0,0,0,0,0,0,0,0,0,0,,0,,,0,1,0,0,0,0,0,0,0,0,0,0,0,0,,0,0,,,,,,,,
NB1667,3a44fa455ada6aede5098355efc22825ac336a3faa18d7695054fcf3a7bbffc0,benign,FAILED,,dike,full,1,0.0,,1,0,,,,0,1,0,0,0,0,0.0,0.0,0,1,0,1,0,73,0,0,0,0,0,0,0,0,2,0,,0,,,0,0,1,0,0,0,0,0,0,0,0,0,0,0,,0,0,,,,,,,,
NB1668,3ad27fc6d50f5ad75b0c3e0378c7a32d062d3e95fa5d7259c0601dfcada8d3f3,benign,FAILED,,dike,full,1,3.0,,0,0,,,,0,0,0,0,0,0,,,0,0,0,0,0,98,0,0,0,0,0,0,0,0,1,0,,0,,,0,0,1,0,0,0,0,0,0,0,0,0,0,0,,0,0,,,,,,,,
NB1669,3aeec86e232b09526dc62362f3d37c010bdb962eb31e5a18f2e781aa25423033,benign,FAILED,,dike,static_only,1,1.0,,,,,,,,,,,,,,,,,,,,40,0,0,0,0,0,0,0,0,1,0,,0,,,,,,,,,,,,,,,,,,,,,,,,,,,
NB1670,3bc5906d625e95dfb4744c2baa1e1a5d1b3f73ee663cc149f02ef7eaf23986c0,benign,FAILED,,dike,full,1,0.0,,4,0,,,,0,4,0,0,0,0,0.0,0.0,0,1,0,1,0,63,0,0,2,0,0,0,0,0,2,0,,0,,,0,0,1,0,0,0,0,0,0,0,0,0,0,0,,0,0,,,,,,,,
NB1671,3be77cde3fe49040e294b6e4b4fceb284fcfb65279fcdcad9dc087d2d4406058,benign,FAILED,,dike,static_only,1,0.3,,,,,,,,,,,,,,,,,,,,70,0,0,0,0,0,0,0,0,1,0,boost,0,,,,,,,,,,,,,,,,,,,,,,,,,,,
NB1672,3c861c6d54f36d5158e2de33a113a09f63978884420d6664efb5d89d8036d4a5,benign,NO_VICTIM_ACTIVITY,,dike,full,1,0.0,,0,0,,,,0,0,0,0,0,0,,,0,0,0,0,0,71,0,0,1,0,0,0,0,3,2,0,,0,,,0,0,1,0,0,0,0,0,0,0,0,1,0,0,,0,0,,,,,,,,
NB1673,3ca96b622f4af8cfdf1d65b9c1c2ee118bc924753ad95d3376b97c6f08153a54,benign,FAILED,,dike,full,1,1.0,,0,0,,,,0,0,0,0,0,0,,,0,0,0,0,0,118,0,0,0,0,0,0,1,0,1,1,,0,,,0,0,1,0,0,0,0,0,0,0,0,0,0,0,,0,0,,,,,,,,
NB1674,3ce6f5e9aee5a3f921d1a21144ae5b7b557dbfc7999f282adcc2fc522fc787bb,benign,FAILED,,dike,static_only,1,1.3,,,,,,,,,,,,,,,,,,,,59,0,0,0,0,0,0,0,0,1,0,,0,,,,,,,,,,,,,,,,,,,,,,,,,,,
NB1675,3d1ac5f16b486805bfea6e9152cc60251b7e8f4a8580187afef978347e523f46,benign,NO_VICTIM_ACTIVITY,,dike,full,0,0.0,,0,0,,,,3,0,0,0,0,0,,,0,1,0,0,1,1,0,0,0,0,0,0,0,0,0,0,,0,,,0,0,1,0,0,0,0,0,0,0,0,0,0,0,,0,0,,,,,,,,
NB1676,3d483f72e93de2b234f74438fb1c0afe10426d37d89c1b0f6805a70234c909b1,benign,FAILED,,dike,full,1,3.0,,0,0,,,,0,0,0,0,0,0,,,0,0,0,0,0,110,0,0,0,0,0,0,0,0,2,0,,0,,,0,0,1,0,0,0,0,0,0,0,0,0,0,0,,0,0,,,,,,,,
NB1677,3d8b868359f623a9441e336d32c360352bf819114052599d3c85ab69e60d1de9,benign,NO_VICTIM_ACTIVITY,,dike,full,0,9.0,,0,93,,6.133119201565734,6.3635542621466215,13,0,0,0,0,0,,,0,4,0,0,4,1,0,0,0,0,0,0,0,0,0,0,,0,,,0,1,0,0,0,0,0,0,0,0,0,0,4,0,,0,0,,,,,,,,
NB1678,3e917376199b13523dfb4fcc445583d9df0606ad0a6a02b111d8a3ee6b71e117,benign,FAILED,,dike,static_only,1,0.0,,,,,,,,,,,,,,,,,,,,156,0,0,0,0,0,0,3,0,1,1,boost,0,,,,,,,,,,,,,,,,,,,,,,,,,,,
NB1679,3e95000db27b940bd46d62b8117ea9f3bd4ea9ee203fc54d1244deb429e6785f,benign,FAILED,,dike,static_only,1,1.3,,,,,,,,,,,,,,,,,,,,125,0,0,0,0,0,0,0,0,1,0,,0,,,,,,,,,,,,,,,,,,,,,,,,,,,
NB1680,3f3fe9ecad7f30fc80cdfb678d7ca27a30d0575a73818746e98be9170d3be348,benign,FAILED,,dike,full,1,1.0,,0,0,,,,0,0,0,0,0,0,,,0,0,0,0,0,113,0,0,1,0,0,0,0,0,1,0,,0,,,0,0,1,0,0,0,0,0,0,0,0,0,0,0,,0,0,,,,,,,,
NB1681,3f916a07253edf25d943c7700931679100a93e63236c2c94c36a8f9e021e32a0,benign,NO_VICTIM_ACTIVITY,,dike,full,1,9.0,,19,0,,,,257,19,0,0,0,35,0.0,0.0,0,66,0,6,60,111,0,0,0,0,0,0,0,0,2,0,,0,,,0,0,1,15,0,0,0,0,0,0,4,7,47,2,8.5,0,0,,,,,,,,
NB1682,3fb239d7ac7719328c58a1eb3ce2abd900949b6f6e5d5db4f95852325bf67473,benign,FAILED,,dike,full,1,0.8,,0,0,,,,0,0,0,0,0,0,,,0,0,0,0,0,116,0,0,3,0,0,0,2,0,1,1,,0,,,0,0,1,0,0,0,0,0,0,0,0,0,0,0,,0,0,,,,,,,,
NB1683,4095c33ca52203420d14bf3402cdbae1f237a221c270fae8b302a0e06664ad6c,benign,FAILED,,dike,static_only,1,1.3,,,,,,,,,,,,,,,,,,,,100,0,0,0,0,0,0,0,0,1,0,,0,,,,,,,,,,,,,,,,,,,,,,,,,,,
NB1684,40973d2b21fc99adda02a0785133fbf4ec53602d8e26c79503ef357234b6b579,benign,FAILED,,dike,full,1,1.0,,0,0,,,,0,0,0,0,0,0,,,0,0,0,0,0,100,0,0,0,0,0,0,0,0,1,0,,0,,,0,0,1,0,0,0,0,0,0,0,0,0,0,0,,0,0,,,,,,,,
NB1685,40f0b1743dd050949c942debbbaf87b3a070ab87d792550bf9320032ba214fbe,benign,FAILED,,dike,static_only,1,1.3,,,,,,,,,,,,,,,,,,,,132,0,0,0,0,0,0,0,0,1,0,,0,,,,,,,,,,,,,,,,,,,,,,,,,,,
NB1686,410d442aa93e4a593e651da540c0debd3f60d150671529a461c1c73a7f82473c,benign,FAILED,,dike,static_only,1,1.3,,,,,,,,,,,,,,,,,,,,77,0,0,0,0,0,0,0,0,1,0,,0,,,,,,,,,,,,,,,,,,,,,,,,,,,
NB1687,413313e7920c29dc1219593edd2c4f8d5374f4cbcbae43ea61d6a3948c8de779,benign,FAILED,,dike,static_only,1,0.3,,,,,,,,,,,,,,,,,,,,51,0,0,1,0,0,0,0,0,0,0,,0,,,,,,,,,,,,,,,,,,,,,,,,,,,
NB1688,415e7396bdbde474719b20bb5704489a2333bb45f7f0f2ca677af4d125078a67,benign,FAILED,,dike,static_only,1,0.5,,,,,,,,,,,,,,,,,,,,65,0,0,0,0,0,0,0,0,1,0,,0,,,,,,,,,,,,,,,,,,,,,,,,,,,
NB1689,41a8ada93814ff371dabb6e883453907bcac454999538724b270bb9ca2f7b599,benign,FAILED,,dike,static_only,1,2.3,,,,,,,,,,,,,,,,,,,,336,7,2,6,0,0,0,1,1,2,2,,0,,,,,,,,,,,,,,,,,,,,,,,,,,,
NB1690,41fc284f5c860580dd5fa32de705b66be97cb01c77c9d0aea3acbe38a5f8aa96,benign,FAILED,,dike,static_only,1,1.3,,,,,,,,,,,,,,,,,,,,255,0,0,0,0,0,0,0,0,1,0,,0,,,,,,,,,,,,,,,,,,,,,,,,,,,
NB1691,424451b348b3596f08e28772ee3afb3f16676687f6192746f132394c25112814,benign,FAILED,,dike,static_only,1,1.3,,,,,,,,,,,,,,,,,,,,147,0,0,0,0,0,0,0,0,1,0,,0,,,,,,,,,,,,,,,,,,,,,,,,,,,
NB1692,42ad5682ca815e21b8c44e3863b202e47ad3bcda209c0bc8484922d6dbdf31d5,benign,FAILED,,dike,static_only,1,0.8,,,,,,,,,,,,,,,,,,,,38,0,0,1,0,0,0,0,0,0,0,,0,,,,,,,,,,,,,,,,,,,,,,,,,,,
NB1693,42f18d21d381f6eb0ad4eb9d057de87a98dc16f2a8eae3386dc2f08892ab23b3,benign,FAILED,,dike,full,1,2.5,,0,0,,,,23,0,0,0,0,0,,,0,1,0,0,1,161,0,0,5,0,0,0,0,0,2,0,,0,,,0,0,1,0,0,0,0,0,0,0,0,0,0,0,,0,0,,,,,,,,
NB1694,432abbae25f6b91a977bc9f75c4a8edd3bffa5d152d67eb8a358122aa82770e2,benign,NO_VICTIM_ACTIVITY,,dike,full,1,0.8,,0,0,,,,1,0,0,0,0,0,,,0,1,0,0,1,28,0,0,0,0,0,0,0,0,1,0,,0,,,0,0,1,0,0,0,0,0,0,0,0,0,0,0,,0,0,,,,,,,,
NB1695,43b1d7cb1a978bd95a2c7e024401e960447883f6033e48bc4c1217dc9ba924cf,benign,NO_VICTIM_ACTIVITY,,dike,full,0,9.0,,6,0,,,,2,6,1,1,0,9,0.16666666666666666,0.16666666666666666,1,14,0,3,11,1,0,0,0,0,0,0,0,0,0,0,,0,,,0,0,1,10,0,0,0,0,0,0,2,2,2,0,255.8,0,0,,,,,,,,
NB1696,448f6390c213c83f2f8d874047eeb80131a522a0751020a21a2e413cdb8b3675,benign,NO_VICTIM_ACTIVITY,,dike,full,0,0.0,,0,0,,,,6,0,0,0,0,0,,,0,2,0,0,2,1,0,0,0,0,0,0,0,0,0,0,,0,,,0,0,1,0,0,0,0,0,0,0,0,0,0,0,,0,0,,,,,,,,
NB1697,44b6a440aa28893b3a9d20a9d3b729a3da38e27934db839b7b427331f814319d,benign,FAILED,,dike,static_only,1,3.3,,,,,,,,,,,,,,,,,,,,123,0,0,0,0,0,0,0,0,1,0,,0,,,,,,,,,,,,,,,,,,,,,,,,,,,
NB1698,44f950813f0dfd94698f47afa24d8734a65a81350f4f12226da1d75324fdccb4,benign,FAILED,,dike,static_only,1,0.0,,,,,,,,,,,,,,,,,,,,155,0,0,1,0,0,0,1,0,1,1,,0,,,,,,,,,,,,,,,,,,,,,,,,,,,
NB1699,456f313edbf89371a27f0c30aafb0cd5b048af299f443256b4e4da3aca78e49c,benign,FAILED,,dike,full,1,2.1999999999999997,,2,0,,,,0,2,0,0,0,0,0.0,0.0,0,1,0,1,0,173,0,0,1,0,0,0,0,0,2,0,,0,,,0,0,1,0,0,0,0,0,0,0,0,0,0,0,,0,0,,,,,,,,
NB1700,457208d67a63689b65a6d209b95ec1e3714601fc1d96fd5b1402d5034a448931,benign,FAILED,,dike,static_only,1,0.3,,,,,,,,,,,,,,,,,,,,60,0,0,1,0,0,0,0,0,0,0,,0,,,,,,,,,,,,,,,,,,,,,,,,,,,
NB1701,45e342f6dff6787d37f4c13432e295c61e8de006e13ef4c2593001a8391648e1,benign,FAILED,,dike,static_only,1,0.3,,,,,,,,,,,,,,,,,,,,149,0,0,0,0,0,0,1,0,2,1,,0,,,,,,,,,,,,,,,,,,,,,,,,,,,
NB1702,463046a6d4263478667cb43d534df3cf65b4e3b26a71ccfa7c3d64d29e2c6d8a,benign,FAILED,,dike,full,1,1.2,,0,0,,,,0,0,0,0,0,0,,,0,0,0,0,0,118,0,0,1,0,0,0,4,3,2,1,,0,,,0,0,1,0,0,0,0,0,0,0,0,0,0,0,,0,0,,,,,,,,
NB1703,463821640265e75e16ca21d4c3977d8bddb774c3018227e27d6b63352e599b6e,benign,NO_VICTIM_ACTIVITY,,dike,full,0,0.0,,63,0,,,,3,63,0,0,0,0,0.0,0.0,0,2,0,1,1,1,0,0,0,0,0,0,0,0,0,0,,0,,,0,0,1,0,0,0,0,0,0,0,0,0,0,0,,0,0,,,,,,,,
NB1704,46407d982cf87e908e0b58421c408a31e1a5d59c44fd4e7b4cb0f5209732bdcf,benign,FAILED,,dike,full,1,3.0,,0,0,,,,0,0,0,0,0,0,,,0,0,0,0,0,131,0,0,0,0,0,0,0,0,1,0,,0,,,0,0,1,0,0,0,0,0,0,0,0,0,8,0,,0,0,,,,,,,,
NB1705,465968c0045cf3267040dbcaad24651ecda57244a599142e85b1a67a1855e7a8,benign,FAILED,,dike,full,1,3.0,,0,0,,,,0,0,0,0,0,0,,,0,0,0,0,0,218,0,0,1,0,0,0,1,0,2,1,,0,,,0,0,1,0,0,0,0,0,0,0,0,0,0,0,,0,0,,,,,,,,
NB1706,46c629e4918166b75671f1fa6a6f467bd1948abbf0e9e4ea30f5d0e5fdfd84f4,benign,FAILED,,dike,full,1,1.0,,1,0,,,,0,1,0,0,0,0,0.0,0.0,0,1,0,1,0,63,0,0,0,0,0,0,0,0,2,0,,0,,,0,0,1,0,0,0,0,0,0,0,0,0,0,0,,0,0,,,,,,,,
NB1707,46d3364cc64cce9d83b1df52f97646cd08c9a0d1962bec96b559d4d09465a936,benign,FAILED,,dike,static_only,1,2.3,,,,,,,,,,,,,,,,,,,,74,0,0,2,0,0,0,0,0,1,0,,0,,,,,,,,,,,,,,,,,,,,,,,,,,,
NB1708,472e465c5dea1d862006fe5066618a2a23646f01e73d7806676538516e81f617,benign,FAILED,,dike,full,1,1.0,,0,0,,,,0,0,0,0,0,0,,,0,0,0,0,0,46,0,0,1,0,0,0,0,0,1,0,,0,,,0,0,1,0,0,0,0,0,0,0,0,0,0,0,,0,0,,,,,,,,
NB1709,473f30a2e56dd524955bd06b9e03331f0a40d62ffe8bb47fc16025d02ab23522,benign,FAILED,,dike,full,1,0.0,,0,0,,,,0,0,0,0,0,0,,,0,0,0,0,0,267,6,2,2,0,0,0,0,0,2,1,,0,,,1,0,0,0,0,0,0,0,0,0,0,0,0,0,,0,0,,,,,,,,
NB1710,475196d1413e2c88e095f0398cb2095baa5f16b66e3794ecc829a708dc63397a,benign,FAILED,,dike,full,1,3.0,,0,0,,,,0,0,0,0,0,0,,,0,0,0,0,0,196,0,0,2,0,0,0,0,0,3,0,,0,,,0,0,1,0,0,0,0,0,0,0,0,0,0,0,,0,0,,,,,,,,
NB1711,47b8c3a41735695ed1849459403c9a8e67eecad7eb43a9678eae43046eac7d41,benign,FAILED,,dike,full,1,1.2,,0,0,,,,0,0,0,0,0,0,,,0,0,0,0,0,294,0,0,2,0,0,0,0,0,2,0,,0,,,0,0,1,0,0,0,0,0,0,0,0,0,1,0,,0,0,,,,,,,,
NB1712,47f2e16177373b0f0fc9ea80f468030c39808d1a8c72271f71a7358a4a1bc0e5,benign,NO_VICTIM_ACTIVITY,,dike,full,0,9.0,,62,0,,,,25,62,9,2,5,6,0.14516129032258066,0.03225806451612903,3,22,2,8,12,1,0,0,0,0,0,0,0,0,0,0,,0,,,0,0,1,7,0,0,0,0,0,0,1,1,9,8,-135.7,0,0,,,,,,,,
NB1713,48217b45b2b9ba75ca024af038a8f01ed5fd01003f33aaa208ec0738691356cf,benign,FAILED,,dike,static_only,1,2.3,,,,,,,,,,,,,,,,,,,,257,1,0,1,1,0,0,1,0,1,3,,0,,,,,,,,,,,,,,,,,,,,,,,,,,,
NB1714,4859684e359b34a60f11ee19532df88abfc16b151581951d263f72e070e83ac4,benign,FAILED,,dike,static_only,1,0.0,,,,,,,,,,,,,,,,,,,,277,0,0,9,0,0,0,2,4,2,1,,0,,,,,,,,,,,,,,,,,,,,,,,,,,,
NB1715,48a9255cc69ba33948c7d6ed69129d39018cf26196515bf05151599daa2bfb36,benign,NO_VICTIM_ACTIVITY,,dike,full,1,3.0,,0,0,,,,1,0,0,0,0,0,,,0,1,0,0,1,140,0,0,0,0,0,0,0,0,2,0,,0,,,0,0,1,0,0,0,0,0,0,0,0,0,0,0,,0,0,,,,,,,,
NB1716,48bb6fd2791074d268a49c4d74c979defd436d9f6d50befe1fba6e5ff4504888,benign,FAILED,,dike,full,1,2.0,,5,0,,,,0,5,0,0,0,0,0.0,0.0,0,1,0,1,0,76,0,0,2,0,0,0,0,2,0,0,,0,,,0,0,1,0,0,0,0,0,0,0,0,0,0,0,,0,0,,,,,,,,
NB1717,4963a6954c4cedc517c349d72647fb30dca5f8ecb9d27034ecafa9a39e262701,benign,FAILED,,dike,static_only,1,0.3,,,,,,,,,,,,,,,,,,,,36,0,0,1,0,0,0,0,0,0,0,,0,,,,,,,,,,,,,,,,,,,,,,,,,,,
NB1718,49a7b41b6e7c4fe1fc05b022ff16e01d6e1cc88d855b70871213d7bf30c41023,benign,FAILED,,dike,static_only,1,0.3,,,,,,,,,,,,,,,,,,,,107,0,0,2,0,0,0,0,0,2,0,,0,,,,,,,,,,,,,,,,,,,,,,,,,,,
NB1719,49faf4c5558260bd21805db8edb29d3a1a5395a9ce5f93edd73d1eb87f360317,benign,FAILED,,dike,static_only,1,2.1999999999999997,,,,,,,,,,,,,,,,,,,,75,0,0,0,0,0,0,0,0,1,0,,0,,,,,,,,,,,,,,,,,,,,,,,,,,,
NB1720,4a1a2de5480477d6cbc5c9311fc9a85e9066718f1c25674f4adebc277f5b1765,benign,FAILED,,dike,full,1,3.0,,0,0,,,,0,0,0,0,0,0,,,0,0,0,0,0,140,0,0,0,0,0,0,0,0,2,0,,0,,,0,0,1,0,0,0,0,0,0,0,1,1,30,0,,0,0,,,,,,,,
NB1721,4a36f7ca6692cc55714e1c22ddae1a9ab19227db467c064922b9bdb78859ab02,benign,FAILED,,dike,static_only,1,0.3,,,,,,,,,,,,,,,,,,,,85,0,0,1,0,0,0,0,0,0,0,,0,,,,,,,,,,,,,,,,,,,,,,,,,,,
NB1722,4a495b476cc33e6be712a77184626725ec10e3f31b89d3c53010bd620bcd0cbb,benign,FAILED,,dike,static_only,1,0.3,,,,,,,,,,,,,,,,,,,,187,0,0,2,0,0,0,0,0,2,0,,0,,,,,,,,,,,,,,,,,,,,,,,,,,,
NB1723,4b4b883c0dc34f9d796e32532c3197090d09a4ac5094989a870e0370a8bd76d0,benign,FAILED,,dike,full,1,0.8,,0,0,,,,0,0,0,0,0,0,,,0,0,0,0,0,89,0,0,1,0,0,0,2,0,1,1,,0,,,0,0,1,0,0,0,0,0,0,0,0,0,0,0,,0,0,,,,,,,,
NB1724,4b5abcd833a8550ba0e77b55b56d37f6c04ac8213e1344b179e380b1fb289fa6,benign,FAILED,,dike,static_only,1,3.0,,,,,,,,,,,,,,,,,,,,70,0,0,0,0,0,0,0,0,1,0,,0,,,,,,,,,,,,,,,,,,,,,,,,,,,
NB1725,4b86fc33172d0d3081164379dbbca8333f5f3eb6c75c7c82281332fdabb5ef8d,benign,FAILED,,dike,static_only,1,1.0,,,,,,,,,,,,,,,,,,,,88,0,0,3,0,0,0,2,1,1,1,,0,,,,,,,,,,,,,,,,,,,,,,,,,,,
NB1726,4c5a4bfbd6de5221c044b95c96fabc094fd854508471f9d7cb3890853ea318c3,benign,FAILED,,dike,static_only,1,1.3,,,,,,,,,,,,,,,,,,,,93,0,0,0,0,0,0,0,0,1,0,,0,,,,,,,,,,,,,,,,,,,,,,,,,,,
NB1727,4c6107c9c786e2de5eadd721580372f6028d66daa3d4d2ed9489106ac6d1560e,benign,FAILED,,dike,static_only,1,1.3,,,,,,,,,,,,,,,,,,,,151,0,0,0,0,0,0,0,0,1,0,,0,,,,,,,,,,,,,,,,,,,,,,,,,,,
NB1728,4ca522be6a9e4a4bc93ff4a6f78045a52dd0fb3fa7f72f9271be6fccd31d6c2d,benign,FAILED,,dike,static_only,1,2.3,,,,,,,,,,,,,,,,,,,,85,0,0,0,0,0,0,0,0,2,0,,0,,,,,,,,,,,,,,,,,,,,,,,,,,,
NB1729,4d461900d1ec98c44d8cdaf794683af25f7fe9dd33a8b618673cf5b10d8712e7,benign,FAILED,,dike,full,1,3.0,,0,0,,,,0,0,0,0,0,0,,,0,0,0,0,0,79,0,0,1,0,0,0,0,0,1,0,,0,,,0,0,1,0,0,0,0,0,0,0,0,0,0,0,,0,0,,,,,,,,
NB1730,4d9c8986794f31912c44836959dd291fb22d21f12e0103a535cff6e7325a59e7,benign,FAILED,,dike,static_only,1,0.3,,,,,,,,,,,,,,,,,,,,125,0,0,2,0,0,0,0,0,2,0,openssl,0,,,,,,,,,,,,,,,,,,,,,,,,,,,
NB1731,4dde54cfc600dbd9a610645d197a632e064115ffaa3a1b595c3a23036e501678,benign,FAILED,,dike,static_only,1,0.0,,,,,,,,,,,,,,,,,,,,47,0,0,0,0,0,0,0,0,2,0,,0,,,,,,,,,,,,,,,,,,,,,,,,,,,
NB1732,4e0100db07a581c029ef5561a4bcea072731dab06229b0653e6cb822eb74adf4,benign,FAILED,,dike,static_only,1,2.3,,,,,,,,,,,,,,,,,,,,105,0,0,2,1,0,0,0,0,1,1,,0,,,,,,,,,,,,,,,,,,,,,,,,,,,
NB1733,4e5aac1267b4dd6d72ba7903928e3101fe0088af21611cfe6ebae5919ada75ce,benign,FAILED,,dike,static_only,1,0.3,,,,,,,,,,,,,,,,,,,,242,0,0,0,0,0,0,0,0,2,0,,0,,,,,,,,,,,,,,,,,,,,,,,,,,,
NB1734,4e9a86ffd569063308627ebeb576acdcdbf76b03c68aac783c0ff64eed7354bd,benign,FAILED,,dike,full,1,0.8,,0,0,,,,0,0,0,0,0,0,,,0,0,0,0,0,80,0,0,2,0,0,0,0,0,1,0,,0,,,0,0,1,0,0,0,0,0,0,0,0,0,0,0,,0,0,,,,,,,,
NB1735,4ea6fb35bfa0deace0e149557d73a99ee858029e33bbbcaf5cdf5aefb21ffb80,benign,FAILED,,dike,static_only,1,1.3,,,,,,,,,,,,,,,,,,,,90,0,0,0,0,0,0,0,0,1,0,,0,,,,,,,,,,,,,,,,,,,,,,,,,,,
NB1736,4ef9eb58224457492f674fb550761cd13b7e6031186b801577194a05719d4f43,benign,FAILED,,dike,static_only,1,0.3,,,,,,,,,,,,,,,,,,,,56,0,0,1,0,0,0,0,0,0,0,,0,,,,,,,,,,,,,,,,,,,,,,,,,,,
NB1737,4f148136730865d308e0fe852d137913937ac32e62aff6bbb2fd3d233ca24967,benign,FAILED,,dike,static_only,0,0.0,,,,,,,,,,,,,,,,,,,,1,0,0,0,0,0,0,0,0,0,0,,0,,,,,,,,,,,,,,,,,,,,,,,,,,,
NB1738,4f6b4aee23bbfae817a548ef9d8697c721107bec33b303b22ebea36fd65c663a,benign,FAILED,,dike,static_only,1,1.3,,,,,,,,,,,,,,,,,,,,159,0,0,0,0,0,0,0,0,1,0,,0,,,,,,,,,,,,,,,,,,,,,,,,,,,
NB1739,50796b4c13df118880c494fc2a33c219fd056537be99e5b3088690ac84da3824,benign,FAILED,,dike,full,1,0.0,,0,0,,,,0,0,0,0,0,0,,,0,0,0,0,0,186,0,0,1,1,0,0,0,0,2,1,,0,,,0,0,1,0,0,0,0,0,0,0,0,0,0,0,,0,0,,,,,,,,
NB1740,513605bce4c18fee8d117adee1051d23ae57a6f1e735606cd5254444daded088,benign,FAILED,,dike,static_only,1,3.0,,,,,,,,,,,,,,,,,,,,66,0,0,1,0,0,0,0,0,1,0,,0,,,,,,,,,,,,,,,,,,,,,,,,,,,
NB1741,513c8fdd0e211a18c25836f041ba0fcfb1dddf472ff91b72b6a15eb049cef184,benign,FAILED,,dike,static_only,1,1.3,,,,,,,,,,,,,,,,,,,,127,0,0,0,0,0,0,0,0,1,0,,0,,,,,,,,,,,,,,,,,,,,,,,,,,,
NB1742,51aeeb19099dae6fe57e64a2bbc8a944723beac6a1fcc38a8a46d2ee75eebfb7,benign,FAILED,,dike,static_only,1,0.3,,,,,,,,,,,,,,,,,,,,99,0,0,0,0,0,0,0,0,2,0,,0,,,,,,,,,,,,,,,,,,,,,,,,,,,
NB1743,52041cf226f57b8652c9da6c95f53d0408ea3732dfadf82f6dfe6fea8174b8dc,benign,NO_VICTIM_ACTIVITY,,dike,full,0,0.0,,0,16,,6.435138010041594,6.435138010041593,5,0,0,0,0,0,,,0,2,0,0,2,1,0,0,0,0,0,0,0,0,0,0,,0,,,0,1,0,0,0,0,0,0,0,0,0,0,0,0,,0,0,,,,,,,,
NB1744,52b5afb22460ca6032f1436c28c36a164203a65216c7e7455d5a8801fe02e7f7,benign,NO_VICTIM_ACTIVITY,,dike,full,1,8.0,,0,0,,,,0,0,0,0,0,4,,,0,4,0,0,4,57,0,0,0,0,0,0,0,0,2,0,,0,,,0,0,1,4,0,0,0,0,0,0,2,3,6,0,,0,0,,,,,,,,
NB1745,52def964142be6891054d2f95256a3b05d66887964fcd66b34abfe32477e8965,benign,FAILED,,dike,full,1,1.2,,0,0,,,,0,0,0,0,0,0,,,0,0,0,0,0,163,0,0,3,0,0,0,0,0,2,0,,0,,,0,0,1,0,0,0,0,0,0,0,0,0,0,0,,0,0,,,,,,,,
NB1746,52e5ccee227c8383423207f90090c8583d2cf019e761982320cc80daf84d9d06,benign,FAILED,,dike,full,1,1.0,,0,0,,,,0,0,0,0,0,0,,,0,0,0,0,0,109,0,0,0,0,0,0,0,0,1,0,,0,,,0,0,1,0,0,0,0,0,0,0,0,0,0,0,,0,0,,,,,,,,
NB1747,52fd1baa60c9e16af74b9e71800d763eea08fd6f84a2b609f6abc4838bccf20e,benign,FAILED,,dike,static_only,1,0.3,,,,,,,,,,,,,,,,,,,,42,0,0,1,0,0,0,0,0,0,0,,0,,,,,,,,,,,,,,,,,,,,,,,,,,,
NB1748,534a267fa208cae4868115b19c7043269cff48fc50697354a595c7c95c2fc425,benign,FAILED,,dike,static_only,1,0.0,,,,,,,,,,,,,,,,,,,,159,0,0,0,0,0,0,0,0,2,0,,0,,,,,,,,,,,,,,,,,,,,,,,,,,,
NB1749,53d985cdb6bccf1dafc1f9b460b7277bd25222c06518cb3d72d7f660c692191a,benign,FAILED,,dike,static_only,1,0.5,,,,,,,,,,,,,,,,,,,,71,0,0,0,0,0,0,0,0,1,0,,0,,,,,,,,,,,,,,,,,,,,,,,,,,,
NB1750,53de1af89065816ccfad467e8fde2c2ed9dd5092c57af3b1b878c20e7d424001,benign,FAILED,,dike,static_only,1,1.0,,,,,,,,,,,,,,,,,,,,37,0,0,0,0,0,0,0,0,1,0,,0,,,,,,,,,,,,,,,,,,,,,,,,,,,
NB1751,544a20393e3e0c2935924ee0b5826bc65ae6a256fc041a865d4e84e3c1cfb4d8,benign,FAILED,,dike,static_only,1,0.0,,,,,,,,,,,,,,,,,,,,160,0,0,2,0,0,0,0,0,2,0,,0,,,,,,,,,,,,,,,,,,,,,,,,,,,
NB1752,545d6c00e7bdb4c4583e0576aace2901ee726d4ca9009e9a17e6edbe7a75648d,benign,FAILED,,dike,static_only,1,2.3,,,,,,,,,,,,,,,,,,,,426,0,0,6,4,0,0,1,1,2,2,,0,,,,,,,,,,,,,,,,,,,,,,,,,,,
NB1753,5479b276f6cf9781f2935bd8c761ffb19ab9355520de4a7679a3372c3b90254b,benign,FAILED,,dike,static_only,1,1.3,,,,,,,,,,,,,,,,,,,,186,0,0,0,0,0,0,0,0,1,0,,0,,,,,,,,,,,,,,,,,,,,,,,,,,,
NB1754,54e26855769ea12c6fc9d4d3ea5c8e8a09cc4ea3a11865adba124f6d77d48de5,benign,FAILED,,dike,full,1,1.0,,0,0,,,,0,0,0,0,0,0,,,0,0,0,0,0,122,0,0,0,0,0,0,2,0,1,1,,0,,,0,0,1,0,0,0,0,0,0,0,0,0,0,0,,0,0,,,,,,,,
NB1755,551a6250ab06a2a6144691bf47bce3439a52377c3dcfc3a192a11c49ce5de8ee,benign,NO_VICTIM_ACTIVITY,,dike,full,0,0.0,,0,0,,,,5,0,0,0,0,0,,,0,2,0,0,2,1,0,0,0,0,0,0,0,0,0,0,,0,,,0,0,1,0,0,0,0,0,0,0,0,0,0,0,,0,0,,,,,,,,
NB1756,5557f65b4b69c3e332f244dd0138fa4620f78abaeed6230ee1c1d0bdfcd1ef57,benign,FAILED,,dike,static_only,1,1.0,,,,,,,,,,,,,,,,,,,,76,0,0,0,0,0,0,0,0,2,0,,0,,,,,,,,,,,,,,,,,,,,,,,,,,,
NB1757,55cc39a93052a56ff7efe7723387e61f5a0484b10181f46ec65e9d489b2e7298,benign,FAILED,,dike,full,1,1.0,,0,0,,,,0,0,0,0,0,0,,,0,0,0,0,0,481,0,0,2,0,0,0,2,2,4,1,boost,0,,,0,0,1,0,0,0,0,0,0,0,0,0,2,0,,0,0,,,,,,,,
NB1758,55d31ce16027c980ede272d4653075b8305ba5667bbf3e5ff11314697d54f25a,benign,FAILED,,dike,static_only,1,1.3,,,,,,,,,,,,,,,,,,,,246,0,0,0,0,0,0,0,0,1,0,,0,,,,,,,,,,,,,,,,,,,,,,,,,,,
NB1759,56b79a579e6e6b456ea10311a3a18e718fbbfd2ab6443a4e2168232e4e3904d0,benign,NO_VICTIM_ACTIVITY,,dike,full,1,4.8,,1481,0,,,,0,1481,0,0,0,0,0.0,0.0,0,14,0,14,0,168,0,0,4,0,0,0,0,0,2,0,,0,,,0,0,1,0,0,0,0,0,0,0,0,0,0,0,,0,0,,,,,,,,
NB1760,5714420f3290337edc7aa81f26cf309f7cc325e1d37ba6631b4c3e4b3acbdf54,benign,FAILED,,dike,static_only,1,2.3,,,,,,,,,,,,,,,,,,,,76,0,0,3,0,0,0,0,0,1,0,,0,,,,,,,,,,,,,,,,,,,,,,,,,,,
NB1761,572733582ed2076416e035a1d670d12d984c8d56a1b94d9b32e2c78b8fd1f9a7,benign,FAILED,,dike,full,1,0.5,,0,0,,,,0,0,0,0,0,0,,,0,0,0,0,0,98,0,0,0,0,0,0,2,0,1,1,,0,,,0,0,1,0,0,0,0,0,0,0,0,0,2,0,,0,0,,,,,,,,
NB1762,5791dc7e037378836acc67a148a3b2b7def8825594bc53cc5f2524b270fabc15,benign,FAILED,,dike,static_only,1,3.3,,,,,,,,,,,,,,,,,,,,292,0,0,5,0,0,0,0,1,0,0,,0,,,,,,,,,,,,,,,,,,,,,,,,,,,
NB1763,57a7f3fcf95f8b8fa883c30c9098178754551852e2608ccb61ddaf6c182ad99a,benign,NO_VICTIM_ACTIVITY,,dike,full,0,9.0,,62,0,,,,25,62,9,2,5,18,0.14516129032258066,0.03225806451612903,3,32,2,7,23,1,0,0,0,0,0,0,0,0,0,0,,0,,,0,0,1,9,0,0,0,0,0,0,3,7,9,8,-139.8,0,0,,,,,,,,
NB1764,57d78efac696eff08c83318b96870640b6e36baaa3bad6144467df73fea872ac,benign,FAILED,,dike,full,1,1.0,,0,0,,,,0,0,0,0,0,0,,,0,0,0,0,0,102,0,0,2,0,0,0,2,0,1,1,,0,,,0,0,1,0,0,0,0,0,0,0,0,0,0,0,,0,0,,,,,,,,
NB1765,57fb572a1477d55ca887e2db5a471ca42235f91d63d0d4fa01420ed697638ebf,benign,FAILED,,dike,static_only,1,0.3,,,,,,,,,,,,,,,,,,,,218,0,0,3,0,0,0,0,0,2,0,,0,,,,,,,,,,,,,,,,,,,,,,,,,,,
NB1766,582a76c2ba2b438ad4e1660d853f437bb817c03000f4b91273b182de47da8891,benign,FAILED,,dike,static_only,1,0.3,,,,,,,,,,,,,,,,,,,,64,0,0,0,0,0,0,0,0,1,0,boost,0,,,,,,,,,,,,,,,,,,,,,,,,,,,
NB1767,58ca3057238728279442ee5298e640cc97026073403acea93a206c37e5e02e7b,benign,FAILED,,dike,static_only,1,1.3,,,,,,,,,,,,,,,,,,,,156,0,0,0,0,0,0,0,0,1,0,,0,,,,,,,,,,,,,,,,,,,,,,,,,,,
NB1768,5917de265964a106d0d544f88e54aff23f6a1703958aaed464d8a19776316d3a,benign,FAILED,,dike,static_only,1,0.0,,,,,,,,,,,,,,,,,,,,239,0,0,6,2,0,0,2,1,2,2,,0,,,,,,,,,,,,,,,,,,,,,,,,,,,
NB1769,59a12b9144d4ccf0dd0c946e2719553aacb9f0aa4a408ff6d8e5fca6eff6dfc1,benign,FAILED,,dike,static_only,1,2.3,,,,,,,,,,,,,,,,,,,,233,3,1,4,0,0,0,2,1,2,2,,0,,,,,,,,,,,,,,,,,,,,,,,,,,,
NB1770,59c8343fa81d51d03b88ddc9a881a23ccfe2d7a4ddc29d0f5c68b289fc3b8dfc,benign,FAILED,,dike,static_only,1,1.3,,,,,,,,,,,,,,,,,,,,82,0,0,0,0,0,0,0,0,1,0,,0,,,,,,,,,,,,,,,,,,,,,,,,,,,
NB1771,59cd1d0af53ea03abee50526e77074de7dab2ec4e3bae4293c0bfcd89b1898a9,benign,FAILED,,dike,static_only,1,0.3,,,,,,,,,,,,,,,,,,,,198,0,0,0,0,0,0,0,0,2,0,,0,,,,,,,,,,,,,,,,,,,,,,,,,,,
NB1772,5a071e20a23c845332e288fe02f2601518c8f1c1de1871d24a0530b09841157f,benign,FAILED,,dike,static_only,1,1.3,,,,,,,,,,,,,,,,,,,,245,0,0,0,0,0,0,0,0,1,0,,0,,,,,,,,,,,,,,,,,,,,,,,,,,,
NB1773,5a0f4fa2c578675590ac317e392f78abfc19577a7f8c964e708a1ad436e58a37,benign,FAILED,,dike,static_only,1,1.3,,,,,,,,,,,,,,,,,,,,121,0,0,0,0,0,0,0,0,1,0,,0,,,,,,,,,,,,,,,,,,,,,,,,,,,
NB1774,5a2099efad24c038dc1248582d6c3d53c23979471bf0de2d7edf4fa0c9bec2f7,benign,FAILED,,dike,static_only,1,0.3,,,,,,,,,,,,,,,,,,,,128,0,0,4,0,0,0,1,1,1,1,,0,,,,,,,,,,,,,,,,,,,,,,,,,,,
NB1775,5a63c01f80e137c588117dec2a9ae121d27b8a57ec40ab77e7e5a94a75be2db2,benign,NO_VICTIM_ACTIVITY,,dike,full,1,2.1999999999999997,,510,0,,,,0,510,0,0,0,0,0.0,0.0,0,5,0,5,0,84,0,0,0,0,0,0,0,0,1,0,,0,,,0,0,1,0,0,0,0,0,0,0,0,0,0,0,,0,0,,,,,,,,
NB1776,5b0aff6c140f72a098d52bd0f5781a5bc018f820cdd4085049b966e33962705e,benign,NO_VICTIM_ACTIVITY,,dike,full,1,9.0,,0,0,,,,12,0,0,0,0,22,,,0,21,0,0,21,195,0,0,0,0,0,0,0,0,2,0,,0,,,0,0,1,11,0,0,0,0,0,0,3,8,7,0,,0,0,,,,,,,,
NB1777,5b231372f1e52b49526215deebcfc997b9dd74d77cc35d9cf78590480e51b1a0,benign,FAILED,,dike,static_only,1,0.3,,,,,,,,,,,,,,,,,,,,60,0,0,1,0,0,0,0,0,0,0,,0,,,,,,,,,,,,,,,,,,,,,,,,,,,
NB1778,5b3bb26ce3cc45e3f9317075e2018d429ca2d0203bd6c41eda16da34bc0b8ccd,benign,FAILED,,dike,full,1,0.0,,0,0,,,,0,0,0,0,0,0,,,0,0,0,0,0,91,0,0,0,0,0,0,1,0,2,1,,0,,,0,0,1,0,0,0,0,0,0,0,0,0,0,0,,0,0,,,,,,,,
NB1779,5bc9a9c1153a37f239b8443fd264753a28093bd92455dbfb6deef4bdb17c393f,benign,FAILED,,dike,full,1,1.2,,0,0,,,,0,0,0,0,0,0,,,0,0,0,0,0,45,0,0,0,0,0,0,0,0,1,0,,0,,,0,0,1,0,0,0,0,0,0,0,0,0,0,0,,0,0,,,,,,,,
NB1780,5ce20a88bf6b48ea5f4b68cbf83ab87c62000221e42f01588e33ce74fa2a9916,benign,FAILED,,dike,static_only,1,3.0,,,,,,,,,,,,,,,,,,,,93,0,0,1,0,0,0,2,0,1,1,,0,,,,,,,,,,,,,,,,,,,,,,,,,,,
NB1781,5ce65b5906a5645d89b817404a6df55b76b085af184d0afc2948f6d9190a3aba,benign,FAILED,,dike,full,1,3.2,,0,0,,,,0,0,0,0,0,0,,,0,0,0,0,0,100,0,0,0,0,0,0,0,0,1,0,,0,,,0,0,1,0,0,0,0,0,0,0,0,0,0,1,,0,0,,,,,,,,
NB1782,5d352ca8f0117ef45791551396ecefc63a93fd350f4f976d87920f5c73c2e032,benign,FAILED,,dike,static_only,1,2.3,,,,,,,,,,,,,,,,,,,,139,0,0,0,0,0,0,2,0,2,1,,0,,,,,,,,,,,,,,,,,,,,,,,,,,,
NB1783,5dcf031a4bed052dda60d8229b23a9db53b012868f1012438d40032835ac34d7,benign,FAILED,,dike,static_only,1,1.3,,,,,,,,,,,,,,,,,,,,137,0,0,0,0,0,0,0,0,2,0,,0,,,,,,,,,,,,,,,,,,,,,,,,,,,
NB1784,5dd566d349a0718dcc514094de7384c369f66cb593fdcc395d1df0248d59848f,benign,FAILED,,dike,static_only,1,0.3,,,,,,,,,,,,,,,,,,,,340,0,0,0,0,0,0,0,0,1,0,,0,,,,,,,,,,,,,,,,,,,,,,,,,,,
NB1785,5e2f6ccab90816da98344ffa18c6e0893aba6bff018e6893fae38b126306b283,benign,FAILED,,dike,static_only,1,1.3,,,,,,,,,,,,,,,,,,,,222,0,0,2,0,0,0,0,0,1,0,,0,,,,,,,,,,,,,,,,,,,,,,,,,,,
NB1786,5e405415dc1a7d3c56e7e8d8b9b744ac3c2a275ee5f4b09bc09d63d6f7546e28,benign,FAILED,,dike,static_only,1,1.3,,,,,,,,,,,,,,,,,,,,115,0,0,0,0,0,0,0,0,1,0,,0,,,,,,,,,,,,,,,,,,,,,,,,,,,
NB1787,5e7a38f0b3590df5e5476eee02ca0bfe015beedfc1663a85d72d888604fefcc3,benign,NO_VICTIM_ACTIVITY,,dike,full,1,0.8,,1,0,,,,2,1,0,0,0,0,0.0,0.0,0,1,0,1,0,28,0,0,0,0,0,0,0,0,1,0,,0,,,0,0,1,0,0,0,0,0,0,0,0,0,0,0,,0,0,,,,,,,,
NB1788,5e87e24e81c8389594353639f3fe59b2ac4d5d1360a316f41c7b4edb7bb56f47,benign,NO_VICTIM_ACTIVITY,,dike,full,0,0.0,,5,0,,,,5,5,0,0,0,0,0.0,0.0,0,2,0,1,1,1,0,0,0,0,0,0,0,0,0,0,,0,,,0,0,1,0,0,0,0,0,0,0,0,0,0,0,,0,0,,,,,,,,
NB1789,5e8d28790ef57808b7974aa4e3d9ae04aa046787a783af6c326fe5cc4160c1f1,benign,NO_VICTIM_ACTIVITY,,dike,full,1,0.0,,0,0,,,,0,0,0,0,0,0,,,0,0,0,0,0,129,0,0,0,0,0,0,0,0,2,0,,0,,,0,0,1,0,0,0,0,0,0,0,0,0,0,0,,0,0,,,,,,,,
NB1790,5f435219d06e44d63e9d5b7a234afe3ef384c94fc997b9cbd2f051742d69c790,benign,FAILED,,dike,static_only,1,0.3,,,,,,,,,,,,,,,,,,,,282,0,0,6,1,1,0,1,1,2,3,,0,,,,,,,,,,,,,,,,,,,,,,,,,,,
NB1791,5fe5d832e53fe8226bba7150afe1f8b70775d7de3b354b638bf49809b120a1be,benign,FAILED,,dike,static_only,1,0.3,,,,,,,,,,,,,,,,,,,,446,0,0,0,0,0,0,0,0,2,0,,0,,,,,,,,,,,,,,,,,,,,,,,,,,,
NB1792,6069d2ac168e49a4283c57193e1bf158df4040e66ea634afac4339a1ee7ec557,benign,FAILED,,dike,full,1,1.0,,0,0,,,,0,0,0,0,0,0,,,0,0,0,0,0,129,0,0,3,0,0,0,2,0,1,1,,0,,,0,0,1,0,0,0,0,0,0,0,0,0,8,0,,0,0,,,,,,,,
NB1793,608c9793c4e7a8ccd7ac8899133de7ff7c6e78528fe1e4dc03e19999b435c101,benign,NO_VICTIM_ACTIVITY,,dike,full,0,9.0,,62,0,,,,26,62,9,2,5,7,0.14516129032258066,0.03225806451612903,3,27,1,10,16,1,0,0,0,0,0,0,0,0,0,0,,0,,,0,0,1,8,0,0,0,0,0,0,1,1,11,8,-122.7,0,0,,,,,,,,
NB1794,60b19233a71bb337521d787cbb5af4253c76de3c9f8dda52dc435feed3a27c62,benign,FAILED,,dike,full,1,1.0,,0,0,,,,0,0,0,0,0,0,,,0,0,0,0,0,92,0,0,0,0,0,0,0,0,1,0,,0,,,0,0,1,0,0,0,0,0,0,0,0,0,0,0,,0,0,,,,,,,,
NB1795,60cbfac07f4cedebb8cbff12b56d7126faffe124cc27f8bdee904ee7d7e49d44,benign,NO_VICTIM_ACTIVITY,,dike,full,1,5.699999999999999,,10,0,,,,23,10,0,0,0,4,0.0,0.0,0,15,0,6,9,186,0,0,0,0,0,0,0,0,2,0,,0,,,0,0,1,4,0,0,0,0,0,0,0,0,6,2,,0,0,,,,,,,,
NB1796,61803b04f41c7dd5761dc53110bfa7b645ca1bddd43bb6f7f008d29b9d1eebd5,benign,FAILED,,dike,full,1,3.0,,0,0,,,,0,0,0,0,0,0,,,0,0,0,0,0,236,0,0,4,0,0,0,1,1,2,1,,0,,,0,0,1,0,0,0,0,0,0,0,0,0,0,0,,0,0,,,,,,,,
NB1797,6221889938a8bda689af8de68dfdd3bf5543534cb6b4baf8a7100171dd3a928b,benign,FAILED,,dike,static_only,1,2.3,,,,,,,,,,,,,,,,,,,,251,0,0,0,0,0,0,0,0,2,0,,0,,,,,,,,,,,,,,,,,,,,,,,,,,,
NB1798,6232e33d88d2cad0dbe0fc4324f63fb2b9ba833b0d14f7fd529ab52ed7c6dacd,benign,FAILED,,dike,static_only,1,0.3,,,,,,,,,,,,,,,,,,,,247,3,1,6,1,0,0,0,1,2,2,,0,,,,,,,,,,,,,,,,,,,,,,,,,,,
NB1799,626a065b493acc0636e75406f146741896ec430ae30cb7cc2ebaf70cb6640afd,benign,FAILED,,dike,static_only,1,1.3,,,,,,,,,,,,,,,,,,,,196,0,0,0,0,0,0,0,0,1,0,,0,,,,,,,,,,,,,,,,,,,,,,,,,,,
NB1800,62c5818d248014e446a2dd44305087db9378436b95569f1aaea6c36254f86e0a,benign,FAILED,,dike,static_only,1,2.3,,,,,,,,,,,,,,,,,,,,97,0,0,3,0,1,0,0,0,1,1,,0,,,,,,,,,,,,,,,,,,,,,,,,,,,
NB1801,62f1ad51806af5c9031851373f8c404e371514d3b0c8e236d6ea0cb488c4a56b,benign,FAILED,,dike,static_only,1,0.3,,,,,,,,,,,,,,,,,,,,111,0,0,3,0,0,0,0,0,2,0,,0,,,,,,,,,,,,,,,,,,,,,,,,,,,
NB1802,639dfb6bb9a11a0b1ad03c560235d9c36cebb009aa2518e63f0a374c8de731eb,benign,FAILED,,dike,static_only,1,0.3,,,,,,,,,,,,,,,,,,,,53,0,0,1,0,0,0,0,0,0,0,,0,,,,,,,,,,,,,,,,,,,,,,,,,,,
NB1803,63e988c3758bfe397963881aba49b068c48fa4a1f9c8f5f92e41e3013ba4374a,benign,FAILED,,dike,static_only,1,2.3,,,,,,,,,,,,,,,,,,,,685,13,2,5,0,0,0,2,1,2,2,,0,,,,,,,,,,,,,,,,,,,,,,,,,,,
NB1804,64354378404d42f492613b144a6d0b3418261f27a380a8a4387424fe0e3ffbc1,benign,FAILED,,dike,full,1,1.2,,0,0,,,,0,0,0,0,0,0,,,0,0,0,0,0,152,0,0,6,0,0,0,0,2,2,0,boost,0,,,0,0,1,0,0,0,0,0,0,0,0,0,0,0,,0,0,,,,,,,,
NB1805,647b982e39269e0aece005227fe7641fa2e21f54a290aee1b8b5519f05d97bc0,benign,FAILED,,dike,static_only,1,1.3,,,,,,,,,,,,,,,,,,,,74,0,0,0,0,0,0,0,0,1,0,,0,,,,,,,,,,,,,,,,,,,,,,,,,,,
NB1806,64f41349af7fbdf96dab88f32717fd41898dd90d4164c162258c19c4eb1d6773,benign,NO_VICTIM_ACTIVITY,,dike,full,1,5.699999999999999,,10,0,,,,23,10,0,0,0,4,0.0,0.0,0,16,0,7,9,163,0,0,0,0,0,0,0,0,2,0,,0,,,0,0,1,4,0,0,0,0,0,0,0,0,2,2,,0,0,,,,,,,,
NB1807,6535e276659b68cad31609a219d94749c970e8b4985b9abc3ee861925eb97905,benign,FAILED,,dike,static_only,1,0.3,,,,,,,,,,,,,,,,,,,,213,0,0,2,0,0,0,2,1,2,1,boost,0,,,,,,,,,,,,,,,,,,,,,,,,,,,
NB1808,654d8713c53d3e3fd49ec30dcb6953311862098974ded71e24d6481371c6274b,benign,NO_VICTIM_ACTIVITY,,dike,full,1,0.0,,0,0,,,,18,0,0,0,0,0,,,0,1,0,0,1,111,0,0,0,0,0,0,0,0,1,0,,0,,,0,0,1,0,0,0,0,0,0,0,0,0,0,0,,0,0,,,,,,,,
NB1809,6557bb7316e1bfd6fcab7a91459bb8c47c61e112ce20d806931f7cbfe0ab83aa,benign,NO_VICTIM_ACTIVITY,,dike,full,1,1.2,,0,0,,,,6,0,0,0,0,7,,,0,8,0,0,8,147,0,0,0,0,0,0,0,0,3,0,,0,,,0,0,1,6,0,0,0,0,0,0,1,1,13,0,,0,0,,,,,,,,
NB1810,65c7213f1a35770a52c524b45bb30a2099be898f98a24a0381dd54d5a1a92263,benign,NO_VICTIM_ACTIVITY,,dike,full,1,3.2,,1437,0,,,,0,1437,0,0,0,0,0.0,0.0,0,15,0,15,0,96,0,0,1,0,0,0,2,0,1,1,,0,,,0,0,1,0,0,0,0,0,0,0,0,0,0,0,,0,0,,,,,,,,
NB1811,65c7672903a95032843cea3a9b0f1dca81a491e54f9808e848b8186272180310,benign,FAILED,,dike,static_only,1,0.3,,,,,,,,,,,,,,,,,,,,67,0,0,1,0,0,0,0,0,0,0,,0,,,,,,,,,,,,,,,,,,,,,,,,,,,
NB1812,65e877650ee0810802190689124adaabaea9857a8695ba4a3b27358574755524,benign,FAILED,,dike,full,1,3.7,,0,0,,,,0,0,0,0,0,0,,,0,0,0,0,0,83,0,0,0,0,0,0,0,0,2,0,,0,,,0,0,1,0,0,0,0,0,0,0,0,0,0,0,,0,0,,,,,,,,
NB1813,66031dcf8d27466f6407c1ad670e95947914b02778831f637172244b83eaa296,benign,FAILED,,dike,static_only,1,3.3,,,,,,,,,,,,,,,,,,,,117,0,0,0,0,0,0,0,0,1,0,,0,,,,,,,,,,,,,,,,,,,,,,,,,,,
NB1814,667fba10a1775750b3b63be899f4b097841c71ce531f52366bd47b6b4c474a0f,benign,FAILED,,dike,static_only,1,1.3,,,,,,,,,,,,,,,,,,,,79,0,0,0,0,0,0,0,0,1,0,,0,,,,,,,,,,,,,,,,,,,,,,,,,,,
NB1815,6740a717633566873388570d00cf64676f8249f65006bdda0c8e90a426655458,benign,FAILED,,dike,full,1,2.1999999999999997,,1,0,,,,0,1,0,0,0,0,0.0,0.0,0,1,0,1,0,160,0,0,7,0,0,0,3,3,2,1,,0,,,0,0,1,0,0,0,0,0,0,0,0,0,0,0,,0,0,,,,,,,,
NB1816,67fadfeccc66c338d0575516ac5acec9788e5be437e6924478292f92dcd4a8da,benign,FAILED,,dike,static_only,1,0.0,,,,,,,,,,,,,,,,,,,,109,1,0,1,0,0,0,0,0,2,1,,0,,,,,,,,,,,,,,,,,,,,,,,,,,,
NB1817,680554992d0593486b0f4bcad8fe03a2e5aa52cd85e6b86e85c0e3fe825d55ab,benign,FAILED,,dike,full,1,3.5,,2,8,-0.9449111825230679,4.9855505345833375,7.10047683212955,0,2,0,0,0,0,0.0,0.0,0,1,0,1,0,88,5,0,0,0,0,0,1,0,1,2,,0,,,0,0,1,0,0,0,0,0,0,0,0,0,0,0,,0,0,,,,,,,,
NB1818,681f7986f77aba85c796fa359f48a60883a7bcd59350435f374f1f6309ed8bbd,benign,NO_VICTIM_ACTIVITY,,dike,full,1,0.0,,0,0,,,,2,0,0,0,0,0,,,0,1,0,0,1,520,0,0,8,1,3,0,2,1,0,3,,0,,,0,0,1,0,0,0,0,0,0,0,0,0,0,0,,0,0,,,,,,,,
NB1819,686bf1774b5c836356d355f0685c9ef7e937283a0064f703249a5086bae27531,benign,FAILED,,dike,static_only,1,0.3,,,,,,,,,,,,,,,,,,,,124,0,0,0,0,0,0,0,0,1,0,,0,,,,,,,,,,,,,,,,,,,,,,,,,,,
NB1820,68d7f06712dc622880acf9c37f9d08e3c72d48c0016ca1f69f1f386df5f234cf,benign,FAILED,,dike,full,1,1.0,,0,0,,,,0,0,0,0,0,0,,,0,0,0,0,0,79,0,0,0,0,0,0,0,0,1,0,,0,,,0,0,1,0,0,0,0,0,0,0,0,0,0,0,,0,0,,,,,,,,
NB1821,69828c857d4824b9f850b1e0597d2c134c91114b7a0774c41dffe33b0eb23721,benign,FAILED,,dike,static_only,1,1.2,,,,,,,,,,,,,,,,,,,,81,0,0,3,0,0,0,0,0,2,0,,0,,,,,,,,,,,,,,,,,,,,,,,,,,,
NB1822,699a11037818f7cc557c8332a90bbec5651bc5d433968fb4dccc22171b1badb2,benign,FAILED,,dike,full,1,1.0,,0,0,,,,0,0,0,0,0,0,,,0,0,0,0,0,163,0,0,3,0,0,0,0,3,1,0,,0,,,0,0,1,0,0,0,0,0,0,0,0,0,0,0,,0,0,,,,,,,,
NB1823,69b5a97bd24aee318b2afc50506bfeced8ceee010cdf8268522ea9b5e912ce84,benign,NO_VICTIM_ACTIVITY,,dike,full,0,0.0,,0,16,,6.3635542621466215,6.3635542621466215,3,0,0,0,0,0,,,0,1,0,0,1,1,0,0,0,0,0,0,0,0,0,0,,0,,,0,1,0,0,0,0,0,0,0,0,0,0,0,0,,0,0,,,,,,,,
NB1824,6a60926626497bca4820e7841e257c5db09764c030e2f57b13124b83cd326329,benign,FAILED,,dike,static_only,1,0.3,,,,,,,,,,,,,,,,,,,,68,0,0,1,0,0,0,0,0,0,0,,0,,,,,,,,,,,,,,,,,,,,,,,,,,,
NB1825,6a65650479f531f26eb20cfe7960405145a12070c684c8d7833f7e0541badd29,benign,FAILED,,dike,static_only,1,0.3,,,,,,,,,,,,,,,,,,,,238,0,0,1,0,0,0,1,1,2,1,,0,,,,,,,,,,,,,,,,,,,,,,,,,,,
NB1826,6aae4f3646d025af2bf7fa97f9fb757589577bd9fa44ee9976a9d083a397c45d,benign,FAILED,,dike,full,1,3.0,,0,0,,,,0,0,0,0,0,0,,,0,0,0,0,0,90,0,0,0,0,0,0,0,0,2,0,,0,,,0,0,1,0,0,0,0,0,0,0,0,0,0,0,,0,0,,,,,,,,
NB1827,6ae58e05e226ed3476b1c3d8463dd49c7ab0aee54164f69b491780c7b4ac59a4,benign,NO_VICTIM_ACTIVITY,,dike,full,0,0.0,,0,0,,,,3,0,0,0,0,0,,,0,1,0,0,1,1,0,0,0,0,0,0,0,0,0,0,,0,,,0,0,1,0,0,0,0,0,0,0,0,0,0,0,,0,0,,,,,,,,
NB1828,6b17cfb2b8c6c612e0e509bbc5728795cab5397a879df15c936cd872be980c65,benign,FAILED,,dike,static_only,1,0.3,,,,,,,,,,,,,,,,,,,,415,0,0,9,5,0,0,2,4,2,2,,0,,,,,,,,,,,,,,,,,,,,,,,,,,,
NB1829,6b27c547d860d7f00ad7861af1af5548239e2ca92bcf01ff10d4923124770a63,benign,FAILED,,dike,static_only,1,2.3,,,,,,,,,,,,,,,,,,,,178,0,0,6,1,0,0,1,0,2,2,,0,,,,,,,,,,,,,,,,,,,,,,,,,,,
NB1830,6b4ee9dafe4b1b93c2a9222d39ee50cccf593c776957356031a922fb39a3c2ba,benign,FAILED,,dike,full,1,1.2,,0,0,,,,0,0,0,0,0,0,,,0,0,0,0,0,95,0,0,6,0,0,0,0,1,2,0,,0,,,0,0,1,0,0,0,0,0,0,0,0,0,0,0,,0,0,,,,,,,,
NB1831,6b9131d94ed31f838b1820ee67f068c4741b69d5c655587c89c9477986bd270f,benign,FAILED,,dike,full,1,0.0,,0,0,,,,0,0,0,0,0,0,,,0,0,0,0,0,130,0,0,3,0,0,0,0,0,2,0,,0,,,0,0,1,0,0,0,0,0,0,0,0,0,0,0,,0,0,,,,,,,,
NB1832,6b9fd5fd1fccd516aa8034ce8c1ec62ac7470f8b77b06b23c7fea2421f254ef7,benign,FAILED,,dike,static_only,1,0.0,,,,,,,,,,,,,,,,,,,,146,0,0,2,0,0,0,0,0,2,0,,0,,,,,,,,,,,,,,,,,,,,,,,,,,,
NB1833,6bb70e81edc34e15d9798b317300d7758042db033a91efd7a40efa5e45a3cfa5,benign,FAILED,,dike,static_only,1,0.0,,,,,,,,,,,,,,,,,,,,241,0,0,4,0,0,0,0,1,2,0,,0,,,,,,,,,,,,,,,,,,,,,,,,,,,
NB1834,6c02bd09d43a7d6a3bfb8b54bd22f11a86d33b1eb6b82930efc9d0945515c78c,benign,NO_VICTIM_ACTIVITY,,dike,full,1,1.0,,0,0,,,,3,0,0,0,0,0,,,0,2,0,0,2,49,0,0,0,0,0,0,0,0,1,0,,0,,,0,0,1,0,0,0,0,0,0,0,1,1,2,0,,0,0,,,,,,,,
NB1835,6c33a6ba4ec54e0ee7ee147b38bc5ab6988bd00348f09fb9540265c1e84ccb99,benign,FAILED,,dike,full,1,1.0,,0,0,,,,0,0,0,0,0,0,,,0,0,0,0,0,156,0,0,0,0,0,0,1,0,2,1,,0,,,0,0,1,0,0,0,0,0,0,0,0,0,0,0,,0,0,,,,,,,,
NB1836,6cc0bfebc5c343dfc1d453cba78fbfc08a09de0a00f2fe9c86c0eca9817a62df,benign,FAILED,,dike,static_only,1,0.3,,,,,,,,,,,,,,,,,,,,190,3,1,4,0,0,0,1,1,2,2,openssl,0,,,,,,,,,,,,,,,,,,,,,,,,,,,
NB1837,6cd02d7edd990ee6a271b279ae33344e9c1df6ff5209fdb80a78632a0cec4af4,benign,FAILED,,dike,static_only,1,2.3,,,,,,,,,,,,,,,,,,,,159,0,0,0,0,0,0,1,0,1,1,,0,,,,,,,,,,,,,,,,,,,,,,,,,,,
NB1838,6dba2e48aacc9b2977159dd63f2d460cdf5781fec590e6b4fac04f6ace12f868,benign,NO_VICTIM_ACTIVITY,,dike,full,1,1.2,,0,0,,,,0,0,0,0,0,3,,,0,3,0,0,3,47,0,0,0,0,0,0,0,0,1,0,,0,,,0,0,1,3,0,0,0,0,0,0,2,2,2,0,,0,0,,,,,,,,
NB1839,6dc2dba88f4e5bd3187beb8d7039d039bee78bbdf0eb2d51c7223aac95f0918a,benign,FAILED,,dike,static_only,1,2.3,,,,,,,,,,,,,,,,,,,,151,0,0,2,0,0,0,0,1,2,0,,0,,,,,,,,,,,,,,,,,,,,,,,,,,,
NB1840,6df774a7ed523b867cb9bcc2f56d95db134f8f668c5c7dfc6843665ce2e966b9,benign,FAILED,,dike,static_only,1,1.3,,,,,,,,,,,,,,,,,,,,65,0,0,0,0,0,0,0,0,1,0,,0,,,,,,,,,,,,,,,,,,,,,,,,,,,
NB1841,6e301f788993268ad839c6e8b251d6b0ee14bddbc9a655bb7e4474524a6d8994,benign,FAILED,,dike,static_only,1,1.0,,,,,,,,,,,,,,,,,,,,105,0,0,0,0,0,0,0,0,1,0,,0,,,,,,,,,,,,,,,,,,,,,,,,,,,
NB1842,6e53d9bddc31f9b83a8ee8477b16b882968f4a961d4607abca143754a5bc3304,benign,NO_VICTIM_ACTIVITY,,dike,full,1,4.5,,18,0,,,,5,18,0,0,0,0,0.0,0.0,0,2,0,2,0,151,0,0,0,0,0,0,0,0,2,0,,0,,,0,0,1,0,0,0,0,0,0,0,0,0,26,26,,0,0,,,,,,,,
NB1843,6ec6507c9d9332e7d98f7ba4c14d8fa326e581894e266c72841cd4c2dc894bbc,benign,FAILED,,dike,full,1,0.0,,0,0,,,,0,0,0,0,0,0,,,0,0,0,0,0,130,0,0,5,0,0,0,2,0,2,1,,0,,,0,0,1,0,0,0,0,0,0,0,0,0,0,0,,0,0,,,,,,,,
NB1844,6f32f8ac6b79b7686cf837194943a424ebf61f67e9fece3aacb2f7ea4f45d6aa,benign,FAILED,,dike,full,1,0.8,,0,0,,,,0,0,0,0,0,0,,,0,0,0,0,0,81,0,0,3,0,0,0,0,0,1,0,,0,,,0,0,1,0,0,0,0,0,0,0,0,0,0,0,,0,0,,,,,,,,
NB1845,702e1ae11ae8cf8a906f8679c4931c0b5f825c169f1a26059aa9205e5903a1cb,benign,FAILED,,dike,full,1,1.0,,2,0,,,,0,2,0,0,0,0,0.0,0.0,0,1,0,1,0,110,0,0,5,0,0,0,0,1,1,0,,0,,,0,0,1,0,0,0,0,0,0,0,0,0,0,0,,0,0,,,,,,,,
NB1846,70bffc9c81bde425bbd3b2eaf54fb82764d15808f92e9338d2b954a5b912b43b,benign,NO_VICTIM_ACTIVITY,,dike,full,0,0.0,,0,16,,6.435138010041594,6.435138010041593,5,0,0,0,0,0,,,0,2,0,0,2,1,0,0,0,0,0,0,0,0,0,0,,0,,,0,1,0,0,0,0,0,0,0,0,0,0,0,0,,0,0,,,,,,,,
NB1847,70db32993a4d269cfd2f0f7e04c1b5db43b10c067abe6c90d0648a347bd74b80,benign,FAILED,,dike,static_only,1,0.3,,,,,,,,,,,,,,,,,,,,317,3,0,4,0,0,0,0,1,2,1,,0,,,,,,,,,,,,,,,,,,,,,,,,,,,
NB1848,718b61cc5fc0ef16e55438300bf13574c95e2d1cb8ca57975481cc7a8350508e,benign,FAILED,,dike,full,1,3.0,,0,0,,,,0,0,0,0,0,0,,,0,0,0,0,0,173,0,0,0,0,0,0,2,0,2,1,,0,,,0,0,1,0,0,0,0,0,0,0,0,0,0,0,,0,0,,,,,,,,
NB1849,71d70cc75e536b1c5725628f3ed91769a179071deafc74c0ab03a7a8901ecc52,benign,NO_VICTIM_ACTIVITY,,dike,full,1,7.0,,0,0,,,,1,0,0,0,0,0,,,0,1,0,0,1,88,0,0,0,0,0,0,0,0,2,0,,0,,,0,0,1,0,0,0,0,0,0,0,0,0,0,0,,0,0,,,,,,,,
NB1850,7297a4cca5635208589bd4e8d7c1b090ac7370f3c0ef6759d7075b150cbb9857,benign,FAILED,,dike,static_only,1,0.3,,,,,,,,,,,,,,,,,,,,208,0,0,0,0,0,0,0,0,2,0,openssl,0,,,,,,,,,,,,,,,,,,,,,,,,,,,
NB1851,72bc39297e239de515b1384d1df053109eb71567ddc3b94cf7b27ad3a5ad31fe,benign,FAILED,,dike,static_only,1,1.3,,,,,,,,,,,,,,,,,,,,117,0,0,0,0,0,0,0,0,1,0,,0,,,,,,,,,,,,,,,,,,,,,,,,,,,
NB1852,7320783c6e2941f13cbf3cdc75e649f6d8c1054175aa264693a404cec20f4590,benign,NO_VICTIM_ACTIVITY,,dike,full,1,0.0,,0,0,,,,1,0,0,0,0,0,,,0,1,0,0,1,52,0,0,0,0,0,0,0,0,1,0,,0,,,0,0,1,0,0,0,0,0,0,0,0,0,0,0,,0,0,,,,,,,,
NB1853,734db8a127eba3f56ceacddf8d784fb4c6ff0d9524eaf0d2f75acd698ef9084c,benign,FAILED,,dike,static_only,1,0.0,,,,,,,,,,,,,,,,,,,,393,4,0,8,1,0,0,1,1,2,3,,0,,,,,,,,,,,,,,,,,,,,,,,,,,,
NB1854,7371ddedc26db5fb2d9080870a422d8f6236a03133dd74b5f8fc62c437cf1b51,benign,FAILED,,dike,static_only,1,0.3,,,,,,,,,,,,,,,,,,,,50,0,0,1,0,0,0,0,0,0,0,,0,,,,,,,,,,,,,,,,,,,,,,,,,,,
NB1855,73a5b2c12f246faa1beddc1e0c4c830dab010cf33cac3f0115dd4a13d636a4a6,benign,FAILED,,dike,full,1,3.0,,0,0,,,,0,0,0,0,0,0,,,0,0,0,0,0,46,0,0,0,0,0,0,0,0,1,0,,0,,,0,0,1,0,0,0,0,0,0,0,0,0,0,0,,0,0,,,,,,,,
NB1856,73bb2538c8a42b16397858d449d8558d666918a17e272aa74934b2014482a9d0,benign,FAILED,,dike,static_only,1,0.0,,,,,,,,,,,,,,,,,,,,117,0,0,2,0,0,0,0,0,2,0,,0,,,,,,,,,,,,,,,,,,,,,,,,,,,
NB1857,73d24149ff289afc49ec41f08918ef9faa727d39ad993e929757dc2ddafab805,benign,FAILED,,dike,full,1,0.0,,46,0,,,,0,46,0,0,0,0,0.0,0.0,0,2,0,2,0,219,5,2,3,0,0,0,1,0,2,2,,0,,,1,0,0,0,0,0,0,0,0,0,0,0,0,0,,0,0,,,,,,,,
NB1858,74c72500841035f639975bc6aa321c4a40e6d2080834d94f522353efe52d79d1,benign,FAILED,,dike,static_only,1,1.3,,,,,,,,,,,,,,,,,,,,129,0,0,0,0,0,0,0,0,1,0,,0,,,,,,,,,,,,,,,,,,,,,,,,,,,
NB1859,75073cd297422cc0be5145a8e60e84e592758d405cdecd16d73d893c59b770e4,benign,FAILED,,dike,full,1,3.0,,0,0,,,,0,0,0,0,0,0,,,0,0,0,0,0,146,0,0,1,0,0,0,0,0,2,0,,0,,,0,0,1,0,0,0,0,0,0,0,0,0,0,0,,0,0,,,,,,,,
NB1860,7585be81da95812b1b1b50e9c832d4ae972f725ca3558f607366c8b7a7b94c05,benign,FAILED,,dike,full,1,0.0,,0,0,,,,0,0,0,0,0,0,,,0,0,0,0,0,135,0,0,0,0,0,0,0,0,2,0,,0,,,0,0,1,0,0,0,0,0,0,0,0,0,0,0,,0,0,,,,,,,,
NB1861,75d348a3330bc527b2b2ff8a0789f711bd51461126f8df0c0aa1647e9d976809,benign,FAILED,,dike,full,1,1.2,,0,0,,,,0,0,0,0,0,0,,,0,0,0,0,0,165,0,0,3,0,0,0,0,0,2,0,,0,,,0,0,1,0,0,0,0,0,0,0,0,0,0,0,,0,0,,,,,,,,
NB1862,76098cc2969c4a090fba5c863bb3bb52b5ce88bee46da9d46aab0252affa0744,benign,FAILED,,dike,static_only,1,1.3,,,,,,,,,,,,,,,,,,,,54,0,0,0,0,0,0,0,0,1,0,libsodium,0,,,,,,,,,,,,,,,,,,,,,,,,,,,
NB1863,76a686c76bdd27776c9180097d5129f88672a1b206c8fdcb88cb5cb03e61c2aa,benign,NO_VICTIM_ACTIVITY,,dike,full,0,9.0,,7,0,,,,2,7,1,1,0,6,0.14285714285714285,0.14285714285714285,1,14,0,5,9,1,0,0,0,0,0,0,0,0,0,0,,0,,,0,0,1,7,0,0,0,0,0,0,1,1,0,0,-131.6,0,0,,,,,,,,
NB1864,775296b6dd6bfbb3684d272a70606f40c2311a5c144f1328b37117e3b3ff074c,benign,NO_VICTIM_ACTIVITY,,dike,full,1,0.0,,0,0,,,,0,0,0,0,0,0,,,0,0,0,0,0,94,0,0,0,0,0,0,0,0,1,0,,0,,,0,0,1,0,0,0,0,0,0,0,0,0,0,0,,0,0,,,,,,,,
NB1865,77a515e1386c93a5d4279ba333c7f5913cdbaf0c93fa53a3d20d28883583aa96,benign,NO_VICTIM_ACTIVITY,,dike,full,1,0.8,,0,0,,,,0,0,0,0,0,0,,,0,0,0,0,0,113,0,0,1,0,0,0,0,0,1,0,,0,,,0,0,1,0,0,0,0,0,0,0,0,0,0,0,,0,0,,,,,,,,
NB1866,77e5a7191c67661016b9724de27702246421684e21fe203db08c3484ab36c30d,benign,NO_VICTIM_ACTIVITY,,dike,full,1,9.0,,6,11,0.8416975766245419,,,8,6,31,3,1,1,5.166666666666667,0.5,4,6,1,1,4,171,0,0,7,0,0,0,0,1,0,0,,93,0,0,0,1,0,1,0,0,0,0,0,0,0,0,4,0,,0,0,,,,,,,,
NB1867,782594ad768b6b36da400e33b9251dbf88b3eb7c3037292259409643191527b0,benign,FAILED,,dike,static_only,1,1.3,,,,,,,,,,,,,,,,,,,,307,0,0,0,0,0,0,0,0,2,0,,0,,,,,,,,,,,,,,,,,,,,,,,,,,,
NB1868,786f9a67cc79dd38509a9f326561c9a100a31fd8cadbfbc474ee06301f4e7293,benign,FAILED,,dike,full,1,3.0,,0,0,,,,0,0,0,0,0,0,,,0,0,0,0,0,144,0,0,4,0,0,0,1,1,2,1,,0,,,0,0,1,0,0,0,0,0,0,0,0,0,1,0,,0,0,,,,,,,,
NB1869,78dc236cc76e06c9aa253cb95dc297eedb63e4dd1b98335b6cdaa64ce4b1056c,benign,FAILED,,dike,static_only,1,1.3,,,,,,,,,,,,,,,,,,,,68,0,0,0,0,0,0,0,0,1,0,,0,,,,,,,,,,,,,,,,,,,,,,,,,,,
NB1870,78e599cb3c1050cc1c4dde26607634af8c56232fcfa744705ba83f689b68a4d2,benign,FAILED,,dike,full,1,1.2,,2,0,,,,0,2,0,0,0,0,0.0,0.0,0,1,0,1,0,120,2,0,7,0,0,0,0,4,2,1,,0,,,1,0,0,0,0,0,0,0,0,0,0,0,0,0,,0,0,,,,,,,,
NB1871,7a8cc5e06b39affec26b3f1bcaae3fae4a3c35aac0d2b5d0ae0509e9d1f06090,benign,FAILED,,dike,full,1,1.3,,0,0,,,,4,0,0,0,0,0,,,0,1,0,0,1,89,0,0,1,0,0,0,0,0,1,0,,0,,,0,0,1,0,0,0,0,0,0,0,0,0,0,0,,0,0,,,,,,,,
NB1872,7ab4a27812e54a0a4ab0a952707f4e185eefe67c5466e9c47d578056e5dfcdda,benign,FAILED,,dike,static_only,1,0.3,,,,,,,,,,,,,,,,,,,,61,0,0,1,0,0,0,0,0,0,0,,0,,,,,,,,,,,,,,,,,,,,,,,,,,,
NB1873,7bede57bc7d5e493a892bf339f23bbcd24c87eb460de7343b6cd068fcba9e3c3,benign,FAILED,,dike,static_only,1,1.3,,,,,,,,,,,,,,,,,,,,103,0,0,0,0,0,0,0,0,1,0,,0,,,,,,,,,,,,,,,,,,,,,,,,,,,
NB1874,7c2d18e6f7d03a7a94251043ac6f5a46e61586a34d1176e6192e2be2967c3a8b,benign,FAILED,,dike,static_only,1,0.8,,,,,,,,,,,,,,,,,,,,56,0,0,0,0,0,0,0,0,1,0,,0,,,,,,,,,,,,,,,,,,,,,,,,,,,
NB1875,7c503c552c7152a38f30a97bb88d7d0ba84febe20ead51ae5d35d19dc54e6158,benign,FAILED,,dike,static_only,1,0.8,,,,,,,,,,,,,,,,,,,,140,0,0,0,0,0,0,0,0,2,0,,0,,,,,,,,,,,,,,,,,,,,,,,,,,,
NB1876,7c924ed4f034ffdcb1feb83e684cd7d26ce4a754c30debb4935ef6a20ae62fdd,benign,FAILED,,dike,static_only,1,3.0,,,,,,,,,,,,,,,,,,,,247,0,0,6,3,0,0,2,1,2,2,,0,,,,,,,,,,,,,,,,,,,,,,,,,,,
NB1877,7cb7866c3e824b4c7c63b32d5d558b211c9dff1f1aa01f048393eb154020c7e6,benign,FAILED,,dike,full,1,0.0,,2,0,,,,0,2,0,0,0,0,0.0,0.0,0,1,0,1,0,93,0,0,1,0,0,0,0,0,1,0,,0,,,0,0,1,0,0,0,0,0,0,0,0,0,0,0,,0,0,,,,,,,,
NB1878,7da5aa822b6b8aa289b7f9527219310f336b6be2f33a122f29b025f9c61b089a,benign,FAILED,,dike,static_only,1,0.0,,,,,,,,,,,,,,,,,,,,351,0,0,5,0,0,0,2,1,3,1,,0,,,,,,,,,,,,,,,,,,,,,,,,,,,
NB1879,7e6a52fefb044d83bfd6ed9fdea5eaf537e009da2d8998044030ae0663abcac0,benign,FAILED,,dike,full,1,1.0,,0,0,,,,0,0,0,0,0,0,,,0,0,0,0,0,113,0,0,0,0,0,0,0,0,2,0,,0,,,0,0,1,0,0,0,0,0,0,0,0,0,0,0,,0,0,,,,,,,,
NB1880,7e9026b8987b75e86652ba7facf088180413c6d1434eeed09fe7b721d04ee080,benign,FAILED,,dike,static_only,1,0.0,,,,,,,,,,,,,,,,,,,,127,0,0,0,0,0,0,0,0,2,0,,0,,,,,,,,,,,,,,,,,,,,,,,,,,,
NB1881,7eef714fc5db03b3f45f8e2226e4c3876864f2baa13ca1730324147ca6957c96,benign,FAILED,,dike,static_only,1,1.3,,,,,,,,,,,,,,,,,,,,270,0,1,0,0,0,0,0,0,1,0,,0,,,,,,,,,,,,,,,,,,,,,,,,,,,
NB1882,7f6058a0c4fefa5e1abcc3fc92326c49500384188870f7ddad7e6f210e5620ef,benign,NO_VICTIM_ACTIVITY,,dike,full,1,1.2,,0,0,,,,0,0,0,0,0,0,,,0,0,0,0,0,94,0,0,5,0,0,0,2,0,2,1,,0,,,0,0,1,0,0,0,0,0,0,0,0,0,117,1,,0,0,,,,,,,,
NB1883,7f68708a415404b0247e00e2a51cf6d9e28f61fc9accb93b46d3c9bdc05ad370,benign,FAILED,,dike,full,1,0.0,,0,0,,,,0,0,0,0,0,0,,,0,0,0,0,0,69,0,0,3,0,0,0,0,0,2,0,,0,,,0,0,1,0,0,0,0,0,0,0,0,0,0,0,,0,0,,,,,,,,
NB1884,7f98f833fab3cbae22783a129d68a437556210f0e824cfec857999af7268989b,benign,FAILED,,dike,static_only,1,1.3,,,,,,,,,,,,,,,,,,,,132,0,0,0,0,0,0,0,0,1,0,,0,,,,,,,,,,,,,,,,,,,,,,,,,,,
NB1885,8000b908e67e565d8dfe7a968e0faebc0fac232e9c964173d8ff770f89da95d1,benign,FAILED,,dike,full,1,1.2,,0,0,,,,0,0,0,0,0,0,,,0,0,0,0,0,104,0,0,1,0,0,0,0,0,2,0,,0,,,0,0,1,0,0,0,0,0,0,0,0,0,0,0,,0,0,,,,,,,,
NB1886,808004d8cffa5ce5c2f28f029f8dac627b87b73b8de99e7cdd734094fa2bc584,benign,NO_VICTIM_ACTIVITY,,dike,full,1,1.0,,0,0,,,,0,0,1,0,0,0,,,1,1,0,0,1,107,0,0,2,0,0,0,0,1,1,0,,0,,,0,0,1,0,0,0,0,0,0,0,0,0,0,0,,0,0,,,,,,,,
NB1887,8099107e5bfbed1cb819e4477e1ad84e01397f215e9255b2616bb4793d6490be,benign,FAILED,,dike,full,1,3.5,,0,0,,,,0,0,0,0,0,0,,,0,0,0,0,0,81,0,0,1,0,0,0,2,0,2,1,,0,,,0,0,1,0,0,0,0,0,0,0,0,0,0,0,,0,0,,,,,,,,
NB1888,809bb93af12ab0735cb76578c0cf7014cc84fadfcbf2a0daad5a73a239d94441,benign,NO_VICTIM_ACTIVITY,,dike,full,0,0.0,,0,0,,,,3,0,0,0,0,0,,,0,1,0,0,1,1,0,0,0,0,0,0,0,0,0,0,,0,,,0,0,1,0,0,0,0,0,0,0,0,0,0,0,,0,0,,,,,,,,
NB1889,80e9d5b8f1940418ecb8f5054fb2173bd0ea8d11568c50da89b3f8bbe39f7072,benign,FAILED,,dike,static_only,1,0.3,,,,,,,,,,,,,,,,,,,,344,0,0,4,0,0,0,2,1,2,1,,0,,,,,,,,,,,,,,,,,,,,,,,,,,,
NB1890,81b6faa1158f04f1c6ea4eb5f7cd446f51076a30f9ab03d31872453689a200ee,benign,NO_VICTIM_ACTIVITY,,dike,full,1,0.0,,0,0,,,,0,0,0,0,0,0,,,0,0,0,0,0,82,0,0,0,0,0,0,0,0,1,0,,0,,,0,0,1,0,0,0,0,0,0,0,0,0,0,0,,0,0,,,,,,,,
NB1891,81c5ffc8bbff3f6b0f2ce30966a4ff8e964b3602343d1746721311336c453be0,benign,FAILED,,dike,full,1,1.2,,2,0,,,,0,2,0,0,0,0,0.0,0.0,0,1,0,1,0,72,0,0,0,0,0,0,0,0,2,0,,0,,,0,0,1,0,0,0,0,0,0,0,0,0,0,0,,0,0,,,,,,,,
NB1892,82712982d5c88201bbccd4f788b59ae9e8164aa39d5415df9c609577b5e15a5b,benign,FAILED,,dike,static_only,1,1.3,,,,,,,,,,,,,,,,,,,,115,0,0,0,0,0,0,0,0,1,0,,0,,,,,,,,,,,,,,,,,,,,,,,,,,,
NB1893,829143bf8437b121fdaa057445c15d0d52a33db4e032a172e62ac5bb07493c23,benign,FAILED,,dike,full,1,1.0,,201,0,,,,0,201,0,0,0,0,0.0,0.0,0,2,0,2,0,28,0,0,4,0,0,0,0,0,0,0,,0,,,0,0,1,0,0,0,0,0,0,0,0,0,0,0,,0,0,,,,,,,,
NB1894,832bdee44d637d7334b3300db73550de552988d6c15af917572eba6b0077770c,benign,NO_VICTIM_ACTIVITY,,dike,full,0,0.0,,0,0,,,,3,0,0,0,0,0,,,0,1,0,0,1,1,0,0,0,0,0,0,0,0,0,0,,0,,,0,0,1,0,0,0,0,0,0,0,0,0,0,0,,0,0,,,,,,,,
NB1895,834dd7b48347e580a944738ce1ad5b3f41fb689173708f2e9aaebe091597c9bc,benign,FAILED,,dike,static_only,1,0.0,,,,,,,,,,,,,,,,,,,,88,0,0,0,0,0,0,0,0,2,0,,0,,,,,,,,,,,,,,,,,,,,,,,,,,,
NB1896,83e40b278674e314ea6f50fd07fda54d109df8ce332a684763d003c8b2a864c2,benign,TRUE_ENCRYPTION,,dike,full,1,9.0,,39,0,,,,63,39,11,11,0,1,0.28205128205128205,0.28205128205128205,8,4,3,0,1,154,0,0,3,0,0,0,0,0,0,0,,131,0,0,0,0,1,0,0,0,0,0,0,0,0,0,2179,1,,0,0,,,,,,,,
NB1897,840c32590029366c04f95295e354b811646a3ff15e4561eb7f325c7abde65d87,benign,FAILED,,dike,static_only,1,1.3,,,,,,,,,,,,,,,,,,,,132,0,0,0,0,0,0,0,0,1,0,,0,,,,,,,,,,,,,,,,,,,,,,,,,,,
NB1898,84b5a5ebdc2cf3f4e76ecb4c76de2fe082efa48ca0e7897aab4780c033008f9d,benign,FAILED,,dike,static_only,1,2.3,,,,,,,,,,,,,,,,,,,,153,0,0,2,0,1,0,0,0,1,1,,0,,,,,,,,,,,,,,,,,,,,,,,,,,,
NB1899,8561e353a22f09136598b81939751052d6a59e4e34e250f79b1f9fe4bf98689e,benign,NO_VICTIM_ACTIVITY,,dike,full,1,8.0,,80,1463,-0.01497057787544375,2.072053756066001,3.875,145,80,9,2,5,6,0.1125,0.025,3,41,1,9,31,155,0,0,2,0,0,0,0,0,2,0,,0,,,0,1,0,7,0,0,0,0,0,0,1,1,177,73,-370.5,0,0,,,,,,,,
NB1900,857e2db65d56ec90bf7ffd3c51df4e9c577ca6576e399065f3220a5195e1f9bb,benign,FAILED,,dike,static_only,1,0.3,,,,,,,,,,,,,,,,,,,,187,0,0,2,0,0,0,0,0,2,0,,0,,,,,,,,,,,,,,,,,,,,,,,,,,,
NB1901,859a65195b4da804781dfc55c3c1940f938fd9150969c3fdae42c9db7e02b617,benign,FAILED,,dike,static_only,1,0.0,,,,,,,,,,,,,,,,,,,,144,0,0,0,0,0,0,0,0,2,0,,0,,,,,,,,,,,,,,,,,,,,,,,,,,,
NB1902,85da776d71387fc7d0db12a3709c4cf8cca0e937cad33398b9d47448154eb92f,benign,FAILED,,dike,static_only,1,0.3,,,,,,,,,,,,,,,,,,,,48,0,0,1,0,0,0,0,0,0,0,,0,,,,,,,,,,,,,,,,,,,,,,,,,,,
NB1903,85e5b1567f105a9c82956a6e2865594c5dab7b932a4835a927190445ab44ec28,benign,NO_VICTIM_ACTIVITY,,dike,full,1,9.0,,6,0,,,,2,6,1,1,0,22,0.16666666666666666,0.16666666666666666,1,27,0,3,24,92,0,0,1,0,0,0,0,0,2,0,,0,,,0,0,1,13,0,0,0,0,0,0,3,8,2,0,254.8,0,0,,,,,,,,
NB1904,8611fe607b349cd29cc5690b2d195a0c976bfa0608411bcc2bcea5055b34c022,benign,FAILED,,dike,full,1,0.0,,0,0,,,,0,0,0,0,0,0,,,0,0,0,0,0,87,0,0,0,0,0,0,0,0,2,0,,0,,,0,0,1,0,0,0,0,0,0,0,0,0,0,0,,0,0,,,,,,,,
NB1905,86478a33c7777b09f2d5230d4f00b8f7879c708152333abb5d280824fcfeba22,benign,FAILED,,dike,static_only,1,0.3,,,,,,,,,,,,,,,,,,,,75,0,0,0,0,0,0,0,0,1,0,,0,,,,,,,,,,,,,,,,,,,,,,,,,,,
NB1906,8677154abfcd9590574f243380dc8d62f40588a170fd5bd25711e09584443716,benign,FAILED,,dike,static_only,1,0.3,,,,,,,,,,,,,,,,,,,,50,0,0,1,0,0,0,0,0,0,0,,0,,,,,,,,,,,,,,,,,,,,,,,,,,,
NB1907,867816f8a714a87f5f573ebbe3a526931fbe787cc03b4ec7ac8a970c9d8c0264,benign,FAILED,,dike,static_only,1,3.2,,,,,,,,,,,,,,,,,,,,101,0,0,3,0,0,0,0,0,1,0,,0,,,,,,,,,,,,,,,,,,,,,,,,,,,
NB1908,86d5e2c5f6d63b1cee922999a4efbb30f0ec16577e1a2df9ea31eea826b723d7,benign,NO_VICTIM_ACTIVITY,,dike,full,1,9.0,,6,0,,,,256,6,0,0,0,5,0.0,0.0,0,15,0,3,12,95,0,0,0,0,0,0,0,0,2,0,,0,,,0,0,1,3,0,0,0,0,0,0,1,1,82,8,-387.6,0,0,,,,,,,,
NB1909,86df7569df45db29539a9c8792c1bcb17fb5a6fff55616527c613ad70914ef0d,benign,FAILED,,dike,full,1,3.0,,0,0,,,,0,0,0,0,0,0,,,0,0,0,0,0,106,0,0,0,0,0,0,0,0,2,0,,0,,,0,0,1,0,0,0,0,0,0,0,0,0,0,0,,0,0,,,,,,,,
NB1910,86f32f026eb0dd6a4d547179e5c0cb326c8c259bd791012e54a6f98455799887,benign,FAILED,,dike,full,1,0.0,,0,0,,,,0,0,0,0,0,0,,,0,0,0,0,0,130,0,0,4,0,0,0,0,0,2,0,,0,,,0,0,1,0,0,0,0,0,0,0,0,0,0,0,,0,0,,,,,,,,
NB1911,8796df9c55fcbe47516fa1a721a91e14b97a5a056f12803a7195cd43798acd85,benign,FAILED,,dike,full,1,0.0,,0,0,,,,0,0,0,0,0,0,,,0,0,0,0,0,78,0,0,2,0,0,0,0,0,1,0,,0,,,0,0,1,0,0,0,0,0,0,0,0,0,0,0,,0,0,,,,,,,,
NB1912,87b0e4ce469b96313fa8eaed6b5e2d9a10dc56ffaca858fbcc896d8ede938adb,benign,FAILED,,dike,static_only,1,2.3,,,,,,,,,,,,,,,,,,,,336,0,0,6,0,0,0,0,1,2,0,,0,,,,,,,,,,,,,,,,,,,,,,,,,,,
NB1913,87da8b45e2fecaddcdcaca35ea2f6583352344aba7f297c11b0434f39a476056,benign,FAILED,,dike,static_only,1,1.3,,,,,,,,,,,,,,,,,,,,128,0,0,0,0,0,0,0,0,1,0,,0,,,,,,,,,,,,,,,,,,,,,,,,,,,
NB1914,887b441cae08a83b3145bc835307685dcb20ef48edee17fe27afb65fb29c92ce,benign,NO_VICTIM_ACTIVITY,,dike,full,0,0.0,,4,16,-0.9999999999999998,6.376825800964972,6.376825800964972,3,4,0,0,0,0,0.0,0.0,0,2,0,1,1,1,0,0,0,0,0,0,0,0,0,0,,0,,,0,1,0,0,0,0,0,0,0,0,0,0,0,0,,0,0,,,,,,,,
NB1915,889ed6c9c678226c1dc1216f742ae20605639d69dda3a89a54d3d85ef4113fef,benign,FAILED,,dike,full,1,0.0,,0,1,,,,0,0,0,0,0,0,,,0,0,0,0,0,185,0,0,0,0,0,0,0,0,2,0,,0,,,0,1,0,0,0,0,0,0,0,0,0,0,0,0,,0,0,,,,,,,,
NB1916,88a27a07f124b8beff83e1f3df2c096c1902a9407021edf664e20dc0ac429a57,benign,FAILED,,dike,full,1,1.0,,0,0,,,,0,0,0,0,0,0,,,0,0,0,0,0,114,0,0,0,0,0,0,0,0,2,0,,0,,,0,0,1,0,0,0,0,0,0,0,0,0,0,0,,0,0,,,,,,,,
NB1917,891e11038b26a88f8d6f84f414494b18b91cd2ccb26a2740045b3ed7060cdbdf,benign,FAILED,,dike,full,1,0.0,,0,0,,,,0,0,0,0,0,0,,,0,0,0,0,0,189,0,0,0,0,0,0,1,0,2,1,boost,0,,,0,0,1,0,0,0,0,0,0,0,0,0,0,0,,0,0,,,,,,,,
NB1918,89518688079c340bf998dd98e1e1126f4d6e0f12004ec86e59ecbe03df1af648,benign,FAILED,,dike,static_only,1,0.3,,,,,,,,,,,,,,,,,,,,93,0,0,0,0,0,0,0,0,1,0,,0,,,,,,,,,,,,,,,,,,,,,,,,,,,
NB1919,896e7edb5c8b1d6ab794427640ddeea33c1dded54469a0c2ce2aceb56f0c0408,benign,FAILED,,dike,static_only,1,0.0,,,,,,,,,,,,,,,,,,,,110,0,0,3,0,0,0,1,0,1,1,,0,,,,,,,,,,,,,,,,,,,,,,,,,,,
NB1920,8977a5a145ee066195cf72586719a7cbb73951aa6f03bbaedd2412279257664d,benign,FAILED,,dike,full,1,3.0,,0,0,,,,0,0,0,0,0,0,,,0,0,0,0,0,175,0,0,3,1,0,0,1,0,1,2,,0,,,0,0,1,0,0,0,0,0,0,0,0,0,0,0,,0,0,,,,,,,,
NB1921,89928b2405dcbcf9a3b2a2350eac872e4188c474527cd4ef61704ab2f17c2b27,benign,NO_VICTIM_ACTIVITY,,dike,full,0,9.0,,7,0,,,,2,7,1,1,0,10,0.14285714285714285,0.14285714285714285,1,17,0,5,12,1,0,0,0,0,0,0,0,0,0,0,,0,,,0,0,1,11,0,0,0,0,0,0,1,1,2,0,-132.6,0,0,,,,,,,,
NB1922,89f2cc0af298fe3ca158c0a409c1fc4c5fed31f1ab645050d02657c757bead03,benign,FAILED,,dike,full,1,3.0,,0,0,,,,0,0,0,0,0,0,,,0,0,0,0,0,308,0,0,5,0,0,0,1,1,2,1,boost,0,,,0,0,1,0,0,0,0,0,0,0,0,0,0,0,,0,0,,,,,,,,
NB1923,89f4d2249c33ef790f3ff03130161fddc3d4059bb7ae41e662014bd43f0f2106,benign,NO_VICTIM_ACTIVITY,,dike,full,0,0.0,,0,48,,6.039143220868475,6.376825800964972,30,0,0,0,0,0,,,0,5,0,0,5,1,0,0,0,0,0,0,0,0,0,0,,0,,,0,1,0,0,0,0,0,0,0,0,0,0,0,0,,0,0,,,,,,,,
NB1924,8a30bc23c12b861c702e6546ea4bfb53aab12498dd27b4eeb83058723a420730,benign,FAILED,,dike,static_only,1,0.0,,,,,,,,,,,,,,,,,,,,267,8,2,5,0,0,0,1,1,2,2,,0,,,,,,,,,,,,,,,,,,,,,,,,,,,
NB1925,8ac39a906e4abe5d8c59f177c5ab92118f32fe0935c625a15a99df05998c381a,benign,FAILED,,dike,static_only,1,1.3,,,,,,,,,,,,,,,,,,,,126,0,1,0,0,0,0,0,0,1,0,,0,,,,,,,,,,,,,,,,,,,,,,,,,,,
NB1926,8b2bf04231d3befc286c8ffdaa73a8da89f0af7cc19a9f0364b5171e28fa4633,benign,FAILED,,dike,static_only,1,0.0,,,,,,,,,,,,,,,,,,,,81,0,0,0,0,0,0,0,0,2,0,,0,,,,,,,,,,,,,,,,,,,,,,,,,,,
NB1927,8b42292720589ce90e3d4b6d2eed1dab9f8f46827bf424975901902ccb6441ad,benign,FAILED,,dike,static_only,1,1.3,,,,,,,,,,,,,,,,,,,,111,0,0,0,0,0,0,0,0,1,0,,0,,,,,,,,,,,,,,,,,,,,,,,,,,,
NB1928,8baaee3f0699d15a860e283880baebca72912df873c5b00fdf4d55c84ad06de7,benign,FAILED,,dike,static_only,1,0.0,,,,,,,,,,,,,,,,,,,,57,0,0,5,0,0,0,0,1,1,0,,0,,,,,,,,,,,,,,,,,,,,,,,,,,,
NB1929,8c3f76c2e9ee36bffbbdd67dfbb67c5823051f42f4cd3f2ce47771e28973790b,benign,FAILED,,dike,static_only,1,1.3,,,,,,,,,,,,,,,,,,,,194,0,0,0,0,0,0,0,0,1,0,,0,,,,,,,,,,,,,,,,,,,,,,,,,,,
NB1930,8ca3475c4ea7f68cf9404ae41b3bcff001cc48e0ef4b0cb73ca9e1b7972e5a83,benign,FAILED,,dike,static_only,1,1.0,,,,,,,,,,,,,,,,,,,,126,0,0,0,0,0,0,0,0,1,0,,0,,,,,,,,,,,,,,,,,,,,,,,,,,,
NB1931,8cf5d337ce3239c379a6f64b6018fb5bf2d39ef7f48d813c1c882f5a239703ce,benign,FAILED,,dike,static_only,1,1.0,,,,,,,,,,,,,,,,,,,,86,0,0,3,0,0,0,0,0,2,0,,0,,,,,,,,,,,,,,,,,,,,,,,,,,,
NB1932,8cffd7cd34c5434adad6b840f0f55585d2e8e3da2d51aa0a026c06e2f358e8da,benign,FAILED,,dike,static_only,1,1.0,,,,,,,,,,,,,,,,,,,,166,0,0,2,0,0,0,1,0,2,1,,0,,,,,,,,,,,,,,,,,,,,,,,,,,,
NB1933,8d247741a13bbad797c440770d0a167258154eef68a6b48be6753528f42f9dfb,benign,FAILED,,dike,static_only,1,2.3,,,,,,,,,,,,,,,,,,,,588,0,0,6,0,0,0,1,3,3,1,boost,0,,,,,,,,,,,,,,,,,,,,,,,,,,,
NB1934,8d2e797d19c2988c3a18a7d4fd765c03cf1634df5738be1260586195bf232046,benign,FAILED,,dike,full,1,1.2,,0,0,,,,0,0,0,0,0,0,,,0,0,0,0,0,173,2,0,7,0,0,0,0,1,2,1,boost,0,,,1,0,0,0,0,0,0,0,0,0,0,0,0,0,,0,0,,,,,,,,
NB1935,8d990f39007b3a5a88a56ca061a3e58eabfa0c77d75c6df5b7707b2661fa9002,benign,FAILED,,dike,static_only,1,3.0,,,,,,,,,,,,,,,,,,,,120,0,0,0,0,0,0,0,0,2,0,,0,,,,,,,,,,,,,,,,,,,,,,,,,,,
NB1936,8e104cc58e62de0eab837ac09b01d30e85f79045cc1803fa2ef4eafbdbd41e8d,benign,NO_VICTIM_ACTIVITY,,dike,full,1,3.8,,0,0,,,,1,0,0,0,0,0,,,0,1,0,0,1,219,0,0,5,0,0,0,0,1,0,0,,0,,,0,0,1,0,0,0,0,0,0,0,0,0,0,0,,0,0,,,,,,,,
NB1937,8e2e2d15f28ff45235ca8c118865609a295310072c92a2d697e2f46bdc7ec416,benign,FAILED,,dike,full,1,1.0,,26,0,,,,0,26,0,0,0,0,0.0,0.0,0,1,0,1,0,247,0,1,7,3,0,0,2,1,2,2,boost,0,,,0,0,1,0,0,0,0,0,0,0,0,0,0,0,,0,0,,,,,,,,
NB1938,8e7eac5013699d34af9b001e61be38b410d98ef661ad11af37b356606eb63799,benign,FAILED,,dike,static_only,1,0.3,,,,,,,,,,,,,,,,,,,,1587,0,0,0,0,0,0,0,0,1,0,,0,,,,,,,,,,,,,,,,,,,,,,,,,,,
NB1939,8edba7ad9846ed8a5d09c284e324d1a12e62ad5b28f3d4b6a374671551a417c9,benign,FAILED,,dike,static_only,1,1.0,,,,,,,,,,,,,,,,,,,,62,0,0,0,0,0,0,0,0,1,0,,0,,,,,,,,,,,,,,,,,,,,,,,,,,,
NB1940,8eff332ab33fde8c4e9145d620f7d9beabbd7075e46e45bc87167a2c66e604c7,benign,FAILED,,dike,full,1,1.2,,0,0,,,,0,0,0,0,0,0,,,0,0,0,0,0,249,0,0,4,0,0,0,0,0,2,0,,0,,,0,0,1,0,0,0,0,0,0,0,0,0,0,0,,0,0,,,,,,,,
NB1941,8f6a83dc6088f9bd5e300b7bb9996a5828b0d1201cb238ed84aa614038ffda3d,benign,FAILED,,dike,full,1,1.2,,7,0,,,,0,7,0,0,0,0,0.0,0.0,0,1,0,1,0,103,0,0,0,0,0,0,0,0,2,0,,0,,,0,0,1,0,0,0,0,0,0,0,0,0,0,0,,0,0,,,,,,,,
NB1942,902a4721ddaba9f6619dd7920a9ed61d3835563adc44d207355feebd71bfa310,benign,FAILED,,dike,static_only,1,0.0,,,,,,,,,,,,,,,,,,,,277,0,0,2,0,0,0,2,0,2,1,,0,,,,,,,,,,,,,,,,,,,,,,,,,,,
NB1943,9044fcea3ce128a94a4bf0da3dbe1b3eb98fb9c1c73c03e281a1dbd1dd10f685,benign,FAILED,,dike,static_only,1,0.8,,,,,,,,,,,,,,,,,,,,35,0,0,0,0,0,0,0,0,0,0,,0,,,,,,,,,,,,,,,,,,,,,,,,,,,
NB1944,90c461ec4437a8f0de53cb69bca491c1294cc2e6fa1b91b1f608412ab59a1f35,benign,FAILED,,dike,full,1,3.0,,0,0,,,,0,0,0,0,0,0,,,0,0,0,0,0,85,0,0,1,0,0,0,0,0,1,0,,0,,,0,0,1,0,0,0,0,0,0,0,0,0,0,0,,0,0,,,,,,,,
NB1945,91779f713e033d6d181d1f08e523c1356e3466308f19436fb9ebbc95f9364af0,benign,FAILED,,dike,static_only,1,1.0,,,,,,,,,,,,,,,,,,,,99,0,0,3,0,1,0,0,0,1,1,,0,,,,,,,,,,,,,,,,,,,,,,,,,,,
NB1946,925b0a3d9cc9787bba7e1fc2867d2c56d0239e8a76d12a7a16c7c162094850ed,benign,FAILED,,dike,static_only,1,3.0,,,,,,,,,,,,,,,,,,,,81,0,0,0,0,0,0,0,0,1,0,,0,,,,,,,,,,,,,,,,,,,,,,,,,,,
NB1947,9292535bb8c3fe6006e25781381caff773cfcf64a0ed1ebf58674d3dd8aceaf1,benign,FAILED,,dike,static_only,1,1.3,,,,,,,,,,,,,,,,,,,,125,0,0,0,0,0,0,0,0,1,0,,0,,,,,,,,,,,,,,,,,,,,,,,,,,,
NB1948,92fe8e8d5ebd4aab0c03651a8f0010078ac689eb32abdcef5902ad976e443757,benign,FAILED,,dike,full,1,1.2,,0,0,,,,0,0,0,0,0,0,,,0,0,0,0,0,186,0,0,2,0,0,0,0,3,1,0,,0,,,0,0,1,0,0,0,0,0,0,0,0,0,0,0,,0,0,,,,,,,,
NB1949,932b86428b7e79f21546ff28cf84c84208ddd22d82c0e884d470194aa694d0b3,benign,FAILED,,dike,static_only,1,2.3,,,,,,,,,,,,,,,,,,,,161,0,0,2,0,0,0,0,0,2,0,,0,,,,,,,,,,,,,,,,,,,,,,,,,,,
NB1950,9368943831a6e1c8934f9d979c8af44f509a698345a1b20263bc0da7ab311ad3,benign,NO_VICTIM_ACTIVITY,,dike,full,1,1.0,,0,0,,,,0,0,0,0,0,0,,,0,0,0,0,0,45,0,0,0,0,0,0,0,0,1,0,,0,,,0,0,1,0,0,0,0,0,0,0,0,0,0,0,,0,0,,,,,,,,
NB1951,95028abcfbc50050f11728ded9240a59b2fa758cf084fa7079dd422506819502,benign,FAILED,,dike,full,1,1.2,,0,0,,,,0,0,0,0,0,0,,,0,0,0,0,0,207,0,0,0,0,0,0,0,0,2,0,boost,0,,,0,0,1,0,0,0,0,0,0,0,0,0,0,0,,0,0,,,,,,,,
NB1952,95133819c8decb2e56345fdd04b89ef7cbb441a0aa43f75aa47607d55d754339,benign,FAILED,,dike,full,1,1.2,,6,0,,,,0,6,0,0,0,0,0.0,0.0,0,1,0,1,0,74,0,0,0,0,0,0,0,0,1,0,,0,,,0,0,1,0,0,0,0,0,0,0,0,0,0,0,,0,0,,,,,,,,
NB1953,9578342358ff79b911163d709a9dc19cad65102a33405db7f97d6f26322866bd,benign,FAILED,,dike,static_only,1,1.3,,,,,,,,,,,,,,,,,,,,154,0,0,0,0,0,0,0,0,1,0,,0,,,,,,,,,,,,,,,,,,,,,,,,,,,
NB1954,959cf7ad86d1d9a697ff2161ea26f4825ab4d369b4651d3a3ad0e81e8416a2eb,benign,FAILED,,dike,static_only,1,1.3,,,,,,,,,,,,,,,,,,,,124,0,1,0,0,0,0,0,0,1,0,,0,,,,,,,,,,,,,,,,,,,,,,,,,,,
NB1955,960592d2147caf51496a0531951fce5a67cb750a2719617d7bee5a869b0a0360,benign,FAILED,,dike,static_only,1,0.3,,,,,,,,,,,,,,,,,,,,452,0,0,0,0,0,0,0,0,1,0,boost,0,,,,,,,,,,,,,,,,,,,,,,,,,,,
NB1956,963330d951ab6331bb17ef0f6530b1443f5ba27578509543ad7d5fb48c49f21b,benign,FAILED,,dike,full,1,0.0,,1,0,,,,0,1,0,0,0,0,0.0,0.0,0,1,0,1,0,157,0,0,5,0,0,0,3,3,2,1,,0,,,0,0,1,0,0,0,0,0,0,0,0,0,0,0,,0,0,,,,,,,,
NB1957,96b5ccf8044c42dce6772da871ab5f9f01ccab554e1a3b8832c6397c1bfe9e7d,benign,FAILED,,dike,static_only,1,2.0,,,,,,,,,,,,,,,,,,,,56,0,0,0,0,0,0,0,0,1,0,,0,,,,,,,,,,,,,,,,,,,,,,,,,,,
NB1958,96e01cdc713a4306abb3b58aef982d67a209dddadc8cff5c4c77a5595f712828,benign,FAILED,,dike,full,1,3.0,,0,0,,,,0,0,0,0,0,0,,,0,0,0,0,0,175,0,0,0,0,0,0,0,0,1,0,,0,,,0,0,1,0,0,0,0,0,0,0,0,0,0,0,,0,0,,,,,,,,
NB1959,9700a8d3f6d66c2702f6240ac170859bbe13e4966429a5edb0543509a86afd92,benign,FAILED,,dike,full,1,3.0,,0,0,,,,0,0,0,0,0,0,,,0,0,0,0,0,175,0,0,0,1,0,0,1,0,2,2,,0,,,0,0,1,0,0,0,0,0,0,0,0,0,0,0,,0,0,,,,,,,,
NB1960,976436bbee17c18d5a0ecd787851806ae52b8c80e0779d7cdc9d370b1d48070f,benign,FAILED,,dike,full,1,3.0,,0,0,,,,0,0,0,0,0,0,,,0,0,0,0,0,157,0,0,0,0,0,0,0,0,2,0,,0,,,0,0,1,0,0,0,0,0,0,0,0,0,0,0,,0,0,,,,,,,,
NB1961,9765f6a4ef2630731553c298e3bf079a7fd28d04413d0ed7dbaa697e81592252,benign,NO_VICTIM_ACTIVITY,,dike,full,1,9.0,,0,0,,,,1,0,0,0,0,0,,,0,1,0,0,1,46,0,0,0,0,0,0,0,0,1,0,,0,,,0,0,1,0,0,0,0,0,0,0,0,0,1,0,,0,0,,,,,,,,
NB1962,97b3a8f65ae3a3b6d8702923f3be4167626d0fdd249895adcaccc68ad370b735,benign,FAILED,,dike,static_only,1,1.3,,,,,,,,,,,,,,,,,,,,67,0,0,0,0,0,0,0,0,1,0,,0,,,,,,,,,,,,,,,,,,,,,,,,,,,
NB1963,98612a44674ac16a808e34f97633667598bddc5063513a802e73fd355a4f0ce4,benign,NO_VICTIM_ACTIVITY,,dike,full,1,3.0,,2,0,,,,3,2,0,0,0,0,0.0,0.0,0,2,0,2,0,73,0,0,0,0,0,0,0,0,2,0,,0,,,0,0,1,0,0,0,0,0,0,0,0,0,1,1,,0,0,,,,,,,,
NB1964,98edf72ca92445c9d6fd208a8254ff32ce4bb8520901a9e19fb3b12a479bb7ab,benign,FAILED,,dike,static_only,1,0.0,,,,,,,,,,,,,,,,,,,,100,0,0,0,0,0,0,0,0,1,0,,0,,,,,,,,,,,,,,,,,,,,,,,,,,,
NB1965,992fb4bc28025a397dfb14ea2087090410dc626ff73de9dd915b20fd3f6b90c9,benign,FAILED,,dike,static_only,1,2.3,,,,,,,,,,,,,,,,,,,,98,0,0,3,0,0,0,0,1,1,0,,0,,,,,,,,,,,,,,,,,,,,,,,,,,,
NB1966,9a38991461288014473dd1d6de00238a69d14ff36bc5a555ac4d88479da1e0af,benign,NO_VICTIM_ACTIVITY,,dike,full,1,3.8,,0,0,,,,1,0,0,0,0,0,,,0,1,0,0,1,64,0,0,2,0,0,0,0,0,0,0,,0,,,0,0,1,0,0,0,0,0,0,0,0,0,10,0,,0,0,,,,,,,,
NB1967,9a5931e20ab42cd32ecd8722e9bcaa2a85ecf818279debd4e613c1d09ca77077,benign,FAILED,,dike,full,1,3.0,,0,0,,,,0,0,0,0,0,0,,,0,0,0,0,0,105,0,0,0,0,0,0,0,0,2,0,,0,,,0,0,1,0,0,0,0,0,0,0,0,0,0,0,,0,0,,,,,,,,
NB1968,9ac5b4115cf5e949dd7ec374e5c4fb26a6ef9de573dc09fc15cfdc411ae59765,benign,FAILED,,dike,static_only,1,2.3,,,,,,,,,,,,,,,,,,,,115,0,0,2,0,0,0,0,0,2,0,,0,,,,,,,,,,,,,,,,,,,,,,,,,,,
NB1969,9b1ac773f872a0a2386e1ecbcb4ae45193c30f8f97ee9c69e14abd2ca4e594ec,benign,NO_VICTIM_ACTIVITY,,dike,full,1,3.0,,495,0,,,,0,495,0,0,0,0,0.0,0.0,0,8,0,8,0,77,0,0,1,0,0,0,0,0,1,0,,0,,,0,0,1,0,0,0,0,0,0,0,0,0,0,0,,0,0,,,,,,,,
NB1970,9b2f62598734608f0c6bfa65756627d42bbcfa0c233ec9633ff18ef4842b00e3,benign,FAILED,,dike,full,1,3.0,,0,0,,,,0,0,0,0,0,0,,,0,0,0,0,0,118,0,0,3,0,0,0,2,0,1,1,,0,,,0,0,1,0,0,0,0,0,0,0,0,0,0,0,,0,0,,,,,,,,
NB1971,9b83fb31508c0111d2db7ed40fc972019309cf26b6cab104ca58bc6e7543626d,benign,FAILED,,dike,static_only,1,2.3,,,,,,,,,,,,,,,,,,,,107,0,0,0,0,0,0,0,0,1,0,,0,,,,,,,,,,,,,,,,,,,,,,,,,,,
NB1972,9be9fc05b07871d06030a535b277e451345c1398e537fdad2a0c9cf6487795f2,benign,FAILED,,dike,static_only,1,1.3,,,,,,,,,,,,,,,,,,,,294,0,0,0,0,0,0,0,0,1,0,,0,,,,,,,,,,,,,,,,,,,,,,,,,,,
NB1973,9bf329ab9beaeaeb83697a149f08bb4334ca5add93c76d8389c4c11ccae0ecbc,benign,NO_VICTIM_ACTIVITY,,dike,full,1,6.0,,267,0,,,,221,267,10,0,4,2,0.03745318352059925,0.0,3,15,5,5,5,65,0,0,2,0,0,0,0,0,1,0,,0,,,0,0,1,2,0,0,0,0,0,0,0,0,0,0,,2,1,0,0,,0,16.1,2,1,0.797
NB1974,9c2d1377b7db7c4975035bc7f17bbdc09e8f816b840acc38448f09bdbb65a3d7,benign,FAILED,,dike,full,1,0.0,,0,0,,,,0,0,0,0,0,0,,,0,0,0,0,0,117,0,0,0,0,0,0,0,0,2,0,,0,,,0,0,1,0,0,0,0,0,0,0,0,0,0,0,,0,0,,,,,,,,
NB1975,9d0e6191f2e0ec7720b23b3e6fd02613cef89b1cc94e94d2847ca48ad4db75c3,benign,FAILED,,dike,full,1,2.7,,0,0,,,,0,0,0,0,0,0,,,0,0,0,0,0,52,0,0,0,0,0,0,0,0,1,0,,0,,,0,0,1,0,0,0,0,0,0,0,0,0,0,0,,0,0,,,,,,,,
NB1976,9d258908e494fa57363547642073b87874b2e0f6baccdc1fec95457d4da0718c,benign,FAILED,,dike,full,1,0.8,,0,0,,,,0,0,0,0,0,0,,,0,0,0,0,0,177,0,0,0,0,0,0,0,0,1,0,,0,,,0,0,1,0,0,0,0,0,0,0,0,0,0,0,,0,0,,,,,,,,
NB1977,9d50a4f9ce524d40bbd02d6e5d8a24bca6b1005065add4bafc69ba198695506d,benign,FAILED,,dike,static_only,1,1.3,,,,,,,,,,,,,,,,,,,,74,0,0,0,0,0,0,0,0,1,0,,0,,,,,,,,,,,,,,,,,,,,,,,,,,,
NB1978,9d7b247c3ba44cec7c42e6f15a878aeed5090b8f0760294da6efceaeccc9add8,benign,FAILED,,dike,full,1,3.0,,0,0,,,,0,0,0,0,0,0,,,0,0,0,0,0,134,0,0,0,0,0,0,1,0,3,1,,0,,,0,0,1,0,0,0,0,0,0,0,0,0,0,0,,0,0,,,,,,,,
NB1979,9dbe301e6b832184a624e97ee08735397aeb656e4fcb98c2388a57deb2f33e76,benign,FAILED,,dike,static_only,1,0.3,,,,,,,,,,,,,,,,,,,,82,0,0,1,0,0,0,0,0,0,0,,0,,,,,,,,,,,,,,,,,,,,,,,,,,,
NB1980,9dd0b4db6deee989440abfeddb4280a0a55137479b15af616f506ebf3bd891fb,benign,FAILED,,dike,static_only,1,1.3,,,,,,,,,,,,,,,,,,,,175,0,0,0,0,0,0,0,0,1,0,,0,,,,,,,,,,,,,,,,,,,,,,,,,,,
NB1981,9e4570851f44cadcd300201d37c67c82bf8d62c435cfbfc073c01c8aa06f8b44,benign,FAILED,,dike,static_only,1,0.0,,,,,,,,,,,,,,,,,,,,108,1,0,3,0,0,0,0,0,2,1,,0,,,,,,,,,,,,,,,,,,,,,,,,,,,
NB1982,9eaf987f2790faff354c8e405d7c09946924056707d1fe81bd3ce5a2c3f0133b,benign,FAILED,,dike,static_only,1,3.3,,,,,,,,,,,,,,,,,,,,97,0,0,0,0,0,0,0,0,1,0,,0,,,,,,,,,,,,,,,,,,,,,,,,,,,
NB1983,9f24cf6b3663162986d302fb2aefcc140798f6ac68cc1b4b034332c1e7d85dd7,benign,FAILED,,dike,full,1,0.0,,0,0,,,,0,0,0,0,0,0,,,0,0,0,0,0,98,0,0,0,0,0,0,0,0,2,0,,0,,,0,0,1,0,0,0,0,0,0,0,0,0,0,0,,0,0,,,,,,,,
NB1984,9f3849e18bbc5116b6430849f460172540fee98344953178908ad14783d1c9c2,benign,NO_VICTIM_ACTIVITY,,dike,full,0,0.0,,0,0,,,,5,0,0,0,0,0,,,0,2,0,0,2,1,0,0,0,0,0,0,0,0,0,0,,0,,,0,0,1,0,0,0,0,0,0,0,0,0,0,0,,0,0,,,,,,,,
NB1985,9f488edf5ed634d8f50d0a08fdf2eb24e22106c0f22954f3b30f5aa0a366c505,benign,FAILED,,dike,static_only,1,0.3,,,,,,,,,,,,,,,,,,,,48,0,0,1,0,0,0,0,0,0,0,,0,,,,,,,,,,,,,,,,,,,,,,,,,,,
NB1986,a006a3fb03504967518477df127d3b2de87fc0cfa1040ea525adb3b6604f5318,benign,NO_VICTIM_ACTIVITY,,dike,full,1,3.0,,0,0,,,,0,0,0,0,0,0,,,0,0,0,0,0,123,0,0,0,0,0,0,1,0,1,1,,0,,,0,0,1,0,0,0,0,0,0,0,0,0,0,0,,0,0,,,,,,,,
NB1987,a0899e167143ab97b167b6ae1bb270d9ba4b4e268b4a1eeb876a8b56345f23f5,benign,NO_VICTIM_ACTIVITY,,dike,full,1,1.0,,4,0,,,,0,4,0,0,0,0,0.0,0.0,0,1,0,1,0,88,0,0,3,0,0,0,0,0,2,0,,0,,,0,0,1,0,0,0,0,0,0,0,0,0,0,0,,0,0,,,,,,,,
NB1988,a11ff31bde6e10a75ad2c01045ed6dc726d0a191531e4060200ab81e676a1fcf,benign,FAILED,,dike,static_only,1,0.0,,,,,,,,,,,,,,,,,,,,201,0,0,2,0,0,0,1,1,3,1,,0,,,,,,,,,,,,,,,,,,,,,,,,,,,
NB1989,a144073e9b6a387310903fed5f9f59dc04901000959110f0ced9cc910a691d92,benign,FAILED,,dike,static_only,1,0.0,,,,,,,,,,,,,,,,,,,,55,0,0,1,0,0,0,0,0,2,0,,0,,,,,,,,,,,,,,,,,,,,,,,,,,,
NB1990,a14760cc7f131ae6880e38b9893057a182758130d91be3cfbd174d69c4b3cf66,benign,FAILED,,dike,static_only,1,1.3,,,,,,,,,,,,,,,,,,,,124,0,0,0,0,0,0,0,0,1,0,,0,,,,,,,,,,,,,,,,,,,,,,,,,,,
NB1991,a1c81cab06d7568368fef4d06a92601096ff3ae7a32529fef04211f707da8a39,benign,FAILED,,dike,static_only,1,1.3,,,,,,,,,,,,,,,,,,,,3425,0,0,1,0,0,0,0,0,2,0,boost,0,,,,,,,,,,,,,,,,,,,,,,,,,,,
NB1992,a1da32dcae200947500b35e6f5cbfd3be6a559a121c26a678c300da740d48ed5,benign,FAILED,,dike,static_only,1,2.3,,,,,,,,,,,,,,,,,,,,176,0,0,1,0,1,0,0,0,2,1,,0,,,,,,,,,,,,,,,,,,,,,,,,,,,
NB1993,a1e5dbab75cad081e71f28f9bdadedd60a08d4f4d07b1562dd55bcb4234fe0a7,benign,NO_VICTIM_ACTIVITY,,dike,full,1,0.7,,0,0,,,,0,0,0,0,0,0,,,0,0,0,0,0,106,3,1,0,0,0,0,2,2,1,2,,0,,,1,0,0,0,0,0,0,0,0,0,0,0,0,0,,0,0,,,,,,,,
NB1994,a220a85750588f5b231ff8cb106ba5409eaabb85e3dd7278a98fca907e171ed2,benign,FAILED,,dike,static_only,1,2.3,,,,,,,,,,,,,,,,,,,,148,0,0,1,0,0,0,0,0,1,0,,0,,,,,,,,,,,,,,,,,,,,,,,,,,,
NB1995,a28c8a1cec75344833ec100758125018b58c183a5903271ea8944c6f663ef80b,benign,NO_VICTIM_ACTIVITY,,dike,full,0,0.0,,0,0,,,,5,0,0,0,0,0,,,0,2,0,0,2,1,0,0,0,0,0,0,0,0,0,0,,0,,,0,0,1,0,0,0,0,0,0,0,0,0,0,0,,0,0,,,,,,,,
NB1996,a2c736e2a3b63fe0ddb28654994df83085bb735bfbd70da0aaa5458ed4b854e2,benign,FAILED,,dike,static_only,1,1.3,,,,,,,,,,,,,,,,,,,,70,0,0,0,0,0,0,0,0,1,0,,0,,,,,,,,,,,,,,,,,,,,,,,,,,,
NB1997,a2f98c9de02660b072ff43d4d6a6fd66cd718dde8792fc82af581bb2fbd8467e,benign,FAILED,,dike,static_only,1,2.3,,,,,,,,,,,,,,,,,,,,106,0,0,0,0,0,0,0,0,1,0,,0,,,,,,,,,,,,,,,,,,,,,,,,,,,
NB1998,a3249c5307d17cd6ec706ec47b14d658ac3049673ffa527ba5f76a95e50103e0,benign,FAILED,,dike,static_only,1,0.0,,,,,,,,,,,,,,,,,,,,119,0,0,1,0,0,0,0,0,2,0,,0,,,,,,,,,,,,,,,,,,,,,,,,,,,
NB1999,a3ab4bbf2e96631892efddd7d011caafea7d053e2b4c1c8b48ae3642f1ef9c3a,benign,FAILED,,dike,static_only,1,0.3,,,,,,,,,,,,,,,,,,,,206,9,0,0,0,0,0,0,0,2,1,,0,,,,,,,,,,,,,,,,,,,,,,,,,,,
NB2000,a424039a96d86ff186981223fe2e78392135fd2ba7a574d73840c4d56a381e39,benign,FAILED,,dike,static_only,1,1.3,,,,,,,,,,,,,,,,,,,,65,0,0,0,0,0,0,0,0,1,0,,0,,,,,,,,,,,,,,,,,,,,,,,,,,,
NB2001,a4c52ccd8065095fe6cf2b0f4360d586f2306f3157d88c8c7a895cde10da9ab5,benign,FAILED,,dike,full,1,1.0,,50,0,,,,0,50,0,0,0,0,0.0,0.0,0,1,0,1,0,98,0,0,0,0,0,0,0,0,1,0,,0,,,0,0,1,0,0,0,0,0,0,0,0,0,0,0,,0,0,,,,,,,,
NB2002,a500ec91119693013b74f72f3b082eb704417e57b6f26883f488dea2b8f081cb,benign,FAILED,,dike,full,1,1.7,,183,0,,,,0,183,0,0,0,0,0.0,0.0,0,3,0,3,0,102,0,0,0,0,0,0,0,0,1,0,,0,,,0,0,1,0,0,0,0,0,0,0,0,0,0,0,,0,0,,,,,,,,
NB2003,a54216162d9fbb9b631a246400e3a8b4d616330d17e3524109a6e56935bafa93,benign,FAILED,,dike,static_only,1,2.3,,,,,,,,,,,,,,,,,,,,431,0,0,7,0,0,0,0,1,2,0,,0,,,,,,,,,,,,,,,,,,,,,,,,,,,
NB2004,a5d76d29280af398aeb406063676620060a5d0cb28b2d33d917f41a5c06e4d84,benign,NO_VICTIM_ACTIVITY,,dike,full,0,2.3,,8,0,,,,6,8,0,0,0,0,0.0,0.0,0,3,0,2,1,1,0,0,0,0,0,0,0,0,0,0,,0,,,0,0,1,0,0,0,0,0,0,0,0,0,0,0,,0,0,,,,,,,,
NB2005,a5e85c3a6b10bb5c7a1656a4ea4de709a6c066bde038419a71bf46a3b25e44e0,benign,NO_VICTIM_ACTIVITY,,dike,full,1,9.0,,0,0,,,,7,0,0,0,0,5,,,0,6,0,0,6,159,0,0,2,0,0,0,2,3,1,1,,0,,,0,0,1,5,0,0,0,0,0,0,2,2,6,0,,0,0,,,,,,,,
NB2006,a650eb705e0c34b5bf80ba0dca4bffc160b051cf2fa3465610d00779c0dcfdc3,benign,FAILED,,dike,static_only,1,0.3,,,,,,,,,,,,,,,,,,,,201,0,0,3,0,0,0,0,0,2,0,,0,,,,,,,,,,,,,,,,,,,,,,,,,,,
NB2007,a66e2fd953b89254ac8a44c58a52e82cc9f03839248577e15598297b22288abb,benign,FAILED,,dike,static_only,1,1.3,,,,,,,,,,,,,,,,,,,,161,0,1,0,0,0,0,0,0,1,0,,0,,,,,,,,,,,,,,,,,,,,,,,,,,,
NB2008,a71a16c4b2d56acc3f8e2a2c576a0b9f1fc848e02110ba70e82c3708898a3328,benign,FAILED,,dike,static_only,1,1.3,,,,,,,,,,,,,,,,,,,,72,0,0,0,0,0,0,0,0,1,0,,0,,,,,,,,,,,,,,,,,,,,,,,,,,,
NB2009,a775fdd6fd3edba9f7410c54e00a6289ca906187ce8e123619727121194b27a0,benign,FAILED,,dike,static_only,1,0.0,,,,,,,,,,,,,,,,,,,,82,0,0,3,0,0,0,0,0,2,0,,0,,,,,,,,,,,,,,,,,,,,,,,,,,,
NB2010,a78eeb015d4f769f2d3fdac052aea9b3e138e752f06f89f52c0beb67078c6b52,benign,FAILED,,dike,static_only,1,1.0,,,,,,,,,,,,,,,,,,,,29,0,0,0,0,0,0,0,0,1,0,,0,,,,,,,,,,,,,,,,,,,,,,,,,,,
NB2011,a805fb8b099f2e372d1067cd3618088ea36e1f09570fde4a54d0bcdc5770f1c5,benign,NO_VICTIM_ACTIVITY,,dike,full,1,6.0,,62,0,,,,23,62,9,2,5,4,0.14516129032258066,0.03225806451612903,3,14,2,5,7,201,0,0,1,0,1,0,0,0,2,1,,0,,,0,0,1,5,0,0,0,0,0,0,2,2,25,8,245.6,0,0,,,,,,,,
NB2012,a80a9586ea79b0a1318593914a7c5427595fe2e76ff073b5f58a91b3b67b2a9d,benign,FAILED,,dike,full,1,0.0,,0,0,,,,0,0,0,0,0,0,,,0,0,0,0,0,170,0,0,4,0,0,0,1,0,3,1,,0,,,0,0,1,0,0,0,0,0,0,0,0,0,0,0,,0,0,,,,,,,,
NB2013,a8614ba7b98ad576032d8610ff9b74bb402e1498c41f9f330e7a0df326852de3,benign,FAILED,,dike,full,1,0.0,,0,0,,,,0,0,0,0,0,0,,,0,0,0,0,0,85,0,0,0,0,0,0,0,0,1,0,,0,,,0,0,1,0,0,0,0,0,0,0,0,0,0,0,,0,0,,,,,,,,
NB2014,a867488741e449f9fb44e2980cb30a6a9b4e07623bc8abae3d16f4b866425cff,benign,FAILED,,dike,full,1,1.0,,0,0,,,,0,0,0,0,0,0,,,0,0,0,0,0,158,0,0,2,0,0,0,1,0,2,1,,0,,,0,0,1,0,0,0,0,0,0,0,0,0,0,0,,0,0,,,,,,,,
NB2015,a8a23d61a64999e27bf093a7c8dff04293e1b3f56d9eb55dbd82956ae12a8a41,benign,FAILED,,dike,static_only,1,1.3,,,,,,,,,,,,,,,,,,,,165,0,0,0,0,0,0,0,0,2,0,,0,,,,,,,,,,,,,,,,,,,,,,,,,,,
NB2016,a9447372cc62144ca19196f8f18ffcb35f3907c10b8e4b2f442a026aeab5d05b,benign,FAILED,,dike,static_only,1,1.3,,,,,,,,,,,,,,,,,,,,101,0,0,0,0,0,0,0,0,1,0,,0,,,,,,,,,,,,,,,,,,,,,,,,,,,
NB2017,a9afd436cdda9a6b05efe9ce978f7c9bb66a4543147e3b9a643ea99e1022ae20,benign,FAILED,,dike,static_only,1,2.3,,,,,,,,,,,,,,,,,,,,244,0,0,1,0,0,0,1,1,2,1,,0,,,,,,,,,,,,,,,,,,,,,,,,,,,
NB2018,aa10bfe51228e5210c7e34372d4e9ebe75e920ba85edb2e6350c2e390899cf09,benign,NO_VICTIM_ACTIVITY,,dike,full,0,0.0,,0,16,,6.435138010041594,6.435138010041593,5,0,0,0,0,0,,,0,2,0,0,2,1,0,0,0,0,0,0,0,0,0,0,,0,,,0,1,0,0,0,0,0,0,0,0,0,0,0,0,,0,0,,,,,,,,
NB2019,aa7b94534e8d9bcb8dbab0a47d5aabf8e03bfad68fde91b2a17a254eda1088d5,benign,FAILED,,dike,full,1,3.0,,0,0,,,,0,0,0,0,0,0,,,0,0,0,0,0,419,9,1,7,0,0,0,1,1,2,2,,0,,,1,0,0,0,0,0,0,0,0,0,0,0,1,0,,0,0,,,,,,,,
NB2020,aab9f72bc96a87b69af2ff99c8c771fd5d8cc4ccd776f3a7f56895666a025aac,benign,NO_VICTIM_ACTIVITY,,dike,full,0,0.0,,0,0,,,,4,0,0,0,0,0,,,0,1,0,0,1,1,0,0,0,0,0,0,0,0,0,0,,0,,,0,0,1,0,0,0,0,0,0,0,0,0,0,0,,0,0,,,,,,,,
NB2021,aad745af64c86195150c14cd83c41c09dd88bd10f41b4aff65768b7390f637aa,benign,FAILED,,dike,full,1,1.2,,0,0,,,,0,0,0,0,0,0,,,0,0,0,0,0,152,0,0,4,0,0,0,0,3,2,0,,0,,,0,0,1,0,0,0,0,0,0,0,0,0,0,0,,0,0,,,,,,,,
NB2022,aaffeebd785f0cb44249abb39b081f0c1a80ede5aa0e499137c9c1aa3d16fd81,benign,FAILED,,dike,static_only,1,0.0,,,,,,,,,,,,,,,,,,,,68,0,0,0,0,0,0,0,0,1,0,,0,,,,,,,,,,,,,,,,,,,,,,,,,,,
NB2023,ab1f26c4c0e9babd0feed715e3d4b835ed68395492f2af089343eeba2005d25b,benign,NO_VICTIM_ACTIVITY,,dike,full,0,0.0,,0,16,,6.435138010041594,6.435138010041593,8,0,0,0,0,0,,,0,3,0,0,3,1,0,0,0,0,0,0,0,0,0,0,,0,,,0,1,0,0,0,0,0,0,0,0,0,0,0,0,,0,0,,,,,,,,
NB2024,ab3beb52eefa353ced0055f7027b39262372197864b6d1b5bcc1dc3d14a3a1ce,benign,FAILED,,dike,static_only,1,1.3,,,,,,,,,,,,,,,,,,,,114,0,0,0,0,0,0,0,0,1,0,,0,,,,,,,,,,,,,,,,,,,,,,,,,,,
NB2025,ab96929d2404859e0599e6e4356ac6908e71e774841f555ad30626bd96eb5353,benign,NO_VICTIM_ACTIVITY,,dike,full,0,0.0,,0,0,,,,4,0,0,0,0,0,,,0,1,0,0,1,1,0,0,0,0,0,0,0,0,0,0,,0,,,0,0,1,0,0,0,0,0,0,0,0,0,0,0,,0,0,,,,,,,,
NB2026,ab9c143dc118ee29f52cf9ae5f2277751ca29b5e7d9da96b33584ef56b450ce7,benign,FAILED,,dike,full,1,1.0,,0,0,,,,0,0,0,0,0,0,,,0,0,0,0,0,68,0,0,0,0,0,0,0,0,1,0,,0,,,0,0,1,0,0,0,0,0,0,0,0,0,0,0,,0,0,,,,,,,,
NB2027,aba3ccb4c9b2e33aab22c5a74168e601f8f69be2728f6a656eb12657c741fd4e,benign,FAILED,,dike,full,1,0.0,,0,0,,,,0,0,0,0,0,0,,,0,0,0,0,0,200,0,0,3,0,0,0,0,0,2,0,boost,0,,,0,0,1,0,0,0,0,0,0,0,0,0,0,0,,0,0,,,,,,,,
NB2028,abc8861cd68131b3f5a9bb73c748946e119e08f7d997df9557a8c9fc0a09b588,benign,NO_VICTIM_ACTIVITY,,dike,full,1,9.0,,58,0,,,,874,58,0,0,0,5,0.0,0.0,0,43,0,8,35,564,0,0,1,0,0,0,0,0,2,0,,0,,,0,0,1,4,0,0,0,0,0,0,7,8,10,2,-252.0,0,0,,,,,,,,
NB2029,ac3346176cb1a5dc50c0e9c98f3204718eedff97409adc92dcdb99be652ca113,benign,FAILED,,dike,full,1,3.2,,0,0,,,,0,0,0,0,0,0,,,0,0,0,0,0,361,1,0,0,0,0,0,1,0,2,2,,0,,,1,0,0,0,0,0,0,0,0,0,0,0,12,0,,0,0,,,,,,,,
NB2030,ac4bcc59cf12d2c31a7227ed7903b7bfdc8d6b81f041da37f69495e57e2e735c,benign,FAILED,,dike,full,1,0.0,,0,0,,,,0,0,0,0,0,0,,,0,0,0,0,0,301,0,0,0,0,0,0,1,0,3,1,,0,,,0,0,1,0,0,0,0,0,0,0,0,0,0,0,,0,0,,,,,,,,
NB2031,ac91ee90e062cbc0e567362739b2c16de48e16accac7a31bf0c9d2ae42be4a5a,benign,FAILED,,dike,static_only,1,0.3,,,,,,,,,,,,,,,,,,,,141,0,0,0,0,0,0,0,0,2,0,,0,,,,,,,,,,,,,,,,,,,,,,,,,,,
NB2032,ad3ec8fc0bde9b463ceeec97c7a88ae8fba1d75caa4ddde6cfadf77426fbbc57,benign,NO_VICTIM_ACTIVITY,,dike,full,1,2.0,,0,0,,,,0,0,0,0,0,0,,,0,0,0,0,0,186,0,0,5,0,0,0,0,1,2,0,boost,0,,,0,0,1,0,0,0,0,0,0,0,0,0,0,0,,0,0,,,,,,,,
NB2033,ad8985c5a34a9aef19257672a3d13d2e9c61594cee2046d9dce502b2fc9c0ecd,benign,FAILED,,dike,static_only,1,1.0,,,,,,,,,,,,,,,,,,,,220,6,1,6,0,0,0,1,1,2,2,,0,,,,,,,,,,,,,,,,,,,,,,,,,,,
NB2034,ae301ae526ffaa5f1db25268221ace5d9444df50b30171f367f67f64e3fd4fa2,benign,FAILED,,dike,static_only,1,1.3,,,,,,,,,,,,,,,,,,,,106,0,0,0,0,0,0,0,0,1,0,,0,,,,,,,,,,,,,,,,,,,,,,,,,,,
NB2035,ae8b7135284c9f111b34bf7ef631350b98f35298adafd7269bd364f63bb74b2e,benign,NO_VICTIM_ACTIVITY,,dike,full,0,0.0,,0,16,,6.435138010041594,6.435138010041593,5,0,0,0,0,0,,,0,2,0,0,2,1,0,0,0,0,0,0,0,0,0,0,,0,,,0,1,0,0,0,0,0,0,0,0,0,0,0,0,,0,0,,,,,,,,
NB2036,ae91341538ffb1360e1065dbdcb166eb418c8b939cc3543eaa6fc2d96212a558,benign,FAILED,,dike,full,1,0.0,,0,0,,,,0,0,0,0,0,0,,,0,0,0,0,0,218,0,0,0,0,0,0,0,0,2,0,,0,,,0,0,1,0,0,0,0,0,0,0,0,0,0,0,,0,0,,,,,,,,
NB2037,aec93dc8483fdbfe2a537ab26fb4d07dc628be2aa67c4e02381b086e7c830dee,benign,FAILED,,dike,full,1,1.2,,102,0,,,,0,102,0,0,0,0,0.0,0.0,0,2,0,2,0,88,0,0,1,0,0,0,0,0,1,0,,0,,,0,0,1,0,0,0,0,0,0,0,0,0,0,0,,0,0,,,,,,,,
NB2038,af4f6308343a0141f8f48d21b5f7e1946c2983f69841d03399628d558ae03c46,benign,NO_VICTIM_ACTIVITY,,dike,full,1,9.0,,81,3,-0.05437980984674399,4.0,4.0,47,81,11,0,4,7,0.13580246913580246,0.0,4,30,2,7,21,66,0,0,0,0,0,0,0,0,1,0,,0,,,0,1,0,7,0,0,0,0,0,0,2,2,61,6,3.5,0,0,,,,,,,,
NB2039,af647fcba328c6a41c6512dc34248b7c0413d5db337be2cba1fc3761855ddce6,benign,FAILED,,dike,static_only,1,1.3,,,,,,,,,,,,,,,,,,,,154,0,0,0,0,0,0,0,0,1,0,,0,,,,,,,,,,,,,,,,,,,,,,,,,,,
NB2040,af689ff48617cddca4a3881ef6fe4719a422c9ab37bcc26f90556ac36ff1a3f0,benign,FAILED,,dike,full,1,1.0,,0,0,,,,0,0,0,0,0,0,,,0,0,0,0,0,99,0,0,3,0,0,0,0,0,1,0,,0,,,0,0,1,0,0,0,0,0,0,0,0,0,0,0,,0,0,,,,,,,,
NB2041,afece3559e7425d5cfa1f015525cde6998b13129ae13a36282271d4341b11645,benign,FAILED,,dike,static_only,1,0.0,,,,,,,,,,,,,,,,,,,,178,0,0,2,0,0,0,0,0,2,0,,0,,,,,,,,,,,,,,,,,,,,,,,,,,,
NB2042,b008037057f159e2bdc335a86a3288217790e32ef2c00b56fd2fca2a56590152,benign,FAILED,,dike,static_only,1,3.0,,,,,,,,,,,,,,,,,,,,74,0,0,1,0,0,0,0,0,1,0,,0,,,,,,,,,,,,,,,,,,,,,,,,,,,
NB2043,b01bfe8ab2002184ecbdbd338b112ad400fa83c4519dc499902bb9d0ad389013,benign,FAILED,,dike,static_only,1,1.3,,,,,,,,,,,,,,,,,,,,132,0,0,0,0,0,0,0,0,1,0,,0,,,,,,,,,,,,,,,,,,,,,,,,,,,
NB2044,b0364802c7b4ce79547f4a54e4fcf64a44dd89c887031b0b56228c4f4e3abbab,benign,FAILED,,dike,static_only,1,2.3,,,,,,,,,,,,,,,,,,,,336,0,0,6,0,0,0,1,1,2,1,,0,,,,,,,,,,,,,,,,,,,,,,,,,,,
NB2045,b0e0fa988a5b0d581895b48fbcc9d26dc40a94889e2e97a96cf5b2617a2af1f3,benign,FAILED,,dike,static_only,1,2.3,,,,,,,,,,,,,,,,,,,,76,0,0,0,0,0,0,0,0,2,0,,0,,,,,,,,,,,,,,,,,,,,,,,,,,,
NB2046,b0eea66f156eec3be63fea4011f72515651ff6007b32f741008f22b0c01d892e,benign,FAILED,,dike,full,1,0.3,,5,0,,,,0,5,0,0,0,0,0.0,0.0,0,1,0,1,0,107,0,0,0,0,0,0,0,0,1,0,,0,,,0,0,1,0,0,0,0,0,0,0,0,0,0,0,,0,0,,,,,,,,
NB2047,b14322fa433e93a9d512829bb351f959fbf6543fc3c2eeb06d8af60cb8312dc8,benign,FAILED,,dike,full,1,1.0,,1,0,,,,0,1,0,0,0,0,0.0,0.0,0,1,0,1,0,133,0,0,10,0,0,0,0,1,2,0,,0,,,0,0,1,0,0,0,0,0,0,0,0,0,0,0,,0,0,,,,,,,,
NB2048,b175881264f15c69ee6819b976e8981a6ebfe07a57b3ac84878de5a55cb26374,benign,FAILED,,dike,full,1,1.0,,0,0,,,,0,0,0,0,0,0,,,0,0,0,0,0,32,0,0,0,0,0,0,0,0,1,0,,0,,,0,0,1,0,0,0,0,0,0,0,0,0,0,0,,0,0,,,,,,,,
NB2049,b1a95a04cbdca12bd84cfe3f86e8ac11f33752171347ee1435fce13e5bff5195,benign,NO_VICTIM_ACTIVITY,,dike,full,1,4.199999999999999,,62,0,,,,23,62,9,2,5,5,0.14516129032258066,0.03225806451612903,3,16,2,6,8,149,0,0,1,0,0,0,0,0,1,0,,0,,,0,0,1,6,0,0,0,0,0,0,2,2,26,8,241.4,0,0,,,,,,,,
NB2050,b1fd4629d163fac15b119914b72be7c0eded6b91e20201730ec8a7e3b53e43ae,benign,FAILED,,dike,full,1,0.0,,0,0,,,,0,0,0,0,0,0,,,0,0,0,0,0,194,0,0,3,0,0,0,0,1,2,0,,0,,,0,0,1,0,0,0,0,0,0,0,0,0,0,0,,0,0,,,,,,,,
NB2051,b207f025c13b2bf433eb5e2f82bd8f6c0c6853c8317fed4ca308d185f4ccd345,benign,FAILED,,dike,static_only,1,1.3,,,,,,,,,,,,,,,,,,,,130,0,0,0,0,0,0,0,0,1,0,,0,,,,,,,,,,,,,,,,,,,,,,,,,,,
NB2052,b24b0081430615ffa8993929656fb3efe2450fe6862f6b6a77280d185e6757ad,benign,NO_VICTIM_ACTIVITY,,dike,full,1,9.0,,0,2,,3.321928094887362,3.321928094887362,17,0,0,0,0,5,,,0,10,0,0,10,91,0,0,2,0,0,0,0,0,2,0,,0,,,0,1,0,5,0,0,0,0,0,0,2,2,2,0,,0,0,,,,,,,,
NB2053,b25976b4e32dcc3884ac0c8aa1e8416d483ef8598d232ac788e917f8967ff131,benign,FAILED,,dike,full,1,0.0,,0,0,,,,0,0,0,0,0,0,,,0,0,0,0,0,97,0,0,5,0,0,0,0,0,2,0,cryptopp,0,,,0,0,1,0,0,0,0,0,0,0,0,0,0,0,,0,0,,,,,,,,
NB2054,b2ded3ce4b19a18844d4aa90b60dfc1a8d3e9cd7649e7478c524d5c9d035fccc,benign,FAILED,,dike,static_only,1,1.3,,,,,,,,,,,,,,,,,,,,110,0,0,0,0,0,0,0,0,1,0,,0,,,,,,,,,,,,,,,,,,,,,,,,,,,
NB2055,b2f40b8bc10e71dbaa0cef0f6257d82590d6e260a648432d6d4014be5ea8e3b7,benign,FAILED,,dike,static_only,1,3.0,,,,,,,,,,,,,,,,,,,,112,0,0,0,0,0,0,0,0,2,0,,0,,,,,,,,,,,,,,,,,,,,,,,,,,,
NB2056,b375c804838a70c9c24f8ea83131ced3405671bd0eaf753f1ca9e2ef29853610,benign,FAILED,,dike,static_only,1,2.3,,,,,,,,,,,,,,,,,,,,204,0,0,3,0,0,0,0,3,2,0,,0,,,,,,,,,,,,,,,,,,,,,,,,,,,
NB2057,b4177d714d9de99f2041668ff2c36e1c32b3219da82cb285542ce07f99f93f12,benign,FAILED,,dike,static_only,1,2.3,,,,,,,,,,,,,,,,,,,,128,0,0,2,0,0,0,0,1,2,0,,0,,,,,,,,,,,,,,,,,,,,,,,,,,,
NB2058,b45b2d19d2d0d8b87e89bdbeaf158d84b13d472f14c0efdbb749965bebc6b19b,benign,FAILED,,dike,full,1,1.0,,0,0,,,,0,0,0,0,0,0,,,0,0,0,0,0,62,0,0,0,0,0,0,0,0,1,0,,0,,,0,0,1,0,0,0,0,0,0,0,0,0,0,0,,0,0,,,,,,,,
NB2059,b45dd7a48ce911aa2f99102d27a3f7d26432d3df67ba003c861b340f671027f7,benign,NO_VICTIM_ACTIVITY,,dike,full,1,1.0,,2,0,,,,3,2,0,0,0,0,0.0,0.0,0,3,0,2,1,25,0,0,0,0,0,0,0,0,1,0,,0,,,0,0,1,0,0,0,0,0,0,0,0,0,0,0,,0,0,,,,,,,,
NB2060,b4853f76dfe066a5b2aeb3166bac4d6ff1548e9119205f65ac6cab6d165f9850,benign,FAILED,,dike,static_only,1,0.0,,,,,,,,,,,,,,,,,,,,89,0,0,0,0,0,0,1,0,1,1,,0,,,,,,,,,,,,,,,,,,,,,,,,,,,
NB2061,b4e7447b3732199920a940f3a7c0768ab7040d68290e45c4178d2e0e4365c972,benign,NO_VICTIM_ACTIVITY,,dike,full,0,0.0,,5,0,,,,5,5,0,0,0,0,0.0,0.0,0,3,0,1,2,1,0,0,0,0,0,0,0,0,0,0,,0,,,0,0,1,0,0,0,0,0,0,0,0,0,0,0,,0,0,,,,,,,,
NB2062,b4fe2ea236ed6d360614a1502dc024adc9400d8ad2d1507e2b874e95629e73eb,benign,FAILED,,dike,static_only,1,2.7,,,,,,,,,,,,,,,,,,,,114,0,0,2,0,0,0,0,0,1,0,,0,,,,,,,,,,,,,,,,,,,,,,,,,,,
NB2063,b563fe6dacdbfd6628da1cffb42d72344ae631ef132345e6756036d2c1adf215,benign,FAILED,,dike,static_only,1,1.3,,,,,,,,,,,,,,,,,,,,129,0,0,0,0,0,0,0,0,1,0,,0,,,,,,,,,,,,,,,,,,,,,,,,,,,
NB2064,b5a4203ac24623f67b577d9433501fdc8730d90d0d45fbfd17749bdcd46f64ea,benign,FAILED,,dike,full,1,0.0,,0,0,,,,0,0,0,0,0,0,,,0,0,0,0,0,101,0,0,0,0,0,0,0,0,2,0,,0,,,0,0,1,0,0,0,0,0,0,0,0,0,0,0,,0,0,,,,,,,,
NB2065,b626a7ccb68165b2dc38665f84d9d4d6ad9f34745cfeb4fb734dd9d780d2144b,benign,FAILED,,dike,static_only,1,0.0,,,,,,,,,,,,,,,,,,,,96,0,0,0,0,0,0,0,0,2,0,,0,,,,,,,,,,,,,,,,,,,,,,,,,,,
NB2066,b6e97dbf4ec13dec0324ab2d66b8c771d4da6539087d84bf009b9a80b0f78799,benign,FAILED,,dike,static_only,1,1.3,,,,,,,,,,,,,,,,,,,,149,0,0,0,0,0,0,0,0,1,0,,0,,,,,,,,,,,,,,,,,,,,,,,,,,,
NB2067,b7734e4df4852e29b85acccf0f40a634f8fae57a1b3c8b82ff8fe310a36895d4,benign,FAILED,,dike,static_only,1,3.0,,,,,,,,,,,,,,,,,,,,153,0,0,1,0,0,0,0,0,2,0,,0,,,,,,,,,,,,,,,,,,,,,,,,,,,
NB2068,b831f35cec93a7f6b4d62f5ef1b5951e9d191a07e32c3e517956f6c2887e6d9f,benign,FAILED,,dike,full,1,1.0,,0,0,,,,0,0,0,0,0,0,,,0,0,0,0,0,75,0,0,0,0,0,0,2,0,1,1,,0,,,0,0,1,0,0,0,0,0,0,0,0,0,0,0,,0,0,,,,,,,,
NB2069,b8b13e80b85787367fc3130fa98f7243baec3596ea69b7504feee8aa4db5ce9c,benign,FAILED,,dike,full,1,1.0,,0,0,,,,0,0,0,0,0,0,,,0,0,0,0,0,123,0,0,0,0,0,0,0,0,1,0,,0,,,0,0,1,0,0,0,0,0,0,0,0,0,0,0,,0,0,,,,,,,,
NB2070,b8e4332a052f7cac9609b5004217ba0b0c27d70051af1f0990f8c3748b721a00,benign,FAILED,,dike,static_only,1,0.3,,,,,,,,,,,,,,,,,,,,114,0,0,1,0,1,0,0,0,1,1,,0,,,,,,,,,,,,,,,,,,,,,,,,,,,
NB2071,b8fbf0c0988d63c1b02f86e41678f23fd3b17e44b4e48529c419688143b6f602,benign,FAILED,,dike,static_only,1,0.0,,,,,,,,,,,,,,,,,,,,208,0,0,0,0,0,0,0,0,1,0,,0,,,,,,,,,,,,,,,,,,,,,,,,,,,
NB2072,b97e3f0490a4f7485b63226aa6cd7abe1eaa19dda520b233185ba18bba5c4328,benign,FAILED,,dike,full,1,1.0,,0,0,,,,0,0,0,0,0,0,,,0,0,0,0,0,195,0,0,3,0,0,0,2,0,2,1,,0,,,0,0,1,0,0,0,0,0,0,0,0,0,0,0,,0,0,,,,,,,,
NB2073,b9c7509ebbeae6d496fbb90d16dca2bcdac8db1288fd7c0ffa4b8ebe2f3eac5f,benign,FAILED,,dike,static_only,1,1.3,,,,,,,,,,,,,,,,,,,,114,0,0,0,0,0,0,0,0,1,0,,0,,,,,,,,,,,,,,,,,,,,,,,,,,,
NB2074,ba82518aa2e7f9481e30c696537542c5d25d9ed5dfa12c4bd933e7084299caa9,benign,FAILED,,dike,static_only,1,0.3,,,,,,,,,,,,,,,,,,,,187,0,1,1,0,0,0,0,0,0,0,openssl,0,,,,,,,,,,,,,,,,,,,,,,,,,,,
NB2075,baf7ca49d71027ca87add81d7a126d1fa5245bc26ccd4f7f4246914375e99b12,benign,NO_VICTIM_ACTIVITY,,dike,full,1,1.0,,2,0,,,,0,2,0,0,0,0,0.0,0.0,0,1,0,1,0,248,0,0,6,0,0,0,0,1,2,0,boost,0,,,0,0,1,0,0,0,0,0,0,0,0,0,0,0,,0,0,,,,,,,,
NB2076,bb3e638c8b5b6ef80847e364aeef2796cad25d3539cf9b41d3820fa48943e777,benign,FAILED,,dike,full,1,1.0,,0,0,,,,0,0,0,0,0,1,,,0,1,0,0,1,132,0,0,1,1,4,0,1,0,1,3,,0,,,0,0,1,1,0,0,0,0,0,0,0,0,0,0,,1,1,0,,,,,,,
NB2077,bb6d22555aad3510ec96713f5ea4158d7bc02b75c8b344694654c8c8e0dccb98,benign,NO_VICTIM_ACTIVITY,,dike,full,0,9.0,,7,0,,,,2,7,1,1,0,7,0.14285714285714285,0.14285714285714285,1,13,0,4,9,1,0,0,0,0,0,0,0,0,0,0,,0,,,0,0,1,7,0,0,0,0,0,0,1,1,0,0,-138.8,0,0,,,,,,,,
NB2078,bba0a97a71cce8e07936ef644b34bfd142fa06bd5a3e00c4affbf0596ceddf46,benign,FAILED,,dike,static_only,1,1.3,,,,,,,,,,,,,,,,,,,,169,0,0,0,0,0,0,0,0,1,0,,0,,,,,,,,,,,,,,,,,,,,,,,,,,,
NB2079,bc1f5e9adfd3a25a92bd3a684f777996a8a29c170a20003121f0fc59f06fbab1,benign,FAILED,,dike,static_only,1,2.3,,,,,,,,,,,,,,,,,,,,126,0,0,3,0,0,0,1,1,2,1,,0,,,,,,,,,,,,,,,,,,,,,,,,,,,
NB2080,bc4e1649049f6fe768fe15f45890e3a73e39166bed84082949c91006a3b0a345,benign,FAILED,,dike,static_only,1,0.3,,,,,,,,,,,,,,,,,,,,267,0,0,6,0,0,0,1,1,3,1,,0,,,,,,,,,,,,,,,,,,,,,,,,,,,
NB2081,bc6c696638b58d15d06063946aac4a5b18df4433854d7652cc6f670ceeea4e34,benign,FAILED,,dike,full,1,0.0,,0,0,,,,0,0,0,0,0,0,,,0,0,0,0,0,164,0,0,0,0,0,0,1,0,2,1,,0,,,0,0,1,0,0,0,0,0,0,0,0,0,0,0,,0,0,,,,,,,,
NB2082,bcc0cc3013ea2916fc8215a84e8b47a5ec7b733bbe414c57629e507ab89f50ba,benign,FAILED,,dike,static_only,1,0.3,,,,,,,,,,,,,,,,,,,,52,0,0,1,0,0,0,0,0,0,0,,0,,,,,,,,,,,,,,,,,,,,,,,,,,,
NB2083,bcef2a6fa63665d1ebe119a8f12ad31062a09e22a37c75cc9de5479d1cc6763d,benign,FAILED,,dike,static_only,1,1.3,,,,,,,,,,,,,,,,,,,,126,0,0,0,0,0,0,0,0,1,0,,0,,,,,,,,,,,,,,,,,,,,,,,,,,,
NB2084,bd0830ac0ecb2aeb31cb95cea634209f35aaca1da9d72ea7c40b9a767a920f2f,benign,FAILED,,dike,static_only,1,0.0,,,,,,,,,,,,,,,,,,,,141,0,0,3,0,0,0,0,0,2,0,,0,,,,,,,,,,,,,,,,,,,,,,,,,,,
NB2085,bd275f25b96e610bc657eae9b8b166defd7e1ec2d6d86f72127eab7a56319045,benign,FAILED,,dike,static_only,1,1.3,,,,,,,,,,,,,,,,,,,,156,0,0,0,0,0,0,0,0,1,0,,0,,,,,,,,,,,,,,,,,,,,,,,,,,,
NB2086,bd5a69a9c5a213a0d48f8aa335c4d111629bffc9678610a449f8b1aea55da018,benign,FAILED,,dike,static_only,1,1.3,,,,,,,,,,,,,,,,,,,,137,0,0,0,0,0,0,0,0,1,0,,0,,,,,,,,,,,,,,,,,,,,,,,,,,,
NB2087,bd93b91f6ea4b0594061679d8730e54cfc2449b9f00eeebeb036165e310f598a,benign,NO_VICTIM_ACTIVITY,,dike,full,1,1.2,,0,0,,,,0,0,0,0,0,0,,,0,0,0,0,0,300,7,2,2,0,0,0,0,1,2,1,boost,0,,,1,0,0,0,0,0,0,0,0,0,0,0,0,0,,0,0,,,,,,,,
NB2088,bdb7f88489766e317f82c3a9e4171eac231e5d024b506b3f6aa2e0b927c8eb5c,benign,FAILED,,dike,static_only,1,1.3,,,,,,,,,,,,,,,,,,,,223,0,0,0,0,0,0,0,0,1,0,,0,,,,,,,,,,,,,,,,,,,,,,,,,,,
NB2089,bdd41d65a67e87653abaa454166fc37b38ca219ec76f73dd27012ec7f4add8df,benign,FAILED,,dike,static_only,1,0.3,,,,,,,,,,,,,,,,,,,,182,2,0,1,0,0,0,4,0,1,2,,0,,,,,,,,,,,,,,,,,,,,,,,,,,,
NB2090,be21cc87cd36ef8b88d738cd227270c0355ba93e2e4eff72e9fbf1d5c50de348,benign,FAILED,,dike,static_only,1,0.3,,,,,,,,,,,,,,,,,,,,48,0,0,0,0,0,0,0,0,1,0,,0,,,,,,,,,,,,,,,,,,,,,,,,,,,
NB2091,be5c4522d41a680c1c4aa69aba166d3364274ffdbd0956c7d648253b08c284d6,benign,FAILED,,dike,full,1,0.5,,0,0,,,,0,0,0,0,0,0,,,0,0,0,0,0,69,0,0,2,0,0,0,0,0,1,0,,0,,,0,0,1,0,0,0,0,0,0,0,0,0,16,0,,0,0,,,,,,,,
NB2092,be87b2f36ccbcf2dc47d256597503d93c4d27c31b235eb6d262cdb8207668b89,benign,NO_VICTIM_ACTIVITY,,dike,full,0,7.0,,0,18,,5.532619350723729,6.376825800964972,10,0,0,0,0,0,,,0,3,0,0,3,1,0,0,0,0,0,0,0,0,0,0,,0,,,0,1,0,0,0,0,0,0,0,0,0,0,0,0,,0,0,,,,,,,,
NB2093,bfb60968447fd09d11aa5cf30add3e591bab3d69da10d9ef178eb68db966f157,benign,FAILED,,dike,static_only,1,0.3,,,,,,,,,,,,,,,,,,,,101,0,0,0,0,0,0,0,0,1,0,boost,0,,,,,,,,,,,,,,,,,,,,,,,,,,,
NB2094,bfd212e78b058423da320592dd78766e41462ffa410010cce99d6c31f7c25bde,benign,FAILED,,dike,static_only,1,1.3,,,,,,,,,,,,,,,,,,,,174,0,1,0,0,0,0,0,0,1,0,,0,,,,,,,,,,,,,,,,,,,,,,,,,,,
NB2095,c0975115208399a8e9fbec2d9dee70af458b44471c8d8ac1b09c21631f9dbc4a,benign,FAILED,,dike,static_only,1,1.3,,,,,,,,,,,,,,,,,,,,87,0,0,0,0,0,0,0,0,1,0,,0,,,,,,,,,,,,,,,,,,,,,,,,,,,
NB2096,c0bff7634b380159a5472a834ef525fc1dbc0c5a7d1893b7ececd2a66abaeccf,benign,FAILED,,dike,static_only,1,0.0,,,,,,,,,,,,,,,,,,,,137,1,0,0,0,0,0,0,0,2,1,,0,,,,,,,,,,,,,,,,,,,,,,,,,,,
NB2097,c0e4878dd8203892933c31b4e88280df0f2d166186bdf0a47f62fcd3442f1bc2,benign,FAILED,,dike,static_only,1,0.3,,,,,,,,,,,,,,,,,,,,113,0,0,2,0,0,0,0,0,2,0,,0,,,,,,,,,,,,,,,,,,,,,,,,,,,
NB2098,c1409cf7edc4ae0df90deba32e1087ec4fca5052809197edafb417a58172c0a5,benign,FAILED,,dike,full,1,1.0,,0,0,,,,0,0,0,0,0,0,,,0,0,0,0,0,208,0,0,0,0,0,0,0,0,1,0,,0,,,0,0,1,0,0,0,0,0,0,0,0,0,0,0,,0,0,,,,,,,,
NB2099,c1536de933e06fd3832c008876559dc99dc38e3f4ec479e9512ceccb39c2f838,benign,NO_VICTIM_ACTIVITY,,dike,full,0,0.0,,19,0,,,,3,19,0,0,0,0,0.0,0.0,0,2,0,1,1,1,0,0,0,0,0,0,0,0,0,0,,0,,,0,0,1,0,0,0,0,0,0,0,0,0,0,0,,0,0,,,,,,,,
NB2100,c17ee22de6897f89917d1b60c176028bee0a0c2d990f918b83c59669ce599a80,benign,FAILED,,dike,static_only,1,0.3,,,,,,,,,,,,,,,,,,,,134,0,0,0,0,0,0,0,2,2,0,,0,,,,,,,,,,,,,,,,,,,,,,,,,,,
NB2101,c1c5a893f7eda8d1117078dc8fbdb74abb46e362cb517a3dfd61d88d20e311c1,benign,FAILED,,dike,static_only,1,0.0,,,,,,,,,,,,,,,,,,,,160,0,0,2,0,0,0,1,0,2,1,,0,,,,,,,,,,,,,,,,,,,,,,,,,,,
NB2102,c26c26d600d63ca6aa7625dea48ff97bcb4fd3a458db16679f1fa47df9a1a75d,benign,FAILED,,dike,static_only,1,0.0,,,,,,,,,,,,,,,,,,,,252,0,0,4,0,0,0,4,3,3,1,,0,,,,,,,,,,,,,,,,,,,,,,,,,,,
NB2103,c2b4237ffd1a0efe97fde1a25f18c3d75b9d17195061a1060798ef69b7d372f5,benign,FAILED,,dike,full,1,1.0,,0,0,,,,0,0,0,0,0,0,,,0,0,0,0,0,86,0,0,0,0,0,0,1,0,1,1,,0,,,0,0,1,0,0,0,0,0,0,0,0,0,0,0,,0,0,,,,,,,,
NB2104,c2eaaf0dd121592ba18227aeaa757ce323ea70bd340488793d30b57e7420b374,benign,FAILED,,dike,full,1,3.0,,0,0,,,,0,0,0,0,0,0,,,0,0,0,0,0,155,0,0,3,0,0,0,0,1,2,0,,0,,,0,0,1,0,0,0,0,0,0,0,0,0,0,0,,0,0,,,,,,,,
NB2105,c344051462aaf9c85f18f6fe3a9b0a980e4a5666910fe5d0d7f2e878a6cd70c9,benign,FAILED,,dike,full,1,3.2,,0,0,,,,0,0,0,0,0,0,,,0,0,0,0,0,180,0,0,4,0,0,0,1,0,1,1,,0,,,0,0,1,0,0,0,0,0,0,0,0,0,0,0,,0,0,,,,,,,,
NB2106,c39f47d2d4525bb4950827f1edb92ccf5067267aa1aaef7137e45482c1436d97,benign,FAILED,,dike,static_only,1,0.0,,,,,,,,,,,,,,,,,,,,110,0,0,4,0,0,0,1,0,2,1,,0,,,,,,,,,,,,,,,,,,,,,,,,,,,
NB2107,c3afcf2e6f64303f8377793255b38f6d677ca8eab9eddae65693c1235d05a1ae,benign,NO_VICTIM_ACTIVITY,,dike,full,0,0.0,,0,0,,,,3,0,0,0,0,0,,,0,1,0,0,1,1,0,0,0,0,0,0,0,0,0,0,,0,,,0,0,1,0,0,0,0,0,0,0,0,0,0,0,,0,0,,,,,,,,
NB2108,c3f865f60ea816281c90cca306f592c65bdc204bbf8b0c6a3140b0500cdc75e8,benign,NO_VICTIM_ACTIVITY,,dike,full,0,0.0,,0,0,,,,3,0,0,0,0,0,,,0,1,0,0,1,1,0,0,0,0,0,0,0,0,0,0,,0,,,0,0,1,0,0,0,0,0,0,0,0,0,0,0,,0,0,,,,,,,,
NB2109,c457ba36891aa3a5563c7bee0f7abe8eebf0ed61d8f7bc3ec1e04ae079afdc52,benign,FAILED,,dike,static_only,1,0.3,,,,,,,,,,,,,,,,,,,,1617,0,0,0,0,0,0,0,0,2,0,,0,,,,,,,,,,,,,,,,,,,,,,,,,,,
NB2110,c505e8e9d5eb338aacec06a89a9c4005d1cb29a9a42850d073cea653ad7aded6,benign,FAILED,,dike,static_only,1,2.3,,,,,,,,,,,,,,,,,,,,63,0,0,3,0,0,0,0,0,1,0,,0,,,,,,,,,,,,,,,,,,,,,,,,,,,
NB2111,c571f4867a2aaee70b8548b9bb220360b6f347d6413d55212d120ebf5bb2b4fd,benign,FAILED,,dike,full,1,1.0,,0,0,,,,0,0,0,0,0,0,,,0,0,0,0,0,111,0,0,0,0,0,0,2,0,1,1,,0,,,0,0,1,0,0,0,0,0,0,0,0,0,0,0,,0,0,,,,,,,,
NB2112,c5b5a6b85efec5d87ae6981fb560775d97a4e0ded0cbeb4dffb41312975caa72,benign,FAILED,,dike,full,1,1.2,,0,0,,,,0,0,0,0,0,0,,,0,0,0,0,0,97,0,0,3,0,0,0,0,1,1,0,,0,,,0,0,1,0,0,0,0,0,0,0,0,0,0,0,,0,0,,,,,,,,
NB2113,c6d11ce0a201e059d8ee4b58091d318333c5056101304518de4607e7600edd61,benign,FAILED,,dike,full,1,0.0,,0,0,,,,0,0,0,0,0,0,,,0,0,0,0,0,206,0,0,6,0,0,0,3,0,3,1,,0,,,0,0,1,0,0,0,0,0,0,0,0,0,0,0,,0,0,,,,,,,,
NB2114,c719dfc0faba60957d7933fbe8018407fddc0f7827704e289e51ff2de03ae0cd,benign,FAILED,,dike,static_only,1,1.3,,,,,,,,,,,,,,,,,,,,98,0,0,0,0,0,0,0,0,1,0,,0,,,,,,,,,,,,,,,,,,,,,,,,,,,
NB2115,c7739012562be8188e394bbefcaaf04358f48a8043511c72d4baba664241fead,benign,FAILED,,dike,full,1,1.2,,0,0,,,,0,0,0,0,0,0,,,0,0,0,0,0,97,0,0,0,0,0,0,0,0,1,0,,0,,,0,0,1,0,0,0,0,0,0,0,0,0,0,0,,0,0,,,,,,,,
NB2116,c7bece8dcd0dd98d240f3b627045e3a464a3b27314a61cbcb79a5ac4ed538ba0,benign,FAILED,,dike,static_only,1,1.3,,,,,,,,,,,,,,,,,,,,181,0,0,0,0,0,0,0,0,1,0,,0,,,,,,,,,,,,,,,,,,,,,,,,,,,
NB2117,c824e459c950b4d249fc2484c441d9d14b02dbe4192a96d2655fbb7ff19c6857,benign,FAILED,,dike,static_only,1,0.0,,,,,,,,,,,,,,,,,,,,120,0,0,1,0,0,0,0,0,2,0,,0,,,,,,,,,,,,,,,,,,,,,,,,,,,
NB2118,c83df1e3e21b36046c453cc3cf9a0cbe3539558ce8bc8dd0b7ebabf5b7634d5c,benign,NO_VICTIM_ACTIVITY,,dike,full,1,2.0,,2387,0,,,,0,2387,0,0,0,0,0.0,0.0,0,8,0,8,0,107,0,0,2,0,0,0,0,0,1,0,openssl,0,,,0,0,1,0,0,0,0,0,0,0,0,0,0,0,,0,0,,,,,,,,
NB2119,c852105b0bfffffcf0c4fdb88f48eb27bfc0f87ddb317af238dd43b0878ce96e,benign,FAILED,,dike,full,1,0.0,,0,0,,,,0,0,0,0,0,0,,,0,0,0,0,0,150,0,0,1,0,0,0,0,2,2,0,,0,,,0,0,1,0,0,0,0,0,0,0,0,0,0,0,,0,0,,,,,,,,
NB2120,c85f81c3417f5946e73204b1f62037ed7c390cbaf3d21e87be2b583f69001d70,benign,NO_VICTIM_ACTIVITY,,dike,full,0,9.0,,7,0,,,,2,7,1,1,0,8,0.14285714285714285,0.14285714285714285,1,14,0,4,10,1,0,0,0,0,0,0,0,0,0,0,,0,,,0,0,1,10,0,0,0,0,0,0,2,2,2,0,251.5,0,0,,,,,,,,
NB2121,c8a0eebccc746daef3270ddd170d030ddee6f9c6ac09dc6a41b4d5fb6b1aa4d6,benign,FAILED,,dike,static_only,1,1.3,,,,,,,,,,,,,,,,,,,,371,0,0,0,0,0,0,0,0,1,0,,0,,,,,,,,,,,,,,,,,,,,,,,,,,,
NB2122,c92f5e3f22cbe98ed0fef8c3bf161539a4290eaeb8ea6140e67d26c0550aa3ae,benign,FAILED,,dike,static_only,1,0.3,,,,,,,,,,,,,,,,,,,,92,0,0,0,0,0,0,0,0,1,0,,0,,,,,,,,,,,,,,,,,,,,,,,,,,,
NB2123,c9ea2ab2a9b4d92dbf432fec8630f151a26c26ad3159b6ad6b8151c6870d4dcc,benign,FAILED,,dike,static_only,1,0.3,,,,,,,,,,,,,,,,,,,,50,0,0,1,0,0,0,0,0,0,0,,0,,,,,,,,,,,,,,,,,,,,,,,,,,,
NB2124,c9fbe249425b2223366e73e8ff09937e56a8112210aaf869906c4113ada9f12c,benign,FAILED,,dike,full,1,3.0,,0,0,,,,0,0,0,0,0,0,,,0,0,0,0,0,44,0,0,0,0,0,0,0,0,1,0,,0,,,0,0,1,0,0,0,0,0,0,0,0,0,0,2,,0,0,,,,,,,,
NB2125,ca28d8fe52e8f1f0f9da93b978398a5218325fdc3de800072c232e80060e4e2c,benign,NO_VICTIM_ACTIVITY,,dike,full,0,9.0,,6,0,,,,2,6,1,1,0,7,0.16666666666666666,0.16666666666666666,1,12,0,3,9,1,0,0,0,0,0,0,0,0,0,0,,0,,,0,0,1,7,0,0,0,0,0,0,1,1,0,0,-144.4,0,0,,,,,,,,
NB2126,ca692f9c3d22fac77a84d1155ae4b757664cc50386310c59a6d827ee5b58cca1,benign,NO_VICTIM_ACTIVITY,,dike,full,1,9.0,,81,3,-0.04334275997189807,3.906890595608518,3.906890595608518,47,81,11,0,4,7,0.13580246913580246,0.0,4,34,2,8,24,43,0,0,0,0,0,0,0,0,2,0,,0,,,0,1,0,11,0,0,0,0,0,0,3,3,61,6,-2.1,0,0,,,,,,,,
NB2127,ca91ab3a6c6a58e2d8042be6d5a8df9b4f7e794f24fc89d6f75b7c04ad7cc7f7,benign,NO_VICTIM_ACTIVITY,,dike,full,1,0.0,,0,0,,,,2,0,0,0,0,0,,,0,1,0,0,1,520,0,0,8,1,3,0,2,1,0,3,,0,,,0,0,1,0,0,0,0,0,0,0,0,0,0,0,,0,0,,,,,,,,
NB2128,cae59bdfecb5b2bdfcab22af171281872dbe296b42359b3b8dd58275d619cb12,benign,FAILED,,dike,static_only,1,3.3,,,,,,,,,,,,,,,,,,,,70,0,0,0,0,0,0,0,0,1,0,,0,,,,,,,,,,,,,,,,,,,,,,,,,,,
NB2129,caea9716b7a8b7fa4274e0376889828a2b8a4d75a756abab210db40721db8815,benign,FAILED,,dike,static_only,1,2.3,,,,,,,,,,,,,,,,,,,,268,0,0,2,0,0,0,1,1,2,1,,0,,,,,,,,,,,,,,,,,,,,,,,,,,,
NB2130,caf25bce1c3560d4ad382ea2b871d075802226d279c96667d4865e069bcd316e,benign,FAILED,,dike,full,1,0.0,,0,0,,,,0,0,0,0,0,0,,,0,0,0,0,0,127,0,0,0,0,0,0,1,0,2,1,,0,,,0,0,1,0,0,0,0,0,0,0,0,0,0,0,,0,0,,,,,,,,
NB2131,cb1454687b08797f9cd506fde40157d5688c4494772f0836054bf75f5a2bb468,benign,NO_VICTIM_ACTIVITY,,dike,full,1,1.0,,0,0,,,,1,0,0,0,0,0,,,0,1,0,0,1,116,0,0,4,0,0,0,1,1,1,1,,0,,,0,0,1,0,0,0,0,0,0,0,0,0,0,0,,0,0,,,,,,,,
NB2132,cb9e55d4c02f4e55100724d2da9a1267f49e196bd39fcdf36cec6ea6314fad2a,benign,FAILED,,dike,full,1,1.0,,0,0,,,,0,0,0,0,0,0,,,0,0,0,0,0,103,0,0,2,0,0,0,2,0,1,1,,0,,,0,0,1,0,0,0,0,0,0,0,0,0,0,0,,0,0,,,,,,,,
NB2133,cc410e421b2c43caa99399dfac2d213c1d7520db8199c971c80488242562acc5,benign,FAILED,,dike,full,1,1.0,,0,0,,,,0,0,0,0,0,0,,,0,0,0,0,0,27,0,0,0,0,0,0,0,0,1,0,,0,,,0,0,1,0,0,0,0,0,0,0,0,0,0,0,,0,0,,,,,,,,
NB2134,cd010d87c17d9b6e2c61d917526d7f27ef9e852a8c2b1d0210b9dc6123e117a4,benign,FAILED,,dike,static_only,1,0.3,,,,,,,,,,,,,,,,,,,,120,0,0,0,0,0,0,0,0,1,0,,0,,,,,,,,,,,,,,,,,,,,,,,,,,,
NB2135,cdc66d186ae9179f746cfa9896e18baf256695999cf151024cd6b12708c0c839,benign,FAILED,,dike,full,1,1.2,,6,0,,,,0,6,0,0,0,0,0.0,0.0,0,1,0,1,0,103,0,0,4,1,0,0,0,0,2,1,,0,,,0,0,1,0,0,0,0,0,0,0,0,0,0,0,,0,0,,,,,,,,
NB2136,ceed0a0e156641c5df0e6fbd10bbeb878223873e8e3940098bd21256e381a3c0,benign,FAILED,,dike,static_only,1,1.3,,,,,,,,,,,,,,,,,,,,78,0,0,0,0,0,0,0,0,1,0,,0,,,,,,,,,,,,,,,,,,,,,,,,,,,
NB2137,cf66de1f114f7c382804fbdddd4ae70aa07ecf1df324e95e78bb41139b50cf72,benign,NO_VICTIM_ACTIVITY,,dike,full,1,0.0,,0,0,,,,5,0,0,0,0,0,,,0,2,0,0,2,93,0,0,2,0,0,0,0,0,2,0,,0,,,0,0,1,0,0,0,0,0,0,0,0,0,0,0,,0,0,,,,,,,,
NB2138,cf9496492c5fbd07a38a2667c72f09e65aaf1d3ffa6dadaf9778d9b4118a00a1,benign,FAILED,,dike,full,1,3.2,,13,0,,,,0,13,0,0,0,0,0.0,0.0,0,1,0,1,0,101,0,0,0,0,0,0,0,1,2,0,,0,,,0,0,1,0,0,0,0,0,0,0,0,0,0,0,,0,0,,,,,,,,
NB2139,d021acaeebd5b9857fa2f261aff52586c9974a176b98f446183307accd96110d,benign,FAILED,,dike,static_only,1,1.0,,,,,,,,,,,,,,,,,,,,98,0,0,0,0,0,0,0,0,2,0,,0,,,,,,,,,,,,,,,,,,,,,,,,,,,
NB2140,d02be37082ff29db42dc8973f4ee067f1203b1a51f60436c3038fe6d2c1408c9,benign,NO_VICTIM_ACTIVITY,,dike,full,1,9.0,,0,0,,,,6,0,0,0,0,5,,,0,8,0,0,8,39,0,0,0,0,0,0,0,0,1,0,,0,,,0,0,1,5,0,0,0,0,0,0,1,1,5,0,,0,0,,,,,,,,
NB2141,d043d0121e87d1b5a24285830c0d53abb4d21df96d4252be481b0fcf96a5046e,benign,FAILED,,dike,static_only,1,2.3,,,,,,,,,,,,,,,,,,,,137,0,0,2,0,0,0,0,0,2,0,,0,,,,,,,,,,,,,,,,,,,,,,,,,,,
NB2142,d066f01806aebbcab980104ae4177546654ef5a71f51a36f6ac19170a31cb085,benign,FAILED,,dike,static_only,1,0.3,,,,,,,,,,,,,,,,,,,,109,0,0,4,0,0,0,0,0,2,0,,0,,,,,,,,,,,,,,,,,,,,,,,,,,,
NB2143,d09b28044abfb507aa6b79ddd742cb4cd4abf3cef6e0e40bb6cebca2a8cb8fc3,benign,FAILED,,dike,static_only,1,0.3,,,,,,,,,,,,,,,,,,,,407,0,0,0,0,0,0,0,0,2,0,boost,0,,,,,,,,,,,,,,,,,,,,,,,,,,,
NB2144,d0a3ca807c791ea6e272b7a1d8b3bb515baf3cd220dab84a9bb8a654330526e4,benign,FAILED,,dike,static_only,1,1.0,,,,,,,,,,,,,,,,,,,,119,0,0,3,0,0,0,2,0,2,1,,0,,,,,,,,,,,,,,,,,,,,,,,,,,,
NB2145,d0f4abf77310561f0fb9e001b776e4e9ac11fcfaf2cbc0c786b4588b6c64a8b3,benign,FAILED,,dike,static_only,1,1.3,,,,,,,,,,,,,,,,,,,,142,0,0,0,0,0,0,0,0,1,0,,0,,,,,,,,,,,,,,,,,,,,,,,,,,,
NB2146,d1aefefde895480da77a0acf146963b8998e350cb0276b8edc1d4fad80ca6292,benign,FAILED,,dike,static_only,1,0.3,,,,,,,,,,,,,,,,,,,,153,0,0,2,0,0,0,0,2,1,0,,0,,,,,,,,,,,,,,,,,,,,,,,,,,,
NB2147,d1c425e24d4c83685ca1587f2f2b1cced11b73e1387738a84b39ecb6f621ece2,benign,NO_VICTIM_ACTIVITY,,dike,full,0,0.0,,0,0,,,,5,0,0,0,0,0,,,0,2,0,0,2,1,0,0,0,0,0,0,0,0,0,0,,0,,,0,0,1,0,0,0,0,0,0,0,0,0,0,0,,0,0,,,,,,,,
NB2148,d1d9d2549a86eeff369d03bcb2d4703591bba8972580e9c1049cfd0807ebd2b6,benign,NO_VICTIM_ACTIVITY,,dike,full,1,0.5,,5,0,,,,0,5,0,0,0,0,0.0,0.0,0,1,0,1,0,111,0,0,0,0,0,0,0,0,1,0,,0,,,0,0,1,0,0,0,0,0,0,0,0,0,0,0,,0,0,,,,,,,,
NB2149,d2c9d5aa29814261dd625634c7e901a094e83d5c55cc3dda594cab4e7347c573,benign,FAILED,,dike,static_only,1,0.3,,,,,,,,,,,,,,,,,,,,91,0,0,0,0,0,0,0,0,1,0,,0,,,,,,,,,,,,,,,,,,,,,,,,,,,
NB2150,d33281f6c857aba988c049950c07dbbfb034fdc58649dc00869ef1fddbdcb074,benign,FAILED,,dike,full,1,0.0,,0,0,,,,0,0,0,0,0,0,,,0,0,0,0,0,121,0,0,0,0,0,0,2,0,1,1,,0,,,0,0,1,0,0,0,0,0,0,0,0,0,0,0,,0,0,,,,,,,,
NB2151,d34bb73b3755d7fb4d29054815e36fc3a5727dac5d035eb176d1b4f0bd59486a,benign,FAILED,,dike,static_only,1,0.3,,,,,,,,,,,,,,,,,,,,243,0,0,0,0,0,0,0,0,2,0,,0,,,,,,,,,,,,,,,,,,,,,,,,,,,
NB2152,d36071884086b10b302c2acd43c33d15fe73369b927ba9002d32db9409567241,benign,NO_VICTIM_ACTIVITY,,dike,full,0,0.0,,0,0,,,,4,0,0,0,0,0,,,0,1,0,0,1,1,0,0,0,0,0,0,0,0,0,0,,0,,,0,0,1,0,0,0,0,0,0,0,0,0,0,0,,0,0,,,,,,,,
NB2153,d3c90744d4bb616c4946d9dc646e39e1fad581366aa46f440b867c010b106612,benign,FAILED,,dike,static_only,1,2.3,,,,,,,,,,,,,,,,,,,,104,0,0,1,0,0,0,0,0,2,0,,0,,,,,,,,,,,,,,,,,,,,,,,,,,,
NB2154,d3dcb6b7c05940a0507e5ec8138a44a03c76bf2da34c757cb207c6eb4ab22b9b,benign,FAILED,,dike,full,1,1.0,,0,0,,,,0,0,0,0,0,0,,,0,0,0,0,0,149,8,2,3,3,0,0,0,0,1,2,,0,,,1,0,0,0,0,0,0,0,0,0,0,0,0,0,,0,0,,,,,,,,
NB2155,d4493087abe2a048f24d87ae232ac2ce90329662348555eec33e223df6921a60,benign,FAILED,,dike,static_only,1,0.0,,,,,,,,,,,,,,,,,,,,164,0,0,1,0,0,0,0,1,2,0,,0,,,,,,,,,,,,,,,,,,,,,,,,,,,
NB2156,d505b31200204d0854d67244dfddab81552937571e321d3f5520c5be8fcbc283,benign,FAILED,,dike,static_only,1,0.0,,,,,,,,,,,,,,,,,,,,151,0,0,1,0,0,0,1,0,1,1,,0,,,,,,,,,,,,,,,,,,,,,,,,,,,
NB2157,d574b7d89b4549179ae25d986c082e457e1d8b06dd1f94049ee3eab4b0e34e02,benign,FAILED,,dike,full,1,0.0,,0,0,,,,0,0,0,0,0,0,,,0,0,0,0,0,142,0,0,3,0,0,0,0,1,2,0,,0,,,0,0,1,0,0,0,0,0,0,0,0,0,0,0,,0,0,,,,,,,,
NB2158,d591c1fa5490022d011d0babc427cfc0576c56c153d48b3c8d55e25296a16660,benign,FAILED,,dike,full,1,1.0,,0,0,,,,0,0,0,0,0,0,,,0,0,0,0,0,106,0,0,3,0,0,0,0,0,1,0,,0,,,0,0,1,0,0,0,0,0,0,0,0,0,0,0,,0,0,,,,,,,,
NB2159,d5ea3938a906e76ba48c22ec9b8182f0f1df75e1169a02aede5b2e2a772c9080,benign,FAILED,,dike,full,1,1.0,,0,0,,,,0,0,0,0,0,0,,,0,0,0,0,0,166,0,0,0,0,0,0,0,0,2,0,,0,,,0,0,1,0,0,0,0,0,0,0,0,0,0,0,,0,0,,,,,,,,
NB2160,d5fd9c5ec6349c8c55cbad05095b97ee2939f24a45e40fa69b89cbc85f528215,benign,FAILED,,dike,full,1,1.2,,1,0,,,,0,1,0,0,0,0,0.0,0.0,0,1,0,1,0,82,0,0,2,0,0,0,0,0,2,0,,0,,,0,0,1,0,0,0,0,0,0,0,0,0,0,0,,0,0,,,,,,,,
NB2161,d668b84ed252c39bb177707f41cf469d48bb4e5e44a7d2eb3928c91a4b12c4b8,benign,FAILED,,dike,static_only,1,0.0,,,,,,,,,,,,,,,,,,,,463,6,2,4,3,0,0,2,1,4,3,,0,,,,,,,,,,,,,,,,,,,,,,,,,,,
NB2162,d6cf0b905a1eef136977c003289918a7a0517f029aa10f9ecf52f05b2852cb8c,benign,FAILED,,dike,full,1,1.2,,0,0,,,,0,0,0,0,0,0,,,0,0,0,0,0,169,3,0,0,0,0,0,0,0,2,1,,0,,,1,0,0,0,0,0,0,0,0,0,0,0,0,0,,0,0,,,,,,,,
NB2163,d752be52e51756f597a1e346255bf400a31063c70c9c7c724c06b2d620d5212a,benign,FAILED,,dike,static_only,1,1.3,,,,,,,,,,,,,,,,,,,,78,0,0,0,0,0,0,0,0,1,0,,0,,,,,,,,,,,,,,,,,,,,,,,,,,,
NB2164,d76f35dd028617533d4e2a9ef21b0866f0d623f9e14943d9850a8e0bad1863fd,benign,NO_VICTIM_ACTIVITY,,dike,full,1,0.0,,0,0,,,,0,0,0,0,0,0,,,0,0,0,0,0,241,0,0,4,0,0,0,0,1,2,0,,0,,,0,0,1,0,0,0,0,0,0,0,0,0,4,1,,0,0,,,,,,,,
NB2165,d83bd478733ff3dad1351b21fdcb1465af4612bf509f956a410e972f748e32cb,benign,FAILED,,dike,full,1,1.0,,0,0,,,,0,0,0,0,0,0,,,0,0,0,0,0,266,0,0,1,0,0,0,1,0,2,1,,0,,,0,0,1,0,0,0,0,0,0,0,0,0,0,0,,0,0,,,,,,,,
NB2166,d868f8a6c8f204e98adb95f5687a943e2ce8aed697c875116c7db223a198bab7,benign,NO_VICTIM_ACTIVITY,,dike,full,1,9.0,,0,203,,5.851305021809752,6.376825800964972,33,0,0,0,0,1,,,0,13,0,0,13,38,0,0,0,0,0,0,0,0,2,0,,0,,,0,1,0,1,0,0,0,0,0,0,0,0,12,0,,0,0,,,,,,,,
NB2167,d8a8aa47a13a433f5191e8968ed0c81e8e1b5e7e1aca45ba6282a0f9cf5c0b52,benign,FAILED,,dike,full,1,1.0,,171,0,,,,0,171,0,0,0,0,0.0,0.0,0,2,0,2,0,100,0,0,3,0,0,0,0,0,1,0,,0,,,0,0,1,0,0,0,0,0,0,0,0,0,0,0,,0,0,,,,,,,,
NB2168,d8c84bc1c75e2d5f20f39ed3a5e387e115656774cdc887d4aa5cabc3d83e9bd2,benign,FAILED,,dike,full,1,0.0,,0,0,,,,0,0,0,0,0,0,,,0,0,0,0,0,122,0,0,0,0,0,0,0,0,2,0,,0,,,0,0,1,0,0,0,0,0,0,0,0,0,0,0,,0,0,,,,,,,,
NB2169,d96cd6f8855cf9e59d796e178637a72eea63bf5d30aaab4e070490240278f3af,benign,FAILED,,dike,static_only,1,0.3,,,,,,,,,,,,,,,,,,,,106,0,0,2,0,0,0,0,0,2,0,,0,,,,,,,,,,,,,,,,,,,,,,,,,,,
NB2170,d9a39b4ef451806c38101299c7ca8453a4711ce4c629666a0ae8f9cde1b87165,benign,NO_VICTIM_ACTIVITY,,dike,full,0,0.0,,5,0,,,,5,5,0,0,0,0,0.0,0.0,0,2,0,1,1,1,0,0,0,0,0,0,0,0,0,0,,0,,,0,0,1,0,0,0,0,0,0,0,0,0,0,0,,0,0,,,,,,,,
NB2171,d9e0aa17442669974e9d30dbd63073f9990ac4f83580afbd4bdbe92b5c4fb1d2,benign,FAILED,,dike,static_only,1,1.3,,,,,,,,,,,,,,,,,,,,146,0,0,0,0,0,0,0,0,1,0,,0,,,,,,,,,,,,,,,,,,,,,,,,,,,
NB2172,da1effb56ddd4c5630864b52366f91de3ba8ec77fad6c2a6a0a3ed833aa6b625,benign,FAILED,,dike,static_only,1,1.3,,,,,,,,,,,,,,,,,,,,130,0,0,0,0,0,0,0,0,1,0,,0,,,,,,,,,,,,,,,,,,,,,,,,,,,
NB2173,db1131b5060bcfad80fc21d7bd333d9a7de3eee5190c5586d0a3a096fd563b87,benign,FAILED,,dike,full,1,3.0,,0,0,,,,0,0,0,0,0,0,,,0,0,0,0,0,310,0,0,4,0,0,0,1,1,2,1,,0,,,0,0,1,0,0,0,0,0,0,0,0,0,0,0,,0,0,,,,,,,,
NB2174,db345130e2cd90ea550affa0fc43a285f09c8f15c9382d35334a1bde48eaa92e,benign,FAILED,,dike,full,1,1.2,,7,0,,,,0,7,0,0,0,0,0.0,0.0,0,1,0,1,0,117,0,0,7,0,0,0,0,1,2,0,,0,,,0,0,1,0,0,0,0,0,0,0,0,0,0,0,,0,0,,,,,,,,
NB2175,dbab6a72dd57ae2b056c370fc0fdaeff0045e09d834c76b58c3883b9c8438101,benign,NO_VICTIM_ACTIVITY,,dike,full,1,1.0,,0,0,,,,1,0,0,0,0,0,,,0,1,0,0,1,113,0,0,4,0,0,0,0,0,2,0,,0,,,0,0,1,0,0,0,0,0,0,0,0,0,0,0,,0,0,,,,,,,,
NB2176,dc9a0225ae45d56e205bab35d54f476ca2d90a1eb61bce44acfa06517eb3ed61,benign,FAILED,,dike,static_only,1,3.0,,,,,,,,,,,,,,,,,,,,133,0,0,2,0,0,0,1,0,2,1,,0,,,,,,,,,,,,,,,,,,,,,,,,,,,
NB2177,dcb5d275f67264d2a6ba2429d46561fe284d3abf1e12c5f600424e0189cfd5d3,benign,FAILED,,dike,static_only,1,1.3,,,,,,,,,,,,,,,,,,,,81,0,0,0,0,0,0,0,0,1,0,,0,,,,,,,,,,,,,,,,,,,,,,,,,,,
NB2178,dd021110a7f062006e2dff133ce94cf4b8cf1db572d4758abbc5630d03e4c3b3,benign,FAILED,,dike,static_only,1,0.0,,,,,,,,,,,,,,,,,,,,296,0,0,1,0,0,0,1,0,3,1,boost,0,,,,,,,,,,,,,,,,,,,,,,,,,,,
NB2179,dd07e4779fb9d833e7c801424d557b28988055a3e8f6d839dfc04ce92828173c,benign,FAILED,,dike,static_only,1,2.3,,,,,,,,,,,,,,,,,,,,104,0,0,1,0,0,0,0,0,2,0,,0,,,,,,,,,,,,,,,,,,,,,,,,,,,
NB2180,dd7a6d34e1a7b599d76ca9a895a1fd10c7dba227dd402a8782316b8f6a53aa10,benign,FAILED,,dike,static_only,1,0.3,,,,,,,,,,,,,,,,,,,,268,0,0,5,0,0,0,3,1,2,1,boost,0,,,,,,,,,,,,,,,,,,,,,,,,,,,
NB2181,ddcd14ee4a48801f1db7314f79ee7de6ea82320ff919f3d77424b8631172fea2,benign,FAILED,,dike,static_only,1,1.3,,,,,,,,,,,,,,,,,,,,197,0,0,0,0,0,0,0,0,1,0,,0,,,,,,,,,,,,,,,,,,,,,,,,,,,
NB2182,ddf9918a205bd5c45f3bd6ef62ccbcbe0bba77e2df3b301613aa910ff34b331e,benign,FAILED,,dike,static_only,1,0.0,,,,,,,,,,,,,,,,,,,,132,0,0,2,0,0,0,1,0,1,1,,0,,,,,,,,,,,,,,,,,,,,,,,,,,,
NB2183,de2d114af3df793d3f2d107f3114b5451934768b206473b293b6b03a0c7fbec0,benign,NO_VICTIM_ACTIVITY,,dike,full,0,9.0,,7,0,,,,2,7,1,1,0,8,0.14285714285714285,0.14285714285714285,1,14,0,5,9,1,0,0,0,0,0,0,0,0,0,0,,0,,,0,0,1,10,0,0,0,0,0,0,1,1,2,0,-133.1,0,0,,,,,,,,
NB2184,dec0efefe7749ab45c541f8c2c0bc4fa946e865025e209e58a0dffa41d87baf0,benign,FAILED,,dike,full,1,1.2,,0,0,,,,0,0,0,0,0,0,,,0,0,0,0,0,87,0,0,2,0,0,0,0,0,2,0,,0,,,0,0,1,0,0,0,0,0,0,0,0,0,0,0,,0,0,,,,,,,,
NB2185,df3be72be588f2b532738f0e78ea853f79facfb8bb26d4e5882de3fe1481780a,benign,FAILED,,dike,static_only,1,0.0,,,,,,,,,,,,,,,,,,,,336,0,0,6,0,0,0,1,1,2,1,,0,,,,,,,,,,,,,,,,,,,,,,,,,,,
NB2186,dfdcbc5a9cc9e9d6b0e4bc4def90758ffb9011b6c926f02b44d66d2b88dda8a1,benign,FAILED,,dike,static_only,1,1.3,,,,,,,,,,,,,,,,,,,,81,0,0,0,0,0,0,0,0,1,0,,0,,,,,,,,,,,,,,,,,,,,,,,,,,,
NB2187,e0346762613786654df3abeb529681a1549e7d2485b47ff294daf14cfd4fdbf0,benign,FAILED,,dike,full,1,3.0,,0,0,,,,0,0,0,0,0,0,,,0,0,0,0,0,80,0,0,0,0,0,0,0,0,2,0,,0,,,0,0,1,0,0,0,0,0,0,0,0,0,0,0,,0,0,,,,,,,,
NB2188,e0718764552ce0092f528cc521052229ccda4bf21279f90dcdfc226f45eed43a,benign,FAILED,,dike,static_only,1,1.3,,,,,,,,,,,,,,,,,,,,157,0,0,0,0,0,0,0,0,1,0,,0,,,,,,,,,,,,,,,,,,,,,,,,,,,
NB2189,e0bd37f39fbabd70bb1ecf49a0f633c1948d23bfa34fe6f8ddac6ed29a9f37e2,benign,NO_VICTIM_ACTIVITY,,dike,full,1,3.2,,35,0,,,,0,35,0,0,0,3,0.0,0.0,0,5,0,2,3,559,0,0,7,3,0,0,2,1,2,2,,0,,,0,0,1,3,0,0,0,0,0,0,2,2,2,0,-6.9,0,0,,,,,,,,
NB2190,e18c02ba480e83489976314a0a79441108faf4d246292eba1eadd36ce4fc6acd,benign,FAILED,,dike,static_only,1,0.0,,,,,,,,,,,,,,,,,,,,339,0,0,3,0,0,0,0,0,0,0,,0,,,,,,,,,,,,,,,,,,,,,,,,,,,
NB2191,e1a40cc0823fc08c9ae1d8a780c69479408c058d804ff8fbf5738b0204599a40,benign,FAILED,,dike,full,1,1.0,,0,0,,,,0,0,0,0,0,0,,,0,0,0,0,0,120,0,0,1,0,0,0,0,0,2,0,,0,,,0,0,1,0,0,0,0,0,0,0,0,0,0,0,,0,0,,,,,,,,
NB2192,e1ed3c6a1ef0565c3858da458f1dfb4e3192488ccfcae22ac46a6277263524fa,benign,FAILED,,dike,static_only,1,0.0,,,,,,,,,,,,,,,,,,,,117,0,0,0,0,0,0,0,0,2,0,,0,,,,,,,,,,,,,,,,,,,,,,,,,,,
NB2193,e24e9b04c7f2f50da89c36779bc0f9a17e55755845c0c4fc33d25d2cbb912a0d,benign,FAILED,,dike,static_only,1,0.3,,,,,,,,,,,,,,,,,,,,85,0,0,0,0,0,0,0,0,2,0,,0,,,,,,,,,,,,,,,,,,,,,,,,,,,
NB2194,e2f8ec20872d72216d0059b9a926495698f6b9c083eed61a8e2adbbc5573f6f3,benign,NO_VICTIM_ACTIVITY,,dike,full,1,9.0,,3,0,,,,126,3,0,0,0,5,0.0,0.0,0,22,0,2,20,37,0,0,0,0,0,0,0,0,1,0,,0,,,0,0,1,5,0,0,0,0,0,0,1,1,3,1,-342.6,0,0,,,,,,,,
NB2195,e3827378118993c34eced29d9de0ad006f356667d4e37be9776dfe59a7c3a24b,benign,NO_VICTIM_ACTIVITY,,dike,full,0,0.0,,0,0,,,,5,0,0,0,0,0,,,0,2,0,0,2,1,0,0,0,0,0,0,0,0,0,0,,0,,,0,0,1,0,0,0,0,0,0,0,0,0,0,0,,0,0,,,,,,,,
NB2196,e3efc11f128f6e10eae8e15c9aa100201aa89631377b8c9e4db1314dd46659f0,benign,FAILED,,dike,static_only,1,0.3,,,,,,,,,,,,,,,,,,,,120,2,0,2,0,0,0,0,0,2,1,,0,,,,,,,,,,,,,,,,,,,,,,,,,,,
NB2197,e4224d18c3c96826e6f4240893fac02c8a1ff335ce92614fc8744369594dd468,benign,FAILED,,dike,static_only,1,0.5,,,,,,,,,,,,,,,,,,,,70,0,0,0,0,0,0,0,0,1,0,,0,,,,,,,,,,,,,,,,,,,,,,,,,,,
NB2198,e447797c377b176832497d6ddd22226f1e403a63f48f6fe1a77fa7009036e749,benign,FAILED,,dike,static_only,1,0.0,,,,,,,,,,,,,,,,,,,,69,0,0,0,0,0,0,0,0,2,0,,0,,,,,,,,,,,,,,,,,,,,,,,,,,,
NB2199,e47adb18253dbdf07276faef715d56fc3840b20ea2c2e6ec5690811afb7daed1,benign,FAILED,,dike,full,1,0.0,,0,0,,,,0,0,0,0,0,0,,,0,0,0,0,0,92,0,0,0,0,0,0,0,0,1,0,,0,,,0,0,1,0,0,0,0,0,0,0,0,0,0,0,,0,0,,,,,,,,
NB2200,e50f8f41167f9582eb4c1a6addfada5dd766ea69a4d46af3680edb0fc2dfa9f7,benign,FAILED,,dike,static_only,1,2.3,,,,,,,,,,,,,,,,,,,,115,0,0,0,0,0,0,0,0,2,0,,0,,,,,,,,,,,,,,,,,,,,,,,,,,,
NB2201,e5b7730daa39dc02a1618c39f249f2ffe5df128a06efbb712fb8e3b7ae840211,benign,NO_VICTIM_ACTIVITY,,dike,full,1,3.8,,0,0,,,,1,0,0,0,0,0,,,0,1,0,0,1,97,0,0,4,0,0,0,0,0,0,0,,0,,,0,0,1,0,0,0,0,0,0,0,0,0,0,0,,0,0,,,,,,,,
NB2202,e5c6eb60211ec6b21425f7cd63d597109dfd4c867b5645b52d05684be59097fd,benign,FAILED,,dike,full,1,0.0,,0,0,,,,0,0,0,0,0,0,,,0,0,0,0,0,104,0,0,0,0,0,0,0,2,2,0,,0,,,0,0,1,0,0,0,0,0,0,0,0,0,0,0,,0,0,,,,,,,,
NB2203,e5cd2d9536b0729ce90368dce9d923dccfa6f75f2996e31bb349e6a75a2aa897,benign,FAILED,,dike,full,1,3.0,,119,0,,,,0,119,0,0,0,0,0.0,0.0,0,1,0,1,0,129,0,0,2,0,0,0,0,0,1,0,,0,,,0,0,1,0,0,0,0,0,0,0,0,0,0,0,,0,0,,,,,,,,
NB2204,e60878f2f9a9c3cd70720b8a8b3fe98dfd37dc2c5da9a79dd043a09a8f5fc423,benign,NO_VICTIM_ACTIVITY,,dike,full,0,0.0,,2,0,,,,6,2,0,0,0,0,0.0,0.0,0,2,0,1,1,1,0,0,0,0,0,0,0,0,0,0,,0,,,0,0,1,0,0,0,0,0,0,0,0,0,0,0,,0,0,,,,,,,,
NB2205,e690cbd19b9ca80398251b709544428ad56b83866c940c13a50af30162e25ac9,benign,FAILED,,dike,static_only,1,0.3,,,,,,,,,,,,,,,,,,,,163,0,0,0,0,0,0,0,0,2,0,openssl,0,,,,,,,,,,,,,,,,,,,,,,,,,,,
NB2206,e693bc556d4e07471933b03456a509b068065698f86c34875d08bb0b4819597d,benign,FAILED,,dike,full,1,0.0,,0,0,,,,0,0,0,0,0,0,,,0,0,0,0,0,130,0,0,4,0,0,0,0,0,2,0,,0,,,0,0,1,0,0,0,0,0,0,0,0,0,0,0,,0,0,,,,,,,,
NB2207,e7611e58735d0ece5913e66dc19947cea16a9b401127260018ab174e74b63ea3,benign,FAILED,,dike,static_only,1,1.3,,,,,,,,,,,,,,,,,,,,314,0,0,0,0,0,0,0,0,1,0,,0,,,,,,,,,,,,,,,,,,,,,,,,,,,
NB2208,e7878f8ee6460f6285a6c249135a2c9b62af19ca4603dbe3efc910c4b4df2707,benign,FAILED,,dike,full,1,3.0,,60,0,,,,0,60,0,0,0,0,0.0,0.0,0,1,0,1,0,102,0,0,0,0,0,0,0,0,2,0,,0,,,0,0,1,0,0,0,0,0,0,0,0,0,0,0,,0,0,,,,,,,,
NB2209,e904e2854dc69d740d03101764ff1dcad82acd70b5b9b6076f26d0d64a68f1ce,benign,FAILED,,dike,static_only,1,0.3,,,,,,,,,,,,,,,,,,,,67,0,0,1,0,0,0,0,0,0,0,,0,,,,,,,,,,,,,,,,,,,,,,,,,,,
NB2210,e929cae582e4f92f60ec607da7acb448e22742691a4992406dd893bf99f2955f,benign,FAILED,,dike,static_only,1,1.3,,,,,,,,,,,,,,,,,,,,185,0,0,0,0,0,0,0,0,1,0,,0,,,,,,,,,,,,,,,,,,,,,,,,,,,
NB2211,e97fde1aa1260261577d81203a2a0b1b666e7774b44f42be89c84065d93e89e6,benign,FAILED,,dike,full,1,2.1999999999999997,,7,0,,,,0,7,0,0,0,0,0.0,0.0,0,1,0,1,0,93,0,0,0,0,0,0,0,0,1,0,,0,,,0,0,1,0,0,0,0,0,0,0,0,0,0,0,,0,0,,,,,,,,
NB2212,e99c64aa27d56613a387cb94d1d4ee6777e2d1d1da59c6991037fe0b2615cd02,benign,FAILED,,dike,static_only,1,1.3,,,,,,,,,,,,,,,,,,,,124,0,0,0,0,0,0,0,0,1,0,,0,,,,,,,,,,,,,,,,,,,,,,,,,,,
NB2213,e9bc3322525acfe84afd7cfc27f07f6d18bd0a07ccff726d8fd5a4800c188f75,benign,FAILED,,dike,static_only,1,1.3,,,,,,,,,,,,,,,,,,,,209,0,0,0,0,0,0,0,0,2,0,,0,,,,,,,,,,,,,,,,,,,,,,,,,,,
NB2214,ea3492a8c6c7a2510f7c2cd9fe4523b83d4e8d6273f82931d9060f20415d30ae,benign,NO_VICTIM_ACTIVITY,,dike,full,0,9.0,,0,0,,,,2,0,0,0,0,5,,,0,6,0,0,6,1,0,0,0,0,0,0,0,0,0,0,,0,,,0,0,1,5,0,0,0,0,0,0,1,1,0,0,,0,0,,,,,,,,
NB2215,ea3d9fbbf1952377d2f71c94fd55ef074d21eda2ddf18213975a5b1c3d7a0596,benign,FAILED,,dike,full,1,1.0,,69,0,,,,0,69,0,0,0,0,0.0,0.0,0,1,0,1,0,65,0,0,0,0,0,0,0,0,1,0,,0,,,0,0,1,0,0,0,0,0,0,0,0,0,0,0,,0,0,,,,,,,,
NB2216,ebb807ee99884456c434f7104746f49968257f1376faa234df84017a7331ed00,benign,FAILED,,dike,static_only,1,3.0,,,,,,,,,,,,,,,,,,,,39,0,0,0,0,0,0,0,0,1,0,,0,,,,,,,,,,,,,,,,,,,,,,,,,,,
NB2217,ec1b8cf87bc532f33daf88355d242769607cf57e60e11ea8e28d6377b1ffe191,benign,FAILED,,dike,static_only,1,1.3,,,,,,,,,,,,,,,,,,,,73,0,0,0,0,0,0,0,0,1,0,,0,,,,,,,,,,,,,,,,,,,,,,,,,,,
NB2218,ec680f4ebd4054010202083dea6dc694eb2508e013ed0a3b9a080efc0f266136,benign,FAILED,,dike,full,1,0.0,,111,0,,,,0,111,0,0,0,0,0.0,0.0,0,2,0,2,0,182,0,0,0,0,0,0,3,0,3,1,,0,,,0,0,1,0,0,0,0,0,0,0,0,0,0,0,,0,0,,,,,,,,
NB2219,ecb81847bf544e949cbcb96d8587e1d3739f93948020fc223e0fed66f0d88112,benign,FAILED,,dike,static_only,1,0.3,,,,,,,,,,,,,,,,,,,,129,0,0,1,0,0,0,0,0,0,0,,0,,,,,,,,,,,,,,,,,,,,,,,,,,,
NB2220,ecf9e6567852f1a45dd6068ed197aa22cfac0121fdc0c3a2e9367dd6cc85fcae,benign,FAILED,,dike,static_only,1,0.3,,,,,,,,,,,,,,,,,,,,86,0,0,0,0,0,0,0,0,1,0,,0,,,,,,,,,,,,,,,,,,,,,,,,,,,
NB2221,ed36e4398c8bcccc7c7f34f0134620b30f8989c2c99c6244175b2a7d769e4a9f,benign,NO_VICTIM_ACTIVITY,,dike,full,0,2.3,,0,46,,6.376825800964972,6.376825800964972,12,0,0,0,0,0,,,0,4,0,0,4,1,0,0,0,0,0,0,0,0,0,0,,0,,,0,1,0,0,0,0,0,0,0,0,0,0,0,0,,0,0,,,,,,,,
NB2222,ed95b1141f32e8d2180b47426a1cbe89085764e744938e9bca98c5be411a52a6,benign,FAILED,,dike,static_only,1,0.0,,,,,,,,,,,,,,,,,,,,144,0,0,2,0,0,0,0,0,2,0,,0,,,,,,,,,,,,,,,,,,,,,,,,,,,
NB2223,edea9f559115bd6c8ae3d0dc72a2e2d76e64b418d568319af7203c24526868fc,benign,FAILED,,dike,static_only,1,2.3,,,,,,,,,,,,,,,,,,,,121,0,0,0,0,0,0,0,0,2,0,,0,,,,,,,,,,,,,,,,,,,,,,,,,,,
NB2224,ee2d9c16bfb1490d148cbe7bfdb75de7caba58eea8b3e42c3424b3e8b41a1037,benign,FAILED,,dike,static_only,1,0.0,,,,,,,,,,,,,,,,,,,,113,0,0,0,0,0,0,1,0,1,1,,0,,,,,,,,,,,,,,,,,,,,,,,,,,,
NB2225,ee817287293478ecdd152a44b99c04c3aa18dc7399c1f4dd6ddcedca39639af2,benign,NO_VICTIM_ACTIVITY,,dike,full,0,0.0,,0,0,,,,4,0,0,0,0,0,,,0,1,0,0,1,1,0,0,0,0,0,0,0,0,0,0,,0,,,0,0,1,0,0,0,0,0,0,0,0,0,0,0,,0,0,,,,,,,,
NB2226,ee9325de9533fe09be00f57b6148453422ca6486d7d133cde03a34e65068718e,benign,FAILED,,dike,full,1,0.0,,0,0,,,,0,0,0,0,0,0,,,0,0,0,0,0,118,0,0,5,0,0,0,1,0,2,1,boost,0,,,0,0,1,0,0,0,0,0,0,0,0,0,0,0,,0,0,,,,,,,,
NB2227,eefac865c13477f8c890ac2990b822e5ab16a0ad2351bfb28380154ec5bc231c,benign,NO_VICTIM_ACTIVITY,,dike,full,0,0.0,,5,2,,3.0,3.0,15,5,0,0,0,0,0.0,0.0,0,4,0,1,3,1,0,0,0,0,0,0,0,0,0,0,,0,,,0,1,0,0,0,0,0,0,0,0,0,0,0,0,,0,0,,,,,,,,
NB2228,ef12c1f39f55c6e53902f0fe92f5107dd2e2a495e8ed9bd85ea08479fad64487,benign,NO_VICTIM_ACTIVITY,,dike,full,0,0.0,,0,0,,,,5,0,0,0,0,0,,,0,2,0,0,2,1,0,0,0,0,0,0,0,0,0,0,,0,,,0,0,1,0,0,0,0,0,0,0,0,0,0,0,,0,0,,,,,,,,
NB2229,ef37663b44ac66920c6f33694deea01acb78ae3f3012884819373fa04c3eb5f0,benign,FAILED,,dike,static_only,1,2.3,,,,,,,,,,,,,,,,,,,,123,0,0,5,0,0,0,2,1,2,1,,0,,,,,,,,,,,,,,,,,,,,,,,,,,,
NB2230,efecf9bb87d641994cab084a0ad65397b193c7a6d00c65100e6e41b8948f592e,benign,FAILED,,dike,static_only,1,0.3,,,,,,,,,,,,,,,,,,,,60,0,0,1,0,0,0,0,0,0,0,,0,,,,,,,,,,,,,,,,,,,,,,,,,,,
NB2231,f076d0a36e3db1217453392b669d735ff20dfd4ff52778287a4e4a0676f207a0,benign,NO_VICTIM_ACTIVITY,,dike,full,1,1.0,,0,0,,,,0,0,0,0,0,0,,,0,0,0,0,0,111,0,0,0,0,0,0,1,0,1,1,,0,,,0,0,1,0,0,0,0,0,0,0,0,0,0,0,,0,0,,,,,,,,
NB2232,f0ae8be77fa295e2f7d7261dbc26b6a410d9dee83fe5e3dd9cebdceb01952631,benign,FAILED,,dike,static_only,1,3.0,,,,,,,,,,,,,,,,,,,,85,0,0,1,0,0,0,0,0,1,0,,0,,,,,,,,,,,,,,,,,,,,,,,,,,,
NB2233,f0c719723b7689e702a6bb7cf5a56b96f5cef85d45df5ec612ab68524d1e0a47,benign,FAILED,,dike,static_only,1,1.3,,,,,,,,,,,,,,,,,,,,138,0,0,0,0,0,0,0,0,1,0,,0,,,,,,,,,,,,,,,,,,,,,,,,,,,
NB2234,f1510141fe552081af1fb705f04188ede855c237fa989ef65b4e4e2a8ea91ca3,benign,FAILED,,dike,full,1,0.0,,0,0,,,,0,0,0,0,0,0,,,0,0,0,0,0,126,0,0,0,0,0,0,0,0,1,0,,0,,,0,0,1,0,0,0,0,0,0,0,0,0,0,0,,0,0,,,,,,,,
NB2235,f26cf54bc77c69b40ee5f76535a578f86a58194287910d8a8c3f21c5324a6446,benign,FAILED,,dike,full,1,3.0,,64,0,,,,0,64,0,0,0,0,0.0,0.0,0,1,0,1,0,103,0,0,1,0,0,0,0,0,1,0,,0,,,0,0,1,0,0,0,0,0,0,0,0,0,0,0,,0,0,,,,,,,,
NB2236,f404c34eb3227c557f4ee70ff44ebd8dad30268ea79c59e4b6af0354452f0c9d,benign,FAILED,,dike,static_only,1,1.3,,,,,,,,,,,,,,,,,,,,114,0,0,0,0,0,0,0,0,1,0,,0,,,,,,,,,,,,,,,,,,,,,,,,,,,
NB2237,f44f5ab3498c21b098c8d2d823f29c990113b9ef98d429e0c0eed152d5761bfb,benign,FAILED,,dike,static_only,1,1.3,,,,,,,,,,,,,,,,,,,,159,0,0,0,0,0,0,0,0,1,0,,0,,,,,,,,,,,,,,,,,,,,,,,,,,,
NB2238,f4bec9d2f7e662f318c2ef32154c6ddb7108bc0a050b5e83a28f5c519139e3d5,benign,FAILED,,dike,static_only,1,1.0,,,,,,,,,,,,,,,,,,,,109,0,0,2,0,0,0,0,0,1,0,,0,,,,,,,,,,,,,,,,,,,,,,,,,,,
NB2239,f4c14fc2866019ea8367353e30da7912c86cb98da4cdf8d40b669c44a8284545,benign,FAILED,,dike,full,1,1.2,,0,0,,,,0,0,0,0,0,0,,,0,0,0,0,0,448,7,1,7,2,0,0,4,1,2,3,,0,,,1,0,0,0,0,0,0,0,0,0,0,0,0,0,,0,0,,,,,,,,
NB2240,f51fab8041e5023d7290b540a2106f051ef0bd2bc3443c9daf318628b560fa29,benign,FAILED,,dike,full,1,3.0,,0,0,,,,0,0,0,0,0,0,,,0,0,0,0,0,99,0,0,3,0,0,0,0,0,1,0,,0,,,0,0,1,0,0,0,0,0,0,0,0,0,0,0,,0,0,,,,,,,,
NB2241,f62c18b00f87907a37c167dea4774e62593f769f796880776a837bb669f687ef,benign,NO_VICTIM_ACTIVITY,,dike,full,1,7.0,,0,0,,,,0,0,0,0,0,0,,,0,0,0,0,0,62,0,0,0,0,0,0,0,0,2,0,,0,,,0,0,1,0,0,0,0,0,0,0,0,0,13,1,,0,0,,,,,,,,
NB2242,f641a43d9c4a296034b0ecc0e67496a212e96e0571d03bbf28d97bc6152022bf,benign,FAILED,,dike,full,1,0.0,,0,0,,,,0,0,0,0,0,0,,,0,0,0,0,0,310,0,0,1,0,0,0,1,0,2,1,,0,,,0,0,1,0,0,0,0,0,0,0,0,0,0,0,,0,0,,,,,,,,
NB2243,f696bced4f6608ef898bdca29ba757a07900e4031e1de74c85bd18949e6479e8,benign,FAILED,,dike,static_only,1,0.8,,,,,,,,,,,,,,,,,,,,116,0,0,3,0,0,0,2,0,1,1,,0,,,,,,,,,,,,,,,,,,,,,,,,,,,
NB2244,f78a48acc9b61f4086b74f54dc8f4e8d0139745c4004af6c98603486d8d210d5,benign,FAILED,,dike,static_only,1,0.3,,,,,,,,,,,,,,,,,,,,112,0,0,0,0,0,0,0,0,1,0,,0,,,,,,,,,,,,,,,,,,,,,,,,,,,
NB2245,f805fbd781c27bcb4f1c887afcf9d32aa7b74e350b6e60e50337aa319b69cf62,benign,FAILED,,dike,static_only,1,0.0,,,,,,,,,,,,,,,,,,,,869,0,0,4,0,0,0,0,0,2,0,,0,,,,,,,,,,,,,,,,,,,,,,,,,,,
NB2246,f88eaba7a5b1ad361d27be9e7d65f28b2010544e292fa9592922f82d3af48da9,benign,NO_VICTIM_ACTIVITY,,dike,full,1,9.0,,3,439,-0.011179692720704022,5.739834972080013,6.376825800964972,174,3,0,0,0,5,0.0,0.0,0,51,0,3,48,70,0,0,2,0,0,0,0,0,1,0,,0,,,0,1,0,5,0,0,0,0,0,0,2,2,31,0,389.3,0,0,,,,,,,,
NB2247,f8b29d56375db2665c596014831a0daa7804df5ed2ead414c644f565c6b488d2,benign,FAILED,,dike,static_only,1,1.3,,,,,,,,,,,,,,,,,,,,82,0,0,0,0,0,0,0,0,1,0,,0,,,,,,,,,,,,,,,,,,,,,,,,,,,
NB2248,f9337d0c0aab6649cf80cc50fbd6f11bbcb84f933fd05bb79e4c8b5c3cbd8fdc,benign,NO_VICTIM_ACTIVITY,,dike,full,1,3.0,,1,0,,,,2,1,0,0,0,0,0.0,0.0,0,2,0,1,1,142,0,0,4,1,0,0,0,1,1,1,,0,,,0,0,1,0,0,0,0,0,0,0,0,0,0,0,,0,0,,,,,,,,
NB2249,f95d314d5680d40c5a4b5f3bb45e6ab2877591e177ceeb2d391db2859d65f6a9,benign,NO_VICTIM_ACTIVITY,,dike,full,1,0.0,,0,0,,,,0,0,0,0,0,0,,,0,0,0,0,0,243,0,0,4,0,0,0,1,0,2,1,,0,,,0,0,1,0,0,0,0,0,0,0,0,0,0,1,,0,0,,,,,,,,
NB2250,fa10401a4522458c37092f7d8e198ab13ec83568e2078dbfe559741b92d940e4,benign,FAILED,,dike,full,1,3.0,,0,0,,,,0,0,0,0,0,0,,,0,0,0,0,0,121,0,0,0,0,0,0,2,0,2,1,,0,,,0,0,1,0,0,0,0,0,0,0,0,0,0,0,,0,0,,,,,,,,
NB2251,fa39bbfc6b3b634650c2f1c7cc665cc664dcf0b9a3369b9a0fb5d716eef4c8da,benign,FAILED,,dike,static_only,1,0.3,,,,,,,,,,,,,,,,,,,,508,0,0,7,0,0,0,1,1,2,1,,0,,,,,,,,,,,,,,,,,,,,,,,,,,,
NB2252,fa98c952dc568cbea659ad8505ed2ee177ee6ad22dcec6b879994299d2cff278,benign,NO_VICTIM_ACTIVITY,,dike,full,0,0.0,,0,0,,,,5,0,0,0,0,0,,,0,3,0,0,3,1,0,0,0,0,0,0,0,0,0,0,,0,,,0,0,1,0,0,0,0,0,0,0,0,0,0,0,,0,0,,,,,,,,
NB2253,fabc7c12fd6523338f8adb3fefcaed7f213afe95e784ef36ecdf42da67421ab1,benign,FAILED,,dike,full,1,0.0,,0,0,,,,0,0,0,0,0,0,,,0,0,0,0,0,119,0,0,2,0,0,0,0,0,2,0,,0,,,0,0,1,0,0,0,0,0,0,0,0,0,0,0,,0,0,,,,,,,,
NB2254,fb038a3f6029aacb251d4c79fad083865ef2a01efbbd94572ada383dcf6e2f57,benign,FAILED,,dike,full,1,1.0,,1,0,,,,0,1,0,0,0,0,0.0,0.0,0,1,0,1,0,83,0,0,3,0,0,0,0,0,2,0,,0,,,0,0,1,0,0,0,0,0,0,0,0,0,0,0,,0,0,,,,,,,,
NB2255,fb79aa9861b147460e71653b2c01129cc0911efc6c1f97c6377d96f47d651da2,benign,FAILED,,dike,static_only,1,0.3,,,,,,,,,,,,,,,,,,,,83,0,0,0,0,0,0,0,0,2,0,,0,,,,,,,,,,,,,,,,,,,,,,,,,,,
NB2256,fbba0c95a318e9c7f37915f2fc273321a668e668696e821cab1b013ad8fe496b,benign,FAILED,,dike,static_only,1,1.3,,,,,,,,,,,,,,,,,,,,196,0,0,0,0,0,0,0,0,1,0,,0,,,,,,,,,,,,,,,,,,,,,,,,,,,
NB2257,fbfdedb850f535b635f17053f33bad5e5f72785a576ba5a8b1c6adff4488b430,benign,NO_VICTIM_ACTIVITY,,dike,full,1,0.0,,0,0,,,,0,0,0,0,0,0,,,0,0,0,0,0,137,0,0,0,0,0,0,1,0,1,1,,0,,,0,0,1,0,0,0,0,0,0,0,0,0,0,0,,0,0,,,,,,,,
NB2258,fc523163e02e81b9bd9ea8eaf7571c6e60d78ca662a5da0f590cdfd4dd1efcb5,benign,NO_VICTIM_ACTIVITY,,dike,full,1,6.0,,62,0,,,,24,62,9,2,5,6,0.14516129032258066,0.03225806451612903,3,20,2,8,10,56,0,0,0,0,0,0,0,0,2,0,,0,,,0,0,1,7,0,0,0,0,0,0,2,2,38,11,244.0,0,0,,,,,,,,
NB2259,fc9ead313b5a4a2f353551677acb9a31b02b028aeb242824bc6e582bb74696ad,benign,NO_VICTIM_ACTIVITY,,dike,full,0,0.0,,0,16,,6.3635542621466215,6.3635542621466215,5,0,0,0,0,0,,,0,2,0,0,2,1,0,0,0,0,0,0,0,0,0,0,,0,,,0,1,0,0,0,0,0,0,0,0,0,0,0,0,,0,0,,,,,,,,
NB2260,fd3ba349e62a5fdd1cff2b7347ce65fe3318e48164a34a890c1096e8b23d3bac,benign,FAILED,,dike,full,1,3.0,,0,0,,,,0,0,0,0,0,0,,,0,0,0,0,0,128,0,0,0,0,0,0,0,0,1,0,,0,,,0,0,1,0,0,0,0,0,0,0,0,0,0,0,,0,0,,,,,,,,
NB2261,fd7d0de65de8c837b3f27277dfb88e1db87d3da321fb530117dca26476aba808,benign,FAILED,,dike,static_only,1,1.3,,,,,,,,,,,,,,,,,,,,198,0,1,0,0,0,0,0,0,1,0,,0,,,,,,,,,,,,,,,,,,,,,,,,,,,
NB2262,fdb94cfe79f802c24a9e758699a241cc17df084e10638a210822aad25ccb8f50,benign,FAILED,,dike,static_only,1,0.3,,,,,,,,,,,,,,,,,,,,518,0,0,0,0,0,0,0,0,2,0,,0,,,,,,,,,,,,,,,,,,,,,,,,,,,
NB2263,fdbad29d846785daeac792e56c7165685ecaf6f784931c86fb2ce8b085f3ba67,benign,NO_VICTIM_ACTIVITY,,dike,full,0,9.0,,0,0,,,,2,0,0,0,0,7,,,0,8,0,0,8,1,0,0,0,0,0,0,0,0,0,0,,0,,,0,0,1,7,0,0,0,0,0,0,3,3,2,0,,0,0,,,,,,,,
NB2264,fddcc6a930aa564f854b83b01c65fbe97d70821a1db1ccae79a02f632f2cb2b4,benign,NO_VICTIM_ACTIVITY,,dike,full,1,3.2,,0,0,,,,0,0,0,0,0,0,,,0,0,0,0,0,127,0,0,0,0,0,0,0,0,2,0,,0,,,0,0,1,0,0,0,0,0,0,0,0,0,0,0,,0,0,,,,,,,,
NB2265,fe89a44af5adcaa2653c7c59e7d22f26a4c4bfcc5b5925cebeffc9ceac4ca68a,benign,FAILED,,dike,static_only,1,2.3,,,,,,,,,,,,,,,,,,,,270,0,0,6,0,0,0,0,1,2,0,,0,,,,,,,,,,,,,,,,,,,,,,,,,,,
NB2266,feb5b3512c236a338dd392ed46f27796be7621d7a6eb0cfae9e9518276c6ebe1,benign,FAILED,,dike,static_only,1,0.3,,,,,,,,,,,,,,,,,,,,258,0,0,0,0,0,0,0,0,2,0,,0,,,,,,,,,,,,,,,,,,,,,,,,,,,
NB2267,feb6e3f037c3124988c35c5ec09898d8d9ecd3beaca973cf6c0dadf5d6e308dd,benign,FAILED,,dike,static_only,1,0.3,,,,,,,,,,,,,,,,,,,,40,0,0,1,0,0,0,0,0,0,0,,0,,,,,,,,,,,,,,,,,,,,,,,,,,,
NB2268,ff9ef3f71807789ab7387c00020b61f7c7ffdcbd7f55d5274bd9d5800b98cad6,benign,NO_VICTIM_ACTIVITY,,dike,full,1,0.0,,4741,0,,,,0,4741,0,0,0,5,0.0,0.0,0,106,0,102,4,96,0,0,0,0,0,0,0,0,1,0,,0,,,0,0,1,4,0,0,0,0,0,0,3,3,15,3,-32.2,0,0,,,,,,,,
NB2269,ffb860e143e71b639ce6e78afc0a4e120714fcffbbc8113932daa612e387f630,benign,FAILED,,dike,static_only,1,1.3,,,,,,,,,,,,,,,,,,,,655,0,0,9,0,0,0,3,1,2,1,boost;openssl,0,,,,,,,,,,,,,,,,,,,,,,,,,,,
NB2270,fffadeda975e01bb25fddcc63670cb1b73082db4addc58e782f0b4aa2af976e4,benign,FAILED,,dike,static_only,1,0.0,,,,,,,,,,,,,,,,,,,,100,0,0,3,0,0,0,0,0,2,0,,0,,,,,,,,,,,,,,,,,,,,,,,,,,,
