sample_id,sha256,label,verdict,family,source,coverage,static_readable,malscore,cape_family,n_file_writes,n_crypto_calls,write_crypto_pearson,crypto_buffer_entropy_mean,crypto_buffer_entropy_max,n_read,n_write,n_delete,n_move,n_copy,n_execute,delete_to_write_ratio,move_to_write_ratio,destructive_extension_variety,active_windows,destructive_chain_windows,write_only_nondestructive_windows,other_windows,total_imports,imp_crypto,imp_random,imp_file_ops,imp_volume_enum,imp_network_spread,imp_file_unlock,imp_process_enum,imp_shadow_service,imp_anti_analysis,indicative_category_count,static_crypto_libs,unpacked_total_imports,unpacked_indicative_category_count,categories_revealed_by_unpacking,crypto_imported_not_called,crypto_called_not_imported,static_dynamic_agreement,n_executed_commands,n_shadow_delete,n_recovery_disable,n_service_stop,n_process_kill,n_log_clear,n_services_created,n_services_started,n_service_events,n_registry_writes,n_registry_deletes,prep_to_destroy_delay_sec,n_prep_processes,n_prep_categories,n_prep_before_destroy,prep_precedes_destroy,prep_to_first_destroy_sec,n_destroy_after_prep,destroy_span_after_prep_sec,n_prep_during_destroy,prep_overlaps_destroy,prep_position_in_destroy
35,ef2ce641a4e9f270eea626e8e4800b0b97b4a436c40e7af30aeb6f02566b809c,ransomware,NO_VICTIM_ACTIVITY,,cape,full,0,10.0,,20,108,-0.07476927221530984,3.0385520915968356,6.529881967224306,116,20,3,0,0,6,0.15,0.0,2,31,2,10,19,0,0,0,0,0,0,0,0,0,0,0,,0,,,,,,8,0,0,0,0,0,0,1,1,58,126,-39.4,0,0,,,,,,,,
36,ef2ce641a4e9f270eea626e8e4800b0b97b4a436c40e7af30aeb6f02566b809c,ransomware,NO_VICTIM_ACTIVITY,,cape,full,0,10.0,,19,108,-0.1662584483717254,3.04016934227069,6.615596252938593,68,19,3,1,0,0,0.15789473684210525,0.05263157894736842,3,18,1,9,8,0,0,0,0,0,0,0,0,0,0,0,,0,,,,,,4,0,0,0,0,0,0,2,3,26,24,-22.4,0,0,,,,,,,,
37,ed01ebfbc9eb5bbea545af4d01bf5f1071661840480439c6e5babe8e080e41aa,ransomware,TRUE_ENCRYPTION,,cape,full,1,10.0,WanaCry,1919,874,0.6838974110993606,5.658019116662058,7.305814880244616,1063,1919,4132,1318,59,15,2.153204794163627,0.6868160500260553,25,213,77,24,112,114,1,0,3,0,0,0,0,1,0,1,,394,3,2,0,0,1,13,0,0,0,0,0,0,0,0,15,6,,0,0,,,,,,,,
43,396f80f3327016b9782596d98929452ee2bd9e6c6d7287c03d7461edfe25aa3c,ransomware,NO_VICTIM_ACTIVITY,,cape,full,1,7.0,,543,74,-0.13680382769303737,,,264,543,13,0,0,1,0.02394106813996317,0.0,3,47,0,15,32,128,0,0,7,1,0,0,1,1,2,2,openssl,2288,3,1,0,1,0,1,0,0,0,0,0,0,0,0,0,0,,0,0,,,,,,,,
44,bb499a7a698e1dc2ac3d85f40d778da187cc502e7f34c2c22e27dce8732f1eca,ransomware,NO_VICTIM_ACTIVITY,,cape,full,1,7.0,,544,74,-0.109991931043,,,260,544,13,0,0,1,0.02389705882352941,0.0,3,45,0,18,27,128,0,0,7,1,0,0,1,1,2,2,openssl,2288,3,1,0,1,0,1,0,0,0,0,0,0,0,0,0,0,,0,0,,,,,,,,
45,a4d68d7cf7d688deba0b8362e8f586ce6b3f5ce466358be00f002ac3b47f7829,ransomware,NO_VICTIM_ACTIVITY,,cape,full,1,7.0,,814,0,,,,545,814,35,0,0,4,0.042997542997543,0.0,7,106,0,29,77,128,0,0,7,1,0,0,1,1,2,2,openssl,3400,3,1,0,0,1,5,0,0,0,0,0,0,1,1,0,0,-204.9,0,0,,,,,,,,
46,3e3792ae919f390ecaba92852dc60fb2ef64ca86e01ee6aaceda6903194284d5,ransomware,NO_VICTIM_ACTIVITY,,cape,full,1,7.0,,740,75,-0.04759702740360384,,,544,740,35,0,0,4,0.0472972972972973,0.0,7,109,0,23,86,128,0,0,7,1,0,0,1,1,2,2,openssl,3400,3,1,0,1,0,5,0,0,0,0,0,0,3,3,2,0,-106.4,0,0,,,,,,,,
52,3a30d7761967ad217b90e3e3e02aabd82b13065d7401bf436adefdf75cfea72e,ransomware,NO_VICTIM_ACTIVITY,,cape,full,1,0,,137,0,,,,84,137,0,0,0,0,0.0,0.0,0,12,0,12,0,145,0,0,6,0,0,0,2,1,0,1,,0,,,0,0,1,0,0,0,0,0,0,0,0,0,0,0,,0,0,,,,,,,,
54,47c6ba872eea70cf59233fabbdb6d1978cfc7c5602d4710b4f3d123e91f91822,ransomware,NO_VICTIM_ACTIVITY,LockBit,cape,full,1,9.0,,1,0,,,,76,1,1,0,0,3,1.0,0.0,1,25,0,1,24,163,0,0,9,0,0,0,0,1,2,0,,7,0,0,0,0,1,4,0,0,0,0,0,0,0,0,0,0,,0,0,,,,,,,,
70,bff12a83b1fc2e0ad0000ad9b68abc8eada559bb1094caaf5b9f52887df23705,ransomware,TRUE_ENCRYPTION,AvosLocker,cape,full,1,9.0,,2266,17911,0.7926547341992604,5.961066198844924,7.343383214633315,2265,2266,0,2516,436,5,0.0,1.1103265666372462,85,220,123,14,83,145,8,1,7,5,4,4,5,0,2,5,cryptopp,0,,,0,0,1,14,5,4,0,0,2,0,1,1,3,1,-142.2,4,2,1,1,8.0,2516,316.3,3,1,0.011
71,0b1f19ba8740b10ed017671aab023228756a6864fb008bf23f3c606189bdcd98,ransomware,TRUE_ENCRYPTION,AvosLocker,cape,full,1,9.0,,632,4228,0.8919907833427163,6.030985217615859,7.30733081042011,596,632,3,540,82,8,0.004746835443037975,0.8544303797468354,41,116,51,19,46,145,8,1,7,5,4,4,5,0,2,5,cryptopp,0,,,0,0,1,16,5,4,0,0,2,0,2,2,5,1,-221.0,4,2,0,0,,0,325.8,4,1,0.09
72,ed01ebfbc9eb5bbea545af4d01bf5f1071661840480439c6e5babe8e080e41aa,ransomware,TRUE_ENCRYPTION,,cape,full,1,10.0,WanaCry,1879,907,0.4372639535757686,5.643198521242197,7.325979241781872,1157,1879,4558,1598,61,27,2.425758382118148,0.8504523682810006,27,225,61,13,151,114,1,0,3,0,0,0,0,1,0,1,,2754,3,2,0,0,1,14,0,0,0,0,0,0,0,0,15,6,,0,0,,,,,,,,
73,8a99353662ccae117d2bb22efd8c43d7169060450be413af763e8ad7522d2451,ransomware,FAILED,Hive,cape,full,1,0.3,,0,0,,,,0,0,0,0,0,0,,,0,0,0,0,0,40,0,0,2,0,0,0,0,0,1,0,boost,0,,,0,0,1,0,0,0,0,0,0,0,0,0,0,0,,0,0,,,,,,,,
74,183e9d0d23ee006d5172ba32d0237b853adf1ed98bc318dc5ee5e1f8fb62b334,ransomware,TRUE_ENCRYPTION,MedusaLocker,cape,full,0,10.0,MedusaLocker,247,2149,0.507762123627533,7.1721422568584074,7.318587875924289,332,247,15,253,1,26,0.06072874493927125,1.0242914979757085,44,160,5,21,134,14,1,0,0,0,0,1,0,0,0,2,,189,4,2,0,0,1,10,1,0,0,0,0,0,0,0,31,22,,3,1,0,0,,0,340.4,3,1,0.042
75,ea32d0b279d1f93cef18512a54cbf0a2d4a87368ad516682bea55356701a23ad,ransomware,TRUE_ENCRYPTION,MedusaLocker,cape,full,0,10.0,MedusaLocker,61,309,0.1488204063456569,6.184827678553511,7.154520593706189,142,61,7,0,0,36,0.11475409836065574,0.0,4,47,0,8,39,13,1,0,0,0,1,1,0,0,0,3,,0,,,0,0,1,10,2,0,2,0,0,0,3,12,27,5,70.1,4,2,4,1,86.5,7,36.7,0,1,
76,81b9fd825b7d6aa23c6bd641662d4dd2e1b0fbcf3a35efb61331f17e6fff1618,ransomware,NO_VICTIM_ACTIVITY,Hive,cape,full,1,3.8,,11,238,0.6373124448112981,6.966171795273742,6.966171795273742,0,11,0,0,0,0,0.0,0.0,0,2,0,2,0,39,0,0,2,0,0,0,0,0,1,0,boost,0,,,0,1,0,0,0,0,0,0,0,0,0,0,0,0,,0,0,,,,,,,,
77,1bc0575b3fc6486cb2510dac1ac6ae4889b94a955d3eade53d3ba3a92d133281,ransomware,TRUE_ENCRYPTION,MedusaLocker,cape,full,0,10.0,MedusaLocker,194,3441,0.628478397426292,7.176086031019075,7.341297260337376,290,194,15,246,1,26,0.07731958762886598,1.268041237113402,43,116,2,10,104,14,1,0,0,0,0,1,0,0,0,2,,189,4,2,0,0,1,9,1,0,0,0,0,0,2,3,45,23,-115.4,3,1,0,0,,0,331.7,3,1,0.025
78,977403e8a424d1a029369b715867c3056a4d0d8a1c75dcf9d84d9c56f9bcf802,ransomware,NO_VICTIM_ACTIVITY,Hive,cape,full,1,7.0,,1259,0,,,,2673,1259,1265,0,0,0,1.004765687053217,0.0,40,466,399,13,54,40,0,0,2,0,0,0,0,0,1,0,boost,5520,4,4,0,0,1,0,0,0,0,0,0,0,0,0,0,0,,0,0,,,,,,,,
79,dde3c98b6a370fb8d1785f3134a76cb465cd663db20dffe011da57a4de37aa95,ransomware,TRUE_ENCRYPTION,MedusaLocker,cape,full,1,10.0,MedusaLocker,827,2861,0.42301663824757696,7.175503130914747,7.347420208742257,297,827,11,220,1,18,0.013301088270858524,0.2660217654171705,40,174,14,25,135,182,8,0,8,0,0,4,4,3,2,3,,0,,,0,0,1,13,1,0,0,0,0,0,3,4,26,12,-41.1,1,1,0,0,,0,429.9,1,1,0.072
80,add2850732c42683ee92ba555bbffb88bf5a4eee7c51e24f15a898f2d5aff66b,ransomware,TRUE_ENCRYPTION,MedusaLocker,cape,full,1,10.0,MedusaLocker,156,2573,0.5469233527877124,7.172853789217209,7.3224028564353665,259,156,10,175,1,35,0.0641025641025641,1.1217948717948718,40,159,1,22,136,188,8,0,8,4,0,4,4,3,2,4,,0,,,0,0,1,17,1,0,0,0,0,0,0,0,38,22,,3,1,0,0,,0,388.6,3,1,0.033
81,f6586d00b0f766288921d926922c8ad7c2d925e708eacc9925058bd49337db9f,ransomware,NO_VICTIM_ACTIVITY,MedusaLocker,cape,full,1,10.0,BabyLockerKZ,106,18,0.19808334818010875,7.135470709226509,7.217132491017102,384,106,1,1,0,85,0.009433962264150943,0.009433962264150943,1,181,0,63,118,168,9,1,7,5,0,4,1,0,2,4,,0,,,0,0,1,69,4,0,9,42,0,0,6,13,21,3,-130.6,18,2,9,1,329.3,2,0.0,0,1,
82,26af2222204fca27c0fdabf9eefbfdb638a8a9322b297119f85cce3c708090f0,ransomware,TRUE_ENCRYPTION,MedusaLocker,cape,full,1,10.0,MedusaLocker,201,2624,0.32051981684829195,7.174086355709822,7.372490869688847,324,201,14,230,1,28,0.06965174129353234,1.144278606965174,46,185,4,21,160,189,8,0,8,4,0,4,4,3,2,4,,0,,,0,0,1,12,1,0,0,0,0,0,1,1,36,17,-33.1,3,1,0,0,,0,425.2,3,1,0.035
83,f0c2c9663215a97b04f1f97cb34c99c2cf06ba502fd1f1ad4922ead45fa442a6,ransomware,TRUE_ENCRYPTION,MedusaLocker,cape,full,1,10.0,MedusaLocker,212,2814,0.3813866833950302,7.172806856187882,7.332445886759449,323,212,10,240,1,32,0.04716981132075472,1.1320754716981132,42,178,7,18,153,189,8,0,8,4,0,4,4,3,2,4,,0,,,0,0,1,16,1,0,0,0,0,0,2,3,38,17,-16.0,3,1,0,0,,0,399.9,3,1,0.027
84,05b51b5f41e483020d14126522a13c69b75e5cbb093a78980877bb60cf778873,ransomware,TRUE_ENCRYPTION,MedusaLocker,cape,full,1,10.0,MedusaLocker,244,3900,0.12648903548150003,7.175960153670882,7.354061073168834,323,244,11,235,1,29,0.045081967213114756,0.9631147540983607,42,174,7,21,146,189,8,0,8,4,0,4,4,3,2,4,,0,,,0,0,1,12,1,0,0,0,0,0,1,1,39,17,-19.4,3,1,0,0,,0,400.0,3,1,0.033
85,8e797fff8fae9afb216b81ae341aac9f05f419061075b0f6ce4c0c7a67f458a4,ransomware,TRUE_ENCRYPTION,MedusaLocker,cape,full,1,10.0,MedusaLocker,199,2711,0.7276647819614401,7.174028465327269,7.353035249500265,325,199,10,249,1,30,0.05025125628140704,1.2512562814070352,45,184,5,21,158,189,8,0,8,4,0,4,4,3,2,4,,0,,,0,0,1,13,1,0,0,0,0,0,1,1,40,22,-26.6,3,1,0,0,,0,407.6,3,1,0.027
86,860154eb48c722136e8c84b14a528be602aa6bc3de77523ea4d9490f280f69d7,ransomware,TRUE_ENCRYPTION,MedusaLocker,cape,full,1,10.0,MedusaLocker,165,2336,0.14217301563918658,7.1748305075665515,7.363372992672645,326,165,11,242,1,34,0.06666666666666667,1.4666666666666666,44,179,2,23,154,189,8,0,8,4,0,4,4,3,2,4,,0,,,0,0,1,16,1,0,0,0,0,0,1,1,35,17,-17.0,3,1,0,0,,0,391.9,3,1,0.025
87,fb1fc5323853e3289c41b4df3851cda88462ce954c2b9c7102c5a363dfa8166d,ransomware,TRUE_ENCRYPTION,MedusaLocker,cape,full,1,10.0,MedusaLocker,255,2608,0.475450200458427,7.176332261572927,7.361465502417109,327,255,27,247,1,39,0.10588235294117647,0.9686274509803922,44,189,4,26,159,189,8,0,8,4,0,4,4,3,2,4,,0,,,0,0,1,14,1,0,0,0,0,0,2,4,45,22,-25.7,3,1,0,0,,0,575.2,3,1,0.018
88,fc0f65213e7ad5960378433efc55642c116c750e10cb881ed7297f361b6be7dd,ransomware,TRUE_ENCRYPTION,MedusaLocker,cape,full,1,10.0,MedusaLocker,234,1674,0.7730583699586558,7.173007214064975,7.34084349644553,283,234,14,236,1,39,0.05982905982905983,1.0085470085470085,42,167,4,13,150,189,8,0,8,4,0,4,4,3,2,4,,0,,,0,0,1,15,1,0,0,0,0,0,2,4,40,20,-20.5,3,1,0,0,,0,399.0,3,1,0.031
89,2e9fceb91d4378a4e67250f0cb633a020be6eb1c57237272a50cb4db36997db7,ransomware,TRUE_ENCRYPTION,MedusaLocker,cape,full,1,10.0,MedusaLocker,210,2868,0.454537135099605,7.175266011137771,7.339431470413729,326,210,11,235,1,29,0.05238095238095238,1.119047619047619,44,173,3,23,147,189,8,0,8,4,0,4,4,3,2,4,,0,,,0,0,1,12,1,0,0,0,0,0,0,0,40,22,,3,1,0,0,,0,407.1,3,1,0.025
90,a533f9ae8f269f97eeb35ddac6d1d955924f6eea1794b8a227457e95cf524d44,ransomware,TRUE_ENCRYPTION,MedusaLocker,cape,full,1,10.0,MedusaLocker,123,1801,0.40717060202701055,7.162238199798257,7.3516237708490895,354,123,27,251,1,32,0.21951219512195122,2.040650406504065,42,206,2,18,186,189,8,0,8,4,0,4,4,3,2,4,,0,,,0,0,1,14,1,0,0,0,0,0,1,1,66,27,-20.2,3,1,0,0,,0,404.6,3,1,0.026
91,f064dfde1338a45c76c9cbbe9d7c8b358884c32c21510df14ab9b72df9ead1ba,ransomware,TRUE_ENCRYPTION,MedusaLocker,cape,full,1,10.0,MedusaLocker,274,1801,0.9253594802527871,7.174056117067293,7.367664852255371,308,274,28,244,1,30,0.10218978102189781,0.8905109489051095,44,189,4,17,168,189,8,0,8,4,0,4,4,3,2,4,,0,,,0,0,1,12,1,0,0,0,0,0,1,1,35,17,-19.5,3,1,0,0,,0,451.8,3,1,0.028
92,aa4cd5e9ff8ef8e4a72601c03154231631a5179167400a5478ca4282188b1163,ransomware,TRUE_ENCRYPTION,MedusaLocker,cape,full,1,10.0,MedusaLocker,110,1506,0.6005940140708953,7.169287170649853,7.339478201811797,308,110,11,238,1,31,0.1,2.1636363636363636,43,177,2,22,153,189,8,0,8,4,0,4,4,3,2,4,,0,,,0,0,1,11,1,0,0,0,0,0,2,2,53,25,-24.1,3,1,0,0,,0,438.3,3,1,0.026
93,bdadf73a531421f832714078c438267a76fd5085596c86f2fa4b7341cb336da1,ransomware,TRUE_ENCRYPTION,MedusaLocker,cape,full,1,10.0,MedusaLocker,227,2296,0.395206616018056,7.172044405819323,7.322027497562282,312,227,26,242,1,30,0.1145374449339207,1.066079295154185,42,204,6,18,180,189,8,0,8,4,0,4,4,3,2,4,,0,,,0,0,1,12,1,0,0,0,0,0,1,1,40,22,-33.8,3,1,0,0,,0,426.0,3,1,0.028
94,9555810647200a6eda75dfe1527c1d8720e929b19a6086e536fb4fce4d9db485,ransomware,TRUE_ENCRYPTION,MedusaLocker,cape,full,1,10.0,MedusaLocker,271,3416,0.3692784206110414,7.175432014835583,7.331679532429232,312,271,11,226,1,28,0.04059040590405904,0.8339483394833949,43,173,4,23,146,189,8,0,8,4,0,4,4,3,2,4,,0,,,0,0,1,12,1,0,0,0,0,0,1,1,40,22,-24.0,3,1,0,0,,0,409.3,3,1,0.026
95,e5d819fd969d6bc913698c44beb5c8f763a6d6f07b7cdb3514c4b61a68a1d747,ransomware,TRUE_ENCRYPTION,MedusaLocker,cape,full,1,10.0,MedusaLocker,259,2988,0.28830662595099016,7.175986754387936,7.350024956373384,380,259,31,252,1,41,0.11969111969111969,0.972972972972973,44,220,4,23,193,189,8,0,8,4,0,4,4,3,2,4,,0,,,0,0,1,15,1,0,0,0,0,0,2,3,42,17,-170.7,3,1,0,0,,0,540.5,3,1,0.025
96,abbaff145b18d26db84d52669d1279e928d51f1f571f686cb100d7893cb69295,ransomware,TRUE_ENCRYPTION,MedusaLocker,cape,full,1,10.0,MedusaLocker,285,2406,0.5901407878273376,7.1748087366233415,7.328417995572103,294,285,7,240,1,57,0.02456140350877193,0.8421052631578947,43,171,2,24,145,189,8,0,8,4,0,4,4,3,2,4,,0,,,0,0,1,21,1,0,0,0,0,0,2,4,34,22,-23.7,3,1,0,0,,0,466.8,3,1,0.027
97,6a973119a7c1cb0151cd94b34d24e963260a000da3e3a8df4b96e2430ffa409e,ransomware,TRUE_ENCRYPTION,MedusaLocker,cape,full,1,10.0,MedusaLocker,203,2412,0.5865249713657974,7.173033752105556,7.338085493804475,338,203,10,249,1,31,0.04926108374384237,1.2266009852216748,44,183,5,23,155,189,8,0,8,4,0,4,4,3,2,4,,0,,,0,0,1,14,1,0,0,0,0,0,1,1,39,22,-22.3,3,1,0,0,,0,396.8,3,1,0.04
98,61c26b20a2b291252ccf1b2ae4319542df526e820f96ad4667478ab101b6ee1f,ransomware,TRUE_ENCRYPTION,MedusaLocker,cape,full,1,10.0,MedusaLocker,241,1990,0.839656879943548,7.175095244866064,7.3507480771522715,287,241,7,226,1,58,0.029045643153526972,0.9377593360995851,42,176,5,19,152,189,8,0,8,4,0,4,4,3,2,4,,0,,,0,0,1,21,1,0,0,0,0,0,2,3,33,22,-19.9,3,1,0,0,,0,514.8,3,1,0.018
99,3f5a5dd7c93418534cc11d16e3e8154b3574a1cec2544fdb13894129a906ea9a,ransomware,FAILED,MedusaLocker,cape,static_only,0,10.0,MedusaLocker,,,,,,,,,,,,,,,,,,,0,0,0,0,0,0,0,0,0,0,0,,0,,,,,,,,,,,,,,,,,,,,,,,,,,,
100,e89cea4d336dd9896fe0e7b72636ec0d9caa861cff329d7ac3d4f3149a7e237f,ransomware,FAILED,MedusaLocker,cape,static_only,0,10.0,MedusaLocker,,,,,,,,,,,,,,,,,,,0,0,0,0,0,0,0,0,0,0,0,,0,,,,,,,,,,,,,,,,,,,,,,,,,,,
101,2ab345e3a6dcc64bd66b3b8f88e1e7be4456e3b441d4eeba67e821902b11a579,ransomware,FAILED,MedusaLocker,cape,static_only,0,10.0,MedusaLocker,,,,,,,,,,,,,,,,,,,0,0,0,0,0,0,0,0,0,0,0,,0,,,,,,,,,,,,,,,,,,,,,,,,,,,
102,ba87d97a4c7dec4e2eef997190f5f875c8564395bf3c95bd95055f447c495387,ransomware,TRUE_ENCRYPTION,MedusaLocker,cape,full,1,10.0,MedusaLocker,136,1613,0.16668999125902798,7.17372113139516,7.325904589725436,290,136,16,232,1,28,0.11764705882352941,1.7058823529411764,42,153,4,12,137,189,8,0,8,4,0,4,4,3,2,4,,0,,,0,0,1,10,1,0,0,0,0,0,1,1,45,23,-156.7,3,1,0,0,,0,460.6,3,1,0.019
103,a5fdfacc22914d12eec28fb085f026401db10ae51d4e549dfec6160501be0dcf,ransomware,TRUE_ENCRYPTION,MedusaLocker,cape,full,1,10.0,MedusaLocker,212,1032,0.7506700025405487,7.1707983309411745,7.315392668689513,323,212,33,250,1,30,0.15566037735849056,1.179245283018868,44,171,5,22,144,189,8,0,8,4,0,4,4,3,2,4,,0,,,0,0,1,12,1,0,0,0,0,0,1,1,38,17,-22.2,3,1,0,0,,0,561.6,3,1,0.017
104,6066e91a9b651a9061d3f0941e6686ff476e5e84e11a51ec3bcae049d84b366b,ransomware,TRUE_ENCRYPTION,MedusaLocker,cape,full,1,10.0,MedusaLocker,169,1917,0.8787045823641381,7.174155163393119,7.3356312766488205,314,169,27,250,1,32,0.15976331360946747,1.4792899408284024,42,177,3,18,156,189,8,0,8,4,0,4,4,3,2,4,,0,,,0,0,1,13,1,0,0,0,0,0,1,1,34,17,-23.6,3,1,0,0,,0,439.5,3,1,0.024
105,54b8ca90cd5c6b8053a612d2e8d99bf05f427b36e7fccc0f63427e1f386db186,ransomware,TRUE_ENCRYPTION,MedusaLocker,cape,full,1,10.0,MedusaLocker,162,1697,0.6545698567731381,7.171219199611835,7.3395830208684085,305,162,7,245,1,60,0.043209876543209874,1.5123456790123457,43,192,5,20,167,189,8,0,8,4,0,4,4,3,2,4,,0,,,0,0,1,21,1,0,0,0,0,0,2,6,36,17,-19.3,3,1,0,0,,0,466.3,3,1,0.027
106,e26b2ffb2ee711fc7b04d62911580560794ee4fa9b7fcfade65ee6ff2eed0274,ransomware,TRUE_ENCRYPTION,MedusaLocker,cape,full,1,10.0,MedusaLocker,1077,1029,0.7519220691498035,5.081935599973499,7.21814569747742,523,1077,11,359,0,65,0.01021355617455896,0.3333333333333333,58,114,42,11,61,174,6,1,8,4,3,4,3,4,2,5,cryptopp,0,,,0,0,1,21,2,0,2,0,0,0,3,15,16,0,76.6,4,2,4,1,90.2,370,230.7,0,1,
107,f7c089881a717bd8e9c57f8d5935c8e663e12afb0246b12b24e7a0e055153897,ransomware,NO_VICTIM_ACTIVITY,MedusaLocker,cape,full,1,6.0,,401,3,0.22305375461202134,,,34,401,2,0,0,4,0.004987531172069825,0.0,2,40,0,26,14,161,6,0,8,0,0,0,4,1,2,2,,0,,,0,0,1,4,0,0,0,0,0,0,0,0,4,3,,0,0,,,,,,,,
108,dbac4f2fffcb4e09aad772895647e8f161b1ac713592fe47c5e8207c85722f13,ransomware,TRUE_ENCRYPTION,MedusaLocker,cape,full,1,10.0,MedusaLocker,208,2251,0.6873710233340985,7.174011162491499,7.33884748194552,323,208,14,240,1,30,0.0673076923076923,1.1538461538461537,42,186,6,21,159,189,8,0,8,4,0,4,4,3,2,4,,0,,,0,0,1,13,1,0,0,0,0,0,1,1,38,22,-28.5,3,1,0,0,,0,404.1,3,1,0.022
109,a3fe92224060ec183a25296999c18d4f86149649f1a701ac91b04d73e8678495,ransomware,TRUE_ENCRYPTION,MedusaLocker,cape,full,1,10.0,MedusaLocker,290,1695,0.824652911789493,7.17548335251177,7.341934179426237,314,290,15,236,1,33,0.05172413793103448,0.8137931034482758,43,178,5,23,150,189,8,0,8,4,0,4,4,3,2,4,,0,,,0,0,1,14,1,0,0,0,0,0,1,1,38,17,-28.8,3,1,0,0,,0,404.0,3,1,0.03
110,66a13e8102f809e23e0ad0ba88ced5eecfa319797c9f709d090994a7143d858a,ransomware,TRUE_ENCRYPTION,MedusaLocker,cape,full,1,10.0,MedusaLocker,817,5057,0.46367588171893165,7.174444570809714,7.342410693198806,300,817,14,242,1,31,0.017135862913096694,0.2962056303549572,44,160,10,13,137,189,8,0,8,4,0,4,4,3,2,4,,0,,,0,0,1,10,1,0,0,0,0,0,2,2,49,23,-32.4,3,1,0,0,,0,444.1,3,1,0.03
111,58a0db1ae0d7d8c5cb5db5e5a24fd1088b8029a4e51c02e7b77d400c17bcb39a,ransomware,TRUE_ENCRYPTION,MedusaLocker,cape,full,1,10.0,MedusaLocker,162,2008,0.21082078207698488,7.1761210627289795,7.3411439269361685,306,162,15,243,1,33,0.09259259259259259,1.5,46,187,5,15,167,189,8,0,8,4,0,4,4,3,2,4,,0,,,0,0,1,13,1,0,0,0,0,0,1,1,48,20,-178.7,3,1,0,0,,0,509.0,3,1,0.026
112,c79c6b680a2caa71b3ad052f60ce6da463eb576b8196bb3bbdccd003853769d4,ransomware,TRUE_ENCRYPTION,MedusaLocker,cape,full,1,10.0,MedusaLocker,96,2544,0.1666638004630845,7.174784044305361,7.335632031114784,316,96,15,247,1,35,0.15625,2.5729166666666665,46,174,2,11,161,189,8,0,8,4,0,4,4,3,2,4,,0,,,0,0,1,13,1,0,0,0,0,0,2,4,40,20,-31.3,3,1,0,0,,0,407.9,3,1,0.031
113,19e31469f150f69bda363c8a3454113236620aa44155dbe845e7689522724b0b,ransomware,TRUE_ENCRYPTION,MedusaLocker,cape,full,1,10.0,MedusaLocker,153,1425,0.2990721693803172,7.169104601727459,7.313228369030762,314,153,14,244,1,30,0.0915032679738562,1.5947712418300655,43,177,3,22,152,189,8,0,8,4,0,4,4,3,2,4,,0,,,0,0,1,12,1,0,0,0,0,0,1,1,37,17,-18.5,3,1,0,0,,0,397.9,3,1,0.029
114,99a72b56725196298391f3d52b8536b018aa8b60d97c443161e912430079ed30,ransomware,TRUE_ENCRYPTION,MedusaLocker,cape,full,1,10.0,MedusaLocker,231,1877,0.7480656871169334,7.175634770289862,7.33858081042011,315,231,15,243,1,30,0.06493506493506493,1.051948051948052,44,174,3,21,150,189,8,0,8,4,0,4,4,3,2,4,,0,,,0,0,1,11,1,0,0,0,0,0,1,1,37,17,-20.8,3,1,0,0,,0,431.3,3,1,0.023
115,b15840fb0547fc774f371166adb89cd7a58647d4e379256a2f9806dd5a338627,ransomware,TRUE_ENCRYPTION,MedusaLocker,cape,full,1,10.0,MedusaLocker,155,1347,0.7920962382436528,7.170092434433184,7.302723427828383,310,155,15,252,1,31,0.0967741935483871,1.6258064516129032,45,162,3,12,147,189,8,0,8,4,0,4,4,3,2,4,,0,,,0,0,1,11,1,0,0,0,0,0,2,2,50,18,-169.8,3,1,0,0,,0,495.7,3,1,0.026
116,465ab4311a7db9f0bc10921cf6a0da7a746c4023dd78fdcec1c253eee69e5b9d,ransomware,TRUE_ENCRYPTION,MedusaLocker,cape,full,1,10.0,MedusaLocker,175,2946,0.5649749200155632,7.17232016176915,7.3188660520003985,308,175,10,233,1,31,0.05714285714285714,1.3314285714285714,42,173,4,17,152,189,8,0,8,4,0,4,4,3,2,4,,0,,,0,0,1,11,1,0,0,0,0,0,3,3,48,20,-21.1,3,1,0,0,,0,433.4,3,1,0.025
117,f1c361bb3b649918bc5b3ad3fc5cbd1bbd7c585fbe2557410e267d161d3bb998,ransomware,TRUE_ENCRYPTION,MedusaLocker,cape,full,1,10.0,MedusaLocker,245,2577,0.42385078372376056,7.173688420526138,7.340648486252066,281,245,7,241,1,51,0.02857142857142857,0.9836734693877551,41,151,5,12,134,189,8,0,8,4,0,4,4,3,2,4,,0,,,0,0,1,19,1,0,0,0,0,0,2,5,40,18,-168.4,3,1,0,0,,0,598.4,3,1,0.019
118,fbe10da8d483a0db6686b1f03f18b00dbc60c69fb9a9f4a941764c2c3426367c,ransomware,TRUE_ENCRYPTION,MedusaLocker,cape,full,1,10.0,MedusaLocker,128,1503,0.7856737370945079,7.168882536815112,7.310279589725436,310,128,15,243,1,31,0.1171875,1.8984375,45,165,4,21,140,189,8,0,8,4,0,4,4,3,2,4,,0,,,0,0,1,13,1,0,0,0,0,0,1,1,38,17,-21.8,3,1,0,0,,0,408.2,3,1,0.031
119,cb12325d13acb03ad4f9977f426baf8b4688af04d4ffe23aa5f1bbd747a147c0,ransomware,TRUE_ENCRYPTION,MedusaLocker,cape,full,1,10.0,MedusaLocker,813,3137,0.3070085006743936,7.17327130389718,7.35266549377358,314,813,67,294,1,44,0.08241082410824108,0.36162361623616235,41,209,14,35,160,189,8,0,8,4,0,4,4,3,2,4,,0,,,0,0,1,17,1,0,0,0,0,0,2,3,44,22,-20.0,3,1,0,0,,0,492.0,3,1,0.024
120,6c51f28a6ab35c91e789a4b1a05032c87a3f03006019ba4997dc092ad1c8a625,ransomware,TRUE_ENCRYPTION,MedusaLocker,cape,full,1,10.0,MedusaLocker,1164,2516,0.2242107060461932,7.175028928612741,7.327879338664324,243,1164,12,172,1,39,0.010309278350515464,0.14776632302405499,40,164,37,28,99,189,8,0,8,4,0,4,4,3,2,4,,0,,,0,0,1,18,1,0,0,0,0,0,1,1,40,22,-18.1,3,1,0,0,,0,439.3,3,1,0.023
121,ec2ec1c316045d5e2e43cc0f1df738e6367b520310a4b7a644717d3aebda43f4,ransomware,TRUE_ENCRYPTION,MedusaLocker,cape,full,1,10.0,MedusaLocker,155,2187,0.2559280820110998,7.175620080166002,7.338119198915161,329,155,13,236,1,29,0.08387096774193549,1.5225806451612902,41,191,4,27,160,189,8,0,8,4,0,4,4,3,2,4,,0,,,0,0,1,12,1,0,0,0,0,0,1,1,36,17,-36.7,3,1,0,0,,0,427.8,3,1,0.029
122,8939141fb565c044895627bbeb522d840d24899dec53545e4a925012dbf83230,ransomware,TRUE_ENCRYPTION,MedusaLocker,cape,full,1,10.0,MedusaLocker,209,4562,0.2455482175496355,7.171919957106315,7.348460986252066,274,209,11,187,1,30,0.05263157894736842,0.8947368421052632,40,156,3,23,130,189,8,0,8,4,0,4,4,3,2,4,,0,,,0,0,1,12,1,0,0,0,0,0,1,1,37,22,-20.7,3,1,0,0,,0,438.0,3,1,0.028
123,98c9e56cba271bf7b32fc17d7966d067d9b549594f8dc60c941f93346e376c00,ransomware,NO_VICTIM_ACTIVITY,MedusaLocker,cape,full,0,9.0,Scarab-Dharma,329,14,0.023270928890644083,3.3219280948873626,3.321928094887362,79,329,20,2,27,5,0.060790273556231005,0.0060790273556231,5,44,4,17,23,1,0,0,0,0,0,0,0,0,0,0,,2,0,0,0,1,0,7,0,0,0,0,0,0,2,2,41,8,-17.4,0,0,,,,,,,,
124,634d84758d8d922bbfb0ad3c904c38fc7989f11503877acf02ad5dad3775df7a,ransomware,TRUE_ENCRYPTION,MedusaLocker,cape,full,1,10.0,MedusaLocker,1303,1074,0.5972861464157567,5.067404041980897,7.150166815554077,716,1303,12,368,0,38,0.00920951650038373,0.28242517267843437,61,176,86,35,55,189,6,1,8,4,3,4,3,4,2,5,cryptopp,0,,,0,0,1,12,2,0,2,0,0,0,2,11,24,10,62.3,4,2,4,1,76.4,380,317.7,0,1,
125,c41926a4e667a38bd712cd8fff2c555c51d7f719a949c9be8c1f74232100444b,ransomware,FAILED,MedusaLocker,cape,static_only,1,10.0,Nermer,,,,,,,,,,,,,,,,,,,174,9,0,8,0,0,0,4,4,2,2,,0,,,,,,,,,,,,,,,,,,,,,,,,,,,
126,0abb4a302819cdca6c9f56893ca2b52856b55a0aa68a3cb8bdcd55dcc1fad9ad,ransomware,TRUE_ENCRYPTION,MedusaLocker,cape,full,1,10.0,MedusaLocker,2720,2823,-0.02435587457457183,7.589686925621509,7.9317051864984025,2372,2720,30,197,0,42,0.011029411764705883,0.0724264705882353,28,357,46,38,273,181,9,0,8,5,0,4,4,4,2,4,,0,,,0,0,1,33,16,2,0,0,0,0,6,10,38,26,-43.0,18,2,0,0,,0,563.8,18,1,0.019
127,c2a0a317d73c96428ab088a8f0636ec4ccace7ca691c84ed66a83a70183f40dc,ransomware,TRUE_ENCRYPTION,MedusaLocker,cape,full,1,10.0,MedusaLocker,1779,8141,0.14127663460095505,7.488129951373152,7.9317051864984025,2357,1779,10,260,0,30,0.005621135469364812,0.1461495222034851,25,276,96,42,138,181,9,0,8,5,0,4,4,4,2,4,,0,,,0,0,1,31,16,2,0,0,0,0,4,5,35,22,-47.9,18,2,0,0,,0,549.0,18,1,0.018
128,f5fb7fa5231c18f0951c755c4cb0ec07b0889b5e320f42213cbf6bbbe499ad31,ransomware,TRUE_ENCRYPTION,MedusaLocker,cape,full,1,10.0,MedusaLocker,1773,4922,0.06994611528825452,7.564877361140856,7.939523450121615,2333,1773,10,221,0,31,0.0056401579244218835,0.12464749012972363,32,277,39,31,207,177,9,0,8,5,0,4,4,4,2,4,,0,,,0,0,1,31,16,2,0,0,0,0,4,5,37,31,-50.6,18,2,0,0,,0,548.6,18,1,0.016
129,c5bef2a489740192a0b2c34cdc2fd954d0b8d5fabcbe0ecb8b78f9301e5a30a6,ransomware,TRUE_ENCRYPTION,MedusaLocker,cape,full,1,10.0,MedusaLocker,139,1658,0.7745597677124273,7.176641781813953,7.322700878419858,324,139,16,247,1,29,0.11510791366906475,1.776978417266187,42,175,2,24,149,189,8,0,8,4,0,4,4,3,2,4,,0,,,0,0,1,12,1,0,0,0,0,0,1,1,40,22,-38.2,3,1,0,0,,0,412.8,3,1,0.031
130,d595339cbbf415eca195eb3a0d9a8b6c9ff82a0cf36e4e867f5cef24503bb532,ransomware,TRUE_ENCRYPTION,MedusaLocker,cape,full,1,10.0,MedusaLocker,22,1546,-0.01089383625559362,7.168449043423912,7.331802148336088,328,22,16,247,1,35,0.7272727272727273,11.227272727272727,44,176,4,14,158,189,8,0,8,4,0,4,4,3,2,4,,0,,,0,0,1,15,1,0,0,0,0,0,1,1,39,22,-30.6,3,1,0,0,,0,415.1,3,1,0.027
131,a25c0227728878c386ab6dba139976cb10e853dd3cd1eb3623f236ee8e1df212,ransomware,TRUE_ENCRYPTION,MedusaLocker,cape,full,1,10.0,MedusaLocker,192,2372,0.20918277248633527,7.170460611000093,7.313295415033422,269,192,11,182,1,34,0.057291666666666664,0.9479166666666666,38,160,3,20,137,188,8,0,8,4,0,4,4,3,2,4,,0,,,0,0,1,17,1,0,0,0,0,0,1,1,38,22,-23.6,3,1,0,0,,0,440.8,3,1,0.033
132,461f8a55ea2eecfcc26562326af4b56fbaf8e4957a4a6e0b75bec8ee90ace078,ransomware,TRUE_ENCRYPTION,MedusaLocker,cape,full,1,10.0,MedusaLocker,184,1779,0.3785595737755358,7.1732846486645805,7.322027497562283,318,184,28,261,1,40,0.15217391304347827,1.4184782608695652,43,208,3,20,185,189,8,0,8,4,0,4,4,3,2,4,,0,,,0,0,1,14,1,0,0,0,0,0,2,7,41,17,-30.5,3,1,0,0,,0,621.2,3,1,0.017
133,212e7f5ed4a581b4d778dfef226738c6db56b4b4006526259392d03062587887,ransomware,TRUE_ENCRYPTION,MedusaLocker,cape,full,1,10.0,MedusaLocker,167,2515,0.5553236764603023,7.170566702743954,7.3375313735312755,262,167,11,182,1,31,0.0658682634730539,1.089820359281437,40,163,1,25,137,189,8,0,8,4,0,4,4,3,2,4,,0,,,0,0,1,13,1,0,0,0,0,0,2,5,40,22,-22.2,3,1,0,0,,0,398.7,3,1,0.029
134,45f0bb5539b7ce29c74f11c46b1f1199eae518af04ff7bb499e10f4780dc7530,ransomware,TRUE_ENCRYPTION,MedusaLocker,cape,full,1,10.0,MedusaLocker,190,1825,0.4852739637144066,7.171264426943877,7.343597265557392,333,190,15,250,1,30,0.07894736842105263,1.3157894736842106,43,184,3,21,160,189,8,0,8,4,0,4,4,3,2,4,,0,,,0,0,1,13,1,0,0,0,0,0,1,1,39,22,-28.1,3,1,0,0,,0,397.8,3,1,0.026
135,4f9a833e79092006c06203a66b41fc9250bcebcee148fea404db75d52035131c,ransomware,NO_VICTIM_ACTIVITY,MedusaLocker,cape,full,1,10.0,MedusaLocker,0,10,,6.458850908832982,7.24483081042011,0,0,1,0,1,5,,,1,3,0,0,3,189,8,0,8,4,0,4,4,3,2,4,,0,,,0,0,1,1,1,0,0,0,0,0,0,0,4,0,,0,0,,,,,,,,
136,1e2335fef46f7320069623fff6702acb41c2877aff5fec83d94a561af37c3c7a,ransomware,TRUE_ENCRYPTION,MedusaLocker,cape,full,1,10.0,MedusaLocker,177,4390,0.3602258042972715,7.173930995935178,7.342563427641414,256,177,11,177,1,31,0.062146892655367235,1.0,36,159,3,21,135,188,8,0,8,4,0,4,4,3,2,4,,0,,,0,0,1,14,1,0,0,0,0,0,1,1,53,20,-52.4,3,1,0,0,,0,469.7,3,1,0.037
137,591153a47beb8f657b0209eaf8a0aa91721965645cbffba13c7991d6591331cb,ransomware,NO_VICTIM_ACTIVITY,MedusaLocker,cape,full,1,9.0,,3,7,,6.002007708937116,7.129015417874233,1,3,0,2,0,0,0.0,0.6666666666666666,1,2,1,0,1,179,6,1,8,0,3,0,2,4,2,3,cryptopp,0,,,0,0,1,1,1,0,0,0,0,0,0,8,0,0,0.5,1,1,0,0,,0,0.1,0,0,
138,033b4950a8f249b20eb86ec6f8f2ea0a1567bb164289d1aa7fb0ba51f9bbe46c,ransomware,TRUE_ENCRYPTION,MedusaLocker,cape,full,1,10.0,MedusaLocker,838,7259,0.18618680592345535,7.4606507028602,7.9317051864984025,2326,838,10,286,0,30,0.011933174224343675,0.3412887828162291,31,287,98,14,175,181,9,0,8,5,0,4,4,4,2,4,,0,,,0,0,1,31,16,2,0,0,0,0,5,6,33,21,-41.4,18,2,0,0,,0,555.4,18,1,0.015
139,4dd950fcdcd8483ec9346b4a5214931134975c439cf463daa3a0518cfc5db9a6,ransomware,TRUE_ENCRYPTION,MedusaLocker,cape,full,0,10.0,MedusaLocker,804,7630,0.11656047372445903,7.5176375931679456,7.93056192181737,2277,804,9,273,0,35,0.011194029850746268,0.33955223880597013,32,314,98,14,202,10,1,0,0,0,0,1,0,0,0,2,,0,,,0,0,1,32,16,2,0,0,0,0,6,9,45,21,-66.5,18,2,0,0,,0,569.3,18,1,0.015
140,4ae110bb89ddcc45bb2c4e980794195ee5eb85b5261799caedef7334f0f57cc4,ransomware,TRUE_ENCRYPTION,MedusaLocker,cape,full,1,10.0,MedusaLocker,172,1625,0.3181783228547483,7.170074803190456,7.305415869030762,258,172,11,173,1,37,0.06395348837209303,1.005813953488372,39,170,3,25,142,188,8,0,8,4,0,4,4,3,2,4,,0,,,0,0,1,18,1,0,0,0,0,0,2,5,52,20,-295.7,3,1,0,0,,0,566.1,3,1,0.019
141,0dd34e1326f18ab113be5ec91003577845f62ce25bbed8f92bff0b4077fe45da,ransomware,TRUE_ENCRYPTION,MedusaLocker,cape,full,0,10.0,MedusaLocker,876,6806,0.14815422154409547,7.424213301673888,7.93056192181737,2390,876,10,312,0,50,0.01141552511415525,0.3561643835616438,37,319,84,22,213,10,1,0,0,0,0,1,0,0,0,2,,0,,,0,0,1,38,16,2,0,0,0,0,5,6,28,21,-71.5,18,2,0,0,,0,567.6,18,1,0.021
142,fbf6c8f0857d888385f6bc0d46523ebcc1634e06d0e96411fc43a8ae4213d1f3,ransomware,TRUE_ENCRYPTION,MedusaLocker,cape,full,1,10.0,MedusaLocker,165,1995,0.6980888255613102,7.169459084816893,7.340070218616753,299,165,11,174,1,29,0.06666666666666667,1.0545454545454545,40,177,2,21,154,188,8,0,8,4,0,4,4,3,2,4,,0,,,0,0,1,13,1,0,0,0,0,0,1,1,64,26,-26.0,3,1,0,0,,0,438.8,3,1,0.021
143,8b9bdc5cf5534d377a6201d1803a5aa0915b93c9df524307118fd61f361bdba2,ransomware,TRUE_ENCRYPTION,MedusaLocker,cape,full,1,10.0,MedusaLocker,215,2262,0.3387083384549815,7.175503485673988,7.327489772642308,259,215,30,195,1,32,0.13953488372093023,0.9069767441860465,38,160,4,22,134,188,8,0,8,4,0,4,4,3,2,4,,0,,,0,0,1,13,1,0,0,0,0,0,1,1,38,17,-24.1,3,1,0,0,,0,551.0,3,1,0.031
144,58290a95e1795ec7312e4ce26bfff7e0fb7a620a3aac2627d3ae6c83f5a4bf60,ransomware,TRUE_ENCRYPTION,MedusaLocker,cape,full,1,10.0,MedusaLocker,1327,1555,0.15442508970548044,7.172474817328406,7.3586431013735,267,1327,29,199,1,31,0.02185380557648832,0.14996232102486812,39,165,37,26,102,188,8,0,8,4,0,4,4,3,2,4,,0,,,0,0,1,13,1,0,0,0,0,0,1,1,41,17,-19.8,3,1,0,0,,0,491.9,3,1,0.021
145,8597f458f1dcc5ecdf209d9c98b1f72c2fce2486236a3ae73adbe26fb6f9c671,ransomware,TRUE_ENCRYPTION,MedusaLocker,cape,full,1,10.0,MedusaLocker,1415,2289,0.35854666377590494,7.170918743248247,7.3463091351843355,258,1415,11,180,1,29,0.0077738515901060075,0.127208480565371,40,147,35,31,81,188,8,0,8,4,0,4,4,3,2,4,,0,,,0,0,1,12,1,0,0,0,0,0,1,1,38,22,-15.6,3,1,0,0,,0,392.7,3,1,0.024
146,982d910b04625e284fc6ff5217f6708433af0939d6ac2301cd88ceea3e362b87,ransomware,TRUE_ENCRYPTION,MedusaLocker,cape,full,1,10.0,Avaddon,1928,6295,0.8693983372996053,7.17636769194729,7.358112939671224,879,1928,7,169,1,26,0.0036307053941908715,0.08765560165975103,27,488,30,21,437,508,0,0,5,0,0,0,1,3,2,1,boost;openssl,213,4,3,0,1,0,9,1,0,0,0,0,0,0,0,33,10,,3,1,0,0,,0,251.1,3,1,0.054
147,2520b15068fa108c947db179377c6b462f2c4f47037168bf8c69fcb668cb11a8,ransomware,TRUE_ENCRYPTION,NetWalker,cape,full,0,10.0,Netwalker,811,0,,,,767,811,0,0,0,1,0.0,0.0,0,155,0,143,12,1,0,0,0,0,0,0,0,0,0,0,,0,,,0,0,1,1,1,0,0,0,0,0,0,0,4,0,,1,1,0,,,,,,,
148,1707f8647515bc7a686e7aed380ab06dd6b853b908ae98252c1e8eefa1e1d540,ransomware,FAILED,NetWalker,cape,static_only,0,10.0,Netwalker,,,,,,,,,,,,,,,,,,,0,0,0,0,0,0,0,0,0,0,0,,0,,,,,,,,,,,,,,,,,,,,,,,,,,,
149,d7c7947d060da8f4207e7e919e8f777f6f8ea475085291d5a547546a39a096fc,ransomware,NO_VICTIM_ACTIVITY,NetWalker,cape,full,1,10.0,Netwalker,0,0,,,,1,0,0,0,0,0,,,0,1,0,0,1,76,0,0,6,0,4,0,0,1,0,1,,0,,,0,0,1,0,0,0,0,0,0,0,0,0,0,0,,0,0,,,,,,,,
150,62df5824be844b16d99bf4a59e6bf51bcaa7a2c2f4852d983bc33eaf60a9c5ca,ransomware,NO_VICTIM_ACTIVITY,NetWalker,cape,full,1,10.0,Netwalker,0,0,,,,1,0,0,0,0,0,,,0,1,0,0,1,76,0,0,6,0,4,0,0,1,0,1,,0,,,0,0,1,0,0,0,0,0,0,0,0,0,0,0,,0,0,,,,,,,,
151,57cf4470348e3b5da0fa3152be84a81a5e2ce5d794976387be290f528fa419fd,ransomware,TRUE_ENCRYPTION,NetWalker,cape,full,0,10.0,Netwalker,974,0,,,,913,974,0,0,0,2,0.0,0.0,0,54,0,50,4,18,0,0,0,0,0,0,0,0,0,0,,0,,,0,0,1,3,1,0,0,0,0,0,0,0,4,0,,1,1,0,,,,,,,
152,46dbb7709411b1429233e0d8d33a02cccd54005a2b4015dcfa8a890252177df9,ransomware,TRUE_ENCRYPTION,NetWalker,cape,full,0,10.0,Netwalker,3673,0,,,,3578,3673,0,0,0,2,0.0,0.0,0,336,0,325,11,1,0,0,0,0,0,0,0,0,0,0,,0,,,0,0,1,3,1,0,0,0,0,0,0,0,4,0,,1,1,0,,,,,,,
153,5d869c0e077596bf0834f08dce062af1477bf09c8f6aa0a45d6a080478e45512,ransomware,FAILED,NetWalker,cape,static_only,0,10.0,Netwalker,,,,,,,,,,,,,,,,,,,1,0,0,0,0,0,0,0,0,0,0,,0,,,,,,,,,,,,,,,,,,,,,,,,,,,
154,6c39c5f5d143700d4ad43b0aa7fb6a51e77817060467cf3462ef037176e1f50f,ransomware,NO_VICTIM_ACTIVITY,NetWalker,cape,full,1,10.0,Netwalker,0,0,,,,1,0,0,0,0,0,,,0,1,0,0,1,76,0,0,6,0,4,0,0,1,0,1,,0,,,0,0,1,0,0,0,0,0,0,0,0,0,0,0,,0,0,,,,,,,,
155,44b5d24e5e8fd8e8ee7141f970f76a13c89dd26c44b336dc9d6b61fda3abf335,ransomware,NO_VICTIM_ACTIVITY,NetWalker,cape,full,1,10.0,Netwalker,0,0,,,,1,0,0,0,0,0,,,0,1,0,0,1,77,0,0,7,0,4,0,0,1,0,1,,0,,,0,0,1,0,0,0,0,0,0,0,0,0,0,0,,0,0,,,,,,,,
156,27319e75c23693399977e92b9a7ba5680a7a9db448f93b3221840c61301604d5,ransomware,TRUE_ENCRYPTION,NetWalker,cape,full,0,10.0,Netwalker,412,0,,,,352,412,0,0,0,5,0.0,0.0,0,62,0,48,14,1,0,0,0,0,0,0,0,0,0,0,,0,,,0,0,1,5,1,0,0,0,0,0,0,0,6,2,,1,1,0,,,,,,,
157,fd3489f6067ef7ca3999776205839424cb7349134baaeb693abcecaa2c5bf913,ransomware,TRUE_ENCRYPTION,NetWalker,cape,full,0,10.0,Netwalker,2045,0,,,,2188,2045,0,0,0,1,0.0,0.0,0,269,0,192,77,1,0,0,0,0,0,0,0,0,0,0,,0,,,0,0,1,1,1,0,0,0,0,0,0,0,4,0,,1,1,0,,,,,,,
158,ee531cd7011cb5c2625d40892b70cf7e3860dbb92648391068e1f340e5d6c47f,ransomware,TRUE_ENCRYPTION,NetWalker,cape,full,0,10.0,Netwalker,2440,0,,,,2460,2440,0,0,0,1,0.0,0.0,0,369,0,348,21,1,0,0,0,0,0,0,0,0,0,0,,0,,,0,0,1,1,1,0,0,0,0,0,0,0,4,0,,1,1,0,,,,,,,
201,e7dfaf7ac518e174e42e59d45c179d083ad53eead79ed4420e311441e1af79d4,ransomware,TRUE_ENCRYPTION,NetWalker,cape,full,0,10.0,Netwalker,546,0,,,,730,546,1,0,1,7,0.0018315018315018315,0.0,1,245,0,144,101,1,0,0,0,0,0,0,0,0,0,0,,4,0,0,0,0,1,5,1,0,0,0,0,0,0,0,3,0,,2,1,0,0,,0,0.0,0,0,
202,e01691e3b7d9d1c6de7e0ef902bf609543cdf084e600fd0a3833deaa501464ee,ransomware,TRUE_ENCRYPTION,NetWalker,cape,full,0,10.0,Netwalker,2926,0,,,,2516,2926,1,0,1,5,0.0003417634996582365,0.0,1,370,0,361,9,1,0,0,0,0,0,0,0,0,0,0,,4,0,0,0,0,1,4,1,0,0,0,0,0,0,0,3,0,,2,1,0,0,,0,0.0,0,0,
203,d5c106719e9c8878795899bede78505796659b1b347fe9374d8b2061fcc6a84c,ransomware,TRUE_ENCRYPTION,NetWalker,cape,full,0,10.0,Netwalker,1541,0,,,,400,1541,1,141,1,3,0.0006489292667099286,0.09149902660609993,41,24,15,4,5,1,0,0,0,0,0,0,0,0,0,0,,2,0,0,0,0,1,2,1,0,0,0,0,0,0,0,3,0,,1,1,0,0,,0,25.2,0,0,
204,ce399a2d07c0851164bd8cc9e940b84b88c43ef564846ca654df4abf36c278e6,ransomware,NO_VICTIM_ACTIVITY,NetWalker,cape,full,1,10.0,Netwalker,0,0,,,,1,0,0,0,0,0,,,0,1,0,0,1,77,0,0,7,0,4,0,0,1,0,1,,0,,,0,0,1,0,0,0,0,0,0,0,0,0,0,0,,0,0,,,,,,,,
205,bde6a59a4611aba5862ce66aef2fb12d841ad0ba0ad0a590b26eaddb7ad52a9e,ransomware,TRUE_ENCRYPTION,NetWalker,cape,full,0,10.0,Netwalker,1989,0,,,,2154,1989,1,0,1,5,0.0005027652086475615,0.0,1,282,0,263,19,1,0,0,0,0,0,0,0,0,0,0,,4,0,0,0,0,1,4,1,0,0,0,0,0,0,0,3,0,,2,1,0,0,,0,0.0,0,0,
206,bd3fdf1b50911d537a97cb93db13f2b4026f109ed23a393f262621faed81dae1,ransomware,NO_VICTIM_ACTIVITY,NetWalker,cape,full,1,10.0,Netwalker,0,0,,,,1,0,0,0,0,0,,,0,1,0,0,1,77,0,0,7,0,4,0,0,1,0,1,,0,,,0,0,1,0,0,0,0,0,0,0,0,0,0,0,,0,0,,,,,,,,
207,b96ee4a55d59836de7851f99a18324c6aa8bc223fb581f1875db631d0c914425,ransomware,TRUE_ENCRYPTION,NetWalker,cape,full,0,10.0,Netwalker,1879,0,,,,1876,1879,1,0,1,5,0.0005321979776476849,0.0,1,260,0,224,36,1,0,0,0,0,0,0,0,0,0,0,,4,0,0,0,0,1,4,1,0,0,0,0,0,0,0,3,0,,2,1,0,0,,0,0.0,0,0,
208,ac0882d87027ac22fc79cfe2d55d9a9d097d0f8eb425cf182de1b872080930ec,ransomware,NO_VICTIM_ACTIVITY,NetWalker,cape,full,1,10.0,Netwalker,0,0,,,,1,0,0,0,0,0,,,0,1,0,0,1,76,0,0,6,0,4,0,0,1,0,1,,0,,,0,0,1,0,0,0,0,0,0,0,0,0,0,0,,0,0,,,,,,,,
209,a8c4b8096fd12078acf5f08230e561381fe8d0859a5949825ab411f6312f5da5,ransomware,TRUE_ENCRYPTION,NetWalker,cape,full,0,10.0,Netwalker,1319,0,,,,1724,1319,1,0,1,3,0.000758150113722517,0.0,1,215,0,175,40,1,0,0,0,0,0,0,0,0,0,0,,2,0,0,0,0,1,2,1,0,0,0,0,0,0,0,3,0,,1,1,0,0,,0,0.0,0,0,
210,98cf38865117a3e333df1fb0a538b97f66fea568746fefb697e76ca8c686a3e3,ransomware,TRUE_ENCRYPTION,NetWalker,cape,full,0,10.0,Netwalker,916,0,,,,1357,916,1,0,1,3,0.001091703056768559,0.0,1,203,0,143,60,1,0,0,0,0,0,0,0,0,0,0,,2,0,0,0,0,1,3,1,0,0,0,0,0,0,0,3,0,,1,1,0,0,,0,0.0,0,0,
211,8f06645838d3d75e44d4527e2928c71af0a7214254867379359eb3e46109cbde,ransomware,TRUE_ENCRYPTION,NetWalker,cape,full,0,10.0,Netwalker,270,0,,,,299,270,0,0,0,5,0.0,0.0,0,39,0,24,15,1,0,0,0,0,0,0,0,0,0,0,,0,,,0,0,1,5,1,0,0,0,0,0,0,0,6,2,,1,1,0,,,,,,,
212,868cb8251a245c416cd92fcbd3e30aa7b7ca7c271760fa120d2435fd3bf2fde9,ransomware,NO_VICTIM_ACTIVITY,NetWalker,cape,full,1,10.0,Netwalker,0,0,,,,1,0,0,0,0,0,,,0,1,0,0,1,76,0,0,6,0,4,0,0,1,0,1,,0,,,0,0,1,0,0,0,0,0,0,0,0,0,0,0,,0,0,,,,,,,,
213,8587037c15463d10a17094ef8fa9f608cc20c99fa0206ce496b412f8c7f4a1b8,ransomware,FAILED,NetWalker,cape,full,1,10.0,Netwalker,0,0,,,,1,0,0,0,0,0,,,0,1,0,0,1,76,0,0,7,0,4,0,0,1,0,1,,0,,,0,0,1,0,0,0,0,0,0,0,0,0,0,0,,0,0,,,,,,,,
214,853fa18adc3f9263a0f98a9a257dd70d7e1aee0545ab47a114f44506482bd188,ransomware,NO_VICTIM_ACTIVITY,NetWalker,cape,full,1,10.0,Netwalker,0,0,,,,1,0,0,0,0,0,,,0,1,0,0,1,76,0,0,7,0,4,0,0,1,0,1,,0,,,0,0,1,0,0,0,0,0,0,0,0,0,0,0,,0,0,,,,,,,,
215,75ef9e3e44ac11bb06f499b9f4f43a4cc331887529b81d0e62aef87178ca5e65,ransomware,TRUE_ENCRYPTION,NetWalker,cape,full,0,10.0,Netwalker,1713,0,,,,1576,1713,1,0,1,3,0.0005837711617046118,0.0,1,320,0,311,9,1,0,0,0,0,0,0,0,0,0,0,,2,0,0,0,0,1,5,1,0,0,0,0,0,0,0,3,0,,1,1,0,0,,0,0.0,0,0,
216,6f89cfef50cadb9e7e986ec913eb8c68bb14af5c576fe98dbe41060edf3cfe8a,ransomware,TRUE_ENCRYPTION,NetWalker,cape,full,0,10.0,Netwalker,1210,0,,,,1121,1210,1,0,1,4,0.0008264462809917355,0.0,1,185,0,175,10,1,0,0,0,0,0,0,0,0,0,0,,4,0,0,0,0,1,4,1,0,0,0,0,0,0,0,3,0,,2,1,0,0,,0,0.0,0,0,
217,6bd34d33ccb47430751ae964ca56ec206da0fa3bdc5eb670fc54edf4c11629bc,ransomware,TRUE_ENCRYPTION,NetWalker,cape,full,0,10.0,Netwalker,1329,0,,,,1482,1329,0,0,0,1,0.0,0.0,0,214,0,190,24,1,0,0,0,0,0,0,0,0,0,0,,0,,,0,0,1,1,1,0,0,0,0,0,0,0,4,0,,1,1,0,,,,,,,
218,5e03e3d93a456405952cdadee3018043789f118b871b93d113ce371c079f19dd,ransomware,TRUE_ENCRYPTION,NetWalker,cape,full,0,10.0,Netwalker,1555,0,,,,1311,1555,1,0,1,4,0.0006430868167202572,0.0,1,303,0,284,19,1,0,0,0,0,0,0,0,0,0,0,,4,0,0,0,0,1,5,1,0,0,0,0,0,0,0,3,0,,2,1,0,0,,0,0.0,0,0,
219,573873b7b2fbb390ff21bb4e986f69fa25a1f3eea2c5fe446d46c186ab92257d,ransomware,NO_VICTIM_ACTIVITY,NetWalker,cape,full,0,10.0,Netwalker,0,0,,,,0,0,1,0,1,4,,,1,6,0,0,6,1,0,0,0,0,0,0,0,0,0,0,,4,0,0,0,0,1,2,1,0,0,0,0,0,0,0,3,0,,2,1,0,0,,0,0.0,0,0,
220,4abf2d4b604ad5c3dca0006e9762562ea104e76e7c0dcfa8fddafda8b11b2eaf,ransomware,TRUE_ENCRYPTION,NetWalker,cape,full,0,10.0,Netwalker,1519,0,,,,1309,1519,0,0,0,1,0.0,0.0,0,202,0,189,13,1,0,0,0,0,0,0,0,0,0,0,,0,,,0,0,1,1,1,0,0,0,0,0,0,0,4,0,,1,1,0,,,,,,,
221,444169e156b48a54e9f96b6b3a1c333670546663c8a2e14e561884c052420043,ransomware,TRUE_ENCRYPTION,NetWalker,cape,full,0,10.0,Netwalker,1802,0,,,,2214,1802,0,0,0,1,0.0,0.0,0,227,0,171,56,1,0,0,0,0,0,0,0,0,0,0,,0,,,0,0,1,1,1,0,0,0,0,0,0,0,4,0,,1,1,0,,,,,,,
222,352cd5d318e4cff15910dc70b609ef9bf1d1ee0b7f01e186bedb5e7d245e3ec6,ransomware,TRUE_ENCRYPTION,NetWalker,cape,full,0,10.0,Netwalker,1524,0,,,,1596,1524,0,0,0,1,0.0,0.0,0,267,0,225,42,1,0,0,0,0,0,0,0,0,0,0,,0,,,0,0,1,1,1,0,0,0,0,0,0,0,4,0,,1,1,0,,,,,,,
223,22a5872ba6adfe449e46d9a223cb7567697e30f89d6d42095e48de3033359de3,ransomware,TRUE_ENCRYPTION,NetWalker,cape,full,0,10.0,Netwalker,410,0,,,,350,410,0,0,0,1,0.0,0.0,0,109,0,91,18,1,0,0,0,0,0,0,0,0,0,0,,0,,,0,0,1,1,1,0,0,0,0,0,0,0,4,0,,1,1,0,,,,,,,
224,209779474d4b8e7246245092e7d094ce5730c5c1d36bc03d9b8120f211dc3ebe,ransomware,FAILED,NetWalker,cape,static_only,0,10.0,Netwalker,,,,,,,,,,,,,,,,,,,1,0,0,0,0,0,0,0,0,0,0,,0,,,,,,,,,,,,,,,,,,,,,,,,,,,
225,162ae350c47c2e14864d0c0f927bf424eb6b844017329c9b1e216f3e2d724d98,ransomware,FAILED,NetWalker,cape,static_only,0,10.0,Netwalker,,,,,,,,,,,,,,,,,,,1,0,0,0,0,0,0,0,0,0,0,,0,,,,,,,,,,,,,,,,,,,,,,,,,,,
226,0d7ee7ce88e790ad66aa53589f5a2638207bc3adf2eb4f8a813fd52b5b22ba27,ransomware,TRUE_ENCRYPTION,NetWalker,cape,full,0,10.0,Netwalker,2143,0,,,,2518,2143,0,0,0,3,0.0,0.0,0,346,0,294,52,1,0,0,0,0,0,0,0,0,0,0,,0,,,0,0,1,3,1,0,0,0,0,0,0,0,4,0,,1,1,0,,,,,,,
227,07b743dffd93be79b3ae4e8d5e0f05aec66af1115c4ec070df4cd35e800452d7,ransomware,TRUE_ENCRYPTION,NetWalker,cape,full,0,10.0,Netwalker,921,16,-0.046738556476412535,,,831,921,1,0,1,11,0.0010857763300760044,0.0,1,93,0,81,12,1,0,0,0,0,0,0,0,0,0,0,,4,0,0,0,1,0,10,1,0,0,0,0,0,0,0,17,2,,2,1,0,0,,0,0.0,0,0,
243,bff12a83b1fc2e0ad0000ad9b68abc8eada559bb1094caaf5b9f52887df23705,ransomware,TRUE_ENCRYPTION,AvosLocker,cape,full,1,9.0,,2415,36885,0.5595111373269241,5.423973108214927,7.332683251809458,2423,2415,0,2629,1334,5,0.0,1.0886128364389234,85,287,154,11,122,145,8,1,7,5,4,4,5,0,2,5,cryptopp,0,,,0,0,1,13,5,4,0,0,2,0,1,1,3,1,-312.8,4,2,1,1,6.8,2629,314.2,3,1,0.047
244,3320f11728458d01eef62e10e48897ec1c2277c1fe1aa2d471a16b4dccfc1207,ransomware,TRUE_ENCRYPTION,Clop,cape,full,1,9.0,CryptoMix,341,951,0.8541150955626885,6.527089308682548,6.751461557715279,88,341,87,8,0,0,0.25513196480938416,0.02346041055718475,29,44,39,1,4,149,8,0,8,2,3,0,3,1,2,4,,2390,0,0,0,0,1,0,0,0,0,0,0,0,0,0,0,0,,0,0,,,,,,,,
245,d3f847b27ee6cd4f85a3393131f85f28750761fd59dd2aac95d5a8fa235d46dd,ransomware,FAILED,Cuba,cape,full,1,1.5,,0,0,,,,10,0,0,0,0,0,,,0,1,0,0,1,606,0,0,6,0,0,0,0,1,2,0,,0,,,0,0,1,0,0,0,0,0,0,0,0,0,10,0,,0,0,,,,,,,,
246,d482cac0754017ccc4e0f3b92c07f0ef4cd6dd394a6e3c7afe1fb928e487aa62,ransomware,TRUE_ENCRYPTION,Maze,cape,full,1,9.0,Maze,513,146,0.5429584999641651,4.870683934632303,5.087462841250338,468,513,1,21,0,9,0.001949317738791423,0.04093567251461988,10,29,8,9,12,104,0,0,2,0,0,0,0,0,2,0,,786,1,1,0,1,0,9,0,0,0,0,0,0,15,15,13,2,-5.6,0,0,,,,,,,,
247,02cb34da6e620d9428f9c8f375fe96a397464d272f723abd8296c4b420fb0e77,ransomware,FAILED,NetWalker,cape,static_only,0,10.0,Netwalker,,,,,,,,,,,,,,,,,,,1,0,0,0,0,0,0,0,0,0,0,,0,,,,,,,,,,,,,,,,,,,,,,,,,,,
248,c0f07b493cc32ffcbb4ca1ca92f5752c4040b1d0be7b69981c22a27f69cfb890,ransomware,FAILED,RansomEXX,cape,static_only,1,0.3,,,,,,,,,,,,,,,,,,,,144,3,1,6,0,3,0,4,3,2,3,boost,0,,,,,,,,,,,,,,,,,,,,,,,,,,,
249,e5ed21e011341affc1149056fdd02b658e0b6042971bc9f5a71e3e899f296f91,ransomware,FAILED,SunCrypt,cape,static_only,1,10.0,SunCrypt,,,,,,,,,,,,,,,,,,,117,0,0,5,1,4,0,5,3,0,3,,0,,,,,,,,,,,,,,,,,,,,,,,,,,,
250,0b1f19ba8740b10ed017671aab023228756a6864fb008bf23f3c606189bdcd98,ransomware,TRUE_ENCRYPTION,AvosLocker,cape,full,1,9.0,,22,101,0.4603554483999391,5.940560046849044,7.244759868779512,11,22,0,10,20,0,0.0,0.45454545454545453,7,20,3,8,9,145,8,1,7,5,4,4,5,0,2,5,cryptopp,0,,,0,0,1,10,4,4,0,0,2,0,0,0,0,0,,2,2,0,0,,0,19.0,2,1,0.399
251,d21908dc0c08da389aa9e4829aa934ab7f250fece1430ed5a644e0590d8876f7,ransomware,FAILED,Clop,cape,static_only,1,1.2,,,,,,,,,,,,,,,,,,,,264,4,0,6,1,3,4,4,0,2,5,,0,,,,,,,,,,,,,,,,,,,,,,,,,,,
252,936119bc1811aeef01299a0150141787865a0dbe2667288f018ad24db5a7bc27,ransomware,TRUE_ENCRYPTION,Cuba,cape,full,1,10.0,Cuba,1659,14,-0.035998334245738395,5.49226818651797,5.570538035407182,2401,1659,0,4890,0,0,0.0,2.9475587703435804,45,200,73,0,127,114,3,1,7,3,0,0,2,3,2,3,,0,,,0,0,1,0,0,0,0,0,0,0,0,0,0,0,,0,0,,,,,,,,
253,daa0ac4896cdfdae324b228d5c620fb3ab4a33ff73d991a3587a086c7ffb5e93,ransomware,TRUE_ENCRYPTION,Maze,cape,full,1,9.0,Maze,3758,12935,0.48932445491951615,5.013371463909317,7.356986993719856,281,3758,1,4304,0,22,0.00026609898882384245,1.145290047897818,134,288,16,10,262,160,10,1,7,1,4,0,3,0,0,4,,0,,,0,0,1,12,1,0,0,0,0,0,5,9,241,3,-57.3,1,1,0,0,,0,353.6,1,1,0.772
254,f298725e197f974b7a8407c5d79114a4ac322c573813d543141ccf1d9119dd8b,ransomware,TRUE_ENCRYPTION,NetWalker,cape,full,0,10.0,Netwalker,213,0,,,,207,213,0,0,0,1,0.0,0.0,0,16,0,15,1,1,0,0,0,0,0,0,0,0,0,0,,0,,,0,0,1,1,1,0,0,0,0,0,0,0,4,0,,1,1,0,,,,,,,
255,fa28436aaf459d16215dd2d96ea5756c09198216c52d90a7a20abde4e826909b,ransomware,TRUE_ENCRYPTION,RansomEXX,cape,full,1,9.0,Scarab-Dharma,279,1854,-0.0008515890158460456,4.0375335460781585,6.70306185145671,116,279,2,93,0,41,0.007168458781362007,0.3333333333333333,20,55,18,24,13,144,3,1,6,0,3,0,4,3,2,3,boost,0,,,0,0,1,28,2,4,0,0,10,0,2,10,8,1,-0.3,18,4,0,0,,0,500.0,18,1,0.165
256,759f2b24be12e208903b00f9719db71a332ddf8252986c26afbcda9f32623bc4,ransomware,TRUE_ENCRYPTION,SunCrypt,cape,full,1,10.0,SunCrypt,3,4,-0.06212365249219367,3.219539785312086,3.219539785312086,28,3,0,6,0,5,0.0,2.0,3,9,2,0,7,114,0,0,5,1,4,0,5,3,0,3,,0,,,0,1,0,7,0,0,0,0,0,0,3,3,14,0,3.4,0,0,,,,,,,,
257,0f22ae8e435cfeb4e527199c9083e7093c79892656eff686d55909e8528493db,ransomware,TRUE_ENCRYPTION,AvosLocker,cape,full,1,9.0,Scarab-Dharma,36,136,0.9016919157802146,6.025737044341114,7.273414177580177,27,36,0,4,9,3,0.0,0.1111111111111111,4,22,2,7,13,145,8,1,7,5,4,4,5,0,2,5,cryptopp,0,,,0,0,1,10,4,4,0,0,2,0,0,0,3,1,,4,2,4,1,24.2,4,6.6,0,1,
258,f55e4553ed04f085bc5b93cf7e5386c3d938abcb13a95ef1d2c3f8b21c454db8,ransomware,WEAK_VICTIM_ACTIVITY,Clop,cape,full,1,9.0,Scarab-Dharma,44,68,0.8998152460325028,6.5476990086792695,6.666485793747761,3,44,0,0,0,0,0.0,0.0,0,4,0,4,0,233,4,0,6,1,3,4,4,0,2,5,,150,0,0,0,0,1,0,0,0,0,0,0,0,0,0,2,5,,0,0,,,,,,,,
259,482b160ee2e8d94fa6e4749f77e87da89c9658e7567459bc633d697430e3ad9a,ransomware,TRUE_ENCRYPTION,Cuba,cape,full,1,10.0,Cuba,1564,12,0.05963622811675296,5.518682873402272,5.661978179679557,2711,1564,0,4894,0,0,0.0,3.129156010230179,44,194,68,0,126,114,3,1,7,3,0,0,2,3,2,3,,0,,,0,0,1,0,0,0,0,0,0,0,0,0,0,0,,0,0,,,,,,,,
260,6a22220c0fe5f578da11ce22945b63d93172b75452996defdc2ff48756bde6af,ransomware,TRUE_ENCRYPTION,Maze,cape,full,1,9.0,Maze,467,660,0.7737616241359385,5.028006718167507,7.3032106255767255,29,467,9,216,5,4,0.019271948608137045,0.4625267665952891,43,36,2,8,26,96,0,0,3,0,0,0,0,0,2,0,,166,4,4,0,1,0,5,1,0,0,0,0,0,3,3,13,8,-36.4,1,1,0,0,,0,350.4,1,1,0.095
261,c21ecd18f0bbb28112240013ad42dad5c01d20927791239ada5b61e1c6f5f010,ransomware,TRUE_ENCRYPTION,NetWalker,cape,full,0,10.0,Netwalker,1845,0,,,,1986,1845,0,0,0,1,0.0,0.0,0,279,0,243,36,1,0,0,0,0,0,0,0,0,0,0,,0,,,0,0,1,1,1,0,0,0,0,0,0,0,4,0,,1,1,0,,,,,,,
262,4cae449450c07b7aa74314173c7b00d409eabfe22b86859f3b3acedd66010458,ransomware,TRUE_ENCRYPTION,RansomEXX,cape,full,1,10.0,RansomEXX,303,16,0.027758246076954714,4.264590649427589,6.581954882778696,135,303,1,131,0,24,0.0033003300330033004,0.43234323432343236,23,41,19,15,7,158,3,1,6,0,3,0,4,3,2,3,boost,0,,,0,0,1,25,2,4,0,0,9,0,3,7,13,1,-0.5,9,4,0,0,,0,100.0,9,1,0.733
263,0d7ed584dd1ae3cc071ad1b2400a5c534d19206be7a98a6046959a7267c063a1,ransomware,TRUE_ENCRYPTION,SunCrypt,cape,full,1,10.0,SunCrypt,99,4,-0.004752021118789104,3.219539785312086,3.219539785312086,62,99,9,22,5,7,0.09090909090909091,0.2222222222222222,6,44,10,14,20,106,0,0,5,5,4,0,2,3,0,3,,0,,,0,1,0,8,0,0,0,0,0,0,4,5,26,11,19.3,0,0,,,,,,,,
265,e805dd0124b9f062f6b5bc9de627eabc601b9d6e8ffe1d90ee552a1ece598a89,ransomware,FAILED,Clop,cape,static_only,1,1.2,,,,,,,,,,,,,,,,,,,,253,0,0,7,0,0,0,5,2,2,1,,0,,,,,,,,,,,,,,,,,,,,,,,,,,,
266,33352a38454cfc247bc7465bf177f5f97d7fd0bd220103d4422c8ec45b4d3d0e,ransomware,TRUE_ENCRYPTION,Cuba,cape,full,1,10.0,Cuba,1669,16,0.004490107655988277,5.515025172288192,5.623516641218018,2389,1669,0,4894,0,0,0.0,2.932294787297783,45,185,69,0,116,111,3,1,7,4,3,0,1,3,2,4,,0,,,0,0,1,0,0,0,0,0,0,0,0,0,0,0,,0,0,,,,,,,,
267,3885589a3c94d0475a6d994e4644e682f4cff93f8b4d65f37508ffe706861363,ransomware,TRUE_ENCRYPTION,Maze,cape,full,1,9.0,Maze,4243,12942,0.258137701686172,5.013975625781099,7.372516475955776,322,4243,1,4307,0,25,0.00023568230025925054,1.015083667216592,134,260,16,7,237,102,0,0,5,0,0,0,0,0,2,0,,160,4,4,0,1,0,9,1,0,0,0,0,0,5,10,222,0,-3.9,1,1,0,0,,0,294.1,1,1,0.846
268,b2d68a79a621c3f9e46f9df52ed19b8fec22c3cf5f4e3d8630a2bc68fd43d2ee,ransomware,TRUE_ENCRYPTION,NetWalker,cape,full,0,10.0,Netwalker,3038,0,,,,2988,3038,0,0,0,1,0.0,0.0,0,348,0,332,16,1,0,0,0,0,0,0,0,0,0,0,,0,,,0,0,1,1,1,0,0,0,0,0,0,0,4,0,,1,1,0,,,,,,,
269,3f6e996ee4a40d2d19b648669d9146562627359626239324937a5c75f8030824,ransomware,TRUE_ENCRYPTION,SunCrypt,cape,full,1,10.0,SunCrypt,104,4,-0.004734181692347047,3.219539785312086,3.219539785312086,79,104,9,31,5,7,0.08653846153846154,0.2980769230769231,6,32,9,8,15,87,0,0,5,5,4,0,0,0,0,2,,0,,,0,1,0,8,0,0,0,0,0,0,4,4,21,10,5.5,0,0,,,,,,,,
270,f8e99bbacc62b0f72aa12f5f92e35607fa0382a881fe4a4b9476fc6b87a03c78,ransomware,TRUE_ENCRYPTION,AvosLocker,cape,full,1,9.0,,2204,24151,0.6623653824279766,5.595685008623629,7.330834451787026,2217,2204,0,2497,403,3,0.0,1.132940108892922,87,190,114,14,62,145,8,1,7,5,4,4,5,0,2,5,cryptopp,0,,,0,0,1,12,4,4,0,0,2,0,1,1,3,1,-245.9,4,2,0,0,,0,274.7,4,1,0.025
271,ae355c321f1fe36c9539457301a3cf5d8babc58c72a3f6a5ef160253b4002b1a,ransomware,NO_VICTIM_ACTIVITY,Clop,cape,full,1,9.0,,4,0,,,,6,4,1,1,0,183,0.25,0.25,1,156,0,3,153,147,0,0,5,0,0,0,0,0,2,0,,0,,,0,0,1,184,6,0,82,28,0,0,1,8,19,3,424.1,63,2,63,1,473.8,2,0.0,0,1,
272,271ef3c1d022829f0b15f2471d05a28d4786abafd0a9e1e742bde3f6b36872ad,ransomware,TRUE_ENCRYPTION,Cuba,cape,full,1,8.0,,4747,0,,,,4596,4747,0,4871,0,0,0.0,1.0261217611122815,45,173,95,0,78,1032,3,1,8,1,0,0,1,1,2,3,,278,3,0,1,0,0,0,0,0,0,0,0,0,0,0,0,0,,0,0,,,,,,,,
273,4263eacd358d5ef9efacff1f63ff79487639136c0268938755a4bfe3f5797167,ransomware,TRUE_ENCRYPTION,Maze,cape,full,0,10.0,Maze,462,653,0.7274856326364716,5.01800360904438,7.339638107574941,120,462,9,212,5,6,0.01948051948051948,0.4588744588744589,44,54,1,12,41,0,0,0,0,0,0,0,0,0,0,0,,165,4,4,,,,7,1,0,0,0,0,0,4,4,230,7,-46.1,1,1,0,0,,0,437.3,1,1,0.124
274,a9a147313861a5a4e7abd76b3287ce5f6183966b89c5ca95c0e0cf587f40189d,ransomware,TRUE_ENCRYPTION,NetWalker,cape,full,0,10.0,Netwalker,1612,0,,,,1864,1612,0,0,0,1,0.0,0.0,0,202,0,176,26,1,0,0,0,0,0,0,0,0,0,0,,0,,,0,0,1,1,1,0,0,0,0,0,0,0,4,0,,1,1,0,,,,,,,
275,f810deb1ba171cea5b595c6d3f816127fb182833f7a08a98de93226d4f6a336f,ransomware,TRUE_ENCRYPTION,AvosLocker,cape,full,1,9.0,Scarab-Dharma,108,482,0.05347082256221065,6.098808474106539,7.265632076412862,151,108,2,43,66,3,0.018518518518518517,0.39814814814814814,21,42,11,11,20,147,8,1,7,0,4,4,0,0,2,3,cryptopp,0,,,0,0,1,4,0,0,0,0,0,0,1,1,1,0,-131.2,1,1,0,0,,0,108.7,0,0,
276,15f9ed36d9efc6e570b4f506791ce2c6a849853e2f6d587f30fb12d39dba2649,ransomware,FAILED,Clop,cape,full,1,1.2,,0,0,,,,0,0,0,0,0,0,,,0,0,0,0,0,310,4,0,8,1,3,4,4,1,2,5,,0,,,1,0,0,0,0,0,0,0,0,0,0,0,0,0,,0,0,,,,,,,,
277,e8a091a84dd2ea7ee429135ff48e9f48f7787637ccb79f6c3eb42f34588bc684,ransomware,TRUE_ENCRYPTION,Maze,cape,full,1,9.0,Maze,4445,12915,0.46933081011328465,5.0123262786663965,7.336098779872649,234,4445,1,4299,0,19,0.0002249718785151856,0.967154105736783,134,286,14,12,260,72,0,0,3,0,0,0,0,0,2,0,,320,4,4,0,1,0,10,1,0,0,0,0,0,5,7,19,3,-19.0,1,1,0,0,,0,332.5,1,1,0.856
278,86c54f746b7af0ffaa40444e44b4dfd8e2d598bb31ad932cc2fb1ac1c83237ce,ransomware,NO_VICTIM_ACTIVITY,NetWalker,cape,full,1,10.0,Netwalker,0,0,,,,1,0,0,0,0,0,,,0,1,0,0,1,76,0,0,6,0,4,0,0,1,0,1,,0,,,0,0,1,0,0,0,0,0,0,0,0,0,0,0,,0,0,,,,,,,,
279,c0a42741eef72991d9d0ee8b6c0531fc19151457a8b59bdcf7b6373d1fe56e02,ransomware,FAILED,AvosLocker,cape,static_only,1,0.3,,,,,,,,,,,,,,,,,,,,139,8,1,7,0,0,0,0,0,2,1,cryptopp,0,,,,,,,,,,,,,,,,,,,,,,,,,,,
280,220c50ccf6a9d9727e9f442df42469f027d9f7a2ea833319971746280023bb0c,ransomware,FAILED,Clop,cape,full,1,1.2,,0,0,,,,0,0,0,0,0,0,,,0,0,0,0,0,164,8,0,8,2,3,0,3,1,2,4,,0,,,1,0,0,0,0,0,0,0,0,0,0,0,0,0,,0,0,,,,,,,,
281,4e2554b448424859b508433e6c4a043718343febc7894a849f446dd197b47d1e,ransomware,TRUE_ENCRYPTION,Maze,cape,full,1,9.0,Maze,4001,12942,0.41793454193164187,5.0126600613893695,7.34923505573536,322,4001,1,4306,0,20,0.00024993751562109475,1.0762309422644338,134,285,14,8,263,160,10,1,7,1,4,0,3,0,0,4,,0,,,0,0,1,9,1,0,0,0,0,0,5,9,226,0,-15.3,1,1,0,0,,0,362.1,1,1,0.751
282,84b8dbafd5cd64fb300b30bf943430a18f34cad3f0d8f7251d34354fea85aab2,ransomware,TRUE_ENCRYPTION,NetWalker,cape,full,0,10.0,Netwalker,3087,0,,,,3139,3087,0,0,0,1,0.0,0.0,0,353,0,331,22,1,0,0,0,0,0,0,0,0,0,0,,0,,,0,0,1,1,0,0,0,0,0,0,0,0,4,0,,1,1,0,,,,,,,
283,84d94c032543e8797a514323b0b8fd8bd69b4183f17351628b13d1464093af2d,ransomware,TRUE_ENCRYPTION,AvosLocker,cape,full,1,8.0,,86,443,-0.015324383374776205,6.126861600373274,7.289202309297594,138,86,2,20,59,3,0.023255813953488372,0.23255813953488372,14,44,9,11,24,147,8,1,7,0,4,4,0,0,2,3,cryptopp,0,,,0,0,1,4,0,0,0,0,0,0,1,1,1,0,-142.5,1,1,0,0,,0,115.4,0,0,
284,389e03b1a1fd1c527d48df74d3c26a0483a5b105f36841193172f1ee80e62c1b,ransomware,FAILED,Clop,cape,full,1,10.0,Clop,0,0,,,,0,0,0,0,0,0,,,0,0,0,0,0,57,0,0,0,0,0,0,0,0,0,0,,0,,,0,0,1,0,0,0,0,0,0,0,0,0,0,0,,0,0,,,,,,,,
285,f03172bd32ed16df6dda8e8146d24b073b864da59d669218fcc5e97835a5e956,ransomware,TRUE_ENCRYPTION,Maze,cape,full,1,10.0,Maze,419,679,0.8254589241020995,5.014950691221899,7.305415869030762,124,419,1,218,0,7,0.002386634844868735,0.5202863961813843,44,50,0,6,44,172,10,1,7,1,4,0,3,0,0,4,,0,,,0,0,1,8,1,0,0,0,0,0,4,4,228,0,-15.3,1,1,0,0,,0,236.6,1,1,0.193
286,74fd9bbdd8a484640e4b0405a1da84734a0a9c2604ac1b0a39fa2e28b0c12614,ransomware,TRUE_ENCRYPTION,NetWalker,cape,full,0,10.0,Netwalker,3111,0,,,,3192,3111,0,0,0,1,0.0,0.0,0,356,0,282,74,1,0,0,0,0,0,0,0,0,0,0,,0,,,0,0,1,1,1,0,0,0,0,0,0,0,4,0,,1,1,0,,,,,,,
287,6cc510a772d7718c95216eb56a84a96201241b264755f28875e685f06e95e1a2,ransomware,TRUE_ENCRYPTION,AvosLocker,cape,full,1,8.0,,129,362,0.43386044969301263,6.145359559299137,7.285960986252066,30,129,0,25,0,0,0.0,0.1937984496124031,11,30,9,16,5,139,8,1,7,0,0,0,0,0,2,1,cryptopp,0,,,0,0,1,0,0,0,0,0,0,0,0,0,0,0,,0,0,,,,,,,,
288,d65fa9ed1220cfa12d22239ca62a4b5978bb613090fc1dcb0cccdf191151d125,ransomware,TRUE_ENCRYPTION,Maze,cape,full,1,9.0,Maze,4419,12912,0.40468979884365697,5.012183917263174,7.36078718748476,344,4419,9,4298,5,20,0.002036659877800407,0.9726182394206834,134,311,16,13,282,160,10,1,7,1,4,0,3,0,0,4,,0,,,0,0,1,10,1,0,0,0,0,0,5,7,243,10,-17.7,1,1,0,0,,0,431.6,1,1,0.661
289,4df67a9e8abab33856a586cea38b0d365fbbe0d91ee848f270c65f0125d2d677,ransomware,FAILED,NetWalker,cape,static_only,0,10.0,Netwalker,,,,,,,,,,,,,,,,,,,1,0,0,0,0,0,0,0,0,0,0,,0,,,,,,,,,,,,,,,,,,,,,,,,,,,
290,718810b8eeb682fc70df602d952c0c83e028c5a5bfa44c506756980caf2edebb,ransomware,TRUE_ENCRYPTION,AvosLocker,cape,full,1,8.0,,83,405,-0.022009197738607326,6.099505569766436,7.246641475162915,137,83,2,24,61,16,0.024096385542168676,0.2891566265060241,15,57,8,11,38,147,8,1,7,0,4,4,0,0,2,3,cryptopp,0,,,0,0,1,7,0,0,0,0,0,0,2,7,1,0,-124.5,1,1,0,0,,0,95.4,0,0,
291,ac457fc7c907ca04a4aa2e243d4b5120c58d338b44771c84e0d282d625d463a0,ransomware,TRUE_ENCRYPTION,Maze,cape,full,1,10.0,Maze,466,665,0.7351672432713057,5.023739301308448,7.349235055735358,27,466,9,218,5,7,0.019313304721030045,0.4678111587982833,44,47,3,12,32,165,10,1,6,1,4,0,3,0,0,4,,0,,,0,0,1,8,1,0,0,0,0,0,4,4,24,11,-41.4,1,1,0,0,,0,381.8,1,1,0.087
292,3ba905e1cda7307163d4c8fe3fd03c2fbce7eda030522084e33d0604c204630e,ransomware,TRUE_ENCRYPTION,NetWalker,cape,full,0,10.0,Netwalker,3371,0,,,,3310,3371,0,0,0,1,0.0,0.0,0,342,0,303,39,1,0,0,0,0,0,0,0,0,0,0,,0,,,0,0,1,0,0,0,0,0,0,0,0,0,4,0,,1,1,0,,,,,,,
293,bd88d415032eb24091c352fc0732b31116f44a78d9333037bd7608289608d3cd,ransomware,TRUE_ENCRYPTION,AvosLocker,cape,full,1,9.0,Scarab-Dharma,144,364,0.6291459942241575,6.062988359566687,7.26045581042011,48,144,0,42,0,0,0.0,0.2916666666666667,18,31,12,15,4,139,8,1,7,0,0,0,0,0,2,1,cryptopp,0,,,0,0,1,0,0,0,0,0,0,0,0,0,0,0,,0,0,,,,,,,,
294,29aef790399029029e0443455d72a8b928854a0706f2e211ae7a03bba0e3d4f4,ransomware,TRUE_ENCRYPTION,NetWalker,cape,full,0,10.0,Netwalker,2260,0,,,,2297,2260,0,0,0,1,0.0,0.0,0,268,0,240,28,1,0,0,0,0,0,0,0,0,0,0,,0,,,0,0,1,1,1,0,0,0,0,0,0,0,4,0,,1,1,0,,,,,,,
295,fb544e1f74ce02937c3a3657be8d125d5953996115f65697b7d39e237020706f,ransomware,TRUE_ENCRYPTION,AvosLocker,cape,full,1,9.0,Scarab-Dharma,529,875,-0.010725273597354604,7.175792477092894,7.324953418113303,55,529,0,99,0,0,0.0,0.18714555765595464,18,64,13,15,36,110,10,1,5,0,4,4,0,0,2,3,,0,,,0,0,1,0,0,0,0,0,0,0,0,0,4,10,,0,0,,,,,,,,
296,26dfa8512e892dc8397c4ccbbe10efbcf85029bc2ad7b6b6fe17d26f946a01bb,ransomware,TRUE_ENCRYPTION,NetWalker,cape,full,0,10.0,Netwalker,1405,0,,,,1405,1405,0,0,0,1,0.0,0.0,0,267,0,240,27,1,0,0,0,0,0,0,0,0,0,0,,0,,,0,0,1,1,1,0,0,0,0,0,0,0,4,0,,1,1,0,,,,,,,
297,43b7a60c0ef8b4af001f45a0c57410b7374b1d75a6811e0dfc86e4d60f503856,ransomware,TRUE_ENCRYPTION,AvosLocker,cape,full,1,9.0,Scarab-Dharma,546,836,0.022140596796093554,7.173488898763997,7.324953418113304,90,546,0,102,0,0,0.0,0.18681318681318682,17,58,10,8,40,110,10,1,5,0,4,4,0,0,2,3,,0,,,0,0,1,0,0,0,0,0,0,0,0,0,4,10,,0,0,,,,,,,,
298,167bf2356e65b04407cd2d8299a9b315f213808b04c341f6aad5820fc46a3c49,ransomware,TRUE_ENCRYPTION,NetWalker,cape,full,0,10.0,Netwalker,884,0,,,,619,884,0,0,0,1,0.0,0.0,0,158,0,156,2,1,0,0,0,0,0,0,0,0,0,0,,0,,,0,0,1,1,1,0,0,0,0,0,0,0,4,0,,1,1,0,,,,,,,
299,12717add64ecf32d7bcb6b2662becbff6b516cf8073f399dc5e4d3615d452e89,ransomware,TRUE_ENCRYPTION,NetWalker,cape,full,0,10.0,Netwalker,1630,0,,,,1784,1630,0,0,0,1,0.0,0.0,0,195,0,188,7,1,0,0,0,0,0,0,0,0,0,0,,0,,,0,0,1,1,1,0,0,0,0,0,0,0,4,0,,1,1,0,,,,,,,
300,0d0ed90929351c08c47dbd7541073d037240718c4a2fd63c09d2377090d4cd7a,ransomware,TRUE_ENCRYPTION,NetWalker,cape,full,0,10.0,Netwalker,3016,0,,,,3106,3016,0,0,0,1,0.0,0.0,0,340,0,305,35,1,0,0,0,0,0,0,0,0,0,0,,0,,,0,0,1,1,1,0,0,0,0,0,0,0,4,0,,1,1,0,,,,,,,
301,8756f0619caff132b0d4dfefad4387b8d5ea134b8706f345757b92658e6e50ff,ransomware,FAILED,Hive,cape,static_only,1,0,,,,,,,,,,,,,,,,,,,,40,0,0,2,0,0,0,0,0,1,0,boost,0,,,,,,,,,,,,,,,,,,,,,,,,,,,
303,f297e54ce1fe9328b946b7a065f6029204f9ca26d1f9aad68592fa471c85747b,ransomware,FAILED,Hive,cape,full,1,0.3,,0,0,,,,0,0,0,0,0,0,,,0,0,0,0,0,31,0,0,1,0,0,0,0,0,1,0,boost,0,,,0,0,1,0,0,0,0,0,0,0,0,0,0,0,,0,0,,,,,,,,
304,f8fc2445a9814ca8cf48a979bff7f182d6538f4d1ff438cf259268e8b4b76f86,ransomware,NO_VICTIM_ACTIVITY,Hive,cape,full,1,5.4,,88,0,,,,1,88,2,0,0,2,0.022727272727272728,0.0,1,10,0,6,4,40,0,0,2,0,0,0,0,0,1,0,boost,0,,,0,0,1,2,0,0,0,0,0,0,0,0,0,0,,1,1,0,0,,0,62.2,1,1,0.236
305,c9a5db61aa2314d2d71e54a33f36192468b8e1a761e1307f3aa4936fe0ecc502,ransomware,FAILED,Hive,cape,full,1,2.0,,0,0,,,,0,0,0,0,0,0,,,0,0,0,0,0,124,2,2,3,0,0,0,1,0,1,2,,0,,,1,0,0,0,0,0,0,0,0,0,0,0,0,0,,0,0,,,,,,,,
306,fafd35b8686b47ce520fdf66aad21ac0d151532af96a670314e27a333be8dcec,ransomware,FAILED,Hive,cape,full,1,2.0,,0,0,,,,0,0,0,0,0,0,,,0,0,0,0,0,124,2,2,3,0,0,0,1,0,1,2,,0,,,1,0,0,0,0,0,0,0,0,0,0,0,0,0,,0,0,,,,,,,,
307,01ea06db82a72d8eaa3209311b20f3da34aebda948204f615c63e5cb62057538,ransomware,FAILED,Hive,cape,full,1,2.0,,0,0,,,,0,0,0,0,0,0,,,0,0,0,0,0,124,2,2,3,0,0,0,1,0,1,2,,0,,,1,0,0,0,0,0,0,0,0,0,0,0,0,0,,0,0,,,,,,,,
308,2790fbc25dae73ea4526ea5e39baf5bc9e44947258b05f43a01ec71f118e9bcb,ransomware,NO_VICTIM_ACTIVITY,Hive,cape,full,1,4.0,,2,0,,,,2,2,0,0,0,0,0.0,0.0,0,2,0,2,0,105,0,0,5,1,0,0,1,1,1,2,,0,,,0,0,1,0,0,0,0,0,0,0,0,0,0,0,,0,0,,,,,,,,
309,e889461b4a93fa62b03d283369cee78d914089e1e1ea502a6ca3d8107ac084f7,ransomware,FAILED,Hive,cape,full,1,2.0,,0,0,,,,0,0,0,0,0,0,,,0,0,0,0,0,137,2,2,4,5,0,0,5,3,1,3,,0,,,1,0,0,0,0,0,0,0,0,0,0,0,0,0,,0,0,,,,,,,,
310,985c20ab57daa2d8135833f83bb48aebbaee96082dabed5e78329b9fe0b902d7,ransomware,FAILED,Hive,cape,full,1,2.0,,0,0,,,,0,0,0,0,0,0,,,0,0,0,0,0,137,2,2,4,5,0,0,5,3,1,3,,0,,,1,0,0,0,0,0,0,0,0,0,0,0,0,0,,0,0,,,,,,,,
311,3d984c6d23e6b1440dbc5a3c717ce6b068318e625cedc61b3efdcada82d6861f,ransomware,FAILED,Hive,cape,full,1,2.0,,0,0,,,,0,0,0,0,0,0,,,0,0,0,0,0,137,2,2,4,5,0,0,5,3,1,3,,0,,,1,0,0,0,0,0,0,0,0,0,0,0,0,0,,0,0,,,,,,,,
312,087260fa859741d5226ceec3153deff3fe9baba69e8958b13451623bd811ca44,ransomware,NO_VICTIM_ACTIVITY,Hive,cape,full,1,0.5,,0,0,,,,0,0,0,0,0,0,,,0,0,0,0,0,40,0,0,2,0,0,0,0,0,1,0,boost,0,,,0,0,1,0,0,0,0,0,0,0,0,0,0,0,,0,0,,,,,,,,
313,6a751d5b42efe0e45f2939164eb910e742aaec8e95b70d7ae55173a34694ba35,ransomware,FAILED,Hive,cape,full,1,0.5,,0,0,,,,0,0,0,0,0,0,,,0,0,0,0,0,39,0,0,2,0,0,0,0,0,1,0,boost,0,,,0,0,1,0,0,0,0,0,0,0,0,0,0,0,,0,0,,,,,,,,
314,f6238ae2550a457d7397da52826738981ed3486ac9df94fac77996cfa294eb09,ransomware,FAILED,Hive,cape,full,1,0.5,,0,0,,,,0,0,0,0,0,0,,,0,0,0,0,0,39,0,0,2,0,0,0,0,0,1,0,boost,0,,,0,0,1,0,0,0,0,0,0,0,0,0,0,0,,0,0,,,,,,,,
315,fcd01c9fed690b2bad435c5bab5925cc1132c4c622f18af09d437f9e4957b84b,ransomware,FAILED,Hive,cape,full,1,0.3,,1,0,,,,0,1,0,0,0,0,0.0,0.0,0,1,0,1,0,39,0,0,2,0,0,0,0,0,1,0,boost,0,,,0,0,1,0,0,0,0,0,0,0,0,0,0,0,,0,0,,,,,,,,
316,2604647c72f4ad3287edf8660af40fba21ed4bfd4b74a0b8d1a57c163c272c8f,ransomware,FAILED,Hive,cape,full,1,0.8,,0,0,,,,0,0,0,0,0,0,,,0,0,0,0,0,39,0,0,2,0,0,0,0,0,1,0,boost,0,,,0,0,1,0,0,0,0,0,0,0,0,0,0,0,,0,0,,,,,,,,
317,c6f0810b4ca4c2e70a07eddcbd14459e875deced05f5619dfd4df6f49a2130a9,ransomware,FAILED,Hive,cape,full,1,0.3,,0,0,,,,0,0,0,0,0,0,,,0,0,0,0,0,39,0,0,2,0,0,0,0,0,1,0,boost,0,,,0,0,1,0,0,0,0,0,0,0,0,0,0,0,,0,0,,,,,,,,
318,62bdc536263d92e4fbb3a98cd2c7c554c0f15608566f6b190ccd3feef8907d45,ransomware,FAILED,Hive,cape,full,1,1.3,,28,0,,,,0,28,0,0,0,0,0.0,0.0,0,1,0,1,0,39,0,0,2,0,0,0,0,0,1,0,boost,0,,,0,0,1,0,0,0,0,0,0,0,0,0,0,0,,0,0,,,,,,,,
319,efb1e519d5a9d527a474eb694ba20dc7589a0cd7347941185a6276d76d0c8f34,ransomware,FAILED,Hive,cape,full,1,1.3,,28,0,,,,0,28,0,0,0,0,0.0,0.0,0,1,0,1,0,39,0,0,2,0,0,0,0,0,1,0,boost,0,,,0,0,1,0,0,0,0,0,0,0,0,0,0,0,,0,0,,,,,,,,
320,ae409f3d835b583fd60657a894398589d3f712dcb72c85d8057fc81571d73cec,ransomware,FAILED,Babuk,cape,static_only,1,0,,,,,,,,,,,,,,,,,,,,145,0,0,7,1,0,0,1,1,2,2,openssl,0,,,,,,,,,,,,,,,,,,,,,,,,,,,
321,df8d000833243acc0004595b3a8d4b66fcd7b76d8685d5c2ff61ee2a40a0e92c,ransomware,FAILED,BlackCat,cape,static_only,1,1.3,,,,,,,,,,,,,,,,,,,,289,2,2,7,5,0,4,5,4,1,4,,0,,,,,,,,,,,,,,,,,,,,,,,,,,,
322,1e7c0f7091e8ed3687b06556cbbda638af99e35d372ba257cedb8ada4b2c43fe,ransomware,TRUE_ENCRYPTION,Conti,cape,full,1,8.0,Conti,228,1147,0.3062168029232383,5.01525191638589,7.351235274900615,69,228,0,63,0,2,0.0,0.27631578947368424,22,13,11,1,1,103,0,0,7,0,0,0,0,1,2,0,,0,,,0,1,0,2,0,0,0,0,0,0,3,3,5,5,3.5,0,0,,,,,,,,
323,f3f25af554bedfa4ee2824bb858280282bd87828d446048619dc49fe061741b4,ransomware,NO_VICTIM_ACTIVITY,DarkSide,cape,full,0,2.5,,0,0,,,,0,0,0,0,0,0,,,0,0,0,0,0,3,0,0,0,0,0,0,0,0,0,0,,0,,,0,0,1,0,0,0,0,0,0,1,1,1,0,0,,0,0,,,,,,,,
324,af179b093adef005f85ed0c5e9a920381bf0993bd5fd2af393fe6551e3b934b4,ransomware,TRUE_ENCRYPTION,HelloKitty,cape,full,1,10.0,Kitty,412,336,0.43302749270101615,6.552409849317816,6.728477441389348,589,412,11,162,0,7,0.02669902912621359,0.3932038834951456,28,63,10,2,51,122,3,1,6,1,3,0,1,0,2,4,,0,,,0,0,1,5,0,0,0,0,0,0,5,5,27,8,22.7,0,0,,,,,,,,
325,8756f0619caff132b0d4dfefad4387b8d5ea134b8706f345757b92658e6e50ff,ransomware,FAILED,Hive,cape,static_only,1,0.8,,,,,,,,,,,,,,,,,,,,40,0,0,2,0,0,0,0,0,1,0,boost,0,,,,,,,,,,,,,,,,,,,,,,,,,,,
326,47c6ba872eea70cf59233fabbdb6d1978cfc7c5602d4710b4f3d123e91f91822,ransomware,TRUE_ENCRYPTION,LockBit,cape,full,1,9.0,,44,650,-0.017771511678648756,5.6915854955567715,6.476157391559539,211,44,3,23,9,9,0.06818181818181818,0.5227272727272727,5,70,0,7,63,163,0,0,9,0,0,0,0,1,2,0,,0,,,0,1,0,11,0,0,0,0,0,0,1,13,8,0,-40.7,0,0,,,,,,,,
327,ce40058314b131a63ee248a85505ac02b9473c1032d7bfe63b081dc57171dd3f,ransomware,TRUE_ENCRYPTION,Phobos,cape,full,1,10.0,Phobos,957,0,,,,3469,957,3801,889,6,13,3.9717868338557993,0.928944618599791,62,518,132,7,379,111,0,0,8,0,3,0,5,1,0,2,,0,,,0,0,1,15,4,2,0,0,0,0,4,4,8,1,-146.5,5,2,0,0,,0,640.0,5,1,0.072
328,ee35526d4b26d6cccbdc1fc8e6c94cf02e5f9be32b6b43390167804a0ce6c50f,ransomware,FAILED,Ryuk,cape,static_only,1,0.0,,,,,,,,,,,,,,,,,,,,84,0,0,5,0,0,0,0,1,2,0,,0,,,,,,,,,,,,,,,,,,,,,,,,,,,
329,bf5f4d7b6ef1fdb903677e4ede04fb49952e08cee79822b9b53642bb5d1e6f02,ransomware,TRUE_ENCRYPTION,Snatch,cape,full,1,10.0,Snatch,105,69,-0.014039971429893258,5.050957462899603,7.1955211170268285,19,105,2,13,0,4,0.01904761904761905,0.12380952380952381,6,37,0,12,25,32,0,0,1,0,0,0,0,0,1,0,boost,0,,,0,1,0,8,0,0,0,0,0,0,0,0,0,0,,1,1,1,1,5.4,15,69.7,0,1,
330,516475caf3fbd1f0c0283572550528f1f9e7b502dce5fb6b89d40f366a150bfd,ransomware,FAILED,Zeppelin,cape,static_only,1,10.0,Zeppelin,,,,,,,,,,,,,,,,,,,183,0,0,8,0,3,0,2,1,0,2,,0,,,,,,,,,,,,,,,,,,,,,,,,,,,
331,624391da604c4f5a032783234edc2f22338150656d90179a910e1e45cbfaf566,ransomware,NO_VICTIM_ACTIVITY,Babuk,cape,full,1,9.0,,1,4,-0.5000000000000001,3.219539785312086,3.219539785312086,38,1,5,0,0,5,5.0,0.0,3,13,0,1,12,221,0,0,7,5,0,0,0,4,2,1,cryptopp,0,,,0,1,0,7,2,1,0,0,0,0,1,1,9,0,-20.1,1,1,0,0,,0,6.9,0,0,
332,bc8832f5a8911a1f6f979cbc37e33689f0066078d88bf5c14df534133175d75f,ransomware,FAILED,BlackCat,cape,static_only,1,1.3,,,,,,,,,,,,,,,,,,,,184,2,2,7,0,0,0,2,1,1,2,,0,,,,,,,,,,,,,,,,,,,,,,,,,,,
333,a83796aa471d9710b44d2ca9196d990b189cb9cbe1846e688be8660c5a6298dd,ransomware,TRUE_ENCRYPTION,Conti,cape,full,1,10.0,Conti,3823,10020,-0.10192407091321902,5.0147406745822956,7.344257487847201,2508,3823,1,3011,0,10,0.0002615746795710175,0.7876013601883338,162,524,142,143,239,75,0,0,3,0,0,0,3,0,2,1,,0,,,0,1,0,8,0,0,0,0,0,0,5,7,21,12,7.4,0,0,,,,,,,,
334,2de09a815efcc64810046de69b8e0aa1c9e9beee77b66560a0b15d737485e3c5,ransomware,NO_VICTIM_ACTIVITY,DarkSide,cape,full,0,2.5,,0,0,,,,0,0,0,0,0,0,,,0,0,0,0,0,3,0,0,0,0,0,0,0,0,0,0,,0,,,0,0,1,0,0,0,0,0,0,1,1,1,0,0,,0,0,,,,,,,,
335,4b082cfa36133e66c3ed8918ed775bd656890c3c7373606d67e0ee9edd6aa3b4,ransomware,FAILED,HelloKitty,cape,static_only,1,10.0,Kitty,,,,,,,,,,,,,,,,,,,122,3,1,6,1,3,0,1,0,2,4,,0,,,,,,,,,,,,,,,,,,,,,,,,,,,
350,d792ec4dc1e5fca5dac1f612d86168f36b701e44ea4d13f4cc79b308644f3724,ransomware,NO_VICTIM_ACTIVITY,Babuk,cape,full,0,9.0,,0,0,,,,0,0,0,0,0,0,,,0,0,0,0,0,15,0,0,0,0,0,0,0,1,0,0,,253,1,1,0,0,1,0,0,0,0,0,0,0,0,0,3,0,,0,0,,,,,,,,
351,46daafc57c385a2d0b5516c058ead1ee9a49c7e5c0d411f546fb31985a61fe38,ransomware,FAILED,BlackCat,cape,static_only,1,1.3,,,,,,,,,,,,,,,,,,,,183,2,2,7,0,0,0,2,1,1,2,,0,,,,,,,,,,,,,,,,,,,,,,,,,,,
352,b70e78971fc44f8413447139afe777f19fd1b0d203f2d40f66f41cd6100a1c95,ransomware,TRUE_ENCRYPTION,Conti,cape,full,1,6.0,,83,473,0.6971629087132873,5.006924942747593,7.312375462695332,24,83,0,21,0,4,0.0,0.25301204819277107,6,23,7,9,7,139,0,0,8,0,0,0,3,4,2,1,,0,,,0,1,0,4,0,0,1,0,0,0,1,7,12,5,49.4,2,1,2,1,46.2,21,19.0,0,1,
353,4098b54c9d27b00ce34d04ffac24213ed28993a2854827851b157d63407c2e4e,ransomware,NO_VICTIM_ACTIVITY,DarkSide,cape,full,0,9.0,,0,0,,,,0,0,0,0,0,0,,,0,0,0,0,0,18,0,0,0,0,0,0,0,0,0,0,,18,0,0,0,0,1,0,0,0,0,0,0,0,0,0,0,0,,0,0,,,,,,,,
354,8fb025d59e501a545cae40ef222ca22b5722fdd487cdefb3f2e4b0a8635f9bc2,ransomware,NO_VICTIM_ACTIVITY,HelloKitty,cape,full,1,10.0,Kitty,0,4,,3.219539785312086,3.219539785312086,23,0,0,0,0,121,,,0,120,0,0,120,119,0,0,6,1,3,0,3,0,2,3,,0,,,0,1,0,189,0,0,41,40,0,0,2,3,8,0,,102,2,0,,,,,,,
355,aafb0a46610064cd88ba99672e0f18456ed827cf46b2d3064487c45bac75637a,ransomware,FAILED,Hive,cape,full,1,0.3,,0,0,,,,0,0,0,0,0,0,,,0,0,0,0,0,40,0,0,2,0,0,0,0,0,1,0,boost,0,,,0,0,1,0,0,0,0,0,0,0,0,0,0,0,,0,0,,,,,,,,
356,a61687dca6e71baa451a3ba677299af8c0b8d576f7e348609aa43162ca550dc3,ransomware,FAILED,LockBit,cape,static_only,1,1.3,,,,,,,,,,,,,,,,,,,,25,0,0,0,0,0,0,0,0,0,0,,0,,,,,,,,,,,,,,,,,,,,,,,,,,,
357,68dd91e49256ee61ca05a5309db255e9ffe23e8df680ace95d48346e2a39c260,ransomware,FAILED,Phobos,cape,full,1,1.3,,0,76,,2.3334497896308433,6.237605759916897,0,0,0,0,0,1,,,0,1,0,0,1,97,7,1,6,1,3,0,4,0,0,4,,0,,,0,0,1,1,0,0,0,0,0,0,0,0,0,0,,0,0,,,,,,,,
358,8f368b029a3a5517cb133529274834585d087a2d3a5875d03ea38e5774019c8a,ransomware,TRUE_ENCRYPTION,Ryuk,cape,full,1,9.0,Ryuk,1928,14229,0.30819092425067063,7.108249457286932,7.339868287266833,1802,1928,0,2314,3,15,0.0,1.200207468879668,34,359,69,23,267,81,0,0,5,0,0,0,0,0,2,0,,0,,,0,1,0,16,0,0,5,0,0,0,0,10,0,0,-260.7,9,1,0,0,,0,470.0,9,1,0.248
359,097d28021ffb26cb5b7d2d1377578cd6e2005549e44b5b2491fd310ecf50f7a8,ransomware,TRUE_ENCRYPTION,Snatch,cape,full,1,10.0,Snatch,516,0,,,,365,516,0,117,0,0,0.0,0.22674418604651161,22,25,17,3,5,39,0,0,1,0,0,0,0,0,1,0,boost,0,,,0,0,1,0,0,0,0,0,0,0,0,0,0,0,,0,0,,,,,,,,
360,4ded976d2e5474b5ce1562ceb032981e23f170e7d6ec07fadd131aea82715a5a,ransomware,FAILED,Zeppelin,cape,static_only,0,10.0,Zeppelin,,,,,,,,,,,,,,,,,,,0,0,0,0,0,0,0,0,0,0,0,,0,,,,,,,,,,,,,,,,,,,,,,,,,,,
361,542d67073cbc5c7ce38ebcd31809591f54e000d901048c9e11870faa98cbf67d,ransomware,TRUE_ENCRYPTION,Babuk,cape,full,1,10.0,Babuk,282,98,0.8925258275585457,4.877570967536903,5.028639311838574,473,282,13,153,0,13,0.04609929078014184,0.5425531914893617,35,170,21,27,122,80,3,1,6,5,3,4,3,2,0,5,,0,,,0,0,1,12,3,0,0,0,0,0,5,6,29,2,-8.1,2,1,1,1,0.3,166,369.4,1,1,0.67
362,62ae5ad22213d2adaf0e7cf1ce23ff47b996f60065244b63f361a22daed2bdda,ransomware,FAILED,BlackCat,cape,static_only,1,1.3,,,,,,,,,,,,,,,,,,,,273,2,2,7,1,1,4,5,4,1,5,,0,,,,,,,,,,,,,,,,,,,,,,,,,,,
363,b800bf6f11170ff68cd552484fa144571069513adad2d75ac7462b126b5f0816,ransomware,TRUE_ENCRYPTION,Conti,cape,full,1,10.0,Conti,3283,17342,0.2344389699794355,5.7083318879386775,7.357798328148798,3365,3283,1,3630,0,10,0.0003045994517209869,1.1056960097471824,158,302,110,19,173,67,0,0,5,0,0,0,0,0,2,0,,0,,,0,1,0,9,0,0,0,0,0,0,4,6,20,8,3.7,0,0,,,,,,,,
365,e22137c5b034e0bf022ee389b607d3e0cffdbb25355918135f1536a7e510442b,ransomware,NO_VICTIM_ACTIVITY,HelloKitty,cape,full,1,10.0,Kitty,0,0,,,,0,0,0,0,0,141,,,0,132,0,0,132,119,0,0,6,1,3,0,3,0,2,3,,0,,,0,0,1,214,0,0,53,44,0,0,2,3,14,0,,125,2,0,,,,,,,
366,f297e54ce1fe9328b946b7a065f6029204f9ca26d1f9aad68592fa471c85747b,ransomware,FAILED,Hive,cape,full,1,2.3,,0,0,,,,0,0,0,0,0,0,,,0,0,0,0,0,31,0,0,1,0,0,0,0,0,1,0,boost,0,,,0,0,1,0,0,0,0,0,0,0,0,0,0,0,,0,0,,,,,,,,
367,637be4d4df565ad9299be22e19deacaa343f05d56fb9ea0a201fb012ac8f4df9,ransomware,FAILED,LockBit,cape,static_only,1,1.3,,,,,,,,,,,,,,,,,,,,20,0,0,0,0,0,0,0,0,0,0,,0,,,,,,,,,,,,,,,,,,,,,,,,,,,
368,4ff314143f6fea359946a81034ec04a4f515998fc23c6937bc5d032b02f01bea,ransomware,TRUE_ENCRYPTION,Phobos,cape,full,1,10.0,Phobos,1714,0,,,,3792,1714,3894,109,7,14,2.2718786464410736,0.06359393232205368,50,516,193,28,295,111,0,0,8,0,3,0,5,1,0,2,,4343,4,2,0,0,1,20,4,2,0,0,0,0,5,5,10,1,-188.6,5,2,0,0,,0,635.1,5,1,0.16
369,d6b7b27e13700aaa7f108bf9e76473717a7a1665198e9aafcc2d2227ca11bba9,ransomware,FAILED,Ryuk,cape,static_only,1,0.8,,,,,,,,,,,,,,,,,,,,78,0,0,5,0,0,0,0,0,2,0,,0,,,,,,,,,,,,,,,,,,,,,,,,,,,
370,36a4311ef332b0b5db62f8fcabf004fdcfbbde62f791839a8be0314604d814c4,ransomware,NO_VICTIM_ACTIVITY,Snatch,cape,full,1,8.0,,1,0,,,,0,1,0,0,0,2,0.0,0.0,0,3,0,1,2,31,0,0,1,0,0,0,0,0,1,0,boost,0,,,0,0,1,3,0,1,0,0,0,1,0,0,6,1,,1,1,0,,,,,,,
371,7757c11c449860e2dd54ae97e05835fb39f89a9c93f32dfc23b258ad49c3622e,ransomware,TRUE_ENCRYPTION,Zeppelin,cape,full,1,10.0,Zeppelin,5006,0,,,,2871,5006,5,5000,1,26,0.000998801438274071,0.9988014382740711,53,453,71,3,379,183,0,0,8,0,3,0,2,1,0,2,,0,,,0,0,1,14,0,0,0,0,0,0,3,8,23,3,-44.1,0,0,,,,,,,,
372,09175b12be9491968e6d9f8878a634156075da518a31f416956fbd0c50fa36d0,ransomware,FAILED,Babuk,cape,full,1,10.0,Babuk,0,0,,,,0,0,0,0,0,0,,,0,0,0,0,0,55,0,0,7,1,3,0,0,1,1,2,,0,,,0,0,1,0,0,0,0,0,0,0,0,0,0,0,,0,0,,,,,,,,
373,38d5f4f37686dab8b082b591224e272883644caab6a814e7751981da00523c51,ransomware,FAILED,BlackCat,cape,static_only,1,1.0,,,,,,,,,,,,,,,,,,,,273,2,2,7,1,1,4,5,4,1,5,,0,,,,,,,,,,,,,,,,,,,,,,,,,,,
374,cb97e89541d61de376a4e041b66f80181811dfadb4b4d6c094a42632017604c2,ransomware,TRUE_ENCRYPTION,Conti,cape,full,0,10.0,Conti,226,47,-0.0021084422604855484,4.892349786047782,5.0,208,226,6,29,1,43,0.02654867256637168,0.12831858407079647,9,112,2,18,92,12,0,0,0,0,0,0,0,0,0,0,,247,3,3,0,1,0,21,5,4,0,0,0,0,3,7,46,2,-0.5,1,1,0,0,,0,293.1,1,1,0.524
375,6931b124d38d52bd7cdef48121fda457d407b63b59bb4e6ead4ce548f4bbb971,ransomware,NO_VICTIM_ACTIVITY,DarkSide,cape,full,0,10.0,DarksideV1,4,0,,,,6,4,17,0,0,0,4.25,0.0,9,12,0,2,10,4,0,0,0,0,0,0,0,0,0,0,,1060,4,4,0,0,1,1,0,0,0,0,0,0,0,0,0,0,,0,0,,,,,,,,
376,192acfe0d55eef4c49cb7c803e7130d2f5ecd6bdee446f1c065ea6dee489ea6c,ransomware,NO_VICTIM_ACTIVITY,HelloKitty,cape,full,1,10.0,Kitty,0,0,,,,0,0,0,0,0,101,,,0,97,0,0,97,119,0,0,6,1,3,0,3,0,2,3,,0,,,0,0,1,154,0,0,30,40,0,0,3,5,2,0,,85,2,0,,,,,,,
377,f8fc2445a9814ca8cf48a979bff7f182d6538f4d1ff438cf259268e8b4b76f86,ransomware,NO_VICTIM_ACTIVITY,Hive,cape,full,1,5.4,,89,0,,,,1,89,2,0,0,2,0.02247191011235955,0.0,1,16,0,12,4,40,0,0,2,0,0,0,0,0,1,0,boost,0,,,0,0,1,2,0,0,0,0,0,0,0,0,0,0,,1,1,0,0,,0,80.4,1,1,0.236
378,032690f113289d50b672fb3e95b64c801454e8e07fe3cdcb072efeaabcc7a374,ransomware,TRUE_ENCRYPTION,LockBit,cape,full,1,9.0,Scarab-Dharma,58,0,,,,3687,58,19,2450,253,9,0.3275862068965517,42.241379310344826,64,556,0,6,550,158,0,0,8,0,0,0,0,1,2,0,,25,0,0,0,0,1,9,0,0,0,0,0,0,2,14,9,5,-26.8,0,0,,,,,,,,
379,45de59851d68929632346d6f894dc8c1b6a5c4197db83c2e33c60631efc0b39f,ransomware,FAILED,Phobos,cape,static_only,1,10.0,Phobos,,,,,,,,,,,,,,,,,,,111,0,0,8,0,3,0,5,1,0,2,,0,,,,,,,,,,,,,,,,,,,,,,,,,,,
380,8da85cb00f7ba5e8c23b058d31a4b169c18936a8f7181015ce27e871d8b8cccd,ransomware,FAILED,Ryuk,cape,static_only,1,0.3,,,,,,,,,,,,,,,,,,,,103,0,0,6,0,0,0,5,2,2,1,,0,,,,,,,,,,,,,,,,,,,,,,,,,,,
381,166eec273d472577682b777f9e12b63697db76c21823abf8c228a8b8b506a4b8,ransomware,FAILED,Snatch,cape,static_only,0,0.3,,,,,,,,,,,,,,,,,,,,6,0,0,0,0,0,0,0,0,0,0,,0,,,,,,,,,,,,,,,,,,,,,,,,,,,
382,24efa10a2b51c5fd6e45da6babd4e797d9cae399be98941f950abf7b5e9a4cd7,ransomware,NO_VICTIM_ACTIVITY,Zeppelin,cape,full,1,10.0,Zeppelin,3,0,,,,1,3,3,0,1,7,1.0,0.0,2,11,0,3,8,183,0,0,8,0,3,0,2,1,0,2,,0,,,0,0,1,10,3,2,0,0,0,0,0,0,5,0,,0,0,,,,,,,,
383,db28d5d2a0e2b0320748a4f68156463642ab59671a3c8f7266c23fdffe186ac1,ransomware,FAILED,Babuk,cape,full,0,2.8,,0,0,,,,0,0,0,0,0,0,,,0,0,0,0,0,1,0,0,0,0,0,0,0,0,0,0,,0,,,0,0,1,0,0,0,0,0,0,0,0,0,0,0,,0,0,,,,,,,,
384,1d6d47bf20d21b860d232a358481c477c36491134ea976372c69a0483e05a556,ransomware,FAILED,BlackCat,cape,static_only,1,1.0,,,,,,,,,,,,,,,,,,,,276,2,2,7,1,1,4,5,4,1,5,,0,,,,,,,,,,,,,,,,,,,,,,,,,,,
410,a8df7571e871d22f13ba3eb376eddd1f73ce241d24caa878494e1805219b342a,ransomware,FAILED,Babuk,cape,static_only,1,0.3,,,,,,,,,,,,,,,,,,,,448,0,0,3,0,0,0,3,0,1,1,,0,,,,,,,,,,,,,,,,,,,,,,,,,,,
411,4729c95c7b1da0c7176d100bb5fccea3b1c467f295e37677fab3b50d41ff1ff0,ransomware,FAILED,BlackCat,cape,static_only,1,0.3,,,,,,,,,,,,,,,,,,,,134,0,0,3,0,0,0,0,1,1,0,,0,,,,,,,,,,,,,,,,,,,,,,,,,,,
412,8cc0af07f6a734190daa831d3636db4d88a5c9e74872ebcfb3aa9b5beea77804,ransomware,FAILED,Conti,cape,static_only,1,0.3,,,,,,,,,,,,,,,,,,,,70,0,0,5,0,0,0,0,0,2,0,,0,,,,,,,,,,,,,,,,,,,,,,,,,,,
414,a022e86b2bb3ed6b4a8676be8b1688397b6e15c693e69c5093d8eb04396d2905,ransomware,FAILED,HelloKitty,cape,static_only,1,10.0,Kitty,,,,,,,,,,,,,,,,,,,122,3,1,6,1,3,0,1,0,2,4,,0,,,,,,,,,,,,,,,,,,,,,,,,,,,
415,c9a5db61aa2314d2d71e54a33f36192468b8e1a761e1307f3aa4936fe0ecc502,ransomware,FAILED,Hive,cape,static_only,1,1.8,,,,,,,,,,,,,,,,,,,,124,2,2,3,0,0,0,1,0,1,2,,0,,,,,,,,,,,,,,,,,,,,,,,,,,,
416,30a8cf3e6863030c762b468bf48d679f3dd053a80793770443938fa18de89617,ransomware,FAILED,Babuk,cape,full,1,10.0,Babuk,0,1,,,,0,0,0,0,0,0,,,0,0,0,0,0,84,3,1,6,5,3,4,3,2,0,5,,0,,,0,0,1,0,0,0,0,0,0,0,0,0,0,0,,0,0,,,,,,,,
417,e9cef52bf082c87766bbac0b3324c3d76e66e9d5b943e751a04583dc041a0273,ransomware,NO_VICTIM_ACTIVITY,BlackCat,cape,full,0,6.0,,14,0,,,,1034,14,3,0,0,107,0.21428571428571427,0.0,1,378,0,2,376,12,0,0,0,0,0,0,0,0,0,0,,224,0,0,0,0,1,107,0,0,0,0,104,0,0,0,0,0,,100,1,0,0,,0,0.1,0,0,
418,d1506903fdc36b31f8a448f127982b2559e06210bb51579bdfa4fc61871c71d6,ransomware,FAILED,Conti,cape,full,1,10.0,Conti,0,0,,,,0,0,0,0,0,0,,,0,0,0,0,0,73,0,0,5,0,0,0,3,0,2,1,,0,,,0,0,1,0,0,0,0,0,0,0,0,0,0,0,,0,0,,,,,,,,
419,bc32a2ccf158ebe2b76646be865a4c6dd91da6b8e5bb0dd9520102a9bfea5439,ransomware,TRUE_ENCRYPTION,DarkSide,cape,full,0,10.0,DarksideV1,468,494,-0.018354079497655964,6.286651451140398,6.476157391559539,382,468,28,119,5,17,0.05982905982905983,0.25427350427350426,26,78,27,13,38,4,0,0,0,0,0,0,0,0,0,0,,1056,4,4,0,1,0,8,0,0,0,0,0,0,5,9,25,8,-21.5,0,0,,,,,,,,
420,513266fb23782f2bff65b6e8f059c4f4bb99562610c44110c4a463338f91d425,ransomware,NO_VICTIM_ACTIVITY,HelloKitty,cape,full,1,10.0,Kitty,0,0,,,,0,0,0,0,0,145,,,0,139,0,0,139,119,0,0,6,1,3,0,3,0,2,3,,0,,,0,0,1,217,0,0,55,45,0,0,2,3,2,0,,135,2,0,,,,,,,
421,fafd35b8686b47ce520fdf66aad21ac0d151532af96a670314e27a333be8dcec,ransomware,FAILED,Hive,cape,full,1,2.0,,0,0,,,,0,0,0,0,0,0,,,0,0,0,0,0,124,2,2,3,0,0,0,1,0,1,2,,0,,,1,0,0,0,0,0,0,0,0,0,0,0,0,0,,0,0,,,,,,,,
422,180e93a091f8ab584a827da92c560c78f468c45f2539f73ab2deb308fb837b38,ransomware,TRUE_ENCRYPTION,LockBit,cape,full,0,9.0,,1854,0,,,,701,1854,22,640,0,1,0.011866235167206042,0.3451995685005394,94,294,85,19,190,0,0,0,0,0,0,0,0,0,0,0,,0,,,,,,1,0,0,0,0,0,0,0,1,0,0,-10.8,0,0,,,,,,,,
423,2a8353551d099c78ac100b44718a691142f8cc7879b47e842ee8491426e15c08,ransomware,TRUE_ENCRYPTION,Phobos,cape,full,1,10.0,Phobos,1315,0,,,,2751,1315,2995,1455,6,18,2.277566539923954,1.1064638783269962,104,378,92,19,267,111,0,0,8,0,3,0,5,1,0,2,,1767,0,0,0,0,1,14,4,2,0,0,0,0,4,4,14,1,-313.4,3,2,0,0,,0,604.1,3,1,0.124
424,6cbc05acf871c106f7804069fffef908472a31ea1a782add45a100d14c8f5ea0,ransomware,TRUE_ENCRYPTION,Ryuk,cape,full,1,9.0,Ryuk,113,156,0.9718497558389262,7.157912886509691,7.262205677497546,118,113,0,32,1,21,0.0,0.2831858407079646,4,34,4,2,28,115,0,0,7,0,0,0,5,2,2,1,,0,,,0,1,0,12,0,0,4,0,0,0,2,12,0,0,-104.6,11,1,0,0,,0,4.0,1,1,0.781
425,fc82772468e062322e676763a8a22c7604224448b18580fa54fdc37e4a661846,ransomware,TRUE_ENCRYPTION,Snatch,cape,full,1,10.0,Snatch,3394,108,0.6629999724520779,3.9718980857516835,4.9375,2257,3394,127,2,5,6,0.03741897466116677,0.0005892751915144372,13,85,4,69,12,40,0,0,1,0,0,0,0,0,1,0,boost,0,,,0,1,0,7,1,0,0,0,0,0,2,2,23,8,-91.4,1,1,0,0,,0,336.4,1,1,0.022
426,4728a3fa4f94d7a09e2dbe21d12ae84543042ce88ba4ea11f3fb3f27490a4933,ransomware,TRUE_ENCRYPTION,Zeppelin,cape,full,1,10.0,Zeppelin,5087,345,0.2954119122676965,6.223069908693223,6.376825800964972,3165,5087,16,5000,0,16,0.003145272262630234,0.9828975820719481,55,339,57,5,277,183,0,0,8,0,3,0,2,1,0,2,,0,,,0,1,0,17,6,2,0,0,0,0,2,2,13,1,-127.2,2,1,0,0,,0,522.5,2,1,0.072
427,f0ec54b9dc2e64c214e92b521933cee172283ff5c942cf84fae4ec5b03abab55,ransomware,TRUE_ENCRYPTION,Babuk,cape,full,1,10.0,Babuk,441,157,0.936853340341742,4.886326231766485,5.087462841250338,555,441,13,151,0,14,0.02947845804988662,0.3424036281179138,32,138,35,21,82,84,3,1,6,5,3,4,3,2,0,5,,0,,,0,0,1,10,3,0,0,0,0,0,6,6,40,5,-8.8,2,1,0,0,,0,176.1,1,1,0.001
428,e160b6348f6fbdc444125bb65dbd94606d99da48c8334c8e6b2ee4429f813293,ransomware,FAILED,BlackCat,cape,full,1,10.0,BlackCat,0,0,,,,0,0,0,0,0,0,,,0,0,0,0,0,288,2,2,7,5,0,4,5,4,1,4,,0,,,1,0,0,0,0,0,0,0,0,0,0,0,0,0,,0,0,,,,,,,,
429,d9243af49f96c8b66715287d0dc26dbd82eab8570d5f20629ddf9e5fe06c051c,ransomware,TRUE_ENCRYPTION,Conti,cape,full,1,10.0,Conti,3493,23248,-0.0910649200674932,5.592649293614685,7.366000927641414,3450,3493,1,4539,0,14,0.000286286859433152,1.299456054967077,175,297,46,46,205,75,0,0,3,0,0,0,3,0,2,1,,0,,,0,1,0,11,0,0,0,0,0,0,5,6,25,12,4.0,0,0,,,,,,,,
430,4d9432e8a0ceb64c34b13d550251b8d9478ca784e50105dc0d729490fb861d1a,ransomware,TRUE_ENCRYPTION,DarkSide,cape,full,0,9.0,,74,474,-0.006175225210715069,6.344395570150933,6.476157391559539,74,74,27,7,4,19,0.36486486486486486,0.0945945945945946,14,67,3,11,53,4,0,0,0,0,0,0,0,0,0,0,,1059,4,4,0,1,0,9,0,0,0,0,0,0,4,13,14,7,-66.0,0,0,,,,,,,,
431,7bdb0be5e4c376bbb3533b8872f3ba72b7876ef261b94f6799010f55160d8adb,ransomware,TRUE_ENCRYPTION,HelloKitty,cape,full,1,10.0,Kitty,481,324,0.27313541983711237,6.554632821509123,6.765625,571,481,47,166,5,19,0.09771309771309772,0.34511434511434513,28,132,17,15,100,122,3,1,6,1,3,0,1,0,2,4,,0,,,0,0,1,9,0,0,0,0,0,0,5,10,28,13,28.1,0,0,,,,,,,,
432,01ea06db82a72d8eaa3209311b20f3da34aebda948204f615c63e5cb62057538,ransomware,FAILED,Hive,cape,full,1,2.0,,0,0,,,,0,0,0,0,0,0,,,0,0,0,0,0,124,2,2,3,0,0,0,1,0,1,2,,0,,,1,0,0,0,0,0,0,0,0,0,0,0,0,0,,0,0,,,,,,,,
433,7ea5afbc166c4e23498aa9747be81ceaf8dad90b8daa07a6e4644dc7c2277b82,ransomware,TRUE_ENCRYPTION,LockBit,cape,full,0,9.0,,1563,0,,,,466,1563,22,408,0,1,0.014075495841330775,0.26103646833013433,73,229,93,21,115,0,0,0,0,0,0,0,0,0,0,0,,0,,,,,,1,0,0,0,0,0,0,0,1,0,0,-9.7,0,0,,,,,,,,
434,c70ced34e4c01df4344e9ee4b2a42190f25ed6ac7543ee9c9579cb0ca8658256,ransomware,TRUE_ENCRYPTION,Phobos,cape,full,1,10.0,Phobos,1512,0,,,,3652,1512,3499,103,6,17,2.314153439153439,0.06812169312169312,53,514,188,22,304,111,0,0,8,0,3,0,5,1,0,2,,0,,,0,0,1,15,4,2,0,0,0,0,3,6,6,1,-344.3,5,2,0,0,,0,618.2,5,1,0.129
435,91450f9e8aeb0361867cdefc0bb7e5bad8941b5081db549d34a91072df4db5dc,ransomware,NO_VICTIM_ACTIVITY,Ryuk,cape,full,1,8.0,,0,0,,,,0,0,0,0,0,119,,,0,118,0,0,118,107,8,0,5,1,0,0,1,1,2,3,,0,,,1,0,0,120,0,0,1,0,0,0,0,0,0,0,,108,1,0,,,,,,,
436,5874159ac61ab0349f29c8336c6d31d27c4df181318942ace320f4a6c6d24abe,ransomware,TRUE_ENCRYPTION,Babuk,cape,full,1,9.0,,1321,8641,0.2767132277141761,5.771036939575415,7.364085986252066,1923,1321,2,2016,0,8,0.001514004542013626,1.526116578349735,36,504,103,69,332,104,0,0,7,0,0,0,0,0,2,0,,0,,,0,1,0,10,0,0,0,0,0,0,2,2,15,20,-39.7,1,1,0,0,,0,524.2,1,1,0.015
437,aba1639c22467782c13a6dbe25c7b79e75b40ab440b7b54454ae9bc54dd6ae51,ransomware,FAILED,BlackCat,cape,full,1,2.0,,0,0,,,,0,0,0,0,0,0,,,0,0,0,0,0,276,2,2,7,1,1,4,5,4,1,5,,0,,,1,0,0,0,0,0,0,0,0,0,0,0,0,0,,0,0,,,,,,,,
438,565ff723884f77bf7e744527b0eb736373183ce1cc6c6df0fdee4b2929f685c2,ransomware,TRUE_ENCRYPTION,Conti,cape,full,1,10.0,Conti,3323,20571,0.05765636166654783,5.635370601192992,7.377029704751738,2085,3323,1,1,0,9,0.0003009328919650918,0.0003009328919650918,1,115,0,88,27,68,0,0,3,0,0,0,0,0,2,0,,0,,,0,1,0,9,0,0,0,0,0,0,4,4,17,8,5.3,0,0,,,,,,,,
439,61ca175c2f04cb5279f8507e69385577cf04e4e896a01d0b5357746a241c7846,ransomware,FAILED,DarkSide,cape,full,0,2.3,,0,0,,,,0,0,0,0,0,0,,,0,0,0,0,0,1,0,0,0,0,0,0,0,0,0,0,,0,,,0,0,1,0,0,0,0,0,0,0,0,0,0,0,,0,0,,,,,,,,
440,3b64b861af1779df860a1e8d480bbe5b775acee19ca8c3b64c9005d8c64eb327,ransomware,FAILED,HelloKitty,cape,full,1,3.0,,0,0,,,,0,0,0,0,0,0,,,0,0,0,0,0,89,0,0,6,0,0,0,0,0,2,0,,0,,,0,0,1,0,0,0,0,0,0,0,0,0,0,0,,0,0,,,,,,,,
441,2790fbc25dae73ea4526ea5e39baf5bc9e44947258b05f43a01ec71f118e9bcb,ransomware,NO_VICTIM_ACTIVITY,Hive,cape,full,1,3.0,,2,0,,,,2,2,0,0,0,0,0.0,0.0,0,2,0,2,0,105,0,0,5,1,0,0,1,1,1,2,,0,,,0,0,1,0,0,0,0,0,0,0,0,0,0,0,,0,0,,,,,,,,
442,25fba0e92d00184dde662c7d30aff006851dba296daa6f6f82ce797b66789ed2,ransomware,FAILED,LockBit,cape,full,0,0.8,,0,0,,,,0,0,0,0,0,0,,,0,0,0,0,0,4,0,0,0,0,0,0,0,0,0,0,,0,,,0,0,1,0,0,0,0,0,0,0,0,0,0,0,,0,0,,,,,,,,
443,00723db8c6513a9b8a79b8b8cc7d9da9f23a8a5454149ed12768937ca15d1a47,ransomware,TRUE_ENCRYPTION,Phobos,cape,full,1,10.0,Phobos,1203,0,,,,2547,1203,2918,1468,6,28,2.425602660016625,1.2202826267664173,99,380,94,15,271,111,0,0,8,0,3,0,5,1,0,2,,1636,0,0,0,0,1,20,4,2,0,0,0,0,4,4,18,1,-302.9,3,2,0,0,,0,569.5,3,1,0.094
444,7cdbe203acf89434221c69804bf8bd1e44b413376fbb509301c80a84d73e3ee9,ransomware,TRUE_ENCRYPTION,Ryuk,cape,full,1,9.0,,2438,0,,,,2310,2438,291,45,3,2,0.11936013125512715,0.018457752255947497,12,384,30,150,204,420,0,0,3,0,0,0,0,0,0,0,,15737,4,4,0,0,1,3,0,0,0,0,0,0,1,1,10,0,-380.3,0,0,,,,,,,,
445,edade6616334f3d313ac3ea7c3e432d8d9461cddad8e2ec3a94ffdc6e336a94e,ransomware,NO_VICTIM_ACTIVITY,Snatch,cape,full,0,2.0,,0,0,,,,0,0,0,0,0,0,,,0,0,0,0,0,4,0,0,0,0,0,0,0,0,0,0,,27,0,0,0,0,1,0,0,0,0,0,0,0,0,0,0,0,,0,0,,,,,,,,
446,f38c40c74a0a9953697c63fbd375c064cb2d59ce478435c7357bd68f382dd26f,ransomware,TRUE_ENCRYPTION,Zeppelin,cape,full,1,10.0,Zeppelin,5090,355,0.0006642323058225277,6.223815781398517,6.376825800964972,3113,5090,18,5000,1,20,0.003536345776031434,0.9823182711198428,55,416,44,9,363,58,0,0,0,0,0,0,0,0,2,0,,183,2,2,0,1,0,20,5,2,0,0,0,0,2,2,13,0,-205.5,2,1,0,0,,0,437.2,2,1,0.144
447,decc924c5d9724166e627622abfe52636a28c89253307aa88966c70b77a3e1a6,ransomware,TRUE_ENCRYPTION,Babuk,cape,full,1,9.0,,1010,561,-0.01172834049752608,5.731642958885515,7.220357866205081,2653,1010,8,73,0,14,0.007920792079207921,0.07227722772277227,19,490,2,27,461,105,0,0,7,1,0,0,1,1,2,2,openssl,9206,2,0,0,1,0,15,0,0,1,4,0,0,1,2,40,1,-177.7,7,2,0,0,,0,233.0,7,1,0.015
448,6253659a160638bb4622dcf28a4f0e0474129794827de68bc276bc4b29e0addf,ransomware,FAILED,BlackCat,cape,full,1,10.0,BlackCat,0,0,,,,0,0,0,0,0,0,,,0,0,0,0,0,288,2,2,7,5,0,4,5,4,1,4,,0,,,1,0,0,0,0,0,0,0,0,0,0,0,0,0,,0,0,,,,,,,,
449,ff95e6d148e53e60b113f05bb54557315ec9b8af82adfaa276a21fbc561a9b77,ransomware,TRUE_ENCRYPTION,Conti,cape,full,1,9.0,,137,855,-0.015115152072827154,5.8974965854486445,6.37849034503095,427,137,7,2,0,71,0.051094890510948905,0.014598540145985401,4,196,0,58,138,45,0,0,2,0,0,0,0,0,1,0,boost,0,,,0,1,0,96,28,2,15,23,5,0,1,1,9,0,-440.7,26,3,17,1,204.2,9,192.5,2,1,0.326
450,bfb31c96f9e6285f5bb60433f2e45898b8a7183a2591157dc1d766be16c29893,ransomware,NO_VICTIM_ACTIVITY,DarkSide,cape,full,0,2.5,,0,0,,,,0,0,0,0,0,0,,,0,0,0,0,0,1,0,0,0,0,0,0,0,0,0,0,,0,,,0,0,1,0,0,0,0,0,0,1,1,1,0,0,,0,0,,,,,,,,
451,ef614b456ca4eaa8156a895f450577600ad41bd553b4512ae6abf3fb8b5eb04e,ransomware,FAILED,HelloKitty,cape,full,1,1.0,,0,0,,,,0,0,0,0,0,0,,,0,0,0,0,0,79,3,1,4,0,0,0,0,0,2,1,,0,,,1,0,0,0,0,0,0,0,0,0,0,0,0,0,,0,0,,,,,,,,
452,e889461b4a93fa62b03d283369cee78d914089e1e1ea502a6ca3d8107ac084f7,ransomware,FAILED,Hive,cape,full,1,2.0,,0,0,,,,0,0,0,0,0,0,,,0,0,0,0,0,137,2,2,4,5,0,0,5,3,1,3,,0,,,1,0,0,0,0,0,0,0,0,0,0,0,0,0,,0,0,,,,,,,,
453,7a42a2591858a6901ad37d4669a9c9a78a981b1d670c3dbfeef23500eae972c1,ransomware,TRUE_ENCRYPTION,LockBit,cape,full,1,9.0,Scarab-Dharma,345,2,-0.006468700513998644,2.0,2.0,390,345,18,584,66,1,0.05217391304347826,1.6927536231884057,24,63,2,28,33,20,0,0,0,0,0,0,0,0,0,0,,0,,,0,1,0,1,0,0,0,0,0,0,0,14,2314,0,-1.3,0,0,,,,,,,,
454,5e9902d0d003db7905864ca8a1cf4616d144f56c066156ff700a86d9fa77a09f,ransomware,TRUE_ENCRYPTION,Phobos,cape,full,1,10.0,Phobos,912,0,,,,2191,912,3130,1405,6,17,3.432017543859649,1.5405701754385965,97,366,87,25,254,111,0,0,8,0,3,0,5,1,0,2,,1659,0,0,0,0,1,14,4,2,0,0,0,0,5,5,19,1,-241.6,5,2,0,0,,0,630.6,5,1,0.109
455,79a98588b501d1fdb5de009a49dccaaf2f7683407c856f5007c062f36823aad0,ransomware,TRUE_ENCRYPTION,Ryuk,cape,full,1,9.0,,2440,0,,,,2326,2440,166,46,3,2,0.0680327868852459,0.018852459016393444,12,336,31,175,130,420,0,0,3,0,0,0,0,0,0,0,,15282,4,4,0,0,1,3,0,0,0,0,0,0,1,1,10,0,-377.6,0,0,,,,,,,,
456,dd23476649d1dbd1561ae7a3b07e9f7ea49a0cde94c467825a523cd645a08e5b,ransomware,NO_VICTIM_ACTIVITY,Snatch,cape,full,0,10.0,Snatch,106,942,-0.03878245239248177,6.127982405840462,6.476157391559539,132,106,12,0,0,6,0.11320754716981132,0.0,10,34,2,9,23,4,0,0,0,0,0,0,0,0,0,0,boost,28,0,0,0,1,0,6,0,0,0,0,0,0,2,2,2,0,-35.8,0,0,,,,,,,,
457,99ee7cf74c8de999f2a1cc8cefacad3c866a86e78c87a56323729bfad967a4e9,ransomware,TRUE_ENCRYPTION,Zeppelin,cape,full,1,10.0,Zeppelin,5090,355,0.20370730625824382,6.226244511867826,6.376825800964972,3192,5090,18,5000,1,24,0.003536345776031434,0.9823182711198428,55,405,61,9,335,58,0,0,0,0,0,0,0,0,2,0,,183,2,2,0,1,0,25,5,2,0,0,0,0,4,5,15,0,-164.8,2,1,0,0,,0,435.8,2,1,0.151
458,a72cd6dcf20df1725db00b53e95a35cc02490a974845b2f0e45db94d85eb69ff,ransomware,NO_VICTIM_ACTIVITY,Babuk,cape,full,0,8.0,,0,0,,,,0,0,0,0,0,0,,,0,0,0,0,0,11,0,0,0,0,0,1,0,0,0,1,openssl,352,4,3,0,0,1,0,0,0,0,0,0,0,0,0,0,0,,0,0,,,,,,,,
459,82c3e0dffa77510e2c6b53fefa34379912b986bf5666a34f018f77038cc5bea8,ransomware,FAILED,BlackCat,cape,static_only,1,2.3,,,,,,,,,,,,,,,,,,,,288,2,2,7,5,0,4,5,4,1,4,,0,,,,,,,,,,,,,,,,,,,,,,,,,,,
460,d6c1d2e77ce21d5a026e7abf99c9fffe55d87b282f460dc737da231211a12a0d,ransomware,TRUE_ENCRYPTION,Conti,cape,full,1,9.0,,111,0,,,,137,111,1,1,0,128,0.009009009009009009,0.009009009009009009,1,225,0,67,158,39,0,0,2,0,0,0,0,0,1,0,boost,0,,,0,0,1,138,29,2,21,46,5,0,1,1,0,0,-393.6,49,3,31,1,309.7,2,0.0,0,1,
461,a11cc5051e3a88428db495f6d8e4b6381a1cb3fa5946a525ef5c00bfcb44e210,ransomware,NO_VICTIM_ACTIVITY,DarkSide,cape,full,0,2.5,,0,0,,,,0,0,0,0,0,0,,,0,0,0,0,0,1,0,0,0,0,0,0,0,0,0,0,,0,,,0,0,1,0,0,0,0,0,0,1,1,1,0,0,,0,0,,,,,,,,
462,52dace403e8f9b4f7ea20c0c3565fa11b6953b404a7d49d63af237a57b36fd2a,ransomware,FAILED,HelloKitty,cape,full,1,1.0,,0,0,,,,0,0,0,0,0,0,,,0,0,0,0,0,79,3,1,4,0,0,0,0,0,2,1,,0,,,1,0,0,0,0,0,0,0,0,0,0,0,0,0,,0,0,,,,,,,,
463,985c20ab57daa2d8135833f83bb48aebbaee96082dabed5e78329b9fe0b902d7,ransomware,FAILED,Hive,cape,full,1,2.0,,0,0,,,,0,0,0,0,0,0,,,0,0,0,0,0,137,2,2,4,5,0,0,5,3,1,3,,0,,,1,0,0,0,0,0,0,0,0,0,0,0,0,0,,0,0,,,,,,,,
464,f53f84ac24e0ae43cd5b59a0e031d6423f8dce2400d21e0d59ea5511b57f256f,ransomware,TRUE_ENCRYPTION,LockBit,cape,full,0,9.0,LockBit,2247,0,,,,1763,2247,9,1827,5,7,0.004005340453938585,0.8130841121495327,123,150,76,12,62,8,0,0,0,0,0,0,0,0,0,0,,43,0,0,0,0,1,7,0,0,0,0,0,0,5,11,9,8,14.1,0,0,,,,,,,,
465,9b4074d8514fd54871f04a8cb7b5341ed22652419a35798c5a388de101894031,ransomware,FAILED,Phobos,cape,static_only,1,10.0,Phobos,,,,,,,,,,,,,,,,,,,111,0,0,8,0,3,0,5,1,0,2,,0,,,,,,,,,,,,,,,,,,,,,,,,,,,
466,6b22aa631597af44672174cec2c7e6c87741db9bcca6c59cf54eade02dae451b,ransomware,TRUE_ENCRYPTION,Ryuk,cape,full,1,9.0,,3189,0,,,,3071,3189,239,62,10,5,0.07494512386328002,0.019441831295076827,13,360,32,151,177,420,0,0,3,0,0,0,0,0,0,0,,22511,4,4,0,0,1,7,0,0,0,0,0,0,2,2,34,11,-99.2,0,0,,,,,,,,
467,c64bf1a1e4d47232d1966ec0515f7d80503a001f42b8dd3c99459f94dc0b3132,ransomware,TRUE_ENCRYPTION,Snatch,cape,full,0,10.0,Snatch,3126,136,0.573771329578322,3.961405401059131,5.058813890331199,2000,3126,163,2,5,25,0.052143314139475365,0.0006397952655150352,14,161,4,123,34,4,0,0,0,0,0,0,0,0,0,0,boost,109,0,0,0,1,0,16,4,2,0,0,0,0,3,8,23,8,-180.2,1,1,0,0,,0,350.2,1,1,0.096
468,56dc200341cac71492c374d9251791c60308d96d4387a8bbae999fdb5d841375,ransomware,NO_VICTIM_ACTIVITY,Zeppelin,cape,full,1,10.0,Zeppelin,18,45,0.526426377995305,,,1,18,4,0,1,6,0.2222222222222222,0.0,2,14,0,5,9,58,0,0,0,0,0,0,0,0,2,0,,183,2,2,0,1,0,7,0,0,0,0,0,0,1,1,13,0,-381.7,0,0,,,,,,,,
469,01d4ced698c9826e5879e235a74bab2b794e85df04b3c693345ef1925a20aeb9,ransomware,NO_VICTIM_ACTIVITY,Babuk,cape,full,0,8.0,,0,0,,,,0,0,0,0,0,0,,,0,0,0,0,0,12,0,0,0,0,0,1,0,0,0,1,openssl,348,4,3,0,0,1,0,0,0,0,0,0,0,0,0,0,0,,0,0,,,,,,,,
470,326993f7e516c7a9608bb8bdc9a7ae162ca485f70a97ede3fd9ba137878c66e5,ransomware,FAILED,BlackCat,cape,full,1,2.0,,0,0,,,,0,0,0,0,0,0,,,0,0,0,0,0,288,2,2,7,5,0,4,5,4,1,4,,0,,,1,0,0,0,0,0,0,0,0,0,0,0,0,0,,0,0,,,,,,,,
471,eb3f700f8de227faa4c7fe679f5280203b709f5b88a1267f53167864158aca1d,ransomware,TRUE_ENCRYPTION,Conti,cape,full,1,9.0,Scarab-Dharma,3614,23335,-0.09225937256777822,5.588443874932726,7.359761363816193,2907,3614,9,4530,5,9,0.0024903154399557276,1.253458771444383,174,239,41,46,152,74,0,0,3,0,0,0,3,0,2,1,,0,,,0,1,0,7,0,0,0,0,0,0,4,6,17,18,2.0,0,0,,,,,,,,
472,01c647838c374e91e8f9fe967fd25235d72264414bb0d5b82c4fbd4151a9717f,ransomware,TRUE_ENCRYPTION,Babuk,cape,full,1,10.0,Babuk,448,133,0.8556412046734438,4.887089689498433,5.087462841250338,409,448,21,199,5,12,0.046875,0.44419642857142855,42,155,22,30,103,80,3,1,6,5,3,4,3,2,0,5,,0,,,0,0,1,12,3,0,0,0,0,0,5,5,51,13,-7.5,2,1,1,1,1.2,220,509.6,1,1,0.362
473,e3ab77bd18631ec47eeaed44753cd9d55db0db7e5961f486f5963013656dc3df,ransomware,FAILED,BlackCat,cape,full,1,2.0,,0,0,,,,0,0,0,0,0,0,,,0,0,0,0,0,288,2,2,7,5,0,4,5,4,1,4,,0,,,1,0,0,0,0,0,0,0,0,0,0,0,0,0,,0,0,,,,,,,,
474,87b9b910d5d5a053e3b39989cc6fd51601abdaea207a26c765f21f43a4cd4dcb,ransomware,TRUE_ENCRYPTION,Babuk,cape,full,1,10.0,Babuk,499,156,0.8173266998312939,4.885722521505242,5.087462841250338,539,499,21,231,5,12,0.04208416833667335,0.46292585170340683,43,172,37,28,107,80,3,1,6,5,3,4,3,2,0,5,,0,,,0,0,1,12,3,0,0,0,0,0,5,5,64,13,-8.6,2,1,1,1,0.6,252,459.4,1,1,0.411
475,53570d6534ecb6c826a2ae043a6d9ae6c026bbb35a48d8bb750a6b6f03525a03,ransomware,FAILED,BlackCat,cape,full,1,2.0,,0,0,,,,0,0,0,0,0,0,,,0,0,0,0,0,288,2,2,7,5,0,4,5,4,1,4,,0,,,1,0,0,0,0,0,0,0,0,0,0,0,0,0,,0,0,,,,,,,,
476,d066e2aa9b600e2f1b8515016e65bc030d48462af178c7944979d73839012ca8,ransomware,NO_VICTIM_ACTIVITY,Babuk,cape,full,1,10.0,Babuk,0,0,,,,0,0,0,0,0,6,,,0,1,0,0,1,65,0,0,1,0,0,0,0,0,2,0,,65,0,0,0,0,1,1,0,0,0,0,0,0,0,0,0,0,,0,0,,,,,,,,
477,e5627c7b3e95c75c95e4532b3204209ed8c6786a159804702e0a3d03cdce7bed,ransomware,FAILED,BlackCat,cape,full,1,2.0,,0,0,,,,0,0,0,0,0,0,,,0,0,0,0,0,284,2,2,7,5,0,4,5,4,1,4,,0,,,1,0,0,0,0,0,0,0,0,0,0,0,0,0,,0,0,,,,,,,,
478,50eba374f306f9a8094b7458dd19001b4a921b8c955eb2b5c7a42f41ff45f865,ransomware,TRUE_ENCRYPTION,Babuk,cape,full,0,10.0,Babuk,180,134,0.47248582747194856,4.665731876253367,6.376825800964972,158,180,8,88,0,6,0.044444444444444446,0.4888888888888889,27,66,10,3,53,1,0,0,0,0,0,0,0,0,0,0,,83,5,5,0,1,0,7,3,0,0,0,0,0,2,2,25,0,-6.6,1,1,1,1,1.1,96,39.4,0,1,
479,c4c49d2da33892fc0fb8d961a5d504b9f458206e0366132c8a0d017d6e8767ff,ransomware,FAILED,BlackCat,cape,full,1,10.0,BlackCat,0,0,,,,0,0,0,0,0,0,,,0,0,0,0,0,232,2,2,7,5,0,4,5,4,1,4,,0,,,1,0,0,0,0,0,0,0,0,0,0,0,0,0,,0,0,,,,,,,,
480,764fa73478783cf7d93bb29e519d267efc451b587a4dc6eea939760e1c9419d2,ransomware,TRUE_ENCRYPTION,Babuk,cape,full,1,10.0,Babuk,422,111,0.8536679797852222,4.870880914668426,5.028639311838574,379,422,17,188,5,13,0.04028436018957346,0.44549763033175355,37,142,17,34,91,77,0,0,6,0,0,0,0,0,2,0,,80,5,5,0,1,0,12,3,0,0,0,0,0,5,5,64,11,-6.4,2,1,1,1,1.8,205,434.5,1,1,0.311
481,74abc075fc1d5c8985c952afc25a48ba874e76f96af4dc33414e84db9e10b9ee,ransomware,FAILED,BlackCat,cape,full,1,10.0,BlackCat,0,0,,,,0,0,0,0,0,0,,,0,0,0,0,0,232,2,2,7,5,0,4,5,4,1,4,,0,,,1,0,0,0,0,0,0,0,0,0,0,0,0,0,,0,0,,,,,,,,
482,10843ab4b6e4c9592a31a72bc5f7ccfa48fd365e6fba1b100319f40125f8da6f,ransomware,TRUE_ENCRYPTION,Babuk,cape,full,1,10.0,Babuk,444,127,0.8680414382719529,4.889991162547096,5.028639311838574,547,444,17,203,5,13,0.038288288288288286,0.4572072072072072,42,179,22,36,121,80,3,1,6,5,3,4,3,2,0,5,,0,,,0,0,1,12,3,0,0,0,0,0,5,6,66,13,-6.4,2,1,1,1,0.9,220,470.8,1,1,0.45
483,72f0981f18b969db2781e874d249d8003c07f99786e217f84cf54a148de259cc,ransomware,FAILED,BlackCat,cape,full,1,10.0,BlackCat,0,0,,,,0,0,0,0,0,0,,,0,0,0,0,0,231,2,2,7,5,0,4,5,4,1,4,,0,,,1,0,0,0,0,0,0,0,0,0,0,0,0,0,,0,0,,,,,,,,
484,6bfaba7f6d10242872a5616340c1e6beba3b2d285d59ed79b63272ea1f2c968e,ransomware,TRUE_ENCRYPTION,Babuk,cape,full,0,10.0,Babuk,348,9691,-0.005296969550753432,4.265063593450261,6.376825800964972,189,348,9,200,0,9,0.02586206896551724,0.5747126436781609,40,100,19,9,72,1,0,0,0,0,0,0,0,0,0,0,,83,5,5,0,1,0,8,3,0,0,0,0,0,2,2,23,2,-89.5,2,1,0,0,,0,194.9,1,1,0.412
485,3d457b11a195ea28d5ce30afa350c5e718302a310da4eb0746406dba270f55b3,ransomware,FAILED,BlackCat,cape,static_only,0,10.0,BlackCat,,,,,,,,,,,,,,,,,,,0,0,0,0,0,0,0,0,0,0,0,,0,,,,,,,,,,,,,,,,,,,,,,,,,,,
486,bcb5833e9b9ff99e6d2001552ad663f511bc57af02ca6ecacb188130fd8d753f,ransomware,TRUE_ENCRYPTION,Babuk,cape,full,0,10.0,Babuk,379,172,0.9795914662584183,4.874494834142881,7.101952874153065,227,379,13,225,0,8,0.03430079155672823,0.5936675461741425,42,119,21,12,86,1,0,0,0,0,0,0,0,0,0,0,,84,5,5,0,1,0,7,3,0,0,0,0,0,2,2,25,2,-11.5,2,1,1,1,0.8,238,114.8,0,1,
487,86ccc74375405ef5a86bb26071ec345d3d800438d1e0caa4a6d0cb43bd8562df,ransomware,FAILED,BlackCat,cape,full,1,10.0,BlackCat,0,0,,,,0,0,0,0,0,0,,,0,0,0,0,0,231,2,2,7,5,0,4,5,4,1,4,,0,,,1,0,0,0,0,0,0,0,0,0,0,0,0,0,,0,0,,,,,,,,
488,84b9d55a0e240587fc7d4be0d73ca623d1e1b126b963df2b5e3c71d73818c5fd,ransomware,TRUE_ENCRYPTION,Babuk,cape,full,0,10.0,Babuk,241,153,0.512591898766401,4.707616395612288,6.376825800964972,136,241,7,179,0,37,0.029045643153526972,0.7427385892116183,39,117,15,9,93,1,0,0,0,0,0,0,0,0,0,0,,83,5,5,0,1,0,13,3,0,0,0,0,0,3,5,23,0,-11.3,2,1,1,1,0.1,186,112.7,0,1,
489,5165cd61158a14ba2f90c275d29d8271b1f0c5669ebcdc620edd86ee90474dbc,ransomware,FAILED,BlackCat,cape,full,1,10.0,BlackCat,0,0,,,,0,0,0,0,0,0,,,0,0,0,0,0,231,2,2,7,5,0,4,5,4,1,4,,0,,,1,0,0,0,0,0,0,0,0,0,0,0,0,0,,0,0,,,,,,,,
490,f62f4261c914202f3445e122283178a508fa9cc0c480daddc180b5901557b2d7,ransomware,TRUE_ENCRYPTION,Babuk,cape,full,0,10.0,Babuk,300,165,0.4875267756827428,4.713894674293224,6.376825800964972,193,300,12,200,0,8,0.04,0.6666666666666666,40,114,15,11,88,1,0,0,0,0,0,0,0,0,0,0,,83,5,5,0,1,0,7,3,0,0,0,0,0,2,2,20,1,-11.4,2,1,1,1,0.0,212,111.3,0,1,
491,1b90e6f959db883fb4a036dac06242be724a7637708058e2c439e2250222d6d1,ransomware,FAILED,BlackCat,cape,full,1,1.0,,0,0,,,,0,0,0,0,0,0,,,0,0,0,0,0,81,0,0,3,0,0,0,0,0,2,0,,0,,,0,0,1,0,0,0,0,0,0,0,0,0,0,0,,0,0,,,,,,,,
492,5d6e4bd7bd7239fab20e043fb292974497297af89759b1b0d48d7d006e5e96fa,ransomware,TRUE_ENCRYPTION,AvosLocker,cape,full,1,9.0,,122,568,0.707661317478534,5.943234667619339,7.27741596653776,102,122,0,115,41,3,0.0,0.9426229508196722,30,40,16,4,20,145,8,1,7,5,4,4,5,0,2,5,cryptopp,0,,,0,0,1,11,4,4,0,0,2,0,0,0,3,1,,4,2,0,0,,0,98.6,4,1,0.139
493,ae409f3d835b583fd60657a894398589d3f712dcb72c85d8057fc81571d73cec,ransomware,NO_VICTIM_ACTIVITY,Babuk,cape,full,1,8.0,,921,4,-0.0064893511072646156,,,1416,921,9,2,5,5,0.009771986970684038,0.002171552660152009,3,127,2,26,99,145,0,0,7,1,0,0,1,1,2,2,openssl,7459,1,0,0,1,0,7,0,0,0,0,0,0,2,2,9,8,-370.5,0,0,,,,,,,,
494,df8d000833243acc0004595b3a8d4b66fcd7b76d8685d5c2ff61ee2a40a0e92c,ransomware,FAILED,BlackCat,cape,full,1,2.0,,0,0,,,,0,0,0,0,0,0,,,0,0,0,0,0,289,2,2,7,5,0,4,5,4,1,4,,0,,,1,0,0,0,0,0,0,0,0,0,0,0,0,0,,0,0,,,,,,,,
495,8cc0af07f6a734190daa831d3636db4d88a5c9e74872ebcfb3aa9b5beea77804,ransomware,TRUE_ENCRYPTION,Conti,cape,full,1,9.0,Scarab-Dharma,3455,14665,-0.1169826450082632,5.200626370009913,7.34895199023282,4232,3455,1,4562,0,8,0.0002894356005788712,1.3204052098408103,170,499,220,29,250,70,0,0,5,0,0,0,0,0,2,0,,0,,,0,1,0,7,0,0,0,0,0,0,4,5,5,5,4.7,0,0,,,,,,,,
496,1d4c0b32aea68056755daf70689699200ffa09688495ccd65a0907cade18bd2a,ransomware,NO_VICTIM_ACTIVITY,DarkSide,cape,full,0,2.5,,0,0,,,,0,0,0,0,0,0,,,0,0,0,0,0,1,0,0,0,0,0,0,0,0,0,0,,0,,,0,0,1,0,0,0,0,0,0,1,1,1,0,0,,0,0,,,,,,,,
497,4b082cfa36133e66c3ed8918ed775bd656890c3c7373606d67e0ee9edd6aa3b4,ransomware,TRUE_ENCRYPTION,HelloKitty,cape,full,1,10.0,Kitty,439,328,0.2432558197257567,6.529190604843286,6.728477441389348,532,439,21,141,5,8,0.04783599088838269,0.3211845102505695,26,80,11,13,56,122,3,1,6,1,3,0,1,0,2,4,,0,,,0,0,1,9,0,0,0,0,0,0,4,4,52,16,16.1,0,0,,,,,,,,
498,c9a5db61aa2314d2d71e54a33f36192468b8e1a761e1307f3aa4936fe0ecc502,ransomware,FAILED,Hive,cape,full,1,2.0,,0,0,,,,0,0,0,0,0,0,,,0,0,0,0,0,124,2,2,3,0,0,0,1,0,1,2,,0,,,1,0,0,0,0,0,0,0,0,0,0,0,0,0,,0,0,,,,,,,,
499,33e5396c26b5fff35264d758f66244d54372a93be3bc83a27bb1ebef58b1528c,ransomware,FAILED,LockBit,cape,full,0,0.8,,0,0,,,,0,0,0,0,0,0,,,0,0,0,0,0,4,0,0,0,0,0,0,0,0,0,0,,0,,,0,0,1,0,0,0,0,0,0,0,0,0,0,0,,0,0,,,,,,,,
500,5d869c0e077596bf0834f08dce062af1477bf09c8f6aa0a45d6a080478e45512,ransomware,TRUE_ENCRYPTION,NetWalker,cape,full,0,10.0,Netwalker,3268,0,,,,3301,3268,0,0,0,1,0.0,0.0,0,402,0,353,49,1,0,0,0,0,0,0,0,0,0,0,,0,,,0,0,1,2,1,0,0,0,0,0,0,0,4,0,,1,1,0,,,,,,,
501,45de59851d68929632346d6f894dc8c1b6a5c4197db83c2e33c60631efc0b39f,ransomware,TRUE_ENCRYPTION,Phobos,cape,full,1,10.0,Phobos,1309,0,,,,2805,1309,2964,1419,5,18,2.2643239113827347,1.084033613445378,91,387,93,31,263,111,0,0,8,0,3,0,5,1,0,2,,1612,0,0,0,0,1,16,4,2,0,0,0,0,5,5,19,1,-299.7,5,2,0,0,,0,631.0,5,1,0.095
502,c0f07b493cc32ffcbb4ca1ca92f5752c4040b1d0be7b69981c22a27f69cfb890,ransomware,FAILED,RansomEXX,cape,static_only,1,0.8,,,,,,,,,,,,,,,,,,,,144,3,1,6,0,3,0,4,3,2,3,boost,0,,,,,,,,,,,,,,,,,,,,,,,,,,,
503,ee35526d4b26d6cccbdc1fc8e6c94cf02e5f9be32b6b43390167804a0ce6c50f,ransomware,NO_VICTIM_ACTIVITY,Ryuk,cape,full,1,0.0,,8,0,,,,2,8,0,0,0,1,0.0,0.0,0,4,0,4,0,84,0,0,5,0,0,0,0,1,2,0,,253,2,2,0,0,1,1,0,0,0,0,0,0,0,0,0,0,,0,0,,,,,,,,
504,166eec273d472577682b777f9e12b63697db76c21823abf8c228a8b8b506a4b8,ransomware,TRUE_ENCRYPTION,Snatch,cape,full,0,10.0,Snatch,539,860,0.5080238964617105,4.997822137457287,7.232935166181372,574,539,2,860,0,4,0.0037105751391465678,1.5955473098330242,31,338,26,121,191,6,0,0,0,0,0,0,0,0,0,0,,17,0,0,0,1,0,6,0,0,0,0,0,0,0,0,0,0,,1,1,1,1,2.0,862,521.3,0,1,
505,e5ed21e011341affc1149056fdd02b658e0b6042971bc9f5a71e3e899f296f91,ransomware,TRUE_ENCRYPTION,SunCrypt,cape,full,1,10.0,SunCrypt,91,4,-0.0041408062643221435,3.219539785312086,3.219539785312086,75,91,9,37,5,5,0.0989010989010989,0.4065934065934066,8,27,6,8,13,117,0,0,5,1,4,0,5,3,0,3,,0,,,0,1,0,6,0,0,0,0,0,0,4,6,27,8,22.8,0,0,,,,,,,,
506,516475caf3fbd1f0c0283572550528f1f9e7b502dce5fb6b89d40f366a150bfd,ransomware,TRUE_ENCRYPTION,Zeppelin,cape,full,1,10.0,Zeppelin,5020,42,-0.03602023699104729,,,2946,5020,6,5000,1,19,0.001195219123505976,0.9960159362549801,53,392,61,3,328,183,0,0,8,0,3,0,2,1,0,2,,0,,,0,1,0,18,7,2,0,0,0,0,3,3,10,1,-8.9,1,1,0,0,,0,607.4,1,1,0.206
507,c0a42741eef72991d9d0ee8b6c0531fc19151457a8b59bdcf7b6373d1fe56e02,ransomware,TRUE_ENCRYPTION,AvosLocker,cape,full,1,9.0,Scarab-Dharma,143,309,0.41957807481774173,6.0469811040864085,7.284384314400864,38,143,0,52,0,0,0.0,0.36363636363636365,20,31,9,12,10,139,8,1,7,0,0,0,0,0,2,1,cryptopp,0,,,0,0,1,0,0,0,0,0,0,0,0,0,0,0,,0,0,,,,,,,,
508,09175b12be9491968e6d9f8878a634156075da518a31f416956fbd0c50fa36d0,ransomware,TRUE_ENCRYPTION,Babuk,cape,full,1,10.0,Babuk,6,0,,,,50,6,3144,0,0,26,524.0,0.0,4,158,1,2,155,55,0,0,7,1,3,0,0,1,1,2,,0,,,0,0,1,12,0,0,0,0,0,0,4,7,17,0,-5.4,0,0,,,,,,,,
509,db28d5d2a0e2b0320748a4f68156463642ab59671a3c8f7266c23fdffe186ac1,ransomware,TRUE_ENCRYPTION,Babuk,cape,full,0,9.0,,1,2,-0.058823529411764705,3.0,3.0,11,1,0,12,45,4,0.0,12.0,3,16,0,1,15,1,0,0,0,0,0,0,0,0,0,0,,633,2,2,0,1,0,4,0,0,0,0,0,0,0,0,3,0,,0,0,,,,,,,,
510,bc8832f5a8911a1f6f979cbc37e33689f0066078d88bf5c14df534133175d75f,ransomware,NO_VICTIM_ACTIVITY,BlackCat,cape,full,1,10.0,LSA dump,0,2,,2.0,2.0,0,0,0,0,0,0,,,0,0,0,0,0,184,2,2,7,0,0,0,2,1,1,2,,0,,,0,0,1,0,0,0,0,0,0,0,0,0,0,0,,0,0,,,,,,,,
511,c0a2e1ecf57ee83b649f1d8ff8dd37049865edc8b9a837f3b4ebb5e767229c23,ransomware,NO_VICTIM_ACTIVITY,Conti,cape,full,1,7.0,,4,8,-0.40824829046386296,,,4,4,0,0,0,0,0.0,0.0,0,2,0,2,0,118,3,0,7,0,0,0,0,0,2,1,,0,,,0,0,1,0,0,0,0,0,0,0,0,0,0,0,,0,0,,,,,,,,
512,973dfafc3051d8c2849f62c556ab8057da706f15d1ffd8871de894ae3a24d86b,ransomware,TRUE_ENCRYPTION,DarkSide,cape,full,0,10.0,DarksideV1,461,501,-0.03181575063295904,6.282710819888711,6.476157391559539,359,461,28,121,5,18,0.06073752711496746,0.26247288503253796,25,82,30,13,39,4,0,0,0,0,0,0,0,0,0,0,,1056,4,4,0,1,0,8,0,0,0,0,0,0,4,8,25,8,-54.6,0,0,,,,,,,,
513,a022e86b2bb3ed6b4a8676be8b1688397b6e15c693e69c5093d8eb04396d2905,ransomware,TRUE_ENCRYPTION,HelloKitty,cape,full,1,10.0,Kitty,425,328,0.45741608812980417,6.5510091638416785,6.70306185145671,483,425,17,140,5,5,0.04,0.32941176470588235,27,63,12,11,40,122,3,1,6,1,3,0,1,0,2,4,,0,,,0,0,1,6,0,0,0,0,0,0,4,4,37,13,11.4,0,0,,,,,,,,
514,a8df7571e871d22f13ba3eb376eddd1f73ce241d24caa878494e1805219b342a,ransomware,NO_VICTIM_ACTIVITY,Babuk,cape,full,1,3.3,,0,0,,,,6,0,0,0,0,0,,,0,6,0,0,6,448,0,0,3,0,0,0,3,0,1,1,,0,,,0,0,1,0,0,0,0,0,0,0,0,0,0,0,,0,0,,,,,,,,
515,46daafc57c385a2d0b5516c058ead1ee9a49c7e5c0d411f546fb31985a61fe38,ransomware,NO_VICTIM_ACTIVITY,BlackCat,cape,full,1,10.0,LSA dump,0,2,,2.0,2.0,0,0,0,0,0,0,,,0,0,0,0,0,183,2,2,7,0,0,0,2,1,1,2,,0,,,0,0,1,0,0,0,0,0,0,0,0,0,0,0,,0,0,,,,,,,,
516,de10ae21bb262728c616a707f90aa05088c9d8f2b810fc0f2fb1bddcf9aba938,ransomware,FAILED,Conti,cape,static_only,1,10.0,Conti,,,,,,,,,,,,,,,,,,,146,0,0,5,0,0,0,0,0,2,0,,0,,,,,,,,,,,,,,,,,,,,,,,,,,,
517,029c5d48e425206e2ae84a63d62bdbc80362702913b38618a423c541c8a0ed40,ransomware,NO_VICTIM_ACTIVITY,DarkSide,cape,full,0,2.5,,0,0,,,,0,0,0,0,0,0,,,0,0,0,0,0,1,0,0,0,0,0,0,0,0,0,0,,0,,,0,0,1,0,0,0,0,0,0,1,1,1,0,0,,0,0,,,,,,,,
518,a147945635d5bd0fa832c9b55bc3ebcea7a7787e8f89b98a44279f8eddda2a77,ransomware,FAILED,HelloKitty,cape,full,1,1.0,,0,0,,,,0,0,0,0,0,0,,,0,0,0,0,0,79,3,1,4,0,0,0,0,0,2,1,,0,,,1,0,0,0,0,0,0,0,0,0,0,0,0,0,,0,0,,,,,,,,
519,3d984c6d23e6b1440dbc5a3c717ce6b068318e625cedc61b3efdcada82d6861f,ransomware,FAILED,Hive,cape,full,1,2.0,,0,0,,,,0,0,0,0,0,0,,,0,0,0,0,0,137,2,2,4,5,0,0,5,3,1,3,,0,,,1,0,0,0,0,0,0,0,0,0,0,0,0,0,,0,0,,,,,,,,
520,392f4f64305a84b2c1451761f931fe21eae4a1329864c5a83c3fdc8356b07ef9,ransomware,NO_VICTIM_ACTIVITY,LockBit,cape,full,0,4.4,,0,12,,3.0,3.0,15,0,0,0,0,0,,,0,5,0,0,5,1,0,0,0,0,0,0,0,0,0,0,,0,,,0,1,0,0,0,0,0,0,0,0,0,0,16,0,,0,0,,,,,,,,
521,8587037c15463d10a17094ef8fa9f608cc20c99fa0206ce496b412f8c7f4a1b8,ransomware,NO_VICTIM_ACTIVITY,NetWalker,cape,full,1,10.0,Netwalker,0,0,,,,1,0,0,0,0,0,,,0,1,0,0,1,76,0,0,7,0,4,0,0,1,0,1,,0,,,0,0,1,0,0,0,0,0,0,0,0,0,0,0,,0,0,,,,,,,,
522,3d86f3bce92423415bc7beef95e13e9c8a422075e35e80185aec02f439c673ee,ransomware,FAILED,Phobos,cape,static_only,1,10.0,Phobos,,,,,,,,,,,,,,,,,,,111,0,0,8,0,3,0,5,1,0,2,,0,,,,,,,,,,,,,,,,,,,,,,,,,,,
523,d6b7b27e13700aaa7f108bf9e76473717a7a1665198e9aafcc2d2227ca11bba9,ransomware,TRUE_ENCRYPTION,Ryuk,cape,full,1,9.0,Ryuk,1318,16835,0.09612064459484694,7.060250144943193,7.35493534638272,1637,1318,0,1463,0,0,0.0,1.1100151745068285,63,176,38,11,127,78,0,0,5,0,0,0,0,0,2,0,,0,,,0,1,0,2,0,0,0,0,0,0,0,0,0,0,,0,0,,,,,,,,
524,6195f07015a3408f58375cf7dd2444f3fe1a751cea0052cad9024fc55e8aa320,ransomware,TRUE_ENCRYPTION,Babuk,cape,full,1,10.0,Babuk,267,100,0.9447473675703182,4.878407415945491,5.028639311838574,173,267,8,110,0,8,0.0299625468164794,0.41198501872659177,34,80,19,6,55,76,0,0,6,0,0,0,0,0,2,0,,80,5,5,0,1,0,9,3,0,0,0,0,0,4,4,42,5,-14.5,1,1,1,1,0.1,118,76.9,0,1,
525,62ae5ad22213d2adaf0e7cf1ce23ff47b996f60065244b63f361a22daed2bdda,ransomware,FAILED,BlackCat,cape,full,1,2.0,,0,0,,,,0,0,0,0,0,0,,,0,0,0,0,0,273,2,2,7,1,1,4,5,4,1,5,,0,,,1,0,0,0,0,0,0,0,0,0,0,0,0,0,,0,0,,,,,,,,
526,a2581ec030e1fb08e26ddc61b11445286aaf7271932146e7e1442a49fff734de,ransomware,FAILED,Conti,cape,static_only,1,10.0,Conti,,,,,,,,,,,,,,,,,,,218,0,0,5,0,0,0,0,0,2,0,,0,,,,,,,,,,,,,,,,,,,,,,,,,,,
527,2d82be244e23001148ed5a6d83856b6f7cd20c3f7786481303d5d584c51ff5f0,ransomware,NO_VICTIM_ACTIVITY,DarkSide,cape,full,0,2.5,,0,0,,,,0,0,0,0,0,0,,,0,0,0,0,0,1,0,0,0,0,0,0,0,0,0,0,,0,,,0,0,1,0,0,0,0,0,0,1,1,1,0,0,,0,0,,,,,,,,
528,0e5f7737704c8f25b2b8157561be54a463057cd4d79c7e016c30a1cf6590a85c,ransomware,FAILED,HelloKitty,cape,full,1,1.0,,0,0,,,,0,0,0,0,0,0,,,0,0,0,0,0,79,3,1,4,0,0,0,0,0,2,1,,0,,,1,0,0,0,0,0,0,0,0,0,0,0,0,0,,0,0,,,,,,,,
529,087260fa859741d5226ceec3153deff3fe9baba69e8958b13451623bd811ca44,ransomware,NO_VICTIM_ACTIVITY,Hive,cape,full,1,0.5,,0,0,,,,0,0,0,0,0,0,,,0,0,0,0,0,40,0,0,2,0,0,0,0,0,1,0,boost,0,,,0,0,1,0,0,0,0,0,0,0,0,0,0,0,,0,0,,,,,,,,
530,771a06e3a1bdb42a7249d1c888e740c2bc46ba30b54490188c17f6c84ca96e26,ransomware,TRUE_ENCRYPTION,LockBit,cape,full,1,9.0,Scarab-Dharma,45,0,,,,3333,45,14,4845,1803,20,0.3111111111111111,107.66666666666667,104,313,0,3,310,25,0,0,0,0,0,0,0,0,0,0,,0,,,0,0,1,9,0,0,0,0,0,0,3,23,2318,5,-1.3,0,0,,,,,,,,
531,209779474d4b8e7246245092e7d094ce5730c5c1d36bc03d9b8120f211dc3ebe,ransomware,TRUE_ENCRYPTION,NetWalker,cape,full,0,10.0,Netwalker,1615,0,,,,1478,1615,1,0,1,4,0.0006191950464396285,0.0,1,311,0,279,32,1,0,0,0,0,0,0,0,0,0,0,,2,0,0,0,0,1,4,1,0,0,0,0,0,0,0,3,0,,1,1,0,0,,0,0.0,0,0,
532,4e339ff3265d346252f688e0c625fcb2425a056905302e7ffaf2e96959fc861e,ransomware,FAILED,Phobos,cape,static_only,1,10.0,Phobos,,,,,,,,,,,,,,,,,,,111,0,0,8,0,3,0,5,1,0,2,,0,,,,,,,,,,,,,,,,,,,,,,,,,,,
533,8da85cb00f7ba5e8c23b058d31a4b169c18936a8f7181015ce27e871d8b8cccd,ransomware,TRUE_ENCRYPTION,Ryuk,cape,full,1,9.0,Ryuk,1795,232,0.13419213749828904,7.0740641008623815,7.2588676524603,396,1795,3,181,0,66,0.001671309192200557,0.10083565459610028,33,357,23,142,192,103,0,0,6,0,0,0,5,2,2,1,,206,1,0,0,1,0,22,0,0,6,0,0,0,3,19,7,0,-50.0,25,1,0,0,,0,654.7,25,1,0.021
534,bf9f6c46bf0d4ddf1e18550a5e2faaf30f19fabe4d8b7b134ffc9bfbacc479fd,ransomware,FAILED,Snatch,cape,static_only,1,10.0,Snatch,,,,,,,,,,,,,,,,,,,40,0,0,1,0,0,0,0,0,1,0,boost,0,,,,,,,,,,,,,,,,,,,,,,,,,,,
535,5876685b455f0c3f0228d03744b34df3e38add056fdbe111f639eafddf4fcc14,ransomware,NO_VICTIM_ACTIVITY,Zeppelin,cape,full,1,10.0,Zeppelin,17,45,0.5732474511610106,,,1,17,4,0,1,7,0.23529411764705882,0.0,2,14,0,5,9,58,0,0,0,0,0,0,0,0,2,0,,183,2,2,0,1,0,8,0,0,0,0,0,0,2,2,13,0,-16.2,0,0,,,,,,,,
536,0a640b6cbb482a05a67cd670e60b582f9176f964ad0fa61e70a35b828e422596,ransomware,TRUE_ENCRYPTION,Babuk,cape,full,0,10.0,Babuk,268,9654,-0.01172335711503137,4.257016646433545,6.376825800964972,151,268,35,179,2,27,0.13059701492537312,0.667910447761194,41,147,19,15,113,1,0,0,0,0,0,0,0,0,0,0,,83,5,5,0,1,0,17,3,0,0,0,0,0,3,4,51,9,-104.7,2,1,0,0,,0,591.9,2,1,0.163
537,38d5f4f37686dab8b082b591224e272883644caab6a814e7751981da00523c51,ransomware,FAILED,BlackCat,cape,full,1,2.0,,0,0,,,,0,0,0,0,0,0,,,0,0,0,0,0,273,2,2,7,1,1,4,5,4,1,5,,0,,,1,0,0,0,0,0,0,0,0,0,0,0,0,0,,0,0,,,,,,,,
538,837c0f1e9749121e4f8204c2b5546964c10d4e3d85a514458c35cbc021762d5c,ransomware,FAILED,Conti,cape,static_only,1,10.0,Conti,,,,,,,,,,,,,,,,,,,111,0,0,5,0,0,0,0,0,2,0,,0,,,,,,,,,,,,,,,,,,,,,,,,,,,
539,516664139b0ddd044397a56482d7308d87c213c320a3151ccb9738e8f932654b,ransomware,NO_VICTIM_ACTIVITY,DarkSide,cape,full,0,2.5,,0,0,,,,0,0,0,0,0,0,,,0,0,0,0,0,3,0,0,0,0,0,0,0,0,0,0,,0,,,0,0,1,0,0,0,0,0,0,1,1,1,0,0,,0,0,,,,,,,,
540,7be901c5f7ffeb8f99e4f5813c259d0227335680380ed06df03fb836a041cb06,ransomware,FAILED,HelloKitty,cape,full,1,1.0,,0,0,,,,0,0,0,0,0,0,,,0,0,0,0,0,79,3,1,4,0,0,0,0,0,2,1,,0,,,1,0,0,0,0,0,0,0,0,0,0,0,0,0,,0,0,,,,,,,,
541,6a751d5b42efe0e45f2939164eb910e742aaec8e95b70d7ae55173a34694ba35,ransomware,FAILED,Hive,cape,full,1,0.5,,0,0,,,,0,0,0,0,0,0,,,0,0,0,0,0,39,0,0,2,0,0,0,0,0,1,0,boost,0,,,0,0,1,0,0,0,0,0,0,0,0,0,0,0,,0,0,,,,,,,,
542,f734bc911b2662cc5fad02e4750911bfc9c150b14735c3a984ddade48c3eacd4,ransomware,FAILED,LockBit,cape,static_only,1,1.3,,,,,,,,,,,,,,,,,,,,24,0,0,0,0,0,0,0,0,0,0,,0,,,,,,,,,,,,,,,,,,,,,,,,,,,
543,02cb34da6e620d9428f9c8f375fe96a397464d272f723abd8296c4b420fb0e77,ransomware,TRUE_ENCRYPTION,NetWalker,cape,full,0,10.0,Netwalker,3178,0,,,,3208,3178,0,0,0,1,0.0,0.0,0,308,0,274,34,1,0,0,0,0,0,0,0,0,0,0,,0,,,0,0,1,1,1,0,0,0,0,0,0,0,4,0,,1,1,0,,,,,,,
544,43f846c12c24a078ebe33f71e8ea3b4f75107aeb275e2c3cd9dc61617c9757fc,ransomware,TRUE_ENCRYPTION,Phobos,cape,full,1,10.0,Phobos,762,0,,,,2144,762,2994,1400,6,25,3.9291338582677167,1.837270341207349,97,386,71,26,289,111,0,0,8,0,3,0,5,1,0,2,,1767,0,0,0,0,1,20,4,2,0,0,0,0,6,6,19,1,-276.5,5,2,0,0,,0,595.9,5,1,0.103
545,a9643eb83d509ad4eac20a2a89d8571f8d781979ad078e89f5b75b4bcb16f65e,ransomware,TRUE_ENCRYPTION,Ryuk,cape,full,1,9.0,Ryuk,323,1967,0.0012441558348282736,1.9651070102380397,7.260787280701436,375,323,3,39,2,16,0.009287925696594427,0.12074303405572756,11,34,8,11,15,209,1,0,7,0,0,0,0,1,2,1,,84,1,0,0,0,1,22,3,2,6,0,0,0,0,8,0,0,-122.6,8,2,0,0,,0,132.7,5,1,0.851
546,b9a33e0225555e2d41582f81a7fa73fe431817f6e169d55540b250907dec7aaf,ransomware,TRUE_ENCRYPTION,Snatch,cape,full,0,10.0,Snatch,3425,137,0.5714914605678969,3.9690417006445586,4.8125,2286,3425,163,2,5,12,0.04759124087591241,0.0005839416058394161,14,135,4,112,19,4,0,0,0,0,0,0,0,0,0,0,boost,109,0,0,0,1,0,13,4,2,0,0,0,0,2,2,23,8,-159.0,1,1,0,0,,0,182.9,1,1,0.155
547,fb80bbea1c179bf695c6817b78306696ebb474e4a2e49ce2e38b819338d43d49,ransomware,TRUE_ENCRYPTION,Zeppelin,cape,full,1,10.0,Zeppelin,5090,357,0.25217791963988045,6.226244511867826,6.376825800964972,3258,5090,18,5000,1,30,0.003536345776031434,0.9823182711198428,55,456,64,14,378,58,0,0,0,0,0,0,0,0,2,0,,183,2,2,0,1,0,24,6,2,0,0,0,0,3,10,17,0,-182.4,2,1,0,0,,0,499.4,2,1,0.136
548,0a506b1798561b784921b7070c88fbd2e2cdef6d17a500583b1cbd03c5181999,ransomware,TRUE_ENCRYPTION,Babuk,cape,full,1,10.0,Babuk,7,5,0.19579050768814063,3.219539785312086,3.219539785312086,94,7,5,16,0,34,0.7142857142857143,2.2857142857142856,4,67,1,2,64,85,3,1,6,5,3,4,5,2,0,5,,0,,,0,0,1,15,3,0,0,0,0,0,5,8,32,2,-8.5,2,1,0,0,,0,7.1,1,1,0.026
549,1d6d47bf20d21b860d232a358481c477c36491134ea976372c69a0483e05a556,ransomware,FAILED,BlackCat,cape,full,1,2.0,,0,0,,,,0,0,0,0,0,0,,,0,0,0,0,0,276,2,2,7,1,1,4,5,4,1,5,,0,,,1,0,0,0,0,0,0,0,0,0,0,0,0,0,,0,0,,,,,,,,
550,306ef92a9e862d187c890fc88b26b395692e93c2f92eaa6430c5de2177d269c2,ransomware,NO_VICTIM_ACTIVITY,Conti,cape,full,1,8.0,,72,2,-0.004848628117890895,,,28,72,9,2,5,10,0.125,0.027777777777777776,3,29,1,10,18,43,0,0,0,0,0,0,0,0,0,0,,43,0,0,0,1,0,11,0,0,0,2,0,0,2,2,31,8,-46.3,1,1,1,1,253.8,11,69.8,0,1,
551,56e7b9c4b8962b6ff0d1e0162ca8515a07b576cd47ba90221354838733f8689a,ransomware,NO_VICTIM_ACTIVITY,DarkSide,cape,full,0,2.5,,0,0,,,,0,0,0,0,0,0,,,0,0,0,0,0,3,0,0,0,0,0,0,0,0,0,0,,0,,,0,0,1,0,0,0,0,0,0,1,1,1,0,0,,0,0,,,,,,,,
552,501487b025f25ddf1ca32deb57a2b4db43ccf6635c1edc74b9cff54ce0e5bcfe,ransomware,NO_VICTIM_ACTIVITY,HelloKitty,cape,full,1,10.0,Kitty,2,4,-0.002316484908556812,3.219539785312086,3.219539785312086,23,2,1,1,0,125,0.5,0.5,1,123,0,2,121,119,0,0,6,1,3,0,3,0,2,3,,0,,,0,1,0,192,0,0,47,40,0,0,2,3,17,3,547.7,116,2,115,1,620.8,2,0.1,0,1,
553,f6238ae2550a457d7397da52826738981ed3486ac9df94fac77996cfa294eb09,ransomware,FAILED,Hive,cape,full,1,0.3,,0,0,,,,0,0,0,0,0,0,,,0,0,0,0,0,39,0,0,2,0,0,0,0,0,1,0,boost,0,,,0,0,1,0,0,0,0,0,0,0,0,0,0,0,,0,0,,,,,,,,
554,9a007e70a934bc617f93d4c2ea08f2b7c6238562529bc90d89c990bd7d2983c4,ransomware,TRUE_ENCRYPTION,LockBit,cape,full,1,9.0,Scarab-Dharma,99,2,-0.0037677508679802196,2.0,2.0,3735,99,19,4860,1795,24,0.1919191919191919,49.09090909090909,105,324,6,5,313,93,0,0,7,0,0,0,0,0,2,0,,26,0,0,0,1,0,14,0,0,0,0,0,0,4,24,2333,8,-1.0,0,0,,,,,,,,
555,4df67a9e8abab33856a586cea38b0d365fbbe0d91ee848f270c65f0125d2d677,ransomware,TRUE_ENCRYPTION,NetWalker,cape,full,0,10.0,Netwalker,3891,0,,,,3626,3891,0,0,0,1,0.0,0.0,0,487,0,441,46,1,0,0,0,0,0,0,0,0,0,0,,0,,,0,0,1,3,1,0,0,0,0,0,0,0,4,0,,1,1,0,,,,,,,
556,000db71531e5aa8b30594d305bb3fbce8e2c71f66e2170091ef58b3c1f306f46,ransomware,TRUE_ENCRYPTION,Phobos,cape,full,1,10.0,Phobos,899,0,,,,2293,899,3034,1414,5,22,3.374860956618465,1.5728587319243603,94,366,89,15,262,111,0,0,8,0,3,0,5,1,0,2,,1881,0,0,0,0,1,20,4,2,0,0,0,0,4,4,18,1,-307.7,3,2,0,0,,0,589.1,3,1,0.107
557,bf575ce1c9425bc44f5cabbc34366e0e92ef369db0a8b69942c5bdb1cca9b800,ransomware,NO_VICTIM_ACTIVITY,Ryuk,cape,full,1,9.0,,224,75002,-0.02007240370032576,1.6580635109500756,2.0,1,224,0,0,4,31,0.0,0.0,0,36,0,8,28,91,0,0,5,0,0,0,3,0,2,1,,91,1,0,0,1,0,24,4,3,6,0,0,0,2,10,0,0,128.8,13,3,0,,,,,,,
558,557314de998d75904fc52be9b37ff297264e8534f74f4d65e0cb862cc68bba49,ransomware,TRUE_ENCRYPTION,Snatch,cape,full,0,10.0,Snatch,322,1100,0.0029756732658537525,5.01678943354454,6.476157391559539,650,322,20,159,5,13,0.062111801242236024,0.4937888198757764,32,104,44,21,39,4,0,0,0,0,0,0,0,0,0,0,boost,28,0,0,0,1,0,14,4,2,0,0,0,0,2,2,23,8,-124.5,1,1,0,0,,0,363.5,1,1,0.219
559,be0bc9cd7fcedd7359f3c3e8ca2046b19adcce7b100756e529d60a83f9a96613,ransomware,NO_VICTIM_ACTIVITY,Zeppelin,cape,full,1,10.0,Zeppelin,67,16,0.16524216045580845,,,212,67,3,1,1,8,0.04477611940298507,0.014925373134328358,3,46,0,19,27,232,0,0,5,2,0,0,1,0,2,2,,183,2,0,0,1,0,9,0,0,0,0,0,0,3,3,24,3,-106.8,0,0,,,,,,,,
560,91bd5168b9b0026bfcc02f4a30c11f76d8663ef3ccf734afcc490098b517fa25,ransomware,TRUE_ENCRYPTION,Babuk,cape,full,1,10.0,Babuk,2049,7349,-0.044029892849651225,4.885402327441737,5.087462841250338,2251,2049,7,1950,0,18,0.003416300634455832,0.9516837481698389,81,325,109,8,208,24,0,0,0,0,0,4,3,0,0,2,,0,,,0,1,0,9,3,0,0,0,0,0,4,5,59,46,-4.7,2,1,1,1,1.0,1957,568.1,0,1,
561,88f9515a15433092c34ef33860d1f4994fed90c52bbc219493f4cee2cb2ccbfa,ransomware,TRUE_ENCRYPTION,Babuk,cape,full,1,10.0,Babuk,124,55,0.9379447780692718,4.880672073070452,5.087462841250338,116,124,9,66,0,46,0.07258064516129033,0.532258064516129,22,97,12,10,75,80,3,1,6,5,3,4,3,2,0,5,,0,,,0,0,1,33,3,0,0,0,16,0,5,7,38,4,18.8,9,2,9,1,58.8,75,263.1,0,1,
562,4729c95c7b1da0c7176d100bb5fccea3b1c467f295e37677fab3b50d41ff1ff0,ransomware,NO_VICTIM_ACTIVITY,BlackCat,cape,full,1,6.0,,14,0,,,,1085,14,3,0,0,112,0.21428571428571427,0.0,1,383,0,2,381,134,0,0,3,0,0,0,0,1,1,0,,0,,,0,0,1,112,0,0,0,0,109,0,0,0,0,0,,106,1,0,0,,0,0.0,0,0,
563,4aeef1dbe94a24070d22718ef75b990fb7763598fa1d966806ae77cbff226722,ransomware,TRUE_ENCRYPTION,Babuk,cape,full,1,10.0,Babuk,77,28,0.9413498369034935,4.874765679780484,5.0,116,77,9,35,0,47,0.11688311688311688,0.45454545454545453,12,97,8,8,81,78,3,1,6,5,3,4,3,2,0,5,,0,,,0,0,1,34,3,0,0,0,16,0,5,7,42,5,27.4,9,2,9,1,52.7,44,265.3,0,1,
564,508a579ec458c954c0aa9d3411ce9e6fac8bff91ad269d4a414e192b464af2d1,ransomware,TRUE_ENCRYPTION,Babuk,cape,full,1,10.0,Babuk,379,138,0.824061997630519,4.887901189149954,5.028639311838574,199,379,20,228,5,14,0.052770448548812667,0.6015831134564644,41,152,27,17,108,79,3,1,6,5,3,0,3,2,1,4,,0,,,0,0,1,13,3,0,0,0,0,0,4,5,64,13,-8.6,2,1,1,1,0.5,248,506.7,1,1,0.41
565,e88795f5be1970400521e0041c4603c62ff681f24ac75f926d524d092eecb6ee,ransomware,FAILED,BlackCat,cape,full,1,10.0,BlackCat,0,0,,,,0,0,0,0,0,0,,,0,0,0,0,0,210,2,2,7,5,0,4,5,4,1,4,,0,,,1,0,0,0,0,0,0,0,0,0,0,0,0,0,,0,0,,,,,,,,
566,51c86805e6350412f78a21f197aa00b4c9d4484118dd0261bd03e8539109f569,ransomware,TRUE_ENCRYPTION,Babuk,cape,full,1,10.0,Babuk,420,145,0.845649584004379,4.875323795089971,5.028639311838574,224,420,21,214,5,11,0.05,0.5095238095238095,43,143,28,17,98,80,3,1,6,5,3,4,3,2,0,5,,0,,,0,0,1,10,3,0,0,0,0,0,4,4,55,10,-11.7,2,1,1,1,1.3,235,355.4,1,1,0.526
567,bd4e603e953d8c7803f3c7d72cd7197d996ab80ce80b9da96a4df7d10969bb55,ransomware,FAILED,BlackCat,cape,full,1,10.0,BlackCat,0,0,,,,0,0,0,0,0,0,,,0,0,0,0,0,210,2,2,7,5,0,4,5,4,1,4,,0,,,1,0,0,0,0,0,0,0,0,0,0,0,0,0,,0,0,,,,,,,,
568,b4ecf72fa4af827c32bbc16c05597dbc1216c2fb0b9c2fdff757300e9ab20cef,ransomware,FAILED,Babuk,cape,static_only,0,10.0,Babuk,,,,,,,,,,,,,,,,,,,0,0,0,0,0,0,0,0,0,0,0,,0,,,,,,,,,,,,,,,,,,,,,,,,,,,
569,e55cc3426298f9f848849304d10b9222925eb19caebaebaa44dfb85ad2346062,ransomware,FAILED,BlackCat,cape,full,1,10.0,BlackCat,0,0,,,,0,0,0,0,0,0,,,0,0,0,0,0,210,2,2,7,5,0,4,5,4,1,4,,0,,,1,0,0,0,0,0,0,0,0,0,0,0,0,0,,0,0,,,,,,,,
570,f4c2169dab08ca0aa12fe0e35a0424b6de1396b719a3eb34c3f7ce205a99dd46,ransomware,TRUE_ENCRYPTION,Babuk,cape,full,1,9.0,Babuk,1400,2814,-0.12189538836562094,4.886805698636224,5.087462841250338,1281,1400,8,1851,0,24,0.005714285714285714,1.322142857142857,86,421,129,52,240,88,3,1,6,5,3,4,3,2,1,5,openssl,0,,,0,0,1,21,7,6,0,0,0,0,4,4,47,52,18.9,4,2,4,1,31.5,1859,547.5,0,1,
571,214ea9347df948e515af3f0ed446722e36f011e8cd34a221eb6e506269b955f3,ransomware,FAILED,BlackCat,cape,full,1,10.0,BlackCat,0,0,,,,0,0,0,0,0,0,,,0,0,0,0,0,210,2,2,7,5,0,4,5,4,1,4,,0,,,1,0,0,0,0,0,0,0,0,0,0,0,0,0,,0,0,,,,,,,,
572,ab8eee432fa636360b3c6724fe6851e9cf8eeae1ee9da6fc576bee1cd5d7fad2,ransomware,TRUE_ENCRYPTION,Babuk,cape,full,1,10.0,Babuk,452,146,0.8471207600303848,4.874150405309874,5.058813890331199,542,452,21,211,5,12,0.046460176991150445,0.4668141592920354,40,168,24,24,120,80,3,1,6,5,3,4,3,2,0,5,,0,,,0,0,1,11,3,0,0,0,0,0,5,5,57,9,-7.5,2,1,1,1,0.0,232,456.9,1,1,0.364
573,c124dc2c4f82b3258f1538656de8cbd2c5133137cad2d6c7b874de8232763d95,ransomware,FAILED,BlackCat,cape,full,1,10.0,BlackCat,0,0,,,,0,0,0,0,0,0,,,0,0,0,0,0,214,2,2,7,5,0,4,5,4,1,4,,0,,,1,0,0,0,0,0,0,0,0,0,0,0,0,0,,0,0,,,,,,,,
574,583f35d8d15dd19cd1cdcc1e03f6b3e1eaf1fa0df452eb80868d3767292d523b,ransomware,NO_VICTIM_ACTIVITY,Conti,cape,full,1,0.3,,0,0,,,,0,0,0,0,0,0,,,0,0,0,0,0,40,0,0,2,0,0,0,0,0,1,0,boost,0,,,0,0,1,0,0,0,0,0,0,0,0,0,0,0,,0,0,,,,,,,,
575,e0493b082077648eb33ca1294f2b26bc4c96d3820913c46330923e8bb3d73230,ransomware,NO_VICTIM_ACTIVITY,DarkSide,cape,full,0,2.5,,0,0,,,,0,0,0,0,0,0,,,0,0,0,0,0,3,0,0,0,0,0,0,0,0,0,0,,0,,,0,0,1,0,0,0,0,0,0,1,1,1,0,0,,0,0,,,,,,,,
576,3ae7bedf236d4e53a33f3a3e1e80eae2d93e91b1988da2f7fcb8fde5dcc3a0e9,ransomware,NO_VICTIM_ACTIVITY,HelloKitty,cape,full,1,10.0,Kitty,4,0,,,,0,4,1,1,0,147,0.25,0.25,1,143,0,3,140,118,0,0,6,1,3,0,3,0,2,3,,0,,,0,0,1,217,0,0,55,47,0,0,2,3,2,0,566.5,134,2,134,1,628.6,2,0.0,0,1,
577,fcd01c9fed690b2bad435c5bab5925cc1132c4c622f18af09d437f9e4957b84b,ransomware,FAILED,Hive,cape,full,1,0.3,,1,0,,,,0,1,0,0,0,0,0.0,0.0,0,1,0,1,0,39,0,0,2,0,0,0,0,0,1,0,boost,0,,,0,0,1,0,0,0,0,0,0,0,0,0,0,0,,0,0,,,,,,,,
578,f8cfcd21368ff8d8590000adf0b18d03aa49364a344bffeed9a8f32d5af1148f,ransomware,TRUE_ENCRYPTION,Babuk,cape,full,1,10.0,Babuk,334,105,0.854146723994921,4.890059450794453,5.087462841250338,180,334,20,180,5,12,0.059880239520958084,0.5389221556886228,45,125,15,19,91,79,3,1,6,5,3,0,3,2,1,4,,0,,,0,0,1,12,3,0,0,0,0,0,4,4,57,10,-6.5,2,1,1,1,0.9,200,452.5,1,1,0.386
579,25364fb9f14a97437eb079e0778f724f3817faa7d23de316b2eca11bdae1e343,ransomware,FAILED,BlackCat,cape,full,1,10.0,BlackCat,0,0,,,,0,0,0,0,0,0,,,0,0,0,0,0,214,2,2,7,5,0,4,5,4,1,4,,0,,,1,0,0,0,0,0,0,0,0,0,0,0,0,0,,0,0,,,,,,,,
580,f6dfa1e569f6c7da647224cf0553694462c5717c4793fb21f8e1d7476f5f708d,ransomware,NO_VICTIM_ACTIVITY,Conti,cape,full,1,0.3,,0,0,,,,0,0,0,0,0,0,,,0,0,0,0,0,40,0,0,2,0,0,0,0,0,1,0,boost,0,,,0,0,1,0,0,0,0,0,0,0,0,0,0,0,,0,0,,,,,,,,
581,cc54647e8c3fe7b701d78a6fa072c52641ac11d395a6d2ffaf05f38f53112556,ransomware,TRUE_ENCRYPTION,DarkSide,cape,full,0,9.0,,123,478,-0.008740891201092671,6.285664956256919,6.476157391559539,92,123,28,6,5,17,0.22764227642276422,0.04878048780487805,14,57,4,13,40,3,0,0,0,0,0,0,0,0,0,0,,1056,4,4,0,1,0,8,0,0,0,0,0,0,5,10,30,8,-22.2,0,0,,,,,,,,
582,e08f17b42e47bf973bf866f167a49b931b99fe1b50bc820078ac2644bd8c209c,ransomware,TRUE_ENCRYPTION,Babuk,cape,full,1,10.0,Babuk,418,153,0.8495778408983603,4.883372056994542,5.087462841250338,214,418,21,218,5,12,0.050239234449760764,0.5215311004784688,43,139,34,13,92,80,3,1,6,5,3,4,3,2,0,5,,0,,,0,0,1,11,3,0,0,0,0,0,4,4,58,12,-5.9,2,1,1,1,1.3,239,500.8,1,1,0.383
583,1048a41107f4d9a68c1f5fc0b99ac75dc198047f18bb6e50f3d462f262b8f6cd,ransomware,FAILED,BlackCat,cape,full,1,10.0,BlackCat,0,0,,,,0,0,0,0,0,0,,,0,0,0,0,0,214,2,2,7,5,0,4,5,4,1,4,,0,,,1,0,0,0,0,0,0,0,0,0,0,0,0,0,,0,0,,,,,,,,
584,1d5f8c4e2cb635bb5cfb001dfd0db882b9eeea700f04a6b9cb1a934667b85368,ransomware,TRUE_ENCRYPTION,Babuk,cape,full,1,10.0,Babuk,387,114,0.8642035862766907,4.884955715811856,5.028639311838574,202,387,40,204,5,13,0.10335917312661498,0.5271317829457365,42,137,17,18,102,80,3,1,6,5,3,4,3,2,0,5,,0,,,0,0,1,11,3,0,0,0,0,0,4,5,56,12,-9.8,2,1,1,1,0.5,244,605.8,1,1,0.385
585,655abd0b5067ec53b25ea387c9aebe0fbafd5209e53bc7447c7d7425cb76b175,ransomware,FAILED,BlackCat,cape,full,1,10.0,BlackCat,0,0,,,,0,0,0,0,0,0,,,0,0,0,0,0,214,2,2,7,5,0,4,5,4,1,4,,0,,,1,0,0,0,0,0,0,0,0,0,0,0,0,0,,0,0,,,,,,,,
586,eae876886f19ba384f55778634a35a1d975414e83f22f6111e3e792f706301fe,ransomware,NO_VICTIM_ACTIVITY,Conti,cape,full,0,10.0,Conti,0,0,,,,0,0,0,0,0,159,,,0,159,0,0,159,11,0,0,0,0,0,0,0,0,0,0,,0,,,0,0,1,159,13,0,49,0,0,0,0,0,0,0,,96,1,0,,,,,,,
587,ac092962654b46a670b030026d07f5b8161cecd2abd6eece52b7892965aa521b,ransomware,TRUE_ENCRYPTION,DarkSide,cape,full,0,9.0,,128,495,-0.010067470028242556,6.343216363516189,6.476157391559539,96,128,28,7,5,18,0.21875,0.0546875,15,58,6,9,43,3,0,0,0,0,0,0,0,0,0,0,,1056,4,4,0,1,0,8,0,0,0,0,0,0,5,11,34,8,-22.4,0,0,,,,,,,,
588,9f7d6949fd359dce79d3233eb80101ff706a35de5308543b0488450c19eba0f0,ransomware,TRUE_ENCRYPTION,Babuk,cape,full,0,10.0,Babuk,215,125,0.345267715401028,4.6465287701247036,6.376825800964972,159,215,12,156,0,9,0.05581395348837209,0.7255813953488373,38,125,13,11,101,1,0,0,0,0,0,0,0,0,0,0,,83,5,5,0,1,0,8,3,0,0,0,0,0,2,2,32,2,-8.2,2,1,1,1,0.1,168,131.5,0,1,
589,f837f1cd60e9941aa60f7be50a8f2aaaac380f560db8ee001408f35c1b7a97cb,ransomware,FAILED,BlackCat,cape,full,1,10.0,BlackCat,0,0,,,,0,0,0,0,0,0,,,0,0,0,0,0,214,2,2,7,5,0,4,5,4,1,4,,0,,,1,0,0,0,0,0,0,0,0,0,0,0,0,0,,0,0,,,,,,,,
590,899cc5dc068f9a88fff19c92c4538ee8c464496ff6f83398c359dd3dc3926dd1,ransomware,TRUE_ENCRYPTION,Conti,cape,full,1,10.0,Conti,3190,22861,0.17053432917765385,5.61788028260248,7.36113720694674,3840,3190,9,4357,5,7,0.0028213166144200625,1.3658307210031349,170,161,63,16,82,68,0,0,3,0,0,0,0,0,2,0,,0,,,0,1,0,6,0,0,0,0,0,0,4,6,28,13,3.8,0,0,,,,,,,,
591,533672da9d276012ebab3ce9f4cd09a7f537f65c6e4b63d43f0c1697e2f5e48d,ransomware,TRUE_ENCRYPTION,DarkSide,cape,full,0,9.0,,129,480,-0.013682467998875528,6.281946220645661,6.476157391559539,91,129,28,8,5,19,0.21705426356589147,0.06201550387596899,16,51,4,11,36,3,0,0,0,0,0,0,0,0,0,0,,1056,4,4,0,1,0,7,0,0,0,0,0,0,4,12,32,8,-39.1,0,0,,,,,,,,
592,393a7a313548a4edc025fb47c6c8e614ecc2b41db880ecb59f20cf238e9a864c,ransomware,NO_VICTIM_ACTIVITY,Babuk,cape,full,1,10.0,Babuk,7,1,-0.031239728738835012,,,89,7,5,0,0,7,0.7142857142857143,0.0,3,39,1,1,37,80,3,1,6,5,3,4,3,2,0,5,,0,,,0,0,1,8,3,0,0,0,0,0,4,4,32,2,-5.3,1,1,1,1,0.6,5,2.5,0,1,
593,00fdeee2f48cc21a5b3da49aacda35513a98d671c8309557b37a378ed57c63bd,ransomware,TRUE_ENCRYPTION,Babuk,cape,full,1,10.0,Babuk,455,128,0.8353390341077158,4.897178055567367,5.087462841250338,403,455,17,194,5,12,0.03736263736263736,0.42637362637362636,39,167,13,48,106,80,3,1,6,5,3,4,3,2,0,5,,0,,,0,0,1,11,3,0,0,0,0,0,5,6,45,8,-3.3,2,1,1,1,1.7,211,519.1,1,1,0.395
594,bb6b249336cd7001b1c55d3724b5e35a150e752ed795c36e0d5dcba00eedb62a,ransomware,FAILED,BlackCat,cape,full,1,10.0,BlackCat,0,0,,,,0,0,0,0,0,0,,,0,0,0,0,0,210,2,2,7,5,0,4,5,4,1,4,,0,,,1,0,0,0,0,0,0,0,0,0,0,0,0,0,,0,0,,,,,,,,
595,c743ba08610d442531bb897a35748ba6fe897e730cea6e29377ba21141901326,ransomware,FAILED,Conti,cape,static_only,0,0.3,,,,,,,,,,,,,,,,,,,,0,0,0,0,0,0,0,0,0,0,0,,0,,,,,,,,,,,,,,,,,,,,,,,,,,,
596,78782fd324bc98a57274bd3fff8f756217c011484ebf6b614060115a699ee134,ransomware,TRUE_ENCRYPTION,DarkSide,cape,full,0,9.0,,127,482,-0.008253657220681132,6.283946220645661,6.476157391559539,97,127,27,7,5,15,0.2125984251968504,0.05511811023622047,14,54,4,12,38,3,0,0,0,0,0,0,0,0,0,0,,1056,4,4,0,1,0,7,0,0,0,0,0,0,4,11,28,8,-50.3,0,0,,,,,,,,
597,10887d13dba1f83ef34e047455a04416d25a83079a7f3798ce3483e0526e3768,ransomware,NO_VICTIM_ACTIVITY,HelloKitty,cape,full,1,10.0,Kitty,4,0,,,,0,4,1,1,0,147,0.25,0.25,1,143,0,3,140,105,0,0,5,1,0,0,3,0,2,2,,0,,,0,0,1,217,0,0,53,49,0,0,2,3,2,0,571.3,126,2,125,1,621.8,2,0.0,0,1,
598,2604647c72f4ad3287edf8660af40fba21ed4bfd4b74a0b8d1a57c163c272c8f,ransomware,FAILED,Hive,cape,full,1,0.3,,0,0,,,,0,0,0,0,0,0,,,0,0,0,0,0,39,0,0,2,0,0,0,0,0,1,0,boost,0,,,0,0,1,0,0,0,0,0,0,0,0,0,0,0,,0,0,,,,,,,,
599,7ed131e9cf7d7f87b0c7e95e121025f35f526c927e8dda59196c9022870193b1,ransomware,TRUE_ENCRYPTION,LockBit,cape,full,1,9.0,Scarab-Dharma,153,2,-0.00460742800551968,2.0,2.0,3496,153,26,4835,1801,19,0.16993464052287582,31.601307189542485,105,369,1,28,340,93,0,0,7,0,0,0,0,0,2,0,,26,0,0,0,1,0,11,0,0,0,0,0,0,5,23,2327,13,-1.2,0,0,,,,,,,,
600,41dbdaeb1dc8fe40358a5e168af596da85c6a84796e63c9d10c11f2077129eaf,ransomware,TRUE_ENCRYPTION,Phobos,cape,full,1,10.0,Phobos,1478,0,,,,3878,1478,3890,96,6,14,2.6319350473612992,0.06495263870094722,50,538,176,22,340,111,0,0,8,0,3,0,5,1,0,2,,0,,,0,0,1,14,4,2,0,0,0,0,4,4,6,1,-243.7,5,2,0,0,,0,601.7,5,1,0.099
601,23bdeb9ae6a8f414c33ed8baf2de46477d0bc7f469dd543d60332a04e0b7c039,ransomware,TRUE_ENCRYPTION,Ryuk,cape,full,0,8.0,Scarab-Dharma,197,11239,-0.003498267918733136,5.7000067658489915,7.349716280593549,1443,197,0,463,0,0,0.0,2.350253807106599,51,209,3,2,204,1,0,0,0,0,0,0,0,0,0,0,,1,0,0,0,1,0,0,0,0,0,0,0,0,0,0,0,0,,0,0,,,,,,,,
602,278f028ba0e2f974cad2299e00089c865fbd5d3b89cc02ed817bc5bbb51887ea,ransomware,TRUE_ENCRYPTION,Snatch,cape,full,1,9.0,Scarab-Dharma,2514,104,0.42819377603762115,3.9646107895008496,4.9375,2766,2514,112,0,0,0,0.04455051710421639,0.0,10,34,5,28,1,40,0,0,1,0,0,0,0,0,1,0,boost,0,,,0,1,0,0,0,0,0,0,0,0,0,0,0,0,,0,0,,,,,,,,
603,0b3932739176975ad69bae0a03171746b7efa1c3909cf5206dcb3b89d1947b15,ransomware,TRUE_ENCRYPTION,Zeppelin,cape,full,1,10.0,Zeppelin,5023,283,0.3882342070717359,6.183221286411499,6.376825800964972,2960,5023,18,5000,1,20,0.0035835158271949035,0.9954210631096954,55,387,52,9,326,183,0,0,8,0,3,0,2,1,0,2,,0,,,0,1,0,20,6,2,0,0,0,0,3,3,18,1,-26.9,2,1,0,0,,0,418.8,2,1,0.11
604,80c58ad933073630a37ad8d78739807b1f4b6f5f65900c59c8424b5df11c632b,ransomware,TRUE_ENCRYPTION,Babuk,cape,full,1,10.0,Babuk,257,106,0.9521495059075349,4.870047366495399,5.087462841250338,185,257,12,178,0,19,0.04669260700389105,0.6926070038910506,37,131,18,11,102,80,3,1,6,5,3,4,3,2,0,5,,0,,,0,0,1,16,3,0,0,0,0,0,4,5,29,1,-12.7,2,1,0,0,,0,149.8,1,1,0.0
605,acf8884a4bfb9ebfe99ed607c4f1cf625cd705ac4317c092ef6dcca3d47027aa,ransomware,FAILED,BlackCat,cape,full,1,10.0,BlackCat,0,0,,,,0,0,0,0,0,0,,,0,0,0,0,0,210,2,2,7,5,0,4,5,4,1,4,,0,,,1,0,0,0,0,0,0,0,0,0,0,0,0,0,,0,0,,,,,,,,
606,3d4f84e20d5cf317edcefcc98bdd7e126078b25cdc56b816edbec532a8763096,ransomware,FAILED,Conti,cape,static_only,0,0.3,,,,,,,,,,,,,,,,,,,,0,0,0,0,0,0,0,0,0,0,0,,0,,,,,,,,,,,,,,,,,,,,,,,,,,,
607,68872cc22fbdf0c2f69c32ac878ba9a7b7cf61fe5dd0e3da200131b8b23438e7,ransomware,TRUE_ENCRYPTION,DarkSide,cape,full,0,9.0,,69,479,-0.02177088922701245,6.281946220645661,6.476157391559539,68,69,19,6,0,21,0.2753623188405797,0.08695652173913043,14,45,4,3,38,3,0,0,0,0,0,0,0,0,0,0,,1056,4,4,0,1,0,7,0,0,0,0,0,0,6,10,24,3,-20.9,0,0,,,,,,,,
608,e94064401b54c399d3f844fdf08f880cb8c5d74c34de9dc28733dd22dabba678,ransomware,FAILED,HelloKitty,cape,full,1,1.0,,0,0,,,,0,0,0,0,0,0,,,0,0,0,0,0,79,3,1,4,0,0,0,0,0,2,1,,0,,,1,0,0,0,0,0,0,0,0,0,0,0,0,0,,0,0,,,,,,,,
609,c6f0810b4ca4c2e70a07eddcbd14459e875deced05f5619dfd4df6f49a2130a9,ransomware,FAILED,Hive,cape,full,1,0.3,,0,0,,,,0,0,0,0,0,0,,,0,0,0,0,0,39,0,0,2,0,0,0,0,0,1,0,boost,0,,,0,0,1,0,0,0,0,0,0,0,0,0,0,0,,0,0,,,,,,,,
610,67ac04c1b7526288194e53da33cc0e9661687fd4fbbf12156e5ef6dd2a4108eb,ransomware,TRUE_ENCRYPTION,LockBit,cape,full,1,9.0,LockBit,2171,0,,,,1738,2171,9,1182,5,9,0.004145555043758637,0.5444495624136343,112,186,93,15,78,98,0,0,3,1,0,0,0,0,2,1,,43,0,0,0,0,1,8,0,0,0,0,0,0,5,13,11,8,21.2,0,0,,,,,,,,
611,f146915a0298daff26ffe85a42b9a9ef68e7a148e3dbe3bc43abb283d96facbd,ransomware,TRUE_ENCRYPTION,Phobos,cape,full,1,10.0,Phobos,1163,0,,,,2500,1163,2918,1438,6,19,2.5090283748925195,1.236457437661221,94,392,92,19,281,111,0,0,8,0,3,0,5,1,0,2,,1636,0,0,0,0,1,14,4,2,0,0,0,0,4,4,13,1,-324.8,3,2,0,0,,0,633.8,3,1,0.098
612,7a8a0e69f5b95082af078c47676bab17c0210d6c2d97e2631d147ead1a4505d3,ransomware,NO_VICTIM_ACTIVITY,Ryuk,cape,full,1,2.0,,0,0,,,,0,0,0,0,0,0,,,0,0,0,0,0,201,0,0,0,0,0,0,0,0,1,0,,0,,,0,0,1,0,0,0,0,0,0,0,0,0,0,0,,0,0,,,,,,,,
613,32ff829d4c104583e3b4cc1c10d0ca79b254cfbc20974faa27fdffc6902b098d,ransomware,TRUE_ENCRYPTION,Snatch,cape,full,1,10.0,Snatch,171,160,0.23296190051633525,4.999033732369035,7.246266001560709,47,171,2,83,0,4,0.011695906432748537,0.4853801169590643,17,81,5,27,49,33,0,0,1,0,0,0,0,0,1,0,boost,0,,,0,1,0,6,0,0,0,0,0,0,0,0,0,0,,1,1,1,1,5.0,85,201.8,0,1,
614,005b00d41740f7b0327d4d5fe0402dcfc84ae0df44a2231a89a59909eeb30b23,ransomware,TRUE_ENCRYPTION,Zeppelin,cape,full,1,10.0,Zeppelin,5102,356,0.21245875010012688,6.223069908693223,6.376825800964972,3192,5102,18,4340,1,40,0.0035280282242257936,0.8506468051744414,55,497,69,21,407,183,0,0,8,0,3,0,2,1,0,2,,0,,,0,1,0,22,4,2,0,0,0,0,4,11,28,3,-37.1,2,1,0,0,,0,601.7,2,1,0.087
615,25835a890a218fd26bfd8b23696576402b5eb8a4c9af4a51529e14c4f00a9cce,ransomware,TRUE_ENCRYPTION,Babuk,cape,full,1,10.0,Babuk,354,115,0.9107182183997147,4.8538325521160655,5.028639311838574,534,354,9,183,0,15,0.025423728813559324,0.5169491525423728,41,163,17,28,118,80,3,1,6,5,3,4,3,2,0,5,,0,,,0,0,1,14,3,0,0,0,0,0,5,6,46,5,-14.0,2,1,1,1,0.4,192,397.2,1,1,0.653
616,82479ba19531a5b3f108f21f939190de2073395a708bb4446d6acc398518b802,ransomware,FAILED,BlackCat,cape,full,1,10.0,BlackCat,0,0,,,,0,0,0,0,0,0,,,0,0,0,0,0,210,2,2,7,5,0,4,5,4,1,4,,0,,,1,0,0,0,0,0,0,0,0,0,0,0,0,0,,0,0,,,,,,,,
617,2ee6dfbfb2afd7442c9f2212eb142876698851c3ffb552ee420c0281e35a836e,ransomware,TRUE_ENCRYPTION,Conti,cape,full,0,10.0,Conti,438,118,0.9012535074663233,5.269020732900365,5.480083695187445,165,438,9,111,0,5,0.02054794520547945,0.2534246575342466,23,57,15,4,38,0,0,0,0,0,0,0,0,0,0,0,cryptopp;openssl,0,,,,,,4,0,0,0,0,0,0,2,2,16,0,-47.4,0,0,,,,,,,,
618,151fbd6c299e734f7853497bd083abfa29f8c186a9db31dbe330ace2d35660d5,ransomware,TRUE_ENCRYPTION,DarkSide,cape,full,0,9.0,,128,586,-0.012962996509404096,6.346266545005589,6.476157391559539,94,128,28,7,5,18,0.21875,0.0546875,15,62,4,12,46,3,0,0,0,0,0,0,0,0,0,0,,1056,4,4,0,1,0,8,0,0,0,0,0,0,5,11,34,8,-23.0,0,0,,,,,,,,
619,01bfeed1000907ad1063e513454ee73eecf2d613386e38473640fc5b88ac1090,ransomware,FAILED,HelloKitty,cape,static_only,1,10.0,Kitty,,,,,,,,,,,,,,,,,,,122,3,1,6,1,3,0,1,0,2,4,,0,,,,,,,,,,,,,,,,,,,,,,,,,,,
620,62bdc536263d92e4fbb3a98cd2c7c554c0f15608566f6b190ccd3feef8907d45,ransomware,FAILED,Hive,cape,full,1,1.3,,28,0,,,,0,28,0,0,0,0,0.0,0.0,0,1,0,1,0,39,0,0,2,0,0,0,0,0,1,0,boost,0,,,0,0,1,0,0,0,0,0,0,0,0,0,0,0,,0,0,,,,,,,,
621,fa03e0cc4ce12a16be88b229d9dda6bef390697137318456206c4406a90a4eca,ransomware,FAILED,LockBit,cape,full,0,0.8,,0,0,,,,0,0,0,0,0,0,,,0,0,0,0,0,4,0,0,0,0,0,0,0,0,0,0,,0,,,0,0,1,0,0,0,0,0,0,0,0,0,0,0,,0,0,,,,,,,,
622,d68cd1a46733695e31c8d8604ad7f5658ebba343404d8443e1e64f0ee3e79a11,ransomware,TRUE_ENCRYPTION,Phobos,cape,full,1,10.0,Phobos,1222,0,,,,2903,1222,3189,1378,6,18,2.609656301145663,1.127659574468085,92,364,85,19,260,111,0,0,8,0,3,0,5,1,0,2,,1767,0,0,0,0,1,16,4,2,0,0,0,0,3,3,17,1,-302.4,5,2,0,0,,0,595.9,5,1,0.098
623,23f8aa94ffb3c08a62735fe7fee5799880a8f322ce1d55ec49a13a3f85312db2,ransomware,TRUE_ENCRYPTION,Ryuk,cape,full,1,10.0,Ryuk,3065,16939,0.23005716578988405,7.112988056731125,7.336505549862707,3249,3065,1,0,0,10,0.0003262642740619902,0.0,1,339,0,214,125,70,0,0,3,0,0,0,0,0,2,0,,282,1,1,0,1,0,11,0,0,0,0,0,0,3,3,6,0,-20.5,1,1,0,0,,0,0.0,0,0,
624,9b9afe28f57f6be5a6c9cf168d8576c89bbb2fb12d81a00ffc7f6b5d2d436a42,ransomware,TRUE_ENCRYPTION,Snatch,cape,full,0,10.0,Snatch,321,1101,0.01591293435638366,5.0094233746633945,6.476157391559539,681,321,20,161,5,13,0.06230529595015576,0.5015576323987538,32,110,47,21,42,4,0,0,0,0,0,0,0,0,0,0,,28,0,0,0,1,0,14,4,2,0,0,0,0,2,2,23,8,-136.7,1,1,0,0,,0,404.5,1,1,0.224
625,0dff1dd605d0f97d013f78d15ccb110d376fd3f4c99643d840021f8fd99a79bf,ransomware,NO_VICTIM_ACTIVITY,Zeppelin,cape,full,0,2.2,,0,2,,3.0,3.0,14,0,0,0,0,0,,,0,4,0,0,4,1,0,0,0,0,0,0,0,0,0,0,,0,,,0,1,0,0,0,0,0,0,0,0,0,0,16,0,,0,0,,,,,,,,
626,c94a81fdf688d220827320e88cc0b89af8690142abe5c602131b6659297c7d24,ransomware,TRUE_ENCRYPTION,Babuk,cape,full,1,10.0,Babuk,239,92,0.945087067131503,4.886784145189382,5.028639311838574,123,239,8,143,0,37,0.03347280334728033,0.5983263598326359,36,113,16,16,81,159,0,0,4,0,0,0,0,1,2,0,boost,80,5,5,0,1,0,13,3,0,0,0,0,0,5,9,24,2,-3.2,2,1,1,1,1.0,151,115.5,0,1,
627,32304c278117353bd112132323055e113b62182d1efcc83abec1e736cf8da9e1,ransomware,FAILED,BlackCat,cape,full,1,10.0,BlackCat,0,0,,,,0,0,0,0,0,0,,,0,0,0,0,0,210,2,2,7,5,0,4,5,4,1,4,,0,,,1,0,0,0,0,0,0,0,0,0,0,0,0,0,,0,0,,,,,,,,
628,139a8bb2c5537190e747d2f651b423147018fd9a9a21bb36281d4ce1c61727c1,ransomware,TRUE_ENCRYPTION,Conti,cape,full,1,10.0,Conti,3752,23134,-0.09613706140230416,5.595133639596125,7.382142904555797,3520,3752,1,4511,0,9,0.00026652452025586353,1.2022921108742004,180,249,41,54,154,73,0,0,3,0,0,0,3,0,2,1,,0,,,0,1,0,7,0,0,0,0,0,0,4,8,8,10,2.9,0,0,,,,,,,,
629,43e61519be440115eeaa3738a0e4aa4bb3c8ac5f9bdfce1a896db17a374eb8aa,ransomware,TRUE_ENCRYPTION,DarkSide,cape,full,0,9.0,,126,480,-0.010289763570083363,6.344723148239963,6.476157391559539,95,126,27,8,5,18,0.21428571428571427,0.06349206349206349,16,60,4,13,43,3,0,0,0,0,0,0,0,0,0,0,,1056,4,4,0,1,0,8,0,0,0,0,0,0,5,7,34,8,-34.0,0,0,,,,,,,,
630,184dcab660427b846432e9e20b7d9caa98c0b91d00814f4258f73269d184f907,ransomware,NO_VICTIM_ACTIVITY,HelloKitty,cape,full,1,0.8,,0,0,,,,1,0,0,0,0,0,,,0,1,0,0,1,149,0,0,6,0,0,0,0,1,0,0,,0,,,0,0,1,0,0,0,0,0,0,0,0,0,0,0,,0,0,,,,,,,,
631,efb1e519d5a9d527a474eb694ba20dc7589a0cd7347941185a6276d76d0c8f34,ransomware,FAILED,Hive,cape,full,1,1.3,,28,0,,,,0,28,0,0,0,0,0.0,0.0,0,1,0,1,0,39,0,0,2,0,0,0,0,0,1,0,boost,0,,,0,0,1,0,0,0,0,0,0,0,0,0,0,0,,0,0,,,,,,,,
632,4f76df691e2ea292b56812eb3167efcab655382d632048ff63781f5d41f86433,ransomware,TRUE_ENCRYPTION,LockBit,cape,full,1,9.0,LockBit,1834,0,,,,1851,1834,0,976,0,11,0.0,0.5321701199563795,102,268,117,40,111,43,0,0,0,0,0,0,0,0,1,0,,0,,,0,0,1,8,0,0,0,0,0,0,6,15,0,0,13.1,0,0,,,,,,,,
633,763b04ef2d0954c7ecf394249665bcd71eeafebc3a66a27b010f558fd59dbdeb,ransomware,TRUE_ENCRYPTION,Phobos,cape,full,0,10.0,Phobos,1070,0,,,,3670,1070,3892,100,6,27,3.6373831775700936,0.09345794392523364,50,561,154,27,380,14,0,0,0,0,1,0,0,0,0,1,,111,2,1,0,0,1,14,3,2,0,0,0,0,3,7,19,4,-228.6,4,2,0,0,,0,604.1,4,1,0.069
634,40b865d1c3ab1b8544bcf57c88edd30679870d40b27d62feb237a19f0c5f9cd1,ransomware,TRUE_ENCRYPTION,Ryuk,cape,full,1,9.0,Ryuk,253,179,0.7599953488396209,7.156754165619795,7.281978369030762,136,253,1,11,1,61,0.003952569169960474,0.043478260869565216,7,122,0,37,85,117,0,0,7,0,0,0,5,2,2,1,,117,1,0,0,1,0,29,2,0,6,0,0,0,5,26,23,3,41.7,30,3,11,1,151.7,12,498.0,19,1,0.002
635,9b1ee7e79dee8df07307a1be4899fc076a02aac45c55a321fc2f8df1241f1309,ransomware,TRUE_ENCRYPTION,Snatch,cape,full,0,10.0,Snatch,2951,154,0.4093238163722354,3.949885702709824,4.875,2614,2951,1,1,0,101,0.00033886818027787193,0.00033886818027787193,1,478,1,374,103,4,0,0,0,0,0,0,0,0,0,0,boost,27,0,0,0,1,0,100,0,0,0,39,0,0,3,3,4,0,-46.9,76,2,41,1,321.9,2,0.0,0,1,
636,824a76c39895bc3ad4f5dfc27fc3ac80d26514118c4669505a1f0cfdc8fdbcdc,ransomware,TRUE_ENCRYPTION,Zeppelin,cape,full,0,10.0,Zeppelin,5021,43,-0.04379851266994579,,,3299,5021,16,4998,1,30,0.003186616211909978,0.9954192391953794,54,406,62,5,339,7,0,0,0,0,0,0,0,0,0,0,,183,2,2,0,1,0,20,4,2,0,0,0,0,4,8,17,0,-26.7,2,1,0,0,,0,443.0,2,1,0.144
637,1d28c4c85e241efbbe326051999b9a8e1d8eeb9a3322da5cb9a93c31c65bbb49,ransomware,NO_VICTIM_ACTIVITY,Babuk,cape,full,0,7.0,,0,36,,3.0,3.0,13,0,0,0,0,0,,,0,5,0,0,5,1,0,0,0,0,0,0,0,0,0,0,,0,,,0,1,0,0,0,0,0,0,0,0,0,0,16,0,,0,0,,,,,,,,
638,94e56379b7a31b01cf826076a74fc4ddb7f86f7991a6f58300f28712d484aa33,ransomware,FAILED,BlackCat,cape,full,1,10.0,BlackCat,0,0,,,,0,0,0,0,0,0,,,0,0,0,0,0,210,2,2,7,5,0,4,5,4,1,4,,0,,,1,0,0,0,0,0,0,0,0,0,0,0,0,0,,0,0,,,,,,,,
639,fbe45ed19fa942cc5e767acc0ef638447c4aa4b52d4900627a0a0ae71d543bee,ransomware,TRUE_ENCRYPTION,Conti,cape,full,1,10.0,Conti,3351,19613,0.20389524989145383,5.6861176654191725,7.382435397575309,3446,3351,1,3805,0,8,0.0002984183825723665,1.1354819456878544,166,273,98,20,155,68,0,0,3,0,0,0,0,0,2,0,,0,,,0,1,0,8,0,0,0,0,0,0,4,4,7,5,4.8,0,0,,,,,,,,
640,1ef8db7e8bd3aaba8b1cef96cd52fde587871571b1719c5d40f9a9c98dd26f84,ransomware,TRUE_ENCRYPTION,DarkSide,cape,full,0,9.0,,122,475,-0.011860708246502332,6.344395570150933,6.476157391559539,88,122,28,6,5,18,0.22950819672131148,0.04918032786885246,14,64,4,12,48,3,0,0,0,0,0,0,0,0,0,0,,1056,4,4,0,1,0,8,0,0,0,0,0,0,4,10,34,8,-60.2,0,0,,,,,,,,
641,8251fc8739e539c1d7c0ffc93d993a86fc95ffb836422b432c78e6ce107c168a,ransomware,TRUE_ENCRYPTION,HelloKitty,cape,full,1,10.0,Kitty,499,332,0.2484881018921565,6.542542728289718,6.712852441389348,539,499,21,158,5,6,0.04208416833667335,0.3166332665330661,29,72,14,10,48,122,3,1,6,1,3,0,1,0,2,4,,0,,,0,0,1,7,0,0,0,0,0,0,4,4,51,16,17.0,0,0,,,,,,,,
642,7210e765a1076443d68f12d79b3eea55f3dbabfcb410a6cbfb40d4ee546d9df9,ransomware,FAILED,Hive,cape,full,1,0.5,,0,0,,,,0,0,0,0,0,0,,,0,0,0,0,0,39,0,0,2,0,0,0,0,0,1,0,boost,0,,,0,0,1,0,0,0,0,0,0,0,0,0,0,0,,0,0,,,,,,,,
643,4ff3b5ae26ae039c77e17e057cd7a05556c13c78ff47da3323e4fd3ef2c732d6,ransomware,FAILED,LockBit,cape,static_only,0,0.3,,,,,,,,,,,,,,,,,,,,0,0,0,0,0,0,0,0,0,0,0,,0,,,,,,,,,,,,,,,,,,,,,,,,,,,
644,b609555a43a2e1151f9ee7b028d0141034bfce25487ef2ec826d2af714e15ee5,ransomware,TRUE_ENCRYPTION,Phobos,cape,full,1,10.0,Phobos,1421,0,,,,3830,1421,3993,114,6,13,2.809992962702322,0.08022519352568613,51,548,195,16,337,111,0,0,8,0,3,0,5,1,0,2,,0,,,0,0,1,14,4,2,0,0,0,0,3,3,6,1,-376.8,5,2,0,0,,0,606.3,5,1,0.13
645,e6762cb7d09cd90d5469e3c3bfc3b47979cd67aa06c06e893015a87b0348c32c,ransomware,FAILED,Ryuk,cape,static_only,1,0.3,,,,,,,,,,,,,,,,,,,,88,0,0,6,1,0,0,0,1,2,1,,0,,,,,,,,,,,,,,,,,,,,,,,,,,,
646,8cd9a8d1bfa7a4032cf1863863b0139b53f4adc9a48b38209683c78663e9f4cf,ransomware,TRUE_ENCRYPTION,Snatch,cape,full,1,10.0,Snatch,3676,6365,-0.05648296198820106,3.9465321056247045,4.9375,3570,3676,4997,0,0,10,1.3593579978237214,0.0,19,94,0,44,50,40,0,0,1,0,0,0,0,0,1,0,boost,82,0,0,0,1,0,10,4,2,0,0,0,0,1,1,0,0,-396.4,1,1,0,0,,0,29.4,0,0,
647,43812b98e4f9480d25b426a23a7b4d2a4e498110545c7a3cb21159bf75c18e7b,ransomware,TRUE_ENCRYPTION,Zeppelin,cape,full,0,10.0,Zeppelin,5018,43,-0.10904360995395025,,,3391,5018,15,4997,1,18,0.002989238740534077,0.9958150657632523,53,390,57,10,323,9,0,0,0,0,0,0,0,0,0,0,,0,,,0,1,0,16,3,2,0,0,0,0,4,4,27,4,-16.6,2,1,0,0,,0,413.6,2,1,0.138
648,341061776f03453e20f9e7eb3d91ff7b7842ec1322aab5d0dae4fba7c3d89eef,ransomware,NO_VICTIM_ACTIVITY,Babuk,cape,full,0,7.0,,0,0,,,,1,0,0,0,0,1,,,0,2,0,0,2,1,0,0,0,0,0,0,0,0,0,0,,0,,,0,0,1,1,0,0,0,0,0,0,0,0,0,0,,0,0,,,,,,,,
649,87a14583b72250a660b74f1e475a268f95285820d72fbd5115f1b8c6ec787a9a,ransomware,FAILED,BlackCat,cape,full,1,10.0,BlackCat,0,0,,,,0,0,0,0,0,0,,,0,0,0,0,0,210,2,2,7,5,0,4,5,4,1,4,,0,,,1,0,0,0,0,0,0,0,0,0,0,0,0,0,,0,0,,,,,,,,
650,d29080809ab1fb959dbab1a1168e9b136aece03c7f91f071f7283aaa445e7eec,ransomware,TRUE_ENCRYPTION,Conti,cape,full,1,10.0,Conti,3273,18764,0.24777076539268947,5.710886971158078,7.383168728224362,3396,3273,1,3663,0,9,0.00030553009471432935,1.1191567369385884,161,271,96,16,159,68,0,0,3,0,0,0,0,0,2,0,,0,,,0,1,0,8,0,0,0,0,0,0,4,6,18,7,5.2,0,0,,,,,,,,
651,1cc7c198a8a2c935fd6f07970479e544f5b35a8eb3173de0305ebdf76a0988cb,ransomware,TRUE_ENCRYPTION,DarkSide,cape,full,0,9.0,,147,502,-0.009151672818487219,6.286464295898963,6.476157391559539,95,147,28,8,5,20,0.19047619047619047,0.05442176870748299,16,58,6,12,40,3,0,0,0,0,0,0,0,0,0,0,,1056,4,4,0,1,0,8,0,0,0,0,0,0,4,12,34,8,-54.5,0,0,,,,,,,,
652,ac23f1970395ff1429dd6738261eb25ad8f695b46a4816056924c8fc97dcec03,ransomware,TRUE_ENCRYPTION,HelloKitty,cape,full,1,10.0,Kitty,310,201,0.7128691134226341,6.5552243366871314,6.69927612376299,332,310,70,112,5,20,0.22580645161290322,0.36129032258064514,21,114,14,15,85,122,3,1,6,1,3,0,1,0,2,4,,0,,,0,0,1,9,0,0,0,0,0,0,5,9,25,13,13.9,0,0,,,,,,,,
653,cdc9f6db38735ea160b075611a5ff62fdfe572f543a59f5170856e067fbf5112,ransomware,FAILED,Hive,cape,full,1,0.5,,0,0,,,,0,0,0,0,0,0,,,0,0,0,0,0,39,0,0,2,0,0,0,0,0,1,0,boost,0,,,0,0,1,0,0,0,0,0,0,0,0,0,0,0,,0,0,,,,,,,,
654,0ace4e1158ab5b7723493f39d6949309e00e4a71804f0b09e33d5d48a28cb061,ransomware,FAILED,LockBit,cape,static_only,0,0.3,,,,,,,,,,,,,,,,,,,,0,0,0,0,0,0,0,0,0,0,0,,0,,,,,,,,,,,,,,,,,,,,,,,,,,,
655,c29630324d768c6e40b814164f6c2c6f33dd741392edc940cc852e67e1667a57,ransomware,TRUE_ENCRYPTION,Phobos,cape,full,1,10.0,Phobos,889,0,,,,2506,889,3066,1404,6,17,3.4488188976377954,1.5793025871766029,97,360,80,21,259,111,0,0,8,0,3,0,5,1,0,2,,1659,0,0,0,0,1,15,4,2,0,0,0,0,3,3,8,1,-351.5,5,2,0,0,,0,625.8,5,1,0.102
656,cc4a0b4080844e20fb9535679f7b09a3e2449729ce1815d1e5a64272b0225465,ransomware,FAILED,Ryuk,cape,static_only,1,0.3,,,,,,,,,,,,,,,,,,,,91,0,0,6,1,0,0,0,1,2,1,,0,,,,,,,,,,,,,,,,,,,,,,,,,,,
657,63067c7050bab69e0903ed3887710e4fa50d30d5865c765941df579ddb9b4ab3,ransomware,TRUE_ENCRYPTION,Zeppelin,cape,full,1,10.0,Zeppelin,5017,43,-0.03245877632162876,,,3338,5017,15,5000,1,16,0.0029898345624875425,0.9966115208291808,54,328,47,8,273,183,0,0,8,0,3,0,2,1,0,2,,0,,,0,1,0,16,4,2,0,0,0,0,3,3,15,1,-18.6,1,1,0,0,,0,347.1,1,1,0.16
658,32f8bb15e0cf8c8988ec4dfe9486291eabf401bfb919598ab850199cc4afea75,ransomware,NO_VICTIM_ACTIVITY,Babuk,cape,full,0,8.0,,0,0,,,,2,0,0,0,0,7,,,0,8,0,0,8,1,0,0,0,0,0,0,0,0,0,0,,0,,,0,0,1,7,0,0,0,0,0,0,3,3,2,0,,0,0,,,,,,,,
659,8a22a91c931ac80ca91cf91fef678c4bee00e3eb5ad24f209bc8595e012ba5b0,ransomware,FAILED,BlackCat,cape,full,1,10.0,BlackCat,0,0,,,,0,0,0,0,0,0,,,0,0,0,0,0,210,2,2,7,5,0,4,5,4,1,4,,0,,,1,0,0,0,0,0,0,0,0,0,0,0,0,0,,0,0,,,,,,,,
660,c5ef104253ed4c066104a184ab368630027831b627c043d63170ff8f89c6a2bb,ransomware,TRUE_ENCRYPTION,Conti,cape,full,1,10.0,Conti,3180,18833,0.18361817878336542,5.7045112751428775,7.360787187484761,3493,3180,1,3737,0,23,0.00031446540880503143,1.1751572327044024,169,284,96,14,174,68,0,0,3,0,0,0,0,0,2,0,,0,,,0,1,0,11,0,0,0,0,0,0,5,9,18,8,4.2,0,0,,,,,,,,
661,ec368752c2cf3b23efbfa5705f9e582fc9d6766435a7b8eea8ef045082c6fbce,ransomware,FAILED,DarkSide,cape,static_only,0,1.3,,,,,,,,,,,,,,,,,,,,3,0,0,0,0,0,0,0,0,0,0,,0,,,,,,,,,,,,,,,,,,,,,,,,,,,
662,bf417334cd777c5073e2a3f30497aa8fcb16feabdc391d77a59ce23fb4a07d7d,ransomware,FAILED,HelloKitty,cape,static_only,0,10.0,Kitty,,,,,,,,,,,,,,,,,,,0,0,0,0,0,0,0,0,0,0,0,,0,,,,,,,,,,,,,,,,,,,,,,,,,,,
663,f0e8eeb7582943e3dbb78f3d39e265998e7c82f0ff368603e09382b8f2aa0f80,ransomware,FAILED,Hive,cape,full,1,2.0,,0,0,,,,0,0,0,0,0,0,,,0,0,0,0,0,137,2,2,4,5,0,0,5,3,1,3,,0,,,1,0,0,0,0,0,0,0,0,0,0,0,0,0,,0,0,,,,,,,,
664,21e51ee7ba87cd60f692628292e221c17286df1c39e36410e7a0ae77df0f6b4b,ransomware,FAILED,LockBit,cape,full,0,0.8,,0,0,,,,0,0,0,0,0,0,,,0,0,0,0,0,4,0,0,0,0,0,0,0,0,0,0,,0,,,0,0,1,0,0,0,0,0,0,0,0,0,0,0,,0,0,,,,,,,,
665,30e90f33067608e8e7f4d57fd6903adb5eccb91bf426c56569c16bf86f0d8971,ransomware,TRUE_ENCRYPTION,Phobos,cape,full,0,10.0,Phobos,1170,254,0.11954026423418102,5.4214540089061165,7.266353369030762,2783,1170,3209,1410,6,17,2.7427350427350428,1.205128205128205,101,360,82,13,265,1,0,0,0,0,0,0,0,0,0,0,,2345,2,2,0,1,0,12,3,0,0,0,0,0,4,5,5,0,18.3,2,1,0,0,,0,616.4,2,1,0.206
666,a1ce52437252001b56c9ccd2d2da46240dc38db8074a5ed39a396e8c8e387fc2,ransomware,FAILED,Ryuk,cape,static_only,1,10.0,Ryuk,,,,,,,,,,,,,,,,,,,92,0,0,6,1,2,0,0,1,2,2,,0,,,,,,,,,,,,,,,,,,,,,,,,,,,
667,b7f96fbb9844cac5c7f4ec966683f3564bbb9a2f453927e1c579dcb0154f5f83,ransomware,TRUE_ENCRYPTION,Zeppelin,cape,full,1,10.0,Zeppelin,5022,43,-0.07062464400492956,,,3097,5022,16,1581,1,15,0.0031859816806053365,0.3148148148148148,49,496,183,17,296,95,0,0,0,0,0,0,0,0,0,0,,183,2,2,0,1,0,17,4,2,0,0,0,0,2,2,17,0,-158.6,2,1,0,0,,0,599.5,2,1,0.176
668,2bf730fe355eb8301a064b1fb368abff003e59357ee8e68b473767b41f7e9bc5,ransomware,NO_VICTIM_ACTIVITY,Babuk,cape,full,0,9.0,,0,0,,,,2,0,0,0,0,8,,,0,9,0,0,9,1,0,0,0,0,0,0,0,0,0,0,,0,,,0,0,1,7,0,0,0,0,0,0,3,3,2,0,,0,0,,,,,,,,
669,1e8696116c400742d13d6dfcad676badee68eac4a42a0693556f5dcfa82d0a46,ransomware,FAILED,BlackCat,cape,full,1,10.0,BlackCat,0,0,,,,0,0,0,0,0,0,,,0,0,0,0,0,210,2,2,7,5,0,4,5,4,1,4,,0,,,1,0,0,0,0,0,0,0,0,0,0,0,0,0,,0,0,,,,,,,,
670,746ac121ae024e51aa3129699cae278990cf392a661b40361d9d15b86635da94,ransomware,TRUE_ENCRYPTION,Conti,cape,full,1,10.0,Conti,3290,19846,0.16128382881064438,5.647500830525252,7.356986993719852,3873,3290,0,4106,0,9,0.0,1.2480243161094224,167,269,107,21,141,68,0,0,3,0,0,0,0,0,2,0,,0,,,0,1,0,5,0,0,0,0,0,0,5,6,18,8,18.0,0,0,,,,,,,,
671,508dd6f7ed6c143cf5e1ed6a4051dd8ee7b5bf4b7f55e0704d21ba785f2d5add,ransomware,TRUE_ENCRYPTION,DarkSide,cape,full,0,9.0,,144,509,-0.012296944510471077,6.287316762927886,6.476157391559539,103,144,26,13,5,17,0.18055555555555555,0.09027777777777778,17,62,6,15,41,3,0,0,0,0,0,0,0,0,0,0,,1056,4,4,0,1,0,8,0,0,0,0,0,0,4,12,34,8,-66.8,0,0,,,,,,,,
672,efb40400f8e52cc29b9c6758e6d66406d9a8aabc199d5a403ed74b9a71ebca60,ransomware,TRUE_ENCRYPTION,HelloKitty,cape,full,1,10.0,Kitty,378,320,0.5535207991568887,6.55648923636372,6.78125,483,378,17,122,5,7,0.04497354497354497,0.32275132275132273,28,66,12,11,43,122,3,1,6,1,3,0,1,0,2,4,,0,,,0,0,1,7,0,0,0,0,0,0,4,4,38,13,14.5,0,0,,,,,,,,
673,a4e970733921eff303dbfbfb1067dde5b695248d280e700d04075520d7244a95,ransomware,FAILED,Hive,cape,static_only,1,1.3,,,,,,,,,,,,,,,,,,,,125,0,0,4,0,0,0,0,1,1,0,boost,0,,,,,,,,,,,,,,,,,,,,,,,,,,,
674,33376f74c2f071ff30bab1c2d19d9361d16ebaa3dee73d3b595f6d789c15f620,ransomware,FAILED,LockBit,cape,static_only,0,0.3,,,,,,,,,,,,,,,,,,,,0,0,0,0,0,0,0,0,0,0,0,,0,,,,,,,,,,,,,,,,,,,,,,,,,,,
675,91abe280381d0faf55b521f51d16d8aa022f0cc14b1310334d4fffc3474459d4,ransomware,NO_VICTIM_ACTIVITY,Phobos,cape,full,0,1.5,,0,597,,2.2945301524433015,4.08085161436953,8,0,0,0,0,0,,,0,2,0,0,2,1,0,0,0,0,0,0,0,0,0,0,,0,,,0,1,0,0,0,0,0,0,0,0,0,0,0,0,,0,0,,,,,,,,
676,7faeb64c50cd15d036ca259a047d6c62ed491fff3729433fefba0b02c059d5ed,ransomware,TRUE_ENCRYPTION,Ryuk,cape,full,1,9.0,Zeus,2722,14933,0.525456020806866,7.103328178194912,7.36894970694674,2576,2722,0,2153,3,18,0.0,0.7909625275532697,49,255,78,13,164,49,0,0,0,0,0,0,0,0,2,0,,0,,,0,1,0,18,0,0,5,0,0,0,0,12,6,0,-118.3,12,1,0,0,,0,390.1,12,1,0.14
677,d76782960590abc182dba8fdcdc8bfb121b13d36be2d5d8b0960fb67960e89b1,ransomware,TRUE_ENCRYPTION,Zeppelin,cape,full,1,10.0,Zeppelin,5022,42,-0.038163163627422815,,,3040,5022,96,4998,1,15,0.019115890083632018,0.995221027479092,54,530,74,14,442,125,0,0,3,0,0,0,0,0,2,0,boost,366,2,2,0,1,0,17,4,2,0,0,0,0,3,3,16,0,-13.2,2,1,0,0,,0,639.7,2,1,0.114
678,245e191bfe998ad9ef2d6b169af22f3c290e9950234f8ddd0f4a03cb3eebf761,ransomware,TRUE_ENCRYPTION,Babuk,cape,full,1,10.0,Babuk,445,150,0.8780745377320027,4.883799700068189,5.087462841250338,220,445,33,225,5,12,0.07415730337078652,0.5056179775280899,39,133,20,19,94,80,3,1,6,5,3,4,3,2,0,5,,0,,,0,0,1,11,3,0,0,0,0,0,4,5,64,13,-12.8,2,1,1,1,0.0,258,477.1,1,1,0.484
679,99d09068ac1b9d6db4f8bcff698ffff8e112a506c0f01afff460c5a3b1393ef8,ransomware,FAILED,BlackCat,cape,full,1,10.0,BlackCat,0,0,,,,0,0,0,0,0,0,,,0,0,0,0,0,210,2,2,7,5,0,4,5,4,1,4,,0,,,1,0,0,0,0,0,0,0,0,0,0,0,0,0,,0,0,,,,,,,,
680,8f11bb9536cb885bc57144392bc35e19dbc0f683d57c2c423c87a9d1c6d9d0ae,ransomware,TRUE_ENCRYPTION,Conti,cape,full,1,10.0,Conti,3207,18492,0.2536297895970952,5.707968605542958,7.362687284367216,3304,3207,1,3559,0,9,0.0003118178983473651,1.1097599002182725,168,282,97,17,168,68,0,0,3,0,0,0,0,0,2,0,,0,,,0,1,0,8,0,0,0,0,0,0,4,6,18,8,6.1,0,0,,,,,,,,
681,12ee27f56ec8a2a3eb2fe69179be3f7a7193ce2b92963ad33356ed299f7ed975,ransomware,TRUE_ENCRYPTION,DarkSide,cape,full,0,9.0,,128,502,-0.013133229877793837,6.286056943990202,6.476157391559539,96,128,28,7,5,20,0.21875,0.0546875,15,66,6,11,49,3,0,0,0,0,0,0,0,0,0,0,,1056,4,4,0,1,0,8,0,0,0,0,0,0,4,11,34,8,-65.6,0,0,,,,,,,,
682,c7275b4ed6a04bec1e7e1ed3f241dd4b6ce11d230ae06b00d9fb3bbfcd88f752,ransomware,TRUE_ENCRYPTION,HelloKitty,cape,full,0,10.0,Kitty,254,155,0.8603471873184387,6.561926663976872,6.738204882778696,312,254,17,94,5,19,0.06692913385826772,0.3700787401574803,19,89,5,10,74,11,1,1,0,0,1,0,0,0,0,2,,122,4,2,0,0,1,9,0,0,0,0,0,0,5,9,41,16,24.1,0,0,,,,,,,,
683,087c48ddbd0d6354e6d4b36dbdb98d6a16896f9e58ac68b909b607bc2d989f08,ransomware,FAILED,Hive,cape,full,1,2.0,,0,0,,,,0,0,0,0,0,0,,,0,0,0,0,0,137,2,2,4,5,0,0,5,3,1,3,,0,,,1,0,0,0,0,0,0,0,0,0,0,0,0,0,,0,0,,,,,,,,
684,48e2033a286775c3419bea8702a717de0b2aaf1e737ef0e6b3bf31ef6ae00eb5,ransomware,TRUE_ENCRYPTION,LockBit,cape,full,0,9.0,LockBit,1111,0,,,,533,1111,9,782,5,5,0.008100810081008101,0.7038703870387039,65,65,47,9,9,8,0,0,0,0,0,0,0,0,0,0,,43,0,0,0,0,1,6,0,0,0,0,0,0,5,14,25,8,15.9,0,0,,,,,,,,
685,4e4c154f0500990e897ca9650eafd3c6255ba4df3b4bc620c6ba27b718278392,ransomware,TRUE_ENCRYPTION,Phobos,cape,full,0,10.0,Phobos,1447,254,-0.014491653110749465,5.402102966697393,7.271217089725436,2959,1447,3067,1453,6,16,2.1195577055977886,1.0041465100207325,100,376,92,26,258,1,0,0,0,0,0,0,0,0,0,0,,1996,2,2,0,1,0,14,4,2,0,0,0,0,5,5,6,1,-315.4,5,2,0,0,,0,630.4,5,1,0.125
686,180f82bbedb03dc29328e32e054069870a1e65078b78b2120a84c96aaed7d843,ransomware,TRUE_ENCRYPTION,Ryuk,cape,full,1,9.0,Ryuk,3399,20996,0.4708155756748632,7.106191173085883,7.347064613227646,3246,3399,0,2321,3,24,0.0,0.6828478964401294,54,338,81,45,212,275,3,0,3,0,0,0,0,0,2,1,,91,0,0,0,0,1,21,0,0,6,0,0,0,2,15,0,0,-124.1,14,1,0,0,,0,559.6,14,1,0.082
687,4f87fefc9bf667f1d60e9ac07bdcf91013d609b8222b6d1b2995706f7ece1b07,ransomware,NO_VICTIM_ACTIVITY,Zeppelin,cape,full,1,10.0,Zeppelin,13,17,1.0000000000000002,,,0,13,413,0,1,5,31.76923076923077,0.0,2,416,0,1,415,125,0,0,3,0,0,0,0,0,2,0,boost,183,2,2,0,1,0,6,0,0,0,0,0,0,2,2,9,0,-14.2,0,0,,,,,,,,
688,eb180fcc43380b15013d9fe42e658fc6f6c32cf23426ef10b89bc6548d40523b,ransomware,TRUE_ENCRYPTION,Babuk,cape,full,1,10.0,Babuk,347,87,0.7576138887041459,4.8766562543399665,5.087462841250338,437,347,21,157,5,23,0.06051873198847262,0.45244956772334294,39,171,16,31,124,80,3,1,6,5,3,4,3,2,0,5,,0,,,0,0,1,14,3,0,0,0,0,0,6,12,57,13,-11.8,2,1,1,1,3.7,178,542.0,1,1,0.37
689,3de2a56cc13e85bc214d583dbd101857a129b796dae0c499fb5045a1508231ef,ransomware,FAILED,BlackCat,cape,full,1,10.0,BlackCat,0,0,,,,0,0,0,0,0,0,,,0,0,0,0,0,215,2,2,7,5,0,4,5,4,1,4,,0,,,1,0,0,0,0,0,0,0,0,0,0,0,0,0,,0,0,,,,,,,,
690,fd7caea00d7f25ea02bb9c447410659c12ca35ebbb67c95c7296e6232a08ce93,ransomware,TRUE_ENCRYPTION,Conti,cape,full,1,10.0,Conti,3234,21431,0.17716151622700715,5.671495874033147,7.371017382778696,3509,3234,1,3979,0,10,0.00030921459492888067,1.230364873222016,166,269,98,13,158,68,0,0,3,0,0,0,0,0,2,0,,0,,,0,1,0,8,0,0,0,0,0,0,5,8,5,5,4.3,0,0,,,,,,,,
691,8cfd28911878af048fb96b6cc0b9da770542576d5c2b20b193c3cfc4bde4d3bc,ransomware,TRUE_ENCRYPTION,DarkSide,cape,full,0,9.0,,126,498,-0.009005075336352303,6.287518512196404,6.476157391559539,89,126,28,6,5,17,0.2222222222222222,0.047619047619047616,14,60,5,11,44,3,0,0,0,0,0,0,0,0,0,0,,1056,4,4,0,1,0,8,0,0,0,0,0,0,4,9,34,8,-61.8,0,0,,,,,,,,
692,00e6db8d116020d7dda556e0cdf9e0d4c9e57bb8d566c0e702a23ec679a46b51,ransomware,FAILED,HelloKitty,cape,static_only,1,10.0,Kitty,,,,,,,,,,,,,,,,,,,119,0,0,6,1,3,0,3,0,2,3,,0,,,,,,,,,,,,,,,,,,,,,,,,,,,
693,9f423f06bf449266ddea3e0a3673d1109ff5415f4bcc52303902c57aee9b0b5b,ransomware,FAILED,Hive,cape,full,1,2.0,,0,0,,,,0,0,0,0,0,0,,,0,0,0,0,0,137,2,2,4,5,0,0,5,3,1,3,,0,,,1,0,0,0,0,0,0,0,0,0,0,0,0,0,,0,0,,,,,,,,
694,3552dda80bd6875c1ed1273ca7562c9ace3de2f757266dae70f60bf204089a4a,ransomware,FAILED,LockBit,cape,full,0,0.8,,0,0,,,,0,0,0,0,0,0,,,0,0,0,0,0,4,0,0,0,0,0,0,0,0,0,0,,0,,,0,0,1,0,0,0,0,0,0,0,0,0,0,0,,0,0,,,,,,,,
695,fd59543a425d2159dfadba8efd4d40178b609ef123a8bc5cf00fe3afef95623d,ransomware,TRUE_ENCRYPTION,Phobos,cape,full,0,10.0,Phobos,1384,222,-0.01822105343167192,5.374996696164668,7.266353369030762,2714,1384,3117,1407,6,19,2.2521676300578033,1.0166184971098267,95,375,96,22,257,1,0,0,0,0,0,0,0,0,0,0,,2305,2,2,0,1,0,18,4,2,0,0,0,0,5,5,17,1,-304.3,5,2,0,0,,0,574.5,5,1,0.157
696,9eb7abf2228ad28d8b7f571e0495d4a35da40607f04355307077975e271553b8,ransomware,TRUE_ENCRYPTION,Ryuk,cape,full,1,9.0,Ryuk,1444,5736,0.5274468126412868,7.041951252319238,7.322565710927494,3464,1444,0,1214,3,25,0.0,0.8407202216066482,53,287,49,10,228,76,0,0,5,0,0,0,0,0,2,0,,0,,,0,1,0,19,0,0,6,0,0,0,1,13,0,0,-97.5,12,1,0,0,,0,486.9,12,1,0.099
697,45c7c5d62ca2525ac1da111fb3388cb381c24c974eba1ca3681ef07b10ef7b77,ransomware,NO_VICTIM_ACTIVITY,Zeppelin,cape,full,1,10.0,Zeppelin,16,43,0.5181650021720449,,,1,16,368,0,1,5,23.0,0.0,2,374,0,4,370,96,0,0,2,0,0,0,0,0,2,0,,183,2,2,0,1,0,5,0,0,0,0,0,0,2,2,12,0,-19.3,0,0,,,,,,,,
698,77c7839c7e8d4aaf52e33a2f29db8459381b5cc3b2700072305a8bae5e0762a9,ransomware,TRUE_ENCRYPTION,Babuk,cape,full,1,10.0,Babuk,233,90,0.9883600187783596,4.8771542629793725,5.028639311838573,127,233,9,103,0,14,0.03862660944206009,0.44206008583690987,30,70,18,9,43,80,3,1,6,5,3,4,3,2,0,5,,0,,,0,0,1,9,3,0,0,0,0,0,5,5,21,1,-10.2,1,1,1,1,2.0,112,208.4,0,1,
699,4fea41b61b2bd700fc6613c18c05aeb4df37bcbe777868081b0ed1076ee7aacb,ransomware,FAILED,BlackCat,cape,full,1,10.0,BlackCat,0,0,,,,0,0,0,0,0,0,,,0,0,0,0,0,215,2,2,7,5,0,4,5,4,1,4,,0,,,1,0,0,0,0,0,0,0,0,0,0,0,0,0,,0,0,,,,,,,,
700,d7573284c29cf5f68bb64860f1be0a696c852678fac36f176fd88f555ed853f2,ransomware,TRUE_ENCRYPTION,Conti,cape,full,1,10.0,Conti,3579,23313,0.17806786535973435,5.60386508846112,7.40801220694674,4367,3579,9,4573,5,7,0.002514668901927913,1.2777312098351494,170,170,63,17,90,68,0,0,3,0,0,0,0,0,2,0,,0,,,0,1,0,6,0,0,0,0,0,0,4,6,28,13,2.6,0,0,,,,,,,,
701,ca0d9c8e8b2ed05fcf10178e1d194f5e484892dbe59ede4ae9549d27a5c8fd75,ransomware,TRUE_ENCRYPTION,Babuk,cape,full,1,10.0,Babuk,269,92,0.9226857777652414,4.881099833874807,5.028639311838574,151,269,9,166,0,12,0.03345724907063197,0.6171003717472119,40,116,12,11,93,80,3,1,6,5,3,4,3,2,0,5,,0,,,0,0,1,10,3,0,0,0,0,0,5,6,43,5,-5.2,2,1,1,1,1.2,175,344.4,1,1,0.548
702,99c71640bc985654db23b81ecb00e4d0cc160a25e1c58b6a90e379a559ea3440,ransomware,FAILED,BlackCat,cape,full,1,10.0,BlackCat,0,0,,,,0,0,0,0,0,0,,,0,0,0,0,0,215,2,2,7,5,0,4,5,4,1,4,,0,,,1,0,0,0,0,0,0,0,0,0,0,0,0,0,,0,0,,,,,,,,
703,b68f76d17c4343e1a3a709c09d37a5e069ce1aec55dcb1861b2af79cc1aef47b,ransomware,TRUE_ENCRYPTION,Conti,cape,full,1,10.0,Conti,3365,19089,0.18556145257751192,5.627014716241216,7.370474548843471,3974,3365,1,4281,0,20,0.00029717682020802375,1.2722139673105497,171,284,102,22,160,68,0,0,3,0,0,0,0,0,2,0,,0,,,0,1,0,9,0,0,0,0,0,0,5,11,5,5,5.2,0,0,,,,,,,,
704,fb76b4a667c6d790c39fcc93a3aac8cd2a224f0eb9ece4ecfd7825f606c2a8b6,ransomware,TRUE_ENCRYPTION,DarkSide,cape,full,0,9.0,,132,492,-0.011382766592411149,6.345358844333528,6.476157391559539,102,132,27,10,5,18,0.20454545454545456,0.07575757575757576,17,66,6,10,50,3,0,0,0,0,0,0,0,0,0,0,,1056,4,4,0,1,0,8,0,0,0,0,0,0,5,11,34,8,-29.5,0,0,,,,,,,,
705,03712d5e96fdb8f0e110ffb1f5448e8e963d008de31ed69b77a5f78a5ac25533,ransomware,FAILED,HelloKitty,cape,full,0,10.0,Kitty,0,0,,,,0,0,0,0,0,0,,,0,0,0,0,0,10,0,0,0,0,1,0,0,0,0,1,,119,3,2,0,0,1,0,0,0,0,0,0,0,0,0,0,0,,0,0,,,,,,,,
706,38f8d6a333875ca3ed81b1afb0868326d519f8922f85187cd372a1197130eb0f,ransomware,FAILED,Hive,cape,full,1,0.3,,1,0,,,,0,1,0,0,0,0,0.0,0.0,0,1,0,1,0,39,0,0,2,0,0,0,0,0,1,0,boost,0,,,0,0,1,0,0,0,0,0,0,0,0,0,0,0,,0,0,,,,,,,,
707,3dc6902dc87d976787bdf0878e7174ec526df613645d3f275e0216d05cf2d217,ransomware,TRUE_ENCRYPTION,LockBit,cape,full,1,9.0,,2959,12576,-0.48437265790793976,5.117047134326703,7.353035249500263,4035,2959,1,4078,0,10,0.0003379520108144643,1.3781683001013856,42,588,245,6,337,137,0,0,7,0,0,0,2,0,2,1,,0,,,0,1,0,11,0,0,0,0,0,0,2,2,4,2,-10.7,1,1,0,0,,0,585.5,1,1,0.002
708,9215550ce3b164972413a329ab697012e909d543e8ac05d9901095016dd3fc6c,ransomware,TRUE_ENCRYPTION,Phobos,cape,full,0,10.0,Phobos,1022,222,-0.01977566835592759,5.369564971265629,7.24483081042011,2723,1022,2967,1432,5,18,2.9031311154598827,1.401174168297456,101,395,93,24,278,1,0,0,0,0,0,0,0,0,0,0,,1726,2,2,0,1,0,14,4,2,0,0,0,0,5,5,6,1,-324.9,5,2,0,0,,0,632.8,5,1,0.111
709,05e06709523fd798da963c2c24254de0fcca6c57e1052996798ecc74ff43b41f,ransomware,TRUE_ENCRYPTION,Ryuk,cape,full,1,9.0,Ryuk,3371,21490,0.5184997423680834,7.105944114544899,7.380468378453143,2836,3371,0,2208,3,17,0.0,0.6549985167606052,50,348,91,33,224,98,0,0,3,0,0,0,0,0,2,0,,76,0,0,0,1,0,20,0,0,5,0,0,0,2,14,0,0,-128.6,12,1,0,0,,0,516.2,12,1,0.104
710,5c1141aa7d0b9fba71822607f3b1b086e2cc4529e63221a9a6ede74fa366512f,ransomware,NO_VICTIM_ACTIVITY,Zeppelin,cape,full,1,10.0,Zeppelin,79,43,0.09826661577314111,,,27,79,11,2,6,35,0.13924050632911392,0.02531645569620253,4,57,2,13,42,161,0,0,7,0,3,0,2,1,0,2,,0,,,0,1,0,38,6,2,0,0,6,0,3,3,37,8,-26.2,9,4,0,0,,0,391.9,9,1,0.004
711,a52267dc795a51404cbf2a7e8e7875929783bcc62abd6b7cfd1921c938cf2756,ransomware,TRUE_ENCRYPTION,Babuk,cape,full,1,10.0,Babuk,417,117,0.8358095361494445,4.868174539521617,5.087462841250338,463,417,17,182,5,11,0.0407673860911271,0.4364508393285372,37,160,15,28,117,80,3,1,6,5,3,4,3,2,0,5,,0,,,0,0,1,11,3,0,0,0,0,0,5,5,67,13,-5.4,2,1,1,1,1.1,199,465.7,1,1,0.402
712,942946c6ae139b1f1efc91262f91034542eb75b80c3c66c10d69dda014d706d6,ransomware,FAILED,BlackCat,cape,full,1,10.0,BlackCat,0,0,,,,0,0,0,0,0,0,,,0,0,0,0,0,215,2,2,7,5,0,4,5,4,1,4,,0,,,1,0,0,0,0,0,0,0,0,0,0,0,0,0,,0,0,,,,,,,,
713,977083fc01e2982258eac0a13e56cd697d9f6941f5a365e9d02d544fc3e15000,ransomware,NO_VICTIM_ACTIVITY,Conti,cape,full,1,10.0,BlackHunt,48,12,0.4632566510543071,7.175839768857847,7.233830259181805,72,48,0,0,0,78,0.0,0.0,0,107,0,7,100,173,3,0,6,5,0,0,0,3,2,2,,0,,,0,0,1,114,6,6,0,0,0,0,4,4,51,1,-58.0,36,3,0,,,,,,,
714,d43b271fb4931263f8fa54b297e3cf60762a0fe5c50ed76999f276dcc3c283be,ransomware,TRUE_ENCRYPTION,DarkSide,cape,full,0,9.0,,139,504,-0.01372969595465828,6.2854299704750565,6.476157391559539,117,139,28,14,5,19,0.2014388489208633,0.10071942446043165,17,60,8,11,41,3,0,0,0,0,0,0,0,0,0,0,,1056,4,4,0,1,0,8,0,0,0,0,0,0,5,12,30,8,-23.6,0,0,,,,,,,,
715,1144d0448fefe26f5b9db7e7a7522c9a46eded3a603daa903052373cecc92b27,ransomware,TRUE_ENCRYPTION,HelloKitty,cape,full,1,10.0,Kitty,91,14,0.28504501524129566,6.5835537807703215,6.6959092708736,78,91,14,8,5,6,0.15384615384615385,0.08791208791208792,6,60,4,9,47,131,3,1,6,1,3,0,0,0,2,3,,0,,,0,0,1,7,0,0,0,0,0,0,4,4,30,8,-12.0,0,0,,,,,,,,
716,a0fb861b99623e2d2a3c3f932142bfa0181562249abbae46fa2f3c2fa20376c2,ransomware,NO_VICTIM_ACTIVITY,Hive,cape,full,0,1.0,,0,0,,,,0,0,0,0,0,0,,,0,0,0,0,0,4,0,0,0,0,0,0,0,0,0,0,,25,0,0,0,0,1,0,0,0,0,0,0,0,0,0,0,0,,0,0,,,,,,,,
717,82b336cd120ef07d8df5a3e3fa082bcca8b5c0a3481fae78cb5dd29072979f69,ransomware,TRUE_ENCRYPTION,LockBit,cape,full,0,9.0,Scarab-Dharma,119,2,-0.003346071881221039,2.0,2.0,3545,119,26,4864,1798,18,0.2184873949579832,40.87394957983193,105,316,0,9,307,6,0,0,0,0,0,0,0,0,0,0,,44,0,0,0,1,0,10,0,0,0,0,0,0,3,23,2333,13,0.8,0,0,,,,,,,,
718,482754d66d01aa3579f007c2b3c3d0591865eb60ba60b9c28c66fe6f4ac53c52,ransomware,TRUE_ENCRYPTION,Phobos,cape,full,0,10.0,Phobos,1197,222,-0.017713158910265703,5.4358681845684576,7.245864648336088,2636,1197,3194,1446,6,15,2.6683375104427736,1.2080200501253133,96,392,94,25,273,1,0,0,0,0,0,0,0,0,0,0,boost,2305,2,2,0,1,0,14,4,2,0,0,0,0,4,4,6,1,-337.9,5,2,0,0,,0,628.7,5,1,0.117
719,88b1b4966650de59cef20c340b28739c52dc9ead91d9959a338a8e531ad38335,ransomware,TRUE_ENCRYPTION,Ryuk,cape,full,1,8.0,Ryuk,3,2,-1.0,,,0,3,0,0,0,0,0.0,0.0,0,1,0,1,0,91,0,0,5,0,0,0,0,0,2,0,,0,,,0,1,0,2,0,0,0,0,0,0,0,0,0,0,,0,0,,,,,,,,
720,442bf867c8738c7231ff09db0715ec79d0ae15c050fbd46946c45b76a040d024,ransomware,TRUE_ENCRYPTION,Zeppelin,cape,full,1,10.0,Zeppelin,5021,30,-0.028591399863695032,,,3078,5021,13,5000,0,12,0.002589125672176857,0.9958175662218681,54,416,58,5,353,183,0,0,8,0,3,0,2,1,0,2,,0,,,0,1,0,13,4,2,0,0,0,0,2,2,12,0,-100.4,2,1,0,0,,0,445.7,2,1,0.112
721,575c7b60f3b1dfc3cdd42e868b88df19cef81a5577254a314dc7d1da0fd64cfb,ransomware,TRUE_ENCRYPTION,Babuk,cape,full,1,10.0,Babuk,354,129,0.9490066711985026,4.877947231789717,5.087462841250338,182,354,9,214,0,38,0.025423728813559324,0.6045197740112994,41,137,20,18,99,80,3,1,6,5,3,4,3,2,0,5,,0,,,0,0,1,16,3,0,0,0,0,0,5,8,33,2,-9.4,2,1,1,1,1.1,223,317.1,1,1,0.588
722,3c300726a6cdd8a39230f0775ea726c2d42838ac7ff53bfdd7c58d28df4182d5,ransomware,NO_VICTIM_ACTIVITY,BlackCat,cape,full,1,7.0,,55,2,-0.23602759148258096,7.1634678361103035,7.1634678361103035,181,55,27,0,0,1,0.4909090909090909,0.0,3,12,0,3,9,94,0,0,7,1,0,0,0,1,2,1,,3043,3,2,0,1,0,1,0,0,0,0,0,0,0,0,0,0,,0,0,,,,,,,,
723,f725792a5ef0512f3c5356d79fb3be5afcbaffaa4af41498342f7d09d703761f,ransomware,NO_VICTIM_ACTIVITY,Conti,cape,full,1,10.0,BlackHunt,48,12,0.5132344364027162,7.15034993814479,7.208717089725436,51,48,0,0,0,95,0.0,0.0,0,100,0,7,93,173,3,0,6,5,0,0,0,3,2,2,,0,,,0,0,1,121,6,6,0,0,0,0,4,5,51,1,-9.8,36,3,0,,,,,,,
724,bafa2efff234303166d663f967037dae43701e7d63d914efc8c894b3e5be9408,ransomware,NO_VICTIM_ACTIVITY,DarkSide,cape,full,1,10.0,HijackLoader,0,0,,,,1,0,0,0,0,2,,,0,3,0,0,3,73,0,0,5,0,0,0,0,0,2,0,,76,0,0,0,0,1,1,0,0,0,0,0,0,0,0,0,0,,0,0,,,,,,,,
725,170ddf08d3c54ba8eb1d28c24b3ac61cb22f4552c1805546796937bd43267f41,ransomware,FAILED,HelloKitty,cape,static_only,1,10.0,Kitty,,,,,,,,,,,,,,,,,,,119,0,0,6,1,3,0,3,0,2,3,,0,,,,,,,,,,,,,,,,,,,,,,,,,,,
726,dbeda9027eb297f2ff6000263b31e89e75ca860b9ec630c29ee6bb115d9c38ae,ransomware,FAILED,Hive,cape,full,1,0.3,,1,0,,,,0,1,0,0,0,0,0.0,0.0,0,1,0,1,0,39,0,0,2,0,0,0,0,0,1,0,boost,0,,,0,0,1,0,0,0,0,0,0,0,0,0,0,0,,0,0,,,,,,,,
727,f53ac28e9b0ec8535333795ab9e0e52b17a77ad5eabc7b5172bd7e7aac41df12,ransomware,TRUE_ENCRYPTION,LockBit,cape,full,0,9.0,,1860,16445,0.5104450658916356,4.862497946760555,7.255589303221687,1856,1860,20,3159,0,3,0.010752688172043012,1.6983870967741936,50,490,361,13,116,1,0,0,0,0,0,0,0,0,0,0,,1056,4,4,0,1,0,3,0,0,0,0,0,0,1,1,17,0,-398.9,0,0,,,,,,,,
728,7e18ff461e3fc159c9b6634c9250600ea4c62da604885697c95d9bac794109b8,ransomware,TRUE_ENCRYPTION,Phobos,cape,full,0,10.0,Phobos,1004,222,-0.01619517564406459,5.370652344231803,7.24483081042011,2280,1004,3236,1424,6,15,3.2231075697211153,1.4183266932270917,103,384,71,18,295,1,0,0,0,0,0,0,0,0,0,0,,2305,2,2,0,1,0,12,3,2,0,0,0,0,3,3,5,1,-318.2,4,2,0,0,,0,615.8,4,1,0.153
729,781bc4dcbd459893397a8b987bf697f5b95435dfaf7fe3f4d2224728e7a2202a,ransomware,TRUE_ENCRYPTION,Ryuk,cape,full,1,9.0,Ryuk,1968,18177,0.29479134883929475,7.121034021607467,7.341056504371048,2183,1968,0,2595,3,19,0.0,1.3185975609756098,45,324,63,16,245,77,0,0,5,0,0,0,0,0,2,0,,0,,,0,1,0,20,0,0,6,0,0,0,2,11,0,0,-258.4,10,1,0,0,,0,364.6,9,1,0.249
730,332bca23e362f6c95326ecc943cb39e93d6fdcf454d72a5e60c9e14f5802ce5a,ransomware,TRUE_ENCRYPTION,Zeppelin,cape,full,1,10.0,Zeppelin,5022,44,-0.026848346679774884,,,3014,5022,16,5000,1,16,0.0031859816806053365,0.9956192751891677,54,452,62,8,382,183,0,0,8,0,3,0,2,1,0,2,,0,,,0,1,0,17,4,2,0,0,0,0,3,3,17,0,-44.8,2,1,0,0,,0,505.9,2,1,0.142
731,71936bc3ee40c7ea678889d2ad5fa7eb39401752cd58988ce462f9d4048578ac,ransomware,FAILED,Babuk,cape,static_only,1,10.0,Babuk,,,,,,,,,,,,,,,,,,,80,3,1,6,5,3,4,3,2,0,5,,0,,,,,,,,,,,,,,,,,,,,,,,,,,,
732,847fb7609f53ed334d5affbb07256c21cb5e6f68b1cc14004f5502d714d2a456,ransomware,FAILED,BlackCat,cape,full,1,2.0,,0,0,,,,0,0,0,0,0,0,,,0,0,0,0,0,276,2,2,7,5,0,4,5,4,1,4,,0,,,1,0,0,0,0,0,0,0,0,0,0,0,0,0,,0,0,,,,,,,,
733,d826f4cb8240f894e43fea3c84b14fd85be9758d7ad4eafa113ad7d45c30bc26,ransomware,NO_VICTIM_ACTIVITY,Conti,cape,full,0,10.0,Conti,0,0,,,,0,0,0,0,0,146,,,0,146,0,0,146,11,0,0,0,0,0,0,0,0,0,0,,0,,,0,0,1,146,13,0,49,0,0,0,0,0,0,0,,83,1,0,,,,,,,
734,521c503bc3f5d8b2aa8819e8e30e2019e74ea9649a57529fb32c3dfc66a1e7ef,ransomware,NO_VICTIM_ACTIVITY,DarkSide,cape,full,0,2.5,,0,0,,,,0,0,0,0,0,0,,,0,0,0,0,0,1,0,0,0,0,0,0,0,0,0,0,,0,,,0,0,1,0,0,0,0,0,0,1,1,1,0,0,,0,0,,,,,,,,
735,17dc9bb50f33427f62ccf8e9c844c47300eec8be13e2342b119b1c88a2b46bef,ransomware,NO_VICTIM_ACTIVITY,HelloKitty,cape,full,1,10.0,Kitty,0,0,,,,0,0,0,0,0,140,,,0,133,0,0,133,119,0,0,6,1,3,0,3,0,2,3,,0,,,0,0,1,211,0,0,47,43,0,0,3,5,2,0,,113,2,0,,,,,,,
736,036806c810e1f9446db3e9429f0f25670ad65240cd24f7f0162794938da57d3c,ransomware,FAILED,Hive,cape,full,1,3.0,,1,0,,,,1,1,0,0,0,0,0.0,0.0,0,1,0,1,0,77,0,0,2,0,0,0,0,0,1,0,boost,0,,,0,0,1,0,0,0,0,0,0,0,0,0,0,0,,0,0,,,,,,,,
737,5fddbc9fe214eafa3fce0cfa5aea3fc3283a62db82a7e86307a00cd345af57ee,ransomware,TRUE_ENCRYPTION,LockBit,cape,full,1,9.0,Scarab-Dharma,164,2,-0.004126749311413366,2.0,2.0,3387,164,25,4820,1793,18,0.1524390243902439,29.390243902439025,103,323,1,11,311,20,0,0,0,0,0,0,0,0,0,0,,20,0,0,0,1,0,10,0,0,0,0,0,0,3,25,2341,13,-1.2,0,0,,,,,,,,
738,97a4d094f86b757b3fb0e189f2843a7af8d0ec43f9805214e89992528e83b5d7,ransomware,TRUE_ENCRYPTION,Phobos,cape,full,0,10.0,Phobos,1321,222,-0.016967008553703516,5.395518416086798,7.255592089725436,2795,1321,3164,1370,6,19,2.3951551854655566,1.0370931112793338,91,393,94,21,278,1,0,0,0,0,0,0,0,0,0,0,,1773,2,2,0,1,0,15,4,2,0,0,0,0,4,4,6,1,-341.8,5,2,0,0,,0,635.6,5,1,0.154
739,2ec5256a7edb90b1c05c92f79e8a48c205b29e1ac910a535aa83c30b8dbbeff8,ransomware,TRUE_ENCRYPTION,Ryuk,cape,full,1,9.0,Ryuk,1779,16069,0.0881332152386092,7.05680186566418,7.34528331151577,1952,1779,0,2120,3,29,0.0,1.19168071950534,70,324,83,25,216,72,0,0,5,0,0,0,0,0,2,0,,0,,,0,1,0,25,0,0,5,2,0,0,2,2,0,0,61.2,8,2,1,1,1.5,2120,392.6,6,1,0.023
740,54f6ec27eb7526c439d33e7592e4864842fccf950d828fe14ef7c8eb080ee371,ransomware,NO_VICTIM_ACTIVITY,Zeppelin,cape,full,0,10.0,Zeppelin,3,0,,,,1,3,3,0,1,4,1.0,0.0,2,7,0,1,6,15,0,0,0,0,0,0,0,0,0,0,,0,,,0,0,1,5,0,0,0,0,0,0,2,2,8,0,-27.8,0,0,,,,,,,,
741,105af5c40c65f51979308e022c25dd285db3cd20e9656caaba0e9b1fc253898b,ransomware,FAILED,Babuk,cape,static_only,0,10.0,Babuk,,,,,,,,,,,,,,,,,,,0,0,0,0,0,0,0,0,0,0,0,,0,,,,,,,,,,,,,,,,,,,,,,,,,,,
742,12138a12e35563461860d8c39d80e7cbf80aced9a3f197bf7e6a452a70e07048,ransomware,FAILED,BlackCat,cape,full,1,10.0,BlackCat,0,0,,,,0,0,0,0,0,0,,,0,0,0,0,0,210,2,2,7,5,0,4,5,4,1,4,,0,,,1,0,0,0,0,0,0,0,0,0,0,0,0,0,,0,0,,,,,,,,
743,bcf49782d7dc8c7010156b31d3d56193d751d0dbfa2abbe7671bcf31f2cb190a,ransomware,TRUE_ENCRYPTION,Conti,cape,full,1,10.0,Conti,3308,17874,0.25528244863102073,5.685266248194244,7.356757620620911,4255,3308,1,3796,0,21,0.0003022974607013301,1.147521160822249,164,343,112,20,211,68,0,0,3,0,0,0,0,0,2,0,,0,,,0,1,0,12,0,0,0,0,0,0,6,11,7,5,3.3,0,0,,,,,,,,
744,0a0c225f0e5ee941a79f2b7701f1285e4975a2859eb4d025d96d9e366e81abb9,ransomware,NO_VICTIM_ACTIVITY,DarkSide,cape,full,0,2.5,,0,0,,,,0,0,0,0,0,0,,,0,0,0,0,0,3,0,0,0,0,0,0,0,0,0,0,,0,,,0,0,1,0,0,0,0,0,0,1,1,1,0,0,,0,0,,,,,,,,
745,75d8f3368cde3f851b043bcedfb948e603da880d4b2d1a94bddfebbdefb56aa3,ransomware,FAILED,HelloKitty,cape,static_only,1,10.0,Kitty,,,,,,,,,,,,,,,,,,,119,0,0,6,1,3,0,3,0,2,3,,0,,,,,,,,,,,,,,,,,,,,,,,,,,,
746,eaf5e26c5e73f3db82cd07ea45e4d244ccb3ec3397ab5263a1a74add7bbcb6e2,ransomware,TRUE_ENCRYPTION,Hive,cape,full,1,8.0,,54,0,,,,15,54,0,1275,0,0,0.0,23.61111111111111,47,283,2,25,256,39,0,0,2,0,0,0,0,0,1,0,boost,0,,,0,0,1,0,0,0,0,0,0,0,0,0,0,0,,0,0,,,,,,,,
747,105912c9995a1d718c5442349d2cc4bb99426f75ff34554cdfd9a7272eeca398,ransomware,TRUE_ENCRYPTION,LockBit,cape,full,1,9.0,Scarab-Dharma,99,0,,,,415,99,17,321,80,6,0.1717171717171717,3.242424242424242,24,42,1,8,33,25,0,0,0,0,0,0,0,0,0,0,,0,,,0,0,1,7,0,0,0,0,0,0,2,14,25,8,0.8,0,0,,,,,,,,
748,2cfd30a7982b90be60f83fe5f4132999ac50d0d63d9681d8d50c3c8271faa34b,ransomware,TRUE_ENCRYPTION,Phobos,cape,full,0,10.0,Phobos,1320,564,-0.0278214026055709,5.413009936348345,7.315392668689512,2978,1320,3157,1404,6,17,2.3916666666666666,1.0636363636363637,95,379,94,19,266,1,0,0,0,0,0,0,0,0,0,0,,2388,2,2,0,1,0,14,4,2,0,0,0,0,4,4,6,1,-318.8,5,2,0,0,,0,593.5,5,1,0.122
749,5e2c9d80fa4528fe9777738a9cba9ede08cdae353fd4cb2d9caf0c9801fd5711,ransomware,TRUE_ENCRYPTION,Ryuk,cape,full,1,9.0,Ryuk,340,479,0.9691070600400531,7.05797130499375,7.284927148336088,199,340,0,67,3,4,0.0,0.19705882352941176,16,34,16,8,10,72,0,0,5,0,0,0,0,0,2,0,,0,,,0,1,0,9,0,0,0,0,0,0,0,0,0,0,,0,0,,,,,,,,
750,438d83a22ed38bb2241a99b96d644826522b28327f63055840ee7632d8e95cd8,ransomware,NO_VICTIM_ACTIVITY,Zeppelin,cape,full,0,10.0,Zeppelin,16,44,0.785394745169681,,,1,16,4,0,1,5,0.25,0.0,2,12,0,4,8,12,0,0,0,0,0,0,0,0,0,0,,0,,,0,1,0,6,0,0,0,0,0,0,2,2,13,0,-377.5,0,0,,,,,,,,
751,13ccf6c512823f7d30f14d06fd50e00bce8dd03ca331dd5c5d9fee64c340c92d,ransomware,FAILED,Babuk,cape,static_only,0,10.0,Babuk,,,,,,,,,,,,,,,,,,,0,0,0,0,0,0,0,0,0,0,0,,0,,,,,,,,,,,,,,,,,,,,,,,,,,,
752,3a96c3075b8494fe6a76c6325946ab3f200e75ce26ad886446ea1394b5ac6ba1,ransomware,FAILED,BlackCat,cape,full,1,10.0,BlackCat,0,0,,,,0,0,0,0,0,0,,,0,0,0,0,0,210,2,2,7,5,0,4,5,4,1,4,,0,,,1,0,0,0,0,0,0,0,0,0,0,0,0,0,,0,0,,,,,,,,
753,a4337294dc51518284641982a28df585ede9b5f0e3f86be3c2c6bb5ad766a50f,ransomware,TRUE_ENCRYPTION,Conti,cape,full,1,10.0,Conti,3243,21199,0.16713818665176686,5.680376758385131,7.369001079495584,3652,3243,1,3891,0,8,0.0003083564600678384,1.1998149861239593,170,262,98,14,150,68,0,0,3,0,0,0,0,0,2,0,,0,,,0,1,0,7,0,0,0,0,0,0,4,6,5,5,4.8,0,0,,,,,,,,
754,cbbc7052fed8d0002d07736a68219f01a5a4e1c19ee50310e2381e96fa8836ed,ransomware,NO_VICTIM_ACTIVITY,DarkSide,cape,full,0,2.5,,0,0,,,,0,0,0,0,0,0,,,0,0,0,0,0,1,0,0,0,0,0,0,0,0,0,0,,0,,,0,0,1,0,0,0,0,0,0,1,1,1,0,0,,0,0,,,,,,,,
755,7cef8665e7f5032d331e0ba5f0766aefaa537dce41343fa67434d0a98ecfdacd,ransomware,FAILED,HelloKitty,cape,static_only,1,10.0,Kitty,,,,,,,,,,,,,,,,,,,119,0,0,6,1,3,0,3,0,2,3,,0,,,,,,,,,,,,,,,,,,,,,,,,,,,
756,6d585ca9b0e2a491b53da4f83319544b95c858f07f906b108e2147e9ac55ed48,ransomware,NO_VICTIM_ACTIVITY,Hive,cape,full,1,2.3,,0,0,,,,0,0,0,0,0,0,,,0,0,0,0,0,41,0,0,2,0,0,0,0,0,1,0,boost,0,,,0,0,1,0,0,0,0,0,0,0,0,0,0,0,,0,0,,,,,,,,
757,166bba02413995aff28ffeb27d3bf3d5a5f6a6cd36893e252c7b9a22836f4980,ransomware,NO_VICTIM_ACTIVITY,LockBit,cape,full,1,2.6999999999999997,,5,7,0.2773500981126145,,,0,5,0,0,0,0,0.0,0.0,0,1,0,1,0,157,0,0,3,0,0,0,0,0,2,0,,0,,,0,1,0,0,0,0,0,0,0,0,0,0,4,0,,0,0,,,,,,,,
758,88f6a6455f92255a189526e36aeb581c95c28dc5e26357e7667f871444a336ba,ransomware,TRUE_ENCRYPTION,Phobos,cape,full,0,10.0,Phobos,1297,256,-0.018815115804418855,5.331540200279708,7.253677148336088,2929,1297,3126,1402,6,24,2.41017733230532,1.0809560524286816,94,378,90,27,261,1,0,0,0,0,0,0,0,0,0,0,,2305,2,2,0,1,0,19,4,2,0,0,0,0,5,5,17,1,-310.2,5,2,0,0,,0,575.8,5,1,0.163
759,8862b060db997bc9077e3bece06529c1c116af379985f6138a07ab5fde61b54c,ransomware,TRUE_ENCRYPTION,Ryuk,cape,full,1,9.0,Ryuk,1950,19973,0.3067852698518011,7.1115016654634156,7.3624953176174595,2366,1950,0,2658,3,26,0.0,1.363076923076923,37,300,52,27,221,72,0,0,5,0,0,0,0,0,2,0,,0,,,0,1,0,22,0,0,6,0,0,0,4,15,0,0,-313.2,12,1,0,0,,0,483.5,12,1,0.314
760,7055e8438da61efa50058acd4e010c634f5e33352e2ee6d1f013572f004b7101,ransomware,TRUE_ENCRYPTION,Zeppelin,cape,full,1,10.0,Zeppelin,5022,44,-0.0266360832546728,,,2985,5022,16,5000,1,16,0.0031859816806053365,0.9956192751891677,54,431,57,9,365,183,0,0,8,0,3,0,2,1,0,2,,0,,,0,1,0,17,4,2,0,0,0,0,3,3,17,0,-8.7,2,1,0,0,,0,475.1,2,1,0.146
761,ae6020a06d2a95cbe91b439f4433e87d198547dec629ab0900ccfe17e729cff1,ransomware,TRUE_ENCRYPTION,Babuk,cape,full,1,10.0,Babuk,172,82,0.9498437831021901,4.873230157495727,5.087462841250338,94,172,9,73,0,36,0.05232558139534884,0.42441860465116277,25,76,13,7,56,80,3,1,6,5,3,4,3,2,0,5,,0,,,0,0,1,16,3,0,0,0,0,0,5,9,35,2,-15.2,1,1,1,1,1.7,82,301.8,0,1,
762,c50bca08a8e80850ec18d258ff937b7b72a500d9027c730c86b05aa73c938b5d,ransomware,FAILED,BlackCat,cape,full,1,10.0,BlackCat,0,0,,,,0,0,0,0,0,0,,,0,0,0,0,0,214,2,2,7,5,0,4,5,4,1,4,,0,,,1,0,0,0,0,0,0,0,0,0,0,0,0,0,,0,0,,,,,,,,
763,e22ff5594ab357da993651bf7decf035400d42bf37cca943495e1ac9bd7721c4,ransomware,TRUE_ENCRYPTION,Conti,cape,full,1,10.0,Conti,3694,23380,-0.07534890332927015,5.586289173923474,7.358887090602308,3138,3694,1,4564,0,9,0.0002707092582566324,1.23551705468327,176,240,39,53,148,73,0,0,3,0,0,0,3,0,2,1,,0,,,0,1,0,8,0,0,0,0,0,0,4,6,10,10,2.8,0,0,,,,,,,,
764,e51e4c372edf2bbe476a4b7630225c1875c5ccea2ed55b418bd793c54ce9a84d,ransomware,NO_VICTIM_ACTIVITY,DarkSide,cape,full,0,2.5,,0,0,,,,0,0,0,0,0,0,,,0,0,0,0,0,1,0,0,0,0,0,0,0,0,0,0,,0,,,0,0,1,0,0,0,0,0,0,1,1,1,0,0,,0,0,,,,,,,,
765,9de32eb152480c5acd6683b4471ebb10fd5b10af638ef571eb3813330fb25cf0,ransomware,FAILED,HelloKitty,cape,static_only,1,10.0,Kitty,,,,,,,,,,,,,,,,,,,131,3,1,6,1,3,0,0,0,2,3,,0,,,,,,,,,,,,,,,,,,,,,,,,,,,
766,d91efafa54ee1d2f6d2c5e296f38339d9bbd65949e077d307f20d9e29c614c94,ransomware,TRUE_ENCRYPTION,Hive,cape,full,0,9.0,,17,14,0.6624789789200884,3.9642857142857144,4.0,8,17,1,18,0,2,0.058823529411764705,1.0588235294117647,7,22,0,3,19,4,0,0,0,0,0,0,0,0,0,0,,163,3,3,0,1,0,2,0,0,0,0,0,0,0,0,0,0,,0,0,,,,,,,,
767,e082c6d30278139fdab5a7ddddecbcbafad12ab4dff1d5a960d9704fe635c007,ransomware,NO_VICTIM_ACTIVITY,LockBit,cape,full,1,9.0,,27,21,0.3803541107095452,,,13,27,0,0,0,3,0.0,0.0,0,11,0,4,7,155,0,0,3,0,0,0,0,0,2,0,,0,,,0,1,0,3,0,0,0,0,0,0,1,1,4,0,-29.1,0,0,,,,,,,,
768,c0539fd02ca0184925a932a9e926c681dc9c81b5de4624250f2dd885ca5c4763,ransomware,TRUE_ENCRYPTION,Phobos,cape,full,0,10.0,Phobos,1727,256,-0.018211371725081756,5.348897481496564,7.258540869030762,2883,1727,3005,1429,5,20,1.740011580775912,0.827446438911407,98,373,93,16,264,1,0,0,0,0,0,0,0,0,0,0,,2217,2,2,0,1,0,15,4,2,0,0,0,0,4,4,12,1,-308.5,5,2,0,0,,0,603.1,5,1,0.122
769,cfdc2cb47ef3d2396307c487fc3c9fe55b3802b2e570bee9aea4ab1e4ed2ec28,ransomware,FAILED,Ryuk,cape,static_only,1,0.3,,,,,,,,,,,,,,,,,,,,72,0,0,5,0,0,0,0,0,2,0,,0,,,,,,,,,,,,,,,,,,,,,,,,,,,
770,f247ae6db52989c9a598c3c7fbc1ae2db54f5c65be862880e11578b8583731cb,ransomware,TRUE_ENCRYPTION,Zeppelin,cape,full,1,10.0,Zeppelin,805,43,0.01665174962375475,,,260,805,13,59,6,17,0.016149068322981366,0.07329192546583851,19,72,27,21,24,183,0,0,8,0,3,0,2,1,0,2,,0,,,0,1,0,18,4,2,0,0,0,0,3,3,38,9,-29.7,2,1,0,0,,0,395.1,2,1,0.13
771,1f2edda243404918b78aa6123aa1fc5b18dd9506e4042c7a1547b565334527e1,ransomware,TRUE_ENCRYPTION,Babuk,cape,full,1,10.0,Babuk,186,73,0.9478276033238088,4.890390588061379,5.028639311838574,124,186,8,73,0,6,0.043010752688172046,0.3924731182795699,25,64,12,4,48,80,3,1,6,5,3,4,3,2,0,5,,0,,,0,0,1,7,3,0,0,0,0,0,4,4,22,2,-4.5,1,1,1,1,1.2,81,39.6,0,1,
772,6dd995d896a9a593b2c48d09da60bd83866d8577273f36d38788d83ad8173e68,ransomware,FAILED,BlackCat,cape,full,1,10.0,BlackCat,0,0,,,,0,0,0,0,0,0,,,0,0,0,0,0,210,2,2,7,5,0,4,5,4,1,4,,0,,,1,0,0,0,0,0,0,0,0,0,0,0,0,0,,0,0,,,,,,,,
773,cf171b1cdce590f64c7d23c7900f7e0f66c42840c626115980df807d754552b5,ransomware,TRUE_ENCRYPTION,Conti,cape,full,1,10.0,Conti,4307,23561,-0.17267683904700482,5.581027781094738,7.370864648336088,3084,4307,1,4610,0,9,0.00023218017181332715,1.070350592059438,172,259,45,62,152,73,0,0,3,0,0,0,3,0,2,1,,0,,,0,1,0,7,0,0,0,0,0,0,4,7,8,10,2.8,0,0,,,,,,,,
774,bac7f1cb70a0fe909590f7b270248705d216b4abaf4e5dd4969fa4f1949badec,ransomware,NO_VICTIM_ACTIVITY,DarkSide,cape,full,0,2.5,,0,0,,,,0,0,0,0,0,0,,,0,0,0,0,0,3,0,0,0,0,0,0,0,0,0,0,,0,,,0,0,1,0,0,0,0,0,0,1,1,1,0,0,,0,0,,,,,,,,
775,b2f56cdb87e9417cd59250408e056f39a3df9e832df9afb8b7f95e3e46421312,ransomware,FAILED,HelloKitty,cape,full,0,10.0,Kitty,0,0,,,,0,0,0,0,0,0,,,0,0,0,0,0,10,0,0,0,0,1,0,0,0,0,1,,119,3,2,0,0,1,0,0,0,0,0,0,0,0,0,0,0,,0,0,,,,,,,,
776,ffc8d344feea894671e41b1220888aee2bb58e040dc7460b706dcfa6547e67b9,ransomware,NO_VICTIM_ACTIVITY,Hive,cape,full,1,0.3,,0,0,,,,0,0,0,0,0,0,,,0,0,0,0,0,40,0,0,2,0,0,0,0,0,1,0,boost,0,,,0,0,1,0,0,0,0,0,0,0,0,0,0,0,,0,0,,,,,,,,
777,315d043b99f988ce9d9f69d7225292eb44623a97c1a029933b62ede699fa9f13,ransomware,TRUE_ENCRYPTION,LockBit,cape,full,1,9.0,Scarab-Dharma,113,0,,,,736,113,19,470,146,6,0.168141592920354,4.15929203539823,29,50,2,8,40,25,0,0,0,0,0,0,0,0,0,0,,0,,,0,0,1,7,0,0,0,0,0,0,2,13,27,13,1.2,0,0,,,,,,,,
778,fa7ed15708d988e7f69b5628db9481816052efea29e93f1bd274a1d76006aee6,ransomware,TRUE_ENCRYPTION,Phobos,cape,full,0,10.0,Phobos,1598,556,-0.02966325168282728,5.39034899018121,7.283503210927494,2852,1598,3126,1427,6,15,1.9561952440550687,0.8929912390488111,103,378,93,20,265,1,0,0,0,0,0,0,0,0,0,0,,2107,2,2,0,1,0,14,4,2,0,0,0,0,5,5,6,1,-326.6,5,2,0,0,,0,601.7,5,1,0.16
779,ec3da4ac9ec917e66ab943ab149119807922f64f2e4960ebadc36fe7520b300f,ransomware,TRUE_ENCRYPTION,Ryuk,cape,full,1,9.0,Ryuk,335,530,0.9793829330190291,7.076690002013843,7.296569531114784,225,335,0,77,3,6,0.0,0.2298507462686567,18,45,20,8,17,72,0,0,5,0,0,0,0,0,2,0,,0,,,0,1,0,12,0,0,0,0,0,0,1,1,0,0,35.9,0,0,,,,,,,,
780,eb920e0fc0c360abb901e04dce172459b63bbda3ab8152350885db4b44d63ce5,ransomware,TRUE_ENCRYPTION,Zeppelin,cape,full,1,10.0,Zeppelin,5022,43,-0.0313041443259147,,,3210,5022,5,5000,1,17,0.0009956192751891676,0.9956192751891677,53,395,66,11,318,183,0,0,8,0,3,0,2,1,0,2,,0,,,0,1,0,18,4,2,0,0,0,0,3,3,17,1,-13.7,2,1,0,0,,0,410.9,2,1,0.137
781,54c82ad27174fd6ed72793b1ccf9d26613eb572960e847a63538420c69d06c5b,ransomware,TRUE_ENCRYPTION,Babuk,cape,full,1,10.0,Babuk,427,117,0.8227001675816287,4.89332965819749,5.087462841250338,384,427,17,197,5,14,0.03981264637002342,0.4613583138173302,42,169,13,38,118,80,3,1,6,5,3,4,3,2,0,5,,0,,,0,0,1,12,3,0,0,0,0,0,5,6,53,13,-13.6,2,1,1,1,0.1,214,550.8,1,1,0.482
782,a15f278540238f0308608e76a76c01c60e04f5e5bbe9ffce5455f2e965574a12,ransomware,FAILED,BlackCat,cape,full,1,10.0,BlackCat,0,0,,,,0,0,0,0,0,0,,,0,0,0,0,0,214,2,2,7,5,0,4,5,4,1,4,,0,,,1,0,0,0,0,0,0,0,0,0,0,0,0,0,,0,0,,,,,,,,
783,ea4170be281262d89d924959b4db36ba239395dd5d2dc769fbb7f7238adc67e5,ransomware,TRUE_ENCRYPTION,Conti,cape,full,1,10.0,Conti,4453,23243,-0.1313115475738113,5.587648906211372,7.364967089725436,3788,4453,9,4537,5,8,0.0020211093644733886,1.0188636874017516,174,263,45,63,155,73,0,0,3,0,0,0,3,0,2,1,,0,,,0,1,0,7,0,0,0,0,0,0,4,6,17,18,2.8,0,0,,,,,,,,
784,b6855793aebdd821a7f368585335cb132a043d30cb1f8dccceb5d2127ed4b9a4,ransomware,NO_VICTIM_ACTIVITY,DarkSide,cape,full,0,2.5,,0,0,,,,0,0,0,0,0,0,,,0,0,0,0,0,3,0,0,0,0,0,0,0,0,0,0,,0,,,0,0,1,0,0,0,0,0,0,1,1,1,0,0,,0,0,,,,,,,,
785,bc10f7d483b8fac6652edb4cee39e2dfb0163822957e02191ebf70e2b968ed26,ransomware,FAILED,HelloKitty,cape,static_only,1,10.0,Kitty,,,,,,,,,,,,,,,,,,,119,0,0,6,1,3,0,3,0,2,3,,0,,,,,,,,,,,,,,,,,,,,,,,,,,,
786,8ee52992c73014f53b7efcdb77073db9f3df80be07bb9d91b974cd33936f0b13,ransomware,NO_VICTIM_ACTIVITY,Hive,cape,full,1,0.6,,1,0,,,,8,1,0,0,0,0,0.0,0.0,0,3,0,1,2,40,0,0,2,0,0,0,0,0,1,0,boost,0,,,0,0,1,0,0,0,0,0,0,0,0,0,0,0,,0,0,,,,,,,,
787,8dd64e306731d5a21d7805c485d6312444be01e2a8dee0807f7f6c401669e685,ransomware,TRUE_ENCRYPTION,LockBit,cape,full,1,9.0,Scarab-Dharma,93,0,,,,615,93,15,399,108,6,0.16129032258064516,4.290322580645161,25,44,1,8,35,25,0,0,0,0,0,0,0,0,0,0,,0,,,0,0,1,7,0,0,0,0,0,0,2,14,32,8,-0.9,0,0,,,,,,,,
788,8575dcf7c67612b4d1fc1315bb19318f06bb5abdc6341890e251eb303e386db7,ransomware,NO_VICTIM_ACTIVITY,Phobos,cape,full,1,10.0,Phobos,10,0,,,,47,10,0,0,6,2,0.0,0.0,0,8,0,5,3,111,0,0,8,0,3,0,5,1,0,2,,0,,,0,0,1,2,0,0,0,0,0,0,0,0,3,0,,0,0,,,,,,,,
789,d7333223dcc1002aae04e25e31d8c297efa791a2c1e609d67ac6d9af338efbe8,ransomware,TRUE_ENCRYPTION,Ryuk,cape,full,1,9.0,Ryuk,2508,20259,0.3417017777749226,7.104474786060518,7.343820787594659,2341,2508,0,2006,0,0,0.0,0.7998405103668261,40,199,54,6,139,68,0,0,5,0,0,0,0,0,2,0,,0,,,0,1,0,2,0,0,0,0,0,0,0,0,0,0,,0,0,,,,,,,,
790,b3302c4a9fd06d9fde96c9004141f80e0a9107a9dead1659e77351f1b1c87cf6,ransomware,TRUE_ENCRYPTION,Zeppelin,cape,full,1,10.0,Zeppelin,805,43,0.010829688205020737,,,230,805,13,58,6,17,0.016149068322981366,0.07204968944099378,19,72,24,21,27,183,0,0,8,0,3,0,2,1,0,2,,0,,,0,1,0,18,4,2,0,0,0,0,3,3,38,9,-38.7,1,1,0,0,,0,395.7,1,1,0.14
791,6d4ced2e85587e81d6a09b147ec7cccc054bc0fbb92afc39586de1b2bf57f812,ransomware,TRUE_ENCRYPTION,Babuk,cape,full,1,10.0,Babuk,351,107,0.8696258884507476,4.879351717673334,5.087462841250338,191,351,17,185,5,23,0.04843304843304843,0.5270655270655271,41,148,18,23,107,80,3,1,6,5,3,4,3,2,0,5,,0,,,0,0,1,12,3,0,0,0,0,0,5,9,43,10,-8.7,2,1,1,1,1.2,202,547.5,1,1,0.333
792,d0e0923cf7f97c86b6cde608bc7a0332d03881e598de7b8e41c114d1576e4534,ransomware,FAILED,BlackCat,cape,full,1,10.0,BlackCat,0,0,,,,0,0,0,0,0,0,,,0,0,0,0,0,214,2,2,7,5,0,4,5,4,1,4,,0,,,1,0,0,0,0,0,0,0,0,0,0,0,0,0,,0,0,,,,,,,,
793,7f6421cdf6355edfdcbddadd26bcdfbf984def301df3c6c03d71af8e30bb781f,ransomware,TRUE_ENCRYPTION,Conti,cape,full,1,10.0,Conti,3243,20012,0.21326480046129853,5.676476405043048,7.369709466211244,3671,3243,1,3867,0,8,0.0003083564600678384,1.1924144310823312,163,262,91,13,158,68,0,0,3,0,0,0,0,0,2,0,,0,,,0,1,0,7,0,0,0,0,0,0,4,5,18,8,3.6,0,0,,,,,,,,
794,665afa26d6110bb35ec8a60878068a0e69e1c805d9073bef71a48a3404c164e9,ransomware,NO_VICTIM_ACTIVITY,DarkSide,cape,full,1,2.3,,0,0,,,,1,0,0,0,0,0,,,0,1,0,0,1,106,0,0,9,1,0,0,2,1,0,2,,0,,,0,0,1,0,0,0,0,0,0,0,0,0,0,0,,0,0,,,,,,,,
795,bfeec85c8f9a6dabae685713b57d9ffbbe3dc185955ba653e2f684321682758c,ransomware,FAILED,HelloKitty,cape,full,0,10.0,Kitty,0,0,,,,0,0,0,0,0,0,,,0,0,0,0,0,10,0,0,0,0,1,0,0,0,0,1,,119,3,2,0,0,1,0,0,0,0,0,0,0,0,0,0,0,,0,0,,,,,,,,
796,39b3c82b1e7e5626e380a53df4ccb52f3002749447cfab362b8ec217189a0fd5,ransomware,NO_VICTIM_ACTIVITY,Hive,cape,full,1,0.3,,0,0,,,,0,0,0,0,0,0,,,0,0,0,0,0,40,0,0,2,0,0,0,0,0,1,0,boost,0,,,0,0,1,0,0,0,0,0,0,0,0,0,0,0,,0,0,,,,,,,,
797,d12c35c8825aad5b09855a89102236774ca847a7559132c4e9d92aaf69772815,ransomware,TRUE_ENCRYPTION,LockBit,cape,full,1,8.0,,109,0,,,,56,109,9,54,17,6,0.08256880733944955,0.4954128440366973,11,26,1,8,17,25,0,0,0,0,0,0,0,0,0,0,,0,,,0,0,1,7,0,0,0,0,0,0,2,14,25,8,0.5,0,0,,,,,,,,
798,3bdc7a7bfb1b2704fedad02debc5a143ef5ce6df4a3b53c50f7f589cc806919c,ransomware,NO_VICTIM_ACTIVITY,Phobos,cape,full,1,1.0,,0,0,,,,1,0,0,0,0,0,,,0,1,0,0,1,101,0,0,8,0,0,0,0,1,2,0,,0,,,0,0,1,0,0,0,0,0,0,0,0,0,0,0,,0,0,,,,,,,,
799,d0d7a8f588693b7cc967fb4069419125625eb7454ba553c0416f35fc95307cbe,ransomware,TRUE_ENCRYPTION,Ryuk,cape,full,1,9.0,Ryuk,2080,19883,0.2750389226358098,7.115943832766106,7.332835986252066,2198,2080,0,2760,3,25,0.0,1.3269230769230769,32,275,62,7,206,72,0,0,5,0,0,0,0,0,2,0,,0,,,0,1,0,21,0,0,6,0,0,0,2,12,0,0,-345.5,12,1,0,0,,0,265.5,8,1,0.626
800,93fe277d54f4baac5762412dda6f831bf6a612f166daade7c23f6b38feac94fb,ransomware,TRUE_ENCRYPTION,Zeppelin,cape,full,1,10.0,Zeppelin,5009,0,,,,3105,5009,5,5000,0,21,0.0009982032341784787,0.9982032341784788,53,364,53,9,302,183,0,0,8,0,3,0,2,1,0,2,,0,,,0,0,1,18,3,2,0,0,0,0,3,3,23,4,-104.0,2,1,0,0,,0,388.6,2,1,0.107
801,6103e26f6f9d5fd895d9c06e1f5e141ce74d8ebda999cda6a58a4393de5ed094,ransomware,TRUE_ENCRYPTION,Babuk,cape,full,1,10.0,Babuk,419,154,0.9549105925285526,4.875591858296623,5.0,518,419,12,219,0,10,0.028639618138424822,0.522673031026253,42,164,31,26,107,80,3,1,6,5,3,4,3,2,0,5,,0,,,0,0,1,9,3,0,0,0,0,0,5,5,32,2,-11.0,2,1,0,0,,0,142.6,1,1,0.0
802,3ed830b0803b63aca0a82661475c863801afd2e2b03c2675b05019d55f25a1f4,ransomware,FAILED,BlackCat,cape,full,1,10.0,BlackCat,0,0,,,,0,0,0,0,0,0,,,0,0,0,0,0,214,2,2,7,5,0,4,5,4,1,4,,0,,,1,0,0,0,0,0,0,0,0,0,0,0,0,0,,0,0,,,,,,,,
803,8b80be99079be38e93c1712b95bc012ac3017ff9eb2a052a2f2dbde7210110b1,ransomware,TRUE_ENCRYPTION,Conti,cape,full,1,9.0,Scarab-Dharma,3071,14171,-0.16939409838435762,5.212324479450698,7.37146504602028,3774,3071,1,4392,0,7,0.00032562683165092806,1.430153044610876,154,487,219,24,244,70,0,0,5,0,0,0,0,0,2,0,,0,,,0,1,0,7,0,0,0,0,0,0,4,6,5,5,4.8,0,0,,,,,,,,
804,243dff06fc80a049f4fb37292f8b8def0fce29768f345c88ee10699e22b0ae60,ransomware,TRUE_ENCRYPTION,DarkSide,cape,full,0,9.0,,126,466,-0.016937189842407198,6.2820507190064925,6.476157391559539,90,126,28,6,5,17,0.2222222222222222,0.047619047619047616,14,60,4,12,44,3,0,0,0,0,0,0,0,0,0,0,,1056,4,4,0,1,0,8,0,0,0,0,0,0,4,12,30,8,-60.7,0,0,,,,,,,,
805,faf379bd44211154301a1a370970a74978e718b80cc117ea5c9d79610b29ba0d,ransomware,FAILED,HelloKitty,cape,static_only,1,10.0,Kitty,,,,,,,,,,,,,,,,,,,119,0,0,6,1,3,0,3,0,2,3,,0,,,,,,,,,,,,,,,,,,,,,,,,,,,
806,99a2b79a4231806d4979aa017ff7e8b804d32bfe9dcc0958d403dfe06bdd0532,ransomware,NO_VICTIM_ACTIVITY,Hive,cape,full,1,0.6,,1,0,,,,8,1,0,0,0,0,0.0,0.0,0,3,0,1,2,40,0,0,2,0,0,0,0,0,1,0,boost,0,,,0,0,1,0,0,0,0,0,0,0,0,0,0,0,,0,0,,,,,,,,
807,05f9891bb4ca2b87b476e3d3f415e329a547d3cb65741b908cd570eb96575767,ransomware,TRUE_ENCRYPTION,LockBit,cape,full,1,9.0,Scarab-Dharma,113,0,,,,416,113,17,335,102,6,0.1504424778761062,2.9646017699115044,25,42,0,10,32,65,0,0,5,0,0,0,0,0,2,0,,25,0,0,0,0,1,7,0,0,0,0,0,0,2,14,25,8,0.6,0,0,,,,,,,,
808,7124f6f197e503f77b3bbb136391b12d79a0e248e697506184aaf19b2df8eb7e,ransomware,TRUE_ENCRYPTION,Phobos,cape,full,1,10.0,Phobos,1640,0,,,,3865,1640,3923,106,6,16,2.3920731707317073,0.06463414634146342,49,526,178,21,327,111,0,0,8,0,3,0,5,1,0,2,,0,,,0,0,1,17,4,2,0,0,0,0,3,3,8,1,-363.4,5,2,0,0,,0,618.8,5,1,0.116
809,5b1f242aee0eabd4dffea0fe5f08aba60abf7c8d1e4f7fc7357af7f20ccd0204,ransomware,FAILED,Ryuk,cape,static_only,0,0.8,,,,,,,,,,,,,,,,,,,,3,0,0,0,0,0,0,0,0,0,0,,0,,,,,,,,,,,,,,,,,,,,,,,,,,,
810,66fc6e71a9c6be1f604c4a2d0650914f67c45d894fd1f76913e463079d47a8af,ransomware,TRUE_ENCRYPTION,Zeppelin,cape,full,1,10.0,Zeppelin,5021,45,-0.03362542757341635,,,3060,5021,4,5000,1,19,0.0007966540529774945,0.9958175662218681,53,358,54,12,292,183,0,0,8,0,3,0,2,1,0,2,,0,,,0,1,0,19,3,2,0,0,0,0,3,3,28,4,-39.9,2,1,0,0,,0,404.8,2,1,0.147
811,a2b5ebfc52a447cde255e1ec1ac8797ad49b156ed427df8c292d6aeb4dad5523,ransomware,TRUE_ENCRYPTION,Babuk,cape,full,1,10.0,Babuk,364,146,0.9485489184772851,4.881162777627043,5.087462841250338,183,364,12,220,0,36,0.03296703296703297,0.6043956043956044,39,128,25,16,87,80,3,1,6,5,3,4,3,2,0,5,,0,,,0,0,1,16,3,0,0,0,0,0,5,8,27,1,-8.2,2,1,1,1,1.2,232,335.3,1,1,0.831
812,3850817e83a1cf4195920110bb2995a0386fdaeacbf81e13f52bdb3d124911f5,ransomware,FAILED,BlackCat,cape,full,1,10.0,BlackCat,0,0,,,,0,0,0,0,0,0,,,0,0,0,0,0,214,2,2,7,5,0,4,5,4,1,4,,0,,,1,0,0,0,0,0,0,0,0,0,0,0,0,0,,0,0,,,,,,,,
813,05bbf1c653825b757ee73b59df45410070a28841819362462162d9547adb3d5a,ransomware,NO_VICTIM_ACTIVITY,Conti,cape,full,0,10.0,Conti,0,0,,,,0,0,0,0,0,163,,,0,163,0,0,163,6,0,0,0,0,0,0,0,0,0,0,,11,0,0,0,0,1,163,13,0,53,0,0,0,0,0,0,0,,96,1,0,,,,,,,
814,17139a10fd226d01738fe9323918614aa913b2a50e1a516e95cced93fa151c61,ransomware,TRUE_ENCRYPTION,DarkSide,cape,full,0,9.0,,132,504,-0.01061179928766467,6.316892528600997,6.476157391559539,99,132,27,9,5,20,0.20454545454545456,0.06818181818181818,16,59,4,11,44,3,0,0,0,0,0,0,0,0,0,0,,1056,4,4,0,1,0,8,0,0,0,0,0,0,4,8,34,8,-59.0,0,0,,,,,,,,
815,bdb19d9eb19343708fbcc36acfaa91699e89d68643c75bf90c6d1e57adaf0d3d,ransomware,TRUE_ENCRYPTION,HelloKitty,cape,full,1,10.0,Kitty,479,320,0.33756349202847885,6.53302151071964,6.7049499298083,602,479,17,162,5,7,0.03549060542797495,0.33820459290187893,28,81,11,15,55,122,3,1,6,1,3,0,1,0,2,4,,0,,,0,0,1,8,0,0,0,0,0,0,4,4,53,16,10.3,0,0,,,,,,,,
816,60bdfecd1de9cc674f4cd5dd42d8cb3ac478df058e1962f0f43885c14d69e816,ransomware,NO_VICTIM_ACTIVITY,Hive,cape,full,1,3.0,,0,0,,,,0,0,0,0,0,0,,,0,0,0,0,0,182,0,0,5,0,0,0,0,1,2,0,boost,0,,,0,0,1,0,0,0,0,0,0,0,0,0,0,0,,0,0,,,,,,,,
817,e173dd358ec750f561ec4eec0c6d75e8709bc32fbe43a5e9a92dd0db96c82b58,ransomware,WEAK_VICTIM_ACTIVITY,LockBit,cape,full,1,9.0,,68,323,0.03620996139384729,6.226244511867826,6.376825800964972,230,68,4,0,0,8,0.058823529411764705,0.0,4,33,1,2,30,155,0,0,8,0,0,0,0,1,2,0,,0,,,0,1,0,10,0,0,0,0,0,0,2,2,18,0,-23.6,0,0,,,,,,,,
818,790b64a5860a5069fedcb660efdffce2b5ab2195086100a6079697b662f0c198,ransomware,TRUE_ENCRYPTION,Phobos,cape,full,0,10.0,Phobos,805,544,-0.02121137645488718,5.402046042893594,7.294264490232819,2427,805,3111,1408,6,19,3.8645962732919257,1.7490683229813664,97,384,72,18,294,1,0,0,0,0,0,0,0,0,0,0,,1882,2,2,0,1,0,15,4,2,0,0,0,0,6,6,14,0,-321.9,2,1,0,0,,0,600.0,2,1,0.157
819,92f124ea5217f3fe5cbab1c37a961df0437d5a9cbde1af268c60c4b3194b80ed,ransomware,FAILED,Ryuk,cape,full,0,6.0,,0,0,,,,1,0,0,0,0,0,,,0,1,0,0,1,3,0,0,0,0,0,0,0,0,0,0,,0,,,0,0,1,0,0,0,0,0,0,0,0,0,0,0,,0,0,,,,,,,,
820,7d809e8c9b98c16647bbfac49854c28ecc3fe6d4345410deeaa79445cc50cf51,ransomware,NO_VICTIM_ACTIVITY,Zeppelin,cape,full,1,10.0,Zeppelin,13,17,1.0000000000000002,,,0,13,1,0,0,0,0.07692307692307693,0.0,1,2,0,1,1,238,0,0,3,0,0,0,0,0,2,0,,366,2,2,0,1,0,0,0,0,0,0,0,0,0,0,4,0,,0,0,,,,,,,,
821,b4be6b8acda97f36c448365751d5c9a9e1b91f47cedfde79e1de258413c3de71,ransomware,TRUE_ENCRYPTION,Babuk,cape,full,1,10.0,Babuk,314,93,0.9256718909443549,4.876071302664401,5.028639311838573,451,314,11,172,0,18,0.03503184713375796,0.5477707006369427,37,159,14,20,125,80,3,1,6,5,3,4,3,2,0,5,,0,,,0,0,1,17,3,0,0,0,0,0,5,6,29,1,-5.5,2,1,1,1,0.7,183,127.7,0,1,
822,3b18241ac1018db1c2fb5c9e8306490bcafb373c852f1c5ebae65c672632a620,ransomware,FAILED,BlackCat,cape,full,1,10.0,BlackCat,0,0,,,,0,0,0,0,0,0,,,0,0,0,0,0,214,2,2,7,5,0,4,5,4,1,4,,0,,,1,0,0,0,0,0,0,0,0,0,0,0,0,0,,0,0,,,,,,,,
823,a136190624eaf67e798d4463dc19411006385efc50ab51ccd93a2fbcd8e7d72a,ransomware,FAILED,Conti,cape,static_only,0,0.3,,,,,,,,,,,,,,,,,,,,0,0,0,0,0,0,0,0,0,0,0,,0,,,,,,,,,,,,,,,,,,,,,,,,,,,
824,1667e1635736f2b2ba9727457f995a67201ddcd818496c9296713ffa18e17a43,ransomware,FAILED,DarkSide,cape,static_only,0,10.0,DarksideV1,,,,,,,,,,,,,,,,,,,4,0,0,0,0,0,0,0,0,0,0,,0,,,,,,,,,,,,,,,,,,,,,,,,,,,
825,02a08b994265901a649f1bcf6772bc06df2eb51eb09906af9fd0f4a8103e9851,ransomware,TRUE_ENCRYPTION,HelloKitty,cape,full,1,10.0,Kitty,419,336,0.26354581044125425,6.53363195564415,6.71875,506,419,14,114,0,35,0.03341288782816229,0.2720763723150358,28,80,13,6,61,122,3,1,6,1,3,0,1,0,2,4,,0,,,0,0,1,14,0,0,0,0,0,0,5,7,17,5,12.0,0,0,,,,,,,,
826,d32e87c4b81738b45db582db8293293096637f5d50af7dd5d9a0162a0747498a,ransomware,NO_VICTIM_ACTIVITY,Hive,cape,full,0,8.0,,0,0,,,,0,0,1,0,0,0,,,1,1,0,0,1,4,0,0,0,0,0,0,0,0,0,0,,24,0,0,0,0,1,0,0,0,0,0,0,0,0,0,0,0,,0,0,,,,,,,,
827,3c13ae9a53b29849fd3bb75d3259a23658cd687441f8bdd610487007c51d2eac,ransomware,TRUE_ENCRYPTION,LockBit,cape,full,1,9.0,Scarab-Dharma,103,0,,,,436,103,15,320,74,7,0.14563106796116504,3.1067961165048543,25,41,1,10,30,25,0,0,0,0,0,0,0,0,0,0,,0,,,0,0,1,8,0,0,0,0,0,0,2,14,43,11,-1.0,0,0,,,,,,,,
828,fa620f37539b2c7e53d4c06de1b680d0eab5c3a5280b89d1700e014bfd320519,ransomware,TRUE_ENCRYPTION,Phobos,cape,full,0,10.0,Phobos,1215,252,-0.016576193335281587,5.288741745806854,7.255592089725436,2898,1215,3047,1381,6,15,2.5078189300411524,1.1366255144032922,95,365,79,21,265,1,0,0,0,0,0,0,0,0,0,0,,1881,2,2,0,1,0,14,4,2,0,0,0,0,4,4,12,1,-301.9,5,2,0,0,,0,594.8,5,1,0.136
829,e8a0e80dfc520bf7e76c33a90ed6d286e8729e9defe6bb7da2f38bc2db33f399,ransomware,FAILED,Ryuk,cape,static_only,0,0.3,,,,,,,,,,,,,,,,,,,,0,0,0,0,0,0,0,0,0,0,0,,0,,,,,,,,,,,,,,,,,,,,,,,,,,,
830,39016358b939b83cf9997c447458ae2d13186c3f66e66784c9e8ff4031b60c7e,ransomware,TRUE_ENCRYPTION,Zeppelin,cape,full,0,10.0,Zeppelin,5190,43,-0.040171120406944746,,,1509,5190,5,380,1,16,0.0009633911368015414,0.07321772639691715,48,541,336,157,48,12,0,0,0,0,1,0,0,0,0,1,,189,2,1,0,1,0,18,4,2,0,0,0,0,3,3,17,0,-14.6,2,1,0,0,,0,625.5,2,1,0.121
831,678bfbf5d73d6cf38532e11b11dbed17668d94711e2e2ea27311dd46490201b7,ransomware,TRUE_ENCRYPTION,Babuk,cape,full,1,10.0,Babuk,365,125,0.7884463475898499,4.881326383637953,5.0,203,365,22,194,5,14,0.06027397260273973,0.5315068493150685,36,138,29,20,89,80,3,1,6,5,3,4,3,2,0,5,,0,,,0,0,1,13,3,0,0,0,0,0,4,4,52,9,-7.8,2,1,1,1,0.8,216,343.8,1,1,0.557
832,9fb1067dd3edf3d517517e9c191f3f07067bf30aa034a36ebf6543d83cea5ec1,ransomware,FAILED,BlackCat,cape,full,1,10.0,BlackCat,0,0,,,,0,0,0,0,0,0,,,0,0,0,0,0,214,2,2,7,5,0,4,5,4,1,4,,0,,,1,0,0,0,0,0,0,0,0,0,0,0,0,0,,0,0,,,,,,,,
833,460877f22626abf2f3e95a1951d67bba7ab83a78603ced8d174b8d744d0f0359,ransomware,FAILED,Conti,cape,static_only,0,0.3,,,,,,,,,,,,,,,,,,,,0,0,0,0,0,0,0,0,0,0,0,,0,,,,,,,,,,,,,,,,,,,,,,,,,,,
834,47eccaaa672667a9cea23e24fd702f7b3a45cbf8585403586be474585fd80243,ransomware,NO_VICTIM_ACTIVITY,DarkSide,cape,full,1,2.3,,0,0,,,,1,0,0,0,0,0,,,0,1,0,0,1,106,0,0,9,1,0,0,2,1,0,2,,0,,,0,0,1,0,0,0,0,0,0,0,0,0,0,0,,0,0,,,,,,,,
835,dc007e71085297883ca68a919e37687427b7e6db0c24ca014c148f226d8dd98f,ransomware,FAILED,HelloKitty,cape,full,1,1.0,,0,0,,,,0,0,0,0,0,0,,,0,0,0,0,0,79,3,1,4,0,0,0,0,0,2,1,,0,,,1,0,0,0,0,0,0,0,0,0,0,0,0,0,,0,0,,,,,,,,
836,68d860e3612d07a3976768c1365f797647ce95aa85ef42d7de7836cb071ee9c5,ransomware,NO_VICTIM_ACTIVITY,Hive,cape,full,1,9.0,,66,108,-0.003509748244147294,3.0399044831678275,6.601558720486873,487,66,10,4,5,12,0.15151515151515152,0.06060606060606061,5,96,2,12,82,39,0,0,2,0,0,0,0,0,1,0,boost,24,0,0,0,1,0,13,0,0,0,0,0,0,4,4,97,137,-81.1,0,0,,,,,,,,
837,0fb86a8ba8fdf57990c283080a671c1320cbcdfd0e8b5f5a250d9c38a6fce305,ransomware,TRUE_ENCRYPTION,LockBit,cape,full,1,9.0,Scarab-Dharma,102,0,,,,411,102,16,326,97,7,0.1568627450980392,3.196078431372549,25,42,2,8,32,24,0,0,0,0,0,0,0,0,0,0,,0,,,0,0,1,8,0,0,0,0,0,0,2,14,43,11,-1.0,0,0,,,,,,,,
838,681f180735ec833997bea4eb26c58f9c2e39980cd0a351e0b5cd99c502b33ae8,ransomware,TRUE_ENCRYPTION,Phobos,cape,full,0,10.0,Phobos,1294,378,-0.022128778208292288,5.314401780640934,7.276641815606674,3139,1294,3356,1347,12,24,2.5935085007727974,1.0409582689335395,96,374,86,35,253,1,0,0,0,0,0,0,0,0,0,0,,2504,2,2,0,1,0,13,4,2,0,0,0,0,2,2,3,0,-583.8,3,1,1,1,46.0,4703,496.4,2,1,0.219
839,cfe1678a7f2b949966d9a020faafb46662584f8a6ac4b72583a21fa858f2a2e8,ransomware,FAILED,Ryuk,cape,static_only,0,0.3,,,,,,,,,,,,,,,,,,,,0,0,0,0,0,0,0,0,0,0,0,,0,,,,,,,,,,,,,,,,,,,,,,,,,,,
840,4e0d1edb76747fd945b87dd18299298f0df719edbea946119d91db59a9b6527a,ransomware,NO_VICTIM_ACTIVITY,Zeppelin,cape,full,1,10.0,Zeppelin,148,18,0.04067892289498601,4.0,4.0,335,148,12,3,6,25,0.08108108108108109,0.02027027027027027,5,71,1,18,52,590,0,0,6,1,0,0,2,1,1,2,,201,2,0,0,1,0,27,0,0,0,1,0,0,2,2,40,8,-11.5,2,1,0,0,,0,317.1,2,1,0.273
841,c4282e9040cdc1df92b722568a8b4c42ce9f6533fed0bd34b7fdbae264947784,ransomware,TRUE_ENCRYPTION,Babuk,cape,full,1,10.0,Babuk,356,99,0.8169492464088617,4.90300584188164,5.087462841250338,174,356,21,171,5,15,0.05898876404494382,0.4803370786516854,39,126,15,23,88,80,3,1,6,5,3,4,3,2,0,5,,0,,,0,0,1,15,3,0,0,0,0,0,4,4,51,10,-5.8,2,1,1,1,3.4,192,416.2,1,1,0.455
842,e69a13add1245bc1b7b6337e64eee9b53395b9574f2b85d32f891680c7165ff5,ransomware,FAILED,BlackCat,cape,full,1,10.0,BlackCat,0,0,,,,0,0,0,0,0,0,,,0,0,0,0,0,214,2,2,7,5,0,4,5,4,1,4,,0,,,1,0,0,0,0,0,0,0,0,0,0,0,0,0,,0,0,,,,,,,,
843,702099b63cb2384e11f088d6bc33afbd43a4c91848f393581242a6a17f1b30a0,ransomware,TRUE_ENCRYPTION,Conti,cape,full,1,10.0,Conti,3194,15545,0.2593353008295399,5.713687773346628,7.396511408372661,3228,3194,1,3542,0,23,0.00031308703819661864,1.1089542892924233,158,303,104,17,182,67,0,0,5,0,0,0,0,0,2,0,,0,,,0,1,0,10,0,0,0,0,0,0,5,11,18,8,4.3,0,0,,,,,,,,
844,533d26fdacdcaf1b908458c39bb503e5aa94025811c6b6d1f3c8a9142ade8404,ransomware,FAILED,DarkSide,cape,static_only,0,1.3,,,,,,,,,,,,,,,,,,,,5,0,0,0,0,0,0,0,0,0,0,,0,,,,,,,,,,,,,,,,,,,,,,,,,,,
845,02c6a36c893f52fd57de1b0b53a2fcd0569d4a64a96578382efa6c6f9dd28513,ransomware,FAILED,HelloKitty,cape,full,1,1.0,,0,0,,,,0,0,0,0,0,0,,,0,0,0,0,0,79,3,1,4,0,0,0,0,0,2,1,,0,,,1,0,0,0,0,0,0,0,0,0,0,0,0,0,,0,0,,,,,,,,
846,bd769bcddca63924dc3ac02395a037bf1bd88ab3bcef62331cbfbd086b52813b,ransomware,NO_VICTIM_ACTIVITY,Hive,cape,full,1,9.0,,15,253,-0.0154582695378189,3.180158168396007,6.966171795273742,787,15,2,1,0,10,0.13333333333333333,0.06666666666666667,3,87,0,9,78,40,0,0,2,0,0,0,0,0,1,0,boost,0,,,0,1,0,12,0,0,0,0,0,0,3,3,220,7,-79.7,0,0,,,,,,,,
847,f28599b06560617bccdfb56acc841f3e642ff51b9956632fcc4204f026711e23,ransomware,TRUE_ENCRYPTION,LockBit,cape,full,1,8.0,,44,0,,,,29,44,2,55,10,7,0.045454545454545456,1.25,10,18,0,3,15,24,0,0,0,0,0,0,0,0,0,0,,0,,,0,0,1,8,0,0,0,0,0,0,2,14,20,3,-1.2,0,0,,,,,,,,
848,9f40b69060a52731107baec84a0c0f8a1bfc1a62e8471b9cd69509aade9cb7f1,ransomware,TRUE_ENCRYPTION,Phobos,cape,full,0,10.0,Phobos,1365,538,-0.02640973069266359,5.3726706971709755,7.281854908505691,2284,1365,2950,1425,6,18,2.161172161172161,1.043956043956044,96,383,87,18,278,1,0,0,0,0,0,0,0,0,0,0,,2107,2,2,0,1,0,15,4,2,0,0,0,0,4,4,6,1,-291.0,5,2,0,0,,0,613.2,5,1,0.141
849,bbbf38de4f40754f235441a8e6a4c8bdb9365dab7f5cfcdac77dbb4d6236360b,ransomware,FAILED,Ryuk,cape,static_only,1,0.3,,,,,,,,,,,,,,,,,,,,72,0,0,5,0,0,0,0,0,2,0,,0,,,,,,,,,,,,,,,,,,,,,,,,,,,
850,15e3107a2c30da16832db6f9cdadd38c7a202d72b6a43899b9642d3b695d6f50,ransomware,NO_VICTIM_ACTIVITY,Zeppelin,cape,full,1,10.0,Zeppelin,22,38,0.33988340875785505,,,1,22,471,1,1,8,21.40909090909091,0.045454545454545456,3,476,1,4,471,99,0,0,2,0,0,0,0,0,2,0,,183,2,2,0,1,0,9,0,0,0,0,0,0,2,2,26,3,-106.4,0,0,,,,,,,,
851,ed0f154481261e9a08dcc4f7e4d396bce75526811216106daa70d4148c660d76,ransomware,NO_VICTIM_ACTIVITY,Babuk,cape,full,1,10.0,Babuk,0,1,,,,0,0,0,0,0,132,,,0,132,0,0,132,75,3,1,6,5,3,4,3,0,0,5,,0,,,0,0,1,127,1,0,44,0,0,0,0,1,0,0,,85,1,0,,,,,,,
852,d3fd49f8f42fa571209af568a65119433e114bb66da21eda12b96a16b5ebfe21,ransomware,FAILED,BlackCat,cape,full,1,10.0,BlackCat,0,0,,,,0,0,0,0,0,0,,,0,0,0,0,0,214,2,2,7,5,0,4,5,4,1,4,,0,,,1,0,0,0,0,0,0,0,0,0,0,0,0,0,,0,0,,,,,,,,
853,b14cde376a8a7a9d7ad34cdfd07108c132ad8be7f60c5c0a0f17b6b63eb28b49,ransomware,NO_VICTIM_ACTIVITY,Conti,cape,full,1,10.0,ARCrypt,9411,0,,,,39,9411,1,1,0,25,0.00010625863351397301,0.00010625863351397301,1,443,0,418,25,147,3,1,9,0,0,0,5,0,2,2,cryptopp,0,,,1,0,0,20,0,0,0,0,0,0,2,3,16,3,-15.1,3,2,3,1,406.1,2,0.0,0,1,
854,f42bcc81c05e8944649958f8b9296c5523d1eb8ab00842d66530702e476561ef,ransomware,TRUE_ENCRYPTION,DarkSide,cape,full,0,9.0,,378,481,-0.032537373108232515,6.283008043066679,6.476157391559539,294,378,26,95,5,17,0.06878306878306878,0.25132275132275134,24,80,28,12,40,10,0,0,0,0,0,0,0,0,0,0,,1056,4,4,0,1,0,8,0,0,0,0,0,0,5,9,25,8,-19.0,0,0,,,,,,,,
855,947e357bfdfe411be6c97af6559fd1cdc5c9d6f5cea122bf174d124ee03d2de8,ransomware,FAILED,HelloKitty,cape,full,1,1.0,,0,0,,,,0,0,0,0,0,0,,,0,0,0,0,0,79,3,1,4,0,0,0,0,0,2,1,,0,,,1,0,0,0,0,0,0,0,0,0,0,0,0,0,,0,0,,,,,,,,
856,709e93ce10a89fb1195616827db305ecd3d3e7bb986e54167917c864bddaa6b5,ransomware,FAILED,Hive,cape,full,1,1.8,,0,0,,,,0,0,0,0,0,0,,,0,0,0,0,0,39,0,0,2,0,0,0,0,0,1,0,boost,0,,,0,0,1,0,0,0,0,0,0,0,0,0,0,0,,0,0,,,,,,,,
857,7de7ce42cde20847749fa5bc4048cf5cacec8c2bf49169d7d262ea38630640ea,ransomware,TRUE_ENCRYPTION,LockBit,cape,full,1,9.0,Scarab-Dharma,349,2,-0.006452129687366253,2.0,2.0,382,349,18,590,67,1,0.05157593123209169,1.6905444126074498,25,68,0,31,37,20,0,0,0,0,0,0,0,0,0,0,,0,,,0,1,0,1,0,0,0,0,0,0,0,14,2314,0,-1.0,0,0,,,,,,,,
858,d7cb8a2d60e1818d0638a4c38cd6fae475dc83ab7b2bde9827ecc4e4a7ce6ed7,ransomware,TRUE_ENCRYPTION,Phobos,cape,full,0,10.0,Phobos,1413,252,-0.01635924630541549,5.309386911633297,7.240458093706189,2574,1413,3165,1422,6,17,2.239915074309979,1.0063694267515924,96,377,85,25,267,1,0,0,0,0,0,0,0,0,0,0,,2305,2,2,0,1,0,14,4,2,0,0,0,0,4,4,6,1,-330.4,5,2,0,0,,0,609.4,5,1,0.116
859,d5d744e0f7984ec01593da35f26bf24e95e4b1cc8bd1c0ff4f31de5dbf94e38f,ransomware,TRUE_ENCRYPTION,Ryuk,cape,full,1,9.0,Ryuk,2087,19919,0.24910397819966115,7.115022585439893,7.34528331151577,2459,2087,0,2670,3,24,0.0,1.2793483469094393,40,307,65,24,218,72,0,0,5,0,0,0,0,0,2,0,,0,,,0,1,0,18,0,0,5,0,0,0,2,12,0,0,-252.4,12,1,0,0,,0,487.4,12,1,0.22
860,bb31f235e86b0fda185e6580ef5327f80d6a6c754f78499e8647de5e229769cc,ransomware,TRUE_ENCRYPTION,Babuk,cape,full,1,10.0,Babuk,347,135,0.9561742399304166,4.8845906095261515,5.087462841250338,223,347,10,204,0,8,0.02881844380403458,0.5878962536023055,41,121,17,13,91,80,3,1,6,5,3,4,3,2,0,5,,0,,,0,0,1,7,3,0,0,0,0,0,4,4,28,1,3.0,2,1,1,1,1.1,214,130.9,0,1,
861,7bb383b31d1b415bc067e612203cc6bda53e914f7ca5291299e92f59d47cabf8,ransomware,FAILED,BlackCat,cape,full,1,10.0,BlackCat,0,0,,,,0,0,0,0,0,0,,,0,0,0,0,0,214,2,2,7,5,0,4,5,4,1,4,,0,,,1,0,0,0,0,0,0,0,0,0,0,0,0,0,,0,0,,,,,,,,
862,39b74b2fb057e8c78a2ba6639cf3d58ae91685e6ac13b57b70d2afb158cf742d,ransomware,NO_VICTIM_ACTIVITY,Conti,cape,full,1,10.0,ARCrypt,9043,0,,,,29,9043,1,1,0,20,0.00011058277120424638,0.00011058277120424638,1,546,0,524,22,147,3,1,9,0,0,0,5,0,2,2,cryptopp,0,,,1,0,0,19,0,0,0,0,0,0,2,3,16,3,-16.9,3,2,3,1,393.4,2,0.0,0,1,
863,e0c0cbc50a9ed4d01a176497c8dba913cbbba515ea701a67ef00dcb7c8a84368,ransomware,TRUE_ENCRYPTION,DarkSide,cape,full,0,10.0,DarksideV1,372,483,-0.025003490403925913,6.284865820450802,6.476157391559539,313,372,20,116,0,21,0.053763440860215055,0.3118279569892473,25,95,48,11,36,4,0,0,0,0,0,0,0,0,0,0,,1056,4,4,0,1,0,9,0,0,0,0,0,0,5,8,2,0,-53.9,0,0,,,,,,,,
864,f1b331ce095f866190320d808a3be8176209ad0f8a9422d6d711431b3a87aacc,ransomware,FAILED,HelloKitty,cape,static_only,1,10.0,Kitty,,,,,,,,,,,,,,,,,,,122,3,1,6,1,3,0,1,0,2,4,,0,,,,,,,,,,,,,,,,,,,,,,,,,,,
865,da653c075ddd322d4cf1e285a47cb91ddb0b6de06dfbc252eec57ea9bb50cb48,ransomware,NO_VICTIM_ACTIVITY,Hive,cape,full,1,3.0,,0,0,,,,0,0,0,0,0,0,,,0,0,0,0,0,77,0,0,2,0,0,0,0,0,1,0,boost,0,,,0,0,1,0,0,0,0,0,0,0,0,0,0,0,,0,0,,,,,,,,
866,311edf744c2e90d7bfc550c893478f43d1d7977694d5dcecf219795f3eb99b86,ransomware,TRUE_ENCRYPTION,LockBit,cape,full,1,9.0,Scarab-Dharma,422,0,,,,373,422,16,344,5,7,0.037914691943127965,0.8151658767772512,25,40,18,9,13,25,0,0,0,0,0,0,0,0,0,0,,0,,,0,0,1,8,0,0,0,0,0,0,2,14,43,11,-1.1,0,0,,,,,,,,
867,d4cb20dba15d88c38c35be69fe04538b4f9bb0a12edb51ff23c0171b584edf08,ransomware,TRUE_ENCRYPTION,Phobos,cape,full,0,10.0,Phobos,1237,596,-0.02416806505642771,5.395988810404906,7.266353369030762,2082,1237,2969,1434,6,20,2.40016168148747,1.1592562651576395,96,380,89,23,268,1,0,0,0,0,0,0,0,0,0,0,,2306,2,2,0,1,0,15,4,2,0,0,0,0,5,5,6,1,-306.6,5,2,0,0,,0,596.2,5,1,0.113
868,3ee706f07d13cb9e617eac2b4442479634ab48f11005568c739c6dcab75052a4,ransomware,TRUE_ENCRYPTION,Ryuk,cape,full,1,9.0,Ryuk,2483,19748,0.2348313437320606,7.116973879137623,7.36894970694674,2691,2483,0,2907,3,21,0.0,1.170761175996778,43,336,81,35,220,121,0,0,0,0,0,0,0,0,1,0,,93,1,1,0,1,0,19,0,0,6,0,0,0,2,15,0,0,-250.2,12,1,0,0,,0,394.6,12,1,0.29
869,18e299d4331ccff805275b21f33be0a3bd3d1d9ce72a79ba78d2f32dd657bfbb,ransomware,TRUE_ENCRYPTION,Babuk,cape,full,1,10.0,Babuk,342,96,0.696861795345274,4.8841358343625645,5.028639311838574,347,342,17,171,5,12,0.049707602339181284,0.5,40,153,18,37,98,80,3,1,6,5,3,4,3,2,0,5,,0,,,0,0,1,11,3,0,0,0,0,0,5,5,61,10,-6.3,2,1,1,1,1.6,188,424.1,1,1,0.418
870,f2b3f1ed693021b20f456a058b86b08abfc4876c7a3ae18aea6e95567fd55b2e,ransomware,FAILED,BlackCat,cape,full,1,10.0,BlackCat,0,0,,,,0,0,0,0,0,0,,,0,0,0,0,0,214,2,2,7,5,0,4,5,4,1,4,,0,,,1,0,0,0,0,0,0,0,0,0,0,0,0,0,,0,0,,,,,,,,
871,d6386b2747335f7b0d13b1f69d995944ad8e9b71e09b036dbc0b907e583d857a,ransomware,TRUE_ENCRYPTION,Conti,cape,full,0,10.0,Conti,501,133,0.9123593320844073,5.267436937814549,5.480083695187445,184,501,8,129,0,5,0.015968063872255488,0.25748502994011974,23,67,27,5,35,0,0,0,0,0,0,0,0,0,0,0,,0,,,,,,4,0,0,0,0,0,0,2,2,18,0,-6.3,0,0,,,,,,,,
872,6d656f110246990d10fe0b0132704b1323859d4003f2b1d5d03f665c710b8fd3,ransomware,FAILED,DarkSide,cape,full,0,2.3,,0,0,,,,0,0,0,0,0,0,,,0,0,0,0,0,4,0,0,0,0,0,0,0,0,0,0,,0,,,0,0,1,0,0,0,0,0,0,0,0,0,0,0,,0,0,,,,,,,,
873,c2498845ed4b287fd0f95528926c8ee620ef0cbb5b27865b2007d6379ffe4323,ransomware,TRUE_ENCRYPTION,HelloKitty,cape,full,1,10.0,Kitty,499,312,0.6918127224182004,6.52106444483906,6.785791755319506,504,499,20,162,5,7,0.04008016032064128,0.3246492985971944,29,79,14,13,52,122,3,1,6,1,3,0,1,0,2,4,,0,,,0,0,1,8,0,0,0,0,0,0,4,4,38,16,10.7,0,0,,,,,,,,
874,87e3af6eb3bd9f6966c598106e3febb59a5a0d1fd94238aa465fb0c31729e3c3,ransomware,NO_VICTIM_ACTIVITY,Hive,cape,full,1,1.8,,0,0,,,,0,0,0,0,0,0,,,0,0,0,0,0,39,0,0,2,0,0,0,0,0,1,0,boost,0,,,0,0,1,0,0,0,0,0,0,0,0,0,0,0,,0,0,,,,,,,,
875,03db266db5b96223ef42206d57e30fa58c59e70b1d14c017422f097af1560ad1,ransomware,TRUE_ENCRYPTION,LockBit,cape,full,1,9.0,Scarab-Dharma,98,0,,,,3466,98,25,1904,185,7,0.25510204081632654,19.428571428571427,50,129,2,8,119,25,0,0,0,0,0,0,0,0,0,0,,0,,,0,0,1,8,0,0,0,0,0,0,2,14,45,16,-1.8,0,0,,,,,,,,
876,aedbddbf7494baaaf759a720d9cd17540d3c171b9cc52a02e0ef9a592bd9cd63,ransomware,TRUE_ENCRYPTION,Phobos,cape,full,0,10.0,Phobos,1544,600,-0.030739752069878244,5.376599693244844,7.295845763057773,2867,1544,2961,1428,5,18,1.9177461139896372,0.9248704663212435,99,386,100,20,266,1,0,0,0,0,0,0,0,0,0,0,,2428,2,2,0,1,0,14,4,2,0,0,0,0,4,4,3,0,-330.8,2,1,0,0,,0,608.3,2,1,0.162
877,0cf36731f5b8651d53fc651607c3fccac24b631c08dca4493d8e07d2fbff1db3,ransomware,NO_VICTIM_ACTIVITY,Ryuk,cape,full,1,10.0,Ryuk,1076,0,,,,66,1076,1,0,0,63,0.0009293680297397769,0.0,1,120,0,61,59,96,0,0,6,0,0,0,5,2,2,1,,96,1,0,0,0,1,18,0,0,8,0,0,0,4,28,18,0,-11.9,29,1,0,0,,0,0.0,0,0,
878,f1719415abe4dcba0daef0a1e5c8994d1d3c0c659d3e0a11b34f307370dd8683,ransomware,TRUE_ENCRYPTION,Babuk,cape,full,1,10.0,Babuk,426,160,0.938685752646738,4.886364638900716,5.028639311838573,435,426,13,228,0,10,0.03051643192488263,0.5352112676056338,40,159,32,16,111,80,3,1,6,5,3,4,3,2,0,5,,0,,,0,0,1,8,3,0,0,0,0,0,6,7,28,2,-6.6,2,1,1,1,0.7,241,134.2,0,1,
879,bacedbb23254934b736a9daf6de52620c9250a49686d519ceaf0a8d25da0a97f,ransomware,FAILED,BlackCat,cape,full,1,10.0,BlackCat,0,0,,,,0,0,0,0,0,0,,,0,0,0,0,0,214,2,2,7,5,0,4,5,4,1,4,,0,,,1,0,0,0,0,0,0,0,0,0,0,0,0,0,,0,0,,,,,,,,
880,b39fcf37d9019cc92127ee82c03df5e37aa8238cd76cc6eca2e3d1e7e977fc26,ransomware,FAILED,Conti,cape,static_only,0,10.0,Conti,,,,,,,,,,,,,,,,,,,0,0,0,0,0,0,0,0,0,0,0,,0,,,,,,,,,,,,,,,,,,,,,,,,,,,
881,9cee5522a7ca2bfca7cd3d9daba23e9a30deb6205f56c12045839075f7627297,ransomware,TRUE_ENCRYPTION,DarkSide,cape,full,0,10.0,DarksideV1,161,465,-0.01065374136244908,6.281073656305889,6.476157391559539,106,161,28,11,5,18,0.17391304347826086,0.06832298136645963,17,65,7,15,43,4,0,0,0,0,0,0,0,0,0,0,,1060,4,4,0,1,0,7,0,0,0,0,0,0,4,8,23,8,-51.8,0,0,,,,,,,,
882,78afe88dbfa9f7794037432db3975fa057eae3e4dc0f39bf19f2f04fa6e5c07c,ransomware,TRUE_ENCRYPTION,HelloKitty,cape,full,1,10.0,Kitty,286,214,0.8006180657676539,6.563487624969433,6.716554490054041,331,286,17,110,5,6,0.05944055944055944,0.38461538461538464,23,71,10,11,50,122,3,1,6,1,3,0,1,0,2,4,,0,,,0,0,1,7,0,0,0,0,0,0,4,4,38,13,11.0,0,0,,,,,,,,
883,1c4dbb8e28d0d219785c45408548ce15cd92c032f2a20f5f5c32e1d12eb50509,ransomware,FAILED,Hive,cape,full,1,0.5,,83,0,,,,0,83,0,0,0,0,0.0,0.0,0,2,0,2,0,39,0,0,2,0,0,0,0,0,1,0,boost,0,,,0,0,1,0,0,0,0,0,0,0,0,0,0,0,,0,0,,,,,,,,
884,cd727c8fc0303b9a77641cc43061fa6ae9de3a0af40fd525c4a745c1dcdd5965,ransomware,TRUE_ENCRYPTION,LockBit,cape,full,1,9.0,,80,0,,,,95,80,12,101,18,7,0.15,1.2625,17,30,2,8,20,25,0,0,0,0,0,0,0,0,0,0,,0,,,0,0,1,9,0,0,0,0,0,0,2,14,25,8,0.8,0,0,,,,,,,,
885,698b2a9cf9ce16f1cb5cff4576e902888cb14db7414b8e6ac4eb728f8c87d209,ransomware,TRUE_ENCRYPTION,Phobos,cape,full,0,10.0,Phobos,833,252,-0.023401620271328673,5.286915051408831,7.29863720694674,1889,833,2998,1436,6,19,3.5990396158463387,1.7238895558223288,97,389,84,29,276,1,0,0,0,0,0,0,0,0,0,0,,2106,2,2,0,1,0,15,4,2,0,0,0,0,4,4,6,1,-315.1,5,2,0,0,,0,620.7,5,1,0.135
886,a671d564c50b3056b915bdc6b063b781989b42e01a3743a1cb82849414fed0f8,ransomware,TRUE_ENCRYPTION,Ryuk,cape,full,1,10.0,Ryuk,1237,196,0.12698433227613523,7.095806834140618,7.279677370087715,405,1237,4,71,0,69,0.0032336297493936943,0.05739692805173808,16,312,13,88,211,98,0,0,6,0,0,0,5,2,2,1,,98,1,0,0,1,0,25,0,0,6,0,0,0,2,20,6,0,-20.5,26,1,0,0,,0,681.9,26,1,0.022
887,2138c8a34a1eff40ba3fc81b6e3b7564c6b695b140e82f3fcf23b2ec2bf291cf,ransomware,TRUE_ENCRYPTION,Babuk,cape,full,1,10.0,Babuk,406,105,0.810148805426114,4.888330884091561,5.028639311838573,492,406,17,188,5,12,0.04187192118226601,0.4630541871921182,38,172,22,41,109,80,3,1,6,5,3,4,3,2,0,5,,0,,,0,0,1,12,3,0,0,0,0,0,5,6,65,12,-6.9,2,1,1,1,2.0,205,491.1,1,1,0.44
888,6660d0e87a142ab1bde4521d9c6f5e148490b05a57c71122e28280b35452e896,ransomware,FAILED,BlackCat,cape,full,1,10.0,BlackCat,0,0,,,,0,0,0,0,0,0,,,0,0,0,0,0,214,2,2,7,5,0,4,5,4,1,4,,0,,,1,0,0,0,0,0,0,0,0,0,0,0,0,0,,0,0,,,,,,,,
889,e75717be1633b5e3602827dc3b5788ff691dd325b0eddd2d0d9ddcee29de364f,ransomware,TRUE_ENCRYPTION,Conti,cape,full,0,10.0,Conti,501,121,0.9248279432938945,5.274795208961352,5.5235619560570095,200,501,17,119,5,8,0.033932135728542916,0.2375249500998004,25,101,30,19,52,0,0,0,0,0,0,0,0,0,0,0,,0,,,,,,8,0,0,0,0,0,0,2,2,52,11,-80.7,0,0,,,,,,,,
890,afb22b1ff281c085b60052831ead0a0ed300fac0160f87851dacc67d4e158178,ransomware,TRUE_ENCRYPTION,DarkSide,cape,full,0,9.0,,150,510,-0.01479290805920605,6.289286845795791,6.476157391559539,119,150,27,15,5,20,0.18,0.1,17,62,7,14,41,3,0,0,0,0,0,0,0,0,0,0,,1056,4,4,0,1,0,8,0,0,0,0,0,0,4,8,34,8,-59.5,0,0,,,,,,,,
891,fa722d0667418d68c4935e1461010a8f730f02fa1f595ee68bd0768fd5d1f8bb,ransomware,NO_VICTIM_ACTIVITY,HelloKitty,cape,full,1,10.0,Kitty,2,0,,,,0,2,1,1,0,151,0.5,0.5,1,147,0,2,145,119,0,0,6,1,3,0,3,0,2,3,,0,,,0,0,1,220,0,0,55,50,0,0,2,3,2,0,553.0,139,2,139,1,622.3,2,0.0,0,1,
892,841e619a0e57780663987feaaac1e623160cd534aa263c563423edcb91cafcc6,ransomware,FAILED,Hive,cape,full,1,0.3,,0,0,,,,0,0,0,0,0,0,,,0,0,0,0,0,39,0,0,2,0,0,0,0,0,1,0,boost,0,,,0,0,1,0,0,0,0,0,0,0,0,0,0,0,,0,0,,,,,,,,
893,58260a6687486e39dc46461270b391280b7d59997d84b6639230d95e3bdfca23,ransomware,FAILED,LockBit,cape,full,1,2.2,,0,0,,,,0,0,0,0,0,0,,,0,0,0,0,0,25,0,0,0,0,0,0,0,0,0,0,,0,,,0,0,1,0,0,0,0,0,0,0,0,0,0,0,,0,0,,,,,,,,
894,78732997a6c9d975b97da85fc511533d44083a9f9da60dae8393274a59b7bfce,ransomware,TRUE_ENCRYPTION,Phobos,cape,full,0,10.0,Phobos,1275,538,-0.025642090148559414,5.397971694393546,7.303210625576727,2792,1275,3258,1444,5,20,2.5552941176470587,1.1325490196078432,101,390,93,19,278,1,0,0,0,0,0,0,0,0,0,0,,2218,2,2,0,1,0,14,4,2,0,0,0,0,3,3,6,1,-488.1,5,2,0,0,,0,611.7,5,1,0.133
895,cbdc8fd073176c4e0328aff65147f37e5d46847de62508e7a3cf12f49a40b799,ransomware,FAILED,Babuk,cape,static_only,1,10.0,Babuk,,,,,,,,,,,,,,,,,,,52,0,0,7,1,3,0,0,1,1,2,,0,,,,,,,,,,,,,,,,,,,,,,,,,,,
896,67d1f4077e929385cfd869bf279892bf10a2c8f0af4119e4bc15a2add9461fec,ransomware,FAILED,BlackCat,cape,full,1,10.0,BlackCat,0,0,,,,0,0,0,0,0,0,,,0,0,0,0,0,214,2,2,7,5,0,4,5,4,1,4,,0,,,1,0,0,0,0,0,0,0,0,0,0,0,0,0,,0,0,,,,,,,,
897,840af927adbfdeb7070e1cf73ed195cf48c8d5f35b6de12f58b73898d7056d3d,ransomware,TRUE_ENCRYPTION,Conti,cape,full,0,10.0,Conti,194,133,0.29582869555364516,5.2543511006799575,5.4594316186372955,150,194,17,130,5,7,0.08762886597938144,0.6701030927835051,26,75,19,7,49,0,0,0,0,0,0,0,0,0,0,0,,0,,,,,,7,0,0,0,0,0,0,3,3,40,8,-49.2,0,0,,,,,,,,
898,c7d6719bbfb5baaadda498bf5ef49a3ada1d795b9ae4709074b0e3976968741e,ransomware,TRUE_ENCRYPTION,HelloKitty,cape,full,1,10.0,Kitty,198,200,0.509026566988319,6.563794746150079,6.7088686783964295,268,198,13,53,0,35,0.06565656565656566,0.2676767676767677,16,72,9,7,56,131,3,1,6,1,3,0,0,0,2,3,,0,,,0,0,1,13,0,0,0,0,0,0,5,7,28,8,-14.0,0,0,,,,,,,,
899,81ae89d9796270678a807eb8a473439224a742ccae22dccc66c3d3464b05995a,ransomware,NO_VICTIM_ACTIVITY,Hive,cape,full,1,8.0,,5,6,0.07210239260048795,,,0,5,0,0,0,0,0.0,0.0,0,3,0,3,0,96,0,0,4,0,0,0,0,0,1,0,boost,0,,,0,1,0,0,0,0,0,0,0,0,0,0,0,0,,0,0,,,,,,,,
900,86e17aa882c690ede284f3e445439dfe589d8f36e31cbc09d102305499d5c498,ransomware,TRUE_ENCRYPTION,LockBit,cape,full,1,9.0,Scarab-Dharma,108,0,,,,585,108,16,426,131,7,0.14814814814814814,3.9444444444444446,26,45,2,7,36,24,0,0,0,0,0,0,0,0,0,0,,0,,,0,0,1,8,0,0,0,0,0,0,2,14,45,11,-1.8,0,0,,,,,,,,
901,81e7942a1f32fb18e37cf622c5a24b7c54c4792549363fddf9a3a9095a07f23e,ransomware,TRUE_ENCRYPTION,Babuk,cape,full,1,10.0,Babuk,8,0,,,,35,8,3144,0,0,32,393.0,0.0,4,99,2,0,97,52,0,0,7,1,3,0,0,1,1,2,,0,,,0,0,1,12,0,0,0,0,0,0,3,7,15,0,-26.0,0,0,,,,,,,,
902,5a604a8f0e72f3bf7901b7b67f881031a402ab8072269c00233a554df548f54d,ransomware,FAILED,BlackCat,cape,full,1,10.0,BlackCat,0,0,,,,0,0,0,0,0,0,,,0,0,0,0,0,214,2,2,7,5,0,4,5,4,1,4,,0,,,1,0,0,0,0,0,0,0,0,0,0,0,0,0,,0,0,,,,,,,,
903,1deb1efad2c469198aabbb618285e2229052273cf654ee5925c2540ded224402,ransomware,TRUE_ENCRYPTION,Babuk,cape,full,1,10.0,Babuk,308,96,0.8211804814207028,4.888054957464107,5.087462841250338,165,308,17,160,5,31,0.05519480519480519,0.5194805194805194,36,131,15,17,99,80,3,1,6,5,3,4,3,2,0,5,,0,,,0,0,1,18,3,0,0,0,0,0,4,5,51,13,-3.6,2,1,1,1,1.7,177,564.6,1,1,0.318
904,9a089790e04683ebf37d9746e0284322f59c46eef2a86cc231839482f323e871,ransomware,TRUE_ENCRYPTION,Babuk,cape,full,1,10.0,Babuk,474,147,0.8282846515295801,4.888965807163626,5.028639311838574,515,474,22,222,5,12,0.046413502109704644,0.46835443037974683,37,175,27,33,115,80,3,1,6,5,3,4,3,2,0,5,,0,,,0,0,1,12,3,0,0,0,0,0,5,5,48,12,-5.0,2,1,1,1,1.2,244,484.7,1,1,0.346
905,3c8ad2dae0b1bb536925b4e8d5a87e77c6134371eada2c7628358d6c6d3083dc,ransomware,FAILED,BlackCat,cape,full,1,10.0,BlackCat,0,0,,,,0,0,0,0,0,0,,,0,0,0,0,0,214,2,2,7,5,0,4,5,4,1,4,,0,,,1,0,0,0,0,0,0,0,0,0,0,0,0,0,,0,0,,,,,,,,
906,ab4eae618bb05b4fb4a8d3790a0d18a3e1566ab477519991cb161398803a8847,ransomware,TRUE_ENCRYPTION,Babuk,cape,full,1,10.0,Babuk,241,93,0.9369554021501997,4.882343039650253,5.028639311838574,129,241,12,168,0,39,0.04979253112033195,0.6970954356846473,40,128,21,14,93,80,3,1,6,5,3,4,3,2,0,5,,0,,,0,0,1,18,3,0,0,0,0,0,5,9,42,5,-7.8,2,1,1,1,0.3,180,355.4,1,1,0.761
907,8dc43793450f2c7f5953e0eb912356113346b6afd48f9400a26c35cdf0ffdd07,ransomware,NO_VICTIM_ACTIVITY,BlackCat,cape,full,1,7.0,,2,0,,,,5,2,0,0,0,4,0.0,0.0,0,6,0,2,4,169,2,2,7,5,0,0,1,1,1,3,,0,,,1,0,0,4,0,0,0,0,0,0,0,0,3,0,,1,1,0,,,,,,,
908,3e035f2d7d30869ce53171ef5a0f761bfb9c14d94d9fe6da385e20b8d96dc2fb,ransomware,TRUE_ENCRYPTION,Conti,cape,full,0,10.0,Conti,441,119,0.908258631143374,5.267554920708358,5.4594316186372955,183,441,7,113,0,9,0.015873015873015872,0.2562358276643991,23,76,23,6,47,0,0,0,0,0,0,0,0,0,0,0,,0,,,,,,5,0,0,0,0,0,0,3,3,31,3,-45.2,0,0,,,,,,,,
909,499e43933c5ee3bb730417e07d74c93a5f7d7dee05db31714e09dffeb7e3c285,ransomware,TRUE_ENCRYPTION,Babuk,cape,full,1,10.0,Babuk,442,136,0.7814855505877237,4.884380317384337,5.087462841250338,223,442,21,226,5,13,0.04751131221719457,0.5113122171945701,40,138,28,21,89,81,3,1,6,5,3,4,3,2,0,5,,0,,,0,0,1,11,3,0,0,0,0,0,4,6,42,12,-7.3,2,1,1,1,0.0,247,571.1,1,1,0.672
910,731adcf2d7fb61a8335e23dbee2436249e5d5753977ec465754c6b699e9bf161,ransomware,FAILED,BlackCat,cape,full,1,10.0,BlackCat,0,0,,,,0,0,0,0,0,0,,,0,0,0,0,0,214,2,2,7,5,0,4,5,4,1,4,,0,,,1,0,0,0,0,0,0,0,0,0,0,0,0,0,,0,0,,,,,,,,
911,e49fd2651d5f3d5ffd999104841edd3e6e6dbd342507df6d2201720bdca65a74,ransomware,TRUE_ENCRYPTION,Conti,cape,full,1,10.0,Conti,3721,23225,-0.16440275219049097,5.591018114615625,7.381117080887228,3455,3721,1,4533,0,10,0.0002687449610319806,1.2182209083579683,178,249,48,47,154,73,0,0,3,0,0,0,3,0,2,1,,0,,,0,1,0,7,0,0,0,0,0,0,4,7,8,10,2.8,0,0,,,,,,,,
912,391cfcd153881743556f76de7bbca5b19857f8b69a6f6f6dfde6fd9b06c17f5e,ransomware,TRUE_ENCRYPTION,Babuk,cape,full,1,10.0,Babuk,74,28,0.9580488140440924,4.913311912825264,5.087462841250338,70,74,8,36,0,7,0.10810810810810811,0.4864864864864865,13,51,5,3,43,81,3,1,6,5,3,4,3,2,0,5,,0,,,0,0,1,8,3,0,0,0,0,0,4,4,33,2,-3.7,1,1,1,1,1.3,44,54.8,0,1,
913,58ccba4fb2b3ed8b5f92adddd6ee331a6afdedfc755145e0432a7cb324c28053,ransomware,TRUE_ENCRYPTION,Babuk,cape,full,1,10.0,Babuk,256,115,0.9891916899974336,6.560073944050688,6.714675505336149,161,256,9,109,0,7,0.03515625,0.42578125,27,75,18,7,50,85,5,0,6,5,3,4,3,2,1,5,,0,,,0,0,1,8,3,0,0,0,0,0,4,4,30,2,-7.9,1,1,0,0,,0,61.8,1,1,0.016
914,59868f4b346bd401e067380cac69080709c86e06fae219bfb5bc17605a71ab3f,ransomware,FAILED,BlackCat,cape,full,1,10.0,BlackCat,0,0,,,,0,0,0,0,0,0,,,0,0,0,0,0,214,2,2,7,5,0,4,5,4,1,4,,0,,,1,0,0,0,0,0,0,0,0,0,0,0,0,0,,0,0,,,,,,,,
915,3dda3ee9164d6815a18a2c23651a53c35d52e3a5ad375001ec824cf532c202e6,ransomware,TRUE_ENCRYPTION,Babuk,cape,full,1,10.0,Babuk,1205,8106,-0.17662672806335342,4.884958312642217,5.087462841250338,1884,1205,5,3101,0,21,0.004149377593360996,2.57344398340249,81,241,94,1,146,78,2,1,6,5,3,4,3,2,1,5,,0,,,0,0,1,17,3,0,0,0,0,0,4,4,41,47,-7.0,1,1,1,1,1.1,3106,233.5,0,1,
916,6c2b5abc372e31cd7f8da045400abc0b10149f4f7b7def48a6bf9d0071f805d2,ransomware,FAILED,Conti,cape,static_only,0,1.3,,,,,,,,,,,,,,,,,,,,0,0,0,0,0,0,0,0,0,0,0,,0,,,,,,,,,,,,,,,,,,,,,,,,,,,
917,9a7daafc56300bd94ceef23eac56a0735b63ec6b9a7a409fb5a9b63efe1aa0b0,ransomware,TRUE_ENCRYPTION,HelloKitty,cape,full,1,10.0,Kitty,494,310,0.5046643158324775,6.539520618940166,6.73963790916566,580,494,20,149,5,6,0.04048582995951417,0.3016194331983806,25,88,18,11,59,131,3,1,6,1,3,0,0,0,2,3,,0,,,0,0,1,7,0,0,0,0,0,0,4,4,25,13,-11.5,0,0,,,,,,,,
918,afcf265a1dcd9eab5aab270d48aa561e4ddeb71c05e32c857d3b809bb64c0430,ransomware,TRUE_ENCRYPTION,Babuk,cape,full,1,10.0,Babuk,49,627,0.048772562186187855,4.886691204549613,5.087462841250338,68,49,5,640,0,14,0.10204081632653061,13.061224489795919,31,118,1,2,115,79,2,1,4,5,3,4,3,2,1,5,,0,,,0,0,1,11,3,0,0,0,0,0,5,5,28,37,-6.0,1,1,1,1,2.9,645,109.1,0,1,
919,7f6dbd9fa0cb7ba2487464c824b6d7e16ace9d4cd15e4452df4c9a9fd6bd1907,ransomware,TRUE_ENCRYPTION,Conti,cape,full,1,10.0,Conti,3501,23685,-0.09686292715333313,5.581212093476477,7.361465502417109,3681,3501,9,4637,5,10,0.002570694087403599,1.3244787203656099,178,250,45,50,155,73,0,0,3,0,0,0,3,0,2,1,,0,,,0,1,0,7,0,0,0,0,0,0,4,6,17,18,2.9,0,0,,,,,,,,
920,06d370217abec9468bc22c30ba3be72b8de1a7459f9e927656dcf2613a314bf6,ransomware,TRUE_ENCRYPTION,Babuk,cape,full,1,9.0,Babuk,2271,0,,,,1541,2271,7,2979,0,16,0.0030823425803610744,1.3117569352708058,82,552,21,20,511,61,0,0,4,5,3,4,0,0,1,3,,0,,,0,0,1,12,0,0,0,0,0,0,5,8,45,19,-35.3,0,0,,,,,,,,
921,d8158db5cbae0845b9ced65cc4a6581bfe08ba5361b1294b2dfb6ef4c711fd15,ransomware,NO_VICTIM_ACTIVITY,Conti,cape,full,1,1.5,,4,8,-0.4,,,4,4,0,0,0,0,0.0,0.0,0,2,0,2,0,117,3,0,7,0,0,0,0,0,2,1,,0,,,0,0,1,0,0,0,0,0,0,0,0,0,0,0,,0,0,,,,,,,,
922,921ed2a30e17fc6d7e9da74d64485ae8a40c95caa40e5108da51ad3c40599978,ransomware,NO_VICTIM_ACTIVITY,Hive,cape,full,1,8.0,,0,0,,,,8,0,0,0,0,0,,,0,1,0,0,1,110,0,0,2,0,0,0,0,0,1,0,boost,0,,,0,0,1,0,0,0,0,0,0,0,0,0,0,0,,0,0,,,,,,,,
923,1b9412ca5e9deb29aeaa37be05ae8d0a8a636c12fdff8c17032aa017f6075c02,ransomware,TRUE_ENCRYPTION,Babuk,cape,full,1,10.0,Babuk,1281,0,,,,404,1281,7,2900,0,17,0.00546448087431694,2.263856362217018,79,558,11,21,526,74,0,0,4,5,3,4,3,2,1,4,,0,,,0,0,1,16,3,0,0,0,0,0,6,8,43,20,-7.6,1,1,0,0,,0,652.1,1,1,0.0
924,e1b147aa2efa6849743f570a3aca8390faf4b90aed490a5682816dd9ef10e473,ransomware,NO_VICTIM_ACTIVITY,Conti,cape,full,1,10.0,Conti,66,8,-0.0034748193624255146,,,27,66,9,2,5,5,0.13636363636363635,0.030303030303030304,3,20,1,10,9,67,0,0,5,0,0,0,0,0,2,0,,0,,,0,1,0,6,0,0,0,0,0,0,4,4,25,8,4.2,0,0,,,,,,,,
925,550771bbf8a3e5625d6ec76d70ed86f6e443f07ce80ff73e47f8249ddd72a8cf,ransomware,TRUE_ENCRYPTION,Babuk,cape,full,1,10.0,Babuk,149,4,-0.01156423126517758,3.219539785312086,3.219539785312086,377,149,6,627,0,10,0.040268456375838924,4.208053691275167,33,523,7,20,496,74,0,0,4,5,3,4,3,2,1,4,,0,,,0,1,0,13,3,0,0,0,0,0,5,5,46,20,-17.2,1,1,0,0,,0,634.2,1,1,0.001
926,704a0fa7de19564bc743fb68aa0652e38bf86e8ab694bc079b15f945c85f4320,ransomware,TRUE_ENCRYPTION,Babuk,cape,full,1,10.0,Babuk,2044,7431,-0.054856586504655185,4.884049162594896,5.087462841250338,63,2044,5,3916,0,24,0.002446183953033268,1.9158512720156555,94,499,2,88,409,79,2,1,4,5,3,4,3,2,1,5,,0,,,0,0,1,16,3,0,0,0,0,0,5,6,33,41,-5.8,1,1,1,1,0.8,3921,441.9,0,1,
927,980cc58338038f70184403a98f1166b17938ebe362f373f4f366be1aaeecc923,ransomware,TRUE_ENCRYPTION,Conti,cape,full,1,9.0,Scarab-Dharma,3118,14492,-0.11936065065472559,5.284737774344064,7.339614648336088,3973,3118,1,4348,0,7,0.00032071840923669016,1.394483643361129,161,453,204,21,228,75,0,0,3,0,0,0,0,0,2,0,,0,,,0,1,0,6,0,0,0,0,0,0,4,5,5,5,4.9,0,0,,,,,,,,
928,2c4e60573ce8f55ba70b6d076347910908afc1a23502e942023de11ad069987d,ransomware,NO_VICTIM_ACTIVITY,Hive,cape,full,1,0.5,,1,0,,,,2,1,0,0,0,0,0.0,0.0,0,1,0,1,0,39,0,0,2,0,0,0,0,0,1,0,boost,0,,,0,0,1,0,0,0,0,0,0,0,0,0,0,0,,0,0,,,,,,,,
929,3a659609850664cbc0683c8c7b92be816254eb9306e7fb12ad79d5a9af0fb623,ransomware,TRUE_ENCRYPTION,LockBit,cape,full,0,9.0,Scarab-Dharma,115,0,,,,625,115,17,402,112,6,0.14782608695652175,3.4956521739130433,26,46,1,11,34,10,0,0,0,0,0,0,0,0,0,0,,0,,,0,0,1,7,0,0,0,0,0,0,2,14,32,8,-1.1,0,0,,,,,,,,
930,30fcff7add11ea6685a233c8ce1fc30abe67044630524a6eb363573a4a9f88b8,ransomware,FAILED,Babuk,cape,static_only,1,10.0,Babuk,,,,,,,,,,,,,,,,,,,74,0,0,4,5,3,4,3,2,1,4,,0,,,,,,,,,,,,,,,,,,,,,,,,,,,
931,41324493142b10db127217274e21df37f6ccd13f01a8d29d2b23b7b1463423a7,ransomware,TRUE_ENCRYPTION,Conti,cape,full,1,9.0,Scarab-Dharma,1454,3180,0.040168603850134724,5.016977024086869,7.32456634264776,548,1454,1,381,0,6,0.000687757909215956,0.2620357634112792,83,529,292,164,73,80,0,0,6,0,0,0,0,0,2,0,,74,0,0,0,1,0,7,0,0,0,0,0,0,5,5,7,5,4.5,0,0,,,,,,,,
932,8203c2f00ecd3ae960cb3247a7d7bfb35e55c38939607c85dbdb5c92f0495fa9,ransomware,TRUE_ENCRYPTION,Babuk,cape,full,1,10.0,Babuk,1206,0,,,,434,1206,6,2931,0,16,0.004975124378109453,2.4303482587064678,78,528,19,18,491,74,0,0,4,5,3,4,3,2,1,4,,0,,,0,0,1,13,3,0,0,0,0,0,6,7,31,16,-4.4,1,1,1,1,5.1,2937,592.2,0,1,
933,9aed278f54f65e546fb9f7f34dff26d0835a0a21a5a4fc4c026bf84596ed277e,ransomware,NO_VICTIM_ACTIVITY,Conti,cape,full,1,10.0,Conti,4,8,-0.5345224838248488,,,4,4,0,0,0,0,0.0,0.0,0,3,0,3,0,119,3,0,6,0,0,0,0,0,2,1,,0,,,0,0,1,0,0,0,0,0,0,0,0,0,0,0,,0,0,,,,,,,,
934,595142ac0ecaf32e5cd9a477f440bac99b52dcc6c2fa083424d5007fdf0caeec,ransomware,NO_VICTIM_ACTIVITY,Hive,cape,full,0,9.0,,10,0,,,,70,10,0,0,0,0,0.0,0.0,0,13,0,9,4,5,0,0,0,0,0,0,0,0,0,0,,141,0,0,0,0,1,0,0,0,0,0,0,0,0,0,0,0,,0,0,,,,,,,,
935,1866b28b51045944df18e63c9a5989afe985e30ff1944db6544ca76b32235567,ransomware,FAILED,LockBit,cape,static_only,1,1.3,,,,,,,,,,,,,,,,,,,,23,0,0,0,0,0,0,0,0,0,0,,0,,,,,,,,,,,,,,,,,,,,,,,,,,,
936,2d33ac8fce0592ef88bdeeee00e840c41a5a8fccc85c67316b74cc06c13ba0c5,ransomware,TRUE_ENCRYPTION,Conti,cape,full,1,9.0,Scarab-Dharma,3647,21862,-0.00791662524623158,5.594584540710145,7.416076577044802,4100,3647,1,4610,0,7,0.00027419797093501506,1.2640526460104196,164,315,141,16,158,74,0,0,5,0,0,0,0,0,2,0,,0,,,0,1,0,6,0,0,0,0,0,0,4,6,5,5,6.3,0,0,,,,,,,,
937,1dea453e5344898c9a66309bd6d1cf6e21c56eb1427c026aac84b14a6b23f7fc,ransomware,TRUE_ENCRYPTION,Conti,cape,full,1,9.0,Scarab-Dharma,3067,12723,-0.07759607315237534,5.180422193357461,7.37676220694674,3522,3067,1,4019,0,7,0.00032605151613955004,1.3104010433648516,169,513,215,28,270,74,0,0,5,0,0,0,0,0,2,0,,0,,,0,1,0,6,0,0,0,0,0,0,4,6,5,5,6.0,0,0,,,,,,,,
938,9959b5fadafebdc8cd15a2a8f1efd7c976da5036d984179a04946d8b86fdd049,ransomware,NO_VICTIM_ACTIVITY,Hive,cape,full,0,9.0,,10,0,,,,71,10,0,0,0,0,0.0,0.0,0,14,0,9,5,5,0,0,0,0,0,0,0,0,0,0,,141,0,0,0,0,1,0,0,0,0,0,0,0,0,0,0,0,,0,0,,,,,,,,
939,0dd36a058705717a7d84622f9745b85277c37a07ad830a6648a01ef6e679324a,ransomware,TRUE_ENCRYPTION,LockBit,cape,full,1,8.0,,56,0,,,,36,56,2,56,12,4,0.03571428571428571,1.0,11,15,0,3,12,122,0,0,3,0,0,0,0,0,2,0,,46,0,0,0,0,1,5,0,0,0,0,0,0,2,14,7,0,-4.3,0,0,,,,,,,,
940,2a50a42d3c44e6e3890a53228cb84f6fdb17e38b31422c68b8634a06d36cc324,ransomware,TRUE_ENCRYPTION,Phobos,cape,full,0,10.0,Phobos,1130,520,-0.024888228221152654,5.412446090882358,7.2715641254357175,2834,1130,3149,1424,6,17,2.786725663716814,1.2601769911504426,94,376,86,19,271,1,0,0,0,0,0,0,0,0,0,0,,2218,2,2,0,1,0,14,4,2,0,0,0,0,3,3,5,1,-527.3,3,2,0,0,,0,622.9,3,1,0.161
941,930ec6d08e9d29fa23805ff9784cb0d78b1dc4cc4d58daa0e653dfe478c45d3a,ransomware,FAILED,Conti,cape,full,0,1.2,,0,0,,,,2,0,0,0,0,0,,,0,1,0,0,1,0,0,0,0,0,0,0,0,0,0,0,,0,,,,,,0,0,0,0,0,0,0,0,0,0,0,,0,0,,,,,,,,
942,8c4d2db730c5f364de55c6b84367846f102bd8dc9f378fd3829be0f6af5046b0,ransomware,FAILED,Hive,cape,static_only,0,0.3,,,,,,,,,,,,,,,,,,,,0,0,0,0,0,0,0,0,0,0,0,,0,,,,,,,,,,,,,,,,,,,,,,,,,,,
943,1520e4cb2748aa5725d8b6c242ff6cf365f6672db35df2745c920ed228666317,ransomware,TRUE_ENCRYPTION,LockBit,cape,full,1,9.0,Scarab-Dharma,69,2,-0.006395049723554317,2.0,2.0,407,69,18,570,58,8,0.2608695652173913,8.26086956521739,26,70,0,27,43,98,0,0,1,0,0,0,0,0,2,0,,46,0,0,0,1,0,9,0,0,0,0,0,0,2,16,2329,3,-1.8,0,0,,,,,,,,
944,33c861023479ddcaea82f2daee9d0394f304d0c33ba210f4c3c53a93cf9a474c,ransomware,TRUE_ENCRYPTION,Phobos,cape,full,0,10.0,Phobos,816,252,-0.02428260332760943,5.280365417466522,7.258540869030762,2086,816,3027,1404,6,18,3.7095588235294117,1.7205882352941178,99,378,83,25,270,1,0,0,0,0,0,0,0,0,0,0,,1632,2,2,0,1,0,14,4,2,0,0,0,0,4,4,6,1,-322.3,5,2,0,0,,0,577.5,5,1,0.142
945,ed4afa874e75b7bac665b9bcbf1d8e1324d4f9263c862755101cd79bb087ad45,ransomware,FAILED,Conti,cape,full,0,1.2,,0,0,,,,2,0,0,0,0,0,,,0,1,0,0,1,0,0,0,0,0,0,0,0,0,0,0,,0,,,,,,0,0,0,0,0,0,0,0,0,0,0,,0,0,,,,,,,,
946,a75eae0a77fec3c7bfdcca66649af39741e935efc3fa6252ca43da676c3de8a6,ransomware,NO_VICTIM_ACTIVITY,Hive,cape,full,1,9.0,,66,0,,,,82,66,19,2,5,5,0.2878787878787879,0.030303030303030304,4,30,3,10,17,161,0,0,5,0,0,0,0,1,1,0,boost,0,,,0,0,1,6,0,0,0,0,0,0,2,2,25,8,-24.8,0,0,,,,,,,,
947,c165d80706ccb48e3d5f77a51068771dec247362a8726588c563f335a3df5b6e,ransomware,TRUE_ENCRYPTION,LockBit,cape,full,1,7.0,,3235,17167,-0.1344962428030116,5.693567215103906,7.374092399295848,2078,3235,1,1,0,23,0.0003091190108191654,0.0003091190108191654,1,245,0,199,46,71,0,0,3,0,0,0,0,0,2,0,,0,,,0,1,0,8,0,0,0,0,0,0,5,11,2,5,7.3,0,0,,,,,,,,
948,104032d8993555a84679746069ad1f8c1365c4a27eaeec732fda76aa62da005a,ransomware,TRUE_ENCRYPTION,Phobos,cape,full,0,10.0,Phobos,959,252,-0.021594341570585502,5.295679054301255,7.253677148336088,1364,959,3111,1414,6,18,3.24400417101147,1.4744525547445255,97,397,89,22,286,1,0,0,0,0,0,0,0,0,0,0,,2106,2,2,0,1,0,14,4,2,0,0,0,0,6,6,6,1,-316.7,4,2,0,0,,0,600.6,4,1,0.104
949,ea524e8b0dd046561b59a8d4da5a122aeff02036c87bb03056437a1d0f584039,ransomware,TRUE_ENCRYPTION,Conti,cape,full,1,9.0,Scarab-Dharma,2982,13863,-0.14381345715318317,5.168962862047634,7.364014226277238,3747,2982,1,4364,0,8,0.00033534540576794097,1.4634473507712944,168,503,223,34,246,74,0,0,5,0,0,0,0,0,2,0,,0,,,0,1,0,7,0,0,0,0,0,0,4,6,5,5,4.9,0,0,,,,,,,,
950,777177561512d13714d03f1378f9529934bc2a2437b525b31e7c95982b2f77cd,ransomware,NO_VICTIM_ACTIVITY,Hive,cape,full,1,3.8,,21,0,,,,1,21,0,0,0,0,0.0,0.0,0,21,0,21,0,40,0,0,2,0,0,0,0,0,1,0,boost,0,,,0,0,1,0,0,0,0,0,0,0,0,0,0,0,,0,0,,,,,,,,
951,49e891411c7eb5d49fd52c738dd664879d2b1d6bcb090ce6aeaa0b6342c1ecdc,ransomware,TRUE_ENCRYPTION,LockBit,cape,full,1,9.0,,3302,16898,-0.14013867840320715,5.692130174681514,7.35098360216313,2068,3302,0,0,0,8,0.0,0.0,0,252,0,222,30,82,0,0,3,0,0,0,0,0,2,0,,0,,,0,1,0,5,0,0,0,0,0,0,5,5,18,8,23.3,0,0,,,,,,,,
952,356799503f195db260e08a81d42a431b4ebd47cef94eddc96f24a0fd3e49d716,ransomware,NO_VICTIM_ACTIVITY,Phobos,cape,full,0,10.0,Phobos,28,368,0.05277551939628502,5.29151704367515,7.245864648336088,110,28,0,0,12,8,0.0,0.0,0,29,0,14,15,1,0,0,0,0,0,0,0,0,0,0,,114,2,2,0,1,0,4,1,0,0,0,0,0,0,0,3,0,,1,1,0,,,,,,,
953,cf487bd54e487585cd052e982fd765cbc0d8d164cc21b8635e55475182dadf00,ransomware,TRUE_ENCRYPTION,Conti,cape,full,1,9.0,,3145,14124,-0.0863237894340017,5.284614547091134,7.358905985810603,3842,3145,1,4226,0,7,0.0003179650238473768,1.3437201907790144,162,455,203,23,229,74,0,0,5,0,0,0,0,0,2,0,,0,,,0,1,0,6,0,0,0,0,0,0,4,6,5,5,6.7,0,0,,,,,,,,
954,842c60b5f55e2e62638347c95e73f85d042492cc77dfe97df81f8850a14411c1,ransomware,NO_VICTIM_ACTIVITY,Hive,cape,full,1,3.8,,19,0,,,,1,19,0,0,0,0,0.0,0.0,0,19,0,19,0,39,0,0,1,0,0,0,0,0,1,0,boost,0,,,0,0,1,0,0,0,0,0,0,0,0,0,0,0,,0,0,,,,,,,,
955,8d864c11c820e6d85a14c4041798e4c0c6c03ca3d21a3d68a141b2425f82263f,ransomware,FAILED,LockBit,cape,static_only,1,1.3,,,,,,,,,,,,,,,,,,,,24,0,0,0,0,0,0,0,0,0,0,,0,,,,,,,,,,,,,,,,,,,,,,,,,,,
956,71bd706cc0ace3774449282a9c1de5403f8f43dad118b9fbf4fc45cf4894f8e9,ransomware,TRUE_ENCRYPTION,Phobos,cape,full,0,10.0,Phobos,1273,252,-0.015096602852348697,5.333390032449936,7.245864648336088,2441,1273,3099,1408,6,24,2.4344069128043992,1.106048703849175,98,364,88,23,253,1,0,0,0,0,0,0,0,0,0,0,,1995,2,2,0,1,0,18,4,2,0,0,0,0,4,4,17,1,-479.8,5,2,0,0,,0,583.1,5,1,0.112
957,2586026617b117506dfe326f50e45476ce765a74fe48c8650d32980a4dfe5ee9,ransomware,TRUE_ENCRYPTION,Conti,cape,full,1,9.0,,3037,14052,-0.12654164857871608,5.26382211073369,7.354561076304978,3570,3037,1,4294,0,7,0.00032927230819888045,1.4138952914059928,167,460,211,18,231,74,0,0,5,0,0,0,0,0,2,0,,0,,,0,1,0,6,0,0,0,0,0,0,4,6,5,5,6.9,0,0,,,,,,,,
958,741546a4b3884dccf5435507da737f07ef62a6a6afb8905bb72854e1ace5e252,ransomware,NO_VICTIM_ACTIVITY,Hive,cape,full,1,3.8,,19,0,,,,1,19,0,0,0,0,0.0,0.0,0,19,0,19,0,39,0,0,1,0,0,0,0,0,1,0,boost,0,,,0,0,1,0,0,0,0,0,0,0,0,0,0,0,,0,0,,,,,,,,
959,a88e9c57e89817701d2651b556f76641e10a7fb54eb29cf9a466648b25fe6716,ransomware,TRUE_ENCRYPTION,LockBit,cape,full,1,9.0,Scarab-Dharma,119,2,-0.005027007758838226,2.0,2.0,396,119,19,565,63,5,0.15966386554621848,4.7478991596638656,25,63,0,28,35,110,0,0,3,1,0,0,0,0,2,1,,46,0,0,0,1,0,7,0,0,0,0,0,0,2,16,2316,0,-0.8,0,0,,,,,,,,
960,8879a7a950a3916f5438685f994ee829a20e4c60021db73060cd078e4a72b5a7,ransomware,TRUE_ENCRYPTION,Phobos,cape,full,1,10.0,Phobos,1135,0,,,,1565,1135,2798,1395,6,17,2.4651982378854624,1.2290748898678414,95,384,97,19,268,113,0,0,4,0,0,0,0,0,2,0,,3131,4,4,0,0,1,15,4,2,0,0,0,0,5,5,6,1,-296.5,5,2,0,0,,0,586.5,5,1,0.099
961,004ede55a972e10d9a21bcf338b4907d6eed65bf5ad6abbbd5aec7d8484bdedf,ransomware,NO_VICTIM_ACTIVITY,Conti,cape,full,0,10.0,Conti,0,0,,,,0,0,0,0,0,170,,,0,170,0,0,170,11,0,0,0,0,0,0,0,0,0,0,,0,,,0,0,1,170,13,0,57,0,0,0,0,0,0,0,,99,1,0,,,,,,,
962,6abe61bfd96d5a52d4c03aa94a237bc300b440b15ffad0ffcf161c33de58be6a,ransomware,NO_VICTIM_ACTIVITY,Hive,cape,full,1,8.0,,24,0,,,,50,24,8,0,0,0,0.3333333333333333,0.0,1,15,6,5,4,150,0,0,5,0,0,0,0,1,1,0,boost,0,,,0,0,1,0,0,0,0,0,0,0,0,0,0,0,,0,0,,,,,,,,
963,0845a8c3be602a72e23a155b23ad554495bd558fa79e1bb849aa75f79d069194,ransomware,TRUE_ENCRYPTION,LockBit,cape,full,1,9.0,Scarab-Dharma,111,0,,,,613,111,18,431,120,6,0.16216216216216217,3.8828828828828827,28,47,2,11,34,24,0,0,0,0,0,0,0,0,0,0,,0,,,0,0,1,7,0,0,0,0,0,0,2,14,32,13,-2.4,0,0,,,,,,,,
964,408d62cbf4789d9533230eff49b8b45c11b01fd8c8d6d65ec339725d7521a48c,ransomware,TRUE_ENCRYPTION,Phobos,cape,full,1,10.0,Phobos,911,0,,,,2526,911,2978,1433,6,16,3.2689352360043906,1.5729967069154775,89,369,98,15,256,108,0,0,3,0,0,0,0,0,2,0,,3131,4,4,0,0,1,13,4,2,0,0,0,0,4,4,6,1,-301.8,5,2,0,0,,0,586.1,5,1,0.092
965,24ac73821de77cc9644d2ac40e97067ff63f625b5f20e085ad10535e47d7db59,ransomware,TRUE_ENCRYPTION,Conti,cape,full,1,9.0,Scarab-Dharma,3089,20837,0.11918827540593352,5.647466725282583,7.349235055735359,3208,3089,1,3757,0,9,0.0003237293622531564,1.2162512139851085,167,285,105,17,163,75,0,0,6,0,0,0,0,0,2,0,,130,0,0,0,1,0,8,0,0,0,0,0,0,4,4,15,2,6.3,0,0,,,,,,,,
966,19c54b520e8f6def1aab0c48fcdbac5962a0ec57442a3a015a0f860a76115718,ransomware,NO_VICTIM_ACTIVITY,Hive,cape,full,1,8.0,,24,0,,,,57,24,8,0,0,0,0.3333333333333333,0.0,1,14,7,4,3,150,0,0,5,0,0,0,0,1,1,0,boost,0,,,0,0,1,0,0,0,0,0,0,0,0,0,0,0,,0,0,,,,,,,,
967,8022060ef633e157518037122a6003813cc0a3066d456a1164275a211efc8f5c,ransomware,TRUE_ENCRYPTION,LockBit,cape,full,1,10.0,Lockbit,4136,0,,,,2772,4136,15,2,5,28,0.0036266924564796904,0.00048355899419729207,7,189,1,147,41,120,0,0,3,1,0,0,0,0,2,1,boost,18,0,0,0,0,1,22,7,6,0,0,3,0,3,3,62,12,-76.2,4,2,0,0,,0,385.3,4,1,0.115
968,518544e56e8ccee401ffa1b0a01a10ce23e49ec21ec441c6c7c3951b01c1b19c,ransomware,TRUE_ENCRYPTION,Phobos,cape,full,1,10.0,Phobos,1555,0,,,,2428,1555,2942,1426,6,17,1.8919614147909969,0.9170418006430868,95,380,90,20,270,117,0,0,3,1,0,0,0,0,2,1,,1770,2,1,0,0,1,16,4,2,0,0,0,0,4,4,16,1,-323.3,5,2,0,0,,0,602.9,5,1,0.11
969,b2d3143d0778a10d5d03bb9e4d2712a980e2a8ec12d47958a8ab4b3192f4bf6a,ransomware,TRUE_ENCRYPTION,Conti,cape,full,1,10.0,Conti,3075,17832,0.21025167713290177,5.654857822921614,7.384043001438248,3212,3075,1,3731,0,20,0.0003252032520325203,1.2133333333333334,163,306,100,15,191,54,0,0,5,0,0,0,0,1,1,0,,134,0,0,0,1,0,10,0,0,0,0,0,0,5,10,15,3,4.1,0,0,,,,,,,,
970,08faab44c35e864b94c2170611741c22f5cf6f6f21ff88c7abb8baeb97496818,ransomware,NO_VICTIM_ACTIVITY,Hive,cape,full,1,6.0,,64,0,,,,46,64,9,2,5,17,0.140625,0.03125,3,38,2,10,26,39,0,0,2,0,0,0,0,0,1,0,boost,0,,,0,0,1,8,0,0,0,0,0,0,3,8,25,8,-16.9,0,0,,,,,,,,
971,bcbdc1bd464ba817632f46bcb5c09a2012da859487c61bd4dc51bceae54512c0,ransomware,TRUE_ENCRYPTION,LockBit,cape,full,1,9.0,Scarab-Dharma,106,2,-0.003978586011255413,2.0,2.0,394,106,19,569,64,8,0.1792452830188679,5.367924528301887,26,65,0,26,39,24,0,0,0,0,0,0,0,0,0,0,,0,,,0,1,0,10,0,0,0,0,0,0,2,16,2329,2,-1.0,0,0,,,,,,,,
972,0b997e8b0d0ff6cc4e6f1919c6c0f3080eaa0d08c8fccdf50f7648bf05cca446,ransomware,TRUE_ENCRYPTION,Phobos,cape,full,1,10.0,Phobos,1512,0,,,,4112,1512,3810,91,6,16,2.5198412698412698,0.06018518518518518,52,569,193,31,345,111,0,0,8,0,3,0,5,1,0,2,,0,,,0,0,1,16,4,2,0,0,0,0,5,5,10,1,-206.6,5,2,0,0,,0,648.2,5,1,0.118
973,53b1c1b2f41a7fc300e97d036e57539453ff82001dd3f6abf07f4896b1f9ca22,ransomware,TRUE_ENCRYPTION,Conti,cape,full,1,10.0,Conti,3315,19717,0.17083546960181667,5.685218511562392,7.3473349588529056,3622,3315,1,3827,0,8,0.00030165912518853697,1.1544494720965308,165,278,103,20,155,68,0,0,5,0,0,0,0,0,2,0,,0,,,0,1,0,7,0,0,0,0,0,0,4,5,5,5,5.1,0,0,,,,,,,,
974,210c8271902f2984572936ee45db20f842841269c287c4e7e74996df91dff3ae,ransomware,NO_VICTIM_ACTIVITY,Hive,cape,full,1,6.0,,71,0,,,,29,71,9,2,5,8,0.1267605633802817,0.028169014084507043,3,26,1,11,14,32,0,0,1,0,0,0,0,0,1,0,boost,0,,,0,0,1,9,0,0,0,0,0,0,2,2,25,8,0.8,1,1,1,1,249.1,11,112.5,0,1,
975,a8fe7e11f97a293db5fda072cc9e64a161c76ababd37754acce5ccd6dfa30d1c,ransomware,TRUE_ENCRYPTION,LockBit,cape,full,1,8.0,,99,0,,,,43,99,10,54,17,3,0.10101010101010101,0.5454545454545454,12,21,6,6,9,25,0,0,0,0,0,0,0,0,0,0,,0,,,0,0,1,5,0,0,0,0,0,0,3,15,25,8,1.2,0,0,,,,,,,,
976,523d97331fcef84ff767dbb01836766d8b1be9bbeb3d76e9fda3a02ad46fd976,ransomware,TRUE_ENCRYPTION,Phobos,cape,full,0,10.0,Phobos,1386,0,,,,844,1386,451,44,6,14,0.3253968253968254,0.031746031746031744,38,455,207,126,122,4,0,0,0,0,0,0,0,0,0,0,,320,2,2,0,0,1,12,4,2,0,0,0,0,4,4,5,1,-503.5,3,2,0,0,,0,607.8,3,1,0.077
977,bc413e02defccc55f1c9925e9cf4fde4a714db1e06c6e021ddbd4b15cf2613d7,ransomware,TRUE_ENCRYPTION,Conti,cape,full,1,9.0,Scarab-Dharma,3089,12940,-0.13452598478728095,5.17802802112762,7.370740205326294,3796,3089,1,4148,0,20,0.0003237293622531564,1.3428293946260925,166,516,230,26,260,74,0,0,5,0,0,0,0,0,2,0,,0,,,0,1,0,8,0,0,0,0,0,0,5,10,5,5,6.3,0,0,,,,,,,,
978,ccf870c70de4cc412a00deb5f93ad56f4a7b6ad38b8574c31b121759b1745502,ransomware,NO_VICTIM_ACTIVITY,Hive,cape,full,1,9.0,,68,0,,,,103,68,19,2,5,19,0.27941176470588236,0.029411764705882353,4,42,4,10,28,161,0,0,5,0,0,0,0,1,1,0,boost,0,,,0,0,1,10,0,0,0,0,0,0,3,8,38,11,-37.8,0,0,,,,,,,,
979,5c5c5b25b51450a050f4b91cd2705c8242b0cfc1a0eaeb4149354dbb07979b83,ransomware,TRUE_ENCRYPTION,LockBit,cape,full,1,9.0,Scarab-Dharma,3654,15541,-0.014805607277102392,5.301617646358735,7.37146504602028,4232,3654,1,4611,0,10,0.0002736726874657909,1.2619047619047619,166,459,196,14,249,71,0,0,3,0,0,0,0,0,2,0,,0,,,0,1,0,7,0,0,0,0,0,0,4,6,18,8,3.3,0,0,,,,,,,,
980,c21de9109580e03f0fc0a71c10bfe2923927eb0dfe748bea47d550f1fe7f1715,ransomware,TRUE_ENCRYPTION,Phobos,cape,full,1,10.0,Phobos,1241,0,,,,2632,1241,3058,1404,6,15,2.4641418211120065,1.1313456889605158,98,369,94,17,258,111,0,0,8,0,3,0,5,1,0,2,,2191,0,0,0,0,1,14,4,2,0,0,0,0,2,2,8,1,-490.2,5,2,0,0,,0,600.5,5,1,0.101
981,a79dcac3753c055d7b46b5ffa27b1b4bb55516180966f20a2878698b81638137,ransomware,TRUE_ENCRYPTION,Conti,cape,full,1,9.0,,3116,12855,-0.10533116741549998,5.106873943702398,7.358887090602308,3728,3116,1,3803,0,20,0.00032092426187419767,1.2204749679075737,149,524,237,31,256,74,0,0,5,0,0,0,0,0,2,0,,0,,,0,1,0,9,0,0,0,0,0,0,5,10,5,5,4.1,0,0,,,,,,,,
982,f8d1e3127dc6b74bcc1ff5c5c147c0f3f8870bae098f2455a89b6162cf2d9e0f,ransomware,NO_VICTIM_ACTIVITY,Hive,cape,full,1,9.0,,68,0,,,,96,68,19,2,5,5,0.27941176470588236,0.029411764705882353,4,29,5,9,15,161,0,0,5,0,0,0,0,1,1,0,boost,0,,,0,0,1,6,0,0,0,0,0,0,2,2,25,8,-15.1,0,0,,,,,,,,
983,641a0f4066850e5f342d94f74b29eaf19a6fdd6359a2e4e2b12b22031c184da1,ransomware,FAILED,LockBit,cape,static_only,0,0.3,,,,,,,,,,,,,,,,,,,,0,0,0,0,0,0,0,0,0,0,0,,0,,,,,,,,,,,,,,,,,,,,,,,,,,,
984,5a96b929383817aa298eec8cca019bcd984fcd71dd8ee353541392c1082756a4,ransomware,TRUE_ENCRYPTION,Phobos,cape,full,1,10.0,Phobos,535,0,,,,977,535,3189,1397,6,17,5.960747663551402,2.611214953271028,95,365,67,19,279,111,0,0,8,0,3,0,5,1,0,2,,2191,0,0,0,0,1,15,4,2,0,0,0,0,5,5,8,1,-316.7,5,2,0,0,,0,627.2,5,1,0.117
985,4bfd58d4e4a6fe5e91b408bc190a24d352124902085f9c2da948ad7d79b72618,ransomware,TRUE_ENCRYPTION,Conti,cape,full,1,10.0,Conti,2916,19528,0.07634354949028092,5.6909969902662425,7.35675762062091,3029,2916,1,3718,0,9,0.0003429355281207133,1.275034293552812,160,282,102,26,154,66,0,0,5,0,0,0,0,0,2,0,,0,,,0,1,0,8,0,0,0,0,0,0,4,6,7,5,5.7,0,0,,,,,,,,
986,0077e7d6e90ad972b64e90c343c617482f39505deff44ebff99ff49041252dcb,ransomware,NO_VICTIM_ACTIVITY,Hive,cape,full,1,9.0,,67,0,,,,92,67,19,2,5,5,0.2835820895522388,0.029850746268656716,4,27,5,9,13,161,0,0,5,0,0,0,0,1,1,0,boost,0,,,0,0,1,6,0,0,0,0,0,0,2,2,25,8,-17.9,0,0,,,,,,,,
987,0b02c55fbb40d7757b5808efe3fd1343f943bcefb92e0009689f4995e3eb26c0,ransomware,FAILED,LockBit,cape,static_only,0,0.3,,,,,,,,,,,,,,,,,,,,0,0,0,0,0,0,0,0,0,0,0,,0,,,,,,,,,,,,,,,,,,,,,,,,,,,
988,55c30024aed833336eb4720a1a4a40c78496efb27b3c4d5c3f1d1b5935c12715,ransomware,TRUE_ENCRYPTION,Phobos,cape,full,1,10.0,Phobos,1364,0,,,,2864,1364,3100,1407,6,21,2.272727272727273,1.031524926686217,100,381,96,14,271,111,0,0,8,0,3,0,5,1,0,2,,1612,0,0,0,0,1,16,4,2,0,0,0,0,7,7,5,0,-257.4,2,1,0,0,,0,630.2,2,1,0.112
989,6815e1e06e29863290319eb3e814ae2a394271aa2f95cc7c31a649c4c2f4fd04,ransomware,FAILED,Conti,cape,static_only,1,10.0,Conti,,,,,,,,,,,,,,,,,,,66,0,0,5,0,0,0,0,0,2,0,,0,,,,,,,,,,,,,,,,,,,,,,,,,,,
990,f19a795a01ec22eb27174da923ca0721e22baa7f0982059b0e644c76b6154a3f,ransomware,NO_VICTIM_ACTIVITY,Hive,cape,full,1,9.0,,68,0,,,,98,68,19,2,5,5,0.27941176470588236,0.029411764705882353,4,23,3,9,11,161,0,0,5,0,0,0,0,1,1,0,boost,0,,,0,0,1,6,0,0,0,0,0,0,2,2,38,11,-27.2,0,0,,,,,,,,
991,17594425d252777b2c8fb42b66b943567406398edb5ee5f57cbf88b42c82a65c,ransomware,TRUE_ENCRYPTION,LockBit,cape,full,1,9.0,Scarab-Dharma,114,0,,,,123,114,15,215,43,5,0.13157894736842105,1.8859649122807018,20,35,2,8,25,23,0,0,0,0,0,0,0,0,0,0,,0,,,0,0,1,6,0,0,0,0,0,0,2,14,30,8,-1.3,0,0,,,,,,,,
992,33d32078ebe0c9429e405fdeb347dfb1ba5543e61d1179d13edffc7943b57640,ransomware,TRUE_ENCRYPTION,Phobos,cape,full,1,10.0,Phobos,1042,0,,,,1358,1042,3041,1391,6,19,2.918426103646833,1.334932821497121,89,367,98,16,253,111,0,0,8,0,3,0,5,1,0,2,,1992,0,0,0,0,1,14,4,2,0,0,0,0,4,4,18,1,-322.6,3,2,0,0,,0,595.4,3,1,0.114
993,4d8fcd9492a256c0cb9567e63b53b75c2a591f5eebe7293298239736034b742a,ransomware,FAILED,Conti,cape,static_only,1,10.0,Conti,,,,,,,,,,,,,,,,,,,66,0,0,5,0,0,0,0,0,2,0,,0,,,,,,,,,,,,,,,,,,,,,,,,,,,
994,be69a27ea4cea45c49e75a0eb57cd503190d08eb97184c492c084a822e29374e,ransomware,NO_VICTIM_ACTIVITY,Hive,cape,full,1,9.0,,67,0,,,,96,67,19,2,5,5,0.2835820895522388,0.029850746268656716,4,32,4,11,17,161,0,0,5,0,0,0,0,1,1,0,boost,0,,,0,0,1,6,0,0,0,0,0,0,2,2,25,8,-16.7,0,0,,,,,,,,
995,ea61537e950260b9375b55563364068b0f05ffc48ca9864480d2bc04abc49ca8,ransomware,FAILED,LockBit,cape,static_only,0,0.3,,,,,,,,,,,,,,,,,,,,0,0,0,0,0,0,0,0,0,0,0,,0,,,,,,,,,,,,,,,,,,,,,,,,,,,
996,c6960bb3329175489959ec95de0a83a3bd5f206f8cd7f46633e34a0227973d0e,ransomware,TRUE_ENCRYPTION,Phobos,cape,full,1,10.0,Phobos,815,0,,,,2365,815,3124,1438,6,16,3.8331288343558283,1.7644171779141105,101,365,75,12,278,111,0,0,8,0,3,0,5,1,0,2,,1881,0,0,0,0,1,13,4,2,0,0,0,0,4,4,10,0,-301.5,2,1,0,0,,0,602.6,2,1,0.118
997,4f17d7fa344b970890ed1bc52a0da95146cab9fe56ecabafafacb0ad212558c9,ransomware,FAILED,Conti,cape,static_only,1,10.0,Conti,,,,,,,,,,,,,,,,,,,66,0,0,5,0,0,0,0,0,2,0,,0,,,,,,,,,,,,,,,,,,,,,,,,,,,
998,2918ebcbf06f5816d68ababd97c249ba3cf79d4bfab199761d6cfa40c10c1d60,ransomware,FAILED,Hive,cape,full,1,0.3,,0,0,,,,0,0,0,0,0,0,,,0,0,0,0,0,39,0,0,1,0,0,0,0,0,1,0,boost,0,,,0,0,1,0,0,0,0,0,0,0,0,0,0,0,,0,0,,,,,,,,
999,acfe3f344edfbd4f62f2e28ff96bb3c62b589ab895990ee2498a33280442c0b3,ransomware,FAILED,LockBit,cape,static_only,1,1.3,,,,,,,,,,,,,,,,,,,,24,0,0,0,0,0,0,0,0,0,0,,0,,,,,,,,,,,,,,,,,,,,,,,,,,,
1000,fa0a1227da320afa57509dadf4ece1f264c184abd61f425ae00c43c19e09b006,ransomware,TRUE_ENCRYPTION,Phobos,cape,full,1,10.0,Phobos,1322,0,,,,2690,1322,2869,1399,5,27,2.170196671709531,1.0582450832072616,77,361,86,16,259,111,0,0,8,0,3,0,5,1,0,2,,1659,0,0,0,0,1,19,4,2,0,0,0,0,4,4,14,0,-301.7,2,1,0,0,,0,574.2,2,1,0.117
1001,58ca4e482db7cf5c924256e53d8516d422e76cf4b85b43dc2b9ba0c7cb471ff7,ransomware,FAILED,Conti,cape,static_only,1,10.0,Conti,,,,,,,,,,,,,,,,,,,66,0,0,5,0,0,0,0,0,2,0,,0,,,,,,,,,,,,,,,,,,,,,,,,,,,
1002,59a9f0de96eff57768e995b296ae75778a232f30d95a7b7ab5048c621b50c66d,ransomware,FAILED,Conti,cape,full,1,10.0,Conti,0,0,,,,0,0,0,0,0,0,,,0,0,0,0,0,60,0,0,0,0,0,0,0,0,0,0,,60,0,0,0,0,1,0,0,0,0,0,0,0,0,0,0,0,,0,0,,,,,,,,
1003,2f7ab4f79c6c0c2095d1964c414eb28c6e9513d6cfd1c01455c0c373d081290d,ransomware,FAILED,Hive,cape,full,1,0.3,,0,0,,,,0,0,0,0,0,0,,,0,0,0,0,0,39,0,0,1,0,0,0,0,0,1,0,boost,0,,,0,0,1,0,0,0,0,0,0,0,0,0,0,0,,0,0,,,,,,,,
1004,7ca57576c6a2d7dbf49faeafd4804c6b86d9af7fff1390c58a30eb9d9bf2fbfd,ransomware,FAILED,Conti,cape,static_only,1,10.0,Conti,,,,,,,,,,,,,,,,,,,66,0,0,5,0,0,0,0,0,2,0,,0,,,,,,,,,,,,,,,,,,,,,,,,,,,
1005,b924bd60cc419ee92e7c55cb20eb5fe43e2a9c440b5d6ed8b78446bbd180795c,ransomware,NO_VICTIM_ACTIVITY,Hive,cape,full,1,9.0,,67,0,,,,94,67,19,2,5,6,0.2835820895522388,0.029850746268656716,4,30,5,11,14,161,0,0,5,0,0,0,0,1,1,0,boost,0,,,0,0,1,7,0,0,0,0,0,0,2,2,38,11,-33.7,0,0,,,,,,,,
1006,f7c432afe20c31ddd75dbb214f1b7aaeb400d9d17da6d9e3c0d7cf1dd38bf524,ransomware,TRUE_ENCRYPTION,LockBit,cape,full,0,9.0,Scarab-Dharma,106,2,-0.003379244495683289,1.5,1.5,414,106,24,542,70,7,0.22641509433962265,5.113207547169812,26,78,0,36,42,3,0,0,0,0,0,0,0,0,0,0,,0,,,0,1,0,9,0,0,0,0,0,0,2,16,2332,10,-1.5,0,0,,,,,,,,
1007,eb740005273c087baf42b0c3a49a7c5b7225256681106c72567db92fc2048ada,ransomware,TRUE_ENCRYPTION,Phobos,cape,full,1,10.0,Phobos,1316,0,,,,2969,1316,3058,1418,3,24,2.32370820668693,1.0775075987841944,99,403,79,31,293,111,0,0,8,0,3,0,5,1,0,2,,1767,0,0,0,0,1,17,4,2,0,0,0,0,5,5,18,1,-307.1,3,2,0,0,,0,629.7,3,1,0.113
1008,d16645bce49ea342c4b4f5afa3f711bf0a3986a4a7354f96f24a21f161fff7cb,ransomware,FAILED,Conti,cape,static_only,1,10.0,Conti,,,,,,,,,,,,,,,,,,,66,0,0,5,0,0,0,0,0,2,0,,0,,,,,,,,,,,,,,,,,,,,,,,,,,,
1009,ef2cd9ded5532af231e0990feaf2df8fd79dc63f7a677192e17b89ef4adb7dd2,ransomware,FAILED,Conti,cape,static_only,1,10.0,Conti,,,,,,,,,,,,,,,,,,,66,0,0,5,0,0,0,0,0,2,0,,0,,,,,,,,,,,,,,,,,,,,,,,,,,,
1010,117fc30c25b1f28cd923b530ab9f91a0a818925b0b89b8bc9a7f820a9e630464,ransomware,NO_VICTIM_ACTIVITY,Hive,cape,full,1,9.0,,63,0,,,,41,63,9,2,5,7,0.14285714285714285,0.031746031746031744,3,25,2,8,15,40,0,0,2,0,0,0,0,0,1,0,boost,0,,,0,0,1,8,3,0,0,0,0,0,4,4,25,8,162.8,1,1,1,1,230.1,11,131.5,0,1,
1011,1814a6a6749684cdacd792374e0ba31b7be4ff6f9675f3fd15d543afbb540367,ransomware,TRUE_ENCRYPTION,Conti,cape,full,0,9.0,,206,371,0.4156019397417927,7.17840475959391,7.289202309297593,153,206,10,54,5,12,0.04854368932038835,0.2621359223300971,10,71,35,14,22,0,0,0,0,0,0,0,0,0,0,0,,0,,,,,,12,0,0,0,0,0,0,3,3,33,8,-116.0,2,1,0,0,,0,373.9,2,1,0.189
1012,43d8c0c1c5f1343775230e0a039a141dbec618a1ae0edaa27893274bf189718c,ransomware,NO_VICTIM_ACTIVITY,Hive,cape,full,1,0.5,,1,0,,,,1,1,0,0,0,0,0.0,0.0,0,1,0,1,0,39,0,0,2,0,0,0,0,0,1,0,boost,0,,,0,0,1,0,0,0,0,0,0,0,0,0,0,0,,0,0,,,,,,,,
1013,4f4a33f70099855f5f503716515f388da3a5daa1e2fac59ec6c881e89ef7d072,ransomware,TRUE_ENCRYPTION,Conti,cape,full,0,10.0,Conti,3292,19009,0.22241740501805018,5.681659222160634,7.354061073168832,3668,3292,1,3866,0,22,0.00030376670716889426,1.1743620899149454,162,280,98,10,172,19,0,0,0,0,0,0,0,0,0,0,,19,0,0,0,1,0,9,0,0,0,0,0,0,5,12,18,8,4.8,0,0,,,,,,,,
1014,b6bad27a3180da1b25abbffa4a0395be46b6ef136c8a38b3978b8c26b2f0d1aa,ransomware,NO_VICTIM_ACTIVITY,Hive,cape,full,0,6.0,,357,322,-0.06538605604150345,6.170594905027577,6.376825800964972,49,357,3,0,0,7,0.008403361344537815,0.0,3,24,0,8,16,5,0,0,0,0,0,0,0,0,0,0,,91,0,0,0,1,0,7,0,0,0,0,0,0,1,1,0,0,-368.1,0,0,,,,,,,,
1015,dc2f69fcc0ee9a810e269948a3c8ed0d157faaad98b9bec2becba6735a728fe2,ransomware,TRUE_ENCRYPTION,LockBit,cape,full,1,9.0,Scarab-Dharma,103,0,,,,854,103,25,710,172,6,0.24271844660194175,6.893203883495145,33,63,1,9,53,25,0,0,0,0,0,0,0,0,0,0,,0,,,0,0,1,7,0,0,0,0,0,0,2,14,32,13,-1.9,0,0,,,,,,,,
1016,d21c71a090cd6759efc1f258b4d087e82c281ce65a9d76f20a24857901e694fc,ransomware,FAILED,Conti,cape,full,1,10.0,Conti,0,0,,,,0,0,0,0,0,0,,,0,0,0,0,0,139,0,0,4,1,0,0,0,0,2,1,boost,66,0,0,0,0,1,0,0,0,0,0,0,0,0,0,0,0,,0,0,,,,,,,,
1017,ca4f64a4b97c079e3835b30d39b8d0ed3dec2994f98e11c3aeb6b3130a00903b,ransomware,NO_VICTIM_ACTIVITY,Hive,cape,full,1,9.0,,5,0,,,,13,5,0,1,0,8,0.0,0.2,1,16,0,2,14,39,0,0,2,0,0,0,0,0,1,0,boost,84,0,0,0,0,1,9,0,0,0,0,0,0,2,2,18,0,-35.0,0,0,,,,,,,,
1018,8b13802f1e7b60cbd1e0a120ec41dcdae659712b0cff79188c176c7a55e67e59,ransomware,TRUE_ENCRYPTION,LockBit,cape,full,1,9.0,Scarab-Dharma,114,2,-0.004128692098279913,2.0,2.0,414,114,25,543,69,18,0.21929824561403508,4.7631578947368425,27,60,2,9,49,23,0,0,0,0,0,0,0,0,0,0,,0,,,0,1,0,9,0,0,0,0,0,0,3,21,2336,8,-1.7,0,0,,,,,,,,
1019,1ce8a939b3e7d84c59c12dc9e1091532f4336dac533847b6533b01d9dcf494e9,ransomware,FAILED,Conti,cape,static_only,1,10.0,Conti,,,,,,,,,,,,,,,,,,,66,0,0,5,0,0,0,0,0,2,0,,0,,,,,,,,,,,,,,,,,,,,,,,,,,,
1020,0787ae2c43d3a8d3f69ab3d69692f789e0b4fa27b276e072ca44a82074477e34,ransomware,FAILED,Hive,cape,full,1,0.8,,0,0,,,,0,0,0,0,0,0,,,0,0,0,0,0,39,0,0,2,0,0,0,0,0,1,0,boost,0,,,0,0,1,0,0,0,0,0,0,0,0,0,0,0,,0,0,,,,,,,,
1021,af1408a4d276842bea2ff1528fc1d2b93889a1fc4a91c6594fc27af325120da8,ransomware,TRUE_ENCRYPTION,Conti,cape,full,1,9.0,Scarab-Dharma,3070,14390,-0.09620093874032806,5.337818267693798,7.380242807673342,3498,3070,1,4229,0,7,0.0003257328990228013,1.3775244299674267,172,443,200,21,222,74,0,0,5,0,0,0,0,0,2,0,,0,,,0,1,0,6,0,0,0,0,0,0,4,6,5,5,7.7,0,0,,,,,,,,
1022,a14c357821311e9c07a8c025e13f930294e3a2d0363e2f7bd7d37124fa7a5675,ransomware,NO_VICTIM_ACTIVITY,Hive,cape,full,0,0.3,,0,0,,,,0,0,0,0,0,0,,,0,0,0,0,0,4,0,0,0,0,0,0,0,0,0,0,,3,0,0,0,0,1,0,0,0,0,0,0,0,0,0,0,0,,0,0,,,,,,,,
1023,fa13f5a811e591c79f3207500604455879f34edf6ace61d5e34d54c3a5e8af64,ransomware,FAILED,Conti,cape,full,1,1.8,,0,0,,,,2,0,0,0,0,0,,,0,1,0,0,1,79,0,0,1,0,0,0,0,0,0,0,,0,,,0,0,1,0,0,0,0,0,0,0,0,0,0,0,,0,0,,,,,,,,
1024,bea23a43516196082bad5c47784233b3ee0b4b0217384a74781616dadd84db50,ransomware,NO_VICTIM_ACTIVITY,Hive,cape,full,0,6.0,,71,0,,,,110,71,9,2,5,10,0.1267605633802817,0.028169014084507043,3,39,2,11,26,4,0,0,0,0,0,0,0,0,0,0,,25,0,0,0,0,1,11,0,0,0,0,0,0,2,2,38,11,-12.1,3,1,3,1,242.8,11,93.0,0,1,
1025,af93184558add5c5f7c3551e94f2fbecde5aeba5141be7d29f4577b67551a35a,ransomware,NO_VICTIM_ACTIVITY,LockBit,cape,full,1,0.3,,0,0,,,,0,0,0,0,0,0,,,0,0,0,0,0,40,0,0,2,0,0,0,0,0,1,0,boost,0,,,0,0,1,0,0,0,0,0,0,0,0,0,0,0,,0,0,,,,,,,,
1026,c503289716c5b6c581a99953a90bcc2b93f14353658bd931aa83fd55d02624f1,ransomware,FAILED,Conti,cape,full,1,1.8,,0,0,,,,2,0,0,0,0,0,,,0,1,0,0,1,79,0,0,1,0,0,0,0,0,0,0,,0,,,0,0,1,0,0,0,0,0,0,0,0,0,0,0,,0,0,,,,,,,,
1027,99d32bfd135a2a1575b0f83a31a0ab817a6a4fe329f3e05bebdb73c26f988658,ransomware,NO_VICTIM_ACTIVITY,Hive,cape,full,1,1.3,,39,0,,,,6,39,0,0,0,1,0.0,0.0,0,27,0,26,1,40,0,0,2,0,0,0,0,0,1,0,boost,0,,,0,0,1,1,0,0,0,0,0,0,0,0,0,0,,0,0,,,,,,,,
1028,f0278073fc7f61f547b0580522abc519630041e41782f86af1113ad0242f2da0,ransomware,FAILED,Conti,cape,full,1,1.8,,0,0,,,,2,0,0,0,0,0,,,0,1,0,0,1,79,0,0,1,0,0,0,0,0,0,0,,0,,,0,0,1,0,0,0,0,0,0,0,0,0,0,0,,0,0,,,,,,,,
1029,cbdfac8826b8d6eb2c5f01fd617d72a62c63fd4458f10cdd8ce5b16db530dfe7,ransomware,NO_VICTIM_ACTIVITY,Hive,cape,full,1,8.0,,66,0,,,,29,66,9,2,5,6,0.13636363636363635,0.030303030303030304,3,23,2,10,11,40,0,0,2,0,0,0,0,0,1,0,boost,0,,,0,0,1,8,0,0,0,0,0,0,2,2,25,8,4.5,1,1,1,1,251.7,11,56.0,0,1,
1030,a95000278cb1a755177d270dcfbf214cb73b5a410408345a18ec51b628ff7efa,ransomware,TRUE_ENCRYPTION,LockBit,cape,full,0,10.0,Lockbit,2767,0,,,,2068,2767,14,2,5,19,0.005059631369714492,0.0007228044813877846,6,142,3,103,36,9,0,0,0,0,0,0,0,0,0,0,libsodium,0,,,0,0,1,19,6,5,0,0,3,0,4,4,46,9,2.7,4,2,0,0,,0,290.0,4,1,0.064
1031,3cd91569a21a59a71582397b762633808e0b413c78210ee48cefcffede66f356,ransomware,FAILED,Conti,cape,full,1,1.8,,0,0,,,,2,0,0,0,0,0,,,0,1,0,0,1,79,0,0,1,0,0,0,0,0,0,0,,0,,,0,0,1,0,0,0,0,0,0,0,0,0,0,0,,0,0,,,,,,,,
1032,a738f6016086abdd2824b797ec67feee3bc39d52b0b0ae94bd1384c58ed3d5d6,ransomware,NO_VICTIM_ACTIVITY,Hive,cape,full,0,1.3,,1,81,-0.22202115606083464,6.966171795273742,6.966171795273742,0,1,0,0,0,0,0.0,0.0,0,1,0,1,0,4,0,0,0,0,0,0,0,0,0,0,,3,0,0,0,1,0,0,0,0,0,0,0,0,0,0,0,0,,0,0,,,,,,,,
1033,442f78f823663cea5da451a9710ece34dbbb29d61985381e6393f6ea1219466b,ransomware,TRUE_ENCRYPTION,LockBit,cape,full,1,9.0,Scarab-Dharma,101,0,,,,294,101,17,277,50,6,0.16831683168316833,2.742574257425743,23,37,2,6,29,25,0,0,0,0,0,0,0,0,0,0,,0,,,0,0,1,7,0,0,0,0,0,0,2,14,25,8,1.3,0,0,,,,,,,,
1034,4d30670f6311dc373dcbfb5bd93cf1621b1d6c425c8c9a95dc0a1317d0bdf648,ransomware,TRUE_ENCRYPTION,Phobos,cape,full,1,10.0,Phobos,1103,0,,,,2418,1103,3890,108,3,13,3.5267452402538533,0.09791477787851315,50,519,157,24,338,111,0,0,8,0,3,0,5,1,0,2,,0,,,0,0,1,14,4,2,0,0,0,0,3,3,6,1,-360.3,5,2,0,0,,0,606.6,5,1,0.088
1035,2afea8912f1b7afa3a4348ef4e027f7a46f4a2ade824196265ea1ac952e172b3,ransomware,FAILED,Conti,cape,full,1,1.8,,0,0,,,,2,0,0,0,0,0,,,0,1,0,0,1,79,0,0,1,0,0,0,0,0,0,0,,0,,,0,0,1,0,0,0,0,0,0,0,0,0,0,0,,0,0,,,,,,,,
1036,12c1faf03d13bcff2c86412ba517f479d43a7030307f37e3af344ec1eb80da42,ransomware,NO_VICTIM_ACTIVITY,Hive,cape,full,0,8.0,,0,0,,,,0,0,0,0,0,0,,,0,0,0,0,0,5,0,0,0,0,0,0,0,0,0,0,,90,0,0,0,0,1,0,0,0,0,0,0,0,0,0,0,0,,0,0,,,,,,,,
1037,a5e6df754a4d3bb72f4d5c91d6b582e7e2c2f87ca838f5d976bc82384a5ad2d1,ransomware,TRUE_ENCRYPTION,LockBit,cape,full,1,9.0,Scarab-Dharma,114,0,,,,293,114,14,222,26,5,0.12280701754385964,1.9473684210526316,23,35,2,11,22,23,0,0,0,0,0,0,0,0,0,0,,0,,,0,0,1,6,0,0,0,0,0,0,2,14,30,8,-0.9,0,0,,,,,,,,
1038,8642770995c3663ff3b46a3f8c946d38d475c0a2373c281aca3fae221c430ed5,ransomware,TRUE_ENCRYPTION,Phobos,cape,full,1,10.0,Phobos,1063,0,,,,1718,1063,3035,1393,6,18,2.8551269990592663,1.310442144873001,97,361,88,21,252,111,0,0,8,0,3,0,5,1,0,2,,1767,0,0,0,0,1,15,4,2,0,0,0,0,5,5,22,4,-268.8,5,2,0,0,,0,607.3,5,1,0.092
1039,8c731863fb2de1858e64569149b1a0a78e3c25a90a88faf7db6e4c5f088ebe61,ransomware,FAILED,Conti,cape,full,1,1.8,,0,0,,,,2,0,0,0,0,0,,,0,1,0,0,1,79,0,0,1,0,0,0,0,0,0,0,,0,,,0,0,1,0,0,0,0,0,0,0,0,0,0,0,,0,0,,,,,,,,
1040,1ae58396525d6ffc72b14719d1d5aeac7bd2168f5a726aa038fb1d15b3c1bad3,ransomware,NO_VICTIM_ACTIVITY,Hive,cape,full,0,8.0,,0,0,,,,0,0,0,0,0,0,,,0,0,0,0,0,5,0,0,0,0,0,0,0,0,0,0,,90,0,0,0,0,1,0,0,0,0,0,0,0,0,0,0,0,,0,0,,,,,,,,
1041,27389c160ceee51ca1f2b111ca8b221dc75b71cc699789da65802dce082dfbb4,ransomware,TRUE_ENCRYPTION,LockBit,cape,full,1,9.0,Scarab-Dharma,115,0,,,,513,115,16,359,106,17,0.1391304347826087,3.121739130434783,25,52,1,9,42,25,0,0,0,0,0,0,0,0,0,0,,0,,,0,0,1,9,0,0,0,0,0,0,3,20,25,8,1.3,0,0,,,,,,,,
1042,d8acb51e4c3c0fe91ff0ffff41e6b6c311affcea223b05b24383aa07d6923334,ransomware,TRUE_ENCRYPTION,Phobos,cape,full,1,10.0,Phobos,1449,0,,,,2669,1449,3017,1401,6,23,2.082125603864734,0.9668737060041408,96,362,82,24,256,111,0,0,8,0,3,0,5,1,0,2,,2191,0,0,0,0,1,20,4,2,0,0,0,0,4,4,19,1,-299.9,5,2,0,0,,0,559.9,5,1,0.094
1043,6941ae541692b03f44f81bd5517e0ff225e2a57a0897dbb0399417c88ff7418f,ransomware,FAILED,Conti,cape,full,1,1.8,,0,0,,,,2,0,0,0,0,0,,,0,1,0,0,1,79,0,0,1,0,0,0,0,0,0,0,,0,,,0,0,1,0,0,0,0,0,0,0,0,0,0,0,,0,0,,,,,,,,
1044,e434ec347a8ea1f0712561bccf0153468a943e16d2cd792fbc72720bd0a8002e,ransomware,NO_VICTIM_ACTIVITY,Hive,cape,full,0,8.0,,0,0,,,,0,0,0,0,0,0,,,0,0,0,0,0,5,0,0,0,0,0,0,0,0,0,0,,90,0,0,0,0,1,0,0,0,0,0,0,0,0,0,0,0,,0,0,,,,,,,,
1045,1c2a51daa50a0489a8734d3577b43bcaf78f32ab34a404d2f6026af5ed33cd5b,ransomware,TRUE_ENCRYPTION,LockBit,cape,full,1,9.0,Scarab-Dharma,163,2,-0.004131596131909917,2.0,2.0,1100,163,19,568,63,7,0.1165644171779141,3.4846625766871164,26,97,0,40,57,23,0,0,0,0,0,0,0,0,0,0,,0,,,0,1,0,9,0,0,0,0,0,0,3,18,2318,0,-0.7,0,0,,,,,,,,
1046,ef2e0cc0c05fb633f539b333d88842ebef9a357d790fe1dd3cb28934be350d3f,ransomware,TRUE_ENCRYPTION,Phobos,cape,full,1,10.0,Phobos,964,0,,,,2203,964,3146,1443,5,14,3.263485477178423,1.4968879668049793,93,377,90,17,270,111,0,0,8,0,3,0,5,1,0,2,,1881,0,0,0,0,1,14,4,2,0,0,0,0,4,4,6,1,-300.0,5,2,0,0,,0,623.4,5,1,0.089
1047,7c1f7301e0564fff94345804c53da597ab4749c31bbff3f1c8d0786fabc4b4b5,ransomware,FAILED,Conti,cape,full,1,1.8,,0,0,,,,2,0,0,0,0,0,,,0,1,0,0,1,79,0,0,1,0,0,0,0,0,0,0,,0,,,0,0,1,0,0,0,0,0,0,0,0,0,0,0,,0,0,,,,,,,,
1048,011c781cef00e6451e27af18a558c3b12fef80f9f49355add6f02b5f900a3e82,ransomware,NO_VICTIM_ACTIVITY,Hive,cape,full,0,0.7,,0,0,,,,241,0,0,0,0,5,,,0,32,0,0,32,4,0,0,0,0,0,0,0,0,0,0,boost,3,0,0,0,0,1,4,0,0,0,0,0,0,3,3,15,3,,0,0,,,,,,,,
1049,8958d7b8c51215d6a27444b2760f1ce843a414d380052e6e71c2af6e9ab69ce2,ransomware,TRUE_ENCRYPTION,LockBit,cape,full,0,10.0,Lockbit,4084,0,,,,4663,4084,34,17,5,25,0.00832517140058766,0.00416258570029383,8,310,3,170,137,9,0,0,0,0,0,0,0,0,0,0,libsodium,0,,,0,0,1,21,7,6,0,0,2,0,5,5,84,16,1.5,4,2,0,0,,0,532.9,4,1,0.028
1050,71b46e95fba31267475537a338f49ce1cd0bc56c0f15346b05b673051cbe90a8,ransomware,TRUE_ENCRYPTION,Phobos,cape,full,1,10.0,Phobos,2014,0,,,,3913,2014,3536,101,6,12,1.7557100297914598,0.05014895729890765,48,531,227,36,268,111,0,0,8,0,3,0,5,1,0,2,,0,,,0,0,1,12,4,2,0,0,0,0,3,3,6,1,-403.4,5,2,0,0,,0,616.4,5,1,0.117
1051,b4d8b085852dda972eb4157cc00d3e25e8fc02e581dfa43f0e052e4f5135767f,ransomware,FAILED,Conti,cape,full,1,1.8,,0,0,,,,2,0,0,0,0,0,,,0,1,0,0,1,79,0,0,1,0,0,0,0,0,0,0,,0,,,0,0,1,0,0,0,0,0,0,0,0,0,0,0,,0,0,,,,,,,,
1052,5e6c5a9fda2d20125f6f24e37e8a217a39ff0a5cfddc07ddfdb18049d9ea4597,ransomware,FAILED,Hive,cape,static_only,1,0.8,,,,,,,,,,,,,,,,,,,,40,0,0,2,0,0,0,0,0,1,0,boost,0,,,,,,,,,,,,,,,,,,,,,,,,,,,
1053,7785a14e0b0a09fe2098bc31dae44ce3b3a70854d682316c1bf19b8637dd4056,ransomware,TRUE_ENCRYPTION,LockBit,cape,full,1,9.0,Scarab-Dharma,107,2,-0.003708950369408254,2.0,2.0,3267,107,25,4875,1810,22,0.2336448598130841,45.5607476635514,105,323,1,13,309,24,0,0,0,0,0,0,0,0,0,0,,0,,,0,1,0,13,0,0,0,0,0,0,3,29,2351,16,-1.9,0,0,,,,,,,,
1054,108cfca8867eb4f94082cddacf63fbdd8369b0991873a20afc3210f2d5e4ec61,ransomware,TRUE_ENCRYPTION,Phobos,cape,full,1,10.0,Phobos,1316,0,,,,3912,1316,330,50,4,8,0.2507598784194529,0.037993920972644375,45,586,129,119,338,540,0,0,8,0,0,0,0,1,1,0,,2959,4,4,0,0,1,9,3,0,0,0,0,0,4,4,12,1,-274.5,2,1,0,0,,0,686.5,2,1,0.271
1055,51ecf0ac3ce65c9eee40bd9c6cc788e38a6777ce809b509963d4869b1a80354d,ransomware,FAILED,Conti,cape,full,1,2.0,,0,0,,,,2,0,0,0,0,0,,,0,1,0,0,1,107,0,0,1,0,0,0,0,0,1,0,,0,,,0,0,1,0,0,0,0,0,0,0,0,0,0,0,,0,0,,,,,,,,
1056,8b6d63b2b7829c89877231c11bbcb8984abab9a344e918780bea6d0cf4632bc5,ransomware,NO_VICTIM_ACTIVITY,Hive,cape,full,1,9.0,,43,108,0.004616009777329174,3.0362811207466307,6.451355874103336,1931,43,2,1,0,8,0.046511627906976744,0.023255813953488372,2,187,1,7,179,40,0,0,2,0,0,0,0,0,1,0,boost,0,,,0,1,0,8,0,0,0,0,0,0,3,3,446,128,-22.4,0,0,,,,,,,,
1057,f3e891a2a39dd948cd85e1c8335a83e640d0987dbd48c16001a02f6b7c1733ae,ransomware,TRUE_ENCRYPTION,LockBit,cape,full,0,10.0,Lockbit,3872,0,,,,4792,3872,6,1,0,22,0.0015495867768595042,0.00025826446280991736,4,249,0,134,115,0,0,0,0,0,0,0,0,0,0,0,libsodium,0,,,,,,16,3,3,0,0,3,0,2,2,38,3,-122.4,0,0,,,,,,,,
1058,b5475975e30be3c1ff6c97d148def1287dc3a0341d546198df85dbb66c1b6ffa,ransomware,WEAK_VICTIM_ACTIVITY,Phobos,cape,full,1,10.0,Phobos,243,0,,,,648,243,2,1,6,32,0.00823045267489712,0.00411522633744856,2,111,0,71,40,85,0,0,3,0,0,0,0,0,0,0,,4191,2,2,0,0,1,21,4,2,0,0,0,0,7,12,9,1,-55.2,5,2,5,1,182.9,3,209.9,0,1,
1059,125f727400ec902951c8588d5f6077e199238c2d428144f5bb83d1fc6a22dac2,ransomware,FAILED,Conti,cape,full,1,2.0,,0,0,,,,2,0,0,0,0,0,,,0,1,0,0,1,107,0,0,1,0,0,0,0,0,1,0,,0,,,0,0,1,0,0,0,0,0,0,0,0,0,0,0,,0,0,,,,,,,,
1060,08ff371dff7eb8283c675a14af2477eede676756cdd4d2252ee7239140445ec9,ransomware,NO_VICTIM_ACTIVITY,Hive,cape,full,1,9.0,,68,0,,,,105,68,19,2,5,4,0.27941176470588236,0.029411764705882353,4,32,1,14,17,39,0,0,2,0,0,0,0,0,1,0,boost,0,,,0,0,1,5,0,0,0,0,0,0,1,1,23,8,-364.2,0,0,,,,,,,,
1061,82f27070eeed223bcc645b1ae47aa9309ef353c1cf5b79141b712ab36e5c55ba,ransomware,NO_VICTIM_ACTIVITY,LockBit,cape,full,1,0.8,,0,0,,,,1,0,0,0,0,0,,,0,1,0,0,1,107,0,0,8,1,1,0,1,1,0,3,,0,,,0,0,1,0,0,0,0,0,0,0,0,0,0,0,,0,0,,,,,,,,
1062,7d9c97a133997396b0625a5d2b762fb8b333f5152d4dd893c7a463cc41372ab5,ransomware,TRUE_ENCRYPTION,Phobos,cape,full,1,10.0,Phobos,1366,0,,,,2757,1366,3643,97,6,14,2.666910688140556,0.07101024890190337,53,546,205,24,317,111,0,0,8,0,3,0,5,1,0,2,,0,,,0,0,1,14,4,2,0,0,0,0,3,3,6,1,-378.4,5,2,0,0,,0,613.1,5,1,0.116
1063,7bb4e30a5272731a9b846b4274aa84662026814b0d610c0c115158be1cd23332,ransomware,FAILED,Conti,cape,full,1,2.0,,0,0,,,,2,0,0,0,0,0,,,0,1,0,0,1,107,0,0,1,0,0,0,0,0,1,0,,0,,,0,0,1,0,0,0,0,0,0,0,0,0,0,0,,0,0,,,,,,,,
1064,a945fd22e8f7272ce950721138fedb657dcfdd8447620a840c17688e3f9e0561,ransomware,NO_VICTIM_ACTIVITY,Hive,cape,full,1,0.3,,6,4517,0.013407274328480658,,,0,6,0,0,0,0,0.0,0.0,0,2,0,2,0,39,0,0,2,0,0,0,0,0,1,0,boost,0,,,0,1,0,0,0,0,0,0,0,0,0,0,0,0,,0,0,,,,,,,,
1065,8d62edc1873f8a8b8415bb56d572786a96bd337eaafcf3dbd7666ba4442553fb,ransomware,TRUE_ENCRYPTION,LockBit,cape,full,0,10.0,Lockbit,4253,0,,,,4762,4253,19,2,5,29,0.0044674347519398075,0.00047025628967787447,8,241,3,127,111,9,0,0,0,0,0,0,0,0,0,0,libsodium,0,,,0,0,1,24,7,6,0,0,3,0,3,3,98,19,-23.2,4,2,0,0,,0,453.0,4,1,0.036
1066,7c2a9bae3bbdc9e38516754d76a192d6a3ce37849c06a8a8d3b06fb7f75916c1,ransomware,TRUE_ENCRYPTION,Phobos,cape,full,1,10.0,Phobos,1604,0,,,,2126,1604,3032,1436,6,16,1.8902743142144638,0.8952618453865336,98,351,90,19,242,111,0,0,8,0,3,0,5,1,0,2,,1636,0,0,0,0,1,16,4,2,0,0,0,0,5,5,8,1,-295.0,5,2,0,0,,0,603.7,5,1,0.095
1067,2ff3f8766332a55fd714923c8822ef236f772551b32e25c2068eb19c9215ed67,ransomware,FAILED,Conti,cape,full,1,2.0,,0,0,,,,2,0,0,0,0,0,,,0,1,0,0,1,107,0,0,1,0,0,0,0,0,1,0,,0,,,0,0,1,0,0,0,0,0,0,0,0,0,0,0,,0,0,,,,,,,,
1068,df94511c0c82d8f95689a4a9574081a9f727f027895a4a8fc14acdb4997866bd,ransomware,NO_VICTIM_ACTIVITY,Hive,cape,full,1,10.0,CobaltStrikeStager,1,0,,,,0,1,0,0,0,0,0.0,0.0,0,1,0,1,0,39,0,0,2,0,0,0,0,0,1,0,boost,0,,,0,0,1,0,0,0,0,0,0,0,0,0,4,0,,0,0,,,,,,,,
1069,19f7d53c4a9ba784fd4c64a06fc6a88caf5a4d9913341a625582d51b1c095ba0,ransomware,TRUE_ENCRYPTION,LockBit,cape,full,0,10.0,Lockbit,4067,6,-0.02541839296940521,3.3031523788307195,3.3031523788307195,4883,4067,32,16,0,36,0.007868207523973445,0.003934103761986722,8,280,0,125,155,9,0,0,0,0,0,0,0,0,0,0,libsodium,0,,,0,1,0,26,5,4,0,0,3,0,6,6,84,12,-24.1,4,2,0,0,,0,581.1,4,1,0.036
1070,b54d6dc708eade0818fcf91e59c7dbe37267abbe43a1672fb5f1c126e021ad7d,ransomware,TRUE_ENCRYPTION,Phobos,cape,full,1,10.0,Phobos,639,0,,,,1649,639,2887,1429,6,16,4.517996870109546,2.236306729264476,98,362,69,19,274,111,0,0,8,0,3,0,5,1,0,2,,2103,0,0,0,0,1,16,4,2,0,0,0,0,6,6,29,3,-257.3,2,1,0,0,,0,598.0,2,1,0.107
1071,74685c3c571f81e1eb2fcbaaca74a9bf792a73b629568ce7571aca5d710f1647,ransomware,FAILED,Conti,cape,full,1,2.0,,0,0,,,,2,0,0,0,0,0,,,0,1,0,0,1,107,0,0,1,0,0,0,0,0,1,0,,0,,,0,0,1,0,0,0,0,0,0,0,0,0,0,0,,0,0,,,,,,,,
1072,1b8c9e7c150bacd466fbe7f12b39883821f23b67cae0a427a57dc37e5ea4390f,ransomware,NO_VICTIM_ACTIVITY,Hive,cape,full,0,8.0,,62,0,,,,64,62,9,2,5,4,0.14516129032258066,0.03225806451612903,3,20,1,7,12,4,0,0,0,0,0,0,0,0,0,0,,3,0,0,0,0,1,5,0,0,0,0,0,0,2,2,25,8,233.0,0,0,,,,,,,,
1073,111093146452b46071976d594172bc81d66427651f5f4cc244ddad9b3eae5c7d,ransomware,TRUE_ENCRYPTION,LockBit,cape,full,1,10.0,Lockbit,4175,0,,,,4823,4175,20,3,5,26,0.004790419161676647,0.000718562874251497,9,253,2,136,115,111,0,0,5,0,0,0,0,0,2,0,,18,0,0,0,0,1,24,6,4,0,0,3,0,4,4,85,16,-35.7,4,2,0,0,,0,430.1,4,1,0.08
1074,cc43fc18d6d1dc662ad747652cd961152ee13dbf2cea9bf75564f3e2e8ffd2e8,ransomware,TRUE_ENCRYPTION,Phobos,cape,full,1,10.0,Phobos,1840,0,,,,3865,1840,3920,710,6,14,2.130434782608696,0.3858695652173913,61,519,183,22,314,111,0,0,8,0,3,0,5,1,0,2,,0,,,0,0,1,15,4,2,0,0,0,0,3,3,6,1,-344.2,5,2,0,0,,0,625.8,5,1,0.086
1075,b8ae41c1122afd180d8dbc011866233945edcb0f19a3f43a1d1033709279cf32,ransomware,FAILED,Conti,cape,full,1,2.0,,0,0,,,,2,0,0,0,0,0,,,0,1,0,0,1,107,0,0,1,0,0,0,0,0,1,0,,0,,,0,0,1,0,0,0,0,0,0,0,0,0,0,0,,0,0,,,,,,,,
1076,902c65435b6b44cfda1156b0e7c6a30b2785fa4f2cbb9b1944a66f5146ec7aa5,ransomware,NO_VICTIM_ACTIVITY,Hive,cape,full,0,8.0,,69,228,-5.0914925841260714e-05,,,265,69,9,2,5,4,0.13043478260869565,0.028985507246376812,3,47,2,10,35,4,0,0,0,0,0,0,0,0,0,0,,3,0,0,0,1,0,5,0,0,0,0,0,0,2,2,25,8,235.7,0,0,,,,,,,,
1077,6375e7e4c7cdc3f96afd991c4dfedd5cdfe4b31bf0662dccfa703c117e951f71,ransomware,FAILED,LockBit,cape,full,1,5.5,,0,0,,,,0,0,0,0,0,1,,,0,1,0,0,1,243,0,0,8,0,0,0,0,1,2,0,boost,0,,,0,0,1,1,0,0,0,0,0,0,0,0,0,0,,0,0,,,,,,,,
1078,34c1121937c35b39b654428cf3fc6b16e3e2eed03c1ccbcfc77183d1749ebadc,ransomware,TRUE_ENCRYPTION,Phobos,cape,full,1,9.0,,947,18408,0.22476589026360375,4.768227618069478,7.36473893170435,1756,947,1883,1124,3,28,1.9883843717001055,1.1869060190073917,94,315,57,29,229,115,6,1,8,0,3,0,4,1,2,3,,1262,0,0,0,0,1,18,3,2,0,0,0,0,2,2,22,1,-400.0,6,2,0,0,,0,461.1,4,1,0.015
1079,5d4350bcfecb0746c8aebf6f31052ea95b1901d558e27215bb0197e50f3b9e5c,ransomware,FAILED,Conti,cape,full,1,2.0,,0,0,,,,2,0,0,0,0,0,,,0,1,0,0,1,107,0,0,1,0,0,0,0,0,1,0,,0,,,0,0,1,0,0,0,0,0,0,0,0,0,0,0,,0,0,,,,,,,,
1080,aca731d34c3e99d07af79847db369409e92e387520e44285608f18877b3a1d79,ransomware,NO_VICTIM_ACTIVITY,Hive,cape,full,1,0.6,,1,0,,,,7,1,0,0,0,0,0.0,0.0,0,3,0,1,2,40,0,0,2,0,0,0,0,0,1,0,boost,0,,,0,0,1,0,0,0,0,0,0,0,0,0,0,0,,0,0,,,,,,,,
1081,cea3e8a3e541ae4c928c3cd33f6772f1a69746393ac1a5c4575379a09a92d1e1,ransomware,TRUE_ENCRYPTION,LockBit,cape,full,1,10.0,Lockbit,212,4,-0.01336425429726306,3.219539785312086,3.219539785312086,249,212,16,76,5,33,0.07547169811320754,0.3584905660377358,11,81,20,13,48,201,3,1,8,5,4,0,4,3,0,4,,0,,,0,0,1,26,10,6,0,0,3,0,5,5,47,9,-41.9,5,2,0,0,,0,313.8,5,1,0.047
1082,d50b23e12c661bb78fa3cb317e679fabc4178600048572368bec173a520e4aaf,ransomware,TRUE_ENCRYPTION,Phobos,cape,full,1,10.0,Phobos,1564,0,,,,3682,1564,3849,498,6,12,2.460997442455243,0.31841432225063937,58,514,188,19,307,111,0,0,8,0,3,0,5,1,0,2,,0,,,0,0,1,14,4,2,0,0,0,0,3,3,6,1,-350.8,5,2,0,0,,0,621.5,5,1,0.118
1083,ae90567ca1a3f4dfc430ae9d6cfa5139385c418b6b70f01c2dd4931dc76ff97b,ransomware,FAILED,Conti,cape,full,1,2.0,,0,0,,,,2,0,0,0,0,0,,,0,1,0,0,1,107,0,0,1,0,0,0,0,0,1,0,,0,,,0,0,1,0,0,0,0,0,0,0,0,0,0,0,,0,0,,,,,,,,
1084,47a734e624dac47b9043606c8833001dde8f341d71f77129da2eade4e02b3878,ransomware,NO_VICTIM_ACTIVITY,Hive,cape,full,1,3.0,,0,0,,,,0,0,0,0,0,0,,,0,0,0,0,0,153,0,0,5,0,0,0,0,1,1,0,boost,0,,,0,0,1,0,0,0,0,0,0,0,0,0,0,0,,0,0,,,,,,,,
1085,cc58dcd32a440e7f95d19b653a55c1e2c383efc2bd19443238dd3008c1cbe147,ransomware,FAILED,LockBit,cape,static_only,1,1.3,,,,,,,,,,,,,,,,,,,,24,0,0,0,0,0,0,0,0,0,0,,0,,,,,,,,,,,,,,,,,,,,,,,,,,,
1086,0c0c9a19db1f89d94ddcd8af54fa631798e3ccc82743faae6d9818759f2dbcc1,ransomware,TRUE_ENCRYPTION,Phobos,cape,full,1,10.0,Phobos,1694,4,-0.012778990366917193,3.219539785312086,3.219539785312086,3254,1694,3018,1362,6,18,1.781582054309327,0.8040141676505312,91,393,96,36,261,85,0,0,3,0,0,0,0,0,0,0,,3067,2,2,0,1,0,18,4,2,0,0,0,0,6,8,8,0,-145.1,2,1,0,0,,0,624.4,2,1,0.124
1087,917788f1d9fd2664f18414faec3244a17c7d7ec29296b14b22cf19be90c95df4,ransomware,FAILED,Conti,cape,full,1,2.0,,0,0,,,,2,0,0,0,0,0,,,0,1,0,0,1,107,0,0,1,0,0,0,0,0,1,0,,0,,,0,0,1,0,0,0,0,0,0,0,0,0,0,0,,0,0,,,,,,,,
1088,f2a09b611b6fca3e82b8c3098abc35929779685a9e3f851a6acf4040be002f41,ransomware,NO_VICTIM_ACTIVITY,Hive,cape,full,1,2.3,,1,0,,,,0,1,0,0,0,0,0.0,0.0,0,1,0,1,0,40,0,0,2,0,0,0,0,0,1,0,boost,0,,,0,0,1,0,0,0,0,0,0,0,0,0,1,0,,0,0,,,,,,,,
1089,fef1f9664fde9b23754c691b15a05fdc35a51a0ceb8a18fb9a5a0166e6377c69,ransomware,TRUE_ENCRYPTION,LockBit,cape,full,0,10.0,Lockbit,4216,6,-0.018906504827207234,3.3031523788307195,3.3031523788307195,5005,4216,21,3,5,37,0.004981024667931689,0.0007115749525616698,10,288,2,144,142,9,0,0,0,0,0,0,0,0,0,0,libsodium,0,,,0,1,0,30,7,6,0,0,3,0,4,5,78,17,-71.6,4,2,0,0,,0,552.9,4,1,0.059
1090,bc3b5ef9b1dc2f1b6a23b138c4c7b047479d98dfbdf216097c08a68c2f771732,ransomware,TRUE_ENCRYPTION,Phobos,cape,full,1,10.0,Phobos,1257,0,,,,2486,1257,2970,1413,6,20,2.3627684964200477,1.1241050119331741,102,355,84,21,250,111,0,0,8,0,3,0,5,1,0,2,,2103,0,0,0,0,1,17,4,2,0,0,0,0,4,4,19,1,-297.0,5,2,0,0,,0,602.0,5,1,0.115
1091,3bc43c7980c782e88a508e0a94767f5776f3bd79a94b4ce5630b3927af27fde1,ransomware,FAILED,Conti,cape,full,1,1.2,,0,0,,,,0,0,0,0,0,0,,,0,0,0,0,0,107,0,0,1,0,0,0,0,0,1,0,,0,,,0,0,1,0,0,0,0,0,0,0,0,0,0,0,,0,0,,,,,,,,
1092,ed448b9c4e604c7c6531864ac023cdd8865affab409d581db66281179532fc69,ransomware,NO_VICTIM_ACTIVITY,Hive,cape,full,1,0.3,,0,0,,,,0,0,0,0,0,0,,,0,0,0,0,0,40,0,0,2,0,0,0,0,0,1,0,boost,0,,,0,0,1,0,0,0,0,0,0,0,0,0,0,0,,0,0,,,,,,,,
1093,b9d3d54532bcc21e9b05754ae0a2f81df5434e4dfd1fcbc840e5466ca38d3060,ransomware,TRUE_ENCRYPTION,LockBit,cape,full,0,10.0,Lockbit,3980,0,,,,4850,3980,9,2,0,67,0.0022613065326633165,0.0005025125628140704,7,288,1,126,161,9,0,0,0,0,0,0,0,0,0,0,libsodium,0,,,0,0,1,38,7,6,0,0,3,0,6,9,101,13,-15.3,4,2,0,0,,0,560.6,4,1,0.051
1094,4ae6519e0d6a7aaf9b684497763257e3a752ef0b31b4ba31afb9aecd1af59d9a,ransomware,TRUE_ENCRYPTION,Phobos,cape,full,1,10.0,Phobos,1508,0,,,,3753,1508,3876,139,6,26,2.570291777188329,0.09217506631299735,56,517,174,18,325,111,0,0,8,0,3,0,5,1,0,2,,0,,,0,0,1,17,4,2,0,0,0,0,4,7,6,1,-294.5,5,2,0,0,,0,611.4,5,1,0.089
1095,3a6e8f5a226edc006e29e38c48eaa721c12e48953abd56dcbc9b241975631247,ransomware,FAILED,Conti,cape,full,1,1.2,,0,0,,,,0,0,0,0,0,0,,,0,0,0,0,0,107,0,0,1,0,0,0,0,0,1,0,,0,,,0,0,1,0,0,0,0,0,0,0,0,0,0,0,,0,0,,,,,,,,
1096,9ec0d39cafaff2815558dfcfab82344b78b7b7bf67b5c95eb2faf69965843b12,ransomware,FAILED,Hive,cape,full,1,2.0,,0,0,,,,0,0,0,0,0,0,,,0,0,0,0,0,125,0,0,6,5,0,0,5,3,1,2,,0,,,0,0,1,0,0,0,0,0,0,0,0,0,0,0,,0,0,,,,,,,,
1097,74437ac6c9f630c52c7e230d57d38c4cbc3affb3bec9215f090a0e3dca8e9d78,ransomware,TRUE_ENCRYPTION,LockBit,cape,full,0,10.0,Lockbit,4094,16,-0.023539042193044542,3.3031523788307195,3.3031523788307195,4898,4094,10,2,0,63,0.002442598925256473,0.0004885197850512946,8,297,1,130,166,9,0,0,0,0,0,0,0,0,0,0,libsodium,0,,,0,1,0,37,7,6,0,0,3,0,5,5,93,11,-46.8,4,2,0,0,,0,556.8,4,1,0.043
1098,f4db61bb14a7af406c9cfc33075c6f74ab711bedf1e1fd6edc4f524bd304c1b6,ransomware,TRUE_ENCRYPTION,Phobos,cape,full,1,10.0,Phobos,1966,0,,,,3759,1966,3827,853,6,12,1.9465920651068158,0.4338758901322482,64,500,228,18,254,111,0,0,8,0,3,0,5,1,0,2,,1612,0,0,0,0,1,14,4,2,0,0,0,0,3,3,6,1,-290.1,5,2,0,0,,0,632.2,5,1,0.094
1099,2fc6d7df9252b1e2c4eb3ad7d0d29c188d87548127c44cebc40db9abe8e5aa35,ransomware,TRUE_ENCRYPTION,Conti,cape,full,1,10.0,Conti,3328,20636,0.20895252069701672,5.655895675161515,7.375728369030762,3746,3328,1,4069,0,22,0.00030048076923076925,1.22265625,167,265,96,17,152,68,0,0,5,0,0,0,0,0,2,0,,0,,,0,1,0,9,0,0,0,0,0,0,5,12,5,5,3.7,0,0,,,,,,,,
1100,c72c3e4322467501ecdd4dd18e879e4ea65dca03d9dc9f7f0282e092af553e0e,ransomware,FAILED,Hive,cape,full,1,2.1999999999999997,,0,0,,,,0,0,0,0,0,0,,,0,0,0,0,0,141,0,0,6,5,0,0,5,3,1,2,,0,,,0,0,1,0,0,0,0,0,0,0,0,0,0,0,,0,0,,,,,,,,
1101,98900768d564c6962981edde2759889fdda11bb1113c851468e5c40ddafe1d4d,ransomware,TRUE_ENCRYPTION,LockBit,cape,full,0,10.0,Lockbit,4160,6,-0.02184264086184005,3.3031523788307195,3.3031523788307195,5021,4160,58,28,5,30,0.013942307692307693,0.006730769230769231,9,310,1,154,155,9,0,0,0,0,0,0,0,0,0,0,libsodium,0,,,0,1,0,27,7,6,0,0,3,0,5,6,89,17,-30.5,4,2,0,0,,0,531.9,4,1,0.031
1102,e165b3e962a2916ed4693993f1911c04b18fcbf7fbdaa824d0e57449da4e4099,ransomware,TRUE_ENCRYPTION,Phobos,cape,full,1,10.0,Phobos,1633,0,,,,3852,1633,3851,784,6,12,2.358236374770361,0.4800979791794244,56,501,171,16,314,111,0,0,8,0,3,0,5,1,0,2,,0,,,0,0,1,14,4,2,0,0,0,0,3,3,6,1,-331.5,5,2,0,0,,0,615.9,5,1,0.087
1103,198667b1eda010a431dfb051a101cc73ead1d45ba8d0f6641ec1c14bca4106f3,ransomware,TRUE_ENCRYPTION,Conti,cape,full,1,10.0,Conti,3149,20510,0.16997953091643955,5.653325101793975,7.372674002499739,3725,3149,1,4044,0,24,0.00031756113051762465,1.284217211813274,158,264,87,20,157,68,0,0,5,0,0,0,0,0,2,0,,0,,,0,1,0,10,0,0,0,0,0,0,5,14,18,7,5.5,0,0,,,,,,,,
1104,272f1a3a51a58047de151bb50fa30c9056ab8a3ebfbc8e74919c3e114a5983d3,ransomware,FAILED,Hive,cape,full,1,2.1999999999999997,,0,0,,,,0,0,0,0,0,0,,,0,0,0,0,0,138,0,0,6,5,0,0,5,3,1,2,,0,,,0,0,1,0,0,0,0,0,0,0,0,0,0,0,,0,0,,,,,,,,
1105,924ec909e74a1d973d607e3ba1105a17e4337bd9a1c59ed5f9d3b4c25478fe11,ransomware,TRUE_ENCRYPTION,LockBit,cape,full,1,9.0,Scarab-Dharma,3139,16255,-0.14075229181173113,5.433359501696416,7.3811895587256915,4141,3139,1,4437,0,7,0.00031857279388340236,1.4135074864606563,173,421,199,10,212,71,0,0,3,0,0,0,0,0,2,0,,0,,,0,1,0,7,0,0,0,0,0,0,4,6,5,5,3.6,0,0,,,,,,,,
1106,c8d9a9758516d5a8936bd3bc01a9997fb677ed1dc54081caa985883935ff092b,ransomware,FAILED,Phobos,cape,full,1,10.0,Phobos,0,0,,,,0,0,0,0,0,1,,,0,1,0,0,1,111,0,0,8,0,3,0,5,1,0,2,,0,,,0,0,1,1,0,0,0,0,0,0,0,0,0,0,,0,0,,,,,,,,
1107,d3c75c5bc4ae087d547bd722bd84478ee6baf8c3355b930f26cc19777cd39d4c,ransomware,TRUE_ENCRYPTION,Conti,cape,full,1,10.0,Conti,3378,21614,0.13050040672523758,5.662653011769874,7.355239648336088,3812,3378,1,4058,0,8,0.0002960331557134399,1.2013025458851392,164,254,99,14,141,68,0,0,5,0,0,0,0,0,2,0,,0,,,0,1,0,7,0,0,0,0,0,0,4,6,5,5,2.7,0,0,,,,,,,,
1108,f4a39820dbff47fa1b68f83f575bc98ed33858b02341c5c0464a49be4e6c76d3,ransomware,FAILED,Hive,cape,static_only,1,1.8,,,,,,,,,,,,,,,,,,,,149,2,2,6,5,0,0,5,3,1,3,,0,,,,,,,,,,,,,,,,,,,,,,,,,,,
1109,fb49b940570cfd241dea27ae768ac420e863d9f26c5d64f0d10aea4dd0bf0ce3,ransomware,NO_VICTIM_ACTIVITY,LockBit,cape,full,1,6.0,,66,41,-0.0043403399583112024,4.50987963585546,4.50987963585546,27,66,9,2,5,4,0.13636363636363635,0.030303030303030304,3,18,1,10,7,71,0,0,3,0,0,0,0,0,2,0,,0,,,0,1,0,5,0,0,0,0,0,0,4,4,25,8,5.7,0,0,,,,,,,,
1110,231bba5652f6fbdbab3016362fb7925fc4e4489fff5e6a4a98c37fba5bd0cfe9,ransomware,TRUE_ENCRYPTION,Phobos,cape,full,1,10.0,Phobos,1267,0,,,,3157,1267,2984,1449,6,23,2.3551696921862666,1.143646408839779,94,388,98,22,268,111,0,0,8,0,3,0,5,1,0,2,,1767,0,0,0,0,1,20,4,2,0,0,0,0,5,5,19,1,-242.5,5,2,0,0,,0,606.4,5,1,0.105
1111,26b2401211769d2fa1415228b4b1305eeeed249a996d149ad83b6fc9c4f703ce,ransomware,TRUE_ENCRYPTION,Conti,cape,full,1,10.0,Conti,3270,21994,0.1631732729130115,5.648184579070977,7.370113535065979,3893,3270,1,4142,0,8,0.0003058103975535168,1.2666666666666666,164,246,93,16,137,49,0,0,0,0,0,0,0,0,2,0,,90,1,1,0,1,0,7,0,0,0,0,0,0,4,6,5,5,3.7,0,0,,,,,,,,
1112,08c11a4d6f275b0a5b57871c8d02097ec77019215ef66fb4e73dc7c29cf6833c,ransomware,NO_VICTIM_ACTIVITY,Hive,cape,full,1,8.0,,113,808,0.0439617979288762,,,41,113,1,0,0,18,0.008849557522123894,0.0,1,40,0,24,16,40,0,0,2,0,0,0,0,0,1,0,boost,411,1,1,0,1,0,17,0,0,0,0,0,0,0,0,20,0,,0,0,,,,,,,,
1113,b3ea0f4f442da3106c0d4f97cf20e244b84d719232ca90b3b7fc6e59e37e1ca1,ransomware,NO_VICTIM_ACTIVITY,LockBit,cape,full,1,7.0,,67,27,-0.005067832026701109,4.50987963585546,4.50987963585546,28,67,9,2,5,4,0.13432835820895522,0.029850746268656716,3,21,0,11,10,84,1,0,3,0,0,0,0,0,2,1,,0,,,0,0,1,5,0,0,0,0,0,0,4,4,25,8,9.5,0,0,,,,,,,,
1114,928aca01498ca60e1dd3e263c462f3a04ef49b91d94b566293e8edfbc54fcf13,ransomware,TRUE_ENCRYPTION,Phobos,cape,full,1,10.0,Phobos,1032,0,,,,3701,1032,3909,149,6,15,3.7877906976744184,0.14437984496124032,56,509,177,15,317,111,0,0,8,0,3,0,5,1,0,2,,0,,,0,0,1,15,4,2,0,0,0,0,4,4,8,1,-176.6,5,2,0,0,,0,595.8,5,1,0.075
1115,707b752f6bd89d4f97d08602d0546a56d27acfe00e6d5df2a2cb67c5e2eeee30,ransomware,NO_VICTIM_ACTIVITY,Conti,cape,full,1,10.0,Conti,0,8,,,,0,0,0,0,0,2,,,0,2,0,0,2,49,0,0,0,0,0,0,0,0,2,0,,90,1,1,0,1,0,2,0,0,0,0,0,0,1,1,0,0,,0,0,,,,,,,,
1116,aa78798172e873d88f42bf8bb5853aecfb74a3bf8980540f6be66f800bf1f153,ransomware,TRUE_ENCRYPTION,Hive,cape,full,1,9.0,BasilisqueLocker,2520,0,,,,1922,2520,10,1674,5,11,0.003968253968253968,0.6642857142857143,98,189,82,29,78,40,0,0,2,0,0,0,0,0,1,0,boost,145,3,3,0,0,1,10,1,0,0,0,0,0,4,5,27,8,-13.1,1,1,0,0,,0,344.1,1,1,0.121
1117,2a32c844885b05e65769a051dae825aecef887c2c60035e5a20ae42533cc1695,ransomware,TRUE_ENCRYPTION,LockBit,cape,full,0,10.0,Lockbit,4233,0,,,,4918,4233,6,1,0,53,0.001417434443656981,0.00023623907394283014,5,277,1,129,147,9,0,0,0,0,0,0,0,0,0,0,libsodium,0,,,0,0,1,29,7,6,0,0,3,0,5,7,88,6,1.0,4,2,0,0,,0,437.3,4,1,0.037
1118,9704a4959ec0edb5b82732944be3665e80ed974dec17ab401545ee21069da08d,ransomware,TRUE_ENCRYPTION,Phobos,cape,full,1,10.0,Phobos,961,0,,,,2586,961,3064,1370,6,24,3.1883454734651404,1.4255983350676378,88,355,69,23,263,111,0,0,8,0,3,0,5,1,0,2,,1659,0,0,0,0,1,17,4,2,0,0,0,0,5,5,16,0,-294.2,2,1,0,0,,0,579.8,2,1,0.107
1119,b524ed1cc22253f09d56f54d8ded4566b63352ff739f58de961f8a5bebb0fad9,ransomware,TRUE_ENCRYPTION,Conti,cape,full,1,10.0,Conti,3086,23039,0.12029039467685693,5.612835461544537,7.359222265557392,4157,3086,9,4409,5,6,0.002916396629941672,1.4287103046014258,170,186,70,17,99,458,0,0,3,0,0,0,0,0,1,0,,89,1,1,0,1,0,5,0,0,0,0,0,0,3,4,26,13,4.2,0,0,,,,,,,,
1120,a464ae4b0a75d8673cc95ea93c56f0ee11120f71726cc891f9c7e8d4bec53625,ransomware,FAILED,Hive,cape,full,1,2.1999999999999997,,0,0,,,,0,0,0,0,0,0,,,0,0,0,0,0,145,2,2,6,5,0,0,5,3,1,3,,0,,,1,0,0,0,0,0,0,0,0,0,0,0,0,0,,0,0,,,,,,,,
1121,2ecf1fe02d8fb099b68e4d9bceeeadbe5fc8347f5a76d52f35ed48b516963735,ransomware,TRUE_ENCRYPTION,LockBit,cape,full,0,10.0,Lockbit,3966,6,-0.014734740903364045,3.3031523788307195,3.3031523788307195,4836,3966,13,2,0,59,0.0032778618255168935,0.0005042864346949068,8,214,1,94,119,9,0,0,0,0,0,0,0,0,0,0,libsodium,0,,,0,1,0,35,6,5,0,0,3,0,5,9,56,2,-36.2,4,2,0,0,,0,339.4,4,1,0.062
1122,1e3d1dce864ea7544e10a2758f11fafacd39a0cfc7022e3493d6a25dbaffb6c3,ransomware,TRUE_ENCRYPTION,Phobos,cape,full,1,10.0,Phobos,1270,0,,,,2856,1270,3079,1417,5,29,2.4244094488188974,1.115748031496063,92,382,89,44,249,85,0,0,3,0,0,0,0,0,0,0,,2469,2,2,0,0,1,25,4,2,0,0,0,0,8,9,22,1,-16.8,5,2,0,0,,0,587.8,5,1,0.145
1123,633b9d373da7d2916f4d3b2902d4817c0f3ad5de5466ac85f34bdd37a8d3dd37,ransomware,TRUE_ENCRYPTION,Conti,cape,full,1,10.0,Conti,167,209,0.9745214421124695,5.015975700841248,7.286193728190823,35,167,1,33,0,16,0.005988023952095809,0.19760479041916168,7,21,3,2,16,71,0,0,3,0,0,0,0,0,2,0,,0,,,0,1,0,7,0,0,0,0,0,0,5,8,3,5,3.1,0,0,,,,,,,,
1124,206de75058a7dfa0b96784965baab63a137f2e89a97e623842e7d0bb3f12c2fc,ransomware,FAILED,Hive,cape,full,1,2.1999999999999997,,0,0,,,,0,0,0,0,0,0,,,0,0,0,0,0,145,2,2,6,5,0,0,5,3,1,3,,0,,,1,0,0,0,0,0,0,0,0,0,0,0,0,0,,0,0,,,,,,,,
1125,54b45f35926b12f7853e4854ae1d0a233ba1817451450d9b9fdf4e9b1412024f,ransomware,TRUE_ENCRYPTION,LockBit,cape,full,0,10.0,Lockbit,3843,6,-0.02030823181195279,3.3031523788307195,3.3031523788307195,4746,3843,22,3,5,38,0.005724694249284413,0.00078064012490242,10,213,3,98,112,9,0,0,0,0,0,0,0,0,0,0,libsodium,0,,,0,1,0,29,7,6,0,0,3,0,4,4,96,17,-37.1,4,2,0,0,,0,413.9,4,1,0.038
1126,62b096449d5dc6f876c43e48d1c27a63de0f75e70279f811b5c6ba18f9126f7b,ransomware,TRUE_ENCRYPTION,Phobos,cape,full,1,10.0,Phobos,1300,0,,,,3630,1300,3926,997,6,15,3.02,0.7669230769230769,64,471,144,12,315,111,0,0,8,0,3,0,5,1,0,2,,0,,,0,0,1,15,4,2,0,0,0,0,3,3,8,1,-303.7,5,2,0,0,,0,606.1,5,1,0.089
1127,0951fde8a8ea9cd45d2be14d63e6e55c8e87af0da45cf3776b495871652aa862,ransomware,TRUE_ENCRYPTION,Conti,cape,full,1,10.0,Conti,4349,22888,-0.12154565016863543,5.608405271739599,7.3559611700512875,3128,4349,9,4418,5,7,0.002069441250862267,1.0158657162566107,175,199,32,47,120,236,0,0,3,0,0,0,0,0,2,0,,92,1,1,0,1,0,6,0,0,0,0,0,0,4,6,31,18,2.2,0,0,,,,,,,,
1128,5b6a9081d7742747a08d04a8f3dff31de71c4811b3b892e4b0f282780e60d741,ransomware,FAILED,Hive,cape,full,1,2.1999999999999997,,0,0,,,,0,0,0,0,0,0,,,0,0,0,0,0,145,2,2,6,5,0,0,5,3,1,3,,0,,,1,0,0,0,0,0,0,0,0,0,0,0,0,0,,0,0,,,,,,,,
1129,a35c3274a726b27cbcef5abe3f28d8f9675a30883490d37f23b4d730d72eca42,ransomware,TRUE_ENCRYPTION,LockBit,cape,full,1,9.0,Scarab-Dharma,85,2,-0.0034991063418653256,2.0,2.0,3634,85,22,4817,1802,19,0.25882352941176473,56.67058823529412,104,305,2,7,296,25,0,0,0,0,0,0,0,0,0,0,,0,,,0,1,0,8,0,0,0,0,0,0,3,22,2346,16,0.5,0,0,,,,,,,,
1130,84ad231f0d74cd4bed8da0fbfc6801fc77424ee74a560e0d3175aa37b4ecab23,ransomware,TRUE_ENCRYPTION,Phobos,cape,full,1,10.0,Phobos,1454,0,,,,2825,1454,2845,1416,6,30,1.9566712517193947,0.9738651994497937,95,382,88,28,266,111,0,0,8,0,3,0,5,1,0,2,,1636,0,0,0,0,1,22,4,2,0,0,0,0,5,5,20,1,-283.9,6,2,0,0,,0,539.6,5,1,0.124
1131,e64e350861b86d4e05668bc25e6c952880f6b39ca921496ccce1487dbf6acab6,ransomware,TRUE_ENCRYPTION,Conti,cape,full,1,10.0,Conti,4264,23303,-0.12523916037358557,5.585761939934579,7.380091257218661,3501,4264,1,4521,0,10,0.00023452157598499062,1.0602720450281427,180,256,43,55,158,71,0,0,3,0,0,0,0,0,2,0,,0,,,0,1,0,8,0,0,0,0,0,0,4,5,21,12,4.1,0,0,,,,,,,,
1132,545a22b900104571ca0718336c6dfe37574263f1670d55835859b30f9776b028,ransomware,FAILED,Hive,cape,full,1,2.1999999999999997,,0,0,,,,0,0,0,0,0,0,,,0,0,0,0,0,145,2,2,6,5,0,0,5,3,1,3,,0,,,1,0,0,0,0,0,0,0,0,0,0,0,0,0,,0,0,,,,,,,,
1133,0ec61a80e61f56f460fc42e5d4f0accec2b04c8db98c28ed4534946214076f2a,ransomware,TRUE_ENCRYPTION,LockBit,cape,full,1,9.0,,179,5,0.05889987887813168,5.296875,6.59375,440,179,8,39,0,85,0.0446927374301676,0.21787709497206703,14,203,11,36,156,130,3,1,7,1,4,4,1,2,2,5,,0,,,0,0,1,27,5,0,0,13,0,0,6,6,34,3,-29.7,57,2,2,1,1.9,47,77.6,0,1,
1134,f1e3ec3fe9b4347019a298a11db3a2c357e91b61b7152dc28b4ecef57968dbbb,ransomware,TRUE_ENCRYPTION,Phobos,cape,full,1,10.0,Phobos,1032,0,,,,2646,1032,2886,1403,6,23,2.796511627906977,1.3594961240310077,93,352,90,15,247,111,0,0,8,0,3,0,5,1,0,2,,1659,0,0,0,0,1,19,4,2,0,0,0,0,4,4,17,1,-276.3,4,2,0,0,,0,531.0,4,1,0.137
1135,d236d64b7bf9510ea1746d10a4c164a2ef2c724cc62b2bca91d72bdf24821e40,ransomware,TRUE_ENCRYPTION,Conti,cape,full,1,10.0,Conti,3574,23287,-0.06843609613603403,5.5869637997892605,7.367034765557392,3642,3574,9,4531,5,7,0.002518186905428092,1.2677672076105204,170,213,35,41,137,250,0,0,3,0,0,0,0,0,2,0,,92,1,1,0,1,0,6,0,0,0,0,0,0,4,6,31,18,2.2,0,0,,,,,,,,
1136,c931c14c4932cb7155bd9b6d5afc29a244f98a25f989ffd12db2850324606941,ransomware,FAILED,Hive,cape,full,1,2.1999999999999997,,0,0,,,,0,0,0,0,0,0,,,0,0,0,0,0,145,2,2,6,5,0,0,5,3,1,3,,0,,,1,0,0,0,0,0,0,0,0,0,0,0,0,0,,0,0,,,,,,,,
1137,c3230c24b469fe5d82786444d3c7a7d16d78eb65581c814dbc5329a80b65481f,ransomware,TRUE_ENCRYPTION,LockBit,cape,full,0,10.0,Lockbit,4025,0,,,,4766,4025,20,3,5,32,0.004968944099378882,0.0007453416149068323,9,248,3,142,103,9,0,0,0,0,0,0,0,0,0,0,libsodium,0,,,0,0,1,27,7,6,0,0,3,0,3,3,85,16,-52.5,4,2,0,0,,0,414.6,4,1,0.074
1138,3f88affd9a69bad96f8152c87654aed50cc7a49247f154d503cacbdcd53ba825,ransomware,TRUE_ENCRYPTION,Phobos,cape,full,1,10.0,Phobos,1321,0,,,,2904,1321,3012,1416,6,25,2.280090840272521,1.0719152157456473,98,385,85,26,274,111,0,0,8,0,3,0,5,1,0,2,,1767,0,0,0,0,1,22,4,2,0,0,0,0,6,6,19,1,-213.5,5,2,0,0,,0,609.6,5,1,0.094
1139,61dd6a0b2870d62f56c7fe0039d42bf5351588f927267fe7b4ee0761872a3b20,ransomware,TRUE_ENCRYPTION,Conti,cape,full,1,10.0,Conti,4212,23238,-0.14380458771659071,5.5909844228178915,7.36821778838407,3735,4212,9,4506,5,8,0.002136752136752137,1.0698005698005697,177,241,42,62,137,71,0,0,3,0,0,0,0,0,2,0,,0,,,0,1,0,7,0,0,0,0,0,0,4,6,31,18,2.6,0,0,,,,,,,,
1140,033a280e25d03046cb22a3d2bb229994861d0b51c7ca70a3b2a750b7dd87a0ad,ransomware,FAILED,Hive,cape,full,1,2.1999999999999997,,0,0,,,,0,0,0,0,0,0,,,0,0,0,0,0,148,2,2,6,5,0,0,5,3,1,3,,0,,,1,0,0,0,0,0,0,0,0,0,0,0,0,0,,0,0,,,,,,,,
1141,b65b65c3ccf923af7be7db31b3919120e47849cc3e870afdac1bc555fc25b200,ransomware,TRUE_ENCRYPTION,LockBit,cape,full,1,9.0,Scarab-Dharma,103,0,,,,215,103,14,177,21,18,0.13592233009708737,1.7184466019417475,22,45,1,9,35,24,0,0,0,0,0,0,0,0,0,0,,0,,,0,0,1,9,0,0,0,0,0,0,3,20,30,8,-1.3,0,0,,,,,,,,
1142,1ca85c7d735a4bdc8900acd52f4ec46bf0d0f13908907657175bbf92d82e28ce,ransomware,TRUE_ENCRYPTION,Phobos,cape,full,1,10.0,Phobos,1026,0,,,,2476,1026,3118,1402,6,25,3.0389863547758287,1.3664717348927875,91,354,87,18,249,111,0,0,8,0,3,0,5,1,0,2,,1881,0,0,0,0,1,20,4,2,0,0,0,0,3,3,19,1,-378.9,5,2,0,0,,0,568.1,5,1,0.116
1143,1b8081bae0e493d098b8756b1e7c4b19715a78946cf227f2c27f9311e6718420,ransomware,TRUE_ENCRYPTION,Conti,cape,full,1,10.0,Conti,3627,23637,-0.13786073295649784,5.582116269779251,7.368169507961507,4269,3627,1,4646,0,10,0.00027570995312930797,1.280948442238765,175,241,38,43,160,337,1,0,3,0,0,0,0,0,1,1,,92,1,0,0,0,1,8,0,0,0,0,0,0,4,6,21,13,2.8,0,0,,,,,,,,
1144,4587e7d8e56a7694aa1881443312c1774da551459d3a48315acd0c694bcf87a0,ransomware,FAILED,Hive,cape,full,1,2.1999999999999997,,0,0,,,,0,0,0,0,0,0,,,0,0,0,0,0,148,2,2,6,5,0,0,5,3,1,3,,0,,,1,0,0,0,0,0,0,0,0,0,0,0,0,0,,0,0,,,,,,,,
1145,f75674d8c1880e8ada184e77033317475e4fa40aa8584aa23cceba9c3cc9b71d,ransomware,TRUE_ENCRYPTION,LockBit,cape,full,0,10.0,Lockbit,4265,0,,,,4894,4265,45,32,0,58,0.010550996483001172,0.007502930832356389,8,289,3,130,156,9,0,0,0,0,0,0,0,0,0,0,libsodium,0,,,0,0,1,34,7,6,0,0,3,0,5,7,184,5,-33.7,4,2,0,0,,0,551.4,4,1,0.058
1146,fe1b479880db7637fc96d334f216e5e966879a77fac1b85d1fd892a050fbe638,ransomware,TRUE_ENCRYPTION,Phobos,cape,full,1,8.0,,37,395,0.15265495526161402,3.4010756185802298,7.315787048843471,98,37,6,5,3,5,0.16216216216216217,0.13513513513513514,6,17,3,9,5,115,6,1,8,0,3,0,4,1,2,3,,1228,0,0,0,0,1,3,1,0,0,0,0,0,0,0,3,0,,1,1,0,0,,0,8.0,1,1,0.611
1147,2579148e5f020145007ac0dc1be478190137d7915e6fbca2c787b55dbec1d370,ransomware,TRUE_ENCRYPTION,Conti,cape,full,1,10.0,Conti,4587,21683,0.2679151155741479,5.581353389573715,7.3618130111533295,3670,4587,1,4575,0,8,0.00021800741225201656,0.9973839110529757,181,264,73,48,143,81,0,0,0,0,0,0,0,0,2,0,,162,0,0,0,1,0,6,0,0,0,0,0,0,4,6,8,10,-14.5,0,0,,,,,,,,
1148,ef29e4b32e6de86c5892e2f6d9e1029a49aef283298c81859e95fdc2c049804e,ransomware,FAILED,Hive,cape,full,1,2.1999999999999997,,0,0,,,,0,0,0,0,0,0,,,0,0,0,0,0,148,2,2,6,5,0,0,5,3,1,3,,0,,,1,0,0,0,0,0,0,0,0,0,0,0,0,0,,0,0,,,,,,,,
1149,411b8cd39606bbe551627f1868bb4ace1f9fcb5387b6a58b9bb7f31c50109e10,ransomware,TRUE_ENCRYPTION,LockBit,cape,full,1,10.0,Lockbit,3922,7,-0.05227282357827135,4.150790400496055,4.5515808009921095,2804,3922,36,15,0,36,0.009178990311065782,0.0038245792962774095,6,217,9,106,102,164,0,0,8,0,0,0,2,1,0,1,,28,0,0,0,1,0,22,7,6,0,0,3,0,6,9,44,4,-120.0,4,2,0,0,,0,367.9,4,1,0.406
1150,2dcaca208625860f4eb114af4c4158368284eb99c994793d5ac66d3af654bf5f,ransomware,TRUE_ENCRYPTION,Phobos,cape,full,1,10.0,Phobos,1476,0,,,,4100,1476,3908,189,3,14,2.6476964769647697,0.12804878048780488,54,520,187,12,321,111,0,0,8,0,3,0,5,1,0,2,,0,,,0,0,1,15,4,2,0,0,0,0,4,4,8,1,-221.9,5,2,0,0,,0,627.7,5,1,0.09
1151,5d8a701110d58ab7c1aa8bae6bc9d5358b8cd508115891320e6af6c68f3bbd74,ransomware,TRUE_ENCRYPTION,Conti,cape,full,1,10.0,Conti,4736,21312,0.25807146465274217,5.5670886119533085,7.371465046020279,3691,4736,0,4654,0,10,0.0,0.9826858108108109,181,278,83,53,142,536,0,0,3,0,0,0,0,0,1,0,,102,1,1,0,1,0,5,0,0,0,0,0,0,5,7,21,13,23.7,0,0,,,,,,,,
1152,2d6b9e29a2b0c81e5ff46e9913a753128dbc3b944471bf5d89e12cba9c1f536a,ransomware,FAILED,Hive,cape,full,1,10.0,CobaltStrikeStager,17,0,,,,0,17,0,0,0,0,0.0,0.0,0,1,0,1,0,40,0,0,2,0,0,0,0,0,1,0,boost,0,,,0,0,1,0,0,0,0,0,0,0,0,0,0,0,,0,0,,,,,,,,
1153,f6fbfa9fe38f69f8806d60072b7e8a9aceacf4a2b27095f7297f529ba986eab4,ransomware,NO_VICTIM_ACTIVITY,LockBit,cape,full,1,10.0,Lockbit,92,7,-0.007009230960117751,4.213290400496055,4.5515808009921095,175,92,34,17,5,11,0.3695652173913043,0.18478260869565216,8,94,6,13,75,164,0,0,8,0,0,0,2,1,0,1,,28,0,0,0,1,0,13,4,3,0,0,0,0,4,4,47,9,-93.2,4,2,0,0,,0,342.0,4,1,0.319
1154,f25a3e2bbaa9bed0210adf5bff0bc5d76fbf44e09ae4bc22e40473814a6ebad1,ransomware,TRUE_ENCRYPTION,Phobos,cape,full,1,10.0,Phobos,1872,0,,,,2711,1872,2312,95,6,12,1.235042735042735,0.05074786324786325,44,585,199,24,362,111,0,0,8,0,3,0,5,1,0,2,,0,,,0,0,1,12,3,2,0,0,0,0,4,4,7,1,-190.4,4,2,0,0,,0,676.7,4,1,0.092
1155,5d4b4d5adb2cd3fefd95b15725a77c4bf48e14e89a23b94733a9ec7b86e09ea2,ransomware,TRUE_ENCRYPTION,Conti,cape,full,1,10.0,Conti,4520,22850,0.24556992739581374,5.579969356374192,7.360047105620997,3835,4520,0,4479,0,0,0.0,0.9909292035398231,175,211,58,36,117,292,0,0,1,0,0,0,0,0,1,0,,98,0,0,0,1,0,0,0,0,0,0,0,0,0,2,6,10,-84.9,0,0,,,,,,,,
1156,36f384938e022f6448676ad2f479b47efde5b02a09834b245f22aee9a15fd371,ransomware,NO_VICTIM_ACTIVITY,Hive,cape,full,0,8.0,,32,81,0.36563632329625395,6.966171795273742,6.966171795273742,122,32,0,1,0,3,0.0,0.03125,1,140,0,29,111,5,0,0,0,0,0,0,0,0,0,0,,153,0,0,0,1,0,3,0,0,0,0,0,0,0,0,1,0,,0,0,,,,,,,,
1157,77e35c838eb486adfc29d8fb8ed1752acbea1258b85354a88057fa6120d62d0d,ransomware,FAILED,LockBit,cape,static_only,1,10.0,Lockbit,,,,,,,,,,,,,,,,,,,216,3,1,7,5,4,0,4,3,0,4,,0,,,,,,,,,,,,,,,,,,,,,,,,,,,
1158,b0e2a8c3c5d57571c7892940ab531925a2b0451964afd3035f1293062ca6d64e,ransomware,TRUE_ENCRYPTION,Phobos,cape,full,1,10.0,Phobos,1894,0,,,,3665,1894,3870,145,6,15,2.043294614572334,0.07655755015839494,55,527,210,18,299,111,0,0,8,0,3,0,5,1,0,2,,0,,,0,0,1,15,4,2,0,0,0,0,4,4,8,1,-324.4,5,2,0,0,,0,609.3,5,1,0.099
1159,e16fea1b8874cc6b26e7e2df9697f03f86efa82247bb3b2922f1d05052dbcbb4,ransomware,TRUE_ENCRYPTION,Conti,cape,full,1,10.0,Conti,490,628,0.9278060260558246,7.155875225456301,7.334152078258922,212,490,0,123,0,13,0.0,0.2510204081632653,11,43,18,11,14,140,0,0,2,0,0,0,0,0,2,0,,32,0,0,0,1,0,13,13,0,0,0,0,0,0,0,2,5,,0,0,,,,,,,,
1160,5782a7d3cf791a0be9d8e994520618d4299a51ca032ff1a549646713193a1ecf,ransomware,NO_VICTIM_ACTIVITY,Hive,cape,full,0,6.0,,30,81,0.24784426297704376,6.966171795273742,6.966171795273742,0,30,0,1,0,3,0.0,0.03333333333333333,1,31,0,28,3,4,0,0,0,0,0,0,0,0,0,0,,3,0,0,0,1,0,3,0,0,0,0,0,0,0,0,1,0,,0,0,,,,,,,,
1161,b240b6861889734eee778d92bc1e2930e10570fe41d84a1a79cc518dc93f4e09,ransomware,TRUE_ENCRYPTION,LockBit,cape,full,0,10.0,Lockbit,4212,6,-0.018256551721288043,3.3031523788307195,3.3031523788307195,4928,4212,14,2,0,51,0.0033238366571699905,0.0004748338081671415,9,291,1,134,156,6,0,0,0,0,0,0,0,0,0,0,,0,,,0,1,0,38,7,6,0,0,3,0,5,6,74,9,-28.6,4,2,0,0,,0,425.0,4,1,0.057
1162,da24e2d56eb8bf572abc67c2ba3ef64d0bac9fdda0f9a11132b10fac12343aaf,ransomware,TRUE_ENCRYPTION,Phobos,cape,full,1,10.0,Phobos,1471,0,,,,3839,1471,3885,124,6,29,2.6410605030591436,0.08429639700883752,50,538,175,17,346,111,0,0,8,0,3,0,5,1,0,2,,0,,,0,0,1,18,4,2,0,0,0,0,5,9,6,1,-345.1,5,2,0,0,,0,612.0,5,1,0.111
1163,002dd9b7cbf8ca2a09434f8c4abd85631efe922ab8daa1219d86d83a0228aeda,ransomware,TRUE_ENCRYPTION,Conti,cape,full,1,10.0,Conti,2335,14698,0.27592452481030455,5.6688232290323395,7.376291063453755,2275,2335,0,2419,0,12,0.0,1.0359743040685225,35,140,54,6,80,88,0,0,4,0,0,0,0,0,2,0,,42,1,1,0,1,0,12,12,0,0,0,0,0,0,3,71,120,-262.0,0,0,,,,,,,,
1164,2826e7c2c9141c27a2da27007b1045aeef6295b1f1dbdb50c1e45e656e6593fe,ransomware,NO_VICTIM_ACTIVITY,Hive,cape,full,0,6.0,,31,81,0.07154092257373598,6.966171795273742,6.966171795273742,0,31,0,1,0,3,0.0,0.03225806451612903,1,32,0,29,3,4,0,0,0,0,0,0,0,0,0,0,,3,0,0,0,1,0,3,0,0,0,0,0,0,0,0,1,0,,0,0,,,,,,,,
1165,3c4fb5a1a8cdc44675df9d61c55a83b6f017a84cb01b06053b8f3953f9794d90,ransomware,TRUE_ENCRYPTION,LockBit,cape,full,1,9.0,,21,7,-0.017242822980047225,3.716251562191079,4.0,52,21,3,54,11,1,0.14285714285714285,2.5714285714285716,10,22,1,3,18,164,0,0,8,0,0,0,2,1,0,1,,23,0,0,0,1,0,1,0,0,0,0,0,0,0,12,5,0,-99.4,0,0,,,,,,,,
1166,81a5ac22ffef8e50131f663708e5f579e1d74c0464994a909cd3426be6887a4a,ransomware,TRUE_ENCRYPTION,Phobos,cape,full,1,10.0,Phobos,852,0,,,,2371,852,2971,1372,6,23,3.4870892018779345,1.6103286384976525,97,357,71,22,264,111,0,0,8,0,3,0,5,1,0,2,,1881,0,0,0,0,1,20,4,2,0,0,0,0,4,4,19,1,-289.5,5,2,0,0,,0,559.7,5,1,0.121
1167,c14f8bc656284715516f26935afe487a1d584f56ffabbcb98f2974f6ca6cd3a4,ransomware,NO_VICTIM_ACTIVITY,Conti,cape,full,0,10.0,Conti,0,0,,,,0,0,0,0,0,182,,,0,180,0,0,180,11,0,0,0,0,0,0,0,0,0,0,,0,,,0,0,1,182,13,0,63,0,0,0,0,0,0,0,,106,1,0,,,,,,,
1168,9e9fa8b3b0a59762b429853a36674608df1fa7d7f7140c8fccd7c1946070995a,ransomware,NO_VICTIM_ACTIVITY,Hive,cape,full,1,0.3,,0,0,,,,0,0,0,0,0,0,,,0,0,0,0,0,40,0,0,2,0,0,0,0,0,1,0,boost,0,,,0,0,1,0,0,0,0,0,0,0,0,0,0,0,,0,0,,,,,,,,
1169,c72dad61e0cdc9a5f49290e9c07190fff2f501f3a08ac34a7a47db27fa5008e6,ransomware,TRUE_ENCRYPTION,LockBit,cape,full,1,10.0,Lockbit,208,0,,,,312,208,16,73,5,38,0.07692307692307693,0.35096153846153844,11,90,12,19,59,201,3,1,8,5,4,0,4,3,0,4,,0,,,1,0,0,32,10,6,0,0,3,0,6,7,61,12,-22.3,5,2,0,0,,0,304.7,5,1,0.078
1170,25dce15057f3e9f904ea28e039fe0d2945308d7f41ea5386e99af4840c2e6762,ransomware,TRUE_ENCRYPTION,Phobos,cape,full,1,10.0,Phobos,1207,0,,,,2321,1207,3990,97,5,17,3.3057166528583264,0.08036454018227009,52,534,153,25,356,111,0,0,8,0,3,0,5,1,0,2,,0,,,0,0,1,15,4,2,0,0,0,0,4,7,6,1,-316.0,5,2,0,0,,0,601.7,5,1,0.102
1171,98a09f7896a7c20229e696d6e8344fe9593fd70afada5d986e04c0d6933cc4db,ransomware,TRUE_ENCRYPTION,Conti,cape,full,1,10.0,Conti,2332,14703,0.288845588848926,5.668215809183677,7.348047380211332,2211,2332,0,2437,0,12,0.0,1.0450257289879932,30,144,57,7,80,48,0,0,0,0,0,0,0,0,0,0,,42,1,1,0,1,0,12,12,0,0,0,0,0,0,1,68,115,-231.6,0,0,,,,,,,,
1172,8ffe7f2eeb0cbfbe158b77bbff3e0055d2ef7138f481b4fac8ade6bfb9b2b0a1,ransomware,NO_VICTIM_ACTIVITY,Hive,cape,full,1,2.3,,1,0,,,,0,1,0,0,0,0,0.0,0.0,0,1,0,1,0,39,0,0,2,0,0,0,0,0,1,0,boost,0,,,0,0,1,0,0,0,0,0,0,0,0,0,1,0,,0,0,,,,,,,,
1173,0ec87a7f943ab72d08aeb957d33dd348ab7cf45052ab7a31bcce33ff7a095837,ransomware,TRUE_ENCRYPTION,LockBit,cape,full,1,9.0,Scarab-Dharma,152,9,-0.004865346882801506,3.144167708127386,4.0,465,152,21,566,65,5,0.13815789473684212,3.723684210526316,27,75,1,26,48,164,0,0,8,0,0,0,2,1,0,1,,42,0,0,0,1,0,7,0,0,0,0,0,0,2,16,2314,0,-91.7,0,0,,,,,,,,
1174,992dad791a523f2c0a0b5a74c08e5573905f301d8891db0ed6e885face9ef0e2,ransomware,TRUE_ENCRYPTION,Phobos,cape,full,1,10.0,Phobos,1235,0,,,,2785,1235,2904,1418,6,28,2.351417004048583,1.1481781376518219,93,352,79,32,241,111,0,0,8,0,3,0,5,1,0,2,,1636,0,0,0,0,1,19,4,2,0,0,0,0,4,4,17,1,-269.9,6,2,0,0,,0,526.7,5,1,0.074
1175,1ef1ff8b1e81815d13bdd293554ddf8b3e57490dd3ef4add7c2837ddc67f9c24,ransomware,NO_VICTIM_ACTIVITY,Conti,cape,full,0,10.0,Conti,0,0,,,,0,0,0,0,0,178,,,0,177,0,0,177,11,0,0,0,0,0,0,0,0,0,0,,0,,,0,0,1,178,13,0,57,0,0,0,0,0,0,0,,108,1,0,,,,,,,
1176,c83d8b36402639ea3f1ad5d48edc1a22005923aee1c1826afabe27cb3989baa3,ransomware,NO_VICTIM_ACTIVITY,Hive,cape,full,1,3.0,,0,0,,,,0,0,0,0,0,0,,,0,0,0,0,0,182,0,0,5,0,0,0,0,1,2,0,boost,0,,,0,0,1,0,0,0,0,0,0,0,0,0,0,0,,0,0,,,,,,,,
1177,f9b9d45339db9164a3861bf61758b7f41e6bcfb5bc93404e296e2918e52ccc10,ransomware,FAILED,LockBit,cape,static_only,1,1.3,,,,,,,,,,,,,,,,,,,,25,0,0,0,0,0,0,0,0,0,0,,0,,,,,,,,,,,,,,,,,,,,,,,,,,,
1178,ed42bb9e3f5959e3d58872874381d92e50c601cd1be46effeb3724ff19eeef71,ransomware,TRUE_ENCRYPTION,Phobos,cape,full,1,10.0,Phobos,821,0,,,,2390,821,3854,365,6,27,4.69427527405603,0.4445797807551766,56,524,144,12,368,111,0,0,8,0,3,0,5,1,0,2,,0,,,0,0,1,18,4,2,0,0,0,0,5,9,8,1,-216.9,5,2,0,0,,0,646.7,5,1,0.092
1179,0a30c895bad0069f233ff2fe4c57e3dffaf233e892fb25fdb21cf312d9c8f8b4,ransomware,FAILED,Hive,cape,full,1,2.1999999999999997,,0,0,,,,0,0,0,0,0,0,,,0,0,0,0,0,146,2,2,6,5,0,0,5,3,1,3,,0,,,1,0,0,0,0,0,0,0,0,0,0,0,0,0,,0,0,,,,,,,,
1180,742489bd828bdcd5caaed00dccdb7a05259986801bfd365492714746cb57eb55,ransomware,FAILED,LockBit,cape,static_only,1,1.3,,,,,,,,,,,,,,,,,,,,25,0,0,0,0,0,0,0,0,0,0,,0,,,,,,,,,,,,,,,,,,,,,,,,,,,
1181,34e1a82f7334c825aab19a21d94361c3225ee8ad9a2027830aeea7d82f59ca15,ransomware,TRUE_ENCRYPTION,Phobos,cape,full,1,10.0,Phobos,1044,0,,,,3447,1044,3190,90,6,19,3.0555555555555554,0.08620689655172414,50,563,166,20,377,111,0,0,8,0,3,0,5,1,0,2,,0,,,0,0,1,17,4,2,0,0,0,0,4,7,8,1,-390.1,5,2,0,0,,0,630.4,5,1,0.093
1182,8b8814921dc2b2cb6ea3cfc7295803c72088092418527c09b680332c92c33f1f,ransomware,FAILED,Hive,cape,full,1,2.1999999999999997,,0,0,,,,0,0,0,0,0,0,,,0,0,0,0,0,145,2,2,6,5,0,0,5,3,1,3,,0,,,1,0,0,0,0,0,0,0,0,0,0,0,0,0,,0,0,,,,,,,,
1183,0d38f8bf831f1dbbe9a058930127171f24c3df8dae81e6aa66c430a63cbe0509,ransomware,FAILED,LockBit,cape,static_only,1,1.3,,,,,,,,,,,,,,,,,,,,24,0,0,0,0,0,0,0,0,0,0,,0,,,,,,,,,,,,,,,,,,,,,,,,,,,
1184,1f2c57feb6fcb80fe02d53778fa7c6b3bcba0319229fe9b9ff725a24d939c2b6,ransomware,TRUE_ENCRYPTION,Phobos,cape,full,1,10.0,Phobos,1602,0,,,,3594,1602,3929,144,6,14,2.4525593008739075,0.0898876404494382,52,492,190,16,286,111,0,0,8,0,3,0,5,1,0,2,,0,,,0,0,1,13,4,2,0,0,0,0,4,4,19,4,-234.1,5,2,0,0,,0,577.3,5,1,0.095
1185,bd7f4d6a3f224536879cca70b940b16251c56707124d52fb09ad828a889648cd,ransomware,FAILED,Hive,cape,full,1,2.1999999999999997,,0,0,,,,0,0,0,0,0,0,,,0,0,0,0,0,145,2,2,6,5,0,0,5,3,1,3,,0,,,1,0,0,0,0,0,0,0,0,0,0,0,0,0,,0,0,,,,,,,,
1186,c6cf5fd8f71abaf5645b8423f404183b3dea180b69080f53b9678500bab6f0de,ransomware,FAILED,LockBit,cape,static_only,1,0.8,,,,,,,,,,,,,,,,,,,,24,0,0,0,0,0,0,0,0,0,0,,0,,,,,,,,,,,,,,,,,,,,,,,,,,,
1187,64cc071973e05ae577f32bab349fafb4dba96ba9b8cab272aa5cd9d6074e5a39,ransomware,TRUE_ENCRYPTION,Phobos,cape,full,1,10.0,Phobos,1517,0,,,,3432,1517,3925,192,6,14,2.5873434410019778,0.12656558998022413,50,508,190,11,307,111,0,0,8,0,3,0,5,1,0,2,,0,,,0,0,1,15,4,2,0,0,0,0,5,5,8,1,-185.7,5,2,0,0,,0,607.5,5,1,0.089
1188,5d6c176341db385db8e279629a038781c08e15e33e052ac4c26ad58457871e4e,ransomware,NO_VICTIM_ACTIVITY,Hive,cape,full,1,9.0,,91,81,-0.020177679491507346,6.966171795273742,6.966171795273742,459,91,10,0,0,7,0.10989010989010989,0.0,1,74,7,17,50,154,0,0,5,0,0,0,0,1,1,0,boost,0,,,0,1,0,5,0,0,0,0,0,0,4,5,17,3,-109.3,0,0,,,,,,,,
1189,391a97a2fe6beb675fe350eb3ca0bc3a995fda43d02a7a6046cd48f042052de5,ransomware,FAILED,LockBit,cape,static_only,1,1.3,,,,,,,,,,,,,,,,,,,,24,0,0,0,0,0,0,0,0,0,0,,0,,,,,,,,,,,,,,,,,,,,,,,,,,,
1190,161c471b0aaaf0d7c1f0267ebb837e10fb8c5edfe09b0d00bf2472820f413713,ransomware,TRUE_ENCRYPTION,Phobos,cape,full,1,10.0,Phobos,1519,0,,,,4005,1519,3915,146,6,13,2.5773535220539827,0.09611586570111916,52,530,199,23,308,111,0,0,8,0,3,0,5,1,0,2,,0,,,0,0,1,15,4,2,0,0,0,0,4,4,8,1,-227.9,5,2,0,0,,0,620.5,5,1,0.104
1191,81cdc2455998d49d23ba4cc6df45c6ddd0dfea6e582e7703e9ec41cc3e1bbf74,ransomware,NO_VICTIM_ACTIVITY,Hive,cape,full,1,2.5,,0,0,,,,0,0,0,0,0,0,,,0,0,0,0,0,39,0,0,1,0,0,0,0,0,1,0,boost,0,,,0,0,1,0,0,0,0,0,0,0,0,0,0,0,,0,0,,,,,,,,
1192,80e8defa5377018b093b5b90de0f2957f7062144c83a09a56bba1fe4eda932ce,ransomware,FAILED,LockBit,cape,static_only,1,1.3,,,,,,,,,,,,,,,,,,,,24,0,0,0,0,0,0,0,0,0,0,,0,,,,,,,,,,,,,,,,,,,,,,,,,,,
1193,0b4c743246478a6a8c9fa3ff8e04f297507c2f0ea5d61a1284fe65387d172f81,ransomware,TRUE_ENCRYPTION,Phobos,cape,full,1,10.0,Phobos,1050,0,,,,2603,1050,3074,1438,6,24,2.927619047619048,1.3695238095238096,91,346,82,19,245,111,0,0,8,0,3,0,5,1,0,2,,1881,0,0,0,0,1,20,4,2,0,0,0,0,4,4,19,1,-290.1,5,2,0,0,,0,564.0,5,1,0.117
1194,c7c04bcd56f282bc27f160cc80ccab73485dd3123f2efb35b9726a8528b7950f,ransomware,FAILED,Hive,cape,full,1,2.1999999999999997,,0,0,,,,0,0,0,0,0,0,,,0,0,0,0,0,132,2,2,6,1,0,0,3,0,1,3,,0,,,1,0,0,0,0,0,0,0,0,0,0,0,0,0,,0,0,,,,,,,,
1195,13849c0c923bfed5ab37224d59e2d12e3e72f97dc7f539136ae09484cbe8e5e0,ransomware,TRUE_ENCRYPTION,LockBit,cape,full,1,9.0,LockBit,217,0,,,,331,217,13,106,4,44,0.059907834101382486,0.48847926267281105,19,82,7,14,61,174,3,1,8,5,0,0,4,2,2,3,,0,,,1,0,0,22,6,4,0,0,0,0,7,10,25,8,-10.2,6,2,0,0,,0,604.6,6,1,0.012
1196,3c4ad3e800eb1b6e313b86f527ffed41f34e46221da557d611b55bae2ba46588,ransomware,TRUE_ENCRYPTION,Phobos,cape,full,1,10.0,Phobos,1312,0,,,,3798,1312,3814,153,6,16,2.9070121951219514,0.11661585365853659,54,485,186,17,282,111,0,0,8,0,3,0,5,1,0,2,,0,,,0,0,1,15,4,2,0,0,0,0,3,3,8,1,-349.1,5,2,0,0,,0,590.4,5,1,0.097
1197,c4d54c9c913a87aee8f0408fd1bb613b6d89b926327b71b70cd09491bfac7eeb,ransomware,FAILED,Hive,cape,full,1,2.1999999999999997,,0,0,,,,0,0,0,0,0,0,,,0,0,0,0,0,129,2,2,6,1,0,0,1,0,1,3,,0,,,1,0,0,0,0,0,0,0,0,0,0,0,0,0,,0,0,,,,,,,,
1198,0e66029132a885143b87b1e49e32663a52737bbff4ab96186e9e5e829aa2915f,ransomware,TRUE_ENCRYPTION,LockBit,cape,full,1,10.0,Lockbit,266,0,,,,320,266,15,98,5,270,0.05639097744360902,0.3684210526315789,11,97,23,16,58,205,3,1,6,5,4,0,5,2,0,4,,0,,,1,0,0,16,6,3,0,0,0,0,6,6,56,10,-29.2,5,2,0,0,,0,343.1,5,1,0.082
1199,265d1ae339e9397976d9328b2c84aca61a7cb6c0bca9f2f8dc213678e2b2ad86,ransomware,TRUE_ENCRYPTION,Phobos,cape,full,1,10.0,Phobos,1424,0,,,,3937,1424,3922,98,6,29,2.7542134831460676,0.06882022471910113,46,512,179,23,310,111,0,0,8,0,3,0,5,1,0,2,,0,,,0,0,1,16,4,2,0,0,0,0,5,8,19,4,-217.5,5,2,0,0,,0,581.2,5,1,0.126
1200,065208b037a2691eb75a14f97bdbd9914122655d42f6249d2cca419a1e4ba6f1,ransomware,FAILED,Hive,cape,full,1,2.1999999999999997,,0,0,,,,0,0,0,0,0,0,,,0,0,0,0,0,132,2,2,6,1,0,0,3,0,1,3,,0,,,1,0,0,0,0,0,0,0,0,0,0,0,0,0,,0,0,,,,,,,,
1201,567cb1d95c5b0701bc9a5b06842f9a675a592749cebcace5e7d62e626b2354d1,ransomware,FAILED,Hive,cape,full,1,2.1999999999999997,,0,0,,,,0,0,0,0,0,0,,,0,0,0,0,0,133,2,2,6,1,0,0,1,0,1,3,,0,,,1,0,0,0,0,0,0,0,0,0,0,0,0,0,,0,0,,,,,,,,
1202,15a290552f9cdc38b18e6c0babe7fdd52ff8abfa73ff823220fa994e7f023dc0,ransomware,FAILED,Hive,cape,full,1,2.1999999999999997,,0,0,,,,0,0,0,0,0,0,,,0,0,0,0,0,132,2,2,6,1,0,0,3,0,1,3,,0,,,1,0,0,0,0,0,0,0,0,0,0,0,0,0,,0,0,,,,,,,,
1203,15a7d528587ffc860f038bb5be5e90b79060fbba5948766d9f8aa46381ccde8a,ransomware,TRUE_ENCRYPTION,LockBit,cape,full,0,10.0,Lockbit,471,0,,,,526,471,7,308,0,1375,0.014861995753715499,0.6539278131634819,32,75,23,8,44,17,0,0,0,0,1,0,0,0,0,1,,205,4,3,0,0,1,22,7,4,0,0,0,0,6,8,24,1,-27.8,5,2,0,0,,0,284.9,5,1,0.046
1204,d7d50f809a7808ca53c4430d484bb100aaf9c74c6c12080ff888b8c04212f405,ransomware,TRUE_ENCRYPTION,Phobos,cape,full,1,10.0,Phobos,1589,0,,,,823,1589,540,54,6,7,0.3398363750786658,0.033983637507866586,39,203,157,19,27,111,0,0,8,0,3,0,5,1,0,2,,0,,,0,0,1,8,2,0,0,0,0,0,2,3,3,0,-192.6,2,1,0,0,,0,254.9,2,1,0.191
1205,11cc94773e0d1b1d6c4a5c6ffb430a321ff470c83896ed7c6ae8b1d87e1e6443,ransomware,FAILED,Hive,cape,full,1,2.1999999999999997,,0,0,,,,0,0,0,0,0,0,,,0,0,0,0,0,133,2,2,6,1,0,0,1,0,1,3,,0,,,1,0,0,0,0,0,0,0,0,0,0,0,0,0,,0,0,,,,,,,,
1206,0f5d71496ab540c3395cfc024778a7ac5c6b5418f165cc753ea2b2befbd42d51,ransomware,TRUE_ENCRYPTION,LockBit,cape,full,1,10.0,Lockbit,305,0,,,,455,305,15,154,5,1677,0.04918032786885246,0.5049180327868853,17,89,16,15,58,205,3,1,6,5,4,0,5,2,0,4,,0,,,1,0,0,16,7,4,0,0,0,0,5,5,47,9,-47.4,5,2,0,0,,0,311.6,5,1,0.061
1207,8710ad8fb2938326655335455987aa17961b2496a345a7ed9f4bbfcb278212bc,ransomware,TRUE_ENCRYPTION,Phobos,cape,full,1,10.0,Phobos,1002,0,,,,2273,1002,3871,647,6,12,3.863273453093812,0.6457085828343313,61,516,169,12,335,111,0,0,8,0,3,0,5,1,0,2,,0,,,0,0,1,15,4,2,0,0,0,0,3,3,8,1,-210.0,5,2,0,0,,0,640.8,5,1,0.109
1208,9b68f6082702082205344baf6812469cf2ef20345acb6b6a94022feebb087c43,ransomware,FAILED,Hive,cape,full,1,2.1999999999999997,,0,0,,,,0,0,0,0,0,0,,,0,0,0,0,0,133,2,2,6,1,0,0,1,0,1,3,,0,,,1,0,0,0,0,0,0,0,0,0,0,0,0,0,,0,0,,,,,,,,
1209,0f178bc093b6b9d25924a85d9a7dde64592215599733e83e3bbc6df219564335,ransomware,TRUE_ENCRYPTION,LockBit,cape,full,1,10.0,Lockbit,401,0,,,,474,401,16,2,5,55,0.0399002493765586,0.004987531172069825,6,100,4,32,64,216,3,1,7,5,4,0,4,3,0,4,,0,,,1,0,0,32,10,6,0,0,3,0,6,10,51,9,-34.0,5,2,0,0,,0,296.2,5,1,0.063
1210,6a4ebf513f996bd7198c711bef936a989fea148c235817ea56c1e2afafa927f5,ransomware,FAILED,Hive,cape,full,1,2.1999999999999997,,0,0,,,,0,0,0,0,0,0,,,0,0,0,0,0,149,2,2,6,5,0,0,5,3,1,3,,0,,,1,0,0,0,0,0,0,0,0,0,0,0,0,0,,0,0,,,,,,,,
1211,1b109db549dd0bf64cadafec575b5895690760c7180a4edbf0c5296766162f18,ransomware,TRUE_ENCRYPTION,LockBit,cape,full,1,10.0,Lockbit,327,0,,,,369,327,16,2,5,33,0.04892966360856269,0.0061162079510703364,6,91,3,37,51,216,3,1,7,5,4,0,4,3,0,4,,0,,,1,0,0,26,10,6,0,0,3,0,6,6,58,12,-19.4,5,2,0,0,,0,293.1,5,1,0.099
1212,6b7d70ca7d02133afbc24eeb585f2921bc35c01b23b90a66f515290c49cf0952,ransomware,TRUE_ENCRYPTION,Phobos,cape,full,1,10.0,Phobos,1196,0,,,,2524,1196,2859,1405,6,20,2.390468227424749,1.1747491638795986,91,346,73,14,259,111,0,0,8,0,3,0,5,1,0,2,,1881,0,0,0,0,1,19,3,0,0,0,0,0,3,3,16,0,-287.2,2,1,0,0,,0,523.2,2,1,0.128
1213,1841ca56006417e6220a857f66c8e6539502d5e9f539cf337b83a25c15d17a50,ransomware,FAILED,Hive,cape,full,1,2.1999999999999997,,0,0,,,,0,0,0,0,0,0,,,0,0,0,0,0,148,2,2,6,5,0,0,5,3,1,3,,0,,,1,0,0,0,0,0,0,0,0,0,0,0,0,0,,0,0,,,,,,,,
1214,26b6a9fecfc9d4b4b2c2ff02885b257721687e6b820f72cf2e66c1cae2675739,ransomware,TRUE_ENCRYPTION,LockBit,cape,full,1,10.0,Lockbit,463,0,,,,537,463,8,1,0,60,0.017278617710583154,0.0021598272138228943,4,94,2,35,57,216,3,1,7,5,4,0,4,3,0,4,,0,,,1,0,0,32,10,6,0,0,3,0,7,10,35,4,-17.3,5,2,0,0,,0,262.7,5,1,0.086
1215,1da2ac26e7276121d27947007be6056c33cec55b7a3efcd555b6a91506769d8e,ransomware,NO_VICTIM_ACTIVITY,Hive,cape,full,0,5.699999999999999,,62,0,,,,424,62,9,2,5,4,0.14516129032258066,0.03225806451612903,3,64,2,8,54,5,0,0,0,0,0,0,0,0,0,0,,153,0,0,0,0,1,5,0,0,0,0,0,0,2,2,11,8,228.2,0,0,,,,,,,,
1216,1e3bf358c76f4030ffc4437d5fcd80c54bd91b361abb43a4fa6340e62d986770,ransomware,TRUE_ENCRYPTION,LockBit,cape,full,0,10.0,Lockbit,273,0,,,,299,273,16,2,5,31,0.05860805860805861,0.007326007326007326,6,73,4,24,45,19,0,0,0,0,1,0,0,0,0,1,,300,4,3,0,0,1,25,10,6,0,0,3,0,5,5,58,12,-25.9,5,2,0,0,,0,303.9,5,1,0.031
1217,9bd421c6f7f7d8278036944fcad3e04db408619678acf1b2024ef69d85c3932b,ransomware,TRUE_ENCRYPTION,Phobos,cape,full,1,10.0,Phobos,940,0,,,,1553,940,2876,1397,6,32,3.0595744680851062,1.4861702127659575,96,350,77,16,257,111,0,0,8,0,3,0,5,1,0,2,,1636,0,0,0,0,1,24,4,2,0,0,0,0,6,6,19,1,-281.6,5,2,0,0,,0,549.7,5,1,0.087
1218,efdbfcb717b109b816e2d2f99c0d923803c70dd08fb9feb747eb90774e86116e,ransomware,FAILED,Hive,cape,full,1,2.0,,0,0,,,,0,0,0,0,0,0,,,0,0,0,0,0,133,2,2,6,1,0,0,1,0,1,3,,0,,,1,0,0,0,0,0,0,0,0,0,0,0,0,0,,0,0,,,,,,,,
1219,256e2bf5f3c819e0add95147b606dc314bbcbac32a801a59584f43a4575e25dc,ransomware,TRUE_ENCRYPTION,LockBit,cape,full,1,10.0,Lockbit,167,0,,,,264,167,16,2,5,31,0.09580838323353294,0.011976047904191617,6,69,4,20,45,216,3,1,7,5,4,0,4,3,0,4,,0,,,1,0,0,25,10,6,0,0,3,0,5,5,56,12,-35.2,5,2,0,0,,0,300.5,5,1,0.056
1220,dea38651b06aab617e93bdb343fd28587bdc0e113a4fc957571a06988491ade7,ransomware,TRUE_ENCRYPTION,Phobos,cape,full,0,10.0,Phobos,1631,896,-0.03774033594855105,2.9264247052928405,4.0,3590,1631,3925,112,3,16,2.406499080318823,0.06866952789699571,51,498,178,20,300,1,0,0,0,0,0,0,0,0,0,0,,113,2,2,0,1,0,14,4,2,0,0,0,0,3,3,5,1,-368.2,5,2,0,0,,0,570.2,5,1,0.101
1221,1fb6c6be88080f6a91c33616a9aa4c839dbc1062a904eeacd9fd379a22962498,ransomware,NO_VICTIM_ACTIVITY,Hive,cape,full,1,8.0,,78,1222,-0.034174345968818555,5.882175312358856,6.476157391559539,324,78,4,11,0,80,0.05128205128205128,0.14102564102564102,3,178,5,26,147,40,0,0,2,0,0,0,0,0,1,0,boost,1064,0,0,0,1,0,77,3,2,9,0,3,0,2,16,27,4,-2.8,68,5,68,1,390.3,15,181.0,0,1,
1222,2b8117925b4b5b39192aaaea130426bda39ebb5f363102641003f2c2cb33b785,ransomware,TRUE_ENCRYPTION,LockBit,cape,full,0,10.0,Lockbit,1158,0,,,,1112,1158,20,1,0,32,0.017271157167530225,0.0008635578583765112,6,125,5,86,34,14,0,0,0,0,1,0,0,1,0,1,,125,0,0,0,0,1,24,10,6,0,0,3,0,5,5,25,1,-27.1,5,2,5,1,75.4,21,429.2,0,1,
1223,f45b4f4b6420b1a7282b0a91cadfa0e18cf532a3dcf416dea6b5ae004ca1a807,ransomware,NO_VICTIM_ACTIVITY,Hive,cape,full,1,7.0,,275,0,,,,657,275,272,0,0,0,0.9890909090909091,0.0,25,147,112,2,33,40,0,0,2,0,0,0,0,0,1,0,boost,5520,4,4,0,0,1,0,0,0,0,0,0,0,0,0,0,0,,0,0,,,,,,,,
1224,00260c390ffab5734208a7199df0e4229a76261c3f5b7264c4515acb8eb9c2f8,ransomware,TRUE_ENCRYPTION,LockBit,cape,full,0,10.0,Lockbit,4165,0,,,,4785,4165,7,0,0,20,0.0016806722689075631,0.0,4,218,1,121,96,0,0,0,0,0,0,0,0,0,0,0,libsodium,0,,,,,,13,3,3,0,0,3,0,1,1,23,0,-79.0,0,0,,,,,,,,
1225,c275c00ed3831518a88e99ffae3737126da1dd4ef018028850e9b742263e98d9,ransomware,NO_VICTIM_ACTIVITY,Hive,cape,full,0,8.0,,3,0,,,,0,3,0,0,0,0,0.0,0.0,0,1,0,1,0,5,0,0,0,0,0,0,0,0,0,0,,157,0,0,0,0,1,0,0,0,0,0,0,0,0,0,0,0,,0,0,,,,,,,,
1226,0d6524b9a1d709ecd9f19f75fa78d94096e039b3d4592d13e8dbddf99867182d,ransomware,TRUE_ENCRYPTION,LockBit,cape,full,0,10.0,Lockbit,4185,2,-0.01705563995021325,,,4880,4185,8,2,0,59,0.0019115890083632018,0.00047789725209080046,7,286,1,126,159,9,0,0,0,0,0,0,0,0,0,0,libsodium,0,,,0,1,0,37,7,6,0,0,3,0,6,8,95,11,-0.0,4,2,0,0,,0,567.8,4,1,0.025
1227,a77afefb588db0b105f4c7dca156dce1abb413a3e5807f45b9bb61dd55215779,ransomware,NO_VICTIM_ACTIVITY,Hive,cape,full,0,9.0,,500,4,0.055802759889322893,3.0,3.0,12,500,16,0,0,3,0.032,0.0,1,218,1,203,14,1,0,0,0,0,0,0,0,0,0,0,boost,4,0,0,0,1,0,3,0,0,0,0,0,0,2,2,20,0,-13.1,0,0,,,,,,,,
1228,1ef9b4f6b4eb3db7eedf738a78ad15db798d397648b5064990c0a01c0da8a125,ransomware,TRUE_ENCRYPTION,LockBit,cape,full,1,10.0,Lockbit,365,0,,,,449,365,16,2,5,30,0.043835616438356165,0.005479452054794521,6,82,5,28,49,216,3,1,7,5,4,0,4,3,0,4,,0,,,1,0,0,24,10,6,0,0,3,0,5,5,47,9,-36.7,5,2,0,0,,0,323.8,5,1,0.053
1229,f743f72b0d85b5fbeb07e2cbc3a39d85f73748d5b8dab6244fea8fffd5e41533,ransomware,NO_VICTIM_ACTIVITY,Hive,cape,full,0,8.0,,56,0,,,,524,56,1,1,0,4,0.017857142857142856,0.017857142857142856,1,89,1,19,69,5,0,0,0,0,0,0,0,0,0,0,,153,0,0,0,0,1,5,0,0,0,0,0,0,4,4,4,0,198.3,0,0,,,,,,,,
1230,5a2a01a909f8ad20484259c2e305c24791ea8fff7adc3f63f927440e2d14928c,ransomware,NO_VICTIM_ACTIVITY,Hive,cape,full,0,9.0,,62,0,,,,215,62,1,1,0,38,0.016129032258064516,0.016129032258064516,1,115,0,27,88,5,0,0,0,0,0,0,0,0,0,0,,156,0,0,0,0,1,13,0,0,0,0,0,0,1,1,0,0,-391.1,9,1,3,1,211.1,2,0.0,0,1,
1231,17685fa128c7acff236a0587903405b58d8d664b04ebaa49d00e45fc958acc32,ransomware,FAILED,LockBit,cape,static_only,0,10.0,Lockbit,,,,,,,,,,,,,,,,,,,0,0,0,0,0,0,0,0,0,0,0,,0,,,,,,,,,,,,,,,,,,,,,,,,,,,
1232,f0aec57001a184ea82122a59c6e5be48042f75d6f11a40125995ba9531aab718,ransomware,NO_VICTIM_ACTIVITY,Phobos,cape,full,1,7.0,,20,312,0.2876559254909339,,,0,20,0,0,0,0,0.0,0.0,0,1,0,1,0,393,0,0,3,0,0,0,0,0,0,0,,0,,,0,1,0,0,0,0,0,0,0,0,0,0,4,0,,0,0,,,,,,,,
1233,a261a73cf75f1300ff5eb593c555591cc4b7cc440aa11bd12f3cc2b71952fd83,ransomware,NO_VICTIM_ACTIVITY,Hive,cape,full,1,9.0,,1053,0,,,,1415,1053,21,0,0,2,0.019943019943019943,0.0,1,142,0,55,87,40,0,0,2,0,0,0,0,0,1,0,boost,0,,,0,0,1,2,0,0,0,0,0,0,1,1,8,0,-381.9,0,0,,,,,,,,
1234,166aed80bc00d55893d777524235bc89680c8c8192762aff186eee89def0062e,ransomware,TRUE_ENCRYPTION,LockBit,cape,full,1,10.0,Lockbit,281,0,,,,348,281,16,2,5,32,0.05693950177935943,0.0071174377224199285,6,86,6,29,51,216,3,1,7,5,4,0,4,3,0,4,,0,,,1,0,0,25,10,6,0,0,3,0,5,5,59,12,-33.7,5,2,0,0,,0,291.9,5,1,0.048
1235,2eff58738b5a7717a3fcdf7a4171c6fa18492bc200eddc26bf608fa35d28466e,ransomware,TRUE_ENCRYPTION,Phobos,cape,full,1,10.0,Phobos,1619,0,,,,3914,1619,3903,264,6,16,2.4107473749227917,0.16306361951822113,63,495,174,18,303,133,0,0,3,0,0,0,0,0,2,0,boost,222,2,2,0,0,1,14,4,2,0,0,0,0,4,4,19,4,-194.1,5,2,0,0,,0,616.9,5,1,0.065
1236,8e77118d819681fdc49ce3362d8bfd8f51f8469353396be7113c5a8978a171f6,ransomware,NO_VICTIM_ACTIVITY,Hive,cape,full,1,3.0,,0,0,,,,0,0,0,0,0,0,,,0,0,0,0,0,182,0,0,5,0,0,0,0,1,2,0,boost,0,,,0,0,1,0,0,0,0,0,0,0,0,0,0,0,,0,0,,,,,,,,
1237,0b856337d9d3255fc3b07635fdadecbe83e23eb5c205eccab83c21c2fb76edc9,ransomware,TRUE_ENCRYPTION,LockBit,cape,full,1,10.0,Lockbit,321,0,,,,387,321,16,2,5,30,0.04984423676012461,0.006230529595015576,6,86,3,29,54,216,3,1,7,5,4,0,4,3,0,4,,0,,,1,0,0,24,10,6,0,0,3,0,5,5,45,9,-41.5,5,2,0,0,,0,347.7,5,1,0.056
1238,6e9c9b72d1bdb993184c7aa05d961e706a57b3becf151ca4f883a80a07fdd955,ransomware,TRUE_ENCRYPTION,Phobos,cape,full,1,10.0,Phobos,829,0,,,,1379,829,2689,1412,6,17,3.243667068757539,1.7032569360675514,93,359,78,13,268,262,0,0,0,0,0,0,0,0,1,0,boost,2009,2,2,0,0,1,13,4,2,0,0,0,0,5,5,6,1,-276.9,5,2,0,0,,0,583.7,5,1,0.064
1239,89a9279a31e78ceb036d8be5b2e3c7aeb1021a05cff7bbd5e5025250c911234b,ransomware,NO_VICTIM_ACTIVITY,Hive,cape,full,1,0.3,,1,0,,,,0,1,0,0,0,0,0.0,0.0,0,1,0,1,0,40,0,0,2,0,0,0,0,0,1,0,boost,0,,,0,0,1,0,0,0,0,0,0,0,0,0,0,0,,0,0,,,,,,,,
1240,931622391c1324dc7964aa5576b1a7a168382b0dce22399fbeca9aed468138f3,ransomware,FAILED,LockBit,cape,static_only,0,10.0,Lockbit,,,,,,,,,,,,,,,,,,,0,0,0,0,0,0,0,0,0,0,0,libsodium,0,,,,,,,,,,,,,,,,,,,,,,,,,,,
1241,9dde984b21a00bc3307c28bd81f229500b795ce4e908b6f8cb5fbd338b22b8e1,ransomware,TRUE_ENCRYPTION,Phobos,cape,full,1,10.0,Phobos,1537,0,,,,3347,1537,3816,140,6,15,2.4827586206896552,0.09108653220559532,56,503,184,21,298,232,0,0,0,0,0,0,0,0,0,0,,343,2,2,0,0,1,15,4,2,0,0,0,0,3,3,8,1,-312.7,5,2,0,0,,0,610.2,5,1,0.066
1242,70014630f792eaef394f6efd9d0908b48628e11aae3686be939ad6eabd3f81e3,ransomware,NO_VICTIM_ACTIVITY,Hive,cape,full,0,1.3,,1,0,,,,0,1,0,0,0,0,0.0,0.0,0,1,0,1,0,4,0,0,0,0,0,0,0,0,0,0,boost,3,0,0,0,0,1,0,0,0,0,0,0,0,0,0,0,0,,0,0,,,,,,,,
1243,c7f353c4ca722da712da454317e9d00b77c9b6cf6194b47009dbd67517cf2abc,ransomware,NO_VICTIM_ACTIVITY,LockBit,cape,full,0,7.0,,0,2,,3.0,3.0,13,0,0,0,0,0,,,0,4,0,0,4,1,0,0,0,0,0,0,0,0,0,0,,0,,,0,1,0,0,0,0,0,0,0,0,0,0,16,0,,0,0,,,,,,,,
1244,03bb4d5c0179fdceacc5df7645e6e7fa93e931ac9beb1968c7bbe40ba3499194,ransomware,TRUE_ENCRYPTION,Phobos,cape,full,1,10.0,Phobos,1467,0,,,,3091,1467,3060,1427,6,20,2.085889570552147,0.972733469665985,102,389,90,27,272,111,0,0,8,0,3,0,5,1,0,2,,2103,0,0,0,0,1,18,4,2,0,0,0,0,6,6,19,1,-294.8,5,2,0,0,,0,624.9,5,1,0.109
1245,8abaa521a014cdbda2afe77042f21947b147197d274bf801de2df55b1e01c904,ransomware,NO_VICTIM_ACTIVITY,Hive,cape,full,1,10.0,Hive,41,0,,,,1,41,1,1,0,74,0.024390243902439025,0.024390243902439025,1,111,0,36,75,40,0,0,2,0,0,0,0,0,1,0,boost,0,,,0,0,1,74,0,0,0,68,0,0,1,1,2,0,-393.4,33,2,19,1,298.1,2,0.0,0,1,
1246,ca57455fd148754bf443a2c8b06dc2a295f014b071e3990dd99916250d21bc75,ransomware,NO_VICTIM_ACTIVITY,LockBit,cape,full,0,9.0,,0,0,,,,2,0,0,0,0,9,,,0,11,0,0,11,1,0,0,0,0,0,0,0,0,0,0,,0,,,0,0,1,9,0,0,0,0,0,0,3,3,2,0,,0,0,,,,,,,,
1247,7949bf3e09366bdb23ca7472cb6c4d9183ad5b081ac5a568d556aec8beae0785,ransomware,TRUE_ENCRYPTION,Phobos,cape,full,1,10.0,Phobos,1508,0,,,,3797,1508,3910,462,3,13,2.592838196286472,0.3063660477453581,56,504,178,12,314,111,0,0,8,0,3,0,5,1,0,2,,0,,,0,0,1,13,4,2,0,0,0,0,3,3,7,1,-281.9,5,2,0,0,,0,606.2,5,1,0.061
1248,3cba4c992d174f01a9c3a2d7d785c9f6e9748547fc3e335556a56f132c3dfa5f,ransomware,TRUE_ENCRYPTION,Hive,cape,full,1,10.0,Hive,233,260,0.12778659567868791,5.355645570891867,6.8736906232449355,58,233,68,1,0,90,0.2918454935622318,0.004291845493562232,11,181,20,66,95,32,0,0,1,0,0,0,0,0,1,0,boost,0,,,0,1,0,89,0,0,0,76,0,0,3,3,2,0,0.9,40,2,28,1,314.1,69,281.0,12,1,0.046
1249,fdc4ac20e22968088ef1dc27dc4b3746fd2b827d45899ed45c8eec3d14a4defe,ransomware,NO_VICTIM_ACTIVITY,LockBit,cape,full,1,1.3,,0,0,,,,3,0,0,0,0,0,,,0,3,0,0,3,44,0,0,3,0,0,0,0,0,0,0,,0,,,0,0,1,0,0,0,0,0,0,0,0,0,0,0,,0,0,,,,,,,,
1250,f9348fb8d78baa055f90288fec94b67d3f3d30eaa5744feeacef871ee3ad8eb8,ransomware,TRUE_ENCRYPTION,Phobos,cape,full,1,10.0,Phobos,1339,0,,,,3706,1339,3869,139,2,13,2.8894697535474236,0.10380881254667662,54,508,187,16,305,111,0,0,8,0,3,0,5,1,0,2,,0,,,0,0,1,14,4,2,0,0,0,0,3,3,6,1,-367.7,5,2,0,0,,0,590.8,5,1,0.067
1251,b40db2ff2f7b61092ec9962bfefe8eca240d3a4238e9e96ebe48e840dcdc5965,ransomware,TRUE_ENCRYPTION,Hive,cape,full,1,10.0,Hive,50,207,0.19584900184593693,5.755270330395732,6.8721065614598125,0,50,1,1,0,82,0.02,0.02,1,127,0,44,83,32,0,0,1,0,0,0,0,0,1,0,boost,0,,,0,1,0,81,0,0,0,76,0,0,2,2,2,0,0.9,39,1,28,1,319.4,2,0.0,0,1,
1252,a9cb8fb06970ee8652983bdad227d24f50133853b64e29b76bae98b4063409b3,ransomware,TRUE_ENCRYPTION,LockBit,cape,full,0,10.0,Lockbit,1926,0,,,,1959,1926,7,1,0,49,0.0036344755970924196,0.0005192107995846313,5,178,1,91,86,9,0,0,0,0,0,0,0,0,0,0,libsodium,0,,,0,0,1,28,7,6,0,0,3,0,6,9,29,1,-16.6,4,2,0,0,,0,292.7,4,1,0.146
1253,c2f351a42ecfd12aa3bc4562a05f2d54fefe977e2464bc2677823f5301d27afd,ransomware,NO_VICTIM_ACTIVITY,Hive,cape,full,0,1.3,,130,0,,,,0,130,0,0,0,0,0.0,0.0,0,7,0,7,0,4,0,0,0,0,0,0,0,0,0,0,boost,3,0,0,0,0,1,0,0,0,0,0,0,0,0,0,0,0,,0,0,,,,,,,,
1254,2b8fe787f921aadf028b8d5f4f09e66133f60d162b69afebdf6bc690b2a6d495,ransomware,TRUE_ENCRYPTION,LockBit,cape,full,0,10.0,Lockbit,3970,0,,,,4821,3970,9,2,0,55,0.0022670025188916876,0.0005037783375314861,7,290,1,129,160,9,0,0,0,0,0,0,0,0,0,0,libsodium,0,,,0,0,1,37,7,6,0,0,3,0,5,5,110,15,-56.3,4,2,0,0,,0,606.3,4,1,0.043
1255,1509f264e1e97198ec674fe8ee464a6c05e216e5f29553b8e03289a8d7da6de3,ransomware,NO_VICTIM_ACTIVITY,Hive,cape,full,0,1.3,,3,0,,,,0,3,0,0,0,0,0.0,0.0,0,2,0,2,0,4,0,0,0,0,0,0,0,0,0,0,boost,3,0,0,0,0,1,0,0,0,0,0,0,0,0,0,0,0,,0,0,,,,,,,,
1256,7363f13db048624a97528e2a2592e6657e4882028933506b5df9ecc62f869528,ransomware,TRUE_ENCRYPTION,LockBit,cape,full,0,10.0,Lockbit,3919,0,,,,4652,3919,10,0,0,28,0.0025516713447307987,0.0,5,231,1,123,107,9,0,0,0,0,0,0,0,0,0,0,libsodium,0,,,0,0,1,21,7,6,0,0,3,0,4,4,68,10,-6.5,4,2,0,0,,0,259.4,4,1,0.049
1257,74b45abc573e70827acfea4bba7a4b0e16cac7756e542c9bcaf3b8fb81394579,ransomware,NO_VICTIM_ACTIVITY,Hive,cape,full,0,1.3,,2,0,,,,0,2,0,0,0,0,0.0,0.0,0,1,0,1,0,4,0,0,0,0,0,0,0,0,0,0,boost,3,0,0,0,0,1,0,0,0,0,0,0,0,0,0,0,0,,0,0,,,,,,,,
1258,dec4ca3a0863919f85c2a1a4a7e607e68063a9be1719ccb395353fe4a2d087e5,ransomware,TRUE_ENCRYPTION,LockBit,cape,full,0,10.0,Lockbit,4273,6,-0.01803862963921455,3.3031523788307195,3.3031523788307195,5147,4273,22,3,5,36,0.005148607535689211,0.0007020828457758015,10,332,1,161,170,9,0,0,0,0,0,0,0,0,0,0,libsodium,0,,,0,1,0,31,7,6,0,0,3,0,6,7,74,16,-30.6,4,2,0,0,,0,606.8,4,1,0.053
1259,201215fdd6ba159d22621f2424f75b25fbe6dac1c85126e174e4ae999ef88111,ransomware,FAILED,Hive,cape,full,1,0.3,,1,0,,,,1,1,0,0,0,0,0.0,0.0,0,1,0,1,0,40,0,0,2,0,0,0,0,0,1,0,boost,0,,,0,0,1,0,0,0,0,0,0,0,0,0,0,0,,0,0,,,,,,,,
1260,ac123fae7b38fab3b9dfc3b28af23688d1ad1e66b659ab38e75ca334d7c91bf2,ransomware,TRUE_ENCRYPTION,LockBit,cape,full,0,10.0,Lockbit,4211,6,-0.01907866344209547,3.3031523788307195,3.3031523788307195,4951,4211,43,18,5,33,0.010211351222987414,0.004274519116599383,10,296,4,139,153,9,0,0,0,0,0,0,0,0,0,0,libsodium,0,,,0,1,0,29,6,5,0,0,2,0,5,6,91,19,-4.4,4,2,0,0,,0,558.7,4,1,0.062
1261,a500e5ab8ce265d1dc8af1c00ea54a75b57ede933f64cea794f87ef1daf287a1,ransomware,FAILED,Hive,cape,full,1,1.0,,0,0,,,,0,0,0,0,0,0,,,0,0,0,0,0,40,0,0,1,0,0,0,0,0,1,0,boost,0,,,0,0,1,0,0,0,0,0,0,0,0,0,0,0,,0,0,,,,,,,,
1262,51634f69ba2c47e171bc6ca7acb570eefe3fafdc2dfa78be46d9f1920cb309bd,ransomware,TRUE_ENCRYPTION,LockBit,cape,full,0,10.0,Lockbit,4074,12,-0.033981046452998286,3.3031523788307195,3.3031523788307195,4796,4074,26,16,0,70,0.006381934216985763,0.0039273441335297005,8,309,0,131,178,9,0,0,0,0,0,0,0,0,0,0,libsodium,0,,,0,1,0,38,7,6,0,0,3,0,5,6,84,11,-38.1,4,2,0,0,,0,520.5,4,1,0.044
1263,af5e6a5e0d4c63665c642e7c6f82345c77e05c67ea7efb8fc881c46117248765,ransomware,NO_VICTIM_ACTIVITY,Hive,cape,full,1,7.0,,1559,0,,,,2682,1559,1882,0,0,0,1.207184092366902,0.0,43,528,370,6,152,40,0,0,2,0,0,0,0,0,1,0,boost,5520,4,4,0,0,1,0,0,0,0,0,0,0,0,0,0,0,,0,0,,,,,,,,
1264,a2ad5cc5045a1645f07da7eab14ba13eb69ab7286204f61ba6a4226bfade7f17,ransomware,TRUE_ENCRYPTION,LockBit,cape,full,0,10.0,Lockbit,4229,0,,,,5104,4229,20,3,5,33,0.004729250413809411,0.0007093875620714117,9,296,1,171,124,9,0,0,0,0,0,0,0,0,0,0,libsodium,0,,,0,0,1,28,7,6,0,0,3,0,4,4,91,16,-57.9,4,2,0,0,,0,505.3,4,1,0.055
1265,e56c0b10c1198db5233d0baedb716234d69d4dff2bbee327919a3aacfeb88f54,ransomware,NO_VICTIM_ACTIVITY,Hive,cape,full,0,4.699999999999999,,62,0,,,,425,62,9,2,5,3,0.14516129032258066,0.03225806451612903,3,61,1,8,52,5,0,0,0,0,0,0,0,0,0,0,,153,0,0,0,0,1,4,0,0,0,0,0,0,3,3,11,8,234.2,0,0,,,,,,,,
1266,2cf51d2d9edcfcd6fe5a8c323149832858f9655742dd5e327ee182960e558ad3,ransomware,TRUE_ENCRYPTION,LockBit,cape,full,0,10.0,Lockbit,4000,0,,,,2727,4000,15,2,5,26,0.00375,0.0005,7,175,2,131,42,9,0,0,0,0,0,0,0,0,0,0,libsodium,0,,,0,0,1,22,7,6,0,0,3,0,3,3,64,12,-69.5,4,2,0,0,,0,320.6,4,1,0.127
1267,8c5526650d48864f1584fcf74f9c29a77430eb1ffc58d215cb4d4e33c7b7c1f0,ransomware,NO_VICTIM_ACTIVITY,Hive,cape,full,1,7.0,,0,0,,,,0,0,52,0,0,0,,,6,9,0,0,9,40,0,0,2,0,0,0,0,0,1,0,boost,0,,,0,0,1,0,0,0,0,0,0,0,0,0,0,0,,0,0,,,,,,,,
1268,5a67b802ccb3ff343066d6f285b8c933dbd9b43da1e7592f512d54d6e517b5ee,ransomware,TRUE_ENCRYPTION,LockBit,cape,full,0,10.0,Lockbit,3986,0,,,,2715,3986,15,2,5,24,0.003763171098845961,0.0005017561465127947,7,167,3,132,32,9,0,0,0,0,0,0,0,0,0,0,libsodium,0,,,0,0,1,21,7,6,0,0,3,0,4,4,47,9,-22.4,4,2,0,0,,0,314.0,4,1,0.085
1269,d3074cf95eec9d07e6db415cf1ec236fbe9d7cc8857107bb96e0b86bb52ee298,ransomware,FAILED,Hive,cape,full,1,0.3,,41,0,,,,0,41,0,0,0,0,0.0,0.0,0,1,0,1,0,32,0,0,1,0,0,0,0,0,1,0,boost,0,,,0,0,1,0,0,0,0,0,0,0,0,0,0,0,,0,0,,,,,,,,
1270,7878f6f17b90a1695d73de830dfdd8bdc62f365dab88bd42b13226668f913254,ransomware,TRUE_ENCRYPTION,LockBit,cape,full,0,10.0,Lockbit,4213,0,,,,4918,4213,19,2,5,39,0.004509850462853074,0.00047472110135295516,8,281,2,148,131,9,0,0,0,0,0,0,0,0,0,0,libsodium,0,,,0,0,1,25,7,6,0,0,3,0,4,7,73,16,-34.9,4,2,0,0,,0,542.5,4,1,0.021
1271,29d2f9308947efac0c804497666e1f03d61bc9321fdb498152a5d481d1e61a35,ransomware,NO_VICTIM_ACTIVITY,Hive,cape,full,1,8.0,,21,652,-0.011047808845061553,5.911640046982746,6.476157391559539,144,21,2,0,0,79,0.09523809523809523,0.0,2,125,0,9,116,40,0,0,2,0,0,0,0,0,1,0,boost,0,,,0,1,0,76,3,2,9,0,3,0,1,15,27,4,-2.5,68,5,68,1,472.5,2,0.8,0,1,
1272,40c436f4ac5193735d05cfe2375d29449a90269a718fba9d7af179317688e2fb,ransomware,TRUE_ENCRYPTION,LockBit,cape,full,0,10.0,Lockbit,4080,0,,,,2848,4080,15,2,5,24,0.003676470588235294,0.0004901960784313725,7,206,2,139,65,9,0,0,0,0,0,0,0,0,0,0,libsodium,0,,,0,0,1,22,7,6,0,0,3,0,5,5,49,9,-20.5,4,2,0,0,,0,320.6,4,1,0.081
1273,e6d6100cc97057cd00751ef5ac18261f7796868a420b4507144e9de0a7e80784,ransomware,NO_VICTIM_ACTIVITY,Hive,cape,full,1,1.5,,1,0,,,,0,1,0,0,0,0,0.0,0.0,0,1,0,1,0,85,0,0,1,0,0,0,0,0,1,0,boost,0,,,0,0,1,0,0,0,0,0,0,0,0,0,0,0,,0,0,,,,,,,,
1274,8b3d44f099888635fc995a5362159bbec7da1954eaa2fed7ba41650447cf2277,ransomware,TRUE_ENCRYPTION,LockBit,cape,full,0,10.0,Lockbit,4031,0,,,,2720,4031,6,0,0,24,0.0014884644008930786,0.0,4,175,1,130,44,9,0,0,0,0,0,0,0,0,0,0,libsodium,0,,,0,0,1,19,7,5,0,0,3,0,4,4,43,4,-74.6,4,2,0,0,,0,15.9,0,0,
1275,1c55d4144572be0ee5f5f95d9ce655549a7d0f55c74d576f649a85c323b31a63,ransomware,NO_VICTIM_ACTIVITY,Hive,cape,full,1,7.0,,1618,0,,,,2677,1618,2017,0,0,0,1.2466007416563658,0.0,43,528,381,2,145,40,0,0,2,0,0,0,0,0,1,0,boost,5520,4,4,0,0,1,0,0,0,0,0,0,0,0,0,0,0,,0,0,,,,,,,,
1276,0dcbc979c995eeec6e76fa87dfc301228d230101b9acecba53289c1c085eadb1,ransomware,TRUE_ENCRYPTION,LockBit,cape,full,0,10.0,Lockbit,4236,6,-0.023495676878671587,3.3031523788307195,3.3031523788307195,4966,4236,14,2,0,34,0.0033050047214353163,0.00047214353163361664,9,299,1,146,152,9,0,0,0,0,0,0,0,0,0,0,libsodium,0,,,0,1,0,29,6,5,0,0,3,0,4,5,74,9,-61.5,4,2,0,0,,0,478.8,4,1,0.064
1277,abc5ad9fe2047299d9c174d100ab06c59cabc1bb05f2e2bf7e07568ee25b018d,ransomware,FAILED,Hive,cape,static_only,0,1.3,,,,,,,,,,,,,,,,,,,,0,0,0,0,0,0,0,0,0,0,0,boost,0,,,,,,,,,,,,,,,,,,,,,,,,,,,
1278,4672f4ade47a4717255db6bcd9ae1fb6f4d71e85d059bb08e65df55d416126eb,ransomware,TRUE_ENCRYPTION,LockBit,cape,full,0,10.0,Lockbit,3731,0,,,,2476,3731,15,2,5,22,0.004020369874028411,0.0005360493165371214,7,171,1,120,50,9,0,0,0,0,0,0,0,0,0,0,libsodium,0,,,0,0,1,19,7,6,0,0,3,0,3,3,51,9,-43.3,4,2,0,0,,0,307.1,4,1,0.07
1279,eba2f0afd491ee595cd6908494e9e2a2115ed71c053c6d7b94970f1985830ada,ransomware,NO_VICTIM_ACTIVITY,Hive,cape,full,1,8.0,,21,636,-0.0034241864888943335,5.902650894637281,6.476157391559539,160,21,2,0,0,78,0.09523809523809523,0.0,2,127,0,9,118,40,0,0,2,0,0,0,0,0,1,0,boost,0,,,0,1,0,76,3,2,9,0,3,0,3,17,27,4,-2.9,68,5,68,1,486.4,2,0.3,0,1,
1280,e786673320cd80373f1f1bdd717082d5ea074c4464e2b15874d93dc3cfe35ee1,ransomware,TRUE_ENCRYPTION,LockBit,cape,full,0,10.0,Lockbit,3978,0,,,,4690,3978,7,2,0,55,0.0017596782302664656,0.0005027652086475615,6,272,1,128,143,9,0,0,0,0,0,0,0,0,0,0,libsodium,0,,,0,0,1,32,6,5,0,0,3,0,5,7,88,7,-0.2,4,2,0,0,,0,496.9,4,1,0.037
1281,bb5ec56740f8e99fe4bf5b43e7fd7db75d678a7273dd418060b610e60185cc20,ransomware,NO_VICTIM_ACTIVITY,Hive,cape,full,0,9.0,,61,1198,-0.0041444898872500385,6.002705236264325,6.476157391559539,455,61,6,3,0,46,0.09836065573770492,0.04918032786885246,6,176,1,34,141,5,0,0,0,0,0,0,0,0,0,0,,156,0,0,0,1,0,27,0,0,0,0,0,0,1,1,12,0,-377.2,7,2,0,0,,0,318.1,3,1,0.373
1282,c6902f14bafb0fa5c7b46a3afe0ff71245c0bb26ac07b187ff58fd3fa381dbcb,ransomware,TRUE_ENCRYPTION,LockBit,cape,full,0,10.0,Lockbit,4134,6,-0.019592992553322728,3.3031523788307195,3.3031523788307195,4889,4134,22,3,5,44,0.005321722302854378,0.000725689404934688,10,288,2,154,132,9,0,0,0,0,0,0,0,0,0,0,libsodium,0,,,0,1,0,35,6,5,0,0,3,0,4,5,78,17,-79.1,4,2,0,0,,0,550.6,4,1,0.068
1283,dd7a018d9ee987fd7027e438b2636e802d98c2dd7aceaf2ec6db711fb08c6dab,ransomware,NO_VICTIM_ACTIVITY,Hive,cape,full,1,10.0,CobaltStrikeStager,406,0,,,,36,406,9,2,5,13,0.022167487684729065,0.0049261083743842365,3,36,2,17,17,40,0,0,2,0,0,0,0,0,1,0,boost,40,0,0,0,0,1,13,0,0,0,0,0,0,2,2,54,11,-78.7,0,0,,,,,,,,
1284,f978a39f80fe81be9f9f98b00adf88a8b7300bd5d311597d00daa47da3676369,ransomware,TRUE_ENCRYPTION,LockBit,cape,full,0,10.0,Lockbit,3904,0,,,,2644,3904,5,0,0,24,0.0012807377049180327,0.0,3,163,0,128,35,9,0,0,0,0,0,0,0,0,0,0,libsodium,0,,,0,0,1,19,6,5,0,0,3,0,5,5,36,4,0.5,4,2,0,0,,0,5.2,0,0,
1285,4fa28556557b228a0cabb6a51597217e09afdf58a140b1181f0bd8325e6e4d0f,ransomware,NO_VICTIM_ACTIVITY,Hive,cape,full,1,10.0,RedLine,80,16,-0.002820878977412637,2.6106140956529957,6.37849034503095,317,80,2,1,0,6,0.025,0.0125,2,43,2,6,35,164,0,0,8,0,0,0,2,1,0,1,,195,0,0,0,1,0,7,0,0,0,0,0,0,2,2,2,0,-34.7,0,0,,,,,,,,
1286,9aa88ce395cd32b972f79afe6855d74e1071b7a79b6acadeefa2d0c2f6a4530c,ransomware,TRUE_ENCRYPTION,LockBit,cape,full,1,10.0,Lockbit,4134,7,-0.03001734131068772,4.275790400496055,4.5515808009921095,4936,4134,33,16,0,32,0.007982583454281567,0.0038703434929850023,7,307,4,146,157,164,0,0,8,0,0,0,2,1,0,1,,28,0,0,0,1,0,25,7,6,0,0,3,0,4,4,62,8,-138.2,4,2,0,0,,0,489.5,4,1,0.347
1287,d37eff5e61865aa3cae865e60c443db13027a1c2a01d24caa00da99b43042c6c,ransomware,FAILED,Hive,cape,full,1,1.5,,0,0,,,,0,0,0,0,0,0,,,0,0,0,0,0,78,0,0,2,0,0,0,0,0,1,0,boost,0,,,0,0,1,0,0,0,0,0,0,0,0,0,0,0,,0,0,,,,,,,,
1288,38d20104c7a2959a06a48a614aaa58b8c87f2118fd51297cb1e37be728b8cdb8,ransomware,TRUE_ENCRYPTION,LockBit,cape,full,1,10.0,Lockbit,4203,7,-0.029802577349514085,4.275790400496055,4.5515808009921095,4982,4203,31,15,0,30,0.007375684035212943,0.0035688793718772305,8,285,3,131,151,164,0,0,8,0,0,0,2,1,0,1,,28,0,0,0,1,0,28,6,5,0,0,3,0,5,5,77,10,-114.3,4,2,0,0,,0,537.2,4,1,0.248
1289,15d06d1741cc8b5495da9c79c6f630e33060e80c73da9666500f6f0bdf5ff259,ransomware,NO_VICTIM_ACTIVITY,Hive,cape,full,0,9.0,,40,1276,-0.014963921011988577,5.901711045013221,6.476157391559539,386,40,6,3,0,47,0.15,0.075,6,160,1,23,136,2,0,0,0,0,0,0,0,0,0,0,,0,,,0,1,0,30,0,0,0,0,0,0,2,7,12,0,-298.0,4,2,0,0,,0,403.6,2,1,0.344
1290,9feed0c7fa8c1d32390e1c168051267df61f11b048ec62aa5b8e66f60e8083af,ransomware,TRUE_ENCRYPTION,LockBit,cape,full,0,10.0,Lockbit,4244,6,-0.025045262313090837,3.3031523788307195,3.3031523788307195,4953,4244,12,1,0,38,0.002827521206409048,0.000235626767200754,8,322,0,169,153,9,0,0,0,0,0,0,0,0,0,0,libsodium,0,,,0,1,0,29,7,6,0,0,3,0,5,6,87,12,-74.9,4,2,0,0,,0,454.7,4,1,0.084
1291,83a361e88cb033fb4e3067a00dc0e1458dc2dcc68b9e0d01f4ea16b50db9ee11,ransomware,NO_VICTIM_ACTIVITY,Hive,cape,full,1,10.0,RedLine,1,16,-0.054237599757285655,2.6106140956529957,6.37849034503095,11,1,0,0,0,1,0.0,0.0,0,6,0,1,5,40,0,0,2,0,0,0,0,0,1,0,boost,1,0,0,0,1,0,1,0,0,0,0,0,0,0,0,0,0,,0,0,,,,,,,,
1292,f2da3d1410c5058720a4307acf5fec7fc2b54285be9dd89eae108cce368dcde7,ransomware,TRUE_ENCRYPTION,LockBit,cape,full,0,10.0,LokiLocker,979,10369,0.24325140110170057,7.149869909371611,7.391407863957203,2046,979,14,3411,5,62,0.014300306435137897,3.4841675178753833,66,304,69,22,213,1,0,0,0,0,0,0,0,0,0,0,,1,0,0,0,1,0,41,9,4,0,0,0,0,5,6,55,3,-31.7,2,2,1,1,12.5,3425,347.7,1,1,0.227
1293,b4297174e47d9ed2808524165bb5c09d0cb85e342db72b955edd4d5a0c490f9e,ransomware,NO_VICTIM_ACTIVITY,Hive,cape,full,1,4.1,,35,0,,,,1,35,0,0,0,0,0.0,0.0,0,34,0,34,0,39,0,0,1,0,0,0,0,0,1,0,boost,0,,,0,0,1,0,0,0,0,0,0,0,0,0,0,0,,0,0,,,,,,,,
1294,e216372e4328f1cf5cf39a73540b508adc8d777fef90ca77af635c2331deb5cc,ransomware,TRUE_ENCRYPTION,LockBit,cape,full,0,10.0,Lockbit,4136,0,,,,4904,4136,20,2,5,52,0.004835589941972921,0.00048355899419729207,8,192,3,89,100,9,0,0,0,0,0,0,0,0,0,0,libsodium,0,,,0,0,1,28,6,5,0,0,3,0,4,10,89,16,-32.0,4,2,0,0,,0,279.3,4,1,0.058
1295,869bff03d70693a10e63fc192311edc3740aa87ebe25adbe45518f4819b347ec,ransomware,NO_VICTIM_ACTIVITY,Hive,cape,full,1,3.8,,20,0,,,,1,20,0,0,0,0,0.0,0.0,0,20,0,20,0,40,0,0,2,0,0,0,0,0,1,0,boost,0,,,0,0,1,0,0,0,0,0,0,0,0,0,0,0,,0,0,,,,,,,,
1296,bdc2801e747ee4dd2b50b1ecd3fa3eb53b6c8101ec37eff8d18e485a7f4a7bd0,ransomware,TRUE_ENCRYPTION,LockBit,cape,full,0,10.0,Lockbit,4077,6,-0.02230532447296184,3.3031523788307195,3.3031523788307195,4898,4077,31,17,0,38,0.007603630120186411,0.004169732646553839,9,299,2,141,156,9,0,0,0,0,0,0,0,0,0,0,libsodium,0,,,0,1,0,29,6,5,0,0,3,0,4,4,82,12,-60.9,4,2,0,0,,0,504.2,4,1,0.058
1297,50ccb1b00bdd8fc3d8957bdf718c17887ed3cd59dfbeb247193a33041cf6e03b,ransomware,NO_VICTIM_ACTIVITY,Hive,cape,full,1,3.8,,19,0,,,,1,19,0,0,0,0,0.0,0.0,0,19,0,19,0,39,0,0,1,0,0,0,0,0,1,0,boost,0,,,0,0,1,0,0,0,0,0,0,0,0,0,0,0,,0,0,,,,,,,,
1298,786a4475e703e5c8d3d5cf05ca7071c579f856a1eb9afb3e4df359e7932b7170,ransomware,TRUE_ENCRYPTION,LockBit,cape,full,0,10.0,Lockbit,4122,0,,,,3042,4122,14,2,5,25,0.003396409509946628,0.00048520135856380397,7,226,2,149,75,9,0,0,0,0,0,0,0,0,0,0,libsodium,0,,,0,0,1,21,6,5,0,0,3,0,5,5,67,12,-39.8,4,2,0,0,,0,324.5,4,1,0.09
1299,90bf2554202af77fef1c4dd6fbeec01373ffb3076b74ab2db29a149feaf63fd2,ransomware,FAILED,Hive,cape,static_only,0,1.3,,,,,,,,,,,,,,,,,,,,0,0,0,0,0,0,0,0,0,0,0,,0,,,,,,,,,,,,,,,,,,,,,,,,,,,
1300,74b4d14d2d1af6642d5867eb89c277aa02f5e4ac667d87b5aca380f40eabe1bf,ransomware,TRUE_ENCRYPTION,LockBit,cape,full,1,8.0,,401,0,,,,288,401,227,2,5,8,0.5660847880299252,0.004987531172069825,26,45,4,21,20,175,0,0,9,1,0,0,3,1,2,2,boost,382,2,0,0,0,1,9,0,0,0,0,0,0,3,3,38,11,-7.8,0,0,,,,,,,,
1301,0e8e6fc94e6eb17cfd8993b3dcfd9acd11ee32f1b4e956df3097ae3259be4f9c,ransomware,NO_VICTIM_ACTIVITY,Hive,cape,full,1,10.0,Hive,40,1216,-0.022028313219770272,5.88141197710942,6.476157391559539,280,40,4,9,0,79,0.1,0.225,3,155,0,13,142,40,0,0,2,0,0,0,0,0,1,0,boost,0,,,0,1,0,77,3,2,9,0,3,0,2,16,27,4,-9.2,68,5,68,1,446.1,13,164.7,0,1,
1302,5b9e6d9275e9523aa3945be891745442a07b936ee5236e23934250ba3844f65f,ransomware,TRUE_ENCRYPTION,LockBit,cape,full,1,9.0,,324,0,,,,386,324,99,2,6,16,0.3055555555555556,0.006172839506172839,15,55,5,16,34,175,0,0,9,1,0,0,3,1,2,2,boost,1130,2,0,0,0,1,13,0,0,0,0,0,0,6,7,38,11,-8.8,0,0,,,,,,,,
1303,16baebd1adfc1bae6e35773b383875ac831a011fefed63a0506b875596274b8c,ransomware,NO_VICTIM_ACTIVITY,Hive,cape,full,1,3.1,,3,197,-0.0855622908611632,6.966171795273742,6.966171795273742,9,3,0,0,0,0,0.0,0.0,0,3,0,2,1,182,0,0,5,0,0,0,0,1,2,0,boost,0,,,0,1,0,0,0,0,0,0,0,0,0,0,0,0,,0,0,,,,,,,,
1304,17c6f4e45d44bd4c06212139f521976b87ed5a6ddcd0e4e5e978e64dabb3883f,ransomware,TRUE_ENCRYPTION,LockBit,cape,full,1,9.0,,340,0,,,,263,340,218,0,0,5,0.6411764705882353,0.0,24,30,2,12,16,175,0,0,9,1,0,0,3,1,2,2,boost,382,2,0,0,0,1,5,0,0,0,0,0,0,3,3,2,0,-7.6,0,0,,,,,,,,
1305,5683ddca452350937ddd0bf5f02f9bb00c7034c2fc73e8f229d39a2f48aed20f,ransomware,NO_VICTIM_ACTIVITY,Hive,cape,full,1,0.3,,33,0,,,,0,33,0,0,0,0,0.0,0.0,0,29,0,29,0,40,0,0,2,0,0,0,0,0,1,0,boost,0,,,0,0,1,0,0,0,0,0,0,0,0,0,0,0,,0,0,,,,,,,,
1306,bc7a8a1a103aba8623b7cb73a8c32d5a3a9a8550d1a0fabbb1a01a48497ad0fb,ransomware,TRUE_ENCRYPTION,LockBit,cape,full,1,10.0,Lockbit,3511,0,,,,2768,3511,26,11,5,26,0.00740529763600114,0.0031330105383081744,8,247,1,139,107,98,0,0,2,2,0,0,0,0,2,1,,18,0,0,0,0,1,22,7,6,0,0,3,0,5,5,54,9,-92.1,4,2,0,0,,0,364.2,4,1,0.147
1307,45c9ec792bbb263ad7f58e1077dbee321115764abfbf9f26686fada2a17b6c4b,ransomware,NO_VICTIM_ACTIVITY,Hive,cape,full,1,4.1000000000000005,,3,197,-0.07617854359647552,6.966171795273742,6.966171795273742,9,3,0,0,0,0,0.0,0.0,0,3,0,2,1,182,0,0,5,0,0,0,0,1,2,0,boost,0,,,0,1,0,0,0,0,0,0,0,0,0,0,0,0,,0,0,,,,,,,,
1308,3407f26b3d69f1dfce76782fee1256274cf92f744c65aa1ff2d3eaaaf61b0b1d,ransomware,NO_VICTIM_ACTIVITY,LockBit,cape,full,0,0.5,,9,0,,,,0,9,0,0,0,0,0.0,0.0,0,3,0,3,0,0,0,0,0,0,0,0,0,0,0,0,,0,,,,,,0,0,0,0,0,0,0,0,0,0,0,,0,0,,,,,,,,
1309,d9cfc3b7544927a2d5d56f0d4767b88b83a91616aa3b0a4a1846fd7881a4e0f9,ransomware,FAILED,Hive,cape,full,1,0.3,,1,0,,,,0,1,0,0,0,0,0.0,0.0,0,1,0,1,0,37,0,0,1,0,0,0,0,0,1,0,boost,0,,,0,0,1,0,0,0,0,0,0,0,0,0,0,0,,0,0,,,,,,,,
1310,4db7eeed852946803c16373a085c1bb5f79b60d2122d6fc9a2703714cdd9dac0,ransomware,NO_VICTIM_ACTIVITY,LockBit,cape,full,0,0.3,,216,0,,,,0,216,0,0,0,0,0.0,0.0,0,119,0,119,0,0,0,0,0,0,0,0,0,0,0,0,,0,,,,,,0,0,0,0,0,0,0,0,0,0,0,,0,0,,,,,,,,
1311,d0f8a2be536ca434da7734bd318d2a88ea5005f47d518c30ff611185f42c3701,ransomware,NO_VICTIM_ACTIVITY,Hive,cape,full,0,9.0,,110,1258,-0.029623117999173998,5.895531028785635,6.476157391559539,713,110,6,3,0,68,0.05454545454545454,0.02727272727272727,6,243,0,50,193,4,0,0,0,0,0,0,0,0,0,0,boost,3,0,0,0,1,0,28,0,0,0,0,0,0,3,3,14,0,-41.2,6,2,0,0,,0,342.2,2,1,0.42
1312,bd14872dd9fdead89fc074fdc5832caea4ceac02983ec41f814278130b3f943e,ransomware,NO_VICTIM_ACTIVITY,LockBit,cape,full,0,0.5,,6,0,,,,0,6,0,0,0,0,0.0,0.0,0,2,0,2,0,0,0,0,0,0,0,0,0,0,0,0,,0,,,,,,0,0,0,0,0,0,0,0,0,0,0,,0,0,,,,,,,,
1313,0d2010a9a6f2c5066afea6b63d881d17684a8f129c1410ff65020f00729bb3bb,ransomware,NO_VICTIM_ACTIVITY,Hive,cape,full,1,4.1000000000000005,,2,197,-0.09678995820877055,6.966171795273742,6.966171795273742,9,2,0,0,0,0,0.0,0.0,0,4,0,2,2,182,0,0,5,0,0,0,0,1,2,0,boost,0,,,0,1,0,0,0,0,0,0,0,0,0,0,0,0,,0,0,,,,,,,,
1314,07a3dcb8d9b062fb480692fa33d12da05c21f544492cbaf9207956ac647ba9ae,ransomware,NO_VICTIM_ACTIVITY,LockBit,cape,full,0,0.5,,6,0,,,,0,6,0,0,0,0,0.0,0.0,0,2,0,2,0,0,0,0,0,0,0,0,0,0,0,0,,0,,,,,,0,0,0,0,0,0,0,0,0,0,0,,0,0,,,,,,,,
1315,25d18c3823a3b210a18e69c823ce4c59fab298c315ac2a5d891027921d1c6d7e,ransomware,TRUE_ENCRYPTION,Hive,cape,full,1,9.0,Scarab-Dharma,176,0,,,,277,176,1,244,0,8,0.005681818181818182,1.3863636363636365,43,203,79,15,109,40,0,0,2,0,0,0,0,0,1,0,boost,0,,,0,0,1,8,0,0,0,0,0,0,2,2,2,0,6.0,2,1,1,1,260.5,245,274.8,1,1,0.597
1316,acad2d9b291b5a9662aa1469f96995dc547a45e391af9c7fa24f5921b0128b2c,ransomware,TRUE_ENCRYPTION,LockBit,cape,full,0,10.0,Lockbit,3875,0,,,,2744,3875,15,2,5,23,0.003870967741935484,0.0005161290322580645,7,199,3,141,55,9,0,0,0,0,0,0,0,0,0,0,libsodium,0,,,0,0,1,21,7,6,0,0,3,0,4,4,52,9,-52.3,4,2,0,0,,0,294.4,4,1,0.096
1317,4f8830dd18dd4c4414a876206b03d02b244a9b62caeb9f7642bd78affa438130,ransomware,NO_VICTIM_ACTIVITY,Hive,cape,full,1,10.0,CobaltStrikeStager,3,0,,,,0,3,0,0,0,0,0.0,0.0,0,2,0,2,0,39,0,0,1,0,0,0,0,0,1,0,boost,0,,,0,0,1,0,0,0,0,0,0,0,0,0,4,0,,0,0,,,,,,,,
1318,0545f842ca2eb77bcac0fd17d6d0a8c607d7dbc8669709f3096e5c1828e1c049,ransomware,TRUE_ENCRYPTION,LockBit,cape,full,0,10.0,Lockbit,4104,6,-0.019979908972125357,3.3031523788307195,3.3031523788307195,4963,4104,13,2,0,37,0.003167641325536062,0.0004873294346978557,8,294,0,143,151,9,0,0,0,0,0,0,0,0,0,0,libsodium,0,,,0,1,0,30,7,6,0,0,3,0,5,7,78,11,-38.2,4,2,0,0,,0,468.4,4,1,0.073
1319,33aceb3dc0681a56226d4cfce32eee7a431e66f5c746a4d6dc7506a72b317277,ransomware,NO_VICTIM_ACTIVITY,Hive,cape,full,1,8.0,,24,1180,-0.0032732113782024687,5.870277507458282,6.476157391559539,234,24,4,0,0,79,0.16666666666666666,0.0,2,141,0,10,131,40,0,0,2,0,0,0,0,0,1,0,boost,0,,,0,1,0,77,3,2,9,0,3,0,2,16,27,4,-26.8,68,5,68,1,448.1,4,112.9,0,1,
1320,dd8fe3966ab4d2d6215c63b3ac7abf4673d9c19f2d9f35a6bf247922c642ec2d,ransomware,TRUE_ENCRYPTION,LockBit,cape,full,0,10.0,Lockbit,3952,0,,,,4752,3952,7,0,0,48,0.001771255060728745,0.0,4,252,2,132,118,0,0,0,0,0,0,0,0,0,0,0,libsodium,0,,,,,,19,3,3,0,0,3,0,2,6,19,0,-92.3,0,0,,,,,,,,
1321,8c4294e3154675cd926ab6b772dbbe0e7a49cae16f4a37d908e1ca6748251c43,ransomware,NO_VICTIM_ACTIVITY,Hive,cape,full,0,9.0,,120,1237,-0.021981808934376464,5.886397409169756,6.476157391559539,601,120,14,3,5,16,0.11666666666666667,0.025,7,137,2,27,108,4,0,0,0,0,0,0,0,0,0,0,boost,3,0,0,0,1,0,15,0,0,0,0,0,0,2,2,36,8,-193.8,1,1,0,0,,0,428.2,1,1,0.018
1322,73406e0e7882addf0f810d3bc0e386fd5fd2dd441c895095f4125bb236ae7345,ransomware,TRUE_ENCRYPTION,LockBit,cape,full,0,10.0,Lockbit,3964,0,,,,4602,3964,6,0,0,20,0.0015136226034308778,0.0,4,238,1,143,94,0,0,0,0,0,0,0,0,0,0,0,libsodium,0,,,,,,13,3,3,0,0,3,0,2,2,15,0,-2.1,0,0,,,,,,,,
1323,87967600b0f6026f97093416dcd7ec38f740adaf84757255c179180873b41177,ransomware,TRUE_ENCRYPTION,Hive,cape,full,1,8.0,,35,623,-0.008102020136895823,5.8917083967989505,6.476157391559539,125,35,2,8,0,77,0.05714285714285714,0.22857142857142856,3,126,0,14,112,40,0,0,2,0,0,0,0,0,1,0,boost,0,,,0,1,0,75,3,2,9,0,3,0,1,15,27,4,-27.4,68,5,68,1,490.0,10,107.1,0,1,
1324,4bb152c96ba9e25f293bbc03c607918a4452231087053a8cb1a8accb1acc92fd,ransomware,TRUE_ENCRYPTION,LockBit,cape,full,0,10.0,Lockbit,1450,0,,,,1185,1450,14,2,5,24,0.009655172413793104,0.001379310344827586,6,105,1,56,48,9,0,0,0,0,0,0,0,0,0,0,libsodium,0,,,0,0,1,22,7,6,0,0,3,0,4,4,58,12,0.5,4,2,0,0,,0,381.3,4,1,0.057
1325,b1bfc90de9dcea999dedf285c3d3d7e1901847d84ec297224a0d82720d0ed501,ransomware,NO_VICTIM_ACTIVITY,Hive,cape,full,1,10.0,Hive,23,1265,-0.00549503616464039,5.93085670222434,6.476157391559539,254,23,4,0,0,79,0.17391304347826086,0.0,2,155,0,10,145,40,0,0,2,0,0,0,0,0,1,0,boost,0,,,0,1,0,77,3,2,9,0,3,0,2,16,27,4,-5.3,68,5,68,1,444.1,4,112.6,0,1,
1326,36446a57a54aba2517efca37eedd77c89dfc06e056369eac32397e8679660ff7,ransomware,TRUE_ENCRYPTION,LockBit,cape,full,0,10.0,Lockbit,4047,6,-0.024467767712236143,3.3031523788307195,3.3031523788307195,4995,4047,13,1,0,33,0.0032122559920929085,0.00024709661477637757,8,273,1,138,134,18,0,0,0,0,0,0,0,0,0,0,libsodium,0,,,0,1,0,26,7,6,0,0,3,0,5,6,66,9,1.6,4,2,0,0,,0,459.6,4,1,0.069
1327,47dbb2594cd5eb7015ef08b7fb803cd5adc1a1fbe4849dc847c0940f1ccace35,ransomware,NO_VICTIM_ACTIVITY,Hive,cape,full,1,10.0,Hive,25,1239,-0.010837112489221094,5.888870105663174,6.476157391559539,275,25,3,0,0,79,0.12,0.0,2,152,0,12,140,40,0,0,2,0,0,0,0,0,1,0,boost,0,,,0,1,0,77,3,2,9,0,3,0,3,17,27,4,-9.4,68,5,68,1,464.8,3,105.8,0,1,
1328,54664bedb8b1e8e5a05a60490739080c757a234a71cbee0917f1bdfde3c95b97,ransomware,TRUE_ENCRYPTION,LockBit,cape,full,1,10.0,Lockbit,3254,4,0.20652893673630618,3.219539785312086,3.219539785312086,4024,3254,8,1,0,34,0.002458512599877074,0.00030731407498463427,4,195,0,103,92,208,3,1,7,5,4,0,4,3,0,4,,0,,,0,0,1,26,10,6,0,0,3,0,7,7,25,1,-27.9,5,2,0,0,,0,320.9,5,1,0.11
1329,77a398c870ad4904d06d455c9249e7864ac92dda877e288e5718b3c8d9fc6618,ransomware,TRUE_ENCRYPTION,Hive,cape,full,0,10.0,Hive,1465,0,,,,1410,1465,86,2914,0,45,0.05870307167235495,1.9890784982935155,41,460,64,79,317,4,0,0,0,0,0,0,0,0,0,0,,25,0,0,0,0,1,5,0,0,0,0,0,0,0,3,0,0,-67.0,0,0,,,,,,,,
1330,a0ad4cc0041d5d8de8584b495d98ce46987ed8834d027c01d048da3aa7fb67fe,ransomware,NO_VICTIM_ACTIVITY,LockBit,cape,full,1,7.0,,15,149,-0.04793724401888038,5.024628599745235,7.000469008472572,85,15,0,0,0,1,0.0,0.0,0,8,0,4,4,400,0,0,10,1,0,0,3,1,2,2,boost;cryptopp;mbedtls;openssl,218,1,0,0,1,0,1,0,0,0,0,0,0,0,0,576,0,,0,0,,,,,,,,
1331,e1a7ddbf735d5c1cb9097d7614840c00e5c4d5107fa687c0ab2a2ec8948ef84e,ransomware,FAILED,Hive,cape,static_only,1,10.0,Hive,,,,,,,,,,,,,,,,,,,39,0,0,1,0,0,0,0,0,1,0,boost,0,,,,,,,,,,,,,,,,,,,,,,,,,,,
1332,d5ea463e0719ee2d1705ff305cdd8529bd2ff23dde79c502c4f478937a91f874,ransomware,TRUE_ENCRYPTION,LockBit,cape,full,1,10.0,Lockbit,222,0,,,,583,222,8,1,0,55,0.036036036036036036,0.0045045045045045045,4,84,2,22,60,208,3,1,7,5,4,0,4,3,0,4,,0,,,1,0,0,30,10,6,0,0,3,0,6,10,36,4,-39.4,5,2,0,0,,0,276.9,5,1,0.065
1333,612e5ffd09ca30ca9488d802594efb5d41c360f7a439df4ae09b14bce45575ec,ransomware,FAILED,Hive,cape,static_only,1,10.0,Hive,,,,,,,,,,,,,,,,,,,39,0,0,1,0,0,0,0,0,1,0,boost,0,,,,,,,,,,,,,,,,,,,,,,,,,,,
1334,3b52db44c2cdd8adfacb906362837ed449e96fcf761de4b1f26388b66b6edabe,ransomware,TRUE_ENCRYPTION,LockBit,cape,full,1,10.0,Lockbit,704,0,,,,763,704,16,2,5,31,0.022727272727272728,0.002840909090909091,6,84,4,29,51,208,3,1,7,5,4,0,4,3,0,4,,0,,,1,0,0,24,10,6,0,0,3,0,5,5,45,9,-52.0,5,2,0,0,,0,320.5,5,1,0.081
1335,50ad0e6e9dc72d10579c20bb436f09eeaa7bfdbcb5747a2590af667823e85609,ransomware,FAILED,Hive,cape,static_only,1,10.0,Hive,,,,,,,,,,,,,,,,,,,39,0,0,1,0,0,0,0,0,1,0,boost,0,,,,,,,,,,,,,,,,,,,,,,,,,,,
1336,95739e350d7f2aca2c609768ee72ad67fcf05efca5c7ad8df3027c82b9c454cf,ransomware,TRUE_ENCRYPTION,LockBit,cape,full,1,10.0,Lockbit,2070,0,,,,2479,2070,16,2,5,43,0.007729468599033816,0.000966183574879227,6,172,2,74,96,208,3,1,7,5,4,0,4,3,0,4,,0,,,1,0,0,35,10,6,0,0,3,0,7,8,62,12,-25.8,5,2,0,0,,0,342.5,5,1,0.071
1337,88f7544a29a2ceb175a135d9fa221cbfd3e8c71f32dd6b09399717f85ea9afd1,ransomware,TRUE_ENCRYPTION,Hive,cape,full,0,10.0,Hive,1494,0,,,,1538,1494,84,3825,0,44,0.05622489959839357,2.5602409638554215,45,475,72,77,326,4,0,0,0,0,0,0,0,0,0,0,,25,0,0,0,0,1,5,0,0,0,0,0,0,0,3,0,0,-66.8,0,0,,,,,,,,
1338,43ced481e0f68fe57be3246cc5aede353c9d34f4e15d0afe443b5de9514d3ce4,ransomware,TRUE_ENCRYPTION,LockBit,cape,full,1,10.0,Lockbit,3595,0,,,,1303,3595,8,1,0,35,0.0022253129346314327,0.0002781641168289291,4,187,2,96,89,106,0,0,3,0,0,0,0,0,2,0,boost,416,4,4,0,0,1,27,10,6,0,0,3,0,6,6,36,4,-50.8,5,2,0,0,,0,316.5,5,1,0.036
1339,ed37bb51af01647fde0a5b04a401fd278eba50cf2d5d0678f86227d27aecbc62,ransomware,TRUE_ENCRYPTION,LockBit,cape,full,0,10.0,Lockbit,2155,0,,,,2470,2155,16,2,5,46,0.007424593967517401,0.0009280742459396752,6,143,5,83,55,5,0,0,0,0,0,0,0,0,0,0,boost,521,4,4,0,0,1,31,10,6,0,0,3,0,6,6,50,9,-39.5,5,2,0,0,,0,276.0,5,1,0.032
1340,44deff9f627fb57a5150b5ae96961a525958106fc8d13d7edbaf0f074dc3b8c0,ransomware,TRUE_ENCRYPTION,LockBit,cape,full,1,10.0,Lockbit,2478,0,,,,3062,2478,16,2,5,33,0.00645682001614205,0.0008071025020177562,6,167,3,82,82,94,0,0,3,0,0,0,0,0,2,0,,416,4,4,0,0,1,25,10,6,0,0,3,0,6,6,48,9,-44.4,5,2,0,0,,0,411.9,5,1,0.046
1341,6f298bdb5dbb71a11f826d3501f5bd7ac14f80ba02bffa585dfde1c5ac589082,ransomware,TRUE_ENCRYPTION,LockBit,cape,full,1,10.0,Lockbit,240,0,,,,231,240,16,2,5,30,0.06666666666666667,0.008333333333333333,6,61,3,29,29,98,0,0,2,0,0,0,0,0,2,0,,412,4,4,0,0,1,23,10,6,0,0,3,0,5,5,48,9,-34.5,5,2,0,0,,0,286.7,5,1,0.053
1342,c6e5a9f39bfc6dc46c2eb7a786948e9d111ddbec5e157c8081f7c22b7d6b3c78,ransomware,TRUE_ENCRYPTION,LockBit,cape,full,1,10.0,Lockbit,79,0,,,,187,79,8,1,0,53,0.10126582278481013,0.012658227848101266,4,76,1,22,53,90,0,0,3,0,0,0,0,0,2,0,,412,4,4,0,0,1,30,10,6,0,0,3,0,5,10,23,1,-37.1,5,2,0,0,,0,242.2,5,1,0.066
1343,0a937d4fe8aa6cb947b95841c490d73e452a3cafcd92645afc353006786aba76,ransomware,TRUE_ENCRYPTION,LockBit,cape,full,1,10.0,Lockbit,281,0,,,,262,281,16,2,5,32,0.05693950177935943,0.0071174377224199285,6,68,4,21,43,216,3,1,7,5,4,0,4,3,0,4,,0,,,1,0,0,25,10,6,0,0,3,0,5,5,46,9,-31.7,5,2,0,0,,0,311.7,5,1,0.026
1344,e04cdba2c9443b7a859fb328cf19fecd73b6a91d0964b405d56a42ee0721c671,ransomware,TRUE_ENCRYPTION,LockBit,cape,full,0,9.0,Scarab-Dharma,149,0,,,,143,149,10,75,5,30,0.06711409395973154,0.5033557046979866,13,108,32,16,60,12,0,0,0,0,0,0,0,0,0,0,,0,,,0,0,1,37,7,2,2,0,0,0,3,3,60,11,-39.0,15,2,1,1,0.2,85,430.7,14,1,0.003
1345,cefea76dfdbb48cfe1a3db2c8df34e898e29bec9b2c13e79ef40655c637833ae,ransomware,FAILED,ALPHV,cape,full,1,10.0,BlackCat,0,0,,,,0,0,0,0,0,0,,,0,0,0,0,0,188,2,2,7,5,0,0,4,4,1,3,,0,,,1,0,0,0,0,0,0,0,0,0,0,0,0,0,,0,0,,,,,,,,
1346,cbd70a7fab661abee699e96bc790f813a553aa9aae80050544cc4137d6842589,ransomware,NO_VICTIM_ACTIVITY,BlackSuit,cape,full,1,1.2,,0,0,,,,1,0,0,0,0,0,,,0,1,0,0,1,307,10,2,8,1,0,0,3,1,2,3,boost;openssl,0,,,1,0,0,0,0,0,0,0,0,0,0,0,0,0,,0,0,,,,,,,,
1347,85a18f6e3b67c2ebfa27e559515140171348085a4929f95531df15edccd3c4d8,ransomware,FAILED,Interlock,cape,static_only,0,1.3,,,,,,,,,,,,,,,,,,,,0,0,0,0,0,0,0,0,0,0,0,,0,,,,,,,,,,,,,,,,,,,,,,,,,,,
1348,0d037ee0252e4f26800bcf7c750f61d0c549b7ba0a522c75e8d96dcf4f689e27,ransomware,TRUE_ENCRYPTION,Karma,cape,full,1,9.0,Scarab-Dharma,567,0,,,,201,567,0,161,0,0,0.0,0.2839506172839506,25,34,32,1,1,49,0,0,6,1,0,0,0,0,0,1,,0,,,0,0,1,0,0,0,0,0,0,0,0,0,0,0,,0,0,,,,,,,,
1349,12454a323dec0a56a23cd5215bb335d7842c85bbf38e3bd696c9237e26454388,ransomware,FAILED,LockerGoga,cape,static_only,0,0.3,,,,,,,,,,,,,,,,,,,,0,0,0,0,0,0,0,0,0,0,0,cryptopp,0,,,,,,,,,,,,,,,,,,,,,,,,,,,
1350,8ea6a6d4578029c7b2dbbfb525ec88b2cb309901ec5a987847471b6101f0de41,ransomware,TRUE_ENCRYPTION,Lorenz,cape,full,1,10.0,Lorenz,10,0,,,,0,10,1,0,0,0,0.1,0.0,1,2,0,1,1,148,5,0,7,0,0,0,0,0,2,1,boost,0,,,1,0,0,0,0,0,0,0,0,0,0,0,4,0,,0,0,,,,,,,,
1351,b378b7ef0f906358eec595777a50f9bb5cc7bb6635e0f031d65b818a26bdc4ee,ransomware,TRUE_ENCRYPTION,Lynx,cape,full,1,9.0,,1050,305,0.9243952913600779,4.883046020869121,5.087462841250338,413,1050,5,137,0,33,0.004761904761904762,0.13047619047619047,20,81,32,10,39,159,4,1,7,5,3,4,5,3,2,5,,0,,,0,0,1,12,0,0,0,0,0,0,5,9,7,0,-47.4,0,0,,,,,,,,
1352,fe1f3c60cc08746d41481f390ef46c075011bad264e16db4475673466fe922a9,ransomware,TRUE_ENCRYPTION,MoneyMessage,cape,full,1,9.0,Scarab-Dharma,1067,12187,0.20958160281838428,1.9908963636164143,2.584962500721156,1311,1067,0,1092,0,9,0.0,1.0234301780693533,143,589,397,6,186,178,3,1,7,1,4,0,5,3,2,4,,0,,,0,0,1,8,3,0,0,0,0,0,5,5,2,0,-1.0,1,1,1,1,10.6,1092,592.1,0,1,
1353,00ed4c347cd62526226363a0aceb851b2ef7e3a4da78433a28f2cd6cbd5f1b99,ransomware,TRUE_ENCRYPTION,MountLocker,cape,full,1,10.0,MountLocker,1982,4,-0.07877909985527363,7.203696780457706,7.203696780457706,3361,1982,0,0,0,2,0.0,0.0,0,290,0,112,178,125,5,0,7,1,4,0,2,3,0,4,openssl,0,,,0,0,1,3,0,0,0,0,0,0,0,0,5,0,,0,0,,,,,,,,
1354,43d9b827c9f1badd8384e0b70245325b1c5aac3f18d2daf3f4c10de494dbedfd,ransomware,NO_VICTIM_ACTIVITY,Nemty,cape,full,1,3.9999999999999996,,659,0,,,,318,659,1,0,0,3,0.0015174506828528073,0.0,1,37,1,13,23,126,0,0,7,1,0,0,1,1,2,2,openssl,3341,2,0,0,0,1,3,0,0,0,0,0,0,0,0,0,0,,0,0,,,,,,,,
1355,a782b9d82f21fb3aac32de6d24a8730eb39f1bd34bc590ca03fa6bb527c74fec,ransomware,TRUE_ENCRYPTION,Play,cape,full,1,9.0,,3413,2470,0.9306393390957123,,,2684,3413,0,1184,0,0,0.0,0.3469088778200996,45,87,62,9,16,65,0,0,5,0,0,0,0,0,2,0,boost,0,,,0,1,0,0,0,0,0,0,0,0,0,0,0,0,,0,0,,,,,,,,
1356,c74873d7b8cc622379ed49bd0b0e477167ae176aa329b01338666ec4c1a4426b,ransomware,FAILED,Quantum,cape,full,0,1.2,,0,0,,,,0,0,0,0,0,0,,,0,0,0,0,0,1,0,0,0,0,0,0,0,0,0,0,,0,,,0,0,1,0,0,0,0,0,0,0,0,0,0,0,,0,0,,,,,,,,
1357,6669cfeba5619b6f4d80b1281adfe69c87d845ebaaf9e83c25efa01a8267e751,ransomware,TRUE_ENCRYPTION,Sarcoma,cape,full,1,9.0,,235,488,-0.012473382970246784,6.268592626132658,6.476157391559539,169,235,13,2,8,17,0.05531914893617021,0.00851063829787234,4,122,1,49,72,204,3,1,2,2,0,0,0,1,1,2,cryptopp,0,,,0,0,1,17,0,0,0,0,0,0,2,2,52,11,-154.9,7,2,0,0,,0,475.0,7,1,0.024
1358,d11793433065633b84567de403c1989640a07c9a399dd2753aaf118891ce791c,ransomware,FAILED,Yanluowang,cape,full,1,1.0,,2,0,,,,0,2,0,0,0,0,0.0,0.0,0,1,0,1,0,116,6,1,6,1,0,0,5,0,2,3,cryptopp,0,,,1,0,0,0,0,0,0,0,0,0,0,0,0,0,,0,0,,,,,,,,
1359,7e363b5f1ba373782261713fa99e8bbc35ddda97e48799c4eb28f17989da8d8e,ransomware,FAILED,ALPHV,cape,full,1,10.0,BlackCat,0,0,,,,0,0,0,0,0,0,,,0,0,0,0,0,211,2,2,7,5,0,4,4,4,1,4,,0,,,1,0,0,0,0,0,0,0,0,0,0,0,0,0,,0,0,,,,,,,,
1360,9c48e36b0ea519b37e44f5669da8b1eb59782798f8e8ebb6238441f73dc8102c,ransomware,NO_VICTIM_ACTIVITY,BlackSuit,cape,full,1,9.0,,4,0,,,,114,4,0,0,0,5,0.0,0.0,0,18,0,3,15,338,7,2,3,0,0,0,1,0,2,2,openssl,24,0,0,1,0,0,4,0,0,0,0,0,0,2,2,66,7,-24.8,0,0,,,,,,,,
1361,4a97599ff5823166112d9221d0e824af7896f6ca40cd3948ec129533787a3ea9,ransomware,TRUE_ENCRYPTION,Interlock,cape,full,1,8.0,,2288,0,,,,1909,2288,0,547,0,0,0.0,0.23907342657342656,36,168,1,34,133,82,0,0,1,0,0,0,0,0,0,0,boost,0,,,0,0,1,0,0,0,0,0,0,0,0,0,0,0,,0,0,,,,,,,,
1362,3ff1b90dbad5d78397fdc731c3a3c080d91fc488ac9152793b538b74a1e2d8f3,ransomware,TRUE_ENCRYPTION,Karma,cape,full,1,9.0,Scarab-Dharma,568,0,,,,201,568,0,161,0,0,0.0,0.2834507042253521,25,33,31,2,0,49,0,0,6,1,0,0,0,0,0,1,,0,,,0,0,1,0,0,0,0,0,0,0,0,0,0,0,,0,0,,,,,,,,
1363,8d5c41543fcc5b7b652b1a16cd3fca0fe3062f8379447c04968c5261cde7deb0,ransomware,FAILED,LockerGoga,cape,static_only,1,1.3,,,,,,,,,,,,,,,,,,,,166,3,1,9,1,0,0,0,1,2,2,boost;cryptopp,0,,,,,,,,,,,,,,,,,,,,,,,,,,,
1364,edc2070fd8116f1df5c8d419189331ec606d10062818c5f3de865cd0f7d6db84,ransomware,TRUE_ENCRYPTION,Lorenz,cape,full,1,10.0,Lorenz,185,40851,0.09861207189064516,4.985068801886845,6.71875,1317,185,3849,0,0,12,20.805405405405406,0.0,43,486,0,3,483,176,6,0,7,0,0,4,0,0,2,2,boost,2538,0,0,0,0,1,12,0,0,0,0,0,0,0,0,11,0,,6,1,6,1,56.3,3849,541.1,0,1,
1365,eaa0e773eb593b0046452f420b6db8a47178c09e6db0fa68f6a2d42c3f48e3bc,ransomware,TRUE_ENCRYPTION,Lynx,cape,full,1,9.0,,955,311,0.8892174365693423,4.88495322972147,5.087462841250338,493,955,5,140,0,18,0.005235602094240838,0.14659685863874344,20,86,24,7,55,159,4,1,7,5,3,4,5,3,2,5,,0,,,0,0,1,7,0,0,0,0,0,0,3,8,16,0,-46.0,0,0,,,,,,,,
1366,8be41efd6e6ace53b8c59344be2ba91fe41003987a8e38484b20760d7c400a42,ransomware,TRUE_ENCRYPTION,MoneyMessage,cape,full,1,9.0,Scarab-Dharma,1121,12237,0.2380971219321237,1.9883706994463322,2.584962500721156,1599,1121,1,1105,0,13,0.0008920606601248885,0.9857270294380018,144,613,403,11,199,159,3,1,7,1,4,0,5,3,2,4,,0,,,0,0,1,12,3,0,0,0,0,0,6,6,17,3,-0.4,1,1,1,1,9.9,1106,620.9,0,1,
1367,b26749b17ca691328ba67ee49d4d9997c101966c607ab578afad204459b7bf8f,ransomware,TRUE_ENCRYPTION,MountLocker,cape,full,1,10.0,MountLocker,3184,4,0.0069076501609421645,7.131301672017238,7.131301672017238,4830,3184,46,0,0,2,0.014447236180904523,0.0,1,199,0,73,126,120,0,0,4,0,0,0,0,1,2,0,boost,85,3,3,0,1,0,3,0,0,0,0,0,0,0,0,5,0,,0,0,,,,,,,,
1368,4799d051f0e40b15ec67593ea838df901613018d26b612d6d2447431323d4a01,ransomware,TRUE_ENCRYPTION,Nemty,cape,full,1,10.0,Nemty,3783,8491,0.8025691958739718,6.003234200203302,7.341483117750863,1015,3783,11,814,0,63,0.002907745175786413,0.21517314300819457,90,404,335,14,55,97,0,0,5,1,0,0,0,0,2,1,,113,2,1,0,1,0,69,7,2,2,15,0,0,3,4,43,1,5.4,44,3,4,1,14.8,825,437.2,23,1,0.019
1369,3f943430b49481aca6f57051ed0ced1a08038373f063afdd2423d8d72b19b545,ransomware,TRUE_ENCRYPTION,Play,cape,full,1,8.0,,1306,836,0.9592756831530463,,,952,1306,0,435,0,0,0.0,0.3330781010719755,34,40,33,5,2,65,0,0,5,0,0,0,0,0,2,0,,0,,,0,1,0,0,0,0,0,0,0,0,0,0,0,0,,0,0,,,,,,,,
1370,49d828087ca77abc8d3ac2e4719719ca48578b265bbb632a1a7a36560ec47f2d,ransomware,FAILED,Yanluowang,cape,full,1,1.0,,2,0,,,,0,2,0,0,0,0,0.0,0.0,0,1,0,1,0,116,6,1,6,1,0,0,5,0,2,3,cryptopp,0,,,1,0,0,0,0,0,0,0,0,0,0,0,0,0,,0,0,,,,,,,,
1371,3d7cf20ca6476e14e0a026f9bdd8ff1f26995cdc5854c3adb41a6135ef11ba83,ransomware,FAILED,ALPHV,cape,full,1,10.0,BlackCat,0,0,,,,0,0,0,0,0,0,,,0,0,0,0,0,188,2,2,7,5,0,0,4,4,1,3,,0,,,1,0,0,0,0,0,0,0,0,0,0,0,0,0,,0,0,,,,,,,,
1372,eb12c198fc1b6ec79ea4b457988db4478ee6bc9aca128aa24a85b76a57add459,ransomware,NO_VICTIM_ACTIVITY,BlackSuit,cape,full,1,6.0,,29,2,-0.021952512348783624,5.483856189774727,5.483856189774727,33,29,2,0,0,9,0.06896551724137931,0.0,1,33,0,14,19,299,3,1,6,0,0,0,4,1,3,2,openssl,0,,,0,0,1,9,0,0,0,0,0,0,0,0,2,2,,1,1,1,1,9.9,2,0.2,0,1,
1373,33dc991e61ba714812aa536821b073e4274951a1e4a9bc68f71a802d034f4fb9,ransomware,TRUE_ENCRYPTION,Interlock,cape,full,1,8.0,,4778,0,,,,26,4778,0,485,0,0,0.0,0.1015069066555044,21,399,0,260,139,106,0,0,0,0,0,0,0,0,0,0,boost,133,1,1,0,0,1,0,0,0,0,0,0,0,0,0,0,0,,0,0,,,,,,,,
1374,6c98d424ab1b9bfba683eda340fef6540ffe4ec4634f4b95cf9c70fe4ab2de90,ransomware,TRUE_ENCRYPTION,Karma,cape,full,1,9.0,Scarab-Dharma,358,0,,,,162,358,0,139,0,0,0.0,0.388268156424581,18,21,20,1,0,48,0,0,5,1,0,0,0,0,0,1,,0,,,0,0,1,0,0,0,0,0,0,0,0,0,0,0,,0,0,,,,,,,,
1375,92f86215140ae1fd929e9f60d73b7b3c65567418cfff1aa3b63638c3adaf98e7,ransomware,TRUE_ENCRYPTION,LockerGoga,cape,full,1,9.0,Locked,57,144,0.00856217504239969,4.8813217364371555,5.028639311838574,222,57,2,50,0,111,0.03508771929824561,0.8771929824561403,26,207,0,37,170,166,3,1,9,1,0,0,0,1,2,2,boost;cryptopp,465,2,0,0,0,1,88,0,0,0,0,0,0,3,6,27,3,-81.7,0,0,,,,,,,,
1376,a0ccb9019b90716c8ee1bc0829e0e04cf7166be2f25987abbc8987e65cef2e6f,ransomware,TRUE_ENCRYPTION,Lorenz,cape,full,1,10.0,Lorenz,496,34462,0.4575126130527532,6.273399976261043,6.992210047998843,91,496,2971,1,0,33,5.98991935483871,0.0020161290322580645,45,258,0,5,253,167,5,0,7,0,0,0,3,2,2,2,boost,2639,0,0,0,0,1,24,0,0,0,0,0,0,3,6,9,0,-46.3,7,2,7,1,103.0,2972,488.9,0,1,
1377,9a47ab27d50df1faba1dc5777bdcfff576524424bc4a3364d33267bbcf8a3896,ransomware,TRUE_ENCRYPTION,Lynx,cape,full,1,9.0,,841,265,0.7679467776731613,4.8873861256704005,5.087462841250338,347,841,5,113,0,5,0.005945303210463734,0.13436385255648037,20,68,28,9,31,160,4,1,7,5,3,4,5,3,2,5,,0,,,0,0,1,5,0,0,0,0,0,0,2,2,10,0,-60.0,0,0,,,,,,,,
1378,dc563953f845fb88c6375b3e9311ebed49ce4bcd613f7044989304c8de384dac,ransomware,TRUE_ENCRYPTION,MoneyMessage,cape,full,1,9.0,Scarab-Dharma,1287,11921,0.1410959123229309,1.9893205371857696,2.584962500721156,1612,1287,1,957,0,12,0.000777000777000777,0.7435897435897436,135,566,47,11,508,159,3,1,7,1,4,0,5,3,2,4,,0,,,0,0,1,11,3,0,0,0,0,0,5,5,15,3,2.1,1,1,1,1,11.4,958,592.3,0,1,
1379,8b539f3ba05fe82c4f992ffbeb6ab55151b36dce2d03b64721e966dedf82be81,ransomware,TRUE_ENCRYPTION,MountLocker,cape,full,1,10.0,MountLocker,3184,4,0.17700895261831545,7.12291357206658,7.12291357206658,4745,3184,0,0,0,2,0.0,0.0,0,405,0,177,228,86,5,0,5,1,0,0,2,2,0,3,openssl,0,,,0,0,1,3,0,0,0,0,0,0,0,0,5,0,,0,0,,,,,,,,
1380,511fee839098dfa28dd859ffd3ece5148be13bfb83baa807ed7cac2200103390,ransomware,TRUE_ENCRYPTION,Nemty,cape,full,1,10.0,Nefilim,781,396,0.587880106353901,5.271542052372313,5.9375,584,781,0,110,0,0,0.0,0.14084507042253522,26,227,59,146,22,40,0,0,1,0,0,0,0,0,1,0,boost,0,,,0,1,0,0,0,0,0,0,0,0,0,0,0,0,,0,0,,,,,,,,
1381,bc381dbeff70b5869fa737860c8cd8a8684cc768981beb55543499efcd32bab7,ransomware,TRUE_ENCRYPTION,Play,cape,full,1,6.0,,2962,2179,0.869954472735405,,,2343,2962,0,1119,0,0,0.0,0.3777852802160702,43,75,53,5,17,64,0,0,5,0,0,0,0,0,2,0,,0,,,0,1,0,0,0,0,0,0,0,0,0,0,2,0,,0,0,,,,,,,,
1382,55eb32a530380afc0923e2996f1150e1b6d1cf0f513d29bfd026e9727c8b4343,ransomware,NO_VICTIM_ACTIVITY,BlackSuit,cape,full,1,7.0,,62,2,-0.0027592037680451635,5.444235677759421,5.444235677759421,23,62,9,2,5,7,0.14516129032258066,0.03225806451612903,3,19,2,8,9,245,6,1,8,1,0,0,0,1,2,2,openssl,0,,,0,0,1,7,0,0,0,0,0,0,2,2,38,11,229.5,0,0,,,,,,,,
1383,0fff8fb05cee8dc4a4f7a8f23fa2d67571f360a3025b6d515f9ef37dfdb4e2ea,ransomware,TRUE_ENCRYPTION,Interlock,cape,full,1,8.0,,4809,0,,,,24,4809,0,469,0,0,0.0,0.0975254730713246,19,396,0,263,133,94,0,0,0,0,0,0,0,0,0,0,boost,0,,,0,0,1,0,0,0,0,0,0,0,0,0,0,0,,0,0,,,,,,,,
1384,34629751d8202be456dcf149b516afefc980a9128dd6096fd6286fee530a0d20,ransomware,TRUE_ENCRYPTION,Karma,cape,full,1,9.0,Scarab-Dharma,568,0,,,,201,568,0,161,0,0,0.0,0.2834507042253521,25,32,29,2,1,49,0,0,6,1,0,0,0,0,0,1,,0,,,0,0,1,0,0,0,0,0,0,0,0,0,0,0,,0,0,,,,,,,,
1385,eda26a1cd80aac1c42cdbba9af813d9c4bc81f6052080bc33435d1e076e75aa0,ransomware,TRUE_ENCRYPTION,LockerGoga,cape,full,1,9.0,Locked,2516,714,0.10012325545611774,4.033811141322802,5.028639311838574,2450,2516,0,310,0,31,0.0,0.1232114467408585,12,352,69,58,225,176,3,1,7,1,0,0,2,4,2,3,boost;cryptopp,0,,,0,0,1,3,0,0,0,0,0,0,0,2,72,0,-222.5,0,0,,,,,,,,
1386,1264b40feaa824d5ba31cef3c8a4ede230c61ef71c8a7994875deefe32bd8b3d,ransomware,TRUE_ENCRYPTION,Lorenz,cape,full,1,10.0,Lorenz,273,6835,0.3127293005248047,6.693100271669964,6.9678459133383726,1729,273,61,0,0,12,0.22344322344322345,0.0,6,28,0,4,24,167,6,0,7,0,0,0,0,0,2,1,boost,2639,0,0,0,0,1,12,0,0,0,0,0,0,0,0,11,0,,6,1,6,1,63.1,61,13.5,0,1,
1387,4e5b9ab271a1409be300e5f3fd90f934f317116f30b40eddc82a4dfd18366412,ransomware,TRUE_ENCRYPTION,Lynx,cape,full,1,9.0,,755,208,0.7572307710906261,4.888940610215784,5.087462841250338,342,755,5,96,0,5,0.006622516556291391,0.1271523178807947,20,72,25,4,43,160,4,1,7,5,3,4,5,3,2,5,,0,,,0,0,1,5,0,0,0,0,0,0,2,2,9,0,-30.4,0,0,,,,,,,,
1388,97abcf01deea74eb3771ddcef8bfc0906b46a55172588de8e2ad20f8d92b2de7,ransomware,TRUE_ENCRYPTION,MoneyMessage,cape,full,1,9.0,Scarab-Dharma,1317,11890,0.12174893263425973,1.9897771208006427,2.584962500721156,1644,1317,1,969,0,12,0.0007593014426727411,0.7357630979498861,138,571,47,11,513,159,3,1,7,1,4,0,5,3,2,4,,0,,,0,0,1,10,3,0,0,0,0,0,5,5,15,2,6.5,1,1,1,1,13.7,970,595.2,0,1,
1389,5eae13527d4e39059025c3e56dad966cf67476fe7830090e40c14d0a4046adf0,ransomware,TRUE_ENCRYPTION,MountLocker,cape,full,1,10.0,MountLocker,4286,4,-0.11528869629425818,7.102380542585277,7.102380542585277,6,4286,0,4155,0,3,0.0,0.9694353709752683,81,409,0,1,408,72,5,0,5,1,0,0,2,0,0,3,,0,,,0,0,1,4,1,0,0,0,0,0,0,0,5,0,,1,1,0,0,,0,404.9,0,0,
1390,006c9ba4ca0218e7bd2c7c21653497d3215bbeefbc1f5c2781549b306bab8e5e,ransomware,TRUE_ENCRYPTION,Nemty,cape,full,1,9.0,Scarab-Dharma,890,471,0.6435193079719819,5.589922926415558,5.983788058752401,657,890,0,120,0,0,0.0,0.1348314606741573,32,245,66,155,24,40,0,0,1,0,0,0,0,0,1,0,boost,0,,,0,1,0,0,0,0,0,0,0,0,0,0,0,0,,0,0,,,,,,,,
1391,9c7e55441fa5a460320dce5005358d820aec2386982fb3d77d52ce89b3d59744,ransomware,TRUE_ENCRYPTION,Play,cape,full,1,3.5,,2845,2146,0.902995409296188,,,2339,2845,0,1027,0,0,0.0,0.3609841827768014,33,68,50,5,13,65,0,0,5,0,0,0,0,0,2,0,,0,,,0,1,0,0,0,0,0,0,0,0,0,0,0,0,,0,0,,,,,,,,
1392,2adcf43d221de2f72ba5088dac3a3193219412882df711d095f04e3f5b40767c,ransomware,FAILED,BlackSuit,cape,full,1,8.0,,0,0,,,,0,0,0,0,0,0,,,0,0,0,0,0,504,3,1,9,0,0,0,1,1,2,2,boost,23,0,0,1,0,0,0,0,0,0,0,0,0,0,0,0,0,,0,0,,,,,,,,
1393,dae299469d2d2f836d56b8f8f0a13bd03ba9e6e52e3c9bcddf2c7e1db62e49cf,ransomware,FAILED,Interlock,cape,static_only,0,0.3,,,,,,,,,,,,,,,,,,,,0,0,0,0,0,0,0,0,0,0,0,,0,,,,,,,,,,,,,,,,,,,,,,,,,,,
1394,84d24a16949b5a89162411ab98ab2230128d8f01a3d3695874394733ac2a1dbd,ransomware,TRUE_ENCRYPTION,Karma,cape,full,1,9.0,Scarab-Dharma,353,0,,,,164,353,0,139,0,0,0.0,0.3937677053824363,18,18,17,1,0,48,0,0,5,1,0,0,0,0,0,1,,0,,,0,0,1,0,0,0,0,0,0,0,0,0,0,0,,0,0,,,,,,,,
1395,0f863d6c906f4154da19033da1b4374d6000525031c215fb7b3880182a554185,ransomware,TRUE_ENCRYPTION,Lorenz,cape,full,1,3.7,,22,0,,,,916,22,0,0,0,15,0.0,0.0,0,92,0,2,90,103,0,0,7,0,0,0,0,0,2,0,,0,,,0,0,1,15,0,0,0,0,0,0,1,1,8,0,-393.6,6,1,0,,,,,,,
1396,bbdac308d2b15a4724de7919bf8e9ffa713dea60ae3a482417c44c60012a654b,ransomware,TRUE_ENCRYPTION,MoneyMessage,cape,full,1,9.0,Scarab-Dharma,1324,10982,0.007414147574896029,1.9873451792302894,2.584962500721156,1691,1324,1,1,0,10,0.0007552870090634441,0.0007552870090634441,1,73,0,58,15,155,3,1,6,1,4,0,5,3,2,4,,0,,,0,0,1,11,3,0,0,0,0,0,5,6,15,3,40.8,1,1,1,1,263.4,2,0.0,0,1,
1397,0aa8099c5a65062ba4baec8274e1a0650ff36e757a91312e1755fded50a79d47,ransomware,TRUE_ENCRYPTION,MountLocker,cape,full,1,10.0,MountLocker,4335,4,-0.10861188997520507,7.138181152279929,7.138181152279929,6,4335,0,4422,0,3,0.0,1.0200692041522492,81,436,0,0,436,72,5,0,5,1,0,0,2,0,0,3,,0,,,0,0,1,4,1,0,0,0,0,0,0,0,5,0,,1,1,0,0,,0,432.7,0,0,
1398,9093233af919545a06bb718dd45e2b033be1caaf0844eec11c1f4cb8c0df3527,ransomware,TRUE_ENCRYPTION,Nemty,cape,full,1,9.0,Scarab-Dharma,866,545,0.5979694328277051,5.313136558908051,5.96875,489,866,0,160,0,0,0.0,0.18475750577367206,35,264,83,140,41,40,0,0,1,0,0,0,0,0,1,0,boost,0,,,0,1,0,0,0,0,0,0,0,0,0,0,0,0,,0,0,,,,,,,,
1399,952fec5f9e7137951700d7e4239728f903e360b3fdb0332deb9448bdc31c2f3f,ransomware,TRUE_ENCRYPTION,Play,cape,full,1,7.0,,3002,3119,0.415434453938132,,,2648,3002,0,3106,0,0,0.0,1.0346435709526982,46,175,55,2,118,65,0,0,5,0,0,0,0,0,2,0,,0,,,0,1,0,0,0,0,0,0,0,0,0,0,0,0,,0,0,,,,,,,,
1400,90ae0c693f6ffd6dc5bb2d5a5ef078629c3d77f874b2d2ebd9e109d8ca049f2c,ransomware,FAILED,BlackSuit,cape,full,1,1.0,,0,0,,,,0,0,0,0,0,0,,,0,0,0,0,0,184,7,2,7,1,0,4,0,0,2,3,openssl,0,,,1,0,0,0,0,0,0,0,0,0,0,0,0,0,,0,0,,,,,,,,
1401,b85586f95412bc69f3dceb0539f27c79c74e318b249554f0eace45f3f073c039,ransomware,TRUE_ENCRYPTION,Interlock,cape,full,1,9.0,,1,0,,,,0,1,0,177,0,0,0.0,177.0,14,79,0,1,78,111,0,0,1,0,0,0,0,0,0,0,boost,140,2,2,0,0,1,0,0,0,0,0,0,0,0,17,0,0,1.9,0,0,,,,,,,,
1402,4dec9a9044631caef283c7f39a576e4e5c1cc1e6a97ce5c60936a3a3d0097818,ransomware,TRUE_ENCRYPTION,Karma,cape,full,1,9.0,Scarab-Dharma,568,0,,,,201,568,0,161,0,0,0.0,0.2834507042253521,25,24,23,1,0,47,0,0,6,1,0,0,0,0,0,1,,0,,,0,0,1,0,0,0,0,0,0,0,0,0,0,0,,0,0,,,,,,,,
1403,2d2d2e39ccae1ff764e6618b5d7636d41ac6e752ce56d69a9acbb9cb1c8183d0,ransomware,FAILED,MountLocker,cape,full,1,10.0,MountLocker,0,0,,,,0,0,0,0,0,0,,,0,0,0,0,0,78,5,0,6,1,0,0,2,1,0,3,,0,,,1,0,0,0,0,0,0,0,0,0,0,0,0,0,,0,0,,,,,,,,
1404,518394d105b9f9f1c375efe6038468e595bfd4e848940b9af6c6f563f00bbe26,ransomware,TRUE_ENCRYPTION,Nemty,cape,full,1,9.0,Nemty,1756,1082,0.7612665283319142,6.910319557275726,7.337309607454123,587,1756,11,363,0,65,0.006264236902050114,0.20671981776765375,45,207,60,33,114,96,0,0,3,0,0,0,0,0,2,0,,111,2,2,0,1,0,72,7,2,2,16,0,0,4,4,59,4,-24.1,47,3,0,0,,0,343.6,25,1,0.016
1405,dd101db5d9503f33a0c23d79da3642e999375748f7c1532e98c813b114bdfa1a,ransomware,TRUE_ENCRYPTION,Play,cape,full,1,9.0,,3095,2880,0.5600237537190751,,,2912,3095,0,1412,0,0,0.0,0.45621970920840066,47,91,55,5,31,64,0,0,5,0,0,0,0,0,2,0,,0,,,0,1,0,0,0,0,0,0,0,0,0,0,0,0,,0,0,,,,,,,,
1406,9fbd818dc28ea5561278e873bd9b6deb896d4fbaac86209903bdeaad55c6c31a,ransomware,NO_VICTIM_ACTIVITY,BlackSuit,cape,full,1,9.0,,18,0,,,,5,18,3,0,1,4,0.16666666666666666,0.0,2,16,0,8,8,172,2,2,8,1,0,0,4,3,2,3,openssl,11486,4,1,1,0,0,10,0,0,0,0,0,0,1,1,15,3,-365.7,0,0,,,,,,,,
1407,39539766ae8f5256e6f21d853b8b7ea8f003d29f6d7cd57d1ecb621dc2b97c89,ransomware,NO_VICTIM_ACTIVITY,Interlock,cape,full,1,7.0,,6,0,,,,6,6,0,0,0,0,0.0,0.0,0,6,0,6,0,68,0,0,3,0,0,0,0,0,0,0,boost,0,,,0,0,1,0,0,0,0,0,0,0,0,0,0,0,,0,0,,,,,,,,
1408,187610fb06cc60c73c0062b593c5fe3ba29e0436e396969feb9ed25391ff7e8b,ransomware,TRUE_ENCRYPTION,MountLocker,cape,full,1,10.0,MountLocker,3186,4,0.14311354807251864,7.218054431622167,7.218054431622167,4699,3186,0,0,0,2,0.0,0.0,0,356,0,157,199,86,5,0,5,1,0,0,2,2,0,3,openssl,0,,,0,0,1,3,0,0,0,0,0,0,0,0,5,0,,0,0,,,,,,,,
1409,006ae41910887f0811a3ba2868ef9576bbd265216554850112319af878f06e55,ransomware,TRUE_ENCRYPTION,Play,cape,full,1,6.0,,2745,1748,0.9846193788245429,,,1934,2745,0,851,0,0,0.0,0.3100182149362477,32,61,55,4,2,64,0,0,5,0,0,0,0,0,2,0,,0,,,0,1,0,1,0,0,0,0,0,0,0,0,2,0,,0,0,,,,,,,,
1410,45a323e010ea6d5b54d2859112925360174507ea3dc039d02ac6680b6aabd073,ransomware,NO_VICTIM_ACTIVITY,Interlock,cape,full,1,7.0,,5,0,,,,5,5,0,0,0,0,0.0,0.0,0,5,0,5,0,62,0,0,0,0,0,0,0,0,0,0,boost,0,,,0,0,1,0,0,0,0,0,0,0,0,0,0,0,,0,0,,,,,,,,
1411,e435a95489a4ebdfdc12031091f92a7f9c5e3f6cc9b55355ee4030d82553e9ac,ransomware,TRUE_ENCRYPTION,MountLocker,cape,full,1,10.0,MountLocker,2680,530,-0.1039038194361449,6.355314264167433,7.188719373011515,79,2680,4,1,0,6,0.0014925373134328358,0.00037313432835820896,4,328,1,310,17,80,5,0,6,1,0,0,2,1,0,3,,0,,,0,0,1,7,1,0,0,0,0,0,4,4,7,0,-31.3,1,1,0,0,,0,276.8,1,1,0.086
1412,5c5598f7fb5bab3e2c18216764dbbff019f7f19d3801083e8fbf638ba02c6bca,ransomware,NO_VICTIM_ACTIVITY,Interlock,cape,full,1,7.0,,6,0,,,,6,6,0,0,0,0,0.0,0.0,0,6,0,6,0,68,0,0,0,0,0,0,0,0,0,0,boost,0,,,0,0,1,0,0,0,0,0,0,0,0,0,0,0,,0,0,,,,,,,,
1413,f570d5b17671e6f3e56eae6ad87be3a6bbfac46c677e478618afd9f59bf35963,ransomware,TRUE_ENCRYPTION,MountLocker,cape,full,1,10.0,MountLocker,4715,4,-0.12873216824419303,7.147199097686943,7.147199097686943,6,4715,0,4156,0,3,0.0,0.8814422057264051,81,422,0,1,421,72,5,0,5,1,0,0,2,0,0,3,,0,,,0,0,1,4,1,0,0,0,0,0,0,0,5,0,,1,1,0,0,,0,419.3,0,0,
1414,8251186b3196e3fefb0dbfcf71dfccc2c1cd66515686c9af8a6fb48766c739c6,ransomware,NO_VICTIM_ACTIVITY,Interlock,cape,full,1,7.0,,1,0,,,,1,1,0,0,0,0,0.0,0.0,0,1,0,1,0,70,0,0,0,0,0,0,0,0,0,0,,0,,,0,0,1,0,0,0,0,0,0,0,0,0,0,0,,0,0,,,,,,,,
1415,4a5ac3c6f8383cc33c795804ba5f7f5553c029bbb4a6d28f1e4d8fb5107902c1,ransomware,TRUE_ENCRYPTION,MountLocker,cape,full,1,10.0,MountLocker,1983,4,0.12305654879767225,7.069019916829277,7.069019916829277,3205,1983,0,0,0,2,0.0,0.0,0,275,0,111,164,125,5,0,7,1,4,0,2,3,0,4,openssl,0,,,0,0,1,3,0,0,0,0,0,0,0,0,5,0,,0,0,,,,,,,,
1416,f02622129e7774b7673e2a9f62bb4a208d4a142b5d925532c7920481549bd07b,ransomware,NO_VICTIM_ACTIVITY,Interlock,cape,full,1,7.0,,1,0,,,,1,1,0,0,0,0,0.0,0.0,0,1,0,1,0,69,0,0,0,0,0,0,0,0,0,0,boost,0,,,0,0,1,0,0,0,0,0,0,0,0,0,0,0,,0,0,,,,,,,,
1417,2c44444d207a78da7477ae1af195d4265134e895bebb476f7b2c003f1467a033,ransomware,FAILED,MountLocker,cape,full,1,10.0,MountLocker,0,0,,,,0,0,0,0,0,0,,,0,0,0,0,0,86,5,0,5,1,0,0,2,2,0,3,openssl,0,,,1,0,0,0,0,0,0,0,0,0,0,0,0,0,,0,0,,,,,,,,
1418,a26f0a2da63a838161a7d335aaa5e4b314a232acc15dcabdb6f6dbec63cda642,ransomware,TRUE_ENCRYPTION,Interlock,cape,full,1,8.0,,3213,0,,,,2054,3213,0,173,0,0,0.0,0.05384375972611267,19,504,1,245,258,114,0,0,0,1,0,0,0,0,0,1,boost,0,,,0,0,1,0,0,0,0,0,0,0,0,0,0,0,,0,0,,,,,,,,
1419,e7c277aae66085f1e0c4789fe51cac50e3ea86d79c8a242ffc066ed0b0548037,ransomware,TRUE_ENCRYPTION,MountLocker,cape,full,1,10.0,MountLocker,5098,665,-0.1895250222411792,5.821232530304627,7.223308251809458,861,5098,6,1,0,7,0.0011769321302471558,0.00019615535504119262,4,257,1,181,75,119,0,0,0,0,0,0,0,0,0,0,,79,3,3,0,1,0,7,0,0,0,0,0,0,3,3,12,0,33.3,0,0,,,,,,,,
1420,c9920e995fbc98cd3883ef4c4520300d5e82bab5d2a5c781e9e9fe694a43e82f,ransomware,FAILED,Interlock,cape,full,0,1.0,,0,0,,,,0,0,1,0,0,0,,,1,1,0,0,1,2,0,0,0,0,0,0,0,0,0,0,,0,,,0,0,1,0,0,0,0,0,0,0,0,0,0,0,,0,0,,,,,,,,
1421,226a723ffb4a91d9950a8b266167c5b354ab0db1dc225578494917fe53867ef2,ransomware,TRUE_ENCRYPTION,MountLocker,cape,full,1,10.0,MountLocker,5074,665,-0.18765484794496393,5.817835625637801,7.152459257400057,496,5074,5,0,0,23,0.0009854158454867955,0.0,3,212,1,165,46,103,0,0,0,0,0,0,0,0,0,0,,79,3,3,0,1,0,8,0,0,0,0,0,0,4,10,24,3,-37.7,0,0,,,,,,,,
1422,7c67ac6140a6bcf8774be0365cbe8fe10e0bf0cf2918bd734ee4aca77de48c7a,ransomware,TRUE_ENCRYPTION,DragonForce,cape,full,1,9.0,Scarab-Dharma,314,6755,0.013376847111951768,5.0129336399415925,7.34639331042011,1489,314,1,1437,0,6,0.0031847133757961785,4.576433121019108,130,470,36,9,425,183,4,1,9,0,0,4,4,4,2,3,,0,,,0,0,1,6,0,0,0,0,0,0,4,4,5,5,-8.0,0,0,,,,,,,,
1423,06acd697bc0a41a6fa1098eba46ddd40d029a5fef3eb152fbf9d0d39e6f8673d,ransomware,TRUE_ENCRYPTION,Magniber,cape,full,0,9.0,,473,464,0.24580744676454025,7.176569441520125,7.331679532429234,208,473,7,52,0,31,0.014799154334038054,0.10993657505285412,8,144,34,49,61,0,0,0,0,0,0,0,0,0,0,0,,0,,,,,,11,1,0,0,0,0,0,0,0,78,1,,15,1,0,0,,0,409.8,11,1,0.228
1424,06699c98ed2ef759b2434ac5777a2886b966c0ffa1c96c046f5cde77fe833784,ransomware,TRUE_ENCRYPTION,Mallox,cape,full,1,9.0,,2144,3,-0.03027281995433646,2.0,2.0,1772,2144,1,2209,20,19,0.0004664179104477612,1.0303171641791045,44,386,129,139,118,193,3,1,9,5,0,0,4,3,2,3,,0,,,0,0,1,15,1,6,0,0,0,0,2,2,26,4,-36.7,2,1,2,1,20.7,2210,552.3,0,1,
1425,c5f526cc62688cf34c49d098dab81e24e4294f832ada57433ef505d5ac6da8f3,ransomware,TRUE_ENCRYPTION,NightSpire,cape,full,1,8.0,,62,0,,,,0,62,0,2,0,0,0.0,0.03225806451612903,2,4,0,3,1,46,0,0,1,0,0,0,0,0,0,0,boost,0,,,0,0,1,0,0,0,0,0,0,0,0,0,0,0,,0,0,,,,,,,,
1426,1ca67af90400ee6cbbd42175293274a0f5dc05315096cb2e214e4bfe12ffb71f,ransomware,TRUE_ENCRYPTION,Payload,cape,full,1,9.0,,2270,5922,-0.02527274143699349,1.8369264507110252,3.9834585933443494,1865,2270,8,0,0,9,0.003524229074889868,0.0,4,186,0,61,125,148,1,1,6,0,0,0,3,2,2,2,,0,,,0,0,1,8,3,0,0,0,0,0,4,4,12,0,-29.8,1,1,0,0,,0,278.7,1,1,0.172
1427,410db536a57c511b0ccac2639e0eb3320f303fc5c90242379ab43364c51ef321,ransomware,TRUE_ENCRYPTION,DragonForce,cape,full,1,9.0,,433,5294,-0.11687969430781608,5.012251427912156,7.335376574045897,1192,433,1,1066,0,9,0.0023094688221709007,2.4618937644341803,115,466,44,33,389,126,0,0,8,0,0,0,4,4,2,1,,0,,,0,1,0,6,0,0,0,0,0,1,5,6,5,5,-14.4,0,0,,,,,,,,
1428,9473dc89afdfd7eb821a05f63f70effe80e03a014a80df5865ecf9c72cb9315a,ransomware,FAILED,Magniber,cape,full,0,1.0,,0,0,,,,0,0,0,0,0,0,,,0,0,0,0,0,1,0,0,0,0,0,0,0,0,0,0,,0,,,0,0,1,0,0,0,0,0,0,0,0,0,0,0,,0,0,,,,,,,,
1429,2289706f678585059502a24283e0f55d56cf477524753c606f64825bba66fca8,ransomware,TRUE_ENCRYPTION,Mallox,cape,full,1,9.0,,2398,3,-0.0038331456073537116,2.0,2.0,2511,2398,1,2664,9,13,0.0004170141784820684,1.1109257714762302,6,569,14,117,438,194,4,2,8,5,0,0,4,3,2,3,,0,,,0,0,1,14,2,4,0,0,0,0,4,4,6,0,-24.5,1,1,1,1,15.6,2665,603.9,0,1,
1430,2c3f8889c9f5d765632ad91b4cc2a852c54845e143dbd2b68359b6f9cdfd8f99,ransomware,TRUE_ENCRYPTION,NightSpire,cape,full,1,8.0,,2705,0,,,,1215,2705,0,1480,0,0,0.0,0.5471349353049908,107,587,133,72,382,46,0,0,1,0,0,0,0,0,0,0,boost,0,,,0,0,1,0,0,0,0,0,0,0,0,0,0,0,,0,0,,,,,,,,
1431,1ccf8baf11427fae273ffed587b41c857fa2d8f3d3c6c0ddaa1fe4835f665eba,ransomware,NO_VICTIM_ACTIVITY,DragonForce,cape,full,1,6.0,,120,8,-0.006478846236803061,,,29,120,9,2,5,5,0.075,0.016666666666666666,3,23,1,13,9,183,4,1,9,0,0,4,4,4,2,3,,0,,,0,0,1,6,0,0,0,0,0,0,4,4,36,8,-15.6,0,0,,,,,,,,
1432,3aec49fb761581a0b95e23b1a85b8594308491968d42d04831ae01f8949b05b4,ransomware,TRUE_ENCRYPTION,Magniber,cape,full,0,9.0,,753,802,0.19798951507627294,7.1760145155155195,7.3000057896982335,403,753,12,83,0,26,0.01593625498007968,0.1102257636122178,9,201,42,86,73,0,0,0,0,0,0,0,0,0,0,0,,0,,,,,,10,1,0,0,0,0,0,2,5,86,5,-23.3,9,1,0,0,,0,428.4,6,1,0.462
1433,45a236e7aa80515aafb6c656c758faad6e77fb435b35bfa407aef3918212078d,ransomware,TRUE_ENCRYPTION,Mallox,cape,full,1,9.0,,2079,3,-0.0387520880486136,2.0,2.0,878,2079,0,668,20,15,0.0,0.3213083213083213,4,495,9,299,187,202,4,2,8,5,0,0,4,3,2,3,,0,,,0,0,1,12,0,6,0,0,0,0,4,4,17,1,-21.3,2,1,2,1,58.4,668,579.8,0,1,
1434,32e10dc9fe935d7c835530be214142041b6aa25ee32c62648dea124401137ea5,ransomware,TRUE_ENCRYPTION,NightSpire,cape,full,1,8.0,,1009,0,,,,64,1009,0,77,0,0,0.0,0.07631318136769079,19,87,29,39,19,46,0,0,1,0,0,0,0,0,0,0,boost,0,,,0,0,1,0,0,0,0,0,0,0,0,0,0,0,,0,0,,,,,,,,
1435,f5df98b344242c5eaad1fce421c640fadd71f7f21379d2bf7309001dfeb25972,ransomware,TRUE_ENCRYPTION,DragonForce,cape,full,1,9.0,Scarab-Dharma,399,6346,-0.11622158512223954,5.0124996869748015,7.367034765557392,1357,399,1,1319,0,6,0.002506265664160401,3.305764411027569,127,462,44,19,399,183,4,1,9,0,0,4,4,4,2,3,,0,,,0,0,1,6,0,0,0,0,0,0,4,4,5,5,-15.3,0,0,,,,,,,,
1436,649d1fcdc4529a221d916768edd5108a6a0172ab68fb3068b5248eae7d25143c,ransomware,NO_VICTIM_ACTIVITY,Magniber,cape,full,0,8.0,,0,0,,,,0,0,0,0,0,0,,,0,0,0,0,0,0,0,0,0,0,0,0,0,0,0,0,,0,,,,,,0,0,0,0,0,0,0,0,0,0,0,,0,0,,,,,,,,
1437,df29d5c4a750663440ce76d6804ce88e03faeef9591ec0b3b9ca348a6c930b7f,ransomware,TRUE_ENCRYPTION,Mallox,cape,full,1,9.0,,3309,3,-0.03331858665519265,2.0,2.0,1344,3309,0,2347,16,9,0.0,0.7092777274100937,62,166,9,51,106,173,3,1,9,5,0,0,4,1,2,3,,0,,,0,0,1,14,2,4,0,2,0,0,3,3,9,0,-23.8,2,2,0,0,,0,243.8,2,1,0.031
1438,e275b8a02bf23b565bdaabadb220b39409eddc6b8253eb04e0f092d697e3b53d,ransomware,TRUE_ENCRYPTION,NightSpire,cape,full,1,8.0,,2823,0,,,,3154,2823,0,2923,0,0,0.0,1.0354233085370173,69,587,90,31,466,40,0,0,2,0,0,0,0,0,1,0,boost,0,,,0,0,1,0,0,0,0,0,0,0,0,0,0,0,,0,0,,,,,,,,
1439,24e8ef41ead6fc45d9a7ec2c306fd04373eaa93bbae0bd1551a10234574d0e07,ransomware,TRUE_ENCRYPTION,DragonForce,cape,full,1,9.0,Scarab-Dharma,345,6051,-0.10508488267621159,5.015807554176889,7.331260734147484,1273,345,1,1216,0,6,0.002898550724637681,3.52463768115942,122,449,44,21,384,183,4,1,9,0,0,4,4,4,2,3,,0,,,0,0,1,6,0,0,0,0,0,0,4,4,5,5,-17.1,0,0,,,,,,,,
1440,b9a5c8d73ddceea4dbc1ece8dbaf989d296a5a4932d2117f4c8aa9ed1e70e4ab,ransomware,FAILED,Magniber,cape,full,0,1.0,,0,0,,,,0,0,0,0,0,0,,,0,0,0,0,0,0,0,0,0,0,0,0,0,0,0,0,,0,,,,,,0,0,0,0,0,0,0,0,0,0,0,,0,0,,,,,,,,
1441,134c23ec245a8e10995adfa594154b61bf94e1e5016cf5daeb2b8d594bb16448,ransomware,NO_VICTIM_ACTIVITY,Mallox,cape,full,0,7.0,,0,7,,3.9609489405186116,4.921897881037223,9,0,0,0,0,16,,,0,20,0,0,20,1,0,0,0,0,0,0,0,0,0,0,,0,,,0,1,0,6,0,0,0,0,0,0,2,7,18,0,,0,0,,,,,,,,
1442,c2859adc342cbcc36485ef6c3020913c459079acbeae3456b44297d7704f6853,ransomware,TRUE_ENCRYPTION,NightSpire,cape,full,1,8.0,,1734,0,,,,462,1734,0,1154,0,0,0.0,0.6655132641291811,92,393,45,73,275,46,0,0,1,0,0,0,0,0,0,0,boost,0,,,0,0,1,0,0,0,0,0,0,0,0,0,0,0,,0,0,,,,,,,,
1443,b10129c175c007148dd4f5aff4d7fb61eb3e4b0ed4897fea6b33e90555f2b845,ransomware,TRUE_ENCRYPTION,DragonForce,cape,full,1,9.0,Scarab-Dharma,357,6599,-0.05661010302442367,5.0166190684917025,7.336657100317388,1445,357,1,1393,0,12,0.0028011204481792717,3.9019607843137254,130,494,43,21,430,183,4,1,9,0,0,4,4,4,2,3,,0,,,0,0,1,10,0,0,0,0,0,0,5,6,18,8,-15.7,0,0,,,,,,,,
1444,bc3a0e276a26612ffa45f229b069b624750e2c0737b2af2f934378d85d87a2f9,ransomware,FAILED,Magniber,cape,full,0,8.0,,0,0,,,,0,0,0,0,0,0,,,0,0,0,0,0,0,0,0,0,0,0,0,0,0,0,0,,0,,,,,,0,0,0,0,0,0,0,0,0,0,0,,0,0,,,,,,,,
1445,9acbc6b9342e22059c02db89c629d56b2ada8b56abe94f2a901ed1252beac2cd,ransomware,TRUE_ENCRYPTION,Mallox,cape,full,1,9.0,,3272,7,0.01108872950219073,2.6097698926560433,3.219539785312086,1268,3272,0,4061,12,13,0.0,1.2411369193154034,103,217,9,63,145,169,3,1,9,4,0,0,4,1,2,3,,0,,,0,0,1,18,2,4,0,2,0,0,4,5,6,0,-43.2,2,2,0,0,,0,309.1,2,1,0.025
1446,4cda6af63873eca99b9a0b69be1c8b9c81b501339f569a30fd30394fa54da3e1,ransomware,TRUE_ENCRYPTION,NightSpire,cape,full,1,8.0,,2525,0,,,,3794,2525,0,4025,0,0,0.0,1.5940594059405941,108,548,87,26,435,46,0,0,1,0,0,0,0,0,0,0,boost,0,,,0,0,1,0,0,0,0,0,0,0,0,0,0,0,,0,0,,,,,,,,
1447,d67a475f72ca65fd1ac5fd3be2f1cce2db78ba074f54dc4c4738d374d0eb19c7,ransomware,TRUE_ENCRYPTION,DragonForce,cape,full,1,9.0,Scarab-Dharma,365,6647,-0.14914652922518287,5.01231755101416,7.3299314878254815,1469,365,1,1419,0,7,0.0027397260273972603,3.8876712328767122,119,500,54,13,433,183,4,1,9,0,0,4,4,4,2,3,,0,,,0,0,1,7,0,0,0,0,0,0,4,4,5,5,-17.9,0,0,,,,,,,,
1448,354f26cc356623d5d099ce3ab1f36821151bb59b3e77521bb903ec1ee3d8f612,ransomware,NO_VICTIM_ACTIVITY,Magniber,cape,full,0,8.0,,22,173,-0.04734139255677208,,,0,22,0,0,0,0,0.0,0.0,0,12,0,12,0,0,0,0,0,0,0,0,0,0,0,0,,0,,,,,,1,0,0,0,0,0,0,1,1,2,0,21.6,0,0,,,,,,,,
1449,5ccff9af23c18998221f45396732539d18e330454327d1e7450095c682d8c552,ransomware,TRUE_ENCRYPTION,Mallox,cape,full,1,9.0,,3044,3,-0.04875204586741765,2.0,2.0,1011,3044,0,4090,16,8,0.0,1.3436268068331143,100,218,6,55,157,167,3,1,8,5,0,0,4,1,2,3,,0,,,0,0,1,12,2,4,0,2,0,0,3,3,9,0,-22.5,2,2,0,0,,0,330.2,2,1,0.027
1450,6782ad0c3efc0d0520dc2088e952c504f6a069c36a0308b88c7daadd600250a9,ransomware,TRUE_ENCRYPTION,DragonForce,cape,full,1,9.0,Scarab-Dharma,391,6064,-0.116434099205263,5.013548115765261,7.34025936815506,1310,391,1,1223,0,20,0.0025575447570332483,3.1278772378516626,124,452,44,27,381,183,4,1,9,0,0,4,4,4,2,3,,0,,,0,0,1,9,0,0,0,0,0,0,5,8,5,5,-20.8,0,0,,,,,,,,
1451,f7cf9b53f0124b9fbc1cac8991b51a24a03f8feceb711677aae39b916a686c55,ransomware,NO_VICTIM_ACTIVITY,Magniber,cape,full,0,8.0,,0,69,,,,0,0,0,0,0,0,,,0,0,0,0,0,0,0,0,0,0,0,0,0,0,0,0,,0,,,,,,1,0,0,0,0,0,0,1,1,0,0,,0,0,,,,,,,,
1452,e7178a4bad4407316b85894307df32fdf85b597455364eb8ec4d407749e852ce,ransomware,TRUE_ENCRYPTION,Mallox,cape,full,1,9.0,,3064,3,-0.06403612252948102,2.0,2.0,1646,3064,0,3952,14,12,0.0,1.2898172323759791,95,170,9,56,105,170,3,1,9,4,0,0,4,1,2,3,,0,,,0,0,1,15,2,4,0,0,0,0,4,5,7,0,-28.3,2,2,0,0,,0,249.3,2,1,0.034
1453,8a193db0ff08237f63c036d422f52276a4e575476763dc391455ed5b12269c07,ransomware,TRUE_ENCRYPTION,DragonForce,cape,full,1,9.0,Scarab-Dharma,380,6559,-0.06949801843144855,5.014566232880957,7.367034765557392,1436,380,1,1373,0,9,0.002631578947368421,3.613157894736842,128,463,45,14,404,183,4,1,9,0,0,4,4,4,2,3,,0,,,0,0,1,7,0,0,0,0,0,0,4,4,18,8,-17.3,0,0,,,,,,,,
1454,92ff7716bb0fa4c30368c24acd23423dbb6033f3c6b85d37af1524a7421d2856,ransomware,NO_VICTIM_ACTIVITY,Magniber,cape,full,0,8.0,,0,122,,,,0,0,0,0,0,0,,,0,0,0,0,0,0,0,0,0,0,0,0,0,0,0,0,,0,,,,,,0,0,0,0,0,0,0,0,0,0,0,,0,0,,,,,,,,
1455,cda99e504a122208862739087cf16b4838e9f051acfcbeb9ec794923b414c018,ransomware,TRUE_ENCRYPTION,Mallox,cape,full,0,9.0,,3539,15,-0.020692939038620285,2.92538824054175,3.431623565847431,2001,3539,0,1321,16,111,0.0,0.3732692851087878,53,285,8,122,155,1,0,0,0,0,0,0,0,0,0,0,,171,3,3,0,1,0,133,2,4,9,35,0,0,1,1,7,0,-130.4,88,3,40,1,182.0,1321,400.5,47,1,0.009
1456,70afd8efb34382badead93ae104d958256de6be8054227ccc85fe95d5c5f9db0,ransomware,TRUE_ENCRYPTION,DragonForce,cape,full,1,9.0,Scarab-Dharma,393,6628,-0.07583318527869178,5.012288922104311,7.33312226305857,1450,393,1,1403,0,6,0.002544529262086514,3.5699745547073793,131,457,42,20,395,183,4,1,9,0,0,4,4,4,2,3,,0,,,0,0,1,6,0,0,0,0,0,0,4,4,5,5,-16.2,0,0,,,,,,,,
1457,79494b2b76515207a2cf1a29484096cbf884ea4b0e2b834af07beac7879ce714,ransomware,NO_VICTIM_ACTIVITY,Magniber,cape,full,0,8.0,,0,87,,,,0,0,0,0,0,0,,,0,0,0,0,0,0,0,0,0,0,0,0,0,0,0,0,,0,,,,,,1,0,0,0,0,0,0,0,0,2,0,,0,0,,,,,,,,
1458,1f793f973fd906f9736aa483c613b82d5d2d7b0e270c5c903704f9665d9e1185,ransomware,TRUE_ENCRYPTION,Mallox,cape,full,1,9.0,,3638,3,-0.008629949701507798,2.0,2.0,1821,3638,9,4045,20,13,0.002473886750962067,1.111874656404618,100,185,10,62,113,172,3,1,9,4,0,0,4,1,2,3,,0,,,0,0,1,17,2,4,0,3,0,0,4,4,42,11,-15.2,2,2,0,0,,0,454.5,2,1,0.011
1459,a399a293cc3f25f6250ebee65e6e60e818831925769d540354275e9ad87bb5bb,ransomware,TRUE_ENCRYPTION,DragonForce,cape,full,1,9.0,Scarab-Dharma,352,5858,0.01127792892827807,5.014271276006044,7.355961170051286,1203,352,1,1151,0,26,0.002840909090909091,3.2698863636363638,126,434,44,13,377,183,4,1,9,0,0,4,4,4,2,3,,0,,,0,0,1,9,0,0,0,0,0,0,6,11,18,8,-23.0,0,0,,,,,,,,
1460,00270d016c00f9a58a8fad47aa52b95f2383e5b00a76e7281112156e828472bd,ransomware,FAILED,Magniber,cape,full,0,8.0,,0,0,,,,0,0,0,0,0,0,,,0,0,0,0,0,0,0,0,0,0,0,0,0,0,0,0,,0,,,,,,0,0,0,0,0,0,0,0,0,0,0,,0,0,,,,,,,,
1461,f7e8a0eac54dd040e2609546fca263f2c2753802ff57e7c62d5e9ccfa04bdb1a,ransomware,TRUE_ENCRYPTION,Mallox,cape,full,1,9.0,,3950,3,-0.05537521218635277,2.0,2.0,2269,3950,0,4040,11,10,0.0,1.0227848101265822,99,163,10,53,100,171,3,1,9,4,0,0,4,1,2,3,,0,,,0,0,1,14,2,4,0,3,0,0,4,5,4,0,-14.1,2,2,0,0,,0,231.5,2,1,0.022
1462,df5ab9015833023a03f92a797e20196672c1d6525501a9f9a94a45b0904c7403,ransomware,TRUE_ENCRYPTION,DragonForce,cape,full,1,9.0,Scarab-Dharma,415,6519,-0.10289192253645463,5.0139669058665275,7.359790544591711,1464,415,1,1405,0,6,0.0024096385542168677,3.3855421686746987,121,489,52,18,419,183,4,1,9,0,0,4,4,4,2,3,,0,,,0,0,1,6,0,0,0,0,0,0,4,4,5,5,-18.9,0,0,,,,,,,,
1463,d06b5a200292fedcfb4d4aecac32387a2e5b5bb09aaab5199c56bab3031257d6,ransomware,TRUE_ENCRYPTION,DragonForce,cape,full,1,9.0,Scarab-Dharma,368,6286,-0.12737876350667393,5.011559201320932,7.363788779919766,1348,368,1,1306,0,6,0.002717391304347826,3.5489130434782608,123,456,42,21,393,183,4,1,9,0,0,4,4,4,2,3,,0,,,0,0,1,6,0,0,0,0,0,0,4,4,5,5,-20.1,0,0,,,,,,,,
1464,14dbcc8fc713a26f46b78ba0bc169eb4abdd6083a4bbf62357e83b989489c358,ransomware,FAILED,Magniber,cape,full,0,1.0,,0,0,,,,0,0,0,0,0,0,,,0,0,0,0,0,0,0,0,0,0,0,0,0,0,0,0,,0,,,,,,0,0,0,0,0,0,0,0,0,0,0,,0,0,,,,,,,,
1465,2413841b2f5f656e269f61644d3957847b199107bb6b141c3208a03df59f0759,ransomware,TRUE_ENCRYPTION,BlackBasta,cape,full,1,9.0,Scarab-Dharma,205,2,-0.042184399177929446,4.875,4.875,227,205,3,1658,0,10,0.014634146341463415,8.08780487804878,116,412,0,11,401,374,0,0,7,0,0,0,0,0,2,0,,292,2,2,0,1,0,6,2,0,0,0,0,0,2,2,11,0,-391.5,1,1,1,1,31.1,1661,593.3,0,1,
1466,80e3a04fa68be799b3c91737e1918f8394b250603a231a251524244e4d7f77d9,ransomware,TRUE_ENCRYPTION,DragonForce,cape,full,1,9.0,Scarab-Dharma,372,6070,-0.11567995657675795,5.010903742764613,7.334605452980251,1303,372,1,1233,0,8,0.002688172043010753,3.314516129032258,128,456,43,21,392,183,4,1,9,0,0,4,4,4,2,3,,0,,,0,0,1,8,0,0,0,0,0,0,4,4,18,8,-16.7,0,0,,,,,,,,
1467,359c1e71740dd3ee3556e1c392a72b943960c4f46cf003cd4671775e71788287,ransomware,TRUE_ENCRYPTION,GLOBAL,cape,full,1,9.0,,474,153,0.8517297387548809,4.85686778046975,5.087462841250338,586,474,25,155,5,32,0.052742616033755275,0.3270042194092827,34,155,24,32,99,170,1,1,9,1,1,0,5,4,2,4,,0,,,0,0,1,18,1,0,0,0,0,0,3,38,59,15,-9.3,0,0,,,,,,,,
1468,10b9b1d8f6bafd9bb57ccfb1da4a658f10207d566781fa5fb3c4394d283e860e,ransomware,TRUE_ENCRYPTION,Magniber,cape,full,0,9.0,,132,419,0.7399786543179258,7.179716020978834,7.32988720694674,117,132,0,52,0,0,0.0,0.3939393939393939,6,165,0,95,70,0,0,0,0,0,0,0,0,0,0,0,,0,,,,,,0,0,0,0,0,0,0,0,0,0,0,,0,0,,,,,,,,
1469,d2f2dcb52f79307c4f9745a169986ff1f2d5427fe4ba000efb458f7590176da6,ransomware,FAILED,Makop,cape,full,1,1.3,,0,76,,2.3387296435005345,6.369602106659171,0,0,0,0,0,1,,,0,1,0,0,1,97,7,1,6,1,3,0,4,0,0,4,,0,,,0,0,1,1,0,0,0,0,0,0,0,0,0,0,,0,0,,,,,,,,
1470,584e4ad4ef01550d20494b6929c4bdd29f0a0ab47066890f140b2d4e012734a1,ransomware,NO_VICTIM_ACTIVITY,Mallox,cape,full,0,7.0,,0,2,,3.0,3.0,14,0,0,0,0,0,,,0,4,0,0,4,1,0,0,0,0,0,0,0,0,0,0,,0,,,0,1,0,0,0,0,0,0,0,0,0,0,16,0,,0,0,,,,,,,,
1471,b47302ef408014fe2044ce70331e50dfb5e41ec1d82c9fbe126f39c381f6567e,ransomware,FAILED,RansomHub,cape,static_only,0,0.3,,,,,,,,,,,,,,,,,,,,0,0,0,0,0,0,0,0,0,0,0,,0,,,,,,,,,,,,,,,,,,,,,,,,,,,
1472,1354254499b2e3353708747d36c334074f40c1f726ea7590384f2192c972f8c3,ransomware,TRUE_ENCRYPTION,BlackBasta,cape,full,1,9.0,,142,0,,,,272,142,17,77,0,18,0.11971830985915492,0.5422535211267606,20,97,3,17,77,125,3,1,7,3,0,0,0,0,2,2,cryptopp,460,0,0,1,0,0,14,0,0,0,0,0,0,3,3,21,3,-223.6,0,0,,,,,,,,
1473,b714cb02cfd5d67e1502b45242636ee6b35c1b609072d3082378c50a177df15d,ransomware,TRUE_ENCRYPTION,DragonForce,cape,full,1,9.0,Scarab-Dharma,355,5572,-0.055206494577758336,5.012956009538046,7.334750927641414,1100,355,1,1064,0,24,0.0028169014084507044,2.9971830985915493,124,455,41,22,392,183,4,1,9,0,0,4,4,4,2,3,,0,,,0,0,1,10,0,0,0,0,0,0,5,9,18,8,-17.6,0,0,,,,,,,,
1474,766f430544751677d52fb8602a6eb27a8fea7513826aa99319017209c1970029,ransomware,TRUE_ENCRYPTION,GLOBAL,cape,full,1,9.0,,400,156,0.8372683307910593,4.853636068307609,5.028639311838574,579,400,16,161,0,12,0.04,0.4025,33,134,51,12,71,170,1,1,9,1,1,0,5,4,2,4,,0,,,0,0,1,9,1,0,0,0,0,0,3,37,29,7,-13.1,0,0,,,,,,,,
1475,0e9cb980e176c55c4694f8cb8b4fad949926887ec9e8ba209058bf22f2b359d6,ransomware,FAILED,Magniber,cape,static_only,0,0.8,,,,,,,,,,,,,,,,,,,,0,0,0,0,0,0,0,0,0,0,0,,0,,,,,,,,,,,,,,,,,,,,,,,,,,,
1476,f0a17efd62272b2bb2dfe0d57ca547044da75a558e32b2d94aa5788c18d9168c,ransomware,TRUE_ENCRYPTION,Makop,cape,full,1,9.0,,5014,40645,0.24130390870654542,4.577817912659791,7.38671929617459,5088,5014,1,4997,0,25,0.00019944156362185878,0.9966094934184284,56,182,31,9,142,132,7,1,6,1,3,0,4,0,0,4,,0,,,0,0,1,15,4,0,0,0,0,0,3,5,1,0,-165.9,3,1,2,1,4.1,4998,192.4,1,1,0.084
1477,a7018ff4aaaaebda06615da54ab7d3dcfe06ffda501254eb9654aa27152629bb,ransomware,NO_VICTIM_ACTIVITY,Mallox,cape,full,0,2.9999999999999996,,0,2,,3.0,3.0,16,0,1,0,0,0,,,1,7,0,0,7,1,0,0,0,0,0,0,0,0,0,0,,2,0,0,0,1,0,0,0,0,0,0,0,0,0,0,16,0,,0,0,,,,,,,,
1478,bc2db56c79080fcd1d35c940f18479485a947384347c06b7756da3cc221f7dc3,ransomware,NO_VICTIM_ACTIVITY,RansomHub,cape,full,1,0.5,,0,0,,,,0,0,0,0,0,0,,,0,0,0,0,0,40,0,0,2,0,0,0,0,0,1,0,boost,0,,,0,0,1,0,0,0,0,0,0,0,0,0,0,0,,0,0,,,,,,,,
1479,11129aad3b5baa1d118ec0ee3922278c194e43f6e2f0fcef221c65e5f4490d3b,ransomware,TRUE_ENCRYPTION,BlackBasta,cape,full,1,9.0,,26,3,-0.02001922294491919,4.9375,4.9375,32,26,0,0,0,3,0.0,0.0,0,14,0,7,7,599,0,0,9,0,0,0,0,1,2,0,,294,2,2,0,1,0,5,2,0,0,0,0,0,0,8,8,1,-19.6,1,1,0,,,,,,,
1480,11129aad3b5baa1d118ec0ee3922278c194e43f6e2f0fcef221c65e5f4490d3b,ransomware,TRUE_ENCRYPTION,BlackBasta,cape,full,1,9.0,,9,3,-0.023636706577294008,4.875,4.875,102,9,0,0,0,4,0.0,0.0,0,33,0,5,28,599,0,0,9,0,0,0,0,1,2,0,,294,2,2,0,1,0,5,2,0,0,0,0,0,0,8,8,0,-16.4,1,1,0,,,,,,,
1481,1250ba6f25fd60077f698a2617c15f89d58c1867339bfd9ee8ab19ce9943304b,ransomware,TRUE_ENCRYPTION,DragonForce,cape,full,1,9.0,Scarab-Dharma,112,0,,,,621,112,17,437,111,6,0.15178571428571427,3.9017857142857144,26,45,1,9,35,24,0,0,0,0,0,0,0,0,0,0,,0,,,0,0,1,7,0,0,0,0,0,0,2,14,27,13,1.6,0,0,,,,,,,,
1482,3be21ac37d8c817b71ea520d2f4354f0c606fca4cc6a48742b2de87f358af79c,ransomware,TRUE_ENCRYPTION,GLOBAL,cape,full,1,9.0,,432,158,0.9000905471002336,4.856690217503869,5.044394119358456,552,432,17,161,0,11,0.03935185185185185,0.3726851851851852,31,127,22,26,79,170,1,1,9,1,1,0,5,4,2,4,,0,,,0,0,1,9,1,0,0,0,0,0,3,37,33,6,-11.2,0,0,,,,,,,,
1483,8474b7fd46e898991cbd0338ebd345bd3fd63a118168bbc662b52dff25e033cf,ransomware,FAILED,Magniber,cape,static_only,0,0.8,,,,,,,,,,,,,,,,,,,,0,0,0,0,0,0,0,0,0,0,0,,0,,,,,,,,,,,,,,,,,,,,,,,,,,,
1484,90025b71fb52f97a9bb10ef314f7c85f6000619657b2ec7940110da7a9b64703,ransomware,TRUE_ENCRYPTION,Makop,cape,full,1,9.0,,5015,40652,0.24595099130583883,4.517538033108895,7.378191160336208,5089,5015,2,4995,0,42,0.00039880358923230307,0.996011964107677,57,243,41,15,187,132,7,1,6,1,3,0,4,0,0,4,,0,,,0,0,1,20,4,0,0,0,0,0,3,5,28,3,-383.3,3,1,2,1,4.9,4997,334.2,1,1,0.062
1485,7e6cd2bf820d81c9389c549cfe482bcdb1b57c5f39d53b63cd1efb79699e7ae6,ransomware,NO_VICTIM_ACTIVITY,Mallox,cape,full,0,9.0,,66,272,-0.07394982407925589,6.138399491617969,6.376825800964972,143,66,2,0,0,5,0.030303030303030304,0.0,2,28,0,3,25,1,0,0,0,0,0,0,0,0,0,0,,0,,,0,1,0,5,0,0,0,0,0,0,2,2,22,0,6.0,0,0,,,,,,,,
1486,0d92088225f8def668030ec98460107f6dbec6160c49de388d13bc060f2a95be,ransomware,FAILED,RansomHub,cape,full,1,0.5,,0,0,,,,0,0,0,0,0,0,,,0,0,0,0,0,40,0,0,2,0,0,0,0,0,1,0,boost,0,,,0,0,1,0,0,0,0,0,0,0,0,0,0,0,,0,0,,,,,,,,
1487,3d8713641264c41cd6784c5569c1447299fba88633070e40e70bb3ae2b4c5a4e,ransomware,NO_VICTIM_ACTIVITY,BlackBasta,cape,full,1,9.0,,4,0,,,,0,4,0,0,0,3,0.0,0.0,0,4,0,1,3,77,0,0,6,0,0,0,0,0,2,0,,141,1,1,0,0,1,3,3,0,0,0,0,0,0,0,2,0,,1,1,0,,,,,,,
1488,822ceefb12b030f2ff28dcda6776addda77b041dbb48d2e3a8c305721f4cc8ef,ransomware,TRUE_ENCRYPTION,DragonForce,cape,full,1,9.0,,415,4769,-0.07849760636630274,5.0155195793742795,7.354907750482547,871,415,1,805,0,8,0.0024096385542168677,1.9397590361445782,103,488,55,31,402,183,4,1,9,0,0,4,4,4,2,3,,0,,,0,0,1,8,0,0,0,0,0,0,4,4,15,3,-22.0,0,0,,,,,,,,
1489,5d414a6cb575b89d11cf5cf37c554c29189130e3d8841e9f60ae5b5c08a2d5e7,ransomware,TRUE_ENCRYPTION,GLOBAL,cape,full,1,9.0,,546,167,0.8278216173515727,4.86679810054497,5.087462841250338,803,546,41,185,0,15,0.07509157509157509,0.33882783882783885,35,200,55,30,115,170,1,1,9,1,1,0,5,4,2,4,,0,,,0,0,1,14,1,0,0,0,0,0,4,38,43,10,-17.0,0,0,,,,,,,,
1490,5301e5deb37674296e48d5873862ce32f934fbdfe1a7919f97bddb1138957e35,ransomware,FAILED,Magniber,cape,static_only,0,0.8,,,,,,,,,,,,,,,,,,,,0,0,0,0,0,0,0,0,0,0,0,,0,,,,,,,,,,,,,,,,,,,,,,,,,,,
1491,7fa09b186e668d32c7684c318a8e588448d9b3f55f1b9894d5388ac7cf002174,ransomware,TRUE_ENCRYPTION,Makop,cape,full,1,9.0,,5006,36240,0.2317898987817363,5.061855953622103,7.349235055735359,5021,5006,2,4995,0,47,0.00039952057530962844,0.9978026368357971,58,223,31,14,178,132,7,1,6,1,3,0,4,0,0,4,,0,,,0,0,1,19,4,0,0,0,0,0,4,6,15,0,-237.4,3,1,2,1,4.2,4997,270.8,1,1,0.052
1492,800b4455105a08833332092017909f9dd47bd4ebfb1cbddbe0b95658d03b8d64,ransomware,NO_VICTIM_ACTIVITY,Mallox,cape,full,0,5.0,,0,2,,2.807354922057604,2.807354922057604,18,0,0,0,0,0,,,0,6,0,0,6,1,0,0,0,0,0,0,0,0,0,0,,0,,,0,1,0,0,0,0,0,0,0,0,0,0,16,0,,0,0,,,,,,,,
1493,3bd98de6361abdc0b7701e5b134879db841e00d4a64c3e517cf9becf2ed4ddea,ransomware,NO_VICTIM_ACTIVITY,RansomHub,cape,full,1,0.5,,0,0,,,,0,0,0,0,0,0,,,0,0,0,0,0,40,0,0,2,0,0,0,0,0,1,0,boost,0,,,0,0,1,0,0,0,0,0,0,0,0,0,0,0,,0,0,,,,,,,,
1494,723d1cf3d74fb3ce95a77ed9dff257a78c8af8e67a82963230dd073781074224,ransomware,TRUE_ENCRYPTION,BlackBasta,cape,full,1,9.0,Scarab-Dharma,160,3,-0.06025051335980201,4.9375,4.9375,190,160,0,1633,0,29,0.0,10.20625,112,419,0,13,406,375,0,0,7,0,0,0,0,0,2,0,,292,2,2,0,1,0,12,2,0,0,0,0,0,3,3,10,0,-256.1,1,1,1,1,26.3,1633,609.6,0,1,
1495,b9bba02d18bacc4bc8d9e4f70657d381568075590cc9d0e7590327d854224b32,ransomware,TRUE_ENCRYPTION,DragonForce,cape,full,1,9.0,Scarab-Dharma,382,5514,0.006596998422831332,5.013601372156964,7.324953418113306,1114,382,1,1052,0,25,0.002617801047120419,2.7539267015706805,116,474,41,18,415,183,4,1,9,0,0,4,4,4,2,3,,0,,,0,0,1,9,0,0,0,0,0,0,5,13,5,5,-18.8,0,0,,,,,,,,
1496,d6283822fc330342132cf753d3ff0dda6bf30946af6251259e6f98141a1eec0d,ransomware,TRUE_ENCRYPTION,GLOBAL,cape,full,1,9.0,,520,161,0.714946792973764,4.8672179686312536,5.028639311838574,620,520,26,169,5,15,0.05,0.325,35,166,56,24,86,170,1,1,9,1,1,0,5,4,2,4,,0,,,0,0,1,12,1,0,0,0,0,0,3,37,40,15,-16.5,0,0,,,,,,,,
1497,f2ab74ce11c4462db427db65ff5755db4d5267d373172384a241017150e14675,ransomware,FAILED,Magniber,cape,static_only,0,0.8,,,,,,,,,,,,,,,,,,,,0,0,0,0,0,0,0,0,0,0,0,,0,,,,,,,,,,,,,,,,,,,,,,,,,,,
1498,aaf7bb9ad358726ca367f1827686dc15fea925f26ab1e201a2768c67472e8890,ransomware,FAILED,Makop,cape,full,1,3.5,,0,72,,2.584253905565361,6.237153579285839,0,0,0,0,0,1,,,0,1,0,0,1,87,0,0,4,1,0,0,0,0,2,1,,79,3,2,0,1,0,1,0,0,0,0,0,0,0,0,1,0,,0,0,,,,,,,,
1499,83654c500c68418142e43b31ebbec040d9d36cfbbe08c7b9b3dc90fabc14801a,ransomware,FAILED,RansomHub,cape,full,1,0.5,,0,0,,,,0,0,0,0,0,0,,,0,0,0,0,0,39,0,0,2,0,0,0,0,0,1,0,boost,0,,,0,0,1,0,0,0,0,0,0,0,0,0,0,0,,0,0,,,,,,,,
1500,df5b004be71717362e6b1ad22072f9ee4113b95b5d78c496a90857977a9fb415,ransomware,TRUE_ENCRYPTION,BlackBasta,cape,full,1,9.0,Scarab-Dharma,104,3,-0.014665553067012616,4.75,4.75,187,104,0,1855,0,22,0.0,17.83653846153846,127,420,0,9,411,127,0,0,6,0,0,0,0,0,2,0,,290,2,2,0,1,0,14,2,0,0,0,0,0,3,3,7,0,-70.8,1,1,1,1,49.3,1855,546.6,0,1,
1501,ba1be94550898eedb10eb73cb5383a2d1050e96ec4df8e0bf680d3e76a9e2429,ransomware,TRUE_ENCRYPTION,DragonForce,cape,full,1,9.0,Scarab-Dharma,367,6029,-0.070013657540789,5.012261153999215,7.374733632900444,1260,367,1,1202,0,7,0.0027247956403269754,3.2752043596730247,128,470,50,24,396,183,4,1,9,0,0,4,4,4,2,3,,0,,,0,0,1,7,0,0,0,0,0,0,4,4,5,5,-19.8,0,0,,,,,,,,
1502,5b872f26adfff2b63bd91ca50847e3fd19a6c612ee089a6953bdad00214f8df2,ransomware,TRUE_ENCRYPTION,GLOBAL,cape,full,1,9.0,,469,168,0.926698927377252,4.874687854682387,5.087462841250338,465,469,17,175,0,35,0.03624733475479744,0.373134328358209,35,134,22,31,81,170,1,1,9,1,1,0,5,4,2,4,,0,,,0,0,1,18,1,0,0,0,0,0,4,41,47,10,-12.0,0,0,,,,,,,,
1503,2cf60c433df3dcc84b80e18c93e578bf18b31c5c49777953702c53166275796b,ransomware,FAILED,Magniber,cape,static_only,0,0.8,,,,,,,,,,,,,,,,,,,,0,0,0,0,0,0,0,0,0,0,0,,0,,,,,,,,,,,,,,,,,,,,,,,,,,,
1504,7d4b154e90a8472545d84d7d1ec49888269872c9a8adf3a0411317c8f926f1f5,ransomware,FAILED,Makop,cape,static_only,0,0.3,,,,,,,,,,,,,,,,,,,,0,0,0,0,0,0,0,0,0,0,0,,0,,,,,,,,,,,,,,,,,,,,,,,,,,,
1505,342b7b89082431c1ba088315c5ee81e89a94e36663f2ab8cfc27e17f7853ca2b,ransomware,FAILED,RansomHub,cape,full,1,0.5,,0,0,,,,0,0,0,0,0,0,,,0,0,0,0,0,40,0,0,2,0,0,0,0,0,1,0,boost,0,,,0,0,1,0,0,0,0,0,0,0,0,0,0,0,,0,0,,,,,,,,
1506,2558d0817586306d0ddf7beadd371785cd0a0b7ed860ac62760dbbc92866008a,ransomware,TRUE_ENCRYPTION,BlackBasta,cape,full,1,9.0,,248,3,-0.044067390812882024,4.851409765557392,4.851409765557392,338,248,2,2447,0,6,0.008064516129032258,9.866935483870968,123,371,0,11,360,139,0,0,7,0,0,0,0,0,2,0,,290,2,2,0,1,0,5,2,0,0,0,0,0,2,2,14,0,-481.3,1,1,0,0,,0,658.3,1,1,0.259
1507,d626eb0565fac677fdc13fb0555967dc31e600c74fbbd110b744f8e3a59dd3f9,ransomware,TRUE_ENCRYPTION,DragonForce,cape,full,1,9.0,Scarab-Dharma,559,4879,-0.03177165908799133,5.015978864490444,7.31514331042011,1341,559,1,951,0,11,0.0017889087656529517,1.701252236135957,122,521,65,37,419,126,0,0,8,0,0,0,4,4,2,1,,59,0,0,0,1,0,9,0,0,0,0,0,1,6,6,17,3,-17.0,0,0,,,,,,,,
1508,c62850ec00e38c48999b2cf8fdd1f256d71dfb24c103bfdfb32e045b7f693990,ransomware,TRUE_ENCRYPTION,GLOBAL,cape,full,1,9.0,,449,158,0.8630505416522288,4.877974228302835,5.087462841250338,576,449,45,177,0,15,0.10022271714922049,0.39420935412026725,34,174,57,21,96,170,1,1,9,1,1,0,5,4,2,4,,0,,,0,0,1,13,1,0,0,0,0,0,3,37,42,10,-17.9,0,0,,,,,,,,
1509,fc1cb9ea6c1d86600f690b0f7c7ea6ab73d401a3b0e899360c4a619aeaed4cc4,ransomware,FAILED,Magniber,cape,static_only,0,0.8,,,,,,,,,,,,,,,,,,,,0,0,0,0,0,0,0,0,0,0,0,,0,,,,,,,,,,,,,,,,,,,,,,,,,,,
1510,2aae8c4c79d6332be6f899936c662326250d402f13b1ef85f930d61d4179e183,ransomware,NO_VICTIM_ACTIVITY,Makop,cape,full,1,9.0,,20,83,-0.004262856753500946,2.8676161603354187,6.237153579285839,81,20,9,0,0,7,0.45,0.0,2,48,1,5,42,157,0,0,3,0,0,0,2,0,0,1,,90,3,2,0,1,0,7,0,0,0,0,0,0,2,2,10,0,-53.3,0,0,,,,,,,,
1511,56856e1e275cebcd477e3a2995cd76398cfbb6c210181a14939c6307a82e6763,ransomware,FAILED,RansomHub,cape,static_only,1,0.8,,,,,,,,,,,,,,,,,,,,40,0,0,2,0,0,0,0,0,1,0,boost,0,,,,,,,,,,,,,,,,,,,,,,,,,,,
1512,fe9ce5213926fe31b6d7f6f9411ecbad6e088f122b2d33d4ceb54410ccf8182f,ransomware,TRUE_ENCRYPTION,Akira,cape,full,1,10.0,Akira,855,0,,,,1454,855,193,1,0,6,0.22573099415204678,0.0011695906432748538,2,273,3,46,224,155,0,0,7,1,0,4,0,1,2,2,,0,,,0,0,1,7,0,0,0,0,0,0,6,6,18,10,2.7,0,0,,,,,,,,
1513,88dc4a9c852697cff3b9e0d654d20feb8772fdcddb989eabac12b7cfad6e9b64,ransomware,FAILED,BianLian,cape,full,1,1.0,,1,0,,,,0,1,0,0,0,0,0.0,0.0,0,1,0,1,0,39,0,0,2,0,0,0,0,0,1,0,boost,0,,,0,0,1,0,0,0,0,0,0,0,0,0,0,0,,0,0,,,,,,,,
1514,e28188e516db1bda9015c30de59a2e91996b67c2e2b44989a6b0f562577fd757,ransomware,NO_VICTIM_ACTIVITY,BlackBasta,cape,full,1,9.0,,2,0,,,,0,2,0,0,0,2,0.0,0.0,0,3,0,1,2,167,0,0,0,0,0,0,0,0,0,0,,0,,,0,0,1,2,2,0,0,0,0,0,0,0,2,0,,1,1,0,,,,,,,
1515,6b5a962ad755b0723863cdb386b6958cc0c6dc3ca81fd61cd3adcdeaefa7f9c0,ransomware,FAILED,Cactus,cape,full,1,2.8,,2,0,,,,0,2,0,0,0,1,0.0,0.0,0,2,0,1,1,109,0,0,0,0,0,0,0,0,1,0,,0,,,0,0,1,1,0,0,0,0,0,0,0,0,0,0,,0,0,,,,,,,,
1516,c844d02c91d5e6dc293de80085ad2f69b5c44bc46ec9fdaa4e3efbda062c871c,ransomware,TRUE_ENCRYPTION,DragonForce,cape,full,1,9.0,Scarab-Dharma,369,5794,-0.060363180177290046,5.0128352023755935,7.358188427641414,1185,369,1,1124,0,7,0.0027100271002710027,3.046070460704607,122,461,46,20,395,183,4,1,9,0,0,4,4,4,2,3,,0,,,0,0,1,7,0,0,0,0,0,0,4,4,5,5,-16.1,0,0,,,,,,,,
1517,62715d8a00ed60ebf4736d825628a2c0c6faaa3f9b567b393343f79caff1c965,ransomware,TRUE_ENCRYPTION,GLOBAL,cape,full,1,9.0,,474,164,0.876256133818925,4.859053232468933,5.087462841250338,454,474,16,170,0,37,0.03375527426160337,0.35864978902953587,34,148,56,13,79,170,1,1,9,1,1,0,5,4,2,4,,0,,,0,0,1,17,1,0,0,0,0,0,4,42,27,1,-13.2,0,0,,,,,,,,
1518,deea481121129d4779195e93fdc39ae62fecb168fd5a384d0ccf8082f06092e5,ransomware,TRUE_ENCRYPTION,INC,cape,full,1,8.0,,876,278,0.8525651225131143,4.886633519178524,5.028639311838574,379,876,5,135,0,9,0.005707762557077625,0.1541095890410959,21,65,28,4,33,162,4,1,7,5,3,4,5,3,2,5,,0,,,0,0,1,6,0,0,0,0,0,0,3,3,23,3,-45.8,0,0,,,,,,,,
1519,d9bed1a2f69d9c144006a97ee6eedaaa9cd94960a93d39aa2c7bc59e17527163,ransomware,NO_VICTIM_ACTIVITY,Makop,cape,full,0,9.0,,0,45,,5.075188806963106,7.228741418639588,18,0,0,0,0,6,,,0,11,0,0,11,1,0,0,0,0,0,0,0,0,0,0,,0,,,0,1,0,6,1,0,1,0,0,0,0,1,0,0,,3,2,0,,,,,,,
1520,15208030eda48b3786f7d85d756d2bd6596ef0f465d9c8509a8f02c53fad9a10,ransomware,NO_VICTIM_ACTIVITY,Medusa,cape,full,1,3.4000000000000004,,412,8,0.11739900902516427,,,174,412,0,0,0,167,0.0,0.0,0,286,0,137,149,150,5,0,7,1,0,0,0,0,2,2,,0,,,0,0,1,168,0,0,168,0,0,0,0,0,0,0,,160,1,0,,,,,,,
1521,31c3574456573c89d444478772597db40f075e25c67b8de39926d2faa63ca1d8,ransomware,FAILED,Qilin,cape,full,1,8.0,,1,0,,,,0,1,0,0,0,0,0.0,0.0,0,1,0,1,0,123,0,0,2,0,0,0,1,0,1,1,,561,5,4,0,0,1,0,0,0,0,0,0,0,0,0,0,0,,0,0,,,,,,,,
1522,3518195c256aa940c607f8534c91b5a9cd453c7417810de3cd4d262e2906d24f,ransomware,TRUE_ENCRYPTION,Rhysida,cape,full,1,10.0,Rhysida,1275,0,,,,951,1275,0,671,0,23,0.0,0.5262745098039215,52,342,4,125,213,135,2,1,0,0,0,0,0,0,2,1,,0,,,1,0,0,23,0,0,0,0,0,0,0,0,4,0,,5,1,0,0,,0,334.5,0,0,
1523,48877a3a4c72c1daf3a80e3c034b56a04cec7ce3856887fed73e645e53c76b96,ransomware,TRUE_ENCRYPTION,Trigona,cape,full,1,9.0,BasilisqueLocker,421,0,,,,887,421,5,302,0,39,0.011876484560570071,0.7173396674584323,39,190,73,22,95,132,0,0,7,0,0,0,0,2,0,0,,0,,,0,0,1,29,13,6,0,0,0,0,8,12,11,1,-2.6,6,2,2,1,4.1,307,562.3,4,1,0.003
1524,fe210ab25c1e0f651a93f0f4c5f64091e0e3d45ba80924d9c5dca8339dd3024b,ransomware,TRUE_ENCRYPTION,Akira,cape,full,1,10.0,Akira,814,4,-0.013289375029215691,3.219539785312086,3.219539785312086,1446,814,145,1,0,9,0.17813267813267813,0.0012285012285012285,2,250,5,48,197,155,0,0,7,1,0,4,0,1,2,2,,0,,,0,1,0,9,0,0,0,0,0,0,7,10,18,5,1.5,0,0,,,,,,,,
1525,117a057829cd9abb5fba20d3ab479fc92ed64c647fdc1b7cd4e0f44609d770ea,ransomware,FAILED,BianLian,cape,static_only,0,0.3,,,,,,,,,,,,,,,,,,,,0,0,0,0,0,0,0,0,0,0,0,boost,0,,,,,,,,,,,,,,,,,,,,,,,,,,,
1526,c4c8be0c939e4c24e11bad90549e3951b7969e78056d819425ca53e87af8d8ed,ransomware,NO_VICTIM_ACTIVITY,BlackBasta,cape,full,1,9.0,,2,0,,,,0,2,0,0,0,2,0.0,0.0,0,3,0,1,2,289,0,0,0,0,0,0,0,0,0,0,,0,,,0,0,1,2,2,0,0,0,0,0,0,0,2,0,,1,1,0,,,,,,,
1527,a20bdb925e1f673b30da71c943e9dd460ee68e23b44fe00c8a1b09609804f105,ransomware,TRUE_ENCRYPTION,Cactus,cape,full,1,9.0,Scarab-Dharma,302,0,,,,262,302,101,256,259,25,0.3344370860927152,0.847682119205298,60,161,9,14,138,134,2,2,7,0,0,0,5,1,2,2,boost;cryptopp,0,,,1,0,0,12,2,0,0,0,0,0,6,10,43,11,-22.7,2,1,1,1,1.5,357,471.4,1,1,0.326
1528,01f1e82d4c2b04a4652348fb18bb480396db2229c4fd22d2be1ea58e6bf4a570,ransomware,TRUE_ENCRYPTION,DragonForce,cape,full,1,9.0,Scarab-Dharma,357,5754,-0.08216916075084355,5.014803617683047,7.342181819118484,1196,357,1,1132,0,7,0.0028011204481792717,3.1708683473389354,117,463,44,21,398,183,4,1,9,0,0,4,4,4,2,3,,0,,,0,0,1,7,0,0,0,0,0,0,4,4,5,5,-18.2,0,0,,,,,,,,
1529,8ae4a61d7dff97b03be346edad80a6f9dbf91d00a505e100fe5a27070c809ab7,ransomware,TRUE_ENCRYPTION,GLOBAL,cape,full,1,9.0,,486,161,0.7128562330675434,4.875366616952465,5.087462841250338,626,486,44,190,5,16,0.09053497942386832,0.39094650205761317,36,186,66,20,100,170,1,1,9,1,1,0,5,4,2,4,,0,,,0,0,1,13,1,0,0,0,0,0,3,37,55,18,-18.3,0,0,,,,,,,,
1530,0a9a454966b1f7f50c9d79c67f4641165a733c35c2d65ef58c320c13424d0b9f,ransomware,NO_VICTIM_ACTIVITY,INC,cape,full,1,1.5,,7,0,,,,0,7,0,0,0,0,0.0,0.0,0,6,0,6,0,88,1,0,7,1,0,0,0,0,2,2,,0,,,1,0,0,0,0,0,0,0,0,0,0,0,0,0,,0,0,,,,,,,,
1531,008e4c327875110b96deef1dd8ef65cefa201fef60ca1cbb9ab51b5304e66fe1,ransomware,TRUE_ENCRYPTION,Makop,cape,full,1,9.0,,5016,40018,0.22853704110262008,5.236359737262085,7.353815710927494,4339,5016,2,4998,0,7,0.00039872408293460925,0.9964114832535885,57,188,38,13,137,114,7,1,6,1,3,0,4,0,0,4,,0,,,0,0,1,10,4,0,0,0,0,0,1,1,0,0,-291.6,3,1,2,1,5.3,5000,246.0,1,1,0.075
1532,c966ace15bece19a119231dfaa2494f14200647fc7cb225667fb22cbb41436fd,ransomware,TRUE_ENCRYPTION,Medusa,cape,full,1,9.0,MedusaLocker,1317,1796,0.8675275008379365,6.182959538870121,7.312862660443678,679,1317,9,578,0,19,0.00683371298405467,0.43887623386484437,41,428,292,69,67,197,9,1,9,5,0,4,1,1,2,4,,0,,,0,0,1,20,10,3,0,0,0,0,3,3,19,7,-24.2,4,2,0,0,,0,549.4,4,1,0.016
1533,56e1d092c07322d9dad7d85d773953573cc3294b9e428b3bbbaf935ca4d2f7e7,ransomware,FAILED,Qilin,cape,full,1,10.0,Cicada,0,0,,,,0,0,0,0,0,0,,,0,0,0,0,0,182,2,2,7,0,0,0,1,1,1,2,,0,,,1,0,0,0,0,0,0,0,0,0,0,0,0,0,,0,0,,,,,,,,
1534,b183b142d3c4e99ee07c3407b82858146fa61ded95be2e67ce920c8002309fb0,ransomware,TRUE_ENCRYPTION,Rhysida,cape,full,1,5.0,,931,0,,,,1008,931,0,2107,0,0,0.0,2.263157894736842,56,256,0,88,168,139,2,1,0,0,0,0,0,0,2,1,,0,,,1,0,0,0,0,0,0,0,0,0,0,0,0,0,,0,0,,,,,,,,
1535,0c23eff79c5d333e00b45e224656b6bf8f9e659dbd6761d926c09a0f301cdcc4,ransomware,TRUE_ENCRYPTION,Trigona,cape,full,1,9.0,BasilisqueLocker,1597,0,,,,1819,1597,0,4294,0,0,0.0,2.688791484032561,52,217,79,4,134,133,0,0,7,0,0,0,0,2,0,0,,0,,,0,0,1,0,0,0,0,0,0,0,0,0,0,0,,0,0,,,,,,,,
1536,636feebdc134785412571bf29231038768c81ddee60ddd15e7d928754011f898,ransomware,TRUE_ENCRYPTION,Akira,cape,full,1,10.0,Akira,757,0,,,,1579,757,146,1,0,8,0.1928665785997358,0.001321003963011889,2,243,2,45,196,155,0,0,7,1,0,4,0,1,2,2,,0,,,0,0,1,9,0,0,0,0,0,0,7,11,29,8,3.7,0,0,,,,,,,,
1537,f12e00c1f9ee0e3ad6389f1f74bf4acc7c91a54948a4637b037357108f81133c,ransomware,TRUE_ENCRYPTION,Akira,cape,full,1,10.0,Akira,761,4,-0.00881006692008352,3.219539785312086,3.219539785312086,1198,761,193,1,0,8,0.2536136662286465,0.001314060446780552,2,212,3,28,181,155,0,0,7,1,0,4,0,1,2,2,,0,,,0,1,0,8,0,0,0,0,0,0,4,6,41,16,2.8,0,0,,,,,,,,
1538,1fd07b8d1728e416f897bef4f1471126f9b18ef108eb952f4b75050da22e8e43,ransomware,FAILED,BianLian,cape,full,1,8.0,,1,0,,,,0,1,0,0,0,0,0.0,0.0,0,1,0,1,0,39,0,0,2,0,0,0,0,0,1,0,boost,0,,,0,0,1,0,0,0,0,0,0,0,0,0,0,0,,0,0,,,,,,,,
1539,350ba7fca67721c74385faff083914ecdd66ef107a765dfb7ac08b38d5c9c0bd,ransomware,NO_VICTIM_ACTIVITY,BlackBasta,cape,full,1,9.0,,2,0,,,,0,2,0,0,0,2,0.0,0.0,0,3,0,1,2,147,0,0,5,0,0,0,0,0,2,0,,0,,,0,0,1,2,2,0,0,0,0,0,0,0,2,0,,1,1,0,,,,,,,
1540,30430bcfeee8141ba1dba3983c9a8d89f3c1acf5b8efd0d97f23d4a122c0787a,ransomware,TRUE_ENCRYPTION,Akira,cape,full,1,10.0,Akira,798,4,-0.01026769494229815,3.219539785312086,3.219539785312086,1511,798,198,1,0,8,0.24812030075187969,0.0012531328320802004,2,262,7,45,210,155,0,0,7,1,0,4,0,1,2,2,,0,,,0,1,0,9,0,0,0,0,0,0,6,7,40,8,2.4,0,0,,,,,,,,
1541,198dfcbc76525d6b18a504fbb45d715876dddb9c7a70e2857cfc8a9cd41b3308,ransomware,TRUE_ENCRYPTION,Akira,cape,full,1,10.0,Akira,756,0,,,,1182,756,224,1,0,5,0.2962962962962963,0.0013227513227513227,2,221,4,30,187,155,0,0,7,1,0,4,0,1,2,2,,0,,,0,0,1,6,0,0,0,0,0,0,5,7,19,5,2.8,0,0,,,,,,,,
1542,af46356eb70f0fbb0799f8a8d5c0f7513d2f6ade4f16d4869f2690029b511d4f,ransomware,TRUE_ENCRYPTION,BianLian,cape,full,1,8.0,,224,0,,,,90,224,0,1149,0,0,0.0,5.129464285714286,29,285,8,44,233,39,0,0,2,0,0,0,0,0,1,0,boost,0,,,0,0,1,0,0,0,0,0,0,0,0,0,0,0,,0,0,,,,,,,,
1543,e3f059eff2a2fd62f9161663ff2d39580d56aba17d85e8f16908381bb84d0842,ransomware,TRUE_ENCRYPTION,Akira,cape,full,1,10.0,Akira,569,458,0.19319851315713996,6.242500342135973,6.476157391559539,1219,569,136,0,0,18,0.2390158172231986,0.0,3,234,4,46,184,155,0,0,7,1,0,4,0,1,2,2,,0,,,0,1,0,10,1,0,0,0,0,0,7,8,29,8,37.1,0,0,,,,,,,,
1544,ae61d655793f94da0c082ce2a60f024373adf55380f78173956c5174edb43d49,ransomware,TRUE_ENCRYPTION,BianLian,cape,full,1,8.0,,652,0,,,,195,652,0,942,0,0,0.0,1.4447852760736197,22,284,31,69,184,39,0,0,2,0,0,0,0,0,1,0,boost,0,,,0,0,1,0,0,0,0,0,0,0,0,0,0,0,,0,0,,,,,,,,
1545,aa7ef4bb8d0eab74af36162fe42056008d7e19e62ff1b50b870e72140a7b5bd2,ransomware,FAILED,BlackBasta,cape,static_only,0,0.3,,,,,,,,,,,,,,,,,,,,0,0,0,0,0,0,0,0,0,0,0,,0,,,,,,,,,,,,,,,,,,,,,,,,,,,
1546,d2100ffe58eb50c05d97a3da738ccd1f0be9672c057c26a10140af80595b78c3,ransomware,TRUE_ENCRYPTION,Cactus,cape,full,1,9.0,Scarab-Dharma,301,0,,,,263,301,101,218,264,22,0.33554817275747506,0.7242524916943521,58,164,9,13,142,134,2,2,7,0,0,0,5,1,2,2,boost;cryptopp,0,,,1,0,0,12,2,0,0,0,0,0,4,5,43,11,-26.5,2,1,1,1,2.7,319,470.7,1,1,0.381
1547,d4de7d7990114c51056afeedb827d880549d5761aac6bdef0f14cb17c25103b3,ransomware,TRUE_ENCRYPTION,DragonForce,cape,full,1,9.0,Scarab-Dharma,530,4269,-0.059520582084266936,5.0114547005306775,7.325023486252066,864,530,1,741,0,7,0.0018867924528301887,1.3981132075471698,103,438,51,49,338,126,0,0,8,0,0,0,4,4,2,1,,59,0,0,0,1,0,5,0,0,0,0,0,1,5,6,5,5,-14.5,0,0,,,,,,,,
1548,1582320a0c27d70bde7a97cbe53682dab83efc95124f5e2449bd066960c7e5b9,ransomware,TRUE_ENCRYPTION,GLOBAL,cape,full,1,9.0,,520,166,0.7662427422257576,4.868704759947209,5.087462841250338,925,520,16,177,0,12,0.03076923076923077,0.3403846153846154,34,205,61,25,119,170,1,1,9,1,1,0,5,4,2,4,,0,,,0,0,1,10,1,0,0,0,0,0,4,38,33,7,-14.7,0,0,,,,,,,,
1549,c3d8c86844d7bb86dea31bcb0510542fb59bc3bc67a4e3df59f72da5c8509f54,ransomware,TRUE_ENCRYPTION,INC,cape,full,1,9.0,INC,702,0,,,,298,702,0,153,0,0,0.0,0.21794871794871795,26,46,45,1,0,209,2,2,8,1,0,4,4,4,1,4,,0,,,1,0,0,0,0,0,0,0,0,0,0,0,0,0,,0,0,,,,,,,,
1550,3757824893405fd34313749b689879b40b02db3d8a682f9f88e23f63908881f7,ransomware,FAILED,Makop,cape,full,1,3.3,,0,73,,2.617765710913715,6.329038200436213,0,0,0,0,0,1,,,0,1,0,0,1,82,7,1,6,1,3,0,4,0,0,4,,0,,,0,0,1,1,0,0,0,0,0,0,0,0,1,0,,0,0,,,,,,,,
1551,84cc889ff7286bccfe7d76a92565a8c1404cfee4fd6cfb22139ddaa5c11d9508,ransomware,TRUE_ENCRYPTION,Medusa,cape,full,1,9.0,MedusaLocker,515,757,0.9118074441997489,6.194805812993977,7.312838269538145,401,515,10,237,0,44,0.019417475728155338,0.4601941747572815,23,245,61,59,125,197,9,1,9,5,0,4,1,1,2,4,,0,,,0,0,1,25,10,3,0,0,0,0,4,8,29,8,-23.7,4,2,0,0,,0,548.1,4,1,0.019
1552,5b3a0b1b89ca463f56984cf67ea1719f1ddee770d1e14438e3fcf9b5301f2c83,ransomware,TRUE_ENCRYPTION,Rhysida,cape,full,1,5.0,,1015,0,,,,1073,1015,0,2196,0,0,0.0,2.163546798029557,53,271,0,95,176,139,2,1,0,0,0,0,0,0,2,1,,0,,,1,0,0,0,0,0,0,0,0,0,0,0,0,0,,0,0,,,,,,,,
1553,648a2523aa0392033a003d9d9d8e13c67124447b99aedfb319f6644cb59b9d64,ransomware,TRUE_ENCRYPTION,Trigona,cape,full,0,9.0,BasilisqueLocker,679,0,,,,1677,679,0,4346,0,0,0.0,6.40058910162003,51,194,60,3,131,13,0,0,0,0,0,0,0,0,0,0,,133,0,0,0,0,1,0,0,0,0,0,0,0,0,0,0,0,,0,0,,,,,,,,
1554,86b421d47957716217c6aa646402f2a85fb7b1cc2eb988e22102d5a2b2af38d4,ransomware,TRUE_ENCRYPTION,Akira,cape,full,1,10.0,Akira,647,467,0.43535983808609374,6.2820507190064925,6.476157391559539,1284,647,189,1,0,21,0.2921174652241113,0.0015455950540958269,4,245,2,43,200,155,0,0,7,1,0,4,0,1,2,2,,0,,,0,1,0,11,1,0,0,0,0,0,6,12,42,8,-44.9,0,0,,,,,,,,
1555,3be5aab4031263529fe019d4db19c0c6d3eb448e0250e0cb5a7ab2324eb2224d,ransomware,TRUE_ENCRYPTION,BianLian,cape,full,1,8.0,,354,0,,,,367,354,0,902,0,0,0.0,2.5480225988700567,19,254,4,56,194,39,0,0,2,0,0,0,0,0,1,0,boost,0,,,0,0,1,0,0,0,0,0,0,0,0,0,0,0,,0,0,,,,,,,,
1556,d943a4aabd76582218fd1a9a0a77b2f6a6715b198f9994f0feae6f249b40fdf9,ransomware,FAILED,BlackBasta,cape,static_only,1,0.8,,,,,,,,,,,,,,,,,,,,120,0,0,7,3,0,0,0,0,2,1,,0,,,,,,,,,,,,,,,,,,,,,,,,,,,
1557,312ca1a8e35dcf5b80b1526948bd1081fed2293b31d061635e9f048f3fe5eb83,ransomware,TRUE_ENCRYPTION,DragonForce,cape,full,1,5.5,,493,680,0.39662715187576364,5.015120302509191,7.287526851390141,130,493,0,119,0,4,0.0,0.2413793103448276,22,88,56,23,9,126,0,0,8,0,0,0,4,4,2,1,,0,,,0,1,0,2,0,0,0,0,0,1,5,5,5,5,-13.3,0,0,,,,,,,,
1558,8d49e40a0d85cb05aeaa152977bcd5e34e9219e3cf4b1a25e1e968888616aadb,ransomware,TRUE_ENCRYPTION,GLOBAL,cape,full,1,9.0,,520,163,0.7990208916896098,4.869080063316957,5.058813890331199,597,520,26,165,5,14,0.05,0.3173076923076923,36,158,55,23,80,170,1,1,9,1,1,0,5,4,2,4,,0,,,0,0,1,12,1,0,0,0,0,0,3,37,37,15,-12.9,0,0,,,,,,,,
1559,f71fc818362b1465fc1deb361de36badc73ac4dd9e815153c9022f82c4062787,ransomware,TRUE_ENCRYPTION,INC,cape,full,1,9.0,,296,64,0.832731322566872,4.882548986319822,5.0,165,296,14,25,5,6,0.0472972972972973,0.08445945945945946,9,59,10,12,37,162,4,1,7,5,3,4,5,3,2,5,,0,,,0,0,1,7,0,0,0,0,0,0,2,2,44,11,-52.4,0,0,,,,,,,,
1560,56f7b48f3877743c44aef0f3e990b3387dd6185f1c40a7477f5b6bad64960659,ransomware,FAILED,Makop,cape,full,1,1.3,,0,76,,2.336581057344407,6.315887452755982,0,0,0,0,0,1,,,0,1,0,0,1,97,7,1,6,1,3,0,4,0,0,4,,0,,,0,0,1,1,0,0,0,0,0,0,0,0,0,0,,0,0,,,,,,,,
1561,3a6d5694eec724726efa3327a50fad3efdc623c08d647b51e51cd578bddda3da,ransomware,NO_VICTIM_ACTIVITY,Medusa,cape,full,1,3.4000000000000004,,435,8,0.11363651143896888,,,188,435,0,0,0,178,0.0,0.0,0,298,0,144,154,150,5,0,7,1,0,0,0,0,2,2,,0,,,0,0,1,179,0,0,179,0,0,0,0,0,0,0,,168,1,0,,,,,,,
1562,f06b905626d742ec5a1eab8027d9097b74fd0413a901d0599eac8555d1f89e50,ransomware,TRUE_ENCRYPTION,Rhysida,cape,full,1,10.0,Rhysida,193,0,,,,58,193,0,140,0,0,0.0,0.7253886010362695,14,83,1,12,70,135,2,1,0,0,0,0,0,0,2,1,,0,,,1,0,0,0,0,0,0,0,0,0,0,0,0,0,,0,0,,,,,,,,
1563,a53ef8240fc2260ea62ef6a426c04e6333d96517d4d2f91492ab6de81a9eeee6,ransomware,TRUE_ENCRYPTION,Trigona,cape,full,1,9.0,BasilisqueLocker,1296,0,,,,1617,1296,0,4343,0,0,0.0,3.3510802469135803,47,221,68,5,148,133,0,0,7,0,0,0,0,2,0,0,,0,,,0,0,1,0,0,0,0,0,0,0,0,0,0,0,,0,0,,,,,,,,
1564,dd6846820cc36b396809f63b3dc9ffb90be3b9e270f77c2fbeda0b04870a1a1d,ransomware,TRUE_ENCRYPTION,Akira,cape,full,1,10.0,Akira,742,444,0.2666018977822433,6.272698587859322,6.476157391559539,1564,742,189,1,0,7,0.25471698113207547,0.0013477088948787063,4,272,5,45,222,155,0,0,7,1,0,4,0,1,2,2,,0,,,0,1,0,8,1,0,0,0,0,0,6,6,30,5,-6.0,0,0,,,,,,,,
1565,3a2f6e614ff030804aa18cb03fcc3bc357f6226786efb4a734cbe2a3a1984b6f,ransomware,TRUE_ENCRYPTION,BianLian,cape,full,1,8.0,,503,0,,,,105,503,0,914,0,0,0.0,1.8170974155069584,21,238,14,56,168,39,0,0,2,0,0,0,0,0,1,0,boost,0,,,0,0,1,0,0,0,0,0,0,0,0,0,0,0,,0,0,,,,,,,,
1566,cce74c82a718be7484abf7c51011793f2717cfb2068c92aa35416a93cbd13cfa,ransomware,TRUE_ENCRYPTION,BlackBasta,cape,full,1,9.0,BlackBasta,230,0,,,,315,230,0,518,0,9,0.0,2.252173913043478,60,246,0,20,226,120,0,0,7,3,0,0,0,0,2,1,,0,,,0,0,1,7,3,0,0,0,0,0,2,3,7,0,-362.9,1,1,1,1,49.5,518,574.6,0,1,
1567,40dbcc2249f5c32ff8aaa62dfa0b9e6df34c2bdd0fbc1348fca4a0f014995756,ransomware,TRUE_ENCRYPTION,GLOBAL,cape,full,1,9.0,,469,160,0.9296669598806749,4.865837397749827,5.028639311838574,580,469,16,165,0,12,0.03411513859275053,0.35181236673773986,33,127,24,31,72,170,1,1,9,1,1,0,5,4,2,4,,0,,,0,0,1,9,1,0,0,0,0,0,3,37,32,7,-14.3,0,0,,,,,,,,
1568,80908a51e403efd47b1d3689c3fb9447d3fb962d691d856b8b97581eefc0c441,ransomware,TRUE_ENCRYPTION,INC,cape,full,1,9.0,,650,198,0.8298177141002387,4.875385595808005,5.044394119358456,323,650,5,75,0,38,0.007692307692307693,0.11538461538461539,12,80,20,5,55,162,4,1,7,5,3,4,5,3,2,5,,0,,,0,0,1,13,0,0,0,0,0,0,3,8,13,0,-59.3,0,0,,,,,,,,
1569,084c57449c765416706301c723116da5073aa60da415c0eb3013239611135b0e,ransomware,TRUE_ENCRYPTION,Makop,cape,full,1,9.0,,5003,36186,0.18120856855257653,5.028233224309309,7.353683401249793,5295,5003,2,4997,0,18,0.0003997601439136518,0.998800719568259,57,219,42,13,164,132,7,1,6,1,3,0,4,0,0,4,,0,,,0,0,1,17,4,0,0,0,0,0,2,2,17,3,-302.4,3,1,2,1,5.4,4999,274.7,1,1,0.072
1570,6b807f9f7c8f24f436b0bab25cb38583bf4c051ea779fcdbb215af8a9a7f64de,ransomware,NO_VICTIM_ACTIVITY,Medusa,cape,full,1,3.4000000000000004,,435,8,0.11476619331414643,,,196,435,0,0,0,181,0.0,0.0,0,296,0,149,147,150,5,0,7,1,0,0,0,0,2,2,,0,,,0,0,1,182,0,0,182,0,0,0,0,0,0,0,,166,1,0,,,,,,,
1571,a0d4d52885b654cbfeefd194359936072133519c2bc7e8f68b7b668e59c67b94,ransomware,TRUE_ENCRYPTION,Rhysida,cape,full,1,10.0,Rhysida,959,0,,,,1127,959,0,2027,0,0,0.0,2.113660062565172,55,253,1,89,163,135,2,1,0,0,0,0,0,0,2,1,,0,,,1,0,0,0,0,0,0,0,0,0,0,0,0,0,,0,0,,,,,,,,
1572,da23f2f8f56b914c11beb31d1e3b4d663abf4ecb750554475fab11bf5d0a66b3,ransomware,TRUE_ENCRYPTION,Trigona,cape,full,1,9.0,BasilisqueLocker,945,0,,,,1540,945,0,4331,0,0,0.0,4.583068783068783,49,219,47,4,168,133,0,0,7,0,0,0,0,2,0,0,,0,,,0,0,1,0,0,0,0,0,0,0,0,0,0,0,,0,0,,,,,,,,
1573,b9c1e8700e39c6768be9d6bcb092cd6abe80d4244fc437566b58721cdc7d61ff,ransomware,TRUE_ENCRYPTION,Akira,cape,full,1,10.0,Akira,811,0,,,,1257,811,201,1,0,18,0.24784217016029594,0.0012330456226880395,2,220,4,27,189,154,0,0,7,1,0,4,0,1,2,2,,0,,,0,0,1,9,0,0,0,0,0,0,6,12,21,5,3.1,0,0,,,,,,,,
1574,a201e2d6851386b10e20fbd6464e861dea75a802451954ebe66502c2301ea0ed,ransomware,TRUE_ENCRYPTION,BianLian,cape,full,1,8.0,,510,0,,,,136,510,0,1405,0,0,0.0,2.7549019607843137,67,344,18,56,270,39,0,0,2,0,0,0,0,0,1,0,boost,0,,,0,0,1,0,0,0,0,0,0,0,0,0,0,0,,0,0,,,,,,,,
1575,c532d28f9700abba1a4803c3a9d886c8c4fb26f84cf2399c533d68cfdcec4fa7,ransomware,TRUE_ENCRYPTION,BlackBasta,cape,full,1,9.0,BlackBasta,406,0,,,,341,406,17,577,0,18,0.04187192118226601,1.4211822660098523,67,274,0,38,236,77,1,0,5,0,0,0,0,0,2,1,,0,,,1,0,0,13,3,0,0,0,0,0,3,3,6,0,-335.2,1,1,1,1,66.4,594,591.2,0,1,
1576,a950a8fdd0d8f7f6e86bd475c3f71381ef4536539e7c50e2aeb6304ae56570e7,ransomware,TRUE_ENCRYPTION,GLOBAL,cape,full,1,9.0,,466,165,0.8796122198007362,4.864471814134603,5.087462841250338,603,466,30,186,0,13,0.06437768240343347,0.39914163090128757,32,158,62,11,85,170,1,1,9,1,1,0,5,4,2,4,,0,,,0,0,1,10,1,0,0,0,0,0,3,37,32,7,-18.8,0,0,,,,,,,,
1577,02472036db9ec498ae565b344f099263f3218ecb785282150e8565d5cac92461,ransomware,TRUE_ENCRYPTION,INC,cape,full,1,9.0,INC,816,104,0.7793075808063986,4.865889556127976,5.0,248,816,14,97,5,7,0.01715686274509804,0.11887254901960784,16,78,25,13,40,162,3,1,6,5,3,0,5,3,2,4,,0,,,0,0,1,7,0,0,0,0,0,0,2,2,33,8,-25.0,0,0,,,,,,,,
1578,13c788ccaa70bca1746a8e35a2d9fda5a85b7a225703801baf927b02701886f3,ransomware,FAILED,Makop,cape,full,1,1.3,,0,76,,2.3346080071884914,6.266561198858094,0,0,0,0,0,1,,,0,1,0,0,1,97,7,1,6,1,3,0,4,0,0,4,,0,,,0,0,1,1,0,0,0,0,0,0,0,0,0,0,,0,0,,,,,,,,
1579,91a3b832564a9b29685b393c8bda9925a7da87fd3958625980da06f80f76109d,ransomware,NO_VICTIM_ACTIVITY,Medusa,cape,full,1,3.4000000000000004,,437,8,0.11444818305759721,,,184,437,0,0,0,178,0.0,0.0,0,298,0,148,150,150,5,0,7,1,0,0,0,0,2,2,,0,,,0,0,1,179,0,0,179,0,0,0,0,0,0,0,,171,1,0,,,,,,,
1580,3c3db3c02a4d04dcafdc71adb8779b787d31142ffeb9ae0e638f979594897cbf,ransomware,TRUE_ENCRYPTION,Rhysida,cape,full,1,10.0,Rhysida,1057,0,,,,1092,1057,0,2207,0,0,0.0,2.0879848628193,55,249,0,92,157,135,2,1,0,0,0,0,0,0,2,1,,0,,,1,0,0,0,0,0,0,0,0,0,0,0,0,0,,0,0,,,,,,,,
1581,51f60098e30ba803c3f3779273ec2b2b227d366af4187625975115efa5a7e6a7,ransomware,TRUE_ENCRYPTION,Trigona,cape,full,1,8.0,,580,0,,,,1590,580,0,4196,0,0,0.0,7.23448275862069,59,123,14,5,104,142,0,0,7,0,0,0,0,2,0,0,,0,,,0,0,1,0,0,0,0,0,0,0,0,0,0,0,,0,0,,,,,,,,
1582,20c8003ce867f220f35d70424592dd33c5ad53d5d3a6e7845394375bda6f3c19,ransomware,TRUE_ENCRYPTION,Akira,cape,full,1,10.0,Akira,641,9,-0.13483166330642643,3.219539785312086,3.219539785312086,1288,641,97,0,0,7,0.15132605304212168,0.0,1,161,2,36,123,154,0,0,7,1,0,4,0,1,2,2,,0,,,0,1,0,10,0,0,0,0,0,0,4,4,24,5,3.8,0,0,,,,,,,,
1583,c775e6d87a3bcc5e94cd055fee859bdb6350af033114fe8588d2d4d4f6d2a3ae,ransomware,FAILED,BianLian,cape,full,1,6.0,,0,0,,,,0,0,0,0,0,0,,,0,0,0,0,0,45,0,0,2,0,0,0,0,0,1,0,boost,0,,,0,0,1,0,0,0,0,0,0,1,0,0,4,0,,0,0,,,,,,,,
1584,affcb453760dbc48b39f8d4defbcc4fc65d00df6fae395ee27f031c1833abada,ransomware,TRUE_ENCRYPTION,BlackBasta,cape,full,1,9.0,BlackBasta,385,0,,,,350,385,18,587,0,13,0.046753246753246755,1.5246753246753246,70,286,4,33,249,141,0,0,8,3,0,0,0,0,2,1,,0,,,0,0,1,13,3,0,0,0,0,0,2,2,9,0,-328.4,1,1,1,1,57.3,605,574.7,0,1,
1585,a0d8032ea8d64e4a7bb6ff292b236955d8239c5826fdcc76b32dbf96cb824acc,ransomware,TRUE_ENCRYPTION,GLOBAL,cape,full,1,9.0,,525,170,0.794911793187457,4.85938257298183,5.087462841250338,607,525,48,192,5,14,0.09142857142857143,0.3657142857142857,36,162,55,18,89,170,1,1,9,1,1,0,5,4,2,4,,0,,,0,0,1,12,1,0,0,0,0,0,3,37,41,15,-19.1,0,0,,,,,,,,
1586,36e3c83e50a19ad1048dab7814f3922631990578aab0790401bc67dbcc90a72e,ransomware,TRUE_ENCRYPTION,INC,cape,full,1,9.0,INC,646,127,0.6670748008755794,4.8724308694802625,5.0,228,646,5,129,0,31,0.007739938080495356,0.1996904024767802,22,73,29,4,40,162,3,1,6,5,3,0,5,3,2,4,,0,,,0,0,1,10,0,0,0,0,0,0,3,6,8,0,-12.9,0,0,,,,,,,,
1587,dc4bb89a5e91280cb1fcf1d87f8616fe3cc283159c8babb240b437d2e1e5a309,ransomware,FAILED,Makop,cape,full,1,1.3,,0,73,,2.6416824831274277,6.322666012882127,0,0,0,0,0,1,,,0,1,0,0,1,81,7,1,6,1,3,0,4,0,0,4,,0,,,0,0,1,1,0,0,0,0,0,0,0,0,0,0,,0,0,,,,,,,,
1588,4d4df87cf8d8551d836f67fbde4337863bac3ff6b5cb324675054ea023b12ab6,ransomware,NO_VICTIM_ACTIVITY,Medusa,cape,full,1,8.0,,495,233,-0.022750569866730155,6.170594905027577,6.376825800964972,350,495,2,0,0,168,0.00404040404040404,0.0,2,311,0,156,155,150,5,0,7,1,0,0,0,0,2,2,,0,,,0,0,1,170,0,0,165,0,0,0,4,4,4,0,-24.7,151,1,0,0,,0,0.1,0,0,
1589,9097ab2b2b71f3ea0cf8c9271224b6227e9aa2545ae23d4621f122bdb99c77b8,ransomware,TRUE_ENCRYPTION,Rhysida,cape,full,1,10.0,Rhysida,4318,0,,,,1516,4318,0,870,0,0,0.0,0.2014821676702177,67,385,3,143,239,137,2,1,0,0,0,0,0,0,2,1,boost,0,,,1,0,0,0,0,0,0,0,0,0,0,0,0,0,,0,0,,,,,,,,
1590,55654807b9af7ebca5e3714d950fe07c017f92ad696f57467554249e90c83fdb,ransomware,TRUE_ENCRYPTION,Trigona,cape,full,1,8.0,,704,0,,,,1695,704,0,4225,0,0,0.0,6.001420454545454,61,120,18,5,97,142,0,0,7,0,0,0,0,2,0,0,,0,,,0,0,1,0,0,0,0,0,0,0,0,0,0,0,,0,0,,,,,,,,
1591,0358e06e72e92d95dbaff4f113018f6bf6fd0fb064108adc349b80d016b207eb,ransomware,TRUE_ENCRYPTION,Akira,cape,full,1,10.0,Akira,837,0,,,,1488,837,201,1,0,7,0.24014336917562723,0.0011947431302270011,2,254,7,46,201,155,0,0,7,1,0,4,0,1,2,2,,0,,,0,0,1,8,0,0,0,0,0,0,6,8,43,8,2.7,0,0,,,,,,,,
1592,73d095abf2f31358c8b1fb0d5a0dc9807e88d44282c896b5033c1b270d44111f,ransomware,NO_VICTIM_ACTIVITY,BianLian,cape,full,1,6.0,,5,0,,,,0,5,2,0,0,5,0.4,0.0,1,10,0,3,7,40,0,0,2,0,0,0,0,0,1,0,boost,0,,,0,0,1,5,0,0,0,0,0,1,1,1,4,0,-29.2,1,1,1,1,2.0,2,0.3,0,1,
1593,39e8cc7d47b69341908afda35046dbcccf118271918e69c4012dd35923b55c9f,ransomware,TRUE_ENCRYPTION,Akira,cape,full,1,10.0,Akira,687,4,-0.00997586632642614,3.219539785312086,3.219539785312086,1498,687,208,1,0,7,0.3027656477438137,0.001455604075691412,2,266,4,42,220,154,0,0,7,1,0,4,0,1,2,2,,0,,,0,1,0,8,0,0,0,0,0,0,6,7,25,5,2.9,0,0,,,,,,,,
1594,a091fb15074d114bcc16a3575c6053535356c3e8576e50e147b7cf3876d33267,ransomware,TRUE_ENCRYPTION,Akira,cape,full,1,10.0,Akira,734,467,0.06277140338287095,6.27796908635343,6.476157391559539,1216,734,189,1,0,6,0.2574931880108992,0.0013623978201634877,4,223,4,39,180,154,0,0,7,1,0,4,0,1,2,2,,0,,,0,1,0,7,1,0,0,0,0,0,5,6,23,5,16.8,0,0,,,,,,,,
1595,2ed448721f4e92c7970972f029290ee6269689c840a922982ac2f39c9a6a838f,ransomware,NO_VICTIM_ACTIVITY,BianLian,cape,full,1,6.0,,3,0,,,,0,3,2,0,0,5,0.6666666666666666,0.0,1,9,0,3,6,40,0,0,2,0,0,0,0,0,1,0,boost,0,,,0,0,1,5,0,0,0,0,0,1,1,1,4,0,-28.9,1,1,1,1,4.1,2,0.5,0,1,
1596,c4a2ab36c207f3e437ea3c7b424c18521d3ada91ef771a3d04fbd2db99f18857,ransomware,TRUE_ENCRYPTION,Akira,cape,full,1,10.0,Akira,691,4,-0.0067225618363841305,3.219539785312086,3.219539785312086,1174,691,202,1,0,18,0.29232995658465993,0.001447178002894356,2,217,3,28,186,154,0,0,7,1,0,4,0,1,2,2,,0,,,0,1,0,10,0,0,0,0,0,0,6,10,23,5,3.1,0,0,,,,,,,,
1597,74fbb7885ee486028fe2723f95911474b771f361b2b40ddb77c46f252059c696,ransomware,TRUE_ENCRYPTION,Akira,cape,full,1,10.0,Akira,1128,0,,,,1201,1128,220,1,0,12,0.1950354609929078,0.0008865248226950354,2,204,3,26,175,154,0,0,7,1,0,4,0,1,2,2,,0,,,0,0,1,9,0,0,0,0,0,0,5,7,45,6,2.4,0,0,,,,,,,,
1598,597c492a5af56d935d360fcfd2c1e89928dde492c86975f2c5cc33ec90b042ce,ransomware,NO_VICTIM_ACTIVITY,BianLian,cape,full,1,0.3,,10,0,,,,0,10,0,0,0,0,0.0,0.0,0,10,0,10,0,40,0,0,2,0,0,0,0,0,1,0,boost,0,,,0,0,1,0,0,0,0,0,0,0,0,0,0,0,,0,0,,,,,,,,
1599,a9503a3d998e705c37d3bec7fea0ff188bcf7e753833c8b4b195e590c4ed9625,ransomware,FAILED,BlackBasta,cape,full,0,1.2,,0,0,,,,0,0,0,0,0,0,,,0,0,0,0,0,7,1,0,0,0,0,0,0,0,0,1,,76,0,0,1,0,0,0,0,0,0,0,0,0,0,0,0,0,,0,0,,,,,,,,
1600,a5806174261004a0b8b5c0be808a77e5f25b867a4c522813035c2b0dc05d90a2,ransomware,TRUE_ENCRYPTION,Akira,cape,full,1,10.0,Akira,778,0,,,,1230,778,28,2,5,6,0.03598971722365039,0.002570694087403599,4,91,5,35,51,154,0,0,7,1,0,4,0,1,2,2,,0,,,0,0,1,7,0,0,0,0,0,0,4,4,40,16,3.1,0,0,,,,,,,,
1601,46d340eaf6b78207e24b6011422f1a5b4a566e493d72365c6a1cace11c36b28b,ransomware,TRUE_ENCRYPTION,BianLian,cape,full,1,8.0,,2,0,,,,0,2,0,0,0,0,0.0,0.0,0,1,0,1,0,39,0,0,2,0,0,0,0,0,1,0,boost,0,,,0,0,1,0,0,0,0,0,0,0,0,0,0,0,,0,0,,,,,,,,
1602,3720cafdd914d70d5fccf8d61593a66b5bdc400432e687c92e66eb3b5e8a9d9e,ransomware,TRUE_ENCRYPTION,Akira,cape,full,1,10.0,Akira,752,0,,,,1194,752,55,0,0,5,0.07313829787234043,0.0,1,108,2,38,68,154,0,0,7,1,0,4,0,1,2,2,,0,,,0,0,1,7,0,0,0,0,0,0,5,5,13,5,3.3,0,0,,,,,,,,
1603,15abbff9fbce7f5782c1654775938dcd2ce0a8ebd683a008547f8a4e421888c4,ransomware,TRUE_ENCRYPTION,BlackBasta,cape,full,1,9.0,BlackBasta,353,0,,,,381,353,19,397,0,18,0.053824362606232294,1.1246458923512748,41,213,1,22,190,141,0,0,8,3,0,0,0,0,2,1,,0,,,0,0,1,14,3,0,0,0,0,0,3,3,10,0,-305.6,1,1,1,1,40.7,416,555.0,0,1,
1604,f11b60b273e2606e91832edbb014ad229563f5c537ddab11dba80018c11364dd,ransomware,TRUE_ENCRYPTION,Akira,cape,full,1,10.0,Akira,667,481,0.24275522447734735,6.284865820450802,6.476157391559539,1221,667,194,1,0,8,0.2908545727136432,0.0014992503748125937,4,242,2,51,189,154,0,0,7,1,0,4,0,1,2,2,,0,,,0,1,0,9,1,0,0,0,0,0,6,7,38,8,-49.8,0,0,,,,,,,,
1605,a083060d38984e7c6f36dcd2c57ec1aa3f50f9c201c8538257c8cbf2b3217e96,ransomware,TRUE_ENCRYPTION,BlackBasta,cape,full,1,9.0,BlackBasta,371,0,,,,397,371,8,96,0,16,0.0215633423180593,0.2587601078167116,19,124,3,36,85,150,0,0,8,3,0,0,0,0,2,1,,0,,,0,0,1,13,3,0,0,0,0,0,3,3,7,0,-124.0,1,1,1,1,20.7,104,503.6,0,1,
1606,90e6104462a969029a7c5b023ce811ef0c3ff93eb6bc72b0a0bf9e1baa722795,ransomware,TRUE_ENCRYPTION,GLOBAL,cape,full,1,9.0,,431,160,0.8288115766011621,4.858048310678735,5.087462841250338,464,431,25,177,0,38,0.058004640371229696,0.41067285382830626,34,149,54,10,85,170,1,1,9,1,1,0,5,4,2,4,,0,,,0,0,1,17,1,0,0,0,0,0,4,40,22,1,-12.8,0,0,,,,,,,,
1607,11cfd8e84704194ff9c56780858e9bbb9e82ff1b958149d74c43969d06ea10bd,ransomware,TRUE_ENCRYPTION,INC,cape,full,1,9.0,,139,22,0.6562573232556435,4.792697326562543,5.0,126,139,14,15,5,8,0.10071942446043165,0.1079136690647482,6,61,7,9,45,135,3,1,6,5,3,0,0,0,2,3,,0,,,0,0,1,9,0,0,0,0,0,0,2,2,35,11,-51.9,0,0,,,,,,,,
1608,e10cae894e8873c72ae9e5f3590e2f78f6cc2dcfe01e1a5039c8b6532bfab5f8,ransomware,TRUE_ENCRYPTION,Akira,cape,full,1,10.0,Akira,813,0,,,,1477,813,193,1,0,8,0.23739237392373924,0.0012300123001230013,2,246,3,37,206,154,0,0,7,1,0,4,0,1,2,2,,0,,,0,0,1,9,0,0,0,0,0,0,7,9,22,10,2.8,0,0,,,,,,,,
1609,03309c90e6c60a2e3cd44374efa3003ae10cd9e05ba6a39c77aa5289b32cb969,ransomware,TRUE_ENCRYPTION,BlackBasta,cape,full,1,9.0,BlackBasta,288,0,,,,414,288,3,95,0,8,0.010416666666666666,0.3298611111111111,16,128,0,40,88,150,0,0,8,3,0,0,0,0,2,1,,0,,,0,0,1,7,3,0,0,0,0,0,2,3,8,0,-122.6,1,1,1,1,81.4,98,457.5,0,1,
1610,d07b379369e9faea0fed406b9b37652b2fc6453044ab17c1e2189cf61640ab90,ransomware,TRUE_ENCRYPTION,Akira,cape,full,1,10.0,Akira,755,4,-0.010010809212403262,3.219539785312086,3.219539785312086,1197,755,213,1,0,8,0.28211920529801326,0.0013245033112582781,2,224,3,30,191,154,0,0,7,1,0,4,0,1,2,2,,0,,,0,1,0,8,0,0,0,0,0,0,5,5,45,8,3.7,0,0,,,,,,,,
1611,ccda8247360a85b6c076527e438a995757b6cdf5530f38e125915d31291c00d5,ransomware,TRUE_ENCRYPTION,Akira,cape,full,1,10.0,Akira,698,4,-0.01131920357971509,3.219539785312086,3.219539785312086,1181,698,211,1,0,6,0.3022922636103152,0.0014326647564469914,2,221,3,32,186,154,0,0,7,1,0,4,0,1,2,2,,0,,,0,1,0,8,0,0,0,0,0,0,5,6,45,8,2.4,0,0,,,,,,,,
1612,cf1256ae391410f7ebc785d180eb03ff36135cf8f9051b6d8c803386abdafb78,ransomware,FAILED,BlackBasta,cape,static_only,0,0.3,,,,,,,,,,,,,,,,,,,,0,0,0,0,0,0,0,0,0,0,0,,0,,,,,,,,,,,,,,,,,,,,,,,,,,,
1613,a6d68214bf78c925b6fe6ab277589bc28c338e7253625925a674f380f3a52102,ransomware,TRUE_ENCRYPTION,Akira,cape,full,1,10.0,Akira,579,4,-0.010014510083572533,3.219539785312086,3.219539785312086,1196,579,219,1,0,8,0.37823834196891193,0.0017271157167530224,2,225,2,32,191,154,0,0,7,1,0,4,0,1,2,2,,0,,,0,1,0,8,0,0,0,0,0,0,4,5,44,13,3.0,0,0,,,,,,,,
1614,9a55f55886285eef7ffabdd55c0232d1458175b1d868c03d3e304ce7d98980bc,ransomware,TRUE_ENCRYPTION,BlackBasta,cape,full,1,9.0,BlackBasta,335,0,,,,482,335,23,57,0,8,0.06865671641791045,0.1701492537313433,12,101,3,22,76,141,0,0,8,3,0,0,0,0,2,1,,0,,,0,0,1,7,3,0,0,0,0,0,2,2,17,0,-63.6,1,1,1,1,45.7,80,560.7,0,1,
1615,120715377727531a56f32225e196b1536618d224662fa0b3ba6c52dba80f3b29,ransomware,TRUE_ENCRYPTION,Akira,cape,full,1,10.0,Akira,763,4,-0.011096623062315595,3.219539785312086,3.219539785312086,1144,763,197,1,0,7,0.2581913499344692,0.001310615989515072,2,220,2,35,183,154,0,0,7,1,0,4,0,1,2,2,,0,,,0,1,0,8,0,0,0,0,0,0,4,5,45,8,3.5,0,0,,,,,,,,
1616,566ef5484da0a93c87dd0cb0a950a7cff4ab013175289cd5fccf9dd7ea430739,ransomware,TRUE_ENCRYPTION,Akira,cape,full,1,10.0,Akira,784,0,,,,1492,784,199,1,0,7,0.2538265306122449,0.0012755102040816326,2,260,5,40,215,154,0,0,7,1,0,4,0,1,2,2,,0,,,0,0,1,8,0,0,0,0,0,0,6,8,36,8,3.1,0,0,,,,,,,,
1617,699aaea1598a034cde7ed88cd8a8a36fd59447e09bddef566357061774c48a76,ransomware,NO_VICTIM_ACTIVITY,BlackBasta,cape,full,1,9.0,,31,0,,,,45,31,0,0,0,5,0.0,0.0,0,26,0,8,18,156,0,0,8,3,0,0,0,3,2,1,,0,,,0,0,1,9,3,1,0,0,0,1,1,3,13,6,-33.5,2,2,0,,,,,,,
1618,99ed96d48e99828077d807f342cf13244af232c190088f12f548199a8ece8d97,ransomware,TRUE_ENCRYPTION,GLOBAL,cape,full,1,9.0,,529,166,0.726957432290705,4.87010145808601,5.087462841250338,609,529,25,174,5,16,0.04725897920604915,0.32892249527410206,35,166,61,22,83,170,1,1,9,1,1,0,5,4,2,4,,0,,,0,0,1,12,1,0,0,0,0,0,3,37,57,17,-15.7,0,0,,,,,,,,
1619,88da2b1cee373d5f11949c1ade22af0badf16591a871978a9e02f70480e547b2,ransomware,TRUE_ENCRYPTION,Akira,cape,full,1,10.0,Akira,801,0,,,,1155,801,195,0,0,19,0.24344569288389514,0.0,1,221,3,31,187,154,0,0,7,1,0,4,0,1,2,2,,0,,,0,0,1,12,0,0,0,0,0,0,7,9,36,8,4.6,0,0,,,,,,,,
1620,48976d7bf38cca4e952507e9ab27e3874ca01092eed53d0fde89c5966e9533bb,ransomware,NO_VICTIM_ACTIVITY,BlackBasta,cape,full,1,9.0,,30,0,,,,120,30,0,0,0,4,0.0,0.0,0,31,0,8,23,156,0,0,8,3,0,0,0,3,2,1,,0,,,0,0,1,8,3,1,0,0,0,1,1,3,13,6,-28.9,2,2,0,,,,,,,
1621,87b4020bcd3fad1f5711e6801ca269ef5852256eeaf350f4dde2dc46c576262d,ransomware,TRUE_ENCRYPTION,Akira,cape,full,1,10.0,Akira,853,0,,,,1602,853,191,1,0,5,0.223915592028136,0.0011723329425556857,2,261,4,47,210,154,0,0,7,1,0,4,0,1,2,2,,0,,,0,0,1,7,0,0,0,0,0,0,6,7,25,0,2.4,0,0,,,,,,,,
1622,ae7c868713e1d02b4db60128c651eb1e3f6a33c02544cc4cb57c3aa6c6581b6e,ransomware,TRUE_ENCRYPTION,BlackBasta,cape,full,1,9.0,BlackBasta,201,0,,,,361,201,0,557,0,14,0.0,2.771144278606965,60,265,0,26,239,120,0,0,7,3,0,0,0,0,2,1,,0,,,0,0,1,12,3,0,0,0,0,0,3,3,5,0,-77.7,1,1,1,1,65.0,557,614.7,0,1,
1623,b1a0fd0c9c72e68f74b654988423acb2a953427e83990c26c91e5e908ec66387,ransomware,TRUE_ENCRYPTION,GLOBAL,cape,full,1,9.0,,417,153,0.9293464245734707,4.865696362863613,5.087462841250338,537,417,16,156,0,38,0.03836930455635491,0.37410071942446044,32,130,24,26,80,170,1,1,9,1,1,0,5,4,2,4,,0,,,0,0,1,18,1,0,0,0,0,0,4,40,46,10,-9.8,0,0,,,,,,,,
1624,5a8883ad96a944593103f2f7f3a692ea3cde1ede71cf3de6750eb7a044a61486,ransomware,TRUE_ENCRYPTION,INC,cape,full,1,9.0,INC,1176,166,0.6046168841113785,4.896211646600533,5.087462841250338,312,1176,14,173,5,7,0.011904761904761904,0.14710884353741496,25,100,40,19,41,162,3,1,6,5,3,0,5,3,2,4,,0,,,0,0,1,8,0,0,0,0,0,0,2,2,44,11,-38.9,0,0,,,,,,,,
1625,6b84568ce25ae74bacd0bb7aad5738846ea567180c9139a6de450b82d64e5a1f,ransomware,FAILED,Makop,cape,static_only,0,0.3,,,,,,,,,,,,,,,,,,,,0,0,0,0,0,0,0,0,0,0,0,,0,,,,,,,,,,,,,,,,,,,,,,,,,,,
1626,49c9b3ddbce1f77a7f01a660c56f48c0d733a7e807f95caca2dee12a204974ef,ransomware,TRUE_ENCRYPTION,Medusa,cape,full,1,10.0,BabyLockerKZ,87,3921,0.22544131314298918,5.56995374134694,7.34820923206679,56,87,6,1,0,76,0.06896551724137931,0.011494252873563218,4,139,1,51,87,170,9,1,7,5,1,4,1,0,2,5,,0,,,0,0,1,79,3,0,14,42,0,0,2,2,11,0,-38.4,26,2,1,1,3.9,7,296.4,10,1,0.215
1627,d5c2f87033a5baeeb1b5b681f2c4a156ff1c05ccd1bfdaf6eae019fc4d5320ee,ransomware,TRUE_ENCRYPTION,Rhysida,cape,full,1,10.0,Rhysida,1342,0,,,,996,1342,0,726,0,22,0.0,0.5409836065573771,49,338,2,138,198,135,2,1,0,0,0,0,0,0,2,1,,0,,,1,0,0,22,0,0,0,0,0,0,0,0,5,0,,6,1,0,0,,0,314.9,0,0,
1628,5fb8e5ecbb9872d6c9188b565013ccff8717df9adf074f2deae64546d1115c5a,ransomware,TRUE_ENCRYPTION,Trigona,cape,full,1,5.3,,1458,0,,,,1767,1458,0,4193,0,0,0.0,2.875857338820302,59,126,28,5,93,142,0,0,7,0,0,0,0,2,0,0,,0,,,0,0,1,0,0,0,0,0,0,0,0,0,0,0,,0,0,,,,,,,,
1629,78d75669390e4177597faf9271ce3ad3a16a3652e145913dbfa9a5951972fcb0,ransomware,TRUE_ENCRYPTION,Akira,cape,full,1,10.0,Akira,800,0,,,,1496,800,208,1,0,14,0.26,0.00125,2,276,4,38,234,154,0,0,7,1,0,4,0,1,2,2,,0,,,0,0,1,12,0,0,0,0,0,0,7,10,24,5,2.7,0,0,,,,,,,,
1630,7883f01096db9bcf090c2317749b6873036c27ba92451b212b8645770e1f0b8a,ransomware,TRUE_ENCRYPTION,BlackBasta,cape,full,1,9.0,BlackBasta,233,0,,,,252,233,0,540,0,12,0.0,2.3175965665236054,58,243,0,23,220,120,0,0,7,3,0,0,0,0,2,1,,0,,,0,0,1,12,3,0,0,0,0,0,3,3,7,0,-74.2,1,1,1,1,62.7,540,581.2,0,1,
1631,770df171362179564bb433aa4c82502926c420482b7e6b8441a857c5934377ac,ransomware,TRUE_ENCRYPTION,GLOBAL,cape,full,1,9.0,,432,165,0.8137517587110983,4.869790866698326,5.087462841250338,590,432,35,183,0,11,0.08101851851851852,0.4236111111111111,34,153,51,15,87,170,1,1,9,1,1,0,5,4,2,4,,0,,,0,0,1,9,1,0,0,0,0,0,3,37,29,7,-13.2,0,0,,,,,,,,
1632,05e4f234a0f177949f375a56b1a875c9ca3d2bee97a2cb73fc2708914416c5a9,ransomware,TRUE_ENCRYPTION,INC,cape,full,1,9.0,INC,658,121,0.7279935365092743,4.89117359401526,5.087462841250338,224,658,5,123,0,33,0.007598784194528876,0.18693009118541035,22,79,30,5,44,139,3,1,6,5,3,0,3,0,2,4,,0,,,0,0,1,11,0,0,0,0,0,0,3,7,9,0,-28.6,0,0,,,,,,,,
1633,d85c1e6750b46ab77dde45ec04683e7ad84ad29db6a22392af1f22c395909c30,ransomware,TRUE_ENCRYPTION,Makop,cape,full,1,9.0,,5014,36179,0.22463408833253642,5.0276106244699506,7.385068825106818,5275,5014,2,4996,0,26,0.00039888312724371757,0.9964100518548066,57,219,33,13,173,132,7,1,6,1,3,0,4,0,0,4,,0,,,0,0,1,18,4,0,0,0,0,0,3,3,17,3,-353.0,3,1,2,1,4.3,4998,301.8,1,1,0.056
1634,13d9213ef48c184747cdbcb8745d55d6ddb696b7afc85e88575812550f3d43f3,ransomware,TRUE_ENCRYPTION,Medusa,cape,full,1,10.0,BabyLockerKZ,88,3851,0.07044923138806111,5.570733141846101,7.323200864000768,48,88,6,1,0,80,0.06818181818181818,0.011363636363636364,4,149,0,54,95,170,9,1,7,5,1,4,1,0,2,5,,0,,,0,0,1,81,5,1,14,42,0,0,3,3,12,0,-85.1,24,2,1,1,7.9,7,255.2,7,1,0.283
1635,258ddd78655ac0587f64d7146e52549115b67465302c0cbd15a0cba746f05595,ransomware,TRUE_ENCRYPTION,Rhysida,cape,full,1,10.0,Rhysida,1384,0,,,,1025,1384,0,696,0,0,0.0,0.5028901734104047,59,341,4,141,196,135,2,1,0,0,0,0,0,0,2,1,,0,,,1,0,0,0,0,0,0,0,0,0,0,0,0,0,,0,0,,,,,,,,
1636,e10f9051c624ad49798291e19e50a64701d93a729a10c7d854153455e295663e,ransomware,TRUE_ENCRYPTION,Trigona,cape,full,1,8.0,,340,0,,,,1614,340,0,4178,0,0,0.0,12.288235294117648,59,139,17,5,117,142,0,0,7,0,0,0,0,2,0,0,,0,,,0,0,1,0,0,0,0,0,0,0,0,0,0,0,,0,0,,,,,,,,
1637,58e685695afc3a85d2632777a2b54967dc53d6a6fa1b7e2c110b2023b561bfe9,ransomware,TRUE_ENCRYPTION,Akira,cape,full,1,10.0,Akira,832,0,,,,1486,832,193,1,0,6,0.23197115384615385,0.001201923076923077,2,262,3,39,220,154,0,0,7,1,0,4,0,1,2,2,,0,,,0,0,1,7,0,0,0,0,0,0,6,7,34,5,3.1,0,0,,,,,,,,
1638,17205c43189c22dfcb278f5cc45c2562f622b0b6280dcd43cc1d3c274095eb90,ransomware,TRUE_ENCRYPTION,BlackBasta,cape,full,1,9.0,,199,0,,,,2011,199,0,109,0,0,0.0,0.5477386934673367,21,35,3,3,29,114,0,0,7,3,0,0,0,0,2,1,,0,,,0,0,1,0,0,0,0,0,0,0,0,0,0,0,,0,0,,,,,,,,
1639,38b9825abef45b2fb9e0efbfae7124499af85b9f328d4619ac8a37af274e7b4e,ransomware,TRUE_ENCRYPTION,GLOBAL,cape,full,1,9.0,,465,162,0.8626880213328375,4.859847278074288,5.087462841250338,593,465,17,170,0,15,0.03655913978494624,0.3655913978494624,35,149,61,18,70,170,1,1,9,1,1,0,5,4,2,4,,0,,,0,0,1,13,1,0,0,0,0,0,3,37,42,10,-16.2,0,0,,,,,,,,
1640,02f451f99b241e6ba22cc794a91129c59593bf291f265b863bc8962c55a1017a,ransomware,TRUE_ENCRYPTION,INC,cape,full,1,9.0,INC,869,144,0.6861449302901298,4.881301891999899,5.087462841250338,274,869,5,124,0,4,0.005753739930955121,0.142692750287687,21,65,28,3,34,162,3,1,6,5,3,0,5,3,2,4,,0,,,0,0,1,4,0,0,0,0,0,0,2,2,9,0,-6.8,0,0,,,,,,,,
1641,33ed85ff368cf9fed46a9a74482a5ff5863175f5fcac44a61ee13d678ad10611,ransomware,TRUE_ENCRYPTION,Makop,cape,full,1,9.0,,5017,36233,0.21950509335503582,5.024951255676733,7.381397505392993,5099,5017,2,4996,0,35,0.00039864460833167234,0.9958142316125175,58,210,41,14,155,132,7,1,6,1,3,0,4,0,0,4,,0,,,0,0,1,19,4,0,0,0,0,0,3,4,21,3,-310.4,3,1,2,1,4.4,4998,281.3,1,1,0.05
1642,b091e38b4cdf341c2733c6e8c2199afd4ee05fc9f921a37c8e555198f1ec2e12,ransomware,NO_VICTIM_ACTIVITY,Medusa,cape,full,1,3.4000000000000004,,424,8,0.11787521677929984,,,190,424,0,0,0,176,0.0,0.0,0,303,0,150,153,150,5,0,7,1,0,0,0,0,2,2,,0,,,0,0,1,177,0,0,177,0,0,0,0,0,0,0,,162,1,0,,,,,,,
1643,a40b815afce131df6d4bc3f389cb64b742f545481119d3ecb78dda22e546a41a,ransomware,TRUE_ENCRYPTION,Rhysida,cape,full,1,5.0,,1071,0,,,,1068,1071,0,2282,0,0,0.0,2.130718954248366,53,241,0,98,143,139,2,1,0,0,0,0,0,0,2,1,,0,,,1,0,0,0,0,0,0,0,0,0,0,0,0,0,,0,0,,,,,,,,
1644,e73605374d40933b78ad13d7053d656f373b285efb6a3ab89ae6cd80191f0778,ransomware,TRUE_ENCRYPTION,Trigona,cape,full,1,5.3,,400,0,,,,1581,400,0,4193,0,0,0.0,10.4825,60,115,14,4,97,142,0,0,7,0,0,0,0,2,0,0,,0,,,0,0,1,0,0,0,0,0,0,0,0,0,0,0,,0,0,,,,,,,,
1645,43b0ac119ff957bb209d86ec206ea1ec3c51dd87bebf7b4a649c7e6c7f3756e7,ransomware,TRUE_ENCRYPTION,Akira,cape,full,1,10.0,Akira,834,0,,,,1403,834,205,1,0,5,0.24580335731414868,0.001199040767386091,2,255,5,38,212,154,0,0,7,1,0,4,0,1,2,2,,0,,,0,0,1,7,0,0,0,0,0,0,6,7,22,6,2.9,0,0,,,,,,,,
1646,5d2204f3a20e163120f52a2e3595db19890050b2faa96c6cba6b094b0a52b0aa,ransomware,NO_VICTIM_ACTIVITY,BlackBasta,cape,full,1,9.0,,41,0,,,,163,41,0,0,0,10,0.0,0.0,0,39,0,12,27,142,0,0,7,3,0,0,0,3,2,1,,0,,,0,0,1,12,3,4,0,0,0,1,1,3,18,6,-35.8,2,2,0,,,,,,,
1647,823da032a4b7f64d6f3706f207d0f2a0cd44cd45b602193c4580403c2d4e8342,ransomware,TRUE_ENCRYPTION,GLOBAL,cape,full,1,9.0,,470,161,0.7387307275413711,4.861330907572225,5.028639311838574,459,470,16,172,0,39,0.03404255319148936,0.3659574468085106,34,143,61,10,72,170,1,1,9,1,1,0,5,4,2,4,,0,,,0,0,1,14,1,0,0,0,0,0,4,39,27,0,0.6,0,0,,,,,,,,
1648,0cb4e7d35eb3f4585c6168988247e30d99ef24d3ef006d91971e3913ef593c42,ransomware,TRUE_ENCRYPTION,INC,cape,full,1,9.0,INC,149,27,0.6283601398302313,4.914453820305476,5.028639311838574,104,149,14,21,5,8,0.09395973154362416,0.14093959731543623,7,53,8,9,36,79,0,0,6,0,0,0,0,0,2,0,,135,3,3,0,1,0,7,0,0,0,0,0,0,2,2,43,11,-112.2,0,0,,,,,,,,
1649,b748273a57cb0c0eff16dd6030920c7794d31118e4796471a2d34684c0756144,ransomware,TRUE_ENCRYPTION,Makop,cape,full,1,9.0,,5023,36188,0.2106396029413987,5.027262515630084,7.35445741887714,5300,5023,2,4999,0,14,0.00039816842524387816,0.9952219788970734,57,207,34,13,160,132,7,1,6,1,3,0,4,0,0,4,,0,,,0,0,1,15,4,0,0,0,0,0,1,1,17,3,-363.5,3,1,2,1,4.9,5001,307.1,1,1,0.066
1650,51b8a283f87a95edb5e98125e5730bcf843fc7ec8fcdc175c8dc0ba3032e8a51,ransomware,NO_VICTIM_ACTIVITY,Medusa,cape,full,1,10.0,BabyLockerKZ,581,3609,0.2607715333761572,6.187188821185877,7.308567909032523,44,581,17,14,0,95,0.029259896729776247,0.024096385542168676,6,540,0,509,31,161,9,1,7,5,1,4,1,0,2,5,,0,,,0,0,1,70,1,0,10,42,0,0,3,11,15,0,-71.4,16,2,0,0,,0,343.2,7,1,0.062
1651,d7ba9881345d71862a68080d210643e2c2d3e17fd13065385edcd3b3391898c3,ransomware,TRUE_ENCRYPTION,Rhysida,cape,full,1,5.0,,1156,0,,,,1132,1156,0,2115,0,0,0.0,1.8295847750865053,52,236,1,91,144,139,2,1,0,0,0,0,0,0,2,1,,0,,,1,0,0,0,0,0,0,0,0,0,0,0,0,0,,0,0,,,,,,,,
1652,ebcacef587c73ab33ebea025ffd6bf5d303dcf2382c25bdeac960a63d9252762,ransomware,TRUE_ENCRYPTION,Trigona,cape,full,1,8.0,,480,0,,,,1621,480,0,4167,0,0,0.0,8.68125,55,114,16,4,94,142,0,0,7,0,0,0,0,2,0,0,,0,,,0,0,1,0,0,0,0,0,0,0,0,0,0,0,,0,0,,,,,,,,
1653,2d931f6867e7049b450c8ab36e1f8e6a51f0ee95fc2253d0759e3e3b118fe1d1,ransomware,TRUE_ENCRYPTION,Akira,cape,full,1,10.0,Akira,641,4,-0.008560472012987907,3.219539785312086,3.219539785312086,1267,641,174,0,0,21,0.2714508580343214,0.0,1,227,3,33,191,154,0,0,7,1,0,4,0,1,2,2,,0,,,0,1,0,12,0,0,0,0,0,0,6,11,37,23,3.0,0,0,,,,,,,,
1654,23437efc7bf2f691678472e0080f4b22fa8e327d41781f95912ff6722a62f5fb,ransomware,TRUE_ENCRYPTION,GLOBAL,cape,full,1,9.0,,410,160,0.8292802726842535,4.859643987373799,5.087462841250338,573,410,16,170,0,11,0.03902439024390244,0.4146341463414634,34,138,54,14,70,170,1,1,9,1,1,0,5,4,2,4,,0,,,0,0,1,9,1,0,0,0,0,0,3,37,31,7,-13.2,0,0,,,,,,,,
1655,ee1d8ac9fef147f0751000c38ca5d72feceeaae803049a2cd49dcce15223b720,ransomware,TRUE_ENCRYPTION,INC,cape,full,1,9.0,INC,685,91,0.7652155391150266,4.894842112619622,5.028639311838574,200,685,5,89,0,31,0.0072992700729927005,0.12992700729927006,12,72,26,4,42,162,3,1,6,5,3,0,5,3,2,4,,0,,,0,0,1,12,0,0,0,0,0,0,3,9,10,0,-30.7,0,0,,,,,,,,
1656,a3f6679f856ce665166f3979520936ce148fb216be6ea509fd8f527256191fe5,ransomware,TRUE_ENCRYPTION,Makop,cape,full,1,9.0,,5008,30015,0.26629570338396524,5.1726362049432515,7.36201831042011,5317,5008,1,4057,0,38,0.00019968051118210862,0.8101038338658147,57,209,36,14,159,132,7,1,6,1,3,0,4,0,0,4,,0,,,0,0,1,13,4,0,0,0,0,0,2,5,8,0,-143.8,3,1,2,1,4.9,4058,360.2,1,1,0.047
1657,4e4a77c25c914d070b2d3d968bca4206accd099e1031c6d6019ddbe768781e5e,ransomware,NO_VICTIM_ACTIVITY,Rhysida,cape,full,1,5.0,,0,0,,,,0,0,0,0,0,0,,,0,0,0,0,0,132,2,1,0,0,0,0,0,0,2,1,,0,,,1,0,0,0,0,0,0,0,0,0,0,0,0,0,,0,0,,,,,,,,
1658,f06974117c40911501007b835777d44b67171bae4ddb4b77a0842fe3a93bc3a6,ransomware,TRUE_ENCRYPTION,Trigona,cape,full,1,8.0,,1002,0,,,,1499,1002,0,4099,0,0,0.0,4.090818363273453,51,132,18,6,108,142,0,0,7,0,0,0,0,2,0,0,,0,,,0,0,1,0,0,0,0,0,0,0,0,0,0,0,,0,0,,,,,,,,
1659,1ec34305e593c27bb95d538d45b6a17433e71fa1c1877ce78bf2dbda6839f218,ransomware,TRUE_ENCRYPTION,Akira,cape,full,1,10.0,Akira,738,4,-0.01004544295376016,3.219539785312086,3.219539785312086,1478,738,194,1,0,7,0.26287262872628725,0.0013550135501355014,2,264,5,43,216,154,0,0,7,1,0,4,0,1,2,2,,0,,,0,1,0,8,0,0,0,0,0,0,6,7,25,5,4.5,0,0,,,,,,,,
1660,4013d5545b490d4bdea2fbfc31cad82cd73e9d617ef5946ae9b9df19d6eada48,ransomware,TRUE_ENCRYPTION,GLOBAL,cape,full,1,9.0,,425,154,0.8618480623958373,4.876904613196659,5.087462841250338,466,425,17,166,0,37,0.04,0.3905882352941176,33,137,50,15,72,170,1,1,9,1,1,0,5,4,2,4,,0,,,0,0,1,17,1,0,0,0,0,0,4,40,19,0,-19.1,0,0,,,,,,,,
1661,e17c601551dfded76ab99a233957c5c4acf0229b46cd7fc2175ead7fe1e3d261,ransomware,TRUE_ENCRYPTION,INC,cape,full,1,9.0,INC,1380,214,0.6602894622241124,4.884891801679177,5.0,324,1380,5,191,0,5,0.0036231884057971015,0.13840579710144926,32,83,42,4,37,162,3,1,6,5,3,0,5,3,2,4,,0,,,0,0,1,5,0,0,0,0,0,0,2,2,9,0,-13.9,0,0,,,,,,,,
1662,b08ba51136b2f4ff7a477735d05e91ccc09be3eacbd706331e4a81af7fc68940,ransomware,TRUE_ENCRYPTION,Makop,cape,full,1,9.0,,5022,36201,0.20294375176322293,5.009974556921836,7.371794194922207,5093,5022,2,4998,0,27,0.00039824771007566706,0.995221027479092,57,206,33,11,162,132,7,1,6,1,3,0,4,0,0,4,,0,,,0,0,1,16,4,0,0,0,0,0,2,7,14,3,-333.0,3,1,2,1,5.8,5000,282.4,1,1,0.061
1663,f1c2d2f2cfe7d0a4ebfb87739c4233eb526efd1ea238ba68e27d166deb709a0c,ransomware,TRUE_ENCRYPTION,Trigona,cape,full,1,8.0,,967,0,,,,1499,967,0,4192,0,0,0.0,4.335056876938986,51,125,14,5,106,142,0,0,7,0,0,0,0,2,0,0,,0,,,0,0,1,0,0,0,0,0,0,0,0,0,0,0,,0,0,,,,,,,,
1664,0c662d28268514fabc7129fd14d6e3e9d7df29261a861bcf8aab1f318bb8e7d0,ransomware,TRUE_ENCRYPTION,Akira,cape,full,1,10.0,Akira,669,485,0.21995424995244264,6.252852820106305,6.476157391559539,1265,669,33,0,0,7,0.04932735426008968,0.0,3,128,5,37,86,154,0,0,7,1,0,4,0,1,2,2,,0,,,0,1,0,7,1,0,0,0,0,0,5,5,17,8,38.4,0,0,,,,,,,,
1665,8baadd5caf6014222b98656e875382126e719f53342591a47c29c408e10fbd60,ransomware,TRUE_ENCRYPTION,GLOBAL,cape,full,1,9.0,,449,163,0.8349453547540161,4.865025117919291,5.087462841250338,463,449,16,173,0,39,0.035634743875278395,0.38530066815144765,34,154,69,11,74,170,1,1,9,1,1,0,5,4,2,4,,0,,,0,0,1,18,1,0,0,0,0,0,4,41,40,3,-12.9,0,0,,,,,,,,
1666,d147b202e98ce73802d7501366a036ea8993c4c06cdfc6921899efdd22d159c6,ransomware,TRUE_ENCRYPTION,INC,cape,full,1,9.0,INC,928,145,0.8651116057944103,4.890617160359951,5.087462841250338,259,928,6,130,0,34,0.00646551724137931,0.1400862068965517,21,91,37,10,44,162,3,1,6,5,3,0,5,3,2,4,,0,,,0,0,1,14,0,0,0,0,0,0,3,7,20,3,-75.3,0,0,,,,,,,,
1667,867d49ff57da4de9e097bce1fd0ab1a50a755ca39ef9e97bee34a8a6c9d51bbb,ransomware,TRUE_ENCRYPTION,Makop,cape,full,1,9.0,,5020,36194,0.207896433880895,5.013223259595317,7.365613204918236,5299,5020,2,5000,0,25,0.00039840637450199205,0.9960159362549801,57,224,33,12,179,132,7,1,6,1,3,0,4,0,0,4,,0,,,0,0,1,18,4,0,0,0,0,0,3,3,17,3,-323.0,3,1,2,1,4.4,5002,273.2,1,1,0.055
1668,f3cf4730337a3cc11c173bab33b8b0f7f4b98e41fa6e45895b02bae3e5ee9f27,ransomware,TRUE_ENCRYPTION,Trigona,cape,full,1,5.3,,541,0,,,,1625,541,0,4212,0,0,0.0,7.785582255083179,58,118,13,4,101,142,0,0,7,0,0,0,0,2,0,0,,0,,,0,0,1,0,0,0,0,0,0,0,0,0,0,0,,0,0,,,,,,,,
1669,aaa7799edfd86b52438a9e0d71f8069cbcbe1988036b95888fcdc553e729b7b9,ransomware,TRUE_ENCRYPTION,Akira,cape,full,1,10.0,Akira,872,0,,,,1450,872,201,1,0,7,0.2305045871559633,0.0011467889908256881,2,264,6,46,212,154,0,0,7,1,0,4,0,1,2,2,,0,,,0,0,1,8,0,0,0,0,0,0,6,7,38,18,3.2,0,0,,,,,,,,
1670,e7ba958cac186815f76fbc5809e479000a5a569034fd0425bf0fb512ac523639,ransomware,TRUE_ENCRYPTION,GLOBAL,cape,full,1,9.0,,467,161,0.8779338393694488,4.878249194290976,5.087462841250338,581,467,45,175,0,13,0.09635974304068523,0.3747323340471092,33,158,60,12,86,170,1,1,9,1,1,0,5,4,2,4,,0,,,0,0,1,10,1,0,0,0,0,0,3,37,34,7,-17.5,0,0,,,,,,,,
1671,c600e439da89f5ee5bbf5b7e3672b6165ded49dd748f06892647930e64783090,ransomware,TRUE_ENCRYPTION,INC,cape,full,1,9.0,INC,856,117,0.8155056601739139,4.885712705216422,5.087462841250338,425,856,6,103,0,36,0.007009345794392523,0.12032710280373832,19,110,24,18,68,162,3,1,6,5,3,0,5,3,2,4,,0,,,0,0,1,14,0,0,0,0,0,0,4,5,24,3,-123.1,0,0,,,,,,,,
1672,267f4251888e56ee84029a34e56fcceb63940f75fa563b20e1a7267806049a97,ransomware,TRUE_ENCRYPTION,Makop,cape,full,1,9.0,,5025,48221,0.21765799868771074,4.582556472650631,7.339431470413729,4542,5025,2,5000,0,18,0.0003980099502487562,0.9950248756218906,57,206,42,15,149,81,7,1,6,1,3,0,4,0,0,4,,0,,,0,0,1,14,4,0,0,0,0,0,3,5,0,0,-331.8,3,1,2,1,8.8,5002,283.9,1,1,0.106
1673,f92a9559944e57854746dbbb96a04669e36c78a481f8c34313bfc561146999e6,ransomware,TRUE_ENCRYPTION,Trigona,cape,full,1,8.0,,681,0,,,,1594,681,0,4135,0,0,0.0,6.071953010279001,58,133,16,4,113,142,0,0,7,0,0,0,0,2,0,0,,0,,,0,0,1,0,0,0,0,0,0,0,0,0,0,0,,0,0,,,,,,,,
1674,2e2ad6392e75d5a5155498c2a76cb373d17ca3ad4ba57c6d33c623fca5e29342,ransomware,TRUE_ENCRYPTION,Akira,cape,full,1,10.0,Akira,1396,24724,-0.38551836230503933,5.560489301033045,7.361425935687787,1133,1396,0,0,0,0,0.0,0.0,0,61,0,56,5,132,6,1,6,1,0,4,0,0,2,3,,0,,,0,0,1,0,0,0,0,0,0,0,0,1,9,10,-526.4,0,0,,,,,,,,
1675,5b0684dde84168b41eb1d7022f490f0036a90ea3d00a37e35d69323887826628,ransomware,TRUE_ENCRYPTION,GLOBAL,cape,full,1,9.0,,532,160,0.7756434917132065,4.861112747372819,5.028639311838574,620,532,25,169,5,15,0.046992481203007516,0.3176691729323308,36,158,64,21,73,170,1,1,9,1,1,0,5,4,2,4,,0,,,0,0,1,13,1,0,0,0,0,0,3,37,53,18,-10.6,0,0,,,,,,,,
1676,a5925db043e3142e31f21bc18549eb7df289d7c938d56dffe3f5905af11ab97a,ransomware,TRUE_ENCRYPTION,INC,cape,full,1,9.0,INC,914,135,0.6928966742946714,4.879705025172288,5.087462841250338,238,914,5,135,0,5,0.005470459518599562,0.14770240700218817,20,76,30,4,42,162,3,1,6,5,3,0,5,3,2,4,,0,,,0,0,1,5,0,0,0,0,0,0,2,2,8,0,-29.7,0,0,,,,,,,,
1677,9c3942cc35345c4ffffdff580e450f86626d89871c853834c2b126afb023ccda,ransomware,FAILED,Makop,cape,full,1,1.3,,0,76,,2.3334497896308433,6.237605759916897,0,0,0,0,0,1,,,0,1,0,0,1,97,7,1,6,1,3,0,4,0,0,4,,0,,,0,0,1,1,0,0,0,0,0,0,0,0,0,0,,0,0,,,,,,,,
1678,fb30464577a78712879d87c66d915cd01b2f995dabdcbd14dcdc004819f0353f,ransomware,TRUE_ENCRYPTION,Trigona,cape,full,1,8.0,,905,0,,,,1532,905,0,4389,0,0,0.0,4.849723756906077,52,223,44,5,174,143,0,0,7,0,0,0,0,2,0,0,,0,,,0,0,1,0,0,0,0,0,0,0,0,0,0,0,,0,0,,,,,,,,
1679,2c7aeac07ce7f03b74952e0e243bd52f2bfa60fadc92dd71a6a1fee2d14cdd77,ransomware,TRUE_ENCRYPTION,Akira,cape,full,1,10.0,Akira,526,4,-0.018215807961890505,3.219539785312086,3.219539785312086,1320,526,50,1236,0,4,0.09505703422053231,2.349809885931559,83,101,9,9,83,161,0,0,9,1,0,0,0,1,2,1,,0,,,0,1,0,5,0,0,0,0,0,0,5,5,4,0,-17.0,0,0,,,,,,,,
1680,17c40dc8cfe53fc24d01df2ff4aad1d4914dd592b00d053762f12daec16c7035,ransomware,TRUE_ENCRYPTION,GLOBAL,cape,full,1,9.0,,344,171,0.30930472548142035,4.874862321153918,5.087462841250338,569,344,39,193,0,13,0.11337209302325581,0.561046511627907,34,172,53,16,103,170,1,1,9,1,1,0,5,4,2,4,,0,,,0,0,1,10,1,0,0,0,0,0,3,37,32,7,-18.2,0,0,,,,,,,,
1681,834c5f094c4a2db0f520962341b108af685efd346e5b6622eb2331b3ffa09039,ransomware,TRUE_ENCRYPTION,INC,cape,full,1,9.0,INC,1908,329,0.8246077192693274,4.8911845719628895,5.087462841250338,481,1908,38,319,5,9,0.019916142557651992,0.16719077568134172,49,129,62,15,52,162,3,1,6,5,3,0,5,3,2,4,,0,,,0,0,1,8,0,0,0,0,0,0,2,2,51,11,-77.7,0,0,,,,,,,,
1682,c0a84187653d386349e6426392a5aad656685dbcd1ce7e67877a0071800ee626,ransomware,TRUE_ENCRYPTION,Makop,cape,full,1,9.0,,5019,36234,0.22933094188114167,5.023769343962981,7.34113949023282,4980,5019,2,4998,0,48,0.0003984857541342897,0.99581589958159,57,222,41,14,167,132,7,1,6,1,3,0,4,0,0,4,,0,,,0,0,1,19,4,0,0,0,0,0,3,7,28,3,-357.3,3,1,2,1,7.2,5000,384.9,1,1,0.06
1683,fb921bebebeceb58ca29a0fdccacb94674945d4023aded9d37b81113a787bfbb,ransomware,TRUE_ENCRYPTION,Trigona,cape,full,1,8.0,,1000,0,,,,1560,1000,0,4252,0,0,0.0,4.252,52,123,19,4,100,142,0,0,7,0,0,0,0,2,0,0,,0,,,0,0,1,0,0,0,0,0,0,0,0,0,0,0,,0,0,,,,,,,,
1684,988776358d0e45a4907dc1f4906a916f1b3595a31fa44d8e04e563a32557eb42,ransomware,TRUE_ENCRYPTION,Akira,cape,full,1,10.0,Akira,890,486,0.3312679239786346,6.252852820106305,6.476157391559539,1503,890,191,1,0,10,0.21460674157303372,0.0011235955056179776,4,281,5,63,213,154,0,0,7,1,0,4,0,1,2,2,,0,,,0,1,0,10,1,0,0,0,0,0,6,7,37,8,-69.6,0,0,,,,,,,,
1685,a858bbbfe1332816b23c8d46443b63f318958e6748c54e4b4040fd908d175d62,ransomware,TRUE_ENCRYPTION,GLOBAL,cape,full,1,9.0,,499,153,0.8243451386429689,4.8590398083050275,5.028639311838574,588,499,52,203,0,29,0.10420841683366733,0.40681362725450904,34,181,53,18,110,170,1,1,9,1,1,0,5,4,2,4,,0,,,0,0,1,16,1,0,0,0,0,0,4,39,37,7,-14.4,0,0,,,,,,,,
1686,508a644d552f237615d1504aa1628566fe0e752a5bc0c882fa72b3155c322cef,ransomware,TRUE_ENCRYPTION,INC,cape,full,1,9.0,INC,756,161,0.7098779315861923,4.889650561794212,5.087462841250338,264,756,5,155,0,5,0.006613756613756613,0.20502645502645503,20,76,28,8,40,162,3,1,6,5,3,0,5,3,2,4,,0,,,0,0,1,5,0,0,0,0,0,0,2,2,10,0,-41.7,0,0,,,,,,,,
1687,ad534790700a9daa5fda6452692590e5e8c86d6a86aec0110822d0b54a6c21d9,ransomware,NO_VICTIM_ACTIVITY,Makop,cape,full,1,9.0,,50,85,-0.030517983009257645,2.875856803193594,6.237153579285839,78,50,5,0,0,35,0.1,0.0,2,47,2,1,44,159,0,0,3,0,0,0,2,0,0,1,,90,3,2,0,1,0,12,0,0,0,0,0,0,3,7,9,0,-45.0,0,0,,,,,,,,
1688,fe81c5caa0e269c1cbbd0aca9557677c4f57829d621f2f21768728c92e4f0498,ransomware,TRUE_ENCRYPTION,Trigona,cape,full,1,8.0,,532,0,,,,1552,532,0,4171,0,0,0.0,7.840225563909774,59,119,17,4,98,142,0,0,7,0,0,0,0,2,0,0,,0,,,0,0,1,0,0,0,0,0,0,0,0,0,0,0,,0,0,,,,,,,,
1689,43a000847d155da05e5c080587b4eb97cbeed61bf6b5d6a4062e5f459f387888,ransomware,TRUE_ENCRYPTION,GLOBAL,cape,full,1,9.0,,422,164,0.8174458412624571,4.8588902374644745,5.028639311838574,562,422,41,185,0,12,0.0971563981042654,0.43838862559241704,34,162,62,12,88,170,1,1,9,1,1,0,5,4,2,4,,0,,,0,0,1,10,1,0,0,0,0,0,2,36,29,7,-23.4,0,0,,,,,,,,
1690,63c0a44479dc9f91647a9c10caba43fa73709a88540a2493fd68031905036ef7,ransomware,TRUE_ENCRYPTION,INC,cape,full,1,9.0,INC,981,151,0.7515695860120208,4.889655646758043,5.028639311838574,278,981,5,154,0,5,0.0050968399592252805,0.15698267074413863,22,72,36,3,33,162,3,1,6,5,3,0,5,3,2,4,,0,,,0,0,1,5,0,0,0,0,0,0,2,2,8,0,-29.4,0,0,,,,,,,,
1691,a6566bc4c76a36a0e880d2151e0a86a59c3af57082b7c83a669dba3f28afb959,ransomware,NO_VICTIM_ACTIVITY,Makop,cape,full,1,9.0,,49,85,-0.009633507314038895,2.875856803193594,6.237153579285839,87,49,5,0,0,32,0.10204081632653061,0.0,2,52,1,3,48,159,0,0,3,0,0,0,2,0,0,1,,90,3,2,0,1,0,12,0,0,0,0,0,0,3,7,10,0,-37.1,0,0,,,,,,,,
1692,bb44536157131abfbb8d50936e71dee0f7dad35dbb8a206e1eafd93e4e68999c,ransomware,TRUE_ENCRYPTION,Trigona,cape,full,1,8.0,,956,0,,,,1543,956,0,3961,0,0,0.0,4.143305439330544,55,237,42,5,190,142,0,0,7,0,0,0,0,2,0,0,,0,,,0,0,1,0,0,0,0,0,0,0,0,0,0,0,,0,0,,,,,,,,
1693,4fc29cee350f69681728c009449f12682d90db8541459c505a2830a278be809b,ransomware,TRUE_ENCRYPTION,GLOBAL,cape,full,1,9.0,,489,170,0.6131231434656511,4.854294761596635,5.028639311838574,586,489,47,196,5,14,0.09611451942740286,0.40081799591002043,35,183,63,22,98,170,1,1,9,1,1,0,5,4,2,4,,0,,,0,0,1,12,1,0,0,0,0,0,3,37,43,15,-18.8,0,0,,,,,,,,
1694,39e1aa118310977d809d618c937b799cd228b2e339583a21f27cca2ef0bf9449,ransomware,TRUE_ENCRYPTION,INC,cape,full,1,9.0,INC,557,72,0.7857721973121713,4.8912007009352205,5.028639311838574,331,557,5,74,0,6,0.008976660682226212,0.13285457809694792,9,96,25,22,49,347,0,0,8,0,0,0,3,1,2,1,boost;openssl,162,4,3,0,1,0,6,0,0,0,0,0,0,4,4,13,0,-30.0,0,0,,,,,,,,
1695,fe52d906fa596e7ae16633074ff7178b3ac40e26a93f0009f1b33d5cbf219e91,ransomware,NO_VICTIM_ACTIVITY,Makop,cape,full,1,9.0,,64,69,-0.0069378554098664435,3.08697259623618,6.50176220694674,220,64,10,2,5,11,0.15625,0.03125,4,41,2,11,28,101,7,1,6,1,3,0,4,0,0,4,,0,,,0,0,1,13,4,2,0,0,0,0,3,3,26,9,-62.5,5,2,5,1,54.7,12,274.1,0,1,
1696,be6dfedd91e1ebc81d58a61b05b0ef93322425b247636a0f7f5c3eeebbc52edd,ransomware,TRUE_ENCRYPTION,Trigona,cape,full,1,8.0,,1039,0,,,,1612,1039,0,4336,0,0,0.0,4.1732435033686235,51,208,51,6,151,143,0,0,7,0,0,0,0,2,0,0,,0,,,0,0,1,0,0,0,0,0,0,0,0,0,0,0,,0,0,,,,,,,,
1697,26c4a28e9bdd3f85433ced68c48d60ac89e44ff0bde47326d3d19bddc9399a83,ransomware,TRUE_ENCRYPTION,GLOBAL,cape,full,1,9.0,,492,159,0.8765291375242127,4.8601325733224705,5.028639311838573,455,492,38,185,0,35,0.07723577235772358,0.37601626016260165,35,162,63,11,88,170,1,1,9,1,1,0,5,4,2,4,,0,,,0,0,1,17,1,0,0,0,0,0,4,40,46,10,-11.0,0,0,,,,,,,,
1698,9ac550187c7c27a52c80e1c61def1d3d5e6dbae0e4eaeacf1a493908ffd3ec7d,ransomware,TRUE_ENCRYPTION,INC,cape,full,1,9.0,INC,1678,271,0.713132550119722,4.8918580369439395,5.087462841250338,419,1678,8,258,0,6,0.004767580452920143,0.1537544696066746,45,107,55,10,42,162,3,1,6,5,3,0,5,3,2,4,,0,,,0,0,1,5,0,0,0,0,0,0,2,2,13,0,-57.2,0,0,,,,,,,,
1699,d0dd0f7658b938f9a3036ce308f5018ae0cf3bc516aaf3c18b947afee136c043,ransomware,FAILED,Makop,cape,full,1,1.3,,0,76,,2.3348521997494527,6.272666012882127,0,0,0,0,0,1,,,0,1,0,0,1,97,7,1,6,1,3,0,4,0,0,4,,0,,,0,0,1,1,0,0,0,0,0,0,0,0,0,0,,0,0,,,,,,,,
1700,bea0bbe82cef5b06c5631d7108722ad318816649cc292a30f712fe67618542d1,ransomware,TRUE_ENCRYPTION,Trigona,cape,full,1,8.0,,408,0,,,,1622,408,0,4152,0,0,0.0,10.176470588235293,53,124,19,4,101,142,0,0,7,0,0,0,0,2,0,0,,0,,,0,0,1,0,0,0,0,0,0,0,0,0,0,0,,0,0,,,,,,,,
1701,8ebb428ad35eceea596ffffc9bbf23b7ef3f09e4493eb894dade07eadb9f9652,ransomware,TRUE_ENCRYPTION,GLOBAL,cape,full,1,9.0,,461,164,0.8178766970226322,4.863977690460146,5.087462841250338,468,461,17,175,0,40,0.0368763557483731,0.3796095444685466,33,156,57,14,85,170,1,1,9,1,1,0,5,4,2,4,,0,,,0,0,1,18,1,0,0,0,0,0,4,40,38,4,-15.4,0,0,,,,,,,,
1702,7f104a3dfda3a7fbdd9b910d00b0169328c5d2facc10dc17b4378612ffa82d51,ransomware,TRUE_ENCRYPTION,INC,cape,full,1,9.0,INC,1105,175,0.6898699629938227,4.882632450375867,5.087462841250338,302,1105,5,160,0,5,0.004524886877828055,0.14479638009049775,25,78,32,10,36,162,3,1,6,5,3,0,5,3,2,4,,0,,,0,0,1,5,0,0,0,0,0,0,3,3,9,0,-11.5,0,0,,,,,,,,
1703,f6f7a37b49310287a253dbdf81e22f0593f44111215ca9308e46d2c68516196f,ransomware,TRUE_ENCRYPTION,GLOBAL,cape,full,1,9.0,,428,163,0.7884902913120986,4.8788656363374185,5.087462841250338,335,428,9,173,0,8,0.02102803738317757,0.40420560747663553,32,110,52,9,49,170,1,1,9,1,1,0,5,4,2,4,,0,,,0,0,1,7,1,0,0,0,0,0,2,36,22,6,-18.4,0,0,,,,,,,,
1704,55f3a2d89485bb40ea45e5fa1f24828f71a81ef4ccc541b6657fc7a861ef3add,ransomware,TRUE_ENCRYPTION,GLOBAL,cape,full,1,9.0,,429,160,0.7561197567590303,4.889674290901782,5.0,334,429,23,186,0,8,0.053613053613053616,0.43356643356643354,32,103,45,8,50,170,1,1,9,1,1,0,5,4,2,4,,0,,,0,0,1,7,1,0,0,0,0,0,2,36,23,6,-12.6,0,0,,,,,,,,
1705,7ccea71dcec6042d83692ea9e1348f249b970af2d73c83af3f9d67c4434b2dd0,ransomware,TRUE_ENCRYPTION,INC,cape,full,1,9.0,INC,1762,313,0.7656417479454117,4.888376105414337,5.087462841250338,459,1762,12,298,0,6,0.00681044267877412,0.16912599318955732,47,112,62,8,42,162,3,1,6,5,3,0,5,3,2,4,,0,,,0,0,1,5,0,0,0,0,0,0,2,2,12,0,-48.3,0,0,,,,,,,,
1706,23b43226d53e2c8cd9519d785ba75b833fbd11939cd1d70999f84c1365b2da5d,ransomware,TRUE_ENCRYPTION,GLOBAL,cape,full,1,9.0,,440,1529,0.8829732826688689,4.861210402360507,5.087462841250338,643,440,17,173,0,13,0.038636363636363635,0.3931818181818182,34,159,56,20,83,170,1,1,9,1,1,0,5,4,2,4,,0,,,0,0,1,12,1,0,0,0,0,0,3,37,47,10,-20.7,0,0,,,,,,,,
1707,5e3c44ac77cba228f54304f7f1f9ee4d86099950f230186f11fffaa76c86a5db,ransomware,TRUE_ENCRYPTION,INC,cape,full,1,9.0,INC,125,29,0.9050316214711959,4.894067191203645,5.087462841250338,48,125,6,27,0,30,0.048,0.216,8,63,12,7,44,446,0,0,8,0,0,0,1,1,2,1,boost,162,4,3,0,1,0,13,0,0,0,0,0,0,3,6,22,3,-93.8,0,0,,,,,,,,
1708,a8c28bd6f0f1fe6a9b880400853fc86e46d87b69565ef15d8ab757979cd2cc73,ransomware,FAILED,GLOBAL,cape,full,1,0.3,,0,0,,,,0,0,0,0,0,0,,,0,0,0,0,0,46,0,0,1,0,0,0,0,0,0,0,boost,0,,,0,0,1,0,0,0,0,0,0,0,0,0,0,0,,0,0,,,,,,,,
1709,2f14eaeb439b3d52b160b4738b049ce552c468e918c746ecb4e5c9b51ee6e4a7,ransomware,TRUE_ENCRYPTION,INC,cape,full,1,9.0,INC,873,117,0.7629807343732319,4.881741225094229,5.044394119358456,274,873,14,109,5,8,0.016036655211912942,0.12485681557846506,22,82,28,11,43,162,3,1,6,5,3,0,5,3,2,4,,0,,,0,0,1,7,0,0,0,0,0,0,2,2,46,11,-118.2,0,0,,,,,,,,
1710,3b15b66bf6a7d7ebab6437906686037f23a797d15e0fbff3d6741d3f58db8f1e,ransomware,FAILED,Makop,cape,full,1,1.3,,0,73,,2.6416824831274277,6.322666012882127,0,0,0,0,0,1,,,0,1,0,0,1,81,7,1,6,1,3,0,4,0,0,4,,0,,,0,0,1,1,0,0,0,0,0,0,0,0,0,0,,0,0,,,,,,,,
1711,bf3583f12fbb140d0f297a70e5a053728829bcdca6ba87cef1361693eb8a836e,ransomware,TRUE_ENCRYPTION,Trigona,cape,full,1,8.0,,591,0,,,,1534,591,0,4224,0,0,0.0,7.147208121827411,54,120,14,4,102,142,0,0,7,0,0,0,0,2,0,0,,0,,,0,0,1,0,0,0,0,0,0,0,0,0,0,0,,0,0,,,,,,,,
1712,1a50f5f752562c7be64a14a1cbef54a460cb7d11631ce2af55622a1f4156b169,ransomware,TRUE_ENCRYPTION,INC,cape,full,1,9.0,INC,1017,153,0.7926383847206616,4.896151686477564,5.028639311838574,283,1017,5,158,0,5,0.004916420845624385,0.1553588987217306,22,70,33,4,33,162,3,1,6,5,3,0,5,3,2,4,,0,,,0,0,1,5,0,0,0,0,0,0,2,2,8,0,-43.7,0,0,,,,,,,,
1713,cfed5d55391704116b3bf68840ebcdd99277054cb1924ecff31876478ed9a927,ransomware,TRUE_ENCRYPTION,Makop,cape,full,1,9.0,,5017,36228,0.2017615047117967,5.025551929754951,7.358887090602308,5336,5017,2,5000,0,48,0.00039864460833167234,0.9966115208291808,57,240,37,10,193,132,7,1,6,1,3,0,4,0,0,4,,0,,,0,0,1,18,4,0,0,0,0,0,2,6,28,3,-324.8,3,1,2,1,4.2,5002,303.4,1,1,0.067
1714,c25ae06404fd08f3b3729040028d909f670ddbfeab2ed2cf79482e90a3822948,ransomware,TRUE_ENCRYPTION,Trigona,cape,full,1,8.0,,870,0,,,,1647,870,0,4421,0,0,0.0,5.081609195402299,54,233,53,5,175,143,0,0,7,0,0,0,0,2,0,0,,0,,,0,0,1,0,0,0,0,0,0,0,0,0,0,0,,0,0,,,,,,,,
1715,1a7c754ae1933338c740c807ec3dcf5e18e438356990761fdc2e75a2685ebf4a,ransomware,TRUE_ENCRYPTION,INC,cape,full,1,9.0,INC,1054,166,0.7250559313204729,4.890266651721054,5.087462841250338,295,1054,5,154,0,5,0.004743833017077799,0.1461100569259962,22,69,33,3,33,162,3,1,6,5,3,0,5,3,2,4,,0,,,0,0,1,5,0,0,0,0,0,0,2,2,9,0,-46.4,0,0,,,,,,,,
1716,f4e2bab6cb056c8e644e4b8d4dac7cbf2b972d763f396a475e9fb539438de839,ransomware,FAILED,Makop,cape,full,1,1.3,,0,76,,2.3348521997494527,6.272666012882127,0,0,0,0,0,1,,,0,1,0,0,1,97,7,1,6,1,3,0,4,0,0,4,,0,,,0,0,1,1,0,0,0,0,0,0,0,0,0,0,,0,0,,,,,,,,
1717,c34300432b8aad4db5d830977f5496872bcbb8a8b99020240d4e09447970ec14,ransomware,TRUE_ENCRYPTION,Trigona,cape,full,1,8.0,,392,0,,,,1565,392,0,4149,0,0,0.0,10.584183673469388,57,126,13,4,109,142,0,0,7,0,0,0,0,2,0,0,,0,,,0,0,1,0,0,0,0,0,0,0,0,0,0,0,,0,0,,,,,,,,
1718,81f0cbb2544e3e4ccbaf582c80297cbfafdf9e8e95b137dc810c535d2cd4b1f8,ransomware,TRUE_ENCRYPTION,INC,cape,full,1,9.0,,49,12,0.9379952967660968,4.881475049816745,5.0,57,49,5,6,0,5,0.10204081632653061,0.12244897959183673,4,46,2,3,41,162,3,1,6,5,3,0,5,3,2,4,,0,,,0,0,1,5,0,0,0,0,0,0,2,2,11,0,-32.8,0,0,,,,,,,,
1719,7b367f4c26ea8c16697cd8b2d41e568a1fa3a6a7909475b7e0850dc38f374dce,ransomware,NO_VICTIM_ACTIVITY,Makop,cape,full,0,8.0,,1,169,0.7039900878893433,2.608513016025195,6.587852441389348,3,1,0,0,0,1,0.0,0.0,0,4,0,1,3,1,0,0,0,0,0,0,0,0,0,0,,0,,,0,1,0,1,0,0,0,0,0,0,0,0,0,0,,0,0,,,,,,,,
1720,cf4644c0c78d3bb0c6460a4b877d5051341e31707b31a9dbd8bc53c90b17f995,ransomware,TRUE_ENCRYPTION,Trigona,cape,full,1,8.0,,894,0,,,,1572,894,0,4159,0,0,0.0,4.652125279642058,58,127,12,5,110,142,0,0,7,0,0,0,0,2,0,0,,0,,,0,0,1,0,0,0,0,0,0,0,0,0,0,0,,0,0,,,,,,,,
1721,50b0c7858bc2bb2d1fa3d441bd2c4e3930b88b77c6cef11a51af5705727d6639,ransomware,NO_VICTIM_ACTIVITY,Makop,cape,full,0,9.0,,130,685,0.0012891735199495595,5.056293233482627,6.37849034503095,338,130,13,2,5,8,0.1,0.015384615384615385,5,47,3,11,33,1,0,0,0,0,0,0,0,0,0,0,,84,4,4,0,1,0,8,0,0,0,0,0,0,1,1,27,8,-298.9,0,0,,,,,,,,
1722,cf9972fdff45287ddd6635c72820b083d613022a20f515546a0d577d8366dccf,ransomware,TRUE_ENCRYPTION,Trigona,cape,full,1,8.0,,1241,0,,,,1619,1241,0,4240,0,0,0.0,3.4165995165189362,54,123,23,4,96,142,0,0,7,0,0,0,0,2,0,0,,0,,,0,0,1,0,0,0,0,0,0,0,0,0,0,0,,0,0,,,,,,,,
1723,4b12f4fdf07d06fb59b5619d01a293c51d32efd183d45a87459b47d5169cfe51,ransomware,FAILED,Makop,cape,full,1,3.5,,0,73,,2.5866244282218926,6.249729969927124,0,0,0,0,0,1,,,0,1,0,0,1,78,0,0,2,1,0,0,0,0,2,1,,81,4,3,0,1,0,1,0,0,0,0,0,0,0,0,1,0,,0,0,,,,,,,,
1724,d168daab4fd03702fcb60af9b380ee785245577e6ad880fa4f117f8559dee596,ransomware,TRUE_ENCRYPTION,Trigona,cape,full,1,8.0,,1460,0,,,,1503,1460,0,4294,0,0,0.0,2.941095890410959,51,221,46,4,171,143,0,0,7,0,0,0,0,2,0,0,,0,,,0,0,1,0,0,0,0,0,0,0,0,0,0,0,,0,0,,,,,,,,
1725,bc0ed3e73b8d1fdc839f2e8ed3578ca3221dba4eb984e581cb00dfb4cdfb7d49,ransomware,FAILED,Makop,cape,full,1,1.3,,0,73,,2.6278972883528535,6.200105759916896,0,0,0,0,0,1,,,0,1,0,0,1,81,7,1,6,1,3,0,4,0,0,4,,0,,,0,0,1,1,0,0,0,0,0,0,0,0,0,0,,0,0,,,,,,,,
1726,ddc3e57e4a913dd5bc8070e7a7760b804aa15f0387bafa7de7d4ac6a4f797300,ransomware,TRUE_ENCRYPTION,Trigona,cape,full,1,8.0,,373,0,,,,1577,373,0,4166,0,0,0.0,11.168900804289544,52,122,11,4,107,142,0,0,7,0,0,0,0,2,0,0,,0,,,0,0,1,0,0,0,0,0,0,0,0,0,0,0,,0,0,,,,,,,,
1727,94658982002db6acea22c68b7619f71154933effd6428a81a235aba6e2789328,ransomware,NO_VICTIM_ACTIVITY,Makop,cape,full,0,9.0,,0,132,,2.904269595427878,6.376825800964972,25,0,0,0,0,8,,,0,16,0,0,16,1,0,0,0,0,0,0,0,0,0,0,,1,0,0,0,1,0,8,0,0,0,0,0,0,2,2,3,0,,0,0,,,,,,,,
1728,8bddecbe432271285be01a38fd30f146180466cc2b5e84aff92089d412aefaea,ransomware,TRUE_ENCRYPTION,Trigona,cape,full,0,9.0,,1100,0,,,,1705,1100,0,4330,0,0,0.0,3.9363636363636365,52,117,21,6,90,13,0,0,0,0,0,0,0,0,0,0,,142,0,0,0,0,1,0,0,0,0,0,0,0,0,0,0,0,,0,0,,,,,,,,
1729,dffefbde27442b9095388b1871ffdc101c430b9a814138be4f962328a5b73fde,ransomware,NO_VICTIM_ACTIVITY,Makop,cape,full,1,9.0,,75,85,-0.004099741033723204,2.8710940393888484,6.237153579285839,83,75,13,2,5,9,0.17333333333333334,0.02666666666666667,4,57,3,9,45,157,0,0,3,0,0,0,2,0,0,1,,90,3,2,0,1,0,10,0,0,0,0,0,0,2,2,32,11,-66.9,0,0,,,,,,,,
1730,dd34bb9b403e1daaf35ad243d4e6bd73b30c6b82d6026e8e69ccf66f521882df,ransomware,TRUE_ENCRYPTION,Trigona,cape,full,0,9.0,,620,0,,,,1573,620,0,4260,0,0,0.0,6.870967741935484,51,117,14,4,99,13,0,0,0,0,0,0,0,0,0,0,,142,0,0,0,0,1,0,0,0,0,0,0,0,0,0,0,0,,0,0,,,,,,,,
1731,0ed05e4be5376f0cf391a78afc7a3114ffbfa064348fb66cd93e8ee6f6b27fe1,ransomware,NO_VICTIM_ACTIVITY,Makop,cape,full,0,10.0,DLAgent06,0,2,,2.75,2.75,12,0,0,0,0,0,,,0,5,0,0,5,1,0,0,0,0,0,0,0,0,0,0,,0,,,0,1,0,0,0,0,0,0,0,0,0,0,16,0,,0,0,,,,,,,,
1732,728a92e80adaf17a7248eb9934e2ffbfb6fbdfee192d86b67d9d765986d402d5,ransomware,TRUE_ENCRYPTION,Trigona,cape,full,0,9.0,,1274,0,,,,1526,1274,0,4202,0,0,0.0,3.2982731554160125,51,127,20,5,102,13,0,0,0,0,0,0,0,0,0,0,,142,0,0,0,0,1,0,0,0,0,0,0,0,0,0,0,0,,0,0,,,,,,,,
1733,c34d0660da24b48480de58aaa394bd27f5a5b1ed9249d897ca4dde70312a87ec,ransomware,NO_VICTIM_ACTIVITY,Makop,cape,full,1,9.0,,5,88,-0.051753998031312656,2.8847835996762994,6.237153579285839,27,5,2,0,0,2,0.4,0.0,1,5,1,1,3,159,0,0,3,0,0,0,2,0,0,1,,93,3,2,0,1,0,2,0,0,0,0,0,0,0,0,1,0,,0,0,,,,,,,,
1734,85f4088286ac1eedc94ad9dc6465e9e4b89d1cde3012f9949450fcc9f2b60431,ransomware,TRUE_ENCRYPTION,Trigona,cape,full,1,8.0,,482,0,,,,1554,482,0,4090,0,0,0.0,8.485477178423237,51,133,19,7,107,142,0,0,7,0,0,0,0,2,0,0,,0,,,0,0,1,0,0,0,0,0,0,0,0,0,0,0,,0,0,,,,,,,,
1735,fc257f64a0279bb5ae221b968d3f38bbb7237a8475c165c5a8430fe6633e3fe6,ransomware,NO_VICTIM_ACTIVITY,Makop,cape,full,1,9.0,,5,87,-0.06405512849916377,2.828976599886631,6.237153579285839,27,5,2,0,0,2,0.4,0.0,1,5,1,0,4,159,0,0,3,0,0,0,2,0,0,1,,94,3,2,0,1,0,2,0,0,0,0,0,0,0,0,1,0,,0,0,,,,,,,,
1736,b49bf3a4baf637e067a8db7360051eba39713b7958519b49f8e236b6014c8477,ransomware,TRUE_ENCRYPTION,Trigona,cape,full,1,9.0,,772,0,,,,2214,772,0,4999,0,0,0.0,6.475388601036269,56,208,27,5,176,152,0,0,7,1,0,0,0,1,1,1,,0,,,0,0,1,0,0,0,0,0,0,0,0,0,1,0,,0,0,,,,,,,,
1737,2b5a3934d3e81fee4654bb1a7288c81af158a6d48a666cf8e379b0492551188f,ransomware,NO_VICTIM_ACTIVITY,Makop,cape,full,1,9.0,,5,88,-0.04396838139460075,2.8245123141723454,6.237153579285839,27,5,2,0,0,2,0.4,0.0,1,6,1,2,3,159,0,0,3,0,0,0,2,0,0,1,,94,3,2,0,1,0,2,0,0,0,0,0,0,0,0,1,0,,0,0,,,,,,,,
1738,212fda15138c362d0f7b8f5a2bf43cf8dca0030eee02f06cf2b0516325386355,ransomware,NO_VICTIM_ACTIVITY,Makop,cape,full,1,9.0,,5,83,-0.0781904841708218,2.7791513098785185,6.237153579285839,27,5,2,0,0,2,0.4,0.0,1,4,1,0,3,159,0,0,3,0,0,0,2,0,0,1,,98,3,2,0,1,0,2,0,0,0,0,0,0,0,0,1,0,,0,0,,,,,,,,
1739,fa2b92d07e6f86bcd56bd1b5d146bedcda1e623028612afab2ee749764046834,ransomware,TRUE_ENCRYPTION,Makop,cape,full,1,9.0,,5024,47507,0.24879834593636474,4.619536540725377,7.365610828148798,4871,5024,2,4991,0,8,0.0003980891719745223,0.9934315286624203,57,195,38,16,141,85,0,0,1,0,0,0,0,0,2,0,,228,4,4,0,1,0,11,4,0,0,0,0,0,1,1,10,0,-387.4,3,1,2,1,7.6,4993,309.2,1,1,0.065
1740,e51abdb2023b560244802f7d9687944dc0dff3042c28d7bc7a2b517df6e24942,ransomware,TRUE_ENCRYPTION,Makop,cape,full,0,9.0,,5025,34933,-0.14842690384959856,5.078632654756846,7.373554368138092,4594,5025,2,4997,0,9,0.0003980099502487562,0.9944278606965175,57,515,135,11,369,10,0,0,0,0,0,0,0,0,0,0,,80,3,3,0,1,0,11,4,0,0,0,0,0,1,1,3,0,-373.4,3,1,2,1,13.7,4999,557.4,1,1,0.055
1741,801384c781c364acdc61e60e5b120359cb4617a42da8155123f3a0381a56495a,ransomware,FAILED,Makop,cape,full,1,3.5,,0,75,,2.5982908383339045,6.237153579285839,0,0,0,0,0,1,,,0,1,0,0,1,82,0,0,3,0,0,0,0,0,2,0,,80,3,3,0,1,0,1,0,0,0,0,0,0,0,0,1,0,,0,0,,,,,,,,
1742,f8a505c194572963b8defea169a2bf9b7e87ba2a38df1afb990623715a81daf3,ransomware,FAILED,Makop,cape,full,1,3.5,,0,72,,2.5953842966394833,6.237153579285839,0,0,0,0,0,1,,,0,1,0,0,1,79,0,0,1,0,0,0,0,0,2,0,,79,3,3,0,1,0,1,0,0,0,0,0,0,0,0,1,0,,0,0,,,,,,,,
1743,03b5ff330cca623ed119cd2a77b2a142bc38f2a8a3a6e714793fe20f7b0c4051,ransomware,FAILED,Makop,cape,full,1,3.5,,0,72,,2.5953842966394833,6.237153579285839,0,0,0,0,0,1,,,0,1,0,0,1,79,0,0,1,0,0,0,0,0,2,0,,79,3,3,0,1,0,1,0,0,0,0,0,0,0,0,1,0,,0,0,,,,,,,,
1744,57eab146f612a387a6d0db7073f200742634a31cc78dda6f59cfdc8996ddca4a,ransomware,FAILED,Makop,cape,full,1,3.5,,0,72,,2.5953842966394833,6.237153579285839,0,0,0,0,0,1,,,0,1,0,0,1,79,0,0,1,0,0,0,0,0,2,0,,79,3,3,0,1,0,1,0,0,0,0,0,0,0,0,1,0,,0,0,,,,,,,,
1745,4aa3ae979ad5fb790408c90ebe653592f5861eb7b8dac54cad59e9ac1c54bac4,ransomware,FAILED,Makop,cape,full,1,3.5,,0,72,,2.5953842966394833,6.237153579285839,0,0,0,0,0,1,,,0,1,0,0,1,79,0,0,1,0,0,0,0,0,2,0,,79,3,3,0,1,0,1,0,0,0,0,0,0,0,0,1,0,,0,0,,,,,,,,
1746,bc225c5fe58ce3b42512871afdcc4513a870812b6b6477d8fe53bca77100660e,ransomware,FAILED,Makop,cape,full,1,3.5,,0,72,,2.5896330149542277,6.237153579285839,0,0,0,0,0,1,,,0,1,0,0,1,95,0,0,4,0,0,0,0,0,2,0,,79,3,3,0,1,0,1,0,0,0,0,0,0,0,0,1,0,,0,0,,,,,,,,
1747,a5eb835060919717bdddb6d66b08618586d55bfb41ccef791c4b5beb7ee319a3,ransomware,TRUE_ENCRYPTION,AKO,cape,full,1,9.0,PwndLocker,543,9560,0.07239916421001533,7.175840508567649,7.377029704751737,338,543,18,82,0,31,0.03314917127071823,0.15101289134438306,11,261,10,44,207,154,8,0,7,0,0,0,0,0,2,1,,0,,,0,0,1,12,4,2,0,0,0,0,3,6,20,1,-327.2,18,2,4,1,20.4,100,524.8,14,1,0.012
1748,15ea46c22b2b5e06b4a8f4dd163b3f89975ca606432e0d79315b6513f1e1f550,ransomware,FAILED,AtomSilo,cape,static_only,0,0.3,,,,,,,,,,,,,,,,,,,,0,0,0,0,0,0,0,0,0,0,0,cryptopp,0,,,,,,,,,,,,,,,,,,,,,,,,,,,
1749,1228d0f04f0ba82569fc1c0609f9fd6c377a91b9ea44c1e7f9f84b2b90552da2,ransomware,TRUE_ENCRYPTION,Avaddon,cape,full,1,9.0,Scarab-Dharma,1059,2212,0.920659413153005,7.066247238388567,7.36256444756063,417,1059,6,72,2,41,0.0056657223796034,0.0679886685552408,17,250,25,44,181,203,8,0,8,4,0,4,5,3,3,4,,0,,,0,0,1,12,1,0,0,0,0,0,5,5,94,95,-10.9,6,1,0,0,,0,394.7,6,1,0.277
1750,630325cac09ac3fab908f903e3b00d0dadd5fdaa0875ed8496fcbb97a558d0da,ransomware,NO_VICTIM_ACTIVITY,BadRabbit,cape,full,1,10.0,BadRabbit,36,436,0.063303864753451,4.679363081039118,7.271564125435718,44,36,4,0,0,8,0.1111111111111111,0.0,3,39,0,21,18,25,0,0,3,0,0,0,0,0,1,0,,503,4,4,0,1,0,12,0,0,0,0,0,1,0,0,5,2,,3,1,0,0,,0,48.8,3,1,0.255
1751,ffb4a81fc336b1d77c81eef96eab0a5249ebb053c8920dd0c02e1d9f3ac257b0,ransomware,NO_VICTIM_ACTIVITY,Chimera,cape,full,0,9.0,,0,0,,,,2,0,0,0,0,10,,,0,11,0,0,11,1,0,0,0,0,0,0,0,0,0,0,,0,,,0,0,1,9,0,0,0,0,0,0,3,3,2,0,,0,0,,,,,,,,
1752,b1ac46470933de2096f95f35116dc3dd2a52b416150b75dc3d5e3ee4d521a09a,ransomware,TRUE_ENCRYPTION,CryLock,cape,full,1,10.0,CryLock,2227,0,,,,2938,2227,5,1751,0,4,0.00224517287831163,0.7862595419847328,37,480,326,20,134,190,0,0,8,0,3,0,2,1,0,2,,0,,,0,0,1,4,0,0,0,0,0,0,1,1,11,1,-389.3,0,0,,,,,,,,
1753,0291e99acfedf4e277d56babb2783ce0a01e873a42627b4e3f4a56c2a10cc24d,ransomware,TRUE_ENCRYPTION,CrySIS,cape,full,0,10.0,Dharma,441,0,,,,561,441,2756,902,0,8,6.249433106575964,2.0453514739229024,105,299,46,15,238,9,0,0,0,0,0,0,0,0,0,0,,0,,,0,0,1,7,1,0,0,0,0,0,0,0,7,0,,1,1,0,0,,0,500.8,1,1,0.204
1754,e477af6d35159a718921669fe67027ac5d529bdb6b75fd68611735e2fb9c1c9b,ransomware,NO_VICTIM_ACTIVITY,CryptoLocker,cape,full,1,9.0,,12,9361,-0.04093386587630573,,,2,12,2,1,0,8,0.16666666666666666,0.08333333333333333,2,15,0,5,10,29,0,0,1,0,0,0,0,0,0,0,,54,0,0,0,1,0,9,0,0,0,0,0,0,2,2,19,3,-49.3,0,0,,,,,,,,
1755,b2b12a1c84dd1f3280d69db6adf1b63c10fd90dee220c224512e0bcb8601cf5f,ransomware,NO_VICTIM_ACTIVITY,CryptoWall,cape,full,1,9.0,,20,990,0.12150084315911565,3.459828936999982,3.4598289369999815,5,20,1,0,0,2,0.05,0.0,1,8,0,4,4,266,0,0,4,0,0,0,0,1,0,0,,0,,,0,1,0,3,0,0,0,0,0,0,0,3,12,1,-4.4,0,0,,,,,,,,
1756,b3da793a00eebaf8987fe2b759369e3d7ff02d91111c219c707bcb9709357637,ransomware,TRUE_ENCRYPTION,Diavol,cape,full,1,10.0,Diavol,721,21,-0.08133813714935763,6.540566257125209,6.620331947593915,2812,721,0,3497,0,0,0.0,4.850208044382802,54,543,23,12,508,92,0,0,3,0,0,0,0,0,2,0,,0,,,0,1,0,0,0,0,0,0,0,0,0,201,4,0,13.7,0,0,,,,,,,,
1757,e81e9dfe89a98449992b1ca9e4acb9905b606dc3de186b9de94241bde3b230be,ransomware,NO_VICTIM_ACTIVITY,Djvu,cape,full,1,10.0,STOP,15,34,0.45379713641374003,4.403698498817158,5.9178475667722275,13,15,4,0,1,5,0.26666666666666666,0.0,2,12,0,4,8,81,0,0,4,0,0,0,0,0,2,0,,236,3,3,0,1,0,5,0,0,0,0,0,0,2,2,6,0,-375.1,0,0,,,,,,,,
1758,ebffc9ced2dba66db9aae02c7ccd2759a36c5167df5cd4adb151b20e7eab173c,ransomware,TRUE_ENCRYPTION,Embargo,cape,full,1,9.0,,1926,0,,,,880,1926,8,3219,0,9,0.004153686396677051,1.6713395638629283,81,197,14,12,171,252,2,2,7,5,4,4,5,4,1,5,,0,,,1,0,0,6,0,2,0,0,0,0,3,3,70,73,-2.1,1,1,0,0,,0,485.7,1,1,0.02
1759,bedda55a233c9dff70e80311718207465dd17795b582f3b73bef45de9f5eac1e,ransomware,NO_VICTIM_ACTIVITY,GoldenEye,cape,full,1,7.0,,27,0,,,,27,27,0,0,0,54,0.0,0.0,0,76,0,27,49,84,0,0,2,0,0,0,0,1,0,0,,168,0,0,0,0,1,54,0,0,0,0,0,0,0,0,54,0,,0,0,,,,,,,,
1760,fbb3316fa6994fd3c19dd45b98ffa5ff2c6249c08fcd832fa912bc305dcd8ffc,ransomware,FAILED,Hades,cape,static_only,1,0.8,,,,,,,,,,,,,,,,,,,,42,0,0,2,1,0,0,0,0,0,1,,0,,,,,,,,,,,,,,,,,,,,,,,,,,,
1761,7cd7c04c62d2a8b4697ceebbe7dd95c910d687e4a6989c1d839117e55c1cafd7,ransomware,TRUE_ENCRYPTION,Helldown,cape,full,1,9.0,,39,220,0.30878065687004463,3.9268298388251015,4.058813890331201,22,39,0,475,0,13,0.0,12.179487179487179,39,165,1,6,158,156,4,2,6,0,3,4,1,3,2,4,,0,,,0,0,1,22,5,0,0,5,0,0,3,4,11,0,-82.6,7,2,0,0,,0,171.9,4,1,0.159
1762,4dd08b0bab6f19d143cca6f96c8b780da7f60dbf74f1c16c3442bc9f07d38030,ransomware,TRUE_ENCRYPTION,HiddenTear,cape,full,0,9.0,Scarab-Dharma,293,2029,-0.036576212939163195,4.511285364048911,5.90625,169,293,1,126,1,5,0.0034129692832764505,0.4300341296928328,17,44,24,3,17,1,0,0,0,0,0,0,0,0,0,0,,0,,,0,1,0,5,0,0,0,0,0,0,0,0,11,0,,0,0,,,,,,,,
1763,6c6d2bc2d895c9e0b8946c0d1ad5611632e479eecb481031e5f3744e1a6f65b0,ransomware,NO_VICTIM_ACTIVITY,Jigsaw,cape,full,0,3.7,,0,0,,,,6,0,0,0,0,0,,,0,2,0,0,2,0,0,0,0,0,0,0,0,0,0,0,,0,,,,,,0,0,0,0,0,0,0,0,0,0,0,,0,0,,,,,,,,
1764,354a362811b8917bd7245cdd43fe12de9ca3f5f6afe5a2ec97eec81c400a4101,ransomware,TRUE_ENCRYPTION,LockFile,cape,full,1,9.0,,14,0,,,,18,14,1,1535,0,22,0.07142857142857142,109.64285714285714,48,318,0,10,308,110,0,0,4,0,0,0,2,0,2,1,cryptopp,0,,,0,0,1,32,0,0,0,0,0,0,2,2,2,0,2.0,9,1,9,1,213.9,1536,378.7,0,1,
1765,afec2b2af3ace2c478382f9366f6cbc9b9579f2c9a4273150fc33a2ccd59284c,ransomware,FAILED,Locky,cape,full,1,10.0,Locky,0,4,,2.0,2.0,1,0,0,0,0,1,,,0,1,0,0,1,71,0,0,3,0,0,0,0,0,2,0,,374,4,4,0,1,0,1,0,0,0,0,0,0,0,0,0,0,,0,0,,,,,,,,
1766,a74090c628ad4799cbd5123e0770968a456e6239a96a62e85aa0963b72a1ccd9,ransomware,TRUE_ENCRYPTION,Maoloa,cape,full,0,9.0,,4899,282,-0.1930591863812358,6.549650180031239,6.712852441389348,4737,4899,0,4705,0,1,0.0,0.9604000816493162,74,166,68,13,85,6,0,0,0,0,1,0,0,0,0,1,,0,,,0,1,0,1,1,0,0,0,0,0,0,0,7,0,,0,0,,,,,,,,
1767,2e4c3ae32372bb1b189665e8e84c13bcc88e7f2c7459f71e075694fd3aaf8376,ransomware,TRUE_ENCRYPTION,Matrix,cape,full,0,10.0,VSSDestroy,1173,272,-0.037546614812653936,6.178455053569483,6.376825800964972,1282,1173,3,4992,1,43,0.0025575447570332483,4.255754475703325,70,242,8,82,152,11,0,0,0,0,0,0,0,0,0,0,,151,2,2,0,1,0,30,0,0,0,0,0,0,4,4,24,0,-483.7,3,1,0,0,,0,386.7,3,1,0.374
1768,2daa5144081dd288c1dc936ec27b1c8bd709633450ceb73f235fccd1c3d3c62e,ransomware,TRUE_ENCRYPTION,Nefilim,cape,full,1,9.0,Nefilim,1073,725,0.7690721324960186,7.168080492647899,7.327608297015313,238,1073,0,238,0,18,0.0,0.22180801491146318,36,41,23,0,18,88,6,0,6,1,0,0,0,0,2,2,,0,,,0,0,1,9,0,0,0,0,0,0,3,8,2,0,-29.7,0,0,,,,,,,,
1769,ff5757086c464d624f4a6674d65409fb6fa84ad5ac089583ebc994ba949458d7,ransomware,FAILED,NightSky,cape,static_only,1,0.8,,,,,,,,,,,,,,,,,,,,193,3,1,7,1,0,4,1,0,2,4,,0,,,,,,,,,,,,,,,,,,,,,,,,,,,
1770,035e930157848f2a4439c096471d2296b0d7379d92a1762a0de5f51ab106be68,ransomware,TRUE_ENCRYPTION,Pandora,cape,full,1,9.0,Scarab-Dharma,368,6,0.33266018532725095,6.537633137964494,6.585784765557392,265,368,9,461,0,9,0.024456521739130436,1.252717391304348,48,160,29,16,115,127,3,1,6,5,3,4,0,0,2,4,,0,,,0,0,1,6,3,0,0,0,0,0,3,3,27,11,-42.8,1,1,0,0,,0,156.8,1,1,0.316
1771,4dabb914b8a29506e1eced1d0467c34107767f10fdefa08c40112b2e6fc32e41,ransomware,TRUE_ENCRYPTION,Paradise,cape,full,1,9.0,Scarab-Dharma,2590,8256,-0.3081582290616431,4.530893063954247,7.239737049050786,2706,2590,1,2599,8226,12,0.0003861003861003861,1.0034749034749035,79,533,167,5,361,151,3,1,8,5,0,4,0,0,1,3,,0,,,0,0,1,11,3,0,0,0,2,0,5,8,22,8,-30.4,1,1,0,0,,0,531.0,1,1,0.008
1772,b1ab81351ec03c050a9424eaac1d1996308a440db04fd95ec5cada60aa524f1a,ransomware,NO_VICTIM_ACTIVITY,Petya,cape,full,1,9.0,,40,9,-0.06118110697928461,3.771240625180289,5.75,37,40,0,0,0,0,0.0,0.0,0,3,0,3,0,89,3,1,5,0,0,0,2,0,2,2,openssl,0,,,0,0,1,0,0,0,0,0,0,0,0,0,0,0,,0,0,,,,,,,,
1773,1650fa7dfd5cc553776b130e27195d407ab18a356773e0c4b471102764ef25dd,ransomware,NO_VICTIM_ACTIVITY,Phoenix,cape,full,1,10.0,Phoenix,67,1584,-0.004488559926982903,3.0134113195481587,6.376825800964972,32,67,9,2,5,3,0.13432835820895522,0.029850746268656716,3,20,2,7,11,527,0,0,8,1,1,0,5,1,2,3,,2,0,0,0,1,0,4,0,0,0,0,0,0,1,1,23,8,-316.9,0,0,,,,,,,,
1774,042271aadf2191749876fc99997d0e6bdd3b89159e7ab8cd11a9f13ae65fa6b1,ransomware,NO_VICTIM_ACTIVITY,Prometheus,cape,full,1,9.0,,2,0,,,,13,2,0,0,0,8,0.0,0.0,0,10,0,2,8,70,0,0,4,1,0,0,0,0,2,1,,0,,,0,0,1,9,0,0,0,0,0,0,2,2,18,0,-17.0,1,1,0,,,,,,,
1775,db8b499d613b604a439bca37c3be2f578bdfcde1b2271eccbcf22db85996e785,ransomware,TRUE_ENCRYPTION,Ragnarok,cape,full,1,9.0,Ragnarok,1719,16993,0.6670643699264707,2.226856090430778,6.75,797,1719,0,722,0,8,0.0,0.4200116346713205,13,108,77,12,19,82,3,1,5,0,0,0,0,0,2,1,,0,,,0,0,1,8,2,4,0,0,0,0,0,0,4,1,,3,2,3,1,25.2,722,205.1,0,1,
1776,0fbfdb8340108fafaca4c5ff4d3c9f9a2296efeb9ae89fcd9210e3d4c7239666,ransomware,TRUE_ENCRYPTION,Ranzy,cape,full,1,10.0,RanzyLocker,673,5,-0.0042744852218989495,7.186999481368476,7.200514490232819,193,673,9,136,0,65,0.01337295690936107,0.20208023774145617,27,131,50,15,66,124,6,0,7,0,0,4,3,3,3,3,,0,,,0,0,1,15,1,0,0,0,0,0,3,5,47,43,-56.8,5,1,0,0,,0,460.9,5,1,0.064
1777,7d98972d5c78e1d4969da76856d6818942b606c267efa67fd31d39ae77497e9c,ransomware,TRUE_ENCRYPTION,Rapid,cape,full,1,10.0,Rapid,1646,36603,-0.05625572732416176,5.505029554472577,7.355961170051288,1630,1646,3,2759,1,17,0.0018226002430133657,1.6761846901579587,147,319,97,40,182,126,7,0,7,0,0,0,3,0,2,2,,0,,,0,0,1,25,9,4,0,0,0,0,3,3,9,0,32.1,4,2,4,1,20.5,2762,588.3,0,1,
1778,a00021822a02dd5d2fbd348e14902358762378421a6004f26434c4d4aa15fbea,ransomware,TRUE_ENCRYPTION,Rook,cape,full,1,9.0,,2004,1,-0.0608065481334292,,,1696,2004,3,2486,0,25,0.0014970059880239522,1.2405189620758483,100,584,158,71,355,171,1,0,7,1,3,4,3,2,2,5,,0,,,0,0,1,19,7,6,0,0,0,0,4,4,10,42,-40.3,4,2,1,1,3.0,2489,610.1,3,1,0.033
1779,9dd1839b1090c0467211f689214df91e5eb8e73830f2a2ea9e3408e527fe4096,ransomware,NO_VICTIM_ACTIVITY,Sage,cape,full,1,9.0,,381,0,,,,239,381,78,3,0,61,0.2047244094488189,0.007874015748031496,4,212,2,66,144,136,0,0,3,0,0,0,0,0,2,0,,0,,,0,0,1,16,0,0,0,0,0,0,3,8,6,0,96.1,1,1,1,1,19.5,81,474.3,0,1,
1780,2f294d301d8bb9b947f41faf20df104710d5c4b2f469145d4e469ca7d1998b2f,ransomware,NO_VICTIM_ACTIVITY,SamSam,cape,full,0,7.0,,0,0,,,,1,0,0,0,0,1,,,0,2,0,0,2,1,0,0,0,0,0,0,0,0,0,0,,0,,,0,0,1,1,0,0,0,0,0,0,0,0,0,0,,0,0,,,,,,,,
1781,28f299818268701eb239974b74b3d80fc28e2d14cc0f45a52a9bc62be784d170,ransomware,NO_VICTIM_ACTIVITY,Satan,cape,full,1,10.0,Satan,93,24,0.01497813096643811,7.716973993292083,7.738771946979899,10,93,0,0,0,19,0.0,0.0,0,34,0,14,20,43,2,0,3,0,0,0,3,1,2,2,,321,3,1,0,0,1,12,0,0,0,0,0,0,1,1,6,0,-532.8,0,0,,,,,,,,
1782,0ba7d87707e5cd53958cb9afd59f1c70b76bad4ba28341e8bdee3d32bf417edb,ransomware,TRUE_ENCRYPTION,Scarab,cape,full,1,9.0,,3063,0,,,,2654,3063,1552,4908,2,10,0.5066927848514529,1.602350636630754,45,507,92,9,406,149,0,0,6,0,3,0,0,1,0,1,,0,,,0,0,1,12,0,0,0,0,0,0,2,2,8,0,-12.5,0,0,,,,,,,,
1783,61127e59a07d048c40097f88d0a7341665693e6650fee73b402c36004926fd2c,ransomware,NO_VICTIM_ACTIVITY,Spora,cape,full,1,9.0,,8365,3,-0.006979876368575639,4.8125,4.8125,592,8365,2,1,2,62,0.00023909145248057382,0.00011954572624028691,2,254,0,151,103,194,3,1,8,0,0,0,1,1,2,2,boost;cryptopp,0,,,0,0,1,43,1,0,0,0,0,1,3,4,23,0,-24.4,4,2,4,1,84.8,3,290.7,0,1,
1784,6df87fb710e47fa8fa5181c0cce49ad33358885a7b96df5ea703557a799d6ba4,ransomware,FAILED,TeslaCrypt,cape,full,0,6.0,,3,0,,,,1,3,1,1,1,1,0.3333333333333333,0.3333333333333333,1,4,1,1,2,4,0,0,0,0,0,0,0,0,0,0,,288,0,0,0,0,1,1,0,0,0,0,0,0,0,0,0,0,,0,0,,,,,,,,
1785,69c56d12ed7024696936fb69b4c6bee58174a275cb53fa966646a0b092d9626b,ransomware,TRUE_ENCRYPTION,Thanos,cape,full,0,10.0,Thanos,494,12649,-0.06443780083733529,3.9703130649896754,7.279954811623239,42,494,69,3,0,30,0.1396761133603239,0.006072874493927126,25,170,0,70,100,1,0,0,0,0,0,0,0,0,0,0,,0,,,0,1,0,26,0,0,0,10,0,0,1,1,3,0,-618.7,15,2,9,1,161.7,72,497.1,6,1,0.063
1786,e05323d9ca6df47d9add5b2f757ea2490ebd11dfe1b56b82a9e93ba9d814e162,ransomware,FAILED,TorrentLocker,cape,full,1,1.2,,0,0,,,,0,0,0,0,0,0,,,0,0,0,0,0,167,0,0,8,1,0,0,0,1,2,1,,0,,,0,0,1,0,0,0,0,0,0,0,0,0,0,0,,0,0,,,,,,,,
1787,1cdadad999b9e70c87560fcd9821c2b0fa4c0a92b8f79bded44935dd4fdc76a5,ransomware,NO_VICTIM_ACTIVITY,VegaLocker,cape,full,1,6.0,,1,0,,,,3,1,2,0,1,5,2.0,0.0,1,9,1,0,8,113,0,0,3,0,0,0,0,0,0,0,,16,0,0,0,0,1,5,0,0,0,0,0,0,0,0,2,0,,0,0,,,,,,,,
1788,26ebdda500de80766d1d4d080d608d6e3ee48a78401c1084f0c2399f1605c7c2,ransomware,TRUE_ENCRYPTION,WastedLocker,cape,full,1,9.0,,75,0,,,,31,75,0,30,0,0,0.0,0.4,13,6,5,1,0,164,0,0,9,0,0,0,0,1,2,0,boost,0,,,0,0,1,0,0,0,0,0,0,0,0,0,13,0,,0,0,,,,,,,,
1789,5d22974322ba4d6adb968e48ec84bc9eb110833d4a4f26b2c778a9d4359baa2f,ransomware,TRUE_ENCRYPTION,Xorist,cape,full,1,10.0,Xorist,4508,0,,,,3597,4508,0,4194,1,0,0.0,0.9303460514640639,23,304,74,107,123,71,2,0,3,0,0,0,0,0,0,1,,0,,,1,0,0,0,0,0,0,0,0,0,0,0,9,0,,0,0,,,,,,,,
1790,f9a5a72ead096594c5d59abe706e3716f6000c3b4ebd7690f2eb114a37d1a7db,ransomware,NO_VICTIM_ACTIVITY,Yashma,cape,full,0,10.0,Chaos,0,2,,3.0,3.0,13,0,0,0,0,0,,,0,6,0,0,6,1,0,0,0,0,0,0,0,0,0,0,,0,,,0,1,0,0,0,0,0,0,0,0,0,0,2,0,,0,0,,,,,,,,
1791,b541a9f64fe12c31fff460ab0deef392a8441eeb102805ed578effc6e6eaed96,ransomware,FAILED,Zeoticus,cape,static_only,0,2.8,,,,,,,,,,,,,,,,,,,,0,0,0,0,0,0,0,0,0,0,0,,0,,,,,,,,,,,,,,,,,,,,,,,,,,,
1792,5f614a8e35bd80a603cf98846c6a44030ad18bed45ac83bd2110d83e8a090de4,ransomware,TRUE_ENCRYPTION,AtomSilo,cape,full,0,9.0,,1652,0,,,,0,1652,0,2447,0,0,0.0,1.4812348668280872,43,365,0,95,270,19,0,0,0,0,0,0,1,0,0,1,,19,1,0,0,0,1,0,0,0,0,0,0,0,0,0,0,0,,0,0,,,,,,,,
1793,d841d0a10e8b6885f1b8e1282c70e88d4f74471fbbe1b4b6f29b4ca238b1e8cb,ransomware,TRUE_ENCRYPTION,Avaddon,cape,full,0,9.0,,914,2375,0.9528016689556977,7.053683260717469,7.38457470694674,663,914,11,70,1,57,0.012035010940919038,0.07658643326039387,22,313,19,16,278,0,0,0,0,0,0,0,0,0,0,0,,0,,,,,,17,1,0,0,0,0,0,4,8,70,80,-10.3,3,1,0,0,,0,391.0,3,1,0.103
1794,8ebc97e05c8e1073bda2efb6f4d00ad7e789260afa2c276f0c72740b838a0a93,ransomware,NO_VICTIM_ACTIVITY,BadRabbit,cape,full,1,4.999999999999999,,12,3,-0.04651737425355501,7.197457863890125,7.197457863890125,23,12,0,0,0,6,0.0,0.0,0,18,0,9,9,174,8,1,5,3,0,0,0,0,2,2,,0,,,0,0,1,6,0,0,0,0,0,0,0,0,2,2,,1,1,0,,,,,,,
1795,1dacdc296fd6ef6ba817b184cce9901901c47c01d849adfa4222bfabfed61838,ransomware,NO_VICTIM_ACTIVITY,Chimera,cape,full,0,9.0,,4,0,,,,2,4,1,1,0,25,0.25,0.25,1,30,0,2,28,1,0,0,0,0,0,0,0,0,0,0,,0,,,0,0,1,15,0,0,0,0,0,0,4,8,15,3,261.7,0,0,,,,,,,,
1796,933d74ff8619fec658ef6c115cc0f0095cef36148922ccddbd7900cbf12afef8,ransomware,TRUE_ENCRYPTION,CryLock,cape,full,1,10.0,CryLock,50,0,,,,1300,50,0,2151,0,0,0.0,43.02,13,373,0,1,372,216,0,0,3,0,0,0,1,0,0,1,,0,,,0,0,1,0,0,0,0,0,0,0,0,0,5,0,,0,0,,,,,,,,
1797,8cf50ae247445de2e570f19705236ed4b1e19f75ca15345e5f00857243bc0e9b,ransomware,NO_VICTIM_ACTIVITY,CryptoLocker,cape,full,0,9.0,,0,0,,,,2,0,0,0,0,8,,,0,9,0,0,9,1,0,0,0,0,0,0,0,0,0,0,,0,,,0,0,1,7,0,0,0,0,0,0,2,2,2,0,,0,0,,,,,,,,
1798,45317968759d3e37282ceb75149f627d648534c5b4685f6da3966d8f6fca662d,ransomware,NO_VICTIM_ACTIVITY,CryptoWall,cape,full,1,8.0,,0,0,,,,0,0,0,0,0,0,,,0,0,0,0,0,183,0,0,1,0,0,0,2,0,2,1,boost,0,,,0,0,1,0,0,0,0,0,0,0,0,0,0,0,,0,0,,,,,,,,
1799,79456569b6aba9d00e641ce0067a0b18e4fe69232d6c356201d1ab62ebfe4c8f,ransomware,TRUE_ENCRYPTION,Diavol,cape,full,1,10.0,Diavol,722,21,0.010151609054062524,6.548987755889464,6.628829882778696,2814,722,1,4999,0,2,0.0013850415512465374,6.923822714681441,55,193,8,1,184,97,0,0,3,0,0,0,0,0,2,0,,0,,,0,1,0,3,0,0,0,0,0,0,2,203,5,0,1.5,0,0,,,,,,,,
1800,e8bcd430d48c430ced6992340cbce21ffc1a4d8cc60e6255b76870d33a5ea6b9,ransomware,NO_VICTIM_ACTIVITY,Djvu,cape,full,1,10.0,STOP,16,35,0.6634454154694919,4.403698498817158,5.9178475667722275,13,16,4,0,1,6,0.25,0.0,2,14,0,4,10,86,0,0,4,0,0,0,0,1,2,0,,236,3,3,0,1,0,6,0,0,0,0,0,0,1,1,6,0,-374.4,0,0,,,,,,,,
1801,170680a09289ac6969171ff4173cd7a17106b8a5a3443ca4c987cb32bdc39808,ransomware,NO_VICTIM_ACTIVITY,GoldenEye,cape,full,0,10.0,Petya,46,3979,-0.02489786555583148,7.093816758795399,7.367764974538175,20,46,3,0,0,4,0.06521739130434782,0.0,3,18,0,10,8,8,0,0,2,0,0,0,0,0,0,0,,355,4,4,0,1,0,6,0,0,0,0,0,0,0,0,4,0,,1,1,0,0,,0,37.6,1,1,0.659
1802,5eea7bdaad184396c6fc37909eaca623d79aa960b4e06078bdcbe0e904685a9d,ransomware,FAILED,Hades,cape,static_only,0,0.3,,,,,,,,,,,,,,,,,,,,0,0,0,0,0,0,0,0,0,0,0,,0,,,,,,,,,,,,,,,,,,,,,,,,,,,
1803,0bfe25de8c46834e9a7c216f99057d855e272eafafdfef98a6012cecbbdcfabf,ransomware,TRUE_ENCRYPTION,Helldown,cape,full,1,9.0,,39,233,0.20789774620811735,3.9628748287090954,4.169925001442312,105,39,0,499,0,10,0.0,12.794871794871796,39,168,2,5,161,156,4,2,6,0,3,4,1,3,2,4,,0,,,0,0,1,20,5,0,0,4,0,0,3,17,11,0,-78.0,6,2,0,0,,0,173.2,4,1,0.238
1804,ecfb5c95d0f3d112650ef4047936e8fa5244c21c921f6c7a6963e92abab4949d,ransomware,TRUE_ENCRYPTION,HiddenTear,cape,full,0,9.0,Scarab-Dharma,659,26042,-0.07268862953702772,3.7093604930182806,7.140319531114784,1365,659,0,273,2,0,0.0,0.4142640364188164,32,554,215,21,318,1,0,0,0,0,0,0,0,0,0,0,,0,,,0,1,0,0,0,0,0,0,0,0,0,0,3,0,,0,0,,,,,,,,
1805,7b2314d6af6b3df7723dbd88439b29fb990e8133cba441c76b9683b68a5adfd1,ransomware,NO_VICTIM_ACTIVITY,Jigsaw,cape,full,0,3.7,,0,0,,,,6,0,0,0,0,0,,,0,3,0,0,3,0,0,0,0,0,0,0,0,0,0,0,,0,,,,,,0,0,0,0,0,0,0,0,0,0,0,,0,0,,,,,,,,
1806,61423a95146d5fca47859e43d037944edb32f2004d86e14c7a522270bde6e2a8,ransomware,FAILED,LockFile,cape,full,1,1.0,,4,0,,,,0,4,0,0,0,0,0.0,0.0,0,1,0,1,0,138,0,0,6,0,0,0,1,1,2,1,,0,,,0,0,1,0,0,0,0,0,0,0,0,0,0,0,,0,0,,,,,,,,
1807,3329641a171508fa6b1ad7674b31431093d46be190d1a51acd77e486f42d9c8e,ransomware,TRUE_ENCRYPTION,Locky,cape,full,1,9.0,Scarab-Dharma,438,6347,0.8691993875294945,2.19924498775606,7.29578933212955,250,438,61,186,0,8,0.13926940639269406,0.4246575342465753,21,43,28,3,12,75,0,0,1,0,0,0,0,0,0,0,,0,,,0,1,0,8,1,0,0,0,0,0,1,1,6,0,-207.7,1,1,0,0,,0,46.4,1,1,0.055
1808,af6633837862364f72076eefae7b24aae8f83d713af239b140f6ad11d149074d,ransomware,NO_VICTIM_ACTIVITY,Maoloa,cape,full,0,9.0,,130,559,0.00457801069340859,5.708558032739554,6.37849034503095,346,130,14,2,5,6,0.1076923076923077,0.015384615384615385,6,50,3,12,35,1,0,0,0,0,0,0,0,0,0,0,,3,0,0,0,1,0,6,0,0,0,0,0,0,1,1,43,8,-241.2,0,0,,,,,,,,
1809,d87d1fbeffe5b18e22f288780bf50b1e7d5af9bbe2480c80ea2a7497a3d52829,ransomware,TRUE_ENCRYPTION,Matrix,cape,full,1,10.0,VSSDestroy,1227,2,-0.004977100876229395,5.171928094887363,5.171928094887363,1239,1227,1,4990,1,101,0.0008149959250203749,4.066829665851671,50,320,10,90,220,166,3,1,6,1,0,0,1,1,0,3,,123,2,0,0,0,1,113,0,0,0,0,0,0,0,0,8,0,,4,1,0,0,,0,604.9,4,1,0.108
1810,fb3f622cf5557364a0a3abacc3e9acf399b3631bf3630acb8132514c486751e7,ransomware,TRUE_ENCRYPTION,Nefilim,cape,full,1,10.0,Nefilim,352,180,0.507066908087584,5.65209200458174,5.9534850284493706,303,352,0,57,0,0,0.0,0.16193181818181818,22,195,37,119,39,40,0,0,1,0,0,0,0,0,1,0,boost,0,,,0,1,0,0,0,0,0,0,0,0,0,0,0,0,,0,0,,,,,,,,
1811,ba1f9c68fccc42d231cc0de9142039853b3437501dc9ec6f111a3cac177dd1a9,ransomware,FAILED,NightSky,cape,static_only,1,0.8,,,,,,,,,,,,,,,,,,,,193,3,1,7,1,0,4,1,0,2,4,,0,,,,,,,,,,,,,,,,,,,,,,,,,,,
1812,d690a8d796c093d8c88140f8dc662f6b0a315faa95340b4882951900628c3e08,ransomware,TRUE_ENCRYPTION,Pandora,cape,full,1,9.0,Scarab-Dharma,272,8,0.011700675641246416,6.573856743319961,6.660079882778696,201,272,11,720,0,19,0.04044117647058824,2.6470588235294117,51,268,28,28,212,93,0,0,7,0,0,0,0,1,2,0,,135,4,4,0,1,0,8,3,0,0,0,0,0,4,6,47,12,-23.6,3,1,0,0,,0,512.4,3,1,0.141
1813,ac931f9419235283f509bbed222918c34b72cfd8f29c83af5ad35d249f42c41c,ransomware,NO_VICTIM_ACTIVITY,Petya,cape,full,0,9.0,,300,0,,,,4,300,0,0,0,0,0.0,0.0,0,5,0,2,3,2,0,0,0,0,0,0,0,0,0,0,,0,,,0,0,1,0,0,0,0,0,0,0,0,0,0,0,,0,0,,,,,,,,
1814,a1c3e1f6e6b81321e3cf866d05f5b19987203bcd576e9e3e2398641490f0bfb4,ransomware,NO_VICTIM_ACTIVITY,Prometheus,cape,full,0,10.0,DCRat,528,783,-0.029837758775875058,5.8627762258244465,7.176359984646715,945,528,6,19,20,14,0.011363636363636364,0.03598484848484849,5,145,2,33,110,1,0,0,0,0,0,0,0,0,0,0,,19,0,0,0,1,0,14,0,0,0,0,0,0,2,2,36,0,-9.7,0,0,,,,,,,,
1815,c4f72b292750e9332b1f1b9761d5aefc07301bc15edf31adeaf2e608000ec1c9,ransomware,TRUE_ENCRYPTION,Ranzy,cape,full,1,10.0,RanzyLocker,316,1561,0.3604527214163941,7.175895793766569,7.327005065450436,120,316,9,75,0,63,0.028481012658227847,0.23734177215189872,26,126,22,24,80,127,8,1,7,0,0,4,3,3,3,3,,0,,,0,0,1,15,1,0,0,0,0,0,3,4,46,43,-53.3,5,1,0,0,,0,425.1,5,1,0.032
1816,c3fb821138d38ef9a2b0c77a4a3572ca38499b2dac3530c4a5faf2f789d57fc1,ransomware,TRUE_ENCRYPTION,Rapid,cape,full,1,10.0,Rapid,1948,37325,-0.017573448783679297,5.5385002026780485,7.3695649491378274,1863,1948,3,2922,1,20,0.001540041067761807,1.5,159,273,91,28,154,127,7,0,7,0,0,0,5,0,2,2,,0,,,0,0,1,26,9,4,0,0,0,0,3,3,10,0,14.4,4,2,4,1,16.4,2925,581.6,0,1,
1817,e8a3208f506f06dc3b3dfb9a30f2f7553672ef67a0f5d4e23f254e44d1fb7ed9,ransomware,FAILED,Rook,cape,static_only,1,0.8,,,,,,,,,,,,,,,,,,,,23,1,0,0,0,1,1,0,0,0,3,,0,,,,,,,,,,,,,,,,,,,,,,,,,,,
1818,1f1d632a3baecaea7fefcfdf6af7191bbb18a4cd983ebf51a6b37c602971ee11,ransomware,TRUE_ENCRYPTION,Sage,cape,full,1,9.0,Sage,570,0,,,,486,570,95,63,0,40,0.16666666666666666,0.11052631578947368,14,165,26,47,92,204,0,0,4,0,0,0,1,0,2,1,,0,,,0,0,1,21,1,2,0,0,0,0,2,2,59,0,-361.7,1,1,1,1,10.5,158,448.8,0,1,
1819,bcf49e8f493c9eff83d9bc891e91dc91777f02b4f176e44b20f9a2d651f20fc3,ransomware,TRUE_ENCRYPTION,Spora,cape,full,0,10.0,MedusaLocker,1089,1068,0.4932172615715188,5.07178139330936,7.149656873011516,682,1089,8,377,0,64,0.0073461891643709825,0.34618916437098257,61,188,96,36,56,12,1,0,0,0,1,1,0,0,0,3,,0,,,0,0,1,18,2,0,2,0,0,0,3,13,19,10,80.4,4,2,4,1,98.5,385,336.4,0,1,
1820,c2efb7f53b1a7a61f2abf2d1b64d0d5085989ad65a9749a58e54a238e8044dbf,ransomware,FAILED,TeslaCrypt,cape,full,0,6.0,,3,0,,,,1,3,1,1,1,1,0.3333333333333333,0.3333333333333333,1,4,1,1,2,4,0,0,0,0,0,0,0,0,0,0,,288,0,0,0,0,1,1,0,0,0,0,0,0,0,0,0,0,,0,0,,,,,,,,
1821,ae66e009e16f0fad3b70ad20801f48f2edb904fa5341a89e126a26fd3fc80f75,ransomware,FAILED,Thanos,cape,static_only,0,10.0,Thanos,,,,,,,,,,,,,,,,,,,0,0,0,0,0,0,0,0,0,0,0,,0,,,,,,,,,,,,,,,,,,,,,,,,,,,
1822,73159f39eb305727b645fd77392deb7ad72687830cd20cc8f94db55bce8a85a6,ransomware,FAILED,TorrentLocker,cape,full,1,1.2,,0,0,,,,0,0,0,0,0,0,,,0,0,0,0,0,167,0,0,8,1,0,0,0,1,2,1,,0,,,0,0,1,0,0,0,0,0,0,0,0,0,0,0,,0,0,,,,,,,,
1823,db665f26dbc4ca92d326f2cb98faafb9e84d404346b201cd88bec91ce4206bb2,ransomware,TRUE_ENCRYPTION,WastedLocker,cape,full,1,8.0,,447,2187,0.6238167630525874,6.7707287451881655,7.32207470694674,1,447,6,201,1,4,0.013422818791946308,0.44966442953020136,30,44,0,3,41,234,0,0,10,1,0,0,0,1,0,1,,199,4,3,0,1,0,4,0,0,0,0,0,0,0,0,0,0,,0,0,,,,,,,,
1824,809ace7cfbca9f9a1f385fbd0a07c07c8d145a52075e936ca808b8365e22b4d1,ransomware,TRUE_ENCRYPTION,Xorist,cape,full,0,10.0,Xorist,4901,0,,,,4087,4901,0,4699,1,0,0.0,0.9587839216486431,26,536,294,166,76,12,0,0,0,0,0,0,0,0,0,0,,71,1,1,0,0,1,0,0,0,0,0,0,0,0,0,9,0,,0,0,,,,,,,,
1825,c373d37b5a9427a18dbf93d519968d9fda04f2a262f424d0611830764c8cc69c,ransomware,TRUE_ENCRYPTION,Zeoticus,cape,full,1,10.0,Zeoticus,1351,0,,,,1356,1351,9,2,5,12,0.006661732050333087,0.0014803849000740192,3,74,2,46,26,118,0,0,0,4,3,0,0,0,0,2,,0,,,0,0,1,14,0,0,0,2,0,0,2,2,46,11,-37.8,1,1,1,1,231.9,11,149.8,0,1,
1826,5fa490668a9963e97d956f9a3b0c746b1d16eee9a73dfba875c9a3dc0e2c0d1b,ransomware,TRUE_ENCRYPTION,AtomSilo,cape,full,1,6.0,,4,0,,,,0,4,0,31,0,0,0.0,7.75,7,7,0,1,6,154,0,0,5,0,0,0,2,0,2,1,cryptopp,0,,,0,0,1,0,0,0,0,0,0,0,0,0,0,0,,0,0,,,,,,,,
1827,48d7cd572f14aed7a90d6b66097a885a889e6e7416a6aaa2eb442706ff661275,ransomware,TRUE_ENCRYPTION,Avaddon,cape,full,1,9.0,Scarab-Dharma,608,1442,0.9416319182123254,6.995675475889935,7.320614598428171,648,608,18,45,6,33,0.029605263157894735,0.07401315789473684,22,320,20,30,270,203,8,0,8,4,0,4,5,3,3,4,,0,,,0,0,1,14,1,0,0,0,0,0,4,4,74,85,-7.7,3,1,0,0,,0,556.6,3,1,0.038
1828,51e37ed259c5fc897f0f60fe1ddfbcdc0cfdb48fa9e383ead42e05065340ad4a,ransomware,TRUE_ENCRYPTION,CryLock,cape,full,0,10.0,CryLock,50,0,,,,1300,50,0,2214,0,0,0.0,44.28,13,383,0,1,382,2,0,0,0,0,0,0,0,0,0,0,,0,,,0,0,1,0,0,0,0,0,0,0,0,0,5,0,,0,0,,,,,,,,
1829,5291232b297dfcb56f88b020ec7b896728f139b98cef7ab33d4f84c85a06d553,ransomware,NO_VICTIM_ACTIVITY,CryptoLocker,cape,full,0,9.0,,0,0,,,,2,0,0,0,0,8,,,0,10,0,0,10,1,0,0,0,0,0,0,0,0,0,0,,0,,,0,0,1,7,0,0,0,0,0,0,3,3,2,0,,0,0,,,,,,,,
1830,546817e28100127124a0368050cbe6ecd1ea7a64c0bdfbef14823bb77404c42b,ransomware,NO_VICTIM_ACTIVITY,CryptoWall,cape,full,1,9.0,,22,318,0.2733933382306159,5.297645307842599,7.7517965404377005,1,22,1,0,0,2,0.045454545454545456,0.0,1,8,0,5,3,131,0,0,5,0,0,0,0,1,1,0,,0,,,0,1,0,3,0,0,0,0,0,0,0,0,9,0,,0,0,,,,,,,,
1831,2723c9b143ef85be072e18f670e06335c45bdb0ba369381f97f96658ae3503b0,ransomware,TRUE_ENCRYPTION,Diavol,cape,full,1,10.0,Diavol,722,21,-0.004862956409259186,6.5429156523648055,6.634727441389348,3277,722,1,4999,0,8,0.0013850415512465374,6.923822714681441,55,211,8,1,202,94,0,0,3,0,0,0,0,0,2,0,,0,,,0,1,0,6,0,0,0,0,0,0,2,203,9,0,1.6,0,0,,,,,,,,
1832,3e3fad9888856ce195c9c239ad014074f687ba288c78ef26660be93ddd97289e,ransomware,TRUE_ENCRYPTION,Helldown,cape,full,1,9.0,,55,236,0.09751102430485858,3.932691378082025,4.169925001442312,18,55,15,499,0,9,0.2727272727272727,9.072727272727272,39,136,1,5,130,156,4,2,6,0,3,4,1,3,2,4,,0,,,0,0,1,17,5,0,0,4,0,0,3,4,11,0,-75.6,5,2,0,0,,0,137.0,3,1,0.185
1833,86e0eac8c5ce70c4b839ef18af5231b5f92e292b81e440193cdbdc7ed108049f,ransomware,TRUE_ENCRYPTION,HiddenTear,cape,full,0,8.0,MMLocker,20,2745,-0.08802279891162329,4.124496963801232,5.875,31,20,0,19,0,0,0.0,0.95,5,10,4,0,6,1,0,0,0,0,0,0,0,0,0,0,,0,,,0,1,0,0,0,0,0,0,0,0,0,0,3,0,,0,0,,,,,,,,
1834,e2e85ffb029036a3449da8f65275ccfb9e77832a6085c5c26d6726dfda47a048,ransomware,NO_VICTIM_ACTIVITY,Jigsaw,cape,full,0,3.7,,0,0,,,,6,0,0,0,0,0,,,0,2,0,0,2,0,0,0,0,0,0,0,0,0,0,0,,0,,,,,,0,0,0,0,0,0,0,0,0,0,0,,0,0,,,,,,,,
1835,2b7ffe47b3fabf81a76386ee953d281aeaa158f4926896fcc1425c3844e73597,ransomware,FAILED,LockFile,cape,full,1,1.0,,5,0,,,,0,5,0,0,0,0,0.0,0.0,0,1,0,1,0,136,0,0,6,0,0,0,1,1,2,1,,0,,,0,0,1,0,0,0,0,0,0,0,0,0,0,0,,0,0,,,,,,,,
1836,f2c9ae3735430b930a81148c0bb470fcb733e456a2a942f859a1b59c4a7b2150,ransomware,FAILED,Locky,cape,static_only,1,10.0,Locky,,,,,,,,,,,,,,,,,,,187,6,1,7,1,4,0,1,1,2,4,,187,4,0,,,,,,,,,,,,,,,,,,,,,,,,,
1837,d7f19de8eb2461c635c0170448a58a1ec6e6de014b4410883f87d0b5d7868e65,ransomware,TRUE_ENCRYPTION,Maoloa,cape,full,1,8.0,,1168,20364,-0.1618812439488722,6.552650088677831,6.806983197643841,1072,1168,0,4999,4998,1,0.0,4.279965753424658,95,276,6,18,252,138,3,1,7,5,3,0,2,0,2,4,,37,0,0,0,0,1,1,1,0,1,0,0,0,0,0,9,0,,0,0,,,,,,,,
1838,afca3b84177133ff859d9b9d620b582d913218723bfcf83d119ec125b88a8c40,ransomware,TRUE_ENCRYPTION,Matrix,cape,full,1,10.0,VSSDestroy,1373,2,0.06326952329443823,5.171928094887363,5.171928094887363,1152,1373,0,4992,1,109,0.0,3.635833940276766,51,318,8,93,217,166,3,1,6,1,0,0,1,1,0,3,,0,,,0,0,1,135,0,0,0,0,0,0,2,5,8,0,-643.8,4,1,0,0,,0,300.1,3,1,0.278
1839,2d4b2b807ace9dfc3f13962c65f1b6b9b6ba80394c517729ada50d6302792d9c,ransomware,TRUE_ENCRYPTION,Nefilim,cape,full,1,10.0,Nefilim,652,378,0.5438399241813041,5.327533825424123,5.96875,459,652,0,117,0,0,0.0,0.1794478527607362,27,238,52,139,47,40,0,0,1,0,0,0,0,0,1,0,boost,0,,,0,1,0,0,0,0,0,0,0,0,0,0,0,0,,0,0,,,,,,,,
1840,6ecad2171819ca386ffe61ff9eb31e99471fa4f315762c7da658165d7e09a55d,ransomware,FAILED,NightSky,cape,static_only,1,0.8,,,,,,,,,,,,,,,,,,,,193,3,1,7,1,0,4,1,0,2,4,,0,,,,,,,,,,,,,,,,,,,,,,,,,,,
1841,1f172321dfc7445019313cbed4d5f3718a6c0638f2f310918665754a9e117733,ransomware,TRUE_ENCRYPTION,Pandora,cape,full,0,9.0,,234,2,-0.05071904085341726,6.482307324168044,6.482307324168044,165,234,25,259,0,8,0.10683760683760683,1.106837606837607,36,127,25,7,95,8,0,0,0,0,1,1,0,0,0,2,,127,4,2,0,1,0,7,3,0,0,0,0,0,4,4,30,11,1.5,1,1,0,0,,0,108.8,1,1,0.525
1842,d93f73c6469bd56ad4d1b9d07e4d5b271beb0c012d17c5576b18ebc35588e9ab,ransomware,NO_VICTIM_ACTIVITY,Petya,cape,full,1,9.0,,53,8,0.8114919354838709,6.537319013671816,6.570159765557392,117,53,1,0,0,3,0.018867924528301886,0.0,1,16,0,4,12,152,0,0,8,0,0,0,0,1,2,0,,22,2,2,0,1,0,7,0,0,0,0,0,0,1,1,3,0,-12.2,1,1,0,0,,0,0.0,0,0,
1843,bbf122cce1176b041648c4e772b230ec49ed11396270f54ad2c5956113caf7b7,ransomware,TRUE_ENCRYPTION,Ranzy,cape,full,1,10.0,RanzyLocker,732,6,-0.01401916373540505,7.230954399772186,7.246408214599778,220,732,37,145,5,36,0.050546448087431695,0.19808743169398907,31,134,47,21,66,127,8,1,7,0,0,4,3,3,3,3,,0,,,0,0,1,7,1,0,0,0,0,0,2,2,59,48,-11.9,5,1,0,0,,0,490.1,5,1,0.031
1844,a7d38e816e6bb8675288a7fd277e7b1611683eb30ae9b6e6d0a9b544198a6edb,ransomware,TRUE_ENCRYPTION,Rapid,cape,full,1,10.0,Rapid,2512,40087,0.04352255616912025,5.5762264566484605,7.345901300082477,2398,2512,1,3351,1,22,0.0003980891719745223,1.3339968152866242,158,306,99,45,162,125,7,0,7,0,0,0,0,0,2,1,,0,,,0,0,1,25,2,4,0,9,0,0,3,4,9,0,-30.2,3,1,0,0,,0,553.6,3,1,0.027
1845,c2d46d256b8f9490c9599eea11ecef19fde7d4fdd2dea93604cee3cea8e172ac,ransomware,TRUE_ENCRYPTION,Rook,cape,full,1,10.0,Babuk,240,10,0.07449596743939381,6.578768789001653,6.712852441389348,153,240,9,163,0,15,0.0375,0.6791666666666667,35,129,26,13,90,135,3,1,6,5,3,4,3,2,2,5,,0,,,0,0,1,11,3,0,0,0,0,0,6,7,40,4,-20.0,2,1,1,1,10.4,172,406.4,1,1,0.795
1846,a05806f9060f1f2de61cec62599ef7558dc0b8e4b0a62cc71a1d8e762d91ee1f,ransomware,NO_VICTIM_ACTIVITY,Sage,cape,full,1,9.0,,17,0,,,,37,17,422,2,0,10,24.823529411764707,0.11764705882352941,4,443,0,10,433,191,0,0,3,0,0,0,0,0,2,0,,11928,4,4,0,0,1,21,0,0,0,0,0,0,1,1,11,0,-409.1,1,1,0,0,,0,600.3,1,1,0.146
1847,940bddbc6ef19b211f2022d61bf4d006969da11f9fe0beba98586e554dfcc741,ransomware,TRUE_ENCRYPTION,Spora,cape,full,0,10.0,MedusaLocker,135,304,-0.009035622659573202,6.210395618071028,7.201785693198806,177,135,16,2,5,40,0.11851851851851852,0.014814814814814815,7,76,1,18,57,12,1,0,0,0,1,1,0,0,0,3,,0,,,0,0,1,17,2,0,2,0,0,0,3,12,55,11,59.7,4,2,4,1,75.3,18,396.1,0,1,
1848,061cea03cc1ffa7d052caa1efa3c0625da9a0f20d3f22f80d47a7c1e3a174c8f,ransomware,FAILED,TeslaCrypt,cape,full,0,6.0,,3,0,,,,1,3,1,1,1,1,0.3333333333333333,0.3333333333333333,1,4,1,1,2,4,0,0,0,0,0,0,0,0,0,0,,288,0,0,0,0,1,1,0,0,0,0,0,0,0,0,0,0,,0,0,,,,,,,,
1849,c460fc0d4fdaf5c68623e18de106f1c3601d7bd6ba80ddad86c10fd6ea123850,ransomware,NO_VICTIM_ACTIVITY,Thanos,cape,full,0,10.0,Thanos,296,5205,-0.051099406348276116,5.998557409560289,6.476157391559539,1017,296,19,0,0,38,0.06418918918918919,0.0,2,307,0,39,268,1,0,0,0,0,0,0,0,0,0,0,,0,,,0,1,0,41,0,0,4,0,0,0,2,2,25,0,-17.8,9,1,0,0,,0,568.8,6,1,0.617
1850,fbc55a603c1daf716b2b12c2074c694afb73979f8a266b763301e2e42230edfd,ransomware,NO_VICTIM_ACTIVITY,TorrentLocker,cape,full,1,9.0,,4,0,,,,2,4,0,0,0,3,0.0,0.0,0,4,0,2,2,61,0,0,1,0,0,0,0,0,2,0,,463,2,2,0,0,1,3,1,0,0,0,0,0,0,0,7,2,,1,1,0,,,,,,,
1851,597ab9cbb4beea848beed36fe7ef634130e649e15ae8c1161fd6baec16408803,ransomware,FAILED,WastedLocker,cape,full,0,8.0,,0,0,,,,0,0,0,0,0,0,,,0,0,0,0,0,6,0,0,0,0,0,0,0,0,0,0,,256,3,3,0,0,1,0,0,0,0,0,0,0,0,0,0,0,,0,0,,,,,,,,
1852,b013b979c5af00f1bf252afd94595a5adfd0a88e53267d7c17c9e89d18ec4b31,ransomware,TRUE_ENCRYPTION,Xorist,cape,full,1,10.0,Xorist,4641,0,,,,3748,4641,0,4147,1,0,0.0,0.8935574229691877,21,310,75,100,135,175,2,0,4,0,0,0,1,0,2,2,,0,,,1,0,0,0,0,0,0,0,0,0,0,0,9,0,,0,0,,,,,,,,
1853,7a5999c54f4588ff1581d03938b7dcbd874ee871254e2018b98ef911ae6c8dee,ransomware,FAILED,AtomSilo,cape,static_only,0,0.3,,,,,,,,,,,,,,,,,,,,0,0,0,0,0,0,0,0,0,0,0,cryptopp,0,,,,,,,,,,,,,,,,,,,,,,,,,,,
1854,0ff4058f709d278ed662719b9627618c48e7a656c59f6bfecda9081c7cbd742b,ransomware,TRUE_ENCRYPTION,Avaddon,cape,full,1,9.0,Scarab-Dharma,809,1685,0.9855077388120335,7.014666705288112,7.3597613638161965,546,809,9,56,2,33,0.011124845488257108,0.069221260815822,21,275,25,25,225,203,8,0,8,4,0,4,5,3,3,4,,0,,,0,0,1,11,1,0,0,0,0,0,4,4,81,83,-8.2,3,1,0,0,,0,321.4,3,1,0.252
1855,1e8bafd699de6d5987cfb2fdc138ae15422d8377614107348b905dd0f1bf7d77,ransomware,TRUE_ENCRYPTION,CryLock,cape,full,1,10.0,CryLock,3663,0,,,,3888,3663,6,4991,0,47,0.001638001638001638,1.3625443625443625,116,400,119,23,258,192,0,0,8,0,3,0,2,1,0,2,,0,,,0,0,1,26,9,4,0,0,0,0,4,7,12,0,-14.5,1,1,0,0,,0,590.8,1,1,0.115
1856,d765e722e295969c0a5c2d90f549db8b89ab617900bf4698db41c7cdad993bb9,ransomware,NO_VICTIM_ACTIVITY,CryptoLocker,cape,full,1,7.0,,0,11,,5.454577326869806,6.508215789066216,0,0,2,0,1,2,,,1,3,0,0,3,256,10,0,7,1,0,0,0,1,0,2,,0,,,0,0,1,2,0,0,0,0,0,0,0,0,1,0,,0,0,,,,,,,,
1857,780372867b02291f280f2e6f3abf2d94402968484e59b3dac49fbbc2ebb6ed89,ransomware,NO_VICTIM_ACTIVITY,CryptoWall,cape,full,0,9.0,,8,365,0.16863098666852458,3.459828936999982,3.4598289369999815,3,8,1,0,0,2,0.125,0.0,1,5,0,2,3,0,0,0,0,0,0,0,0,0,0,0,,0,,,,,,3,0,0,0,0,0,0,0,3,12,1,-4.9,0,0,,,,,,,,
1858,7731d73e048a351205615821b90ed4f2507abc65acf4d6fe30ecdb211f0b0872,ransomware,TRUE_ENCRYPTION,Helldown,cape,full,1,9.0,,55,228,0.3986180509002636,3.9483732525843007,4.08746284125034,56,55,0,468,0,12,0.0,8.50909090909091,35,163,0,15,148,156,4,2,6,0,3,4,1,3,2,4,,0,,,0,0,1,21,4,0,0,5,0,0,4,6,13,0,-68.4,7,2,0,0,,0,148.8,4,1,0.149
1859,a1e56810113b29b66b79e31823a824da68a233c0c5d41853bb08b018e52ffb9a,ransomware,NO_VICTIM_ACTIVITY,HiddenTear,cape,full,0,9.0,,0,0,,,,0,0,0,0,0,8,,,0,5,0,0,5,2,0,0,0,0,0,0,0,0,0,0,,0,,,0,0,1,6,0,0,0,0,0,0,3,7,6,0,,0,0,,,,,,,,
1860,55802196927754c446ae6bb3596f922b312ab19af8db8270a175c7dcfd286325,ransomware,NO_VICTIM_ACTIVITY,Jigsaw,cape,full,0,3.7,,0,0,,,,6,0,0,0,0,0,,,0,2,0,0,2,0,0,0,0,0,0,0,0,0,0,0,,0,,,,,,0,0,0,0,0,0,0,0,0,0,0,,0,0,,,,,,,,
1861,0d18c704049700efd1353055b604072d94bcc3e5f4aa558adf8b8f8848330644,ransomware,FAILED,LockFile,cape,full,1,1.0,,5,0,,,,0,5,0,0,0,0,0.0,0.0,0,1,0,1,0,138,0,0,6,0,0,0,1,1,2,1,,0,,,0,0,1,0,0,0,0,0,0,0,0,0,0,0,,0,0,,,,,,,,
1862,d1dcf4c2165f3cf5729ba76e1ee80f4709d8e7eca7a6c29ceffc5fc6b09660fe,ransomware,FAILED,Locky,cape,static_only,1,1.3,,,,,,,,,,,,,,,,,,,,156,6,1,7,1,4,0,1,1,2,4,,0,,,,,,,,,,,,,,,,,,,,,,,,,,,
1863,e43f0cf8905305adbb28597ad256c8e0547fe3ce3c648095635c1ae94ab0dbb9,ransomware,TRUE_ENCRYPTION,Maoloa,cape,full,0,9.0,,2083,110,-0.018136263877022437,4.320440468157896,7.237829558795247,1538,2083,6,4544,19,57,0.0028804608737397984,2.181469035045607,116,416,19,133,264,1,0,0,0,0,0,0,0,0,0,0,,141,4,4,0,1,0,58,1,0,4,11,0,0,2,2,37,0,-223.6,22,2,0,0,,0,388.7,16,1,0.042
1864,095721924420baff3670898412fc911ff32540544e8fad5495d334cded931270,ransomware,TRUE_ENCRYPTION,Matrix,cape,full,1,10.0,VSSDestroy,1212,2,0.0011746414048156978,5.271928094887364,5.271928094887364,1085,1212,0,4991,1,91,0.0,4.117986798679868,49,305,7,87,211,26,0,0,0,0,0,0,0,0,0,0,,26,0,0,0,1,0,121,0,0,0,0,0,0,0,0,10,0,,4,1,0,0,,0,316.9,3,1,0.242
1865,45e35c9b095871fbc9b85afff4e79dd36b7812b96a302e1ccc65ce7668667fe6,ransomware,TRUE_ENCRYPTION,Nefilim,cape,full,1,10.0,Nefilim,1045,657,0.8349064477210462,4.859263423109187,5.9534850284493706,489,1045,0,165,0,0,0.0,0.15789473684210525,29,57,42,14,1,33,0,0,1,0,0,0,0,0,1,0,boost,0,,,0,1,0,0,0,0,0,0,0,0,0,0,0,0,,0,0,,,,,,,,
1866,a077a55608ced7cea2bd92e2ce7e43bf51076304990ec7bb40c2b384ce2e5283,ransomware,TRUE_ENCRYPTION,NightSky,cape,full,0,9.0,,169,7,-0.026363937044963568,6.54531486353169,6.585784765557392,119,169,8,129,0,3,0.047337278106508875,0.7633136094674556,33,86,18,1,67,17,1,1,1,0,0,1,0,0,0,2,,17,2,0,0,0,1,3,0,0,0,0,0,0,1,1,12,0,-360.6,0,0,,,,,,,,
1867,627ede421ee51a7153ee896f657169665c1e9f79ef0ba4af1f6450d816900cbb,ransomware,TRUE_ENCRYPTION,Pandora,cape,full,0,9.0,Scarab-Dharma,300,6,0.025154481387703015,6.540535776314649,6.576057324168044,179,300,25,291,0,8,0.08333333333333333,0.97,45,134,28,9,97,8,0,0,0,0,1,1,0,0,0,2,,127,4,2,0,1,0,7,3,0,0,0,0,0,4,4,35,7,1.3,1,1,0,0,,0,131.4,1,1,0.495
1868,4c0153b979e65346c1d6f863086082ec5ef103cbf6b0f5e8652d61da678a8ca5,ransomware,NO_VICTIM_ACTIVITY,Petya,cape,full,1,9.0,,42,4170,-0.044864312365705684,7.099237948970679,7.349327698997793,16,42,3,0,0,21,0.07142857142857142,0.0,3,35,0,11,24,61,0,0,2,0,0,0,0,0,2,0,,355,4,4,0,1,0,13,0,0,0,0,0,0,4,8,2,0,-46.6,1,1,0,0,,0,43.0,1,1,0.66
1869,ade5d0fe2679fb8af652e14c40e099e0c1aaea950c25165cebb1550e33579a79,ransomware,TRUE_ENCRYPTION,Ranzy,cape,full,1,10.0,RanzyLocker,325,1463,0.3551222533383224,7.176619691025248,7.340457294082295,132,325,29,93,0,59,0.08923076923076922,0.28615384615384615,25,135,31,15,89,127,8,1,7,0,0,4,3,3,3,3,,0,,,0,0,1,16,1,0,0,0,0,0,3,4,53,43,-32.3,5,1,0,0,,0,209.6,5,1,0.088
1870,1f1a072cd749503399a11f5cf75ee70295b4281dcf8fac0f27275b600571a699,ransomware,TRUE_ENCRYPTION,Rapid,cape,full,1,10.0,Rapid,2185,40975,0.01193458699077436,5.665240429617435,7.371898486252066,1980,2185,3,3492,1,18,0.0013729977116704805,1.5981693363844394,145,241,94,28,119,125,7,0,7,0,0,0,3,0,2,2,,0,,,0,0,1,25,9,4,0,0,0,0,4,4,10,0,30.6,4,2,4,1,15.2,3495,600.7,0,1,
1871,15a67f118c982ff7d094d7290b4c34b37d877fe3f3299840021e53840b315804,ransomware,NO_VICTIM_ACTIVITY,Rook,cape,full,0,7.0,,2,0,,,,0,2,0,0,0,0,0.0,0.0,0,1,0,1,0,6,0,0,0,0,0,0,0,1,0,0,,166,1,1,0,0,1,0,0,0,0,0,0,1,1,2,0,0,-3.4,0,0,,,,,,,,
1872,c992bf37cf07477cd38a4e168f0be2784e2259c42ec59657ff501ff7c9e0e21e,ransomware,TRUE_ENCRYPTION,Sage,cape,full,1,9.0,Sage,363,0,,,,309,363,240,65,0,42,0.6611570247933884,0.1790633608815427,14,263,23,19,221,138,0,0,3,0,0,0,2,0,2,1,,142,2,1,0,0,1,21,1,2,0,0,0,0,3,8,36,0,-238.0,1,1,1,1,20.2,305,369.5,0,1,
1873,7ad9ed23a91643b517e82ad5740d24eca16bcae21cfe1c0da78ee80e0d1d3f02,ransomware,TRUE_ENCRYPTION,Spora,cape,full,1,9.0,,181,228,0.7235646782831575,6.161449649298722,7.293620751809458,198,181,10,2,16,13,0.055248618784530384,0.011049723756906077,4,94,3,25,66,95,10,0,6,1,3,0,1,1,0,4,,0,,,0,0,1,13,4,5,0,0,0,0,3,3,30,10,-140.7,4,2,1,1,34.2,12,437.2,3,1,0.095
1874,717d5e5d0e1dd08209b895023d284188798dd7e8b32ced22346b06b706b0f63a,ransomware,FAILED,TeslaCrypt,cape,full,0,6.0,,3,0,,,,1,3,1,1,1,1,0.3333333333333333,0.3333333333333333,1,4,1,1,2,4,0,0,0,0,0,0,0,0,0,0,,288,0,0,0,0,1,1,0,0,0,0,0,0,0,0,0,0,,0,0,,,,,,,,
1875,367be023f4a72163883ac2b7b6a1f40215e6431aee2b560f68bd8f0385d9c2ae,ransomware,TRUE_ENCRYPTION,Thanos,cape,full,0,10.0,Thanos,890,1809,0.9891485410971198,7.169078789805883,7.304888583807397,553,890,1440,459,0,72,1.6179775280898876,0.5157303370786517,59,291,70,42,179,1,0,0,0,0,0,0,0,0,0,0,,0,,,0,1,0,68,0,0,0,40,0,0,2,3,31,1,47.7,52,3,29,1,187.9,1899,489.5,23,1,0.0
1876,ec9b412e9a6e0da1a21c01158c4c8313b61b033f58d16d913d72229794069d18,ransomware,TRUE_ENCRYPTION,WastedLocker,cape,full,1,6.0,,438,2160,0.5152096942248675,6.767075254955959,7.321640422096739,1,438,6,201,1,4,0.0136986301369863,0.4589041095890411,29,41,0,2,39,129,3,1,7,1,1,0,1,3,0,4,,65,0,0,0,0,1,4,0,0,0,0,0,0,0,0,0,0,,0,0,,,,,,,,
1877,d9a11e95c6f0ca3172e93f161899f355153758153a874aedf696f6dfad54719c,ransomware,TRUE_ENCRYPTION,Xorist,cape,full,0,10.0,Xorist,4605,0,,,,2507,4605,0,2777,1,0,0.0,0.6030401737242128,16,452,194,190,68,12,0,0,0,0,0,0,0,0,0,0,,71,1,1,0,0,1,0,0,0,0,0,0,0,0,0,9,0,,0,0,,,,,,,,
1878,2946ef53c8fec94dcdf9d3a1afc077ee9a3869eacb0879cb082ee0ce3de6a2e7,ransomware,NO_VICTIM_ACTIVITY,Avaddon,cape,full,1,6.0,,65,2,0.02975186290716956,,,3,65,0,0,0,2,0.0,0.0,0,7,0,4,3,159,6,0,8,0,0,0,3,1,3,2,,0,,,0,0,1,2,0,0,0,0,0,0,0,0,2,0,,0,0,,,,,,,,
1879,4a47769cf06cd353a24bf01392a154fb5c9c97547e63382d1859f6b90448b2ba,ransomware,TRUE_ENCRYPTION,CryLock,cape,full,1,10.0,CryLock,3881,0,,,,4031,3881,6,4999,0,27,0.001545993300695697,1.2880700850296316,109,394,98,10,286,192,0,0,8,0,3,0,2,1,0,2,,0,,,0,0,1,23,9,4,0,0,0,0,4,5,30,4,-125.1,1,1,0,0,,0,531.8,1,1,0.131
1880,215c37360388d16653ffc1740c639d486753a9db69a8ad4f3e1b172b1b712df4,ransomware,NO_VICTIM_ACTIVITY,CryptoLocker,cape,full,1,9.0,,6,9442,-0.07000296812138512,,,2,6,1,0,0,4,0.16666666666666666,0.0,1,8,0,2,6,29,0,0,1,0,0,0,0,0,0,0,,54,0,0,0,1,0,5,0,0,0,0,0,0,2,2,6,0,-33.5,0,0,,,,,,,,
1881,d2328d9c7108710581e347aeb5e17b6bee6d8211ca2d00aeff2d18ecfe7ed618,ransomware,NO_VICTIM_ACTIVITY,CryptoWall,cape,full,0,9.0,,8,366,0.1906014395175835,3.459828936999982,3.4598289369999815,3,8,1,0,0,2,0.125,0.0,1,5,0,2,3,0,0,0,0,0,0,0,0,0,0,0,,0,,,,,,3,0,0,0,0,0,0,0,3,12,1,-8.1,0,0,,,,,,,,
1882,d44a5f262ccb43f72ee2afde3e3ff2a55bbb3db5837bfa8aac2e8d7195014d8b,ransomware,TRUE_ENCRYPTION,HiddenTear,cape,full,0,9.0,Locked,16,2184,-0.06975017600890862,4.076918814091705,5.90625,34,16,0,16,0,0,0.0,1.0,5,11,4,0,7,1,0,0,0,0,0,0,0,0,0,0,,0,,,0,1,0,0,0,0,0,0,0,0,0,0,16,0,,0,0,,,,,,,,
1883,3ae96f73d805e1d3995253db4d910300d8442ea603737a1428b613061e7f61e7,ransomware,NO_VICTIM_ACTIVITY,Jigsaw,cape,full,0,8.0,,0,0,,,,1,0,0,0,0,1,,,0,2,0,0,2,1,0,0,0,0,0,0,0,0,0,0,,0,,,0,0,1,1,0,0,0,0,0,0,0,0,0,0,,0,0,,,,,,,,
1884,2a23fac4cfa697cc738d633ec00f3fbe93ba22d2498f14dea08983026fdf128a,ransomware,TRUE_ENCRYPTION,LockFile,cape,full,0,10.0,LockFile,3927,0,,,,18,3927,1,3292,0,22,0.00025464731347084286,0.8382989559460148,29,459,0,15,444,8,0,0,0,0,0,0,1,0,0,1,,112,1,0,0,0,1,32,0,0,0,0,0,0,1,1,2,0,-372.5,9,1,9,1,179.1,3293,425.3,0,1,
1885,390ed1dde4ff03adfcf67c59ee02567ac5665bb5e029eaebf0332bc81e4d1891,ransomware,TRUE_ENCRYPTION,Locky,cape,full,1,9.0,Scarab-Dharma,438,6376,0.8760384887639425,2.1992499478222642,7.308423718475746,250,438,61,186,0,8,0.13926940639269406,0.4246575342465753,21,45,31,3,11,58,0,0,2,0,0,0,0,1,0,0,,0,,,0,1,0,8,1,0,0,0,0,0,1,1,5,0,-240.8,1,1,0,0,,0,45.5,1,1,0.052
1886,5474b58de90ad79d6df4c633fb773053fecc16ad69fb5b86e7a2b640a2a056d6,ransomware,TRUE_ENCRYPTION,Matrix,cape,full,1,10.0,VSSDestroy,1577,2,-0.0012321245214736674,5.3219280948873635,5.3219280948873635,1308,1577,0,4993,1,94,0.0,3.166138237159163,53,284,8,82,194,166,3,1,6,1,0,0,1,1,0,3,,0,,,0,0,1,127,0,0,0,0,0,0,1,2,8,0,-543.2,4,1,0,0,,0,262.1,3,1,0.467
1887,0bafde9b22d7147de8fdb852bcd529b1730acddc9eb71316b66c180106f777f5,ransomware,TRUE_ENCRYPTION,Nefilim,cape,full,1,10.0,Nefilim,775,789,0.7047274391583135,4.603401354340566,5.9534850284493706,174,775,0,143,0,0,0.0,0.18451612903225806,24,177,98,65,14,32,0,0,1,0,0,0,0,0,1,0,boost,0,,,0,1,0,0,0,0,0,0,0,0,0,0,0,0,,0,0,,,,,,,,
1888,1fca1cd04992e0fcaa714d9dfa97323d81d7e3d43a024ec37d1c7a2767a17577,ransomware,FAILED,NightSky,cape,static_only,1,0.8,,,,,,,,,,,,,,,,,,,,193,3,1,7,1,0,4,1,0,2,4,,0,,,,,,,,,,,,,,,,,,,,,,,,,,,
1889,5b56c5d86347e164c6e571c86dbf5b1535eae6b979fede6ed66b01e79ea33b7b,ransomware,TRUE_ENCRYPTION,Pandora,cape,full,0,9.0,Scarab-Dharma,376,6,0.12612387218107704,6.524982319842619,6.637752428413072,251,376,8,302,0,9,0.02127659574468085,0.8031914893617021,39,129,40,10,79,8,0,0,0,0,1,1,0,0,0,2,,127,4,2,0,1,0,7,3,0,0,0,0,0,3,3,35,12,-45.0,1,1,0,0,,0,119.8,1,1,0.572
1890,c0d0665bc0fc83c9204e30057d7c626e80f3ebe1e0554f17930274aa11996ef1,ransomware,NO_VICTIM_ACTIVITY,Petya,cape,full,1,10.0,PetrWrap,41,9,-0.2978918199299834,6.359994170001402,6.554534765557392,38,41,0,0,0,0,0.0,0.0,0,4,0,3,1,84,0,0,5,0,0,0,0,0,2,0,openssl,62,2,2,0,1,0,0,0,0,0,0,0,0,0,0,0,0,,0,0,,,,,,,,
1891,90691a36d1556ba7a77d0216f730d6cd9a9063e71626489094313c0afe85a939,ransomware,TRUE_ENCRYPTION,Ranzy,cape,full,1,10.0,RanzyLocker,473,1741,0.6145944492594017,7.173605764604082,7.337531373531272,168,473,33,121,0,41,0.06976744186046512,0.2558139534883721,28,134,40,18,76,127,8,1,7,0,0,4,3,3,3,3,,0,,,0,0,1,10,1,0,0,0,0,0,2,2,52,43,-35.6,5,1,0,0,,0,355.3,5,1,0.029
1892,323077b0012c49c9f5e9cbef513475072433d0f96e421ae1763347f8ee839ecc,ransomware,TRUE_ENCRYPTION,Rapid,cape,full,1,10.0,Rapid,2253,39964,0.04593143062893797,5.549054851229399,7.359069531114784,2233,2253,5,3323,1,25,0.0022192632046160675,1.4749223257878383,165,238,87,26,125,158,0,0,3,0,0,0,2,0,0,1,,126,2,1,0,1,0,27,9,4,0,0,0,0,5,5,7,0,-355.0,4,2,0,0,,0,643.6,4,1,0.201
1893,f87be226e26e873275bde549539f70210ffe5e3a129448ae807a319cbdcf7789,ransomware,TRUE_ENCRYPTION,Rook,cape,full,0,10.0,Babuk,235,10,0.0912725713603086,6.571679648300564,6.645294351423426,143,235,8,160,0,11,0.03404255319148936,0.6808510638297872,36,119,20,17,82,11,0,0,0,0,1,1,0,0,0,2,,135,5,3,0,1,0,7,3,0,0,0,0,0,4,5,34,2,-19.8,2,1,1,1,10.0,168,159.5,0,1,
1894,97a042a1fa4c5fc475f69d5c1bd2822eb7c410542a2d676bde8ddd97d1ea43f7,ransomware,TRUE_ENCRYPTION,Sage,cape,full,1,9.0,Sage,372,0,,,,433,372,69,68,0,34,0.18548387096774194,0.1827956989247312,13,107,19,24,64,137,0,0,6,1,0,0,4,1,0,2,,0,,,0,0,1,28,1,2,0,0,0,0,2,2,63,2,-107.9,2,1,1,1,14.0,137,433.6,1,1,0.921
1895,1a247db9ae193938318c1935ebca3e258da2b1ba99902422066df28f4245a002,ransomware,TRUE_ENCRYPTION,Spora,cape,full,1,9.0,,116,228,0.9818142531248031,6.161159491997645,7.283551905453976,155,116,1,1,9,38,0.008620689655172414,0.008620689655172414,1,80,0,18,62,89,10,0,5,1,3,0,1,0,0,4,,0,,,0,0,1,15,2,2,0,0,0,0,4,6,18,1,-108.6,1,1,1,1,253.3,2,0.0,0,1,
1896,ce2611bd103c49a79329b1825110b238c4424710d4e996ad8b0fef92d6c41393,ransomware,FAILED,TeslaCrypt,cape,full,0,6.0,,3,0,,,,1,3,1,1,1,1,0.3333333333333333,0.3333333333333333,1,4,1,1,2,4,0,0,0,0,0,0,0,0,0,0,,288,0,0,0,0,1,1,0,0,0,0,0,0,0,0,0,0,,0,0,,,,,,,,
1897,8dd283ca012e7a70a2673d2cc211c6a616ff23bc5bd3599a1da077ba946a044c,ransomware,TRUE_ENCRYPTION,Thanos,cape,full,0,10.0,Thanos,165,12,-0.012758027731628619,4.320071485579481,7.199090552824225,183,165,194,82,11,67,1.1757575757575758,0.49696969696969695,13,261,23,16,222,1,0,0,0,0,0,0,0,0,0,0,,0,,,0,1,0,66,0,0,0,41,0,0,2,2,24,1,33.1,52,3,25,1,216.0,276,447.1,27,1,0.026
1898,4d7e4660c8e71d4d663dac8ea2b8cde6e07277b2839beda6ad88eb66f3f5a71b,ransomware,FAILED,WastedLocker,cape,full,1,1.0,,0,0,,,,0,0,0,0,0,0,,,0,0,0,0,0,128,3,1,7,1,0,0,1,3,1,3,,0,,,1,0,0,0,0,0,0,0,0,0,0,0,0,0,,0,0,,,,,,,,
1899,841f52f43cebec8602fee5688e076a6a24128fcd35969e85f9d921d467634d83,ransomware,TRUE_ENCRYPTION,Xorist,cape,full,0,10.0,Xorist,4568,0,,,,2745,4568,0,2941,1,0,0.0,0.6438266199649737,19,441,184,175,82,12,0,0,0,0,0,0,0,0,0,0,,71,1,1,0,0,1,0,0,0,0,0,0,0,0,0,9,0,,0,0,,,,,,,,
1900,46a8c1e768f632d69d06bfbd93932d102965c9e3f7c37d4a92e30aaeca905675,ransomware,TRUE_ENCRYPTION,Avaddon,cape,full,1,9.0,Scarab-Dharma,627,1701,0.9625822938519125,6.995150045120023,7.332705356097798,766,627,10,52,1,34,0.01594896331738437,0.08293460925039872,22,366,25,24,317,203,8,0,8,4,0,4,5,3,3,4,,0,,,0,0,1,14,1,0,0,0,0,0,4,4,70,82,-8.0,3,1,0,0,,0,305.9,3,1,0.106
1901,a962501ea4cd363dd588c948ff8b0ab24aa4132ff58f4a7806af06efa3b791ef,ransomware,FAILED,CryLock,cape,static_only,0,10.0,CryLock,,,,,,,,,,,,,,,,,,,0,0,0,0,0,0,0,0,0,0,0,,0,,,,,,,,,,,,,,,,,,,,,,,,,,,
1902,f8da280bb9f81028c14d1e156d6685cdb5f75219a60f645f72e520fb5e388712,ransomware,NO_VICTIM_ACTIVITY,CryptoLocker,cape,full,0,5.5,,0,64,,3.3295919388839934,6.376825800964972,23,0,1,0,0,0,,,1,8,0,0,8,1,0,0,0,0,0,0,0,0,0,0,,0,,,0,1,0,0,0,0,0,0,0,0,0,0,23,0,,0,0,,,,,,,,
1903,0715240d1af82c1cea262cde2a286b8b400805dc1f35f49422c7ee39e00f93ce,ransomware,NO_VICTIM_ACTIVITY,CryptoWall,cape,full,0,9.0,,8,371,0.248566319359485,3.459828936999982,3.4598289369999815,3,8,1,0,0,2,0.125,0.0,1,6,0,3,3,0,0,0,0,0,0,0,0,0,0,0,,0,,,,,,3,0,0,0,0,0,0,0,3,12,1,-4.7,0,0,,,,,,,,
1904,fd217d262bae4fbd47ae208b4e45152e0a458cc9b7245e2221836a23a9e2467b,ransomware,TRUE_ENCRYPTION,HiddenTear,cape,full,0,9.0,Scarab-Dharma,705,2816,-0.08551983725742474,4.432614960007467,5.96875,125,705,1,69,0,4,0.0014184397163120568,0.09787234042553192,10,55,17,17,21,1,0,0,0,0,0,0,0,0,0,0,,0,,,0,1,0,5,0,0,0,0,0,0,0,0,16,0,,0,0,,,,,,,,
1905,9c748a69c48b79e6422b3bea1766e415de5532cb7ba2b9673d5a51163e6c1df2,ransomware,NO_VICTIM_ACTIVITY,Jigsaw,cape,full,1,9.0,,0,0,,,,2,0,0,0,0,8,,,0,10,0,0,10,95,0,0,3,0,0,0,1,0,2,1,,0,,,0,0,1,9,0,0,0,0,0,0,3,3,2,0,,0,0,,,,,,,,
1906,3303a19789a73fa70a107f8e35a4ce10bb4f6a69ac041a1947481ed8ae99a11c,ransomware,FAILED,LockFile,cape,static_only,1,10.0,LockFile,,,,,,,,,,,,,,,,,,,112,0,0,4,0,0,0,2,0,2,1,cryptopp,0,,,,,,,,,,,,,,,,,,,,,,,,,,,
1907,4bef307f6ffd4f7335adc9a72258c1c196ff2f55b5d422e12505ffcd916b993a,ransomware,FAILED,Locky,cape,static_only,1,1.3,,,,,,,,,,,,,,,,,,,,152,6,1,7,1,4,0,1,1,2,4,,0,,,,,,,,,,,,,,,,,,,,,,,,,,,
1908,7b5e536827c3bb9f8077aed78726585739bcde796904edd6c4faadc9a8d22eaf,ransomware,TRUE_ENCRYPTION,Matrix,cape,full,1,10.0,VSSDestroy,1714,2,0.052908953356620166,5.221928094887364,5.221928094887364,1514,1714,1,4992,1,118,0.0005834305717619603,2.912485414235706,54,325,5,99,221,166,3,1,6,1,0,0,1,1,0,3,,0,,,0,0,1,140,0,0,0,0,0,0,0,0,15,0,,4,1,0,0,,0,614.1,4,1,0.147
1909,f9ed3c070a2731acbfef6d4b2af980b6e922b2dda0e9227e02f4b4f3821f4b17,ransomware,TRUE_ENCRYPTION,Nefilim,cape,full,1,10.0,Nefilim,765,781,0.6655202202641219,4.57452138777932,5.983788058752401,173,765,0,142,0,0,0.0,0.18562091503267975,23,171,99,61,11,32,0,0,1,0,0,0,0,0,1,0,boost,0,,,0,1,0,0,0,0,0,0,0,0,0,0,0,0,,0,0,,,,,,,,
1910,8c1a72991fb04dc3a8cf89605fb85150ef0e742472a0c58b8fa942a1f04877b0,ransomware,TRUE_ENCRYPTION,NightSky,cape,full,0,9.0,,206,8,0.018298462884966393,6.5291388952880896,6.552986659115734,136,206,12,141,0,3,0.05825242718446602,0.6844660194174758,30,91,18,2,71,17,1,1,1,0,0,1,0,0,0,2,,17,2,0,0,0,1,3,0,0,0,0,0,0,2,2,11,0,-354.9,0,0,,,,,,,,
1911,e079fa28ea51fa98644164caf585ae3231d25372fccca1245902fb57488d4660,ransomware,FAILED,Petya,cape,static_only,1,8.0,,,,,,,,,,,,,,,,,,,,84,0,0,5,0,0,0,0,0,2,0,openssl,0,,,,,,,,,,,,,,,,,,,,,,,,,,,
1912,393fd0768b24cd76ca653af3eba9bff93c6740a2669b30cf59f8a064c46437a2,ransomware,TRUE_ENCRYPTION,Ranzy,cape,full,1,10.0,RanzyLocker,459,1690,0.33710783996710914,7.174801024492768,7.341529589725436,191,459,22,93,5,37,0.04793028322440087,0.20261437908496732,23,121,39,20,62,127,8,1,7,0,0,4,3,3,3,3,,0,,,0,0,1,8,1,0,0,0,0,0,2,2,59,48,-16.9,5,1,0,0,,0,474.3,5,1,0.027
1913,7ddcc953ccef254443126b85143a138812eb70755b5723538b299094ad19bc8f,ransomware,TRUE_ENCRYPTION,Rapid,cape,full,0,10.0,Rapid,1515,36191,0.016725514499718565,5.513129966032726,7.3578612669337415,1476,1515,10,2733,5,30,0.006600660066006601,1.803960396039604,150,254,65,38,151,2,0,0,0,0,0,0,0,0,0,0,,0,,,0,1,0,31,9,4,0,0,0,0,4,4,32,9,-14.0,4,2,4,1,11.3,2743,617.7,0,1,
1914,95276f51959260cb55e9f476eb5b334301b789ed91dab04bf8572e5a8bcaf1b8,ransomware,TRUE_ENCRYPTION,Sage,cape,full,1,9.0,Sage,475,0,,,,764,475,77,69,5,37,0.16210526315789472,0.14526315789473684,16,165,21,37,107,143,0,0,6,1,0,0,4,2,0,2,,0,,,0,0,1,32,1,2,0,0,0,0,3,3,72,10,-104.9,2,1,1,1,23.9,146,559.1,1,1,0.717
1915,63bf85dd7d63d40dd9bd48e4514ff035c17f5041a24905d1c9378955476e52cb,ransomware,TRUE_ENCRYPTION,Spora,cape,full,1,9.0,,409,710,0.8002475764921755,6.193366459014478,7.30652362159329,240,409,43,28,9,41,0.10513447432762836,0.06845965770171149,5,110,3,46,61,94,10,0,6,1,3,0,1,1,0,4,,0,,,0,0,1,20,4,0,0,0,0,0,5,9,44,12,-147.4,2,1,1,1,10.8,71,508.4,1,1,0.099
1916,82744245650ad6d277364380daa06fcbc4c8a26d78f082fab01902b236ff4036,ransomware,FAILED,TeslaCrypt,cape,full,0,6.0,,3,0,,,,1,3,1,1,1,1,0.3333333333333333,0.3333333333333333,1,3,1,1,1,4,0,0,0,0,0,0,0,0,0,0,,288,0,0,0,0,1,1,0,0,0,0,0,0,0,0,0,0,,0,0,,,,,,,,
1917,6555038a04997404d48cf866ebb81f134082ef1613408779cf2a589068312a42,ransomware,TRUE_ENCRYPTION,Thanos,cape,full,0,10.0,Thanos,609,4881,0.27925425606650073,7.17065437463383,7.353854207151052,389,609,13,1234,0,97,0.021346469622331693,2.026272577996716,90,453,90,65,298,1,0,0,0,0,0,0,0,0,0,0,,0,,,0,1,0,99,0,0,33,1,0,0,4,16,54,1,-74.0,85,3,29,1,98.9,1247,564.0,56,1,0.008
1918,7de425238719622bf2b2150591631b0a71d6a5dade419a4e67b9bdbfa272b559,ransomware,TRUE_ENCRYPTION,WastedLocker,cape,full,1,8.0,WastedLocker,427,2154,0.6682199345596167,6.772911885510746,7.32295581042011,1,427,5,194,1,4,0.0117096018735363,0.45433255269320844,30,40,0,2,38,129,3,1,7,1,1,0,1,3,0,4,,24,0,0,0,0,1,4,0,0,0,0,0,0,0,0,0,0,,0,0,,,,,,,,
1919,6269c641b9c51dc32fec94cc0dc0f7116b1686eec750bd1297133844419cfea1,ransomware,FAILED,Xorist,cape,static_only,0,0.3,,,,,,,,,,,,,,,,,,,,0,0,0,0,0,0,0,0,0,0,0,,0,,,,,,,,,,,,,,,,,,,,,,,,,,,
1920,c14dd4a0831ea2548e1ddfd54b9704fe8ad0057924ede041c8c064b66690a028,ransomware,TRUE_ENCRYPTION,Avaddon,cape,full,1,9.0,,496,3945,0.4956115292372428,7.05212516685196,7.337144298065732,1300,496,5,78,0,31,0.010080645161290322,0.15725806451612903,21,219,32,12,175,134,8,0,6,0,0,0,3,3,2,2,,0,,,0,0,1,8,1,0,0,0,0,0,4,4,27,3,-15.8,3,1,0,0,,0,132.6,3,1,0.078
1921,e001f6a5b2d4d2659b010fb5825eb4383e8f415861a244329bc70cfcd18da507,ransomware,TRUE_ENCRYPTION,CryLock,cape,full,1,10.0,CryLock,6,0,,,,6,6,0,0,0,0,0.0,0.0,0,4,0,3,1,457,0,0,7,0,3,0,2,1,0,2,,0,,,0,0,1,0,0,0,0,0,0,0,0,0,0,0,,0,0,,,,,,,,
1922,5e902a138174c34e5445685c82b2044e0b35565854471aaccef0315c77288dc9,ransomware,TRUE_ENCRYPTION,CryptoLocker,cape,full,0,9.0,CryptoLocker,59,23627,-0.3753176709853431,4.065636541452096,5.89287896784331,74,59,0,57,0,14,0.0,0.9661016949152542,7,93,36,14,43,1,0,0,0,0,0,0,0,0,0,0,,0,,,0,1,0,12,7,0,0,0,0,0,1,1,15,3,-3.1,2,1,2,1,23.8,57,105.1,0,1,
1923,192cdcbdec8bdebb7cae89037d6004b4aff2b8264c35a3875fa2d6db104437ca,ransomware,NO_VICTIM_ACTIVITY,CryptoWall,cape,full,0,9.0,,8,52,0.5521153765105694,3.459828936999982,3.4598289369999815,3,8,1,0,0,2,0.125,0.0,1,5,0,3,2,0,0,0,0,0,0,0,0,0,0,0,,0,,,,,,3,0,0,0,0,0,0,0,3,9,1,-3.0,0,0,,,,,,,,
1924,ecf1633a5b162a9e59e76e8dd86afde28e32cc3be2e454188cd5e063e6be3650,ransomware,NO_VICTIM_ACTIVITY,HiddenTear,cape,full,0,9.0,,9,0,,,,2,9,0,0,0,12,0.0,0.0,0,20,0,6,14,1,0,0,0,0,0,0,0,0,0,0,,0,,,0,0,1,14,0,0,0,0,0,0,3,3,15,0,425.9,0,0,,,,,,,,
1925,6c6c416e7f5f748b6369b4eee9212932740124e375439222cdc649fb2d63d7e5,ransomware,NO_VICTIM_ACTIVITY,Jigsaw,cape,full,0,9.0,,0,0,,,,2,0,0,0,0,6,,,0,8,0,0,8,1,0,0,0,0,0,0,0,0,0,0,,0,,,0,0,1,6,0,0,0,0,0,0,2,2,2,0,,0,0,,,,,,,,
1926,47b85abee8a07e79ad95f48a3e3addf7235144b67b0350e2f9ac80e66f97e583,ransomware,NO_VICTIM_ACTIVITY,LockFile,cape,full,0,1.5,,5,0,,,,3,5,0,0,0,0,0.0,0.0,0,4,0,2,2,1,0,0,0,0,0,0,0,0,0,0,,0,,,0,0,1,0,0,0,0,0,0,0,0,0,0,0,,0,0,,,,,,,,
1927,91eb391fb81353b7bc4794d525997a5dfdbb1d5f1e7e3582e52f8c678adfb900,ransomware,FAILED,Locky,cape,static_only,1,1.3,,,,,,,,,,,,,,,,,,,,152,6,1,7,1,4,0,1,1,2,4,,0,,,,,,,,,,,,,,,,,,,,,,,,,,,
1928,242713ef2f372f0d39ca8f01bd09c9f99bcfe850e156621c023dd9e0bfb9bd95,ransomware,TRUE_ENCRYPTION,Matrix,cape,full,1,10.0,VSSDestroy,1358,2,0.03483119462547123,5.3923174227787625,5.3923174227787625,1222,1358,0,1009,1,36,0.0,0.7430044182621502,42,315,6,181,128,166,3,1,6,1,0,0,1,1,0,3,,0,,,0,0,1,47,0,0,0,0,0,0,0,0,4,0,,3,1,0,0,,0,402.1,3,1,0.381
1929,08c7dfde13ade4b13350ae290616d7c2f4a87cbeac9a3886e90a175ee40fb641,ransomware,TRUE_ENCRYPTION,Nefilim,cape,full,1,9.0,Nefilim,1077,727,0.9333706476343119,7.168013044650308,7.33858081042011,239,1077,0,239,0,5,0.0,0.22191272051996286,36,23,17,1,5,88,6,0,6,1,0,0,0,0,2,2,,0,,,0,0,1,6,0,0,0,0,0,0,2,2,2,0,-24.9,0,0,,,,,,,,
1930,b5ef16922e2c76b09edd71471dd837e89811c5e658406a8495c1364d0d9dc690,ransomware,FAILED,Petya,cape,static_only,1,8.0,,,,,,,,,,,,,,,,,,,,247,0,0,4,0,0,0,0,0,2,0,,13,0,0,,,,,,,,,,,,,,,,,,,,,,,,,
1931,ac2736be4501b8c6823ebcf7241ceda38c3071418fb43c08b30f54f1a45d07e0,ransomware,TRUE_ENCRYPTION,Sage,cape,full,1,9.0,Sage,359,0,,,,274,359,63,64,0,7,0.17548746518105848,0.17827298050139276,12,22,9,6,7,208,0,0,1,0,0,0,0,0,0,0,,121,2,2,0,0,1,8,1,0,0,0,0,0,0,0,5,0,,1,1,0,0,,0,463.0,0,0,
1932,e7927efd913a50c9d5885f2b39bbcfba576e1ecafa5679c58a0f613653c6651f,ransomware,NO_VICTIM_ACTIVITY,Spora,cape,full,1,9.0,,4995,3,-0.0053688976883133725,4.875,4.875,734,4995,2,1,0,85,0.0004004004004004004,0.0002002002002002002,2,280,1,180,99,172,3,1,8,0,0,0,0,1,2,1,boost;cryptopp,0,,,0,0,1,53,2,0,0,13,0,0,3,3,20,0,-16.7,11,3,1,1,17.1,3,229.9,2,1,0.907
1933,f329fc3bbda4bbe2f21824881a9b1f65e94c8a8b8a43305e69dfe8f336960df1,ransomware,FAILED,TeslaCrypt,cape,full,0,6.0,,3,0,,,,1,3,1,1,1,1,0.3333333333333333,0.3333333333333333,1,4,1,1,2,4,0,0,0,0,0,0,0,0,0,0,,288,0,0,0,0,1,1,0,0,0,0,0,0,0,0,0,0,,0,0,,,,,,,,
1934,d063eec4ec30ecc633469e28b06bf8288a9107cd9f16ea97720877a6f761e248,ransomware,TRUE_ENCRYPTION,Thanos,cape,full,0,10.0,Thanos,153,5,0.026733360103117113,7.165281873011515,7.165281873011515,155,153,173,69,11,73,1.130718954248366,0.45098039215686275,11,258,31,23,204,1,0,0,0,0,0,0,0,0,0,0,,0,,,0,1,0,68,0,0,0,41,0,0,2,3,9,1,34.0,54,3,35,1,308.2,242,351.6,19,1,0.013
1935,6d35b01dbe014c6efc18d587c2be5e12617e1681cc670ba5c49fe7ead9de780e,ransomware,TRUE_ENCRYPTION,WastedLocker,cape,full,1,8.0,WastedLocker,436,2103,0.5455509851132141,6.7796319027157494,7.333731179766365,1,436,6,200,1,4,0.013761467889908258,0.45871559633027525,30,45,0,3,42,129,3,1,7,1,1,0,1,3,0,4,,43,0,0,0,0,1,4,0,0,0,0,0,0,0,0,0,0,,0,0,,,,,,,,
1936,ba43b2eb4865f24c9e04bdd6cd885202267e831ef797df32eb602dd91ff36ffb,ransomware,FAILED,Xorist,cape,static_only,0,10.0,Xorist,,,,,,,,,,,,,,,,,,,0,0,0,0,0,0,0,0,0,0,0,,0,,,,,,,,,,,,,,,,,,,,,,,,,,,
1937,7b7c16367746efe7583ae46235b2f062ce44602dda990c9a11a730d619b8d365,ransomware,TRUE_ENCRYPTION,Avaddon,cape,full,0,10.0,Avaddon,1451,2816,0.94391882388724,7.173672284446,7.3239275944447355,734,1451,6,105,0,26,0.004135079255685734,0.07236388697450034,22,477,43,21,413,13,1,0,0,0,0,1,0,0,0,2,,0,,,0,0,1,8,1,0,0,0,0,0,1,1,44,13,-137.3,3,1,3,1,25.4,111,264.7,0,1,
1938,6bc21092f49a473b0fd4d1e1a77ce5d7e97e961334764b606b7014710fb75466,ransomware,TRUE_ENCRYPTION,CryLock,cape,full,1,10.0,CryLock,4383,0,,,,4332,4383,6,5000,0,39,0.0013689253935660506,1.1407711613050422,110,405,107,11,287,196,0,0,9,0,3,0,2,2,0,2,,0,,,0,0,1,27,9,4,0,0,0,0,4,5,14,1,-9.8,1,1,0,0,,0,547.4,1,1,0.14
1939,8d2f2ee24882afe11f50e3d6d9400e35fa66724b321cb9f5a246baf63cbc1788,ransomware,TRUE_ENCRYPTION,CryptoLocker,cape,full,0,10.0,CryptoLocker,2982,33483,0.5686851458711729,7.175547322539,7.353869858300233,2990,2982,0,4999,0,0,0.0,1.676391683433937,22,190,137,1,52,1,0,0,0,0,0,0,0,0,0,0,,0,,,0,1,0,0,0,0,0,0,0,0,0,0,0,0,,0,0,,,,,,,,
1940,ec4cb2623fbc85bc3aabcad5a1ea93966cc2e61c653b993fa5104021cd0f54f1,ransomware,NO_VICTIM_ACTIVITY,CryptoWall,cape,full,1,9.0,,12,461,0.21828838296860914,3.459828936999982,3.4598289369999815,3,12,1,0,0,2,0.08333333333333333,0.0,1,7,0,4,3,135,0,0,4,0,0,0,0,1,1,0,,0,,,0,1,0,3,0,0,0,0,0,0,0,3,12,1,-6.2,0,0,,,,,,,,
1941,1bdbb1f54354640bd65ec045ce886ab963d80fa2a96503f16f54f25484759ed1,ransomware,TRUE_ENCRYPTION,HiddenTear,cape,full,0,9.0,Scarab-Dharma,67,3267,-0.11386732770232574,4.23884371998407,5.96875,76,67,1,67,0,0,0.014925373134328358,1.0,11,24,17,1,6,1,0,0,0,0,0,0,0,0,0,0,,0,,,0,1,0,0,0,0,0,0,0,0,0,0,16,0,,0,0,,,,,,,,
1942,df049efbfa7ac0b76c8daff5d792c550c7a7a24f6e9e887d01a01013c9caa763,ransomware,NO_VICTIM_ACTIVITY,Jigsaw,cape,full,1,9.0,,4,0,,,,2,4,1,1,0,13,0.25,0.25,1,14,0,1,13,95,0,0,3,0,0,0,1,0,2,1,,0,,,0,0,1,12,0,0,0,0,0,0,3,3,15,3,203.8,0,0,,,,,,,,
1943,0ba324337b1d76a5afc26956d4dc9f57786483230112eaead5b5c92022c089c7,ransomware,NO_VICTIM_ACTIVITY,LockFile,cape,full,0,10.0,JennLog Loader,57,6,-0.004768392858194161,4.179504450061346,4.179504450061346,729,57,1,1,0,11,0.017543859649122806,0.017543859649122806,1,49,0,14,35,1,0,0,0,0,0,0,0,0,0,0,,1,0,0,0,1,0,13,0,0,0,0,0,0,5,6,17,3,-19.6,0,0,,,,,,,,
1944,cfaf5c17b24af5463975daa676da4291e58ea80e9497df62e2dca2abda0ed681,ransomware,FAILED,Locky,cape,static_only,1,1.3,,,,,,,,,,,,,,,,,,,,152,6,1,7,1,4,0,1,1,2,4,,0,,,,,,,,,,,,,,,,,,,,,,,,,,,
1945,c2b9f3b84e3e990e2c225e05ea65e7a3aaaf5a688864d0ee68ed2eece557fac0,ransomware,TRUE_ENCRYPTION,Nefilim,cape,full,1,10.0,Nefilim,771,786,0.70453245762777,4.616356125048334,5.9534850284493706,176,771,0,148,0,0,0.0,0.191958495460441,23,160,98,48,14,32,0,0,1,0,0,0,0,0,1,0,boost,0,,,0,1,0,0,0,0,0,0,0,0,0,0,0,0,,0,0,,,,,,,,
1946,a1f30cabf6d8e2d2796eb166d49bcf86a3dd18fb92da8b861adf9247373cf70b,ransomware,FAILED,Petya,cape,static_only,1,8.0,,,,,,,,,,,,,,,,,,,,247,0,0,4,0,0,0,0,0,2,0,,13,0,0,,,,,,,,,,,,,,,,,,,,,,,,,
1947,b7a8be8de5848a8212159e2d4e79c0d97bed04272aea99abc19c39281f49c835,ransomware,NO_VICTIM_ACTIVITY,Sage,cape,full,1,9.0,,14,0,,,,28,14,487,3,0,11,34.785714285714285,0.21428571428571427,4,499,1,5,493,191,0,0,3,0,0,0,0,0,2,0,,0,,,0,0,1,13,0,0,0,0,0,0,2,2,24,3,-126.1,1,1,1,1,12.7,490,548.5,0,1,
1948,18bcc45a960987ba95d31d56896101b759069fa092ad583ee418287d12147e5e,ransomware,FAILED,TeslaCrypt,cape,full,0,6.0,,3,0,,,,1,3,1,1,1,1,0.3333333333333333,0.3333333333333333,1,4,1,1,2,4,0,0,0,0,0,0,0,0,0,0,,288,0,0,0,0,1,1,0,0,0,0,0,0,0,0,0,0,,0,0,,,,,,,,
1949,f261d0283d9f1e346a648537b859570741c52be11b95e527a108037d71363327,ransomware,NO_VICTIM_ACTIVITY,Thanos,cape,full,0,10.0,Thanos,18,3,-0.006691088992521201,3.160964047443681,3.321928094887362,68,18,1,1,0,52,0.05555555555555555,0.05555555555555555,1,109,0,15,94,1,0,0,0,0,0,0,0,0,0,0,,0,,,0,1,0,51,0,0,0,33,0,0,2,2,32,1,29.0,40,3,40,1,635.9,2,0.0,0,1,
1950,37a30621364d3083424b24b0255fc8f5752d88c381600d840574e551c284fb6e,ransomware,TRUE_ENCRYPTION,WastedLocker,cape,full,1,8.0,WastedLocker,430,2058,0.3930884985051232,6.7777795345933916,7.3879947456578385,1,430,7,198,1,4,0.01627906976744186,0.4604651162790698,31,44,0,4,40,129,3,1,7,1,1,0,1,3,0,4,,58,0,0,0,0,1,4,0,0,0,0,0,0,0,0,0,0,,0,0,,,,,,,,
1951,ab04ff1b0d5f70c43a0985f3b0b3b8bc1150ab9e74d56f3b1c4043a51aabf76d,ransomware,FAILED,Xorist,cape,static_only,0,10.0,Xorist,,,,,,,,,,,,,,,,,,,0,0,0,0,0,0,0,0,0,0,0,,0,,,,,,,,,,,,,,,,,,,,,,,,,,,
1952,cc7852dc77152c57aa51e7b7dc34e09e086bba8845334d28d652b07adbc651bb,ransomware,FAILED,Avaddon,cape,static_only,0,10.0,Avaddon,,,,,,,,,,,,,,,,,,,13,1,0,0,0,0,1,0,0,0,2,,0,,,,,,,,,,,,,,,,,,,,,,,,,,,
1953,ede64c15feef1b185c1a4b5727972c8ad66f7dfe86a095921bf45bf872f8d0dd,ransomware,TRUE_ENCRYPTION,CryLock,cape,full,1,10.0,CryLock,7,0,,,,6,7,0,0,0,0,0.0,0.0,0,5,0,4,1,448,0,0,7,0,3,0,2,1,0,2,,0,,,0,0,1,0,0,0,0,0,0,0,0,0,0,0,,0,0,,,,,,,,
1954,4a27e09aeb42de72b83261f3f920f80ec1f5f8fd875ef9487ee5d6f81f726fe3,ransomware,NO_VICTIM_ACTIVITY,CryptoWall,cape,full,1,9.0,,30,129,0.48013762473953825,5.597173158092532,7.737314432788791,1,30,1,0,0,1,0.03333333333333333,0.0,1,9,0,7,2,372,3,1,9,1,0,0,1,1,2,3,,0,,,0,0,1,1,0,0,0,0,0,0,0,0,8,0,,0,0,,,,,,,,
1955,1ba708ad9103142f4b223b87537641cff1a36ca1c60bf8c8f1fae91d2bac4e02,ransomware,TRUE_ENCRYPTION,HiddenTear,cape,full,0,8.0,Scarab-Dharma,411,6836,-0.14446918189148122,4.672082375887601,6.014091089055431,421,411,0,427,0,1,0.0,1.0389294403892944,9,75,63,2,10,1,0,0,0,0,0,0,0,0,0,0,,0,,,0,1,0,1,0,0,0,0,0,0,0,0,16,0,,0,0,,,,,,,,
1956,a6b93a36b226140c0048811bc07bda4377484857c3207bc37d3b8880da5c6740,ransomware,FAILED,Locky,cape,static_only,0,10.0,Locky,,,,,,,,,,,,,,,,,,,0,0,0,0,0,0,0,0,0,0,0,,0,,,,,,,,,,,,,,,,,,,,,,,,,,,
1957,d4492a9eb36f87a9b3156b59052ebaf10e264d5d1ce4c015a6b0d205614e58e3,ransomware,TRUE_ENCRYPTION,Nefilim,cape,full,1,9.0,Nefilim,1080,727,0.9290169546590804,7.172181941400244,7.347808790338016,240,1080,0,240,0,5,0.0,0.2222222222222222,36,22,17,0,5,88,6,0,6,1,0,0,0,0,2,2,,0,,,0,0,1,6,0,0,0,0,0,0,1,1,2,0,-388.0,0,0,,,,,,,,
1958,389a7d395492c2da6f8abf5a8a7c49c3482f7844f77fe681808c71e961bcae97,ransomware,FAILED,Petya,cape,static_only,1,8.0,,,,,,,,,,,,,,,,,,,,247,0,0,4,0,0,0,0,0,2,0,,13,0,0,,,,,,,,,,,,,,,,,,,,,,,,,
1959,e04d0d50ef59e6b78aa7bab7c5eced07ac5922ecc5ec7bbd1ce0e1d70fbe88d6,ransomware,TRUE_ENCRYPTION,Sage,cape,full,1,9.0,Sage,353,0,,,,429,353,74,67,0,33,0.2096317280453258,0.18980169971671387,14,104,17,19,68,214,0,0,3,0,0,0,3,0,2,1,,0,,,0,0,1,28,1,2,0,0,0,0,3,3,62,2,-14.2,2,1,1,1,4.7,141,205.7,1,1,0.713
1960,54053b77dcb3767ec60d901c448a2e6f978371d1e61206c9fc8b1b2515941181,ransomware,FAILED,TeslaCrypt,cape,full,0,6.0,,3,0,,,,1,3,1,1,1,1,0.3333333333333333,0.3333333333333333,1,3,1,1,1,4,0,0,0,0,0,0,0,0,0,0,,288,0,0,0,0,1,1,0,0,0,0,0,0,0,0,0,0,,0,0,,,,,,,,
1961,c6d7c39e83f12684cc9341305044fb03a61d23876d37746d96d31a9191bacb8f,ransomware,TRUE_ENCRYPTION,Thanos,cape,full,0,10.0,Thanos,33,284,0.13394139842571334,6.295936003616677,7.282469373011515,145,33,18,10,0,75,0.5454545454545454,0.30303030303030304,8,180,1,26,153,1,0,0,0,0,0,0,0,0,0,0,,0,,,0,1,0,67,1,0,0,45,0,0,2,2,18,1,42.1,59,3,59,1,552.8,28,88.4,0,1,
1962,ab007094afec534a2aa64436f214866014a664e7399aeaf361790ede5eec6b56,ransomware,TRUE_ENCRYPTION,WastedLocker,cape,full,1,8.0,WastedLocker,429,2124,0.47669600979464766,6.769041108069652,7.341373005236296,1,429,6,199,1,4,0.013986013986013986,0.46386946386946387,29,39,0,2,37,129,3,1,7,1,1,0,1,3,0,4,,71,0,0,0,0,1,4,0,0,0,0,0,0,0,0,0,0,,0,0,,,,,,,,
1963,4731758b5f792686547e861c6bd86ccf88ddb63cba6fa6b048a46cfc5f146325,ransomware,TRUE_ENCRYPTION,Xorist,cape,full,1,10.0,Xorist,4641,0,,,,3723,4641,0,4251,1,0,0.0,0.9159663865546218,22,288,69,105,114,71,2,0,3,0,0,0,0,0,0,1,,0,,,1,0,0,0,0,0,0,0,0,0,0,0,9,0,,0,0,,,,,,,,
1964,4a29b0f61b09b0e5f6736021f3fddde78737f8bd24afbb61fbb67999a09ebc7f,ransomware,FAILED,Avaddon,cape,static_only,0,10.0,Avaddon,,,,,,,,,,,,,,,,,,,13,1,0,0,0,0,1,0,0,0,2,,0,,,,,,,,,,,,,,,,,,,,,,,,,,,
1965,e298ac8c4975ff92788ee7049e39b047d0805c2513f7a5ca4b1e98f8b260b923,ransomware,TRUE_ENCRYPTION,CryLock,cape,full,1,10.0,CryLock,6,0,,,,5,6,0,0,0,0,0.0,0.0,0,5,0,4,1,457,0,0,7,0,3,0,2,1,0,2,,0,,,0,0,1,0,0,0,0,0,0,0,0,0,0,0,,0,0,,,,,,,,
1966,66efc75da73150a6e6ef59186108f3892f223854348d2028ddc6b3859a9a25f4,ransomware,TRUE_ENCRYPTION,HiddenTear,cape,full,0,9.0,Scarab-Dharma,67,1902,-0.11485730053182314,4.256797840977958,5.940404017720933,80,67,1,67,0,0,0.014925373134328358,1.0,11,20,11,0,9,1,0,0,0,0,0,0,0,0,0,0,,0,,,0,1,0,0,0,0,0,0,0,0,0,0,16,0,,0,0,,,,,,,,
1967,0239a0ffbfd6198ec9fd73a9cac589942939328402884d6d7e03abb5f9e41850,ransomware,FAILED,Locky,cape,static_only,0,10.0,Locky,,,,,,,,,,,,,,,,,,,0,0,0,0,0,0,0,0,0,0,0,,0,,,,,,,,,,,,,,,,,,,,,,,,,,,
1968,5e41340a94b66980044e5e08646bf159d225051b213234936178a2a3f722f446,ransomware,NO_VICTIM_ACTIVITY,Petya,cape,full,0,9.0,,300,0,,,,3,300,0,0,0,0,0.0,0.0,0,6,0,4,2,1,0,0,0,0,0,0,0,0,0,0,,0,,,0,0,1,0,0,0,0,0,0,0,0,0,0,0,,0,0,,,,,,,,
1969,ce245f226b58e2f38fd93621ac3bf50e8106db9194310c39e957d58e41cabd47,ransomware,TRUE_ENCRYPTION,Sage,cape,full,1,9.0,Sage,343,0,,,,416,343,104,65,0,63,0.3032069970845481,0.18950437317784258,14,156,21,14,121,214,0,0,3,0,0,0,3,0,2,1,,0,,,0,0,1,33,1,2,0,0,0,0,3,4,60,2,-19.7,2,1,1,1,6.1,169,242.8,1,1,0.56
1970,4ae1ad34591e55c2f2a6c73e9255cada22b86c6300d60629403bf997c34ef1ed,ransomware,NO_VICTIM_ACTIVITY,TeslaCrypt,cape,full,1,2.5,,0,0,,,,0,0,0,0,0,0,,,0,0,0,0,0,125,0,0,4,0,0,0,0,0,2,0,,0,,,0,0,1,0,0,0,0,0,0,0,0,0,4,0,,0,0,,,,,,,,
1971,f70966e32d18a1e2ed51ebdcc6b985d8f7613febf0680639076c71ebeab6a350,ransomware,TRUE_ENCRYPTION,Thanos,cape,full,0,10.0,Thanos,44,21,0.13221082138573925,4.5949723094037305,7.245382390931207,121,44,13,4,0,91,0.29545454545454547,0.09090909090909091,5,170,0,17,153,1,0,0,0,0,0,0,0,0,0,0,,181,3,3,0,1,0,76,0,0,0,53,0,0,3,9,40,1,-5.3,59,3,1,1,2.7,17,671.0,58,1,0.01
1972,d054e9223a2665b1746727d7bf9b008181c2d60c6a20b27490e4adb151560823,ransomware,FAILED,WastedLocker,cape,static_only,1,1.0,,,,,,,,,,,,,,,,,,,,128,3,1,7,1,0,0,1,3,1,3,,0,,,,,,,,,,,,,,,,,,,,,,,,,,,
1973,280a75ca5ca5dc8e106f6f6e2005fe3e23b6c35e296d5639b00b5b6daba8c38e,ransomware,FAILED,Xorist,cape,static_only,0,10.0,Xorist,,,,,,,,,,,,,,,,,,,0,0,0,0,0,0,0,0,0,0,0,,0,,,,,,,,,,,,,,,,,,,,,,,,,,,
1974,40f2f1b52877c4859614a065d6d538c9c07e6dfe7b763d76c2919daeda7cbbeb,ransomware,FAILED,Avaddon,cape,static_only,0,10.0,Avaddon,,,,,,,,,,,,,,,,,,,13,1,0,0,0,0,1,0,0,0,2,,0,,,,,,,,,,,,,,,,,,,,,,,,,,,
1975,b12b6892a6bec7d1cec43811e686cc6874988a51f4e64b67c7f5906af40fae26,ransomware,TRUE_ENCRYPTION,CryLock,cape,full,1,10.0,CryLock,7,0,,,,6,7,0,0,0,0,0.0,0.0,0,4,0,3,1,448,0,0,7,0,3,0,2,1,0,2,,0,,,0,0,1,0,0,0,0,0,0,0,0,0,0,0,,0,0,,,,,,,,
1976,9350d71ae24d33f0ef91fc545c6b12d388aac883a55f064e8253bd61b3abcdcf,ransomware,TRUE_ENCRYPTION,HiddenTear,cape,full,0,9.0,MMLocker,68,4306,-0.0700887647465656,4.183295158540363,6.376825800964972,81,68,1,67,0,0,0.014705882352941176,0.9852941176470589,11,27,17,0,10,1,0,0,0,0,0,0,0,0,0,0,,0,,,0,1,0,0,0,0,0,0,0,0,0,0,16,0,,0,0,,,,,,,,
1977,e1de0531f3954d365af908d2789d453fb12480199fd9bd06a58651f90d926afe,ransomware,FAILED,Locky,cape,static_only,1,10.0,Locky,,,,,,,,,,,,,,,,,,,161,6,1,7,1,4,0,1,1,2,4,,161,4,0,,,,,,,,,,,,,,,,,,,,,,,,,
1978,2a2a4e8ac8a25f27a49b5f25d4af953050474f468d32540f1e2a0f7e81f67556,ransomware,FAILED,Petya,cape,static_only,1,9.0,,,,,,,,,,,,,,,,,,,,51,0,0,2,0,0,0,0,0,1,0,,0,,,,,,,,,,,,,,,,,,,,,,,,,,,
1979,c95157d19c8eefda3e1f03569e986f04f6bb1e9ae70088b464ff57b02440737a,ransomware,TRUE_ENCRYPTION,Sage,cape,full,1,9.0,Sage,344,0,,,,428,344,76,65,0,43,0.22093023255813954,0.18895348837209303,13,114,19,9,86,214,0,0,3,0,0,0,3,0,2,1,,0,,,0,0,1,27,1,2,0,0,0,0,3,8,66,0,-10.7,2,1,1,1,4.7,141,200.5,1,1,0.728
1980,c7386fde4d6b42bc322682a7cb465122859d67804c2f51eeec0d581bfae110d5,ransomware,NO_VICTIM_ACTIVITY,TeslaCrypt,cape,full,1,2.5,,0,0,,,,0,0,0,0,0,0,,,0,0,0,0,0,125,0,0,4,0,0,0,0,0,2,0,,0,,,0,0,1,0,0,0,0,0,0,0,0,0,4,0,,0,0,,,,,,,,
1981,e64edc53f3457a0608354c18f398787fc2d281a9f4246724d2d73d9ddc34a861,ransomware,TRUE_ENCRYPTION,Thanos,cape,full,0,10.0,Thanos,75,67,0.10733989506369722,6.465597222729181,7.239337139801754,131,75,26,13,0,68,0.3466666666666667,0.17333333333333334,9,194,4,34,156,1,0,0,0,0,0,0,0,0,0,0,,181,3,3,0,1,0,67,0,0,0,45,0,0,1,1,35,1,-400.1,59,3,59,1,461.2,39,182.5,0,1,
1982,7a45a4ae68992e5be784b4a6da7acd98dc28281fe238f22c1f7c1d85a90d144a,ransomware,TRUE_ENCRYPTION,WastedLocker,cape,full,1,8.0,WastedLocker,375,2137,0.3541079537370037,6.76034781154593,7.33593647361225,1,375,7,191,1,4,0.018666666666666668,0.5093333333333333,31,25,0,4,21,128,3,1,7,1,0,0,1,3,1,3,,0,,,0,0,1,4,0,0,0,0,0,0,0,0,0,0,,0,0,,,,,,,,
1983,307a61c288932ffeb7a25d667cf2911266c5379acfab20aa9a52c1aa1148d59b,ransomware,TRUE_ENCRYPTION,Xorist,cape,full,0,10.0,Xorist,4999,0,,,,4999,4999,0,4998,1,0,0.0,0.9997999599919984,31,560,285,197,78,12,0,0,0,0,0,0,0,0,0,0,,71,1,1,0,0,1,0,0,0,0,0,0,0,0,0,9,0,,0,0,,,,,,,,
1984,c7c9f8f68348fbd26aae20c9ccb1aefd1cfce63897efa4c64abe7ac480253259,ransomware,TRUE_ENCRYPTION,Avaddon,cape,full,0,10.0,Avaddon,1460,2699,0.9459331022023094,7.175395092714429,7.321040869030762,726,1460,9,103,1,60,0.0061643835616438354,0.07054794520547945,25,481,47,29,405,13,1,0,0,0,0,1,0,0,0,2,,0,,,0,0,1,19,1,0,0,0,0,0,2,4,35,12,-24.5,3,1,0,0,,0,313.8,3,1,0.028
1985,9484f195618170ec3fa8e8a8d6f8abe0e3c0b360c5767a630d305ef99c92581e,ransomware,TRUE_ENCRYPTION,CryLock,cape,full,1,10.0,CryLock,6,0,,,,6,6,0,0,0,0,0.0,0.0,0,5,0,4,1,457,0,0,7,0,3,0,2,1,0,2,,0,,,0,0,1,0,0,0,0,0,0,0,0,0,0,0,,0,0,,,,,,,,
1986,1aa9716d4d2bb22285993a195d70565e8ab1420f81f5fd9d90601b4050bddde5,ransomware,TRUE_ENCRYPTION,HiddenTear,cape,full,0,9.0,,332,472,0.02160178243218884,5.068965016557525,5.96875,518,332,119,2,10,7,0.35843373493975905,0.006024096385542169,16,80,25,19,36,1,0,0,0,0,0,0,0,0,0,0,,0,,,0,1,0,6,0,0,0,0,0,0,2,2,27,8,2.2,0,0,,,,,,,,
1987,17c3d74e3c0645edb4b5145335b342d2929c92dff856cca1a5e79fa5d935fec2,ransomware,NO_VICTIM_ACTIVITY,Locky,cape,full,1,8.0,,1,20,0.9187855112303233,2.207225673249,4.8320953986601705,1,1,0,0,0,0,0.0,0.0,0,1,0,1,0,137,0,0,1,0,0,0,0,0,0,0,,0,,,0,1,0,0,0,0,0,0,0,0,0,0,1,0,,0,0,,,,,,,,
1988,36ae29df569363f2ab310bbfab894f449c530f8b1f0320f42714cb26cd744750,ransomware,NO_VICTIM_ACTIVITY,Petya,cape,full,0,1.5,,1,2,-0.2,2.75,2.75,10,1,0,0,0,0,0.0,0.0,0,6,0,1,5,1,0,0,0,0,0,0,0,0,0,0,,64,0,0,0,1,0,0,0,0,0,0,0,0,0,0,0,0,,0,0,,,,,,,,
1989,bdd9daaa55bc8971533baf9ec823aeb921564744c30b530b1cd57033cf52c756,ransomware,NO_VICTIM_ACTIVITY,Sage,cape,full,1,9.0,,0,0,,,,3,0,0,0,0,0,,,0,1,0,0,1,214,0,0,3,0,0,0,3,0,2,1,,0,,,0,0,1,0,0,0,0,0,0,0,0,0,0,0,,0,0,,,,,,,,
1990,514e6f0d3504b099fd92547852eca34774aac787186224c0c3a5a6207be3175b,ransomware,FAILED,TeslaCrypt,cape,static_only,1,1.3,,,,,,,,,,,,,,,,,,,,150,0,0,6,1,3,0,2,1,2,3,openssl,0,,,,,,,,,,,,,,,,,,,,,,,,,,,
1991,cce5a753888cb5b044c767fe8e95e410ebdf1e1c79cabc95db1c9e1a8e81c5e7,ransomware,TRUE_ENCRYPTION,Thanos,cape,full,0,10.0,Thanos,409,1601,0.9860014560235203,7.176786012377598,7.354061073168832,512,409,1397,408,0,63,3.415647921760391,0.9975550122249389,60,271,60,26,185,1,0,0,0,0,0,0,0,0,0,0,,0,,,0,1,0,60,0,0,0,31,0,0,2,3,23,1,37.9,45,3,17,1,88.5,1805,446.2,26,1,0.016
1992,9744b5f5d07149c5619d7fec67622b4e43bf3b28a803c2ab4121be4080e2b165,ransomware,FAILED,WastedLocker,cape,static_only,1,0.8,,,,,,,,,,,,,,,,,,,,129,3,1,7,1,1,0,1,3,0,4,,0,,,,,,,,,,,,,,,,,,,,,,,,,,,
1993,ec09cfa4a79d709daed859d1a0e131aaa994f4a7b4bed80406125db76446fbda,ransomware,TRUE_ENCRYPTION,Xorist,cape,full,1,10.0,Xorist,4999,0,,,,4999,4999,0,4999,1,0,0.0,1.0,31,273,96,141,36,71,2,0,3,0,0,0,0,0,0,1,,0,,,1,0,0,0,0,0,0,0,0,0,0,0,9,0,,0,0,,,,,,,,
1994,f25bac7d622cd257c9668067e7499c0587e14f5c9719177df836c0778a420ee2,ransomware,FAILED,Avaddon,cape,static_only,0,10.0,Avaddon,,,,,,,,,,,,,,,,,,,13,1,0,0,0,0,1,0,0,0,2,,0,,,,,,,,,,,,,,,,,,,,,,,,,,,
1995,03014ebd23ea5748d944cadd8b2ab3001fea716b877ff537737eee63ee5cfe28,ransomware,TRUE_ENCRYPTION,CryLock,cape,full,1,10.0,CryLock,7,0,,,,7,7,0,0,0,0,0.0,0.0,0,5,0,4,1,447,0,0,7,0,3,0,2,1,0,2,,0,,,0,0,1,0,0,0,0,0,0,0,0,0,0,0,,0,0,,,,,,,,
1996,df13748fd29876cb3410bff58b86a160ced3985fbb4710bb4b093954f130c3e3,ransomware,NO_VICTIM_ACTIVITY,HiddenTear,cape,full,0,3.5,,0,2,,3.0,3.0,11,0,0,0,0,0,,,0,5,0,0,5,1,0,0,0,0,0,0,0,0,0,0,,0,,,0,1,0,0,0,0,0,0,0,0,0,0,0,0,,0,0,,,,,,,,
1997,dbb929b5989d63731106f2fc8239debdd23e888d3713ba836b1b357be48e0fb5,ransomware,FAILED,Locky,cape,static_only,0,10.0,Locky,,,,,,,,,,,,,,,,,,,0,0,0,0,0,0,0,0,0,0,0,,0,,,,,,,,,,,,,,,,,,,,,,,,,,,
1998,4c1dc737915d76b7ce579abddaba74ead6fdb5b519a1ea45308b8c49b950655c,ransomware,FAILED,Petya,cape,full,1,9.0,,38,8,,6.544982789042535,6.628829882778696,36,38,0,0,0,0,0.0,0.0,0,1,0,1,0,292,3,0,6,1,0,0,1,0,2,3,,22,2,0,0,0,1,0,0,0,0,0,0,0,0,0,0,0,,0,0,,,,,,,,
1999,b11c5192df31861fe79b1127fe7e07d4f99ee9de14365b422726d8bc32214608,ransomware,TRUE_ENCRYPTION,Sage,cape,full,1,9.0,Sage,343,0,,,,422,343,79,64,0,51,0.2303206997084548,0.18658892128279883,13,134,19,19,96,214,0,0,3,0,0,0,3,0,2,1,,0,,,0,0,1,35,1,2,0,0,0,0,3,4,67,2,-7.2,2,1,1,1,5.2,143,200.1,1,1,0.695
2000,6b5da1fabaf06b38cbd9d2d2fe6ab878c35d1102f9201f81366bc2df3d6a6603,ransomware,FAILED,TeslaCrypt,cape,static_only,0,0.3,,,,,,,,,,,,,,,,,,,,0,0,0,0,0,0,0,0,0,0,0,openssl,0,,,,,,,,,,,,,,,,,,,,,,,,,,,
2001,bb744238e99e7654395a3c19fb4d491fffcdcd7a96c914f898a649ca39f11a33,ransomware,TRUE_ENCRYPTION,Thanos,cape,full,0,10.0,Thanos,30,259,0.12140061103491517,6.0336231755283345,7.249986623023083,139,30,10,5,0,73,0.3333333333333333,0.16666666666666666,6,166,1,23,142,1,0,0,0,0,0,0,0,0,0,0,,0,,,0,1,0,66,1,0,0,45,0,0,2,2,19,1,40.9,59,3,59,1,529.6,15,28.6,0,1,
2002,06e3e56153ca25cb9790495f0768e9b615e088f9241ac7f3b974f2e9cd97bd21,ransomware,TRUE_ENCRYPTION,WastedLocker,cape,full,1,6.0,,418,2109,0.46490531400073914,6.769057299517167,7.319616931622167,1,418,6,191,1,4,0.014354066985645933,0.4569377990430622,29,40,0,2,38,129,3,1,7,1,1,0,1,3,0,4,,0,,,0,0,1,4,0,0,0,0,0,0,0,0,0,0,,0,0,,,,,,,,
2003,e5f60df786e9da9850b7f01480ebffced3be396618c230fa94b5cbc846723553,ransomware,TRUE_ENCRYPTION,Xorist,cape,full,1,10.0,Xorist,4816,0,,,,4508,4816,0,4821,1,0,0.0,1.0010382059800664,26,249,98,107,44,71,2,0,3,0,0,0,0,0,0,1,,0,,,1,0,0,0,0,0,0,0,0,0,0,0,9,0,,0,0,,,,,,,,
2004,cc95a8d100f70d0fbf4af14e852aa108bdb0e36db4054c3f60b3515818a71f46,ransomware,TRUE_ENCRYPTION,Avaddon,cape,full,1,9.0,Scarab-Dharma,1001,1583,0.9087902019833883,7.1702139870138994,7.327011210696199,465,1001,18,77,5,24,0.017982017982017984,0.07692307692307693,22,263,21,22,220,198,8,0,8,4,0,4,3,3,3,4,,0,,,0,0,1,8,1,0,0,0,0,0,1,1,78,83,-11.4,3,1,3,1,46.8,95,495.5,0,1,
2005,77f1ebb5392e31c451ffa322b88e87fc235ba4450033c5987822f2564a0fde9e,ransomware,TRUE_ENCRYPTION,CryLock,cape,full,1,10.0,CryLock,6,0,,,,6,6,0,0,0,0,0.0,0.0,0,5,0,4,1,448,0,0,7,0,3,0,2,1,0,2,,0,,,0,0,1,0,0,0,0,0,0,0,0,0,0,0,,0,0,,,,,,,,
2006,7cdd7e30c7091fd2fa3e879dd70087517412a165bf14c4ea4fd354337f22c415,ransomware,TRUE_ENCRYPTION,HiddenTear,cape,full,0,9.0,Scarab-Dharma,67,2708,0.15217985266832515,4.2829491321873014,5.95348502844937,76,67,1,67,0,0,0.014925373134328358,1.0,11,20,15,0,5,1,0,0,0,0,0,0,0,0,0,0,,0,,,0,1,0,0,0,0,0,0,0,0,0,0,16,0,,0,0,,,,,,,,
2007,0fe7d733494aeb44ed3dd48f78e3e48f9714fa807f9a09a92cfafa3dc9d6495f,ransomware,FAILED,Locky,cape,static_only,1,1.3,,,,,,,,,,,,,,,,,,,,156,6,1,7,1,4,0,1,1,2,4,,0,,,,,,,,,,,,,,,,,,,,,,,,,,,
2008,1705f87120df7419c983a18c843ffb3012e7b257e3004621514c30aa631f7009,ransomware,FAILED,Petya,cape,full,1,9.0,,2,0,,,,0,2,0,0,0,0,0.0,0.0,0,1,0,1,0,64,0,0,2,0,0,0,0,0,0,0,,0,,,0,0,1,2,0,0,0,0,0,0,0,0,0,0,,0,0,,,,,,,,
2009,a8386d784f0382466e502cb0135ddff8148547a16446b8b4b2d9625b75aaf875,ransomware,TRUE_ENCRYPTION,Sage,cape,full,1,9.0,Sage,373,0,,,,442,373,91,69,0,47,0.24396782841823056,0.18498659517426275,14,128,23,16,89,214,0,0,3,0,0,0,3,0,2,1,,0,,,0,0,1,35,1,2,0,0,0,0,2,3,64,2,-13.8,2,1,1,1,5.0,160,216.6,1,1,0.677
2010,f8e9e1ee90963ca1f8edba227ba7b80b3d3db581c9145c0c7152a97a35dcd695,ransomware,TRUE_ENCRYPTION,TeslaCrypt,cape,full,1,9.0,TeslaCrypt,2206,3,-0.058868226113962245,5.769454882778696,5.769454882778696,3005,2206,2,4943,1,10,0.0009066183136899365,2.240707162284678,20,503,102,25,376,64,0,0,1,0,0,0,0,0,2,0,,197,3,3,0,1,0,10,2,0,0,0,0,0,4,4,11,0,-22.9,1,1,0,0,,0,598.1,1,1,0.075
2011,6d6291773e243308741e27d716cf5b47673f8a60f42006721edff7c5270296dc,ransomware,NO_VICTIM_ACTIVITY,Thanos,cape,full,0,10.0,Thanos,14,0,,,,74,14,0,0,0,73,0.0,0.0,0,129,0,12,117,1,0,0,0,0,0,0,0,0,0,0,,0,,,0,0,1,62,0,0,0,41,0,0,4,5,31,4,92.8,40,3,0,,,,,,,
2012,633e3f41ab072d59eb255348209fd3228a8abc3168601c7f95342ef85efdc6b2,ransomware,TRUE_ENCRYPTION,WastedLocker,cape,full,1,8.0,,443,2155,0.5496639945628496,6.777247555155492,7.350260879403926,1,443,6,197,1,4,0.013544018058690745,0.44469525959367945,31,40,0,2,38,148,0,0,3,0,0,0,0,0,1,0,,130,4,4,0,1,0,4,0,0,0,0,0,0,0,0,0,0,,0,0,,,,,,,,
2013,319fbb2dd26045a90a452eb26799c6529f8a77ad8d7b967aec58111e25b12cd5,ransomware,TRUE_ENCRYPTION,Xorist,cape,full,1,10.0,Xorist,4678,0,,,,3537,4678,0,4041,1,0,0.0,0.8638306968790082,21,281,75,89,117,71,2,0,3,0,0,0,0,0,0,1,,0,,,1,0,0,0,0,0,0,0,0,0,0,0,9,0,,0,0,,,,,,,,
2014,e24f69aa8738d14b85ad76a1783d51120b8b6ba467190fe7d8f96ad2969c8fdf,ransomware,TRUE_ENCRYPTION,Avaddon,cape,full,0,10.0,Avaddon,1420,2570,0.9277613968222778,7.172727160398832,7.321921972504132,730,1420,6,109,0,23,0.004225352112676056,0.07676056338028169,20,478,56,24,398,10,0,0,0,0,0,0,0,0,0,0,,214,4,4,0,1,0,6,1,0,0,0,0,0,0,0,28,10,,3,1,3,1,29.4,115,214.7,0,1,
2015,04d8109c6c78055d772c01fefe1e5f48a70f2a65535cff17227b5a2c8506b831,ransomware,TRUE_ENCRYPTION,CryLock,cape,full,1,10.0,CryLock,6,0,,,,6,6,0,0,0,0,0.0,0.0,0,5,0,4,1,457,0,0,7,0,3,0,2,1,0,2,,0,,,0,0,1,0,0,0,0,0,0,0,0,0,0,0,,0,0,,,,,,,,
2016,188a788960d15df85065cbc52f537434f3abd41aabd3299531fb58dfa98bbb1a,ransomware,NO_VICTIM_ACTIVITY,HiddenTear,cape,full,0,9.0,,1,2,-0.11111111111111113,3.0,3.0,13,1,0,0,0,0,0.0,0.0,0,7,0,1,6,1,0,0,0,0,0,0,0,0,0,0,,0,,,0,1,0,0,0,0,0,0,0,0,0,0,17,0,,0,0,,,,,,,,
2017,49a48d4ff1b7973e55d5838f20107620ed808851231256bb94c85f6c80b8ebfc,ransomware,FAILED,Locky,cape,full,1,10.0,Locky,0,0,,,,0,0,0,0,0,0,,,0,0,0,0,0,335,0,0,7,1,0,0,5,4,2,2,,644,4,2,0,0,1,0,0,0,0,0,0,0,0,0,0,0,,0,0,,,,,,,,
2018,51546731d7c742d1cf3f23dfc8ccc51ac884810b235143cf851943bb96a8da6a,ransomware,TRUE_ENCRYPTION,Sage,cape,full,1,9.0,Sage,375,0,,,,458,375,70,68,0,44,0.18666666666666668,0.18133333333333335,14,101,19,17,65,214,0,0,3,0,0,0,3,0,2,1,,0,,,0,0,1,37,1,2,0,0,0,0,2,3,61,2,-20.0,2,1,1,1,4.5,138,199.1,1,1,0.728
2019,87feca94fc02b098be787060da09fc6f6473221ddf4aaa2f19321db3de256c0d,ransomware,NO_VICTIM_ACTIVITY,TeslaCrypt,cape,full,1,9.0,,2,3,-1.0,5.892878967843309,5.892878967843309,6,2,2,0,1,2,1.0,0.0,1,6,0,2,4,150,0,0,6,1,3,0,2,1,2,3,openssl,0,,,0,1,0,3,0,0,0,0,0,0,0,0,5,0,,0,0,,,,,,,,
2020,ec405cc32f21680a9328c4360bd6dc5b660af66209669ca815bebceefb6c3b39,ransomware,TRUE_ENCRYPTION,Thanos,cape,full,0,10.0,Thanos,785,10160,-0.011611235532109382,4.0957860977960765,7.142320024784765,1125,785,145,5,23,109,0.18471337579617833,0.006369426751592357,18,200,13,29,158,1,0,0,0,0,0,0,0,0,0,0,,0,,,0,1,0,90,0,0,36,3,0,0,3,3,47,3,-44.1,79,2,0,0,,0,667.7,79,1,0.008
2021,8dc3389d37519b24aef2bcf2a15530ea1b13ff4b98228967c9876835bdb99a01,ransomware,TRUE_ENCRYPTION,WastedLocker,cape,full,1,8.0,,442,2219,0.595008979657533,6.773768526103076,7.333715701795283,1,442,6,206,1,4,0.013574660633484163,0.4660633484162896,31,47,0,2,45,233,0,0,10,1,0,0,0,1,0,1,,359,4,3,0,1,0,4,0,0,0,0,0,0,0,0,0,0,,0,0,,,,,,,,
2022,990fb8e947d55d00381f5858ff19d266b766f284252abd1caf85045a4b947b4e,ransomware,TRUE_ENCRYPTION,Xorist,cape,full,1,10.0,Xorist,4590,0,,,,2284,4590,0,2732,1,0,0.0,0.5952069716775599,17,459,197,200,62,71,2,0,3,0,0,0,0,0,0,1,,0,,,1,0,0,0,0,0,0,0,0,0,0,0,9,0,,0,0,,,,,,,,
2023,48689c986eb553e6a7aeba973501b9660cb1418d4ec3ba9d0511f82799d1422c,ransomware,TRUE_ENCRYPTION,Avaddon,cape,full,1,10.0,Avaddon,1218,2154,0.9201097230770847,7.173360788019554,7.344478369030762,554,1218,6,99,0,24,0.0049261083743842365,0.0812807881773399,21,368,51,23,294,92,0,0,3,0,0,0,1,0,2,1,,213,4,3,0,1,0,7,1,0,0,0,0,0,0,0,27,10,,3,1,3,1,63.7,105,222.0,0,1,
2024,3d13bbe7750e38414ba19fd51fe8a253d791edb6a923af31fe5d56ae17af0eec,ransomware,NO_VICTIM_ACTIVITY,HiddenTear,cape,full,0,8.0,,62,3,-0.004183399559725923,3.473851389610045,3.94770277922009,35,62,276,2,5,4,4.451612903225806,0.03225806451612903,4,287,3,6,278,1,0,0,0,0,0,0,0,0,0,0,,0,,,0,1,0,5,0,0,0,0,0,0,2,2,27,8,-5.8,0,0,,,,,,,,
2025,df255af635a2dde04c031db95862f11e1bf44fe5cfc10d3b20bd4678ed818567,ransomware,TRUE_ENCRYPTION,Locky,cape,full,1,9.0,Scarab-Dharma,434,6372,0.8286215729949599,2.1975001793530424,7.294654589725436,250,434,61,186,0,20,0.14055299539170507,0.42857142857142855,21,84,53,3,28,213,0,0,2,0,0,0,0,0,2,0,,197,4,4,0,1,0,11,1,0,0,0,0,0,3,6,7,1,-263.0,1,1,0,0,,0,77.1,1,1,0.02
2026,91842fa95911b93bbdf0e3e7265e5a7eb2ad3bc306a81adbcecee604ac7c17ab,ransomware,TRUE_ENCRYPTION,Sage,cape,full,1,9.0,Sage,349,0,,,,413,349,85,65,0,48,0.24355300859598855,0.18624641833810887,13,122,25,10,87,214,0,0,3,0,0,0,3,0,2,1,,0,,,0,0,1,34,1,2,0,0,0,0,2,3,63,0,-7.7,2,1,1,1,5.6,150,218.1,1,1,0.708
2027,78d4fce0c253356bf72cf72f260f27a3f0f3cf0a904a3618f3011cbe0b4e882e,ransomware,FAILED,TeslaCrypt,cape,static_only,1,1.3,,,,,,,,,,,,,,,,,,,,150,0,0,6,1,3,0,2,1,2,3,openssl,0,,,,,,,,,,,,,,,,,,,,,,,,,,,
2028,8dad29bd09870ab9cacfdea9e7ab100d217ff128aea64fa4cac752362459991c,ransomware,TRUE_ENCRYPTION,Thanos,cape,full,0,10.0,Thanos,220,646,0.9339387024697285,4.997221285627907,7.300008053304897,210,220,338,107,0,56,1.5363636363636364,0.4863636363636364,14,303,55,24,224,1,0,0,0,0,0,0,0,0,0,0,,0,,,0,1,0,54,0,0,0,36,0,0,2,2,13,1,45.5,44,3,15,1,111.9,445,567.9,29,1,0.007
2029,0e061255b12ade5dc10f4ad9aeca9ebe5496d28ed251acb376c66c1d9f405821,ransomware,TRUE_ENCRYPTION,WastedLocker,cape,full,1,9.0,WastedLocker,446,2189,0.6204854652516445,6.771092574311367,7.322901770776167,1,446,7,201,1,4,0.01569506726457399,0.45067264573991034,32,47,0,3,44,72,0,0,1,0,0,0,0,0,0,0,,347,3,3,0,1,0,4,0,0,0,0,0,0,0,0,0,0,,0,0,,,,,,,,
2030,704e06fa70b31f0b8e914b5e8ab163c99f40933ba3cea58d2d1bc61ee214154a,ransomware,TRUE_ENCRYPTION,Xorist,cape,full,1,10.0,Xorist,4539,0,,,,4251,4539,0,4333,1,0,0.0,0.9546155540868032,25,315,81,114,120,71,2,0,3,0,0,0,0,0,0,1,,0,,,1,0,0,0,0,0,0,0,0,0,0,0,9,0,,0,0,,,,,,,,
2031,10d2acf2624e52b9dd5f5a78b14bcdf7728bb9ef76f90008f622a5381d555952,ransomware,TRUE_ENCRYPTION,Avaddon,cape,full,1,10.0,Avaddon,1399,2548,0.9383568731367657,7.175227856504359,7.347808790338014,633,1399,6,102,0,36,0.004288777698355968,0.07290922087205147,23,416,48,24,344,85,0,0,3,0,0,0,0,0,2,0,,215,4,4,0,1,0,8,1,0,0,0,0,0,1,4,31,10,-155.5,3,1,3,1,37.5,108,265.1,0,1,
2032,ab67847cf268c5dba3796b0c022148da53a39b857061fe93a9d704c9844647d8,ransomware,NO_VICTIM_ACTIVITY,HiddenTear,cape,full,0,3.3,,0,2,,3.0,3.0,16,0,0,0,0,0,,,0,6,0,0,6,1,0,0,0,0,0,0,0,0,0,0,,0,,,0,1,0,0,0,0,0,0,0,0,0,0,16,0,,0,0,,,,,,,,
2033,36350904b065500f429e6b2af0c4a1ec835352fed15cad40f07760aede4fcd47,ransomware,NO_VICTIM_ACTIVITY,Locky,cape,full,1,8.0,,12,29,0.9999999999999998,,,1,12,0,0,0,0,0.0,0.0,0,3,0,2,1,382,0,0,3,0,0,0,0,0,0,0,,80,0,0,0,1,0,0,0,0,0,0,0,0,0,0,7,0,,0,0,,,,,,,,
2034,684b47c56e25b2b705caa2c75c261411eb97d6b6ef66ef8439b227fd0c65462b,ransomware,TRUE_ENCRYPTION,Sage,cape,full,1,9.0,Sage,349,0,,,,423,349,91,69,0,34,0.2607449856733524,0.1977077363896848,14,109,19,14,76,214,0,0,3,0,0,0,3,0,2,1,,0,,,0,0,1,29,1,2,0,0,0,0,2,2,63,2,-25.8,2,1,1,1,5.4,160,208.9,1,1,0.688
2035,7004af389d633b82c3ee67055ecb0f9accae5dc0a53721da66c76825ece528f8,ransomware,TRUE_ENCRYPTION,TeslaCrypt,cape,full,1,9.0,TeslaCrypt,2570,803,-0.1440448946329586,1.9356311882530501,5.771666846631188,1179,2570,2,1172,1,13,0.0007782101167315176,0.45603112840466925,10,441,274,58,109,521,0,0,0,0,0,0,0,0,0,0,,304,3,3,0,1,0,13,2,5,0,0,0,0,3,3,20,1,-98.3,6,2,0,0,,0,577.7,6,1,0.12
2036,5d40615701c48a122e44f831e7c8643d07765629a83b15d090587f469c77693d,ransomware,TRUE_ENCRYPTION,Thanos,cape,full,0,10.0,Thanos,789,4140,-0.008626772983020998,4.4055642278257245,7.18781106473971,1116,789,145,1,23,113,0.18377693282636248,0.0012674271229404308,17,204,16,28,160,1,0,0,0,0,0,0,0,0,0,0,,0,,,0,1,0,95,0,0,36,3,0,0,2,2,54,3,-37.7,79,2,0,0,,0,630.6,79,1,0.008
2037,905ea119ad8d3e54cd228c458a1b5681abc1f35df782977a23812ec4efa0288a,ransomware,TRUE_ENCRYPTION,WastedLocker,cape,full,1,9.0,WastedLocker,439,2216,0.45280155282522416,6.76865792265801,7.371898486252066,1,439,5,201,1,4,0.011389521640091117,0.45785876993166286,31,47,0,5,42,64,0,0,1,0,0,0,0,0,0,0,,187,4,4,0,1,0,4,0,0,0,0,0,0,0,0,0,0,,0,0,,,,,,,,
2038,8ac39135776d78924a1b9a6cfde3da6b7622f7ed8cb68c0e230e271f3630dc86,ransomware,TRUE_ENCRYPTION,Xorist,cape,full,1,10.0,Xorist,4513,0,,,,3865,4513,0,4285,1,0,0.0,0.9494792820740084,23,288,74,98,116,71,2,0,3,0,0,0,0,0,0,1,,0,,,1,0,0,0,0,0,0,0,0,0,0,0,8,0,,0,0,,,,,,,,
2039,bcb69244dc69a152af4dca3849bb4f3ca634ad785926304c672dbf8a3c38e7bc,ransomware,TRUE_ENCRYPTION,Avaddon,cape,full,1,10.0,Avaddon,1749,6041,0.8322907914987957,7.174914468766558,7.345283311515772,732,1749,10,154,1,50,0.005717552887364208,0.0880503144654088,29,428,31,17,380,88,0,0,3,0,0,0,0,0,2,0,,213,4,4,0,1,0,13,1,0,0,0,0,0,1,5,31,10,-313.5,3,1,0,0,,0,286.0,3,1,0.028
2040,2b6c54bbf83f4d8d3709eba327c551b77176feef7678b7caa7e59a54019673b1,ransomware,TRUE_ENCRYPTION,HiddenTear,cape,full,0,9.0,Locked,25,2268,-0.14105800131602242,5.025248074322462,7.8010392138279245,35,25,0,23,0,1,0.0,0.92,8,16,8,2,6,1,0,0,0,0,0,0,0,0,0,0,,0,,,0,1,0,1,1,0,0,0,0,0,0,0,17,0,,0,0,,,,,,,,
2041,ace15d620a4d8a32324351bd7405307873f7101f113a7e022ed9ec06ee1689b9,ransomware,NO_VICTIM_ACTIVITY,Locky,cape,full,1,8.0,,71,0,,,,111,71,9,2,5,5,0.1267605633802817,0.028169014084507043,3,27,2,9,16,78,0,0,2,0,0,0,0,0,2,0,,32,0,0,0,0,1,5,0,0,0,0,0,0,1,1,44,8,-324.4,0,0,,,,,,,,
2042,492aab299d72a679bae81ec21d8aac2950ab10d54b446d0c737e6c53a4c7f075,ransomware,TRUE_ENCRYPTION,Sage,cape,full,1,9.0,Sage,349,0,,,,422,349,94,69,0,34,0.2693409742120344,0.1977077363896848,14,123,19,18,86,214,0,0,3,0,0,0,3,0,2,1,,0,,,0,0,1,29,1,2,0,0,0,0,2,2,64,2,-27.5,2,1,1,1,7.7,163,218.2,1,1,0.727
2043,3372c1edab46837f1e973164fa2d726c5c5e17bcb888828ccd7c4dfcc234a370,ransomware,NO_VICTIM_ACTIVITY,TeslaCrypt,cape,full,1,9.0,,65,3,0.03909875452911994,5.65625,5.65625,25,65,9,2,6,9,0.13846153846153847,0.03076923076923077,3,24,1,9,14,181,0,0,8,1,0,0,1,1,2,2,,0,,,0,1,0,10,0,0,0,0,0,0,2,2,39,11,-35.5,0,0,,,,,,,,
2044,39a044db72d3ca39122af249cd60660d7e200366af958c762910605eaed020cb,ransomware,TRUE_ENCRYPTION,Thanos,cape,full,0,10.0,Thanos,22,2,-0.006474395582486978,,,53,22,5,67,208,48,0.22727272727272727,3.0454545454545454,12,181,1,17,163,1,0,0,0,0,0,0,0,0,0,0,,0,,,0,1,0,47,0,0,0,32,0,0,2,2,8,0,-66.5,36,2,14,1,138.2,72,488.8,22,1,0.01
2045,aa05e7a187ddec2e11fc1c9eafe61408d085b0ab6cd12caeaf531c9dca129772,ransomware,TRUE_ENCRYPTION,WastedLocker,cape,full,0,9.0,WastedLocker,395,2207,0.35035060871189466,6.7614709520272225,7.319125927641414,1,395,7,198,1,4,0.017721518987341773,0.5012658227848101,32,23,0,1,22,19,0,0,0,0,0,0,0,0,0,0,,201,3,3,0,1,0,4,0,0,0,0,0,0,0,0,0,0,,0,0,,,,,,,,
2046,676bd3d0e169bed4737c1ec64abe8a247d12eebdfd18f08d5f702160afe88908,ransomware,TRUE_ENCRYPTION,Xorist,cape,full,0,10.0,Xorist,4551,0,,,,2751,4551,0,3042,1,0,0.0,0.6684245220830587,19,452,192,180,80,12,0,0,0,0,0,0,0,0,0,0,,71,1,1,0,0,1,0,0,0,0,0,0,0,0,0,8,0,,0,0,,,,,,,,
2047,01aa2cf8db4badde36f1896d341e31c0fe91a51772f1aa50b9f59ba368973993,ransomware,TRUE_ENCRYPTION,Avaddon,cape,full,1,10.0,Avaddon,1303,2470,0.9416877963196879,7.177059204012037,7.327873870604269,719,1303,6,96,0,24,0.004604758250191865,0.07367613200306984,21,455,48,18,389,502,0,0,5,0,0,0,1,3,2,1,boost;openssl,215,4,3,0,1,0,7,1,0,0,0,0,0,1,1,30,10,-16.2,3,1,3,1,38.4,102,220.7,0,1,
2048,75574b8553f0c59e2d26cafd3cf92fe38eb815d6f11a3473cdb39741bbda72fd,ransomware,TRUE_ENCRYPTION,HiddenTear,cape,full,0,9.0,Locked,23,3122,-0.15854336060621238,5.005988658987926,7.8032556034179175,35,23,0,22,0,1,0.0,0.9565217391304348,7,14,7,1,6,1,0,0,0,0,0,0,0,0,0,0,,0,,,0,1,0,1,1,0,0,0,0,0,0,0,17,0,,0,0,,,,,,,,
2049,40a340087cc07780bfd61eab92e40f1223a6de88ec191bdedea0b91b16eca2aa,ransomware,NO_VICTIM_ACTIVITY,Locky,cape,full,1,8.0,,70,0,,,,110,70,9,2,5,6,0.12857142857142856,0.02857142857142857,3,27,2,9,16,90,0,0,3,0,0,0,0,0,2,0,,32,0,0,0,0,1,6,0,0,0,0,0,0,1,1,46,8,-308.6,0,0,,,,,,,,
2050,198fa616490e2847a0297f90d5bad2cefac7a953e523ed95bae58a06a918e4b9,ransomware,TRUE_ENCRYPTION,Sage,cape,full,1,9.0,Sage,340,0,,,,418,340,74,67,0,30,0.21764705882352942,0.19705882352941176,13,81,21,9,51,214,0,0,3,0,0,0,3,0,2,1,,0,,,0,0,1,25,1,2,0,0,0,0,2,2,59,0,-6.7,2,1,1,1,5.8,141,181.6,1,1,0.722
2051,2159739a68fa270eb94caddbb7f5d132b1175716efab3b3f25f86dc57c4c0db4,ransomware,TRUE_ENCRYPTION,TeslaCrypt,cape,full,1,9.0,,2308,764,-0.16253049500472727,1.916501710005011,5.875,847,2308,2,837,1,8,0.0008665511265164644,0.3626516464471404,10,308,227,16,65,91,0,0,0,0,0,0,0,0,0,0,,296,3,3,0,1,0,8,2,0,0,0,0,0,4,13,11,0,101.2,1,1,0,0,,0,491.8,1,1,0.362
2052,d991aa2b1fad608b567be28e2d13d3d4f48eea3dea8f5d51a8e42aa9a2637426,ransomware,NO_VICTIM_ACTIVITY,Thanos,cape,full,0,10.0,Thanos,0,0,,,,0,0,0,0,0,8,,,0,7,0,0,7,0,0,0,0,0,0,0,0,0,0,0,,0,,,,,,6,0,0,0,0,0,0,3,10,4,0,,0,0,,,,,,,,
2053,5cd04805f9753ca08b82e88c27bf5426d1d356bb26b281885573051048911367,ransomware,TRUE_ENCRYPTION,WastedLocker,cape,full,0,9.0,WastedLocker,398,2065,0.4347676105193772,6.774980809349696,7.3528362744337805,1,398,6,198,1,4,0.01507537688442211,0.49748743718592964,32,24,0,1,23,18,0,0,0,0,0,0,0,0,0,0,,295,3,3,0,1,0,4,0,0,0,0,0,0,0,0,0,0,,0,0,,,,,,,,
2054,ee44d835b7a5eaf2fb534460848a0f419f9545674f85fb0152b158b41a1045bb,ransomware,TRUE_ENCRYPTION,Xorist,cape,full,1,10.0,Xorist,4507,0,,,,4266,4507,0,4434,1,0,0.0,0.9838029731528734,22,285,65,104,116,71,2,0,3,0,0,0,0,0,0,1,,0,,,1,0,0,0,0,0,0,0,0,0,0,0,9,0,,0,0,,,,,,,,
2055,93f3b587a2a8e5515dc08ee47eef4d02805e5fccefde4a29e780946124257a56,ransomware,TRUE_ENCRYPTION,Avaddon,cape,full,1,10.0,Avaddon,1763,5922,0.8432973615280595,7.176078478887932,7.379710986252066,832,1763,6,163,1,24,0.003403289846851957,0.09245604083947816,27,443,32,14,397,88,0,0,3,0,0,0,0,0,2,0,,213,4,4,0,1,0,7,1,0,0,0,0,0,2,2,47,13,-44.3,3,1,0,0,,0,159.0,3,1,0.054
2056,f82cc4a6eb6092561e98255dea536d6cdc2c5dcf62ddf53aeb3ef342dd483f54,ransomware,TRUE_ENCRYPTION,HiddenTear,cape,full,0,9.0,Locked,24,4322,-0.1756694779863795,5.0324850762155435,7.809995797353579,36,24,0,23,0,1,0.0,0.9583333333333334,7,14,8,1,5,1,0,0,0,0,0,0,0,0,0,0,,0,,,0,1,0,1,1,0,0,0,0,0,0,0,17,0,,0,0,,,,,,,,
2057,63fac6144f8ebe42db2e24ae06a3ba4f366be4d0ea803e4b77bbc39d0cbf0d80,ransomware,TRUE_ENCRYPTION,Sage,cape,full,1,9.0,Sage,333,0,,,,410,333,86,64,0,33,0.25825825825825827,0.1921921921921922,14,107,17,16,74,214,0,0,3,0,0,0,3,0,2,1,,0,,,0,0,1,28,1,2,0,0,0,0,2,2,63,2,-16.5,2,1,1,1,5.2,150,187.4,1,1,0.666
2058,5343947829609f69e84fe7e8172c38ee018ede3c9898d4895275f596ac54320d,ransomware,FAILED,TeslaCrypt,cape,static_only,0,0.8,,,,,,,,,,,,,,,,,,,,6,0,0,0,0,0,0,0,0,0,0,,0,,,,,,,,,,,,,,,,,,,,,,,,,,,
2059,d29abe6ed086a5508c54df31010c36cc19fea3bdc5d521ee7c0d7063a51bb131,ransomware,TRUE_ENCRYPTION,Thanos,cape,full,0,10.0,Thanos,930,1877,0.9910068422979329,7.160600222344064,7.332244588003384,604,930,1437,477,11,64,1.5451612903225806,0.5129032258064516,63,283,75,33,175,1,0,0,0,0,0,0,0,0,0,0,,0,,,0,1,0,65,0,0,0,38,0,0,2,2,51,1,-5.1,47,3,1,1,2.0,1914,512.4,39,1,0.014
2060,8897db876553f942b2eb4005f8475a232bafb82a50ca7761a621842e894a3d80,ransomware,TRUE_ENCRYPTION,WastedLocker,cape,full,1,8.0,WastedLocker,380,2171,0.3327861128394184,6.76014025869286,7.337531373531275,1,380,6,189,1,4,0.015789473684210527,0.49736842105263157,31,26,0,3,23,129,3,1,7,1,0,0,1,3,1,3,,212,0,0,0,0,1,4,0,0,0,0,0,0,0,0,0,0,,0,0,,,,,,,,
2061,b037f6e9081c4601ca4d189dd3c81758a4175d018ae25457c10b3d9705545901,ransomware,TRUE_ENCRYPTION,Xorist,cape,full,0,10.0,Xorist,4688,0,,,,2501,4688,0,2932,1,0,0.0,0.6254266211604096,21,455,182,186,87,12,0,0,0,0,0,0,0,0,0,0,,71,1,1,0,0,1,0,0,0,0,0,0,0,0,0,9,0,,0,0,,,,,,,,
2062,0f081ea4e30ca05fc2977235bf239992b17fa9968b58b001990e4539f0899269,ransomware,TRUE_ENCRYPTION,Avaddon,cape,full,1,10.0,Avaddon,1887,6542,0.840627543530116,7.174569145171402,7.358679431622168,885,1887,10,161,1,53,0.005299417064122946,0.08532061473237944,28,487,24,19,444,213,8,0,9,4,0,4,4,4,3,4,,0,,,0,0,1,15,1,0,0,0,0,0,2,5,31,10,-310.4,3,1,0,0,,0,299.3,3,1,0.03
2063,fd945e2cc6d1b3a453135d5df04eeccbfd16f76e0744dd27b99e0eccaa9053bd,ransomware,TRUE_ENCRYPTION,HiddenTear,cape,full,0,9.0,Scarab-Dharma,66,2296,0.11469668856596078,4.243689783589342,5.9375,78,66,0,66,0,0,0.0,1.0,10,20,16,0,4,1,0,0,0,0,0,0,0,0,0,0,,0,,,0,1,0,0,0,0,0,0,0,0,0,0,16,0,,0,0,,,,,,,,
2064,50ccb952e56b26b48e507bd4e0706f37e0fc4b1c06ad87b9f6603adba068d08a,ransomware,NO_VICTIM_ACTIVITY,Sage,cape,full,1,9.0,,0,0,,,,3,0,0,0,0,0,,,0,1,0,0,1,214,0,0,3,0,0,0,3,0,2,1,,0,,,0,0,1,0,0,0,0,0,0,0,0,0,0,0,,0,0,,,,,,,,
2065,98c2a9cccd03a8c3090306c50698fab922d42c7e5aa701089468537d7e78a2e0,ransomware,TRUE_ENCRYPTION,TeslaCrypt,cape,full,1,9.0,,1738,2,-0.03459812951663809,5.757659765557392,5.757659765557392,3160,1738,4,0,1,7,0.0023014959723820483,0.0,2,180,0,79,101,104,0,0,2,0,0,0,0,0,1,0,,429,3,3,0,1,0,8,2,0,0,0,0,0,3,3,8,0,-50.6,1,1,0,0,,0,16.8,0,0,
2066,cbdb04d23e395b270e16d7ca81cc6b734039fa069932989d4e4f4d4d266df28b,ransomware,TRUE_ENCRYPTION,Thanos,cape,full,0,10.0,Thanos,29,23,-0.01832430189269751,6.024954389349842,7.192631846456648,119,29,10,4,0,87,0.3448275862068966,0.13793103448275862,5,169,0,23,146,1,0,0,0,0,0,0,0,0,0,0,,0,,,0,1,0,69,0,0,0,45,0,0,3,7,37,1,-5.1,59,3,1,1,1.9,14,623.9,58,1,0.012
2067,bcdac1a2b67e2b47f8129814dca3bcf7d55404757eb09f1c3103f57da3153ec8,ransomware,TRUE_ENCRYPTION,WastedLocker,cape,full,1,8.0,WastedLocker,380,1871,0.5017523179553489,6.789528470196877,7.331802148336088,1,380,6,186,1,4,0.015789473684210527,0.48947368421052634,30,28,0,1,27,128,3,1,7,1,0,0,1,3,1,3,,81,1,0,0,0,1,4,0,0,0,0,0,0,0,0,0,0,,0,0,,,,,,,,
2068,d742fc3fe56d39a8245264e3b17480de278b720fd8024c8401886331fbdbcad5,ransomware,TRUE_ENCRYPTION,Xorist,cape,full,1,10.0,Xorist,4791,1957,-0.053194288903346355,6.2619860021287,7.3259792417818685,1399,4791,0,1958,1,0,0.0,0.4086829471926529,10,280,11,126,143,81,5,0,3,0,0,0,0,0,0,1,,0,,,0,0,1,0,0,0,0,0,0,0,0,0,8,0,,0,0,,,,,,,,
2069,fa4626e2c5984d7868a685c5102530bd8260d0b31ef06d2ce2da7636da48d2d6,ransomware,TRUE_ENCRYPTION,Avaddon,cape,full,1,10.0,Avaddon,1701,5889,0.7667560812916948,7.1772519196696685,7.356273486252066,642,1701,9,158,1,32,0.005291005291005291,0.09288653733098177,29,376,27,33,316,213,8,0,9,4,0,4,4,4,3,4,,0,,,0,0,1,11,1,0,0,0,0,0,1,1,51,15,-43.3,3,1,0,0,,0,247.6,3,1,0.055
2070,53fd929034ec71904be8ef06d4c42f2467997f16364431cb3e46a24d82bdaf6f,ransomware,FAILED,HiddenTear,cape,static_only,0,3.6,,,,,,,,,,,,,,,,,,,,5,0,0,0,0,0,0,0,0,0,0,,0,,,,,,,,,,,,,,,,,,,,,,,,,,,
2071,39bc0b3e3875b7d6fc6f502521df311f1034e7b7de96ae5dec6188f0f1c28d3f,ransomware,TRUE_ENCRYPTION,Sage,cape,full,1,9.0,Sage,411,0,,,,442,411,94,65,5,56,0.22871046228710462,0.15815085158150852,16,141,22,17,102,214,0,0,3,0,0,0,3,0,2,1,,0,,,0,0,1,37,1,2,0,0,0,0,3,7,85,11,-119.8,2,1,1,1,7.3,159,471.4,1,1,0.327
2072,4de6675c089aad8a52993b1a21afd06dc7086f4ea948755c09a7a8471e4fddbd,ransomware,FAILED,TeslaCrypt,cape,full,1,0.8,,0,0,,,,0,0,0,0,0,0,,,0,0,0,0,0,136,0,0,0,0,0,0,2,2,0,1,,0,,,0,0,1,1,0,0,0,0,0,0,0,0,0,0,,0,0,,,,,,,,
2073,caf815381680cfa6afedcd7c7af5a5c838788b1c7ec593ce817114a25ab63441,ransomware,TRUE_ENCRYPTION,Thanos,cape,full,0,10.0,Thanos,909,1881,0.9873488026805687,7.161659302963881,7.338119198915162,595,909,1478,478,11,72,1.625962596259626,0.5258525852585259,63,281,73,36,172,1,0,0,0,0,0,0,0,0,0,0,,0,,,0,1,0,71,0,0,0,40,0,0,2,3,47,1,-4.1,46,3,1,1,2.5,1956,513.4,40,1,0.015
2074,ed0632acb266a4ec3f51dd803c8025bccd654e53c64eb613e203c590897079b3,ransomware,TRUE_ENCRYPTION,WastedLocker,cape,full,1,9.0,WastedLocker,386,2142,0.33889494624780525,6.77124761206031,7.37651471128383,1,386,7,196,1,4,0.018134715025906734,0.5077720207253886,31,28,0,2,26,81,0,0,3,0,0,0,0,0,0,0,,197,3,3,0,1,0,4,0,0,0,0,0,0,0,0,0,0,,0,0,,,,,,,,
2075,9d9afba0fc3a930a117b8905b4ee4821bb5e922794306aac084a1b1e51b0391a,ransomware,TRUE_ENCRYPTION,Xorist,cape,full,1,10.0,Xorist,4789,1279,-0.040178786521283684,6.918229707085754,7.3259883898516795,1078,4789,0,1972,1,0,0.0,0.4117769889329714,12,249,13,111,125,81,5,0,3,0,0,0,0,0,0,1,,0,,,0,0,1,0,0,0,0,0,0,0,0,0,8,0,,0,0,,,,,,,,
2076,dccc689c986e357d5dbdc987e72e6b8a0e9017cbf347449b27c84b8b7b9d507a,ransomware,TRUE_ENCRYPTION,Avaddon,cape,full,1,10.0,Avaddon,1792,6012,0.8690497308604926,7.175124458774307,7.33769970694674,800,1792,10,164,1,28,0.005580357142857143,0.09151785714285714,29,470,29,15,426,28,0,0,0,0,0,0,0,0,0,0,,208,4,4,0,1,0,10,1,0,0,0,0,0,2,2,47,13,-174.3,3,1,0,0,,0,280.1,3,1,0.038
2077,e9f48ee07c060bd829f28387a16c8eba4ef1d2fb475fc03a09d944cc858b77fb,ransomware,NO_VICTIM_ACTIVITY,HiddenTear,cape,full,0,3.0,,0,2,,3.0,3.0,14,0,0,0,0,0,,,0,5,0,0,5,1,0,0,0,0,0,0,0,0,0,0,,0,,,0,1,0,0,0,0,0,0,0,0,0,0,16,0,,0,0,,,,,,,,
2078,19ee6debbef6334a0b5d9eb5f3b0a6a36229c9377b86aa74d3a0a2bd79ee6519,ransomware,TRUE_ENCRYPTION,Sage,cape,full,1,9.0,Sage,340,0,,,,421,340,82,59,0,60,0.2411764705882353,0.17352941176470588,11,130,18,17,95,214,0,0,3,0,0,0,3,0,2,1,,0,,,0,0,1,34,1,2,0,0,0,0,3,6,62,2,-15.4,2,1,1,1,5.3,141,192.7,1,1,0.717
2079,6e5cdc4c4ec06e1e0bba6e31e55dfc3c32f988b5587fabd771150f87b72018f3,ransomware,NO_VICTIM_ACTIVITY,TeslaCrypt,cape,full,0,5.5,,234,0,,,,288,234,0,0,26,26,0.0,0.0,0,108,0,41,67,10,0,0,0,0,0,0,0,0,0,0,,260,0,0,0,0,1,26,0,0,0,0,0,0,0,0,6,1,,0,0,,,,,,,,
2080,81411c9010f2adcb4758bac5ed6128d5a76b24689d477f6ed2c3003fd57e4f3b,ransomware,NO_VICTIM_ACTIVITY,Thanos,cape,full,0,10.0,Thanos,62,3,-0.005155840583212363,3.0609640474436812,3.1219280948873624,35,62,10,2,5,8,0.16129032258064516,0.03225806451612903,4,29,2,6,21,1,0,0,0,0,0,0,0,0,0,0,,0,,,0,1,0,9,0,0,0,1,0,0,2,2,43,9,-7.9,4,2,1,1,2.8,12,413.0,3,1,0.016
2081,54dd94b75549efe6824143d4ad7ff79489b8c150f610c9b0609e75e5baf6b964,ransomware,TRUE_ENCRYPTION,Xorist,cape,full,1,10.0,Xorist,4789,1322,-0.03149994329516723,6.8648290213279,7.331411118829438,1648,4789,0,1970,1,0,0.0,0.41135936521194405,12,252,10,117,125,81,5,0,3,0,0,0,0,0,0,1,,0,,,0,0,1,0,0,0,0,0,0,0,0,0,8,0,,0,0,,,,,,,,
2082,9ae1279cf4b1c169fbc7d9554fce35adc88487c20dadf1c4301829003a1d374b,ransomware,TRUE_ENCRYPTION,Sage,cape,full,1,9.0,Sage,358,0,,,,421,358,67,66,0,30,0.1871508379888268,0.18435754189944134,14,74,17,8,49,214,0,0,3,0,0,0,3,0,2,1,,0,,,0,0,1,25,1,2,0,0,0,0,2,2,59,0,-24.9,2,1,1,1,6.7,133,177.2,1,1,0.678
2083,7c2a90cd510441a4dc43565439b96f6ac0f4c2e45bd1d2545c011803c68a80b8,ransomware,NO_VICTIM_ACTIVITY,TeslaCrypt,cape,full,0,5.5,,234,0,,,,288,234,0,0,26,26,0.0,0.0,0,107,0,46,61,10,0,0,0,0,0,0,0,0,0,0,,260,0,0,0,0,1,26,0,0,0,0,0,0,0,0,6,1,,0,0,,,,,,,,
2084,4852f22df095db43f2a92e99384ff7667020413e74f67fcbd42fca16f8f96f4c,ransomware,TRUE_ENCRYPTION,Thanos,cape,full,0,10.0,Thanos,911,1871,0.9868134756803215,7.159616306335115,7.332416230900158,613,911,1463,476,11,67,1.605927552140505,0.5225027442371021,63,278,68,30,180,1,0,0,0,0,0,0,0,0,0,0,,0,,,0,1,0,66,0,0,0,42,0,0,1,1,49,1,-3.1,51,3,1,1,1.5,1939,469.8,40,1,0.021
2085,edfdcec55efa1d9d883ccf962f641b810cbff60187414cb762eb6ec4cc5b1a18,ransomware,TRUE_ENCRYPTION,Xorist,cape,full,0,10.0,Xorist,4590,0,,,,2462,4590,0,2713,1,0,0.0,0.5910675381263617,17,472,212,201,59,12,0,0,0,0,0,0,0,0,0,0,,71,1,1,0,0,1,0,0,0,0,0,0,0,0,0,9,0,,0,0,,,,,,,,
2086,8e25e8e2cc04d2c03bf0c8a19bc458d63641a01ccdb5cc46e7adcc829ed0ef2d,ransomware,TRUE_ENCRYPTION,Sage,cape,full,1,9.0,Sage,366,0,,,,444,366,89,67,0,33,0.24316939890710382,0.1830601092896175,14,116,16,17,83,214,0,0,3,0,0,0,3,0,2,1,,0,,,0,0,1,27,1,2,0,0,0,0,2,2,61,2,-9.9,2,1,1,1,5.1,156,190.6,1,1,0.728
2087,dcd1beb6e64c8637da5545d48b996ada12dff9340deb0889c539dc2bb2cc701c,ransomware,NO_VICTIM_ACTIVITY,TeslaCrypt,cape,full,0,5.5,,234,0,,,,288,234,0,0,26,26,0.0,0.0,0,102,0,45,57,10,0,0,0,0,0,0,0,0,0,0,,260,0,0,0,0,1,26,0,0,0,0,0,0,0,0,6,1,,0,0,,,,,,,,
2088,6e6b78a1df17d6718daa857827a2a364b7627d9bfd6672406ad72b276014209c,ransomware,TRUE_ENCRYPTION,Thanos,cape,full,0,10.0,Thanos,233,666,0.7511770445932564,6.801506311181817,7.355574094585745,271,233,614,105,0,75,2.6351931330472103,0.45064377682403434,21,286,30,22,234,1,0,0,0,0,0,0,0,0,0,0,,0,,,0,1,0,66,1,0,0,45,0,0,3,3,68,4,-3.8,59,3,1,1,1.8,719,640.6,58,1,0.044
2089,fb54a1b85ab37cdee346e06cf716cbe0b071f4833020823595f3b69614c5446e,ransomware,TRUE_ENCRYPTION,Xorist,cape,full,0,10.0,Xorist,4545,0,,,,2876,4545,0,3016,1,0,0.0,0.6635863586358636,18,470,259,173,38,12,0,0,0,0,0,0,0,0,0,0,,71,1,1,0,0,1,0,0,0,0,0,0,0,0,0,9,0,,0,0,,,,,,,,
2090,7fa53b8b3fa31fca876b75b93bb00832be74e6193b92c1ba2a3e3db074f1da3c,ransomware,TRUE_ENCRYPTION,Sage,cape,full,1,9.0,Sage,345,0,,,,420,345,72,62,0,62,0.20869565217391303,0.17971014492753623,13,124,20,18,86,214,0,0,3,0,0,0,3,0,2,1,,0,,,0,0,1,35,1,2,0,0,0,0,3,6,61,2,-17.0,2,1,1,1,5.5,134,200.2,1,1,0.671
2091,023c0f80e1f8cd73795a1615822f418db0b6aa95bbe90d3dd43500a724d7297c,ransomware,NO_VICTIM_ACTIVITY,TeslaCrypt,cape,full,0,5.5,,234,0,,,,288,234,0,0,26,26,0.0,0.0,0,108,0,45,63,10,0,0,0,0,0,0,0,0,0,0,,260,0,0,0,0,1,26,0,0,0,0,0,0,0,0,6,1,,0,0,,,,,,,,
2092,66ed5384220ff3091903e14a54849f824fdd13ac70dc4e0127eb59c1de801fc2,ransomware,TRUE_ENCRYPTION,Thanos,cape,full,0,10.0,Thanos,926,1875,0.9912111332489177,7.162714976527245,7.320650769538146,603,926,1453,477,11,77,1.5691144708423326,0.5151187904967602,63,291,70,38,183,1,0,0,0,0,0,0,0,0,0,0,,0,,,0,1,0,75,0,0,0,42,0,0,2,3,41,1,-12.5,49,3,1,1,3.1,1930,459.3,38,1,0.014
2093,1c195d273ccf2fbe86c66af4c0b5db5f6e2c4c4dc331b0b0e24d32f2ef57d9fa,ransomware,TRUE_ENCRYPTION,Xorist,cape,full,0,10.0,Xorist,4579,0,,,,2568,4579,0,2888,1,0,0.0,0.6307053941908713,18,460,194,184,82,12,0,0,0,0,0,0,0,0,0,0,,71,1,1,0,0,1,0,0,0,0,0,0,0,0,0,9,0,,0,0,,,,,,,,
2094,3d81b0cef95e45d0003faaf67b06924ebdb8a3b08b07d0e86393dd581963a65b,ransomware,TRUE_ENCRYPTION,Sage,cape,full,1,9.0,Sage,358,0,,,,435,358,86,67,0,40,0.24022346368715083,0.1871508379888268,14,117,20,16,81,214,0,0,3,0,0,0,3,0,2,1,,0,,,0,0,1,31,1,2,0,0,0,0,2,3,61,2,-21.2,2,1,1,1,5.1,153,198.5,1,1,0.701
2095,9e50b1b9ce9a80832b6640c14b8d58a06a78a09c0c61defe8d96d5fa8662c429,ransomware,NO_VICTIM_ACTIVITY,TeslaCrypt,cape,full,0,5.5,,234,0,,,,288,234,0,0,26,26,0.0,0.0,0,106,0,46,60,10,0,0,0,0,0,0,0,0,0,0,,260,0,0,0,0,1,26,0,0,0,0,0,0,0,0,6,1,,0,0,,,,,,,,
2096,9bf0633f41d2962ba5e2895ece2ef9fa7b546ada311ca30f330f0d261a7fb184,ransomware,NO_VICTIM_ACTIVITY,Thanos,cape,full,0,10.0,Thanos,68,123,0.005608724407347505,5.796005783513578,7.071921972504132,75,68,4,1,0,113,0.058823529411764705,0.014705882352941176,4,169,0,23,146,1,0,0,0,0,0,0,0,0,0,0,,181,3,3,0,1,0,115,0,0,37,1,0,0,6,19,39,1,14.1,92,3,49,1,300.7,5,339.9,43,1,0.028
2097,4509eb48fa6eb2117118bd33eaebfe190028e3d54976596878814031591dafe8,ransomware,TRUE_ENCRYPTION,Xorist,cape,full,1,10.0,Xorist,4564,0,,,,3588,4564,0,4189,1,0,0.0,0.9178352322524101,22,279,63,94,122,71,2,0,3,0,0,0,0,0,0,1,,0,,,1,0,0,0,0,0,0,0,0,0,0,0,9,0,,0,0,,,,,,,,
2098,47e9841c99f3e198a715263f76861e997d807a085ce69c6288bfe97227242ed9,ransomware,TRUE_ENCRYPTION,Sage,cape,full,1,9.0,Sage,318,0,,,,279,318,487,67,0,19,1.5314465408805031,0.21069182389937108,15,477,34,5,438,184,0,0,3,0,0,0,0,0,2,0,,0,,,0,0,1,14,1,2,0,0,0,0,1,1,10,0,-343.3,1,1,1,1,14.5,554,559.4,0,1,
2099,dc95aede5a4ce35711b107dbe5233f2e77a9a07b42f93fdec75d924e7cb1c996,ransomware,NO_VICTIM_ACTIVITY,TeslaCrypt,cape,full,0,5.5,,234,0,,,,288,234,0,0,26,26,0.0,0.0,0,107,0,47,60,10,0,0,0,0,0,0,0,0,0,0,,260,0,0,0,0,1,26,0,0,0,0,0,0,0,0,6,1,,0,0,,,,,,,,
2100,ef97bf49a9bd00a994143852590cc3a2d20227e510dc2b5968704d8f100b4d3c,ransomware,TRUE_ENCRYPTION,Thanos,cape,full,0,10.0,Thanos,899,5292,0.39007691995135446,7.165937934449535,7.342357390964749,623,899,30,1362,11,67,0.03337041156840934,1.5150166852057843,101,325,77,66,182,1,0,0,0,0,0,0,0,0,0,0,,0,,,0,1,0,67,0,0,0,44,0,0,3,3,63,2,-96.9,51,3,18,1,82.8,1392,588.2,33,1,0.022
2101,3e034d9dcffdebde81a36c094aa9c730935345eb4c51912223e007deb152689b,ransomware,TRUE_ENCRYPTION,Xorist,cape,full,0,10.0,Xorist,4607,0,,,,2327,4607,0,2911,1,0,0.0,0.631864553939657,18,458,200,174,84,12,0,0,0,0,0,0,0,0,0,0,,71,1,1,0,0,1,0,0,0,0,0,0,0,0,0,9,0,,0,0,,,,,,,,
2102,88feb136758292f8412f0762f63bdcc3f2be6aa5c62d595cd752e3f697483687,ransomware,TRUE_ENCRYPTION,Sage,cape,full,1,9.0,Sage,367,0,,,,282,367,444,60,0,25,1.2098092643051772,0.16348773841961853,14,436,18,19,399,219,0,0,5,0,3,0,0,0,2,1,,0,,,0,0,1,20,1,2,0,0,0,0,1,1,36,0,-386.0,1,1,1,1,4.9,504,508.4,0,1,
2103,01fe83ce636c7153cdc612d277d7856bf4aa0091946017ad6030991d7aff3f3c,ransomware,NO_VICTIM_ACTIVITY,TeslaCrypt,cape,full,0,5.5,,234,0,,,,288,234,0,0,26,26,0.0,0.0,0,102,0,41,61,10,0,0,0,0,0,0,0,0,0,0,,260,0,0,0,0,1,26,0,0,0,0,0,0,0,0,6,1,,0,0,,,,,,,,
2104,8c723af5c826adea162ef3f2e37a1cca7b43d549c9a5fab7c9ff17f65eb5d8e7,ransomware,NO_VICTIM_ACTIVITY,Thanos,cape,full,0,10.0,Thanos,16,0,,,,64,16,1,1,0,59,0.0625,0.0625,1,115,0,13,102,1,0,0,0,0,0,0,0,0,0,0,,0,,,0,0,1,58,0,0,0,38,0,0,1,1,16,1,-395.1,48,3,48,1,633.8,2,0.0,0,1,
2105,4bf23d6f5145191391a89a02336dfc640a5432327bf2582a91c52bbcd4410422,ransomware,TRUE_ENCRYPTION,Sage,cape,full,1,9.0,Sage,370,0,,,,279,370,496,59,0,18,1.3405405405405406,0.15945945945945947,15,479,20,13,446,219,0,0,5,0,3,0,0,0,2,1,,0,,,0,0,1,14,1,2,0,0,0,0,1,1,13,0,-388.1,1,1,1,1,4.5,555,564.0,0,1,
2106,5249d14264a7657870a59662fe9d5bf8b4d6192d0236e9944147f4e46ed97490,ransomware,NO_VICTIM_ACTIVITY,TeslaCrypt,cape,full,0,5.5,,234,0,,,,288,234,0,0,26,26,0.0,0.0,0,103,0,41,62,10,0,0,0,0,0,0,0,0,0,0,,260,0,0,0,0,1,26,0,0,0,0,0,0,0,0,6,1,,0,0,,,,,,,,
2107,1d4db8733c5f11ee8fca530aeb4a91069de04b1af64cbe1fa3ae2d3572a6e554,ransomware,NO_VICTIM_ACTIVITY,Thanos,cape,full,0,10.0,Thanos,290,4533,-0.051246634053075085,5.959293889784419,6.476157391559539,918,290,18,0,0,34,0.06206896551724138,0.0,2,293,0,39,254,1,0,0,0,0,0,0,0,0,0,0,,0,,,0,1,0,35,0,0,0,1,0,0,2,2,25,1,0.6,4,2,0,0,,0,540.2,4,1,0.73
2108,37d51be7f6011c1acebd7ef1833f3403d87706095e74ee2568936bc0047d2374,ransomware,TRUE_ENCRYPTION,Sage,cape,full,1,9.0,Sage,337,0,,,,407,337,100,65,0,30,0.29673590504451036,0.19287833827893175,13,106,18,8,80,162,0,0,2,0,0,0,0,0,2,0,,0,,,0,0,1,25,1,2,0,0,0,0,3,3,59,0,13.0,2,1,1,1,4.7,165,214.7,1,1,0.692
2109,2d346f5dc8318354ff624fea3dedfd293f629aed53de21f4c14f6a498cef2b3f,ransomware,NO_VICTIM_ACTIVITY,TeslaCrypt,cape,full,0,5.5,,234,0,,,,288,234,0,0,26,26,0.0,0.0,0,107,0,50,57,10,0,0,0,0,0,0,0,0,0,0,,260,0,0,0,0,1,26,0,0,0,0,0,0,0,0,6,1,,0,0,,,,,,,,
2110,936a35ca214e9be1438c67a1153c854c28054994ce43f1eed39bb9dc52cb54dd,ransomware,NO_VICTIM_ACTIVITY,Thanos,cape,full,0,10.0,Thanos,296,8832,-0.024452641565878667,3.0935684493858195,6.476157391559539,891,296,16,0,0,35,0.05405405405405406,0.0,2,295,0,40,255,1,0,0,0,0,0,0,0,0,0,0,,0,,,0,1,0,36,0,0,0,1,0,0,2,2,28,1,-7.1,4,2,0,0,,0,489.4,4,1,0.581
2111,d48065a0aafccae7758e31d78cf01e08e85269324d5bc4b5048138c9a6603ef8,ransomware,TRUE_ENCRYPTION,Sage,cape,full,1,9.0,Sage,408,0,,,,581,408,235,84,0,36,0.5759803921568627,0.20588235294117646,19,297,29,14,254,221,0,0,5,0,0,0,1,0,2,1,,0,,,0,0,1,28,1,2,0,0,0,0,2,2,90,9,-43.2,2,1,0,0,,0,621.3,2,1,0.204
2112,def1227b746c3ea0f495ab865f64e66ed2e8724ce99572777b09ad39399ce838,ransomware,NO_VICTIM_ACTIVITY,TeslaCrypt,cape,full,0,5.5,,234,0,,,,288,234,0,0,26,26,0.0,0.0,0,103,0,46,57,10,0,0,0,0,0,0,0,0,0,0,,260,0,0,0,0,1,26,0,0,0,0,0,0,0,0,6,1,,0,0,,,,,,,,
2113,899f48bad035165acf8869af63922619f8a901bbeb8a7fc13919ba90dd9e7768,ransomware,TRUE_ENCRYPTION,Thanos,cape,full,0,10.0,Thanos,96,693,0.13470586009272645,7.1718141467968906,7.334314532299297,120,96,5,173,11,96,0.052083333333333336,1.8020833333333333,13,226,12,62,152,1,0,0,0,0,0,0,0,0,0,0,,0,,,0,1,0,95,0,0,27,1,0,0,5,18,29,1,-215.0,76,3,11,1,78.3,178,369.6,49,1,0.011
2114,cfce8a1632b5e76de8a495604fe72f908e6272a78aa709e2c202d25a51860952,ransomware,TRUE_ENCRYPTION,Sage,cape,full,1,9.0,Sage,367,0,,,,568,367,183,60,0,33,0.4986376021798365,0.16348773841961853,16,241,24,15,202,221,0,0,5,0,0,0,1,0,2,1,,0,,,0,0,1,26,1,2,0,0,0,0,2,2,77,6,-15.1,2,1,0,0,,0,473.7,2,1,0.204
2115,9c65b40e8367d769656f335ec5b1f32939c828c367f09139b36bf83edfac0cf3,ransomware,NO_VICTIM_ACTIVITY,TeslaCrypt,cape,full,0,5.5,,234,0,,,,288,234,0,0,26,26,0.0,0.0,0,105,0,42,63,10,0,0,0,0,0,0,0,0,0,0,,260,0,0,0,0,1,26,0,0,0,0,0,0,0,0,6,1,,0,0,,,,,,,,
2116,8a4a038a965ba42a0442d44abf25e4d21f5049d4a4a8aa9cb6691ec4282814a1,ransomware,TRUE_ENCRYPTION,Thanos,cape,full,0,10.0,Thanos,109,693,0.13277204049891947,7.175145066246823,7.314275559577785,150,109,5,173,11,103,0.045871559633027525,1.5871559633027523,13,248,5,71,172,1,0,0,0,0,0,0,0,0,0,0,,0,,,0,1,0,102,0,0,29,1,0,0,5,18,33,2,-2.3,77,3,9,1,58.4,178,384.7,47,1,0.048
2117,929dea381136f491a6b9e291182835ab8d9b190614fed258d744cac0939aada4,ransomware,TRUE_ENCRYPTION,Sage,cape,full,1,9.0,Sage,307,0,,,,554,307,192,66,0,44,0.6254071661237784,0.21498371335504887,15,274,30,12,232,221,0,0,5,0,0,0,1,0,2,1,,0,,,0,0,1,27,1,2,0,0,0,0,3,6,77,6,-28.7,2,1,0,0,,0,472.5,2,1,0.226
2118,f1eb8261499761d4debaffcb364464bda710787a88647d2aa1e04bccd9f251cb,ransomware,NO_VICTIM_ACTIVITY,TeslaCrypt,cape,full,0,5.5,,234,0,,,,288,234,0,0,26,26,0.0,0.0,0,107,0,46,61,10,0,0,0,0,0,0,0,0,0,0,,260,0,0,0,0,1,26,0,0,0,0,0,0,0,0,6,1,,0,0,,,,,,,,
2119,8d268be58a27d2c980b807ffe703ea28b0fd0cd1ba2e455902faebe9ec17c52e,ransomware,TRUE_ENCRYPTION,Thanos,cape,full,0,10.0,Thanos,31,6,-0.007807605045965743,5.089495965811084,7.178991931622167,51,31,2,1,0,120,0.06451612903225806,0.03225806451612903,2,155,0,21,134,1,0,0,0,0,0,0,0,0,0,0,,0,,,0,1,0,118,0,0,40,1,0,0,6,19,32,1,-18.3,100,3,29,1,118.5,3,521.9,71,1,0.003
2120,594af48b4da21f654d0ceadede4257865f96d9ae3b1f2ef4a96298a9385c7b2c,ransomware,TRUE_ENCRYPTION,Sage,cape,full,1,9.0,Sage,294,0,,,,502,294,237,68,0,59,0.8061224489795918,0.23129251700680273,15,304,31,10,263,221,0,0,5,0,0,0,1,0,2,1,,142,2,1,0,0,1,31,1,2,0,0,0,0,3,4,205,0,-7.1,2,1,0,0,,0,623.2,2,1,0.125
2121,44d2a30df367633c5700b6257d5e2a3a7616d6b776052069bc563ad388c315fe,ransomware,NO_VICTIM_ACTIVITY,TeslaCrypt,cape,full,0,5.5,,234,0,,,,288,234,0,0,26,26,0.0,0.0,0,108,0,49,59,10,0,0,0,0,0,0,0,0,0,0,,260,0,0,0,0,1,26,0,0,0,0,0,0,0,0,6,1,,0,0,,,,,,,,
2122,6a5090762c6058bc223e37e89f53832faad80995e3c5ed7e59ed9f5a5e604e47,ransomware,NO_VICTIM_ACTIVITY,Thanos,cape,full,0,10.0,Thanos,0,2,,3.321928094887362,3.321928094887362,6,0,0,0,0,0,,,0,3,0,0,3,1,0,0,0,0,0,0,0,0,0,0,,0,,,0,1,0,1,0,0,0,0,0,0,0,0,4,0,,0,0,,,,,,,,
2123,359a83d05d6d30510f26f95146ddad7da943eb4e7014fa5c3a6caa41ac102681,ransomware,TRUE_ENCRYPTION,Sage,cape,full,1,9.0,Sage,356,4,0.00284323880996939,3.219539785312086,3.219539785312086,485,356,171,69,0,58,0.4803370786516854,0.19382022471910113,16,239,35,11,193,221,0,0,5,0,0,0,1,0,2,1,,0,,,0,1,0,33,1,2,0,0,0,0,3,8,198,0,-30.1,2,1,0,0,,0,466.8,2,1,0.226
2124,c2c99087d8b8d95df29657e6977557d73bd278992c4e3d213a2863a52846ff5a,ransomware,NO_VICTIM_ACTIVITY,TeslaCrypt,cape,full,0,5.5,,234,0,,,,288,234,0,0,26,26,0.0,0.0,0,109,0,46,63,10,0,0,0,0,0,0,0,0,0,0,,260,0,0,0,0,1,26,0,0,0,0,0,0,0,0,6,1,,0,0,,,,,,,,
2125,146fb5b594f6b9da202cd0d303548afb1f364ca93c27c44e2f442b1fe26ff77f,ransomware,TRUE_ENCRYPTION,Sage,cape,full,1,9.0,Sage,412,0,,,,586,412,233,106,0,32,0.5655339805825242,0.25728155339805825,18,246,28,12,206,221,0,0,5,0,0,0,1,0,2,1,,0,,,0,0,1,24,1,2,0,0,0,0,2,2,78,6,-23.6,2,1,0,0,,0,481.6,2,1,0.22
2126,c1059eb063f85c2a71dadeb3cfec81e6ba022570b322ca7056172e0057d40083,ransomware,NO_VICTIM_ACTIVITY,TeslaCrypt,cape,full,0,5.5,,234,0,,,,288,234,0,0,26,26,0.0,0.0,0,109,0,48,61,10,0,0,0,0,0,0,0,0,0,0,,260,0,0,0,0,1,26,0,0,0,0,0,0,0,0,6,1,,0,0,,,,,,,,
2127,41ad22e98d897261ae57cd021c5dd9fbbc09f1fb39765e0d1b68a78625840555,ransomware,TRUE_ENCRYPTION,Sage,cape,full,1,9.0,Sage,359,0,,,,453,359,229,69,0,80,0.637883008356546,0.19220055710306408,16,272,22,7,243,221,0,0,5,0,0,0,1,0,2,1,,0,,,0,0,1,33,1,2,0,0,0,0,3,6,64,0,-21.6,2,1,0,0,,0,557.2,2,1,0.216
2128,b5f4b0c380c2cb24fba1d7b260cef3160f484f6237f2f623f82b63906b4cfa0a,ransomware,NO_VICTIM_ACTIVITY,TeslaCrypt,cape,full,0,5.5,,234,0,,,,288,234,0,0,26,26,0.0,0.0,0,111,0,49,62,10,0,0,0,0,0,0,0,0,0,0,,260,0,0,0,0,1,26,0,0,0,0,0,0,0,0,6,1,,0,0,,,,,,,,
2129,0e1019001a39b29913a504d7c8d209116449420ddbdc6e2966efeea45651a842,ransomware,TRUE_ENCRYPTION,Sage,cape,full,1,9.0,Sage,349,0,,,,569,349,238,69,0,44,0.6819484240687679,0.1977077363896848,17,308,34,11,263,221,0,0,5,0,0,0,1,0,2,1,,142,2,1,0,0,1,27,1,2,0,0,0,0,3,6,80,6,-20.0,2,1,0,0,,0,615.3,2,1,0.178
2130,df4709fdb948c1dae600b8ecfe39b8b251ce542b7ca477f110af97d6c13f88fd,ransomware,NO_VICTIM_ACTIVITY,TeslaCrypt,cape,full,0,5.5,,234,0,,,,288,234,0,0,26,26,0.0,0.0,0,108,0,48,60,10,0,0,0,0,0,0,0,0,0,0,,260,0,0,0,0,1,26,0,0,0,0,0,0,0,0,6,1,,0,0,,,,,,,,
2131,d14863ede83e63102ae3484d2c51cd2cac622e89b89c09097902fa91f3edcd7a,ransomware,NO_VICTIM_ACTIVITY,Sage,cape,full,1,9.0,,50,0,,,,5040,50,485,2,0,8,9.7,0.04,3,513,0,11,502,221,0,0,6,0,0,0,0,1,2,0,,0,,,0,0,1,9,0,0,0,0,0,0,1,1,42,0,-393.9,1,1,1,1,6.9,487,530.4,0,1,
2132,7a0f7aabe53d23e0ddeecd85701485662c0178951515a012c70705344b94200b,ransomware,NO_VICTIM_ACTIVITY,TeslaCrypt,cape,full,0,5.5,,234,0,,,,288,234,0,0,26,26,0.0,0.0,0,108,0,46,62,10,0,0,0,0,0,0,0,0,0,0,,260,0,0,0,0,1,26,0,0,0,0,0,0,0,0,6,1,,0,0,,,,,,,,
2133,a5716cbebec21624db3a37b22dc8dc0c0ffe420dd928380057790a6c5516cb3c,ransomware,NO_VICTIM_ACTIVITY,Sage,cape,full,1,9.0,,51,0,,,,5040,51,487,2,0,8,9.549019607843137,0.0392156862745098,3,515,1,9,505,221,0,0,6,0,0,0,0,1,2,0,,0,,,0,0,1,9,0,0,0,0,0,0,1,1,42,0,-391.9,1,1,1,1,7.5,489,525.5,0,1,
2134,d8e35f18e9c3400195e2c67ffa3a34547043dd8479d73ff2b6cf5eef0ee857bf,ransomware,NO_VICTIM_ACTIVITY,TeslaCrypt,cape,full,0,5.5,,234,0,,,,288,234,0,0,26,26,0.0,0.0,0,108,0,44,64,10,0,0,0,0,0,0,0,0,0,0,,260,0,0,0,0,1,26,0,0,0,0,0,0,0,0,6,1,,0,0,,,,,,,,
2135,3800d6c5cbe76acb00e60a5486f50a38dcbc5cbc16b0000572240ab97af31797,ransomware,NO_VICTIM_ACTIVITY,Sage,cape,full,1,9.0,,51,0,,,,5040,51,480,2,0,7,9.411764705882353,0.0392156862745098,3,509,1,9,499,221,0,0,6,0,0,0,0,1,2,0,,0,,,0,0,1,8,0,0,0,0,0,0,1,1,42,0,-393.1,1,1,1,1,7.6,482,525.5,0,1,
2136,42776f0d8b7eb73cf6ce0d1b9df70b3623d9170dff2767d616eaf8037892c19c,ransomware,NO_VICTIM_ACTIVITY,TeslaCrypt,cape,full,0,5.5,,234,0,,,,288,234,0,0,26,26,0.0,0.0,0,103,0,46,57,10,0,0,0,0,0,0,0,0,0,0,,260,0,0,0,0,1,26,0,0,0,0,0,0,0,0,6,1,,0,0,,,,,,,,
2137,8fecf056f3580282cdb101c01e354425f208656fb7e5c5dcad19c64a62197184,ransomware,NO_VICTIM_ACTIVITY,Sage,cape,full,1,9.0,,51,0,,,,5040,51,472,2,0,9,9.254901960784315,0.0392156862745098,3,502,0,11,491,221,0,0,6,0,0,0,0,1,2,0,,0,,,0,0,1,10,0,0,0,0,0,0,1,1,42,0,-403.9,1,1,1,1,7.1,474,523.3,0,1,
2138,acf76b147e61c5bc21e7a014bff6351d6d80e3cae5be9c6a42c1b86731a70836,ransomware,FAILED,TeslaCrypt,cape,full,0,6.0,,3,0,,,,1,3,1,1,1,1,0.3333333333333333,0.3333333333333333,1,4,1,1,2,4,0,0,0,0,0,0,0,0,0,0,,288,0,0,0,0,1,1,0,0,0,0,0,0,0,0,0,0,,0,0,,,,,,,,
2139,dcd725c415cebc7df170edf49af18d6f86e76ef75185737de5959405f4aecc56,ransomware,TRUE_ENCRYPTION,TeslaCrypt,cape,full,0,10.0,Thanos,777,4877,-0.057922495989343833,5.662127329440863,7.11786403907629,1317,777,26,0,0,80,0.03346203346203346,0.0,2,264,1,50,213,1,0,0,0,0,0,0,0,0,0,0,,0,,,0,1,0,80,0,0,11,1,0,0,4,7,26,1,1.2,35,3,0,0,,0,367.3,12,1,0.395
2140,8e775324fc69a677394cf6d079d1d45bf53af10acd683bda53e5f86a8a192393,ransomware,TRUE_ENCRYPTION,TeslaCrypt,cape,full,1,10.0,Thanos,543,4205,-0.03632018651677287,5.731367921254328,7.124435974490496,1095,543,27,0,0,55,0.049723756906077346,0.0,3,246,1,42,203,157,0,0,3,0,0,0,2,0,0,1,,0,,,0,1,0,56,0,0,2,1,0,0,0,0,15,1,,15,3,0,0,,0,603.6,14,1,0.448
2141,157d81466bafb9910b2fa2cf8f308a76a4440d34f6ebde45aef508bfc65ab8b0,ransomware,NO_VICTIM_ACTIVITY,TeslaCrypt,cape,full,0,2.3,,0,0,,,,6,0,0,0,0,0,,,0,3,0,0,3,1,0,0,0,0,0,0,0,0,0,0,,1,0,0,0,0,1,0,0,0,0,0,0,0,0,0,0,0,,0,0,,,,,,,,
2142,e897888dd36ab2a5740030d628f510ef0563d9d039e896b45134a4a5c4a82bb7,ransomware,NO_VICTIM_ACTIVITY,TeslaCrypt,cape,full,1,4.0,,3,0,,,,5,3,0,0,0,0,0.0,0.0,0,1,0,1,0,527,0,0,8,1,1,0,5,1,2,3,,0,,,0,0,1,1,0,0,0,0,0,0,0,0,0,0,,0,0,,,,,,,,
2143,0400e0f6d0075051aa9e2e1186fe0d79739e8441827a9942148b5a24931e3f2c,ransomware,NO_VICTIM_ACTIVITY,GandCrab,cape,full,1,10.0,Gandcrab,320,9,-0.03352822596101634,5.904523321906704,7.129501033888745,81,320,0,0,0,80,0.0,0.0,0,243,0,163,80,119,8,0,5,1,0,0,3,0,0,3,,0,,,0,0,1,6,0,0,0,0,0,0,0,0,5,0,,0,0,,,,,,,,
2144,07435999bf65a3c697585c56eba4682af0cc0dcfad68f7c5e748a195bdad27cf,ransomware,NO_VICTIM_ACTIVITY,STOP,cape,full,1,9.0,,96,1091,-0.010546777436884773,6.055122265089098,6.476157391559539,207,96,8,0,1,17,0.08333333333333333,0.0,4,105,0,10,95,112,0,0,6,0,0,0,0,0,2,0,,0,,,0,1,0,13,0,0,0,0,0,0,3,6,24,3,-75.6,3,1,3,1,86.9,8,185.6,0,1,
2145,1b2db3fb7efde4444b041844049425c2106f53393305ee8ee528990cb9d64d91,ransomware,FAILED,WannaCry,cape,full,1,1.2,,0,0,,,,0,0,0,0,0,0,,,0,0,0,0,0,71,0,0,3,0,0,0,0,0,2,0,,0,,,0,0,1,0,0,0,0,0,0,0,0,0,0,0,,0,0,,,,,,,,
2146,ea4a4e522a3fcd147bf528274acd9a203782737a9abac427ed1e6ee88ab3880b,ransomware,NO_VICTIM_ACTIVITY,GandCrab,cape,full,1,10.0,Gandcrab,452,9,-0.033447552532339435,5.907497398883005,7.1369320292061795,115,452,0,0,0,114,0.0,0.0,0,310,0,195,115,119,8,0,5,1,0,0,3,0,0,3,,0,,,0,0,1,6,0,0,0,0,0,0,0,0,5,0,,0,0,,,,,,,,
2147,2cf960125358486447a378c9b410169dc93dce2d8ad75cb5aee7789536448929,ransomware,TRUE_ENCRYPTION,STOP,cape,full,1,10.0,STOP,679,724,0.9960099017279639,5.876615582388636,5.937000578588487,346,679,4,168,1,8,0.005891016200294551,0.24742268041237114,24,32,11,7,14,236,5,0,9,0,3,0,3,4,2,3,openssl,0,,,0,0,1,7,0,0,0,0,0,0,1,1,6,0,-387.4,0,0,,,,,,,,
2148,e58c4fa9e1f9fcbb205b80cf3c2b6cfe824ef9aa9475489e93e613624fe5e582,ransomware,FAILED,WannaCry,cape,full,1,1.2,,0,0,,,,2,0,0,0,0,0,,,0,1,0,0,1,71,0,0,3,0,0,0,0,0,2,0,,0,,,0,0,1,0,0,0,0,0,0,0,0,0,0,0,,0,0,,,,,,,,
2149,49cbdcc5fd20aefdb5e1415e1c8a1132e9a25e4c0ca97ca0d25f04aa23fe605c,ransomware,NO_VICTIM_ACTIVITY,GandCrab,cape,full,1,10.0,Gandcrab,440,9,-0.041651710181153725,5.820534398125432,7.004992037869497,115,440,0,0,0,112,0.0,0.0,0,301,0,188,113,119,8,0,5,1,0,0,3,0,0,3,,0,,,0,0,1,6,0,0,0,0,0,0,0,0,5,0,,0,0,,,,,,,,
2150,858e70ca9281a346bf5399b181643aba478960142637460fea7b7d14d3192c01,ransomware,NO_VICTIM_ACTIVITY,STOP,cape,full,1,9.0,,62,0,,,,36,62,9,2,5,9,0.14516129032258066,0.03225806451612903,3,24,1,9,14,661,0,0,10,0,3,0,3,4,2,2,boost;cryptopp,0,,,0,0,1,10,0,0,0,0,0,0,2,2,42,11,224.5,0,0,,,,,,,,
2151,e490701b3b43e83a33030f53a027774b487ccb0f86bd837d49650b8d24755697,ransomware,FAILED,WannaCry,cape,full,1,1.0,,0,0,,,,0,0,0,0,0,0,,,0,0,0,0,0,71,0,0,3,0,0,0,0,0,2,0,,0,,,0,0,1,0,0,0,0,0,0,0,0,0,0,0,,0,0,,,,,,,,
2152,589e188602c4a24c68bc095c1105894a5e97e1df6218eaead89b7ab9a4e88eac,ransomware,FAILED,GandCrab,cape,full,1,10.0,Gandcrab,0,0,,,,0,0,0,0,0,0,,,0,0,0,0,0,73,0,0,3,0,0,0,0,0,2,0,,243,3,3,0,0,1,0,0,0,0,0,0,0,0,0,0,0,,0,0,,,,,,,,
2153,7bc2928ce06e7db7bfe0bf3f2c2d2ff9df7f0a8041ea8c593dd0b912c1c3d3fd,ransomware,TRUE_ENCRYPTION,STOP,cape,full,1,10.0,STOP,338,716,0.6267710682641104,5.899088464962305,5.958945874288457,290,338,4,168,1,13,0.011834319526627219,0.4970414201183432,24,46,17,7,22,96,0,0,3,0,0,0,1,0,2,1,,236,3,2,0,1,0,10,0,0,0,0,0,0,3,3,21,3,-111.7,0,0,,,,,,,,
2154,d1c9f08c3de7380a33403d990243eb3e1e8e77c9749d97b2efe742fb703b1296,ransomware,FAILED,WannaCry,cape,full,1,1.2,,0,0,,,,0,0,0,0,0,0,,,0,0,0,0,0,71,0,0,3,0,0,0,0,0,2,0,,0,,,0,0,1,0,0,0,0,0,0,0,0,0,0,0,,0,0,,,,,,,,
2155,64a45b42204cf4412dc2891368a4b72670642a008b13f3d99f6d3d42de95a842,ransomware,TRUE_ENCRYPTION,GandCrab,cape,full,1,10.0,Gandcrab,695,2715,0.709634482759808,5.549122960278108,7.320574858317201,397,695,11,189,5,7,0.015827338129496403,0.2719424460431655,37,101,56,27,18,93,0,0,1,0,0,0,0,0,2,0,,173,4,4,0,1,0,10,2,0,0,0,0,0,2,2,28,8,-81.6,1,1,0,0,,0,445.3,1,1,0.156
2156,3f1596b4ebd177ec46e57ea0e6d208f32c1ebb93b448a4b5318cc116293d1e71,ransomware,NO_VICTIM_ACTIVITY,STOP,cape,full,1,10.0,STOP,16,35,0.2671353438470618,4.379671477072803,5.869793523283517,13,16,4,0,1,7,0.25,0.0,2,16,0,5,11,94,0,0,3,1,0,0,0,0,2,1,,236,3,2,0,1,0,6,0,0,0,0,0,0,1,1,6,0,-371.2,0,0,,,,,,,,
2157,3b4607b7a1a0b179b4f33e798fe7c2cd2c758ae39c22627680299782c18d195e,ransomware,FAILED,WannaCry,cape,full,1,1.2,,0,0,,,,2,0,0,0,0,0,,,0,1,0,0,1,71,0,0,3,0,0,0,0,0,2,0,,0,,,0,0,1,0,0,0,0,0,0,0,0,0,0,0,,0,0,,,,,,,,
2158,509c5bf724b0d3bc60cdc93c1b0f1e6710cf23edb2293d670cb8bdeaa5ac7e6f,ransomware,NO_VICTIM_ACTIVITY,GandCrab,cape,full,1,10.0,Gandcrab,0,8,,5.828202944433133,7.0125886073310495,0,0,0,0,0,0,,,0,0,0,0,0,63,0,0,3,0,0,0,0,0,2,0,,183,3,3,0,1,0,0,0,0,0,0,0,0,0,0,1,0,,0,0,,,,,,,,
2159,4a817eb1c641ecca40e08468449969171576fa52b9088917e552080fad4c0941,ransomware,FAILED,STOP,cape,static_only,1,10.0,STOP,,,,,,,,,,,,,,,,,,,236,5,0,9,0,3,0,3,4,2,3,openssl,0,,,,,,,,,,,,,,,,,,,,,,,,,,,
2160,1e78e60de13290234f642709674835e7b400102d7d22367266fd38329782e58e,ransomware,FAILED,WannaCry,cape,full,1,1.0,,0,0,,,,0,0,0,0,0,0,,,0,0,0,0,0,71,0,0,3,0,0,0,0,0,2,0,,0,,,0,0,1,0,0,0,0,0,0,0,0,0,0,0,,0,0,,,,,,,,
2161,2e96b64287a0b741837c9f8179e8e1596d0f854d66108b38e4b84cc71c02e6c3,ransomware,FAILED,GandCrab,cape,static_only,1,10.0,Gandcrab,,,,,,,,,,,,,,,,,,,66,0,0,3,0,0,0,0,0,2,0,,0,,,,,,,,,,,,,,,,,,,,,,,,,,,
2162,d83013d86062dab8e194ad14da91a214d2e539d1a9fff3e29c9e2e02f4bf9d07,ransomware,TRUE_ENCRYPTION,STOP,cape,full,1,10.0,STOP,680,723,0.9967242149760099,5.9188920800503135,5.981324884832179,346,680,4,168,1,9,0.0058823529411764705,0.24705882352941178,24,36,13,10,13,236,5,0,9,0,3,0,3,4,2,3,openssl,0,,,0,0,1,8,0,0,0,0,0,0,1,1,6,0,-391.6,0,0,,,,,,,,
2163,1a7ce59806c582043cd22f264e89bec50ec3097c12f24ce8b5584991bfbc6e78,ransomware,FAILED,WannaCry,cape,full,1,1.2,,0,0,,,,2,0,0,0,0,0,,,0,1,0,0,1,71,0,0,3,0,0,0,0,0,2,0,,0,,,0,0,1,0,0,0,0,0,0,0,0,0,0,0,,0,0,,,,,,,,
2164,1c16b204dd52d4d3fab6113f20a43c29ff74db2746798b88bfd8f4214ac95cc5,ransomware,NO_VICTIM_ACTIVITY,GandCrab,cape,full,1,10.0,Gandcrab,180,9,-0.020961709757557397,6.038164796056189,7.207027335013736,45,180,0,0,0,45,0.0,0.0,0,118,0,73,45,118,8,0,5,1,0,0,3,0,0,3,,0,,,0,0,1,3,0,0,0,0,0,0,0,0,5,0,,0,0,,,,,,,,
2165,e01c0429a58b33013305aab35ef863cd2b88962e479e39566a687ca37c68510f,ransomware,NO_VICTIM_ACTIVITY,STOP,cape,full,1,10.0,STOP,66,34,0.28406122553358987,4.401740018276686,5.913930605691284,725,66,4,0,1,9,0.06060606060606061,0.0,2,38,0,11,27,85,0,0,3,1,0,0,0,0,2,1,,236,3,2,0,1,0,8,0,0,0,0,0,0,2,2,8,0,-379.5,0,0,,,,,,,,
2166,2f9842bf60a8429dcb3ed381e92e65d0426bba89f7a2a9084c011867f721dbf1,ransomware,FAILED,WannaCry,cape,full,1,1.0,,0,0,,,,0,0,0,0,0,0,,,0,0,0,0,0,71,0,0,3,0,0,0,0,0,2,0,,0,,,0,0,1,0,0,0,0,0,0,0,0,0,0,0,,0,0,,,,,,,,
2167,44a2da6fb4272c984a16d9b8b281095fcdde2ffd26a6039762fd2db0d8d97a46,ransomware,TRUE_ENCRYPTION,GandCrab,cape,full,1,9.0,GandCrab,562,2265,0.6749567749074533,5.549795179153171,7.322666245765307,372,562,0,187,0,3,0.0,0.33274021352313166,35,60,52,4,4,98,0,0,3,0,0,0,0,1,2,0,,71,0,0,0,1,0,4,2,0,0,0,0,0,1,1,0,0,-368.2,0,0,,,,,,,,
2168,2a6c90c8db27e6ac04c7e339dfe4b3c2d47a292bcf6fc1c5b4e0ae62fc81ff84,ransomware,NO_VICTIM_ACTIVITY,STOP,cape,full,1,10.0,STOP,16,35,0.4988825014065319,4.3913456510226485,5.893141871183209,13,16,4,0,1,7,0.25,0.0,2,17,0,6,11,113,0,0,1,0,0,0,0,0,2,0,boost,236,3,3,0,1,0,6,0,0,0,0,0,0,2,2,6,0,-381.0,0,0,,,,,,,,
2169,e2fb15fcc8e1aa058a5a964f7ca369c6673cbccd9000965fdadcf6e4612b92b0,ransomware,FAILED,WannaCry,cape,full,1,1.2,,0,0,,,,0,0,0,0,0,0,,,0,0,0,0,0,71,0,0,3,0,0,0,0,0,2,0,,0,,,0,0,1,0,0,0,0,0,0,0,0,0,0,0,,0,0,,,,,,,,
2170,0ca0d8c1c18a4fc5691eb6d5e75a025d3d8342ba2276d5f780a8bd8fca17436d,ransomware,TRUE_ENCRYPTION,GandCrab,cape,full,0,9.0,GandCrab,562,2265,0.6510181992755787,5.545013066556059,7.306059607454123,372,562,0,187,0,3,0.0,0.33274021352313166,35,230,143,75,12,5,0,0,0,0,0,0,0,1,0,0,,71,0,0,0,1,0,4,2,0,0,0,0,0,1,1,0,0,-341.1,0,0,,,,,,,,
2171,e0d537f8669e6764bf4a4b8f4013ec219958749a5fde8b11fb52faaedde3cada,ransomware,NO_VICTIM_ACTIVITY,STOP,cape,full,1,7.0,,0,0,,,,0,0,0,0,0,0,,,0,0,0,0,0,232,1,0,7,0,0,0,1,0,2,2,,232,2,0,1,0,0,0,0,0,0,0,0,0,0,0,2,0,,0,0,,,,,,,,
2172,374a443a1c7a7eb124c94bad6d37dc1a28fdfeef19cc598d0d49815ccc79742d,ransomware,FAILED,WannaCry,cape,full,1,1.2,,0,0,,,,0,0,0,0,0,0,,,0,0,0,0,0,71,0,0,3,0,0,0,0,0,2,0,,0,,,0,0,1,0,0,0,0,0,0,0,0,0,0,0,,0,0,,,,,,,,
2173,bfb9db791b8250ffa8ebc48295c5dbbca757a5ed3bbb01de12a871b5cd9afd5a,ransomware,TRUE_ENCRYPTION,GandCrab,cape,full,1,9.0,GandCrab,562,2265,0.7175584212894609,5.552043916337527,7.320748018188663,372,562,0,187,0,3,0.0,0.33274021352313166,35,61,46,8,7,98,0,0,3,0,0,0,0,1,2,0,,71,0,0,0,1,0,4,2,0,0,0,0,0,1,1,0,0,-370.0,0,0,,,,,,,,
2174,b377b7b8211e454117ba3d6cd6bb1ac84c0105c8647187cb5cf19ad50c9d26b9,ransomware,TRUE_ENCRYPTION,STOP,cape,full,1,10.0,STOP,680,722,0.9953624145532348,5.8865864398309435,5.9469816621514395,346,680,4,168,1,12,0.0058823529411764705,0.24705882352941178,24,47,20,10,17,145,0,0,4,1,0,0,0,0,2,1,boost,236,3,2,0,1,0,8,0,0,0,0,0,0,1,1,6,0,-376.7,0,0,,,,,,,,
2175,e1ee2b7aeeb62f063134d78df6e522afde0952eca1701fb8d0835abe18ef16bc,ransomware,FAILED,WannaCry,cape,full,1,1.2,,0,0,,,,0,0,0,0,0,0,,,0,0,0,0,0,71,0,0,3,0,0,0,0,0,2,0,,0,,,0,0,1,0,0,0,0,0,0,0,0,0,0,0,,0,0,,,,,,,,
2176,ced2d4066c41d15d582fbe64c417d0d38c3696f0979b3fc4a4cc1db8a0332b07,ransomware,FAILED,GandCrab,cape,static_only,0,10.0,Gandcrab,,,,,,,,,,,,,,,,,,,0,0,0,0,0,0,0,0,0,0,0,,0,,,,,,,,,,,,,,,,,,,,,,,,,,,
2177,1e1bc32c5d4d0cae5310d34827be61eb087dc6aca7a7d767c77529b41e720a81,ransomware,NO_VICTIM_ACTIVITY,STOP,cape,full,1,7.0,,0,9,,,,0,0,0,0,0,0,,,0,0,0,0,0,232,1,0,7,0,0,0,1,0,2,2,,232,2,0,0,0,1,0,0,0,0,0,0,0,0,0,2,0,,0,0,,,,,,,,
2178,b9cf80a5e63577b018937534f6219eb29876c2163f0cdad7341acc2deef2859f,ransomware,FAILED,WannaCry,cape,full,1,1.2,,0,0,,,,0,0,0,0,0,0,,,0,0,0,0,0,71,0,0,3,0,0,0,0,0,2,0,,0,,,0,0,1,0,0,0,0,0,0,0,0,0,0,0,,0,0,,,,,,,,
2179,fb10e795c0524ae59fe3f3c7e234c0f2a3650ea9a92e8774dc8225ede9e0bf70,ransomware,FAILED,GandCrab,cape,static_only,0,10.0,Gandcrab,,,,,,,,,,,,,,,,,,,0,0,0,0,0,0,0,0,0,0,0,,0,,,,,,,,,,,,,,,,,,,,,,,,,,,
2180,d343ea857cdf97aa0ccfd14970425c6888bd216d36ad7f6255a044bed36a4b2a,ransomware,NO_VICTIM_ACTIVITY,STOP,cape,full,1,10.0,STOP,16,35,0.4374387706558492,4.3913456510226485,5.893141871183209,13,16,4,0,1,7,0.25,0.0,2,14,0,4,10,88,0,0,1,0,0,0,0,0,2,0,,236,3,3,0,1,0,6,0,0,0,0,0,0,1,1,6,0,-356.4,0,0,,,,,,,,
2181,8cce14a06ff19f92020cefcf42c0040495c0dca18543f8449159ba1e78f69f29,ransomware,FAILED,WannaCry,cape,full,1,1.0,,0,0,,,,2,0,0,0,0,0,,,0,1,0,0,1,71,0,0,3,0,0,0,0,0,2,0,,0,,,0,0,1,0,0,0,0,0,0,0,0,0,0,0,,0,0,,,,,,,,
2182,2e1646e5bcff7912bdb34118fdd625c6b858b0a13c8ad01e38e457cb3673176e,ransomware,NO_VICTIM_ACTIVITY,GandCrab,cape,full,1,10.0,Gandcrab,180,9,-0.02162641997834908,5.783232188125601,6.946089943564426,44,180,0,0,0,45,0.0,0.0,0,113,0,68,45,118,8,0,5,1,0,0,3,0,0,3,,0,,,0,0,1,3,0,0,0,0,0,0,0,0,5,0,,0,0,,,,,,,,
2183,f7561de520f21434830d40d74904e93125b76407d477411622bbd829283ba8c4,ransomware,NO_VICTIM_ACTIVITY,STOP,cape,full,1,10.0,STOP,80,108,0.127734201723382,4.39955708718932,5.909564743516552,166,80,4,0,1,11,0.05,0.0,2,48,0,24,24,105,0,0,3,0,0,0,0,1,2,0,,236,3,3,0,1,0,9,0,0,0,0,0,0,3,3,18,3,-374.2,0,0,,,,,,,,
2184,66b98067cb4b20d0da1e9459f5851b7d86e046afa9a78ff87b9bb1c641e3a771,ransomware,FAILED,WannaCry,cape,full,1,1.2,,0,0,,,,0,0,0,0,0,0,,,0,0,0,0,0,71,0,0,3,0,0,0,0,0,2,0,,0,,,0,0,1,0,0,0,0,0,0,0,0,0,0,0,,0,0,,,,,,,,
2185,f0aaba0b2b0103de760ac304e936b4a1cb0ce006e417628253f29b4f220328d2,ransomware,NO_VICTIM_ACTIVITY,GandCrab,cape,full,1,9.0,,34,17,-0.11678889165721822,,,0,34,0,0,1,4,0.0,0.0,0,11,0,6,5,418,0,0,3,0,0,0,0,0,0,0,,0,,,0,1,0,5,0,0,0,0,0,0,1,1,5,0,-342.8,0,0,,,,,,,,
2186,284ae9899ae53d03d27bd3f72892d843fe5bbecb097f52fc0b1b37d1040401d0,ransomware,NO_VICTIM_ACTIVITY,STOP,cape,full,1,9.0,,5,0,,,,6,5,0,0,0,0,0.0,0.0,0,1,0,1,0,232,1,0,7,0,0,0,1,0,2,2,,232,2,0,1,0,0,0,0,0,0,0,0,0,0,0,71,0,,0,0,,,,,,,,
2187,295ea6d0c0e8948edec19dea2b6778d9b21cd52c2f1c29efe30462801f4efbac,ransomware,FAILED,WannaCry,cape,full,1,1.2,,0,0,,,,0,0,0,0,0,0,,,0,0,0,0,0,71,0,0,3,0,0,0,0,0,2,0,,0,,,0,0,1,0,0,0,0,0,0,0,0,0,0,0,,0,0,,,,,,,,
2188,ec6a7a8737c807b3c74990ca2d8b57774841211d58d36182ed2a718f4e051dc3,ransomware,NO_VICTIM_ACTIVITY,GandCrab,cape,full,1,10.0,Gandcrab,0,0,,,,0,0,0,0,0,0,,,0,0,0,0,0,86,0,0,4,0,0,0,0,0,2,0,,190,3,3,0,0,1,0,0,0,0,0,0,0,0,0,0,0,,0,0,,,,,,,,
2189,3b8d07693e296aee36e7607c71503d981396a21b367e169146afdd052cdcf4d1,ransomware,NO_VICTIM_ACTIVITY,STOP,cape,full,1,10.0,STOP,16,34,0.7216704488871184,4.3913456510226485,5.893141871183209,12,16,4,0,1,7,0.25,0.0,2,15,0,4,11,99,0,0,3,0,0,0,0,0,2,0,,236,3,3,0,1,0,6,0,0,0,0,0,0,1,1,6,0,-350.6,0,0,,,,,,,,
2190,0af4cc65ed6ed2cffe30bc883348ee443ee26541792ee394b379fc2ceae3f88b,ransomware,FAILED,WannaCry,cape,full,1,1.2,,0,0,,,,0,0,0,0,0,0,,,0,0,0,0,0,71,0,0,3,0,0,0,0,0,2,0,,0,,,0,0,1,0,0,0,0,0,0,0,0,0,0,0,,0,0,,,,,,,,
2191,0085f13770b5b1ef96b1f5b57474c44f4a21ae8befef06a17cd254f75a071ec2,ransomware,TRUE_ENCRYPTION,GandCrab,cape,full,1,10.0,Gandcrab,701,2927,0.8005575702941117,5.558212267685317,7.306136546127747,233,701,9,189,5,6,0.012838801711840228,0.26961483594864477,37,81,34,36,11,84,0,0,3,0,0,0,0,0,2,0,,131,4,4,0,1,0,8,2,0,0,0,0,0,2,2,30,8,-58.2,1,1,0,0,,0,489.7,1,1,0.096
2192,be65a8d884dbb5c292c2ae94591cc6c86909bcd7ddb42588932afaf9ce15728e,ransomware,NO_VICTIM_ACTIVITY,STOP,cape,full,1,10.0,STOP,20,34,0.6509685420541826,4.387921282286228,5.886293133710367,15,20,7,0,1,8,0.35,0.0,3,21,2,5,14,112,0,0,4,0,0,0,0,0,2,0,,236,3,3,0,1,0,8,0,0,0,0,0,0,1,1,6,0,-379.1,0,0,,,,,,,,
2193,1320ba4c289d844b5d724fa5af97d129bc8d103c48011952df911ec0d089acee,ransomware,FAILED,WannaCry,cape,full,1,1.2,,0,0,,,,0,0,0,0,0,0,,,0,0,0,0,0,71,0,0,3,0,0,0,0,0,2,0,,0,,,0,0,1,0,0,0,0,0,0,0,0,0,0,0,,0,0,,,,,,,,
2194,f36d6537e689d31096888db7d3e0dce1709dd8ed429fc5d3d4d44785021ba04f,ransomware,NO_VICTIM_ACTIVITY,GandCrab,cape,full,1,8.0,,0,0,,,,0,0,0,0,0,0,,,0,0,0,0,0,78,0,0,5,0,0,0,0,0,2,0,,0,,,0,0,1,0,0,0,0,0,0,0,0,0,0,0,,0,0,,,,,,,,
2195,202259937df72d3e7e341ce852a48938616e0d98a091d976f5342bf82e132ce3,ransomware,NO_VICTIM_ACTIVITY,STOP,cape,full,1,10.0,STOP,26,36,0.08744751483240969,4.3876756724054635,5.885801913948839,18,26,7,0,2,8,0.2692307692307692,0.0,3,29,0,12,17,80,0,0,2,0,0,0,0,0,2,0,,11964,4,4,0,1,0,15,0,0,0,0,0,0,2,2,8,0,-390.2,0,0,,,,,,,,
2196,675cf32ce5553a1f2a9fa1b65014abc30df6a93f6ace616878dc534fc238c77a,ransomware,FAILED,WannaCry,cape,full,1,1.2,,0,0,,,,2,0,0,0,0,0,,,0,1,0,0,1,71,0,0,3,0,0,0,0,0,2,0,,0,,,0,0,1,0,0,0,0,0,0,0,0,0,0,0,,0,0,,,,,,,,
2197,df5920fa7e08cc7dad0882020b524f88ebc9579780a58b0b431ee36e0e3074a6,ransomware,NO_VICTIM_ACTIVITY,GandCrab,cape,full,1,10.0,Gandcrab,0,0,,,,0,0,0,0,0,0,,,0,0,0,0,0,102,0,0,2,1,0,0,0,0,2,1,,186,3,2,0,0,1,0,0,0,0,0,0,0,0,0,0,0,,0,0,,,,,,,,
2198,4f1bcdcbc93f0edf7a5b94c5da7b46ee72d4ba9619862036ed1cb202a07385c2,ransomware,NO_VICTIM_ACTIVITY,STOP,cape,full,1,10.0,STOP,22,35,0.15266782562460857,4.3879394792872874,5.886329527712487,18,22,5,0,2,21,0.22727272727272727,0.0,2,36,0,8,28,90,0,0,3,0,0,0,0,0,2,0,,13210,4,4,0,1,0,13,0,0,0,0,0,0,2,7,8,0,-157.4,0,0,,,,,,,,
2199,1405fc0c83596235f4bcee85c66a6e7d173da8deb13193c243a27058d89d6572,ransomware,FAILED,WannaCry,cape,full,1,1.2,,0,0,,,,0,0,0,0,0,0,,,0,0,0,0,0,71,0,0,3,0,0,0,0,0,2,0,,0,,,0,0,1,0,0,0,0,0,0,0,0,0,0,0,,0,0,,,,,,,,
2200,7c91058133a449a21c3032d23853121b90fc990a8f5a33e8eb12497230a49399,ransomware,FAILED,GandCrab,cape,static_only,1,10.0,Gandcrab,,,,,,,,,,,,,,,,,,,92,0,0,3,0,0,0,0,0,2,0,,0,,,,,,,,,,,,,,,,,,,,,,,,,,,
2201,a77599bea195b9f858ce2d25943da1eb6552ceb843ec8af67a41ef2c7e17e7db,ransomware,NO_VICTIM_ACTIVITY,STOP,cape,full,1,10.0,STOP,27,34,0.6496564211279723,4.3879394792872874,5.886329527712487,18,27,6,0,2,10,0.2222222222222222,0.0,3,33,0,14,19,166,0,0,3,2,0,0,0,0,2,1,boost,11964,4,3,0,1,0,17,0,0,0,0,0,0,4,7,8,0,-385.5,0,0,,,,,,,,
2202,482419cf06b8c073ba3e9f5bbe665c6c797276b55218f927dda753bd859c28a3,ransomware,FAILED,WannaCry,cape,full,1,1.0,,0,0,,,,0,0,0,0,0,0,,,0,0,0,0,0,71,0,0,3,0,0,0,0,0,2,0,,0,,,0,0,1,0,0,0,0,0,0,0,0,0,0,0,,0,0,,,,,,,,
2203,c14ebfc076f06e2194587fd7246a520c648f78c4ed730be88c6f6deb0ae1f70a,ransomware,FAILED,GandCrab,cape,static_only,1,10.0,Gandcrab,,,,,,,,,,,,,,,,,,,92,0,0,3,0,0,0,0,0,2,0,,0,,,,,,,,,,,,,,,,,,,,,,,,,,,
2204,c82021909b9fa18ba7151f0df381ba5d605e4729b0d75d27ab7dab2b906ebe4e,ransomware,NO_VICTIM_ACTIVITY,STOP,cape,full,1,10.0,STOP,25,34,0.6475323788994485,4.382101552502846,5.8746536741436035,22,25,5,0,2,9,0.2,0.0,2,30,0,13,17,114,0,0,5,0,0,0,0,1,2,0,,13424,4,4,0,1,0,14,0,0,0,0,0,0,2,2,8,0,-386.8,0,0,,,,,,,,
2205,960a43b385f4370b19590ea7c9250acabb0ecb0df4fb8fb28d970bde643dbbd6,ransomware,FAILED,WannaCry,cape,full,1,1.2,,0,0,,,,0,0,0,0,0,0,,,0,0,0,0,0,71,0,0,3,0,0,0,0,0,2,0,,0,,,0,0,1,0,0,0,0,0,0,0,0,0,0,0,,0,0,,,,,,,,
2206,a4fc5a4d4ab1c6834e63f2e3d7e9dcd5e874357c0cb5673215e97d67752b4a8f,ransomware,FAILED,GandCrab,cape,static_only,1,10.0,Gandcrab,,,,,,,,,,,,,,,,,,,92,0,0,3,0,0,0,0,0,2,0,,0,,,,,,,,,,,,,,,,,,,,,,,,,,,
2207,d247789cfeb8efdf3a061250c65767fe50764a414fa81ff276df0bf0d134ce47,ransomware,NO_VICTIM_ACTIVITY,STOP,cape,full,1,10.0,STOP,26,34,0.31290439535005504,4.3876756724054635,5.885801913948839,18,26,6,0,2,8,0.23076923076923078,0.0,3,29,0,13,16,80,0,0,2,0,0,0,0,0,2,0,,13424,4,4,0,1,0,14,0,0,0,0,0,0,1,1,8,0,-390.8,0,0,,,,,,,,
2208,be4c2b466b21813244238097079ca81abc7af41812eb26d562ded8ff0feaa8e2,ransomware,FAILED,WannaCry,cape,full,1,1.2,,0,0,,,,0,0,0,0,0,0,,,0,0,0,0,0,71,0,0,3,0,0,0,0,0,2,0,,0,,,0,0,1,0,0,0,0,0,0,0,0,0,0,0,,0,0,,,,,,,,
2209,01aabfaa4177d8d4953a65e8c0d92df98d5eb9a3b8d557a369301660a252f550,ransomware,FAILED,GandCrab,cape,static_only,1,10.0,Gandcrab,,,,,,,,,,,,,,,,,,,92,0,0,3,0,0,0,0,0,2,0,,0,,,,,,,,,,,,,,,,,,,,,,,,,,,
2210,e565c0b80462bd207d991cb9d9fd34c9d72b45e4696797f9d59f0e153b3a54a9,ransomware,NO_VICTIM_ACTIVITY,STOP,cape,full,1,10.0,STOP,23,34,0.29679980902950037,4.3876756724054635,5.885801913948839,18,23,5,0,2,8,0.21739130434782608,0.0,2,27,0,12,15,170,0,0,3,2,0,0,0,0,2,1,boost,13424,4,3,0,1,0,10,0,0,0,0,0,0,1,1,8,0,-389.2,0,0,,,,,,,,
2211,bb47bc91de6fbf45dd8d3348cb6e26fcf1ef2830cd326ec2eaf0e2ff15564ca7,ransomware,FAILED,WannaCry,cape,full,1,1.2,,0,0,,,,0,0,0,0,0,0,,,0,0,0,0,0,71,0,0,3,0,0,0,0,0,2,0,,0,,,0,0,1,0,0,0,0,0,0,0,0,0,0,0,,0,0,,,,,,,,
2212,e041f63cab919d1af8614fb83b362cbff733bd06bc89d30cd04dcea3fac8651f,ransomware,FAILED,GandCrab,cape,static_only,1,10.0,Gandcrab,,,,,,,,,,,,,,,,,,,63,0,0,3,0,0,0,0,0,2,0,,0,,,,,,,,,,,,,,,,,,,,,,,,,,,
2213,c1d38432a5040db8be37ca31b025d1edd42be37799bfd254b3c6e7c4e37937b8,ransomware,NO_VICTIM_ACTIVITY,STOP,cape,full,1,10.0,STOP,27,34,0.5243466889719489,4.3879394792872874,5.886329527712487,18,27,7,0,2,8,0.25925925925925924,0.0,3,30,0,12,18,93,0,0,5,0,0,0,0,0,2,0,,13424,4,4,0,1,0,15,0,0,0,0,0,0,1,1,8,0,-387.7,0,0,,,,,,,,
2214,b73de5f4e007d0cd7a89065e0069e68cd524acddd073ee9d26b2a120ad9a7e22,ransomware,FAILED,WannaCry,cape,full,1,1.2,,0,0,,,,0,0,0,0,0,0,,,0,0,0,0,0,71,0,0,3,0,0,0,0,0,2,0,,0,,,0,0,1,0,0,0,0,0,0,0,0,0,0,0,,0,0,,,,,,,,
2215,f955035242ffa9bde3904e1c51b491ba81b76e16e912c5ed292efcaf55b04c1b,ransomware,FAILED,GandCrab,cape,static_only,1,10.0,Gandcrab,,,,,,,,,,,,,,,,,,,92,0,0,3,0,0,0,0,0,2,0,,0,,,,,,,,,,,,,,,,,,,,,,,,,,,
2216,da0197bad20f02cc3ba3518daa460c3d40ced2349abecb67311647e0aaf870f3,ransomware,NO_VICTIM_ACTIVITY,STOP,cape,full,1,10.0,STOP,25,35,0.12937292875647446,4.3876756724054635,5.885801913948839,22,25,8,0,2,9,0.32,0.0,3,28,0,10,18,170,0,0,3,2,0,0,0,0,2,1,boost,12488,4,3,0,1,0,19,0,0,0,0,0,0,2,2,8,0,-396.6,0,0,,,,,,,,
2217,4e788a167c4ad00064776a6f1c45b8c29c9012ce6e01ebf39b861cf842666473,ransomware,FAILED,WannaCry,cape,full,1,1.2,,0,0,,,,0,0,0,0,0,0,,,0,0,0,0,0,71,0,0,3,0,0,0,0,0,2,0,,0,,,0,0,1,0,0,0,0,0,0,0,0,0,0,0,,0,0,,,,,,,,
2218,a9904c2337a9da922093cc51e185dc1ef2744db6ccacf46968b36698ce6a0f1d,ransomware,FAILED,GandCrab,cape,static_only,1,10.0,Gandcrab,,,,,,,,,,,,,,,,,,,92,0,0,3,0,0,0,0,0,2,0,,0,,,,,,,,,,,,,,,,,,,,,,,,,,,
2219,2e47721a4fb2c1e36520d287b3251a9ea2b688de1f36541e8bc06c169c2b410a,ransomware,NO_VICTIM_ACTIVITY,STOP,cape,full,1,10.0,STOP,25,36,0.4212922916024799,4.3879394792872874,5.886329527712487,22,25,7,0,2,9,0.28,0.0,3,31,0,12,19,182,0,0,3,3,0,0,0,0,2,1,boost,12750,4,3,0,1,0,19,0,0,0,0,0,0,2,2,8,0,-390.7,0,0,,,,,,,,
2220,29eaf996e94ad29861ab63c7c8e4a03d15c41c4db3c60bcc72dfabf64a5cb7a2,ransomware,FAILED,WannaCry,cape,full,1,1.2,,0,0,,,,0,0,0,0,0,0,,,0,0,0,0,0,71,0,0,3,0,0,0,0,0,2,0,,0,,,0,0,1,0,0,0,0,0,0,0,0,0,0,0,,0,0,,,,,,,,
2221,87bde727af7beabcb4d733a41d258ee407d6e977e78c06a96ba2295431d53c23,ransomware,NO_VICTIM_ACTIVITY,GandCrab,cape,full,1,10.0,Gandcrab,176,9,-0.019021861617935204,5.936274260965466,7.186414332129551,44,176,0,0,0,44,0.0,0.0,0,108,0,64,44,118,8,0,5,1,0,0,3,0,0,3,,0,,,0,0,1,3,0,0,0,0,0,0,0,0,5,0,,0,0,,,,,,,,
2222,dcee34741b1210576a620d3e22d5945f1aea34f8d9940a0b9d098c7ebe0bd1d0,ransomware,NO_VICTIM_ACTIVITY,STOP,cape,full,1,10.0,STOP,22,36,0.13151478174262063,4.3879394792872874,5.886329527712487,18,22,7,0,2,8,0.3181818181818182,0.0,3,25,0,8,17,181,0,0,3,3,0,0,0,0,2,1,,12750,4,3,0,1,0,15,0,0,0,0,0,0,1,1,8,0,-381.3,0,0,,,,,,,,
2223,2f7cb9e74f3396213418db82f7c723a4c168ace04fc791e7c0eb372fa87afb68,ransomware,FAILED,WannaCry,cape,full,1,1.2,,0,0,,,,0,0,0,0,0,0,,,0,0,0,0,0,71,0,0,3,0,0,0,0,0,2,0,,0,,,0,0,1,0,0,0,0,0,0,0,0,0,0,0,,0,0,,,,,,,,
2224,22c32238f5a19a13774e137e2a4c0c75cc3202b243b6bbead0a5b40578183a51,ransomware,FAILED,GandCrab,cape,static_only,1,10.0,Gandcrab,,,,,,,,,,,,,,,,,,,92,0,0,3,0,0,0,0,0,2,0,,0,,,,,,,,,,,,,,,,,,,,,,,,,,,
2225,d39ffc528888daec2f64e122a862f9ee8e327d904e7b51a7ce89a5f73432b391,ransomware,NO_VICTIM_ACTIVITY,STOP,cape,full,1,10.0,STOP,27,35,0.3304272022917124,4.379463077210657,5.869376723559227,18,27,7,0,2,8,0.25925925925925924,0.0,3,29,0,13,16,93,0,0,2,0,0,0,0,0,2,0,,12164,4,4,0,1,0,15,0,0,0,0,0,0,2,2,8,0,-389.2,0,0,,,,,,,,
2226,a08521395145577e6227ece283b7fb0f0ee05c02ef587a7b4ea84284bc374722,ransomware,FAILED,WannaCry,cape,full,1,1.2,,0,0,,,,0,0,0,0,0,0,,,0,0,0,0,0,71,0,0,3,0,0,0,0,0,2,0,,0,,,0,0,1,0,0,0,0,0,0,0,0,0,0,0,,0,0,,,,,,,,
2227,761e1722ff47b0745ca290d43864cbeeda9ec2ff223c7e001b592c25aa66513f,ransomware,NO_VICTIM_ACTIVITY,GandCrab,cape,full,1,10.0,Gandcrab,0,8,,5.898825962112478,7.119974840584998,1,0,0,0,0,0,,,0,1,0,0,1,120,8,0,5,1,0,0,3,0,0,3,,241,3,0,0,0,1,0,0,0,0,0,0,0,0,0,5,0,,0,0,,,,,,,,
2228,07e7dd3b968a15e42c67a728a9d143533d66af00ab9003961086c8c2ee3670f2,ransomware,NO_VICTIM_ACTIVITY,STOP,cape,full,1,10.0,STOP,23,30,0.07571007091864425,5.886329527712487,5.886329527712487,18,23,5,0,2,8,0.21739130434782608,0.0,2,25,0,11,14,167,0,0,3,2,0,0,0,0,2,1,boost,13424,4,3,0,1,0,11,0,0,0,0,0,0,2,2,8,0,-386.5,0,0,,,,,,,,
2229,9d769ee6c8365659c7a703f221caab25f1a972bf1324dc3623d08e2eaa5b4856,ransomware,FAILED,WannaCry,cape,full,1,1.2,,0,0,,,,0,0,0,0,0,0,,,0,0,0,0,0,71,0,0,3,0,0,0,0,0,2,0,,0,,,0,0,1,0,0,0,0,0,0,0,0,0,0,0,,0,0,,,,,,,,
2230,171bd709c8c0af65542cad05831218c94c6f9f6040355fcc046cee33a8e89712,ransomware,FAILED,GandCrab,cape,static_only,1,10.0,Gandcrab,,,,,,,,,,,,,,,,,,,92,0,0,3,0,0,0,0,0,2,0,,0,,,,,,,,,,,,,,,,,,,,,,,,,,,
2231,17162c71ce2d80958f522db0120136fb4dd06e3a6d39052bb2a582af82e2dac7,ransomware,NO_VICTIM_ACTIVITY,STOP,cape,full,1,10.0,STOP,26,35,0.11236753846835515,4.379463077210657,5.869376723559227,18,26,6,0,2,8,0.23076923076923078,0.0,3,27,0,11,16,183,0,0,4,2,0,0,0,0,2,1,,12750,4,3,0,1,0,14,0,0,0,0,0,0,2,2,8,0,-390.6,0,0,,,,,,,,
B35,ef2ce641a4e9f270eea626e8e4800b0b97b4a436c40e7af30aeb6f02566b809c,ransomware,NO_VICTIM_ACTIVITY,,cape,full,0,10.0,,20,108,-0.07476927221530984,3.0385520915968356,6.529881967224306,116,20,3,0,0,6,0.15,0.0,2,31,2,10,19,0,0,0,0,0,0,0,0,0,0,0,,0,,,,,,8,0,0,0,0,0,0,1,1,58,126,-39.4,0,0,,,,,,,,
B35,ef2ce641a4e9f270eea626e8e4800b0b97b4a436c40e7af30aeb6f02566b809c,ransomware,NO_VICTIM_ACTIVITY,,cape,full,0,10.0,,20,108,-0.07476927221530984,3.0385520915968356,6.529881967224306,116,20,3,0,0,6,0.15,0.0,2,31,2,10,19,0,0,0,0,0,0,0,0,0,0,0,,0,,,,,,8,0,0,0,0,0,0,1,1,58,126,-39.4,0,0,,,,,,,,
B36,ef2ce641a4e9f270eea626e8e4800b0b97b4a436c40e7af30aeb6f02566b809c,ransomware,NO_VICTIM_ACTIVITY,,cape,full,0,10.0,,19,108,-0.1662584483717254,3.04016934227069,6.615596252938593,68,19,3,1,0,0,0.15789473684210525,0.05263157894736842,3,18,1,9,8,0,0,0,0,0,0,0,0,0,0,0,,0,,,,,,4,0,0,0,0,0,0,2,3,26,24,-22.4,0,0,,,,,,,,
B37,ed01ebfbc9eb5bbea545af4d01bf5f1071661840480439c6e5babe8e080e41aa,ransomware,TRUE_ENCRYPTION,,cape,full,1,10.0,WanaCry,1919,874,0.6838974110993606,5.658019116662058,7.305814880244616,1063,1919,4132,1318,59,15,2.153204794163627,0.6868160500260553,25,213,77,24,112,114,1,0,3,0,0,0,0,1,0,1,,394,3,2,0,0,1,13,0,0,0,0,0,0,0,0,15,6,,0,0,,,,,,,,
B43,396f80f3327016b9782596d98929452ee2bd9e6c6d7287c03d7461edfe25aa3c,ransomware,NO_VICTIM_ACTIVITY,,cape,full,1,7.0,,543,74,-0.13680382769303737,,,264,543,13,0,0,1,0.02394106813996317,0.0,3,47,0,15,32,128,0,0,7,1,0,0,1,1,2,2,openssl,2288,3,1,0,1,0,1,0,0,0,0,0,0,0,0,0,0,,0,0,,,,,,,,
B44,bb499a7a698e1dc2ac3d85f40d778da187cc502e7f34c2c22e27dce8732f1eca,ransomware,NO_VICTIM_ACTIVITY,,cape,full,1,7.0,,544,74,-0.109991931043,,,260,544,13,0,0,1,0.02389705882352941,0.0,3,45,0,18,27,128,0,0,7,1,0,0,1,1,2,2,openssl,2288,3,1,0,1,0,1,0,0,0,0,0,0,0,0,0,0,,0,0,,,,,,,,
B45,a4d68d7cf7d688deba0b8362e8f586ce6b3f5ce466358be00f002ac3b47f7829,ransomware,NO_VICTIM_ACTIVITY,,cape,full,1,7.0,,814,0,,,,545,814,35,0,0,4,0.042997542997543,0.0,7,106,0,29,77,128,0,0,7,1,0,0,1,1,2,2,openssl,3400,3,1,0,0,1,5,0,0,0,0,0,0,1,1,0,0,-204.9,0,0,,,,,,,,
B46,3e3792ae919f390ecaba92852dc60fb2ef64ca86e01ee6aaceda6903194284d5,ransomware,NO_VICTIM_ACTIVITY,,cape,full,1,7.0,,740,75,-0.04759702740360384,,,544,740,35,0,0,4,0.0472972972972973,0.0,7,109,0,23,86,128,0,0,7,1,0,0,1,1,2,2,openssl,3400,3,1,0,1,0,5,0,0,0,0,0,0,3,3,2,0,-106.4,0,0,,,,,,,,
B52,3a30d7761967ad217b90e3e3e02aabd82b13065d7401bf436adefdf75cfea72e,ransomware,NO_VICTIM_ACTIVITY,,cape,full,1,0,,137,0,,,,84,137,0,0,0,0,0.0,0.0,0,12,0,12,0,145,0,0,6,0,0,0,2,1,0,1,,0,,,0,0,1,0,0,0,0,0,0,0,0,0,0,0,,0,0,,,,,,,,
B54,47c6ba872eea70cf59233fabbdb6d1978cfc7c5602d4710b4f3d123e91f91822,ransomware,NO_VICTIM_ACTIVITY,LockBit,cape,full,1,9.0,,1,0,,,,76,1,1,0,0,3,1.0,0.0,1,25,0,1,24,163,0,0,9,0,0,0,0,1,2,0,,7,0,0,0,0,1,4,0,0,0,0,0,0,0,0,0,0,,0,0,,,,,,,,
B70,bff12a83b1fc2e0ad0000ad9b68abc8eada559bb1094caaf5b9f52887df23705,ransomware,TRUE_ENCRYPTION,AvosLocker,cape,full,1,9.0,,2266,17911,0.7926547341992604,5.961066198844924,7.343383214633315,2265,2266,0,2516,436,5,0.0,1.1103265666372462,85,220,123,14,83,145,8,1,7,5,4,4,5,0,2,5,cryptopp,0,,,0,0,1,14,5,4,0,0,2,0,1,1,3,1,-142.2,4,2,1,1,8.0,2516,316.3,3,1,0.011
B71,0b1f19ba8740b10ed017671aab023228756a6864fb008bf23f3c606189bdcd98,ransomware,TRUE_ENCRYPTION,AvosLocker,cape,full,1,9.0,,632,4228,0.8919907833427163,6.030985217615859,7.30733081042011,596,632,3,540,82,8,0.004746835443037975,0.8544303797468354,41,116,51,19,46,145,8,1,7,5,4,4,5,0,2,5,cryptopp,0,,,0,0,1,16,5,4,0,0,2,0,2,2,5,1,-221.0,4,2,0,0,,0,325.8,4,1,0.09
B72,ed01ebfbc9eb5bbea545af4d01bf5f1071661840480439c6e5babe8e080e41aa,ransomware,TRUE_ENCRYPTION,,cape,full,1,10.0,WanaCry,1879,907,0.4372639535757686,5.643198521242197,7.325979241781872,1157,1879,4558,1598,61,27,2.425758382118148,0.8504523682810006,27,225,61,13,151,114,1,0,3,0,0,0,0,1,0,1,,2754,3,2,0,0,1,14,0,0,0,0,0,0,0,0,15,6,,0,0,,,,,,,,
B73,7b31bcdcae082acfb825a0ad6fb2ec89bb513e929d2141b0ca4cc76507d72d5c,ransomware,NO_VICTIM_ACTIVITY,,cape,full,0,5.0,,0,0,,,,13,0,0,0,0,5,,,0,6,0,0,6,0,0,0,0,0,0,0,0,0,0,0,,0,,,,,,6,0,0,0,0,0,0,1,1,8,0,,0,0,,,,,,,,
B74,47c6ba872eea70cf59233fabbdb6d1978cfc7c5602d4710b4f3d123e91f91822,ransomware,TRUE_ENCRYPTION,LockBit,cape,full,1,9.0,,47,805,-0.013220851372968221,5.7530845443979555,6.476157391559539,265,47,6,59,11,10,0.1276595744680851,1.2553191489361701,9,69,2,6,61,163,0,0,9,0,0,0,0,1,2,0,,0,,,0,1,0,11,0,0,0,0,0,0,1,13,6,0,-161.5,0,0,,,,,,,,
B75,56e1d092c07322d9dad7d85d773953573cc3294b9e428b3bbbaf935ca4d2f7e7,ransomware,FAILED,Qilin,cape,full,1,10.0,Cicada,0,0,,,,0,0,0,0,0,0,,,0,0,0,0,0,182,2,2,7,0,0,0,1,1,1,2,,0,,,1,0,0,0,0,0,0,0,0,0,0,0,0,0,,0,0,,,,,,,,
B76,ed01ebfbc9eb5bbea545af4d01bf5f1071661840480439c6e5babe8e080e41aa,ransomware,TRUE_ENCRYPTION,,cape,full,1,10.0,WanaCry,2072,880,0.5857356847551773,5.65074122629824,7.32851808686735,1165,2072,4320,1683,69,20,2.0849420849420848,0.8122586872586872,26,197,66,26,105,114,1,0,3,0,0,0,0,1,0,1,,2754,3,2,0,0,1,14,0,0,0,0,0,0,0,0,15,6,,0,0,,,,,,,,
B77,fcf1da46d66cc6a0a34d68fe79a33bc3e8439affdee942ed82f6623586b01dd1,ransomware,NO_VICTIM_ACTIVITY,,cape,full,1,7.0,,0,0,,,,0,0,0,0,0,118,,,0,70,0,0,70,52,0,0,0,0,0,0,3,0,2,1,,0,,,0,0,1,1,0,0,0,0,0,0,0,0,0,0,,0,0,,,,,,,,
B78,c67b59844d938681a8ab3fd2f48e332cf63c266b7fb03c196b3eced2bc4ff2c5,ransomware,NO_VICTIM_ACTIVITY,AESCRYPT,cape,full,0,9.0,,109,260,-0.040839200844994074,3.0,3.0,39,109,6,0,1,46,0.05504587155963303,0.0,2,92,0,46,46,1,0,0,0,0,0,0,0,0,0,0,,0,,,0,1,0,49,2,5,0,0,0,2,0,0,552,0,,8,4,0,0,,0,90.8,6,1,0.777
B79,b20afd54974f94d11fe15a25732f7707f853051e5ef20ef257c47f23c0be92a1,ransomware,NO_VICTIM_ACTIVITY,Adware.Generic,cape,full,1,9.0,,35,483,0.2233576641369278,4.390832937540296,4.776206262466762,29,35,12,0,0,17,0.34285714285714286,0.0,4,36,0,12,24,142,0,0,4,0,0,0,2,1,0,1,,868,4,3,0,1,0,17,0,0,0,0,0,0,0,0,5,3,,0,0,,,,,,,,
B80,b72956e511dc7d916410a281111465d7d9a3220d89fe8611603e4e0004d9afb9,ransomware,TRUE_ENCRYPTION,Adware.Yogi,cape,full,1,9.0,Gpgqwerty,2345,3384,-0.12070434516935057,5.862053654996648,7.139144809272141,326,2345,51,0,0,3,0.021748400852878463,0.0,6,269,26,227,16,144,0,0,7,1,0,0,1,1,2,2,openssl,2266,2,0,0,1,0,3,0,0,0,0,0,0,0,0,1,0,,0,0,,,,,,,,
B81,ebbb8769086dcf3f7bdaf9366cf6a5ac4c5ac981e4be3c69d08ce06fc80c2f28,ransomware,NO_VICTIM_ACTIVITY,AgentTesla,cape,full,0,9.0,,1,2,-0.33333333333333337,2.5,2.5,13,1,0,1,0,0,0.0,1.0,1,7,0,1,6,1,0,0,0,0,0,0,0,0,0,0,,1,0,0,0,1,0,0,0,0,0,0,0,0,0,0,0,0,,0,0,,,,,,,,
B82,def3fe8d07d5370ac6e105b1a7872c77e193b4b39a6e1cc9cfc815a36e909904,ransomware,TRUE_ENCRYPTION,Akira,cape,full,1,10.0,Akira,716,0,,,,1173,716,246,1,0,3,0.3435754189944134,0.0013966480446927375,2,225,4,27,194,155,0,0,7,1,0,4,0,1,2,2,,0,,,0,0,1,5,0,0,0,0,0,0,5,6,33,10,6.6,0,0,,,,,,,,
B83,75d6531f631c6088552be3e4b1c76a34e4009b03c13af1971cd9c3b0722095fa,ransomware,FAILED,Apos,cape,static_only,1,1.3,,,,,,,,,,,,,,,,,,,,193,0,0,0,0,0,0,0,0,1,0,,0,,,,,,,,,,,,,,,,,,,,,,,,,,,
B84,4630a1a0312f5a6531d429dcd90214207666e8ca5cd45f945bf05eee9a2a41d4,ransomware,TRUE_ENCRYPTION,Arcusmedia,cape,full,0,9.0,,3594,2,-0.014611136837004013,5.251629167387825,5.251629167387825,378,3594,4929,1,0,22,1.3714524207011687,0.0002782415136338342,108,174,0,64,110,8,0,0,0,0,0,0,0,0,0,0,openssl,189,3,3,0,1,0,20,4,2,0,2,4,0,2,2,2,0,-40.4,3,2,3,1,138.8,4930,259.9,0,1,
B85,9600db537e27db88ed2eca3be0ffab35cdb22a86a6dbb048d8deaf8f56944822,ransomware,TRUE_ENCRYPTION,BQTLock,cape,full,1,9.0,,2404,75,-0.036467753299603105,5.4182958340544936,5.4182958340544936,517,2404,2958,2356,0,31,1.2304492512479202,0.9800332778702163,113,510,13,32,465,421,3,1,7,2,0,0,3,1,3,3,openssl,1593,2,0,0,0,1,22,0,0,0,0,0,0,4,4,53,9,-111.5,2,1,1,1,12.6,5314,608.8,1,1,0.119
B86,6182df9c60f9069094fb353c4b3294d13130a71f3e677566267d4419f281ef02,ransomware,FAILED,Bert,cape,static_only,0,0.8,,,,,,,,,,,,,,,,,,,,8,0,0,0,0,0,0,0,0,0,0,,0,,,,,,,,,,,,,,,,,,,,,,,,,,,
B87,7dabe5d40c13c7c342b7182eaf7c63fbb5e326300316f6f6518b527d57e79ac8,ransomware,FAILED,BianLian,cape,full,1,6.0,,0,0,,,,0,0,0,0,0,0,,,0,0,0,0,0,40,0,0,2,0,0,0,0,0,1,0,boost,0,,,0,0,1,0,0,0,0,0,0,1,0,0,4,0,,0,0,,,,,,,,
B88,3e4539b9eebccf87d78328a5d0da8cbdcc8c960c37af0acf173460350dcbbbae,ransomware,NO_VICTIM_ACTIVITY,BlackMatter,cape,full,1,9.0,,273,0,,,,1494,273,5,0,0,5,0.018315018315018316,0.0,2,94,1,16,77,151,0,0,3,0,0,0,2,0,1,1,,228,1,0,0,0,1,4,0,0,0,0,0,0,2,3,43,0,-197.0,0,0,,,,,,,,
B89,28685dff00aa1752b62a8580955b2530d63092bdcc0528b872a668cddad78c11,ransomware,TRUE_ENCRYPTION,CRPx0,cape,full,1,9.0,,1404,123,0.0971993727647911,6.111000855606633,7.252998926187645,2604,1404,14,622,0,9,0.009971509971509971,0.443019943019943,410,350,103,88,159,48,0,0,2,0,0,0,0,0,1,0,,3860,2,2,0,1,0,9,0,0,0,0,0,0,0,0,7,0,,0,0,,,,,,,,
B90,871b245bd87dbb3ed064e9e42522dcb7dee8d80b9463f8ee4bcf9da184dd5e87,ransomware,FAILED,Cactus,cape,full,1,8.0,,0,0,,,,0,0,0,0,0,0,,,0,0,0,0,0,316,3,1,6,3,0,4,2,3,2,4,openssl,0,,,1,0,0,0,0,0,0,0,0,0,0,0,0,0,,0,0,,,,,,,,
B91,a34acd47127196ab867d572c2c6cf2fcccffa3a7a87e82d338a8efed898ca722,ransomware,TRUE_ENCRYPTION,Cephalus,cape,full,1,9.0,Scarab-Dharma,195,0,,,,159,195,0,157,0,1,0.0,0.8051282051282052,22,36,29,6,1,46,0,0,1,0,0,0,0,0,0,0,boost,0,,,0,0,1,1,1,0,0,0,0,0,0,2,0,0,-12.8,1,1,1,1,0.1,157,33.2,0,1,
B92,c14140334714625be71b73008adf8f54c878e3c9f979c3e58d6518fb5efdf485,ransomware,NO_VICTIM_ACTIVITY,Chaos,cape,full,0,10.0,Chaos,1,4,-0.004190267005406487,3.0,3.0,36,1,1,0,0,4,1.0,0.0,1,11,0,1,10,1,0,0,0,0,0,0,0,0,0,0,,0,,,0,1,0,4,0,0,0,0,0,0,1,1,1,0,-384.0,0,0,,,,,,,,
B93,00202340108c101d59bbfb3daa4bbd6b4436c167e3c9734c07bfbdcb1402f746,ransomware,TRUE_ENCRYPTION,ClearWater,cape,full,1,9.0,,3955,7029,0.16017106577002352,6.287462260828106,7.080033837453849,3604,3955,6,4081,0,18,0.0015170670037926676,1.031858407079646,50,508,202,23,283,228,0,0,5,1,0,0,0,1,1,1,,178,2,1,0,1,0,22,7,4,0,0,0,0,7,10,3,1,-66.0,5,2,0,0,,0,584.3,5,1,0.036
B94,d00853e592bccd823027e7e685d88c5a1f76a5a36ec5b7073d49ee633b050cc8,ransomware,TRUE_ENCRYPTION,Cloak,cape,full,0,10.0,Babuk,128,31,0.8740285531350906,4.869966458405019,5.0,230,128,5,31,0,8,0.0390625,0.2421875,5,91,6,37,48,12,0,0,0,0,1,1,0,0,0,2,,173,5,3,0,1,0,8,3,0,0,0,0,0,3,5,67,8,25.8,1,1,0,0,,0,224.1,1,1,0.203
B95,2857269196f820d1cefe17e55a9c9f6cb29fb799550fa57650bc2e8ce0e7d27e,ransomware,TRUE_ENCRYPTION,CryptoLocker,cape,full,0,9.0,Scarab-Dharma,439,783,0.9820339394608466,6.522420119433598,7.311211458289405,508,439,56,56,0,0,0.1275626423690205,0.1275626423690205,13,12,6,3,3,1,0,0,0,0,0,0,0,0,0,0,,633,2,2,0,1,0,0,0,0,0,0,0,0,0,0,1,0,,0,0,,,,,,,,
B96,b563bb3d1fd04257c5bcfc73f3e030c61ddb7fea1aca5189355eb230b4312164,ransomware,NO_VICTIM_ACTIVITY,DBatLoader,cape,full,1,7.0,,0,0,,,,1,0,0,0,0,0,,,0,1,0,0,1,372,0,0,3,0,0,0,0,0,0,0,,0,,,0,0,1,0,0,0,0,0,0,0,0,0,36,0,,0,0,,,,,,,,
B97,1ccf8baf11427fae273ffed587b41c857fa2d8f3d3c6c0ddaa1fe4835f665eba,ransomware,NO_VICTIM_ACTIVITY,DragonForce,cape,full,1,8.0,,164,7,-0.005823213428948734,,,344,164,9,2,5,9,0.054878048780487805,0.012195121951219513,3,59,1,23,35,183,4,1,9,0,0,4,4,4,2,3,,0,,,0,0,1,7,0,0,0,0,0,0,6,7,51,11,-13.9,0,0,,,,,,,,
B98,f4ec2dba070a9ecd1dee342329b0cd7caa406cd4995c41b9aab9aea9b73cd06d,ransomware,NO_VICTIM_ACTIVITY,Embargo,cape,full,1,4.5,,1,0,,,,0,1,0,0,0,0,0.0,0.0,0,1,0,1,0,163,2,2,6,0,0,0,2,2,3,2,,42,0,0,1,0,0,0,0,0,0,0,0,1,0,0,4,0,,0,0,,,,,,,,
B99,c4b27044ec7b2f446d05421b1d8ae42d3e6b3c1ae67f559c3231bffa6785b284,ransomware,WEAK_VICTIM_ACTIVITY,Expiro,cape,full,1,10.0,Neshta,239,0,,,,542,239,0,0,0,3,0.0,0.0,0,96,0,45,51,85,0,0,3,0,0,0,0,0,0,0,,3570,1,1,0,0,1,6,0,0,0,0,0,0,9,14,5,0,-7.6,0,0,,,,,,,,
B100,f8bdd832ce22b529f0eae14e642bb95e990e317707b094a225670a15d5c8ca1f,ransomware,TRUE_ENCRYPTION,Fog,cape,full,1,9.0,FOG,12494,9826,-0.04529021463925948,7.176428526107754,7.35573968790364,4527,12494,1,4983,0,85,8.003841844085161e-05,0.3988314390907636,51,284,36,65,183,95,0,0,7,0,0,0,0,0,2,0,,106,3,3,0,1,0,44,0,0,0,0,0,0,5,7,32,3,-121.1,7,2,7,1,179.6,4984,242.7,0,1,
B101,51b9f246d6da85631131fcd1fabf0a67937d4bdde33625a44f7ee6a3a7baebd2,ransomware,NO_VICTIM_ACTIVITY,GENTLEMEN,cape,full,0,7.0,,0,0,,,,0,0,0,0,0,0,,,0,0,0,0,0,8,0,0,1,0,0,0,0,0,0,0,,0,,,0,0,1,0,0,0,0,0,0,0,0,0,0,0,,0,0,,,,,,,,
B102,8b758ccdfbfa5ff3a0b67b2063c2397531cf0f7b3d278298da76528f443779e9,ransomware,FAILED,GhostLocker,cape,full,1,2.8,,41,0,,,,56,41,0,0,0,0,0.0,0.0,0,3,0,1,2,45,0,0,2,0,0,0,0,0,1,0,boost,0,,,0,0,1,0,0,0,0,0,0,0,0,0,0,0,,0,0,,,,,,,,
B103,a8c28bd6f0f1fe6a9b880400853fc86e46d87b69565ef15d8ab757979cd2cc73,ransomware,FAILED,GLOBAL,cape,full,1,0.3,,0,0,,,,0,0,0,0,0,0,,,0,0,0,0,0,46,0,0,1,0,0,0,0,0,0,0,boost,0,,,0,0,1,0,0,0,0,0,0,0,0,0,0,0,,0,0,,,,,,,,
B104,5c3ce324ded0942df4b4cbf80cf195263f105daf5c729255c628bb3a4f8ab3de,ransomware,TRUE_ENCRYPTION,GlobeImposter,cape,full,1,9.0,Scarab-Dharma,1155,14206,-0.10694566407054747,6.552742062285769,6.781099517069329,4968,1155,0,4999,1,4,0.0,4.3281385281385285,137,377,8,0,369,64,3,1,7,0,0,0,0,0,0,1,,0,,,0,0,1,4,0,0,0,0,0,0,0,0,5,0,,0,0,,,,,,,,
B105,12bba7161d07efcb1b14d30054901ac9ffe5202972437b0c47c88d71e45c7176,ransomware,TRUE_ENCRYPTION,GreenBlood,cape,full,1,9.0,,281,0,,,,219,281,94,127,5,19,0.33451957295373663,0.45195729537366547,12,106,35,29,42,46,0,0,1,0,0,0,0,0,0,0,boost,0,,,0,0,1,17,3,2,0,0,0,0,5,5,29,9,-74.6,7,3,1,1,18.4,221,279.2,6,1,0.232
B106,6d59bb6a9874b9b03ce6ab998def5b93f68dadedccad9b14433840c2c5c3a34e,ransomware,TRUE_ENCRYPTION,Gunra,cape,full,1,9.0,Scarab-Dharma,1772,4322,0.1297829060191312,5.193282695143863,7.367915869030762,1531,1772,9,1363,5,10,0.005079006772009029,0.7691873589164786,63,229,81,40,108,71,0,0,5,0,0,0,3,0,2,1,,0,,,0,1,0,8,0,0,0,0,0,0,6,6,40,11,16.9,0,0,,,,,,,,
B107,b8e71845cc8ccd668a3436d1952a6c57649974bb8399e599dc33afc4c0843be7,ransomware,NO_VICTIM_ACTIVITY,HellCat,cape,full,1,3.9,,0,0,,,,0,0,0,0,0,0,,,0,0,0,0,0,47,0,0,2,0,0,0,0,0,0,0,boost,0,,,0,0,1,1,0,0,0,0,0,0,0,0,0,0,,0,0,,,,,,,,
B108,0b090f1471629e7e852850166eb814c09ace3c88f0c9f5e5ffeb1b9f754875aa,ransomware,TRUE_ENCRYPTION,Helldown,cape,full,1,9.0,,99,224,0.12211967722429518,3.930587080829717,4.169925001442312,78,99,11,496,5,11,0.1111111111111111,5.01010101010101,44,125,3,10,112,156,4,2,6,0,3,4,1,3,2,4,,0,,,0,0,1,21,5,0,0,6,0,0,4,6,39,8,-46.3,7,2,0,0,,0,315.7,7,1,0.044
B109,131da83b521f610819141d5c740313ce46578374abb22ef504a7593955a65f07,ransomware,FAILED,Heodo,cape,full,1,1.0,,0,0,,,,0,0,0,0,0,0,,,0,0,0,0,0,126,2,2,7,0,0,0,0,1,2,1,,0,,,1,0,0,0,0,0,0,0,0,0,0,0,0,0,,0,0,,,,,,,,
B110,dd71256ff21fa4337f050ad39ef5e00650c9dc13c9b8a7eb4fe7e8d64150ce45,ransomware,NO_VICTIM_ACTIVITY,HiddenTear,cape,full,0,1.5,,0,2,,3.0,3.0,10,0,0,0,0,0,,,0,2,0,0,2,1,0,0,0,0,0,0,0,0,0,0,,0,,,0,1,0,0,0,0,0,0,0,0,0,0,0,0,,0,0,,,,,,,,
B111,4fbbf0d94f1140ffde0bdd48c5b07f91f2292fae78b227e48a50b60ed624763b,ransomware,NO_VICTIM_ACTIVITY,INC,cape,full,1,9.0,,62,0,,,,61,62,0,0,0,1,0.0,0.0,0,6,0,2,4,156,0,0,3,0,0,0,2,0,1,1,,313,1,0,0,0,1,1,0,0,0,0,0,0,0,0,8,0,,0,0,,,,,,,,
B112,85a18f6e3b67c2ebfa27e559515140171348085a4929f95531df15edccd3c4d8,ransomware,FAILED,Interlock,cape,static_only,0,1.3,,,,,,,,,,,,,,,,,,,,0,0,0,0,0,0,0,0,0,0,0,,0,,,,,,,,,,,,,,,,,,,,,,,,,,,
B113,c7153bdffa0a2de5771193dedd0e4985d08d9497e1b6f97d9beb6a3e54ae48b9,ransomware,FAILED,JLocker,cape,static_only,1,0.3,,,,,,,,,,,,,,,,,,,,131,2,2,7,0,0,0,0,0,2,1,,0,,,,,,,,,,,,,,,,,,,,,,,,,,,
B114,f32a14e2a7a2510862c04fdc2e9ae97bb4f444d33dc5394360ad3402548bf687,ransomware,NO_VICTIM_ACTIVITY,Jigsaw,cape,full,0,9.0,,6,0,,,,2,6,1,1,0,9,0.16666666666666666,0.16666666666666666,1,15,0,4,11,1,0,0,0,0,0,0,0,0,0,0,,0,,,0,0,1,9,0,0,0,0,0,0,3,3,15,3,155.5,0,0,,,,,,,,
B115,69d049fed65b114aa75024d2f2fe5b59444d77abe87c82c72cb1346e4b0696cf,ransomware,NO_VICTIM_ACTIVITY,LCRYX,cape,full,1,9.0,,762,614,-0.01838376867625049,5.928357555851369,6.476157391559539,728,762,3,1,0,85,0.003937007874015748,0.0013123359580052493,3,228,0,77,151,128,0,0,7,1,0,0,1,1,2,2,openssl,2972,3,1,0,1,0,86,3,3,19,33,0,1,8,8,46,3,-120.0,63,2,49,1,354.1,4,94.5,11,1,0.021
B116,370d36a89f8ffa291fd22c40dda78fd6154078b2e2b4b100d5c2429135e4aa72,ransomware,NO_VICTIM_ACTIVITY,LIUSHEN,cape,full,1,7.0,,819,0,,,,1161,819,241,0,0,7,0.29426129426129427,0.0,3,121,1,20,100,145,0,0,7,1,0,0,1,1,2,2,openssl,1580,3,1,0,0,1,2,0,0,0,0,0,0,0,0,0,0,,0,0,,,,,,,,
B117,b378b7ef0f906358eec595777a50f9bb5cc7bb6635e0f031d65b818a26bdc4ee,ransomware,TRUE_ENCRYPTION,Lynx,cape,full,1,9.0,,1062,318,0.7603758841392088,4.878679496737653,5.028639311838574,439,1062,5,142,0,14,0.004708097928436911,0.1337099811676083,21,67,22,2,43,159,4,1,7,5,3,4,5,3,2,5,,0,,,0,0,1,12,0,0,0,0,0,0,2,3,10,0,-4.4,0,0,,,,,,,,
B118,d2f2dcb52f79307c4f9745a169986ff1f2d5427fe4ba000efb458f7590176da6,ransomware,FAILED,Makop,cape,full,1,1.3,,0,76,,2.3387296435005345,6.369602106659171,0,0,0,0,0,1,,,0,1,0,0,1,97,7,1,6,1,3,0,4,0,0,4,,0,,,0,0,1,1,0,0,0,0,0,0,0,0,0,0,,0,0,,,,,,,,
B119,6d000a159fe10af1b29ddf4e4015931a9e9d0a020aeef0c602d8c5419b5966e6,ransomware,TRUE_ENCRYPTION,Medusa,cape,full,1,9.0,MedusaLocker,1680,2342,0.8791132868435562,6.183544706738538,7.3337311797663665,834,1680,10,760,0,21,0.005952380952380952,0.4523809523809524,41,490,386,49,55,197,9,1,9,5,0,4,1,1,2,4,,0,,,0,0,1,22,10,3,0,0,0,0,5,6,35,10,-14.1,4,2,0,0,,0,571.8,4,1,0.016
B120,4d5ecf3d1955458195771630f03f6ef42f5f62e66ed8e0681f8311d25aecc2bb,ransomware,NO_VICTIM_ACTIVITY,Meterpreter,cape,full,1,10.0,Meterpreter,6,0,,,,5,6,0,0,0,5,0.0,0.0,0,8,0,2,6,102,0,0,7,0,0,0,0,0,2,0,,366,2,2,0,0,1,5,0,0,0,0,0,0,2,2,13,0,-7.8,0,0,,,,,,,,
B121,b4bbf66c7de7e17da0f6cb7a8e6f159baaf2745e70742a30132c51a4a13e68fc,ransomware,FAILED,Mimic,cape,static_only,1,0.3,,,,,,,,,,,,,,,,,,,,354,7,2,9,4,3,4,5,4,2,5,openssl,0,,,,,,,,,,,,,,,,,,,,,,,,,,,
B122,4b2edadc8f90e9fcc976f02a9eda1640cd92c07718c0271842fbd4ca7e2906e2,ransomware,FAILED,Morphues,cape,static_only,1,0.8,,,,,,,,,,,,,,,,,,,,44,6,2,5,0,0,0,0,0,0,1,,0,,,,,,,,,,,,,,,,,,,,,,,,,,,
B123,112a40f154ad5de7f8fffa34e50751ab8b893f5285f96e7179177374127fcb6c,ransomware,TRUE_ENCRYPTION,Nebula,cape,full,0,9.0,,3656,39718,0.7636862799823785,4.924736102674275,7.372816057881632,3499,3656,4999,0,0,5,1.3673413566739605,0.0,115,139,91,8,40,1,0,0,0,0,0,0,0,0,0,0,,1,0,0,0,1,0,5,0,0,0,0,0,0,0,0,12,0,,0,0,,,,,,,,
B124,c79a8e65125330dccc53abf6c1bcb44b997b08995f30a0cca6881fa8a294fa4b,ransomware,NO_VICTIM_ACTIVITY,Neconyd,cape,full,1,7.0,,26,0,,,,39,26,0,0,0,13,0.0,0.0,0,20,0,13,7,101,0,0,6,0,0,0,0,1,2,0,,202,0,0,0,0,1,2,0,0,0,0,0,0,0,0,4,0,,0,0,,,,,,,,
B125,72cd5155f579dafc07836de6d17f096ce820fa3d087035f23a344b4530f63f09,ransomware,WEAK_VICTIM_ACTIVITY,Neshta,cape,full,1,10.0,Neshta,184,0,,,,362,184,0,0,0,4,0.0,0.0,0,26,0,21,5,85,0,0,3,0,0,0,0,0,0,0,,4424,0,0,0,0,1,5,0,0,0,0,0,0,2,2,3,0,-6.6,0,0,,,,,,,,
B126,32e10dc9fe935d7c835530be214142041b6aa25ee32c62648dea124401137ea5,ransomware,TRUE_ENCRYPTION,NightSpire,cape,full,1,8.0,,2748,0,,,,3285,2748,0,3056,0,0,0.0,1.1120815138282387,74,594,90,54,450,46,0,0,1,0,0,0,0,0,0,0,boost,0,,,0,0,1,0,0,0,0,0,0,0,0,0,0,0,,0,0,,,,,,,,
B127,a0570660e7e0a9f97c0b7f5928ec4b2ca4332054a34eb4432d0b986b326cb81a,ransomware,TRUE_ENCRYPTION,Nitro,cape,full,0,10.0,Nitro,405,7864,-0.012585689545864327,4.0648394349096995,5.96875,327,405,124,2,6,14,0.30617283950617286,0.0049382716049382715,18,162,93,29,40,1,0,0,0,0,0,0,0,0,0,0,,0,,,0,1,0,8,0,0,0,0,0,0,2,2,42,8,-5.7,1,1,1,1,21.4,126,431.4,0,1,
B128,90d0247b5d8b6310a63e14e8c1c4912e2eff5a096419877759f09332126caac3,ransomware,TRUE_ENCRYPTION,Nitrogen,cape,full,1,9.0,,128,12,-0.006602600521910739,3.0,3.0,309,128,9,2,5,13,0.0703125,0.015625,3,62,2,24,36,126,3,1,9,4,0,0,3,4,1,3,,0,,,0,0,1,11,3,0,0,0,0,0,6,13,40,11,23.1,1,1,1,1,241.6,11,55.9,0,1,
B129,98a76aacbaa0401bac7738ff966d8e1b0fe2d8599a266b111fdc932ce385c8ed,ransomware,FAILED,Nubias,cape,full,1,0.3,,0,0,,,,0,0,0,0,0,0,,,0,0,0,0,0,40,0,0,2,0,0,0,0,0,1,0,boost,0,,,0,0,1,0,0,0,0,0,0,0,0,0,0,0,,0,0,,,,,,,,
B130,da23793f3cc05f8381c1b4c5960c72b9f6cbffff96d23085d4f07fe572116acd,ransomware,FAILED,Petya,cape,static_only,1,8.0,,,,,,,,,,,,,,,,,,,,158,0,0,3,0,1,0,2,2,2,2,,10,0,0,,,,,,,,,,,,,,,,,,,,,,,,,
B131,84715cf1d82e5139d39d8aadb9580ba80393dfa0f63fa14974e4f74a3e69752e,ransomware,TRUE_ENCRYPTION,Prince,cape,full,1,8.0,,272,0,,,,975,272,0,127,0,0,0.0,0.46691176470588236,10,69,30,14,25,46,0,0,1,0,0,0,0,0,0,0,boost,0,,,0,0,1,0,0,0,0,0,0,0,0,0,0,0,,0,0,,,,,,,,
B132,de1053ee2236b2bdeeec4f1b5ebb9c0b35676196a199d7cc56641d5710d47c53,ransomware,TRUE_ENCRYPTION,PureLogsStealer,cape,full,1,10.0,RedLine,454,4630,0.3622276217065602,4.673695369962567,7.355945642664863,797,454,124,3,5,10,0.27312775330396477,0.006607929515418502,18,79,10,18,51,94,0,0,3,0,0,0,1,0,2,1,,1059,4,3,0,1,0,9,0,0,0,0,0,0,4,8,62,11,-101.5,0,0,,,,,,,,
B133,975ce7324577087376ddd373fce39f064422acc4a4555f64c34c743fd0a44cbb,ransomware,TRUE_ENCRYPTION,PythonStealer,cape,full,1,9.0,,835,892,-0.0014902523395266655,4.987449400820267,7.15290863281852,470,835,170,1,0,8,0.20359281437125748,0.0011976047904191617,29,148,36,18,94,109,0,0,5,0,0,0,0,1,1,0,,7187,2,2,0,1,0,8,0,0,0,0,0,0,4,7,0,0,-421.6,0,0,,,,,,,,
B134,61f7aa918b55238278a1666cb723df9e3639d229d1027611e02ae3808ede33ed,ransomware,NO_VICTIM_ACTIVITY,Qilin,cape,full,1,9.0,,4590,0,,,,0,4590,0,0,0,0,0.0,0.0,0,66,0,66,0,188,2,2,6,4,0,4,2,3,1,4,,0,,,1,0,0,0,0,0,0,0,0,0,0,0,0,0,,0,0,,,,,,,,
B135,a0d98d2b8035b3ecc4d0c51736c73e7a62ae95d5f31ca7b21c128d44256cb7b4,ransomware,FAILED,RADAR,cape,full,1,1.2,,2,0,,,,0,2,0,0,0,0,0.0,0.0,0,1,0,1,0,193,3,2,9,0,0,0,5,4,2,2,,0,,,1,0,0,0,0,0,0,0,0,0,0,0,0,0,,0,0,,,,,,,,
B136,89e0b349ffce6895b098992dde220fb813dfea443d6cb36e812c6bcfad423b1a,ransomware,TRUE_ENCRYPTION,RAWorld,cape,full,1,10.0,Babuk,224,88,0.9516918709541718,4.8946646027008756,5.087462841250338,137,224,14,153,0,10,0.0625,0.6830357142857143,37,112,20,13,79,140,3,1,8,5,3,4,3,3,2,5,,0,,,0,0,1,7,3,0,0,0,0,0,3,3,27,2,4.6,2,1,1,1,8.6,167,160.9,0,1,
B137,05294c9970f365c92e0b0f1250db678dc356dbf418dba27bdd5eeb68487a7199,ransomware,TRUE_ENCRYPTION,Ransomware,cape,full,1,9.0,CryptoLocker,445,0,,,,572,445,1635,1444,0,0,3.6741573033707864,3.244943820224719,49,367,40,26,301,46,0,0,1,0,0,0,0,0,0,0,boost,0,,,0,0,1,0,0,0,0,0,0,0,0,0,0,0,,0,0,,,,,,,,
B138,99959c5141f62d4fbb60efdc05260b6e956651963d29c36845f435815062fd98,ransomware,TRUE_ENCRYPTION,Ransomware.VanHelsing,cape,full,1,8.0,,4561,0,,,,3046,4561,0,4846,0,0,0.0,1.0624862968647226,41,102,51,0,51,155,0,0,7,1,0,0,0,0,2,1,libsodium,0,,,0,0,1,0,0,0,0,0,0,0,0,0,0,0,,0,0,,,,,,,,
B139,67a78b39e760e3460a135a7e4fa096ab6ce6b013658103890c866d9401928ba5,ransomware,TRUE_ENCRYPTION,Rhysida,cape,full,1,10.0,Rhysida,4383,497,-0.04424256329671839,6.345667343908346,6.476157391559539,1530,4383,2,918,0,30,0.0004563084645220169,0.20944558521560575,67,318,4,97,217,137,2,1,0,0,0,0,0,0,2,1,boost,0,,,0,0,1,30,0,0,0,0,0,0,0,0,7,0,,8,1,0,0,,0,514.0,8,1,0.761
B140,8faba0a21cbb9ea8ed16135b9e7ca7cef938252cc7cc8d786f8fa9c126f69c0d,ransomware,TRUE_ENCRYPTION,RustyStealer,cape,full,1,2.3,,994,0,,,,2499,994,0,3369,0,0,0.0,3.3893360160965793,1,205,61,0,144,88,0,0,7,0,0,0,0,0,1,0,,0,,,0,0,1,0,0,0,0,0,0,0,0,0,0,0,,0,0,,,,,,,,
B141,6669cfeba5619b6f4d80b1281adfe69c87d845ebaaf9e83c25efa01a8267e751,ransomware,TRUE_ENCRYPTION,Sarcoma,cape,full,1,9.0,,475,1036,-0.024235975001469096,6.311555023148748,6.476157391559539,252,475,11,5,3,69,0.023157894736842106,0.010526315789473684,10,184,4,58,122,204,3,1,2,2,0,0,0,1,1,2,cryptopp,0,,,0,0,1,25,0,0,0,0,0,0,2,13,21,0,-226.5,7,2,0,0,,0,426.9,7,1,0.043
B142,171c9a82171f9092fbc4b9d80af92448c9d2b6ebe00e14ceef0e5259b92578c7,ransomware,NO_VICTIM_ACTIVITY,Skid,cape,full,0,9.0,,18,13,0.9833361341808031,3.8479978874120775,4.535031727380474,18,18,2,1,0,0,0.1111111111111111,0.05555555555555555,2,6,1,0,5,1,0,0,0,0,0,0,0,0,0,0,,0,,,0,1,0,0,0,0,0,0,0,0,0,0,4,0,,0,0,,,,,,,,
B143,386fbb57ba83864ee57a9e8a271c6dc215dc20bb1521ee85ad414f0dc67babdc,ransomware,NO_VICTIM_ACTIVITY,TokyoCore,cape,full,1,7.0,,25,0,,,,0,25,21,0,8,53,0.84,0.0,1,96,0,25,71,300,7,2,10,1,0,0,3,1,3,3,,0,,,1,0,0,53,0,0,3,0,0,3,1,1,22,0,-152.5,25,2,25,1,172.7,21,430.2,0,1,
B144,6215959d557419327df550b6d5bc3d41980c3039414f23f2e58de47adee10846,ransomware,TRUE_ENCRYPTION,Trigona,cape,full,1,8.0,,1333,0,,,,1476,1333,0,4322,0,0,0.0,3.242310577644411,55,78,13,5,60,142,0,0,7,0,0,0,0,2,0,0,,0,,,0,0,1,0,0,0,0,0,0,0,0,0,0,0,,0,0,,,,,,,,
B145,317b6cb9b47f2ac069e771024de767c3b80b23b5527d43bbf00e0a11d9563e56,ransomware,FAILED,Underground,cape,static_only,0,10.0,Underground,,,,,,,,,,,,,,,,,,,0,0,0,0,0,0,0,0,0,0,0,,0,,,,,,,,,,,,,,,,,,,,,,,,,,,
B146,0a243cc1235bc425c211cff66067fa82dc6a164884dc060e548b850c38ce1e6d,ransomware,TRUE_ENCRYPTION,VanHelsing,cape,full,1,10.0,Neshta,4832,0,,,,3663,4832,0,4996,0,3,0.0,1.0339403973509933,41,155,73,3,79,85,0,0,3,0,0,0,0,0,0,0,libsodium,3385,1,1,0,0,1,5,0,0,0,0,0,0,3,3,3,0,-7.6,0,0,,,,,,,,
B147,9487edf9b75f4c15e3ba6ccbae23588ee3dc9c4983417f1b469278af17fc3847,ransomware,FAILED,WannaCry,cape,full,1,1.2,,0,0,,,,0,0,0,0,0,0,,,0,0,0,0,0,71,0,0,3,0,0,0,0,0,2,0,,0,,,0,0,1,0,0,0,0,0,0,0,0,0,0,0,,0,0,,,,,,,,
B148,a501583bca532c4ea11b56780a13a865b609d6a0fcd92b9c9b522f1edcc49c29,ransomware,NO_VICTIM_ACTIVITY,WhiteLock,cape,full,1,3.0,,616,2,-0.04530489766072072,5.3766291673878275,5.3766291673878275,632,616,0,0,0,0,0.0,0.0,0,12,0,11,1,233,6,1,7,1,0,0,5,3,2,3,boost;openssl,0,,,0,0,1,0,0,0,0,0,0,0,0,0,0,0,,0,0,,,,,,,,
B149,593d89afb5fddfe947207dc69f93816c665e480ecd2a78c9eaab108b9799691e,ransomware,WEAK_VICTIM_ACTIVITY,Worm.m0yv,cape,full,1,10.0,Neshta,195,0,,,,410,195,0,0,0,4,0.0,0.0,0,32,0,25,7,85,0,0,3,0,0,0,0,0,0,0,,3999,0,0,0,0,1,5,0,0,0,0,0,0,2,2,3,0,-17.7,0,0,,,,,,,,
B150,cd9a1a722a0f2591bc76393f5b8f67523b7ffac26a1f17b7f5843fec0464850b,ransomware,NO_VICTIM_ACTIVITY,WormLocker,cape,full,0,4.5,,0,0,,,,3,0,0,0,0,0,,,0,2,0,0,2,1,0,0,0,0,0,0,0,0,0,0,,0,,,0,0,1,0,0,0,0,0,0,0,0,0,0,0,,0,0,,,,,,,,
B151,b99cd41e40fa63ebe8efc4f1263d9fe3c0151a05ac580ee5421ca365f163e5ea,ransomware,NO_VICTIM_ACTIVITY,XWorm,cape,full,0,10.0,XWorm,29,4484,0.06258694612247429,5.659628391864537,7.048909693505268,1173,29,17,1,0,28,0.5862068965517241,0.034482758620689655,5,243,1,23,219,1,0,0,0,0,0,0,0,0,0,0,,2,0,0,0,1,0,22,0,0,0,0,0,0,1,1,41,0,-154.5,1,1,0,0,,0,428.9,1,1,0.917
B152,77549422a5306f905d68153b1f649745d330d45e564c927046132ecc1d20ae3e,ransomware,TRUE_ENCRYPTION,Xorist,cape,full,0,10.0,Xorist,4559,0,,,,4281,4559,0,4398,1,0,0.0,0.9646852379907874,23,399,145,110,144,12,0,0,0,0,0,0,0,0,0,0,,71,1,1,0,0,1,0,0,0,0,0,0,0,0,0,9,0,,0,0,,,,,,,,
B153,0303f89829763e734b1f9d4f46671e59bfaa1be5d8ec84d35a203efbfcb9bb15,ransomware,TRUE_ENCRYPTION,Yurei,cape,full,1,9.0,,420,1867,-0.009658235975068112,6.29628350757477,6.476157391559539,368,420,46,55,0,28,0.10952380952380952,0.13095238095238096,16,235,22,66,147,46,0,0,1,0,0,0,0,0,0,0,boost,1815,0,0,0,1,0,27,3,0,0,0,0,0,6,9,0,0,-13.0,18,2,0,0,,0,583.6,17,1,0.014
B154,79aaceccb8865b4d31fda778be72f42296928d8ae81c201c6d3a0a4db72f6635,ransomware,NO_VICTIM_ACTIVITY,Zatoxp,cape,full,1,8.0,,3537,0,,,,2524,3537,0,0,0,0,0.0,0.0,0,136,0,93,43,55,0,0,3,0,0,0,0,0,0,0,,5335,0,0,0,0,1,0,0,0,0,0,0,0,0,0,0,0,,0,0,,,,,,,,
B155,b3051578e38ecb412e6ef29584ad753dca8cf9b26ff5117464224b6b96764f71,ransomware,TRUE_ENCRYPTION,Zombie,cape,full,0,7.0,,458,0,,,,507,458,6441,0,0,2,14.063318777292576,0.0,75,509,6,3,500,7,0,0,0,0,0,0,0,0,0,0,,3141,4,4,0,0,1,2,0,0,0,0,0,0,0,0,3,0,,0,0,,,,,,,,
B156,d13377117414e8e18498f5338e8b3474f8ec78729bf4dc880808824b0cec41a2,ransomware,TRUE_ENCRYPTION,,cape,full,1,9.0,,2682,5561,0.47749053699489424,,,2680,2682,229,97,0,13,0.08538404175988068,0.03616703952274422,22,223,1,118,104,203,7,2,7,1,0,0,2,1,2,3,,9039,3,0,0,0,1,13,2,2,0,0,0,0,4,4,5,3,-117.8,5,2,2,1,1.6,326,560.7,3,1,0.013
B157,06c2a137c31aae5d02b4d7df61ffd31f1af9a9e59978f15b3f7265cc751bff1f,ransomware,TRUE_ENCRYPTION,Akira,cape,full,1,10.0,Akira,826,0,,,,1363,826,220,1,0,15,0.26634382566585957,0.0012106537530266344,2,268,7,44,217,155,0,0,7,1,0,4,0,1,2,2,,0,,,0,0,1,13,0,0,0,0,0,0,7,10,37,3,2.5,0,0,,,,,,,,
B158,3da500d9dc1a24e1c4a55146a1dd85088c07cde5cb684f1ad4238b78b74cd5c1,ransomware,FAILED,Apos,cape,static_only,1,1.3,,,,,,,,,,,,,,,,,,,,193,0,0,0,0,0,0,0,0,1,0,,0,,,,,,,,,,,,,,,,,,,,,,,,,,,
B159,bd925297784089ce7ff2b548a6a8eaf1c8207ba05dc3192facbb54128dbaed2c,ransomware,TRUE_ENCRYPTION,Arcusmedia,cape,full,1,9.0,,4138,2,-0.015689144310653682,5.45996250072116,5.45996250072116,225,4138,5008,2,5,32,1.2102464958917352,0.0004833252779120348,65,221,2,73,146,212,6,1,6,1,0,0,3,1,2,3,openssl,0,,,0,0,1,19,4,2,0,0,2,0,4,7,25,8,-28.1,2,2,2,1,174.2,5010,204.8,0,1,
B160,4525387f28bee6bb48d07e6989319f382447a8a6e48ae11f332dee9916feb8cc,ransomware,NO_VICTIM_ACTIVITY,BQTLock,cape,full,1,7.0,,800,0,,,,516,800,38,0,0,1,0.0475,0.0,9,37,0,11,26,144,0,0,7,1,0,0,1,1,2,2,openssl,4017,3,1,0,0,1,1,0,0,0,0,0,0,0,0,0,0,,0,0,,,,,,,,
B161,ced4ed5e5ef7505dd008ed7dd28b8aff38df7febe073d990d6d74837408ea4be,ransomware,TRUE_ENCRYPTION,Bert,cape,full,0,6.0,,425,2995,0.8316267287447416,6.117751023695986,7.34898706419107,359,425,0,248,0,0,0.0,0.5835294117647059,15,43,18,15,10,0,0,0,0,0,0,0,0,0,0,0,,0,,,,,,0,0,0,0,0,0,0,0,0,0,0,,0,0,,,,,,,,
B162,8b65c9437445e9bcb8164d8557ecb9e3585c8bebf37099a3ec1437884efbdd24,ransomware,FAILED,BianLian,cape,full,1,6.0,,0,0,,,,0,0,0,0,0,0,,,0,0,0,0,0,40,0,0,2,0,0,0,0,0,1,0,boost,0,,,0,0,1,0,0,0,0,0,0,1,0,0,4,0,,0,0,,,,,,,,
B163,374f9df39b92ccccae8a9b747e606aebe0ddaf117f8f6450052efb5160c99368,ransomware,TRUE_ENCRYPTION,BlackMatter,cape,full,1,9.0,,112,0,,,,44,112,11,59,17,4,0.09821428571428571,0.5267857142857143,10,22,2,9,11,25,0,0,0,0,0,0,0,0,0,0,,0,,,0,0,1,5,0,0,0,0,0,0,2,14,30,8,-1.5,0,0,,,,,,,,
B164,0dc6a5ce14838813e297a83e3c3c0868c7a211ee2da9c9705e5a282e65f089fe,ransomware,TRUE_ENCRYPTION,CRPx0,cape,full,1,9.0,,1481,125,0.01566012137385198,6.118471081870521,7.224278346597657,2600,1481,14,711,0,9,0.009453072248480757,0.4800810263335584,477,340,110,86,144,48,0,0,2,0,0,0,0,0,1,0,,3860,2,2,0,1,0,9,0,0,0,0,0,0,0,0,7,0,,0,0,,,,,,,,
B165,8f50df60a73e4f849d71d3a93d1f0cbbdb16e1165dbae0ce61b27d4de85092fa,ransomware,FAILED,Cactus,cape,full,1,8.0,,0,0,,,,0,0,0,0,0,0,,,0,0,0,0,0,316,3,1,6,3,0,4,2,3,2,4,openssl,0,,,1,0,0,0,0,0,0,0,0,0,0,0,0,0,,0,0,,,,,,,,
B166,d385e5069c4999a4d4161c038443c1682dd33dc578cd7fc9d1d5b2627e41fb5d,ransomware,NO_VICTIM_ACTIVITY,Chaos,cape,full,0,10.0,Chaos,0,0,,,,8,0,1,0,2,4,,,1,8,0,0,8,1,0,0,0,0,0,0,0,0,0,0,,0,,,0,0,1,4,0,0,0,0,0,0,1,1,0,0,-381.4,0,0,,,,,,,,
B167,827baf5be98a693f923c055ba9950ec3437a244abb9bd0a4e794add298bff087,ransomware,TRUE_ENCRYPTION,Cloak,cape,full,0,10.0,Babuk,2331,6984,0.1684148962783387,4.884075630423076,5.087462841250338,1872,2331,5,1981,0,9,0.002145002145002145,0.8498498498498499,42,243,68,37,138,12,0,0,0,0,1,1,0,0,0,2,,173,5,3,0,1,0,14,3,0,0,0,0,0,6,8,74,57,16.2,1,1,0,0,,0,340.5,1,1,0.083
B168,f5df98b344242c5eaad1fce421c640fadd71f7f21379d2bf7309001dfeb25972,ransomware,TRUE_ENCRYPTION,DragonForce,cape,full,1,9.0,Scarab-Dharma,342,8646,-0.06210264909783915,5.013282252922076,7.3529852995191245,2119,342,1,2075,0,6,0.0029239766081871343,6.067251461988304,133,491,38,9,444,183,4,1,9,0,0,4,4,4,2,3,,0,,,0,0,1,6,0,0,0,0,0,0,4,4,5,5,-12.4,0,0,,,,,,,,
B169,01712a5e443efb4aa43ef3f8b38a4245cb0d0c1bf13b8d3ac4207247a44f7ab4,ransomware,FAILED,Embargo,cape,static_only,1,1.0,,,,,,,,,,,,,,,,,,,,163,2,2,6,0,0,0,2,2,3,2,,42,0,0,,,,,,,,,,,,,,,,,,,,,,,,,
B170,43b7927b9f8669bcee4717a6902f404eb6f6ec05a4be2d59349400eaabf01ad5,ransomware,NO_VICTIM_ACTIVITY,Expiro,cape,full,0,1.6,,15,0,,,,47,15,0,0,0,0,0.0,0.0,0,5,0,4,1,4,0,0,0,0,0,0,0,0,0,0,,170,1,1,0,0,1,0,0,0,0,0,0,0,0,0,0,0,,0,0,,,,,,,,
B171,3ad343a324037250af9aa7409e211d754adb6524c8d443e1f4afcf38e6df092c,ransomware,TRUE_ENCRYPTION,Fog,cape,full,1,10.0,R77,3,62,-0.5000000000000001,4.782052495632413,7.255592089725436,5,3,0,0,0,8,0.0,0.0,0,9,0,1,8,95,0,0,7,0,0,0,0,0,2,0,,512,2,2,0,1,0,7,0,0,0,0,0,1,2,3,12,0,-7.9,0,0,,,,,,,,
B172,76f13279f2ea05c8895394f57b71716847857d2beac269272375ce8a71c80e40,ransomware,FAILED,Gunra,cape,static_only,0,1.3,,,,,,,,,,,,,,,,,,,,8,0,0,0,0,0,0,0,0,0,0,,1,0,0,,,,,,,,,,,,,,,,,,,,,,,,,
B173,dcd7995038ad4839e88e5bb3bf654b4f7c2ad09780a39c9d47596ce717fd4ac2,ransomware,TRUE_ENCRYPTION,HellCat,cape,full,1,8.0,Scarab-Dharma,196,0,,,,92,196,1,1,0,6,0.00510204081632653,0.00510204081632653,1,99,0,79,20,46,0,0,1,0,0,0,0,0,0,0,boost,0,,,0,0,1,7,0,0,0,0,0,0,3,3,8,15,-44.0,0,0,,,,,,,,
B174,f8d907099731ba448fef98c4b100265ac37dc57ff26917ff3699fc0060f91cab,ransomware,NO_VICTIM_ACTIVITY,HiddenTear,cape,full,0,4.3,,0,2,,3.0,3.0,15,0,0,0,0,0,,,0,4,0,0,4,1,0,0,0,0,0,0,0,0,0,0,,0,,,0,1,0,0,0,0,0,0,0,0,0,0,17,0,,0,0,,,,,,,,
B175,d4919a7402d7ae02516589fbdfb3cc436749544052843a37b5d36ac4b7385b18,ransomware,TRUE_ENCRYPTION,INC,cape,full,1,9.0,Scarab-Dharma,1903,649,0.8993726217934233,4.877209852551206,5.087462841250338,818,1903,14,297,0,10,0.007356805044666317,0.15606936416184972,49,127,60,14,53,169,4,1,7,5,3,4,5,3,2,5,,0,,,0,0,1,6,0,0,0,0,0,0,2,2,21,7,-101.6,0,0,,,,,,,,
B176,4a97599ff5823166112d9221d0e824af7896f6ca40cd3948ec129533787a3ea9,ransomware,TRUE_ENCRYPTION,Interlock,cape,full,1,8.0,,2398,0,,,,1858,2398,0,522,0,0,0.0,0.2176814011676397,36,107,1,25,81,82,0,0,1,0,0,0,0,0,0,0,boost,0,,,0,0,1,0,0,0,0,0,0,0,0,0,0,0,,0,0,,,,,,,,
B177,d7b4e115c2ab48cbdaaad4d1675b6e3f70fe5aa13316e7c85605758c7de75208,ransomware,FAILED,JLocker,cape,full,1,1.0,,0,0,,,,0,0,0,0,0,0,,,0,0,0,0,0,131,2,2,7,0,0,0,0,0,2,1,,0,,,1,0,0,0,0,0,0,0,0,0,0,0,0,0,,0,0,,,,,,,,
B178,c4cd6cae8532a649b239af919cb2c4e463d9145e3554a1d3425fc427e664bda0,ransomware,NO_VICTIM_ACTIVITY,LIUSHEN,cape,full,1,7.0,,949,0,,,,1201,949,241,0,0,8,0.25395152792413067,0.0,3,114,2,18,94,145,0,0,7,1,0,0,1,1,2,2,openssl,1580,3,1,0,0,1,2,0,0,0,0,0,0,0,0,0,0,,0,0,,,,,,,,
B179,f40fb93230bb13d6116c03f0181f7ee0c613248035bc42f7b7507f73246cff88,ransomware,TRUE_ENCRYPTION,Medusa,cape,full,1,9.0,MedusaLocker,733,989,0.9208724558170496,6.186715152917061,7.327953201778766,379,733,10,319,0,43,0.013642564802182811,0.43519781718963163,37,287,78,82,127,197,9,1,9,5,0,4,1,1,2,4,,0,,,0,0,1,27,10,3,0,0,0,0,5,8,31,8,-17.2,4,2,0,0,,0,560.6,4,1,0.021
B180,10157499f507352e37a313393c24d5024123c5a4d557fc509094bad4652ddc86,ransomware,TRUE_ENCRYPTION,Mimic,cape,full,0,9.0,,377,3305,-0.0005725357282816858,6.145944862662728,6.476157391559539,1556,377,51,3,23,70,0.13527851458885942,0.007957559681697613,10,333,5,62,266,14,2,2,0,0,1,0,0,0,0,2,,1047,4,2,0,0,1,35,0,1,0,0,0,0,6,24,202,2,-18.6,0,0,,,,,,,,
B181,67535915e18cd4a9505451bba5ca3ff4b58b469e9b72272ff598c11510d7caca,ransomware,TRUE_ENCRYPTION,Nebula,cape,full,1,8.0,,3401,137,-0.1060366208308304,3.967007097092792,7.197335948649669,1916,3401,133,0,0,2,0.03910614525139665,0.0,17,155,20,102,33,144,0,0,7,1,0,0,1,1,2,2,openssl,4256,0,0,0,1,0,2,0,0,0,0,0,0,0,0,0,0,,0,0,,,,,,,,
B182,6677e07bcccdeb28e532bb030f2ff2e4e39049caf6a1a0f9cd7f50e6d829daac,ransomware,TRUE_ENCRYPTION,Neshta,cape,full,1,10.0,Neshta,588,5940,0.03614511738704836,5.014707583222601,7.342086319571402,1581,588,1,1155,0,7,0.0017006802721088435,1.9642857142857142,124,445,49,25,371,85,0,0,3,0,0,0,0,0,0,0,,3838,3,3,0,1,0,8,0,0,0,0,0,0,4,4,6,5,-5.4,0,0,,,,,,,,
B183,e275b8a02bf23b565bdaabadb220b39409eddc6b8253eb04e0f092d697e3b53d,ransomware,TRUE_ENCRYPTION,NightSpire,cape,full,1,8.0,,2989,0,,,,4300,2989,0,4444,0,0,0.0,1.4867848778855806,89,581,86,24,471,40,0,0,2,0,0,0,0,0,1,0,boost,0,,,0,0,1,0,0,0,0,0,0,0,0,0,0,0,,0,0,,,,,,,,
B184,04e768174636f0a5be42e9cee5974a8b9db2832d4e79cc973ad617185ab80595,ransomware,TRUE_ENCRYPTION,Nitrogen,cape,full,1,9.0,,2450,5294,-0.34789015468431106,3.936016688813921,5.087462841250338,2215,2450,0,2664,0,13,0.0,1.0873469387755101,42,260,77,2,181,130,3,1,9,4,0,0,3,4,1,3,,0,,,0,0,1,7,3,0,0,0,0,0,3,10,0,0,23.0,2,1,0,0,,0,266.3,1,1,0.042
B185,01b57b7ab116a353b5d7d778b62c1a99f7f9f10e6af3a524aa13b9e3a588d751,ransomware,TRUE_ENCRYPTION,PureLogsStealer,cape,full,0,8.0,,68,54,-0.0049879260016687235,3.3295919388839934,6.376825800964972,44,68,9,2,5,21,0.1323529411764706,0.029411764705882353,3,37,2,12,23,1,0,0,0,0,0,0,0,0,0,0,,633,2,2,0,1,0,12,0,0,0,1,0,0,0,0,41,8,,1,1,1,1,234.9,11,45.5,0,1,
B186,f910b2a6d84d0677cda9aefabfa4a45863ba51a8831588e3b527e8e1d3a9927c,ransomware,NO_VICTIM_ACTIVITY,Qilin,cape,full,1,9.0,,4852,0,,,,0,4852,0,0,0,0,0.0,0.0,0,61,0,61,0,188,2,2,6,4,0,4,2,3,1,4,,0,,,1,0,0,0,0,0,0,0,0,0,0,0,0,0,,0,0,,,,,,,,
B187,d1ac11cf8a615c0b2d94564d20fe108f7d63f9b36723dc81328ef734a4401f53,ransomware,FAILED,RADAR,cape,full,1,1.2,,2,0,,,,0,2,0,0,0,0,0.0,0.0,0,1,0,1,0,193,3,2,9,0,0,0,5,4,2,2,,0,,,1,0,0,0,0,0,0,0,0,0,0,0,0,0,,0,0,,,,,,,,
B188,8e4f9e4c2bb563c918fbe13595de9a32b307e2ce9f1f48c06b168dbbb75b5e89,ransomware,TRUE_ENCRYPTION,RAWorld,cape,full,1,10.0,Babuk,225,87,0.9152165362992453,4.8889161673093415,5.028639311838574,141,225,15,168,0,10,0.06666666666666667,0.7466666666666667,40,118,21,12,85,140,3,1,8,5,3,4,3,3,2,5,,0,,,0,0,1,7,3,0,0,0,0,0,4,4,26,2,8.6,2,1,1,1,7.7,183,170.2,0,1,
B189,be5a227f37daacf290e6a9f1bde4af3ced734eb4bd5f2c8fb976cdd4f29a7f76,ransomware,TRUE_ENCRYPTION,Ransomware,cape,full,0,9.0,CryptoLocker,1606,0,,,,2350,1606,4549,0,0,1,2.832503113325031,0.0,92,315,177,6,132,4,0,0,0,0,0,0,0,0,0,0,,2393,0,0,0,0,1,1,0,0,0,0,0,0,0,0,1,0,,1,1,1,1,2.0,4549,500.4,0,1,
B190,0050a69d6e93eddcd1ea4b7e951945f8970e5700d9436238bde7f63d757988ae,ransomware,TRUE_ENCRYPTION,Rhysida,cape,full,1,10.0,Rhysida,1918,498,-0.03699613238550847,6.345667343908346,6.476157391559539,554,1918,1,633,0,30,0.0005213764337851929,0.3300312825860271,57,208,7,107,94,135,2,1,0,0,0,0,0,0,2,1,,0,,,0,0,1,30,0,0,0,0,0,0,0,0,7,0,,8,1,0,0,,0,411.3,8,1,0.651
B191,214aef60ec3145deea73c796bd025967cda84182041a0c76b56ce6c61304a64e,ransomware,NO_VICTIM_ACTIVITY,RustyStealer,cape,full,1,9.0,,64,612,-0.009838698890211533,5.881060897687431,6.476157391559539,166,64,11,2,5,6,0.171875,0.03125,5,38,1,10,27,135,0,0,7,0,0,0,1,1,1,1,,0,,,0,1,0,6,1,0,0,0,0,0,3,3,23,8,-29.6,1,1,0,0,,0,287.5,1,1,0.081
B192,62937460b8732bdbd0e0b900941085745c85329c720066a58b6885b5f98d899c,ransomware,TRUE_ENCRYPTION,Trigona,cape,full,1,8.0,,1670,0,,,,1531,1670,0,4379,0,0,0.0,2.6221556886227546,53,77,17,4,56,142,0,0,7,0,0,0,0,2,0,0,,0,,,0,0,1,0,0,0,0,0,0,0,0,0,0,0,,0,0,,,,,,,,
B193,9d41b2f7c07110fb855c62b5e7e330a597860916599e73dd3505694fd1bbe163,ransomware,TRUE_ENCRYPTION,Underground,cape,full,1,10.0,Underground,869,0,,,,867,869,0,0,0,11,0.0,0.0,0,38,0,32,6,100,0,0,7,3,0,0,0,1,2,1,,2390,0,0,0,0,1,11,2,0,1,0,0,0,4,4,2,0,-2.0,4,3,0,,,,,,,
B194,2744c04eaed1afa8fe7883ef8204dafb8d7ae3bb0231d11bf3e1a93a93193a7f,ransomware,TRUE_ENCRYPTION,VanHelsing,cape,full,1,10.0,Neshta,4509,0,,,,3535,4509,9,4936,5,5,0.001996007984031936,1.0946994899090707,116,275,127,19,129,85,0,0,3,0,0,0,0,0,0,0,libsodium,3489,1,1,0,0,1,7,0,0,0,0,0,0,4,4,31,8,-13.5,0,0,,,,,,,,
B195,c34af1f1f238747d6839ce6857138e97d722443c4e2a794c072c236228ceaa07,ransomware,NO_VICTIM_ACTIVITY,WannaCry,cape,full,0,9.0,,54,14760,-0.013766814129156998,3.6507930020957797,6.628829882778696,519,54,7,0,0,19,0.12962962962962962,0.0,2,131,0,13,118,1,0,0,0,0,0,0,0,0,0,0,,24,2,2,0,1,0,24,0,0,0,0,0,0,1,1,8,0,8.6,1,1,0,0,,0,187.3,1,1,0.899
B196,960bfbed44a5b8abf1ae2fcb7eecb46ac526840030d5cdef1fad6a6bb379996c,ransomware,FAILED,WhiteLock,cape,full,1,0.7,,40,0,,,,0,40,0,0,0,0,0.0,0.0,0,1,0,1,0,236,6,1,7,1,0,0,5,3,2,3,boost;openssl,0,,,1,0,0,0,0,0,0,0,0,0,0,0,0,0,,0,0,,,,,,,,
B197,9733092223c428fc0e44a90b01c7f77a97bb1205def8be1224ac68969182638e,ransomware,NO_VICTIM_ACTIVITY,Worm.m0yv,cape,full,0,1.6,,14,0,,,,50,14,0,0,0,0,0.0,0.0,0,4,0,3,1,4,0,0,0,0,0,0,0,0,0,0,,170,1,1,0,0,1,0,0,0,0,0,0,0,0,0,0,0,,0,0,,,,,,,,
B198,e98182d44dc7ec4a154021757da3132769db318cf9d78f15fc06c92682f8a253,ransomware,TRUE_ENCRYPTION,Xorist,cape,full,1,10.0,Xorist,4685,0,,,,3942,4685,0,4314,1,0,0.0,0.9208110992529349,22,171,42,42,87,71,2,0,3,0,0,0,0,0,0,1,,0,,,1,0,0,0,0,0,0,0,0,0,0,0,9,0,,0,0,,,,,,,,
B199,1ea37e077e6b2463b8440065d5110377e2b4b4283ce9849ac5efad6d664a8e9e,ransomware,TRUE_ENCRYPTION,Yurei,cape,full,1,9.0,,496,1394,-0.015484910700756908,6.302069516828759,6.476157391559539,369,496,52,90,0,30,0.10483870967741936,0.1814516129032258,19,262,26,91,145,46,0,0,1,0,0,0,0,0,0,0,boost,1577,0,0,0,1,0,42,3,0,0,0,0,0,7,8,0,0,-13.5,24,2,0,0,,0,570.6,23,1,0.014
B200,5edb68ebe00c4d4af8f9e3930ebe72959f9bb8800080ac91df0065eddbfebb4d,ransomware,NO_VICTIM_ACTIVITY,Zatoxp,cape,full,1,8.0,,2413,0,,,,2524,2413,0,0,0,0,0.0,0.0,0,118,0,72,46,55,0,0,3,0,0,0,0,0,0,0,,5335,0,0,0,0,1,0,0,0,0,0,0,0,0,0,0,0,,0,0,,,,,,,,
B201,e95f39cae2c98b46f5f4d5e6587047273610ebde44755eae78d3f416200f8d72,ransomware,NO_VICTIM_ACTIVITY,,cape,full,1,6.0,,1058,553,-0.017479676685956447,5.84237442349393,6.476157391559539,633,1058,3,1,0,92,0.002835538752362949,0.000945179584120983,3,235,0,95,140,145,0,0,7,1,0,0,1,1,2,2,openssl,4562,3,1,0,1,0,95,0,0,32,20,0,0,1,6,44,0,-394.9,84,2,29,1,244.1,4,293.9,55,1,0.006
B202,fc2b499708b2d20545c140906b0484546c8b3ff21341b8a5acd18f2063fa2bb5,ransomware,TRUE_ENCRYPTION,Akira,cape,full,1,10.0,Akira,817,0,,,,1181,817,237,1,0,4,0.29008567931456547,0.0012239902080783353,2,227,3,29,195,155,0,0,7,1,0,4,0,1,2,2,,0,,,0,0,1,6,0,0,0,0,0,0,5,6,32,0,5.7,0,0,,,,,,,,
B203,33a99066776eacf39e2f36243b8fbee2e542e35a4b56531187463a266dd5b0ff,ransomware,NO_VICTIM_ACTIVITY,Apos,cape,full,1,9.0,,211,0,,,,93,211,1,0,0,4,0.004739336492890996,0.0,1,12,1,4,7,158,0,0,8,0,0,0,0,1,2,0,,2062,2,2,0,0,1,4,0,0,0,0,0,0,1,1,0,0,-377.5,0,0,,,,,,,,
B204,425b2f283b71237276f84d941d9c2982c7f61a9aff12ece10e15065b73b7165e,ransomware,TRUE_ENCRYPTION,BQTLock,cape,full,1,9.0,,1000,43,0.0027433932834280052,5.390242678581275,5.403856189774726,916,1000,4181,3594,0,10,4.181,3.594,170,500,84,38,378,414,3,1,7,2,0,0,3,1,3,3,openssl,2102,2,0,0,0,1,10,0,0,0,0,0,0,2,2,7,0,-6.5,2,1,1,1,9.1,7775,551.7,1,1,0.083
B205,f2dc218ea8e2caa8668e54bae6561afd9fbf035a40b80ce9e847664ff0809799,ransomware,NO_VICTIM_ACTIVITY,Bert,cape,full,0,3.5,,0,8,,,,13,0,0,0,0,0,,,0,3,0,0,3,0,0,0,0,0,0,0,0,0,0,0,,0,,,,,,0,0,0,0,0,0,0,0,0,0,0,,0,0,,,,,,,,
B206,93fb7f0c2cf10fb5885e03c737ee8508816c1102e9e3d358160b78e91fa1ebdb,ransomware,NO_VICTIM_ACTIVITY,BianLian,cape,full,1,6.0,,2,0,,,,0,2,0,0,0,5,0.0,0.0,0,6,0,2,4,39,0,0,2,0,0,0,0,0,1,0,boost,39,0,0,0,0,1,5,0,0,0,0,0,1,1,1,4,0,-10.4,1,1,0,,,,,,,
B207,47aa84cda2854d32ed9621b6121281069caecdbe7f0b665183aba0bd4db3d729,ransomware,TRUE_ENCRYPTION,BlackMatter,cape,full,1,9.0,Scarab-Dharma,289,0,,,,96,289,17,470,12,0,0.058823529411764705,1.6262975778546713,21,21,1,3,17,20,0,0,0,0,0,0,0,0,0,0,,0,,,0,0,1,0,0,0,0,0,0,0,0,12,5,0,-0.7,0,0,,,,,,,,
B208,9cfe9b894af68946ddc7e6f4cbdb085a92c4009ea00554c407beb5a8fc29f6b7,ransomware,TRUE_ENCRYPTION,CRPx0,cape,full,1,9.0,,1450,124,0.10398968696469925,6.116669107489985,7.238145250440128,2582,1450,14,636,0,9,0.009655172413793104,0.4386206896551724,442,342,104,80,158,48,0,0,2,0,0,0,0,0,1,0,,3860,2,2,0,1,0,9,0,0,0,0,0,0,0,0,7,0,,0,0,,,,,,,,
B209,378bec795d652d3941510969c1db6a42fab4d493704fbd52121a48d2ba459d0d,ransomware,FAILED,Cactus,cape,full,1,8.0,,0,0,,,,0,0,0,0,0,0,,,0,0,0,0,0,321,3,1,6,3,0,4,2,3,2,4,openssl,0,,,1,0,0,0,0,0,0,0,0,0,0,0,0,0,,0,0,,,,,,,,
B210,869c14299d4b52a3f5b28ee46d5ccb295808f2c0bdd73bd3027689b0378baef4,ransomware,NO_VICTIM_ACTIVITY,Chaos,cape,full,0,10.0,Chaos,1,4,-0.0041411861732985,2.875,3.0,33,1,1,0,0,4,1.0,0.0,1,10,0,1,9,1,0,0,0,0,0,0,0,0,0,0,,0,,,0,1,0,4,0,0,0,0,0,0,1,1,1,0,-375.3,0,0,,,,,,,,
B211,f4ca0aaa779663297a6fb634fb3c9f775230e52a9fa733073fe8057b0e70a0f5,ransomware,NO_VICTIM_ACTIVITY,Cloak,cape,full,0,10.0,Babuk,143,0,,,,383,143,19,2,6,37,0.13286713286713286,0.013986013986013986,9,107,3,27,77,5,0,0,0,0,0,0,0,0,0,0,,360,5,5,0,0,1,16,0,0,0,0,0,0,5,12,50,8,-44.5,0,0,,,,,,,,
B212,24e8ef41ead6fc45d9a7ec2c306fd04373eaa93bbae0bd1551a10234574d0e07,ransomware,TRUE_ENCRYPTION,DragonForce,cape,full,1,9.0,Scarab-Dharma,342,8538,-0.08663884828064893,5.013207992456321,7.355239648336088,2126,342,1,2039,0,19,0.0029239766081871343,5.961988304093567,133,493,35,14,444,183,4,1,9,0,0,4,4,4,2,3,,0,,,0,0,1,8,0,0,0,0,0,0,5,10,5,5,-14.1,0,0,,,,,,,,
B213,98cc01dcd4c36c47fc13e4853777ca170c734613564a5a764e4d2541a6924d39,ransomware,TRUE_ENCRYPTION,Embargo,cape,full,1,9.0,Scarab-Dharma,1139,0,,,,706,1139,26,2273,0,32,0.0228270412642669,1.9956101843722565,56,160,12,17,131,253,2,2,7,5,4,4,5,4,1,5,,0,,,1,0,0,16,0,2,0,0,0,0,4,6,64,63,-4.3,1,1,0,0,,0,326.2,1,1,0.022
B214,09403153fcdb2b700f8b7ab47da7f6e9dfa365d21235a2b8d66080cb76dc62e2,ransomware,TRUE_ENCRYPTION,Fog,cape,full,1,9.0,FOG,12381,9556,-0.06028386696808932,7.17701925531285,7.347427148336088,4084,12381,9,4997,5,83,0.000726920281075842,0.40360229383733137,51,254,33,55,166,95,0,0,7,0,0,0,0,0,2,0,,106,3,3,0,1,0,41,0,0,0,0,0,0,2,4,40,8,-18.0,7,2,7,1,180.0,5006,330.4,0,1,
B215,944a1a411abb97f9ae547099c4834beb49de0745740ba450efb747bd62d8d83b,ransomware,FAILED,Gunra,cape,full,0,8.0,,0,0,,,,0,0,0,0,0,0,,,0,0,0,0,0,8,0,0,0,0,0,0,0,0,0,0,,101,1,1,0,0,1,0,0,0,0,0,0,0,0,0,0,0,,0,0,,,,,,,,
B216,6924479c42b3732e0d57b34714b7210e14655ee1ca570ae4aab1d90c3f6c6428,ransomware,NO_VICTIM_ACTIVITY,HellCat,cape,full,0,0.8,,1,0,,,,0,1,0,0,0,0,0.0,0.0,0,1,0,1,0,4,0,0,0,0,0,0,0,0,0,0,,49,0,0,0,0,1,0,0,0,0,0,0,0,0,0,0,0,,0,0,,,,,,,,
B217,0315dbb793f855f154aa8d227151f1098bd9b580a4f85064648b85bac1321663,ransomware,TRUE_ENCRYPTION,INC,cape,full,1,9.0,,1018,339,0.8795405605326634,4.882633266061904,5.028639311838574,426,1018,5,146,0,4,0.004911591355599214,0.14341846758349705,24,61,18,1,42,162,4,1,7,5,3,4,5,3,2,5,,0,,,0,0,1,4,0,0,0,0,0,0,2,2,10,0,-3.6,0,0,,,,,,,,
B218,33dc991e61ba714812aa536821b073e4274951a1e4a9bc68f71a802d034f4fb9,ransomware,TRUE_ENCRYPTION,Interlock,cape,full,1,8.0,,4771,0,,,,146,4771,0,488,0,0,0.0,0.10228463634458185,21,351,0,190,161,106,0,0,0,0,0,0,0,0,0,0,boost,133,1,1,0,0,1,0,0,0,0,0,0,0,0,0,0,0,,0,0,,,,,,,,
B219,3fef5c7fa519f5384de6f61c954ead6dfd4da727005bfec954dc801bd120a938,ransomware,FAILED,JLocker,cape,full,1,1.0,,0,0,,,,0,0,0,0,0,0,,,0,0,0,0,0,131,2,2,7,0,0,0,0,0,2,1,,0,,,1,0,0,0,0,0,0,0,0,0,0,0,0,0,,0,0,,,,,,,,
B220,1bad2b6e8ab16c5a692b2d05f68f7924a73a5818ddf3a9678ca8caab3568a78e,ransomware,NO_VICTIM_ACTIVITY,Medusa,cape,full,1,4.699999999999999,,579,247,0.10937091511644377,6.179139653758437,6.376825800964972,243,579,2,0,0,216,0.0034542314335060447,0.0,2,345,0,155,190,150,5,0,7,1,0,0,0,0,2,2,,0,,,0,0,1,218,0,0,215,0,0,0,1,2,0,0,-425.5,207,1,0,0,,0,0.1,0,0,
B221,0ff90e51f04083e8bb34bb7a414a9b28a5e0264e152ac086e64b548e5a771956,ransomware,TRUE_ENCRYPTION,Mimic,cape,full,1,9.0,,1314,2,-0.015304614244392445,3.0,3.0,530,1314,63,2,28,16,0.04794520547945205,0.0015220700152207,5,94,3,13,78,209,0,0,5,1,0,0,0,1,0,1,,6006,5,4,0,1,0,20,0,0,0,0,3,0,2,2,11,2,-4.1,3,1,0,0,,0,112.0,3,1,0.724
B222,b9ee022489931c6b68b63b0ae34eb1b4ef141e9bb456e84034603a9ae04e5db9,ransomware,TRUE_ENCRYPTION,Neshta,cape,full,1,10.0,Neshta,553,5809,0.01648141964099037,5.0122525274800225,7.365192141793901,1576,553,1,1207,0,6,0.0018083182640144665,2.182640144665461,123,455,55,22,378,85,0,0,3,0,0,0,0,0,0,0,,3838,3,3,0,1,0,8,0,0,0,0,0,0,4,4,6,5,-7.1,0,0,,,,,,,,
B223,c2859adc342cbcc36485ef6c3020913c459079acbeae3456b44297d7704f6853,ransomware,TRUE_ENCRYPTION,NightSpire,cape,full,1,8.0,,41,0,,,,0,41,0,1,0,0,0.0,0.024390243902439025,1,4,0,3,1,46,0,0,1,0,0,0,0,0,0,0,boost,0,,,0,0,1,0,0,0,0,0,0,0,0,0,0,0,,0,0,,,,,,,,
B224,9515602089f0646fc7203ce18473de0dcb71280a9cf0bba991588b2b5f05acb5,ransomware,NO_VICTIM_ACTIVITY,Nitrogen,cape,full,1,7.0,,1081,6,-0.206382267573197,6.18663917785829,7.235594373011515,877,1081,119,0,0,2,0.11008325624421832,0.0,5,43,1,19,23,108,0,0,7,1,0,0,1,1,2,2,openssl,0,,,0,1,0,2,0,0,0,0,0,0,0,0,0,0,,0,0,,,,,,,,
B225,8808a34a7eb0fa51a4a91580a0bd93403defa9747f10be3551b198abb1d92dd1,ransomware,TRUE_ENCRYPTION,PureLogsStealer,cape,full,0,9.0,,740,6910,0.9430175827803507,5.5839196007791925,7.34820923206679,2877,740,863,18,0,41,1.1662162162162162,0.024324324324324326,25,199,100,22,77,1,0,0,0,0,0,0,0,0,0,0,,0,,,0,1,0,42,0,2,0,0,0,0,0,0,0,1,,5,2,0,0,,0,582.5,5,1,0.346
B226,d32a6439a35d5963fb4526c72f9a52bbfd518a8a8d0959901f017318a9ae82cc,ransomware,TRUE_ENCRYPTION,PythonStealer,cape,full,1,10.0,Emotet,1182,3463,-0.04393049622301458,5.974179787133582,7.289790869030762,995,1182,80,71,0,21,0.0676818950930626,0.06006768189509306,24,261,53,35,173,109,0,0,5,0,0,0,0,1,1,0,,3365,2,2,0,1,0,20,0,0,0,0,0,0,1,1,6,0,-388.0,2,2,1,1,7.1,151,593.6,1,1,0.586
B227,02835451193c2232094b591b7ef52a18786bae3232330839e63631f077f4946b,ransomware,FAILED,Qilin,cape,full,1,8.0,,1,0,,,,0,1,0,0,0,0,0.0,0.0,0,1,0,1,0,123,0,0,2,0,0,0,1,0,1,1,,561,5,4,0,0,1,0,0,0,0,0,0,0,0,0,0,0,,0,0,,,,,,,,
B228,9479a5dc61284ccc3f063ebb38da9f63400d8b25d8bca8d04b1832f02fac24de,ransomware,TRUE_ENCRYPTION,RAWorld,cape,full,1,10.0,Babuk,256,95,0.9121940347325665,4.858339366424242,5.0,144,256,15,175,0,37,0.05859375,0.68359375,40,127,21,14,92,140,3,1,8,5,3,4,3,3,2,5,,0,,,0,0,1,12,3,0,0,0,0,0,5,9,25,1,11.2,2,1,1,1,11.8,190,182.5,0,1,
B229,1a9c27e5be8c58da1c02fc4245a07831d5d431cdd1a91cd35d2dd0ad62da71cd,ransomware,TRUE_ENCRYPTION,Rhysida,cape,full,1,10.0,Rhysida,1334,0,,,,1014,1334,0,2232,0,50,0.0,1.6731634182908546,46,196,1,86,109,135,2,1,0,0,0,0,0,0,2,1,,0,,,1,0,0,51,3,0,0,0,48,0,0,0,0,0,,33,2,0,0,,0,199.6,0,0,
B230,6d189ef2bdcd62b389018913bd971f4c8e47a8349fa9101935dfebfcb69a5e06,ransomware,NO_VICTIM_ACTIVITY,RustyStealer,cape,full,1,9.0,,14,904,-0.050319027206372095,6.276047673813658,6.476157391559539,118,14,3,0,0,12,0.21428571428571427,0.0,3,53,1,8,44,103,0,0,4,0,0,0,1,0,1,1,,256,1,0,0,1,0,12,0,0,0,0,0,0,1,1,0,0,-112.6,3,1,2,1,11.7,3,25.0,1,1,0.111
B231,69b4792f8ed12deb24225d9ed031e5f8aba7b5bbe2f079ab3a2585b63c34ef97,ransomware,TRUE_ENCRYPTION,Trigona,cape,full,1,8.0,,1694,0,,,,1552,1694,0,4392,0,0,0.0,2.592680047225502,49,77,16,4,57,142,0,0,7,0,0,0,0,2,0,0,,0,,,0,0,1,0,0,0,0,0,0,0,0,0,0,0,,0,0,,,,,,,,
B232,9f702b94a86558df87de316611d9f1bfe99a6d8da9fa9b3d7bb125a12f9ad11f,ransomware,TRUE_ENCRYPTION,Underground,cape,full,1,10.0,Underground,869,0,,,,867,869,0,0,0,10,0.0,0.0,0,35,0,29,6,100,0,0,7,3,0,0,0,1,2,1,,2390,0,0,0,0,1,10,2,0,1,0,0,0,4,4,2,0,4.5,4,3,0,,,,,,,
B233,83badb448a7575b661deb122871d2340604c4ead3f95ed25bcdf6cdbe58e319c,ransomware,NO_VICTIM_ACTIVITY,VanHelsing,cape,full,1,4.699999999999999,,64,0,,,,24,64,9,3,5,5,0.140625,0.046875,3,17,3,6,8,179,0,0,8,1,0,0,0,0,2,1,libsodium,0,,,0,0,1,6,0,0,0,0,0,0,4,4,25,8,2.2,0,0,,,,,,,,
B234,050c6b14a0308fc4adbafec1465b2202b8d378b0e8df7cce38b04e35772b04f3,ransomware,NO_VICTIM_ACTIVITY,WannaCry,cape,full,1,9.0,,1,0,,,,1,1,0,0,1,0,0.0,0.0,0,1,0,1,0,214,1,0,6,1,0,0,0,0,0,2,,0,,,1,0,0,0,0,0,0,0,0,0,0,0,2,0,,0,0,,,,,,,,
B235,7e5ec68fd647e1a8fef30a2fbe250f9cf6bf6ea0ec1aa6bd37534517dd537a68,ransomware,FAILED,WhiteLock,cape,full,1,7.0,,0,2,,5.4599625007211605,5.4599625007211605,0,0,0,0,0,0,,,0,0,0,0,0,233,6,1,7,1,0,0,5,3,2,3,boost;openssl,0,,,0,0,1,0,0,0,0,0,0,0,0,0,0,0,,0,0,,,,,,,,
B236,4f88d3977a24fb160fc3ba69821287a197ae9b04493d705dc2fe939442ba6461,ransomware,TRUE_ENCRYPTION,Yurei,cape,full,1,9.0,,365,1850,-0.028789335129897224,6.280805666960539,6.476157391559539,276,365,54,97,0,45,0.14794520547945206,0.26575342465753427,20,268,11,72,185,46,0,0,1,0,0,0,0,0,0,0,boost,1347,0,0,0,1,0,48,3,0,0,0,0,0,8,12,0,0,-9.0,28,2,0,0,,0,558.7,28,1,0.009
B237,3485419b7a85123f50512ee04e29dfe1ad6d973118b073f16a57565251a4d2f0,ransomware,TRUE_ENCRYPTION,,cape,full,1,7.0,,18,0,,,,27,18,12,0,0,0,0.6666666666666666,0.0,3,2,1,0,1,63,0,0,0,0,0,0,0,0,1,0,,0,,,0,0,1,0,0,0,0,0,0,0,0,0,0,0,,0,0,,,,,,,,
B238,6e1c3a2825b9121f4553114b9500f41de6bcf38a2aa42f87dbe789b993dbade7,ransomware,TRUE_ENCRYPTION,Akira,cape,full,1,10.0,Akira,633,0,,,,1202,633,243,1,0,20,0.38388625592417064,0.001579778830963665,2,215,4,16,195,155,0,0,7,1,0,4,0,1,2,2,,0,,,0,0,1,8,0,0,0,0,0,0,6,12,38,30,7.4,0,0,,,,,,,,
B239,a0027df5ccc2a66c8a0bcaa7d7033aa438b58a92732030e73d5a9f77a7659639,ransomware,FAILED,Apos,cape,static_only,1,1.3,,,,,,,,,,,,,,,,,,,,187,0,0,0,0,0,0,0,0,1,0,,0,,,,,,,,,,,,,,,,,,,,,,,,,,,
B240,b211537ea626fae4ad2ef5ee2652633dc68aaf20da6eb953a44f266c4106b367,ransomware,TRUE_ENCRYPTION,BQTLock,cape,full,1,9.0,,642,44,0.018948737479170346,5.3479324225736224,5.4599625007211605,610,642,5460,4820,0,23,8.504672897196262,7.507788161993769,168,547,24,32,491,414,3,1,7,2,0,0,3,1,3,3,openssl,1556,2,0,0,0,1,12,0,0,0,0,0,0,2,2,7,0,-493.7,2,1,1,1,8.7,10280,570.5,1,1,0.075
B241,25c693808095f45d297171eba5196e9a5176281a2d248cb1a8cfa07a68bbe332,ransomware,NO_VICTIM_ACTIVITY,Bert,cape,full,0,8.0,,2235,0,,,,3,2235,0,0,0,0,0.0,0.0,0,123,0,122,1,0,0,0,0,0,0,0,0,0,0,0,,0,,,,,,0,0,0,0,0,0,0,0,0,0,0,,0,0,,,,,,,,
B242,ac14946fd31ca586368c774f3a3eed1620bf0f0b4f54544f5d25e87facf18d82,ransomware,FAILED,BianLian,cape,full,1,6.0,,0,0,,,,0,0,0,0,0,0,,,0,0,0,0,0,39,0,0,2,0,0,0,0,0,1,0,boost,0,,,0,0,1,0,0,0,0,0,0,1,0,0,4,0,,0,0,,,,,,,,
B243,bdd635b9c3d3c1e9871b3e6b917f33670c5ad8fe36fe90e8ca4714fbd592599a,ransomware,TRUE_ENCRYPTION,BlackMatter,cape,full,1,9.0,Scarab-Dharma,344,2,-0.011000728823915115,2.0,2.0,366,344,18,590,66,3,0.05232558139534884,1.7151162790697674,25,43,2,20,21,20,0,0,0,0,0,0,0,0,0,0,,0,,,0,1,0,4,0,0,0,0,0,0,0,14,2314,0,-0.6,0,0,,,,,,,,
B244,bac340524549410f51b060f21abb7db30c0c5378edd2e3ac15b526e141417e89,ransomware,TRUE_ENCRYPTION,CRPx0,cape,full,1,9.0,,1524,124,-0.011615142902522895,6.096140422143904,7.201561158564392,2596,1524,14,652,0,9,0.009186351706036745,0.42782152230971127,448,320,104,83,133,48,0,0,2,0,0,0,0,0,1,0,,3860,2,2,0,1,0,9,0,0,0,0,0,0,0,0,7,0,,0,0,,,,,,,,
B245,7adee0f8f400d72b70d34b9bd90b3559c71d7f0f5b2695b5ed70e733e76d9e46,ransomware,FAILED,Cactus,cape,full,1,8.0,,0,0,,,,0,0,0,0,0,0,,,0,0,0,0,0,315,3,1,6,3,0,4,2,3,2,4,openssl,0,,,1,0,0,0,0,0,0,0,0,0,0,0,0,0,,0,0,,,,,,,,
B246,c9205c28eabfe49b13e87c10a15850f1b65fb52b3c352fe34e59c5090df7f712,ransomware,NO_VICTIM_ACTIVITY,Chaos,cape,full,0,10.0,Chaos,0,2,,2.75,2.75,16,0,0,0,0,0,,,0,3,0,0,3,1,0,0,0,0,0,0,0,0,0,0,,0,,,0,1,0,0,0,0,0,0,0,0,0,0,1,0,,0,0,,,,,,,,
B247,b10129c175c007148dd4f5aff4d7fb61eb3e4b0ed4897fea6b33e90555f2b845,ransomware,TRUE_ENCRYPTION,DragonForce,cape,full,1,9.0,Scarab-Dharma,339,9983,-0.039440026251129155,5.011508295427551,7.347183408398223,2564,339,1,2489,0,7,0.0029498525073746312,7.342182890855457,142,503,34,7,462,183,4,1,9,0,0,4,4,4,2,3,,0,,,0,0,1,6,0,0,0,0,0,0,4,4,5,5,-5.6,0,0,,,,,,,,
B248,028c5bc3a6e311aabb7b3ef45d377e68023be5980a9ecf01cd852f3a5a394b41,ransomware,NO_VICTIM_ACTIVITY,Embargo,cape,full,1,9.0,,8,0,,,,19,8,5,1,0,8,0.625,0.125,3,13,0,4,9,96,0,0,3,0,0,0,2,0,0,1,,508,2,1,0,0,1,9,0,0,0,0,0,0,5,17,19,3,-19.8,0,0,,,,,,,,
B249,b182819bc0e90b4fdf15e886da41923360ed63529a851ef90704f6dbfed2ea8b,ransomware,TRUE_ENCRYPTION,Fog,cape,full,1,9.0,FOG,12689,9558,-0.05676027470268807,7.176644182446541,7.379710986252066,3937,12689,9,4997,5,81,0.0007092757506501694,0.39380565844432186,51,217,31,51,135,95,0,0,7,0,0,0,0,0,2,0,,106,3,3,0,1,0,41,0,0,0,0,0,0,2,4,40,8,-120.1,7,2,7,1,119.9,5006,288.4,0,1,
B250,5530363373dfe8fa474c9394184d2c56a0682c6a178d6f1c3536a1a3796dff42,ransomware,FAILED,Gunra,cape,full,0,8.0,,0,0,,,,0,0,0,0,0,0,,,0,0,0,0,0,11,0,0,0,0,0,0,0,0,0,0,,101,1,1,0,0,1,0,0,0,0,0,0,0,0,0,0,0,,0,0,,,,,,,,
B251,31de5a766dca4eaae7b69f807ec06ae14d2ac48100e06a30e17cc9acccfd5193,ransomware,TRUE_ENCRYPTION,INC,cape,full,1,9.0,,688,207,0.7558042785891638,4.888035292625018,5.087462841250338,302,688,5,91,0,31,0.007267441860465116,0.13226744186046513,18,57,16,0,41,160,4,1,7,5,3,4,5,3,2,5,,0,,,0,0,1,10,0,0,0,0,0,0,2,6,8,0,-228.9,0,0,,,,,,,,
B252,0fff8fb05cee8dc4a4f7a8f23fa2d67571f360a3025b6d515f9ef37dfdb4e2ea,ransomware,TRUE_ENCRYPTION,Interlock,cape,full,1,8.0,,4787,0,,,,312,4787,0,492,0,0,0.0,0.10277835805306038,20,356,0,156,200,94,0,0,0,0,0,0,0,0,0,0,boost,0,,,0,0,1,0,0,0,0,0,0,0,0,0,0,0,,0,0,,,,,,,,
B253,2e62a782c84149953dd216d96fec8e0f4d4b568525bbaa0574b1aad2530d28e0,ransomware,FAILED,Medusa,cape,static_only,1,1.3,,,,,,,,,,,,,,,,,,,,150,5,0,7,1,0,0,0,0,2,2,,0,,,,,,,,,,,,,,,,,,,,,,,,,,,
B254,29a1e8ccc5c59371c8f7e1f59e4999cc7ab6b838c7625d2468952aae35f04943,ransomware,TRUE_ENCRYPTION,Neshta,cape,full,1,10.0,Neshta,866,0,,,,1627,866,107,2,5,5,0.1235565819861432,0.0023094688221709007,4,127,10,41,76,85,0,0,3,0,0,0,0,0,0,0,,3145,0,0,0,0,1,7,0,0,0,0,0,0,4,4,44,13,-4.4,0,0,,,,,,,,
B255,4cda6af63873eca99b9a0b69be1c8b9c81b501339f569a30fd30394fa54da3e1,ransomware,TRUE_ENCRYPTION,NightSpire,cape,full,1,8.0,,19,0,,,,0,19,0,0,0,0,0.0,0.0,0,1,0,1,0,46,0,0,1,0,0,0,0,0,0,0,boost,0,,,0,0,1,0,0,0,0,0,0,0,0,0,0,0,,0,0,,,,,,,,
B256,b5189876dfdbe889bba43f7702d1e61e61d48803c78ff78eab3f43b4fb0b3a22,ransomware,TRUE_ENCRYPTION,Nitrogen,cape,full,1,8.0,,1312,0,,,,1282,1312,0,1166,0,0,0.0,0.8887195121951219,63,153,58,9,86,166,0,0,2,0,0,0,0,3,2,0,,0,,,0,0,1,0,0,0,0,0,0,0,0,0,0,0,,0,0,,,,,,,,
B257,033b4d28791b318fee5017e79c87c974ee621bae3b137d78ff11e2623ecf78a5,ransomware,FAILED,Qilin,cape,full,1,8.0,,1,0,,,,0,1,0,0,0,0,0.0,0.0,0,1,0,1,0,123,0,0,2,0,0,0,1,0,1,1,,561,5,4,0,0,1,0,0,0,0,0,0,0,0,0,0,0,,0,0,,,,,,,,
B258,9a56a47e13dbe418f801d9c5f344d56722eb6ad20a068a63674cdd12683b547f,ransomware,TRUE_ENCRYPTION,RAWorld,cape,full,1,10.0,Babuk,237,77,0.8963355956033907,4.888894713295685,5.028639311838574,175,237,14,154,0,11,0.05907172995780591,0.6497890295358649,42,120,22,14,84,140,3,1,8,5,3,4,3,3,2,5,,0,,,0,0,1,8,3,0,0,0,0,0,4,4,38,2,6.4,2,1,1,1,5.6,168,138.5,0,1,
B259,3d2013c2ba0aa1c0475cab186ddf3d9005133fe5f88b5d8604b46673b96a40d8,ransomware,TRUE_ENCRYPTION,Rhysida,cape,full,1,10.0,Rhysida,2012,0,,,,1563,2012,0,2222,0,160,0.0,1.1043737574552683,52,236,1,28,207,129,2,1,0,0,0,0,0,0,2,1,,0,,,1,0,0,163,2,0,0,0,161,0,0,0,0,0,,127,1,0,0,,0,92.5,0,0,
B260,564768d7bbccf0da8dd07759dec843c5fa675f80ba82bfb6b48b153cd85c63a3,ransomware,TRUE_ENCRYPTION,RustyStealer,cape,full,1,9.0,,1351,73,0.15012033250546825,,,1191,1351,3184,2,5,34,2.356772760917839,0.0014803849000740192,86,239,26,25,188,94,0,0,4,0,0,0,1,0,1,1,,2715,2,1,0,1,0,13,0,0,0,0,0,0,2,5,34,8,-243.1,1,1,0,0,,0,518.2,1,1,0.054
B261,6ac8e08c1610cc82bf7d6ee67a53e3a3e3dc72790550d110572ed42a9aa48f43,ransomware,TRUE_ENCRYPTION,Trigona,cape,full,1,8.0,,398,0,,,,1686,398,0,4505,0,0,0.0,11.319095477386934,60,59,16,4,39,142,0,0,7,0,0,0,0,2,0,0,,0,,,0,0,1,0,0,0,0,0,0,0,0,0,0,0,,0,0,,,,,,,,
B262,b6cd9094503f184c05afb851644c079dc177001fa2b2286cdb5861338cdb655a,ransomware,TRUE_ENCRYPTION,Underground,cape,full,1,9.0,,1058,669,0.9088171736544274,,,649,1058,0,0,0,44,0.0,0.0,0,108,0,69,39,46,6,2,5,1,0,4,0,0,0,3,,0,,,0,0,1,25,2,0,6,0,0,0,7,10,15,10,17.6,8,3,0,,,,,,,
B263,86d812544f8e250f1b52a4372aaab87565928d364471d115d669a8cc7ec50e17,ransomware,TRUE_ENCRYPTION,VanHelsing,cape,full,1,9.0,,4382,0,,,,3052,4382,9,4761,5,5,0.002053856686444546,1.0864901871291648,117,162,68,7,87,174,0,0,8,1,0,0,0,0,2,1,libsodium,0,,,0,0,1,6,0,0,0,0,0,0,4,4,38,8,5.2,0,0,,,,,,,,
B264,d551a474ecf0b7d1ba6dda319e3b77fdecf39489eaf14b7d8837002f2d31387b,ransomware,NO_VICTIM_ACTIVITY,WannaCry,cape,full,0,1.5,,0,2,,3.0,3.0,11,0,0,0,0,0,,,0,4,0,0,4,1,0,0,0,0,0,0,0,0,0,0,,0,,,0,1,0,0,0,0,0,0,0,0,0,0,0,0,,0,0,,,,,,,,
B265,89a54d3a38d2364784368a40ab228403f1f1c1926892fe8355aa29d00eb36819,ransomware,TRUE_ENCRYPTION,Yurei,cape,full,1,8.0,,646,0,,,,813,646,0,73,0,0,0.0,0.1130030959752322,9,91,19,54,18,46,0,0,1,0,0,0,0,0,0,0,boost,0,,,0,0,1,0,0,0,0,0,0,0,0,0,0,0,,0,0,,,,,,,,
B266,68b0e1932f3b4439865be848c2d592d5174dbdbaab8f66104a0e5b28c928ee0c,ransomware,NO_VICTIM_ACTIVITY,,cape,full,1,9.0,,143,40,0.017575844007210673,,,464,143,22,2,6,11,0.15384615384615385,0.013986013986013986,10,71,4,26,41,450,0,0,8,1,1,0,5,3,2,3,,596,2,0,0,1,0,10,0,0,0,0,0,0,5,5,48,11,-5.0,0,0,,,,,,,,
B267,aa1f4e8e7066b57f594ebed05e931932277c35495ba407f1f97675c6ce4be5cc,ransomware,TRUE_ENCRYPTION,Akira,cape,full,1,10.0,Akira,696,0,,,,1109,696,255,1,0,17,0.36637931034482757,0.0014367816091954023,2,220,3,20,197,155,0,0,7,1,0,4,0,1,2,2,,0,,,0,0,1,9,0,0,0,0,0,0,6,11,35,20,4.0,0,0,,,,,,,,
B268,e90249a27ea1181ac71f789c0c563d008cf920c5847b41c7a790952139b84808,ransomware,NO_VICTIM_ACTIVITY,Apos,cape,full,1,9.0,,229,0,,,,97,229,1,0,0,4,0.004366812227074236,0.0,1,13,1,4,8,158,0,0,8,0,0,0,0,1,2,0,,2783,2,2,0,0,1,4,0,0,0,0,0,0,1,1,2,0,-374.5,0,0,,,,,,,,
B269,11affbeb18f4d6edcc9a4be5a82f8e23dfc31178887e97119faa5ddc75990494,ransomware,TRUE_ENCRYPTION,BQTLock,cape,full,1,9.0,,1105,53,-0.0007923194385295731,4.127174760050714,5.4182958340544936,1268,1105,2647,2434,0,20,2.395475113122172,2.202714932126697,121,515,97,71,347,412,3,1,7,2,0,0,3,1,3,3,openssl,1815,2,0,0,0,1,17,0,0,0,0,0,0,5,5,30,6,-6.8,2,1,1,1,13.9,5081,610.7,1,1,0.137
B270,78eb838238dad971dcbc46b86491d95e297f3d47dc770de5c43af3163990d31c,ransomware,NO_VICTIM_ACTIVITY,Bert,cape,full,0,8.0,,2231,2139,0.4105973725688715,3.9418075521200837,4.169925001442312,6,2231,0,0,0,0,0.0,0.0,0,167,0,166,1,0,0,0,0,0,0,0,0,0,0,0,,0,,,,,,0,0,0,0,0,0,0,0,0,0,0,,0,0,,,,,,,,
B271,91ffe0ee445b82bd3360156feeecf8112d27c9333f9796caffcfda986fd7e9b4,ransomware,NO_VICTIM_ACTIVITY,BianLian,cape,full,1,6.0,,1,0,,,,0,1,0,0,0,5,0.0,0.0,0,6,0,1,5,39,0,0,2,0,0,0,0,0,1,0,boost,0,,,0,0,1,5,0,0,0,0,0,1,1,1,4,0,0.0,1,1,0,,,,,,,
B272,daf55a9d48dd736fa870acd24cf4ced89b079544051d3bd782195ea9b96d6397,ransomware,TRUE_ENCRYPTION,BlackMatter,cape,full,1,9.0,Scarab-Dharma,345,2,-0.010081162830761842,2.0,2.0,346,345,18,587,63,3,0.05217391304347826,1.701449275362319,25,47,1,23,23,20,0,0,0,0,0,0,0,0,0,0,,0,,,0,1,0,4,0,0,0,0,0,0,1,15,2314,0,-2.1,0,0,,,,,,,,
B273,a82c5abfc976b78a19020e690992a803fae267080d1e3fb30dff552a0ddf73b1,ransomware,FAILED,Cactus,cape,full,1,8.0,,0,0,,,,0,0,0,0,0,0,,,0,0,0,0,0,315,3,1,6,3,0,4,2,3,2,4,openssl,0,,,1,0,0,0,0,0,0,0,0,0,0,0,0,0,,0,0,,,,,,,,
B274,a2254802dd387d0e0ceb61e2849a44b51879f625b89879e29592c80da9d479a2,ransomware,NO_VICTIM_ACTIVITY,Chaos,cape,full,0,10.0,Chaos,0,0,,,,7,0,0,0,2,4,,,0,5,0,0,5,1,0,0,0,0,0,0,0,0,0,0,,0,,,0,0,1,4,0,0,0,0,0,0,1,1,0,0,,0,0,,,,,,,,
B275,d67a475f72ca65fd1ac5fd3be2f1cce2db78ba074f54dc4c4738d374d0eb19c7,ransomware,TRUE_ENCRYPTION,DragonForce,cape,full,1,9.0,Scarab-Dharma,330,10463,-0.05724732513047211,5.0126477526279185,7.346161899458743,2729,330,1,2673,0,6,0.0030303030303030303,8.1,144,525,42,4,479,183,4,1,9,0,0,4,4,4,2,3,,0,,,0,0,1,6,0,0,0,0,0,0,4,4,5,5,-4.5,0,0,,,,,,,,
B276,27a41e375acaa53215d6f5330238720f07b39123d78b3db5b53aa7175fe24dcc,ransomware,FAILED,Embargo,cape,full,1,0.8,,0,0,,,,0,0,0,0,0,0,,,0,0,0,0,0,138,0,0,2,0,0,0,2,2,3,1,,0,,,0,0,1,0,0,0,0,0,0,0,0,0,0,0,,0,0,,,,,,,,
B277,9d29441037295b6a3ab348c6ce9c909a052fca4f7d3f888bdbe626b9da099d73,ransomware,TRUE_ENCRYPTION,Fog,cape,full,1,9.0,,3,0,,,,2,3,0,0,0,4,0.0,0.0,0,6,0,1,5,95,0,0,7,0,0,0,0,0,2,0,,520,1,1,0,0,1,4,0,0,0,0,0,0,3,3,2,0,-13.3,0,0,,,,,,,,
B278,a82e496b7b5279cb6b93393ec167dd3f50aff1557366784b25f9e51cb23689d9,ransomware,TRUE_ENCRYPTION,Gunra,cape,full,1,9.0,ContiV2,2086,2001,0.6546245110346179,4.999662050478176,7.325120841816361,403,2086,9,360,5,5,0.004314477468839885,0.1725790987535954,64,129,92,26,11,101,0,0,6,0,0,0,3,0,2,1,,0,,,0,1,0,6,0,0,0,0,0,0,4,4,25,8,33.2,0,0,,,,,,,,
B279,3e68e5742f998c5ba34c2130b2d89ca2a6c048feb6474bc81ff000e1eaed044e,ransomware,TRUE_ENCRYPTION,INC,cape,full,1,9.0,,695,222,0.5368182220244281,4.884647269330422,5.028639311838574,278,695,5,84,0,4,0.007194244604316547,0.12086330935251799,11,54,12,4,38,162,4,1,7,5,3,4,5,3,2,5,,0,,,0,0,1,4,0,0,0,0,0,0,1,1,7,0,-388.5,0,0,,,,,,,,
B280,dae299469d2d2f836d56b8f8f0a13bd03ba9e6e52e3c9bcddf2c7e1db62e49cf,ransomware,FAILED,Interlock,cape,static_only,0,0.3,,,,,,,,,,,,,,,,,,,,0,0,0,0,0,0,0,0,0,0,0,,0,,,,,,,,,,,,,,,,,,,,,,,,,,,
B281,3e19d1653c08206c55e1f835bd890b067b652b99a7b38bad4d78ad7490c6a0f8,ransomware,NO_VICTIM_ACTIVITY,Medusa,cape,full,1,3.4000000000000004,,628,8,0.08980653970094006,,,262,628,0,0,0,254,0.0,0.0,0,394,0,193,201,150,5,0,7,1,0,0,0,0,2,2,,0,,,0,0,1,255,0,0,255,0,0,0,0,2,0,0,-450.0,246,1,0,,,,,,,
B282,2466416a7469ce26e52b6e6e7e3c3c02fad598ae8d1d6cde32d341039bebfaf2,ransomware,TRUE_ENCRYPTION,Neshta,cape,full,1,10.0,Neshta,912,0,,,,1545,912,237,1,0,4,0.2598684210526316,0.0010964912280701754,2,211,12,43,156,85,0,0,3,0,0,0,0,0,0,0,,3130,2,2,0,0,1,7,0,0,0,0,0,0,5,6,35,10,-7.3,0,0,,,,,,,,
B283,c28d6cbbaa08f1522fd7b89d2f0cfe831604895b49a0abb44db110057b8cb4e8,ransomware,TRUE_ENCRYPTION,Nitrogen,cape,full,1,8.0,,1558,0,,,,1199,1558,0,1205,0,0,0.0,0.7734274711168164,59,170,67,7,96,166,0,0,2,0,0,0,0,3,2,0,,0,,,0,0,1,0,0,0,0,0,0,0,0,0,0,0,,0,0,,,,,,,,
B284,381c3ed7a3b3d3017faaacb917c911aa266c2fb3e648f0e659222ec38148ee3c,ransomware,FAILED,Qilin,cape,full,1,8.0,,1,0,,,,0,1,0,0,0,0,0.0,0.0,0,1,0,1,0,123,0,0,2,0,0,0,1,0,1,1,,561,5,4,0,0,1,0,0,0,0,0,0,0,0,0,0,0,,0,0,,,,,,,,
B285,a13ff5087063e8824fe9ddb4cf8cbf90cf6a17e6ac4ae02a3a6fb73f23128ba6,ransomware,TRUE_ENCRYPTION,RAWorld,cape,full,1,10.0,Babuk,250,96,0.9330756327991504,4.8830600997784535,5.0,142,250,13,172,0,10,0.052,0.688,37,107,28,9,70,140,3,1,8,5,3,4,3,3,2,5,,0,,,0,0,1,8,3,0,0,0,0,0,5,5,24,2,7.8,2,1,1,1,7.2,185,166.3,0,1,
B286,d23a265fb919a4d9401ef60c5aa52d8deda1310a8a1eeb61edbe87f35114f76a,ransomware,TRUE_ENCRYPTION,Rhysida,cape,full,1,5.5,,3964,0,,,,3136,3964,0,670,0,0,0.0,0.16902119071644803,41,284,2,115,167,126,0,0,0,0,0,0,0,0,0,0,,0,,,0,0,1,0,0,0,0,0,0,0,0,0,0,0,,0,0,,,,,,,,
B287,d42b4e9bd0c54df09c9c1925b7eb41f6a877963ededdd0dd463e3d16dfe6cd5d,ransomware,TRUE_ENCRYPTION,RustyStealer,cape,full,1,7.0,,65,119,-0.17024938440354356,,,58,65,58,0,0,0,0.8923076923076924,0.0,10,15,14,1,0,267,7,2,8,0,0,0,1,1,1,2,,0,,,0,0,1,0,0,0,0,0,0,0,0,0,0,0,,0,0,,,,,,,,
B288,6b76be8a263dccee95e02fa51cf9ce20cd1321d939e0b5a6024c27ece82840dc,ransomware,TRUE_ENCRYPTION,Trigona,cape,full,1,5.3,,1803,0,,,,1503,1803,0,4398,0,0,0.0,2.4392678868552413,52,72,13,4,55,142,0,0,7,0,0,0,0,2,0,0,,0,,,0,0,1,0,0,0,0,0,0,0,0,0,0,0,,0,0,,,,,,,,
B289,cc80c74a3592374341324d607d877dcf564d326a1354f3f2a4af58030e716813,ransomware,TRUE_ENCRYPTION,Underground,cape,full,1,10.0,Underground,922,0,,,,1062,922,1,1,0,147,0.0010845986984815619,0.0010845986984815619,1,125,0,25,100,93,0,0,7,3,0,0,0,1,2,1,,0,,,0,0,1,137,1,0,1,0,119,0,6,8,17,3,-115.7,6,2,3,1,302.5,2,0.0,0,1,
B290,f5e122b60390bdcc1a17a24cce0cbca68475ad5abee6b211b5be2dea966c2634,ransomware,TRUE_ENCRYPTION,Yurei,cape,full,1,8.0,,633,0,,,,970,633,0,63,0,0,0.0,0.0995260663507109,10,120,17,75,28,46,0,0,1,0,0,0,0,0,0,0,boost,0,,,0,0,1,0,0,0,0,0,0,0,0,0,0,0,,0,0,,,,,,,,
B291,42a1aded85892a80c83f741a7ac00e7e75015166c3be0bae29d93d3a4714711d,ransomware,TRUE_ENCRYPTION,,cape,full,1,9.0,,4179,0,,,,2498,4179,4999,0,0,10,1.1962191911940656,0.0,10,395,34,96,265,133,2,2,6,0,0,0,0,1,1,1,,0,,,1,0,0,10,0,0,5,0,0,0,0,0,0,0,,10,1,10,1,148.5,4999,406.1,0,1,
B292,d7959a93b70f0a1bb25c08da1f2ff2298e3e6934e7829e5ed148ab8565f59572,ransomware,TRUE_ENCRYPTION,Akira,cape,full,1,10.0,Akira,599,0,,,,1152,599,265,1,0,8,0.44240400667779634,0.001669449081803005,2,222,1,18,203,155,0,0,7,1,0,4,0,1,2,2,,0,,,0,0,1,9,0,0,0,0,0,0,6,8,30,35,7.2,0,0,,,,,,,,
B293,b7796a3b1812f329c43d5d37bbb6d8032b7bc06b15af29f555eb3e0c7b1b1c3d,ransomware,NO_VICTIM_ACTIVITY,BQTLock,cape,full,1,9.0,,2220,43,-0.037080034619201015,5.3557958340544936,5.376629167387827,506,2220,14,0,0,14,0.006306306306306306,0.0,3,339,0,267,72,415,3,1,7,2,0,0,3,1,3,3,openssl,930,1,0,0,0,1,10,0,0,0,0,0,0,3,3,54,6,-6.7,2,1,1,1,12.8,14,628.9,1,1,0.112
B294,bd41ac2686beadc1cb008433960317b648caae37c93d8c0d61ad40fe27b5b67e,ransomware,FAILED,BianLian,cape,full,1,6.0,,0,0,,,,0,0,0,0,0,0,,,0,0,0,0,0,40,0,0,2,0,0,0,0,0,1,0,boost,0,,,0,0,1,0,0,0,0,0,0,1,0,0,4,0,,0,0,,,,,,,,
B295,7192f002384780797b689dcb8dbed4b1016bc2c1a6c9b3cebbe9bfe1fc05e822,ransomware,TRUE_ENCRYPTION,BlackMatter,cape,full,1,9.0,Scarab-Dharma,344,2,-0.010302272891420883,2.0,2.0,374,344,18,582,61,1,0.05232558139534884,1.691860465116279,25,43,1,22,20,20,0,0,0,0,0,0,0,0,0,0,,0,,,0,1,0,1,0,0,0,0,0,0,0,14,2314,0,-1.1,0,0,,,,,,,,
B296,58ea56177cf0e8a863d6e9f11570a3e61239e21e1d0b5667537b7223d4131c42,ransomware,FAILED,Cactus,cape,full,1,8.0,,0,0,,,,0,0,0,0,0,0,,,0,0,0,0,0,315,3,1,6,3,0,4,2,3,2,4,openssl,0,,,1,0,0,0,0,0,0,0,0,0,0,0,0,0,,0,0,,,,,,,,
B297,31e1948d4e15f5eebeeb8c43d57ae0398b39d0edea908df6bcd6e032bbdb93e5,ransomware,NO_VICTIM_ACTIVITY,Chaos,cape,full,0,10.0,Chaos,0,0,,,,8,0,0,0,2,4,,,0,6,0,0,6,1,0,0,0,0,0,0,0,0,0,0,,0,,,0,0,1,4,0,0,0,0,0,0,1,1,0,0,,0,0,,,,,,,,
B298,6782ad0c3efc0d0520dc2088e952c504f6a069c36a0308b88c7daadd600250a9,ransomware,TRUE_ENCRYPTION,DragonForce,cape,full,1,9.0,Scarab-Dharma,409,9871,-0.04507948203566128,5.013057028765477,7.369556132810037,2609,409,9,2433,5,6,0.022004889975550123,5.9486552567237165,144,502,38,13,451,183,4,1,9,0,0,4,4,4,2,3,,0,,,0,0,1,6,0,0,0,0,0,0,4,4,14,13,-7.4,0,0,,,,,,,,
B299,023d722cbbdd04e3db77de7e6e3cfeabcef21ba5b2f04c3f3a33691801dd45eb,ransomware,FAILED,Embargo,cape,static_only,1,0.0,,,,,,,,,,,,,,,,,,,,42,0,0,2,0,0,0,0,0,0,0,,0,,,,,,,,,,,,,,,,,,,,,,,,,,,
B300,f90eed4b7864c8d1af860abd487b58019d919b8be361f67b0dccdc2e36f3729d,ransomware,TRUE_ENCRYPTION,Fog,cape,full,1,9.0,FOG,12284,9555,-0.05522316207225506,7.176449510268124,7.3614259356877865,3942,12284,9,4986,5,87,0.000732660371214588,0.4058938456528818,51,229,30,50,149,95,0,0,7,0,0,0,0,0,2,0,,106,3,3,0,1,0,42,0,0,0,0,0,0,3,6,53,11,-117.8,7,2,7,1,150.7,4995,335.7,0,1,
B301,854e5f77f788bbbe6e224195e115c749172cd12302afca370d4f9e3d53d005fd,ransomware,TRUE_ENCRYPTION,Gunra,cape,full,1,9.0,Scarab-Dharma,2098,4705,0.015322556403091004,5.1749480111687225,7.379967010207628,1297,2098,9,1439,5,6,0.004289799809342231,0.6858913250714966,68,187,92,26,69,71,0,0,5,0,0,0,3,0,2,1,,0,,,0,1,0,7,0,0,0,0,0,0,4,4,25,8,33.9,0,0,,,,,,,,
B302,432f549e9a2a76237133e9fe9b11fbb3d1a7e09904db5ccace29918e948529c6,ransomware,TRUE_ENCRYPTION,INC,cape,full,1,9.0,,687,182,0.8546104544340674,4.900594011955259,5.087462841250338,304,687,5,83,0,4,0.00727802037845706,0.12081513828238719,15,53,14,2,37,160,4,1,7,5,3,4,5,3,2,5,,0,,,0,0,1,4,0,0,0,0,0,0,2,2,8,0,-0.2,0,0,,,,,,,,
B303,b85586f95412bc69f3dceb0539f27c79c74e318b249554f0eace45f3f073c039,ransomware,TRUE_ENCRYPTION,Interlock,cape,full,1,9.0,,1,0,,,,0,1,0,202,0,0,0.0,202.0,17,53,0,1,52,111,0,0,1,0,0,0,0,0,0,0,boost,140,2,2,0,0,1,0,0,0,0,0,0,0,0,17,0,0,1.5,0,0,,,,,,,,
B304,736de79e0a2d08156bae608b2a3e63336829d59d38d61907642149a566ebd270,ransomware,NO_VICTIM_ACTIVITY,Medusa,cape,full,1,5.9,,566,244,0.04188544438996388,6.175021192358301,6.376825800964972,234,566,3,1,0,211,0.00530035335689046,0.0017667844522968198,3,329,0,161,168,150,5,0,7,1,0,0,0,0,2,2,,0,,,0,0,1,212,0,0,205,0,0,0,3,4,15,3,-118.6,198,1,0,0,,0,315.4,136,1,0.019
B305,d5a4c1464dc07be363fabcd46840557f2aaf9cde5de5029a709f4fa8f8e2aa11,ransomware,TRUE_ENCRYPTION,Neshta,cape,full,1,10.0,Neshta,987,0,,,,1499,987,229,1,0,4,0.232016210739615,0.0010131712259371835,2,216,15,38,163,85,0,0,3,0,0,0,0,0,0,0,,3300,2,2,0,0,1,7,0,0,0,0,0,0,5,6,24,0,-4.8,0,0,,,,,,,,
B306,08c4e99a0bd2c88d0d96f0c688557fbb27c027ce3fbad861925961c86eb35ec1,ransomware,FAILED,Nitrogen,cape,static_only,0,0.3,,,,,,,,,,,,,,,,,,,,0,0,0,0,0,0,0,0,0,0,0,,0,,,,,,,,,,,,,,,,,,,,,,,,,,,
B307,5b358f7cb6c2f16badbb476f7fa7515d4c142a1c1c47e22ab058155aa3120ba1,ransomware,FAILED,Qilin,cape,full,1,8.0,,1,0,,,,0,1,0,0,0,0,0.0,0.0,0,1,0,1,0,123,0,0,2,0,0,0,1,0,1,1,,561,5,4,0,0,1,0,0,0,0,0,0,0,0,0,0,0,,0,0,,,,,,,,
B308,a272ee1f73060773959a897d67e565f19c726eab0e20bbf2f78203f61def72c6,ransomware,TRUE_ENCRYPTION,RAWorld,cape,full,1,10.0,Babuk,252,93,0.9131484731666761,4.884909842408946,5.028639311838574,160,252,14,177,0,10,0.05555555555555555,0.7023809523809523,45,117,26,16,75,140,3,1,8,5,3,4,3,3,2,5,,0,,,0,0,1,7,3,0,0,0,0,0,3,3,27,2,1.2,2,1,1,1,5.2,191,156.4,0,1,
B309,9ddb239d7c1ca00e5cf13cd6b1f816bdba30792b1f26cef2ca807336bd0b3802,ransomware,TRUE_ENCRYPTION,Rhysida,cape,full,1,6.0,,922,0,,,,1103,922,1,2208,0,1,0.0010845986984815619,2.3947939262472886,55,158,1,52,105,145,2,1,0,0,0,0,0,0,2,1,,0,,,1,0,0,1,0,0,0,0,0,0,0,0,0,0,,0,0,,,,,,,,
B310,57aebadf554e03a405a30d8ddad8caa8cfe9fa86eb32f672066dcf63691481ca,ransomware,FAILED,RustyStealer,cape,full,1,1.7,,0,0,,,,0,0,0,0,0,0,,,0,0,0,0,0,256,7,2,8,0,0,0,1,1,1,2,,0,,,1,0,0,0,0,0,0,0,0,0,0,0,0,0,,0,0,,,,,,,,
B311,7826026ea206063d12d79692ca5f63d879beac9796bb54792f71a2bc8bc16b4c,ransomware,TRUE_ENCRYPTION,Trigona,cape,full,1,8.0,,1478,0,,,,1762,1478,0,4354,0,0,0.0,2.945872801082544,53,70,14,5,51,142,0,0,7,0,0,0,0,2,0,0,,0,,,0,0,1,0,0,0,0,0,0,0,0,0,0,0,,0,0,,,,,,,,
B312,56ccc7562cea5da87146fcc74b158051bf4e52e5e163ad4e810a417726382975,ransomware,TRUE_ENCRYPTION,Underground,cape,full,1,9.0,,1158,669,0.9511079758507306,,,674,1158,0,0,0,47,0.0,0.0,0,110,0,68,42,46,6,2,5,1,0,4,0,0,0,3,,0,,,0,0,1,25,2,0,6,0,0,0,7,12,15,10,17.9,8,3,0,,,,,,,
B313,49c720758b8a87e42829ffb38a0d7fe2a8c36dc3007abfabbea76155185d2902,ransomware,TRUE_ENCRYPTION,Yurei,cape,full,1,9.0,,390,0,,,,254,390,64,120,0,0,0.1641025641025641,0.3076923076923077,16,70,53,11,6,46,0,0,1,0,0,0,0,0,0,0,boost,1423,0,0,0,0,1,0,0,0,0,0,0,0,0,0,0,0,,0,0,,,,,,,,
B314,139480e1c4ae77b2b865460af38b48ad32fbc8a68c3c657baac3ab3896226192,ransomware,NO_VICTIM_ACTIVITY,,cape,full,1,7.0,,0,0,,,,1,0,0,0,0,0,,,0,1,0,0,1,375,0,0,3,0,0,0,2,0,0,1,,0,,,0,0,1,0,0,0,0,0,0,0,0,0,4,0,,0,0,,,,,,,,
B315,c8c7515ca777b92b6f6a355e0ff5d0f4f712bb13d6d5735789a09fc3ed7de8fa,ransomware,TRUE_ENCRYPTION,Akira,cape,full,1,10.0,Akira,752,0,,,,1177,752,245,1,0,17,0.3257978723404255,0.0013297872340425532,2,220,3,23,194,155,0,0,7,1,0,4,0,1,2,2,,0,,,0,0,1,9,0,0,0,0,0,0,5,12,35,19,2.2,0,0,,,,,,,,
B316,a6a397fec6c109a1402c6f1144d647843b2093f65fedd27204b40ebeea0640b6,ransomware,TRUE_ENCRYPTION,BQTLock,cape,full,1,9.0,,1758,44,0.021376151097737568,5.4807958340544936,5.5016291673878275,1805,1758,2098,1908,0,13,1.193401592718999,1.0853242320819112,125,547,111,77,359,412,3,1,7,2,0,0,3,1,3,3,openssl,1658,2,0,0,0,1,10,0,0,0,0,0,0,2,2,46,6,-6.7,2,1,0,0,,0,641.8,2,1,0.036
B317,93953eef3fe8405d563560dc332135bfe5874ddeb373d714862f72ee62bef518,ransomware,FAILED,BianLian,cape,full,1,6.0,,0,0,,,,0,0,0,0,0,0,,,0,0,0,0,0,39,0,0,2,0,0,0,0,0,1,0,boost,0,,,0,0,1,0,0,0,0,0,0,1,0,0,4,0,,0,0,,,,,,,,
B318,da07675216728cb7d30452040da92a37bc235b01433afef3c58471d5d73295fa,ransomware,TRUE_ENCRYPTION,BlackMatter,cape,full,1,9.0,Scarab-Dharma,340,2,-0.01141709704990062,2.0,2.0,394,340,18,589,63,3,0.052941176470588235,1.7323529411764707,25,54,1,26,27,20,0,0,0,0,0,0,0,0,0,0,,0,,,0,1,0,4,0,0,0,0,0,0,0,14,2314,0,-0.9,0,0,,,,,,,,
B319,d7da599c59de7fa5a42044665f8e6eeef7b313a2733886a24a8732e8689f4df4,ransomware,FAILED,Cactus,cape,full,1,8.0,,0,0,,,,0,0,0,0,0,0,,,0,0,0,0,0,313,3,1,6,3,0,4,2,3,2,4,openssl,0,,,1,0,0,0,0,0,0,0,0,0,0,0,0,0,,0,0,,,,,,,,
B320,b032335922778ce4091c5f11f9906e479b82d7b02aecc6b268a45ce7b0d14fcd,ransomware,NO_VICTIM_ACTIVITY,Chaos,cape,full,0,10.0,Chaos,36,48,0.2705887689209327,1.9895833333333333,2.0,32,36,12,0,0,17,0.3333333333333333,0.0,1,44,2,18,24,1,0,0,0,0,0,0,0,0,0,0,,0,,,0,1,0,12,0,0,0,0,0,0,2,2,2,0,0.8,0,0,,,,,,,,
B321,8a193db0ff08237f63c036d422f52276a4e575476763dc391455ed5b12269c07,ransomware,TRUE_ENCRYPTION,DragonForce,cape,full,1,9.0,Scarab-Dharma,330,9542,-0.05053344412769567,5.011130851142737,7.363713108035782,2442,330,1,2323,0,7,0.0030303030303030303,7.039393939393939,146,503,31,15,457,183,4,1,9,0,0,4,4,4,2,3,,0,,,0,0,1,6,0,0,0,0,0,0,4,4,5,5,-7.3,0,0,,,,,,,,
B322,5b2988629166055e31f783637d272bfa8f74b836621db30e16b7fb9440f979eb,ransomware,TRUE_ENCRYPTION,Embargo,cape,full,1,9.0,,729,0,,,,593,729,9,1972,0,20,0.012345679012345678,2.7050754458161865,49,118,9,20,89,253,2,2,7,5,4,4,5,4,1,5,,0,,,1,0,0,15,0,2,0,0,0,0,2,3,61,67,-1.6,1,1,0,0,,0,327.0,1,1,0.027
B323,44494f7c30d86199c94ce582b269ab1b0f345f362af1f5a4e9eeed63304b4809,ransomware,TRUE_ENCRYPTION,Fog,cape,full,1,9.0,FOG,12341,7518,-0.04390454131340007,7.176486945254564,7.376291063453753,4059,12341,9,4998,5,41,0.0007292763957539907,0.40499149177538285,51,197,32,54,111,95,0,0,7,0,0,0,0,0,2,0,,106,3,3,0,1,0,40,0,0,0,0,0,0,2,4,40,8,-16.2,7,2,7,1,164.2,5007,278.0,0,1,
B324,468e3c2cb5b0bbc3004bbf5272f4ece5c979625f7623e6d71af5dc0929b89d6a,ransomware,TRUE_ENCRYPTION,INC,cape,full,1,9.0,,724,206,0.8843677869399817,4.893043792251125,5.087462841250338,345,724,5,96,0,4,0.006906077348066298,0.13259668508287292,18,55,18,2,35,160,4,1,7,5,3,4,5,3,2,5,,0,,,0,0,1,4,0,0,0,0,0,0,2,2,9,0,-0.3,0,0,,,,,,,,
B325,0065b818525d8a364f5d9e4b801e3408dad6576ce6d8ca5c01b19c3857a08d64,ransomware,NO_VICTIM_ACTIVITY,Medusa,cape,full,1,3.4000000000000004,,625,8,0.09098251889398232,,,264,625,0,0,0,254,0.0,0.0,0,387,0,196,191,150,5,0,7,1,0,0,0,0,2,2,,0,,,0,0,1,255,0,0,255,0,0,0,0,2,0,0,-461.7,244,1,0,,,,,,,
B326,1f8d8b9ec669ff3112e091db6fa2b163fc53aa9f8ddb03bd3042c017d1397a28,ransomware,TRUE_ENCRYPTION,Neshta,cape,full,1,10.0,Neshta,1531,0,,,,1499,1531,0,1110,0,5,0.0,0.7250163291966035,58,189,93,12,84,85,0,0,3,0,0,0,0,0,0,0,,4076,0,0,0,0,1,6,0,0,0,0,0,0,2,2,3,0,-5.1,0,0,,,,,,,,
B327,e6a498b89aa04d7c25cbfa96599a4cd9bdcc79e73bf7b09906e5ca85bda2bff6,ransomware,TRUE_ENCRYPTION,Nitrogen,cape,full,1,8.0,,1501,0,,,,1340,1501,0,1191,0,0,0.0,0.793471019320453,61,168,69,3,96,166,0,0,2,0,0,0,0,3,2,0,,0,,,0,0,1,0,0,0,0,0,0,0,0,0,0,0,,0,0,,,,,,,,
B328,650a03c40c45eef3590058c37de8ea2e978c9c69f289390b2ab89be3910549fb,ransomware,NO_VICTIM_ACTIVITY,Qilin,cape,full,0,8.0,,3,120,0.2588977162871043,,,3,3,0,0,0,1,0.0,0.0,0,2,0,2,0,4,0,0,0,0,0,0,0,0,0,0,,687,5,5,0,1,0,1,0,0,0,0,0,0,0,0,0,0,,0,0,,,,,,,,
B329,3c3088afd47537d8504fc27f2bd4a6595a000c504c8725d38cb86d3db8140ca2,ransomware,TRUE_ENCRYPTION,RAWorld,cape,full,1,10.0,Babuk,237,103,0.9199231371297304,4.879925223711673,5.028639311838574,152,237,15,167,0,10,0.06329113924050633,0.7046413502109705,36,113,18,11,84,140,3,1,8,5,3,4,3,3,2,5,,0,,,0,0,1,7,3,0,0,0,0,0,3,3,27,1,2.1,2,1,1,1,5.9,182,158.4,1,1,0.91
B330,57a2401758b5282090f145623041a6c3805663de137505a7095df9e0271b4602,ransomware,FAILED,Rhysida,cape,static_only,0,0.8,,,,,,,,,,,,,,,,,,,,6,1,1,0,0,0,0,0,0,0,1,,0,,,,,,,,,,,,,,,,,,,,,,,,,,,
B331,0ae6570d9e659ffd5efc1e3f9faca696bd12b66b8d125b1159aee9e5251a4d79,ransomware,NO_VICTIM_ACTIVITY,RustyStealer,cape,full,1,9.0,,271,4306,-0.025223574641682643,6.259173153122477,6.476157391559539,607,271,24,0,8,51,0.08856088560885608,0.0,3,252,4,37,211,212,0,0,7,0,0,0,1,0,2,1,,0,,,0,1,0,26,1,2,0,0,0,1,4,4,25,3,-88.6,10,4,1,1,4.6,24,694.3,9,1,0.103
B332,78c0d81bd989715dc49de24a78ab5d5d01b2f41f0e14188218231ef47bf2a9e2,ransomware,TRUE_ENCRYPTION,Trigona,cape,full,1,8.0,,1945,0,,,,1542,1945,0,4429,0,0,0.0,2.277120822622108,47,72,20,4,48,142,0,0,7,0,0,0,0,2,0,0,,0,,,0,0,1,0,0,0,0,0,0,0,0,0,0,0,,0,0,,,,,,,,
B333,0665b7edb08806e5a0666a6888dcab0fabc8b54c89fd0be24100c7e93131be95,ransomware,TRUE_ENCRYPTION,,cape,full,1,8.0,Scarab-Dharma,424,0,,,,615,424,0,338,0,0,0.0,0.7971698113207547,14,27,18,1,8,60,0,0,0,0,0,0,0,0,1,0,,0,,,0,0,1,0,0,0,0,0,0,0,0,0,0,0,,0,0,,,,,,,,
B334,cb9d4202d4f495091a046b7fc3fdaa9306343b8402b741a45e3add7cafc95eee,ransomware,TRUE_ENCRYPTION,Akira,cape,full,1,10.0,Akira,677,455,-0.013162674508782802,6.343015560329059,6.476157391559539,1182,677,252,1,0,8,0.3722304283604136,0.0014771048744460858,4,215,4,18,193,155,0,0,7,1,0,4,0,1,2,2,,0,,,0,1,0,7,1,0,0,0,0,0,6,8,39,13,-11.6,0,0,,,,,,,,
B335,4369aed581de0fe84c25a1ef2c3cf0bb6bf70df8b51fdf38b3b0b2a55f43261b,ransomware,NO_VICTIM_ACTIVITY,BQTLock,cape,full,1,9.0,,139,18,0.11958889246343651,,,154,139,9,2,5,37,0.06474820143884892,0.014388489208633094,3,94,1,36,57,407,3,1,7,2,0,0,5,1,2,3,openssl,0,,,0,0,1,22,2,2,0,0,0,0,5,7,170,9,-7.3,5,3,5,1,256.1,11,242.6,0,1,
B336,264af7e7aa17422eb4299df640c1aa199b4778509697b6b296efa5ae7e957b40,ransomware,FAILED,BianLian,cape,full,1,6.0,,0,0,,,,0,0,0,0,0,0,,,0,0,0,0,0,40,0,0,2,0,0,0,0,0,1,0,boost,0,,,0,0,1,0,0,0,0,0,0,1,0,0,4,0,,0,0,,,,,,,,
B337,aca01073676a7e2003ac7af9b27b9aa54c076ea94cf4c9627828b12955261aeb,ransomware,TRUE_ENCRYPTION,BlackMatter,cape,full,1,9.0,Scarab-Dharma,113,0,,,,404,113,16,303,89,5,0.1415929203539823,2.6814159292035398,22,23,2,5,16,24,0,0,0,0,0,0,0,0,0,0,,0,,,0,0,1,6,0,0,0,0,0,0,1,13,25,8,0.7,0,0,,,,,,,,
B338,825d84edff4b9fffac7fd9a33df33c87b5d07993ada881f451c1efef4a206c88,ransomware,NO_VICTIM_ACTIVITY,Cactus,cape,full,0,8.0,,0,0,,,,0,0,0,0,0,0,,,0,0,0,0,0,12,0,0,0,0,0,1,0,0,0,1,openssl,351,4,3,0,0,1,0,0,0,0,0,0,0,0,0,0,0,,0,0,,,,,,,,
B339,0a0f1e0ef771046285f78b7af20aac3384b521dbbf6bc69ca6d559cc15d9f97e,ransomware,NO_VICTIM_ACTIVITY,Chaos,cape,full,0,10.0,Chaos,1,4,-0.004496710173672246,3.0,3.0,33,1,1,0,0,4,1.0,0.0,1,11,0,1,10,1,0,0,0,0,0,0,0,0,0,0,,0,,,0,1,0,4,0,0,0,0,0,0,1,1,1,0,-387.0,0,0,,,,,,,,
B340,70afd8efb34382badead93ae104d958256de6be8054227ccc85fe95d5c5f9db0,ransomware,TRUE_ENCRYPTION,DragonForce,cape,full,1,9.0,Scarab-Dharma,355,9768,-0.018025981242529427,5.01270279690496,7.351062848555699,2486,355,1,2402,0,7,0.0028169014084507044,6.766197183098591,146,504,34,6,464,183,4,1,9,0,0,4,4,4,2,3,,0,,,0,0,1,6,0,0,0,0,0,0,4,4,5,5,-5.6,0,0,,,,,,,,
B341,0d2619844a3ab68ee18c3a4768b10e6b8aea31143023277883b7ff9f7a9e55ca,ransomware,NO_VICTIM_ACTIVITY,Embargo,cape,full,1,4.5,,1,0,,,,0,1,0,0,0,0,0.0,0.0,0,1,0,1,0,163,2,2,6,0,0,0,2,2,3,2,,0,,,1,0,0,0,0,0,0,0,0,1,0,0,4,0,,0,0,,,,,,,,
B342,8e209e4f7f10ca6def27eabf31ecc0dbb809643feaecb8e52c2f194daa0511aa,ransomware,TRUE_ENCRYPTION,Fog,cape,full,1,9.0,FOG,12489,9541,-0.0559972466084324,7.175777095535966,7.363788779919766,3900,12489,9,4999,5,83,0.000720634158059092,0.4002722395708223,51,222,28,56,138,96,0,0,7,0,0,0,0,0,2,0,,106,3,3,0,1,0,42,0,0,0,0,0,0,1,3,40,8,-141.2,7,2,7,1,133.2,5008,314.6,0,1,
B343,571f5de9dd0d509ed7e5242b9b7473c2b2cbb36ba64d38b32122a0a337d6cf8b,ransomware,TRUE_ENCRYPTION,INC,cape,full,1,9.0,,868,266,0.8887752991310788,4.887592162507646,5.028639311838573,406,868,5,107,0,4,0.00576036866359447,0.12327188940092165,21,66,22,1,43,159,4,1,7,5,3,4,5,3,2,5,,0,,,0,0,1,4,0,0,0,0,0,0,2,2,8,0,0.9,0,0,,,,,,,,
B344,0382f4930cb892b43c80ef147ad617c332a7c2e298502ef0e6663b2b48319460,ransomware,NO_VICTIM_ACTIVITY,Medusa,cape,full,1,3.4000000000000004,,620,8,0.08874150516728226,,,246,620,0,0,0,246,0.0,0.0,0,383,0,181,202,150,5,0,7,1,0,0,0,0,2,2,,0,,,0,0,1,247,0,0,247,0,0,0,0,2,0,0,-453.6,246,1,0,,,,,,,
B345,c9fd60a7a3974913a39a4dcdad4b4ccaeb93b614741af2eb7ee0d892130689d8,ransomware,WEAK_VICTIM_ACTIVITY,Neshta,cape,full,1,10.0,Neshta,292,0,,,,685,292,9,2,5,9,0.030821917808219176,0.00684931506849315,3,73,3,36,34,85,0,0,3,0,0,0,0,0,0,0,,3701,1,1,0,0,1,9,0,0,0,0,0,0,4,5,41,11,-120.2,0,0,,,,,,,,
B346,0db5c55ef52e89401a668f59bf4f69391f4632447c51483bb64749d7f2123916,ransomware,TRUE_ENCRYPTION,Nitrogen,cape,full,1,8.0,,1520,0,,,,1216,1520,0,1130,0,0,0.0,0.743421052631579,64,165,65,9,91,166,0,0,2,0,0,0,0,3,2,0,,0,,,0,0,1,0,0,0,0,0,0,0,0,0,0,0,,0,0,,,,,,,,
B347,d628914c72a4294d6b67126eb8b5a08fa4974d05469852cb7ef872721b207498,ransomware,FAILED,Qilin,cape,full,1,8.0,,1,0,,,,0,1,0,0,0,0,0.0,0.0,0,1,0,1,0,123,0,0,2,0,0,0,1,0,1,1,,561,5,4,0,0,1,0,0,0,0,0,0,0,0,0,0,0,,0,0,,,,,,,,
B348,3e3c7d3f5f93d7bf260aca7612b4dbc5d0e90992841f7e6826d7fb7fa3abe044,ransomware,TRUE_ENCRYPTION,RAWorld,cape,full,1,10.0,Babuk,275,96,0.9309225688113616,4.8833116651155,5.0,167,275,14,191,0,10,0.05090909090909091,0.6945454545454546,40,117,21,8,88,140,3,1,8,5,3,4,3,3,2,5,,0,,,0,0,1,7,3,0,0,0,0,0,4,4,21,1,8.2,2,1,1,1,7.4,205,150.7,0,1,
B349,b55ecbddcbed916481ad537807cd3e33cb71814be6ce8e03eb63b629ccb8c692,ransomware,TRUE_ENCRYPTION,Rhysida,cape,full,1,10.0,Rhysida,1111,0,,,,1038,1111,0,2051,0,62,0.0,1.846084608460846,55,220,1,60,159,135,2,1,0,0,0,0,0,0,2,1,,0,,,1,0,0,63,3,0,0,0,60,0,0,0,0,0,,44,2,0,0,,0,218.3,0,0,
B350,431194da56ac840593ffc09ed03fcca3c328100b0e0ba43b19674f0a416874e9,ransomware,TRUE_ENCRYPTION,RustyStealer,cape,full,1,6.0,,1085,27,-0.014907817660301064,,,1783,1085,9,3552,5,7,0.008294930875576038,3.273732718894009,105,229,82,11,136,292,5,0,8,0,0,0,1,1,1,2,,0,,,0,0,1,7,0,0,0,0,0,0,2,2,11,8,-3.8,0,0,,,,,,,,
B351,0272a8168ae5a28425123f70b59812e10ead08bf85a3aef231cb17e05e014afd,ransomware,TRUE_ENCRYPTION,Trigona,cape,full,1,8.0,,1947,0,,,,1543,1947,0,4438,0,0,0.0,2.2794042116076016,52,67,14,4,49,142,0,0,7,0,0,0,0,2,0,0,,0,,,0,0,1,0,0,0,0,0,0,0,0,0,0,0,,0,0,,,,,,,,
B352,b2f915cbf1a2b6879d278f613b13d790de9a460759142f30457c3238e598e077,ransomware,TRUE_ENCRYPTION,,cape,full,1,9.0,Scarab-Dharma,594,0,,,,131,594,0,130,0,0,0.0,0.21885521885521886,21,25,24,1,0,271,2,2,8,4,0,0,2,1,2,3,,0,,,1,0,0,0,0,0,0,0,0,0,0,0,0,0,,0,0,,,,,,,,
B353,4afda03ddeb1c62a1f87765ea383f920621134c3f6362959cb9993c24752fcb0,ransomware,TRUE_ENCRYPTION,Akira,cape,full,1,10.0,Akira,730,458,-0.01225117060836515,6.27702576890442,6.476157391559539,1165,730,252,1,0,21,0.3452054794520548,0.0013698630136986301,3,232,3,20,209,155,0,0,7,1,0,4,0,1,2,2,,0,,,0,1,0,11,1,0,0,0,0,0,7,10,38,13,-15.6,0,0,,,,,,,,
B354,b09117026afdd58f26c2a469df134f97a168fd881e2b7d4a16c3cc26527b54f6,ransomware,TRUE_ENCRYPTION,BianLian,cape,full,0,8.0,,387,0,,,,87,387,0,24,0,0,0.0,0.06201550387596899,8,35,7,25,3,4,0,0,0,0,0,0,0,0,0,0,,3,0,0,0,0,1,0,0,0,0,0,0,0,0,0,0,0,,0,0,,,,,,,,
B355,77ebb550f38da3f28a65940a4c665ae3a679249ad906aa39387568a1f7ddd3fa,ransomware,TRUE_ENCRYPTION,BlackMatter,cape,full,1,9.0,Scarab-Dharma,150,0,,,,907,150,16,407,106,9,0.10666666666666667,2.7133333333333334,25,71,2,20,49,24,0,0,0,0,0,0,0,0,0,0,,0,,,0,0,1,8,0,0,0,0,0,0,4,17,47,11,-0.4,0,0,,,,,,,,
B356,bfc53b4167f17b426bae9625454e8cb14dba407033415c194ea071db2270b4fb,ransomware,NO_VICTIM_ACTIVITY,Cactus,cape,full,0,8.0,,0,0,,,,0,0,0,0,0,0,,,0,0,0,0,0,12,0,0,0,0,0,1,0,0,0,1,openssl,351,4,3,0,0,1,0,0,0,0,0,0,0,0,0,0,0,,0,0,,,,,,,,
B357,954d8fcd6b74d76999f9ec033ca855ffdab6595be23039f03bc4c6017fa3932c,ransomware,NO_VICTIM_ACTIVITY,Chaos,cape,full,0,10.0,Chaos,0,0,,,,7,0,0,0,2,4,,,0,6,0,0,6,1,0,0,0,0,0,0,0,0,0,0,,0,,,0,0,1,4,0,0,0,0,0,0,1,1,0,0,,0,0,,,,,,,,
B358,a399a293cc3f25f6250ebee65e6e60e818831925769d540354275e9ad87bb5bb,ransomware,TRUE_ENCRYPTION,DragonForce,cape,full,1,9.0,Scarab-Dharma,353,9386,-0.043152893924097935,5.010743974706246,7.355945642664865,2351,353,1,2303,0,19,0.0028328611898017,6.524079320113314,147,504,39,7,458,183,4,1,9,0,0,4,4,4,2,3,,0,,,0,0,1,8,0,0,0,0,0,0,5,10,5,5,-5.0,0,0,,,,,,,,
B359,100cbf5578cfd03950c8606c6131a85635a8278696d3d64ecb629fa09af449e9,ransomware,TRUE_ENCRYPTION,Fog,cape,full,0,9.0,FOG,12480,9528,-0.060057968473272674,7.175636154380609,7.38457470694674,4045,12480,9,4998,5,84,0.0007211538461538462,0.40048076923076925,51,243,36,55,152,8,0,0,0,0,0,0,0,0,0,0,,202,3,3,0,1,0,42,0,0,0,0,0,0,4,6,53,11,-113.9,7,2,7,1,135.7,5007,324.2,0,1,
B360,589ff3a5741336fa7c98dbcef4e8aecea347ea0f349b9949c6a5f6cd9d821a23,ransomware,TRUE_ENCRYPTION,INC,cape,full,1,9.0,,706,186,0.8433898577572433,4.885196098897795,5.028639311838573,374,706,14,75,5,30,0.019830028328611898,0.10623229461756374,14,70,17,8,45,161,4,1,7,5,3,4,5,3,2,5,,0,,,0,0,1,13,0,0,0,0,0,0,4,8,31,11,-111.3,0,0,,,,,,,,
B361,08b74bb2d6ec9bbdabdd92fb32d8322d2e08b45b0be069c7429675d33d5060c7,ransomware,NO_VICTIM_ACTIVITY,Medusa,cape,full,1,3.4000000000000004,,593,8,0.08998046873749045,,,240,593,0,0,0,237,0.0,0.0,0,365,0,166,199,150,5,0,7,1,0,0,0,0,2,2,,0,,,0,0,1,238,0,0,238,0,0,0,0,2,0,0,-486.8,234,1,0,,,,,,,
B362,f43815dc58586fdf0bbe3cb3e2c06e48285507524cdcabdd857f0a6ff49fec4b,ransomware,TRUE_ENCRYPTION,Neshta,cape,full,1,10.0,Neshta,248,0,,,,379,248,9,3,5,8,0.036290322580645164,0.012096774193548387,3,42,3,25,14,85,0,0,3,0,0,0,0,0,0,0,libsodium,3749,1,1,0,0,1,8,0,0,0,0,0,0,5,5,39,11,-13.2,0,0,,,,,,,,
B363,779576719a9c400a7a4abed0386e2111eb331160572c91a2fd8eaa1a7d6e6c63,ransomware,FAILED,Nitrogen,cape,static_only,1,1.3,,,,,,,,,,,,,,,,,,,,166,0,0,2,0,0,0,0,3,2,0,,0,,,,,,,,,,,,,,,,,,,,,,,,,,,
B364,1455a215def8fe3c7053a21e748d20bcef586014b3d000b9f8e64be6ed99addd,ransomware,FAILED,Qilin,cape,full,1,8.0,,1,0,,,,0,1,0,0,0,0,0.0,0.0,0,1,0,1,0,123,0,0,2,0,0,0,1,0,1,1,,561,5,4,0,0,1,0,0,0,0,0,0,0,0,0,0,0,,0,0,,,,,,,,
B365,3e5ca77f299d56fad7ebca8259eecd6f47efce6265e8ed621e7b7081f9230cdc,ransomware,TRUE_ENCRYPTION,RAWorld,cape,full,1,10.0,Babuk,247,85,0.8776492396719326,4.872722784081197,5.0,151,247,13,153,0,10,0.05263157894736842,0.6194331983805668,35,117,19,16,82,140,3,1,8,5,3,4,3,3,2,5,,0,,,0,0,1,7,3,0,0,0,0,0,4,4,36,2,10.5,2,1,1,1,10.6,166,150.8,0,1,
B366,a78fa1ecadc46870c17e458ab427bad6586b74c7d3e8472f6d8448832ccb20f1,ransomware,TRUE_ENCRYPTION,Rhysida,cape,full,1,10.0,Rhysida,994,0,,,,977,994,0,2049,0,57,0.0,2.061368209255533,53,216,0,63,153,135,2,1,0,0,0,0,0,0,2,1,,0,,,1,0,0,58,3,0,0,0,55,0,0,0,0,0,,32,2,0,0,,0,223.2,0,0,
B367,ca3e83f9ce6b215baa2d930c7afb4f04e47683d6e198c9348af7fa96168054f6,ransomware,FAILED,RustyStealer,cape,full,1,8.0,,1,0,,,,1,1,0,0,0,0,0.0,0.0,0,1,0,1,0,94,0,0,3,0,0,0,2,0,2,1,,0,,,0,0,1,0,0,0,0,0,0,0,0,0,0,0,,0,0,,,,,,,,
B368,05283a213c1a3b09e71c7c153a75e86723add89ff41dfc9d0a7ca3d12cb6bbd1,ransomware,TRUE_ENCRYPTION,Trigona,cape,full,1,8.0,,1302,0,,,,1737,1302,0,4436,0,0,0.0,3.4070660522273424,51,76,18,5,53,142,0,0,7,0,0,0,0,2,0,0,,0,,,0,0,1,0,0,0,0,0,0,0,0,0,0,0,,0,0,,,,,,,,
B369,5eeef93bf1ec0664067bca6c0f074d237d056741ed1fc78a846b00f08a859f43,ransomware,TRUE_ENCRYPTION,,cape,full,1,9.0,Scarab-Dharma,1060,0,,,,233,1060,0,219,0,0,0.0,0.20660377358490567,30,35,31,3,1,271,2,2,8,4,0,0,2,1,2,3,,0,,,1,0,0,0,0,0,0,0,0,0,0,0,0,0,,0,0,,,,,,,,
B370,2a9257c6c74e37d051f78ed5abaa620b71b27fa3604798af077256a128d911bb,ransomware,TRUE_ENCRYPTION,Akira,cape,full,1,10.0,Akira,1322,21470,-0.05739299141631987,5.65479370128965,7.358528196961217,1006,1322,9,2,5,19,0.00680786686838124,0.0015128593040847202,3,73,2,49,22,148,6,1,6,1,0,4,0,0,2,3,,0,,,0,0,1,9,0,0,0,0,0,0,5,10,66,33,2.7,0,0,,,,,,,,
B371,1f7675ec795ad551a15fc45a8f4b8b0a948d7004dc703f46e20f3a8b763e462f,ransomware,NO_VICTIM_ACTIVITY,BianLian,cape,full,1,7.0,,1081,6,-0.21297838499398408,6.15945991410412,7.165962914203796,1005,1081,119,0,0,2,0.11008325624421832,0.0,5,45,1,19,25,108,0,0,7,1,0,0,1,1,2,2,boost;openssl,0,,,0,1,0,2,0,0,0,0,0,0,0,0,0,0,,0,0,,,,,,,,
B372,bf1c0e2ca07484fafc27ac89aabbcb7b8ddfbc271fd8e6f11da9886e1713615d,ransomware,TRUE_ENCRYPTION,BlackMatter,cape,full,1,9.0,Scarab-Dharma,60,2,-0.004656088410050118,2.0,2.0,3217,60,15,4857,1805,20,0.25,80.95,104,199,1,0,198,25,0,0,0,0,0,0,0,0,0,0,,0,,,0,1,0,9,0,0,0,0,0,0,4,24,2323,8,0.7,0,0,,,,,,,,
B373,78c16de9fc07f1d0375a093903f86583a4e32037a7da8aa2f90ecb15c4862c17,ransomware,FAILED,Cactus,cape,full,0,1.2,,0,0,,,,0,0,0,0,0,0,,,0,0,0,0,0,11,0,0,0,0,0,1,0,0,0,1,openssl,347,3,2,0,0,1,0,0,0,0,0,0,0,0,0,0,0,,0,0,,,,,,,,
B374,d174cf908b7bcee10cc0458955554e5ba81beffd8544ae95a427fff643a41c86,ransomware,NO_VICTIM_ACTIVITY,Chaos,cape,full,0,10.0,Chaos,0,2,,3.0,3.0,14,0,0,0,0,0,,,0,3,0,0,3,1,0,0,0,0,0,0,0,0,0,0,,0,,,0,1,0,0,0,0,0,0,0,0,0,0,2,0,,0,0,,,,,,,,
B375,df5ab9015833023a03f92a797e20196672c1d6525501a9f9a94a45b0904c7403,ransomware,TRUE_ENCRYPTION,DragonForce,cape,full,1,9.0,Scarab-Dharma,369,10182,-0.061300153970323255,5.012556707505931,7.347427148336088,2635,369,1,2613,0,6,0.0027100271002710027,7.08130081300813,138,524,41,4,479,183,4,1,9,0,0,4,4,4,2,3,,0,,,0,0,1,6,0,0,0,0,0,0,4,4,5,5,-7.9,0,0,,,,,,,,
B376,44b7eebf7a26d466f9c7ad4ddb058503f7066aded180ab6d5162197c47780293,ransomware,TRUE_ENCRYPTION,Fog,cape,full,1,9.0,FOG,12441,9564,-0.0626270559064074,7.17561428986375,7.384811805919054,4080,12441,9,4999,5,81,0.0007234145165179648,0.4018165742303673,51,224,30,50,144,84,0,0,7,0,0,0,0,0,2,0,,106,3,3,0,1,0,40,0,0,0,0,0,0,1,3,38,8,-145.2,7,2,7,1,134.8,5008,304.1,0,1,
B377,5da4f51e3ced3166336277bb04c32d0cd20f3e28db3d4f02826fee88b7583040,ransomware,TRUE_ENCRYPTION,INC,cape,full,1,9.0,,671,193,0.8298446159843251,4.886581188340661,5.028639311838574,320,671,5,84,0,4,0.007451564828614009,0.12518628912071536,15,49,15,2,32,162,4,1,7,5,3,4,5,3,2,5,,0,,,0,0,1,4,0,0,0,0,0,0,2,2,8,0,-6.2,0,0,,,,,,,,
B378,19b65ef538144e873271f547807830a5ba31fe215f2fe7ade51a38047a80834b,ransomware,NO_VICTIM_ACTIVITY,Medusa,cape,full,1,3.4000000000000004,,560,8,0.09690495733606011,,,238,560,0,0,0,228,0.0,0.0,0,350,0,176,174,150,5,0,7,1,0,0,0,0,2,2,,0,,,0,0,1,229,0,0,229,0,0,0,0,2,0,0,-536.9,218,1,0,,,,,,,
B379,c01edf0478f041cd8ee24307acdcf3f48ec2f93729df50aba0209aa484c9fa8f,ransomware,WEAK_VICTIM_ACTIVITY,Neshta,cape,full,1,10.0,Neshta,185,0,,,,362,185,0,0,0,4,0.0,0.0,0,27,0,21,6,85,0,0,3,0,0,0,0,0,0,0,,4934,5,5,0,0,1,5,0,0,0,0,0,0,2,2,3,0,-9.3,0,0,,,,,,,,
B380,ab366a7c4a343a798490c4451d1d8e42aea2b894cb3162b5c59e08d8507ffe2c,ransomware,TRUE_ENCRYPTION,Nitrogen,cape,full,1,8.0,,1547,0,,,,1311,1547,0,1310,0,0,0.0,0.8468002585649644,70,171,73,6,92,166,0,0,2,0,0,0,0,3,2,0,,0,,,0,0,1,0,0,0,0,0,0,0,0,0,0,0,,0,0,,,,,,,,
B381,1e52d9f04f99be66d5bc13db767c6acb5f0515906633f76e5c713681af9454df,ransomware,FAILED,Qilin,cape,full,1,8.0,,1,0,,,,0,1,0,0,0,0,0.0,0.0,0,1,0,1,0,123,0,0,2,0,0,0,1,0,1,1,,561,5,4,0,0,1,0,0,0,0,0,0,0,0,0,0,0,,0,0,,,,,,,,
B382,3f6a4fcb128b0902fc67c2ac1903e3aaca121c1dcfa966653f721285f1179bb7,ransomware,TRUE_ENCRYPTION,RAWorld,cape,full,1,10.0,Babuk,372,102,0.7893313659182505,4.888993538423353,5.028639311838573,502,372,24,189,5,14,0.06451612903225806,0.5080645161290323,42,165,25,28,112,140,3,1,8,5,3,4,3,3,2,5,,0,,,0,0,1,11,3,0,0,0,0,0,6,6,69,13,1.3,2,1,1,1,5.2,213,417.5,1,1,0.373
B383,8061bb999a0f5d3165742283001a7a68e7905718c928172343bf8456b69f268d,ransomware,TRUE_ENCRYPTION,Rhysida,cape,full,1,10.0,Rhysida,1269,0,,,,1064,1269,0,2180,0,49,0.0,1.7178881008668243,48,214,1,69,144,135,2,1,0,0,0,0,0,0,2,1,,0,,,1,0,0,50,3,0,0,0,47,0,0,0,0,0,,26,2,0,0,,0,234.9,0,0,
B384,e1dcb1c127382b80f8061bcd7ac7803bc3beada7c396f29804bc6a6e2b3e73b3,ransomware,TRUE_ENCRYPTION,RustyStealer,cape,full,1,1.0,,371,0,,,,15,371,0,0,0,0,0.0,0.0,0,17,0,15,2,87,0,0,4,0,0,0,0,0,2,0,,0,,,0,0,1,0,0,0,0,0,0,0,0,0,0,0,,0,0,,,,,,,,
B385,05aae055be9d3b3fe46488ec9409302b5b029a25cbd379092dab5f50ea61b4db,ransomware,TRUE_ENCRYPTION,Trigona,cape,full,1,8.0,,1345,0,,,,1606,1345,0,4174,0,0,0.0,3.1033457249070633,48,149,28,4,117,143,0,0,7,0,0,0,0,2,0,0,,0,,,0,0,1,0,0,0,0,0,0,0,0,0,0,0,,0,0,,,,,,,,
B386,91f128a2b4da8280239f8bc1218a2a5ba7cae767394913a7dcade94038204424,ransomware,TRUE_ENCRYPTION,,cape,full,1,9.0,Locked,535,0,,,,212,535,0,195,0,0,0.0,0.3644859813084112,33,95,51,29,15,40,0,0,2,0,0,0,0,0,1,0,boost,0,,,0,0,1,0,0,0,0,0,0,0,0,0,0,0,,0,0,,,,,,,,
B387,2afafaf2823e9918d17cdca28648ec94e4d7eabf95b936342456a75be0a1a658,ransomware,TRUE_ENCRYPTION,Akira,cape,full,1,10.0,Akira,1105,436,-0.01966344986039951,6.274804746858186,6.476157391559539,987,1105,2,1,0,14,0.0018099547511312218,0.0009049773755656109,2,72,0,44,28,152,0,0,6,1,0,4,0,0,2,2,,0,,,0,1,0,11,1,0,0,0,0,0,7,10,79,37,-16.1,0,0,,,,,,,,
B388,6a844a3775a9a5076103f52bf847087aeb18f7d06d84a5f0dfff13ca65f9ddd1,ransomware,FAILED,BianLian,cape,static_only,0,0.3,,,,,,,,,,,,,,,,,,,,0,0,0,0,0,0,0,0,0,0,0,boost,0,,,,,,,,,,,,,,,,,,,,,,,,,,,
B389,de96af271bf52bdcecaaf555a711f8a1397ed4b8be0d9c16f483253d29deaf62,ransomware,TRUE_ENCRYPTION,BlackMatter,cape,full,1,9.0,Scarab-Dharma,106,0,,,,620,106,19,495,118,6,0.1792452830188679,4.669811320754717,30,39,2,8,29,24,0,0,0,0,0,0,0,0,0,0,,0,,,0,0,1,7,0,0,0,0,0,0,2,14,32,13,-0.7,0,0,,,,,,,,
B390,01d82a941b1c5186c3c2ad0cd44843e51c69756e52783d9e3a5dfa09486973ec,ransomware,NO_VICTIM_ACTIVITY,Cactus,cape,full,0,8.0,,0,0,,,,0,0,0,0,0,0,,,0,0,0,0,0,12,0,0,0,0,0,1,0,0,0,1,openssl,351,4,3,0,0,1,0,0,0,0,0,0,0,0,0,0,0,,0,0,,,,,,,,
B391,11e508b38307c2ee091406449b78fc1e5cae7d48ac40e4fc3339cb31a4d52754,ransomware,NO_VICTIM_ACTIVITY,Chaos,cape,full,0,10.0,Chaos,46,0,,,,264,46,1,0,2,6,0.021739130434782608,0.0,1,31,0,8,23,1,0,0,0,0,0,0,0,0,0,0,,0,,,0,0,1,5,0,0,0,0,0,0,2,2,2,0,-379.7,0,0,,,,,,,,
B392,d06b5a200292fedcfb4d4aecac32387a2e5b5bb09aaab5199c56bab3031257d6,ransomware,TRUE_ENCRYPTION,DragonForce,cape,full,1,9.0,Scarab-Dharma,360,8867,-0.047817621504035235,5.011681749892209,7.377316887122322,2169,360,1,2131,0,6,0.002777777777777778,5.919444444444444,135,493,35,8,450,183,4,1,9,0,0,4,4,4,2,3,,0,,,0,0,1,6,0,0,0,0,0,0,4,4,5,5,-11.0,0,0,,,,,,,,
B393,703d9ded2d69eac83f9e4d1f94b283d01d4592fe4fcf37dfffcb21bedc45a6ab,ransomware,TRUE_ENCRYPTION,Fog,cape,full,1,9.0,FOG,12341,9534,-0.06036092275852483,7.1757682391125135,7.390046166898039,4195,12341,9,4999,5,42,0.0007292763957539907,0.4050725224860222,51,214,37,56,121,84,0,0,7,0,0,0,0,0,2,0,,106,3,3,0,1,0,41,0,0,0,0,0,0,2,4,40,8,-13.9,7,2,7,1,165.6,5008,323.0,0,1,
B394,80fd105d0685b85c1be5d5d3af63608d2ec91b186d4c591416934fe454770ca1,ransomware,TRUE_ENCRYPTION,INC,cape,full,1,8.0,,739,290,0.6276931043747084,4.877220342254887,5.028639311838573,287,739,5,100,0,25,0.006765899864682003,0.13531799729364005,20,61,17,2,42,225,2,2,7,0,0,0,4,1,3,2,,162,5,3,0,0,1,9,0,0,0,0,0,0,3,7,8,0,-316.8,0,0,,,,,,,,
B395,33ef66ec811267739a975c776b75787e819a26761e232f0b3eb4b32e7ef560d8,ransomware,NO_VICTIM_ACTIVITY,Medusa,cape,full,1,3.4000000000000004,,553,8,0.09656014672871314,,,224,553,0,0,0,222,0.0,0.0,0,346,0,169,177,150,5,0,7,1,0,0,0,0,2,2,,0,,,0,0,1,223,0,0,223,0,0,0,0,2,0,0,-539.9,219,1,0,,,,,,,
B396,5acd1ff8da9958a032cf63fb27d5e4b71c201612461e039f44eb07b2cc6735c0,ransomware,NO_VICTIM_ACTIVITY,Qilin,cape,full,1,8.0,,1,0,,,,0,1,0,0,0,0,0.0,0.0,0,1,0,1,0,123,0,0,2,0,0,0,1,0,1,1,,561,5,4,0,0,1,0,0,0,0,0,0,0,0,0,0,0,,0,0,,,,,,,,
B397,3f9e050d060f2d89dfb871b83821ee1043407c047ea1dbb14262a1618a87e530,ransomware,TRUE_ENCRYPTION,RAWorld,cape,full,1,10.0,Babuk,113,46,0.9162050169836828,4.892613239646228,5.087462841250338,88,113,8,58,0,7,0.07079646017699115,0.5132743362831859,27,67,10,8,49,140,3,1,8,5,3,4,3,3,2,5,,0,,,0,0,1,7,3,0,0,0,0,0,4,4,30,2,7.3,1,1,1,1,6.5,66,85.4,0,1,
B398,39d5df6362f22bdc4cecda164149ea0e66f93f61fe1f403f9c38666052f385ad,ransomware,TRUE_ENCRYPTION,Rhysida,cape,full,1,10.0,Rhysida,1094,0,,,,1078,1094,0,1956,0,53,0.0,1.7879341864716636,52,217,1,69,147,135,2,1,0,0,0,0,0,0,2,1,,0,,,1,0,0,54,3,0,0,0,51,0,0,0,0,0,,28,2,0,0,,0,227.0,0,0,
B399,28cea00267fa30fb63e80a3c3b193bd9cd2a3d46dd9ae6cede5f932ac15c7e2e,ransomware,FAILED,RustyStealer,cape,full,1,1.0,,0,0,,,,0,0,0,0,0,0,,,0,0,0,0,0,133,2,2,7,0,0,0,0,1,2,1,,0,,,1,0,0,0,0,0,0,0,0,0,0,0,0,0,,0,0,,,,,,,,
B400,0626cf52bd697b73d774be87f7426aa86478dfa62a77a1c8eaeaf1dc6da3ed2c,ransomware,TRUE_ENCRYPTION,Trigona,cape,full,1,9.0,,1466,0,,,,2047,1466,0,4475,0,14,0.0,3.052523874488404,55,55,21,4,30,142,0,0,7,0,0,0,0,2,0,0,,0,,,0,0,1,14,8,4,0,0,0,0,0,0,12,0,,0,0,,,,,,,,
B401,f8adab24b3352864dd42468f92d7bfcf4e4843f14b103818fd48ba736d64f844,ransomware,TRUE_ENCRYPTION,,cape,full,1,8.0,,69,0,,,,31,69,9,10,5,10,0.13043478260869565,0.14492753623188406,7,23,4,6,13,138,0,1,3,0,0,0,0,0,2,0,,0,,,0,0,1,8,2,0,0,1,0,0,4,4,38,11,-6.6,2,2,1,1,0.5,19,304.9,1,1,0.009
B402,2b00a02196b87445633cabde506b4387979504cf60955f0b40cf2e4da4f0fd23,ransomware,TRUE_ENCRYPTION,Akira,cape,full,1,10.0,Akira,701,461,-0.01685900597359964,6.2779929047990235,6.476157391559539,1133,701,244,1,0,23,0.34807417974322397,0.0014265335235378032,3,219,3,19,197,153,0,0,7,1,0,4,0,1,2,2,,0,,,0,1,0,11,1,0,0,0,0,0,7,13,51,33,-12.9,0,0,,,,,,,,
B403,a9a99d47805f43114f84ceb1c84c9148bcbeec751a94c14cb9c1f76987bd1c09,ransomware,TRUE_ENCRYPTION,BianLian,cape,full,1,10.0,Chaos,89,0,,,,11,89,0,6,0,0,0.0,0.06741573033707865,4,13,3,8,2,161,0,0,4,0,0,0,0,0,2,0,openssl,2003,4,4,0,0,1,0,0,0,0,0,0,0,0,0,1,0,,0,0,,,,,,,,
B404,6e07da23603fbe5b26755df5b8fec19cadf1f7001b1558ea4f12e20271263417,ransomware,TRUE_ENCRYPTION,BlackMatter,cape,full,1,9.0,Scarab-Dharma,111,0,,,,3359,111,22,1897,237,5,0.1981981981981982,17.09009009009009,54,87,2,7,78,24,0,0,0,0,0,0,0,0,0,0,,0,,,0,0,1,6,0,0,0,0,0,0,2,14,27,13,0.8,0,0,,,,,,,,
B405,0933f23c466188e0a7c6fab661bdb8487cf7028c5cec557efb75fde9879a6af8,ransomware,NO_VICTIM_ACTIVITY,Cactus,cape,full,0,8.0,,0,0,,,,0,0,0,0,0,0,,,0,0,0,0,0,11,0,0,0,0,0,1,0,0,0,1,openssl,360,4,3,0,0,1,0,0,0,0,0,0,0,0,0,0,0,,0,0,,,,,,,,
B406,1664fef87be7d26d5666aa84e6096798c0932ea25eb65b5a9e38a107b6e48b3d,ransomware,NO_VICTIM_ACTIVITY,Chaos,cape,full,0,10.0,Chaos,0,0,,,,8,0,0,0,2,4,,,0,7,0,0,7,1,0,0,0,0,0,0,0,0,0,0,,0,,,0,0,1,4,0,0,0,0,0,0,1,1,0,0,,0,0,,,,,,,,
B407,80e3a04fa68be799b3c91737e1918f8394b250603a231a251524244e4d7f77d9,ransomware,TRUE_ENCRYPTION,DragonForce,cape,full,1,9.0,,353,8634,-0.07066132195979738,5.0132769502926475,7.3751222144962,2136,353,1,2086,0,6,0.0028328611898017,5.909348441926346,133,493,36,10,447,183,4,1,9,0,0,4,4,4,2,3,,0,,,0,0,1,6,0,0,0,0,0,0,4,4,5,5,-7.4,0,0,,,,,,,,
B408,4ad9216a0a6ac84a7b0b5593b0fc97e27de9cdfeb84ab7e5339ae5a4102100c0,ransomware,TRUE_ENCRYPTION,Fog,cape,full,1,9.0,FOG,12556,8241,-0.033746715441965704,7.175866339665132,7.357868093628287,4071,12556,9,4999,5,85,0.0007167887862376553,0.3981363491557821,51,257,32,57,168,84,0,0,7,0,0,0,0,0,2,0,,106,3,3,0,1,0,43,0,0,0,0,0,0,3,5,39,11,-119.5,7,2,7,1,147.0,5008,404.8,0,1,
B409,85699c7180ad77f2ede0b15862bb7b51ad9df0478ed394866ac7fa9362bf5683,ransomware,TRUE_ENCRYPTION,INC,cape,full,1,9.0,,804,239,0.8601177325113046,4.886587809469632,5.028639311838573,479,804,5,94,0,4,0.006218905472636816,0.11691542288557213,21,57,18,3,36,161,4,1,7,5,3,4,5,3,2,5,,0,,,0,0,1,4,0,0,0,0,0,0,2,2,12,0,-2.1,0,0,,,,,,,,
B410,3d091b32abd008ff392158ff4d7271f72febe6069b4b1b3ccd51a2a733e37327,ransomware,NO_VICTIM_ACTIVITY,Medusa,cape,full,1,3.4000000000000004,,584,8,0.09312395027554778,,,246,584,0,0,0,237,0.0,0.0,0,368,0,176,192,150,5,0,7,1,0,0,0,0,2,2,,0,,,0,0,1,238,0,0,238,0,0,0,0,2,0,0,-506.8,228,1,0,,,,,,,
B411,db7b88dfbc16f4798b30c135a1e305d11b201ca3d9b600f2b2f3306f0ad32b18,ransomware,FAILED,Qilin,cape,full,1,8.0,,1,0,,,,0,1,0,0,0,0,0.0,0.0,0,1,0,1,0,123,0,0,2,0,0,0,1,0,1,1,,561,5,4,0,0,1,0,0,0,0,0,0,0,0,0,0,0,,0,0,,,,,,,,
B412,4013e314cfd935fc5cbc21c5e94bb557ce256014db2c625719428f262da47ffe,ransomware,TRUE_ENCRYPTION,RAWorld,cape,full,1,10.0,Babuk,264,97,0.9230759319344521,4.887707872006769,5.087462841250338,160,264,14,174,0,16,0.05303030303030303,0.6590909090909091,40,121,22,12,87,140,3,1,8,5,3,4,3,3,2,5,,0,,,0,0,1,12,3,0,0,0,0,0,3,3,32,2,4.4,2,1,1,1,8.4,188,142.5,0,1,
B413,2c5d3fea7ad3c9c49e9c1a154370229c86c48fbaf7044213fd85d31efcebf7f6,ransomware,TRUE_ENCRYPTION,Rhysida,cape,full,1,10.0,Rhysida,1095,0,,,,1105,1095,0,2147,0,60,0.0,1.9607305936073058,55,223,1,66,156,135,2,1,0,0,0,0,0,0,2,1,,0,,,1,0,0,61,3,0,0,0,58,0,0,0,0,0,,35,2,0,0,,0,220.8,0,0,
B414,456b9adaabae9f3dce2207aa71410987f0a571cd8c11f2e7b41468501a863606,ransomware,NO_VICTIM_ACTIVITY,RustyStealer,cape,full,1,9.0,,48,0,,,,44,48,31,0,0,0,0.6458333333333334,0.0,3,16,15,0,1,98,2,2,6,0,0,0,0,1,2,1,,0,,,1,0,0,0,0,0,0,0,0,0,0,0,0,0,,0,0,,,,,,,,
B415,0acf3226ffc9d01f77dccba212f581e47d91b4ae780b24c12b48eb70c2fbdfc7,ransomware,TRUE_ENCRYPTION,Trigona,cape,full,1,8.0,,1901,0,,,,1549,1901,0,4386,0,0,0.0,2.307206733298264,54,75,12,4,59,142,0,0,7,0,0,0,0,2,0,0,,0,,,0,0,1,0,0,0,0,0,0,0,0,0,0,0,,0,0,,,,,,,,
B416,e89eb46a4bd46b2afc00ca271ecfb342321d6de42bfa106832846248d0f7d253,ransomware,TRUE_ENCRYPTION,,cape,full,1,8.0,,2365,0,,,,2315,2365,0,2843,0,2,0.0,1.2021141649048626,45,186,180,3,3,129,0,1,3,0,0,0,0,0,2,0,,0,,,0,0,1,2,2,0,0,0,0,0,0,0,0,0,,1,1,0,0,,0,185.0,1,1,0.114
B417,2b28270c1675990a2c78b31faab547fb75948dd1c2b22e892377ee5e40abebc2,ransomware,TRUE_ENCRYPTION,Akira,cape,full,1,10.0,Akira,1163,6,0.004424916731318229,4.992300256512715,7.164400769538146,1160,1163,9,2,5,6,0.007738607050730868,0.0017196904557179708,3,113,2,71,40,137,5,1,6,0,0,4,0,0,2,2,,0,,,0,0,1,7,0,0,0,0,0,0,6,7,35,18,3.4,0,0,,,,,,,,
B418,af394892296db7e58990fb341c354d2532436e95e676287f5d03f7dabc6297a6,ransomware,TRUE_ENCRYPTION,BianLian,cape,full,1,10.0,Chaos,139,0,,,,14,139,0,8,0,0,0.0,0.05755395683453238,5,17,2,11,4,161,0,0,4,0,0,0,0,0,2,0,boost;openssl,2859,4,4,0,0,1,0,0,0,0,0,0,0,0,0,1,0,,0,0,,,,,,,,
B419,7d67c8711b4cad0f585604ff3f9f8f40359e4f8e1524e152f50159b0f56d0952,ransomware,TRUE_ENCRYPTION,BlackMatter,cape,full,1,9.0,Scarab-Dharma,109,0,,,,416,109,16,315,74,5,0.14678899082568808,2.889908256880734,24,28,1,6,21,24,0,0,0,0,0,0,0,0,0,0,,0,,,0,0,1,6,0,0,0,0,0,0,2,14,25,8,0.6,0,0,,,,,,,,
B420,0a8088e2ba539541f476836c6f4e5812c4ae5c52133801faa1bc3806a4ade683,ransomware,FAILED,Cactus,cape,static_only,1,1.3,,,,,,,,,,,,,,,,,,,,313,3,1,6,3,0,4,2,3,2,4,openssl,0,,,,,,,,,,,,,,,,,,,,,,,,,,,
B421,c475aaae514ef35c9606a262481087a8a29fe59d2df132c8737e44c8e234bb73,ransomware,NO_VICTIM_ACTIVITY,Chaos,cape,full,1,10.0,Chaos,39,0,,,,125,39,17,0,3,34,0.4358974358974359,0.0,5,59,0,5,54,378,3,1,7,1,0,0,2,1,0,3,,298,1,0,1,0,0,12,0,0,0,0,0,0,2,3,27,0,-187.8,0,0,,,,,,,,
B422,b714cb02cfd5d67e1502b45242636ee6b35c1b609072d3082378c50a177df15d,ransomware,TRUE_ENCRYPTION,DragonForce,cape,full,1,9.0,Scarab-Dharma,418,8949,-0.04665435751345262,5.011508056317137,7.370864648336088,2228,418,8,2145,5,7,0.019138755980861243,5.131578947368421,139,477,35,15,427,183,4,1,9,0,0,4,4,4,2,3,,0,,,0,0,1,6,0,0,0,0,0,0,4,4,9,12,-13.8,0,0,,,,,,,,
B423,b6c1ee0c0a7b9a88d6cffaf90c950b7e0e96a841cc3e37c5242f6bff2a1c8202,ransomware,TRUE_ENCRYPTION,Fog,cape,full,1,9.0,FOG,14338,12841,-0.1594395004424941,7.177038063853171,7.366310298128533,3619,14338,9,3155,5,37,0.0006277026084530618,0.22004463662993445,49,529,162,42,325,107,6,0,8,0,3,0,3,3,2,3,,0,,,0,0,1,37,0,0,0,0,0,0,1,3,29,8,-142.2,7,2,7,1,141.3,3164,455.6,0,1,
B424,97c8f54d70e300c7d7e973c4b211da3c64c0f1c95770f663e04e35421dfb2ba0,ransomware,TRUE_ENCRYPTION,INC,cape,full,1,9.0,,245,52,0.7516243139635359,4.89162837524705,5.028639311838573,462,245,14,18,5,9,0.05714285714285714,0.07346938775510205,9,94,6,20,68,160,4,1,7,5,3,4,5,3,2,5,,0,,,0,0,1,8,0,0,0,0,0,0,4,5,46,11,-113.6,0,0,,,,,,,,
B425,49916c9c2a9d6b3c60f541891966bfff62e9b3eb9b682ced8600e7e9415b033d,ransomware,NO_VICTIM_ACTIVITY,Medusa,cape,full,1,3.4000000000000004,,610,8,0.08975760084248613,,,250,610,0,0,0,246,0.0,0.0,0,371,0,180,191,150,5,0,7,1,0,0,0,0,2,2,,0,,,0,0,1,247,0,0,247,0,0,0,0,2,0,0,-459.8,241,1,0,,,,,,,
B426,76dfbf622b6846653eff769e047efedc7a9fdbb00c939965d555da7aef460a5d,ransomware,FAILED,Qilin,cape,full,1,8.0,,1,0,,,,0,1,0,0,0,0,0.0,0.0,0,1,0,1,0,123,0,0,2,0,0,0,1,0,1,1,,561,5,4,0,0,1,0,0,0,0,0,0,0,0,0,0,0,,0,0,,,,,,,,
B427,40778b070a715f834b207502b3f68149a79c2e0e1768e52cd5d229ddac465093,ransomware,TRUE_ENCRYPTION,RAWorld,cape,full,1,10.0,Babuk,231,89,0.9430840661612439,4.879803537813023,5.0,118,231,14,177,0,37,0.06060606060606061,0.7662337662337663,40,113,19,10,84,140,3,1,8,5,3,4,3,3,2,5,,0,,,0,0,1,13,3,0,0,0,0,0,4,8,28,2,2.0,2,1,1,1,6.4,191,151.1,0,1,
B428,250e81eeb4df4649ccb13e271ae3f80d44995b2f8ffca7a2c5e1c738546c2ab1,ransomware,FAILED,Rhysida,cape,static_only,1,10.0,Rhysida,,,,,,,,,,,,,,,,,,,137,2,1,0,0,0,0,0,0,2,1,boost,0,,,,,,,,,,,,,,,,,,,,,,,,,,,
B429,0c9d906f5ebdeec8a6715bad9d5ae354c3fb5337a5e7f7abedcb4535abe7329e,ransomware,TRUE_ENCRYPTION,Trigona,cape,full,1,8.0,,386,0,,,,1645,386,0,4552,0,0,0.0,11.792746113989637,53,63,8,5,50,142,0,0,7,0,0,0,0,2,0,0,,0,,,0,0,1,0,0,0,0,0,0,0,0,0,0,0,,0,0,,,,,,,,
B430,95d0259be4a21ea6270862128cdaf6fa208e705384c17a1732058bba124758f6,ransomware,FAILED,,cape,full,1,0.3,,0,0,,,,0,0,0,0,0,0,,,0,0,0,0,0,46,0,0,1,0,0,0,0,0,0,0,boost,0,,,0,0,1,0,0,0,0,0,0,0,0,0,0,0,,0,0,,,,,,,,
B431,2b8b37175c09c75394bfbd5a2cf1eff28a4956fb3e7c6f24ea53c1b966d77153,ransomware,TRUE_ENCRYPTION,Akira,cape,full,1,10.0,Akira,1125,0,,,,1578,1125,1,1,0,19,0.0008888888888888889,0.0008888888888888889,1,120,0,48,72,152,0,0,6,1,0,4,0,0,2,2,,0,,,0,0,1,11,0,0,0,0,0,0,7,13,94,40,8.5,0,0,,,,,,,,
B432,e525bc376016b4bd2d6dd2e05aac14765bbd2e384bbdee9b9d67e4990e05c196,ransomware,WEAK_VICTIM_ACTIVITY,BianLian,cape,full,1,10.0,Neshta,185,0,,,,362,185,0,0,0,5,0.0,0.0,0,29,0,21,8,85,0,0,3,0,0,0,0,0,0,0,boost,4119,0,0,0,0,1,6,0,0,0,0,0,0,2,2,3,0,-18.4,0,0,,,,,,,,
B433,27a3cc834c1cd00ad5378c373d76957998bb54bbcfe67bbf3ae5c7be5a5a66dd,ransomware,TRUE_ENCRYPTION,BlackMatter,cape,full,1,9.0,Scarab-Dharma,98,0,,,,540,98,17,390,121,5,0.17346938775510204,3.979591836734694,26,36,2,6,28,24,0,0,0,0,0,0,0,0,0,0,,0,,,0,0,1,6,0,0,0,0,0,0,2,14,25,8,0.4,0,0,,,,,,,,
B434,1000cd4b74290bcecbe1be07146dad30a46f264bfeb0b8ceb00c83a6ff1e70d9,ransomware,FAILED,Cactus,cape,full,1,8.0,,0,0,,,,0,0,0,0,0,0,,,0,0,0,0,0,313,3,1,6,3,0,4,2,3,2,4,openssl,0,,,1,0,0,0,0,0,0,0,0,0,0,0,0,0,,0,0,,,,,,,,
B435,1250ba6f25fd60077f698a2617c15f89d58c1867339bfd9ee8ab19ce9943304b,ransomware,TRUE_ENCRYPTION,DragonForce,cape,full,1,9.0,Scarab-Dharma,122,2,-0.006155214544245413,2.0,2.0,3211,122,25,4873,1811,19,0.20491803278688525,39.942622950819676,104,196,3,5,188,24,0,0,0,0,0,0,0,0,0,0,,0,,,0,1,0,11,0,0,0,0,0,0,3,23,2333,13,0.5,0,0,,,,,,,,
B436,a9a4e89aaae8dc3638e3ca0f277ee37c0f3d14cd89f4972de591a531a6302fdd,ransomware,TRUE_ENCRYPTION,Fog,cape,full,1,9.0,FOG,12620,7831,-0.03824445589252405,7.175442212845432,7.389020569326405,4266,12620,9,4999,5,79,0.0007131537242472267,0.3961172741679873,51,230,31,49,150,72,0,0,6,0,0,0,0,0,2,0,,106,3,3,0,1,0,38,0,0,0,0,0,0,2,4,27,8,-139.9,7,2,7,1,138.9,5008,324.3,0,1,
B437,ecbfea3e7869166dd418f15387bc33ce46f2c72168f571071916b5054d7f6e49,ransomware,TRUE_ENCRYPTION,INC,cape,full,1,9.0,,1030,317,0.845552466533686,4.8881213019617675,5.087462841250338,420,1030,5,145,0,4,0.0048543689320388345,0.1407766990291262,21,63,24,2,37,159,4,1,7,5,3,4,5,3,2,5,,0,,,0,0,1,4,0,0,0,0,0,0,2,2,7,0,-2.9,0,0,,,,,,,,
B438,4a0e7565db16ed833a083bc9927f032be5e6918eed712982cd76e87e99510778,ransomware,NO_VICTIM_ACTIVITY,Medusa,cape,full,1,3.4000000000000004,,601,8,0.09215100406066982,,,264,601,0,0,0,248,0.0,0.0,0,371,0,183,188,150,5,0,7,1,0,0,0,0,2,2,,0,,,0,0,1,249,0,0,249,0,0,0,0,2,0,0,-489.9,232,1,0,,,,,,,
B439,906f88817e3bf1bd4e800cf798650f3a309c81ee9b78c2a37d9118ce2567ae3d,ransomware,FAILED,Qilin,cape,full,1,8.0,,1,0,,,,0,1,0,0,0,0,0.0,0.0,0,1,0,1,0,123,0,0,2,0,0,0,1,0,1,1,,561,5,4,0,0,1,0,0,0,0,0,0,0,0,0,0,0,,0,0,,,,,,,,
B440,429be4db8de74cfa0bcd67c8ed483e3f7850fbd3ebb38d51a73e983a93a01978,ransomware,TRUE_ENCRYPTION,RAWorld,cape,full,1,10.0,Babuk,215,72,0.9215671448882,4.889625481851593,5.028639311838573,145,215,15,150,0,10,0.06976744186046512,0.6976744186046512,38,106,20,15,71,140,3,1,8,5,3,4,3,3,2,5,,0,,,0,0,1,7,3,0,0,0,0,0,4,4,34,2,7.4,2,1,1,1,7.4,165,138.9,0,1,
B441,f6f74e05e24dd2e4e60e5fb50f73fc720ee826a43f2f0056e5b88724fa06fbab,ransomware,TRUE_ENCRYPTION,Rhysida,cape,full,1,10.0,Rhysida,1161,0,,,,1230,1161,0,2217,0,58,0.0,1.9095607235142118,49,217,1,61,155,135,2,1,0,0,0,0,0,0,2,1,,0,,,1,0,0,59,3,0,0,0,56,0,0,0,0,0,,42,2,0,0,,0,207.1,0,0,
B442,13c63827036a885eec32a032d4f8b1685289829650d37abf591337384fca230c,ransomware,TRUE_ENCRYPTION,Trigona,cape,full,1,9.0,,1129,0,,,,1906,1129,0,4523,0,14,0.0,4.006200177147918,55,66,21,5,40,142,0,0,7,0,0,0,0,2,0,0,,0,,,0,0,1,14,8,4,0,0,0,0,0,0,12,0,,0,0,,,,,,,,
B443,964217072a18c289f0b24ef402b962b331cf8c71b55681dd5390b42be8ee310b,ransomware,TRUE_ENCRYPTION,,cape,full,1,7.0,,4,0,,,,0,4,103,0,0,0,25.75,0.0,1,2,0,0,2,101,0,0,8,1,0,0,0,1,2,1,,0,,,0,0,1,0,0,0,0,0,0,0,0,0,0,0,,0,0,,,,,,,,
B444,2bfe3fba2e94b1a4f8ae0ea767b64084390155bb4d57cc39e13c15b181f8d377,ransomware,TRUE_ENCRYPTION,Akira,cape,full,1,10.0,Akira,656,472,0.026804304791374422,6.280987841046477,6.476157391559539,1229,656,266,1,0,22,0.4054878048780488,0.001524390243902439,4,237,3,23,211,153,0,0,7,1,0,4,0,1,2,2,,0,,,0,1,0,11,1,0,0,0,0,0,6,12,62,30,2.1,0,0,,,,,,,,
B445,4e92b73a17e0646876fb9be09c4ee6f015f00273932d2422b69339e22b78b385,ransomware,NO_VICTIM_ACTIVITY,BianLian,cape,full,1,6.0,,2,0,,,,0,2,0,0,0,5,0.0,0.0,0,7,0,2,5,40,0,0,2,0,0,0,0,0,1,0,boost,0,,,0,0,1,5,0,0,0,0,0,1,1,1,0,0,-17.8,1,1,0,,,,,,,
B446,ec089cdd699fafbeb3cfd7dc68ac16f556c3456c7f7a57984030ae8975d8267f,ransomware,TRUE_ENCRYPTION,BlackMatter,cape,full,1,9.0,Scarab-Dharma,111,0,,,,616,111,18,405,106,5,0.16216216216216217,3.6486486486486487,26,31,1,8,22,24,0,0,0,0,0,0,0,0,0,0,,0,,,0,0,1,6,0,0,0,0,0,0,2,13,27,8,0.6,0,0,,,,,,,,
B447,1cf6d946c45f4ce73a0f97cdbc136c9eef7723292bc3b6c9a9ecc8f90386f6d2,ransomware,NO_VICTIM_ACTIVITY,Cactus,cape,full,0,8.0,,0,0,,,,0,0,0,0,0,0,,,0,0,0,0,0,11,0,0,0,0,0,1,0,0,0,1,openssl,352,4,3,0,0,1,0,0,0,0,0,0,0,0,0,0,0,,0,0,,,,,,,,
B448,822ceefb12b030f2ff28dcda6776addda77b041dbb48d2e3a8c305721f4cc8ef,ransomware,TRUE_ENCRYPTION,DragonForce,cape,full,1,9.0,,357,10116,-0.05996398361137717,5.014637414656948,7.362687284367214,2567,357,1,2502,0,7,0.0028011204481792717,7.008403361344538,150,544,37,9,498,183,4,1,9,0,0,4,4,4,2,3,,0,,,0,0,1,6,0,0,0,0,0,0,4,4,2,0,-6.6,0,0,,,,,,,,
B449,b24680596a9a113f95535f526930b5415382c102cd5753d7392e780cdea0ed63,ransomware,TRUE_ENCRYPTION,Fog,cape,full,1,9.0,FOG,14264,12656,-0.14559533432763813,7.177257097632413,7.3530352495002695,3588,14264,9,3115,5,37,0.0006309590577678071,0.21838194054963544,47,528,160,41,327,107,6,0,8,0,3,0,3,3,2,3,,0,,,0,0,1,37,0,0,0,0,0,0,1,3,15,8,-145.7,7,2,7,1,145.4,3124,451.9,0,1,
B450,94f420e16a4eb5154076895cd8c5f677db4273d37d44b81e1d04b26e851b69fe,ransomware,NO_VICTIM_ACTIVITY,Medusa,cape,full,1,3.4000000000000004,,605,8,0.09307895450486806,,,264,605,0,0,0,249,0.0,0.0,0,381,0,194,187,150,5,0,7,1,0,0,0,0,2,2,,0,,,0,0,1,250,0,0,250,0,0,0,0,2,0,0,-484.5,234,1,0,,,,,,,
B451,78b6552fe4e7afbd21d8494dd19c056e16316b7aabdbaf746f5511a2dc2c542c,ransomware,FAILED,Qilin,cape,full,1,8.0,,1,0,,,,0,1,0,0,0,0,0.0,0.0,0,1,0,1,0,123,0,0,2,0,0,0,1,0,1,1,,561,5,4,0,0,1,0,0,0,0,0,0,0,0,0,0,0,,0,0,,,,,,,,
B452,4bb997d7f0f3ff1b402bd364782af6ca764e79705fbb6de3398b3a1c88cdcfee,ransomware,TRUE_ENCRYPTION,RAWorld,cape,full,1,10.0,Babuk,269,104,0.9593996411686958,4.872728147024895,5.058813890331199,176,269,14,178,0,10,0.05204460966542751,0.6617100371747212,42,117,24,12,81,140,3,1,8,5,3,4,3,3,2,5,,0,,,0,0,1,7,3,0,0,0,0,0,4,4,25,1,4.5,2,1,1,1,4.5,192,138.5,0,1,
B453,0bb0e1fcff8ccf54c6f9ecfd4bbb6757f6a25cb0e7a173d12cf0f402a3ae706f,ransomware,TRUE_ENCRYPTION,Rhysida,cape,full,1,10.0,Rhysida,64,0,,,,25,64,0,129,0,0,0.0,2.015625,14,42,0,3,39,135,2,1,0,0,0,0,0,0,2,1,,0,,,1,0,0,0,0,0,0,0,0,0,0,0,0,0,,0,0,,,,,,,,
B454,16c6c6f63c146fe0fdb7ce303950de943f503f1084c042ee0177f59c2da1ae3b,ransomware,TRUE_ENCRYPTION,Trigona,cape,full,1,8.0,,2390,0,,,,1542,2390,0,4364,0,0,0.0,1.8259414225941422,52,72,16,4,52,142,0,0,7,0,0,0,0,2,0,0,,0,,,0,0,1,0,0,0,0,0,0,0,0,0,0,0,,0,0,,,,,,,,
B455,6aed0532be973d38392d39625f08a371d9734f7a83493d3506bcd14f7820690e,ransomware,NO_VICTIM_ACTIVITY,,cape,full,1,8.0,,16,0,,,,14,16,0,0,0,1,0.0,0.0,0,6,0,3,3,228,0,0,7,1,0,0,0,1,2,1,openssl,2216,4,3,0,0,1,1,0,0,0,0,0,0,0,0,0,0,,0,0,,,,,,,,
B456,2c10cc96f48839b84954e88cb6f85e5c15442f4d15c34213d008e859f87f7261,ransomware,TRUE_ENCRYPTION,Akira,cape,full,1,10.0,Akira,1047,449,-0.021096421953738606,6.278017736795492,6.476157391559539,885,1047,3,1,0,14,0.0028653295128939827,0.0009551098376313276,3,62,0,37,25,152,0,0,6,1,0,4,0,0,2,2,,0,,,0,1,0,11,1,0,0,0,0,0,7,9,91,33,-11.8,0,0,,,,,,,,
B457,06f10c935fae531e070c55bde15ee3b48b6bb289af237e96eec82124c19d1049,ransomware,FAILED,BianLian,cape,full,1,6.0,,0,0,,,,0,0,0,0,0,0,,,0,0,0,0,0,39,0,0,2,0,0,0,0,0,1,0,boost,0,,,0,0,1,0,0,0,0,0,0,1,0,0,4,0,,0,0,,,,,,,,
B458,32ea523752fe1db8f2a96e201bd0d6f223dce7f2cebe8fb4260d12e0c0dda4ce,ransomware,TRUE_ENCRYPTION,BlackMatter,cape,full,1,9.0,Scarab-Dharma,122,2,-0.0030751926117357654,1.5,1.5,3549,122,23,4843,4991,18,0.1885245901639344,39.69672131147541,105,333,3,9,321,24,0,0,0,0,0,0,0,0,0,0,,0,,,0,1,0,10,0,0,0,0,0,0,2,22,2333,13,0.4,0,0,,,,,,,,
B459,1d181efaca780479bc95ff58def690d2770928d4a563baad5d67721595c6bd7d,ransomware,FAILED,Cactus,cape,static_only,0,1.3,,,,,,,,,,,,,,,,,,,,0,0,0,0,0,0,0,0,0,0,0,openssl,0,,,,,,,,,,,,,,,,,,,,,,,,,,,
B460,b9bba02d18bacc4bc8d9e4f70657d381568075590cc9d0e7590327d854224b32,ransomware,TRUE_ENCRYPTION,DragonForce,cape,full,1,9.0,Scarab-Dharma,369,9439,-0.05934334614543957,5.01345239763738,7.355574094585746,2388,369,1,2308,0,7,0.0027100271002710027,6.254742547425474,146,498,38,7,453,183,4,1,9,0,0,4,4,4,2,3,,0,,,0,0,1,6,0,0,0,0,0,0,4,4,5,5,-14.6,0,0,,,,,,,,
B461,9ec6bf1ad038e6c7f5bf9be374d3299df033424ef1399a8ffd892df40efd6353,ransomware,NO_VICTIM_ACTIVITY,Medusa,cape,full,1,3.4000000000000004,,611,8,0.08966463744484932,,,260,611,0,0,0,250,0.0,0.0,0,377,0,181,196,150,5,0,7,1,0,0,0,0,2,2,,0,,,0,0,1,251,0,0,251,0,0,0,0,2,0,0,-469.3,239,1,0,,,,,,,
B462,a58adc18c13c4c357039ee5cf5fa5e886a7efc6026350cb7087466d667b87263,ransomware,FAILED,Qilin,cape,full,1,8.0,,1,0,,,,0,1,0,0,0,0,0.0,0.0,0,1,0,1,0,123,0,0,2,0,0,0,1,0,1,1,,561,5,4,0,0,1,0,0,0,0,0,0,0,0,0,0,0,,0,0,,,,,,,,
B463,4bc3171fe1554b692841f7ba5104d41956fa868c4c20bcce4c1b4fd942fb2082,ransomware,TRUE_ENCRYPTION,RAWorld,cape,full,1,10.0,Babuk,257,95,0.8945713551880358,4.889197837368114,5.087462841250338,141,257,31,186,0,31,0.12062256809338522,0.7237354085603113,39,140,27,13,100,140,3,1,8,5,3,4,3,3,2,5,,0,,,0,0,1,15,3,0,0,0,0,0,5,6,35,2,2.1,2,1,1,1,5.7,217,166.1,0,1,
B464,1725e983339b76370f1b5efc709d0c5526a876c7712b7d007500709857455f0f,ransomware,TRUE_ENCRYPTION,Trigona,cape,full,1,5.3,,1773,0,,,,1542,1773,0,4414,0,0,0.0,2.4895657078398195,53,71,16,4,51,142,0,0,7,0,0,0,0,2,0,0,,0,,,0,0,1,0,0,0,0,0,0,0,0,0,0,0,,0,0,,,,,,,,
B465,f936f6ca0b3e7dcb347e0487cf2453af8a224fc801f33a840bf2a00bc42e77b0,ransomware,NO_VICTIM_ACTIVITY,,cape,full,1,8.0,,58,113,0.9218322837708,4.878169791878526,5.028639311838574,95,58,0,0,0,0,0.0,0.0,0,9,0,8,1,106,3,1,6,0,0,0,0,0,2,1,cryptopp,0,,,0,0,1,0,0,0,0,0,0,0,0,0,0,0,,0,0,,,,,,,,
B466,2c4fcfd351bae11ff7f11c5c94b7bf60e7cf7b602fb4feb68cd3fba9dbc85d17,ransomware,TRUE_ENCRYPTION,Akira,cape,full,1,10.0,Akira,748,0,,,,1184,748,268,1,0,21,0.3582887700534759,0.001336898395721925,2,213,3,19,191,153,0,0,7,1,0,4,0,1,2,2,,0,,,0,0,1,9,0,0,0,0,0,0,5,11,72,40,6.2,0,0,,,,,,,,
B467,1cba58f73221b5bb7930bfeab0106ae5415e70f49a595727022dcf6fda1126e9,ransomware,FAILED,BianLian,cape,full,1,6.0,,0,0,,,,0,0,0,0,0,0,,,0,0,0,0,0,39,0,0,2,0,0,0,0,0,1,0,boost,0,,,0,0,1,0,0,0,0,0,0,1,0,0,4,0,,0,0,,,,,,,,
B468,2d04d802438ae93b095acfbb87cf5760bfaf1bbd300a609d6941a6861bcc68a7,ransomware,TRUE_ENCRYPTION,BlackMatter,cape,full,1,9.0,Scarab-Dharma,111,0,,,,740,111,18,510,155,5,0.16216216216216217,4.594594594594595,30,33,2,5,26,24,0,0,0,0,0,0,0,0,0,0,,0,,,0,0,1,6,0,0,0,0,0,0,2,14,27,13,1.3,0,0,,,,,,,,
B469,1ea49714b2ff515922e3b606da7a9f01732b207a877bcdd1908f733eb3c98af3,ransomware,FAILED,Cactus,cape,static_only,1,1.3,,,,,,,,,,,,,,,,,,,,313,3,1,6,3,0,4,2,3,2,4,openssl,0,,,,,,,,,,,,,,,,,,,,,,,,,,,
B470,ba1be94550898eedb10eb73cb5383a2d1050e96ec4df8e0bf680d3e76a9e2429,ransomware,TRUE_ENCRYPTION,DragonForce,cape,full,1,9.0,Scarab-Dharma,357,9577,-0.051687546023447224,5.012632686197144,7.347183408398225,2425,357,1,2327,0,7,0.0028011204481792717,6.518207282913165,142,500,38,7,455,183,4,1,9,0,0,4,4,4,2,3,,0,,,0,0,1,6,0,0,0,0,0,0,4,4,5,5,-9.0,0,0,,,,,,,,
B471,a0cebcc9f5893b2fde2806794c27b8a304a0eb863e128ad779ed5dd806ad9239,ransomware,NO_VICTIM_ACTIVITY,Medusa,cape,full,1,3.4000000000000004,,609,8,0.09130672756861083,,,272,609,0,0,0,253,0.0,0.0,0,379,0,185,194,150,5,0,7,1,0,0,0,0,2,2,,0,,,0,0,1,254,0,0,254,0,0,0,0,2,0,0,-485.1,234,1,0,,,,,,,
B472,690d584bb489f5de42077147b13d5431ef3cd36e429a90fcdfe02bc97fdbec85,ransomware,FAILED,Qilin,cape,full,1,8.0,,1,0,,,,0,1,0,0,0,0,0.0,0.0,0,1,0,1,0,123,0,0,2,0,0,0,1,0,1,1,,561,5,4,0,0,1,0,0,0,0,0,0,0,0,0,0,0,,0,0,,,,,,,,
B473,4bd1b23b5554f039306b7a36094daae65bb8ab2a92a930ad00938d5b94ad0144,ransomware,TRUE_ENCRYPTION,RAWorld,cape,full,1,10.0,Babuk,266,85,0.855852184401596,4.883081634812392,5.087462841250338,141,266,14,150,0,37,0.05263157894736842,0.5639097744360902,38,126,17,21,88,140,3,1,8,5,3,4,3,3,2,5,,0,,,0,0,1,13,3,0,0,0,0,0,5,9,29,2,6.5,2,1,1,1,6.3,164,152.6,0,1,
B474,1c18ce93ce0c1ea0b0838da892dd33af031db3caf49e215dc3beb2c398c09508,ransomware,TRUE_ENCRYPTION,Trigona,cape,full,1,8.0,,741,0,,,,1671,741,0,4257,0,0,0.0,5.744939271255061,52,133,26,4,103,143,0,0,7,0,0,0,0,2,0,0,,0,,,0,0,1,0,0,0,0,0,0,0,0,0,0,0,,0,0,,,,,,,,
B475,502f998c0f71fa41207f363ee71267c1118ffb8c60e81d9eb0993faa9b05d4e8,ransomware,TRUE_ENCRYPTION,,cape,full,1,8.0,,7115,0,,,,4202,7115,0,0,0,1,0.0,0.0,0,243,0,217,26,145,0,0,7,1,0,0,1,1,2,2,openssl,903,0,0,0,0,1,1,0,0,0,0,0,0,0,0,0,0,,0,0,,,,,,,,
B476,2db4a15475f382e34875b37d7b27c3935c7567622141bc203fde7fe602bc8643,ransomware,TRUE_ENCRYPTION,Akira,cape,full,1,10.0,Akira,675,0,,,,1143,675,267,1,0,20,0.39555555555555555,0.0014814814814814814,2,216,3,19,194,153,0,0,7,1,0,4,0,1,2,2,,0,,,0,0,1,9,0,0,0,0,0,0,6,12,69,29,8.2,0,0,,,,,,,,
B477,40126ae71b857dd22db39611c25d3d5dd0e60316b72830e930fba9baf23973ce,ransomware,NO_VICTIM_ACTIVITY,BianLian,cape,full,0,1.5,,0,0,,,,3,0,0,0,0,0,,,0,1,0,0,1,1,0,0,0,0,0,0,0,0,0,0,,0,,,0,0,1,0,0,0,0,0,0,0,0,0,0,0,,0,0,,,,,,,,
B478,66160f72ad9521da85a4edd197ce30f12cc38cc2ba53cdfb1017cb99203dba73,ransomware,TRUE_ENCRYPTION,BlackMatter,cape,full,1,9.0,Scarab-Dharma,120,2,-0.0030033475120942944,2.0,2.0,3555,120,26,4855,4985,17,0.21666666666666667,40.458333333333336,104,319,4,6,309,24,0,0,0,0,0,0,0,0,0,0,,18,0,0,0,1,0,10,0,0,0,0,0,0,3,22,2319,13,0.6,0,0,,,,,,,,
B479,21d7ad955dbc5732be90f3d6dbb4e161ef9cf511a7989e72c4ea1c5e44744167,ransomware,FAILED,Cactus,cape,static_only,1,1.3,,,,,,,,,,,,,,,,,,,,313,3,1,6,3,0,4,2,3,2,4,openssl,0,,,,,,,,,,,,,,,,,,,,,,,,,,,
B480,d626eb0565fac677fdc13fb0555967dc31e600c74fbbd110b744f8e3a59dd3f9,ransomware,TRUE_ENCRYPTION,DragonForce,cape,full,1,9.0,Scarab-Dharma,516,10500,-0.07150193436892996,5.012134633101111,7.3520094258316995,2782,516,1,2731,0,8,0.001937984496124031,5.292635658914729,138,533,37,11,485,126,0,0,8,0,0,0,4,4,2,1,,59,0,0,0,1,0,5,0,0,0,0,0,1,4,4,0,0,-8.1,0,0,,,,,,,,
B481,bcd952d2995d187c5a87ec0e03b638e02d7157b9a01d4e7c28ce7a6d6b28ac42,ransomware,NO_VICTIM_ACTIVITY,Medusa,cape,full,1,3.4000000000000004,,605,8,0.08905781348807829,,,248,605,0,0,0,244,0.0,0.0,0,371,0,171,200,150,5,0,7,1,0,0,0,0,2,2,,0,,,0,0,1,245,0,0,245,0,0,0,0,2,0,0,-473.0,239,1,0,,,,,,,
B482,9983e9559790c6df67dc78157f65ee42320a9914c0b2cb7eb4b210e50266268c,ransomware,FAILED,Qilin,cape,full,1,8.0,,1,0,,,,0,1,0,0,0,0,0.0,0.0,0,1,0,1,0,123,0,0,2,0,0,0,1,0,1,1,,561,5,4,0,0,1,0,0,0,0,0,0,0,0,0,0,0,,0,0,,,,,,,,
B483,4c0d9c8d1b4b7d4ffe14f7bbeefe43e938e6a9db9f8c3534f060aebabfa10692,ransomware,TRUE_ENCRYPTION,RAWorld,cape,full,1,10.0,Babuk,176,49,0.6555859046889222,4.875044432355171,5.028639311838574,124,176,19,60,5,18,0.10795454545454546,0.3409090909090909,27,91,16,9,66,140,3,1,8,5,3,4,3,3,2,5,,0,,,0,0,1,17,3,0,0,0,0,0,5,6,68,13,1.2,1,1,1,1,5.2,79,308.3,0,1,
B484,234da3dc480e8780970e273b2867fd7813f99a34b3fbbedce6e3f4ce51c37780,ransomware,TRUE_ENCRYPTION,Trigona,cape,full,1,8.0,,1922,0,,,,1513,1922,0,4389,0,0,0.0,2.2835587929240373,52,68,13,5,50,142,0,0,7,0,0,0,0,2,0,0,,0,,,0,0,1,0,0,0,0,0,0,0,0,0,0,0,,0,0,,,,,,,,
B485,1d1b08a2f0b09dd0f0a85439d62800bb8c3a3b8dfa0afa9ba7f9c477b8dbd6b5,ransomware,NO_VICTIM_ACTIVITY,,cape,full,0,9.0,,8,688,0.11678381686079357,6.30007814953915,6.476157391559539,36,8,2,0,0,1,0.25,0.0,2,14,0,2,12,1,0,0,0,0,0,0,0,0,0,0,,0,,,0,1,0,2,0,0,0,0,0,0,0,0,30,0,,0,0,,,,,,,,
B486,b3b8b39cc3b28c277b550d2f252b7034236c677f545d6a35e468be758aa5007e,ransomware,TRUE_ENCRYPTION,Akira,cape,full,1,10.0,Akira,746,0,,,,1223,746,263,1,0,7,0.35254691689008044,0.0013404825737265416,2,213,4,18,191,155,0,0,7,1,0,4,0,1,2,2,,0,,,0,0,1,7,0,0,0,0,0,0,6,9,35,35,6.6,0,0,,,,,,,,
B487,afb7f11da27439a2e223e6b651f96eb16a7e35b34918e501886d25439015bf78,ransomware,FAILED,BianLian,cape,full,1,6.0,,0,0,,,,0,0,0,0,0,0,,,0,0,0,0,0,39,0,0,2,0,0,0,0,0,1,0,boost,0,,,0,0,1,0,0,0,0,0,0,1,0,0,4,0,,0,0,,,,,,,,
B488,3e239b8776d380eb691c859a376977409546903eba4ecd02dba754bbf7d6db61,ransomware,TRUE_ENCRYPTION,BlackMatter,cape,full,1,9.0,Scarab-Dharma,100,0,,,,615,100,17,411,90,5,0.17,4.11,25,31,1,7,23,25,0,0,0,0,0,0,0,0,0,0,,0,,,0,0,1,6,0,0,0,0,0,0,2,14,30,8,-0.6,0,0,,,,,,,,
B489,23d62b71af79a0e6aed11e378f810613b349361b09faf975dca9e2d202dd3b66,ransomware,FAILED,Cactus,cape,static_only,1,1.3,,,,,,,,,,,,,,,,,,,,315,3,1,6,3,0,4,2,3,2,4,openssl,0,,,,,,,,,,,,,,,,,,,,,,,,,,,
B490,c9abfc3e4da474e18795f5261f77e60c44e7b3353771281e4304e7506d56fdb4,ransomware,NO_VICTIM_ACTIVITY,Medusa,cape,full,1,3.4000000000000004,,621,8,0.09060883005900004,,,264,621,0,0,0,254,0.0,0.0,0,388,0,193,195,150,5,0,7,1,0,0,0,0,2,2,,0,,,0,0,1,255,0,0,255,0,0,0,0,2,0,0,-461.8,243,1,0,,,,,,,
B491,90bf9700d267b34aef7963ca51623daab9f4725253735a66e0a56c532f6b32c4,ransomware,FAILED,Qilin,cape,full,1,8.0,,1,0,,,,0,1,0,0,0,0,0.0,0.0,0,1,0,1,0,123,0,0,2,0,0,0,1,0,1,1,,561,5,4,0,0,1,0,0,0,0,0,0,0,0,0,0,0,,0,0,,,,,,,,
B492,4c2284adbb5851e27c57d50dc46d217c718c97575bca68bbd8679b31e8cbcffd,ransomware,TRUE_ENCRYPTION,RAWorld,cape,full,1,10.0,Babuk,5,2,0.4193296085112076,5.0,5.0,97,5,5,18,0,7,1.0,3.6,8,53,1,1,51,140,3,1,8,5,3,4,3,3,2,5,,0,,,0,0,1,7,3,0,0,0,0,0,3,3,35,17,3.3,1,1,1,1,7.2,23,16.0,0,1,
B493,28b26bdcf81ab2963d13fc5ccffa8d39f2ae7b4680feac7d38f773c8ed61589d,ransomware,TRUE_ENCRYPTION,Trigona,cape,full,1,8.0,,983,0,,,,1685,983,0,4484,0,0,0.0,4.561546286876907,54,69,18,5,46,142,0,0,7,0,0,0,0,2,0,0,,0,,,0,0,1,0,0,0,0,0,0,0,0,0,0,0,,0,0,,,,,,,,
B494,806f3e980694e839b9563415b38a44fbf3e4832e67670233495962dcce367423,ransomware,FAILED,,cape,full,1,0.8,,88,0,,,,0,88,0,0,0,0,0.0,0.0,0,1,0,1,0,93,0,0,7,0,0,0,0,0,2,0,,0,,,0,0,1,0,0,0,0,0,0,0,0,0,0,0,,0,0,,,,,,,,
B495,ae1c7bce774a02f83cccd38cbaff3b1a99eaefd06e9978e6632e24e578f19fbe,ransomware,TRUE_ENCRYPTION,Akira,cape,full,1,10.0,Akira,740,0,,,,1101,740,264,1,0,19,0.3567567567567568,0.0013513513513513514,2,216,4,19,193,155,0,0,7,1,0,4,0,1,2,2,,0,,,0,0,1,8,0,0,0,0,0,0,5,10,70,30,7.0,0,0,,,,,,,,
B496,56e63edb832fdf08d19ecfe2de1c7c6c6581cedd431215ded0c8e44ac9aed925,ransomware,FAILED,BianLian,cape,full,1,6.0,,0,0,,,,0,0,0,0,0,0,,,0,0,0,0,0,39,0,0,2,0,0,0,0,0,1,0,boost,0,,,0,0,1,0,0,0,0,0,0,1,0,0,4,0,,0,0,,,,,,,,
B497,a17f22b67ecf9312bf59c8bb77445969bd6bbe61cf2b5ba98255f6cf30130d8c,ransomware,TRUE_ENCRYPTION,BlackMatter,cape,full,1,5.699999999999999,,40,0,,,,56,40,2,64,11,0,0.05,1.6,13,5,0,1,4,25,0,0,0,0,0,0,0,0,0,0,,0,,,0,0,1,0,0,0,0,0,0,0,0,12,5,0,-0.5,0,0,,,,,,,,
B498,34e321305bec2bb72c1502624872a82c7343541290c1faa4441e59a3240d20a0,ransomware,FAILED,Cactus,cape,static_only,0,1.3,,,,,,,,,,,,,,,,,,,,0,0,0,0,0,0,0,0,0,0,0,openssl,0,,,,,,,,,,,,,,,,,,,,,,,,,,,
B499,df0f05469702bd70c49045dcbbefc65e735f4116bdb12526cd16110472a51dc8,ransomware,NO_VICTIM_ACTIVITY,Medusa,cape,full,1,3.4000000000000004,,614,8,0.09051876367651533,,,274,614,0,0,0,255,0.0,0.0,0,384,0,186,198,150,5,0,7,1,0,0,0,0,2,2,,0,,,0,0,1,256,0,0,256,0,0,0,0,2,0,0,-482.1,236,1,0,,,,,,,
B500,95bc5b0cf823d89f209035618f596f35267ba24401add2b2561ec795fbe9f1d6,ransomware,NO_VICTIM_ACTIVITY,Qilin,cape,full,1,8.0,,4634,0,,,,0,4634,0,0,0,0,0.0,0.0,0,44,0,44,0,188,2,2,6,4,0,4,2,3,1,4,,0,,,1,0,0,0,0,0,0,0,0,0,0,0,0,0,,0,0,,,,,,,,
B501,4de64b80ff54661d8aa17cd3c8d23e170c37da5386df9ab850290713617dc277,ransomware,TRUE_ENCRYPTION,RAWorld,cape,full,1,10.0,Babuk,223,65,0.8101365361784751,4.895135678927967,5.028639311838574,118,223,32,153,0,33,0.14349775784753363,0.6860986547085202,33,134,16,18,100,140,3,1,8,5,3,4,3,3,2,5,,0,,,0,0,1,15,3,0,0,0,0,0,5,6,37,2,3.0,2,1,1,1,6.8,185,462.0,1,1,0.372
B502,2755b2b44273aa8abfc5f42265e694d5683486e8f1dd2f4f7ada52615a90ac91,ransomware,TRUE_ENCRYPTION,Trigona,cape,full,1,8.0,,1043,0,,,,1581,1043,0,4345,0,0,0.0,4.165867689357622,50,71,14,4,53,142,0,0,7,0,0,0,0,2,0,0,,0,,,0,0,1,0,0,0,0,0,0,0,0,0,0,0,,0,0,,,,,,,,
B503,0249b425db285f5c25f3b9e7d5d286985988db0d08402afcc98732f80dd26c5b,ransomware,NO_VICTIM_ACTIVITY,,cape,full,1,6.0,,6,0,,,,58,6,6,0,0,3,1.0,0.0,3,19,0,1,18,134,0,0,3,0,0,0,0,1,1,0,,0,,,0,0,1,3,0,0,0,0,0,0,0,0,0,0,,2,1,0,0,,0,20.7,2,1,0.188
B504,1d9544d087058210e84a0ad9650f99c71c85222d6b18e8ea89c6d2eb15ec7543,ransomware,TRUE_ENCRYPTION,Akira,cape,full,1,10.0,Akira,677,464,-0.013640561934950331,6.282067138152973,6.476157391559539,1146,677,271,1,0,9,0.40029542097488924,0.0014771048744460858,3,219,3,18,198,153,0,0,7,1,0,4,0,1,2,2,,0,,,0,1,0,8,1,0,0,0,0,0,6,8,52,38,-12.3,0,0,,,,,,,,
B505,23295c518f194dee7815728de15bafe07bf53b52d987c7ad2b2050f833f770f7,ransomware,FAILED,BianLian,cape,full,1,6.0,,0,0,,,,0,0,0,0,0,0,,,0,0,0,0,0,39,0,0,2,0,0,0,0,0,1,0,boost,0,,,0,0,1,0,0,0,0,0,0,1,0,0,4,0,,0,0,,,,,,,,
B506,8d5961cc31eaeda929fedc07b9505ec9e3a6b474afb6b70cfaa1f88a3d3962f4,ransomware,TRUE_ENCRYPTION,BlackMatter,cape,full,1,9.0,Scarab-Dharma,154,0,,,,703,154,17,329,76,9,0.11038961038961038,2.1363636363636362,25,64,1,18,45,25,0,0,0,0,0,0,0,0,0,0,,0,,,0,0,1,8,0,0,0,0,0,0,4,17,45,11,-0.6,0,0,,,,,,,,
B507,3b436896a4908d85488877fbeb7f56d86804dac9382fbb039be062500a49128f,ransomware,FAILED,Cactus,cape,static_only,1,1.3,,,,,,,,,,,,,,,,,,,,316,3,1,6,3,0,4,2,3,2,4,openssl,0,,,,,,,,,,,,,,,,,,,,,,,,,,,
B508,147ad250400bb8c5ec2f7542afc82491fd23d665b070db03c17022ec969024a6,ransomware,FAILED,Qilin,cape,full,1,8.0,,1,0,,,,0,1,0,0,0,0,0.0,0.0,0,1,0,1,0,123,0,0,2,0,0,0,1,0,1,1,,561,5,4,0,0,1,0,0,0,0,0,0,0,0,0,0,0,,0,0,,,,,,,,
B509,4edc467b3a705e317949e72eb2f76f6fd4c871a0d2d294b5ece41b0e7360aaea,ransomware,TRUE_ENCRYPTION,RAWorld,cape,full,1,10.0,Babuk,269,99,0.9154185077986118,4.891526512774609,5.028639311838574,166,269,29,197,0,11,0.10780669144981413,0.7323420074349443,41,130,23,14,93,140,3,1,8,5,3,4,3,3,2,5,,0,,,0,0,1,7,3,0,0,0,0,0,4,4,28,0,3.6,2,1,1,1,5.1,226,162.5,0,1,
B510,2b276cf03c81550515de1ea2804e016887d2f0212818b2b8a5e597b41b484664,ransomware,TRUE_ENCRYPTION,Trigona,cape,full,1,8.0,,1602,0,,,,1576,1602,0,4156,0,0,0.0,2.5942571785268416,50,147,22,5,120,143,0,0,7,0,0,0,0,2,0,0,,0,,,0,0,1,0,0,0,0,0,0,0,0,0,0,0,,0,0,,,,,,,,
B511,3b9f7030cede5d4e6c29654a6c0b66cda26760c5e3c12821be05077221aa5f5a,ransomware,NO_VICTIM_ACTIVITY,,cape,full,1,6.0,,6,0,,,,58,6,6,0,0,3,1.0,0.0,3,16,0,1,15,134,0,0,3,0,0,0,0,1,1,0,,0,,,0,0,1,3,0,0,0,0,0,0,0,0,0,0,,2,1,0,0,,0,15.2,2,1,0.182
B512,1ed8c04e2e91c9db7b88f818cc7d8f043f674d1898c182b6390acaa9fbb251aa,ransomware,TRUE_ENCRYPTION,Akira,cape,full,1,10.0,Akira,1124,482,0.21532104858213094,6.284865820450802,6.476157391559539,963,1124,2,0,0,17,0.0017793594306049821,0.0,2,85,0,54,31,152,0,0,6,1,0,4,0,0,2,2,,0,,,0,1,0,11,1,0,0,0,0,0,7,10,54,38,29.5,0,0,,,,,,,,
B513,9413ba4a33ea77326b837ba538f92348e1909d5263ca67a86aa327daa8fbba30,ransomware,FAILED,BianLian,cape,full,1,6.0,,0,0,,,,0,0,0,0,0,0,,,0,0,0,0,0,40,0,0,2,0,0,0,0,0,1,0,boost,0,,,0,0,1,0,0,0,0,0,0,1,0,0,4,0,,0,0,,,,,,,,
B514,d9938ac4346d03a07f8ce8b57436e75ba5e936372b9bfd0386f18f6d56902c88,ransomware,TRUE_ENCRYPTION,BlackMatter,cape,full,1,9.0,Scarab-Dharma,111,0,,,,594,111,18,435,105,5,0.16216216216216217,3.918918918918919,26,36,0,9,27,25,0,0,0,0,0,0,0,0,0,0,,0,,,0,0,1,6,0,0,0,0,0,0,2,14,32,8,-1.0,0,0,,,,,,,,
B515,3d8413e976c98885e288719acbe725806c88ab683c8982e632216248ce6ba46d,ransomware,FAILED,Cactus,cape,static_only,1,1.3,,,,,,,,,,,,,,,,,,,,316,3,1,6,3,0,4,2,3,2,4,openssl,0,,,,,,,,,,,,,,,,,,,,,,,,,,,
B516,44324ab4fcfcac9933670e8969e7ce334ed0d8139df6b6101c003d94480a9305,ransomware,FAILED,Qilin,cape,full,1,8.0,,1,0,,,,0,1,0,0,0,0,0.0,0.0,0,1,0,1,0,123,0,0,2,0,0,0,1,0,1,1,,561,5,4,0,0,1,0,0,0,0,0,0,0,0,0,0,0,,0,0,,,,,,,,
B517,4fb2dc61d4e881deb81b98fb38e3495e103f4d24e62ebb6a52690bb59bda666a,ransomware,TRUE_ENCRYPTION,RAWorld,cape,full,1,10.0,Babuk,288,104,0.9393324424595019,4.880499606232708,5.028639311838573,166,288,10,175,0,11,0.034722222222222224,0.6076388888888888,38,102,21,7,74,140,3,1,8,5,3,4,3,3,2,5,,0,,,0,0,1,8,3,0,0,0,0,0,5,5,40,5,1.5,2,1,1,1,5.4,185,129.0,0,1,
B518,2ff281852735d5032d8ae083b2fe43e821a4f080a6766f722f36444251bf0aa7,ransomware,TRUE_ENCRYPTION,Trigona,cape,full,1,5.3,,2155,0,,,,1569,2155,0,4446,0,0,0.0,2.063109048723898,51,70,15,3,52,142,0,0,7,0,0,0,0,2,0,0,,0,,,0,0,1,0,0,0,0,0,0,0,0,0,0,0,,0,0,,,,,,,,
B519,4582be51967f3d43ffe57cb8964ff05ada8498748168fbb01271ab66b27d4e03,ransomware,TRUE_ENCRYPTION,,cape,full,0,9.0,Scarab-Dharma,58,1623,-0.20158234263923056,4.296448008499751,5.923181998146339,66,58,0,57,0,0,0.0,0.9827586206896551,7,10,7,0,3,2,0,0,0,0,0,0,0,0,0,0,,1,0,0,0,1,0,0,0,0,0,0,0,0,0,0,0,0,,0,0,,,,,,,,
B520,1fd9f2cdf2ee55d5d91e890c6a16e468f576a4e97747093204ffb122eacf2a27,ransomware,TRUE_ENCRYPTION,Akira,cape,full,1,10.0,Akira,757,0,,,,1132,757,274,1,0,17,0.3619550858652576,0.001321003963011889,2,207,2,17,188,153,0,0,7,1,0,4,0,1,2,2,,0,,,0,0,1,9,0,0,0,0,0,0,6,11,70,25,8.1,0,0,,,,,,,,
B521,bd57af28c94c3b7f156511c48f4b62cd1b4c29a1a693f4dc831e0a928691cc56,ransomware,FAILED,BianLian,cape,full,1,6.0,,0,0,,,,0,0,0,0,0,0,,,0,0,0,0,0,40,0,0,2,0,0,0,0,0,1,0,boost,0,,,0,0,1,0,0,0,0,0,0,1,0,0,4,0,,0,0,,,,,,,,
B522,4b0a5d6a176317437978211a423a7c1cdf832baa7984bba09aeeb5a1e4d07aa3,ransomware,FAILED,Cactus,cape,static_only,1,1.3,,,,,,,,,,,,,,,,,,,,321,3,1,6,3,0,4,2,3,2,4,openssl,0,,,,,,,,,,,,,,,,,,,,,,,,,,,
B523,8410f85c1710bfefccf0517cbbc91c0019073ced28d66539eeb596a9de8be1a9,ransomware,FAILED,Qilin,cape,full,1,8.0,,1,0,,,,0,1,0,0,0,0,0.0,0.0,0,1,0,1,0,123,0,0,2,0,0,0,1,0,1,1,,561,5,4,0,0,1,0,0,0,0,0,0,0,0,0,0,0,,0,0,,,,,,,,
B524,4fd5e4ac8016e20d499fe1bc7e7323d397529828647ab15c7b218dbbe78a4b4e,ransomware,TRUE_ENCRYPTION,RAWorld,cape,full,1,10.0,Babuk,208,68,0.8002400001407263,4.88720561495859,5.087462841250338,124,208,15,154,0,10,0.07211538461538461,0.7403846153846154,42,110,26,8,76,140,3,1,8,5,3,4,3,3,2,5,,0,,,0,0,1,7,3,0,0,0,0,0,4,4,30,2,9.2,2,1,1,1,7.6,169,154.5,0,1,
B525,3186229b4bd8a584161648ed352f40477e0fc229af97c16c19b01399568b385f,ransomware,TRUE_ENCRYPTION,Trigona,cape,full,1,8.0,,1083,0,,,,1474,1083,0,4483,0,0,0.0,4.139427516158818,49,67,12,4,51,142,0,0,7,0,0,0,0,2,0,0,,0,,,0,0,1,0,0,0,0,0,0,0,0,0,0,0,,0,0,,,,,,,,
B526,f85d0e5a44227717ee495b09ea81b79af918c4c29308c449c706a4990559817e,ransomware,TRUE_ENCRYPTION,,cape,full,0,9.0,,129,281,0.28997336392465073,4.411613210510523,7.263014490232819,220,129,19,0,0,0,0.14728682170542637,0.0,10,12,2,0,10,1,0,0,0,0,0,0,0,0,0,0,,0,,,0,1,0,0,0,0,0,0,0,0,0,0,0,0,,0,0,,,,,,,,
B527,2084ab8f92a86a37a35879378610949e21ea7b5030313655bb82fe6c67772b0d,ransomware,NO_VICTIM_ACTIVITY,Akira,cape,full,1,10.0,Akira,1156,6,0.06505223806860258,4.95843437579962,7.125303127398863,930,1156,9,2,5,4,0.007785467128027681,0.0017301038062283738,3,65,2,49,14,137,5,1,6,0,0,4,0,0,2,2,,0,,,0,0,1,5,0,0,0,0,0,0,4,5,36,18,5.5,0,0,,,,,,,,
B528,16b0f643670d1f94663179815bfac493f5f30a61d15c18c8b305b1016eece7ef,ransomware,FAILED,BianLian,cape,full,1,6.0,,0,0,,,,0,0,0,0,0,0,,,0,0,0,0,0,39,0,0,2,0,0,0,0,0,1,0,boost,0,,,0,0,1,0,0,0,0,0,0,1,0,0,4,0,,0,0,,,,,,,,
B529,4e5e5eacd75cab2eee63c5ad53b368e8fdf23ac379c04de87ef4922146271ebc,ransomware,NO_VICTIM_ACTIVITY,Cactus,cape,full,0,8.0,,0,0,,,,0,0,0,0,0,0,,,0,0,0,0,0,11,0,0,0,0,0,1,0,0,0,1,openssl,360,4,3,0,0,1,0,0,0,0,0,0,0,0,0,0,0,,0,0,,,,,,,,
B530,f17c9c6b1f1e4434e2688fc0d25d0bca1efb89582c03028f787fa2b9f765c17a,ransomware,FAILED,Qilin,cape,full,1,8.0,,1,0,,,,0,1,0,0,0,0,0.0,0.0,0,1,0,1,0,123,0,0,2,0,0,0,1,0,1,1,,561,5,4,0,0,1,0,0,0,0,0,0,0,0,0,0,0,,0,0,,,,,,,,
B531,513abf0da6ab016dfa333c863dff0e7c1ee86601884abef87f09de0805af1594,ransomware,TRUE_ENCRYPTION,RAWorld,cape,full,1,10.0,Babuk,249,70,0.5637344975304752,4.889146250642799,5.028639311838573,134,249,24,143,5,42,0.0963855421686747,0.5742971887550201,41,135,26,16,93,140,3,1,8,5,3,4,3,3,2,5,,0,,,0,0,1,16,3,0,0,0,0,0,6,7,50,13,0.7,2,1,1,1,5.4,167,562.4,1,1,0.295
B532,336ee741a618ea5bb2ee27dba6e78879b239ddd6060bb5bc0dab68d66e123578,ransomware,TRUE_ENCRYPTION,Trigona,cape,full,1,8.0,,2044,0,,,,1596,2044,0,4415,0,0,0.0,2.1599804305283756,52,73,12,5,56,142,0,0,7,0,0,0,0,2,0,0,,0,,,0,0,1,0,0,0,0,0,0,0,0,0,0,0,,0,0,,,,,,,,
B533,355bab2269c022a38af0df27bae2e84c6601b0b2c49edcb4316c2e45da2cbd27,ransomware,TRUE_ENCRYPTION,,cape,full,0,9.0,Scarab-Dharma,718,0,,,,433,718,0,0,0,1,0.0,0.0,0,39,0,32,7,9,0,0,0,0,0,0,0,1,0,0,,136,1,1,0,0,1,1,0,0,0,0,0,0,0,0,3,0,,0,0,,,,,,,,
B534,237d3c744fd5fc5d7e7a55e4385dff51045a1c6d8ee7346a270a688ab3791d49,ransomware,TRUE_ENCRYPTION,Akira,cape,full,1,10.0,Akira,780,0,,,,1174,780,266,1,0,15,0.34102564102564104,0.001282051282051282,2,218,3,16,199,153,0,0,7,1,0,4,0,1,2,2,,0,,,0,0,1,7,0,0,0,0,0,0,6,10,69,30,6.7,0,0,,,,,,,,
B535,5162fd73cbe8f313d2b0e4180bab4cbe47185f73a3ffc3d1dcccc36bc2865142,ransomware,FAILED,BianLian,cape,full,1,6.0,,0,0,,,,0,0,0,0,0,0,,,0,0,0,0,0,39,0,0,2,0,0,0,0,0,1,0,boost,0,,,0,0,1,0,0,0,0,0,0,1,0,0,4,0,,0,0,,,,,,,,
B536,509a533ade43406eb50fa9cb8984b2e10d008ad0ea8c22d0652f3ee101125bb7,ransomware,NO_VICTIM_ACTIVITY,Cactus,cape,full,0,8.0,,0,0,,,,0,0,0,0,0,0,,,0,0,0,0,0,11,0,0,0,0,0,1,0,0,0,1,openssl,353,4,3,0,0,1,0,0,0,0,0,0,0,0,0,0,0,,0,0,,,,,,,,
B537,f52567ef22018ee7ef696ec1b28b99f019552827445425dd08e98195f6ac56fe,ransomware,FAILED,Qilin,cape,full,1,8.0,,1,0,,,,0,1,0,0,0,0,0.0,0.0,0,1,0,1,0,123,0,0,2,0,0,0,1,0,1,1,,561,5,4,0,0,1,0,0,0,0,0,0,0,0,0,0,0,,0,0,,,,,,,,
B538,5161b4be5a8ed4a9fc0e551fc370447f68b331f605bd8e4317770b1228006023,ransomware,TRUE_ENCRYPTION,RAWorld,cape,full,1,10.0,Babuk,278,102,0.9484425158476968,4.888510917969752,5.087462841250338,149,278,16,173,0,38,0.05755395683453238,0.6223021582733813,38,137,26,17,94,140,3,1,8,5,3,4,3,3,2,5,,0,,,0,0,1,14,3,0,0,0,0,0,5,9,24,1,5.9,2,1,1,1,5.4,189,164.9,0,1,
B539,348628e28eaaaeccedb4cebd7abd88e5fa4ed54d334559fefdfb1a73f441e1e6,ransomware,TRUE_ENCRYPTION,Trigona,cape,full,1,8.0,,1676,0,,,,1440,1676,0,4407,0,0,0.0,2.629474940334129,52,74,13,5,56,142,0,0,7,0,0,0,0,2,0,0,,0,,,0,0,1,0,0,0,0,0,0,0,0,0,0,0,,0,0,,,,,,,,
B540,2bf72c8b782560f50f3eb889dc5df028d70f00b3ae09bce364dead4b59c74894,ransomware,TRUE_ENCRYPTION,,cape,full,1,7.0,,1216,0,,,,1339,1216,122,0,0,6,0.10032894736842106,0.0,9,76,0,15,61,144,0,0,7,1,0,0,1,1,2,2,openssl,0,,,0,0,1,6,0,0,0,0,0,0,1,1,13,3,-383.8,0,0,,,,,,,,
B541,25a6758df930b32eed548fca56735f0ddde442b5662e51c625eadbbaf09c9e96,ransomware,TRUE_ENCRYPTION,Akira,cape,full,1,10.0,Akira,1229,21177,-0.15781203693812612,5.659312570015269,7.3821429045557965,962,1229,1,1,0,26,0.0008136696501220504,0.0008136696501220504,1,62,0,34,28,146,6,1,6,1,0,4,0,0,2,3,,0,,,0,0,1,10,0,0,0,0,0,0,6,11,165,75,1.7,0,0,,,,,,,,
B542,5434c0b08a511f6913b9eb1702a481e7feb76d4c38123d8b78f195c047f4706c,ransomware,NO_VICTIM_ACTIVITY,Cactus,cape,full,0,8.0,,0,0,,,,0,0,0,0,0,0,,,0,0,0,0,0,12,0,0,0,0,0,1,0,0,0,1,openssl,350,4,3,0,0,1,0,0,0,0,0,0,0,0,0,0,0,,0,0,,,,,,,,
B543,340351639863a1c01eb0f8e34aafa2a5f36a7ee378c3cb112827ce3e9bfd7a87,ransomware,FAILED,Qilin,cape,full,1,8.0,,1,0,,,,0,1,0,0,0,0,0.0,0.0,0,1,0,1,0,123,0,0,2,0,0,0,1,0,1,1,,561,5,4,0,0,1,0,0,0,0,0,0,0,0,0,0,0,,0,0,,,,,,,,
B544,51da3acc6c7089bd0f1df9d9902e183db0d1342552404c3c1b898b168399b0bc,ransomware,TRUE_ENCRYPTION,RAWorld,cape,full,1,10.0,Babuk,338,127,0.9790732857724058,4.892484021378735,5.087462841250338,174,338,13,200,0,8,0.038461538461538464,0.591715976331361,43,84,17,4,63,115,0,0,3,0,0,0,0,0,2,0,,135,5,5,0,1,0,7,3,0,0,0,0,0,4,4,21,0,2.3,2,1,1,1,1.1,213,116.1,0,1,
B545,38f58a2536b5dc18753bc7325cec17be803eae613832d6e6e57b773fbb8a40ce,ransomware,TRUE_ENCRYPTION,Trigona,cape,full,1,8.0,,1718,0,,,,1691,1718,0,4338,0,0,0.0,2.5250291036088477,51,137,35,4,98,143,0,0,7,0,0,0,0,2,0,0,,0,,,0,0,1,0,0,0,0,0,0,0,0,0,0,0,,0,0,,,,,,,,
B546,904c9251dc3b04216d23c15412aebd71681146091a49aca22a6382373e923ae7,ransomware,NO_VICTIM_ACTIVITY,,cape,full,0,9.0,,56,0,,,,139,56,20,0,0,30,0.35714285714285715,0.0,1,97,6,21,70,1,0,0,0,0,0,0,0,0,0,0,,0,,,0,0,1,11,0,0,0,0,0,0,2,5,50,0,-221.4,0,0,,,,,,,,
B547,27009c0abd2709cd5cac4c0135b8f3bed3229b0921601638ba9e90713ede91ea,ransomware,TRUE_ENCRYPTION,Akira,cape,full,1,10.0,Akira,1226,22079,-0.15963905401359058,5.6429644335359805,7.379216984004777,1054,1226,3,1,0,22,0.0024469820554649264,0.0008156606851549756,3,85,0,49,36,148,6,1,6,1,0,4,0,0,2,3,,0,,,0,0,1,11,1,0,0,0,0,0,6,12,101,50,-6.4,0,0,,,,,,,,
B548,6007ed278f1cb22cfae95dcc4684ae157435ea759ee7b972de3d5e039695b189,ransomware,FAILED,Cactus,cape,static_only,1,1.3,,,,,,,,,,,,,,,,,,,,315,3,1,6,3,0,4,2,3,2,4,openssl,0,,,,,,,,,,,,,,,,,,,,,,,,,,,
B549,96de53f71a914113dd1e0ab030b3e0707101af10bd6de3c894ee328d6f175e94,ransomware,FAILED,Qilin,cape,full,1,8.0,,1,0,,,,0,1,0,0,0,0,0.0,0.0,0,1,0,1,0,123,0,0,2,0,0,0,1,0,1,1,,561,5,4,0,0,1,0,0,0,0,0,0,0,0,0,0,0,,0,0,,,,,,,,
B550,dc2c62c6973e955dd4bca88f80802d264320e4a00fe3740ebf31367cdc3ea74b,ransomware,TRUE_ENCRYPTION,RAWorld,cape,full,1,10.0,Babuk,307,83,0.6672038172998705,4.889189824309205,5.087462841250338,188,307,23,166,5,13,0.0749185667752443,0.5407166123778502,40,133,25,18,90,140,3,1,8,5,3,4,3,3,2,5,,0,,,0,0,1,10,3,0,0,0,0,0,5,5,62,12,0.2,2,1,1,1,5.1,189,306.3,1,1,0.538
B551,3cd8db5fcbba519c9c9332435e8d612b2cef61500dc04875b1bd2931dab2c90b,ransomware,TRUE_ENCRYPTION,Trigona,cape,full,1,8.0,,2357,0,,,,1558,2357,0,4387,0,0,0.0,1.8612643190496394,52,75,16,4,55,142,0,0,7,0,0,0,0,2,0,0,,0,,,0,0,1,0,0,0,0,0,0,0,0,0,0,0,,0,0,,,,,,,,
B552,d80facfa346ecda27da4c7f73196ae766bc21bd3bc6f7828ecc9b390985fb92f,ransomware,TRUE_ENCRYPTION,,cape,full,0,6.0,,68,54,-0.0050905969347360604,3.3103611696532242,6.376825800964972,44,68,9,2,5,25,0.1323529411764706,0.029411764705882353,3,46,2,13,31,1,0,0,0,0,0,0,0,0,0,0,,633,2,2,0,1,0,13,0,0,0,1,0,0,0,0,41,8,,1,1,1,1,240.6,11,35.8,0,1,
B553,2727c73f3069457e9ad2197b3cda25aec864a2ab8da3c2790264d06e13d45c3d,ransomware,TRUE_ENCRYPTION,Akira,cape,full,1,10.0,Akira,559,0,,,,1089,559,263,1,0,16,0.47048300536672627,0.0017889087656529517,2,214,2,18,194,153,0,0,7,1,0,4,0,1,2,2,,0,,,0,0,1,9,0,0,0,0,0,0,6,10,71,30,8.2,0,0,,,,,,,,
B554,6642d79f4d1044b756e2c3221ace37a71b4a671e18847f2940e2ea349dc6cb67,ransomware,FAILED,Cactus,cape,static_only,1,1.3,,,,,,,,,,,,,,,,,,,,313,3,1,6,3,0,4,2,3,2,4,openssl,0,,,,,,,,,,,,,,,,,,,,,,,,,,,
B555,c3fec6dd70f15fdf0683473539f1bde4c24e1aa25d97555c3d330f77b1edc3f1,ransomware,FAILED,Qilin,cape,full,1,8.0,,1,0,,,,0,1,0,0,0,0,0.0,0.0,0,1,0,1,0,123,0,0,2,0,0,0,1,0,1,1,,561,5,4,0,0,1,0,0,0,0,0,0,0,0,0,0,0,,0,0,,,,,,,,
B556,dc4a6c00113847cf722a40e412ba5dc01c5d6fce285d473f471c6c1917c51027,ransomware,TRUE_ENCRYPTION,RAWorld,cape,full,1,10.0,Babuk,258,97,0.9242718193496199,4.882738143979996,5.028639311838574,154,258,15,179,0,33,0.05813953488372093,0.6937984496124031,43,133,19,12,102,140,3,1,8,5,3,4,3,3,2,5,,0,,,0,0,1,15,3,0,0,0,0,0,5,6,32,2,6.3,2,1,1,1,5.7,194,155.6,0,1,
B557,47149d0b7f1108531542930314ade843ab5c16935489c58184672018e8884e4f,ransomware,TRUE_ENCRYPTION,Trigona,cape,full,1,8.0,,1503,0,,,,1591,1503,0,4469,0,0,0.0,2.9733865602129077,54,72,13,4,55,142,0,0,7,0,0,0,0,2,0,0,,0,,,0,0,1,0,0,0,0,0,0,0,0,0,0,0,,0,0,,,,,,,,
B558,a921508ae0a3b0dc7b061038f87ceab835e19a1fe1cbd9b64380984618dd7827,ransomware,NO_VICTIM_ACTIVITY,,cape,full,0,9.0,,51,0,,,,0,51,5001,0,0,4,98.05882352941177,0.0,58,57,0,0,57,7,0,0,0,0,0,0,0,0,0,0,,10435,3,3,0,0,1,4,0,0,0,0,0,0,0,0,0,0,,1,1,0,0,,0,95.8,0,0,
B559,0fd6097b0b306b736249f108b9b51e1574a11c8de23d03b7d615a48ebb0f5139,ransomware,TRUE_ENCRYPTION,Akira,cape,full,1,10.0,Akira,804,0,,,,1769,804,248,1,0,24,0.30845771144278605,0.0012437810945273632,2,281,4,35,242,153,0,0,7,1,0,4,0,1,2,2,,0,,,0,0,1,13,0,0,0,0,0,0,7,13,54,23,2.6,0,0,,,,,,,,
B560,70a580e734c2331098fa3ecf3f1c928e17ddb92f99f75956c3f805b065222685,ransomware,FAILED,Cactus,cape,full,1,8.0,,0,0,,,,0,0,0,0,0,0,,,0,0,0,0,0,313,3,1,6,3,0,4,2,3,2,4,openssl,0,,,1,0,0,0,0,0,0,0,0,0,0,0,0,0,,0,0,,,,,,,,
B561,57e93d498dd91aebb7473950c12d8dc414aec39f6e3baa2a0b249649adf2ddc9,ransomware,FAILED,Qilin,cape,full,1,8.0,,1,0,,,,0,1,0,0,0,0,0.0,0.0,0,1,0,1,0,123,0,0,2,0,0,0,1,0,1,1,,561,5,4,0,0,1,0,0,0,0,0,0,0,0,0,0,0,,0,0,,,,,,,,
B562,e5b4e81b4a343ccac0cc4ffffe00505376c6344e4deef0bf9f47797aa88a77df,ransomware,TRUE_ENCRYPTION,RAWorld,cape,full,1,10.0,Babuk,342,99,0.8944961130051156,4.881025795232587,5.028639311838573,500,342,22,172,4,43,0.06432748538011696,0.5029239766081871,42,167,21,24,122,140,3,1,8,5,3,4,3,3,2,5,,0,,,0,0,1,17,3,0,0,0,0,0,7,9,50,12,3.2,2,1,1,1,6.9,194,600.2,1,1,0.273
B563,40f838f529b0268aa4b9b3939ea8c6854fc385761e9b11b744fc16a323d38d83,ransomware,TRUE_ENCRYPTION,Trigona,cape,full,1,8.0,,1214,0,,,,1579,1214,0,4444,0,0,0.0,3.6606260296540363,52,74,15,5,54,142,0,0,7,0,0,0,0,2,0,0,,0,,,0,0,1,0,0,0,0,0,0,0,0,0,0,0,,0,0,,,,,,,,
B564,a31e56a60d7c9b547b1e7dfe402d7fb02789dcd117eadf59593e5401460843d4,ransomware,TRUE_ENCRYPTION,,cape,full,1,8.0,,4849,0,,,,2045,4849,1061,0,0,1,0.2188080016498247,0.0,17,102,0,74,28,145,0,0,7,1,0,0,1,1,2,2,openssl,0,,,0,0,1,1,0,0,0,0,0,0,0,0,0,0,,0,0,,,,,,,,
B565,101bd45ab673fd6547386dff4339f1649e61b9f5c318260d365f766fbdc2d3c9,ransomware,TRUE_ENCRYPTION,Akira,cape,full,1,10.0,Akira,718,0,,,,1123,718,266,1,0,17,0.37047353760445684,0.001392757660167131,2,211,2,20,189,153,0,0,7,1,0,4,0,1,2,2,,0,,,0,0,1,8,0,0,0,0,0,0,6,11,78,30,6.3,0,0,,,,,,,,
B566,729f0ff446c0aa04fdae3529ef02cf552e63782e841c24f3c4cb481b4b947859,ransomware,FAILED,Cactus,cape,static_only,1,1.3,,,,,,,,,,,,,,,,,,,,315,3,1,6,3,0,4,2,3,2,4,openssl,0,,,,,,,,,,,,,,,,,,,,,,,,,,,
B567,6316417fcd979c39a4da672ba3521f62081ff4dfebb868ef65a1f2dff9a738ea,ransomware,FAILED,Qilin,cape,full,1,8.0,,1,0,,,,0,1,0,0,0,0,0.0,0.0,0,1,0,1,0,123,0,0,2,0,0,0,1,0,1,1,,561,5,4,0,0,1,0,0,0,0,0,0,0,0,0,0,0,,0,0,,,,,,,,
B568,e750204649232c03bb2b093916a3f98b79b65118d69a808f920c8515a3ec47e7,ransomware,TRUE_ENCRYPTION,RAWorld,cape,full,1,10.0,Babuk,405,99,0.7212880656753913,4.897718490155081,5.028639311838574,504,405,38,197,5,41,0.09382716049382717,0.48641975308641977,39,183,22,34,127,140,3,1,8,5,3,4,3,3,2,5,,0,,,0,0,1,18,3,0,0,0,0,0,7,9,78,13,1.2,2,1,1,1,5.6,235,396.3,1,1,0.39
B569,40e7378667e65355acc89f10b0fa2e76adeb5a73d46eeafe14845f7805c1d793,ransomware,TRUE_ENCRYPTION,Trigona,cape,full,1,9.0,,4965,0,,,,19,4965,0,0,0,4,0.0,0.0,0,75,0,70,5,135,0,0,7,0,0,0,0,2,0,0,,0,,,0,0,1,4,0,0,0,0,0,0,1,1,15,0,-228.2,0,0,,,,,,,,
B570,8eb09dc2383a16fa024f924c20a7648992a35ac2992279edefad50688aa84660,ransomware,NO_VICTIM_ACTIVITY,,cape,full,0,9.0,,7,757,0.03112183500732221,6.298293881352625,6.476157391559539,39,7,2,0,0,1,0.2857142857142857,0.0,2,12,0,2,10,1,0,0,0,0,0,0,0,0,0,0,,0,,,0,1,0,1,0,0,0,0,0,0,0,0,28,0,,0,0,,,,,,,,
B571,1ba1ccfacffbb6be9480380f5535a30d3eee1dd7787f3c649ebf8ea2a6a5de51,ransomware,TRUE_ENCRYPTION,Akira,cape,full,1,10.0,Akira,996,483,0.2904418006102903,6.284865820450802,6.476157391559539,840,996,2,0,0,7,0.002008032128514056,0.0,2,77,2,56,19,152,0,0,6,1,0,4,0,0,2,2,,0,,,0,1,0,7,1,0,0,0,0,0,7,8,47,8,13.3,0,0,,,,,,,,
B572,77bbd39c8a1b9093c9ad8e5d94265e5d95f8ca275d4eea2218d560cba6dfd838,ransomware,FAILED,Cactus,cape,full,1,8.0,,0,0,,,,0,0,0,0,0,0,,,0,0,0,0,0,315,3,1,6,3,0,4,2,3,2,4,openssl,0,,,1,0,0,0,0,0,0,0,0,0,0,0,0,0,,0,0,,,,,,,,
B573,18550a8b193b52f8fdd86e9e8d66affdab001ed8feca5585065388a66ceebb5c,ransomware,FAILED,Qilin,cape,full,1,8.0,,1,0,,,,0,1,0,0,0,0,0.0,0.0,0,1,0,1,0,123,0,0,2,0,0,0,1,0,1,1,,561,5,4,0,0,1,0,0,0,0,0,0,0,0,0,0,0,,0,0,,,,,,,,
B574,e7c7544749f15087c9da62ddd6673ee4de7ade0b855d33c32b2b700a8a29a4a2,ransomware,TRUE_ENCRYPTION,RAWorld,cape,full,1,10.0,Babuk,246,83,0.8925365111488054,4.87829187665122,5.0,434,246,14,169,0,37,0.056910569105691054,0.6869918699186992,38,157,21,20,116,140,3,1,8,5,3,4,3,3,2,5,,0,,,0,0,1,14,3,0,0,0,0,0,7,10,30,2,7.7,2,1,1,1,6.7,183,163.8,0,1,
B575,006194421ffcba4d790dddcbb6996e55470bdb5880043c16afed1a8ff29d094e,ransomware,TRUE_ENCRYPTION,Trigona,cape,full,1,5.3,,372,0,,,,1668,372,0,4503,0,0,0.0,12.10483870967742,56,68,13,5,50,142,0,0,7,0,0,0,0,2,0,0,,0,,,0,0,1,0,0,0,0,0,0,0,0,0,0,0,,0,0,,,,,,,,
B576,b60ef95da28cba0d44cad8d03121b0bec3bc3865044d010cffb8450629d91c9f,ransomware,TRUE_ENCRYPTION,,cape,full,1,9.0,Scarab-Dharma,256,2,-0.009767332906006246,4.577819531114783,4.577819531114783,416,256,31,123,5,20,0.12109375,0.48046875,22,162,5,45,112,204,6,1,6,1,3,0,5,3,2,4,openssl,0,,,0,0,1,18,1,0,0,0,4,0,5,5,71,11,-66.8,4,2,0,0,,0,402.2,4,1,0.454
B577,0273f8fb4c836ff3778aebe80bd1949fab951ff06b47f516a18c08b296ad27e6,ransomware,TRUE_ENCRYPTION,Akira,cape,full,1,10.0,Akira,843,0,,,,1326,843,233,1,0,8,0.2763938315539739,0.0011862396204033216,2,240,4,37,199,154,0,0,7,1,0,4,0,1,2,2,,0,,,0,0,1,8,0,0,0,0,0,0,6,8,36,10,9.6,0,0,,,,,,,,
B578,7a8c7166ebdae96e7adceaf50c064bf1cf85d3c360a6ff513414dc3078a6aa54,ransomware,FAILED,Cactus,cape,full,1,8.0,,0,0,,,,0,0,0,0,0,0,,,0,0,0,0,0,313,3,1,6,3,0,4,2,3,2,4,openssl,0,,,1,0,0,0,0,0,0,0,0,0,0,0,0,0,,0,0,,,,,,,,
B579,43691290ac03ebb26754203f1cc3940b32f036babb7cfab3cb14fe2128389c0c,ransomware,FAILED,Qilin,cape,full,1,8.0,,1,0,,,,0,1,0,0,0,0,0.0,0.0,0,1,0,1,0,123,0,0,2,0,0,0,1,0,1,1,,561,5,4,0,0,1,0,0,0,0,0,0,0,0,0,0,0,,0,0,,,,,,,,
B580,e8b5eebb78b19288a768f95ee536411e5851e501690df7d088f0989848b8c540,ransomware,TRUE_ENCRYPTION,RAWorld,cape,full,1,10.0,Babuk,323,100,0.815932365008111,4.909164310578528,5.028639311838574,378,323,23,173,4,42,0.07120743034055728,0.5356037151702786,39,169,21,30,118,140,3,1,8,5,3,4,3,3,2,5,,0,,,0,0,1,17,3,0,0,0,0,0,7,12,53,12,1.7,2,1,1,1,5.5,196,611.0,1,1,0.253
B581,4adf636bee48a5fa28250437891c608cb6be32513f55146879c67425d71de3dd,ransomware,TRUE_ENCRYPTION,Trigona,cape,full,1,8.0,,1512,0,,,,1666,1512,0,4360,0,0,0.0,2.8835978835978837,53,80,13,5,62,142,0,0,7,0,0,0,0,2,0,0,,0,,,0,0,1,0,0,0,0,0,0,0,0,0,0,0,,0,0,,,,,,,,
B582,d59661bf4866a29b4c1efa358919b2c8e7501df80e9038f0fad641a317183748,ransomware,FAILED,,cape,static_only,1,0.3,,,,,,,,,,,,,,,,,,,,217,2,2,6,2,0,0,5,1,2,3,,0,,,,,,,,,,,,,,,,,,,,,,,,,,,
B583,030db5fb2a639b0c1a63bbd209bd1f043dbc4dbb306102f1726cdd4a6500fb83,ransomware,TRUE_ENCRYPTION,Akira,cape,full,1,10.0,Akira,1141,4,-0.016903223508725983,3.219539785312086,3.219539785312086,1166,1141,1,1,0,11,0.0008764241893076249,0.0008764241893076249,1,111,0,60,51,152,0,0,6,1,0,4,0,0,2,2,,0,,,0,1,0,12,0,0,0,0,0,0,7,9,58,35,1.8,0,0,,,,,,,,
B584,8bbc00b367be5a41e6519be0fb4fe9ef5fa0056b3dbd8fd28c6aabbac3add0a4,ransomware,NO_VICTIM_ACTIVITY,Cactus,cape,full,0,8.0,,0,0,,,,0,0,0,0,0,0,,,0,0,0,0,0,12,0,0,0,0,0,1,0,0,0,1,openssl,356,4,3,0,0,1,0,0,0,0,0,0,0,0,0,0,0,,0,0,,,,,,,,
B585,55d51a57aa4ae7086e9eff4a33602c03f051464996af419c6c79214fcc04be47,ransomware,FAILED,Qilin,cape,full,1,8.0,,1,0,,,,0,1,0,0,0,0,0.0,0.0,0,1,0,1,0,123,0,0,2,0,0,0,1,0,1,1,,561,5,4,0,0,1,0,0,0,0,0,0,0,0,0,0,0,,0,0,,,,,,,,
B586,eac5860c5ab21c42795c68268aebd7a1f6ad6e85b1067f2a0b1ae990949514b2,ransomware,TRUE_ENCRYPTION,RAWorld,cape,full,1,10.0,Babuk,235,88,0.9371925854519384,4.887304883397666,5.087462841250338,156,235,14,163,0,32,0.059574468085106386,0.6936170212765957,39,135,23,12,100,140,3,1,8,5,3,4,3,3,2,5,,0,,,0,0,1,15,3,0,0,0,0,0,4,5,39,2,0.4,2,1,1,1,5.0,177,164.1,0,1,
B587,ecd0738536e3a450dd4bcce49303b2c60659a7512ac391e08abb6c174b9d401f,ransomware,TRUE_ENCRYPTION,Trigona,cape,full,1,8.0,,1426,0,,,,1499,1426,0,4387,0,0,0.0,3.076437587657784,50,73,13,4,56,142,0,0,7,0,0,0,0,2,0,0,,0,,,0,0,1,0,0,0,0,0,0,0,0,0,0,0,,0,0,,,,,,,,
B588,8695e342477f2d6a4f71917c796af1d0a69653002bc37a12a15a9afda27f70e9,ransomware,NO_VICTIM_ACTIVITY,,cape,full,1,2.0,,182,0,,,,14,182,0,0,0,0,0.0,0.0,0,4,0,4,0,152,0,0,0,0,0,0,0,0,1,0,,0,,,0,0,1,0,0,0,0,0,0,0,0,0,0,0,,0,0,,,,,,,,
B589,03aa12ac2884251aa24bf0ccd854047de403591a8537e6aba19e822807e06a45,ransomware,TRUE_ENCRYPTION,Akira,cape,full,1,10.0,Akira,773,4,-0.005649124116580956,3.219539785312086,3.219539785312086,1137,773,19,1,0,8,0.02457956015523933,0.00129366106080207,2,60,3,20,37,153,0,0,7,1,0,4,0,1,2,2,,0,,,0,1,0,8,0,0,0,0,0,0,4,4,19,8,3.1,0,0,,,,,,,,
B590,9031966625a243bfaada93d23f7b7e61807ea6b39cb1e5372ecd549aec7421ac,ransomware,FAILED,Cactus,cape,static_only,1,1.3,,,,,,,,,,,,,,,,,,,,315,3,1,6,3,0,4,2,3,2,4,openssl,0,,,,,,,,,,,,,,,,,,,,,,,,,,,
B591,60bc22a15a52fe605c337fd9b53bb6c1593c5c8deff18fcc2817ac51d0d300a2,ransomware,FAILED,Qilin,cape,full,1,8.0,,1,0,,,,0,1,0,0,0,0,0.0,0.0,0,1,0,1,0,123,0,0,2,0,0,0,1,0,1,1,,561,5,4,0,0,1,0,0,0,0,0,0,0,0,0,0,0,,0,0,,,,,,,,
B592,eaf8b0fa53d98296c308d05f54fca99877849be352f245fcdc397199010b0829,ransomware,TRUE_ENCRYPTION,RAWorld,cape,full,1,10.0,Babuk,289,113,0.9514786171946514,4.889572563936881,5.028639311838573,161,289,14,197,0,30,0.04844290657439446,0.6816608996539792,38,131,25,13,93,140,3,1,8,5,3,4,3,3,2,5,,0,,,0,0,1,16,3,0,0,0,0,0,4,6,39,2,1.6,2,1,1,1,6.3,211,184.5,0,1,
B593,53a801deacc598f7d38445a07a3a459306a88dbcdf9ce037525ce8992ca9ac9d,ransomware,TRUE_ENCRYPTION,Trigona,cape,full,1,8.0,,1540,0,,,,1517,1540,0,4404,0,0,0.0,2.85974025974026,55,75,13,4,58,142,0,0,7,0,0,0,0,2,0,0,,0,,,0,0,1,0,0,0,0,0,0,0,0,0,0,0,,0,0,,,,,,,,
B594,7d6e60e0b8df735fc26417314f2f91599f7438d280ab700def75c23400a905e9,ransomware,NO_VICTIM_ACTIVITY,,cape,full,1,2.0,,480,0,,,,14,480,0,0,0,0,0.0,0.0,0,10,0,10,0,152,0,0,0,0,0,0,0,0,1,0,,0,,,0,0,1,0,0,0,0,0,0,0,0,0,0,0,,0,0,,,,,,,,
B595,049a593fd540d78840d000d2fa6046e8d28279376ef61e5ccc8f74dd49f1c498,ransomware,TRUE_ENCRYPTION,Akira,cape,full,1,10.0,Akira,680,0,,,,1148,680,265,1,0,12,0.3897058823529412,0.0014705882352941176,2,215,3,18,194,153,0,0,7,1,0,4,0,1,2,2,,0,,,0,0,1,10,0,0,0,0,0,0,6,9,59,30,3.4,0,0,,,,,,,,
B596,9eaecc3e9f0d65f8b981c2cdf238b88f6e316b5831d89afb3b47ae8dab7bdbdd,ransomware,NO_VICTIM_ACTIVITY,Cactus,cape,full,0,8.0,,0,0,,,,0,0,0,0,0,0,,,0,0,0,0,0,11,0,0,0,0,0,1,0,0,0,1,openssl,352,4,3,0,0,1,0,0,0,0,0,0,0,0,0,0,0,,0,0,,,,,,,,
B597,f1f3fddcea2b7d98617aae0707c5bcaf6ea354498b3e77a8810c0cce702040b9,ransomware,FAILED,Qilin,cape,full,1,8.0,,1,0,,,,0,1,0,0,0,0,0.0,0.0,0,1,0,1,0,123,0,0,2,0,0,0,1,0,1,1,,561,5,4,0,0,1,0,0,0,0,0,0,0,0,0,0,0,,0,0,,,,,,,,
B598,35869c0b190a34b9978856dabf6ae6f30b191581fed33c6b525321d6854b2ee8,ransomware,TRUE_ENCRYPTION,RAWorld,cape,full,1,10.0,Babuk,183,66,0.8957383538308175,4.857896503795176,5.087462841250338,116,183,13,125,0,12,0.07103825136612021,0.6830601092896175,36,102,21,12,69,140,3,1,8,5,3,4,3,3,2,5,,0,,,0,0,1,8,3,0,0,0,0,0,4,5,28,2,4.0,2,1,1,1,5.0,138,187.8,0,1,
B599,3548b30286a0a4c6a2584af5c3e1319797128f25858ec829822a3e13fd9290eb,ransomware,TRUE_ENCRYPTION,Trigona,cape,full,1,8.0,,2610,0,,,,1491,2610,0,4408,0,0,0.0,1.6888888888888889,52,75,16,4,55,142,0,0,7,0,0,0,0,2,0,0,,0,,,0,0,1,0,0,0,0,0,0,0,0,0,0,0,,0,0,,,,,,,,
B600,6698af98eb6bd00b5420a64aa5ae06ab3f56d85b9726a1bbe6fa2be8943fcef3,ransomware,TRUE_ENCRYPTION,,cape,full,1,2.0,,27,0,,,,15,27,0,0,0,0,0.0,0.0,0,3,0,3,0,51,0,0,0,0,0,0,0,0,1,0,,0,,,0,0,1,0,0,0,0,0,0,0,0,0,0,0,,0,0,,,,,,,,
B601,05b9f915afb91b36115a25cec09270f2119922488b9224d8b3a49caefae54ab7,ransomware,TRUE_ENCRYPTION,Akira,cape,full,1,10.0,Akira,698,0,,,,1109,698,264,1,0,15,0.37822349570200575,0.0014326647564469914,2,205,4,15,186,153,0,0,7,1,0,4,0,1,2,2,,0,,,0,0,1,10,0,0,0,0,0,0,7,10,90,33,1.6,0,0,,,,,,,,
B602,a5296d07dabb3d7b53fce4cf803190bfa57e062abeb11a6d801250acb7005c5f,ransomware,FAILED,Cactus,cape,static_only,1,1.3,,,,,,,,,,,,,,,,,,,,313,3,1,6,3,0,4,2,3,2,4,openssl,0,,,,,,,,,,,,,,,,,,,,,,,,,,,
B603,73b1fffd35d3a72775e0ac4c836e70efefa0930551a2f813843bdfb32df4579a,ransomware,FAILED,Qilin,cape,full,1,8.0,,1,0,,,,0,1,0,0,0,0,0.0,0.0,0,1,0,1,0,123,0,0,2,0,0,0,1,0,1,1,,581,5,4,0,0,1,0,0,0,0,0,0,0,0,0,0,0,,0,0,,,,,,,,
B604,35ec04f4ae6a7cf8f62c17c698f2377b8855e41cd9cf81fdb3bfb6fab3fcd5d1,ransomware,TRUE_ENCRYPTION,RAWorld,cape,full,1,10.0,Babuk,225,88,0.9493309055565549,4.877951451814312,5.028639311838574,136,225,10,165,0,10,0.044444444444444446,0.7333333333333333,38,110,17,9,84,140,3,1,8,5,3,4,3,3,2,5,,0,,,0,0,1,7,3,0,0,0,0,0,3,3,21,1,3.1,2,1,1,1,7.0,175,162.3,0,1,
B605,1c70fdf9bfa243c7a8ca09d466faf202b6bbdfb2f4e53852a78884e845cc73a0,ransomware,TRUE_ENCRYPTION,Trigona,cape,full,1,8.0,,1426,0,,,,1548,1426,0,4584,0,0,0.0,3.214586255259467,55,69,10,4,55,142,0,0,7,0,0,0,0,2,0,0,,0,,,0,0,1,0,0,0,0,0,0,0,0,0,0,0,,0,0,,,,,,,,
B606,002b98b0bb7c65414327845f1c7324cfd80add0746a89994844e9ca7b2dfaee9,ransomware,TRUE_ENCRYPTION,,cape,full,1,2.0,,27,0,,,,17,27,0,0,0,0,0.0,0.0,0,3,0,3,0,51,0,0,0,0,0,0,0,0,1,0,,0,,,0,0,1,0,0,0,0,0,0,0,0,0,0,0,,0,0,,,,,,,,
B607,08207409e1d789aea68419b04354184490ce46339be071c6c185c75ab9d08cba,ransomware,TRUE_ENCRYPTION,Akira,cape,full,1,10.0,Akira,580,450,0.029455663018882167,6.279057821681487,6.476157391559539,1202,580,24,0,0,7,0.041379310344827586,0.0,3,77,3,24,50,153,0,0,7,1,0,4,0,1,2,2,,0,,,0,1,0,5,1,0,0,0,0,0,5,5,17,8,23.0,0,0,,,,,,,,
B608,ac7d1b8c3d0f281f79469ffaf129952d23f8f1615c01614d075959d2b975033b,ransomware,NO_VICTIM_ACTIVITY,Cactus,cape,full,0,8.0,,0,0,,,,0,0,0,0,0,0,,,0,0,0,0,0,12,0,0,0,0,0,1,0,0,0,1,openssl,348,4,3,0,0,1,0,0,0,0,0,0,0,0,0,0,0,,0,0,,,,,,,,
B609,5bd26a1b8b7c11a04ab63b6cdfc35424b332747c0a8a62432bff8268bd966ec5,ransomware,FAILED,Qilin,cape,full,1,8.0,,1,0,,,,0,1,0,0,0,0,0.0,0.0,0,1,0,1,0,123,0,0,2,0,0,0,1,0,1,1,,561,5,4,0,0,1,0,0,0,0,0,0,0,0,0,0,0,,0,0,,,,,,,,
B610,3684e19cb97cf737ad719c56f62266fb72cb5170918dbbfddf2e141d23c92bf2,ransomware,TRUE_ENCRYPTION,RAWorld,cape,full,1,10.0,Babuk,101,45,0.91206669638643,4.899575538699458,5.028639311838574,92,101,9,57,0,8,0.0891089108910891,0.5643564356435643,27,76,15,4,57,140,3,1,8,5,3,4,3,3,2,5,,0,,,0,0,1,8,3,0,0,0,0,0,4,4,27,2,3.8,1,1,1,1,8.0,66,48.2,0,1,
B611,6da9ef4fbe6ca8cb9e84d8d8fb2a7a3c79d29f9a528dd1594804858c7a004835,ransomware,TRUE_ENCRYPTION,Trigona,cape,full,1,8.0,,973,0,,,,1643,973,0,4468,0,0,0.0,4.591983556012333,54,70,17,4,49,142,0,0,7,0,0,0,0,2,0,0,,0,,,0,0,1,0,0,0,0,0,0,0,0,0,0,0,,0,0,,,,,,,,
B612,d62ba205782c8dabe56f349a97148cff6e3a63a4675d5f346ea1ff3a08e269c1,ransomware,TRUE_ENCRYPTION,,cape,full,1,2.0,,27,0,,,,16,27,0,0,0,0,0.0,0.0,0,4,0,4,0,51,0,0,0,0,0,0,0,0,1,0,,0,,,0,0,1,0,0,0,0,0,0,0,0,0,0,0,,0,0,,,,,,,,
B613,0b5b31af5956158bfbd14f6cbf4f1bca23c5d16a40dbf3758f3289146c565f43,ransomware,TRUE_ENCRYPTION,Akira,cape,full,1,10.0,Akira,626,427,-0.013472711505023587,6.271404045054627,6.476157391559539,1206,626,256,1,0,12,0.40894568690095845,0.001597444089456869,4,210,4,18,188,153,0,0,7,1,0,4,0,1,2,2,,0,,,0,1,0,10,1,0,0,0,0,0,7,10,53,38,-12.7,0,0,,,,,,,,
B614,b705636ed4a0d5253e5f9a4e4712c080bfd22403672fc3bca000745022909c96,ransomware,FAILED,Cactus,cape,static_only,1,1.3,,,,,,,,,,,,,,,,,,,,315,3,1,6,3,0,4,2,3,2,4,openssl,0,,,,,,,,,,,,,,,,,,,,,,,,,,,
B615,13fda99fae67bcb810c018c9db2913aa0426798ea818b12134da97af261f058f,ransomware,FAILED,Qilin,cape,full,1,8.0,,1,0,,,,0,1,0,0,0,0,0.0,0.0,0,1,0,1,0,123,0,0,2,0,0,0,1,0,1,1,,561,5,4,0,0,1,0,0,0,0,0,0,0,0,0,0,0,,0,0,,,,,,,,
B616,36ce5b2c97892f86fd0e66d9dd6c4fbd4a46e7f91ea55cc1f51dee3a03417a3a,ransomware,TRUE_ENCRYPTION,RAWorld,cape,full,1,10.0,Babuk,371,95,0.7621471538725803,4.86748764816607,5.0,528,371,23,172,5,14,0.06199460916442048,0.4636118598382749,39,166,20,27,119,140,3,1,8,5,3,4,3,3,2,5,,0,,,0,0,1,11,3,0,0,0,0,0,6,6,62,12,1.3,2,1,1,1,5.4,195,367.2,1,1,0.397
B617,196e890ff93273431c62a5450f25538c7fe3dba809bef0b11baf54ded8b38781,ransomware,TRUE_ENCRYPTION,Trigona,cape,full,1,8.0,,1466,0,,,,1596,1466,0,4379,0,0,0.0,2.9870395634379263,56,73,11,3,59,142,0,0,7,0,0,0,0,2,0,0,,0,,,0,0,1,0,0,0,0,0,0,0,0,0,0,0,,0,0,,,,,,,,
B618,880269de661c86a9cfe2b2d1343fae27b9d3c1e8cdc05c5ca1f1771eebccf49c,ransomware,NO_VICTIM_ACTIVITY,,cape,full,1,7.0,,462,0,,,,211,462,11,0,0,1,0.023809523809523808,0.0,3,19,0,8,11,127,0,0,7,1,0,0,1,1,2,2,openssl,1359,3,1,0,0,1,1,0,0,0,0,0,0,0,0,0,0,,0,0,,,,,,,,
B619,0c8d5f2b94ca60616d0db69f31cf4a651ae816e44ef6f807851601c1a4e52d10,ransomware,TRUE_ENCRYPTION,Akira,cape,full,1,10.0,Akira,656,0,,,,1168,656,269,1,0,18,0.4100609756097561,0.001524390243902439,2,215,3,18,194,153,0,0,7,1,0,4,0,1,2,2,,0,,,0,0,1,9,0,0,0,0,0,0,6,11,68,30,7.9,0,0,,,,,,,,
B620,bc5c9d8699c0e66b3f38d5449aa661f5e0e8a5a406c78611eeb090aea96f299e,ransomware,NO_VICTIM_ACTIVITY,Cactus,cape,full,0,8.0,,0,0,,,,0,0,0,0,0,0,,,0,0,0,0,0,11,0,0,0,0,0,1,0,0,0,1,openssl,354,4,3,0,0,1,0,0,0,0,0,0,0,0,0,0,0,,0,0,,,,,,,,
B621,0ed04a6f924b2757e64940fb909ae1e8b46eb7dcf377985074434a44c38ff64f,ransomware,FAILED,Qilin,cape,full,1,8.0,,1,0,,,,0,1,0,0,0,0,0.0,0.0,0,1,0,1,0,123,0,0,2,0,0,0,1,0,1,1,,561,5,4,0,0,1,0,0,0,0,0,0,0,0,0,0,0,,0,0,,,,,,,,
B622,37262a3bd85577f6f688659b451d9124e52248a42a69644ad5696c0006f5abcc,ransomware,TRUE_ENCRYPTION,RAWorld,cape,full,1,10.0,Babuk,287,102,0.9280967939537879,4.875460356671402,5.058813890331199,176,287,31,199,0,10,0.10801393728222997,0.6933797909407665,42,132,16,20,96,140,3,1,8,5,3,4,3,3,2,5,,0,,,0,0,1,7,3,0,0,0,0,0,4,4,26,1,7.7,2,1,1,1,6.6,230,158.3,0,1,
B623,4aea0dad84263022b05d0da70ca3e50f9bc4375ffdd5fb1cb17e91446ac0da10,ransomware,TRUE_ENCRYPTION,Trigona,cape,full,1,8.0,,1648,0,,,,1563,1648,0,4329,0,0,0.0,2.6268203883495147,50,147,36,4,107,167,0,0,7,0,0,0,0,1,1,0,,0,,,0,0,1,0,0,0,0,0,0,0,0,0,1,0,,0,0,,,,,,,,
B624,356d5298be16003b7ef9b8c82a520d156d7fbd6e59a0f381048ad4e99453541b,ransomware,TRUE_ENCRYPTION,,cape,full,1,9.0,,603,0,,,,278,603,61,0,0,1,0.1011608623548922,0.0,6,34,0,15,19,109,0,0,7,1,0,0,1,1,2,2,openssl,0,,,0,0,1,1,0,0,0,0,0,0,0,0,0,0,,0,0,,,,,,,,
B625,0d700ca5f6cc093de4abba9410480ee7a8870d5e8fe86c9ce103eec3872f225f,ransomware,TRUE_ENCRYPTION,Akira,cape,full,1,10.0,Akira,691,0,,,,1108,691,264,1,0,17,0.38205499276411,0.001447178002894356,2,219,4,18,197,153,0,0,7,1,0,4,0,1,2,2,,0,,,0,0,1,9,0,0,0,0,0,0,5,9,77,30,7.8,0,0,,,,,,,,
B626,c023acd66dac4489a60328b1573f862b7e7616ef0b1fb9fd2fd9517745a936f0,ransomware,NO_VICTIM_ACTIVITY,Cactus,cape,full,0,8.0,,0,0,,,,0,0,0,0,0,0,,,0,0,0,0,0,11,0,0,0,0,0,1,0,0,0,1,openssl,354,4,3,0,0,1,0,0,0,0,0,0,0,0,0,0,0,,0,0,,,,,,,,
B627,1c9e06d6bdf8d307a8860e5b47f8c4ec8ebd9e37e6b519c5a72b16db8dad2ade,ransomware,FAILED,Qilin,cape,full,1,8.0,,1,0,,,,0,1,0,0,0,0,0.0,0.0,0,1,0,1,0,123,0,0,2,0,0,0,1,0,1,1,,561,5,4,0,0,1,0,0,0,0,0,0,0,0,0,0,0,,0,0,,,,,,,,
B628,3768a188e961c574792e578b86ad7616e726714aaff1e61ee61bf0767857b626,ransomware,TRUE_ENCRYPTION,RAWorld,cape,full,1,10.0,Babuk,270,93,0.9171441272184088,4.87508664459227,5.087462841250338,169,270,15,176,0,10,0.05555555555555555,0.6518518518518519,39,135,22,22,91,140,3,1,8,5,3,4,3,3,2,5,,0,,,0,0,1,7,3,0,0,0,0,0,4,5,25,2,8.0,2,1,1,1,4.2,191,176.0,0,1,
B629,8aa579b40f9c86c9c24726485528aafac4414257fc854feb6dbcad11222405dd,ransomware,TRUE_ENCRYPTION,Trigona,cape,full,1,8.0,,1439,0,,,,1674,1439,0,4187,0,0,0.0,2.9096594857539957,49,144,21,6,117,167,0,0,7,0,0,0,0,1,1,0,,0,,,0,0,1,0,0,0,0,0,0,0,0,0,1,0,,0,0,,,,,,,,
B630,f32d28319baa3ad918e1587a17e6b6fb824a985d0dc57f4ae37b9671faf5ae84,ransomware,TRUE_ENCRYPTION,,cape,full,1,2.0,,6,0,,,,3,6,0,0,0,0,0.0,0.0,0,1,0,1,0,124,0,0,4,0,0,0,0,0,1,0,,0,,,0,0,1,0,0,0,0,0,0,0,0,0,0,0,,0,0,,,,,,,,
B631,0df446a893ef448ee4ef32494f6cdf9b04a4f202583794f75a7a7a9ec25d41cb,ransomware,TRUE_ENCRYPTION,Akira,cape,full,1,10.0,Akira,603,0,,,,1167,603,271,1,0,15,0.4494195688225539,0.001658374792703151,2,210,3,17,190,153,0,0,7,1,0,4,0,1,2,2,,0,,,0,0,1,8,0,0,0,0,0,0,6,11,69,35,8.1,0,0,,,,,,,,
B632,c49b4faa6ac7b5c207410ed1e86d0f21c00f47a78c531a0a736266c436cc1c0a,ransomware,FAILED,Cactus,cape,static_only,1,1.3,,,,,,,,,,,,,,,,,,,,315,3,1,6,3,0,4,2,3,2,4,openssl,0,,,,,,,,,,,,,,,,,,,,,,,,,,,
B633,4b3312a6e5be6e3afbae4ee89a7a50a27e2489678b7d66824ce7a83b3592f43c,ransomware,FAILED,Qilin,cape,full,1,8.0,,1,0,,,,0,1,0,0,0,0,0.0,0.0,0,1,0,1,0,123,0,0,2,0,0,0,1,0,1,1,,561,5,4,0,0,1,0,0,0,0,0,0,0,0,0,0,0,,0,0,,,,,,,,
B634,37dcff64f4173e57fcb53ba5bf52558ed212389c2ee8a4e2c9807f48c3126ff3,ransomware,TRUE_ENCRYPTION,RAWorld,cape,full,1,10.0,Babuk,107,42,0.9480168841962409,4.892141939783287,5.0,91,107,12,59,0,7,0.11214953271028037,0.5514018691588785,26,82,12,8,62,140,3,1,8,5,3,4,3,3,2,5,,0,,,0,0,1,7,3,0,0,0,0,0,4,4,33,2,7.9,1,1,1,1,7.4,71,62.0,0,1,
B635,8faf6974c82fc495a2343a579a478c8e18dc6a60b1516ee107c88e18f8cde241,ransomware,TRUE_ENCRYPTION,Trigona,cape,full,1,9.0,,1353,0,,,,2830,1353,0,4998,0,0,0.0,3.694013303769401,56,235,5,83,147,166,0,0,7,0,0,0,0,1,1,0,,0,,,0,0,1,0,0,0,0,0,0,0,0,0,1,0,,0,0,,,,,,,,
B636,77d84da6fb29e78cc1c3d9c4e45d6eb7a7cfeadc261a0c5e0f7e8566da448398,ransomware,NO_VICTIM_ACTIVITY,,cape,full,1,7.0,,1170,0,,,,748,1170,66,0,0,3,0.05641025641025641,0.0,3,68,0,42,26,110,0,0,7,1,0,0,1,1,2,2,openssl,410,0,0,0,0,1,3,0,0,0,0,0,0,0,0,0,0,,0,0,,,,,,,,
B637,02b49fd8781580e1f25034c9ca89d7989729f6ca898579f434cc6122247b7c06,ransomware,TRUE_ENCRYPTION,Akira,cape,full,1,10.0,Akira,779,0,,,,1156,779,242,1,0,5,0.31065468549422337,0.0012836970474967907,2,213,3,24,186,155,0,0,7,1,0,4,0,1,2,2,,0,,,0,0,1,6,0,0,0,0,0,0,4,5,36,15,6.4,0,0,,,,,,,,
B638,d0de7f54d938e8f2f67b7ed071f8c4ad12c4634c271d5c810ebf58b1fd67f10d,ransomware,NO_VICTIM_ACTIVITY,Cactus,cape,full,0,8.0,,0,0,,,,0,0,0,0,0,0,,,0,0,0,0,0,12,0,0,0,0,0,1,0,0,0,1,openssl,348,4,3,0,0,1,0,0,0,0,0,0,0,0,0,0,0,,0,0,,,,,,,,
B639,4f62e909c14af137dc07d4b990c53bb28fa7c5344966b7b18f157eb235d0d796,ransomware,FAILED,Qilin,cape,full,1,8.0,,1,0,,,,0,1,0,0,0,0,0.0,0.0,0,1,0,1,0,123,0,0,2,0,0,0,1,0,1,1,,561,5,4,0,0,1,0,0,0,0,0,0,0,0,0,0,0,,0,0,,,,,,,,
B640,38263d5d34ed82028ea2f415d89191b3ee41e07f95227c16b0508aff996a3111,ransomware,TRUE_ENCRYPTION,RAWorld,cape,full,1,10.0,Babuk,267,83,0.8119738141214953,4.8839558476501415,5.087462841250338,857,267,14,151,0,11,0.052434456928838954,0.5655430711610487,39,134,22,17,95,140,3,1,8,5,3,4,3,3,2,5,,0,,,0,0,1,8,3,0,0,0,0,0,5,5,31,1,1.0,2,1,1,1,5.3,165,156.7,0,1,
B641,97349b5328e0d4699691938fe45c0f7d9afdfc6b67a2915e07dec805eff07004,ransomware,TRUE_ENCRYPTION,Trigona,cape,full,1,8.0,,410,0,,,,1603,410,0,4246,0,0,0.0,10.35609756097561,52,139,39,5,95,167,0,0,7,0,0,0,0,1,1,0,,0,,,0,0,1,0,0,0,0,0,0,0,0,0,1,0,,0,0,,,,,,,,
B642,94b5d0e40f6d108e0acc376f2b227167386259e0e197d205a1579350cc302b03,ransomware,FAILED,,cape,full,1,1.0,,5,0,,,,0,5,0,0,0,0,0.0,0.0,0,1,0,1,0,123,0,0,3,0,0,0,0,0,2,0,,0,,,0,0,1,0,0,0,0,0,0,0,0,0,0,0,,0,0,,,,,,,,
B643,9ca333b2e88ab35f608e447b0e3b821a6e04c4b0c76545177890fb16adcab163,ransomware,TRUE_ENCRYPTION,Akira,cape,full,1,10.0,Akira,1069,438,-0.02260341454130145,6.237774088997237,7.208522797891183,899,1069,10,2,5,8,0.009354536950420954,0.0018709073900841909,4,73,2,45,26,137,5,1,6,0,0,4,0,0,2,2,,0,,,0,0,1,7,1,0,0,0,0,0,5,7,47,16,-12.3,0,0,,,,,,,,
B644,d1db583aad156dc4edd093a64aade4180a77477cb247347e3fc97cae401d061f,ransomware,FAILED,Cactus,cape,static_only,1,1.3,,,,,,,,,,,,,,,,,,,,321,3,1,6,3,0,4,2,3,2,4,openssl,0,,,,,,,,,,,,,,,,,,,,,,,,,,,
B645,5edb3f2f5789eca3866b7f5cdbde8016b2552239d2cfe5ea602184ba7071aa07,ransomware,FAILED,Qilin,cape,full,1,8.0,,1,0,,,,0,1,0,0,0,0,0.0,0.0,0,1,0,1,0,123,0,0,2,0,0,0,1,0,1,1,,561,5,4,0,0,1,0,0,0,0,0,0,0,0,0,0,0,,0,0,,,,,,,,
B646,3988d8344dc340563564d9548a1add9edf9972ce9396b9f77515b6699389a8ec,ransomware,TRUE_ENCRYPTION,RAWorld,cape,full,1,10.0,Babuk,250,95,0.9510909382244377,4.87339551650105,5.028639311838573,147,250,14,181,0,10,0.056,0.724,42,120,24,10,86,140,3,1,8,5,3,4,3,3,2,5,,0,,,0,0,1,7,3,0,0,0,0,0,4,4,27,2,6.5,2,1,1,1,6.5,195,158.5,0,1,
B647,a891d24823796a4ffa2fac76d92fec2c7ffae1ac1c3665be0d4f85e13acd33f9,ransomware,TRUE_ENCRYPTION,Trigona,cape,full,1,9.0,,1517,0,,,,2929,1517,0,4999,0,0,0.0,3.2953197099538563,62,241,4,88,149,166,0,0,7,0,0,0,0,1,1,0,,0,,,0,0,1,0,0,0,0,0,0,0,0,0,1,0,,0,0,,,,,,,,
B648,24f7b66c88ba085d77c5bd386c0a0ac3b78793c0e47819a0576b60a67adc7b73,ransomware,NO_VICTIM_ACTIVITY,,cape,full,0,9.0,,0,0,,,,0,0,0,0,0,0,,,0,0,0,0,0,18,0,0,0,0,0,0,0,0,0,0,,0,,,0,0,1,0,0,0,0,0,0,0,0,0,0,0,,0,0,,,,,,,,
B649,865930cd680f5196672ec552ee19693a9e2868709b0cdb71674ded1f04c85922,ransomware,TRUE_ENCRYPTION,Akira,cape,full,0,10.0,Akira,1284,6,-0.007298944852490578,5.033622310540722,7.225866931622167,991,1284,1,1,0,3,0.000778816199376947,0.000778816199376947,1,90,0,80,10,11,1,0,0,0,0,1,0,0,0,2,,137,2,0,0,0,1,5,0,0,0,0,0,0,5,5,5,5,9.7,0,0,,,,,,,,
B650,d455264bbb253a659149ba186f872920d83e3c6a0cab13965aa52a6b49406019,ransomware,FAILED,Cactus,cape,static_only,1,1.3,,,,,,,,,,,,,,,,,,,,321,3,1,6,3,0,4,2,3,2,4,openssl,0,,,,,,,,,,,,,,,,,,,,,,,,,,,
B651,f3d09afc535097b0c5523579054b381e73ca58a2568e028fac0046ce73139d54,ransomware,FAILED,Qilin,cape,full,1,8.0,,1,0,,,,0,1,0,0,0,0,0.0,0.0,0,1,0,1,0,123,0,0,2,0,0,0,1,0,1,1,,561,5,4,0,0,1,0,0,0,0,0,0,0,0,0,0,0,,0,0,,,,,,,,
B652,39ca9dd6286713a76af0898244746828597ff8ae867e907576ab4c0442b1401d,ransomware,TRUE_ENCRYPTION,RAWorld,cape,full,1,10.0,Babuk,391,90,0.6209894184449489,4.895957468998103,5.028639311838574,539,391,55,189,5,15,0.14066496163682865,0.4833759590792839,38,186,24,36,126,140,3,1,8,5,3,4,3,3,2,5,,0,,,0,0,1,11,3,0,0,0,0,0,6,6,70,13,2.5,2,1,1,1,5.9,244,360.1,1,1,0.47
B653,d743daa22fdf4313a10da027b034c603eda255be037cb45b28faea23114d3b8a,ransomware,TRUE_ENCRYPTION,Trigona,cape,full,1,9.0,,1975,0,,,,2661,1975,0,4999,0,0,0.0,2.531139240506329,56,128,26,4,98,152,0,0,7,1,0,0,0,1,1,1,,0,,,0,0,1,0,0,0,0,0,0,0,0,0,1,0,,0,0,,,,,,,,
B654,3b0b4a11ad576588bae809ebb546b4d985ef9f37ed335ca5e2ba6b886d997bac,ransomware,NO_VICTIM_ACTIVITY,,cape,full,0,9.0,,0,0,,,,0,0,0,0,0,0,,,0,0,0,0,0,19,0,0,0,0,0,0,0,0,0,0,,0,,,0,0,1,0,0,0,0,0,0,0,0,0,0,0,,0,0,,,,,,,,
B655,232ad46f353db7bca9d03e88e0c25981447839b221bea99c35f66819f1e17e77,ransomware,TRUE_ENCRYPTION,Akira,cape,full,0,10.0,Akira,1330,6,0.022574099018388846,5.066977331865316,7.263431995595947,1150,1330,1,1,0,5,0.0007518796992481203,0.0007518796992481203,1,140,0,96,44,11,1,0,0,0,0,1,0,0,0,2,,137,2,0,0,0,1,6,0,0,0,0,0,0,6,6,7,0,8.4,0,0,,,,,,,,
B656,d7429c7ecea552403d8e9b420578f954f5bf5407996afaa36db723a0c070c4de,ransomware,FAILED,Cactus,cape,static_only,1,1.3,,,,,,,,,,,,,,,,,,,,322,3,1,6,3,0,4,2,3,2,4,openssl,0,,,,,,,,,,,,,,,,,,,,,,,,,,,
B657,b01dff27adffe5c43253bb33fb78b40f3bbb9853a510ee978abb821c38ffced0,ransomware,NO_VICTIM_ACTIVITY,Qilin,cape,full,1,9.0,,4656,0,,,,0,4656,0,0,0,0,0.0,0.0,0,44,0,44,0,188,2,2,6,4,0,4,2,3,1,4,,0,,,1,0,0,0,0,0,0,0,0,0,0,0,0,0,,0,0,,,,,,,,
B658,3b334eac956c7ee16ad0177a1f34292fd015773e4e17e5be86f2eed43c1522e9,ransomware,TRUE_ENCRYPTION,RAWorld,cape,full,1,10.0,Babuk,252,83,0.923796837531975,4.891162788286268,5.087462841250338,121,252,13,166,0,35,0.051587301587301584,0.6587301587301587,41,126,22,15,89,140,3,1,8,5,3,4,3,3,2,5,,0,,,0,0,1,12,3,0,0,0,0,0,6,10,32,2,2.6,2,1,1,1,6.8,179,160.4,0,1,
B659,df9ef29e8789a798981a783fafbb85395a84e8733929b2c2290bcde263c2f3f8,ransomware,TRUE_ENCRYPTION,Trigona,cape,full,1,8.0,,1058,0,,,,2541,1058,0,4992,0,0,0.0,4.718336483931947,62,223,13,70,140,166,0,0,7,0,0,0,0,1,1,0,,0,,,0,0,1,0,0,0,0,0,0,0,0,0,1,0,,0,0,,,,,,,,
B660,5cc7ac31ee2e1c795faeafaae4cd2bc52296350f6bc00b9a7e5e15fa4277e473,ransomware,FAILED,,cape,static_only,0,1.3,,,,,,,,,,,,,,,,,,,,15,2,2,0,0,1,0,0,0,0,2,,0,,,,,,,,,,,,,,,,,,,,,,,,,,,
B661,1b6af2fbbc636180dd7bae825486ccc45e42aefbb304d5f83fafca4d637c13cc,ransomware,TRUE_ENCRYPTION,Akira,cape,full,1,10.0,Akira,1240,6,0.06869542166089318,5.0192739381336215,7.182821814400863,1017,1240,9,2,5,4,0.007258064516129033,0.0016129032258064516,3,62,1,47,14,137,5,1,6,0,0,4,0,0,2,2,,0,,,0,0,1,5,0,0,0,0,0,0,4,5,32,18,5.2,0,0,,,,,,,,
B662,e9ac9436b5d61dd85e87e0fcd11b729a91466fe2f55f1f32501202d9ed98d562,ransomware,FAILED,Cactus,cape,static_only,1,1.3,,,,,,,,,,,,,,,,,,,,313,3,1,6,3,0,4,2,3,2,4,openssl,0,,,,,,,,,,,,,,,,,,,,,,,,,,,
B663,907c48316ea3d9592204cc16c817530b7bdaeed7f04d32535dac66de3713202c,ransomware,FAILED,Qilin,cape,full,1,8.0,,1,0,,,,0,1,0,0,0,0,0.0,0.0,0,1,0,1,0,123,0,0,2,0,0,0,1,0,1,1,,561,5,4,0,0,1,0,0,0,0,0,0,0,0,0,0,0,,0,0,,,,,,,,
B664,3ba4becd2055f8eaf571be4fb7f01af27f2872737918666ca7ed3bf18978b825,ransomware,TRUE_ENCRYPTION,RAWorld,cape,full,1,10.0,Babuk,258,97,0.9231437488364546,4.879292996083634,5.087462841250338,148,258,15,175,0,10,0.05813953488372093,0.6782945736434108,38,123,23,17,83,140,3,1,8,5,3,4,3,3,2,5,,0,,,0,0,1,7,3,0,0,0,0,0,4,5,26,2,9.2,2,1,1,1,7.8,190,177.9,0,1,
B665,40129e35b3cc78802b767f9f8d1a6dfe5c0dc604f8d6b90683df3c45838f8144,ransomware,TRUE_ENCRYPTION,Trigona,cape,full,1,8.0,,494,0,,,,1636,494,0,4508,0,0,0.0,9.125506072874494,52,63,11,5,47,142,0,0,7,0,0,0,0,2,0,0,,0,,,0,0,1,0,0,0,0,0,0,0,0,0,0,0,,0,0,,,,,,,,
B666,40a87dc07204b2cd9f02afd39b9d0c0b56a579e1a0282fb6c166ccc46cc8ec70,ransomware,TRUE_ENCRYPTION,,cape,full,1,9.0,Gpgqwerty,27,40,0.19975046777556893,,,23,27,0,0,0,0,0.0,0.0,0,9,0,9,0,74,0,0,3,0,0,0,0,0,0,0,,0,,,0,1,0,0,0,0,0,0,0,0,0,0,0,0,,0,0,,,,,,,,
B667,78ffecf887f745fbb0bf9a1fff8b5ad288c7fa0d86989edfa928a40da12e9a33,ransomware,TRUE_ENCRYPTION,Akira,cape,full,1,10.0,Akira,702,0,,,,1075,702,286,1,0,19,0.4074074074074074,0.0014245014245014246,2,219,3,17,199,155,0,0,7,1,0,4,0,1,2,2,,0,,,0,0,1,9,0,0,0,0,0,0,6,12,85,35,9.1,0,0,,,,,,,,
B668,92ccdcead66a6415486a2ccb1095c0018c4debadd77b2be1978df1277985967f,ransomware,FAILED,Qilin,cape,full,1,8.0,,1,0,,,,0,1,0,0,0,0,0.0,0.0,0,1,0,1,0,123,0,0,2,0,0,0,1,0,1,1,,561,5,4,0,0,1,0,0,0,0,0,0,0,0,0,0,0,,0,0,,,,,,,,
B669,06873dcd2edafcffe3daede3c6fe20ae461f50d46e808494eef17b7d2d0785e2,ransomware,TRUE_ENCRYPTION,RAWorld,cape,full,1,10.0,Babuk,353,83,0.7284795416540153,4.8769503781560495,5.028639311838574,550,353,38,182,5,15,0.10764872521246459,0.5155807365439093,40,162,18,35,109,140,3,1,8,5,3,4,3,3,2,5,,0,,,0,0,1,12,3,0,0,0,0,0,7,8,62,13,0.5,2,1,1,1,4.4,220,308.9,1,1,0.534
B670,89f331d784957a00971363893ea76fd2136d574c5cffc48bf15c047413fce3d5,ransomware,TRUE_ENCRYPTION,Trigona,cape,full,1,8.0,,1385,0,,,,1592,1385,0,4446,0,0,0.0,3.2101083032490974,52,71,10,6,55,142,0,0,7,0,0,0,0,2,0,0,,0,,,0,0,1,0,0,0,0,0,0,0,0,0,0,0,,0,0,,,,,,,,
B671,1883f96a17abd478d2b068662a56c717729c96e0270ce3d517c2a72b1f829b0c,ransomware,NO_VICTIM_ACTIVITY,,cape,full,0,9.0,,39,0,,,,295,39,3,0,0,25,0.07692307692307693,0.0,1,152,0,22,130,12,0,0,0,0,0,0,0,0,0,0,,220,0,0,0,0,1,7,0,0,0,0,0,0,2,2,13,0,-5.9,0,0,,,,,,,,
B672,f1b02c1a8b83d1c3be8009577b0c95e71f99b87a1491023357e4ecb9109b2e26,ransomware,TRUE_ENCRYPTION,Akira,cape,full,0,10.0,Akira,826,0,,,,1209,826,282,2,5,18,0.3414043583535109,0.002421307506053269,4,212,5,21,186,12,0,0,0,0,0,1,0,0,0,1,,154,2,1,0,0,1,7,0,0,0,0,0,0,5,8,106,38,2.1,0,0,,,,,,,,
B673,9ad5ad02572a10586241cd551dc0155e0f602222916a460c5cdaa9b48a178ec4,ransomware,FAILED,Qilin,cape,full,1,8.0,,1,0,,,,0,1,0,0,0,0,0.0,0.0,0,1,0,1,0,123,0,0,2,0,0,0,1,0,1,1,,561,5,4,0,0,1,0,0,0,0,0,0,0,0,0,0,0,,0,0,,,,,,,,
B674,06cac5834189eea0c42c6aed0acf3d9246798c80210af43714aec8244c25b212,ransomware,TRUE_ENCRYPTION,RAWorld,cape,full,1,10.0,Babuk,359,87,0.7837673659750708,4.892163366291043,5.028639311838574,429,359,23,171,5,14,0.06406685236768803,0.4763231197771588,39,158,25,31,102,140,3,1,8,5,3,4,3,3,2,5,,0,,,0,0,1,11,3,0,0,0,0,0,6,6,63,12,1.7,2,1,1,1,5.5,194,362.8,1,1,0.371
B675,c21957d0f5db8f0afb50271edf50b7360b6c95c3712836b0b272992a0b975583,ransomware,TRUE_ENCRYPTION,Trigona,cape,full,1,8.0,,2420,0,,,,1836,2420,0,4498,0,0,0.0,1.8586776859504133,53,70,22,4,44,142,0,0,7,0,0,0,0,2,0,0,,0,,,0,0,1,0,0,0,0,0,0,0,0,0,0,0,,0,0,,,,,,,,
B676,463e0c67cf75a210227602c67588975ed9551feeb40adda43342283817a0ef29,ransomware,NO_VICTIM_ACTIVITY,,cape,full,1,9.0,,1067,0,,,,686,1067,173,0,0,4,0.16213683223992503,0.0,9,50,0,20,30,127,0,0,7,1,0,0,1,1,2,2,openssl,0,,,0,0,1,6,0,0,0,4,0,0,0,0,0,0,,2,1,0,0,,0,3.7,0,0,
B677,00fd368983e0825b36e03a014e1bd5f622fb880bf17082f89785b829fe2d0d80,ransomware,FAILED,Akira,cape,static_only,1,10.0,Akira,,,,,,,,,,,,,,,,,,,154,0,0,7,1,0,4,0,1,2,2,,0,,,,,,,,,,,,,,,,,,,,,,,,,,,
B678,c9707a3bc0f177e1d1a5587c61699975b1153406962d187c9a732f97d8f867c5,ransomware,FAILED,Qilin,cape,full,1,8.0,,1,0,,,,0,1,0,0,0,0,0.0,0.0,0,1,0,1,0,123,0,0,2,0,0,0,1,0,1,1,,561,5,4,0,0,1,0,0,0,0,0,0,0,0,0,0,0,,0,0,,,,,,,,
B679,06cf663fa6a023cda386f3f2530b2d950c6baf6c1431382d91ed3aa65c59fede,ransomware,TRUE_ENCRYPTION,RAWorld,cape,full,1,10.0,Babuk,257,81,0.9288415236713972,4.868685637041307,5.028639311838573,176,257,15,167,0,10,0.058365758754863814,0.6498054474708171,43,115,17,17,81,140,3,1,8,5,3,4,3,3,2,5,,0,,,0,0,1,7,3,0,0,0,0,0,4,4,33,2,7.4,2,1,1,1,8.5,182,151.3,0,1,
B680,d28f6416c6d03978482ae7a54affd27555de0fd0cfb27e5d0ac9306cc03ea5d9,ransomware,TRUE_ENCRYPTION,Trigona,cape,full,1,8.0,,2062,0,,,,1550,2062,0,4414,0,0,0.0,2.140640155189137,47,67,15,4,48,142,0,0,7,0,0,0,0,2,0,0,,0,,,0,0,1,0,0,0,0,0,0,0,0,0,0,0,,0,0,,,,,,,,
B681,ed3d41adb2ef265be900affab26864dc0a52ca45fa5d13057879c241c93db6a6,ransomware,NO_VICTIM_ACTIVITY,,cape,full,1,7.0,,891,0,,,,576,891,76,0,0,2,0.08529741863075196,0.0,5,39,0,18,21,144,0,0,7,1,0,0,1,1,2,2,openssl,668,0,0,0,0,1,2,0,0,0,0,0,0,0,0,0,0,,0,0,,,,,,,,
B682,a3410e5e4003361ccd1f4417ab7b36e1faed98abd248f85a21f4f74007c8ba0e,ransomware,TRUE_ENCRYPTION,Akira,cape,full,1,10.0,Akira,594,451,-0.016047344497401674,6.279057821681487,6.476157391559539,1230,594,258,1,0,15,0.43434343434343436,0.0016835016835016834,3,220,4,20,196,154,0,0,7,1,0,4,0,1,2,2,,0,,,0,1,0,11,1,0,0,0,0,0,6,9,79,30,1.1,0,0,,,,,,,,
B683,d2a259d4b542f18eb642138138324d0d2a565c27eeec9fc469623126f2a00a44,ransomware,FAILED,Qilin,cape,full,1,8.0,,1,0,,,,0,1,0,0,0,0,0.0,0.0,0,1,0,1,0,123,0,0,2,0,0,0,1,0,1,1,,561,5,4,0,0,1,0,0,0,0,0,0,0,0,0,0,0,,0,0,,,,,,,,
B684,07608050c4cb42fb604d98bde59b93f727af673a6304047c2f4123a9a36af5c5,ransomware,TRUE_ENCRYPTION,RAWorld,cape,full,1,10.0,Babuk,107,46,0.95085957604831,4.896530977808269,5.028639311838573,96,107,9,62,0,7,0.08411214953271028,0.5794392523364486,27,70,13,7,50,140,3,1,8,5,3,4,3,3,2,5,,0,,,0,0,1,7,3,0,0,0,0,0,3,3,33,2,2.7,1,1,1,1,6.7,71,42.4,0,1,
B685,2bdb732665087eb6ce18e457e8cb5b2f787a361508872aceb2498bcd2b842057,ransomware,TRUE_ENCRYPTION,Trigona,cape,full,1,5.3,,1557,0,,,,1576,1557,0,4400,0,0,0.0,2.825947334617855,52,70,16,4,50,142,0,0,7,0,0,0,0,2,0,0,,0,,,0,0,1,0,0,0,0,0,0,0,0,0,0,0,,0,0,,,,,,,,
B686,21f8191117df5f58d24ea288d35f2d2225b0b1fe90a98c1c0aa1536cb22fdf2c,ransomware,NO_VICTIM_ACTIVITY,,cape,full,1,8.0,,69,0,,,,58,69,9,2,5,13,0.13043478260869565,0.028985507246376812,3,35,2,9,24,169,0,0,7,0,0,0,3,0,2,1,,0,,,0,0,1,13,0,0,0,0,0,0,3,3,47,11,-108.3,3,2,3,1,266.9,11,44.8,0,1,
B687,714d9a3237e9275cc0bea621859f8b231ef5cda07d06a47ec55e4923c5b93431,ransomware,TRUE_ENCRYPTION,Akira,cape,full,1,10.0,Akira,716,0,,,,1158,716,272,1,0,16,0.37988826815642457,0.0013966480446927375,2,210,4,15,191,155,0,0,7,1,0,4,0,1,2,2,,0,,,0,0,1,7,0,0,0,0,0,0,6,11,87,40,8.0,0,0,,,,,,,,
B688,d4eb523c293db7ca230c687924b96a1b8cde6b8c2f10d971dec138447a8eb64d,ransomware,FAILED,Qilin,cape,full,1,8.0,,1,0,,,,0,1,0,0,0,0,0.0,0.0,0,1,0,1,0,123,0,0,2,0,0,0,1,0,1,1,,561,5,4,0,0,1,0,0,0,0,0,0,0,0,0,0,0,,0,0,,,,,,,,
B689,07f005db8136e4339295027b076b00b9e785ec1c21cba47b1d0f3b2a70394af8,ransomware,TRUE_ENCRYPTION,RAWorld,cape,full,1,10.0,Babuk,262,82,0.6920636835228511,4.893453839015267,5.087462841250338,163,262,23,176,5,13,0.08778625954198473,0.6717557251908397,41,123,22,15,86,140,3,1,8,5,3,4,3,3,2,5,,0,,,0,0,1,10,3,0,0,0,0,0,5,5,63,13,0.6,2,1,1,1,4.4,199,301.0,1,1,0.431
B690,8d9b7820efcd8bd0336721c998b65ef8061276bf1ffa7808c00b841b1db97da0,ransomware,TRUE_ENCRYPTION,Trigona,cape,full,1,5.3,,1078,0,,,,1570,1078,0,4447,0,0,0.0,4.125231910946197,56,67,14,4,49,142,0,0,7,0,0,0,0,2,0,0,,0,,,0,0,1,0,0,0,0,0,0,0,0,0,0,0,,0,0,,,,,,,,
B691,33067028e35982c7b9fdcfe25eb4029463542451fdff454007832cf953feaf1e,ransomware,NO_VICTIM_ACTIVITY,,cape,full,0,0.5,,0,0,,,,0,0,0,0,0,0,,,0,0,0,0,0,4,0,0,0,0,0,0,0,0,0,0,,24,0,0,0,0,1,0,0,0,0,0,0,0,0,0,0,0,,0,0,,,,,,,,
B692,5de0c6446c89362e5e65a0d97f038a114d14876b983d7d6381f354dc7f91440c,ransomware,TRUE_ENCRYPTION,Akira,cape,full,1,10.0,Akira,1054,456,-0.019390938670368386,6.302952801532595,7.129369235912263,873,1054,10,2,5,8,0.009487666034155597,0.0018975332068311196,4,73,1,44,28,137,5,1,6,0,0,4,0,0,2,2,,0,,,0,0,1,7,1,0,0,0,0,0,5,7,47,16,-12.2,0,0,,,,,,,,
B693,e00bac61811705d283472b77b602624c378c7e80c32e3448b06ea6a55d466c69,ransomware,FAILED,Qilin,cape,full,1,8.0,,1,0,,,,0,1,0,0,0,0,0.0,0.0,0,1,0,1,0,123,0,0,2,0,0,0,1,0,1,1,,561,5,4,0,0,1,0,0,0,0,0,0,0,0,0,0,0,,0,0,,,,,,,,
B694,089abc7af921ee042acc19cd2f52bf40705af2aeaa336084bdcd1fd5edcd23a2,ransomware,TRUE_ENCRYPTION,RAWorld,cape,full,1,10.0,Babuk,256,92,0.9411913681939954,4.892348532108057,5.028639311838574,157,256,14,167,0,10,0.0546875,0.65234375,43,116,22,11,83,140,3,1,8,5,3,4,3,3,2,5,,0,,,0,0,1,7,3,0,0,0,0,0,4,4,33,2,6.9,2,1,1,1,7.2,181,130.7,0,1,
B695,b4a451a82b083cd71273c745eefda31e107a93b0ac5e7f0acda91a09a1460920,ransomware,TRUE_ENCRYPTION,Trigona,cape,full,1,8.0,,1560,0,,,,1605,1560,0,4464,0,0,0.0,2.8615384615384616,55,67,18,3,46,142,0,0,7,0,0,0,0,2,0,0,,0,,,0,0,1,0,0,0,0,0,0,0,0,0,0,0,,0,0,,,,,,,,
B696,62972fe96d08844656a758bf9ade11b97eb34c7844fb8f01d4942115ff9ebfbb,ransomware,TRUE_ENCRYPTION,,cape,full,1,9.0,,884,0,,,,658,884,63,0,0,11,0.07126696832579185,0.0,8,80,31,15,34,127,0,0,7,1,0,0,1,1,2,2,openssl,4924,2,0,0,0,1,6,0,0,0,0,0,0,0,0,0,0,,0,0,,,,,,,,
B697,84a815dc2911e4585d3c969bf240c13825560f3bcb389d77cb52e0d7fca044df,ransomware,TRUE_ENCRYPTION,Akira,cape,full,1,10.0,Akira,768,0,,,,1462,768,245,1,0,8,0.3190104166666667,0.0013020833333333333,2,242,5,34,203,155,0,0,7,1,0,4,0,1,2,2,,0,,,0,0,1,8,0,0,0,0,0,0,6,8,35,20,2.9,0,0,,,,,,,,
B698,fae35d1a1717f9ddc5a7281af3ff719ab3891cf4832f64be0e9e2152edc35958,ransomware,FAILED,Qilin,cape,full,1,8.0,,1,0,,,,0,1,0,0,0,0,0.0,0.0,0,1,0,1,0,123,0,0,2,0,0,0,1,0,1,1,,561,5,4,0,0,1,0,0,0,0,0,0,0,0,0,0,0,,0,0,,,,,,,,
B699,09260431c796a1221273a8d454696ef3afd32af72cd1157f491943efbc6afdc9,ransomware,TRUE_ENCRYPTION,RAWorld,cape,full,1,10.0,Babuk,272,103,0.9397602638773619,4.8906252103874035,5.087462841250338,164,272,13,182,0,10,0.04779411764705882,0.6691176470588235,36,108,18,11,79,140,3,1,8,5,3,4,3,3,2,5,,0,,,0,0,1,7,3,0,0,0,0,0,3,3,31,2,2.2,2,1,1,1,6.3,195,132.3,0,1,
B700,b93cf5b2c832b4871b7621af7b4d04fc4662d8aef9b75e21af81d305f1ac135b,ransomware,TRUE_ENCRYPTION,Trigona,cape,full,1,8.0,,1081,0,,,,1881,1081,0,4525,0,0,0.0,4.185938945420906,57,65,14,4,47,142,0,0,7,0,0,0,0,2,0,0,,0,,,0,0,1,0,0,0,0,0,0,0,0,0,0,0,,0,0,,,,,,,,
B701,02c280735b472354058060e2408e640021f2e6ee58cccbc537ff50920e1d087b,ransomware,TRUE_ENCRYPTION,,cape,full,1,9.0,,1807,0,,,,1435,1807,273,0,0,11,0.1510791366906475,0.0,8,136,79,28,29,127,0,0,7,1,0,0,1,1,2,2,openssl,2603,0,0,0,0,1,6,0,0,0,0,0,0,0,0,0,0,,0,0,,,,,,,,
B702,2a345c05cade5c2d0783e79a4632c858331270d3ff27f6f60472b3245884c5b5,ransomware,TRUE_ENCRYPTION,Akira,cape,full,1,10.0,Akira,647,0,,,,1091,647,275,1,0,14,0.4250386398763524,0.0015455950540958269,2,214,3,14,197,155,0,0,7,1,0,4,0,1,2,2,,0,,,0,0,1,10,0,0,0,0,0,0,7,9,60,38,1.5,0,0,,,,,,,,
B703,ff28b54a9e43c802243de4025ef5be38a504867ae7327f14929e7d5f98736da8,ransomware,FAILED,Qilin,cape,full,1,8.0,,1,0,,,,0,1,0,0,0,0,0.0,0.0,0,1,0,1,0,123,0,0,2,0,0,0,1,0,1,1,,561,5,4,0,0,1,0,0,0,0,0,0,0,0,0,0,0,,0,0,,,,,,,,
B704,097643488f2b6bf865077ca1f6ec44cb8445f495f420e84091dfb52a7161b344,ransomware,TRUE_ENCRYPTION,RAWorld,cape,full,1,10.0,Babuk,189,80,0.8678039144284138,4.882690517540912,5.087462841250338,137,189,15,154,0,10,0.07936507936507936,0.8148148148148148,39,114,19,12,83,140,3,1,8,5,3,4,3,3,2,5,,0,,,0,0,1,7,3,0,0,0,0,0,3,3,32,2,2.6,2,1,1,1,6.6,169,148.3,0,1,
B705,b95a0d0333c4986597c2e9132fbea337127653da6864c4c65218c7cc35061448,ransomware,TRUE_ENCRYPTION,Trigona,cape,full,1,8.0,,6,0,,,,4,6,0,0,0,0,0.0,0.0,0,4,0,4,0,142,0,0,7,0,0,0,0,2,0,0,,0,,,0,0,1,0,0,0,0,0,0,0,0,0,0,0,,0,0,,,,,,,,
B706,bf55f989b62c8cfdaac42a669e0b721b4f6fe89df10a676d319de5e70dd679ea,ransomware,TRUE_ENCRYPTION,,cape,full,1,9.0,Scarab-Dharma,2625,3204,-0.07472861739150756,5.881880355475274,7.124151697179559,2343,2625,19,58,5,29,0.007238095238095238,0.022095238095238095,19,282,25,84,173,144,0,0,7,1,0,0,1,1,2,2,openssl,2496,0,0,0,1,0,19,0,0,0,0,0,0,2,6,23,8,-305.9,0,0,,,,,,,,
B707,745142a857f0b03a12b54d34e46ff6a00ba0b304af5c3d61cb7d8f4d9c7810ad,ransomware,TRUE_ENCRYPTION,Akira,cape,full,1,10.0,Akira,1209,6,-0.00044698005008792554,4.90900163578742,7.10200490736226,956,1209,1,1,0,5,0.0008271298593879239,0.0008271298593879239,1,93,0,81,12,137,5,1,6,0,0,4,0,0,2,2,,0,,,0,0,1,6,0,0,0,0,0,0,4,4,5,5,8.5,0,0,,,,,,,,
B708,bd72df49050bb2b1e400789c58b280b0f5b81cdfa955f7a29f845bc91fb7af0d,ransomware,TRUE_ENCRYPTION,RAWorld,cape,full,1,10.0,Babuk,279,98,0.9540643850612618,4.871264092136341,5.028639311838574,177,279,15,189,0,10,0.053763440860215055,0.6774193548387096,41,110,22,13,75,140,3,1,8,5,3,4,3,3,2,5,,0,,,0,0,1,7,3,0,0,0,0,0,4,4,30,1,6.2,2,1,1,1,6.9,204,142.1,0,1,
B709,ff82b9021651a1de046c80242be44b53fa23f88f850b9d536ce8be7d9b41afbb,ransomware,TRUE_ENCRYPTION,Trigona,cape,full,1,8.0,,1418,0,,,,1724,1418,0,4297,0,0,0.0,3.030324400564175,49,137,45,4,88,143,0,0,7,0,0,0,0,2,0,0,,0,,,0,0,1,0,0,0,0,0,0,0,0,0,0,0,,0,0,,,,,,,,
B710,a8892871837288ea3c5cef52f1f704fca54006b5e01b1ad2d498ab27f0d573a6,ransomware,TRUE_ENCRYPTION,,cape,full,1,9.0,Scarab-Dharma,2626,3234,-0.0807966685166842,5.898187089870104,7.172450634588154,2309,2626,998,58,5,19,0.38004569687738005,0.022086824067022087,29,271,22,78,171,144,0,0,7,1,0,0,1,1,2,2,openssl,0,,,0,1,0,17,0,0,0,0,0,0,1,1,23,8,-384.8,0,0,,,,,,,,
B711,c974d8c6a1ce2eb12f0eca40e8782dea046d707f04ad65aae98af3c1b4ca6ce6,ransomware,TRUE_ENCRYPTION,Akira,cape,full,1,9.0,,3592,2762,-0.16079788922263574,,,104,3592,73,0,0,0,0.02032293986636971,0.0,9,249,15,232,2,46,0,0,1,0,0,0,0,0,0,0,boost,0,,,0,1,0,0,0,0,0,0,0,0,0,0,0,0,,0,0,,,,,,,,
B712,bd9dafe77742be382e24516b5df04455be835b88c6eee8193f7f893b58ad844a,ransomware,TRUE_ENCRYPTION,RAWorld,cape,full,1,10.0,Babuk,327,90,0.7910393759875025,4.881926390254417,5.087462841250338,190,327,39,171,5,14,0.11926605504587157,0.5229357798165137,38,125,23,21,81,140,3,1,8,5,3,4,3,3,2,5,,0,,,0,0,1,10,3,0,0,0,0,0,4,4,52,8,-0.1,2,1,1,1,3.8,210,313.1,1,1,0.493
B713,26a74ace0b160831901b912f173137326019e731530e4ec283cbe44e3ccda165,ransomware,TRUE_ENCRYPTION,Trigona,cape,full,1,8.0,,1774,0,,,,1556,1774,0,4282,0,0,0.0,2.4137542277339348,52,140,22,5,113,167,0,0,7,0,0,0,0,1,1,0,,0,,,0,0,1,0,0,0,0,0,0,0,0,0,1,0,,0,0,,,,,,,,
B714,2eb1a793802a58977cf1d8530a40f7a0d45b46166eae888bedf4f7884b6590b1,ransomware,TRUE_ENCRYPTION,,cape,full,1,9.0,Scarab-Dharma,2624,3369,-0.08102326402423181,5.89540421978047,7.233188427641414,2353,2624,998,58,5,18,0.3803353658536585,0.022103658536585365,29,282,24,73,185,144,0,0,7,1,0,0,1,1,2,2,openssl,0,,,0,1,0,17,0,0,0,0,0,0,1,1,23,8,-389.8,0,0,,,,,,,,
B715,dd6ff9119440ce8f91c15946c52faf7fb62494cb5fd9b1736bd03b8f55f15118,ransomware,FAILED,Akira,cape,static_only,0,10.0,Akira,,,,,,,,,,,,,,,,,,,0,0,0,0,0,0,0,0,0,0,0,openssl,0,,,,,,,,,,,,,,,,,,,,,,,,,,,
B716,c10971363a377112239bf6a784c4f0b363c2581a660b68a36a4b9a37c7d6b038,ransomware,TRUE_ENCRYPTION,RAWorld,cape,full,1,10.0,Babuk,369,79,0.6637079544535599,4.875466012635032,5.028639311838574,441,369,38,180,5,14,0.10298102981029811,0.4878048780487805,43,151,20,28,103,140,3,1,8,5,3,4,3,3,2,5,,0,,,0,0,1,11,3,0,0,0,0,0,5,5,65,12,0.2,2,1,1,1,4.2,218,304.1,1,1,0.483
B717,41c9080f9c90e00a431b2fb04b461584abe68576996379a97469a71be42fc6ff,ransomware,TRUE_ENCRYPTION,Trigona,cape,full,1,9.0,,1334,0,,,,2808,1334,0,4998,0,0,0.0,3.7466266866566715,56,214,2,80,132,166,0,0,7,0,0,0,0,1,1,0,,0,,,0,0,1,0,0,0,0,0,0,0,0,0,1,0,,0,0,,,,,,,,
B718,fa8cb387589ca2778630436c57f44c1810886c9a4a1e8779aad8fdd91946ef2d,ransomware,TRUE_ENCRYPTION,,cape,full,1,9.0,Scarab-Dharma,2626,5400,-0.097211999993626,5.907069379979838,7.12852441389348,2301,2626,999,58,5,18,0.3804265041888804,0.022086824067022087,29,291,31,73,187,127,0,0,7,1,0,0,1,1,2,2,openssl,0,,,0,1,0,17,0,0,0,0,0,0,1,1,23,8,-381.7,0,0,,,,,,,,
B719,149a736ef944f0bd8510cda9d1347fd6026230e040526382fdd9856a28d0a589,ransomware,FAILED,Akira,cape,full,1,10.0,Akira,91,0,,,,5,91,0,0,0,0,0.0,0.0,0,2,0,2,0,108,0,0,7,1,0,0,1,1,2,2,openssl,0,,,0,0,1,0,0,0,0,0,0,0,0,0,0,0,,0,0,,,,,,,,
B720,c10a89fbf0a360fabf69bdd95ee20eb0884abbcabb9617c2407fd1d1dd051576,ransomware,TRUE_ENCRYPTION,RAWorld,cape,full,1,10.0,Babuk,374,96,0.7331420114388587,4.89106164621169,5.087462841250338,468,374,18,175,5,14,0.0481283422459893,0.4679144385026738,39,143,23,26,94,140,3,1,8,5,3,4,3,3,2,5,,0,,,0,0,1,11,3,0,0,0,0,0,5,5,61,10,-0.8,2,1,1,1,4.3,193,306.8,1,1,0.414
B721,9c6bf07eb072a389408c0a323978fe2a3d9e597e04535195a24d891346010fb6,ransomware,TRUE_ENCRYPTION,Trigona,cape,full,1,5.3,,2232,0,,,,1830,2232,0,4435,0,0,0.0,1.9870071684587813,52,65,16,3,46,142,0,0,7,0,0,0,0,2,0,0,,0,,,0,0,1,0,0,0,0,0,0,0,0,0,0,0,,0,0,,,,,,,,
B722,ce86182cb394d8a6c9460d25d9e598dde20103ad727519b617661a8a39532dfd,ransomware,TRUE_ENCRYPTION,,cape,full,1,9.0,Scarab-Dharma,2549,152,-0.08506395308879126,5.952697836004403,7.19795581042011,1568,2549,980,56,0,2,0.38446449588073756,0.021969399764613574,24,111,13,69,29,127,0,0,7,1,0,0,1,1,2,2,openssl,0,,,0,1,0,2,0,0,0,0,0,0,0,0,0,0,,0,0,,,,,,,,
B723,339c41d27e2bf615ead99fb205aa60c9cbb034154e4ae78c1fedf592ed8cfea7,ransomware,FAILED,Akira,cape,static_only,1,10.0,Akira,,,,,,,,,,,,,,,,,,,137,5,1,6,0,0,4,0,0,2,2,openssl,0,,,,,,,,,,,,,,,,,,,,,,,,,,,
B724,c1a1809621329fce9021f0b891e4594a702184daef71bc19adf438389ebaec25,ransomware,TRUE_ENCRYPTION,RAWorld,cape,full,1,10.0,Babuk,370,97,0.7617624770304486,4.8953546020123,5.028639311838573,478,370,25,182,5,41,0.06756756756756757,0.4918918918918919,40,158,20,25,113,140,3,1,8,5,3,4,3,3,2,5,,0,,,0,0,1,17,3,0,0,0,0,0,7,13,55,13,1.2,2,1,1,1,4.7,207,542.3,1,1,0.284
B725,9ec9fd40a0920b680b3f6360549af7d4387f8c87683bb82077bd3e0dcc6780bc,ransomware,TRUE_ENCRYPTION,Trigona,cape,full,1,8.0,,1676,0,,,,1507,1676,0,4462,0,0,0.0,2.662291169451074,53,69,15,3,51,142,0,0,7,0,0,0,0,2,0,0,,0,,,0,0,1,0,0,0,0,0,0,0,0,0,0,0,,0,0,,,,,,,,
B726,a9607174adb621fc8685edcacf513b7279697a6f9ceca1ea864f8c411a636b1d,ransomware,TRUE_ENCRYPTION,,cape,full,1,9.0,Scarab-Dharma,965,2,-0.004858884517143312,5.2932958340544936,5.2932958340544936,1685,965,112,114,0,0,0.11606217616580311,0.11813471502590674,17,162,80,14,68,110,0,0,7,1,0,0,1,1,2,2,openssl,0,,,0,1,0,1,0,0,0,0,0,0,0,0,0,0,,0,0,,,,,,,,
B727,71b2f16e2dd93eec47e0c0d0c1b51a0bda61fe73190019f497932bea635437ac,ransomware,FAILED,Akira,cape,static_only,1,10.0,Akira,,,,,,,,,,,,,,,,,,,154,0,0,7,1,0,4,0,1,2,2,openssl,0,,,,,,,,,,,,,,,,,,,,,,,,,,,
B728,c1fb2fab3d9a469b022de236d5f21ae316686ccc4c4bfb5bfe1ec8045240404a,ransomware,TRUE_ENCRYPTION,RAWorld,cape,full,1,10.0,Babuk,251,94,0.9402660112532492,4.884765473528453,5.087462841250338,158,251,14,175,0,10,0.055776892430278883,0.6972111553784861,40,112,21,10,81,140,3,1,8,5,3,4,3,3,2,5,,0,,,0,0,1,7,3,0,0,0,0,0,4,4,29,2,1.5,2,1,1,1,5.9,189,140.5,0,1,
B729,9f3e7aa0126a055987301a818fedd35d8c74b8cd95bdba71e3972f26a569b7da,ransomware,TRUE_ENCRYPTION,Trigona,cape,full,1,5.3,,2804,0,,,,1515,2804,0,4427,0,0,0.0,1.5788159771754635,54,73,17,4,52,142,0,0,7,0,0,0,0,2,0,0,,0,,,0,0,1,0,0,0,0,0,0,0,0,0,0,0,,0,0,,,,,,,,
B730,76c89d0e27b229e3b19c3f5e8bc1e2a410c3329c73b5693cf589c49ae87f17ad,ransomware,NO_VICTIM_ACTIVITY,,cape,full,1,7.0,,4830,0,,,,1843,4830,0,0,0,1,0.0,0.0,0,79,0,64,15,144,0,0,7,1,0,0,1,1,2,2,openssl,901,0,0,0,0,1,1,0,0,0,0,0,0,0,0,0,0,,0,0,,,,,,,,
B731,868b634bddaa6ee0ddb2af98ec0c82747cd5ed607fc867b563ca773603583c02,ransomware,NO_VICTIM_ACTIVITY,Akira,cape,full,1,10.0,Akira,1081,6,-0.23650408328444766,6.194773878701843,7.208817994213572,858,1081,119,0,0,2,0.11008325624421832,0.0,5,42,1,20,21,108,0,0,7,1,0,0,1,1,2,2,openssl,0,,,0,1,0,2,0,0,0,0,0,0,0,0,0,0,,0,0,,,,,,,,
B732,c352eb8e371d3415c4dcefc10f0356473d271de827f9b6357eca13b6905ef934,ransomware,TRUE_ENCRYPTION,RAWorld,cape,full,1,10.0,Babuk,245,86,0.913193076558915,4.88143392979913,5.0,141,245,15,180,0,37,0.061224489795918366,0.7346938775510204,43,119,19,11,89,140,3,1,8,5,3,4,3,3,2,5,,0,,,0,0,1,13,3,0,0,0,0,0,5,8,23,0,5.7,2,1,1,1,5.8,195,138.2,0,1,
B733,a092842d7b709e9101abcbc368a706431813dfd72fcda75d08270d3dff166d70,ransomware,TRUE_ENCRYPTION,Trigona,cape,full,1,8.0,,3181,0,,,,1796,3181,0,4433,0,0,0.0,1.3935869223514619,50,70,20,5,45,142,0,0,7,0,0,0,0,2,0,0,,0,,,0,0,1,0,0,0,0,0,0,0,0,0,0,0,,0,0,,,,,,,,
B734,7c79e5c677864a1aafd11267b8624197a567158cf645ccee405229bf1518c186,ransomware,TRUE_ENCRYPTION,,cape,full,1,9.0,Scarab-Dharma,731,3,-0.031659299731495644,5.756046713910875,7.1193460173729655,32,731,0,18,0,27,0.0,0.024623803009575923,5,75,13,26,36,109,0,0,5,0,0,0,0,1,1,0,,0,,,0,1,0,10,0,0,0,0,0,0,2,6,5,0,-188.4,0,0,,,,,,,,
B735,efbb8a4b6d879fb0d28f6b480436010fe91ab2b4ecf416640ef54650c2fdfc60,ransomware,NO_VICTIM_ACTIVITY,Akira,cape,full,1,10.0,Akira,1081,6,-0.23371193005159416,6.177955472552341,7.196531873011515,856,1081,119,0,0,2,0.11008325624421832,0.0,5,41,1,18,22,108,0,0,7,1,0,0,1,1,2,2,openssl,0,,,0,1,0,2,0,0,0,0,0,0,0,0,0,0,,0,0,,,,,,,,
B736,cb681d4238b70e7b65373eb58fbbb1e3127bb13b87391659a032693dffabfbc3,ransomware,TRUE_ENCRYPTION,RAWorld,cape,full,1,10.0,Babuk,254,96,0.9541657669298068,4.894216688354923,5.028639311838574,178,254,15,170,0,10,0.05905511811023622,0.6692913385826772,41,108,19,8,81,140,3,1,8,5,3,4,3,3,2,5,,0,,,0,0,1,7,3,0,0,0,0,0,4,4,28,2,1.1,2,1,1,1,4.8,185,133.1,0,1,
B737,a56da19714732f522c9f70fb1facd3b8d6a6e32257a77674005282653565a3aa,ransomware,TRUE_ENCRYPTION,Trigona,cape,full,1,8.0,,2334,0,,,,1565,2334,0,4442,0,0,0.0,1.9031705227077977,49,65,12,3,50,142,0,0,7,0,0,0,0,2,0,0,,0,,,0,0,1,0,0,0,0,0,0,0,0,0,0,0,,0,0,,,,,,,,
B738,aae2393a1567f38f86ff133e0c023d9cd9f8e3565dbdabd413448c433c2ed537,ransomware,TRUE_ENCRYPTION,,cape,full,0,9.0,,231,1470,-0.020863507677320477,6.285265322675344,6.476157391559539,541,231,16,14,0,65,0.06926406926406926,0.06060606060606061,5,226,0,57,169,4,0,0,0,0,0,0,0,0,0,0,,3,0,0,0,1,0,62,15,4,0,27,7,0,7,22,7,1,-2.0,42,5,1,1,0.8,30,503.0,35,1,0.002
B739,0ab9e88f2135f7fbd439435f0ff4da887bbfb1cae67ccc8209aac22e75e3486f,ransomware,NO_VICTIM_ACTIVITY,Akira,cape,full,1,10.0,Akira,0,4,,3.219539785312086,3.219539785312086,23,0,0,0,0,1,,,0,3,0,0,3,155,0,0,7,1,0,4,0,1,2,2,,0,,,0,1,0,2,0,0,0,0,0,0,0,0,0,0,,0,0,,,,,,,,
B740,d0c8dc7791e9462b6741553a411a5bfa5f4a9ad4ffcf91c0d2fc3269940e48a2,ransomware,TRUE_ENCRYPTION,RAWorld,cape,full,1,10.0,Babuk,264,105,0.910210778855519,4.883611329074131,5.0,133,264,14,182,0,33,0.05303030303030303,0.6893939393939394,41,125,24,15,86,140,3,1,8,5,3,4,3,3,2,5,,0,,,0,0,1,12,3,0,0,0,0,0,5,9,32,2,2.5,2,1,1,1,6.7,196,161.9,0,1,
B741,a5fe4156c920f0fe7944c2ff55ec39186099239b2898c55bed6bca3fb6d609d0,ransomware,TRUE_ENCRYPTION,Trigona,cape,full,1,8.0,,1786,0,,,,1674,1786,0,4450,0,0,0.0,2.4916013437849944,52,70,18,3,49,142,0,0,7,0,0,0,0,2,0,0,,0,,,0,0,1,0,0,0,0,0,0,0,0,0,0,0,,0,0,,,,,,,,
B742,1607500bd24fab311e3ee7ba9e72e94a84f6c2d40731086981ecb463c638080f,ransomware,NO_VICTIM_ACTIVITY,,cape,full,1,7.0,,0,0,,,,1,0,0,0,0,0,,,0,1,0,0,1,118,0,0,2,0,0,0,0,0,2,0,,0,,,0,0,1,0,0,0,0,0,0,0,0,0,0,0,,0,0,,,,,,,,
B743,45bd312829efc1028cdf0777871ddd69dd4ef18b2ee2b1f08a94b71d8a667626,ransomware,TRUE_ENCRYPTION,Akira,cape,full,1,10.0,Akira,674,0,,,,1421,674,264,1,0,16,0.3916913946587537,0.001483679525222552,2,237,4,25,208,155,0,0,7,1,0,4,0,1,2,2,,0,,,0,0,1,11,0,0,0,0,0,0,7,10,78,25,2.2,0,0,,,,,,,,
B744,d311674e5e964e7a2408b0b8816b06587b2e669221f0e100d4e0d4a914c6202c,ransomware,TRUE_ENCRYPTION,RAWorld,cape,full,1,10.0,Babuk,18,2,0.08258185875822738,4.9375,4.9375,10,18,5,11,0,3,0.2777777777777778,0.6111111111111112,14,15,2,2,11,140,3,1,8,5,3,4,3,3,2,5,,0,,,0,0,1,4,3,0,0,0,0,0,3,3,3,0,6.7,1,1,1,1,5.9,16,13.2,0,1,
B745,a9debdce0f56f389f40d0ea6fd9a4f32e2ce145110c3443b76514b809d4bd63c,ransomware,TRUE_ENCRYPTION,Trigona,cape,full,0,9.0,,2109,0,,,,1624,2109,0,4463,0,0,0.0,2.116168800379327,50,67,14,3,50,13,0,0,0,0,0,0,0,0,0,0,,142,0,0,0,0,1,0,0,0,0,0,0,0,0,0,0,0,,0,0,,,,,,,,
B746,fc160cb764c8458bb97f587da4023ac790244ecf2f7b7544d611d4b245be451c,ransomware,NO_VICTIM_ACTIVITY,,cape,full,1,7.0,,0,0,,,,1,0,0,0,0,0,,,0,1,0,0,1,118,0,0,2,0,0,0,0,0,2,0,,0,,,0,0,1,0,0,0,0,0,0,0,0,0,0,0,,0,0,,,,,,,,
B747,2c66c43a2c2cad9349a519d262bb50ce97ec09ad5543db4cba4ef59bbac1a5fc,ransomware,TRUE_ENCRYPTION,Akira,cape,full,1,10.0,Akira,589,0,,,,1099,589,277,1,0,17,0.4702886247877759,0.001697792869269949,2,217,3,14,200,155,0,0,7,1,0,4,0,1,2,2,,0,,,0,0,1,8,0,0,0,0,0,0,6,10,81,40,8.0,0,0,,,,,,,,
B748,d76dc98bc8b7ec9a2a22a9592ae57646ce22b4b41f97e7a9044ad2b23be1cf46,ransomware,TRUE_ENCRYPTION,RAWorld,cape,full,1,10.0,Babuk,303,92,0.7811746997999521,4.886198168329396,5.028639311838573,175,303,23,167,5,12,0.07590759075907591,0.5511551155115512,42,120,24,14,82,140,3,1,8,5,3,4,3,3,2,5,,0,,,0,0,1,9,3,0,0,0,0,0,4,4,54,10,6.0,2,1,1,1,5.8,190,303.8,1,1,0.529
B749,adc4f4469d9c4873a9d6a5f1118f74a7a6aec9fd8c50b45b016f0a8d3cef2d1c,ransomware,TRUE_ENCRYPTION,Trigona,cape,full,1,8.0,,1815,0,,,,1609,1815,0,4402,0,0,0.0,2.42534435261708,55,73,14,5,54,142,0,0,7,0,0,0,0,2,0,0,,0,,,0,0,1,0,0,0,0,0,0,0,0,0,0,0,,0,0,,,,,,,,
B750,1338408cf2fbb6f78b650f0d76aa3a9e18430b9887bc319880adb09268bbbbb1,ransomware,NO_VICTIM_ACTIVITY,,cape,full,1,9.0,,4616,479,-0.10850282020925413,6.2820507190064925,6.476157391559539,72,4616,2,0,0,22,0.0004332755632582322,0.0,2,105,1,87,17,120,0,0,3,0,0,0,0,0,2,0,,0,,,0,1,0,48,0,0,0,0,0,0,1,1,7,0,-10.4,0,0,,,,,,,,
B751,51f81938d16384ea7c86f92515bc4a1714791b628e008b61ff974d684a63603f,ransomware,TRUE_ENCRYPTION,Akira,cape,full,1,10.0,Akira,644,0,,,,1173,644,269,1,0,21,0.41770186335403725,0.0015527950310559005,2,213,2,17,194,155,0,0,7,1,0,4,0,1,2,2,,0,,,0,0,1,9,0,0,0,0,0,0,6,13,82,35,8.8,0,0,,,,,,,,
B752,dc04cfbe4cdbceb556fc06f9d939e354c1b826a183e9ab3b82d782b15e286432,ransomware,TRUE_ENCRYPTION,RAWorld,cape,full,1,10.0,Babuk,356,94,0.7441270970455531,4.869030673359323,5.0,482,356,23,176,5,14,0.06460674157303371,0.4943820224719101,38,152,21,23,108,140,3,1,8,5,3,4,3,3,2,5,,0,,,0,0,1,12,3,0,0,0,0,0,7,8,59,11,1.1,2,1,1,1,4.7,199,306.6,1,1,0.425
B753,b4df356a0b8746b77456531f53cf8418b356b40cd3a9ea214bfe2adba8e8838b,ransomware,FAILED,Trigona,cape,static_only,1,1.8,,,,,,,,,,,,,,,,,,,,167,0,0,7,0,0,0,0,1,1,0,,0,,,,,,,,,,,,,,,,,,,,,,,,,,,
B754,47aab1f5a9de4659066c5d1ca8f3a72858811c3d41b6de5f04439e96d134d6d7,ransomware,NO_VICTIM_ACTIVITY,,cape,full,1,9.0,,85,556,-0.04606494835710415,5.733318440753715,6.37849034503095,301,85,5,0,1,13,0.058823529411764705,0.0,3,37,0,8,29,166,0,0,7,0,0,0,2,0,2,1,,0,,,0,1,0,15,0,0,0,0,0,0,3,3,19,3,-2.2,1,1,1,1,6.4,5,43.1,0,1,
B755,4c130dfce360a886073880a8d77aedc11684baaf368da7841b1af19080c73190,ransomware,TRUE_ENCRYPTION,Akira,cape,full,1,10.0,Akira,767,0,,,,1209,767,252,1,0,17,0.3285528031290743,0.001303780964797914,2,209,3,19,187,155,0,0,7,1,0,4,0,1,2,2,,0,,,0,0,1,8,0,0,0,0,0,0,6,10,32,20,10.8,0,0,,,,,,,,
B756,edae69e8c6cbdef85b41a5dac83b83812ef9ebffc89db11629a1ba4f6f614fe6,ransomware,TRUE_ENCRYPTION,RAWorld,cape,full,1,10.0,Babuk,323,87,0.7337830818959507,4.893003957937382,5.087462841250338,196,323,23,157,5,14,0.07120743034055728,0.48606811145510836,39,134,20,22,92,140,3,1,8,5,3,4,3,3,2,5,,0,,,0,0,1,10,3,0,0,0,0,0,4,4,52,9,0.6,2,1,1,1,5.2,180,289.4,1,1,0.612
B757,7a64146011ab85d187b8e87dbea7fe6ff46ba8fdfe16e961a93a32bf6cf7d854,ransomware,NO_VICTIM_ACTIVITY,Trigona,cape,full,1,1.3,,1,0,,,,1,1,0,0,0,0,0.0,0.0,0,1,0,1,0,142,0,0,7,0,0,0,0,2,0,0,,0,,,0,0,1,0,0,0,0,0,0,0,0,0,0,0,,0,0,,,,,,,,
B758,fb3bbb5c9f50d2b8495d2938a1ee87f11f0782a10214a727b57cf4b5ffe50449,ransomware,NO_VICTIM_ACTIVITY,,cape,full,1,9.0,,560,638,-0.10266324030332265,5.895932633122977,6.476157391559539,206,560,3,0,2,12,0.005357142857142857,0.0,3,134,0,74,60,230,3,1,7,1,0,0,2,0,2,3,openssl,0,,,0,0,1,15,0,0,0,0,0,0,1,1,7,0,0.8,1,1,1,1,15.0,3,40.1,0,1,
B759,32caaeb1487f1370b282d459630ba852691a3b2e2d93a318494c36781d5dee4a,ransomware,NO_VICTIM_ACTIVITY,Akira,cape,full,1,10.0,Akira,1081,6,-0.2581955681828501,6.220658466479604,7.265472265557392,858,1081,119,0,0,2,0.11008325624421832,0.0,5,42,1,19,22,108,0,0,7,1,0,0,1,1,2,2,openssl,0,,,0,1,0,2,0,0,0,0,0,0,0,0,0,0,,0,0,,,,,,,,
B760,f2337af97ecfa9cc2a76211670dae12808a1c77b70ab951378d9d8f5e173aeaf,ransomware,TRUE_ENCRYPTION,RAWorld,cape,full,1,10.0,Babuk,267,91,0.912250512342623,4.871423701157459,5.028639311838573,159,267,28,189,0,11,0.10486891385767791,0.7078651685393258,38,116,16,16,84,140,3,1,8,5,3,4,3,3,2,5,,0,,,0,0,1,7,3,0,0,0,0,0,4,4,31,2,4.6,2,1,1,1,8.5,217,148.9,0,1,
B761,807b27dd4ddf9f8be2493a9e9f9a1bbe69c06770039847425acc6458d72f29dd,ransomware,NO_VICTIM_ACTIVITY,Trigona,cape,full,1,1.3,,1,0,,,,1,1,0,0,0,0,0.0,0.0,0,1,0,1,0,143,0,0,7,0,0,0,0,2,0,0,,0,,,0,0,1,0,0,0,0,0,0,0,0,0,0,0,,0,0,,,,,,,,
B762,4cd313662dab4c93a7e0b4f19d66e92d8263f17265832b95da52468b60be7075,ransomware,FAILED,,cape,static_only,1,1.3,,,,,,,,,,,,,,,,,,,,126,3,1,9,4,0,0,3,4,1,3,,0,,,,,,,,,,,,,,,,,,,,,,,,,,,
B763,124851e0082f9d38942824a0a349c8391fa2d1717eacffbd58e48ac6673d680f,ransomware,NO_VICTIM_ACTIVITY,Akira,cape,full,1,10.0,Akira,1081,6,-0.1687455768398317,6.1983278621465505,7.203853369030762,857,1081,119,0,0,2,0.11008325624421832,0.0,5,69,1,31,37,108,0,0,7,1,0,0,1,1,2,2,openssl,0,,,0,1,0,2,0,0,0,0,0,0,0,0,0,0,,0,0,,,,,,,,
B764,f29e24b4041c6942d0c38527ce8be9827fa86f70cbf735543800d9397b5c6b84,ransomware,TRUE_ENCRYPTION,RAWorld,cape,full,1,10.0,Babuk,254,84,0.8789355492276985,4.90213951972262,5.087462841250338,171,254,15,171,0,10,0.05905511811023622,0.6732283464566929,40,112,19,13,80,140,3,1,8,5,3,4,3,3,2,5,,0,,,0,0,1,7,3,0,0,0,0,0,4,4,34,2,2.0,2,1,1,1,5.2,186,145.2,0,1,
B765,80b8c6be07ae05ac08cefbdca242bd4601e3d4e69bba4e81a55ddfd9d4417691,ransomware,TRUE_ENCRYPTION,Trigona,cape,full,0,9.0,,1332,0,,,,1543,1332,0,4366,0,0,0.0,3.2777777777777777,52,73,12,4,57,13,0,0,0,0,0,0,0,0,0,0,,142,0,0,0,0,1,0,0,0,0,0,0,0,0,0,0,0,,0,0,,,,,,,,
B766,2f45a3079b5949b6dfb356f79c30ba333635f1eab27704232a7eb70dc428e4ee,ransomware,FAILED,,cape,full,1,0.3,,60,0,,,,0,60,0,0,0,0,0.0,0.0,0,2,0,2,0,39,0,0,2,0,0,0,0,0,1,0,boost,0,,,0,0,1,0,0,0,0,0,0,0,0,0,0,0,,0,0,,,,,,,,
B767,a3dd850d5c543003baaa5422ef084adff7e3b1691a11eed8c91235ba12be13bc,ransomware,TRUE_ENCRYPTION,Akira,cape,full,1,10.0,Akira,628,0,,,,1160,628,254,1,0,17,0.40445859872611467,0.0015923566878980893,2,222,4,18,200,155,0,0,7,1,0,4,0,1,2,2,,0,,,0,0,1,8,0,0,0,0,0,0,6,11,28,15,5.5,0,0,,,,,,,,
B768,f52a9f09e5ed90df59ba3d89316d1ed22fb34ccff1c8ff5b209caf4d42deaa66,ransomware,TRUE_ENCRYPTION,RAWorld,cape,full,1,10.0,Babuk,6,1,-0.05547001962252292,,,8,6,5,3,0,4,0.8333333333333334,0.5,5,11,1,1,9,140,3,1,8,5,3,4,3,3,2,5,,0,,,0,0,1,5,3,0,0,0,0,0,3,3,3,0,7.5,1,1,1,1,6.6,8,11.4,0,1,
B769,82d77889cb0d8309f146a28ee8bf8977336820fbbc5062237b0653e6fde64e1a,ransomware,TRUE_ENCRYPTION,Trigona,cape,full,1,8.0,,1495,0,,,,1478,1495,0,4436,0,0,0.0,2.9672240802675587,53,71,13,4,54,142,0,0,7,0,0,0,0,2,0,0,,0,,,0,0,1,0,0,0,0,0,0,0,0,0,0,0,,0,0,,,,,,,,
B770,54c9c36da7b33456f8a72768ec357d05da21293ebe64c17c877ded0def7b72e9,ransomware,FAILED,,cape,full,1,0.3,,1,0,,,,0,1,0,0,0,0,0.0,0.0,0,1,0,1,0,39,0,0,2,0,0,0,0,0,1,0,boost,0,,,0,0,1,0,0,0,0,0,0,0,0,0,0,0,,0,0,,,,,,,,
B771,68fe419e4826b697016a1318f6689492cc0274531c4b82fed32dbc542b15a867,ransomware,TRUE_ENCRYPTION,Akira,cape,full,1,10.0,Akira,821,0,,,,1445,821,242,1,0,19,0.29476248477466505,0.001218026796589525,2,251,4,35,212,155,0,0,7,1,0,4,0,1,2,2,,0,,,0,0,1,12,0,0,0,0,0,0,7,11,36,10,8.0,0,0,,,,,,,,
B772,f58268f085f1c9f629f006e9d4a9cc67d348c3316ce63f7158d5e560ffaf37a1,ransomware,FAILED,RAWorld,cape,static_only,1,10.0,Babuk,,,,,,,,,,,,,,,,,,,140,3,1,8,5,3,4,3,3,2,5,,0,,,,,,,,,,,,,,,,,,,,,,,,,,,
B773,8c6c21855aff960c7f445472342e768144f5838c246847ab5afb806841590745,ransomware,TRUE_ENCRYPTION,Trigona,cape,full,1,9.0,,1503,0,,,,2025,1503,0,4477,0,17,0.0,2.978709248170326,57,57,16,4,37,142,0,0,7,0,0,0,0,2,0,0,,0,,,0,0,1,17,9,4,0,0,0,0,1,1,15,0,-507.8,1,1,0,0,,0,40.3,0,0,
B774,6b93afe89d923d9694c660d4271f850a5534b7308b1902f4547d841ecea11d42,ransomware,FAILED,,cape,full,1,0.5,,60,0,,,,0,60,0,0,0,0,0.0,0.0,0,3,0,3,0,39,0,0,2,0,0,0,0,0,1,0,boost,0,,,0,0,1,0,0,0,0,0,0,0,0,0,0,0,,0,0,,,,,,,,
B775,34c843387845479329052ec7a71f6445c7530b6fee2eabb458da2338d1af41e4,ransomware,TRUE_ENCRYPTION,Akira,cape,full,1,10.0,Akira,669,0,,,,1147,669,266,1,0,16,0.3976083707025411,0.0014947683109118087,2,208,3,15,190,155,0,0,7,1,0,4,0,1,2,2,,0,,,0,0,1,7,0,0,0,0,0,0,5,10,92,35,6.9,0,0,,,,,,,,
B776,f65288e2eb38ab1516e0cff944954e991aef1c6d180b1a2b445a32ac170fb547,ransomware,TRUE_ENCRYPTION,RAWorld,cape,full,1,10.0,Babuk,397,109,0.8082634619078827,4.882721107504176,5.028639311838573,514,397,43,202,5,23,0.10831234256926953,0.5088161209068011,41,176,19,32,125,140,3,1,8,5,3,4,3,3,2,5,,0,,,0,0,1,18,3,0,0,0,0,0,5,6,71,13,0.6,2,1,1,1,7.5,245,371.8,1,1,0.452
B777,8cf67f9a52293ba9a55e0302460290fee19f3fcad83c1f9e4ab143ca998ac157,ransomware,TRUE_ENCRYPTION,Trigona,cape,full,1,8.0,,448,0,,,,1656,448,0,4548,0,0,0.0,10.151785714285714,55,60,9,3,48,142,0,0,7,0,0,0,0,2,0,0,,0,,,0,0,1,0,0,0,0,0,0,0,0,0,0,0,,0,0,,,,,,,,
B778,d5f9595abb54947a6b0f8a55428ca95e6402d2aeb72cbc109beca457555a99a6,ransomware,TRUE_ENCRYPTION,,cape,full,1,8.0,,1628,0,,,,818,1628,0,1551,0,0,0.0,0.9527027027027027,95,351,42,28,281,46,0,0,1,0,0,0,0,0,0,0,boost,0,,,0,0,1,0,0,0,0,0,0,0,0,0,0,0,,0,0,,,,,,,,
B779,5c6cce76a28898a242265b4eb3a3b14558dfb9a67319cfe0ac0bd175addb5b9a,ransomware,TRUE_ENCRYPTION,Akira,cape,full,1,10.0,Akira,609,466,-0.03438938332661972,6.280009902679961,6.476157391559539,1542,609,208,0,0,23,0.3415435139573071,0.0,3,215,5,29,181,155,0,0,7,1,0,4,0,1,2,2,,0,,,0,1,0,11,1,0,0,0,0,0,8,12,36,8,12.9,0,0,,,,,,,,
B780,f67381503c71bffb6ce099058f8117d47f4e4c25efd7953aab14fac193b826c4,ransomware,TRUE_ENCRYPTION,RAWorld,cape,full,1,10.0,Babuk,246,93,0.9022150313329668,4.880905617099033,5.028639311838574,150,246,15,169,0,37,0.06097560975609756,0.6869918699186992,39,116,20,7,89,140,3,1,8,5,3,4,3,3,2,5,,0,,,0,0,1,13,3,0,0,0,0,0,5,9,32,2,4.6,2,1,1,1,9.0,184,145.5,0,1,
B781,933443d4a0fae8938ede0c440e3314283e5e9e4ba32015e9c8c8df1046cebd28,ransomware,TRUE_ENCRYPTION,Trigona,cape,full,1,5.3,,1780,0,,,,1526,1780,0,4426,0,0,0.0,2.486516853932584,51,71,11,5,55,142,0,0,7,0,0,0,0,2,0,0,,0,,,0,0,1,0,0,0,0,0,0,0,0,0,0,0,,0,0,,,,,,,,
B782,f3a6d4ccdd0f663269c3909e74d6847608b8632fb2814b0436a4532b8281e617,ransomware,TRUE_ENCRYPTION,,cape,full,1,9.0,Scarab-Dharma,242,2,-0.011137576008052841,4.969815782426808,4.969815782426808,423,242,12,97,5,11,0.049586776859504134,0.40082644628099173,22,138,4,37,97,204,6,1,6,1,3,0,5,3,2,4,openssl,0,,,0,0,1,11,0,0,0,0,0,0,5,5,62,11,-89.8,0,0,,,,,,,,
B783,bfdb075aa514cb43b711bab06e775c081671863bc89c8e84763864e0aa35dd2c,ransomware,TRUE_ENCRYPTION,Akira,cape,full,1,10.0,Akira,502,0,,,,221,502,2,0,0,1,0.00398406374501992,0.0,1,21,2,18,1,155,0,0,7,1,0,4,0,1,2,2,,0,,,0,0,1,1,0,0,0,0,0,0,2,2,4,5,10.9,0,0,,,,,,,,
B784,fa2574e0a86d547d971821b8e5997717d25a7764619e299ffba9cf50beff2e66,ransomware,TRUE_ENCRYPTION,RAWorld,cape,full,1,10.0,Babuk,353,102,0.7905225355775443,4.884832888981061,5.087462841250338,171,353,22,187,5,41,0.06232294617563739,0.5297450424929179,40,120,26,13,81,140,3,1,8,5,3,4,3,3,2,5,,0,,,0,0,1,15,3,0,0,0,0,0,5,7,57,10,6.6,2,1,1,1,7.2,209,488.7,1,1,0.319
B785,983590ffbdf013bcf16980e7597742def0e06ef3c2d6e2bb71918f7e38b33339,ransomware,TRUE_ENCRYPTION,Trigona,cape,full,1,5.3,,986,0,,,,1710,986,0,2821,0,0,0.0,2.86105476673428,53,46,18,4,24,142,0,0,7,0,0,0,0,2,0,0,,0,,,0,0,1,0,0,0,0,0,0,0,0,0,0,0,,0,0,,,,,,,,
B786,d00f2a459ecda2ad7afcf3ca62128fd3d0f3d29dbbe6f5314759890dbae12deb,ransomware,NO_VICTIM_ACTIVITY,,cape,full,1,9.0,,4899,0,,,,1979,4899,9,2,5,7,0.001837109614206981,0.0004082465809348847,3,117,2,82,33,142,0,0,7,1,0,0,1,1,2,2,openssl,1398,0,0,0,0,1,7,0,0,0,2,0,0,0,0,23,8,,1,1,1,1,111.8,11,35.4,0,1,
B787,a2b8123e81638843b3de9601a9b80067d74da5f003070d906d33d09481362622,ransomware,TRUE_ENCRYPTION,Akira,cape,full,1,10.0,Akira,686,0,,,,1492,686,250,1,0,7,0.36443148688046645,0.0014577259475218659,2,244,4,31,209,155,0,0,7,1,0,4,0,1,2,2,,0,,,0,0,1,8,0,0,0,0,0,0,6,7,35,10,3.1,0,0,,,,,,,,
B788,adf4e2a037a518dba9ff4a87ccfa8b09ad1ac256ffc2329a7cd81b75424a744b,ransomware,TRUE_ENCRYPTION,RAWorld,cape,full,0,9.0,,574,484,-0.06785101331733645,6.282885622431001,6.476157391559539,237,574,7,183,0,39,0.012195121951219513,0.31881533101045295,35,162,57,20,85,4,0,0,0,0,0,0,0,0,0,0,,3,0,0,0,1,0,41,12,8,0,2,8,0,4,5,3,1,-34.0,15,4,0,0,,0,265.9,15,1,0.073
B789,9c33e41ea79c84e40219cfdab5c919c116563d7241e73b88be345e546e53aaec,ransomware,TRUE_ENCRYPTION,Trigona,cape,full,1,8.0,,1655,0,,,,1761,1655,0,4479,0,0,0.0,2.7063444108761328,49,69,20,4,45,142,0,0,7,0,0,0,0,2,0,0,,0,,,0,0,1,0,0,0,0,0,0,0,0,0,0,0,,0,0,,,,,,,,
B790,c7b91de4b4b10c22f2e3bca1e2603160588fd8fd829fd46103cf536b6082e310,ransomware,TRUE_ENCRYPTION,,cape,full,1,9.0,,362,1419,0.8452941706199153,4.88184110819404,5.087462841250338,653,362,18,165,0,15,0.049723756906077346,0.4558011049723757,33,116,37,9,70,165,1,1,9,1,1,0,5,4,2,4,,0,,,0,0,1,10,1,0,0,0,0,0,4,18,53,10,-13.6,0,0,,,,,,,,
B791,369336e9f7b6e5d68a34ca420ba8a2076b8c232d9fff3f52c340fa664fc6b5e2,ransomware,TRUE_ENCRYPTION,Akira,cape,full,1,10.0,Akira,639,457,0.06403886245700545,6.343371457598911,6.476157391559539,1219,639,252,1,0,6,0.39436619718309857,0.001564945226917058,4,230,3,27,200,155,0,0,7,1,0,4,0,1,2,2,,0,,,0,1,0,7,1,0,0,0,0,0,5,6,28,10,0.9,0,0,,,,,,,,
B792,0016d62346cdb482ef51f842aa979b2babdfa843db87f1b7efe2712444d0954d,ransomware,TRUE_ENCRYPTION,RAWorld,cape,full,1,10.0,Babuk,223,93,0.9463228092140538,4.888668966185756,5.087462841250338,146,223,14,178,0,10,0.06278026905829596,0.7982062780269058,41,110,17,13,80,140,3,1,8,5,3,4,3,3,2,5,,0,,,0,0,1,7,3,0,0,0,0,0,4,4,25,2,5.9,2,1,1,1,6.2,192,138.5,0,1,
B793,47c2845545be0b7a6c7e0f73ccb16978fe7a226cf802b19b33dde1874c2fc9da,ransomware,TRUE_ENCRYPTION,Trigona,cape,full,1,8.0,,1757,0,,,,1587,1757,0,4534,0,0,0.0,2.58053500284576,53,63,15,4,44,142,0,0,7,0,0,0,0,2,0,0,,0,,,0,0,1,0,0,0,0,0,0,0,0,0,0,0,,0,0,,,,,,,,
B794,374aa1aaaad4ddd0a9a5f08f643f96b3fb8b741802e19ac2fb8843351cf8efc1,ransomware,TRUE_ENCRYPTION,,cape,full,1,9.0,,3997,1640,-0.07544130451971406,2.3188051304596833,6.476157391559539,2139,3997,28,1,0,17,0.0070052539404553416,0.0002501876407305479,16,629,14,359,256,229,0,0,6,0,0,0,0,1,2,0,,0,,,0,1,0,17,0,0,0,0,0,0,4,4,1151,2,-76.5,0,0,,,,,,,,
B795,7142bff8d40f56b9e2e8eaf2d626d54ef6533e6d2f29242ecc90c98aef1a6955,ransomware,TRUE_ENCRYPTION,Akira,cape,full,1,10.0,Akira,791,0,,,,1141,791,249,1,0,4,0.3147914032869785,0.0012642225031605564,2,223,4,28,191,155,0,0,7,1,0,4,0,1,2,2,,0,,,0,0,1,6,0,0,0,0,0,0,5,6,33,15,6.5,0,0,,,,,,,,
B796,0150ca403ae96a68321d3529ae13bca57fd36c754a9d03a95b502cdf3221af0f,ransomware,TRUE_ENCRYPTION,RAWorld,cape,full,1,10.0,Babuk,227,83,0.9064420789578194,4.88209372786721,5.0,135,227,14,162,0,11,0.06167400881057269,0.7136563876651982,37,122,20,18,84,140,3,1,8,5,3,4,3,3,2,5,,0,,,0,0,1,8,3,0,0,0,0,0,4,4,27,2,1.7,2,1,1,1,6.2,176,163.2,0,1,
B797,4933d2287e2e0cd36e11b8a0518889fe92391e4396871339939ddceea51e5b7e,ransomware,TRUE_ENCRYPTION,Trigona,cape,full,1,8.0,,1701,0,,,,1527,1701,0,4442,0,0,0.0,2.6114050558495,55,68,15,3,50,142,0,0,7,0,0,0,0,2,0,0,,0,,,0,0,1,0,0,0,0,0,0,0,0,0,0,0,,0,0,,,,,,,,
B798,3d6c1fdfc04383ddb9a9028fa7181b017978a0d4f910fdfcb3905ed6b4f33418,ransomware,TRUE_ENCRYPTION,Akira,cape,full,1,10.0,Akira,709,0,,,,1126,709,262,1,0,11,0.3695345557122708,0.0014104372355430183,2,213,4,13,196,155,0,0,7,1,0,4,0,1,2,2,,0,,,0,0,1,10,0,0,0,0,0,0,6,9,52,38,1.7,0,0,,,,,,,,
B799,0183edb40f7900272f63f0392d10c08a3d991af41723ecfd38abdfbfdf21de0a,ransomware,TRUE_ENCRYPTION,RAWorld,cape,full,1,10.0,Babuk,272,107,0.9251956882453933,4.892156910523072,5.087462841250338,152,272,14,178,0,36,0.051470588235294115,0.6544117647058824,45,122,26,13,83,140,3,1,8,5,3,4,3,3,2,5,,0,,,0,0,1,13,3,0,0,0,0,0,5,9,31,2,1.9,2,1,1,1,6.9,192,141.7,0,1,
B800,49419d9a401cba4f84da4213fcb37d943715a70c98577e241e2e491640faf359,ransomware,TRUE_ENCRYPTION,Trigona,cape,full,1,8.0,,546,0,,,,1662,546,0,4595,0,0,0.0,8.415750915750916,51,59,14,4,41,142,0,0,7,0,0,0,0,2,0,0,,0,,,0,0,1,0,0,0,0,0,0,0,0,0,0,0,,0,0,,,,,,,,
B801,686bb5ee371733ab7908c2f3ea1ee76791080f3a4e61afe8b97c2a57fbc2efac,ransomware,NO_VICTIM_ACTIVITY,,cape,full,0,9.0,,0,0,,,,0,0,0,0,0,0,,,0,0,0,0,0,18,0,0,0,0,0,0,0,0,0,0,,0,,,0,0,1,0,0,0,0,0,0,0,0,0,0,0,,0,0,,,,,,,,
B802,337d21f964091417f22f35aee35e31d94fc3f35179c36c0304eef6e4ae983292,ransomware,TRUE_ENCRYPTION,Akira,cape,full,1,10.0,Akira,1462,6,0.05404084343188205,5.051943028279043,7.280829084837128,1172,1462,9,2,5,4,0.006155950752393981,0.0013679890560875513,3,59,4,45,10,139,5,1,6,1,0,4,0,0,2,3,,0,,,0,0,1,5,0,0,0,0,0,0,4,5,34,18,8.8,0,0,,,,,,,,
B803,020417c0f9f086b2f712490812362efe7f4459200a8203c95e37ba4613e5bd03,ransomware,FAILED,RAWorld,cape,static_only,1,10.0,Babuk,,,,,,,,,,,,,,,,,,,140,3,1,8,5,3,4,3,3,2,5,,0,,,,,,,,,,,,,,,,,,,,,,,,,,,
B804,4a09036e53e2b2edbc04f1d66e212d6338546b788282ae7d053a003e9e4c93f9,ransomware,TRUE_ENCRYPTION,Trigona,cape,full,1,8.0,,1269,0,,,,1630,1269,0,4428,0,0,0.0,3.4893617021276597,55,73,20,6,47,142,0,0,7,0,0,0,0,2,0,0,,0,,,0,0,1,0,0,0,0,0,0,0,0,0,0,0,,0,0,,,,,,,,
B805,13b82f4ac62faf87a105be355c82bacfcbdd383050860dfa93dfbb7bb2e6c9ba,ransomware,FAILED,,cape,static_only,1,0.3,,,,,,,,,,,,,,,,,,,,165,1,1,9,1,1,0,5,4,2,4,,0,,,,,,,,,,,,,,,,,,,,,,,,,,,
B806,5de1061457e759e022fbc9bb02e8726a49d3ed9663fc8a77d83462c69c96aea8,ransomware,FAILED,Akira,cape,static_only,1,10.0,Akira,,,,,,,,,,,,,,,,,,,155,0,0,7,1,0,4,0,1,2,2,,0,,,,,,,,,,,,,,,,,,,,,,,,,,,
B807,02062da1f52d15e66a08348cded9e478b1e0c7b334de4b42c719710ab2b5bf16,ransomware,TRUE_ENCRYPTION,RAWorld,cape,full,1,10.0,Babuk,235,77,0.9104984236057669,4.8898305886071975,5.087462841250338,150,235,15,143,0,10,0.06382978723404255,0.6085106382978723,44,106,23,10,73,140,3,1,8,5,3,4,3,3,2,5,,0,,,0,0,1,7,3,0,0,0,0,0,4,4,27,1,4.8,2,1,1,1,4.5,158,127.6,0,1,
B808,4b771cd89739a9f1f9d03f3d1e3702af6a375f3dcba0ad904eda489fb014a37e,ransomware,NO_VICTIM_ACTIVITY,Trigona,cape,full,1,1.3,,1,0,,,,1,1,0,0,0,0,0.0,0.0,0,1,0,1,0,142,0,0,7,0,0,0,0,2,0,0,,0,,,0,0,1,0,0,0,0,0,0,0,0,0,0,0,,0,0,,,,,,,,
B809,9b4e60fc6089912f84c96e77f8d905a6c1e9e76d15fdce96958a45ad0e8e6108,ransomware,FAILED,,cape,full,1,0.3,,1,0,,,,0,1,0,0,0,0,0.0,0.0,0,1,0,1,0,39,0,0,2,0,0,0,0,0,1,0,boost,0,,,0,0,1,0,0,0,0,0,0,0,0,0,0,0,,0,0,,,,,,,,
B810,aff2e319a47193ab195e2aa116747c2a5aa4bb4d8cc4c915e0c6bda12481881f,ransomware,TRUE_ENCRYPTION,Akira,cape,full,1,10.0,Akira,850,0,,,,1104,850,72,2,5,4,0.08470588235294117,0.002352941176470588,4,94,4,24,66,155,0,0,7,1,0,4,0,1,2,2,,0,,,0,0,1,5,0,0,0,0,0,0,3,3,37,13,1.6,0,0,,,,,,,,
B811,03d07d15c8e652a5d059cdb7f8c333fcdc96b64b920f973458f81de9f04543bc,ransomware,TRUE_ENCRYPTION,RAWorld,cape,full,1,10.0,Babuk,284,104,0.9014750919115165,4.878641420421994,5.028639311838574,180,284,14,180,0,11,0.04929577464788732,0.6338028169014085,39,120,23,13,84,140,3,1,8,5,3,4,3,3,2,5,,0,,,0,0,1,7,3,0,0,0,0,0,4,4,23,2,5.3,2,1,1,1,7.3,194,153.2,0,1,
B812,508c97a6bbd5071e9f7c72012b1257582367c15bdf320f3cdec09b9642803752,ransomware,FAILED,Trigona,cape,static_only,1,1.3,,,,,,,,,,,,,,,,,,,,142,0,0,7,0,0,0,0,2,0,0,,0,,,,,,,,,,,,,,,,,,,,,,,,,,,
B813,55e69954973f40718e6462573576a39158eba9865816aba4e4d6ff22fac80d2f,ransomware,FAILED,,cape,static_only,1,0,,,,,,,,,,,,,,,,,,,,127,0,0,7,1,0,0,1,1,2,2,openssl,0,,,,,,,,,,,,,,,,,,,,,,,,,,,
B814,c6ede98801eb47fd2390c23064fb0b8a78c17a222926d2f6ba0d7ea8c622ded2,ransomware,FAILED,Akira,cape,static_only,1,10.0,Akira,,,,,,,,,,,,,,,,,,,155,0,0,7,1,0,4,0,1,2,2,,0,,,,,,,,,,,,,,,,,,,,,,,,,,,
B815,0446a3278b1757d733979c95aa2b74adf29ba72d6e381d0102687ab1f551cdbb,ransomware,FAILED,RAWorld,cape,static_only,1,10.0,Babuk,,,,,,,,,,,,,,,,,,,140,3,1,8,5,3,4,3,3,2,5,,0,,,,,,,,,,,,,,,,,,,,,,,,,,,
B816,4e4074e8033f95da0eea13a2754321fe2d71c2b45ef53ad9c75331f1d29c7291,ransomware,FAILED,Trigona,cape,static_only,1,1.3,,,,,,,,,,,,,,,,,,,,142,0,0,7,0,0,0,0,2,0,0,,0,,,,,,,,,,,,,,,,,,,,,,,,,,,
B817,3032b026ebd192e9cd58bb98f963db4abce0ca9f6f245de1c0926ae5cb980bea,ransomware,FAILED,,cape,static_only,1,1.0,,,,,,,,,,,,,,,,,,,,89,5,1,0,0,0,0,0,0,1,1,boost,0,,,,,,,,,,,,,,,,,,,,,,,,,,,
B818,35b94bc0a7ea6e2aedbd06411947cb1e6bd439244fc51fa6165b82cd42188613,ransomware,FAILED,Akira,cape,static_only,1,10.0,Akira,,,,,,,,,,,,,,,,,,,155,0,0,7,1,0,4,0,1,2,2,,0,,,,,,,,,,,,,,,,,,,,,,,,,,,
B819,04ffd0d5fd66764de6c68fce5ac75b1990191721f151a7b8e01ef156066fbfbe,ransomware,FAILED,RAWorld,cape,static_only,1,10.0,Babuk,,,,,,,,,,,,,,,,,,,140,3,1,8,5,3,4,3,3,2,5,,0,,,,,,,,,,,,,,,,,,,,,,,,,,,
B820,5926b866a03eeb02257933c50ef6f2f73db4691c2b1d550f40391b036010916f,ransomware,FAILED,,cape,static_only,1,1.3,,,,,,,,,,,,,,,,,,,,83,5,1,0,0,0,0,0,0,1,1,boost,0,,,,,,,,,,,,,,,,,,,,,,,,,,,
B821,d131cb0aa9ff7a152b506d53fbc066743e97aa7c6592b5de534f0b174fc819fc,ransomware,FAILED,Akira,cape,static_only,1,10.0,Akira,,,,,,,,,,,,,,,,,,,155,0,0,7,1,0,4,0,1,2,2,,0,,,,,,,,,,,,,,,,,,,,,,,,,,,
B822,064caff351bd2f921ba9a61b143901367eaf9253f7fb8887b8847ad078d64b43,ransomware,FAILED,RAWorld,cape,static_only,1,10.0,Babuk,,,,,,,,,,,,,,,,,,,140,3,1,8,5,3,4,3,3,2,5,,0,,,,,,,,,,,,,,,,,,,,,,,,,,,
B823,38e2e2b90a9cb4f7f33e2bc5c2dfa3f6c2ff7b4babf6053513c6b0d0b66bd8c9,ransomware,TRUE_ENCRYPTION,,cape,full,1,9.0,,103,456,-0.028963972087806964,6.034967378916038,6.376825800964972,4074,103,33,0,11,96,0.32038834951456313,0.0,6,227,4,64,159,71,0,0,2,0,0,0,0,0,2,0,,0,,,0,1,0,119,0,2,0,0,0,0,3,4,37,0,-5.4,8,2,0,0,,0,371.9,8,1,0.011
B824,28c3a34af034859aee859e0429c95ad35c55e0aa2b2ffbc48f39e8c3e26c7be0,ransomware,TRUE_ENCRYPTION,Akira,cape,full,1,10.0,Akira,100,144,-0.262187944918478,6.060605093860966,6.376825800964972,73,100,2,0,0,3,0.02,0.0,2,24,0,10,14,155,0,0,7,1,0,4,0,1,2,2,,0,,,0,1,0,4,1,0,0,0,0,0,2,2,4,5,28.4,0,0,,,,,,,,
B825,066a1746c910ff6b1cc8c8fa0795c8ca4f1f1b01c746ca24d72b385b0aa087c2,ransomware,TRUE_ENCRYPTION,RAWorld,cape,full,1,10.0,Babuk,269,91,0.9309453384259264,4.875242386469628,5.087462841250338,136,269,10,155,0,13,0.03717472118959108,0.5762081784386617,40,126,19,27,80,140,3,1,8,5,3,4,3,3,2,5,,0,,,0,0,1,10,3,0,0,0,0,0,4,6,32,2,9.8,2,1,1,1,31.7,165,341.4,0,1,
B826,31529c7f5c2f38a57227b307bb77e2dc86d283bd8110cf0b8a38285f75b7f872,ransomware,FAILED,,cape,static_only,1,0.3,,,,,,,,,,,,,,,,,,,,71,0,0,2,0,0,0,0,0,2,0,,0,,,,,,,,,,,,,,,,,,,,,,,,,,,
B827,92834241ae642d8d3baf8401d6340b603e540c99ce4e5375b6e1ae30fc627974,ransomware,TRUE_ENCRYPTION,Akira,cape,full,1,10.0,Akira,790,0,,,,1162,790,242,1,0,7,0.30632911392405066,0.0012658227848101266,2,200,4,19,177,155,0,0,7,1,0,4,0,1,2,2,,0,,,0,0,1,8,0,0,0,0,0,0,5,7,30,20,6.5,0,0,,,,,,,,
B828,4358e676a4d7e704e0f639f82abb502cb7460a7fe849f8ab8a4410aec30234ae,ransomware,TRUE_ENCRYPTION,RAWorld,cape,full,1,10.0,Babuk,270,92,0.8810628285516643,4.889822518012017,5.028639311838573,135,270,29,190,0,11,0.10740740740740741,0.7037037037037037,37,123,22,23,78,140,3,1,8,5,3,4,3,3,2,5,,0,,,0,0,1,7,3,0,0,0,0,0,5,7,27,1,11.7,2,1,1,1,10.2,219,375.0,0,1,
B829,fea2b34d7cfd396c4ac408c6f8bb3d97147f71cdc32c6a6010b1d459834abaf6,ransomware,WEAK_VICTIM_ACTIVITY,,cape,full,1,7.0,,82,3,-0.18833755951604741,4.719564583693911,4.9375,129,82,22,0,0,1,0.2682926829268293,0.0,5,23,0,5,18,93,0,0,7,1,0,0,0,1,2,1,openssl,2898,2,1,0,1,0,1,0,0,0,0,0,0,0,0,0,0,,0,0,,,,,,,,
B830,2290f0f8462d389fd52307411c126fbc682e5db1b6a122da1b2ae1fb1f914359,ransomware,FAILED,Akira,cape,static_only,1,10.0,Akira,,,,,,,,,,,,,,,,,,,155,0,0,7,1,0,4,0,1,2,2,,0,,,,,,,,,,,,,,,,,,,,,,,,,,,
B831,437aba56d7035ab31c910a900e0ff7ab46e25c88227825e27767b9522e8d7e3b,ransomware,TRUE_ENCRYPTION,RAWorld,cape,full,1,10.0,Babuk,52,21,0.8561285020290612,4.8557036908939875,5.0,33,52,5,29,0,3,0.09615384615384616,0.5576923076923077,17,44,11,11,22,140,3,1,8,5,3,4,3,3,2,5,,0,,,0,0,1,5,3,0,0,0,0,0,3,3,20,0,11.1,1,1,1,1,16.4,34,54.4,0,1,
B832,a205b3000e64821c7d482e1b5c0fde9cedbbdc4783ba25d6019a93b325aa8742,ransomware,TRUE_ENCRYPTION,,cape,full,1,9.0,Scarab-Dharma,413,550,0.9977738021652205,,,139,413,1,149,2,4,0.002421307506053269,0.36077481840193704,26,13,10,1,2,23,0,0,0,0,0,0,0,0,0,0,,23,0,0,0,1,0,5,0,0,0,0,0,0,0,0,1,0,,4,1,0,0,,0,11.1,3,1,0.044
B833,7f4a4a2093163e8946b5649b91c942d414779bec4551613cd35a812d6c9359f5,ransomware,TRUE_ENCRYPTION,Akira,cape,full,1,10.0,Akira,535,480,0.0386023423384063,6.344723148239963,6.476157391559539,1575,535,142,0,0,7,0.26542056074766357,0.0,3,179,2,42,135,155,0,0,7,1,0,4,0,1,2,2,,0,,,0,1,0,6,1,0,0,0,0,0,7,8,28,8,134.3,0,0,,,,,,,,
B834,4392dcce97df199e00efb7a301e26013a44ee79d9b4175d4539fae9aed4f750b,ransomware,FAILED,RAWorld,cape,static_only,1,10.0,Babuk,,,,,,,,,,,,,,,,,,,140,3,1,8,5,3,4,3,3,2,5,,0,,,,,,,,,,,,,,,,,,,,,,,,,,,
B835,c0debf857c2e59dce4ef5bb8a7c916d5d9b44da76588ea6228b123a2707d9103,ransomware,TRUE_ENCRYPTION,,cape,full,1,7.0,,5333,9759,-0.033310722386426864,4.852181352333523,7.159713877891107,3963,5333,1991,0,0,2,0.3733358334895931,0.0,64,559,309,67,183,144,0,0,7,1,0,0,1,1,2,2,openssl,4473,4,2,0,1,0,2,0,0,0,0,0,0,0,0,0,0,,0,0,,,,,,,,
B836,3da380b7816c9f1c3fbf9d63aeeb02cd939ca68d3062b0f35b660b7b75b81028,ransomware,FAILED,Akira,cape,static_only,1,10.0,Akira,,,,,,,,,,,,,,,,,,,155,0,0,7,1,0,4,0,1,2,2,,0,,,,,,,,,,,,,,,,,,,,,,,,,,,
B837,441f715d0f08b8f9d64a32fdb316bd2510895be26b790a093189775c640e0706,ransomware,FAILED,RAWorld,cape,static_only,1,10.0,Babuk,,,,,,,,,,,,,,,,,,,140,3,1,8,5,3,4,3,3,2,5,,0,,,,,,,,,,,,,,,,,,,,,,,,,,,
B838,b6c969551f35c5de1ebc234fd688d7aa11eac01008013914dbc53f3e811c7c77,ransomware,NO_VICTIM_ACTIVITY,,cape,full,1,1.0,,0,0,,,,1,0,0,0,0,0,,,0,1,0,0,1,117,0,0,8,1,0,0,0,1,2,1,,0,,,0,0,1,0,0,0,0,0,0,0,0,0,0,0,,0,0,,,,,,,,
B839,ef9d89e9f4371ea86b4f744a3abae761b7e7bcc715239ab3c4c0f4d317a77bb0,ransomware,TRUE_ENCRYPTION,Akira,cape,full,1,10.0,Akira,784,0,,,,1155,784,265,1,0,17,0.3380102040816326,0.0012755102040816326,2,232,3,20,209,155,0,0,7,1,0,4,0,1,2,2,,0,,,0,0,1,9,0,0,0,0,0,0,6,12,42,45,8.4,0,0,,,,,,,,
B840,44df64e201f3e8fb0ec9f113e3ab7a674d3aedd43dc7a904a7779cce506b0e38,ransomware,TRUE_ENCRYPTION,RAWorld,cape,full,1,10.0,Babuk,278,78,0.9285405408501228,4.8713465056249845,5.028639311838573,330,278,14,159,0,11,0.050359712230215826,0.5719424460431655,40,132,19,29,84,140,3,1,8,5,3,4,3,3,2,5,,0,,,0,0,1,8,3,0,0,0,0,0,5,5,31,2,0.8,2,1,1,1,5.8,173,140.0,0,1,
B841,c5f49c0f566a114b529138f8bd222865c9fa9fa95f96ec1ded50700764a1d4e7,ransomware,FAILED,,cape,static_only,1,0.3,,,,,,,,,,,,,,,,,,,,144,1,1,7,1,1,0,5,3,2,4,,0,,,,,,,,,,,,,,,,,,,,,,,,,,,
B842,43226a19b0f84ddc353eff49aba8a0791d5d12b74d984adfdc24cf7f0d73d25a,ransomware,TRUE_ENCRYPTION,Akira,cape,full,1,10.0,Akira,731,0,,,,1199,731,279,1,0,13,0.3816689466484268,0.0013679890560875513,2,217,2,17,198,155,0,0,7,1,0,4,0,1,2,2,,0,,,0,0,1,8,0,0,0,0,0,0,6,9,68,34,1.9,0,0,,,,,,,,
B843,454bc550201e856022e35ca3e64e9aab582a0fbc6bc73656aa792e5b934fe2a3,ransomware,TRUE_ENCRYPTION,RAWorld,cape,full,1,10.0,Babuk,26,8,0.7062897886766555,4.853772823651056,4.9375,18,26,5,22,0,3,0.19230769230769232,0.8461538461538461,18,19,5,4,10,140,3,1,8,5,3,4,3,3,2,5,,0,,,0,0,1,5,3,0,0,0,0,0,2,2,15,2,1.0,1,1,1,1,4.9,27,14.9,0,1,
B844,131b141acb1c4b1eb1b1654d7166feeef9dba521cee4216abd2d9ad48370797b,ransomware,NO_VICTIM_ACTIVITY,,cape,full,1,7.0,,1232,0,,,,25,1232,9,2,5,3,0.007305194805194805,0.0016233766233766235,3,602,3,597,2,430,0,0,3,0,0,0,3,0,1,1,,428,1,0,0,0,1,4,0,0,0,1,0,0,0,0,24,8,,1,1,1,1,250.5,11,146.6,0,1,
B845,71029bcf2c1708dd53473885e244bf37daba6543e13bdf1925a7d5c2ee683a37,ransomware,TRUE_ENCRYPTION,Akira,cape,full,1,10.0,Akira,733,0,,,,1098,733,268,1,0,15,0.3656207366984993,0.001364256480218281,2,210,4,14,192,155,0,0,7,1,0,4,0,1,2,2,,0,,,0,0,1,11,0,0,0,0,0,0,7,10,54,33,1.8,0,0,,,,,,,,
B846,45b708ab19d34af228aca784051cf526ebe4891dfa77bb6099b6dce50cb6c0f7,ransomware,TRUE_ENCRYPTION,RAWorld,cape,full,1,10.0,Babuk,147,36,0.41780975486011773,4.882796155335964,5.0,108,147,18,53,5,10,0.12244897959183673,0.36054421768707484,26,88,13,16,59,140,3,1,8,5,3,4,3,3,2,5,,0,,,0,0,1,11,3,0,0,0,0,0,4,4,65,13,-2.1,1,1,1,1,3.5,71,286.6,0,1,
B847,37c761fb83cea0a542da8a9c77726aa96483424bbfe6eb1b59640141f1945f55,ransomware,NO_VICTIM_ACTIVITY,,cape,full,1,9.0,,108,0,,,,359,108,12,2,5,10,0.1111111111111111,0.018518518518518517,3,54,1,21,32,132,0,0,3,0,0,0,0,1,0,0,,0,,,0,0,1,8,0,0,0,1,0,0,3,3,40,11,-118.3,1,1,0,0,,0,333.5,1,1,0.006
B848,f0c1268ae4f6b942bd9af389c0c0f2e78e6dd163c3a1f41b83ce6e1005f3a404,ransomware,TRUE_ENCRYPTION,Akira,cape,full,1,10.0,Akira,725,0,,,,1389,725,267,1,0,19,0.3682758620689655,0.001379310344827586,2,230,3,25,202,155,0,0,7,1,0,4,0,1,2,2,,0,,,0,0,1,12,0,0,0,0,0,0,7,11,88,43,2.0,0,0,,,,,,,,
B849,4736c32628eb7399cb90476b2549913e670f350b2fa75636a03e49201526a804,ransomware,TRUE_ENCRYPTION,RAWorld,cape,full,1,10.0,Babuk,194,66,0.9096551087719494,4.89373907964138,5.028639311838574,114,194,14,161,0,37,0.07216494845360824,0.8298969072164949,39,114,19,10,85,140,3,1,8,5,3,4,3,3,2,5,,0,,,0,0,1,13,3,0,0,0,0,0,4,8,30,0,1.1,2,1,1,1,5.1,175,129.4,0,1,
B850,cdf13a3de6cf91a1c47ea6eca971ef781847a85df0691c54484bcf41f5f211cb,ransomware,NO_VICTIM_ACTIVITY,,cape,full,0,3.5,,0,2,,3.0,3.0,12,0,0,0,0,0,,,0,3,0,0,3,1,0,0,0,0,0,0,0,0,0,0,boost,0,,,0,1,0,0,0,0,0,0,0,0,0,0,0,0,,0,0,,,,,,,,
B851,86517343326a99a6c89ee5a1895b43b338214ef945de817c22a2cf37f127c4b4,ransomware,TRUE_ENCRYPTION,Akira,cape,full,1,10.0,Akira,660,0,,,,1060,660,280,1,0,21,0.42424242424242425,0.0015151515151515152,2,209,3,18,188,155,0,0,7,1,0,4,0,1,2,2,,0,,,0,0,1,8,0,0,0,0,0,0,5,11,90,40,9.4,0,0,,,,,,,,
B852,47d98fd41e36f04b676bc8315f45689d5a7cffe3d8563d79c1125b4fbc81cccf,ransomware,TRUE_ENCRYPTION,RAWorld,cape,full,1,10.0,Babuk,329,95,0.753577847536868,4.899311147962741,5.087462841250338,460,329,21,105,5,40,0.06382978723404255,0.3191489361702128,33,123,17,19,87,140,3,1,8,5,3,4,3,3,2,5,,0,,,0,0,1,17,3,0,0,0,0,0,7,12,48,25,1.2,1,1,1,1,5.0,126,536.8,0,1,
B853,e2cd9ed64fde196fd80804cf0fbbc235c82f4362b21cbcae9541f426b4c029d0,ransomware,FAILED,,cape,static_only,1,2.0,,,,,,,,,,,,,,,,,,,,194,0,0,3,2,0,0,0,1,3,1,,0,,,,,,,,,,,,,,,,,,,,,,,,,,,
B854,4f0b6ccf09a4c8e05aaf945bd23f2ef1d02f936682cfe6d42e3f1c4c5d8c60e2,ransomware,TRUE_ENCRYPTION,Akira,cape,full,1,10.0,Akira,725,403,-0.01354315026703592,6.266500707570425,6.476157391559539,1169,725,250,1,0,7,0.3448275862068966,0.001379310344827586,3,211,3,19,189,155,0,0,7,1,0,4,0,1,2,2,,0,,,0,1,0,7,1,0,0,0,0,0,6,9,37,13,-10.9,0,0,,,,,,,,
B855,4813872718b5ac1cb99b9b944fc04ee59f20d8bc3f11ef8740dce016dffdefa4,ransomware,TRUE_ENCRYPTION,RAWorld,cape,full,1,10.0,Babuk,202,82,0.9693513667796603,4.893755291007357,5.087462841250338,152,202,10,97,0,19,0.04950495049504951,0.4801980198019802,27,87,18,5,64,140,3,1,8,5,3,4,3,3,2,5,,0,,,0,0,1,10,3,0,0,0,0,0,5,9,24,2,1.7,1,1,1,1,6.2,107,48.9,0,1,
B856,92348f164c1e42ec1f531d66bea76d65aed9f6bd4187000c0baf92edd3050fb5,ransomware,TRUE_ENCRYPTION,,cape,full,0,7.0,,84,94,1.0,6.870036737262164,7.300552148336088,55,84,1,0,0,0,0.011904761904761904,0.0,1,1,1,0,0,14,1,0,0,0,1,0,0,0,0,2,,266,0,0,0,0,1,0,0,0,0,0,0,0,0,0,3,0,,0,0,,,,,,,,
B857,ae455890e2123a9d011e47065828b0a03c08fd66570fab9d0340d2f5d5eb40c3,ransomware,TRUE_ENCRYPTION,Akira,cape,full,1,10.0,Akira,506,470,-0.015731674959031217,6.283008043066679,6.476157391559539,1193,506,255,1,0,22,0.5039525691699605,0.001976284584980237,4,218,4,16,198,155,0,0,7,1,0,4,0,1,2,2,,0,,,0,1,0,11,1,0,0,0,0,0,7,12,45,33,-11.5,0,0,,,,,,,,
B858,485580b18e988e1b13fc11582b424a65132f003333b22367b47d2135cc0c3799,ransomware,TRUE_ENCRYPTION,RAWorld,cape,full,1,10.0,Babuk,347,88,0.8384651790820822,4.880334085296006,5.028639311838573,185,347,23,173,5,13,0.06628242074927954,0.49855907780979825,39,121,18,19,84,140,3,1,8,5,3,4,3,3,2,5,,0,,,0,0,1,10,3,0,0,0,0,0,5,5,59,11,0.9,2,1,1,1,4.5,196,307.0,1,1,0.452
B859,87d202ef7210114ffe490e51583413adfd6fafbdf38af8632f51054c9bac1811,ransomware,TRUE_ENCRYPTION,,cape,full,0,9.0,,151,40,-0.33709043095289837,,,0,151,71,1,1,0,0.47019867549668876,0.006622516556291391,20,7,0,0,7,17,2,2,0,0,0,0,0,0,0,1,,0,,,0,0,1,0,0,0,0,0,0,0,0,0,15,0,,0,0,,,,,,,,
B860,0fe572e7aad25a38ba9ee9b4600ddc02641e29061de250c525d6828f70326005,ransomware,TRUE_ENCRYPTION,Akira,cape,full,1,10.0,Akira,751,0,,,,1186,751,43,2,5,4,0.05725699067909454,0.002663115845539281,4,64,6,19,39,155,0,0,7,1,0,4,0,1,2,2,,0,,,0,0,1,5,0,0,0,0,0,0,4,4,27,8,9.5,0,0,,,,,,,,
B861,4860fb00cb47a226e10ead2cee546b7f64e5e79fec5f77e1256d16251a8e3e8a,ransomware,TRUE_ENCRYPTION,RAWorld,cape,full,1,10.0,Babuk,331,100,0.8757807058339826,4.880205788206243,5.028639311838574,186,331,24,167,5,11,0.07250755287009064,0.5045317220543807,37,96,20,15,61,140,3,1,8,5,3,4,3,3,2,5,,0,,,0,0,1,10,3,0,0,0,0,0,5,6,63,10,-0.1,2,1,1,1,3.7,191,298.3,1,1,0.389
B862,f2f15ed5568b4ea4c9ccf7f772347651c2aa13b266ddbbf3893795794214bb2f,ransomware,TRUE_ENCRYPTION,,cape,full,1,9.0,,315,65,-0.40381758439624926,,,325,315,105,0,0,0,0.3333333333333333,0.0,16,44,41,3,0,88,0,0,0,0,0,0,0,0,1,0,,2390,0,0,0,1,0,0,0,0,0,0,0,0,0,0,0,0,,0,0,,,,,,,,
B863,fd84c9c09358e721173725d0a1eeae08cd0c6d74b2f44646552adc4b19883e90,ransomware,FAILED,Akira,cape,static_only,1,10.0,Akira,,,,,,,,,,,,,,,,,,,155,0,0,7,1,0,4,0,1,2,2,,0,,,,,,,,,,,,,,,,,,,,,,,,,,,
B864,4866d6994c2f8b4dadfaabc2e2b81bd86c12f68fdf0da13d41d7b0e30bea0801,ransomware,FAILED,RAWorld,cape,static_only,1,10.0,Babuk,,,,,,,,,,,,,,,,,,,143,3,1,8,5,3,4,3,3,2,5,,0,,,,,,,,,,,,,,,,,,,,,,,,,,,
B865,465e7dceb83ee471d679b09a3c07ba2981a160f0cd36a66376f86ac9ffdddb75,ransomware,FAILED,,cape,static_only,1,1.3,,,,,,,,,,,,,,,,,,,,91,0,0,0,0,0,0,0,0,1,0,,0,,,,,,,,,,,,,,,,,,,,,,,,,,,
B866,5cddd87ae2b853a6e6eb0ad62cb14c9005c488a12eabb663a58bf7a413c7e6dc,ransomware,FAILED,Akira,cape,static_only,0,0.3,,,,,,,,,,,,,,,,,,,,0,0,0,0,0,0,0,0,0,0,0,,0,,,,,,,,,,,,,,,,,,,,,,,,,,,
B867,493017c3920bf30ccbb97016a535ffe9d85d55f10ac8f5c8d5c0e18bd1b763dc,ransomware,FAILED,RAWorld,cape,static_only,1,10.0,Babuk,,,,,,,,,,,,,,,,,,,140,3,1,8,5,3,4,3,3,2,5,,0,,,,,,,,,,,,,,,,,,,,,,,,,,,
B868,45562f2d03c5cd053226187cc0fc1d4757833d1a09d225d9ec1667ad410eaf55,ransomware,FAILED,,cape,static_only,1,1.3,,,,,,,,,,,,,,,,,,,,87,0,0,0,0,0,0,0,0,1,0,,0,,,,,,,,,,,,,,,,,,,,,,,,,,,
B869,b6e7b72176815257a1684e9ecdb22766d3a07747edaae45d655320ba0ee7940d,ransomware,NO_VICTIM_ACTIVITY,Akira,cape,full,1,10.0,Akira,0,0,,,,0,0,0,0,0,0,,,0,0,0,0,0,155,0,0,7,1,0,4,0,1,2,2,,0,,,0,0,1,1,0,0,0,0,0,0,0,0,0,0,,0,0,,,,,,,,
B870,493fa2f304a534a97a47d9584704030ae1f712585c37bdd7aa17ca3a17606f6f,ransomware,FAILED,RAWorld,cape,static_only,1,10.0,Babuk,,,,,,,,,,,,,,,,,,,140,3,1,8,5,3,4,3,3,2,5,,0,,,,,,,,,,,,,,,,,,,,,,,,,,,
B871,48e0c9294a1be0584b432364cfc4e1cc74eea4813e3458690861a3ad6a4a833f,ransomware,TRUE_ENCRYPTION,,cape,full,1,7.0,,3102,65,-0.11297443989412378,,,2927,3102,1990,0,0,0,0.6415215989684074,0.0,65,594,482,5,107,91,0,0,0,0,0,0,0,0,1,0,,2390,0,0,0,1,0,0,0,0,0,0,0,0,0,0,0,0,,0,0,,,,,,,,
B872,b8ed237d1cfef4f1cefaeb06219be94b8fbb8cf404369b4f3734deeccb3e1079,ransomware,NO_VICTIM_ACTIVITY,Akira,cape,full,1,10.0,Akira,0,0,,,,0,0,0,0,0,2,,,0,2,0,0,2,155,0,0,7,1,0,4,0,1,2,2,,0,,,0,0,1,2,0,0,0,0,0,0,2,2,0,0,,0,0,,,,,,,,
B873,498dfa128704bc0f36818cbe462cff085d5a4614051e7907da570a87bac4fba2,ransomware,TRUE_ENCRYPTION,RAWorld,cape,full,1,10.0,Babuk,262,102,0.9398337759131953,4.897684581382438,5.028639311838573,137,262,14,188,0,36,0.05343511450381679,0.7175572519083969,39,108,18,9,81,140,3,1,8,5,3,4,3,3,2,5,,0,,,0,0,1,12,3,0,0,0,0,0,4,8,35,2,0.8,2,1,1,1,5.2,202,134.1,0,1,
B874,2e741ba375523e582c98eb3a42c602f0d38035d358b5787a218fe25a96ad6e12,ransomware,TRUE_ENCRYPTION,,cape,full,1,7.0,,3043,65,-0.14704904293415771,,,2928,3043,1946,0,0,0,0.639500492934604,0.0,66,594,499,6,89,91,0,0,0,0,0,0,0,0,1,0,,2390,0,0,0,1,0,0,0,0,0,0,0,0,0,0,0,0,,0,0,,,,,,,,
B875,118a61b23ecb66658d42836ac9b8c78ffd2e5b994e2dcc53a4c7ca4291a4cfad,ransomware,FAILED,Akira,cape,static_only,1,10.0,Akira,,,,,,,,,,,,,,,,,,,155,0,0,7,1,0,4,0,1,2,2,,0,,,,,,,,,,,,,,,,,,,,,,,,,,,
B876,499f70bf65bc78f8bb44d66b80e7f24dcc0679f6f4f3eebd3a97a05d24d401af,ransomware,FAILED,RAWorld,cape,static_only,1,10.0,Babuk,,,,,,,,,,,,,,,,,,,140,3,1,8,5,3,4,3,3,2,5,,0,,,,,,,,,,,,,,,,,,,,,,,,,,,
B877,dfab719b8ac43ff2f8a10aea5e04fd4eb273f6cdcea11c610aa68d1c3f6f989d,ransomware,FAILED,,cape,static_only,1,1.3,,,,,,,,,,,,,,,,,,,,87,0,0,0,0,0,0,0,0,1,0,,0,,,,,,,,,,,,,,,,,,,,,,,,,,,
B878,e7a44ea5adc366e7600623e7ff433d57cf3ba0bfac8171899497fec6c8a28acc,ransomware,FAILED,Akira,cape,static_only,1,10.0,Akira,,,,,,,,,,,,,,,,,,,155,0,0,7,1,0,4,0,1,2,2,,0,,,,,,,,,,,,,,,,,,,,,,,,,,,
B879,4b06b45905fb678c9b783c49b9c1a90d714d762fb930547de8f7d13276eb31a5,ransomware,FAILED,RAWorld,cape,static_only,1,10.0,Babuk,,,,,,,,,,,,,,,,,,,140,3,1,8,5,3,4,3,3,2,5,,0,,,,,,,,,,,,,,,,,,,,,,,,,,,
B880,bc1f3016befc5953b692da01183fcddb9af7ff3b4ffc15f649bf4775b5bad2cd,ransomware,NO_VICTIM_ACTIVITY,,cape,full,0,7.0,,18,2948,0.10475907896386338,4.109019070950004,5.90625,30,18,0,0,19,0,0.0,0.0,0,8,0,4,4,1,0,0,0,0,0,0,0,0,0,0,,0,,,0,1,0,0,0,0,0,0,0,0,0,0,0,0,,0,0,,,,,,,,
B881,bd3a93a17a89ea67e9bd08df7aa5feeeca18dd7c1e01687d293d649539416e18,ransomware,TRUE_ENCRYPTION,Akira,cape,full,1,10.0,Akira,637,0,,,,1128,637,271,1,0,18,0.42543171114599687,0.0015698587127158557,2,206,4,16,186,155,0,0,7,1,0,4,0,1,2,2,,0,,,0,0,1,9,0,0,0,0,0,0,6,11,85,25,8.7,0,0,,,,,,,,
B882,4b601c956b9c31ecebd214127ffd87a8d2b0ad0ed7ec58e3e2e489760865e389,ransomware,FAILED,RAWorld,cape,static_only,1,10.0,Babuk,,,,,,,,,,,,,,,,,,,140,3,1,8,5,3,4,3,3,2,5,,0,,,,,,,,,,,,,,,,,,,,,,,,,,,
B883,74e0183d3131d1aeef4c8c7b6a144301b2c98796bfa9857e55ece8989cfedbc4,ransomware,FAILED,,cape,static_only,1,0.3,,,,,,,,,,,,,,,,,,,,137,2,2,7,0,0,0,5,1,2,2,boost;cryptopp,0,,,,,,,,,,,,,,,,,,,,,,,,,,,
B884,4f16317dba9b983bf494892dcd227c0795f3809303e3b2787bf0a2193a318e0c,ransomware,TRUE_ENCRYPTION,Akira,cape,full,1,10.0,Akira,768,467,0.19472166642841673,6.277458882271798,6.476157391559539,1350,768,252,0,0,6,0.328125,0.0,3,227,5,28,194,155,0,0,7,1,0,4,0,1,2,2,,0,,,0,1,0,5,1,0,0,0,0,0,6,7,39,13,25.5,0,0,,,,,,,,
B885,ed1ed10a2798ff272fa00ceb54c6d33be83a1d1d3f3db930fb828466824544d9,ransomware,TRUE_ENCRYPTION,RAWorld,cape,full,1,10.0,Babuk,217,87,0.9271955529134502,4.8869975299851545,5.0,145,217,14,165,0,11,0.06451612903225806,0.7603686635944701,36,107,20,11,76,140,3,1,8,5,3,4,3,3,2,5,,0,,,0,0,1,7,3,0,0,0,0,0,3,3,28,2,2.5,2,1,1,1,8.1,179,152.6,0,1,
B931,a0cf7860499118926c61f08dc2e6b8701b90f16cf3887aebf79111e6ac2763c6,ransomware,TRUE_ENCRYPTION,Akira,cape,full,1,10.0,Akira,828,456,0.09784125147056047,6.278069518570457,6.476157391559539,1226,828,220,1,0,8,0.26570048309178745,0.0012077294685990338,4,251,3,45,203,155,0,0,7,1,0,4,0,1,2,2,,0,,,0,1,0,7,1,0,0,0,0,0,5,6,32,8,-52.8,0,0,,,,,,,,
B932,29214055a5789fc1002f1a38bdf0e5d4826724534da5d30f4e38f83e186b3edf,ransomware,TRUE_ENCRYPTION,RAWorld,cape,full,1,10.0,Babuk,277,108,0.903406098344978,4.878198331748012,5.028639311838573,161,277,14,182,0,10,0.05054151624548736,0.6570397111913358,44,108,21,13,74,140,3,1,8,5,3,4,3,3,2,5,,0,,,0,0,1,7,3,0,0,0,0,0,4,4,29,2,1.8,2,1,1,1,5.6,196,144.8,0,1,
B933,affa4e7daf9d64e4e3660b489bd684249c6f678f4f04a1a5f74bf4d9144cdde1,ransomware,TRUE_ENCRYPTION,,cape,full,1,9.0,Scarab-Dharma,364,0,,,,606,364,94,311,259,32,0.25824175824175827,0.8543956043956044,61,146,7,21,118,137,2,2,7,0,0,0,5,1,2,2,boost;cryptopp,0,,,1,0,0,14,2,0,0,0,0,0,7,11,45,11,-20.3,2,1,1,1,1.5,405,298.6,1,1,0.265
B934,db39502dde5980ff3f36c39fe540b49053d1baf46a393bc0f05fc9b0ccf47951,ransomware,TRUE_ENCRYPTION,Akira,cape,full,1,10.0,Akira,683,0,,,,1193,683,273,1,0,21,0.39970717423133234,0.0014641288433382138,2,217,3,25,189,154,0,0,7,1,0,4,0,1,2,2,,0,,,0,0,1,9,0,0,0,0,0,0,6,12,91,40,9.1,0,0,,,,,,,,
B935,29c654b4d28851d4a1b346a6630cce46635e2036a2f4e272ff977dd57afe6c6a,ransomware,TRUE_ENCRYPTION,RAWorld,cape,full,1,10.0,Babuk,240,95,0.9012601577367474,4.8651470345474905,5.0,158,240,15,170,0,10,0.0625,0.7083333333333334,42,114,20,10,84,140,3,1,8,5,3,4,3,3,2,5,,0,,,0,0,1,7,3,0,0,0,0,0,4,4,35,2,1.7,2,1,1,1,5.4,185,146.4,0,1,
B936,c6ddc9c2852eddf30f945a50183e28d38f6b9b1bbad01aac52e9d9539482a433,ransomware,NO_VICTIM_ACTIVITY,,cape,full,1,0.5,,20,62,-0.3536495440845845,,,12,20,0,0,0,0,0.0,0.0,0,3,0,3,0,146,2,2,6,0,0,0,0,0,2,1,,0,,,0,0,1,0,0,0,0,0,0,0,0,0,0,0,,0,0,,,,,,,,
B937,db9060c4be0fb23d59a7059512c08dd11182e0c47c0d429b2d91af763ca4d28a,ransomware,TRUE_ENCRYPTION,Akira,cape,full,1,10.0,Akira,754,0,,,,1093,754,273,1,0,21,0.3620689655172414,0.001326259946949602,2,208,4,16,188,154,0,0,7,1,0,4,0,1,2,2,,0,,,0,0,1,9,0,0,0,0,0,0,6,14,94,35,6.1,0,0,,,,,,,,
B938,2ab717ca03abac1925dffe96e0daecc8d625192804ed46111688ebc2c1d58ae5,ransomware,TRUE_ENCRYPTION,RAWorld,cape,full,1,10.0,Babuk,252,104,0.9454209520529812,4.887331766651966,5.087462841250338,154,252,14,172,0,10,0.05555555555555555,0.6825396825396826,39,114,21,12,81,140,3,1,8,5,3,4,3,3,2,5,,0,,,0,0,1,7,3,0,0,0,0,0,4,4,25,2,6.4,2,1,1,1,5.6,186,150.5,0,1,
B939,2ad4889846cfdec40cf0b089a61b8d618d0eb7ccd83a68117dc391fff359214a,ransomware,TRUE_ENCRYPTION,RAWorld,cape,full,1,10.0,Babuk,279,99,0.92713775649715,4.8686261657840815,5.087462841250338,165,279,29,194,0,11,0.1039426523297491,0.6953405017921147,39,122,17,15,90,140,3,1,8,5,3,4,3,3,2,5,,0,,,0,0,1,7,3,0,0,0,0,0,3,3,28,1,3.1,2,1,1,1,8.3,223,155.7,0,1,
B940,2cf8975496781dd06f3a0ef3d41f994d06dc4bafb3f417e51cc18896faaf8e04,ransomware,TRUE_ENCRYPTION,RAWorld,cape,full,1,10.0,Babuk,207,82,0.8573284411739343,4.865172266883681,5.028639311838573,111,207,30,177,0,37,0.14492753623188406,0.855072463768116,44,120,17,14,89,140,3,1,8,5,3,4,3,3,2,5,,0,,,0,0,1,12,3,0,0,0,0,0,5,9,25,2,11.4,2,1,1,1,8.4,207,147.9,0,1,
B941,2fdef1db7d43cfc1134c31e121202b44f67fe2323067c0fcf85895b03d764c70,ransomware,TRUE_ENCRYPTION,RAWorld,cape,full,1,10.0,Babuk,219,79,0.9102831411007564,4.889002439635027,5.087462841250338,138,219,15,157,0,10,0.0684931506849315,0.7168949771689498,39,111,19,11,81,140,3,1,8,5,3,4,3,3,2,5,,0,,,0,0,1,7,3,0,0,0,0,0,4,4,35,1,7.6,2,1,1,1,7.1,172,156.9,0,1,
B942,303390bc191c1d649f31cb81d70289cb7cfd2097ac6eec11d83f73382ca8e633,ransomware,TRUE_ENCRYPTION,RAWorld,cape,full,1,10.0,Babuk,300,85,0.7943956428802237,4.888398811840963,5.028639311838573,156,300,47,189,0,32,0.15666666666666668,0.63,39,147,24,11,112,140,3,1,8,5,3,4,3,3,2,5,,0,,,0,0,1,16,3,0,0,0,0,0,5,8,36,2,3.7,2,1,1,1,7.8,236,168.0,0,1,
B943,306a043bae611b8e7d31fa2bd72e7b2b27771e48bba4f034687ba73ae64fdcce,ransomware,TRUE_ENCRYPTION,RAWorld,cape,full,1,10.0,Babuk,254,98,0.9463911756961567,4.875662474924434,5.028639311838573,150,254,14,176,0,10,0.05511811023622047,0.6929133858267716,40,123,20,17,86,140,3,1,8,5,3,4,3,3,2,5,,0,,,0,0,1,7,3,0,0,0,0,0,4,4,27,2,8.2,2,1,1,1,6.8,190,168.4,0,1,
B944,307ce928a9a9c4edbfdb69266b7ec8d9297579124456204748f11120f46af641,ransomware,TRUE_ENCRYPTION,RAWorld,cape,full,1,10.0,Babuk,237,87,0.9134000491628502,4.891997817050109,5.087462841250338,136,237,14,169,0,9,0.05907172995780591,0.7130801687763713,40,102,18,12,72,140,3,1,8,5,3,4,3,3,2,5,,0,,,0,0,1,6,3,0,0,0,0,0,3,3,25,1,2.2,2,1,1,1,7.2,183,156.7,0,1,
B945,30dc5634a6f8e4fb7f61852ce992e06f8e84024826118ed0b95d17d101e708f9,ransomware,TRUE_ENCRYPTION,RAWorld,cape,full,1,10.0,Babuk,206,79,0.8810865259857786,4.875482173056116,5.087462841250338,130,206,10,165,0,10,0.04854368932038835,0.8009708737864077,39,114,19,12,83,140,3,1,8,5,3,4,3,3,2,5,,0,,,0,0,1,7,3,0,0,0,0,0,4,4,34,2,8.4,2,1,1,1,8.1,175,137.3,0,1,
B946,31105fb81a54642024ef98921a524bf70dec655905ed9a2f5e24ad503188d8ae,ransomware,TRUE_ENCRYPTION,RAWorld,cape,full,1,10.0,Babuk,224,88,0.9644575080675429,4.871835957264282,5.087462841250338,148,224,14,166,0,33,0.0625,0.7410714285714286,36,143,19,12,112,140,3,1,8,5,3,4,3,3,2,5,,0,,,0,0,1,13,3,0,0,0,0,0,5,8,41,2,2.2,2,1,1,1,6.4,180,168.9,0,1,
B947,3121f4f26075f6ebcd725d57ab1c0c6f4433acf1b8942b92cd4d533ce672f7f8,ransomware,TRUE_ENCRYPTION,RAWorld,cape,full,1,10.0,Babuk,244,88,0.8831170528472139,4.88347229006857,5.087462841250338,136,244,30,199,0,11,0.12295081967213115,0.8155737704918032,39,111,17,12,82,140,3,1,8,5,3,4,3,3,2,5,,0,,,0,0,1,7,3,0,0,0,0,0,4,4,34,2,7.0,2,1,1,1,6.0,229,141.3,0,1,
B948,31ac190b45cc32c04c2415761c7f152153e16750516df0ce0761ca28300dd6a4,ransomware,TRUE_ENCRYPTION,RAWorld,cape,full,1,10.0,Babuk,341,117,0.9258325473415786,4.887806608243147,5.028639311838573,205,341,15,202,0,11,0.04398826979472141,0.592375366568915,39,119,28,14,77,140,3,1,8,5,3,4,3,3,2,5,,0,,,0,0,1,7,3,0,0,0,0,0,4,4,22,1,8.7,2,1,1,1,7.3,217,158.9,0,1,
B949,31f25b07fbacb858b8b855099e17eb883ed4597b84a54c2ca2af5f8fb44d2456,ransomware,TRUE_ENCRYPTION,RAWorld,cape,full,1,10.0,Babuk,286,107,0.9466428804831638,4.888887442362604,5.028639311838573,171,286,14,195,0,10,0.04895104895104895,0.6818181818181818,41,118,24,15,79,140,3,1,8,5,3,4,3,3,2,5,,0,,,0,0,1,7,3,0,0,0,0,0,3,3,26,2,3.0,2,1,1,1,7.3,209,159.9,0,1,
B950,322211452488d367edb6796363c70ac752ad67048092cf4d00a67afd2cbf090b,ransomware,TRUE_ENCRYPTION,RAWorld,cape,full,1,10.0,Babuk,272,90,0.876265272305059,4.881847710510564,5.087462841250338,153,272,11,166,0,37,0.04044117647058824,0.6102941176470589,38,124,24,6,94,140,3,1,8,5,3,4,3,3,2,5,,0,,,0,0,1,13,3,0,0,0,0,0,5,9,26,0,1.4,2,1,1,1,5.5,177,154.2,0,1,
B951,324e7e661739ec747c0a65a3da752fe572c205b8d44a498cb2e5b553e3a02a21,ransomware,TRUE_ENCRYPTION,RAWorld,cape,full,1,10.0,Babuk,249,108,0.93799040119517,4.873357809365329,5.087462841250338,170,249,14,192,0,10,0.05622489959839357,0.7710843373493976,37,111,23,10,78,140,3,1,8,5,3,4,3,3,2,5,,0,,,0,0,1,7,3,0,0,0,0,0,4,4,28,2,10.3,2,1,1,1,9.6,206,148.8,0,1,
B952,327799f36f3ff17ccf9989655edf82793cfe0551994397d8f4ad925bea1f2745,ransomware,TRUE_ENCRYPTION,RAWorld,cape,full,1,10.0,Babuk,302,111,0.9385427866981058,4.887084838866763,5.028639311838574,176,302,32,204,0,12,0.10596026490066225,0.6754966887417219,43,115,19,12,84,140,3,1,8,5,3,4,3,3,2,5,,0,,,0,0,1,7,3,0,0,0,0,0,3,3,33,2,2.9,2,1,1,1,7.0,236,456.0,1,1,0.346
B953,32dce5b309829b8c37abe243e5bd8cbc9fae96ce7109fcd348b2193e64061401,ransomware,TRUE_ENCRYPTION,RAWorld,cape,full,1,10.0,Babuk,390,104,0.7563473257051387,4.892220783827,5.087462841250338,395,390,24,189,5,41,0.06153846153846154,0.4846153846153846,44,139,23,24,92,140,3,1,8,5,3,4,3,3,2,5,,0,,,0,0,1,17,3,0,0,0,0,0,7,11,58,13,0.3,2,1,1,1,4.2,213,551.0,1,1,0.281
B954,3456b35253e1d4f2fcc0886eabf6977f6a7126a1c9b3208ea58252183c6b1c75,ransomware,TRUE_ENCRYPTION,RAWorld,cape,full,1,10.0,Babuk,227,94,0.9377349975185383,4.892271081071331,5.028639311838573,148,227,14,184,0,9,0.06167400881057269,0.8105726872246696,43,113,22,9,82,140,3,1,8,5,3,4,3,3,2,5,,0,,,0,0,1,6,3,0,0,0,0,0,4,4,25,2,5.5,2,1,1,1,9.8,198,141.9,0,1,
B955,42ed1c56b967d721a4b6b98cd525b33f76c35d727ae9910466f650682af66302,ransomware,TRUE_ENCRYPTION,RAWorld,cape,full,1,10.0,Babuk,258,99,0.9645408531138069,4.8934562379366096,5.087462841250338,162,258,14,183,0,10,0.05426356589147287,0.7093023255813954,41,109,16,12,81,140,3,1,8,5,3,4,3,3,2,5,,0,,,0,0,1,7,3,0,0,0,0,0,4,4,35,2,10.3,2,1,1,1,9.8,197,136.6,0,1,
B956,0a2380a0a44236061c0fdf4ea3b2f75f1e0b63b61adb0cfc01bbf5e2a10a8497,ransomware,TRUE_ENCRYPTION,RAWorld,cape,full,1,10.0,Babuk,240,89,0.9307745217653118,4.897433692047089,5.028639311838574,128,240,14,163,0,34,0.058333333333333334,0.6791666666666667,42,113,21,11,81,140,3,1,8,5,3,4,3,3,2,5,,0,,,0,0,1,14,3,0,0,0,0,0,4,10,26,2,0.6,2,1,1,1,5.9,177,148.0,0,1,
B957,0b567dc11729b018a0849d17e27bd8f696ddbc71f50313ab552247cbf978578e,ransomware,TRUE_ENCRYPTION,RAWorld,cape,full,1,10.0,Babuk,229,85,0.9398773913571723,4.87691267825647,5.087462841250338,154,229,14,168,0,10,0.0611353711790393,0.7336244541484717,37,112,14,14,84,140,3,1,8,5,3,4,3,3,2,5,,0,,,0,0,1,7,3,0,0,0,0,0,4,4,35,2,6.5,2,1,1,1,5.9,182,147.5,0,1,
B958,0c5403c0c2989f2ceb77c0d87d34830a2c2235e40942ce82695747a66f48c8bf,ransomware,TRUE_ENCRYPTION,RAWorld,cape,full,1,10.0,Babuk,247,97,0.9702233518491875,4.8752834411316295,5.0,163,247,9,170,0,9,0.03643724696356275,0.6882591093117408,43,100,19,9,72,140,3,1,8,5,3,4,3,3,2,5,,0,,,0,0,1,6,3,0,0,0,0,0,3,3,25,1,4.9,2,1,1,1,9.8,179,136.2,0,1,
B959,0c8cb5bf2ab6de2faf9498478513b345eb241c64d33b1892df88af5925329024,ransomware,TRUE_ENCRYPTION,RAWorld,cape,full,1,10.0,Babuk,230,93,0.975936738819041,4.874220980116135,5.087462841250338,123,230,14,180,0,35,0.06086956521739131,0.782608695652174,39,113,21,5,87,140,3,1,8,5,3,4,3,3,2,5,,0,,,0,0,1,12,3,0,0,0,0,0,5,9,34,2,10.8,2,1,1,1,9.5,194,131.4,0,1,
B960,0e386e1fa6f7a1ef81465dbce1a775b0229ce4ed7497d72483d529088cf5f63d,ransomware,TRUE_ENCRYPTION,RAWorld,cape,full,1,10.0,Babuk,334,100,0.7739192955444023,4.881626441616116,5.087462841250338,152,334,24,185,5,40,0.0718562874251497,0.5538922155688623,40,128,23,16,89,140,3,1,8,5,3,4,3,3,2,5,,0,,,0,0,1,16,3,0,0,0,0,0,5,7,43,10,2.2,2,1,1,1,9.6,209,503.3,1,1,0.333
B961,0f423c7722c550d26cdb474b537144f4c6ed0bbb75eee0fa33cc667113b6aa40,ransomware,TRUE_ENCRYPTION,RAWorld,cape,full,1,10.0,Babuk,230,81,0.926854804574005,4.886097166790008,5.087462841250338,149,230,14,159,0,10,0.06086956521739131,0.691304347826087,42,112,18,10,84,140,3,1,8,5,3,4,3,3,2,5,,0,,,0,0,1,7,3,0,0,0,0,0,4,4,29,2,6.9,2,1,1,1,6.4,173,158.8,0,1,
B962,104ad2f9d097758c0fca22678b54534cccde1815ebd6be6226e0bad895148e90,ransomware,TRUE_ENCRYPTION,RAWorld,cape,full,1,10.0,Babuk,269,96,0.9240837938217059,4.87826344626924,5.087462841250338,152,269,14,180,0,10,0.05204460966542751,0.6691449814126395,44,100,21,3,76,140,3,1,8,5,3,4,3,3,2,5,,0,,,0,0,1,7,3,0,0,0,0,0,4,4,31,0,9.2,2,1,1,1,7.6,194,133.2,0,1,
B963,1066395126da32da052f39c9293069f9bcc1c8d28781eb9d44b35f05ce1fd614,ransomware,TRUE_ENCRYPTION,RAWorld,cape,full,1,10.0,Babuk,223,94,0.923468497091268,4.873705232337238,5.087462841250338,134,223,14,171,0,37,0.06278026905829596,0.7668161434977578,39,128,19,14,95,140,3,1,8,5,3,4,3,3,2,5,,0,,,0,0,1,13,3,0,0,0,0,0,4,8,22,1,3.9,2,1,1,1,10.1,185,151.0,0,1,
B964,108a3966b001776c0cadac27dd9172e506069cb35d4233c140f2a3c467e043d0,ransomware,TRUE_ENCRYPTION,RAWorld,cape,full,1,10.0,Babuk,275,89,0.8945380019797793,4.862502991021608,5.0,168,275,15,175,0,10,0.05454545454545454,0.6363636363636364,42,113,24,10,79,140,3,1,8,5,3,4,3,3,2,5,,0,,,0,0,1,7,3,0,0,0,0,0,4,4,37,2,11.3,2,1,1,1,11.1,190,144.8,0,1,
B965,10bb96e0680971c11b16dab51f905804f09f3605eb8d157b791abb5ad21af204,ransomware,TRUE_ENCRYPTION,RAWorld,cape,full,1,10.0,Babuk,236,84,0.8634934048162495,4.878283316433398,5.028639311838573,136,236,29,172,0,11,0.1228813559322034,0.7288135593220338,39,117,22,16,79,140,3,1,8,5,3,4,3,3,2,5,,0,,,0,0,1,7,3,0,0,0,0,0,4,4,25,0,1.3,2,1,1,1,6.4,201,156.3,0,1,
B966,11cd3d492a3cf079eef8cbe8068e385e79fa2ebaa5192c605289946c3c4819b3,ransomware,TRUE_ENCRYPTION,RAWorld,cape,full,1,10.0,Babuk,355,94,0.7143689389396651,4.888538604521241,5.028639311838574,480,355,23,175,5,43,0.0647887323943662,0.49295774647887325,43,171,23,27,121,140,3,1,8,5,3,4,3,3,2,5,,0,,,0,0,1,17,3,0,0,0,0,0,7,12,50,11,1.6,2,1,1,1,5.7,198,558.5,1,1,0.279
B967,12376973641a658f2228df99a51333b02ddcee1beb7ee019d48105e2bd76e6b9,ransomware,TRUE_ENCRYPTION,RAWorld,cape,full,1,10.0,Babuk,274,102,0.9308537202452165,4.888970644627344,5.028639311838574,151,274,15,178,0,10,0.05474452554744526,0.6496350364963503,40,119,18,20,81,140,3,1,8,5,3,4,3,3,2,5,,0,,,0,0,1,7,3,0,0,0,0,0,4,4,31,1,8.2,2,1,1,1,9.4,193,154.7,0,1,
B968,125f8fbda267074ebb1338a7a33852db9419e396381b398f0e7e5786bda3e5bb,ransomware,TRUE_ENCRYPTION,RAWorld,cape,full,1,10.0,Babuk,247,106,0.9676403094878963,4.9073637066584235,5.087462841250338,163,247,14,174,0,10,0.05668016194331984,0.7044534412955465,36,113,20,9,84,140,3,1,8,5,3,4,3,3,2,5,,0,,,0,0,1,7,3,0,0,0,0,0,4,4,33,1,4.2,2,1,1,1,8.7,188,162.5,0,1,
B969,13b202f8035b5abd8b0c18e0885a60db12661b8e68d9f72d260c5d223d8d6817,ransomware,TRUE_ENCRYPTION,RAWorld,cape,full,1,10.0,Babuk,256,95,0.9423415269641682,4.8861264971720395,5.087462841250338,168,256,13,173,0,10,0.05078125,0.67578125,35,117,16,16,85,140,3,1,8,5,3,4,3,3,2,5,,0,,,0,0,1,7,3,0,0,0,0,0,3,3,33,2,4.0,2,1,1,1,9.5,186,142.9,0,1,
B970,13befc26cf004f4bd09268eae6270c47c030d682f1935dc8f438969266755680,ransomware,TRUE_ENCRYPTION,RAWorld,cape,full,1,10.0,Babuk,281,109,0.9242434311344034,4.895927819818021,5.087462841250338,147,281,14,179,0,36,0.0498220640569395,0.6370106761565836,41,113,22,9,82,140,3,1,8,5,3,4,3,3,2,5,,0,,,0,0,1,13,3,0,0,0,0,0,4,8,30,1,4.0,2,1,1,1,8.3,193,145.3,0,1,
B971,14d9c3f25a412878e57418f2d68db490c046cf78f019aba0e170aec5652e9901,ransomware,TRUE_ENCRYPTION,RAWorld,cape,full,1,10.0,Babuk,256,92,0.9358496819074489,4.8832396168728955,5.0,135,256,15,164,0,35,0.05859375,0.640625,41,114,15,11,88,140,3,1,8,5,3,4,3,3,2,5,,0,,,0,0,1,13,3,0,0,0,0,0,4,7,34,2,2.4,2,1,1,1,7.1,179,133.8,0,1,
B972,1773b284d3dd1e06be6dd92012d05720471395affc653874aa34636bf58d328c,ransomware,TRUE_ENCRYPTION,RAWorld,cape,full,1,10.0,Babuk,271,100,0.8197072710643171,4.897956976572274,5.087462841250338,166,271,14,179,0,11,0.05166051660516605,0.6605166051660517,42,113,25,11,77,140,3,1,8,5,3,4,3,3,2,5,,0,,,0,0,1,8,3,0,0,0,0,0,4,4,29,2,6.1,2,1,1,1,5.1,193,156.9,0,1,
B973,18061dca0d4da1cd8297607c132010c56c0d82520a0f922ba24dd65bc55a29ac,ransomware,TRUE_ENCRYPTION,RAWorld,cape,full,1,10.0,Babuk,237,78,0.9193522154690762,4.8746259005585415,5.028639311838574,145,237,14,152,0,10,0.05907172995780591,0.6413502109704642,38,107,18,11,78,140,3,1,8,5,3,4,3,3,2,5,,0,,,0,0,1,7,3,0,0,0,0,0,3,3,33,2,4.7,2,1,1,1,8.6,166,137.3,0,1,
B974,1978935cf8c484d17024464ea07896b665e99350c82511e1a377230dae992080,ransomware,TRUE_ENCRYPTION,RAWorld,cape,full,1,10.0,Babuk,257,98,0.8990102213088013,4.890720126133962,5.028639311838573,150,257,13,175,0,10,0.05058365758754864,0.6809338521400778,41,119,20,15,84,140,3,1,8,5,3,4,3,3,2,5,,0,,,0,0,1,7,3,0,0,0,0,0,4,4,23,2,4.1,2,1,1,1,5.8,188,159.4,0,1,
B975,27fb5458adf29cf8593f93520047759045674362a98fd302e437d981fa46c4ca,ransomware,TRUE_ENCRYPTION,RAWorld,cape,full,1,10.0,Babuk,221,79,0.8972875297862767,4.884148382563581,5.0,129,221,30,177,0,11,0.13574660633484162,0.8009049773755657,36,115,18,12,85,140,3,1,8,5,3,4,3,3,2,5,,0,,,0,0,1,7,3,0,0,0,0,0,4,4,31,2,7.0,2,1,1,1,6.9,207,158.5,0,1,
B976,df93b51dfce7f3f780fe6544a2db728672b9df4e76f2e61be21c87d6d782cce0,ransomware,FAILED,Cerber,cape,static_only,1,1.3,,,,,,,,,,,,,,,,,,,,270,5,0,8,1,3,0,5,1,0,4,,0,,,,,,,,,,,,,,,,,,,,,,,,,,,
B977,2210baa7b596879b413965c17f9f33dbf698ac183b2b82329d397c73dee5fc3d,ransomware,TRUE_ENCRYPTION,Dharma,cape,full,0,10.0,Dharma,430,0,,,,640,430,2409,785,0,3,5.602325581395349,1.8255813953488371,71,335,53,9,273,9,0,0,0,0,0,0,0,0,0,0,,0,,,0,0,1,3,1,0,0,0,0,0,0,0,1,0,,1,1,0,0,,0,591.2,1,1,0.254
B978,6727edbb5d6abee908851a8c5fd7b4aca6d664634fdcdfc15e04502b960abbc5,ransomware,NO_VICTIM_ACTIVITY,Sodinokibi,cape,full,0,10.0,REvil,0,0,,,,6,0,1989,0,0,4,,,661,36,0,0,36,0,0,0,0,0,0,0,0,0,0,0,,0,,,,,,4,2,2,0,0,0,0,1,1,12,0,-258.9,0,0,,,,,,,,
B979,06b48b839fd1bb191a782960a68fd36e15aa7e77ecbc525d279bfeee81870bdd,ransomware,NO_VICTIM_ACTIVITY,Troldesh,cape,full,1,9.0,,7,8,0.30218098595553344,5.510416666666667,5.84375,7,7,1,2,0,5,0.14285714285714285,0.2857142857142857,2,10,0,3,7,512,3,1,5,3,0,0,0,1,2,2,openssl,204,1,0,0,0,1,6,0,0,0,0,0,0,2,2,19,3,-20.1,0,0,,,,,,,,
B980,b3e1e9d97d74c416c2a30dd11858789af5554cf2de62f577c13944a19623777d,ransomware,TRUE_ENCRYPTION,Cerber,cape,full,1,10.0,Cerber,353,505,0.9624249912708577,6.091790950841262,7.295458687592231,220,353,2,46,0,18,0.0056657223796034,0.13031161473087818,10,55,11,15,29,323,0,0,4,0,0,0,0,2,2,0,boost,18,0,0,0,1,0,18,0,0,0,3,0,0,1,1,39,1,-148.8,1,1,0,0,,0,242.5,1,1,0.477
B981,dddf7894b2e6aafa1903384759d68455c3a4a8348a7e2da3bd272555eba9bec0,ransomware,TRUE_ENCRYPTION,Dharma,cape,full,1,10.0,Dharma,458,0,,,,894,458,2904,382,0,1,6.3406113537117905,0.834061135371179,80,134,51,13,70,281,0,0,5,0,0,0,0,2,2,0,,9,0,0,0,0,1,2,0,0,0,0,0,0,0,0,1,0,,0,0,,,,,,,,
B982,464622890dea3c326440b7d1f6da9f63dd2dfd98678965aa220ed62773a2cc70,ransomware,FAILED,Sodinokibi,cape,static_only,0,10.0,REvil,,,,,,,,,,,,,,,,,,,5,0,0,0,0,0,0,0,0,0,0,,0,,,,,,,,,,,,,,,,,,,,,,,,,,,
B983,1f0399899fa16b89773167d87b10d2add2364e2ad9a1e32da537220ad0253c50,ransomware,NO_VICTIM_ACTIVITY,Troldesh,cape,full,1,9.0,,14,8,0.3219456981238809,5.433568294259565,5.78125,15,14,6,2,1,19,0.42857142857142855,0.14285714285714285,4,34,1,5,28,512,3,1,5,3,0,0,0,1,2,2,openssl,5192,4,2,0,0,1,17,0,0,0,0,0,0,3,8,8,0,-49.5,0,0,,,,,,,,
B984,70d6105900816937f3c74dce0c044f03ac72df99485cc9f76bf4e0a47bc3e0da,ransomware,FAILED,Cerber,cape,static_only,1,1.3,,,,,,,,,,,,,,,,,,,,270,5,0,8,1,3,0,5,1,0,4,,0,,,,,,,,,,,,,,,,,,,,,,,,,,,
B985,1a05cba6870798d2e73001bf872e4d579460c380c060fd051f33a703f504b8a3,ransomware,TRUE_ENCRYPTION,Dharma,cape,full,0,10.0,Dharma,346,0,,,,492,346,2385,692,0,3,6.893063583815029,2.0,81,305,39,14,252,9,0,0,0,0,0,0,0,0,0,0,,0,,,0,0,1,3,1,0,0,0,0,0,0,0,1,0,,1,1,0,0,,0,592.2,1,1,0.245
B986,81689f1be92c8fb7e94fe241441c7eb43cfb77c6d23592b0248566bd709ff2ed,ransomware,TRUE_ENCRYPTION,Sodinokibi,cape,full,0,10.0,REvil,284,0,,,,258,284,0,129,0,0,0.0,0.45422535211267606,23,12,11,1,0,5,0,0,0,0,0,0,0,0,0,0,,0,,,0,0,1,0,0,0,0,0,0,0,0,0,7,0,,0,0,,,,,,,,
B987,2aab13d49b60001de3aa47fb8f7251a973faa7f3c53a3840cdf5fd0b26e9a09f,ransomware,NO_VICTIM_ACTIVITY,Troldesh,cape,full,1,9.0,,10,8,0.36035617778751483,5.446166893098163,5.850295796515793,10,10,1,2,0,6,0.1,0.2,2,13,1,5,7,512,3,1,5,3,0,0,0,1,2,2,openssl,204,1,0,0,0,1,6,0,0,0,0,0,0,2,2,19,3,-94.3,0,0,,,,,,,,
B988,4a2ad49c934f9ae6ca6b5d0c7cc34f5e12d349640012fa8cf8eb7e2d3acd6c9f,ransomware,FAILED,Cerber,cape,full,1,1.6,,0,0,,,,2,0,0,0,0,0,,,0,1,0,0,1,270,5,0,8,1,3,0,5,1,0,4,,0,,,1,0,0,0,0,0,0,0,0,0,0,0,0,0,,0,0,,,,,,,,
B989,c221cb99f25328e6bf50d435b4ab3a2ff8b09f05f7cd90e5ce2006855b3aa619,ransomware,TRUE_ENCRYPTION,Dharma,cape,full,0,10.0,Dharma,452,0,,,,561,452,2517,970,0,4,5.56858407079646,2.146017699115044,99,334,52,10,272,9,0,0,0,0,0,0,0,0,0,0,,0,,,0,0,1,3,1,0,0,0,0,0,0,0,1,0,,1,1,0,0,,0,641.2,1,1,0.202
B990,6628de7ffbbe168a4fa9ff0a1a29b54e88a32e5963db0dd1aea4b80102c8ce01,ransomware,TRUE_ENCRYPTION,Sodinokibi,cape,full,0,10.0,REvil,255,443,-0.020311826995589276,6.276955284492595,6.476157391559539,218,255,11,75,5,7,0.043137254901960784,0.29411764705882354,20,65,9,20,36,2,0,0,0,0,0,0,0,0,0,0,,0,,,0,1,0,8,0,0,0,0,0,0,3,5,32,8,23.5,0,0,,,,,,,,
B991,a1d99da15a8902431ab728f50cc47294cdb18fa204d4343f42e49fc84d44bed6,ransomware,NO_VICTIM_ACTIVITY,Troldesh,cape,full,0,9.0,,0,649,,2.9444444444444446,3.0,150,0,0,0,0,20,,,0,59,0,0,59,1,0,0,0,0,0,0,0,0,0,0,,1,0,0,0,1,0,4,0,0,0,0,0,0,1,1,16,0,,0,0,,,,,,,,
B992,2aebddfd22ccb317b35b54e627d0eb05c59e761edbabe2a5029b19e8866e03c8,ransomware,FAILED,Cerber,cape,full,1,1.6,,0,0,,,,2,0,0,0,0,0,,,0,1,0,0,1,270,5,0,8,1,3,0,5,1,0,4,,0,,,1,0,0,0,0,0,0,0,0,0,0,0,0,0,,0,0,,,,,,,,
B993,5671112c276673ee5c4630994ac0034927cee2aa05a32ca6950edbc80c56e7e8,ransomware,NO_VICTIM_ACTIVITY,Dharma,cape,full,1,9.0,,25,7,0.12021518246783738,4.916666666666667,4.9375,46,25,8,0,18,45,0.32,0.0,4,97,0,20,77,156,3,1,8,1,0,0,3,0,2,3,boost;cryptopp,0,,,0,0,1,45,0,0,0,4,0,0,1,1,6,3,-466.3,11,2,1,1,8.0,8,623.1,10,1,0.056
B994,133bf8be0cf7003b83b03579970997d408a930e58ec2726715140520900c06de,ransomware,TRUE_ENCRYPTION,Sodinokibi,cape,full,0,10.0,REvil,271,455,-0.03437942504989617,6.340355985860974,6.476157391559539,240,271,11,79,5,6,0.04059040590405904,0.2915129151291513,25,45,10,9,26,2,0,0,0,0,0,0,0,0,0,0,,0,,,0,1,0,7,0,0,0,0,0,0,3,5,31,8,20.0,0,0,,,,,,,,
B995,5ca2121b8b5edb7d1de8afd934299cc83900dd2b4ba80d95b1693b11d06155fd,ransomware,NO_VICTIM_ACTIVITY,Troldesh,cape,full,1,9.0,,64,8,0.007341046079985037,5.485354791671665,5.790532187507499,31,64,9,3,5,5,0.140625,0.046875,3,18,4,7,7,133,0,0,3,0,0,0,0,1,1,0,,207,1,1,0,1,0,5,0,0,0,0,0,0,2,3,15,8,4.3,0,0,,,,,,,,
B996,d460a39b8a903a1d6a559515723fd55c7ed0a4c06fbce1635fc8e21662250f9e,ransomware,TRUE_ENCRYPTION,Cerber,cape,full,1,10.0,Cerber,326,515,0.9958853470849994,6.104443575996694,7.310279589725436,179,326,1,45,0,8,0.003067484662576687,0.13803680981595093,10,27,6,7,14,317,0,0,9,1,0,0,0,1,1,1,,10,0,0,0,1,0,8,0,0,0,0,0,0,0,0,22,0,,0,0,,,,,,,,
B997,40a68110241e86f1cdece1dc5a6dfb72e028b40e8d55447cc3a961341b932784,ransomware,TRUE_ENCRYPTION,Dharma,cape,full,0,10.0,Dharma,315,0,,,,521,315,2266,892,0,15,7.193650793650794,2.831746031746032,96,175,23,16,136,9,0,0,0,0,0,0,0,0,0,0,,0,,,0,0,1,10,1,0,0,0,0,0,1,1,10,0,-396.5,2,1,0,0,,0,237.8,1,1,0.245
B998,17d153a225ea04a229862875795eeec0adb8c3e2769ba0e05073baaf86850467,ransomware,TRUE_ENCRYPTION,Sodinokibi,cape,full,0,10.0,REvil,429,5510,-0.04234028067584575,6.8948296013004695,6.8948296013004695,161,429,1999,145,5,10,4.659673659673659,0.337995337995338,689,44,5,15,24,0,0,0,0,0,0,0,0,0,0,0,,0,,,,,,9,2,2,0,0,0,0,3,3,49,11,-94.3,0,0,,,,,,,,
B999,62230c1651781d4ab7234fe6d747dc6cc79c1381f4ee15a84cf9a2176dcdc5d9,ransomware,NO_VICTIM_ACTIVITY,Troldesh,cape,full,1,9.0,,66,8,0.029917827314739517,5.4375,5.8125,34,66,9,3,5,8,0.13636363636363635,0.045454545454545456,3,23,3,9,11,362,0,0,5,1,0,0,0,0,2,1,,1046,1,0,0,1,0,6,0,0,0,0,0,0,3,3,28,11,-104.5,0,0,,,,,,,,
B1000,5bd70163b5ee71238d37ffa0ff179e6a42fc28ff5e218c11502e8341b031b951,ransomware,TRUE_ENCRYPTION,Cerber,cape,full,1,9.0,,384,476,0.9679734241078103,6.11463140644068,7.2774159665377605,416,384,10,47,5,9,0.026041666666666668,0.12239583333333333,12,44,5,15,24,431,0,0,9,1,0,0,3,1,2,2,,221,2,0,0,1,0,11,0,0,0,1,0,0,1,1,262,8,-22.1,1,1,0,0,,0,298.2,1,1,0.262
B1001,7af890c71121d682203be3b23497272f4338cdc27f5af49c41f8275d582e85e1,ransomware,TRUE_ENCRYPTION,Dharma,cape,full,0,10.0,Dharma,687,0,,,,827,687,2622,906,0,15,3.816593886462882,1.3187772925764192,102,189,40,10,139,9,0,0,0,0,0,0,0,0,0,0,,0,,,0,0,1,10,1,0,0,0,0,0,2,2,10,0,-281.5,2,1,0,0,,0,250.0,1,1,0.27
B1002,3cff33197edc918d47d08f44d6ddbdda157337f0ad58288d15746cf72c0e4c57,ransomware,TRUE_ENCRYPTION,Sodinokibi,cape,full,0,10.0,REvil,392,441,-0.012961748441728578,6.276955284492595,6.476157391559539,347,392,11,141,5,6,0.02806122448979592,0.3596938775510204,27,34,7,10,17,2,0,0,0,0,0,0,0,0,0,0,,0,,,0,1,0,7,0,0,0,0,0,0,3,5,31,8,7.6,0,0,,,,,,,,
B1003,32c3fc22cab918195b3590ae17a424b5f79c145f6ee8c7d4aff376ce070248fc,ransomware,NO_VICTIM_ACTIVITY,Troldesh,cape,full,1,9.0,,63,5,-0.0026870988069382555,5.206954882778696,5.663909765557392,31,63,9,3,5,4,0.14285714285714285,0.047619047619047616,3,19,3,7,9,409,0,0,5,1,0,0,0,1,2,1,,207,1,0,0,1,0,5,0,0,0,0,0,0,1,1,15,8,-366.4,0,0,,,,,,,,
B1004,02ff523b0330900767277b319cba76ee33f47d0a71774155613ed6667855adf6,ransomware,NO_VICTIM_ACTIVITY,Cerber,cape,full,1,9.0,,68,5,-0.004377802339232819,7.199480652316841,7.199480652316841,49,68,5,1,1,43,0.07352941176470588,0.014705882352941176,4,77,0,15,62,143,0,0,3,0,0,0,1,1,0,1,,548,4,3,0,1,0,20,0,0,0,2,0,0,3,8,26,7,-12.1,1,1,0,0,,0,382.7,1,1,0.033
B1005,ab5be9e6911b43f0974e01dabec772b968274d9b5ea39ba2ad7cd294056e5d09,ransomware,TRUE_ENCRYPTION,Dharma,cape,full,0,10.0,Dharma,416,0,,,,593,416,2506,883,0,14,6.024038461538462,2.1225961538461537,108,184,35,11,138,2,0,0,0,0,0,0,0,0,0,0,,0,,,0,0,1,10,1,0,0,0,0,0,3,3,10,0,-249.0,2,1,0,0,,0,229.4,1,1,0.271
B1006,3fdad99a17a6766fe396081f82394f5e2da0142651427da64a5b6e28c9df2fd4,ransomware,TRUE_ENCRYPTION,Sodinokibi,cape,full,0,10.0,REvil,93,0,,,,37,93,1990,31,0,5,21.397849462365592,0.3333333333333333,667,18,2,1,15,0,0,0,0,0,0,0,0,0,0,0,,0,,,,,,5,2,2,0,0,0,0,1,1,12,0,-364.5,0,0,,,,,,,,
B1007,d158534622b057b387a617ebe2931fef6d5c7d386b6dfbeb652c4781846f87c1,ransomware,NO_VICTIM_ACTIVITY,Troldesh,cape,full,1,9.0,,64,6,0.01060495105511669,5.306602441389348,5.613204882778696,31,64,9,3,5,3,0.140625,0.046875,3,15,3,7,5,362,0,0,5,1,0,0,0,0,2,1,,1046,1,0,0,1,0,4,0,0,0,0,0,0,1,1,27,8,-364.7,0,0,,,,,,,,
B1008,db47addc5d20966badd482543d67e70a1ef5e719a2c907e80bc1d3a9080c22d4,ransomware,FAILED,Cerber,cape,full,1,1.6,,0,0,,,,2,0,0,0,0,0,,,0,1,0,0,1,270,5,0,8,1,3,0,5,1,0,4,,0,,,1,0,0,0,0,0,0,0,0,0,0,0,0,0,,0,0,,,,,,,,
B1009,e9bbcfb5d9f42ef0dd75eb435e78d5226087679593893e0c08977694e720cd7a,ransomware,NO_VICTIM_ACTIVITY,Dharma,cape,full,1,6.0,,48,0,,,,85,48,2,0,0,2,0.041666666666666664,0.0,2,7,1,5,1,102,0,0,2,1,0,0,0,0,2,1,,0,,,0,0,1,2,0,0,0,0,0,0,0,0,1,0,,0,0,,,,,,,,
B1010,42c28feb23c992a350673d63413bf11bc816d00a079462ab524934219d46430d,ransomware,TRUE_ENCRYPTION,Sodinokibi,cape,full,0,10.0,REvil,348,424,-0.015806238657876885,6.27246672195451,6.476157391559539,364,348,11,129,5,6,0.031609195402298854,0.3706896551724138,28,36,8,10,18,2,0,0,0,0,0,0,0,0,0,0,,0,,,0,1,0,7,0,0,0,0,0,0,3,5,31,8,5.9,0,0,,,,,,,,
B1011,a56e155faefc72a0f5174e27670cd9f8e8c66a646744feedd0211e37f6aef6fb,ransomware,NO_VICTIM_ACTIVITY,Troldesh,cape,full,1,9.0,,4,8,0.21654639651215016,5.454401627592898,5.84375,10,4,0,1,0,5,0.0,0.25,1,7,1,2,4,362,0,0,5,1,0,0,0,0,2,1,,1046,1,0,0,1,0,3,0,0,0,0,0,0,2,2,17,3,9.3,0,0,,,,,,,,
B1012,8cc84c910910535990b7ec98b521f7bb84774a78fa488a27dacff5590a7322e3,ransomware,NO_VICTIM_ACTIVITY,Cerber,cape,full,1,9.0,,36,11,0.060342130655208694,6.2058254725765325,7.216274735875679,156,36,29,16,1,49,0.8055555555555556,0.4444444444444444,4,125,1,9,115,300,5,1,9,1,3,0,5,1,0,4,,0,,,0,0,1,26,4,4,0,2,0,0,4,7,36,1,-44.8,5,3,0,0,,0,331.0,5,1,0.013
B1013,34c392448fc0818278cd19bb0841adf573e967be8a0f73bb42bb367a5835b6ea,ransomware,TRUE_ENCRYPTION,Dharma,cape,full,0,10.0,Dharma,353,0,,,,408,353,2247,936,0,8,6.36543909348442,2.651558073654391,101,153,27,9,117,9,0,0,0,0,0,0,0,0,0,0,,0,,,0,0,1,7,1,0,0,0,0,0,0,0,7,0,,1,1,0,0,,0,231.8,1,1,0.297
B1014,5cba3e44271279e747a67dd312d4dca18832b5a850ea6b85a460846ef0101fb6,ransomware,TRUE_ENCRYPTION,Sodinokibi,cape,full,0,10.0,REvil,346,463,-0.18359134718079623,6.279011800635786,6.476157391559539,316,346,1,146,0,8,0.002890173410404624,0.42196531791907516,27,26,6,4,16,2,0,0,0,0,0,0,0,0,0,0,,0,,,0,1,0,6,0,0,0,0,0,0,4,6,21,3,6.8,0,0,,,,,,,,
B1015,d09c59de1d634faf6852ea9cbfa01d721c3f0a50da1fc2798acc0864409888f9,ransomware,NO_VICTIM_ACTIVITY,Troldesh,cape,full,1,9.0,,66,6,0.04099290783882933,5.769613895007971,5.832272907237248,33,66,9,3,5,3,0.13636363636363635,0.045454545454545456,3,15,4,6,5,133,0,0,3,0,0,0,0,1,1,0,,207,1,1,0,1,0,4,0,0,0,0,0,0,1,1,27,8,-367.1,0,0,,,,,,,,
B1016,48e79c374b29858b59e5b06434e3f54e416ba7f664037d48d4adae5276d6a43b,ransomware,FAILED,Cerber,cape,static_only,0,0.3,,,,,,,,,,,,,,,,,,,,0,0,0,0,0,0,0,0,0,0,0,boost,0,,,,,,,,,,,,,,,,,,,,,,,,,,,
B1017,d4ab320cfff425eaafe322870539f5c16bfe1be83103ac093f21c1ac5f41e3b6,ransomware,TRUE_ENCRYPTION,Dharma,cape,full,0,10.0,Dharma,47,0,,,,85,47,5,2,0,3,0.10638297872340426,0.0425531914893617,6,12,3,8,1,9,0,0,0,0,0,0,0,0,0,0,,0,,,0,0,1,3,1,0,0,0,0,0,0,0,1,0,,1,1,0,0,,0,1.3,0,0,
B1018,5d9b75e2cb84333c6b56604ce47af75b11f80bf9079054f6619251b68357d87c,ransomware,TRUE_ENCRYPTION,Sodinokibi,cape,full,0,10.0,REvil,394,463,-0.014989406128773659,6.284392502644934,6.476157391559539,348,394,10,139,5,6,0.025380710659898477,0.35279187817258884,26,30,7,7,16,1,0,0,0,0,0,0,0,0,0,0,,0,,,0,1,0,6,0,0,0,0,0,0,3,4,30,8,6.6,0,0,,,,,,,,
B1019,b370a4f93fb6e655f131329f027615c6828cdfc7002d7b0692f5d28e952c2194,ransomware,NO_VICTIM_ACTIVITY,Troldesh,cape,full,1,9.0,,65,5,0.031774714702418015,5.201689821245805,5.801969876934217,31,65,9,3,5,4,0.13846153846153847,0.046153846153846156,3,16,4,6,6,409,0,0,5,1,0,0,0,1,2,1,,207,1,0,0,1,0,5,0,0,0,0,0,0,2,2,29,8,5.5,0,0,,,,,,,,
B1020,72d4375c5fe2533acb5e378ddbd3c55f87c61003a492caffdcb40db988c49503,ransomware,NO_VICTIM_ACTIVITY,Cerber,cape,full,0,8.0,,0,72,,3.0,3.0,16,0,0,0,0,0,,,0,3,0,0,3,1,0,0,0,0,0,0,0,0,0,0,,1,0,0,0,1,0,0,0,0,0,0,0,0,0,0,16,0,,0,0,,,,,,,,
B1021,245f7a3c993a0ecada1c1f8936ea82e8e48812c5758767e5d91db91324bc303a,ransomware,NO_VICTIM_ACTIVITY,Dharma,cape,full,0,10.0,Dharma,57,0,,,,87,57,2,2,0,3,0.03508771929824561,0.03508771929824561,3,9,2,6,1,9,0,0,0,0,0,0,0,0,0,0,,0,,,0,0,1,3,1,0,0,0,0,0,0,0,1,0,,1,1,0,0,,0,0.4,0,0,
B1022,3e6fbc358e0204cb67a41b05771fac74f1b49737c7ab7138e415c7e9628ef545,ransomware,TRUE_ENCRYPTION,Sodinokibi,cape,full,0,10.0,REvil,268,0,,,,411,268,17,89,5,5,0.06343283582089553,0.332089552238806,24,67,9,9,49,12,0,0,0,0,0,0,0,0,0,0,,0,,,0,0,1,6,0,0,0,0,0,0,3,5,52,8,-2.4,0,0,,,,,,,,
B1023,c659b1a6e09e7d7b98b368984d8d8e70ceee5666e3a7f54cf5a0fd90cc9f0eea,ransomware,NO_VICTIM_ACTIVITY,Troldesh,cape,full,1,9.0,,64,5,-0.0033460220274778817,5.318423493461651,5.6993469869233016,30,64,9,3,5,3,0.140625,0.046875,3,15,4,6,5,147,0,0,1,0,0,0,0,2,2,0,,207,1,1,0,1,0,4,0,0,0,0,0,0,1,1,27,8,-367.9,0,0,,,,,,,,
B1024,f9c5420c0f039a178f5495ecfb657f8da383624e0cf7f02c645fbdfa95e2e8b9,ransomware,NO_VICTIM_ACTIVITY,Cerber,cape,full,0,8.0,,0,72,,3.0,3.0,13,0,0,0,0,0,,,0,2,0,0,2,1,0,0,0,0,0,0,0,0,0,0,,1,0,0,0,1,0,0,0,0,0,0,0,0,0,0,16,0,,0,0,,,,,,,,
B1025,0cbb472b555d4cab454948ba900675db48b120afaedf246a14d87d970b233a43,ransomware,TRUE_ENCRYPTION,Dharma,cape,full,0,10.0,Dharma,347,0,,,,463,347,2485,805,0,8,7.161383285302594,2.319884726224784,81,162,25,4,133,9,0,0,0,0,0,0,0,0,0,0,,0,,,0,0,1,7,1,0,0,0,0,0,0,0,7,0,,1,1,0,0,,0,238.3,1,1,0.235
B1026,15ef2d6ef402a46165be39d9dbc0081cf28ebca0f407306dd80ac3a73a32c07b,ransomware,TRUE_ENCRYPTION,Sodinokibi,cape,full,0,10.0,REvil,904,0,,,,255,904,0,226,0,5,0.0,0.25,47,13,9,1,3,0,0,0,0,0,0,0,0,0,0,0,,0,,,,,,5,2,2,0,0,0,0,1,1,12,0,-384.9,0,0,,,,,,,,
B1027,1e43c5be3ac264cf5eba9bc4647d2004012e283050924da06d5c1da18255a3b1,ransomware,NO_VICTIM_ACTIVITY,Troldesh,cape,full,1,9.0,,64,5,-0.0028682507818566364,5.331954882778696,5.726409765557392,31,64,9,3,5,4,0.140625,0.046875,3,18,3,8,7,392,0,0,5,0,0,0,2,0,2,1,boost,207,1,0,0,1,0,5,0,0,0,0,0,0,1,1,29,8,-370.5,0,0,,,,,,,,
B1028,84cbffb84b7c9ced79b511f82a15414d9202ab68479dfe44cec7b745ed12f973,ransomware,TRUE_ENCRYPTION,Cerber,cape,full,1,10.0,Locked,110,3,0.012848002408362641,4.875,4.875,22,110,22,0,0,4,0.2,0.0,4,22,1,4,17,101,3,1,6,0,0,0,0,1,2,1,boost;cryptopp,431,3,2,0,0,1,7,0,0,0,0,0,0,1,1,0,0,-386.0,0,0,,,,,,,,
B1029,056c3790765f928e991591cd139384b6680df26313a73711add657abc369028c,ransomware,TRUE_ENCRYPTION,Dharma,cape,full,0,10.0,Dharma,497,0,,,,2206,497,2664,899,0,17,5.360160965794768,1.8088531187122736,99,258,39,26,193,9,0,0,0,0,0,0,0,0,0,0,,0,,,0,0,1,11,1,0,0,0,0,0,4,5,9,0,-260.6,2,1,0,0,,0,236.9,1,1,0.246
B1030,d09338f3248b7c43b4c58274d453732fca910a0cee2ca50a2b72fe0364fb615c,ransomware,TRUE_ENCRYPTION,Sodinokibi,cape,full,0,10.0,REvil,330,465,-0.020434729480144746,6.2820507190064925,6.476157391559539,336,330,10,107,5,6,0.030303030303030304,0.3242424242424242,26,36,6,8,22,1,0,0,0,0,0,0,0,0,0,0,,0,,,0,1,0,7,0,0,0,0,0,0,3,5,30,8,9.1,0,0,,,,,,,,
B1031,0fd2df2e477e32ea67ae753d401f8b760a9d44e8f8198f6e4c71fdd136bdd17e,ransomware,NO_VICTIM_ACTIVITY,Troldesh,cape,full,1,9.0,,3,8,0.14569287935358957,5.462467339524146,5.875,9,3,0,1,0,6,0.0,0.3333333333333333,1,9,1,1,7,76,0,0,0,0,0,0,0,0,0,0,,207,1,1,0,1,0,4,0,0,0,0,0,0,3,3,19,3,10.3,0,0,,,,,,,,
B1032,772cad26853c7d8ea8f1023f6e3cba219cc9bb1db1cd31ad2b979e59d3d9c631,ransomware,TRUE_ENCRYPTION,Cerber,cape,full,1,10.0,Locked,110,3,0.009441051321527094,4.9375,4.9375,19,110,22,0,0,4,0.2,0.0,4,17,1,2,14,101,3,1,6,0,0,0,0,1,2,1,boost;cryptopp,431,3,2,0,0,1,7,0,0,0,0,0,0,1,1,0,0,-386.2,0,0,,,,,,,,
B1033,bf20b92755cd5c2542cdcef804ee795932cc4b0e070ca6b81ff8fd30908a8f97,ransomware,TRUE_ENCRYPTION,Dharma,cape,full,0,10.0,Dharma,53,0,,,,94,53,8,0,0,3,0.1509433962264151,0.0,3,32,2,18,12,9,0,0,0,0,0,0,0,0,0,0,,0,,,0,0,1,3,1,0,0,0,0,0,0,0,1,0,,1,1,0,0,,0,3.4,0,0,
B1034,93ce973daa9687f185966b3133f7003006655ec9d5bf3edb881efaf0e4fbafc7,ransomware,TRUE_ENCRYPTION,Sodinokibi,cape,full,0,10.0,REvil,449,455,-0.011768167944715639,6.279057821681487,6.476157391559539,513,449,2001,152,5,6,4.456570155902004,0.33853006681514475,694,43,6,9,28,1,0,0,0,0,0,0,0,0,0,0,cryptopp;openssl,0,,,0,1,0,7,0,0,0,0,0,0,3,5,30,8,6.1,0,0,,,,,,,,
B1035,058499891d9c3fa31f1d45e7965786c17984d0394cf8db77a18f2947653ff6c4,ransomware,NO_VICTIM_ACTIVITY,Troldesh,cape,full,1,9.0,,65,8,0.01616017894345915,5.5,5.84375,31,65,9,3,5,3,0.13846153846153847,0.046153846153846156,3,15,3,6,6,119,0,0,4,1,0,0,0,0,2,1,,207,1,0,0,1,0,4,0,0,0,0,0,0,1,1,27,8,-366.6,0,0,,,,,,,,
B1036,eba0482a5b1232db451b1a745dd8e99defb9f1194b070e2f5c20eeb251296a86,ransomware,TRUE_ENCRYPTION,Cerber,cape,full,1,10.0,Locked,110,3,0.010961755098531669,4.875,4.875,22,110,22,0,0,4,0.2,0.0,4,17,1,2,14,101,3,1,6,0,0,0,0,1,2,1,boost;cryptopp,431,3,2,0,0,1,7,0,0,0,0,0,0,2,2,0,0,-388.5,0,0,,,,,,,,
B1037,a43dab9c34af5a49a2a615e86db3e2bf4c5467853dd5bd4f1a1c73619b683ab2,ransomware,TRUE_ENCRYPTION,Dharma,cape,full,0,10.0,Dharma,398,0,,,,496,398,2383,867,0,8,5.9874371859296485,2.178391959798995,87,159,31,6,122,9,0,0,0,0,0,0,0,0,0,0,,0,,,0,0,1,7,1,0,0,0,0,0,0,0,7,0,,1,1,0,0,,0,239.0,1,1,0.271
B1038,50fdb342de90ce63c31625156beb9ed968bf11527ce7c4c3bd4a3f3f7c4cf730,ransomware,TRUE_ENCRYPTION,Sodinokibi,cape,full,0,10.0,REvil,198,468,-0.013593186813478705,6.283008043066679,6.476157391559539,171,198,11,41,5,6,0.05555555555555555,0.20707070707070707,16,30,5,9,16,1,0,0,0,0,0,0,0,0,0,0,,0,,,0,1,0,7,0,0,0,0,0,0,3,5,30,8,6.8,0,0,,,,,,,,
B1039,f03f892b1615d0151f7b2784ad3f0f6c77eea3bceb7cd1117b2ac5f011f343cf,ransomware,NO_VICTIM_ACTIVITY,Troldesh,cape,full,1,9.0,,114,8,0.014913398280631393,5.423151627592898,5.8125,185,114,9,3,5,5,0.07894736842105263,0.02631578947368421,3,44,3,21,20,76,0,0,0,0,0,0,0,0,0,0,,207,1,1,0,1,0,6,0,0,0,0,0,0,4,4,17,8,4.6,0,0,,,,,,,,
B1040,078de7d019f5f1e546aa29af7123643bd250341af71506e6256dfee8f245a2a7,ransomware,TRUE_ENCRYPTION,Cerber,cape,full,1,10.0,Locked,146,3,-0.004323303136249202,4.788909765557392,4.788909765557392,222,146,4999,0,0,0,34.23972602739726,0.0,55,118,2,1,115,101,3,1,6,0,0,0,0,1,2,1,boost;cryptopp,0,,,0,0,1,0,0,0,0,0,0,0,0,0,0,0,,0,0,,,,,,,,
B1041,bd210c5759b815a64b7166aceae471ef622bccdde3b46fc971aa78bcb73f08f1,ransomware,TRUE_ENCRYPTION,Dharma,cape,full,0,10.0,Dharma,447,0,,,,905,447,2384,810,0,19,5.333333333333333,1.8120805369127517,93,212,34,22,156,9,0,0,0,0,0,0,0,0,0,0,,0,,,0,0,1,12,1,0,0,0,0,0,3,3,25,3,-265.3,2,1,0,0,,0,211.3,1,1,0.256
B1042,41a94f3cd67e479980e15c3e5fe56ad49593e8f3100a7c886397af5f7640c998,ransomware,NO_VICTIM_ACTIVITY,Sodinokibi,cape,full,1,0.8,,6,0,,,,1,6,0,0,0,0,0.0,0.0,0,2,0,1,1,46,0,0,5,0,0,0,0,1,0,0,,0,,,0,0,1,0,0,0,0,0,0,0,0,0,0,0,,0,0,,,,,,,,
B1043,d23c897e7bb23a6a525d1206dc792f0b81c34b4cce433614c08ce87aecd247fe,ransomware,NO_VICTIM_ACTIVITY,Troldesh,cape,full,1,9.0,,110,2,-0.003842538779841149,5.818549764769761,5.818549764769761,322,110,9,3,5,9,0.08181818181818182,0.02727272727272727,3,51,3,16,32,249,0,0,6,0,0,0,0,0,2,0,,207,1,1,0,1,0,7,0,0,0,0,0,0,4,5,30,11,-108.6,0,0,,,,,,,,
B1044,b60f2abca2515ab7c447ab5b237a50c634357f7d4c9591b76c0b44829ad30460,ransomware,TRUE_ENCRYPTION,Cerber,cape,full,1,9.0,Cerber,548,579,0.76603908116371,5.209404981705662,7.086123035095537,612,548,12,94,5,12,0.021897810218978103,0.17153284671532848,15,76,19,30,27,165,0,0,8,0,0,0,2,1,0,1,,19,0,0,0,1,0,14,2,0,0,1,0,0,3,3,280,8,-55.8,2,2,0,0,,0,546.3,1,1,0.069
B1045,52eeb1c0820a0a64910cd07339286bbf3045d83588f81909ea85d96d30da90e3,ransomware,FAILED,Dharma,cape,static_only,0,10.0,Dharma,,,,,,,,,,,,,,,,,,,0,0,0,0,0,0,0,0,0,0,0,,0,,,,,,,,,,,,,,,,,,,,,,,,,,,
B1046,ff0d99ed61293668c0a81cc3e0ead43d1c7392ac351e34e1219f22a1b671aa72,ransomware,FAILED,Sodinokibi,cape,static_only,1,10.0,REvil,,,,,,,,,,,,,,,,,,,58,2,0,3,0,0,2,0,0,0,2,,0,,,,,,,,,,,,,,,,,,,,,,,,,,,
B1047,c197da0fda316a92c66744bf13c77891e9f39cc10fbfebc42285a8b4761440b5,ransomware,NO_VICTIM_ACTIVITY,Troldesh,cape,full,0,9.0,,64,8,0.0058195612708827355,5.489583333333333,5.78125,31,64,9,3,5,3,0.140625,0.046875,3,15,3,7,5,19,0,0,0,0,0,0,0,0,0,0,,207,1,1,0,1,0,4,0,0,0,0,0,0,1,1,27,8,-369.4,0,0,,,,,,,,
B1048,0cd28b912cf4d9898a6f03c4edfd73d1d90faf971ad84b28c6c254408ad7630f,ransomware,TRUE_ENCRYPTION,Cerber,cape,full,1,9.0,,429,544,0.9515233641898443,6.097003210602796,7.292315745612591,456,429,12,47,5,10,0.027972027972027972,0.10955710955710955,11,49,8,15,26,165,0,0,7,0,0,0,0,1,0,0,,242,3,3,0,1,0,12,0,0,0,1,0,0,1,1,262,8,-54.2,1,1,0,0,,0,316.7,1,1,0.342
B1049,6ddb4a7f6bcfffc745a376e0894424dab86e1582036257f4ff502eb70b51389e,ransomware,FAILED,Dharma,cape,static_only,0,10.0,Dharma,,,,,,,,,,,,,,,,,,,0,0,0,0,0,0,0,0,0,0,0,,0,,,,,,,,,,,,,,,,,,,,,,,,,,,
B1050,2896b38ec3f5f196a9d127dbda3f44c7c29c844f53ae5f209229d56fd6f2a59c,ransomware,TRUE_ENCRYPTION,Sodinokibi,cape,full,0,10.0,REvil,329,0,,,,388,329,9,139,5,18,0.02735562310030395,0.42249240121580545,23,39,9,11,19,14,0,0,0,0,0,0,0,0,0,0,,0,,,0,0,1,7,0,0,0,0,0,0,4,8,31,8,1.1,0,0,,,,,,,,
B1051,8025918ab649e33642c4eb74c2814397e971d5ab68e631e91649354c8dec2be5,ransomware,NO_VICTIM_ACTIVITY,Troldesh,cape,full,0,8.0,,64,0,,,,25,64,9,2,5,4,0.140625,0.03125,3,16,2,8,6,19,0,0,0,0,0,0,0,0,0,0,,207,1,1,0,0,1,5,0,0,0,0,0,0,1,1,27,8,-372.4,0,0,,,,,,,,
B1052,3bb5725f06379a042e81b51ef32617f5ea8e02ef2c5bab4ae602bc3bd181c972,ransomware,TRUE_ENCRYPTION,Cerber,cape,full,1,9.0,,415,506,0.9207755198377597,6.0631661355242725,7.294339736999975,451,415,12,45,5,10,0.02891566265060241,0.10843373493975904,12,49,7,15,27,165,0,0,8,0,0,0,2,1,0,1,,242,3,2,0,1,0,12,0,0,0,1,0,0,1,1,264,8,-50.9,1,1,0,0,,0,325.8,1,1,0.33
B1053,cdb8cab7dbcc2dd546519a03e1da8836ca233992406ba3746cbe015f2944de96,ransomware,FAILED,Dharma,cape,static_only,0,10.0,Dharma,,,,,,,,,,,,,,,,,,,0,0,0,0,0,0,0,0,0,0,0,,0,,,,,,,,,,,,,,,,,,,,,,,,,,,
B1054,5168a54f2a95db57fee8d606918b80792d84e0990936a86b4f0030ec47624e85,ransomware,TRUE_ENCRYPTION,Sodinokibi,cape,full,0,10.0,REvil,281,0,,,,202,281,1999,78,5,7,7.1138790035587185,0.2775800711743772,685,34,5,8,21,1,0,0,0,0,0,0,0,0,0,0,,0,,,0,0,1,8,2,2,0,0,0,0,1,3,35,8,20.8,0,0,,,,,,,,
B1055,25c3a5bf8a33e941286f5f271843a480e4f8669086eac047abdfd6f8d5f96a06,ransomware,NO_VICTIM_ACTIVITY,Troldesh,cape,full,1,9.0,,65,8,0.017430960496724893,5.53125,5.84375,33,65,9,3,5,3,0.13846153846153847,0.046153846153846156,3,15,3,7,5,634,0,0,10,1,0,0,0,1,2,1,,207,1,0,0,1,0,4,0,0,0,0,0,0,1,1,27,8,-360.6,0,0,,,,,,,,
B1056,81c85319217d31eca7968a889105cac75ef32be409978dba5bdfe47cbe8ff485,ransomware,TRUE_ENCRYPTION,Cerber,cape,full,1,10.0,Cerber,331,520,0.9940439174846721,6.125508245101348,7.304496954512849,335,331,0,43,0,8,0.0,0.1299093655589124,8,26,5,10,11,45,0,0,0,0,0,0,0,0,0,0,,0,,,0,1,0,9,0,0,0,1,0,0,0,0,22,0,,1,1,0,0,,0,29.5,0,0,
B1057,e181b975b8e4c712c835413a2788fcf62399ae9a404161b8772aa5593c91d33e,ransomware,FAILED,Dharma,cape,static_only,0,10.0,Dharma,,,,,,,,,,,,,,,,,,,0,0,0,0,0,0,0,0,0,0,0,,0,,,,,,,,,,,,,,,,,,,,,,,,,,,
B1058,ee0ac14a60605773834649b40c22acecfee0cc34f7f50ec30c42f15605ccb27c,ransomware,NO_VICTIM_ACTIVITY,Sodinokibi,cape,full,1,0.8,,6,0,,,,1,6,0,0,0,0,0.0,0.0,0,2,0,1,1,43,0,0,5,0,0,0,0,1,0,0,,0,,,0,0,1,0,0,0,0,0,0,0,0,0,0,0,,0,0,,,,,,,,
B1059,e32998012af31476e39dedb2f725269dbd0a165d74b53a32e5e359da3a01221d,ransomware,NO_VICTIM_ACTIVITY,Troldesh,cape,full,1,9.0,,65,5,-0.0033265884302417386,5.375,5.875,33,65,9,3,5,3,0.13846153846153847,0.046153846153846156,3,16,2,8,6,147,0,0,1,0,0,0,0,2,2,0,,207,1,1,0,1,0,4,0,0,0,0,0,0,1,1,27,8,-367.9,0,0,,,,,,,,
B1060,a1a1e34dbc30a46811f5b717f808908412aa6f3d6840aa526d5c0154e008558e,ransomware,TRUE_ENCRYPTION,Cerber,cape,full,1,9.0,Cerber,1033,7,-0.009738053997685101,5.521460550177091,7.235566178296576,307,1033,13,97,1,24,0.012584704743465635,0.09390125847047434,14,116,20,20,76,171,0,0,1,0,0,0,0,0,1,0,,508,4,4,0,1,0,18,2,0,0,2,0,0,3,3,30,7,-9.4,2,2,0,0,,0,639.3,2,1,0.009
B1061,92390d8b7dd99a4b03af59b45763c706d5df368761ce9706236e3dac4f9a74e2,ransomware,TRUE_ENCRYPTION,Dharma,cape,full,0,10.0,Dharma,424,0,,,,566,424,2497,923,0,8,5.889150943396227,2.17688679245283,106,183,40,11,132,9,0,0,0,0,0,0,0,0,0,0,,0,,,0,0,1,7,1,0,0,0,0,0,0,0,7,0,,1,1,0,0,,0,249.6,1,1,0.283
B1062,2f6a3d6c711c00876a9427c5fd359dcbe3de6197bb22ef6e2456ecc943996ae6,ransomware,TRUE_ENCRYPTION,Sodinokibi,cape,full,1,10.0,REvil,606,656,-0.03484506215002253,5.809603068429253,6.37849034503095,920,606,22,151,5,21,0.036303630363036306,0.24917491749174916,41,124,15,18,91,155,0,0,8,0,0,0,0,1,2,0,,32,0,0,0,1,0,11,0,0,0,0,0,0,3,7,49,10,-54.1,0,0,,,,,,,,
B1063,62214ccdcb1052b518e6059060daec143430c1ae13a799873ebabea7f3eae217,ransomware,NO_VICTIM_ACTIVITY,Troldesh,cape,full,1,9.0,,66,8,0.03850310810778716,5.502778405936843,5.820835217810529,33,66,9,3,5,4,0.13636363636363635,0.045454545454545456,3,19,2,7,10,147,0,0,1,0,0,0,0,2,2,0,,207,1,1,0,1,0,5,0,0,0,0,0,0,2,2,15,8,6.0,0,0,,,,,,,,
B1064,deb1f9d82f62df4f707e68af480ccbb365ebd65eb9606c11c08a2b610f32ff7d,ransomware,NO_VICTIM_ACTIVITY,Cerber,cape,full,1,10.0,Cerber,0,20,,5.323759772857714,7.120898726265327,3,0,0,0,0,0,,,0,1,0,0,1,437,0,0,9,1,0,0,3,1,2,2,,10,0,0,0,1,0,0,0,0,0,0,0,0,0,0,0,0,,0,0,,,,,,,,
B1065,77da9b22f28c92543d9ac281469390cbd5e442a59f7ad6d9034d9a7f490ac3fd,ransomware,FAILED,Dharma,cape,static_only,0,10.0,Dharma,,,,,,,,,,,,,,,,,,,0,0,0,0,0,0,0,0,0,0,0,,0,,,,,,,,,,,,,,,,,,,,,,,,,,,
B1066,206cfba26e29e00c639a60755dec8714df8b4ea0e17b02906db7b7a9ec5820ef,ransomware,NO_VICTIM_ACTIVITY,Sodinokibi,cape,full,1,0.8,,6,0,,,,1,6,0,0,0,0,0.0,0.0,0,1,0,1,0,46,0,0,5,0,0,0,0,1,0,0,,0,,,0,0,1,0,0,0,0,0,0,0,0,0,0,0,,0,0,,,,,,,,
B1067,ed801a3e54843afe989aadd69cdab5e6fbf00e8e02742f354519b4b16de8f31c,ransomware,NO_VICTIM_ACTIVITY,Troldesh,cape,full,1,9.0,,65,5,-0.0033911008022437837,5.34375,5.75,32,65,9,3,5,3,0.13846153846153847,0.046153846153846156,3,17,1,9,7,362,0,0,5,1,0,0,0,0,2,1,,1046,1,0,0,1,0,4,0,0,0,0,0,0,1,1,25,8,-366.0,0,0,,,,,,,,
B1068,9f7966228999bbe7b3ad36e9d5c95d4b3d400e078f0046db908788d07fbd7dc6,ransomware,TRUE_ENCRYPTION,Cerber,cape,full,1,10.0,Cerber,317,481,0.9962075025572233,6.138933819761488,7.3146541720257225,185,317,0,45,0,6,0.0,0.14195583596214512,8,19,6,4,9,45,0,0,0,0,0,0,0,0,0,0,,16,0,0,0,1,0,7,0,0,0,0,0,0,1,1,19,0,-18.3,0,0,,,,,,,,
B1069,e140a653caf5e4be9aaef3a2209d5c7e417f6eb0bd67ed2f878b82d606b045e2,ransomware,FAILED,Dharma,cape,static_only,0,10.0,Dharma,,,,,,,,,,,,,,,,,,,0,0,0,0,0,0,0,0,0,0,0,,0,,,,,,,,,,,,,,,,,,,,,,,,,,,
B1070,d2ca509fa08758736aff9abb54b5c6183130f25e6ca91bbd6e6464d2f0597f83,ransomware,NO_VICTIM_ACTIVITY,Sodinokibi,cape,full,1,9.0,,9,0,,,,14,9,0,0,0,1,0.0,0.0,0,4,0,3,1,46,0,0,5,0,0,0,0,1,0,0,,0,,,0,0,1,1,0,0,0,0,0,0,0,0,0,0,,0,0,,,,,,,,
B1071,df2894b4298be05620b329d27bf0b45314629316fd6a082b6d90bbdfe9bf5a53,ransomware,NO_VICTIM_ACTIVITY,Troldesh,cape,full,1,9.0,,65,5,-0.002708312576736015,5.35584856789687,5.800704882778696,32,65,9,3,5,4,0.13846153846153847,0.046153846153846156,3,19,3,7,9,362,0,0,5,1,0,0,0,0,2,1,,1046,1,0,0,1,0,5,0,0,0,0,0,0,1,1,15,8,-371.2,0,0,,,,,,,,
B1072,242181fc34195146896cf99a1d3796b89485b2fa3668122f430ac8107320948d,ransomware,TRUE_ENCRYPTION,Cerber,cape,full,1,9.0,,434,531,0.9457464446516283,6.067023651057756,7.309449542144309,451,434,12,50,5,10,0.027649769585253458,0.1152073732718894,12,47,9,18,20,165,0,0,8,0,0,0,2,1,0,1,,242,3,2,0,1,0,12,0,0,0,1,0,0,1,1,262,8,-50.4,1,1,0,0,,0,319.3,1,1,0.336
B1073,a3435ff11b5afc8bd891fdc1977e1a70c65830aa2a80438c6320e3fae7c2811b,ransomware,FAILED,Dharma,cape,static_only,0,10.0,Dharma,,,,,,,,,,,,,,,,,,,0,0,0,0,0,0,0,0,0,0,0,,0,,,,,,,,,,,,,,,,,,,,,,,,,,,
B1074,b88951ceb296c8f01a8e13bc4efa4eb754361ee8ad3d64063d14489bc139a492,ransomware,NO_VICTIM_ACTIVITY,Sodinokibi,cape,full,1,0.8,,6,0,,,,1,6,0,0,0,0,0.0,0.0,0,1,0,1,0,43,0,0,5,0,0,0,0,1,0,0,,0,,,0,0,1,0,0,0,0,0,0,0,0,0,0,0,,0,0,,,,,,,,
B1075,cd2bc2ceb0e1b7d7c31f7a2aec7e838d3a90767ed3d02e1720170875e4a23cb6,ransomware,NO_VICTIM_ACTIVITY,Troldesh,cape,full,1,9.0,,65,8,0.01841260882814003,5.464818294259565,5.75,31,65,9,3,5,4,0.13846153846153847,0.046153846153846156,3,18,3,8,7,409,0,0,5,1,0,0,0,1,2,1,,207,1,0,0,1,0,5,0,0,0,0,0,0,2,2,15,8,4.4,0,0,,,,,,,,
B1076,a387b102b68e3a206d4b6cb5f0d2100b9082746be283fbb333a1d4c3dc8272d5,ransomware,TRUE_ENCRYPTION,Cerber,cape,full,1,9.0,Cerber,1130,5,-0.006789177715897905,7.177766718690681,7.177766718690681,248,1130,4,98,1,46,0.0035398230088495575,0.08672566371681416,13,86,18,8,60,171,0,0,1,0,0,0,0,0,1,0,,508,4,4,0,1,0,24,3,0,0,2,0,0,3,9,24,5,-38.5,2,2,0,0,,0,591.8,2,1,0.017
B1077,18acf8a44011f072a29dd6a6254c36eec7dc4f7ef7810980bd237ca3942d904f,ransomware,FAILED,Dharma,cape,static_only,0,10.0,Dharma,,,,,,,,,,,,,,,,,,,0,0,0,0,0,0,0,0,0,0,0,,0,,,,,,,,,,,,,,,,,,,,,,,,,,,
B1078,ddd7392f2c3f567ff4af6f55e3af1967d4575768696a998dc6f333b0230ef5c7,ransomware,NO_VICTIM_ACTIVITY,Sodinokibi,cape,full,1,0.8,,8,0,,,,1,8,0,0,0,0,0.0,0.0,0,2,0,2,0,43,0,0,5,0,0,0,0,1,0,0,,0,,,0,0,1,0,0,0,0,0,0,0,0,0,0,0,,0,0,,,,,,,,
B1079,6d6089fee5f86170c5b3485a626cc6073631d09004f298da7b690b12a9482086,ransomware,NO_VICTIM_ACTIVITY,Troldesh,cape,full,1,9.0,,66,8,0.029473614500434422,5.49204608270452,5.8511382481135605,32,66,9,3,5,4,0.13636363636363635,0.045454545454545456,3,16,3,7,6,409,0,0,5,1,0,0,0,1,2,1,,207,1,0,0,1,0,5,0,0,0,0,0,0,2,2,15,8,4.5,0,0,,,,,,,,
B1080,28b28111884badedf0870be7bef1e417b3ddea12eb06b1c431e992be39d6bf8e,ransomware,TRUE_ENCRYPTION,Cerber,cape,full,1,9.0,Cerber,1303,113,0.6817199327867319,3.9777398052250295,7.144793152316841,284,1303,5,100,1,40,0.003837298541826554,0.07674597083653108,16,92,15,7,70,273,0,0,2,0,0,0,2,2,0,1,,542,4,3,0,1,0,21,0,0,0,2,0,0,3,3,32,0,-395.4,1,1,0,0,,0,603.3,1,1,0.015
B1081,43a13198d94f649ee5c587b4d5eb59b33abd89fae6e49909f8b1052059025cbc,ransomware,FAILED,Dharma,cape,static_only,0,10.0,Dharma,,,,,,,,,,,,,,,,,,,0,0,0,0,0,0,0,0,0,0,0,,0,,,,,,,,,,,,,,,,,,,,,,,,,,,
B1082,9a19fff2b18432bb4a6d409a755fc712ee4f60f5a4b46b07bff21f229e5dcdc3,ransomware,NO_VICTIM_ACTIVITY,Sodinokibi,cape,full,1,0.8,,6,0,,,,1,6,0,0,0,0,0.0,0.0,0,1,0,1,0,43,0,0,5,0,0,0,0,1,0,0,,0,,,0,0,1,0,0,0,0,0,0,0,0,0,0,0,,0,0,,,,,,,,
B1083,6192163bbb9343a274904093b94d6b12111a88bf24b58cbf9ed2c1463503e022,ransomware,NO_VICTIM_ACTIVITY,Troldesh,cape,full,1,9.0,,4,3,-0.34299717028501764,5.86257593754028,5.86257593754028,9,4,0,1,0,6,0.0,0.25,1,9,0,1,8,387,0,0,4,1,0,0,0,0,2,1,,207,1,0,0,1,0,4,0,0,0,0,0,0,2,2,19,3,11.0,0,0,,,,,,,,
B1084,21043cb4d201a6a5daf06ff34f703d6e306da8ff14aaf1b0880bcd79bf5833a7,ransomware,TRUE_ENCRYPTION,Cerber,cape,full,1,9.0,,439,520,0.9254897493889503,6.1069047681685555,7.340495751809458,463,439,12,48,5,10,0.02733485193621868,0.10933940774487472,12,49,8,16,25,165,0,0,8,0,0,0,2,1,0,1,,242,3,2,0,1,0,12,0,0,0,1,0,0,1,1,262,8,-52.1,1,1,0,0,,0,305.8,1,1,0.353
B1085,0a747a5f771168c0c32e944da6d6d996f24284e4fb44eaea562b21266a9e3ac2,ransomware,FAILED,Dharma,cape,static_only,0,10.0,Dharma,,,,,,,,,,,,,,,,,,,0,0,0,0,0,0,0,0,0,0,0,,0,,,,,,,,,,,,,,,,,,,,,,,,,,,
B1086,4b9d2b24706d5462680423b09280e88e8b3902a4a15431081dbf94d9a25eb9c8,ransomware,NO_VICTIM_ACTIVITY,Sodinokibi,cape,full,1,0.8,,8,0,,,,1,8,0,0,0,0,0.0,0.0,0,3,0,2,1,43,0,0,5,0,0,0,0,1,0,0,,0,,,0,0,1,0,0,0,0,0,0,0,0,0,0,0,,0,0,,,,,,,,
B1087,64f7ee64a85714afa869271965ada1e1ba588b07a205a3a5eda41e9265512b0b,ransomware,NO_VICTIM_ACTIVITY,Troldesh,cape,full,1,9.0,,64,6,0.0009709655248262243,5.359375,5.78125,32,64,9,3,5,4,0.140625,0.046875,3,18,3,8,7,387,0,0,4,1,0,0,0,0,2,1,,207,1,0,0,1,0,5,0,0,0,0,0,0,2,2,29,8,2.9,0,0,,,,,,,,
B1088,7d4feff258cc047570614cc192706671e30cfa8fb81f23356f6c2c794ca4e68c,ransomware,TRUE_ENCRYPTION,Cerber,cape,full,1,9.0,,418,525,0.952885336229798,6.105707631556376,7.314275559577785,451,418,12,48,5,36,0.028708133971291867,0.11483253588516747,12,73,8,16,49,165,0,0,7,0,0,0,0,1,0,0,,242,3,3,0,1,0,18,0,0,0,1,0,0,2,5,249,8,-55.4,1,1,0,0,,0,558.2,1,1,0.201
B1089,1dbbed25cf831114c926933b2cff5b4a4760dd95c7618f01cf5b27deec7b1788,ransomware,FAILED,Dharma,cape,static_only,0,10.0,Dharma,,,,,,,,,,,,,,,,,,,0,0,0,0,0,0,0,0,0,0,0,,0,,,,,,,,,,,,,,,,,,,,,,,,,,,
B1090,7b0673e022585bf4aa208b1e3d215549842fabe78dfeaf9ae0a074a6c05c07fd,ransomware,WEAK_VICTIM_ACTIVITY,Sodinokibi,cape,full,1,10.0,REvil,246,0,,,,385,246,9,2,5,7,0.036585365853658534,0.008130081300813009,3,46,2,31,13,85,0,0,3,0,0,0,0,0,0,0,,4165,0,0,0,0,1,8,0,0,0,0,0,0,2,2,26,8,-16.4,0,0,,,,,,,,
B1091,c8aa0a26ce1bab524dd88d314d197a2af59b5b67db0fff3d82690b74e7d95c4e,ransomware,NO_VICTIM_ACTIVITY,Troldesh,cape,full,1,9.0,,65,5,-0.002716092921328403,5.294807324168044,5.800704882778696,33,65,9,3,5,4,0.13846153846153847,0.046153846153846156,3,17,4,7,6,136,0,0,7,1,0,0,1,1,1,2,,207,1,0,0,1,0,5,0,0,0,0,0,0,2,2,15,8,2.0,0,0,,,,,,,,
B1092,1f767e658585f751002e4b3ef083ae7317628a0edb068b5c00aee13a11fc6e63,ransomware,TRUE_ENCRYPTION,Cerber,cape,full,1,10.0,Cerber,341,544,0.9936741708825256,6.110485939076688,7.320574858317202,191,341,1,48,0,8,0.002932551319648094,0.14076246334310852,10,25,6,8,11,53,0,0,1,0,0,0,0,0,0,0,,0,,,0,1,0,8,0,0,0,0,0,0,0,0,22,0,,0,0,,,,,,,,
B1093,8ade68d429cd44a78e5cfb108aac846eff7e04f57e4a92cb73c66de569eac968,ransomware,FAILED,Dharma,cape,static_only,0,10.0,Dharma,,,,,,,,,,,,,,,,,,,0,0,0,0,0,0,0,0,0,0,0,,0,,,,,,,,,,,,,,,,,,,,,,,,,,,
B1094,60c49baa290de5336e5903286d1e8ff8b8b833046a63be00966695dc9d3f6dbb,ransomware,TRUE_ENCRYPTION,Sodinokibi,cape,full,1,10.0,REvil,391,0,,,,511,391,9,122,5,8,0.023017902813299233,0.31202046035805625,28,47,25,12,10,24,0,0,2,0,0,0,0,0,0,0,,0,,,0,0,1,8,2,2,0,0,0,0,1,3,35,8,-4.6,0,0,,,,,,,,
B1095,c6ed9060470627727d8d0dbb1dc20780d3c2b769fe4df575534158735cc8dda0,ransomware,NO_VICTIM_ACTIVITY,Troldesh,cape,full,1,1.2,,0,0,,,,0,0,0,0,0,1,,,0,1,0,0,1,149,0,0,3,0,0,0,0,0,2,0,,0,,,0,0,1,1,0,0,0,0,0,0,0,0,0,0,,0,0,,,,,,,,
B1096,8a2fb749949f4733b0825f66e880940ee5527156074d3aaaaf37ee3b7b90785d,ransomware,TRUE_ENCRYPTION,Cerber,cape,full,0,10.0,Cerber,310,492,0.9938367408249126,6.113066921397897,7.325988389851679,165,310,0,46,0,9,0.0,0.14838709677419354,8,22,6,4,12,8,0,0,0,0,0,0,0,0,0,0,,26,0,0,0,1,0,5,0,0,0,0,0,0,1,3,1,0,-34.1,0,0,,,,,,,,
B1097,e70dd54b6b5680230a7af30a6b127ecb60c32ee9f0bff30d8d79a2a7ed9c3ab4,ransomware,FAILED,Dharma,cape,static_only,0,10.0,Dharma,,,,,,,,,,,,,,,,,,,0,0,0,0,0,0,0,0,0,0,0,,0,,,,,,,,,,,,,,,,,,,,,,,,,,,
B1098,9f31413bf3c33baac4cdac9557567109318cc355919b25d7b69cd64db25ff55c,ransomware,TRUE_ENCRYPTION,Sodinokibi,cape,full,1,10.0,REvil,566,6448,-0.060270351802935565,,,760,566,9,186,5,7,0.015901060070671377,0.3286219081272085,28,67,42,18,7,24,0,0,2,0,0,0,0,0,0,0,,0,,,0,1,0,7,2,2,0,0,0,0,1,3,35,8,-5.3,0,0,,,,,,,,
B1099,29d48c4dfebf4aba654910a59de5a66e43caad5174d3382af72e4dafa8462afe,ransomware,FAILED,Troldesh,cape,static_only,0,0.3,,,,,,,,,,,,,,,,,,,,0,0,0,0,0,0,0,0,0,0,0,,0,,,,,,,,,,,,,,,,,,,,,,,,,,,
B1100,679684697ee06a22c48b9ffa98fc4aa76ebec4ca1433b21ae19e0c7f8a5eeab3,ransomware,TRUE_ENCRYPTION,Cerber,cape,full,1,9.0,Cerber,459,448,0.8464096969405985,5.2144904475979,7.074971656297595,498,459,10,72,5,11,0.02178649237472767,0.1568627450980392,15,68,17,29,22,172,0,0,0,0,0,0,0,0,0,0,,219,3,3,0,1,0,13,2,0,0,1,0,0,3,3,280,8,-32.1,2,2,1,1,240.4,82,310.9,0,1,
B1101,3e84def5eeae88ab28d21de08581e68e46fd9a94b5fee35d609d6f73a92a9e96,ransomware,FAILED,Dharma,cape,static_only,0,10.0,Dharma,,,,,,,,,,,,,,,,,,,0,0,0,0,0,0,0,0,0,0,0,,0,,,,,,,,,,,,,,,,,,,,,,,,,,,
B1102,d821b0ee9766ec7da7d7dc179a3ef189ffd3e681d787c1f11fedb270fdad96d2,ransomware,TRUE_ENCRYPTION,Sodinokibi,cape,full,1,10.0,REvil,571,6536,-0.07419855007889768,,,770,571,9,181,5,7,0.01576182136602452,0.3169877408056042,27,67,43,19,5,24,0,0,2,0,0,0,0,0,0,0,,0,,,0,1,0,7,2,2,0,0,0,0,1,3,35,8,-6.2,0,0,,,,,,,,
B1103,4dce2a774b73176b76f6732f88c66ca6c80b30f887fdfec74218b266bd54cae3,ransomware,FAILED,Troldesh,cape,static_only,0,0.3,,,,,,,,,,,,,,,,,,,,0,0,0,0,0,0,0,0,0,0,0,,0,,,,,,,,,,,,,,,,,,,,,,,,,,,
B1104,52d15703f2f8c463669b05d48914d0905e2d9c2628f3d48b2f4c935b034e6f64,ransomware,TRUE_ENCRYPTION,Cerber,cape,full,0,10.0,Cerber,318,510,0.9974907074718811,6.1350284603908944,7.331802148336088,171,318,0,46,0,2,0.0,0.14465408805031446,8,15,5,4,6,8,0,0,0,0,0,0,0,0,0,0,,26,0,0,0,1,0,3,0,0,0,0,0,0,0,0,1,0,,0,0,,,,,,,,
B1105,32c51906c182c8c92afbc93cbe674d1b24d855f5f4f0c4c82d076691cce4c7ec,ransomware,FAILED,Dharma,cape,static_only,0,10.0,Dharma,,,,,,,,,,,,,,,,,,,0,0,0,0,0,0,0,0,0,0,0,,0,,,,,,,,,,,,,,,,,,,,,,,,,,,
B1106,349bdb12a75fbfc2803f988862764ba6058b371728930f8dcb248f105ce607f7,ransomware,TRUE_ENCRYPTION,Sodinokibi,cape,full,1,10.0,REvil,785,5782,-0.09960624258621914,,,1351,785,10,184,5,10,0.012738853503184714,0.23439490445859873,29,120,68,36,16,85,0,0,3,0,0,0,0,0,0,0,,5039,0,0,0,1,0,11,3,3,0,0,0,0,2,4,40,8,-9.3,0,0,,,,,,,,
B1107,98c17bca1113eb80a060620686f0883a7cd0845618ace539bf5025b1d4e478a1,ransomware,FAILED,Troldesh,cape,static_only,0,0.3,,,,,,,,,,,,,,,,,,,,0,0,0,0,0,0,0,0,0,0,0,,0,,,,,,,,,,,,,,,,,,,,,,,,,,,
B1108,9a6164b2628a14950961ff1031f5f2a77f3d5920c92174abd6802e66eb2229a9,ransomware,TRUE_ENCRYPTION,Cerber,cape,full,1,9.0,Cerber,415,32,0.778070849297715,4.124142251949753,7.109560535095537,379,415,3,14,1,21,0.007228915662650603,0.033734939759036145,4,94,4,19,71,273,0,0,2,0,0,0,2,2,0,1,,271,4,3,0,1,0,10,0,0,0,2,0,0,4,5,40,6,-119.2,1,1,0,0,,0,628.4,1,1,0.013
B1109,4c99ac9f69cf03b60583b12f94fe442da74178f53030bd2b7703b1d53da6a135,ransomware,FAILED,Dharma,cape,static_only,0,10.0,Dharma,,,,,,,,,,,,,,,,,,,0,0,0,0,0,0,0,0,0,0,0,,0,,,,,,,,,,,,,,,,,,,,,,,,,,,
B1110,7546e51b37738965704fadb25674f7fe69ea047ce5eb425c916cfa3048c78cda,ransomware,WEAK_VICTIM_ACTIVITY,Sodinokibi,cape,full,1,10.0,REvil,184,0,,,,359,184,0,0,0,4,0.0,0.0,0,24,0,19,5,93,0,0,3,0,0,0,0,0,0,0,,0,,,0,0,1,5,0,0,0,0,0,0,2,2,3,0,-6.9,0,0,,,,,,,,
B1111,5ce957bda6a4a2f5b62c522b2313719568fe21cbae7dcfc156c8218fb6794494,ransomware,FAILED,Troldesh,cape,static_only,1,0.3,,,,,,,,,,,,,,,,,,,,440,0,0,5,1,0,0,0,1,2,1,,0,,,,,,,,,,,,,,,,,,,,,,,,,,,
B1112,18fa8f54d2df6708c2c66ed4e3b1e465e1d7464ede7e2d76bde18bf8f620c3e4,ransomware,TRUE_ENCRYPTION,Cerber,cape,full,1,10.0,Cerber,328,509,0.9934121069379883,6.132298862490109,7.287706749607735,189,328,0,46,0,8,0.0,0.1402439024390244,9,23,6,8,9,407,0,0,6,0,0,0,2,1,1,1,,10,0,0,0,1,0,8,0,0,0,0,0,0,0,0,22,0,,0,0,,,,,,,,
B1113,1a8f35d0f2b1a11a5b30e6f05ee5c9e93542fc2f559f8e66cf67f2a1b6ccbeb9,ransomware,FAILED,Dharma,cape,static_only,0,10.0,Dharma,,,,,,,,,,,,,,,,,,,0,0,0,0,0,0,0,0,0,0,0,,0,,,,,,,,,,,,,,,,,,,,,,,,,,,
B1114,6bfd4fd81e590d1aee9451d5fde3cf5d22706a85e71583a4cce1683d50b89df0,ransomware,WEAK_VICTIM_ACTIVITY,Sodinokibi,cape,full,1,10.0,REvil,184,0,,,,362,184,0,0,0,5,0.0,0.0,0,26,0,21,5,85,0,0,3,0,0,0,0,0,0,0,,4335,0,0,0,0,1,6,0,0,0,0,0,0,3,3,3,0,-8.6,0,0,,,,,,,,
B1115,71c3e92e9aeef1f3cc3460b1e83f34d5ae9a8a380d13d772e76d1c4c11278016,ransomware,FAILED,Troldesh,cape,static_only,1,0.3,,,,,,,,,,,,,,,,,,,,440,0,0,5,1,0,0,0,1,2,1,,0,,,,,,,,,,,,,,,,,,,,,,,,,,,
B1116,10c4aa6aeb88bc3da851b75a2363178aa543002233be9eb97464623f7994291d,ransomware,TRUE_ENCRYPTION,Cerber,cape,full,1,9.0,Cerber,555,580,0.8450178929118368,5.2038150298413335,7.18650891867287,540,555,10,94,5,11,0.018018018018018018,0.16936936936936936,15,74,22,28,24,208,0,0,4,1,0,0,1,1,1,2,,219,4,2,0,1,0,13,2,0,0,1,0,0,3,3,280,8,-32.3,2,2,1,1,240.5,104,308.8,0,1,
B1117,0775f6c00ce22c822bb56ed45d658af3647e522d0e462d505e31dfc0f343adde,ransomware,FAILED,Dharma,cape,static_only,0,10.0,Dharma,,,,,,,,,,,,,,,,,,,0,0,0,0,0,0,0,0,0,0,0,,0,,,,,,,,,,,,,,,,,,,,,,,,,,,
B1118,b5e73c65a92abd6d8ea6040739e6b71a207035f1517f3813c56fbac937b8ff06,ransomware,TRUE_ENCRYPTION,Sodinokibi,cape,full,0,10.0,REvil,408,443,-0.01361768322352088,6.278017736795492,6.476157391559539,451,408,11,149,5,6,0.02696078431372549,0.36519607843137253,29,34,7,9,18,1,0,0,0,0,0,0,0,0,0,0,,0,,,0,1,0,7,0,0,0,0,0,0,3,5,30,8,6.6,0,0,,,,,,,,
B1119,50119da56e84ae4baa207a9391a0143fe5aa66c212aeba08e2d6d864af0a0d83,ransomware,NO_VICTIM_ACTIVITY,Troldesh,cape,full,1,9.0,,66,8,0.029433710216932446,5.522519233759232,5.875,33,66,9,3,5,4,0.13636363636363635,0.045454545454545456,3,16,3,7,6,136,0,0,7,1,0,0,1,1,1,2,,207,1,0,0,1,0,5,0,0,0,0,0,0,2,2,15,8,3.7,0,0,,,,,,,,
B1120,75dd3608de0296ec53cebaf935b7142265799894b4eeea2a7794a059ffc5e3e6,ransomware,TRUE_ENCRYPTION,Cerber,cape,full,1,9.0,Cerber,1239,110,0.7472255358046406,3.964616407567811,7.187806033218749,269,1239,4,97,1,59,0.003228410008071025,0.07828894269572235,15,97,15,5,77,273,0,0,2,0,0,0,2,2,0,1,,542,4,3,0,1,0,23,0,0,0,2,0,0,4,8,41,8,-119.1,1,1,0,0,,0,569.8,1,1,0.025
B1121,5c57baa8a5c31d138e3d3d325cdb70a3d851061586d4a8ab961b123c357cc64a,ransomware,FAILED,Dharma,cape,static_only,0,10.0,Dharma,,,,,,,,,,,,,,,,,,,0,0,0,0,0,0,0,0,0,0,0,,0,,,,,,,,,,,,,,,,,,,,,,,,,,,
B1122,74bc2f9a81ad2cc609b7730dbabb146506f58244e5e655cbb42044913384a6ac,ransomware,TRUE_ENCRYPTION,Sodinokibi,cape,full,1,10.0,REvil,388,0,,,,307,388,1998,158,0,7,5.149484536082475,0.4072164948453608,689,71,4,8,59,183,0,0,3,0,0,0,1,0,2,1,,0,,,0,0,1,6,2,2,0,0,0,0,2,2,58,6,-0.3,0,0,,,,,,,,
B1123,3e98eb61e6b238064ffcecbcb974076da7839d22ee78187b764a7cbda561e8e3,ransomware,NO_VICTIM_ACTIVITY,Troldesh,cape,full,1,9.0,,65,8,0.016183706635943176,5.398707834246957,5.760229157204469,32,65,9,3,5,3,0.13846153846153847,0.046153846153846156,3,16,3,7,6,249,0,0,6,0,0,0,0,0,2,0,,207,1,1,0,1,0,4,0,0,0,0,0,0,1,1,27,8,-368.2,0,0,,,,,,,,
B1124,a3f6405a4093b2c4ae24b1c097b7b6903d4d014bb4761e30ffbf4c398e426c1a,ransomware,TRUE_ENCRYPTION,Cerber,cape,full,1,9.0,,407,509,0.9760841271564223,6.1210280238399175,7.303500927641414,415,407,10,48,5,35,0.02457002457002457,0.11793611793611794,12,62,6,15,41,544,3,1,3,0,0,0,1,0,0,2,,223,3,1,0,0,1,17,0,0,0,1,0,0,2,6,262,8,-30.3,1,1,0,0,,0,471.9,1,1,0.139
B1125,40ca770fe8a5c994872adf7e0f72ee131960ef65d34b88a66d7047b29f763055,ransomware,TRUE_ENCRYPTION,Dharma,cape,full,1,10.0,Dharma,329,0,,,,657,329,2644,933,0,17,8.036474164133738,2.835866261398176,102,161,30,13,118,405,0,0,3,0,0,0,0,0,0,0,,0,,,0,0,1,12,1,0,0,0,0,0,2,2,10,0,-366.3,2,1,0,0,,0,207.2,1,1,0.482
B1126,b78469fb8eff53d82081bdcb0dbb3436f239b8ca6ef7fd800ce5ba7e098c256f,ransomware,TRUE_ENCRYPTION,Sodinokibi,cape,full,1,10.0,REvil,493,6332,-0.03953092365774013,6.318233265117157,6.867817613732499,704,493,10,155,5,5,0.02028397565922921,0.3144016227180527,28,69,26,25,18,24,0,0,2,0,0,0,0,0,0,0,,0,,,0,1,0,6,0,0,0,0,0,0,3,5,31,8,-6.2,0,0,,,,,,,,
B1127,14fe0fa7e16253e53ce4c25616e08006ad09330bea8df9161a47b2815cd83067,ransomware,NO_VICTIM_ACTIVITY,Troldesh,cape,full,1,8.0,,63,0,,,,25,63,9,2,5,3,0.14285714285714285,0.031746031746031744,3,13,2,6,5,247,0,0,5,0,0,0,5,0,2,1,,207,1,0,0,0,1,4,0,0,0,0,0,0,1,1,25,8,-363.2,0,0,,,,,,,,
B1128,d98f9c981da1fa1dfba351472d8eec3ab2adf6b2b58b1c4ec42ac8204fbfb45a,ransomware,TRUE_ENCRYPTION,Cerber,cape,full,1,9.0,,443,522,0.9453036536416547,6.102454841126668,7.331831082883913,472,443,12,49,5,10,0.02708803611738149,0.11060948081264109,12,46,8,16,22,165,0,0,8,0,0,0,2,1,0,1,,242,3,2,0,1,0,12,0,0,0,1,0,0,1,1,264,8,-47.0,1,1,0,0,,0,303.0,1,1,0.332
B1129,ebb17d81ffb02c01b4f49c7267246f243272ca2aecda68a44e89a33f74a47a0f,ransomware,FAILED,Dharma,cape,static_only,0,10.0,Dharma,,,,,,,,,,,,,,,,,,,0,0,0,0,0,0,0,0,0,0,0,,0,,,,,,,,,,,,,,,,,,,,,,,,,,,
B1130,a29f63484f53d2cf832b2bc70d6b66378b87b86221f885d0f43166503d631ef3,ransomware,TRUE_ENCRYPTION,Sodinokibi,cape,full,0,10.0,REvil,440,459,-0.012883462194763301,6.343371457598911,6.476157391559539,650,440,10,135,5,12,0.022727272727272728,0.3068181818181818,27,69,7,21,41,2,0,0,0,0,0,0,0,0,0,0,,0,,,0,1,0,10,0,0,0,0,0,0,6,9,48,11,4.8,0,0,,,,,,,,
B1131,b7d5c66725810c90c16eac28adfed02a40ea845d38f7a2ff2d6020c1092f21b7,ransomware,NO_VICTIM_ACTIVITY,Troldesh,cape,full,1,9.0,,65,8,0.018504875786324794,5.498084882516152,5.81854976476976,32,65,9,3,5,5,0.13846153846153847,0.046153846153846156,3,21,2,7,12,92,0,0,7,0,0,0,0,1,2,0,,196,1,1,0,1,0,6,0,0,0,0,0,0,2,2,15,8,4.9,0,0,,,,,,,,
B1132,3a7e74f0ecf5c9b44add16fceb394def8a7789334906a710e476e7f361cd38c2,ransomware,TRUE_ENCRYPTION,Cerber,cape,full,1,9.0,Cerber,1171,7,-0.008604021348178031,5.480742708135589,7.154130494213572,350,1171,13,98,1,27,0.011101622544833475,0.08368915456874466,14,121,16,23,82,171,0,0,1,0,0,0,0,0,1,0,,508,4,4,0,1,0,21,2,0,0,2,0,0,4,4,49,8,-16.2,2,2,0,0,,0,634.2,2,1,0.013
B1133,b6b2c1f4bbe4259e0279a0c3db98a69db12ab6ae0b549085c714f1497f3c8300,ransomware,TRUE_ENCRYPTION,Dharma,cape,full,0,10.0,Dharma,463,0,,,,594,463,2613,855,0,14,5.643628509719222,1.8466522678185746,90,192,38,17,137,9,0,0,0,0,0,0,0,0,0,0,,0,,,0,0,1,10,1,0,0,0,0,0,2,2,10,0,-257.3,2,1,0,0,,0,242.3,1,1,0.284
B1134,56e7073e0f7b2cacaa30f77eaee4b036b480b1992ade5e55bfa2ff062eda4d8a,ransomware,TRUE_ENCRYPTION,Sodinokibi,cape,full,0,10.0,REvil,427,471,-0.01962440675567425,6.283008043066679,6.476157391559539,533,427,11,163,5,20,0.02576112412177986,0.38173302107728335,31,48,9,10,29,2,0,0,0,0,0,0,0,0,0,0,,0,,,0,1,0,10,0,0,0,0,0,0,5,12,33,8,6.1,0,0,,,,,,,,
B1135,a8c452946e291216b7bba41b8e7f9a3eb5ee9178c9559e4b5017ed832d90b94f,ransomware,NO_VICTIM_ACTIVITY,Troldesh,cape,full,1,9.0,,66,8,0.02927285013891153,5.49204608270452,5.85113824811356,32,66,9,3,5,4,0.13636363636363635,0.045454545454545456,3,17,4,8,5,195,0,0,0,0,0,0,0,0,0,0,,207,1,1,0,1,0,5,0,0,0,0,0,0,1,1,29,8,-370.7,0,0,,,,,,,,
B1136,eec41a3e29e670a2590f9e37a8e1640853dd92aa70e00661c9e047b61273757d,ransomware,TRUE_ENCRYPTION,Cerber,cape,full,1,9.0,,431,494,0.9147531434178306,6.107059030317257,7.2977458599402265,452,431,12,46,5,10,0.027842227378190254,0.10672853828306264,12,48,8,17,23,165,0,0,8,0,0,0,2,1,0,1,,242,3,2,0,1,0,12,0,0,0,1,0,0,1,1,264,8,-53.5,1,1,0,0,,0,302.7,1,1,0.359
B1137,7b93299c4559e89716a9b37f4a43c1b084c610ad1d9d8e462a1383320e299503,ransomware,FAILED,Dharma,cape,static_only,0,10.0,Dharma,,,,,,,,,,,,,,,,,,,0,0,0,0,0,0,0,0,0,0,0,,0,,,,,,,,,,,,,,,,,,,,,,,,,,,
B1138,2bad63edfca3e163691110868bfafe4c2fea3ee72f5dc520bee5d4401cec3cec,ransomware,TRUE_ENCRYPTION,Sodinokibi,cape,full,1,10.0,REvil,527,6869,-0.0818317034216768,6.283528415522466,6.8948296013004695,706,527,9,158,5,9,0.017077798861480076,0.2998102466793169,27,88,41,28,19,24,0,0,2,0,0,0,0,0,0,0,,0,,,0,1,0,8,0,0,0,0,0,0,5,7,46,11,-4.2,0,0,,,,,,,,
B1139,e5093e304a50d34cdf67ee8e49713c6131d6740e664ea49d9c98682336e3141a,ransomware,NO_VICTIM_ACTIVITY,Troldesh,cape,full,1,9.0,,4,8,0.21654639651215016,5.5760666047455745,5.940404017720933,10,4,0,1,0,4,0.0,0.25,1,6,1,1,4,571,0,0,7,1,0,0,0,1,2,1,,207,1,0,0,1,0,3,0,0,0,0,0,0,2,2,17,3,9.1,0,0,,,,,,,,
B1140,1255ae363438f2b5cd225c2f1863bb27d337fa247d4f49328ac1d0ad3592a665,ransomware,TRUE_ENCRYPTION,Cerber,cape,full,1,10.0,Cerber,328,488,0.9927932089208225,6.175282079584988,7.30160527679355,318,328,1,47,0,8,0.003048780487804878,0.14329268292682926,10,22,5,8,9,53,0,0,1,0,0,0,0,0,0,0,,0,,,0,1,0,9,0,0,0,1,0,0,0,0,22,0,,1,1,0,0,,0,29.5,0,0,
B1141,6734e7474c81f5b7b0c006a17b79f59e3281f45f03910ddeeae2ea05291655fd,ransomware,FAILED,Dharma,cape,static_only,0,10.0,Dharma,,,,,,,,,,,,,,,,,,,0,0,0,0,0,0,0,0,0,0,0,,0,,,,,,,,,,,,,,,,,,,,,,,,,,,
B1142,861e2544ddb9739d79b265aab1e327d11617bc9d9c94bc5b35282c33fcb419bc,ransomware,FAILED,Sodinokibi,cape,static_only,0,0.8,,,,,,,,,,,,,,,,,,,,0,0,0,0,0,0,0,0,0,0,0,,0,,,,,,,,,,,,,,,,,,,,,,,,,,,
B1143,e43fb62c12fcf1be9f9982e81a59350a8f9dd2389198c0b332cef832a63aac0f,ransomware,NO_VICTIM_ACTIVITY,Troldesh,cape,full,0,9.0,,64,3,0.018870090994020764,5.78125,5.78125,32,64,9,3,5,4,0.140625,0.046875,3,17,4,8,5,7,0,0,0,0,0,0,0,0,1,0,,207,1,1,0,1,0,5,0,0,0,0,0,0,2,2,15,8,2.6,0,0,,,,,,,,
B1144,7a61ca0cd624f85a02a3d168764a589593ff19ca4edb41be92f16ffb521ffad1,ransomware,TRUE_ENCRYPTION,Cerber,cape,full,1,9.0,Cerber,1302,114,0.7221402409007279,3.984381668259162,7.198599548843471,454,1302,13,100,1,25,0.009984639016897081,0.07680491551459294,15,109,16,16,77,273,0,0,2,0,0,0,2,2,0,1,,271,4,3,0,1,0,16,0,0,0,2,0,0,1,1,49,7,-399.4,1,1,0,0,,0,609.4,1,1,0.015
B1145,1de8054e71f00406e617230fc22017bfd66c78b216a57cec085ca6a5cb2f24a1,ransomware,TRUE_ENCRYPTION,Dharma,cape,full,1,10.0,Dharma,877,0,,,,1038,877,1726,1017,0,6,1.968072976054732,1.1596351197263397,84,207,51,10,146,73,0,0,7,0,3,0,1,1,0,2,,0,,,0,0,1,3,1,0,0,0,0,0,0,0,1,0,,2,1,0,0,,0,298.2,1,1,0.102
B1146,ecac12520eaa08addb97ed05c2ac1406d56e58eb422954b704ef5c5516e02397,ransomware,TRUE_ENCRYPTION,Sodinokibi,cape,full,0,10.0,REvil,309,6166,-0.02281372738945748,6.8948296013004695,6.8948296013004695,141,309,1990,114,0,5,6.440129449838188,0.36893203883495146,682,26,3,10,13,0,0,0,0,0,0,0,0,0,0,0,boost,0,,,,,,5,2,2,0,0,0,0,1,1,11,0,-358.4,0,0,,,,,,,,
B1147,213ccc660b77060313c9842e1d2d0215b5909235d54140daa21f0110c50e4715,ransomware,NO_VICTIM_ACTIVITY,Troldesh,cape,full,1,9.0,,112,8,0.005166529058046843,5.423151627592898,5.75,289,112,9,3,5,8,0.08035714285714286,0.026785714285714284,3,54,3,18,33,572,0,0,8,0,0,0,4,1,2,1,,207,1,0,0,1,0,7,0,0,0,0,0,0,4,5,30,11,-106.2,0,0,,,,,,,,
B1148,6b9693bfc7e7b3d26bafb65e7368c091e874fc8b05ca202076fd3ee3c2e9550a,ransomware,TRUE_ENCRYPTION,Cerber,cape,full,1,9.0,,360,518,0.9805121310903587,6.10543781908169,7.288238218275155,416,360,4,45,0,10,0.011111111111111112,0.125,11,40,5,13,22,165,0,0,7,0,0,0,0,1,0,0,,242,3,3,0,1,0,12,0,0,0,1,0,0,1,1,239,0,-55.5,1,1,0,0,,0,607.7,1,1,0.181
B1149,276727bfacdeba0ba864fd6ccecab5fd0f244576dc503d7cf148a4deb90fc136,ransomware,TRUE_ENCRYPTION,Dharma,cape,full,0,10.0,Dharma,450,0,,,,581,450,2544,868,0,3,5.653333333333333,1.9288888888888889,81,329,53,11,265,9,0,0,0,0,0,0,0,0,0,0,,0,,,0,0,1,3,1,0,0,0,0,0,0,0,1,0,,1,1,0,0,,0,562.1,1,1,0.294
B1150,0c10cf1b1640c9c845080f460ee69392bfaac981a4407b607e8e30d2ddf903e8,ransomware,TRUE_ENCRYPTION,Sodinokibi,cape,full,0,9.0,Sodinokibi,64,0,,,,174,64,6,312,0,27,0.09375,4.875,25,78,12,7,59,0,0,0,0,0,0,0,0,0,0,0,,0,,,,,,11,0,0,0,0,0,0,4,6,13,0,-15.4,0,0,,,,,,,,
B1151,701d3db21920f78b8ed2eb6b4286f858277928f50d567c9c6594bd1971e9c07e,ransomware,NO_VICTIM_ACTIVITY,Troldesh,cape,full,1,9.0,,7,5,-0.01084787941646977,5.287451009286218,5.663909765557392,9,7,1,2,0,4,0.14285714285714285,0.2857142857142857,2,9,1,3,5,407,0,0,5,1,0,0,0,0,2,1,,207,1,0,0,1,0,5,0,0,0,0,0,0,2,2,6,0,-0.9,0,0,,,,,,,,
B1152,331cc04171c61e3b49128146d708622058815469911fe15aad1f16a4d0ff1fe1,ransomware,NO_VICTIM_ACTIVITY,Cerber,cape,full,1,10.0,Cerber,0,20,,5.31506827040083,7.210379307454025,3,0,0,0,0,0,,,0,1,0,0,1,437,0,0,9,1,0,0,3,1,2,2,,10,0,0,0,1,0,0,0,0,0,0,0,0,0,0,0,0,,0,0,,,,,,,,
B1153,4c21b335baf9907cfaec588f25354b804b3d59f3882d923fbaf0d929b933ef49,ransomware,TRUE_ENCRYPTION,Dharma,cape,full,0,10.0,Dharma,137,0,,,,170,137,44,8,0,3,0.32116788321167883,0.058394160583941604,9,31,12,9,10,9,0,0,0,0,0,0,0,0,0,0,,0,,,0,0,1,3,1,0,0,0,0,0,0,0,1,0,,1,1,0,0,,0,27.7,0,0,
B1154,b8a3da8c60459974767732321a29b91dfea59ab5ad993caf832f2bb2484b5c96,ransomware,TRUE_ENCRYPTION,Sodinokibi,cape,full,0,9.0,Scarab-Dharma,938,1433,-0.002711243598757398,4.026473488359808,6.535079882778696,903,938,57,0,0,4,0.060767590618336885,0.0,16,29,13,10,6,1,0,0,0,0,0,0,0,0,0,0,,0,,,0,1,0,6,2,2,0,0,0,0,0,0,10,0,,0,0,,,,,,,,
B1155,5013dc9e2ddbe9ddd90af638466379f876b70ebe504d62e72ed166480a4d4f83,ransomware,NO_VICTIM_ACTIVITY,Troldesh,cape,full,0,9.0,,8,8,-0.008045505339100941,5.363204882778696,5.675704882778696,10,8,1,2,0,6,0.125,0.25,2,13,0,4,9,19,0,0,0,0,0,0,0,0,0,0,,207,1,1,0,1,0,7,0,0,0,0,0,0,2,2,19,3,-33.1,0,0,,,,,,,,
B1156,fca593068c0edebe88c5393b04c10c717d136f7edc3749d8ecb23ab98322c7ed,ransomware,TRUE_ENCRYPTION,Cerber,cape,full,1,10.0,Cerber,380,533,0.9550104885978328,6.128803145553957,7.329005284615693,360,380,1,47,0,15,0.002631578947368421,0.12368421052631579,10,69,15,27,27,45,0,0,0,0,0,0,0,0,0,0,,16,0,0,0,1,0,15,0,0,0,1,0,0,1,1,38,1,-94.6,1,1,0,0,,0,308.9,1,1,0.432
B1157,a191d7d045dcf61582f2257bded2734b4ca424b1cf66ff519763c1888ec83190,ransomware,FAILED,Dharma,cape,static_only,0,10.0,Dharma,,,,,,,,,,,,,,,,,,,0,0,0,0,0,0,0,0,0,0,0,,0,,,,,,,,,,,,,,,,,,,,,,,,,,,
B1158,02a526d298e49da19220022a71e31434183e520c2845c6f3eb23169602f0ed63,ransomware,NO_VICTIM_ACTIVITY,Sodinokibi,cape,full,0,2.9999999999999996,,9,2,-0.05554180090653797,3.0,3.0,17,9,1,0,0,0,0.1111111111111111,0.0,1,9,0,3,6,1,0,0,0,0,0,0,0,0,0,0,,0,,,0,1,0,0,0,0,0,0,0,0,0,0,16,0,,0,0,,,,,,,,
B1159,e3f6a7a2d6628adf2956c3c1f387c2bd178b48e170a71368ae3e7f8c20b8e213,ransomware,NO_VICTIM_ACTIVITY,Troldesh,cape,full,1,9.0,,8,5,0.5542428015201347,5.265625,5.78125,10,8,1,2,0,4,0.125,0.25,2,9,0,2,7,362,0,0,5,1,0,0,0,0,2,1,,1046,1,0,0,1,0,5,0,0,0,0,0,0,2,2,6,0,-3.8,0,0,,,,,,,,
B1160,cbd0406e2311f9852fc7d5e836ce28886b84bf95aa9ff4b0f27beddd8c35fd6c,ransomware,NO_VICTIM_ACTIVITY,Cerber,cape,full,1,9.0,,16,5,-0.007687430677555122,6.96936710389951,6.96936710389951,30,16,4,0,1,33,0.25,0.0,2,46,0,4,42,171,0,0,1,0,0,0,0,0,1,0,,508,4,4,0,1,0,22,3,0,0,2,0,0,4,4,33,3,-74.8,2,2,0,0,,0,71.7,2,1,0.315
B1161,aa63528bf720d3f9b31e91945a576afa4c609a09c07b3bbfc29351d760a71ccd,ransomware,FAILED,Dharma,cape,static_only,0,10.0,Dharma,,,,,,,,,,,,,,,,,,,0,0,0,0,0,0,0,0,0,0,0,,0,,,,,,,,,,,,,,,,,,,,,,,,,,,
B1162,15e3b8471e4afea6e07423d88c141e9ae454c27fa901fe320f0885298426abec,ransomware,NO_VICTIM_ACTIVITY,Sodinokibi,cape,full,0,2.9999999999999996,,9,2,-0.047633051162246684,3.0,3.0,17,9,1,0,0,0,0.1111111111111111,0.0,1,10,0,3,7,1,0,0,0,0,0,0,0,0,0,0,,0,,,0,1,0,0,0,0,0,0,0,0,0,0,16,0,,0,0,,,,,,,,
B1163,e39fd52523f742331dc20ee90a051e456561481ef4c360a40ffaac292cb6c37b,ransomware,NO_VICTIM_ACTIVITY,Troldesh,cape,full,1,9.0,,8,8,-0.007496032508330181,5.56315856324089,5.868521659182304,10,8,1,2,0,5,0.125,0.25,2,12,0,4,8,137,0,0,4,0,0,0,0,0,0,0,,207,1,1,0,1,0,6,0,0,0,0,0,0,2,2,6,0,-31.2,0,0,,,,,,,,
B1164,1eef5d3f564b8768d3356319fb4bd081b961bfb2fd7fefce3f4dadc80ef534d4,ransomware,NO_VICTIM_ACTIVITY,Cerber,cape,full,1,9.0,,64,7,-0.008074545908376696,7.129168152316841,7.129168152316841,326,64,5,1,1,22,0.078125,0.015625,3,114,0,17,97,273,0,0,2,0,0,0,2,2,0,1,,271,4,3,0,1,0,21,0,0,0,2,0,0,3,4,35,8,-125.2,1,1,0,0,,0,649.1,1,1,0.066
B1165,83b294975e094024bdeb90f5cdeb9832304cf6879a27eee5cfe08650e5731674,ransomware,FAILED,Dharma,cape,static_only,0,10.0,Dharma,,,,,,,,,,,,,,,,,,,0,0,0,0,0,0,0,0,0,0,0,,0,,,,,,,,,,,,,,,,,,,,,,,,,,,
B1166,9f256973ee6ddcd3d781761480c00220a140fad833dc9a6a085f45c419d1714e,ransomware,TRUE_ENCRYPTION,Sodinokibi,cape,full,0,10.0,REvil,1465,3,-0.006894342914161538,2.751991204585117,2.751991204585117,1444,1465,9,549,0,8,0.0061433447098976105,0.3747440273037543,56,150,18,34,98,17,0,0,0,0,0,0,0,0,0,0,,0,,,0,1,0,7,0,0,0,0,0,0,5,7,16,0,-10.3,0,0,,,,,,,,
B1167,e920835548ad7b62943d9e1f9fac3cb32112b9cf8c02acbeb8d60c17e08c0818,ransomware,NO_VICTIM_ACTIVITY,Troldesh,cape,full,1,9.0,,8,5,0.6646780913563028,5.375,5.875,10,8,1,2,0,6,0.125,0.25,2,13,0,4,9,31,0,0,0,0,0,0,0,0,0,0,,207,1,1,0,1,0,7,0,0,0,0,0,0,2,2,19,3,-80.5,0,0,,,,,,,,
B1168,e464a735624284456d3eb1708d718c768afbf5f4ed603984bdacdc7120408765,ransomware,TRUE_ENCRYPTION,Cerber,cape,full,1,10.0,Cerber,359,533,0.9790818635345079,6.132764255330976,7.291894018838184,352,359,2,48,0,15,0.005571030640668524,0.13370473537604458,11,60,18,16,26,53,0,0,1,0,0,0,0,0,0,0,,10,0,0,0,1,0,15,0,0,0,1,0,0,2,2,29,0,-33.3,1,1,0,0,,0,285.2,1,1,0.431
B1169,622e2834e51caa303d120c7503d8fcce671226a0342d7be0f8cf546b44cee195,ransomware,TRUE_ENCRYPTION,Dharma,cape,full,0,10.0,Dharma,80,0,,,,114,80,13,5,0,3,0.1625,0.0625,5,21,6,12,3,9,0,0,0,0,0,0,0,0,0,0,,0,,,0,0,1,3,1,0,0,0,0,0,0,0,1,0,,1,1,0,0,,0,19.5,0,0,
B1170,7cd8f10164a6c3209574751d16c4e9297334f11a08ade649055450d41e0d31e9,ransomware,TRUE_ENCRYPTION,Sodinokibi,cape,full,0,10.0,REvil,1105,3,-0.008101389220585285,2.751991204585117,2.751991204585117,1057,1105,11,543,0,10,0.009954751131221719,0.49140271493212667,54,80,19,20,41,17,0,0,0,0,0,0,0,0,0,0,,0,,,0,1,0,5,0,0,0,0,0,0,4,6,12,0,-5.4,0,0,,,,,,,,
B1171,e987d7cfccfc0718988a08971314cc56c07be7ff1985dd64d70165c7850b4b66,ransomware,NO_VICTIM_ACTIVITY,Troldesh,cape,full,1,9.0,,8,8,0.14083499491745613,5.456954882778696,5.800704882778696,10,8,1,2,0,5,0.125,0.25,2,13,0,5,8,339,0,0,3,0,0,0,0,2,2,0,,207,1,1,0,1,0,6,0,0,0,0,0,0,2,2,6,0,-45.0,0,0,,,,,,,,
B1172,96e4b1a3d225d6a3a49b89d3a4a0f2095e5e667ecc2168fc91fbc1612fdfab1b,ransomware,TRUE_ENCRYPTION,Cerber,cape,full,1,9.0,,434,551,0.8904259711887822,6.083329465220369,7.275690710927494,457,434,12,49,5,25,0.027649769585253458,0.11290322580645161,12,91,13,24,54,165,0,0,7,0,0,0,0,1,0,0,,242,3,3,0,1,0,21,0,0,0,1,0,0,2,3,249,8,-53.1,1,1,0,0,,0,570.4,1,1,0.436
B1173,2354403f00f096f700e5616ed1a5ccd40fe53a1bb35a5e93e429f5f24fa4483b,ransomware,FAILED,Dharma,cape,static_only,0,10.0,Dharma,,,,,,,,,,,,,,,,,,,0,0,0,0,0,0,0,0,0,0,0,,0,,,,,,,,,,,,,,,,,,,,,,,,,,,
B1174,ab0aa003d7238940cbdf7393677f968c4a252516de7f0699cd4654abd2e7ae83,ransomware,TRUE_ENCRYPTION,Sodinokibi,cape,full,0,10.0,REvil,365,0,,,,780,365,10,147,0,19,0.0273972602739726,0.40273972602739727,26,149,10,22,117,17,0,0,0,0,0,0,0,0,0,0,,0,,,0,0,1,9,0,0,0,0,0,0,6,9,24,0,-5.7,0,0,,,,,,,,
B1175,e93b9a00886b7a569dc09337361d246c4ac74d3a061579ea4ad33b9ad19f7bde,ransomware,NO_VICTIM_ACTIVITY,Troldesh,cape,full,1,9.0,,7,6,0.3587809352888781,5.888364600756323,5.90625,9,7,1,2,0,4,0.14285714285714285,0.2857142857142857,2,11,0,3,8,594,0,0,7,1,0,0,0,1,2,1,,207,1,0,0,1,0,5,0,0,0,0,0,0,2,2,6,0,4.4,0,0,,,,,,,,
B1176,726f87f336b6d8257d564bf27f2f8fd22ee3a9a6da2e2a2103fe764a5e8af04d,ransomware,TRUE_ENCRYPTION,Cerber,cape,full,1,9.0,,388,534,0.9263445200361973,6.0984690707133264,7.304053488790011,448,388,4,47,0,27,0.010309278350515464,0.1211340206185567,11,78,15,15,48,165,0,0,8,0,0,0,2,1,0,1,,242,3,2,0,1,0,20,0,0,0,1,0,0,2,2,244,0,-134.3,1,1,0,0,,0,327.5,1,1,0.765
B1177,67a00565a4c5fc9f08543cb10bfa3858801f87a558e21ad36d514c9bedb10e5d,ransomware,FAILED,Dharma,cape,static_only,0,10.0,Dharma,,,,,,,,,,,,,,,,,,,0,0,0,0,0,0,0,0,0,0,0,,0,,,,,,,,,,,,,,,,,,,,,,,,,,,
B1178,c2cf2118550a0fd7f81fe9913fe36be24c03a0ae5430b94557e0ee71c550a58c,ransomware,NO_VICTIM_ACTIVITY,Sodinokibi,cape,full,1,0.8,,6,0,,,,1,6,0,0,0,0,0.0,0.0,0,2,0,1,1,46,0,0,5,0,0,0,0,1,0,0,,0,,,0,0,1,0,0,0,0,0,0,0,0,0,0,0,,0,0,,,,,,,,
B1179,446a7327773eff4c2cbd0ded843603517e1f06ae2dcc194d0fa525de5f3d98af,ransomware,TRUE_ENCRYPTION,Cerber,cape,full,1,9.0,,366,493,0.9182025280866266,6.091416673979383,7.301433251809458,430,366,4,44,0,28,0.01092896174863388,0.12021857923497267,11,81,11,20,50,165,0,0,8,0,0,0,2,1,0,1,,242,3,2,0,1,0,21,0,0,0,1,0,0,2,3,247,0,-45.0,1,1,0,0,,0,323.8,1,1,0.661
B1180,403b8f1ce98aeb6f4a7cfc23693c5a9799e0239806a4850b4eaad58ab7bedb40,ransomware,FAILED,Dharma,cape,static_only,0,10.0,Dharma,,,,,,,,,,,,,,,,,,,0,0,0,0,0,0,0,0,0,0,0,,0,,,,,,,,,,,,,,,,,,,,,,,,,,,
B1181,9b11711efed24b3c6723521a7d7eb4a52e4914db7420e278aa36e727459d59dd,ransomware,TRUE_ENCRYPTION,Sodinokibi,cape,full,0,10.0,REvil,254,0,,,,400,254,18,72,5,6,0.07086614173228346,0.28346456692913385,23,98,7,37,54,12,0,0,0,0,0,0,0,0,0,0,,0,,,0,0,1,7,0,0,0,0,0,0,3,5,39,8,-7.8,0,0,,,,,,,,
B1182,3d027f93694b68a89a385c28217b35806eec19e6f9433da82a2b61eb85398019,ransomware,TRUE_ENCRYPTION,Cerber,cape,full,0,10.0,Cerber,309,485,0.9948398755906825,6.142326197123913,7.304382031114784,163,309,1,44,0,2,0.003236245954692557,0.1423948220064725,9,16,5,4,7,8,0,0,0,0,0,0,0,0,0,0,,26,0,0,0,1,0,3,0,0,0,0,0,0,0,0,8,0,,0,0,,,,,,,,
B1183,6e228df5e458ddcd6a9b5284418b6101cb988315d3910f1b422d511135acd462,ransomware,FAILED,Dharma,cape,static_only,0,10.0,Dharma,,,,,,,,,,,,,,,,,,,0,0,0,0,0,0,0,0,0,0,0,,0,,,,,,,,,,,,,,,,,,,,,,,,,,,
B1184,d55f983c994caa160ec63a59f6b4250fe67fb3e8c43a388aec60a4a6978e9f1e,ransomware,TRUE_ENCRYPTION,Sodinokibi,cape,full,1,10.0,REvil,189,0,,,,220,189,17,47,5,6,0.08994708994708994,0.24867724867724866,18,69,6,15,48,71,0,0,5,0,0,0,0,0,2,0,openssl,106,0,0,0,0,1,7,0,0,0,0,0,0,3,5,52,8,-16.2,0,0,,,,,,,,
B1185,0927d239277035f28b64f69428bca288a2efed9cbcf2addfe0c43cf32b7a180f,ransomware,TRUE_ENCRYPTION,Cerber,cape,full,0,10.0,Cerber,320,501,0.9939397655371032,6.116676294110976,7.3037790148100745,164,320,1,47,0,2,0.003125,0.146875,9,19,6,4,9,8,0,0,0,0,0,0,0,0,0,0,,26,0,0,0,1,0,3,0,0,0,0,0,0,0,0,1,0,,0,0,,,,,,,,
B1186,a6ed8beb599f2aa594298076a2e8312871a2b12feb8e5d072d51335f21f85d7b,ransomware,TRUE_ENCRYPTION,Dharma,cape,full,1,10.0,Dharma,777,0,,,,1061,777,3060,922,0,18,3.9382239382239383,1.1866151866151866,123,228,38,14,176,180,0,0,4,0,1,0,0,0,2,1,,0,,,0,0,1,13,1,0,0,0,0,0,5,6,59,3,-143.4,1,1,0,0,,0,292.4,1,1,0.426
B1187,fd164c4c121371f94cfd3a034ad8cf8edc7c0f7141a8f4c9da1683d41b212a87,ransomware,TRUE_ENCRYPTION,Sodinokibi,cape,full,0,10.0,REvil,287,0,,,,640,287,17,75,5,9,0.059233449477351915,0.2613240418118467,23,106,6,31,69,12,0,0,0,0,0,0,0,0,0,0,,0,,,0,0,1,10,0,0,0,0,0,0,6,9,70,11,-3.3,0,0,,,,,,,,
B1188,a71db9bee94bb26348cf911d8aae34e84cdf94317ce65e1bd749391125ffaade,ransomware,TRUE_ENCRYPTION,Cerber,cape,full,1,9.0,Cerber,415,438,0.8178833966951687,5.208983836927294,7.193657670125216,499,415,10,72,5,10,0.024096385542168676,0.17349397590361446,15,73,18,30,25,172,0,0,0,0,0,0,0,0,0,0,,219,3,3,0,1,0,13,2,0,0,1,0,0,3,3,280,8,-34.6,2,2,1,1,241.7,82,310.7,0,1,
B1189,30140a3a441d4d92bc78e6726d9de9a293e83f812c16658222c32ce408c453ba,ransomware,TRUE_ENCRYPTION,Dharma,cape,full,1,10.0,Dharma,476,0,,,,786,476,2738,959,0,17,5.7521008403361344,2.014705882352941,110,239,29,22,188,180,0,0,4,0,1,0,0,0,2,1,,0,,,0,0,1,11,1,0,0,0,0,0,1,1,46,0,-500.2,2,1,0,0,,0,249.4,1,1,0.435
B1190,de20c90de7becbb2f8b92ac42d71a3db3db498472746d0d6f53c368dadba44b0,ransomware,TRUE_ENCRYPTION,Sodinokibi,cape,full,0,10.0,REvil,174,0,,,,195,174,17,41,5,32,0.09770114942528736,0.23563218390804597,15,74,5,14,55,12,0,0,0,0,0,0,0,0,0,0,,0,,,0,0,1,12,0,0,0,0,0,0,4,10,38,8,-4.1,0,0,,,,,,,,
B1191,b56a8326c87bb9f8aa3d277dbd99c0657dd518fbc6f142ab61276e42bf9b1973,ransomware,TRUE_ENCRYPTION,Cerber,cape,full,1,9.0,,402,511,0.981628252656013,6.139204442223045,7.309379748622011,419,402,10,47,5,11,0.024875621890547265,0.11691542288557213,12,41,4,16,21,544,3,1,3,0,0,0,1,0,0,2,,223,3,1,0,0,1,13,0,0,0,1,0,0,3,3,277,11,-32.8,1,1,0,0,,0,298.0,1,1,0.227
B1192,0b2467264b2544634a7252314e585b10b618d1e752b2aa7fd46c59210b9b93f6,ransomware,NO_VICTIM_ACTIVITY,Dharma,cape,full,0,10.0,Dharma,34,0,,,,67,34,0,0,0,3,0.0,0.0,0,10,0,8,2,8,0,0,0,0,0,0,0,0,0,0,,0,,,0,0,1,3,1,0,0,0,0,0,0,0,1,0,,1,1,0,,,,,,,
B1193,db59d4ab0aaf660fe778f9190102e1b808bc5d357026736ca335e4858ec512eb,ransomware,TRUE_ENCRYPTION,Sodinokibi,cape,full,0,10.0,REvil,271,0,,,,370,271,17,87,5,5,0.06273062730627306,0.3210332103321033,22,62,6,10,46,12,0,0,0,0,0,0,0,0,0,0,,0,,,0,0,1,6,0,0,0,0,0,0,3,5,51,8,-2.6,0,0,,,,,,,,
B1194,e12a4ebbb7481c4e357853bd2613a51bfc5186cba74e2d45918c8e3d4a63d1ee,ransomware,TRUE_ENCRYPTION,Cerber,cape,full,1,10.0,Cerber,330,512,0.993018661364481,6.1296033197224284,7.332909160386718,332,330,0,47,0,8,0.0,0.14242424242424243,9,25,5,8,12,407,0,0,6,0,0,0,2,1,1,1,,20,0,0,0,1,0,9,0,0,0,1,0,0,0,0,22,0,,0,0,,,,,,,,
B1195,3a7696a5e89211d08152154477f7d2281cafd814e987f6d089a3ad1c76f24608,ransomware,TRUE_ENCRYPTION,Dharma,cape,full,0,10.0,Dharma,468,0,,,,617,468,2605,817,0,17,5.566239316239316,1.7457264957264957,96,175,28,18,129,9,0,0,0,0,0,0,0,0,0,0,,0,,,0,0,1,11,1,0,0,0,0,0,3,6,7,0,-249.1,2,1,0,0,,0,214.9,1,1,0.272
B1196,cb4af8d6d57163b0322bd033b36379f805bdb59ec550049ea568cc0a7dfe52cd,ransomware,TRUE_ENCRYPTION,Sodinokibi,cape,full,0,10.0,REvil,164,0,,,,137,164,17,31,5,5,0.10365853658536585,0.18902439024390244,11,62,5,10,47,12,0,0,0,0,0,0,0,0,0,0,,0,,,0,0,1,6,0,0,0,0,0,0,3,5,53,8,-4.0,0,0,,,,,,,,
B1197,225ec52d18f40326301666d1914aa870b2c2c77a9891e1baffd67d34bb508c97,ransomware,TRUE_ENCRYPTION,Cerber,cape,full,1,9.0,Cerber,572,563,0.8997702618702454,5.2245762270264695,7.184392710723807,368,572,10,94,5,8,0.017482517482517484,0.16433566433566432,15,54,24,17,13,208,0,0,4,1,0,0,1,1,1,2,,219,4,2,0,1,0,10,2,0,0,0,0,0,3,3,274,8,-35.8,1,1,1,1,239.4,104,335.8,0,1,
B1198,92c65e95b508ffacd2d7a36957599eb2d930a0d1a8b76a5c4551ee6e9d4da67e,ransomware,TRUE_ENCRYPTION,Dharma,cape,full,0,10.0,Dharma,469,0,,,,580,469,2482,900,0,14,5.292110874200427,1.9189765458422174,106,176,31,16,129,9,0,0,0,0,0,0,0,0,0,0,,0,,,0,0,1,10,1,0,0,0,0,0,1,1,7,0,-349.7,2,1,0,0,,0,233.0,1,1,0.24
B1199,b9924321b4f05ec0b98e272ddd4f91feb69eb93c44186ca165a4d51beed91152,ransomware,TRUE_ENCRYPTION,Sodinokibi,cape,full,0,10.0,REvil,199,0,,,,168,199,17,46,5,34,0.08542713567839195,0.23115577889447236,17,65,5,10,50,12,0,0,0,0,0,0,0,0,0,0,,0,,,0,0,1,12,0,0,0,0,0,0,4,8,38,8,-2.9,0,0,,,,,,,,
B1200,47f4229f3f433d5591fa59599a2496a21030b13187c7ebf8759beec2a25c0a5d,ransomware,TRUE_ENCRYPTION,Cerber,cape,full,1,9.0,Cerber,1623,115,0.8400932865290445,3.9724427655817043,7.208183811070563,297,1623,12,98,1,20,0.0073937153419593345,0.06038200862600123,16,92,19,10,63,273,0,0,2,0,0,0,2,2,0,1,,271,4,3,0,1,0,15,0,0,0,2,0,0,1,1,34,6,-392.9,1,1,0,0,,0,598.6,1,1,0.019
B1201,f608858af270c6b6956146e6c3ce0bc737916646e442784d5fb9c543c7ed09bc,ransomware,TRUE_ENCRYPTION,Dharma,cape,full,0,10.0,Dharma,57,0,,,,60,57,6,2,0,2,0.10526315789473684,0.03508771929824561,6,9,2,7,0,9,0,0,0,0,0,0,0,0,0,0,,0,,,0,0,1,2,0,0,0,0,0,0,0,0,1,0,,0,0,,,,,,,,
B1202,9df39b3b2b0ed8ed469d028cc4269655d6b70aef8b22a308f34e1929e4b00992,ransomware,TRUE_ENCRYPTION,Sodinokibi,cape,full,0,10.0,REvil,381,6376,-0.02216568431808508,6.881323607516484,6.8948296013004695,557,381,17,117,5,8,0.04461942257217848,0.30708661417322836,26,91,9,29,53,12,0,0,0,0,0,0,0,0,0,0,,0,,,0,1,0,9,0,0,0,0,0,0,5,8,72,17,-3.0,0,0,,,,,,,,
B1203,eef9b5684b6e673999c963232a0635744c8853a3758b7177e81afdef71249200,ransomware,TRUE_ENCRYPTION,Cerber,cape,full,1,9.0,Cerber,1088,110,0.7313448878098617,3.9791182746407086,7.282241983971234,419,1088,14,94,1,25,0.012867647058823529,0.08639705882352941,14,113,17,14,82,273,0,0,2,0,0,0,2,2,0,1,,542,4,3,0,1,0,16,0,0,0,2,0,0,1,1,44,6,-396.3,1,1,0,0,,0,629.8,1,1,0.019
B1204,6f64d864d4cdeaa6062e44e34c0969ebdead56edb22e5a2b61c987ca3400fad4,ransomware,TRUE_ENCRYPTION,Dharma,cape,full,0,10.0,Dharma,440,0,,,,640,440,2664,761,0,14,6.054545454545455,1.7295454545454545,99,180,38,12,130,9,0,0,0,0,0,0,0,0,0,0,,0,,,0,0,1,10,1,0,0,0,0,0,2,3,7,0,-278.7,2,1,0,0,,0,254.4,1,1,0.288
B1205,94379bb2c305a5754d60ae3d27daf5f7f4758ed3dad21ee1969640fd9e84e83f,ransomware,TRUE_ENCRYPTION,Sodinokibi,cape,full,0,10.0,REvil,418,0,,,,1470,418,17,109,5,21,0.04066985645933014,0.2607655502392344,25,126,8,29,89,12,0,0,0,0,0,0,0,0,0,0,,0,,,0,0,1,14,0,0,0,0,0,0,7,15,73,11,-1.9,0,0,,,,,,,,
B1206,e5348cbab8d7d3b245db81c6db8bdf6102db8afd231a8b6836d985d3d0878e64,ransomware,TRUE_ENCRYPTION,Cerber,cape,full,0,10.0,Cerber,291,468,0.9933400380820574,6.11624807722125,7.301893534057486,158,291,0,41,0,2,0.0,0.140893470790378,8,17,4,6,7,8,0,0,0,0,0,0,0,0,0,0,,26,0,0,0,1,0,3,0,0,0,0,0,0,0,0,1,0,,0,0,,,,,,,,
B1207,dc5ba84e57cf8d8dfcb8fb2de6f842786428fc46c34d8a3e02c8119bbd9f7584,ransomware,TRUE_ENCRYPTION,Dharma,cape,full,1,10.0,Dharma,2162,1902,-0.022953380030082737,5.937771605329038,6.476157391559539,2952,2162,4202,1007,0,39,1.9435707678075855,0.46577243293246995,133,269,47,61,161,134,0,0,8,0,0,0,0,1,2,0,,111,2,2,0,1,0,25,1,0,0,0,0,0,8,20,49,1,-5.4,2,1,0,0,,0,337.7,0,0,
B1208,7c8cb66e9e5ac66415273a48528e1b2f781003f2109b5d704254b9e91d745a34,ransomware,TRUE_ENCRYPTION,Sodinokibi,cape,full,0,10.0,REvil,158,0,,,,159,158,17,33,5,5,0.10759493670886076,0.2088607594936709,11,65,6,9,50,12,0,0,0,0,0,0,0,0,0,0,,0,,,0,0,1,6,0,0,0,0,0,0,3,5,53,8,-2.4,0,0,,,,,,,,
B1209,871093a0f144cdc4e6f47058f824db4bb6c3f06493c64465e8717488fcb6fd90,ransomware,NO_VICTIM_ACTIVITY,Cerber,cape,full,0,10.0,Cerber,5,20,-0.060522753266880246,5.39137884150671,7.120809971553431,1,5,0,0,0,2,0.0,0.0,0,5,0,3,2,8,0,0,0,0,0,0,0,0,0,0,,26,0,0,0,1,0,2,0,0,0,0,0,0,0,0,1,0,,0,0,,,,,,,,
B1210,94ef44e3f7be172fb47203eb942e4601f1a96cb4bfd37e055fd6cf39b5db49a6,ransomware,TRUE_ENCRYPTION,Dharma,cape,full,0,10.0,Dharma,508,0,,,,606,508,2785,942,0,8,5.482283464566929,1.8543307086614174,115,142,32,8,102,9,0,0,0,0,0,0,0,0,0,0,,0,,,0,0,1,7,1,0,0,0,0,0,0,0,7,0,,1,1,0,0,,0,191.2,1,1,0.236
B1211,6834005e47c6ad53cb0793e1f13b6ea45383d86691b179f4229214d8768d0ceb,ransomware,TRUE_ENCRYPTION,Sodinokibi,cape,full,0,10.0,REvil,183,0,,,,155,183,17,42,5,5,0.09289617486338798,0.22950819672131148,16,58,5,10,43,12,0,0,0,0,0,0,0,0,0,0,,0,,,0,0,1,6,0,0,0,0,0,0,3,5,54,8,-3.1,0,0,,,,,,,,
B1212,af06022fe587fd5c32e9974b20b21b5333b5f20b0d6fda3f537ebc470e3ba685,ransomware,TRUE_ENCRYPTION,Cerber,cape,full,1,9.0,Cerber,402,448,0.7957113137179455,5.216397640813637,7.214614648336088,473,402,10,72,5,12,0.024875621890547265,0.1791044776119403,15,67,11,32,24,172,0,0,0,0,0,0,0,0,0,0,,219,3,3,0,1,0,13,2,0,0,1,0,0,3,3,282,8,-32.3,2,2,1,1,238.2,82,205.7,0,1,
B1213,324cb383fd7f47c079b162b725215bb4badfd4c0b2e41d330fa38344e59e77ce,ransomware,TRUE_ENCRYPTION,Dharma,cape,full,0,10.0,Dharma,377,0,,,,556,377,2498,895,0,14,6.625994694960212,2.374005305039788,102,166,30,13,123,9,0,0,0,0,0,0,0,0,0,0,,0,,,0,0,1,10,1,0,0,0,0,0,1,1,10,0,-368.0,2,1,0,0,,0,213.4,1,1,0.289
B1214,44cd22cb40115a504bf933ec006d47ae0076f450f76b54783f846beca81c4c93,ransomware,TRUE_ENCRYPTION,Sodinokibi,cape,full,0,10.0,REvil,300,0,,,,206,300,17,49,5,5,0.056666666666666664,0.16333333333333333,17,65,3,12,50,12,0,0,0,0,0,0,0,0,0,0,,0,,,0,0,1,6,0,0,0,0,0,0,3,5,53,8,-3.4,0,0,,,,,,,,
B1215,60d73258ca23674507f4a882a2c49faa648975e9ed810d9a93d49e6de207b060,ransomware,NO_VICTIM_ACTIVITY,Cerber,cape,full,1,9.0,,28,9,-0.008304692632054264,7.073056714908246,7.073056714908246,61,28,4,1,1,15,0.14285714285714285,0.03571428571428571,3,61,0,15,46,273,0,0,2,0,0,0,2,2,0,1,,271,4,3,0,1,0,14,0,0,0,2,0,0,2,2,38,10,-62.7,1,1,0,0,,0,384.7,1,1,0.047
B1216,f9731c6a91210d68432036e839574be2130022763e2406d7a548cd330672da5d,ransomware,NO_VICTIM_ACTIVITY,Dharma,cape,full,1,10.0,Dharma,49,0,,,,84,49,0,0,0,3,0.0,0.0,0,16,0,14,2,71,0,0,1,0,0,0,0,0,2,0,,9,0,0,0,0,1,3,1,0,0,0,0,0,0,0,1,0,,1,1,0,,,,,,,
B1217,3b0cf9bc480a7fc4a560ab26cd35a72313b1fa49bf6ef208c434a32b3f1588c4,ransomware,TRUE_ENCRYPTION,Sodinokibi,cape,full,0,10.0,REvil,125,0,,,,151,125,8,39,0,9,0.064,0.312,14,72,5,17,50,12,0,0,0,0,0,0,0,0,0,0,,0,,,0,0,1,7,0,0,0,0,0,0,2,4,44,3,-5.0,0,0,,,,,,,,
B1218,9db8770e6d1f18eb98aecd9cb18e67c85baa53ba1b53e02cb12dd897f93e3ac7,ransomware,TRUE_ENCRYPTION,Cerber,cape,full,1,10.0,Cerber,406,516,0.9464301656883218,6.122755215097383,7.289119648741844,362,406,9,48,5,18,0.022167487684729065,0.11822660098522167,12,65,11,21,33,407,0,0,6,0,0,0,2,1,1,1,,20,0,0,0,1,0,17,0,0,0,1,0,0,1,1,53,8,-51.3,1,1,0,0,,0,301.7,1,1,0.214
B1219,5997f7c46d8860cb07a00edf9e093e21a2416cc508c51dbd3838628d9b46b0d5,ransomware,TRUE_ENCRYPTION,Dharma,cape,full,0,10.0,Dharma,407,0,,,,546,407,2282,921,0,8,5.606879606879607,2.262899262899263,89,255,36,10,209,9,0,0,0,0,0,0,0,0,0,0,,0,,,0,0,1,7,1,0,0,0,0,0,0,0,7,0,,1,1,0,0,,0,431.1,1,1,0.275
B1220,2f00cd865ea857a2d9d399385c408e99f9daaa1b6c193f2195393bd459524b3e,ransomware,TRUE_ENCRYPTION,Sodinokibi,cape,full,0,10.0,REvil,269,0,,,,354,269,9,118,0,38,0.03345724907063197,0.43866171003717475,23,86,7,22,57,12,0,0,0,0,0,0,0,0,0,0,,0,,,0,0,1,14,0,0,0,0,0,0,5,9,42,3,-5.3,0,0,,,,,,,,
B1221,60f8b6d462659f2e33e2d80ee76961e809b631b29958472be6d16304631f7b44,ransomware,NO_VICTIM_ACTIVITY,Cerber,cape,full,1,9.0,,24,10,-0.008022589542155937,7.124813907234499,7.124813907234499,69,24,3,0,1,19,0.125,0.0,1,64,0,13,51,273,0,0,2,0,0,0,2,2,0,1,,271,4,3,0,1,0,13,0,0,0,2,0,0,3,3,38,8,-47.0,1,1,0,0,,0,4.1,0,0,
B1222,42732ad450696b816913753fa9f53b52ac10922a1df1b5795693db77d532ffbc,ransomware,TRUE_ENCRYPTION,Dharma,cape,full,1,10.0,Dharma,528,0,,,,685,528,2650,794,0,22,5.018939393939394,1.503787878787879,80,276,42,14,220,113,0,0,3,0,0,0,0,0,2,0,boost,9,0,0,0,0,1,12,1,0,0,0,0,0,3,3,7,0,-486.6,2,1,0,0,,0,427.2,1,1,0.225
B1223,20d46f118a5e925f992932f20dd658e4d464ac8d8218f7fba683029d51761709,ransomware,TRUE_ENCRYPTION,Sodinokibi,cape,full,0,10.0,REvil,193,0,,,,300,193,9,81,0,31,0.046632124352331605,0.41968911917098445,25,76,6,17,53,12,0,0,0,0,0,0,0,0,0,0,,0,,,0,0,1,12,0,0,0,0,0,0,4,10,29,0,-8.4,0,0,,,,,,,,
B1224,744ac9ddf206073aa4e2b92a61bca40abe6c022d7aeee3921e7639036f23a667,ransomware,NO_VICTIM_ACTIVITY,Cerber,cape,full,1,9.0,,21,11,0.07874624025528293,6.170734196866911,7.241000927641414,66,21,1,1,0,5,0.047619047619047616,0.047619047619047616,1,19,0,11,8,208,0,0,4,1,0,0,1,1,1,2,,219,4,2,0,1,0,7,2,0,0,0,0,0,3,3,0,0,-42.1,1,1,1,1,264.7,2,0.0,0,1,
B1225,b565c8e1e81796db13409f37e4bd28877272b5e54ab5c0a3d9b6a024e7f5a039,ransomware,TRUE_ENCRYPTION,Dharma,cape,full,0,10.0,Dharma,475,0,,,,695,475,2917,855,0,21,6.1410526315789475,1.8,104,278,51,12,215,9,0,0,0,0,0,0,0,0,0,0,,0,,,0,0,1,12,1,0,0,0,0,0,3,3,7,0,-519.6,2,1,0,0,,0,451.5,1,1,0.237
B1226,04419b76566142902680b2c44b216905b44a5743502530066e408bac72d20864,ransomware,TRUE_ENCRYPTION,Sodinokibi,cape,full,0,10.0,REvil,198,0,,,,243,198,17,45,5,5,0.08585858585858586,0.22727272727272727,19,75,5,23,47,12,0,0,0,0,0,0,0,0,0,0,,0,,,0,0,1,6,0,0,0,0,0,0,3,5,53,8,-5.1,0,0,,,,,,,,
B1227,824ab34b2a34ccc9ef69f5fa851ba7ec87042443ecaeb6a573f43f9c944f43a4,ransomware,NO_VICTIM_ACTIVITY,Cerber,cape,full,1,9.0,,40,25,-0.012012164185904324,7.171663204851157,7.171663204851157,81,40,5,1,1,17,0.125,0.025,3,72,0,21,51,273,0,0,2,0,0,0,2,2,0,1,,271,4,3,0,1,0,14,0,0,0,2,0,0,3,6,28,7,-52.1,1,1,0,0,,0,533.7,1,1,0.04
B1228,34c485ad11076ede709ff409c0e1867dc50fd40311ae6e7318ddf50679fa4049,ransomware,TRUE_ENCRYPTION,Dharma,cape,full,0,10.0,Dharma,334,0,,,,526,334,2481,779,0,16,7.42814371257485,2.3323353293413174,87,293,38,23,232,9,0,0,0,0,0,0,0,0,0,0,,0,,,0,0,1,12,1,0,0,0,0,0,3,3,7,0,-594.0,2,1,0,0,,0,512.1,1,1,0.236
B1229,f51fc0ab96d1aee49950b8ca91ef67c330b8593340cc3002513100ac9bf163b0,ransomware,NO_VICTIM_ACTIVITY,Sodinokibi,cape,full,0,10.0,REvil,0,0,,,,5,0,1990,0,0,4,,,661,82,0,0,82,7,0,0,0,0,0,0,0,1,0,0,,97,0,0,0,0,1,4,2,2,0,0,0,0,1,1,11,0,-295.7,0,0,,,,,,,,
B1230,8b3f0b07b8b423bf8b708d06ed59f028b7c5a62f2ef8c0a108409fcd58dd791a,ransomware,TRUE_ENCRYPTION,Cerber,cape,full,1,10.0,Cerber,418,508,0.9077632307772281,6.120422595209228,7.294654589725436,369,418,32,63,5,28,0.07655502392344497,0.1507177033492823,13,103,13,19,71,407,0,0,6,0,0,0,2,1,1,1,,20,0,0,0,1,0,18,0,0,0,1,0,0,3,6,41,8,-59.0,1,1,0,0,,0,498.7,1,1,0.153
B1231,629302ede09446efc6c44bea6fb9d4c62354816e227f61868528b6af43eeee94,ransomware,TRUE_ENCRYPTION,Dharma,cape,full,0,10.0,Dharma,377,0,,,,516,377,2570,898,0,8,6.816976127320955,2.381962864721485,99,271,43,10,218,9,0,0,0,0,0,0,0,0,0,0,,0,,,0,0,1,7,1,0,0,0,0,0,0,0,7,0,,1,1,0,0,,0,475.3,1,1,0.262
B1232,dc6b0e8c1e9c113f0364e1c8370060dee3fcbe25b667ddeca7623a95cd21411f,ransomware,TRUE_ENCRYPTION,Sodinokibi,cape,full,1,10.0,REvil,420,0,,,,775,420,9,147,0,36,0.02142857142857143,0.35,26,166,8,32,126,71,0,0,5,0,0,0,0,0,2,0,openssl,122,0,0,0,0,1,16,0,0,0,0,0,0,6,13,34,6,-36.2,0,0,,,,,,,,
B1233,a497dfdbf21b6b6a32fcc1a9bafa7066e8e66fda0875fcbc4c7080a4f8654130,ransomware,NO_VICTIM_ACTIVITY,Cerber,cape,full,1,9.0,,19,11,0.1283319600178786,6.217523180870502,7.171416796672176,66,19,1,1,0,19,0.05263157894736842,0.05263157894736842,1,33,0,10,23,208,0,0,4,1,0,0,1,1,1,2,,219,4,2,0,1,0,10,2,0,0,0,0,0,5,10,0,0,-54.3,1,1,1,1,247.8,2,0.1,0,1,
B1234,4992506df46c0b80f4619f3cb7478346561260366422c085f18356194b6cc3e3,ransomware,NO_VICTIM_ACTIVITY,Dharma,cape,full,0,10.0,Dharma,41,0,,,,78,41,2,0,0,3,0.04878048780487805,0.0,1,20,2,11,7,9,0,0,0,0,0,0,0,0,0,0,,0,,,0,0,1,3,1,0,0,0,0,0,0,0,1,0,,1,1,0,0,,0,0.1,0,0,
B1235,8bd2067d088dad4df24e11244f5b72ce1fd22b686e2ce9ba6ee8711f8f6a836d,ransomware,TRUE_ENCRYPTION,Sodinokibi,cape,full,0,10.0,REvil,409,4449,-0.04836387557265123,,,1356,409,10,146,0,20,0.02444987775061125,0.3569682151589242,25,141,12,22,107,19,0,0,1,0,0,0,0,0,0,0,,141,0,0,0,1,0,8,0,0,0,0,0,0,4,9,31,6,-41.7,0,0,,,,,,,,
B1236,1cb6e2a2526f332fe132ab8905cd4cae65a1f7ef7aa4f9bf351f7f323f3b32c9,ransomware,NO_VICTIM_ACTIVITY,Cerber,cape,full,1,9.0,,29,11,0.006202207545242961,7.172439809255172,7.172439809255172,71,29,4,1,1,17,0.13793103448275862,0.034482758620689655,2,64,0,15,49,273,0,0,2,0,0,0,2,2,0,1,,271,4,3,0,1,0,13,0,0,0,2,0,0,2,2,24,6,-18.5,1,1,0,0,,0,469.9,1,1,0.021
B1237,438af5e212ca33f9e04431dfac555945a3f0926865930f96230adb07dec0a2be,ransomware,TRUE_ENCRYPTION,Dharma,cape,full,0,10.0,Dharma,434,0,,,,542,434,2451,809,0,8,5.647465437788019,1.8640552995391706,84,245,40,12,193,9,0,0,0,0,0,0,0,0,0,0,,0,,,0,0,1,7,1,0,0,0,0,0,0,0,7,0,,1,1,0,0,,0,426.9,1,1,0.28
B1238,1fe9b489c25bb23b04d9996e8107671edee69bd6f6def2fe7ece38a0fb35f98e,ransomware,TRUE_ENCRYPTION,Sodinokibi,cape,full,1,10.0,REvil,420,5270,-0.03165654674697386,,,783,420,6,138,0,31,0.014285714285714285,0.32857142857142857,23,140,9,40,91,71,0,0,4,0,0,0,0,0,2,0,openssl,122,0,0,0,1,0,14,0,0,0,0,0,0,5,12,21,0,-38.6,0,0,,,,,,,,
B1239,721b2b38e67387f73ebad1c347c8190d222034cbf6527bcfe9053dde8fcdd3cc,ransomware,TRUE_ENCRYPTION,Cerber,cape,full,1,9.0,,417,529,0.9576577509967833,6.08728376726444,7.3317952167914,453,417,12,45,5,10,0.02877697841726619,0.1079136690647482,12,48,8,18,22,165,0,0,7,0,0,0,0,1,0,0,,242,3,3,0,1,0,12,0,0,0,1,0,0,1,1,264,8,-55.4,1,1,0,0,,0,310.7,1,1,0.38
B1240,3e7f30a802c595379ad3158ffe4ba5bc9e4a4d304430a2d846330adee70dc9a5,ransomware,TRUE_ENCRYPTION,Dharma,cape,full,0,10.0,Dharma,587,0,,,,700,587,2560,840,0,8,4.361158432708688,1.4310051107325383,92,155,41,5,109,9,0,0,0,0,0,0,0,0,0,0,,0,,,0,0,1,7,1,0,0,0,0,0,0,0,7,0,,1,1,0,0,,0,220.3,1,1,0.297
B1241,0a471df64b677fd6608c72626444d22381f7fc20ea0165cc5b88fdad0402d32f,ransomware,TRUE_ENCRYPTION,Sodinokibi,cape,full,1,10.0,REvil,506,6572,-0.047523566968942076,6.288751732679567,6.8948296013004695,710,506,10,151,5,8,0.019762845849802372,0.2984189723320158,28,67,27,23,17,24,0,0,2,0,0,0,0,0,0,0,,0,,,0,1,0,8,0,0,0,0,0,0,5,7,46,11,-4.4,0,0,,,,,,,,
B1242,a44a932f0ae375fab03a7098806bec205b2692bd50fdb533c39c0eb94797feae,ransomware,TRUE_ENCRYPTION,Cerber,cape,full,1,10.0,Cerber,330,501,0.9917689277128594,6.11317455440076,7.318762003827578,190,330,1,45,0,9,0.0030303030303030303,0.13636363636363635,10,22,5,6,11,66,0,0,0,0,0,0,0,0,0,0,,0,,,0,1,0,10,0,0,0,3,0,0,0,0,22,0,,1,1,0,0,,0,30.1,0,0,
B1243,118d216a9a9a4fd19ac8e56cef76fe9529269a152857ad8e98386361a5fb8e0d,ransomware,TRUE_ENCRYPTION,Dharma,cape,full,0,10.0,Dharma,37,0,,,,73,37,3,1,0,3,0.08108108108108109,0.02702702702702703,4,10,1,6,3,9,0,0,0,0,0,0,0,0,0,0,,0,,,0,0,1,3,1,0,0,0,0,0,0,0,1,0,,1,1,0,0,,0,1.6,0,0,
B1244,2ea781140f7e86c63b636249b5fdba9828661bdd846fd95c195c5b986b84a507,ransomware,TRUE_ENCRYPTION,Sodinokibi,cape,full,0,10.0,REvil,251,0,,,,66,251,0,53,0,5,0.0,0.21115537848605578,17,7,3,0,4,0,0,0,0,0,0,0,0,0,0,0,,0,,,,,,5,2,2,0,0,0,0,1,1,12,0,-381.9,0,0,,,,,,,,
B1245,620d00c17bff11803acd34235d44d8ef07550877a9168cf95fdd081de9ae18b2,ransomware,FAILED,Cerber,cape,static_only,1,0.3,,,,,,,,,,,,,,,,,,,,614,0,0,9,1,0,0,5,1,2,2,boost,0,,,,,,,,,,,,,,,,,,,,,,,,,,,
B1246,e4a43f0bb8216496b95826c2c1aeb2f3ece6a7d87a8dbc7a0cc6a3935ace3d90,ransomware,TRUE_ENCRYPTION,Dharma,cape,full,0,10.0,Dharma,49,0,,,,82,49,4,2,0,3,0.08163265306122448,0.04081632653061224,5,15,1,10,4,9,0,0,0,0,0,0,0,0,0,0,,0,,,0,0,1,3,1,0,0,0,0,0,0,0,1,0,,1,1,0,0,,0,0.7,0,0,
B1247,4f6ce92fccafa6d2454a12022e21fbd6adf1a6ec2d45c71de6f8729ec3ad195f,ransomware,TRUE_ENCRYPTION,Sodinokibi,cape,full,0,10.0,REvil,420,0,,,,587,420,17,147,5,17,0.04047619047619048,0.35,27,114,15,23,76,13,0,0,0,0,0,0,0,0,0,0,,0,,,0,0,1,6,0,0,0,0,0,0,4,8,49,14,-4.7,0,0,,,,,,,,
B1248,0d5461dd543b8c6a71c7987d7069b8c81ad40d28d7fb31da7796f463e351020d,ransomware,TRUE_ENCRYPTION,Cerber,cape,full,1,10.0,Cerber,327,486,0.9926228910911693,6.107852095274371,7.309449542144311,178,327,0,48,0,7,0.0,0.14678899082568808,9,19,5,5,9,393,0,0,6,0,0,0,2,1,1,1,,20,0,0,0,1,0,8,0,0,0,0,0,0,0,0,22,0,,0,0,,,,,,,,
B1249,e589257b8ad21635e0b1cf15b0936f939b19153806c3dcb9d502853525977817,ransomware,TRUE_ENCRYPTION,Dharma,cape,full,0,10.0,Dharma,100,0,,,,128,100,21,2,0,3,0.21,0.02,6,15,6,8,1,9,0,0,0,0,0,0,0,0,0,0,,0,,,0,0,1,3,1,0,0,0,0,0,0,0,1,0,,1,1,0,0,,0,5.2,0,0,
B1250,5d9b68455031f1c5b78d6fc0af037cb7ea72b465fd32fdce368420b8b816e3e1,ransomware,TRUE_ENCRYPTION,Sodinokibi,cape,full,0,10.0,REvil,336,422,-0.012790336500263164,6.2720130753393555,6.476157391559539,339,336,9,111,5,6,0.026785714285714284,0.33035714285714285,25,33,4,10,19,1,0,0,0,0,0,0,0,0,0,0,,0,,,0,1,0,7,0,0,0,0,0,0,3,5,30,8,5.5,0,0,,,,,,,,
B1251,16e2c661b13089b38aa8f3ade233d3cdd2a8b682fc2d9e0795279f782171474d,ransomware,TRUE_ENCRYPTION,Cerber,cape,full,1,9.0,,374,518,0.9600160459826512,6.107641073639148,7.288909765557392,447,374,3,44,0,37,0.008021390374331552,0.11764705882352941,10,65,6,10,49,166,0,0,7,0,0,0,0,1,0,0,,242,3,3,0,1,0,18,0,0,0,1,0,0,3,7,253,3,-36.6,1,1,0,0,,0,110.7,0,0,
B1252,d424fd77dc8e421ac66621a2ea3a36533e6cdb19335b909cbaaac970993e62a4,ransomware,TRUE_ENCRYPTION,Dharma,cape,full,0,10.0,Dharma,413,0,,,,570,413,2645,789,0,8,6.404358353510895,1.910411622276029,93,153,29,8,116,9,0,0,0,0,0,0,0,0,0,0,,0,,,0,0,1,7,1,0,0,0,0,0,0,0,7,0,,1,1,0,0,,0,223.9,1,1,0.245
B1253,6c5ddbe058da35b2731fe10234520a6bb78604f860ed4188a1bd07e62fe4ec11,ransomware,TRUE_ENCRYPTION,Sodinokibi,cape,full,0,10.0,REvil,168,0,,,,132,168,9,43,5,5,0.05357142857142857,0.25595238095238093,14,21,3,8,10,10,0,0,0,0,0,0,0,0,0,0,,0,,,0,0,1,5,0,0,0,0,0,0,3,5,31,8,0.1,0,0,,,,,,,,
B1254,b2f2ac6419392e3202cf057ef928104f795afb3e96747d85a62937cc6c7d8c9b,ransomware,TRUE_ENCRYPTION,Cerber,cape,full,1,9.0,,347,532,0.9941576493317001,6.107447145782032,7.303754566572159,395,347,1,44,0,13,0.002881844380403458,0.12680115273775217,10,35,4,10,21,78,0,0,3,0,0,0,0,0,2,0,,221,2,2,0,1,0,12,0,0,0,1,0,0,2,2,252,3,-12.8,1,1,0,0,,0,69.5,0,0,
B1255,00ce72bb6fb1d2c1d32aa4c4a147e1b9b390cf9d3ae8b5c0cab2718118db4430,ransomware,TRUE_ENCRYPTION,Dharma,cape,full,0,10.0,Dharma,480,0,,,,643,480,2579,831,0,8,5.372916666666667,1.73125,100,161,32,5,124,9,0,0,0,0,0,0,0,0,0,0,,0,,,0,0,1,7,1,0,0,0,0,0,0,0,7,0,,1,1,0,0,,0,224.3,1,1,0.24
B1256,54f07b825fd662618e1142ee47ef5c988c08ae59c60209bef250fc68bfd3826c,ransomware,TRUE_ENCRYPTION,Sodinokibi,cape,full,0,10.0,REvil,749,0,,,,810,749,39,230,5,20,0.0520694259012016,0.30707610146862485,39,108,19,14,75,13,0,0,0,0,0,0,0,0,0,0,,0,,,0,0,1,7,0,0,0,0,0,0,4,9,44,8,-2.7,0,0,,,,,,,,
B1257,aba33cab56f5d74348b88cacc3db1464c0a2922633d76f445842c18aa3b3b7dd,ransomware,TRUE_ENCRYPTION,Cerber,cape,full,0,10.0,Cerber,321,518,0.9917645160246146,6.104379992895113,7.2918940188381836,175,321,0,46,0,8,0.0,0.14330218068535824,9,24,6,6,12,6,0,0,0,0,0,0,0,0,0,0,,0,,,0,1,0,10,0,0,0,0,0,0,2,2,23,0,-50.6,0,0,,,,,,,,
B1258,2c487a43ae6091d64f09bcfb1baa8b43fb502e9c9fc34f828cebfe251d9ad1f5,ransomware,NO_VICTIM_ACTIVITY,Dharma,cape,full,0,10.0,Dharma,56,0,,,,85,56,2,2,0,3,0.03571428571428571,0.03571428571428571,4,11,2,8,1,9,0,0,0,0,0,0,0,0,0,0,,0,,,0,0,1,3,1,0,0,0,0,0,0,0,1,0,,1,1,0,0,,0,1.2,0,0,
B1259,74ce1be7fe32869dbbfe599d7992c306a7ee693eb517924135975daa64a3a92f,ransomware,TRUE_ENCRYPTION,Sodinokibi,cape,full,0,10.0,REvil,597,0,,,,599,597,17,144,5,17,0.02847571189279732,0.24120603015075376,38,94,8,17,69,13,0,0,0,0,0,0,0,0,0,0,,0,,,0,0,1,7,0,0,0,0,0,0,4,9,44,8,-1.8,0,0,,,,,,,,
B1260,0d56de71fd541b777edbd246e23360cbcab6bddd2ed18ac078fcf29533738a93,ransomware,TRUE_ENCRYPTION,Cerber,cape,full,1,10.0,Cerber,334,525,0.9947171760512326,6.118793924323576,7.33547972619414,332,334,0,44,0,9,0.0,0.1317365269461078,9,26,5,9,12,44,0,0,0,0,0,0,0,0,0,0,,0,,,0,1,0,10,0,0,0,1,0,0,0,0,22,0,,1,1,0,0,,0,29.2,0,0,
B1261,5a0d1265d52d2f76dae31aab48b706a72f03078a6111694f59c4ebf06e6e9f43,ransomware,TRUE_ENCRYPTION,Dharma,cape,full,0,10.0,Dharma,335,0,,,,802,335,2356,916,0,17,7.032835820895523,2.734328358208955,93,211,24,25,162,9,0,0,0,0,0,0,0,0,0,0,,0,,,0,0,1,12,1,0,0,0,0,0,3,3,25,3,-257.5,2,1,0,0,,0,200.3,1,1,0.268
B1262,5467fe3f38ccf0c56c1aba7cbbc56109b747f7a53c333a3f5a1cfe6094e1fa2b,ransomware,TRUE_ENCRYPTION,Sodinokibi,cape,full,0,10.0,REvil,447,6200,-0.023558816438657003,6.867817613732499,6.867817613732499,303,447,9,142,5,19,0.020134228187919462,0.31767337807606266,21,43,8,17,18,14,0,0,0,0,0,0,0,0,0,0,,0,,,0,1,0,7,0,0,0,0,0,0,4,10,31,8,1.1,0,0,,,,,,,,
B1263,b9170a6678f62a8484ec8c75b1a0d5d3ee620154d8d8f07a7a748f45781e3116,ransomware,TRUE_ENCRYPTION,Cerber,cape,full,1,10.0,Cerber,277,394,0.9739271832783457,6.112060455134649,7.3080366430102,246,277,7,36,0,6,0.02527075812274368,0.1299638989169675,7,32,11,5,16,618,0,0,9,1,0,0,5,1,2,2,boost,18,0,0,0,1,0,7,0,0,0,0,0,0,0,0,20,6,,0,0,,,,,,,,
B1264,b6c644a1644dd9b81a604fb6ad6a8cebf4a9b14d5c41da633a93ba2f459f31ae,ransomware,NO_VICTIM_ACTIVITY,Dharma,cape,full,0,10.0,Dharma,44,0,,,,78,44,1,1,0,3,0.022727272727272728,0.022727272727272728,2,11,2,7,2,9,0,0,0,0,0,0,0,0,0,0,,0,,,0,0,1,3,1,0,0,0,0,0,0,0,1,0,,1,1,0,0,,0,0.4,0,0,
B1265,08c2d24cb9c632f9aa84254bb673c9df04d4ac23ee07e840794e9438b06e9bd2,ransomware,TRUE_ENCRYPTION,Sodinokibi,cape,full,0,10.0,REvil,434,0,,,,605,434,17,141,5,19,0.03917050691244239,0.3248847926267281,27,99,12,20,67,13,0,0,0,0,0,0,0,0,0,0,,0,,,0,0,1,7,0,0,0,0,0,0,4,8,49,14,-3.7,0,0,,,,,,,,
B1266,33f51bc65501f737c3411ddc0645a26b0777c912bf6b66a62e8cf7b433d04e9b,ransomware,TRUE_ENCRYPTION,Cerber,cape,full,1,9.0,Cerber,338,563,0.5327362476650235,5.228722347036725,7.1699507905537825,479,338,10,94,5,17,0.029585798816568046,0.2781065088757396,15,75,14,17,44,259,1,0,4,1,0,0,2,0,1,3,,218,4,1,0,0,1,17,2,0,0,1,0,0,3,3,281,8,-19.1,2,2,1,1,254.1,104,289.1,0,1,
B1267,584e757b4fb9b56105c3a57053976323f82535c8264082f81dd43f233c04cab9,ransomware,NO_VICTIM_ACTIVITY,Dharma,cape,full,0,10.0,Dharma,41,0,,,,76,41,2,0,0,3,0.04878048780487805,0.0,2,11,1,8,2,9,0,0,0,0,0,0,0,0,0,0,,0,,,0,0,1,3,1,0,0,0,0,0,0,0,1,0,,1,1,0,0,,0,0.4,0,0,
B1268,d74f04f0b948d9586629e06e2a2a21bdf20d678e47058afb637414eb3701c1f6,ransomware,TRUE_ENCRYPTION,Sodinokibi,cape,full,0,10.0,REvil,477,6120,-0.01727502509661628,6.881323607516484,6.8948296013004695,625,477,18,144,5,41,0.03773584905660377,0.3018867924528302,26,99,12,20,67,13,0,0,0,0,0,0,0,0,0,0,,0,,,0,1,0,12,0,0,0,0,0,0,4,14,44,14,-2.0,0,0,,,,,,,,
B1269,b2f644f5e3d2040ef24f9ca3a36de0c8606a00f30a0da4fbad471db7d2b2a377,ransomware,TRUE_ENCRYPTION,Cerber,cape,full,0,9.0,Cerber,906,5,-0.0035946469365046273,7.223568426455176,7.223568426455176,361,906,7,99,1,70,0.00772626931567329,0.10927152317880795,15,142,11,18,113,16,0,0,0,0,0,0,0,0,0,0,,274,4,4,0,1,0,33,0,0,0,4,0,0,3,6,65,9,-18.5,2,1,0,0,,0,562.1,1,1,0.017
B1270,a08c192df62e58faf203a10d830a6f0c34f1d843373ce5ca6f4826ed45a36764,ransomware,NO_VICTIM_ACTIVITY,Dharma,cape,full,0,10.0,Dharma,63,0,,,,99,63,5,2,0,3,0.07936507936507936,0.031746031746031744,4,26,3,16,7,9,0,0,0,0,0,0,0,0,0,0,,0,,,0,0,1,3,1,0,0,0,0,0,0,0,1,0,,1,1,0,0,,0,3.2,0,0,
B1271,93c4b144a4ef5e9ebcb5de425f6151fb6fd892d1042b21e639ab6c358cad3940,ransomware,TRUE_ENCRYPTION,Sodinokibi,cape,full,0,10.0,REvil,447,0,,,,608,447,17,144,5,39,0.03803131991051454,0.3221476510067114,27,101,11,16,74,13,0,0,0,0,0,0,0,0,0,0,,0,,,0,0,1,11,0,0,0,0,0,0,4,11,32,14,-4.0,0,0,,,,,,,,
B1272,f540851ddbe177871c4b65f11a10bc1c047253d7de4bcda89918de821eac3b8b,ransomware,TRUE_ENCRYPTION,Cerber,cape,full,1,9.0,,405,507,0.9416160237902192,6.137783017026036,7.291603387457331,416,405,10,49,5,12,0.024691358024691357,0.12098765432098765,12,50,7,15,28,78,0,0,3,0,0,0,0,0,2,0,,221,2,2,0,1,0,12,0,0,0,1,0,0,1,1,262,8,-35.8,1,1,0,0,,0,257.1,1,1,0.326
B1273,d4b6920e28ddba697f8e2e33f6479d16c9b92fefdc36894e3c594e3f71095e4d,ransomware,TRUE_ENCRYPTION,Dharma,cape,full,0,10.0,Dharma,373,0,,,,491,373,2305,855,0,8,6.1796246648793565,2.292225201072386,89,183,34,8,141,9,0,0,0,0,0,0,0,0,0,0,,0,,,0,0,1,7,1,0,0,0,0,0,0,0,7,0,,1,1,0,0,,0,275.1,1,1,0.243
B1274,7e70460a2e395485fe6328a58e09400fc7963afeb29fdadb924c340e758b267c,ransomware,TRUE_ENCRYPTION,Sodinokibi,cape,full,0,10.0,REvil,426,0,,,,629,426,18,141,5,45,0.04225352112676056,0.33098591549295775,27,113,13,15,85,13,0,0,0,0,0,0,0,0,0,0,,0,,,0,0,1,12,0,0,0,0,0,0,4,10,31,14,-3.3,0,0,,,,,,,,
B1275,eebc9333049be75082af1cb0c8ecb798bcbea50e4b0208fa97a96c71aa68dc62,ransomware,TRUE_ENCRYPTION,Cerber,cape,full,1,10.0,Cerber,191,296,0.9856877073767838,6.096862535557284,7.301433251809458,98,191,0,27,0,3,0.0,0.14136125654450263,7,14,5,2,7,37,0,0,0,0,0,0,0,0,0,0,,18,0,0,0,1,0,4,0,0,0,0,0,0,0,0,1,0,,0,0,,,,,,,,
B1276,ad14312e134f8b9483b2d701b1470758e8944764ec803252efede6b1c49e9485,ransomware,TRUE_ENCRYPTION,Dharma,cape,full,0,10.0,Dharma,489,0,,,,681,489,2603,867,0,8,5.323108384458077,1.7730061349693251,99,188,36,7,145,9,0,0,0,0,0,0,0,0,0,0,,0,,,0,0,1,7,1,0,0,0,0,0,0,0,7,0,,1,1,0,0,,0,284.5,1,1,0.248
B1277,66060484cccedb839fb646d4e6020e079319374b2847c52dcec55c5ad60b1beb,ransomware,TRUE_ENCRYPTION,Sodinokibi,cape,full,0,10.0,REvil,494,6040,-0.033650249008071884,7.012378116749929,7.012378116749929,651,494,18,152,5,21,0.03643724696356275,0.3076923076923077,26,108,11,26,71,13,0,0,0,0,0,0,0,0,0,0,,0,,,0,1,0,8,0,0,0,0,0,0,4,9,51,14,-2.5,0,0,,,,,,,,
B1278,e87a4702ca5a64b7c10f7ccd6ebc8bc454560e58dcbc78a0e74f15fc9a59cdc5,ransomware,TRUE_ENCRYPTION,Cerber,cape,full,1,9.0,Cerber,1407,7,-0.0054338381139829965,5.381843567241646,7.099189355282828,427,1407,22,99,6,21,0.015636105188343994,0.07036247334754797,14,122,24,26,72,231,0,0,6,0,0,0,0,0,0,0,,270,4,4,0,1,0,23,4,0,0,2,0,0,5,5,48,16,-10.5,3,2,0,0,,0,613.2,3,1,0.004
B1279,17227020b2f5ca57f2d632d0d37de8d0ffcdef142e98a6af591e8180963cd3cc,ransomware,NO_VICTIM_ACTIVITY,Dharma,cape,full,0,10.0,Dharma,40,0,,,,76,40,0,0,0,3,0.0,0.0,0,12,0,10,2,9,0,0,0,0,0,0,0,0,0,0,,0,,,0,0,1,3,1,0,0,0,0,0,0,0,1,0,,1,1,0,,,,,,,
B1280,52612bceee07152f2e2e6699b3c085149e11979f34fe248bda14e03a0d950e85,ransomware,TRUE_ENCRYPTION,Sodinokibi,cape,full,0,10.0,REvil,393,6219,-0.02913298886139473,6.8768216095884895,6.8948296013004695,330,393,9,138,5,17,0.022900763358778626,0.3511450381679389,23,40,7,17,16,14,0,0,0,0,0,0,0,0,0,0,,0,,,0,1,0,7,0,0,0,0,0,0,4,6,30,8,-2.3,0,0,,,,,,,,
B1281,4708750c9a6fdeaec5f499a3cd26bb5f61db4f82e66484dc7b44118effbb246f,ransomware,NO_VICTIM_ACTIVITY,Dharma,cape,full,0,10.0,Dharma,34,0,,,,68,34,1,0,0,3,0.029411764705882353,0.0,1,11,1,8,2,9,0,0,0,0,0,0,0,0,0,0,,0,,,0,0,1,3,1,0,0,0,0,0,0,0,1,0,,1,1,0,0,,0,0.0,0,0,
B1282,42438a67636a6981b4e3209449040f6b393f10fe0636dfca2260fc0f4271e135,ransomware,TRUE_ENCRYPTION,Sodinokibi,cape,full,0,10.0,REvil,102,0,,,,85,102,14,5,5,27,0.13725490196078433,0.049019607843137254,6,54,3,11,40,13,0,0,0,0,0,0,0,0,0,0,,0,,,0,0,1,11,0,0,0,0,0,0,4,9,22,8,-6.0,0,0,,,,,,,,
B1283,553532c3bc00e3b85bcbac054bc4f05cb4fffba6f44a17c663dd37732ce1772d,ransomware,TRUE_ENCRYPTION,Dharma,cape,full,0,10.0,Dharma,21,0,,,,22,21,5,4,0,1,0.23809523809523808,0.19047619047619047,9,7,3,2,2,9,0,0,0,0,0,0,0,0,0,0,,0,,,0,0,1,1,0,0,0,0,0,0,0,0,1,0,,0,0,,,,,,,,
B1284,2df2fab33c1db5b049284a6bd5aa1f58bec4cb370b0663870b6a57ef33b5028c,ransomware,TRUE_ENCRYPTION,Sodinokibi,cape,full,0,10.0,REvil,408,6736,-0.03230509451750488,6.925008443927633,7.012378116749929,409,408,9,130,5,19,0.022058823529411766,0.31862745098039214,23,40,7,18,15,14,0,0,0,0,0,0,0,0,0,0,,0,,,0,1,0,7,0,0,0,0,0,0,4,10,30,8,1.1,0,0,,,,,,,,
B1286,,ransomware,FAILED,,cape,static_only,0,0.0,,,,,,,,,,,,,,,,,,,,0,0,0,0,0,0,0,0,0,0,0,,0,,,,,,,,,,,,,,,,,,,,,,,,,,,
B1287,,ransomware,FAILED,,cape,static_only,0,0.0,,,,,,,,,,,,,,,,,,,,0,0,0,0,0,0,0,0,0,0,0,,0,,,,,,,,,,,,,,,,,,,,,,,,,,,
B1288,,ransomware,FAILED,,cape,static_only,0,0.0,,,,,,,,,,,,,,,,,,,,0,0,0,0,0,0,0,0,0,0,0,,0,,,,,,,,,,,,,,,,,,,,,,,,,,,
B1289,,ransomware,FAILED,,cape,static_only,0,0.0,,,,,,,,,,,,,,,,,,,,0,0,0,0,0,0,0,0,0,0,0,,0,,,,,,,,,,,,,,,,,,,,,,,,,,,
B1290,,ransomware,FAILED,,cape,static_only,0,0.0,,,,,,,,,,,,,,,,,,,,0,0,0,0,0,0,0,0,0,0,0,,0,,,,,,,,,,,,,,,,,,,,,,,,,,,
B1291,,ransomware,FAILED,,cape,static_only,0,0.0,,,,,,,,,,,,,,,,,,,,0,0,0,0,0,0,0,0,0,0,0,,0,,,,,,,,,,,,,,,,,,,,,,,,,,,
B1292,,ransomware,FAILED,,cape,static_only,0,0.0,,,,,,,,,,,,,,,,,,,,0,0,0,0,0,0,0,0,0,0,0,,0,,,,,,,,,,,,,,,,,,,,,,,,,,,
B1293,,ransomware,FAILED,,cape,static_only,0,0.0,,,,,,,,,,,,,,,,,,,,0,0,0,0,0,0,0,0,0,0,0,,0,,,,,,,,,,,,,,,,,,,,,,,,,,,
B1294,,ransomware,FAILED,,cape,static_only,0,0.0,,,,,,,,,,,,,,,,,,,,0,0,0,0,0,0,0,0,0,0,0,,0,,,,,,,,,,,,,,,,,,,,,,,,,,,
B1295,,ransomware,FAILED,,cape,static_only,0,0.0,,,,,,,,,,,,,,,,,,,,0,0,0,0,0,0,0,0,0,0,0,,0,,,,,,,,,,,,,,,,,,,,,,,,,,,
B1296,,ransomware,FAILED,,cape,static_only,0,0.0,,,,,,,,,,,,,,,,,,,,0,0,0,0,0,0,0,0,0,0,0,,0,,,,,,,,,,,,,,,,,,,,,,,,,,,
B1297,,ransomware,FAILED,,cape,static_only,0,0.0,,,,,,,,,,,,,,,,,,,,0,0,0,0,0,0,0,0,0,0,0,,0,,,,,,,,,,,,,,,,,,,,,,,,,,,
B1298,,ransomware,FAILED,,cape,static_only,0,0.0,,,,,,,,,,,,,,,,,,,,0,0,0,0,0,0,0,0,0,0,0,,0,,,,,,,,,,,,,,,,,,,,,,,,,,,
B1299,,ransomware,FAILED,,cape,static_only,0,0.0,,,,,,,,,,,,,,,,,,,,0,0,0,0,0,0,0,0,0,0,0,,0,,,,,,,,,,,,,,,,,,,,,,,,,,,
B1300,,ransomware,FAILED,,cape,static_only,0,0.0,,,,,,,,,,,,,,,,,,,,0,0,0,0,0,0,0,0,0,0,0,,0,,,,,,,,,,,,,,,,,,,,,,,,,,,
B1301,,ransomware,FAILED,,cape,static_only,0,0.0,,,,,,,,,,,,,,,,,,,,0,0,0,0,0,0,0,0,0,0,0,,0,,,,,,,,,,,,,,,,,,,,,,,,,,,
B1302,,ransomware,FAILED,,cape,static_only,0,0.0,,,,,,,,,,,,,,,,,,,,0,0,0,0,0,0,0,0,0,0,0,,0,,,,,,,,,,,,,,,,,,,,,,,,,,,
B1303,,ransomware,FAILED,,cape,static_only,0,0.0,,,,,,,,,,,,,,,,,,,,0,0,0,0,0,0,0,0,0,0,0,,0,,,,,,,,,,,,,,,,,,,,,,,,,,,
B1304,,ransomware,FAILED,,cape,static_only,0,0.0,,,,,,,,,,,,,,,,,,,,0,0,0,0,0,0,0,0,0,0,0,,0,,,,,,,,,,,,,,,,,,,,,,,,,,,
B1305,,ransomware,FAILED,,cape,static_only,0,0.0,,,,,,,,,,,,,,,,,,,,0,0,0,0,0,0,0,0,0,0,0,,0,,,,,,,,,,,,,,,,,,,,,,,,,,,
B1306,,ransomware,FAILED,,cape,static_only,0,0.0,,,,,,,,,,,,,,,,,,,,0,0,0,0,0,0,0,0,0,0,0,,0,,,,,,,,,,,,,,,,,,,,,,,,,,,
B1307,,ransomware,FAILED,,cape,static_only,0,0.0,,,,,,,,,,,,,,,,,,,,0,0,0,0,0,0,0,0,0,0,0,,0,,,,,,,,,,,,,,,,,,,,,,,,,,,
B1308,,ransomware,FAILED,,cape,static_only,0,0.0,,,,,,,,,,,,,,,,,,,,0,0,0,0,0,0,0,0,0,0,0,,0,,,,,,,,,,,,,,,,,,,,,,,,,,,
B1309,,ransomware,FAILED,,cape,static_only,0,0.0,,,,,,,,,,,,,,,,,,,,0,0,0,0,0,0,0,0,0,0,0,,0,,,,,,,,,,,,,,,,,,,,,,,,,,,
B1310,,ransomware,FAILED,,cape,static_only,0,0.0,,,,,,,,,,,,,,,,,,,,0,0,0,0,0,0,0,0,0,0,0,,0,,,,,,,,,,,,,,,,,,,,,,,,,,,
B1311,,ransomware,FAILED,,cape,static_only,0,0.0,,,,,,,,,,,,,,,,,,,,0,0,0,0,0,0,0,0,0,0,0,,0,,,,,,,,,,,,,,,,,,,,,,,,,,,
B1312,,ransomware,FAILED,,cape,static_only,0,0.0,,,,,,,,,,,,,,,,,,,,0,0,0,0,0,0,0,0,0,0,0,,0,,,,,,,,,,,,,,,,,,,,,,,,,,,
B1313,,ransomware,FAILED,,cape,static_only,0,0.0,,,,,,,,,,,,,,,,,,,,0,0,0,0,0,0,0,0,0,0,0,,0,,,,,,,,,,,,,,,,,,,,,,,,,,,
B1314,,ransomware,FAILED,,cape,static_only,0,0.0,,,,,,,,,,,,,,,,,,,,0,0,0,0,0,0,0,0,0,0,0,,0,,,,,,,,,,,,,,,,,,,,,,,,,,,
B1315,,ransomware,FAILED,,cape,static_only,0,0.0,,,,,,,,,,,,,,,,,,,,0,0,0,0,0,0,0,0,0,0,0,,0,,,,,,,,,,,,,,,,,,,,,,,,,,,
B1316,,ransomware,FAILED,,cape,static_only,0,0.0,,,,,,,,,,,,,,,,,,,,0,0,0,0,0,0,0,0,0,0,0,,0,,,,,,,,,,,,,,,,,,,,,,,,,,,
B1317,,ransomware,FAILED,,cape,static_only,0,0.0,,,,,,,,,,,,,,,,,,,,0,0,0,0,0,0,0,0,0,0,0,,0,,,,,,,,,,,,,,,,,,,,,,,,,,,
B1318,,ransomware,FAILED,,cape,static_only,0,0.0,,,,,,,,,,,,,,,,,,,,0,0,0,0,0,0,0,0,0,0,0,,0,,,,,,,,,,,,,,,,,,,,,,,,,,,
B1319,,ransomware,FAILED,,cape,static_only,0,0.0,,,,,,,,,,,,,,,,,,,,0,0,0,0,0,0,0,0,0,0,0,,0,,,,,,,,,,,,,,,,,,,,,,,,,,,
B1320,,ransomware,FAILED,,cape,static_only,0,0.0,,,,,,,,,,,,,,,,,,,,0,0,0,0,0,0,0,0,0,0,0,,0,,,,,,,,,,,,,,,,,,,,,,,,,,,
B1321,,ransomware,FAILED,,cape,static_only,0,0.0,,,,,,,,,,,,,,,,,,,,0,0,0,0,0,0,0,0,0,0,0,,0,,,,,,,,,,,,,,,,,,,,,,,,,,,
B1322,,ransomware,FAILED,,cape,static_only,0,0.0,,,,,,,,,,,,,,,,,,,,0,0,0,0,0,0,0,0,0,0,0,,0,,,,,,,,,,,,,,,,,,,,,,,,,,,
B1323,,ransomware,FAILED,,cape,static_only,0,0.0,,,,,,,,,,,,,,,,,,,,0,0,0,0,0,0,0,0,0,0,0,,0,,,,,,,,,,,,,,,,,,,,,,,,,,,
B1324,,ransomware,FAILED,,cape,static_only,0,0.0,,,,,,,,,,,,,,,,,,,,0,0,0,0,0,0,0,0,0,0,0,,0,,,,,,,,,,,,,,,,,,,,,,,,,,,
B1325,,ransomware,FAILED,,cape,static_only,0,0.0,,,,,,,,,,,,,,,,,,,,0,0,0,0,0,0,0,0,0,0,0,,0,,,,,,,,,,,,,,,,,,,,,,,,,,,
B1326,,ransomware,FAILED,,cape,static_only,0,0.0,,,,,,,,,,,,,,,,,,,,0,0,0,0,0,0,0,0,0,0,0,,0,,,,,,,,,,,,,,,,,,,,,,,,,,,
B1327,,ransomware,FAILED,,cape,static_only,0,0.0,,,,,,,,,,,,,,,,,,,,0,0,0,0,0,0,0,0,0,0,0,,0,,,,,,,,,,,,,,,,,,,,,,,,,,,
B1328,,ransomware,FAILED,,cape,static_only,0,0.0,,,,,,,,,,,,,,,,,,,,0,0,0,0,0,0,0,0,0,0,0,,0,,,,,,,,,,,,,,,,,,,,,,,,,,,
B1329,,ransomware,FAILED,,cape,static_only,0,0.0,,,,,,,,,,,,,,,,,,,,0,0,0,0,0,0,0,0,0,0,0,,0,,,,,,,,,,,,,,,,,,,,,,,,,,,
B1330,,ransomware,FAILED,,cape,static_only,0,0.0,,,,,,,,,,,,,,,,,,,,0,0,0,0,0,0,0,0,0,0,0,,0,,,,,,,,,,,,,,,,,,,,,,,,,,,
B1331,,ransomware,FAILED,,cape,static_only,0,0.0,,,,,,,,,,,,,,,,,,,,0,0,0,0,0,0,0,0,0,0,0,,0,,,,,,,,,,,,,,,,,,,,,,,,,,,
B1332,,ransomware,FAILED,,cape,static_only,0,0.0,,,,,,,,,,,,,,,,,,,,0,0,0,0,0,0,0,0,0,0,0,,0,,,,,,,,,,,,,,,,,,,,,,,,,,,
B1333,,ransomware,FAILED,,cape,static_only,0,0.0,,,,,,,,,,,,,,,,,,,,0,0,0,0,0,0,0,0,0,0,0,,0,,,,,,,,,,,,,,,,,,,,,,,,,,,
B1334,,ransomware,FAILED,,cape,static_only,0,0.0,,,,,,,,,,,,,,,,,,,,0,0,0,0,0,0,0,0,0,0,0,,0,,,,,,,,,,,,,,,,,,,,,,,,,,,
B1335,,ransomware,FAILED,,cape,static_only,0,0.0,,,,,,,,,,,,,,,,,,,,0,0,0,0,0,0,0,0,0,0,0,,0,,,,,,,,,,,,,,,,,,,,,,,,,,,
B1336,,ransomware,FAILED,,cape,static_only,0,0.0,,,,,,,,,,,,,,,,,,,,0,0,0,0,0,0,0,0,0,0,0,,0,,,,,,,,,,,,,,,,,,,,,,,,,,,
B1337,,ransomware,FAILED,,cape,static_only,0,0.0,,,,,,,,,,,,,,,,,,,,0,0,0,0,0,0,0,0,0,0,0,,0,,,,,,,,,,,,,,,,,,,,,,,,,,,
B1338,,ransomware,FAILED,,cape,static_only,0,0.0,,,,,,,,,,,,,,,,,,,,0,0,0,0,0,0,0,0,0,0,0,,0,,,,,,,,,,,,,,,,,,,,,,,,,,,
B1339,,ransomware,FAILED,,cape,static_only,0,0.0,,,,,,,,,,,,,,,,,,,,0,0,0,0,0,0,0,0,0,0,0,,0,,,,,,,,,,,,,,,,,,,,,,,,,,,
B1340,,ransomware,FAILED,,cape,static_only,0,0.0,,,,,,,,,,,,,,,,,,,,0,0,0,0,0,0,0,0,0,0,0,,0,,,,,,,,,,,,,,,,,,,,,,,,,,,
B1341,,ransomware,FAILED,,cape,static_only,0,0.0,,,,,,,,,,,,,,,,,,,,0,0,0,0,0,0,0,0,0,0,0,,0,,,,,,,,,,,,,,,,,,,,,,,,,,,
B1342,,ransomware,FAILED,,cape,static_only,0,0.0,,,,,,,,,,,,,,,,,,,,0,0,0,0,0,0,0,0,0,0,0,,0,,,,,,,,,,,,,,,,,,,,,,,,,,,
B1343,,ransomware,FAILED,,cape,static_only,0,0.0,,,,,,,,,,,,,,,,,,,,0,0,0,0,0,0,0,0,0,0,0,,0,,,,,,,,,,,,,,,,,,,,,,,,,,,
B1344,,ransomware,FAILED,,cape,static_only,0,0.0,,,,,,,,,,,,,,,,,,,,0,0,0,0,0,0,0,0,0,0,0,,0,,,,,,,,,,,,,,,,,,,,,,,,,,,
B1345,,ransomware,FAILED,,cape,static_only,0,0.0,,,,,,,,,,,,,,,,,,,,0,0,0,0,0,0,0,0,0,0,0,,0,,,,,,,,,,,,,,,,,,,,,,,,,,,
B1346,,ransomware,FAILED,,cape,static_only,0,0.0,,,,,,,,,,,,,,,,,,,,0,0,0,0,0,0,0,0,0,0,0,,0,,,,,,,,,,,,,,,,,,,,,,,,,,,
B1347,,ransomware,FAILED,,cape,static_only,0,0.0,,,,,,,,,,,,,,,,,,,,0,0,0,0,0,0,0,0,0,0,0,,0,,,,,,,,,,,,,,,,,,,,,,,,,,,
B1348,,ransomware,FAILED,,cape,static_only,0,0.0,,,,,,,,,,,,,,,,,,,,0,0,0,0,0,0,0,0,0,0,0,,0,,,,,,,,,,,,,,,,,,,,,,,,,,,
B1349,,ransomware,FAILED,,cape,static_only,0,0.0,,,,,,,,,,,,,,,,,,,,0,0,0,0,0,0,0,0,0,0,0,,0,,,,,,,,,,,,,,,,,,,,,,,,,,,
B1350,,ransomware,FAILED,,cape,static_only,0,0.0,,,,,,,,,,,,,,,,,,,,0,0,0,0,0,0,0,0,0,0,0,,0,,,,,,,,,,,,,,,,,,,,,,,,,,,
B1351,,ransomware,FAILED,,cape,static_only,0,0.0,,,,,,,,,,,,,,,,,,,,0,0,0,0,0,0,0,0,0,0,0,,0,,,,,,,,,,,,,,,,,,,,,,,,,,,
B1352,,ransomware,FAILED,,cape,static_only,0,0.0,,,,,,,,,,,,,,,,,,,,0,0,0,0,0,0,0,0,0,0,0,,0,,,,,,,,,,,,,,,,,,,,,,,,,,,
B1353,,ransomware,FAILED,,cape,static_only,0,0.0,,,,,,,,,,,,,,,,,,,,0,0,0,0,0,0,0,0,0,0,0,,0,,,,,,,,,,,,,,,,,,,,,,,,,,,
B1354,,ransomware,FAILED,,cape,static_only,0,0.0,,,,,,,,,,,,,,,,,,,,0,0,0,0,0,0,0,0,0,0,0,,0,,,,,,,,,,,,,,,,,,,,,,,,,,,
B1355,,ransomware,FAILED,,cape,static_only,0,0.0,,,,,,,,,,,,,,,,,,,,0,0,0,0,0,0,0,0,0,0,0,,0,,,,,,,,,,,,,,,,,,,,,,,,,,,
B1356,,ransomware,FAILED,,cape,static_only,0,0.0,,,,,,,,,,,,,,,,,,,,0,0,0,0,0,0,0,0,0,0,0,,0,,,,,,,,,,,,,,,,,,,,,,,,,,,
B1357,,ransomware,FAILED,,cape,static_only,0,0.0,,,,,,,,,,,,,,,,,,,,0,0,0,0,0,0,0,0,0,0,0,,0,,,,,,,,,,,,,,,,,,,,,,,,,,,
B1358,,ransomware,FAILED,,cape,static_only,0,0.0,,,,,,,,,,,,,,,,,,,,0,0,0,0,0,0,0,0,0,0,0,,0,,,,,,,,,,,,,,,,,,,,,,,,,,,
B1359,,ransomware,FAILED,,cape,static_only,0,0.0,,,,,,,,,,,,,,,,,,,,0,0,0,0,0,0,0,0,0,0,0,,0,,,,,,,,,,,,,,,,,,,,,,,,,,,
B1360,,ransomware,FAILED,,cape,static_only,0,0.0,,,,,,,,,,,,,,,,,,,,0,0,0,0,0,0,0,0,0,0,0,,0,,,,,,,,,,,,,,,,,,,,,,,,,,,
B1361,,ransomware,FAILED,,cape,static_only,0,0.0,,,,,,,,,,,,,,,,,,,,0,0,0,0,0,0,0,0,0,0,0,,0,,,,,,,,,,,,,,,,,,,,,,,,,,,
B1362,,ransomware,FAILED,,cape,static_only,0,0.0,,,,,,,,,,,,,,,,,,,,0,0,0,0,0,0,0,0,0,0,0,,0,,,,,,,,,,,,,,,,,,,,,,,,,,,
B1363,,ransomware,FAILED,,cape,static_only,0,0.0,,,,,,,,,,,,,,,,,,,,0,0,0,0,0,0,0,0,0,0,0,,0,,,,,,,,,,,,,,,,,,,,,,,,,,,
B1364,,ransomware,FAILED,,cape,static_only,0,0.0,,,,,,,,,,,,,,,,,,,,0,0,0,0,0,0,0,0,0,0,0,,0,,,,,,,,,,,,,,,,,,,,,,,,,,,
B1365,,ransomware,FAILED,,cape,static_only,0,0.0,,,,,,,,,,,,,,,,,,,,0,0,0,0,0,0,0,0,0,0,0,,0,,,,,,,,,,,,,,,,,,,,,,,,,,,
B1366,,ransomware,FAILED,,cape,static_only,0,0.0,,,,,,,,,,,,,,,,,,,,0,0,0,0,0,0,0,0,0,0,0,,0,,,,,,,,,,,,,,,,,,,,,,,,,,,
B1367,,ransomware,FAILED,,cape,static_only,0,0.0,,,,,,,,,,,,,,,,,,,,0,0,0,0,0,0,0,0,0,0,0,,0,,,,,,,,,,,,,,,,,,,,,,,,,,,
B1368,,ransomware,FAILED,,cape,static_only,0,0.0,,,,,,,,,,,,,,,,,,,,0,0,0,0,0,0,0,0,0,0,0,,0,,,,,,,,,,,,,,,,,,,,,,,,,,,
B1369,,ransomware,FAILED,,cape,static_only,0,0.0,,,,,,,,,,,,,,,,,,,,0,0,0,0,0,0,0,0,0,0,0,,0,,,,,,,,,,,,,,,,,,,,,,,,,,,
B1370,,ransomware,FAILED,,cape,static_only,0,0.0,,,,,,,,,,,,,,,,,,,,0,0,0,0,0,0,0,0,0,0,0,,0,,,,,,,,,,,,,,,,,,,,,,,,,,,
B1371,,ransomware,FAILED,,cape,static_only,0,0.0,,,,,,,,,,,,,,,,,,,,0,0,0,0,0,0,0,0,0,0,0,,0,,,,,,,,,,,,,,,,,,,,,,,,,,,
B1372,,ransomware,FAILED,,cape,static_only,0,0.0,,,,,,,,,,,,,,,,,,,,0,0,0,0,0,0,0,0,0,0,0,,0,,,,,,,,,,,,,,,,,,,,,,,,,,,
B1373,,ransomware,FAILED,,cape,static_only,0,0.0,,,,,,,,,,,,,,,,,,,,0,0,0,0,0,0,0,0,0,0,0,,0,,,,,,,,,,,,,,,,,,,,,,,,,,,
B1374,,ransomware,FAILED,,cape,static_only,0,0.0,,,,,,,,,,,,,,,,,,,,0,0,0,0,0,0,0,0,0,0,0,,0,,,,,,,,,,,,,,,,,,,,,,,,,,,
B1375,,ransomware,FAILED,,cape,static_only,0,0.0,,,,,,,,,,,,,,,,,,,,0,0,0,0,0,0,0,0,0,0,0,,0,,,,,,,,,,,,,,,,,,,,,,,,,,,
B1376,,ransomware,FAILED,,cape,static_only,0,0.0,,,,,,,,,,,,,,,,,,,,0,0,0,0,0,0,0,0,0,0,0,,0,,,,,,,,,,,,,,,,,,,,,,,,,,,
B1377,,ransomware,FAILED,,cape,static_only,0,0.0,,,,,,,,,,,,,,,,,,,,0,0,0,0,0,0,0,0,0,0,0,,0,,,,,,,,,,,,,,,,,,,,,,,,,,,
B1378,,ransomware,FAILED,,cape,static_only,0,0.0,,,,,,,,,,,,,,,,,,,,0,0,0,0,0,0,0,0,0,0,0,,0,,,,,,,,,,,,,,,,,,,,,,,,,,,
B1379,,ransomware,FAILED,,cape,static_only,0,0.0,,,,,,,,,,,,,,,,,,,,0,0,0,0,0,0,0,0,0,0,0,,0,,,,,,,,,,,,,,,,,,,,,,,,,,,
B1380,,ransomware,FAILED,,cape,static_only,0,0.0,,,,,,,,,,,,,,,,,,,,0,0,0,0,0,0,0,0,0,0,0,,0,,,,,,,,,,,,,,,,,,,,,,,,,,,
B1381,,ransomware,FAILED,,cape,static_only,0,0.0,,,,,,,,,,,,,,,,,,,,0,0,0,0,0,0,0,0,0,0,0,,0,,,,,,,,,,,,,,,,,,,,,,,,,,,
B1382,,ransomware,FAILED,,cape,static_only,0,0.0,,,,,,,,,,,,,,,,,,,,0,0,0,0,0,0,0,0,0,0,0,,0,,,,,,,,,,,,,,,,,,,,,,,,,,,
B1383,,ransomware,FAILED,,cape,static_only,0,0.0,,,,,,,,,,,,,,,,,,,,0,0,0,0,0,0,0,0,0,0,0,,0,,,,,,,,,,,,,,,,,,,,,,,,,,,
B1384,,ransomware,FAILED,,cape,static_only,0,0.0,,,,,,,,,,,,,,,,,,,,0,0,0,0,0,0,0,0,0,0,0,,0,,,,,,,,,,,,,,,,,,,,,,,,,,,
B1385,,ransomware,FAILED,,cape,static_only,0,0.0,,,,,,,,,,,,,,,,,,,,0,0,0,0,0,0,0,0,0,0,0,,0,,,,,,,,,,,,,,,,,,,,,,,,,,,
B1386,,ransomware,FAILED,,cape,static_only,0,0.0,,,,,,,,,,,,,,,,,,,,0,0,0,0,0,0,0,0,0,0,0,,0,,,,,,,,,,,,,,,,,,,,,,,,,,,
B1387,,ransomware,FAILED,,cape,static_only,0,0.0,,,,,,,,,,,,,,,,,,,,0,0,0,0,0,0,0,0,0,0,0,,0,,,,,,,,,,,,,,,,,,,,,,,,,,,
B1388,085105e613ad37808a8db9a3c2ba5561d5d38d5c5c43b469c93d15f0d64af0c1,ransomware,TRUE_ENCRYPTION,Dharma,cape,full,0,10.0,Dharma,454,0,,,,634,454,2502,799,0,3,5.511013215859031,1.7599118942731278,86,337,47,11,279,9,0,0,0,0,0,0,0,0,0,0,,0,,,0,0,1,3,1,0,0,0,0,0,0,0,1,0,,1,1,0,0,,0,602.9,1,1,0.23
B1389,1fb2178279b76d9ed5e3c24b24885a31ec521e58a4688597600d26f88df5b8e1,ransomware,TRUE_ENCRYPTION,Sodinokibi,cape,full,0,10.0,REvil,464,3537,-0.020656793310336787,,,693,464,11,145,0,33,0.023706896551724137,0.3125,25,139,10,34,95,13,0,0,0,0,0,0,0,0,0,0,,0,,,0,1,0,13,0,0,0,0,0,0,5,13,26,1,-5.3,0,0,,,,,,,,
B1390,5837daaf4f7cf7280ec0a749e161015c1de39b35fa26710ce7bb22e352725ed4,ransomware,TRUE_ENCRYPTION,Dharma,cape,full,0,10.0,Dharma,298,0,,,,510,298,2312,921,0,11,7.758389261744966,3.0906040268456376,79,311,36,26,249,9,0,0,0,0,0,0,0,0,0,0,,0,,,0,0,1,8,1,0,0,0,0,0,1,1,7,0,-616.4,1,1,0,0,,0,560.1,1,1,0.242
B1391,f0a16b0224a24647e9e8cf2f6f4479d93c8fb540a7ca656023a41f399e6c69c2,ransomware,TRUE_ENCRYPTION,Sodinokibi,cape,full,1,9.0,REvil,83,0,,,,55,83,1999,8,5,6,24.08433734939759,0.0963855421686747,664,47,4,9,34,100,0,0,4,0,0,0,0,0,2,0,,0,,,0,0,1,7,2,2,0,0,0,0,1,3,21,8,43.3,0,0,,,,,,,,
B1392,553f674770840d592fd718f1cb8eed6d4210c7ce73944fb2d200e8588584fccb,ransomware,TRUE_ENCRYPTION,Dharma,cape,full,0,10.0,Dharma,418,0,,,,572,418,2593,931,0,8,6.20334928229665,2.227272727272727,78,286,34,14,238,9,0,0,0,0,0,0,0,0,0,0,,0,,,0,0,1,7,1,0,0,0,0,0,0,0,7,0,,1,1,0,0,,0,514.8,1,1,0.24
B1393,12d8bfa1aeb557c146b98f069f3456cc8392863a2f4ad938722cd7ca1a773b39,ransomware,TRUE_ENCRYPTION,Sodinokibi,cape,full,0,10.0,REvil,397,0,,,,603,397,37,157,0,17,0.09319899244332494,0.3954659949622166,25,126,10,16,100,13,0,0,0,0,0,0,0,0,0,0,,0,,,0,0,1,6,0,0,0,0,0,0,4,8,22,6,-5.6,0,0,,,,,,,,
B1394,246fbca7a62d38c5c15e47bddbb92c303e2470adaf514817b43c9f274cb47e7f,ransomware,TRUE_ENCRYPTION,Dharma,cape,full,0,10.0,Dharma,453,0,,,,619,453,2434,821,0,13,5.373068432671082,1.8123620309050772,83,309,46,18,245,9,0,0,0,0,0,0,0,0,0,0,,0,,,0,0,1,10,1,0,0,0,0,0,3,3,7,0,-587.0,2,1,0,0,,0,510.4,1,1,0.255
B1395,7394136299802ff82b9b08a43b196a803949be752fb9efd378d4936ff91bcb90,ransomware,FAILED,Sodinokibi,cape,full,0,2.0,REvil,0,0,,,,0,0,0,0,0,1,,,0,1,0,0,1,0,0,0,0,0,0,0,0,0,0,0,,0,,,,,,1,0,0,0,0,0,0,0,0,0,0,,0,0,,,,,,,,
B1396,90c54543aaf085e00879d4fe98a6dfb8148548f374828d50b6e3ac44668138b2,ransomware,TRUE_ENCRYPTION,Dharma,cape,full,0,10.0,Dharma,492,0,,,,658,492,2504,858,0,13,5.0894308943089435,1.7439024390243902,74,294,45,20,229,9,0,0,0,0,0,0,0,0,0,0,,0,,,0,0,1,9,1,0,0,0,0,0,2,2,7,0,-588.2,2,1,0,0,,0,504.2,1,1,0.234
B1397,5f56d5748940e4039053f85978074bde16d64bd5ba97f6f0026ba8172cb29e93,ransomware,TRUE_ENCRYPTION,Sodinokibi,cape,full,0,10.0,REvil,191,0,,,,86,191,1990,80,0,5,10.418848167539267,0.418848167539267,685,30,4,1,25,0,0,0,0,0,0,0,0,0,0,0,,0,,,,,,5,2,2,0,0,0,0,1,1,12,0,-320.8,0,0,,,,,,,,
B1398,56f1a65ab205548d7cc50c044c510210f084d7c7a381be7e3dd6530da1ce6aff,ransomware,NO_VICTIM_ACTIVITY,Dharma,cape,full,0,10.0,Dharma,49,0,,,,83,49,2,1,0,3,0.04081632653061224,0.02040816326530612,3,17,3,12,2,9,0,0,0,0,0,0,0,0,0,0,,0,,,0,0,1,3,1,0,0,0,0,0,0,0,1,0,,1,1,0,0,,0,4.2,0,0,
B1399,9443d7f2890e26024ee0b8067ac2609fcdbd4bcc6981a7ab1aa8671be232b1f6,ransomware,TRUE_ENCRYPTION,Sodinokibi,cape,full,1,9.0,Sodinokibi,311,0,,,,379,311,9,147,5,17,0.028938906752411574,0.47266881028938906,23,46,11,10,25,146,1,0,3,0,0,0,0,0,1,1,,0,,,1,0,0,9,0,0,0,0,0,0,5,10,45,11,2.4,0,0,,,,,,,,
B1400,53cee5760768d57218ccc210948592f29d41b98cba17a81a87d0392e1eeffaf6,ransomware,TRUE_ENCRYPTION,Dharma,cape,full,0,10.0,Dharma,182,0,,,,188,182,69,8,0,2,0.3791208791208791,0.04395604395604396,21,24,15,6,3,9,0,0,0,0,0,0,0,0,0,0,,0,,,0,0,1,2,0,0,0,0,0,0,0,0,1,0,,0,0,,,,,,,,
B1401,d0e075a9346acbeca7095df2fc5e7c28909961184078e251f737f09b8ef892b6,ransomware,TRUE_ENCRYPTION,Sodinokibi,cape,full,1,10.0,REvil,240,468,-0.018244528909534652,6.279499698598329,6.476157391559539,213,240,11,74,5,8,0.04583333333333333,0.30833333333333335,21,54,11,13,30,126,0,0,3,0,0,0,0,1,0,0,,8,0,0,0,1,0,8,0,0,0,0,0,0,4,6,32,8,15.2,0,0,,,,,,,,
B1402,038e577d25d5b9237fbbef6080f53f462b01e75f83449bf0020ef0b14f371ac6,ransomware,TRUE_ENCRYPTION,Dharma,cape,full,0,10.0,Dharma,418,0,,,,636,418,2667,701,0,12,6.380382775119617,1.6770334928229664,73,256,38,20,198,9,0,0,0,0,0,0,0,0,0,0,,0,,,0,0,1,9,1,0,0,0,0,0,2,2,10,0,-442.4,2,1,0,0,,0,411.7,1,1,0.241
B1403,f4f73a451c1ec493eb3b4395d06de73598fcf5b8f7d13e81418238824d90fda3,ransomware,TRUE_ENCRYPTION,Sodinokibi,cape,full,0,10.0,REvil,537,6373,-0.04416125474904357,,,1715,537,9,145,5,18,0.01675977653631285,0.27001862197392923,23,84,8,30,46,14,0,0,0,0,0,0,0,0,0,0,,0,,,0,1,0,8,0,0,0,0,0,0,5,12,33,8,1.0,0,0,,,,,,,,
B1404,32eadf068d9d090fcf57145a09df4ce515c196387e409a01fbf052ff790879bf,ransomware,TRUE_ENCRYPTION,Dharma,cape,full,0,10.0,Dharma,179,0,,,,209,179,62,8,0,3,0.3463687150837989,0.0446927374301676,12,30,7,14,9,9,0,0,0,0,0,0,0,0,0,0,,0,,,0,0,1,3,1,0,0,0,0,0,0,0,1,0,,1,1,0,0,,0,5.9,0,0,
B1405,3c56d3fe6373d5b84074f214b883ca65685d04141ff829f73ff65531bf1f86ad,ransomware,FAILED,Sodinokibi,cape,static_only,1,1.2,,,,,,,,,,,,,,,,,,,,58,0,0,1,0,0,0,0,0,1,0,,0,,,,,,,,,,,,,,,,,,,,,,,,,,,
B1406,8e8b6818423930eea073315743b788aef2f41198961946046b7b89042cb3f95a,ransomware,TRUE_ENCRYPTION,Dharma,cape,full,0,10.0,Dharma,526,0,,,,774,526,2698,870,0,14,5.129277566539924,1.6539923954372624,78,155,32,10,113,9,0,0,0,0,0,0,0,0,0,0,,0,,,0,0,1,10,1,0,0,0,0,0,1,1,7,0,-288.6,2,1,0,0,,0,188.8,1,1,0.289
B1407,d91f951bdcf35012ac6b47c28cf32ec143e4269243d8c229f6cb326fd343df95,ransomware,TRUE_ENCRYPTION,Sodinokibi,cape,full,0,10.0,REvil,377,0,,,,412,377,9,130,5,5,0.023872679045092837,0.3448275862068966,26,21,6,7,8,9,0,0,0,0,0,0,0,0,0,0,,0,,,0,0,1,5,0,0,0,0,0,0,3,5,30,8,0.1,0,0,,,,,,,,
B1408,4d8ffa30554984f32eabbcb7a99699dd833ea85a8483db8753cc40bde7cee923,ransomware,TRUE_ENCRYPTION,Dharma,cape,full,0,10.0,Dharma,443,0,,,,547,443,2357,795,0,8,5.320541760722348,1.7945823927765236,77,135,31,3,101,9,0,0,0,0,0,0,0,0,0,0,,0,,,0,0,1,7,1,0,0,0,0,0,0,0,7,0,,1,1,0,0,,0,194.1,1,1,0.287
B1409,329983dc2a23bd951b24780947cb9a6ae3fb80d5ef546e8538dfd9459b176483,ransomware,TRUE_ENCRYPTION,Sodinokibi,cape,full,0,10.0,REvil,352,452,-0.01242328163112951,6.277472071465691,6.476157391559539,428,352,10,120,5,7,0.028409090909090908,0.3409090909090909,28,34,9,8,17,6,0,0,0,0,0,0,0,0,0,0,,12,0,0,0,1,0,7,0,0,0,0,0,0,3,3,30,8,-11.4,0,0,,,,,,,,
B1410,4b6de6cf9a91af3abf522643cb138747725ec1ae47d1defd66488e246a1fec8d,ransomware,TRUE_ENCRYPTION,Dharma,cape,full,0,10.0,Dharma,430,0,,,,605,430,2420,825,0,14,5.627906976744186,1.9186046511627908,80,163,30,11,122,9,0,0,0,0,0,0,0,0,0,0,,0,,,0,0,1,10,1,0,0,0,0,0,1,1,10,0,-357.3,2,1,0,0,,0,213.0,1,1,0.244
B1411,8c716101e118ac65d7bdb900e0100d012256abb1d7cdf64830e5943a795ccce2,ransomware,TRUE_ENCRYPTION,Sodinokibi,cape,full,1,10.0,REvil,424,5757,0.02188563011584693,6.9400978652412135,7.012378116749929,368,424,9,125,5,5,0.02122641509433962,0.294811320754717,26,36,10,18,8,90,0,0,1,0,0,0,2,1,2,1,,22,0,0,0,1,0,5,0,0,0,0,0,0,3,5,31,8,0.1,0,0,,,,,,,,
B1412,2dd2c201103ac3a5bf77ae7b30d0032ed215f59f883543c816e516ab454383fb,ransomware,TRUE_ENCRYPTION,Dharma,cape,full,0,10.0,Dharma,394,0,,,,601,394,2369,752,0,14,6.0126903553299496,1.9086294416243654,80,164,26,14,124,9,0,0,0,0,0,0,0,0,0,0,,0,,,0,0,1,10,1,0,0,0,0,0,2,2,10,0,-352.8,2,1,0,0,,0,208.9,1,1,0.25
B1413,2d73ce9f8e11bbbce1bec1147bf30ef60a6d362504fbf650b3c8a0ea6f7c4fbb,ransomware,NO_VICTIM_ACTIVITY,Sodinokibi,cape,full,1,0.8,,6,0,,,,1,6,0,0,0,0,0.0,0.0,0,1,0,1,0,46,0,0,5,0,0,0,0,1,0,0,,0,,,0,0,1,0,0,0,0,0,0,0,0,0,0,0,,0,0,,,,,,,,
B1414,0a40acb8ddbc2ed8f8b703681fadf9fcb2672fdb75d93c150b45c6465cc9b1b4,ransomware,TRUE_ENCRYPTION,Dharma,cape,full,0,10.0,Dharma,118,0,,,,148,118,25,3,0,3,0.211864406779661,0.025423728813559324,8,16,8,6,2,9,0,0,0,0,0,0,0,0,0,0,,0,,,0,0,1,3,1,0,0,0,0,0,0,0,1,0,,1,1,0,0,,0,7.3,0,0,
B1415,602375762d88d24ae659c47d25959e52ed5cea1d227609ec486bd42d551ca009,ransomware,NO_VICTIM_ACTIVITY,Sodinokibi,cape,full,1,0.8,,6,0,,,,1,6,0,0,0,0,0.0,0.0,0,1,0,1,0,47,0,0,5,0,0,0,0,1,0,0,,0,,,0,0,1,0,0,0,0,0,0,0,0,0,0,0,,0,0,,,,,,,,
B1416,2f2e75affe9217c7211043936678fb1777e2db4a8f1986b8805ddb1e84e9e99b,ransomware,TRUE_ENCRYPTION,Dharma,cape,full,0,10.0,Dharma,44,0,,,,80,44,4,1,0,3,0.09090909090909091,0.022727272727272728,4,11,2,8,1,9,0,0,0,0,0,0,0,0,0,0,,0,,,0,0,1,3,1,0,0,0,0,0,0,0,1,0,,1,1,0,0,,0,1.5,0,0,
B1417,e453400f413b4ad2e996c28b7e72be2d42fc2a8d30e9c91a67a0e0e6915aff7f,ransomware,FAILED,Sodinokibi,cape,full,1,0.3,,0,0,,,,0,0,0,0,0,0,,,0,0,0,0,0,37,0,0,1,0,0,0,0,0,1,0,boost,0,,,0,0,1,0,0,0,0,0,0,0,0,0,0,0,,0,0,,,,,,,,
B1418,6985917d29596b66d9bbc745a13d5577110d9b0408719c5559d23dd59a9e4f0b,ransomware,TRUE_ENCRYPTION,Dharma,cape,full,0,10.0,Dharma,406,0,,,,584,406,2732,728,0,8,6.729064039408867,1.793103448275862,100,130,28,3,99,9,0,0,0,0,0,0,0,0,0,0,,0,,,0,0,1,7,1,0,0,0,0,0,0,0,7,0,,1,1,0,0,,0,183.4,1,1,0.251
B1419,735ff072077023765e445b284f072946ffad2e36fa8aba9f1b8f93fef885352c,ransomware,TRUE_ENCRYPTION,Sodinokibi,cape,full,1,10.0,REvil,441,6691,-0.02653744431090248,6.274126740147012,6.8948296013004695,330,441,10,134,5,6,0.022675736961451247,0.30385487528344673,25,42,8,16,18,143,0,0,3,0,0,0,0,1,0,0,,8,0,0,0,1,0,6,0,0,0,0,0,0,3,5,30,8,-5.7,0,0,,,,,,,,
B1420,084574bf3180c1493c8f1bb5522e80255be673dbeca80b0a37ee487daf8c6919,ransomware,TRUE_ENCRYPTION,Dharma,cape,full,0,10.0,Dharma,51,899,-0.07047156511548167,2.8130398888200125,7.110176880064639,97,51,9,2,1,4,0.17647058823529413,0.0392156862745098,7,12,2,6,4,1,0,0,0,0,0,0,0,0,0,0,,312,2,2,0,1,0,4,1,0,0,0,0,0,0,0,1,0,,1,1,0,0,,0,30.1,0,0,
B1421,9d3a482d9441876096e0cee429fedf7b9f7e1c6a50b3e4b2009884019627d879,ransomware,TRUE_ENCRYPTION,Sodinokibi,cape,full,0,10.0,REvil,297,451,-0.011718205398884279,6.279057821681487,6.476157391559539,258,297,10,102,5,6,0.03367003367003367,0.3434343434343434,28,30,6,7,17,2,0,0,0,0,0,0,0,0,0,0,,0,,,0,1,0,7,0,0,0,0,0,0,3,5,31,8,5.4,0,0,,,,,,,,
B1422,9a4e6b6a25332f21e4e15bd5c67ea1613db78bf02fa3cef2eba47f27723f8d58,ransomware,TRUE_ENCRYPTION,Dharma,cape,full,0,10.0,Dharma,322,0,,,,400,322,2095,810,0,8,6.5062111801242235,2.515527950310559,78,131,23,4,104,9,0,0,0,0,0,0,0,0,0,0,,0,,,0,0,1,7,1,0,0,0,0,0,0,0,7,0,,1,1,0,0,,0,191.9,1,1,0.252
B1423,6295da1218817aaac71447d83d2221d251724dd33751d94581e3f10e76da1280,ransomware,TRUE_ENCRYPTION,Sodinokibi,cape,full,0,10.0,REvil,384,415,-0.011518336011240641,6.271280823329391,6.476157391559539,423,384,11,137,5,7,0.028645833333333332,0.3567708333333333,27,32,8,9,15,7,0,0,0,0,0,0,0,0,0,0,,0,,,0,1,0,7,0,0,0,0,0,0,3,5,30,8,6.0,0,0,,,,,,,,
B1424,1398be5280bdfc67179822e32d2d39e3e36afac05f88f3267cc7a1a63a3bdb68,ransomware,TRUE_ENCRYPTION,Dharma,cape,full,0,10.0,Dharma,408,0,,,,536,408,2508,851,0,8,6.147058823529412,2.0857843137254903,78,135,28,4,103,9,0,0,0,0,0,0,0,0,0,0,,0,,,0,0,1,7,1,0,0,0,0,0,0,0,7,0,,1,1,0,0,,0,191.2,1,1,0.265
B1425,b10d9a62edb6081aa9f7fc865554064bb212555392b1181dc40040e12927f988,ransomware,TRUE_ENCRYPTION,Sodinokibi,cape,full,1,10.0,REvil,373,0,,,,380,373,9,131,5,5,0.024128686327077747,0.3512064343163539,27,23,7,8,8,101,0,0,2,0,0,0,0,0,2,0,,10,0,0,0,0,1,5,0,0,0,0,0,0,3,5,30,8,0.0,0,0,,,,,,,,
B1426,45e9481702b87e03705d35c12c5a8a3d795d42f91d562cba539999846c729686,ransomware,TRUE_ENCRYPTION,Dharma,cape,full,0,10.0,Dharma,330,833,-0.03407549697535181,2.685741351022227,7.025182306880021,430,330,2230,913,1,9,6.757575757575758,2.7666666666666666,96,125,23,3,99,1,0,0,0,0,0,0,0,0,0,0,,10,0,0,0,1,0,8,1,0,0,0,0,0,0,0,7,0,,1,1,0,0,,0,219.6,1,1,0.551
B1427,e0ae340425fbb9afd4a463345d1fb470bd81110c4ae6a89f1727a8307a4070db,ransomware,NO_VICTIM_ACTIVITY,Sodinokibi,cape,full,1,0.8,,6,0,,,,1,6,0,0,0,0,0.0,0.0,0,1,0,1,0,46,0,0,5,0,0,0,0,1,0,0,,0,,,0,0,1,0,0,0,0,0,0,0,0,0,0,0,,0,0,,,,,,,,
B1428,65ac9daf3070161ac996fb8946632599547f1c9450d7dcd0f8dc1c85b4e8b3b7,ransomware,TRUE_ENCRYPTION,Dharma,cape,full,0,10.0,Dharma,342,846,-0.012103837858556772,2.68515002933775,7.072276515923013,485,342,2485,944,1,15,7.266081871345029,2.760233918128655,80,143,22,9,112,1,0,0,0,0,0,0,0,0,0,0,,312,2,2,0,1,0,11,1,0,0,0,0,0,1,1,10,0,-348.7,2,1,0,0,,0,229.8,1,1,0.481
B1429,c2a96c37b4beef66ee7b650c9043d693a1d939527aed13c58f6b1706b8d016e0,ransomware,NO_VICTIM_ACTIVITY,Sodinokibi,cape,full,1,0.8,,6,0,,,,1,6,0,0,0,0,0.0,0.0,0,2,0,1,1,43,0,0,5,0,0,0,0,1,0,0,,0,,,0,0,1,0,0,0,0,0,0,0,0,0,0,0,,0,0,,,,,,,,
B1430,b23eb66e588b47a73b393c87467b0b2b0431d9d346368efeaa36a76c7877cd27,ransomware,TRUE_ENCRYPTION,Dharma,cape,full,1,10.0,Dharma,334,0,,,,657,334,2848,817,0,4,8.52694610778443,2.446107784431138,104,377,76,38,263,195,1,0,3,0,0,0,0,0,2,1,,9,0,0,1,0,0,4,1,0,0,0,0,0,0,0,1,0,,1,1,0,0,,0,567.8,1,1,0.275
B1431,454fe83bd5a26429ea01b37105bd41718f97359933d272799309ccc6fbcdcb7c,ransomware,NO_VICTIM_ACTIVITY,Sodinokibi,cape,full,1,0.8,,6,0,,,,1,6,0,0,0,0,0.0,0.0,0,2,0,1,1,43,0,0,5,0,0,0,0,1,0,0,,0,,,0,0,1,0,0,0,0,0,0,0,0,0,0,0,,0,0,,,,,,,,
B1432,ea6bafd96818930f83200987d64c970ad03afcae9d69fbde9dd18f2ace154a99,ransomware,TRUE_ENCRYPTION,Dharma,cape,full,1,10.0,Dharma,814,3,-0.011521829470690676,4.872282697852459,4.872282697852459,1104,814,3222,952,0,10,3.958230958230958,1.1695331695331694,115,231,49,18,164,180,0,0,6,0,0,0,2,0,2,1,,9,0,0,0,1,0,9,1,0,0,0,0,0,0,0,35,1,,1,1,0,0,,0,345.0,1,1,0.533
B1433,429b96b0c9a715d0d7735ed12cec95b5183cd398f7291546478cb7ac12451df6,ransomware,NO_VICTIM_ACTIVITY,Sodinokibi,cape,full,1,0.8,,6,0,,,,1,6,0,0,0,0,0.0,0.0,0,1,0,1,0,46,0,0,5,0,0,0,0,1,0,0,,0,,,0,0,1,0,0,0,0,0,0,0,0,0,0,0,,0,0,,,,,,,,
B1434,8edf732c9138a27c8bd12286450034e5b524b468a9bb6a36ccf3c4ab2c4302f5,ransomware,NO_VICTIM_ACTIVITY,Sodinokibi,cape,full,1,0.8,,6,0,,,,1,6,0,0,0,0,0.0,0.0,0,1,0,1,0,46,0,0,5,0,0,0,0,1,0,0,,0,,,0,0,1,0,0,0,0,0,0,0,0,0,0,0,,0,0,,,,,,,,
B1435,6ed3e4d85b44330f9e8254aec9b0055cbc51438472b366dd653201abf452bb89,ransomware,NO_VICTIM_ACTIVITY,Sodinokibi,cape,full,1,0.8,,6,0,,,,1,6,0,0,0,0,0.0,0.0,0,2,0,1,1,46,0,0,5,0,0,0,0,1,0,0,,0,,,0,0,1,0,0,0,0,0,0,0,0,0,0,0,,0,0,,,,,,,,
B1436,6e57810c41f253c8725d738cc83e703c1defaa1c2477314165d12bfd81e23417,ransomware,NO_VICTIM_ACTIVITY,Sodinokibi,cape,full,1,1.3,,9,0,,,,2,9,0,0,0,0,0.0,0.0,0,4,0,3,1,46,0,0,5,0,0,0,0,1,0,0,,0,,,0,0,1,0,0,0,0,0,0,0,0,0,0,0,,0,0,,,,,,,,
B1437,d4fdf1950183893b509bea00c233ae5d54b87bdd57a0b90aa6bf27181ab108d4,ransomware,NO_VICTIM_ACTIVITY,Sodinokibi,cape,full,1,0.8,,6,0,,,,1,6,0,0,0,0,0.0,0.0,0,1,0,1,0,46,0,0,5,0,0,0,0,1,0,0,,0,,,0,0,1,0,0,0,0,0,0,0,0,0,0,0,,0,0,,,,,,,,
B1438,bc81f86bdc1b3a0a3229b88981c62ccdc754f90d0760405991896ad2f21a7c2a,ransomware,NO_VICTIM_ACTIVITY,Sodinokibi,cape,full,1,0.8,,6,0,,,,1,6,0,0,0,0,0.0,0.0,0,1,0,1,0,46,0,0,5,0,0,0,0,1,0,0,,0,,,0,0,1,0,0,0,0,0,0,0,0,0,0,0,,0,0,,,,,,,,
B1439,d10b2371ee70189abe37e8f0779ce3ecca51fd896cdda991289dfe14eaae1a76,ransomware,NO_VICTIM_ACTIVITY,Sodinokibi,cape,full,1,0.8,,6,0,,,,1,6,0,0,0,0,0.0,0.0,0,1,0,1,0,47,0,0,5,0,0,0,0,1,0,0,,0,,,0,0,1,0,0,0,0,0,0,0,0,0,0,0,,0,0,,,,,,,,
B1440,c068e2fe99d491ce2dc1db43bcad040038be3f9b30c67b779c4f5c8f3e710312,ransomware,NO_VICTIM_ACTIVITY,Sodinokibi,cape,full,1,0.8,,6,0,,,,1,6,0,0,0,0,0.0,0.0,0,1,0,1,0,46,0,0,5,0,0,0,0,1,0,0,,0,,,0,0,1,0,0,0,0,0,0,0,0,0,0,0,,0,0,,,,,,,,
B1441,bfbe9826927232ab355f0dc6343175dec5244026bdead1ca7033f4ba62d9a65c,ransomware,NO_VICTIM_ACTIVITY,Sodinokibi,cape,full,1,0.8,,6,0,,,,1,6,0,0,0,0,0.0,0.0,0,1,0,1,0,46,0,0,5,0,0,0,0,1,0,0,,0,,,0,0,1,0,0,0,0,0,0,0,0,0,0,0,,0,0,,,,,,,,
B1442,b9f3199637a3662429d829e2eb2d210fc96bf282883e721da1704981c136b143,ransomware,NO_VICTIM_ACTIVITY,Sodinokibi,cape,full,1,0.8,,6,0,,,,1,6,0,0,0,0,0.0,0.0,0,1,0,1,0,46,0,0,5,0,0,0,0,1,0,0,,0,,,0,0,1,0,0,0,0,0,0,0,0,0,0,0,,0,0,,,,,,,,
B1443,ae9e7267039039c83022e9991d04e9010f4d987826b0fa09eaffaad599c54ee0,ransomware,NO_VICTIM_ACTIVITY,Sodinokibi,cape,full,1,0.8,,6,0,,,,1,6,0,0,0,0,0.0,0.0,0,1,0,1,0,46,0,0,5,0,0,0,0,1,0,0,,0,,,0,0,1,0,0,0,0,0,0,0,0,0,0,0,,0,0,,,,,,,,
B1444,a3412b72b53e761867623cbb41acfc2b48fd7372f4b7f387047ca82dbc387de3,ransomware,NO_VICTIM_ACTIVITY,Sodinokibi,cape,full,1,0.8,,6,0,,,,1,6,0,0,0,0,0.0,0.0,0,1,0,1,0,46,0,0,5,0,0,0,0,1,0,0,,0,,,0,0,1,0,0,0,0,0,0,0,0,0,0,0,,0,0,,,,,,,,
B1445,a6cb88a93bf6e53517d871f6055ca962422a5b4c3c0b7441018270748fa6590a,ransomware,NO_VICTIM_ACTIVITY,Sodinokibi,cape,full,1,0.8,,6,0,,,,1,6,0,0,0,0,0.0,0.0,0,1,0,1,0,46,0,0,5,0,0,0,0,1,0,0,,0,,,0,0,1,0,0,0,0,0,0,0,0,0,0,0,,0,0,,,,,,,,
B1446,75175009b6864cf3a0147051272ccf63d8fac7f7a521e32f9d3c69a7acd4866d,ransomware,NO_VICTIM_ACTIVITY,Sodinokibi,cape,full,1,0.8,,6,0,,,,1,6,0,0,0,0,0.0,0.0,0,1,0,1,0,46,0,0,5,0,0,0,0,1,0,0,,0,,,0,0,1,0,0,0,0,0,0,0,0,0,0,0,,0,0,,,,,,,,
B1447,8005fd566349d5bde690c1f32e67dc3fbd9e195c63bf10ef05d51cfe040335f1,ransomware,NO_VICTIM_ACTIVITY,Sodinokibi,cape,full,1,0.8,,6,0,,,,1,6,0,0,0,0,0.0,0.0,0,1,0,1,0,46,0,0,5,0,0,0,0,1,0,0,,0,,,0,0,1,0,0,0,0,0,0,0,0,0,0,0,,0,0,,,,,,,,
B1448,7789ea5daa745b54c53ccc3ef91589e3583f1c80d0985d74717bcd2be22f859b,ransomware,NO_VICTIM_ACTIVITY,Sodinokibi,cape,full,1,0.8,,6,0,,,,1,6,0,0,0,0,0.0,0.0,0,1,0,1,0,46,0,0,5,0,0,0,0,1,0,0,,0,,,0,0,1,0,0,0,0,0,0,0,0,0,0,0,,0,0,,,,,,,,
B1449,6081e88fe927e60d87da7a0bf1cc748f3c52f951a80dd3e4bd16ceaadc80571a,ransomware,NO_VICTIM_ACTIVITY,Sodinokibi,cape,full,1,0.8,,6,0,,,,1,6,0,0,0,0,0.0,0.0,0,1,0,1,0,46,0,0,5,0,0,0,0,1,0,0,,0,,,0,0,1,0,0,0,0,0,0,0,0,0,0,0,,0,0,,,,,,,,
B1450,5219bdf17e6cf7552c564701ac7b2ceb46ee165840d9cf22c1291fa43ca4d56f,ransomware,NO_VICTIM_ACTIVITY,Sodinokibi,cape,full,1,0.8,,6,0,,,,1,6,0,0,0,0,0.0,0.0,0,1,0,1,0,46,0,0,5,0,0,0,0,1,0,0,,0,,,0,0,1,0,0,0,0,0,0,0,0,0,0,0,,0,0,,,,,,,,
B1451,81b452c5cfc9b054231b73c412e06335770965ec8ec92a309df18c1909233a70,ransomware,NO_VICTIM_ACTIVITY,Sodinokibi,cape,full,1,0.8,,8,0,,,,1,8,0,0,0,0,0.0,0.0,0,2,0,2,0,46,0,0,5,0,0,0,0,1,0,0,,0,,,0,0,1,0,0,0,0,0,0,0,0,0,0,0,,0,0,,,,,,,,
B1452,75fafe3d3519a16ec537108780cab1d2c3f37bc297b494f49ebf544f3f356f72,ransomware,NO_VICTIM_ACTIVITY,Sodinokibi,cape,full,1,0.8,,6,0,,,,1,6,0,0,0,0,0.0,0.0,0,1,0,1,0,46,0,0,5,0,0,0,0,1,0,0,,0,,,0,0,1,0,0,0,0,0,0,0,0,0,0,0,,0,0,,,,,,,,
B1453,9c7a33d57688c7a82516a378cf014acadf68e39d0b13063f75c108dc2a40587d,ransomware,NO_VICTIM_ACTIVITY,Sodinokibi,cape,full,1,0.8,,6,0,,,,1,6,0,0,0,0,0.0,0.0,0,1,0,1,0,46,0,0,5,0,0,0,0,1,0,0,,0,,,0,0,1,0,0,0,0,0,0,0,0,0,0,0,,0,0,,,,,,,,
B1454,6e5f225b72d932fa68cafd3e0366298d5b1b92098049dcf01f6e3f2ad0f9b92e,ransomware,NO_VICTIM_ACTIVITY,Sodinokibi,cape,full,1,0.8,,8,0,,,,1,8,0,0,0,0,0.0,0.0,0,2,0,2,0,46,0,0,5,0,0,0,0,1,0,0,,0,,,0,0,1,0,0,0,0,0,0,0,0,0,0,0,,0,0,,,,,,,,
B1455,5fa14751ef7fa7299d9ac8a13a45d50c91fc787e720ae661742a211861319972,ransomware,NO_VICTIM_ACTIVITY,Sodinokibi,cape,full,1,0.8,,6,0,,,,1,6,0,0,0,0,0.0,0.0,0,1,0,1,0,46,0,0,5,0,0,0,0,1,0,0,,0,,,0,0,1,0,0,0,0,0,0,0,0,0,0,0,,0,0,,,,,,,,
B1456,5a9c0945beff64f70dd87931c2537f87e9b6b975c9a936be9832323c0ddc473c,ransomware,NO_VICTIM_ACTIVITY,Sodinokibi,cape,full,1,0.8,,6,0,,,,1,6,0,0,0,0,0.0,0.0,0,1,0,1,0,46,0,0,5,0,0,0,0,1,0,0,,0,,,0,0,1,0,0,0,0,0,0,0,0,0,0,0,,0,0,,,,,,,,
B1457,3ba4483c761a05e590671f54a39032630f82820177bbe7fcee9c445f6d5fd6db,ransomware,NO_VICTIM_ACTIVITY,Sodinokibi,cape,full,1,0.8,,6,0,,,,1,6,0,0,0,0,0.0,0.0,0,1,0,1,0,46,0,0,5,0,0,0,0,1,0,0,,0,,,0,0,1,0,0,0,0,0,0,0,0,0,0,0,,0,0,,,,,,,,
B1458,3b5e260a1db66a360c9e4c210fbccdb1aa197bffa4fd6344fff9ca9d21559566,ransomware,NO_VICTIM_ACTIVITY,Sodinokibi,cape,full,1,0.8,,8,0,,,,1,8,0,0,0,0,0.0,0.0,0,2,0,2,0,46,0,0,5,0,0,0,0,1,0,0,,0,,,0,0,1,0,0,0,0,0,0,0,0,0,0,0,,0,0,,,,,,,,
B1459,2e050601b908a29f8c0d113abdb0ed867d6c310b2bb58bf3ce607a9f33338a55,ransomware,NO_VICTIM_ACTIVITY,Sodinokibi,cape,full,1,0.8,,6,0,,,,1,6,0,0,0,0,0.0,0.0,0,1,0,1,0,47,0,0,5,0,0,0,0,1,0,0,,0,,,0,0,1,0,0,0,0,0,0,0,0,0,0,0,,0,0,,,,,,,,
B1460,c9b04ec734151245774b54df09fc77011d703f4c93c277dbd26b998e7b6db29c,ransomware,NO_VICTIM_ACTIVITY,Sodinokibi,cape,full,1,0.8,,6,0,,,,1,6,0,0,0,0,0.0,0.0,0,1,0,1,0,43,0,0,5,0,0,0,0,1,0,0,,0,,,0,0,1,0,0,0,0,0,0,0,0,0,0,0,,0,0,,,,,,,,
B1461,a0eca3f1e6797ebb44ece1478362781f5161e74314845571e91ba97e43571f7d,ransomware,NO_VICTIM_ACTIVITY,Sodinokibi,cape,full,1,0.8,,8,0,,,,1,8,0,0,0,0,0.0,0.0,0,2,0,2,0,43,0,0,5,0,0,0,0,1,0,0,,0,,,0,0,1,0,0,0,0,0,0,0,0,0,0,0,,0,0,,,,,,,,
B1462,fd8ba926720610c0864ed8f53bfe61b9d991883798f176f7ad65a16102aeeca3,ransomware,NO_VICTIM_ACTIVITY,Sodinokibi,cape,full,1,0.8,,6,0,,,,1,6,0,0,0,0,0.0,0.0,0,1,0,1,0,46,0,0,5,0,0,0,0,1,0,0,,0,,,0,0,1,0,0,0,0,0,0,0,0,0,0,0,,0,0,,,,,,,,
B1463,ae9e09a6b7706983206261a8f923d908b5523caa08c57995b1601581ac04be0e,ransomware,NO_VICTIM_ACTIVITY,Sodinokibi,cape,full,1,0.8,,6,0,,,,1,6,0,0,0,0,0.0,0.0,0,1,0,1,0,46,0,0,5,0,0,0,0,1,0,0,,0,,,0,0,1,0,0,0,0,0,0,0,0,0,0,0,,0,0,,,,,,,,
B1464,a3c1eef5c74d63d45b6baae42fb808bf52d6198550304e508eaaa77b584a1d9e,ransomware,NO_VICTIM_ACTIVITY,Sodinokibi,cape,full,1,0.8,,8,0,,,,1,8,0,0,0,0,0.0,0.0,0,2,0,2,0,46,0,0,5,0,0,0,0,1,0,0,,0,,,0,0,1,0,0,0,0,0,0,0,0,0,0,0,,0,0,,,,,,,,
B1465,4589a8d0716595f43499858fe3603a4114f6cf34b1cfc50b73ff56d88450c688,ransomware,NO_VICTIM_ACTIVITY,Sodinokibi,cape,full,1,0.8,,6,0,,,,1,6,0,0,0,0,0.0,0.0,0,1,0,1,0,46,0,0,5,0,0,0,0,1,0,0,,0,,,0,0,1,0,0,0,0,0,0,0,0,0,0,0,,0,0,,,,,,,,
B1466,8931fa8e5b8ec0db4b1a722778eaaf580ed1a45fc4f93a5e879d688925971424,ransomware,NO_VICTIM_ACTIVITY,Sodinokibi,cape,full,1,0.8,,6,0,,,,1,6,0,0,0,0,0.0,0.0,0,1,0,1,0,46,0,0,5,0,0,0,0,1,0,0,,0,,,0,0,1,0,0,0,0,0,0,0,0,0,0,0,,0,0,,,,,,,,
B1467,e0b8bc41f54e982571d878303f3714a2b71985e37abe8f2c84c04139927b31a9,ransomware,TRUE_ENCRYPTION,Sodinokibi,cape,full,0,10.0,REvil,437,6383,-0.023573965397386203,6.274760328086608,6.476157391559539,445,437,11,148,5,6,0.02517162471395881,0.33867276887871856,29,40,7,17,16,7,0,0,0,0,0,0,0,0,0,0,,0,,,0,1,0,6,0,0,0,0,0,0,3,5,30,8,8.2,0,0,,,,,,,,
B1468,591d971b9411860904bc7fb9234d9069e3e8cacd06523b0bf93547bc2c4a827a,ransomware,TRUE_ENCRYPTION,Sodinokibi,cape,full,0,10.0,REvil,329,468,-0.01413976972230408,6.283946220645661,6.476157391559539,329,329,11,120,5,7,0.03343465045592705,0.364741641337386,28,35,8,9,18,6,0,0,1,0,0,0,0,0,0,0,,0,,,0,1,0,7,0,0,0,0,0,0,3,5,30,8,5.8,0,0,,,,,,,,
B1469,8d1e4bb75799fd3639d12f2418ae31631e483f8dd9758e1e8ba785c4e7a18a71,ransomware,TRUE_ENCRYPTION,Sodinokibi,cape,full,0,10.0,REvil,393,450,-0.012161554072117577,6.2770299787557775,6.476157391559539,349,393,9,147,5,7,0.022900763358778626,0.37404580152671757,27,34,6,9,19,7,0,0,0,0,0,0,0,0,0,0,,0,,,0,1,0,7,0,0,0,0,0,0,3,5,31,8,7.2,0,0,,,,,,,,
B1470,14c8e3f1f23d16c2c9a4272cd05d00461d27b372cc5f588b4bbfc6102bbed708,ransomware,TRUE_ENCRYPTION,Sodinokibi,cape,full,0,10.0,REvil,208,430,-0.012733298979385922,6.3415128829674625,6.476157391559539,189,208,11,44,5,7,0.052884615384615384,0.21153846153846154,18,34,7,10,17,7,0,0,0,0,0,0,0,0,0,0,,0,,,0,1,0,7,0,0,0,0,0,0,3,5,30,8,6.2,0,0,,,,,,,,
B1471,bbcaee51155609d365f6bb297d124efea685df0243ec1d4efb5043d9afe5963d,ransomware,TRUE_ENCRYPTION,Sodinokibi,cape,full,0,10.0,REvil,346,437,-0.01220952322549564,6.275869735400504,6.476157391559539,404,346,10,119,5,7,0.028901734104046242,0.3439306358381503,28,38,8,9,21,10,0,0,1,0,0,0,0,0,0,0,,0,,,0,1,0,6,0,0,0,0,0,0,3,3,30,8,-11.0,0,0,,,,,,,,
B1472,e9e5459e32521a8ca1c075a96d3358337919321f5d149fe3a8cc5f6f57b33923,ransomware,TRUE_ENCRYPTION,Sodinokibi,cape,full,0,10.0,REvil,1033,443,-0.015463133881433016,6.276955284492595,6.476157391559539,1062,1033,11,358,5,23,0.010648596321393998,0.3465634075508228,52,58,15,9,34,4,0,0,0,0,0,0,0,0,0,0,,0,,,0,1,0,10,0,0,0,0,0,0,4,11,46,11,8.2,0,0,,,,,,,,
B1473,d064cc1d0d70ce88dce14f6d33689c5f2622026ae3f6601fa7f0724a36624016,ransomware,TRUE_ENCRYPTION,Sodinokibi,cape,full,0,10.0,REvil,345,477,-0.013655278229805954,6.283946220645661,6.476157391559539,317,345,9,118,5,7,0.02608695652173913,0.34202898550724636,26,36,6,10,20,10,0,0,1,0,0,0,0,0,0,0,,0,,,0,1,0,7,0,0,0,0,0,0,3,4,30,8,7.1,0,0,,,,,,,,
B1474,681836cd8181c784646b39238d8e4d9323b91c71690894782220e2678c1f3191,ransomware,TRUE_ENCRYPTION,Sodinokibi,cape,full,1,10.0,REvil,517,6362,-0.05276520232038831,6.279081731863155,6.867817613732499,720,517,11,158,5,6,0.02127659574468085,0.3056092843326886,28,62,25,21,16,29,0,0,2,0,0,0,0,0,0,0,,0,,,0,1,0,6,0,0,0,0,0,0,3,5,33,13,-5.6,0,0,,,,,,,,
B1475,96dde0a25cc6ca81a6d3d5025a36827b598d94f0fca6ab0363bfc893706f2e87,ransomware,TRUE_ENCRYPTION,Sodinokibi,cape,full,0,10.0,REvil,374,458,-0.012702021333805337,6.343371457598911,6.476157391559539,442,374,10,144,5,7,0.026737967914438502,0.3850267379679144,26,33,8,9,16,10,0,0,1,0,0,0,0,0,0,0,,0,,,0,1,0,7,0,0,0,0,0,0,3,5,30,8,5.7,0,0,,,,,,,,
B1476,fcb9ba05f921f7af41dba56b278c39715a8631c27048c70d098574e7ec20db22,ransomware,TRUE_ENCRYPTION,Sodinokibi,cape,full,0,10.0,REvil,220,437,-0.01375969585305739,6.274760328086608,6.476157391559539,198,220,9,68,5,6,0.04090909090909091,0.3090909090909091,17,32,5,8,19,2,0,0,0,0,0,0,0,0,0,0,,0,,,0,1,0,7,0,0,0,0,0,0,3,5,31,8,7.0,0,0,,,,,,,,
B1477,dc732c1ebfd20e219236289f1815830abd704bc340e8e35966754666c1a2cd01,ransomware,TRUE_ENCRYPTION,Sodinokibi,cape,full,1,10.0,REvil,510,6185,-0.008585772024330607,6.352453137968648,6.8948296013004695,703,510,11,156,5,6,0.021568627450980392,0.3058823529411765,29,57,26,16,15,27,0,0,2,0,0,0,0,0,0,0,,0,,,0,1,0,6,0,0,0,0,0,0,3,5,33,13,-5.4,0,0,,,,,,,,
B1478,34a813a1016a70161b66e00c628d9eddb97ecfa78e2272de2e7e86f8c981a9e9,ransomware,TRUE_ENCRYPTION,Sodinokibi,cape,full,0,10.0,REvil,331,456,-0.01153352820409812,6.280076238132357,6.476157391559539,311,331,10,94,5,7,0.030211480362537766,0.283987915407855,26,36,7,9,20,6,0,0,1,0,0,0,0,0,0,0,,0,,,0,1,0,7,0,0,0,0,0,0,3,5,30,8,5.7,0,0,,,,,,,,
B1479,368dfd0ce07c2010b0bcfc05b60c653d285b9b201c0da60c3be6f6110a89140d,ransomware,TRUE_ENCRYPTION,Sodinokibi,cape,full,1,10.0,REvil,569,6517,-0.05618728899378812,6.360398151718068,7.012378116749929,1177,569,10,155,5,10,0.01757469244288225,0.27240773286467485,28,97,28,32,37,29,0,0,2,0,0,0,0,0,0,0,,0,,,0,1,0,10,0,0,0,0,0,0,6,8,48,11,-3.7,0,0,,,,,,,,
B1480,7d3a5cd80e21098c2ea4a35396fb9ccec326054f45937eae3207a3f5f2d09464,ransomware,TRUE_ENCRYPTION,Sodinokibi,cape,full,1,10.0,REvil,348,478,-0.014757037009506578,6.242724365265309,6.476157391559539,428,348,13,127,5,8,0.03735632183908046,0.3649425287356322,28,42,9,9,24,157,0,0,3,0,0,0,2,0,0,1,,29,0,0,0,1,0,8,0,0,0,0,0,0,3,5,30,8,-12.1,0,0,,,,,,,,
B1481,07346bb5f71e3c67a9ffd1b0d9602452f044b9262b468b6ed055f6548f26327a,ransomware,TRUE_ENCRYPTION,Sodinokibi,cape,full,0,10.0,REvil,354,439,-0.016452399737767825,6.276955284492595,6.476157391559539,340,354,10,121,5,7,0.02824858757062147,0.3418079096045198,24,35,7,9,19,4,0,0,0,0,0,0,0,0,0,0,,0,,,0,1,0,7,0,0,0,0,0,0,3,5,33,8,5.6,0,0,,,,,,,,
B1482,b433aaa86cc70ce6c60798f07fa013f4712947b32b6692bc08e1832dc17f90fb,ransomware,TRUE_ENCRYPTION,Sodinokibi,cape,full,1,9.0,Sodinokibi,172,456,-0.010759113291601173,6.279057821681487,6.476157391559539,141,172,10,38,5,7,0.05813953488372093,0.22093023255813954,12,33,6,9,18,88,0,0,1,0,0,0,0,0,0,0,,0,,,0,1,0,7,0,0,0,0,0,0,3,5,31,8,5.1,0,0,,,,,,,,
B1483,b8d7fb4488c0556385498271ab9fffdf0eb38bb2a330265d9852e3a6288092aa,ransomware,TRUE_ENCRYPTION,Sodinokibi,cape,full,0,10.0,REvil,385,430,-0.014241761034074336,6.272562525888806,6.476157391559539,438,385,11,130,5,7,0.02857142857142857,0.33766233766233766,29,37,9,8,20,6,0,0,1,0,0,0,0,0,0,0,,0,,,0,1,0,7,0,0,0,0,0,0,3,5,30,8,7.5,0,0,,,,,,,,
B1484,6f173aec9830677d751097483b2cd8b9a1609886d0c445568b6f52cf9461a668,ransomware,TRUE_ENCRYPTION,Sodinokibi,cape,full,1,10.0,REvil,164,469,-0.10602480660745861,6.283008043066679,6.476157391559539,158,164,1,58,0,9,0.006097560975609756,0.35365853658536583,17,26,4,3,19,90,0,0,3,1,0,0,0,0,2,1,,6,0,0,0,1,0,6,0,0,0,0,0,0,4,6,20,3,7.6,0,0,,,,,,,,
B1485,fa7d2020776a080d2580c0cad013be84484cbaa8d927fedd51914bad567d3278,ransomware,TRUE_ENCRYPTION,Sodinokibi,cape,full,1,10.0,REvil,427,440,-0.012813172394858002,6.274804746858186,6.476157391559539,496,427,10,148,5,7,0.0234192037470726,0.34660421545667447,28,35,10,7,18,93,0,0,4,1,0,0,0,0,2,1,,4,0,0,0,1,0,7,0,0,0,0,0,0,3,5,32,13,6.6,0,0,,,,,,,,
B1486,cb0373b35abf4b089be60e714ee415d3491ddc2cffcfb45b84a87a3a106c822f,ransomware,FAILED,Sodinokibi,cape,full,1,1.2,,0,0,,,,0,0,0,0,0,0,,,0,0,0,0,0,104,0,0,1,0,0,0,0,0,1,0,,0,,,0,0,1,0,0,0,0,0,0,0,0,0,0,0,,0,0,,,,,,,,
B1487,37b8da186e1d26247f942dab67b5d6d24e0acb0d7fc3c583d4cad99fb36c2bc6,ransomware,TRUE_ENCRYPTION,Sodinokibi,cape,full,1,10.0,REvil,456,6801,-0.007068143298758377,6.30445039772708,6.8948296013004695,365,456,9,151,5,5,0.019736842105263157,0.33114035087719296,25,33,5,15,13,79,0,0,1,0,0,0,0,0,2,0,,2,0,0,0,1,0,6,0,0,0,0,0,0,3,5,31,8,5.6,0,0,,,,,,,,
B1488,8ab5753e0dd8b4a54a0cc842bb2b53c97ed33d90bcc445ce4de58d1df9dc9060,ransomware,TRUE_ENCRYPTION,Sodinokibi,cape,full,1,10.0,REvil,171,427,-0.012692792424854923,6.273626267276849,6.476157391559539,161,171,10,41,5,6,0.05847953216374269,0.23976608187134502,15,28,6,8,14,107,0,0,4,0,0,0,0,0,2,0,,2,0,0,0,1,0,7,0,0,0,0,0,0,3,5,31,8,4.6,0,0,,,,,,,,
B1489,06c46067d0d0ea71dd5f8d6f2d4d050393db4d58c79dfcddfb1fbe2c51dabffa,ransomware,TRUE_ENCRYPTION,Sodinokibi,cape,full,1,10.0,REvil,413,6796,0.0016101580107678903,6.303068617808222,6.8948296013004695,357,413,11,150,5,5,0.026634382566585957,0.36319612590799033,29,34,6,14,14,78,0,0,2,0,0,0,0,0,2,0,,2,0,0,0,1,0,6,0,0,0,0,0,0,3,5,31,8,5.6,0,0,,,,,,,,
