task_id,has_shadow_delete,has_recovery_disable,has_backup_delete,has_firewall_disable,has_eventlog_clear,has_persist_schtask,has_self_copy,has_process_enum,has_process_kill,has_service_access,has_rm_session,has_dir_enumerate,has_file_encrypt,has_file_rename,has_file_delete,has_crypto_api,has_ransom_note,has_wallpaper_set,has_registry_write,has_network,ord_penum_pkill,ord_penum_svc,ord_penum_dir,ord_penum_enc,ord_penum_ren,ord_penum_note,ord_penum_wall,ord_penum_reg,ord_pkill_svc,ord_pkill_dir,ord_pkill_enc,ord_pkill_ren,ord_pkill_note,ord_pkill_wall,ord_pkill_reg,ord_svc_dir,ord_svc_enc,ord_svc_ren,ord_svc_note,ord_svc_wall,ord_svc_reg,ord_dir_enc,ord_dir_ren,ord_dir_note,ord_dir_wall,ord_dir_reg,ord_enc_ren,ord_enc_note,ord_enc_wall,ord_enc_reg,ord_ren_note,ord_ren_wall,ord_ren_reg,ord_note_wall,ord_note_reg,ord_wall_reg
1000,1,1,1,1,0,0,0,1,1,1,0,1,1,1,1,0,0,0,1,0,0,1,1,1,1,,,0,1,1,1,1,,,1,0,1,1,,,0,1,1,,,0,0,,,0,,,0,,,
1001,0,0,0,0,0,0,0,0,0,0,0,0,0,0,0,0,0,0,0,0,,,,,,,,,,,,,,,,,,,,,,,,,,,,,,,,,,,,
1002,0,0,0,0,0,0,0,0,0,0,0,0,0,0,0,0,0,1,0,0,,,,,,,,,,,,,,,,,,,,,,,,,,,,,,,,,,,,
1003,0,0,0,0,0,0,0,0,0,0,0,0,0,0,0,0,0,0,0,0,,,,,,,,,,,,,,,,,,,,,,,,,,,,,,,,,,,,
1004,0,0,0,0,0,0,0,0,0,0,0,0,0,0,0,0,0,0,0,0,,,,,,,,,,,,,,,,,,,,,,,,,,,,,,,,,,,,
1005,0,0,0,0,0,0,0,1,1,0,0,1,0,0,0,0,0,0,0,0,1,,0,,,,,,,0,,,,,,,,,,,,,,,,,,,,,,,,,,
1006,0,0,0,0,0,0,0,1,1,1,0,1,0,1,0,0,1,1,1,0,1,1,1,,1,1,1,1,0,0,,1,1,1,0,0,,1,1,1,0,,1,1,1,1,,,,,1,1,0,1,0,0
1007,1,1,1,1,0,0,0,1,1,1,0,1,1,1,1,0,1,0,1,0,0,1,1,1,1,1,,0,1,1,1,1,1,,1,0,1,0,1,,0,1,1,1,,0,0,1,,0,1,,0,,0,
1008,0,0,0,0,0,0,0,0,0,0,0,0,0,0,0,0,0,0,0,0,,,,,,,,,,,,,,,,,,,,,,,,,,,,,,,,,,,,
1009,0,0,0,0,0,0,0,0,0,0,0,0,0,0,0,0,0,0,0,0,,,,,,,,,,,,,,,,,,,,,,,,,,,,,,,,,,,,
100,0,0,0,0,0,0,0,0,0,0,0,0,0,0,0,0,0,0,0,0,,,,,,,,,,,,,,,,,,,,,,,,,,,,,,,,,,,,
1010,0,0,0,0,0,0,0,1,1,0,0,0,0,0,0,0,0,0,0,0,1,,,,,,,,,,,,,,,,,,,,,,,,,,,,,,,,,,,
1011,0,0,0,0,0,0,0,1,1,0,0,1,1,1,0,1,1,1,1,0,1,,0,0,0,0,0,0,,0,0,0,0,0,0,,,,,,,1,1,1,1,1,1,0,1,1,0,1,1,1,1,1
1012,0,0,0,0,0,0,0,0,0,0,0,0,0,0,0,0,0,0,0,1,,,,,,,,,,,,,,,,,,,,,,,,,,,,,,,,,,,,
1013,0,0,0,0,0,0,0,1,0,1,1,1,1,1,0,1,1,0,1,0,,1,1,1,1,1,,1,,,,,,,,0,0,0,0,,0,1,1,0,,1,0,0,,1,0,,1,,1,
1014,0,0,0,0,0,0,0,1,1,1,0,0,0,0,0,0,0,0,0,1,1,1,,,,,,,0,,,,,,,,,,,,,,,,,,,,,,,,,,,
1015,0,0,0,0,0,0,0,0,1,1,1,1,0,1,0,0,1,0,1,0,,,,,,,,,0,0,,1,1,,0,0,,1,1,,0,,1,1,,1,,,,,1,,0,,0,
1016,0,0,0,0,0,0,0,1,0,0,0,0,0,0,0,0,0,0,0,0,,,,,,,,,,,,,,,,,,,,,,,,,,,,,,,,,,,,
1017,0,0,0,0,0,0,0,0,1,1,0,0,0,0,0,0,0,1,1,0,,,,,,,,,1,,,,,1,1,,,,,1,1,,,,,,,,,,,,,,,0
1018,0,0,0,0,0,0,0,0,1,1,0,1,0,1,0,0,1,0,1,0,,,,,,,,,0,0,,1,1,,0,0,,1,1,,0,,1,1,,1,,,,,1,,0,,0,
1019,0,0,0,0,0,0,0,0,0,0,0,0,0,0,0,0,0,0,0,0,,,,,,,,,,,,,,,,,,,,,,,,,,,,,,,,,,,,
101,0,0,0,0,0,0,0,0,0,0,0,0,0,0,0,0,0,0,0,0,,,,,,,,,,,,,,,,,,,,,,,,,,,,,,,,,,,,
1020,0,0,0,0,0,0,0,0,0,0,0,0,0,0,0,0,0,0,0,0,,,,,,,,,,,,,,,,,,,,,,,,,,,,,,,,,,,,
1021,0,0,0,0,0,0,0,1,0,1,1,1,1,1,0,1,1,0,1,0,,1,1,1,1,1,,1,,,,,,,,0,0,0,0,,1,1,1,0,,1,1,0,,1,0,,1,,1,
1022,0,0,0,0,0,0,0,0,0,0,0,0,0,0,0,0,0,0,0,0,,,,,,,,,,,,,,,,,,,,,,,,,,,,,,,,,,,,
1023,0,0,0,0,0,0,0,0,0,0,0,0,0,0,0,0,0,0,0,0,,,,,,,,,,,,,,,,,,,,,,,,,,,,,,,,,,,,
1024,0,0,0,0,0,0,0,1,1,0,0,0,0,0,0,0,0,0,0,0,1,,,,,,,,,,,,,,,,,,,,,,,,,,,,,,,,,,,
1025,0,0,0,0,0,0,0,0,0,0,0,0,0,0,0,0,0,0,0,0,,,,,,,,,,,,,,,,,,,,,,,,,,,,,,,,,,,,
1026,0,0,0,0,0,0,0,0,0,0,0,0,0,0,0,0,0,0,0,0,,,,,,,,,,,,,,,,,,,,,,,,,,,,,,,,,,,,
1027,0,0,0,0,0,0,0,0,0,0,0,0,0,0,0,0,0,0,0,0,,,,,,,,,,,,,,,,,,,,,,,,,,,,,,,,,,,,
1028,0,0,0,0,0,0,0,0,0,0,0,0,0,0,0,0,0,0,0,0,,,,,,,,,,,,,,,,,,,,,,,,,,,,,,,,,,,,
1029,0,0,0,0,0,0,0,1,1,0,0,0,0,0,0,0,0,0,0,0,1,,,,,,,,,,,,,,,,,,,,,,,,,,,,,,,,,,,
102,1,0,0,0,0,0,1,1,1,1,1,1,1,1,0,1,1,1,1,0,1,0,1,1,1,1,1,0,0,1,1,1,1,1,0,1,1,1,1,1,0,1,1,1,1,0,1,1,0,0,1,0,0,0,0,0
1030,1,1,0,0,1,0,0,1,1,1,0,1,1,1,0,0,1,1,1,0,1,1,1,1,1,1,1,0,1,0,1,1,1,0,0,0,1,1,1,0,0,1,1,1,1,0,1,1,0,0,0,0,0,0,0,0
1031,0,0,0,0,0,0,0,0,0,0,0,0,0,0,0,0,0,0,0,0,,,,,,,,,,,,,,,,,,,,,,,,,,,,,,,,,,,,
1032,0,0,0,0,0,0,0,0,0,0,0,0,0,0,0,0,0,0,0,0,,,,,,,,,,,,,,,,,,,,,,,,,,,,,,,,,,,,
1033,0,0,0,0,0,0,0,0,0,1,0,1,0,1,0,0,1,0,0,0,,,,,,,,,,,,,,,,0,,1,1,,,,1,1,,,,,,,1,,,,,
1034,1,1,1,1,0,0,0,1,1,1,0,1,1,1,1,0,1,0,1,0,0,1,1,1,1,1,,0,1,1,1,1,1,,1,0,0,0,1,,0,1,1,1,,0,1,1,,0,1,,0,,0,
1035,0,0,0,0,0,0,0,0,0,0,0,0,0,0,0,0,0,0,0,0,,,,,,,,,,,,,,,,,,,,,,,,,,,,,,,,,,,,
1036,0,0,0,0,0,0,0,0,0,0,0,0,0,0,0,0,0,0,0,0,,,,,,,,,,,,,,,,,,,,,,,,,,,,,,,,,,,,
1037,0,0,0,0,0,0,0,0,0,1,0,1,0,1,0,0,1,0,0,0,,,,,,,,,,,,,,,,0,,1,1,,,,1,1,,,,,,,1,,,,,
1038,1,1,1,1,0,0,0,1,1,1,0,1,1,1,1,0,1,0,1,0,0,1,1,1,1,1,,0,1,1,1,1,1,,1,0,0,0,1,,0,1,1,1,,0,0,1,,0,1,,0,,0,
1039,0,0,0,0,0,0,0,0,0,0,0,0,0,0,0,0,0,0,0,0,,,,,,,,,,,,,,,,,,,,,,,,,,,,,,,,,,,,
103,1,0,0,0,0,0,1,1,1,1,1,1,1,1,0,1,1,1,1,0,1,0,1,1,1,1,1,0,0,1,1,1,1,1,0,1,1,1,1,1,0,1,1,1,1,0,1,1,0,0,1,0,0,0,0,0
1040,0,0,0,0,0,0,0,0,0,0,0,0,0,0,0,0,0,0,0,0,,,,,,,,,,,,,,,,,,,,,,,,,,,,,,,,,,,,
1041,0,0,0,0,0,0,0,0,0,1,0,1,0,1,0,0,1,0,0,0,,,,,,,,,,,,,,,,0,,1,1,,,,1,1,,,,,,,1,,,,,
1042,1,1,1,1,0,0,0,1,1,1,0,1,1,1,1,0,1,0,1,0,0,1,1,1,1,1,,0,1,1,1,1,1,,1,0,0,0,1,,0,1,1,1,,0,0,1,,0,1,,0,,0,
1043,0,0,0,0,0,0,0,0,0,0,0,0,0,0,0,0,0,0,0,0,,,,,,,,,,,,,,,,,,,,,,,,,,,,,,,,,,,,
1044,0,0,0,0,0,0,0,0,0,0,0,0,0,0,0,0,0,0,0,0,,,,,,,,,,,,,,,,,,,,,,,,,,,,,,,,,,,,
1045,0,0,0,0,0,0,0,0,1,1,0,1,0,1,0,0,1,1,1,0,,,,,,,,,0,0,,1,1,1,0,0,,1,1,1,0,,1,1,1,1,,,,,1,1,0,1,0,0
1046,1,1,1,1,0,0,0,1,1,1,0,1,1,1,1,0,1,0,1,0,0,1,1,1,1,1,,0,1,1,1,1,1,,1,0,0,0,0,,0,1,1,1,,0,0,1,,0,1,,0,,0,
1047,0,0,0,0,0,0,0,0,0,0,0,0,0,0,0,0,0,0,0,0,,,,,,,,,,,,,,,,,,,,,,,,,,,,,,,,,,,,
1048,0,0,0,0,0,0,0,0,0,0,0,0,0,0,0,0,0,0,0,0,,,,,,,,,,,,,,,,,,,,,,,,,,,,,,,,,,,,
1049,1,1,0,0,1,0,0,1,1,1,0,1,1,1,0,0,1,1,1,0,1,1,1,1,1,1,1,0,1,0,1,1,1,0,0,0,0,1,0,0,0,1,1,1,1,0,1,0,0,0,0,0,0,0,0,0
104,1,0,0,0,0,0,1,1,1,1,1,1,1,1,0,1,1,1,1,0,1,0,1,1,1,1,1,0,0,1,1,1,1,1,0,1,1,1,1,1,0,1,1,1,1,0,1,1,0,0,0,0,0,0,0,0
1050,1,1,1,1,0,0,0,1,1,1,0,1,1,1,1,0,1,0,1,0,0,1,1,1,1,1,,0,1,1,1,1,1,,1,0,0,1,1,,0,1,1,1,,0,1,1,,0,1,,0,,0,
1051,0,0,0,0,0,0,0,0,0,0,0,0,0,0,0,0,0,0,0,0,,,,,,,,,,,,,,,,,,,,,,,,,,,,,,,,,,,,
1052,0,0,0,0,0,0,0,0,0,0,0,0,0,0,0,0,0,0,0,0,,,,,,,,,,,,,,,,,,,,,,,,,,,,,,,,,,,,
1053,0,0,0,0,0,0,0,0,1,1,1,1,0,1,0,0,1,0,1,0,,,,,,,,,0,0,,1,1,,0,0,,1,1,,0,,1,1,,1,,,,,0,,0,,0,
1054,1,0,0,1,0,0,0,1,1,1,0,1,1,1,1,0,1,1,1,0,1,1,0,1,1,1,0,0,0,0,0,0,1,0,0,0,0,1,1,0,0,1,1,1,0,1,1,1,0,0,1,0,0,0,0,1
1055,0,0,0,0,0,0,0,0,0,0,0,0,0,0,0,0,0,0,0,0,,,,,,,,,,,,,,,,,,,,,,,,,,,,,,,,,,,,
1056,0,0,0,0,0,0,0,0,0,1,0,1,0,0,0,0,0,1,1,0,,,,,,,,,,,,,,,,0,,,,0,0,,,,1,1,,,,,,,,,,0
1057,1,1,0,0,1,0,0,1,0,1,0,1,1,1,0,0,1,1,1,0,,1,1,1,1,1,0,0,,,,,,,,0,1,1,1,0,0,1,1,1,0,0,1,0,0,0,0,0,0,0,0,0
1058,1,1,1,1,0,0,0,1,1,1,0,1,1,0,0,0,0,0,1,0,0,1,0,0,,,,0,1,0,0,,,,0,0,0,,,,0,1,,,,1,,,,0,,,,,,
1059,0,0,0,0,0,0,0,0,0,0,0,0,0,0,0,0,0,0,0,0,,,,,,,,,,,,,,,,,,,,,,,,,,,,,,,,,,,,
105,1,0,0,0,0,0,1,1,1,1,1,1,1,1,0,1,1,1,1,0,1,0,1,1,1,1,1,0,0,1,1,1,1,1,0,1,1,1,1,1,0,1,1,1,1,0,0,0,0,0,1,0,0,0,0,0
1060,0,0,0,0,0,0,0,0,0,0,0,0,0,0,0,0,0,0,0,0,,,,,,,,,,,,,,,,,,,,,,,,,,,,,,,,,,,,
1061,0,0,0,0,0,0,0,0,0,0,0,0,0,0,0,0,0,1,0,0,,,,,,,,,,,,,,,,,,,,,,,,,,,,,,,,,,,,
1062,1,1,1,1,0,0,0,1,1,1,0,1,1,1,1,0,1,0,1,0,0,1,1,1,1,1,,0,1,1,1,1,1,,1,0,0,0,1,,0,1,1,1,,0,0,1,,0,1,,0,,0,
1063,0,0,0,0,0,0,0,0,0,0,0,0,0,0,0,0,0,0,0,0,,,,,,,,,,,,,,,,,,,,,,,,,,,,,,,,,,,,
1064,0,0,0,0,0,0,0,0,0,1,0,1,0,0,0,0,0,0,0,0,,,,,,,,,,,,,,,,0,,,,,,,,,,,,,,,,,,,,
1065,1,1,0,0,1,0,0,1,1,1,0,1,1,1,0,0,1,1,1,0,1,1,1,1,1,1,1,0,1,0,1,1,1,0,0,0,1,1,1,0,0,1,1,1,1,0,1,0,0,0,0,0,0,0,0,0
1066,1,1,1,1,0,0,0,1,1,1,0,1,1,1,1,0,1,0,1,0,0,1,1,1,1,1,,0,1,1,1,1,1,,1,0,0,0,1,,0,1,1,1,,0,0,1,,0,1,,0,,0,
1067,0,0,0,0,0,0,0,0,0,0,0,0,0,0,0,0,0,0,0,0,,,,,,,,,,,,,,,,,,,,,,,,,,,,,,,,,,,,
1068,0,0,0,0,0,0,0,0,0,1,0,0,0,0,0,0,0,0,1,0,,,,,,,,,,,,,,,,,,,,,1,,,,,,,,,,,,,,,
1069,1,1,0,0,1,0,0,1,1,1,0,1,1,1,0,0,1,1,1,0,1,1,1,1,1,1,0,0,1,0,1,1,1,0,0,0,1,1,1,0,0,1,1,1,0,0,1,0,0,0,0,0,0,0,0,1
106,1,0,0,0,0,0,0,1,1,1,0,1,1,1,0,0,1,1,0,0,1,0,1,1,1,1,1,,0,0,0,0,0,0,,1,1,1,1,1,,1,1,1,1,,0,0,0,,0,0,,0,,
1070,1,1,1,1,0,0,0,1,1,1,0,1,1,1,1,0,1,0,1,0,0,1,1,1,1,1,,0,1,1,1,1,1,,1,0,0,0,1,,0,1,1,1,,0,0,1,,0,1,,0,,0,
1071,0,0,0,0,0,0,0,0,0,0,0,0,0,0,0,0,0,0,0,0,,,,,,,,,,,,,,,,,,,,,,,,,,,,,,,,,,,,
1072,0,0,0,0,0,0,0,1,0,0,0,0,0,0,0,0,0,0,0,0,,,,,,,,,,,,,,,,,,,,,,,,,,,,,,,,,,,,
1073,1,1,0,0,1,0,0,1,1,1,0,1,1,1,0,0,1,1,1,0,1,1,1,1,1,1,1,1,1,0,1,1,1,0,0,0,1,1,1,0,0,1,1,1,1,0,1,0,0,0,0,0,0,0,0,0
1074,1,1,1,1,0,0,0,1,1,1,0,1,1,1,1,0,1,0,1,0,0,1,1,1,1,1,,0,1,1,1,1,1,,1,0,0,0,1,,0,1,1,1,,0,1,1,,0,1,,0,,0,
1075,0,0,0,0,0,0,0,0,0,0,0,0,0,0,0,0,0,0,0,0,,,,,,,,,,,,,,,,,,,,,,,,,,,,,,,,,,,,
1076,0,0,0,0,0,0,0,0,0,1,0,0,0,0,0,0,0,0,0,0,,,,,,,,,,,,,,,,,,,,,,,,,,,,,,,,,,,,
1077,0,0,0,0,0,0,0,0,0,0,0,0,0,0,0,0,0,1,0,0,,,,,,,,,,,,,,,,,,,,,,,,,,,,,,,,,,,,
1078,1,1,0,1,0,0,0,1,1,1,0,1,1,1,1,1,0,1,1,0,0,1,1,1,1,,1,0,1,1,1,1,,1,1,0,0,0,,1,0,1,1,,1,0,0,,1,0,,1,0,,,0
1079,0,0,0,0,0,0,0,0,0,0,0,0,0,0,0,0,0,0,0,0,,,,,,,,,,,,,,,,,,,,,,,,,,,,,,,,,,,,
107,0,0,0,0,0,0,0,1,0,0,0,1,0,0,0,0,0,0,0,0,,,1,,,,,,,,,,,,,,,,,,,,,,,,,,,,,,,,,
1080,0,0,0,0,0,0,0,0,0,0,0,0,0,0,0,0,0,0,0,0,,,,,,,,,,,,,,,,,,,,,,,,,,,,,,,,,,,,
1081,1,1,1,0,1,0,0,1,1,1,0,1,1,1,0,0,0,1,1,1,1,1,1,1,1,,1,0,1,1,1,1,,1,0,0,1,1,,0,0,1,1,,1,0,0,,0,0,,0,0,,,0
1082,1,1,1,1,0,0,0,1,1,1,0,1,1,1,1,0,1,0,1,0,0,1,1,1,1,1,,0,1,1,1,1,1,,1,0,0,0,1,,0,1,1,1,,0,1,1,,0,1,,0,,0,
1083,0,0,0,0,0,0,0,0,0,0,0,0,0,0,0,0,0,0,0,0,,,,,,,,,,,,,,,,,,,,,,,,,,,,,,,,,,,,
1084,0,0,0,0,0,0,0,0,0,0,0,0,0,0,0,0,0,0,0,0,,,,,,,,,,,,,,,,,,,,,,,,,,,,,,,,,,,,
1085,0,0,0,0,0,0,0,0,0,0,0,0,0,0,0,0,0,0,0,0,,,,,,,,,,,,,,,,,,,,,,,,,,,,,,,,,,,,
1086,1,1,1,1,0,0,0,1,1,1,0,1,1,1,1,0,1,0,1,0,0,1,0,0,1,1,,0,1,0,0,1,1,,0,0,0,0,1,,0,1,1,1,,1,1,1,,0,1,,0,,0,
1087,0,0,0,0,0,0,0,0,0,0,0,0,0,0,0,0,0,0,0,0,,,,,,,,,,,,,,,,,,,,,,,,,,,,,,,,,,,,
1088,0,0,0,0,0,0,0,0,0,0,0,0,0,0,0,0,0,0,0,0,,,,,,,,,,,,,,,,,,,,,,,,,,,,,,,,,,,,
1089,1,1,0,0,1,0,0,1,1,1,0,1,1,1,0,0,1,1,1,0,1,1,1,1,1,1,0,0,1,0,1,1,1,0,0,0,1,1,1,0,0,1,1,1,0,0,1,0,0,0,0,0,0,0,0,0
108,1,0,0,0,0,0,1,1,1,1,1,1,1,1,0,1,1,1,1,0,1,0,1,1,1,1,1,0,0,1,1,1,1,1,0,1,1,1,1,1,0,1,1,1,1,0,1,1,0,0,0,0,0,0,0,0
1090,1,1,1,1,0,0,0,1,1,1,0,1,1,1,1,0,1,0,1,0,0,1,1,1,1,1,,0,1,1,1,1,1,,1,0,0,0,1,,0,1,1,1,,0,0,1,,0,1,,0,,0,
1091,0,0,0,0,0,0,0,0,0,0,0,0,0,0,0,0,0,0,0,0,,,,,,,,,,,,,,,,,,,,,,,,,,,,,,,,,,,,
1092,0,0,0,0,0,0,0,0,0,0,0,0,0,0,0,0,0,0,0,0,,,,,,,,,,,,,,,,,,,,,,,,,,,,,,,,,,,,
1093,1,1,0,0,1,0,0,1,1,1,0,1,1,1,0,0,1,1,1,0,1,1,1,1,1,1,0,0,1,0,1,1,1,0,0,0,0,0,0,0,0,1,1,1,0,0,1,0,0,0,0,0,0,0,0,0
1094,1,1,1,1,0,0,0,1,1,1,0,1,1,1,1,0,1,0,1,0,0,1,1,1,1,1,,0,1,1,1,1,1,,1,0,0,0,1,,0,1,1,1,,0,1,1,,0,1,,0,,0,
1095,0,0,0,0,0,0,0,0,0,0,0,0,0,0,0,0,0,0,0,0,,,,,,,,,,,,,,,,,,,,,,,,,,,,,,,,,,,,
1096,0,0,0,0,0,0,0,0,0,0,0,0,0,0,0,0,0,0,0,0,,,,,,,,,,,,,,,,,,,,,,,,,,,,,,,,,,,,
1097,1,1,0,0,1,0,0,1,1,1,0,1,1,1,0,0,1,1,1,0,1,1,1,1,1,1,0,0,1,0,1,1,1,0,0,0,1,1,1,0,0,1,1,1,0,0,1,0,0,0,0,0,0,0,0,0
1098,1,1,1,1,0,0,0,1,1,1,0,1,1,1,1,0,1,0,1,0,0,1,1,1,1,1,,0,1,1,1,1,1,,1,0,1,1,1,,0,1,1,1,,0,0,1,,0,1,,0,,0,
1099,0,0,0,0,0,0,0,1,0,1,1,1,1,1,0,1,1,0,1,0,,1,1,1,1,1,,1,,,,,,,,0,0,0,0,,0,1,1,0,,1,1,0,,1,0,,1,,1,
109,1,0,0,0,0,0,1,1,1,1,1,1,1,1,0,1,1,1,1,0,1,0,1,1,1,1,1,0,0,1,1,1,1,1,0,1,1,1,1,1,0,1,1,1,1,0,1,1,0,0,1,0,0,0,0,0
1100,0,0,0,0,0,0,0,0,0,0,0,0,0,0,0,0,0,0,0,0,,,,,,,,,,,,,,,,,,,,,,,,,,,,,,,,,,,,
1101,1,1,0,0,1,0,0,1,1,1,0,1,1,1,0,0,1,1,1,0,1,1,1,1,1,1,1,0,1,0,1,1,1,0,0,0,0,1,0,0,0,1,1,1,1,0,1,0,0,0,0,0,0,0,0,0
1102,1,1,1,1,0,0,0,1,1,1,0,1,1,1,1,0,1,0,1,0,0,1,1,1,1,1,,0,1,1,1,1,1,,1,0,1,0,1,,0,1,1,1,,0,0,1,,0,1,,0,,0,
1103,0,0,0,0,0,0,0,1,0,1,1,1,1,1,0,1,1,0,1,0,,1,1,1,1,1,,1,,,,,,,,0,0,0,0,,0,1,1,0,,1,1,0,,1,0,,1,,1,
1104,0,0,0,0,0,0,0,0,0,0,0,0,0,0,0,0,0,0,0,0,,,,,,,,,,,,,,,,,,,,,,,,,,,,,,,,,,,,
1105,0,0,0,0,0,0,0,1,0,1,1,1,1,1,0,1,1,0,1,0,,1,1,1,1,1,,1,,,,,,,,0,0,0,0,,0,1,1,0,,1,0,0,,0,0,,1,,1,
1106,0,0,0,0,0,0,0,0,0,0,0,0,0,0,0,0,0,0,0,0,,,,,,,,,,,,,,,,,,,,,,,,,,,,,,,,,,,,
1107,0,0,0,0,0,0,0,1,0,1,1,1,1,1,0,1,1,0,1,0,,1,1,1,1,1,,1,,,,,,,,0,0,0,0,,0,1,1,0,,1,1,0,,1,0,,1,,1,
1108,0,0,0,0,0,0,0,0,0,0,0,0,0,0,0,0,0,0,0,0,,,,,,,,,,,,,,,,,,,,,,,,,,,,,,,,,,,,
1109,0,0,0,0,0,0,0,1,0,0,0,0,0,0,0,0,0,0,0,0,,,,,,,,,,,,,,,,,,,,,,,,,,,,,,,,,,,,
110,1,0,0,0,0,0,1,1,1,1,1,1,1,1,0,1,1,1,1,0,1,0,1,1,1,1,1,0,0,1,1,1,1,1,0,1,1,1,1,1,0,1,1,1,1,0,1,1,0,0,1,0,0,0,0,0
1110,1,1,1,1,0,0,0,1,1,1,0,1,1,1,1,0,0,0,1,0,0,1,1,1,1,,,0,1,1,1,1,,,1,0,0,0,,,0,1,1,,,0,0,,,0,,,0,,,
1111,0,0,0,0,0,0,0,1,0,1,1,1,1,1,0,1,1,0,1,0,,1,0,1,1,1,,1,,,,,,,,0,0,0,0,,0,1,1,1,,1,1,0,,1,0,,0,,1,
1112,0,0,0,0,0,0,0,1,1,1,0,1,0,0,0,0,0,1,1,1,1,0,0,,,,0,0,0,0,,,,0,0,0,,,,0,0,,,,1,1,,,,,,,,,,1
1113,0,0,0,0,0,0,0,1,0,0,0,0,0,0,0,0,0,0,0,0,,,,,,,,,,,,,,,,,,,,,,,,,,,,,,,,,,,,
1114,1,1,1,1,0,0,0,1,1,1,0,1,1,1,1,0,1,0,1,0,0,1,1,1,1,1,,0,1,1,1,1,1,,1,0,0,0,1,,0,1,1,1,,0,1,1,,0,1,,0,,0,
1115,0,0,0,0,0,0,0,1,0,0,0,0,0,0,0,0,0,0,0,0,,,,,,,,,,,,,,,,,,,,,,,,,,,,,,,,,,,,
1116,1,0,0,0,0,0,0,1,1,1,0,1,1,1,0,0,1,0,0,0,0,1,1,1,1,1,,,1,1,1,1,1,,,1,1,1,1,,,1,1,0,,,0,0,,,0,,,,,
1117,1,1,0,0,1,0,0,1,1,1,0,1,1,1,0,0,1,1,1,0,1,1,1,1,1,1,1,0,1,0,1,1,1,0,0,0,0,0,0,0,0,1,1,1,1,0,1,0,0,0,0,0,0,0,0,0
1118,1,1,1,1,0,0,0,1,1,1,0,1,1,1,1,0,1,0,1,0,0,1,1,1,1,1,,0,1,1,1,1,1,,1,0,1,0,1,,0,1,1,1,,0,0,1,,0,1,,0,,0,
1119,0,0,0,0,0,0,0,1,0,1,1,1,1,1,0,1,1,1,1,0,,1,1,1,1,1,0,1,,,,,,,,0,0,0,0,0,0,1,1,0,0,1,1,0,0,1,0,0,1,0,1,1
111,1,0,0,0,0,0,1,1,1,1,1,1,1,1,0,1,1,1,1,0,1,0,1,1,1,1,1,0,0,1,1,1,1,1,0,1,1,1,1,1,0,1,1,1,1,0,1,1,0,0,1,0,0,0,0,0
1120,0,0,0,0,0,0,0,0,0,0,0,0,0,0,0,0,0,0,0,0,,,,,,,,,,,,,,,,,,,,,,,,,,,,,,,,,,,,
1121,1,1,0,0,1,0,0,1,1,1,0,1,1,1,0,0,1,1,1,0,1,1,1,1,1,1,1,0,1,0,1,1,1,0,0,0,0,0,0,0,0,1,1,1,1,0,1,0,0,0,0,0,0,0,0,0
1122,1,1,1,1,0,0,0,1,1,1,0,1,1,1,1,0,0,0,1,0,0,1,0,0,1,,,0,1,0,0,1,,,0,0,0,0,,,0,1,1,,,1,1,,,0,,,0,,,
1123,0,0,0,0,0,0,0,1,0,0,1,1,1,1,0,1,1,0,0,0,,,1,1,1,1,,,,,,,,,,,,,,,,1,1,0,,,1,0,,,0,,,,,
1124,0,0,0,0,0,0,0,0,0,0,0,0,0,0,0,0,0,0,0,0,,,,,,,,,,,,,,,,,,,,,,,,,,,,,,,,,,,,
1125,1,1,0,0,1,0,0,1,1,1,0,1,1,1,0,0,1,1,1,0,1,1,1,1,1,1,0,0,1,0,1,1,1,0,0,0,1,1,1,0,0,1,1,1,0,0,1,0,0,0,0,0,0,0,0,1
1126,1,1,1,1,0,0,0,1,1,1,0,1,1,1,1,0,1,0,1,0,0,1,1,1,1,1,,0,1,1,1,1,1,,1,0,0,0,1,,0,1,1,1,,0,0,1,,0,1,,0,,0,
1127,0,0,0,0,0,0,0,1,0,1,1,1,1,1,0,1,1,0,1,0,,1,1,1,1,1,,1,,,,,,,,0,0,0,0,,0,1,1,0,,1,1,0,,1,0,,0,,1,
1128,0,0,0,0,0,0,0,0,0,0,0,0,0,0,0,0,0,0,0,0,,,,,,,,,,,,,,,,,,,,,,,,,,,,,,,,,,,,
1129,0,0,0,0,0,0,0,0,1,1,1,1,0,1,0,0,1,0,1,0,,,,,,,,,0,0,,1,1,,1,0,,1,1,,1,,1,1,,1,,,,,1,,1,,1,
112,1,0,0,0,0,0,1,1,1,1,1,1,1,1,0,1,1,1,1,0,1,0,1,1,1,1,1,0,0,1,1,1,1,1,0,1,1,1,1,1,0,1,1,1,1,0,1,1,0,0,1,0,0,0,0,0
1130,1,1,1,1,0,0,0,1,1,1,0,1,1,1,1,0,0,1,1,0,0,1,1,1,1,,1,0,1,1,1,1,,1,1,0,0,0,,1,0,1,1,,1,0,0,,1,0,,1,0,,,0
1131,0,0,0,0,0,0,0,1,0,1,1,1,1,1,0,1,1,0,1,0,,1,1,1,1,1,,1,,,,,,,,0,0,0,0,,0,1,1,0,,1,1,0,,1,0,,1,,1,
1132,0,0,0,0,0,0,0,0,0,0,0,0,0,0,0,0,0,0,0,0,,,,,,,,,,,,,,,,,,,,,,,,,,,,,,,,,,,,
1133,1,0,0,0,0,0,0,1,1,0,0,1,1,1,0,0,0,1,0,0,0,,0,1,1,,0,,,1,1,1,,1,,,,,,,,1,1,,1,,0,,0,,,0,,,,
1134,1,1,1,1,0,0,0,1,1,1,0,1,1,1,1,0,0,0,1,0,0,1,1,1,1,,,0,1,1,1,1,,,1,0,1,0,,,0,1,1,,,0,0,,,0,,,0,,,
1135,0,0,0,0,0,0,0,1,0,1,1,1,1,1,0,1,1,0,1,0,,1,1,1,1,1,,1,,,,,,,,0,0,0,0,,0,1,1,0,,1,1,0,,0,0,,0,,1,
1136,0,0,0,0,0,0,0,0,0,0,0,0,0,0,0,0,0,0,0,0,,,,,,,,,,,,,,,,,,,,,,,,,,,,,,,,,,,,
1137,1,1,0,0,1,0,0,1,1,1,0,1,1,1,0,0,1,1,1,0,1,1,1,1,1,1,1,0,1,0,1,1,1,0,0,0,1,1,1,0,0,1,1,1,1,0,1,0,0,0,0,0,0,0,0,0
1138,1,1,1,1,0,0,0,1,1,1,0,1,1,1,1,0,1,0,1,0,0,1,1,1,1,1,,0,1,1,1,1,1,,1,0,1,0,1,,0,1,1,1,,0,0,1,,0,1,,0,,0,
1139,0,0,0,0,0,0,0,1,0,1,1,1,1,1,0,1,1,0,1,0,,1,1,1,1,1,,1,,,,,,,,0,0,0,0,,0,1,1,0,,1,1,0,,1,0,,1,,1,
113,1,0,0,0,0,0,1,1,1,1,1,1,1,1,0,1,1,1,1,0,1,0,1,1,1,1,1,0,0,1,1,1,1,1,0,1,1,1,1,1,0,1,1,1,1,0,1,1,0,0,0,0,0,0,0,0
1140,0,0,0,0,0,0,0,0,0,0,0,0,0,0,0,0,0,0,0,0,,,,,,,,,,,,,,,,,,,,,,,,,,,,,,,,,,,,
1141,0,0,0,0,0,0,0,0,0,1,0,0,0,1,0,0,1,0,0,0,,,,,,,,,,,,,,,,,,1,1,,,,,,,,,,,,0,,,,,
1142,1,1,1,1,0,0,0,1,1,1,0,1,1,1,1,0,1,0,1,0,0,1,1,1,1,1,,0,1,1,1,1,1,,1,0,0,0,0,,0,1,1,1,,0,0,1,,0,1,,0,,0,
1143,0,0,0,0,0,0,0,1,0,1,1,1,1,1,0,1,1,1,1,0,,1,1,1,1,1,0,1,,,,,,,,0,0,0,0,0,0,1,1,0,0,1,1,0,0,0,0,0,0,0,1,1
1144,0,0,0,0,0,0,0,0,0,0,0,0,0,0,0,0,0,0,0,0,,,,,,,,,,,,,,,,,,,,,,,,,,,,,,,,,,,,
1145,1,1,0,0,1,0,0,1,1,1,0,1,1,1,0,0,1,1,1,0,1,1,1,1,1,1,1,0,1,0,1,1,1,0,0,0,1,1,1,0,0,1,1,1,1,0,1,0,0,0,0,0,0,0,0,0
1146,0,0,0,0,0,0,0,0,1,1,0,1,0,0,0,1,0,0,1,0,,,,,,,,,1,1,,,,,1,0,,,,,0,,,,,0,,,,,,,,,,
1147,0,0,0,0,0,0,0,0,0,1,1,1,1,1,0,1,1,1,1,0,,,,,,,,,,,,,,,,0,0,0,0,0,0,1,1,1,0,1,1,0,0,1,0,0,1,0,1,1
1148,0,0,0,0,0,0,0,0,0,0,0,0,0,0,0,0,0,0,0,0,,,,,,,,,,,,,,,,,,,,,,,,,,,,,,,,,,,,
1149,1,1,0,0,1,0,0,1,1,1,0,1,1,1,0,0,1,1,1,0,1,1,0,1,1,1,0,0,1,0,1,1,1,0,0,0,1,1,1,0,0,1,1,1,0,1,1,0,0,0,0,0,0,0,0,1
114,1,0,0,0,0,0,1,1,1,1,1,1,1,1,0,1,1,1,1,0,1,0,1,1,1,1,1,0,0,1,1,1,1,1,0,1,1,1,1,1,0,1,1,1,1,0,1,1,0,0,0,0,0,0,0,0
1150,1,1,1,1,0,0,0,1,1,1,0,1,1,1,1,0,1,0,1,0,0,1,1,1,1,1,,0,1,1,1,1,1,,1,0,0,0,1,,0,1,1,1,,0,0,1,,0,1,,0,,0,
1151,0,0,0,0,0,0,0,0,0,1,1,1,1,1,0,1,1,1,1,0,,,,,,,,,,,,,,,,0,0,0,0,0,0,1,1,0,0,1,1,0,0,1,0,0,0,0,1,1
1152,0,0,0,0,0,0,0,0,0,0,0,0,0,0,0,0,0,0,0,0,,,,,,,,,,,,,,,,,,,,,,,,,,,,,,,,,,,,
1153,1,1,0,0,0,0,0,1,1,1,0,1,0,0,0,0,0,1,1,0,1,1,0,,,,0,0,1,0,,,,0,0,0,,,,0,0,,,,0,1,,,,,,,,,,1
1154,1,1,0,1,0,0,0,1,1,1,0,1,1,1,1,0,1,0,1,0,0,1,1,1,1,1,,0,1,1,1,1,1,,1,0,0,0,1,,0,1,1,1,,0,0,1,,0,1,,0,,0,
1155,0,0,0,0,0,0,0,0,0,1,1,1,1,1,0,1,1,1,1,0,,,,,,,,,,,,,,,,0,0,0,0,0,0,1,1,0,0,1,1,0,0,0,0,0,0,0,1,1
1156,0,0,0,0,0,0,0,0,1,0,0,0,0,0,0,0,0,0,0,0,,,,,,,,,,,,,,,,,,,,,,,,,,,,,,,,,,,,
1157,0,0,0,0,0,0,0,0,0,0,0,0,0,0,0,0,0,0,0,0,,,,,,,,,,,,,,,,,,,,,,,,,,,,,,,,,,,,
1158,1,1,1,1,0,0,0,1,1,1,0,1,1,1,1,0,1,0,1,0,0,1,1,1,1,1,,0,1,1,1,1,1,,1,0,0,0,1,,0,1,1,1,,0,1,1,,0,1,,0,,0,
1159,0,0,0,0,0,0,0,1,1,0,1,1,1,1,0,1,1,1,0,0,0,,0,1,1,1,0,,,0,1,1,1,0,,,,,,,,1,1,1,0,,1,0,0,,0,0,,0,,
115,1,0,0,0,0,0,1,1,1,1,1,1,1,1,0,1,1,1,1,0,1,0,1,1,1,1,1,0,0,1,1,1,1,1,0,1,1,1,1,1,0,1,1,1,1,0,1,1,0,0,1,0,0,0,0,0
1160,0,0,0,0,0,0,0,0,1,0,0,0,0,0,0,0,0,0,0,0,,,,,,,,,,,,,,,,,,,,,,,,,,,,,,,,,,,,
1161,1,1,0,0,1,0,0,1,1,1,0,1,1,1,0,0,1,1,1,0,1,1,1,1,1,1,1,0,1,0,1,1,1,0,0,0,1,1,1,0,0,1,1,1,1,0,1,0,0,0,0,0,0,0,0,0
1162,1,1,1,1,0,0,0,1,1,1,0,1,1,1,1,0,1,0,1,0,0,1,1,1,1,1,,0,1,1,1,1,1,,1,0,0,0,1,,0,1,1,1,,0,0,1,,0,1,,0,,0,
1163,0,0,0,0,0,0,0,1,1,1,1,1,1,1,0,1,1,0,1,0,1,1,1,1,1,1,,1,0,0,0,0,0,,0,0,0,0,0,,0,1,1,1,,1,1,0,,1,0,,1,,1,
1164,0,0,0,0,0,0,0,0,1,0,0,0,0,0,0,0,0,0,0,0,,,,,,,,,,,,,,,,,,,,,,,,,,,,,,,,,,,,
1165,0,0,0,0,0,0,0,0,0,1,0,0,0,1,0,0,1,1,0,0,,,,,,,,,,,,,,,,,,1,1,0,,,,,,,,,,,0,0,,0,,
1166,1,1,1,1,0,0,0,1,1,1,0,1,1,1,1,0,0,1,1,0,0,1,1,1,1,,1,0,1,1,1,1,,1,1,0,1,0,,1,0,1,1,,1,0,0,,1,0,,1,0,,,0
1167,0,0,0,0,0,0,0,0,1,1,0,1,0,0,0,0,0,0,0,0,,,,,,,,,0,0,,,,,,1,,,,,,,,,,,,,,,,,,,,
1168,0,0,0,0,0,0,0,0,0,0,0,0,0,0,0,0,0,0,0,0,,,,,,,,,,,,,,,,,,,,,,,,,,,,,,,,,,,,
1169,1,1,1,0,1,0,0,1,1,1,0,1,1,1,0,0,0,1,1,1,1,1,1,1,1,,1,0,1,1,1,1,,1,0,0,1,1,,0,0,1,1,,1,0,0,,0,0,,0,0,,,0
116,1,0,0,0,0,0,1,1,1,1,1,1,1,1,0,1,1,1,1,0,1,0,1,1,1,1,1,0,0,1,1,1,1,1,0,1,1,1,1,1,0,1,1,1,1,0,1,1,0,0,1,0,0,0,0,0
1170,1,1,1,1,0,0,0,1,1,1,0,1,1,1,1,0,1,0,1,0,0,1,1,1,1,1,,0,1,1,1,1,1,,1,0,1,0,1,,0,1,1,1,,0,0,1,,0,1,,0,,0,
1171,0,0,0,0,0,0,0,1,1,1,1,1,1,1,0,1,1,0,1,0,1,1,1,1,1,1,,1,0,0,0,0,0,,0,0,0,0,0,,0,1,1,0,,1,1,0,,1,0,,1,,1,
1172,0,0,0,0,0,0,0,0,0,0,0,0,0,0,0,0,0,0,0,0,,,,,,,,,,,,,,,,,,,,,,,,,,,,,,,,,,,,
1173,0,0,0,0,0,0,0,0,1,1,0,1,1,1,1,0,1,1,1,0,,,,,,,,,0,0,1,0,0,0,0,0,1,1,1,0,0,1,1,1,0,1,0,0,0,0,1,0,0,0,0,1
1174,1,1,1,1,0,0,0,1,1,1,0,1,1,1,1,0,1,0,1,0,0,1,1,1,1,1,,0,1,1,1,1,1,,1,0,0,0,0,,0,1,1,1,,0,0,1,,0,1,,0,,0,
1175,0,0,0,0,0,0,0,0,1,1,0,1,0,0,0,0,0,0,0,0,,,,,,,,,0,0,,,,,,1,,,,,,,,,,,,,,,,,,,,
1176,0,0,0,0,0,0,0,0,0,0,0,0,0,0,0,0,0,0,0,0,,,,,,,,,,,,,,,,,,,,,,,,,,,,,,,,,,,,
1177,0,0,0,0,0,0,0,0,0,0,0,0,0,0,0,0,0,0,0,0,,,,,,,,,,,,,,,,,,,,,,,,,,,,,,,,,,,,
1178,1,1,1,1,0,0,0,1,1,1,0,1,1,1,1,0,1,0,1,0,0,1,1,1,1,1,,0,1,1,1,1,1,,1,0,0,0,1,,0,1,1,1,,0,1,1,,0,1,,0,,0,
1179,0,0,0,0,0,0,0,0,0,0,0,0,0,0,0,0,0,0,0,0,,,,,,,,,,,,,,,,,,,,,,,,,,,,,,,,,,,,
117,1,0,0,0,0,0,1,1,1,1,1,1,1,1,0,1,1,1,1,0,1,0,1,1,1,1,1,0,0,1,1,1,1,1,0,1,1,1,1,1,0,1,1,1,1,0,1,1,0,0,1,0,0,0,0,0
1180,0,0,0,0,0,0,0,0,0,0,0,0,0,0,0,0,0,0,0,0,,,,,,,,,,,,,,,,,,,,,,,,,,,,,,,,,,,,
1181,1,1,1,1,0,0,0,1,1,1,0,1,1,1,1,0,1,0,1,0,0,1,1,1,1,1,,0,1,1,1,1,1,,1,0,0,0,1,,0,1,1,1,,0,1,1,,0,1,,0,,0,
1182,0,0,0,0,0,0,0,0,0,0,0,0,0,0,0,0,0,0,0,0,,,,,,,,,,,,,,,,,,,,,,,,,,,,,,,,,,,,
1183,0,0,0,0,0,0,0,0,0,0,0,0,0,0,0,0,0,0,0,0,,,,,,,,,,,,,,,,,,,,,,,,,,,,,,,,,,,,
1184,1,1,1,1,0,0,0,1,1,1,0,1,1,1,1,0,1,0,1,0,0,1,1,1,1,1,,0,1,1,1,1,1,,1,0,0,0,1,,0,1,1,1,,0,1,1,,0,1,,0,,0,
1185,0,0,0,0,0,0,0,0,0,0,0,0,0,0,0,0,0,0,0,0,,,,,,,,,,,,,,,,,,,,,,,,,,,,,,,,,,,,
1186,0,0,0,0,0,0,0,0,0,0,0,0,0,0,0,0,0,0,0,0,,,,,,,,,,,,,,,,,,,,,,,,,,,,,,,,,,,,
1187,1,1,1,1,0,0,0,1,1,1,0,1,1,1,1,0,1,0,1,0,0,1,1,1,1,1,,0,1,1,1,1,1,,1,0,0,0,1,,0,1,1,1,,0,1,1,,0,1,,0,,0,
1188,0,0,0,0,0,0,0,0,0,0,0,1,0,0,0,0,0,0,0,0,,,,,,,,,,,,,,,,,,,,,,,,,,,,,,,,,,,,
1189,0,0,0,0,0,0,0,0,0,0,0,0,0,0,0,0,0,0,0,0,,,,,,,,,,,,,,,,,,,,,,,,,,,,,,,,,,,,
118,1,0,0,0,0,0,1,1,1,1,1,1,1,1,0,1,1,1,1,0,1,0,1,1,1,1,1,0,0,1,1,1,1,1,0,1,1,1,1,1,0,1,1,1,1,0,0,0,0,0,1,0,0,0,0,0
1190,1,1,1,1,0,0,0,1,1,1,0,1,1,1,1,0,1,0,1,0,0,1,1,1,1,1,,0,1,1,1,1,1,,1,0,0,0,1,,0,1,1,1,,0,1,1,,0,1,,0,,0,
1191,0,0,0,0,0,0,0,1,0,0,0,0,0,0,0,0,0,0,0,0,,,,,,,,,,,,,,,,,,,,,,,,,,,,,,,,,,,,
1192,0,0,0,0,0,0,0,0,0,0,0,0,0,0,0,0,0,0,0,0,,,,,,,,,,,,,,,,,,,,,,,,,,,,,,,,,,,,
1193,1,1,1,1,0,0,0,1,1,1,0,1,1,1,1,0,1,0,1,0,0,1,1,1,1,1,,0,1,1,1,1,1,,1,0,0,0,0,,0,1,1,1,,0,0,1,,0,1,,0,,0,
1194,0,0,0,0,0,0,0,0,0,0,0,0,0,0,0,0,0,0,0,0,,,,,,,,,,,,,,,,,,,,,,,,,,,,,,,,,,,,
1195,1,1,1,0,0,0,0,1,1,0,0,1,1,1,0,0,1,1,1,0,1,,1,1,1,1,1,1,,0,0,0,0,0,0,,,,,,,1,1,1,1,0,0,0,0,0,0,0,0,0,0,0
1196,1,1,1,1,0,0,0,1,1,1,0,1,1,1,1,0,1,0,1,0,0,1,1,1,1,1,,0,1,1,1,1,1,,1,0,0,0,1,,0,1,1,1,,0,1,1,,0,1,,0,,0,
1197,0,0,0,0,0,0,0,0,0,0,0,0,0,0,0,0,0,0,0,0,,,,,,,,,,,,,,,,,,,,,,,,,,,,,,,,,,,,
1198,1,1,1,0,0,0,0,1,1,1,0,1,1,1,0,0,0,0,1,1,1,1,0,1,1,,,0,1,0,1,1,,,0,0,1,1,,,0,1,1,,,0,0,,,0,,,0,,,
1199,1,1,1,1,0,0,0,1,1,1,0,1,1,1,1,0,1,0,1,0,0,1,1,1,1,1,,0,1,1,1,1,1,,1,0,1,0,1,,0,1,1,1,,0,0,1,,0,1,,0,,0,
119,1,0,0,0,0,0,1,1,1,1,1,1,1,1,0,1,1,1,1,0,1,0,1,1,1,1,1,0,0,1,1,1,1,1,0,1,1,1,1,1,0,1,1,1,1,0,1,1,0,0,1,0,0,0,0,0
1200,0,0,0,0,0,0,0,0,0,0,0,0,0,0,0,0,0,0,0,0,,,,,,,,,,,,,,,,,,,,,,,,,,,,,,,,,,,,
1201,0,0,0,0,0,0,0,0,0,0,0,0,0,0,0,0,0,0,0,0,,,,,,,,,,,,,,,,,,,,,,,,,,,,,,,,,,,,
1202,0,0,0,0,0,0,0,0,0,0,0,0,0,0,0,0,0,0,0,0,,,,,,,,,,,,,,,,,,,,,,,,,,,,,,,,,,,,
1203,1,1,1,0,0,0,0,1,1,1,0,1,1,1,0,0,1,1,1,1,1,1,1,1,1,1,1,0,1,1,1,1,1,1,0,0,1,1,1,0,0,1,1,1,1,0,0,0,0,0,1,0,0,0,0,0
1204,1,0,0,1,0,0,0,1,1,1,0,1,1,1,1,0,1,0,1,0,0,1,1,1,1,1,,0,1,1,1,1,1,,1,0,0,0,1,,0,1,1,1,,0,1,1,,0,1,,0,,0,
1205,0,0,0,0,0,0,0,0,0,0,0,0,0,0,0,0,0,0,0,0,,,,,,,,,,,,,,,,,,,,,,,,,,,,,,,,,,,,
1206,1,1,1,0,0,0,0,1,1,1,0,1,1,1,0,0,1,1,1,1,1,1,1,1,1,1,1,0,1,1,1,1,1,1,0,0,1,1,1,1,0,1,1,1,1,0,0,0,0,0,0,0,0,0,0,0
1207,1,1,1,1,0,0,0,1,1,1,0,1,1,1,1,0,1,0,1,0,0,1,1,1,1,1,,0,1,1,1,1,1,,1,0,0,0,1,,0,1,1,1,,0,1,1,,0,1,,0,,0,
1208,0,0,0,0,0,0,0,0,0,0,0,0,0,0,0,0,0,0,0,0,,,,,,,,,,,,,,,,,,,,,,,,,,,,,,,,,,,,
1209,1,1,1,0,1,0,0,1,1,1,0,1,1,1,0,0,1,1,1,1,1,1,1,1,1,1,1,0,1,1,1,1,1,1,0,0,1,1,1,1,0,1,1,1,1,0,1,1,0,0,1,0,0,0,0,0
120,1,0,0,0,0,0,1,1,1,1,1,1,1,1,0,1,1,1,1,0,1,0,1,1,1,1,1,0,0,1,1,1,1,1,0,1,1,1,1,1,0,1,1,1,1,0,0,0,0,0,1,0,0,0,0,0
1210,0,0,0,0,0,0,0,0,0,0,0,0,0,0,0,0,0,0,0,0,,,,,,,,,,,,,,,,,,,,,,,,,,,,,,,,,,,,
1211,1,1,1,0,1,0,0,1,1,1,0,1,1,1,0,0,0,1,1,1,1,1,1,1,1,,1,0,1,1,1,1,,1,0,0,1,1,,0,0,1,1,,1,0,1,,0,0,,0,0,,,0
1212,1,0,0,1,0,0,0,1,1,1,0,1,1,1,1,0,1,0,1,0,0,1,1,1,1,1,,0,1,1,1,1,1,,1,0,0,0,1,,0,1,1,1,,0,0,1,,0,1,,0,,0,
1213,0,0,0,0,0,0,0,0,0,0,0,0,0,0,0,0,0,0,0,0,,,,,,,,,,,,,,,,,,,,,,,,,,,,,,,,,,,,
1214,1,1,1,0,1,0,0,1,1,1,0,1,1,1,0,0,1,1,1,1,1,1,1,1,1,1,1,0,1,1,1,1,1,1,0,0,1,1,1,1,0,1,1,1,1,0,1,1,0,0,1,0,0,0,0,0
1215,0,0,0,0,0,0,0,1,0,0,0,0,0,0,0,0,0,0,0,0,,,,,,,,,,,,,,,,,,,,,,,,,,,,,,,,,,,,
1216,1,1,1,0,1,0,0,1,1,1,0,1,1,1,0,0,0,1,1,1,1,1,1,1,1,,1,0,1,1,1,1,,1,0,0,1,1,,0,0,1,1,,1,0,0,,0,0,,0,0,,,0
1217,1,1,1,1,0,0,0,1,1,1,0,1,1,1,1,0,0,0,1,0,0,1,1,1,1,,,0,1,1,1,1,,,1,0,0,0,,,0,1,1,,,0,0,,,0,,,0,,,
1218,0,0,0,0,0,0,0,0,0,0,0,0,0,0,0,0,0,0,0,0,,,,,,,,,,,,,,,,,,,,,,,,,,,,,,,,,,,,
1219,1,1,1,0,1,0,0,1,1,1,0,1,1,1,0,0,0,1,1,1,1,1,1,1,1,,1,0,1,1,1,1,,1,0,0,1,1,,1,0,1,1,,1,0,1,,0,0,,0,0,,,0
121,1,0,0,0,0,0,1,1,1,1,1,1,1,1,0,1,1,1,1,0,1,0,1,1,1,1,1,0,0,1,1,1,1,1,0,1,1,1,1,1,0,1,1,1,1,0,1,1,0,0,1,0,0,0,0,0
1220,1,1,1,0,0,0,0,1,1,1,0,1,1,1,1,0,1,1,0,0,0,1,0,1,1,1,0,,1,0,1,1,1,0,,0,0,0,1,0,,1,1,1,1,,1,1,0,,1,0,,0,,
1221,1,1,0,0,1,0,0,1,1,1,0,1,1,0,0,0,0,0,1,0,0,0,1,1,,,,0,0,1,1,,,,1,1,1,,,,1,1,,,,0,,,,0,,,,,,
1222,1,1,1,0,1,0,0,1,1,1,0,1,1,1,0,0,1,1,1,1,1,1,1,1,1,1,1,0,1,1,1,1,1,1,0,0,1,1,1,0,0,1,1,1,1,0,1,1,0,0,1,0,0,0,0,0
1223,0,0,0,0,0,0,0,0,0,0,0,1,1,0,1,0,0,0,0,0,,,,,,,,,,,,,,,,,,,,,,1,,,,,,,,,,,,,,
1224,1,1,0,0,1,0,0,1,0,1,0,1,1,1,0,0,1,1,1,0,,1,1,1,1,1,0,0,,,,,,,,0,1,1,1,0,0,1,1,1,0,0,1,0,0,0,0,0,0,0,0,0
1225,0,0,0,0,0,0,0,0,0,0,0,0,0,0,0,0,0,0,0,0,,,,,,,,,,,,,,,,,,,,,,,,,,,,,,,,,,,,
1226,1,1,0,0,1,0,0,1,1,1,0,1,1,1,0,0,1,1,1,0,1,1,1,1,1,1,1,0,1,0,1,1,1,0,0,0,0,0,0,0,0,1,1,1,0,0,1,0,0,0,0,0,0,0,0,0
1227,0,0,0,0,0,0,0,0,0,1,0,0,0,0,0,0,0,0,0,0,,,,,,,,,,,,,,,,,,,,,,,,,,,,,,,,,,,,
1228,1,1,1,0,1,0,0,1,1,1,0,1,1,1,0,0,1,1,1,1,1,1,0,1,1,1,1,0,1,0,1,1,1,1,0,0,1,1,1,1,0,1,1,1,1,0,0,0,0,0,1,0,0,0,0,0
1229,0,0,0,0,0,0,0,0,0,0,0,0,0,0,0,0,0,0,0,0,,,,,,,,,,,,,,,,,,,,,,,,,,,,,,,,,,,,
122,1,0,0,0,0,0,1,1,1,1,1,1,1,1,0,1,1,1,1,0,1,0,1,1,1,1,1,0,0,1,1,1,1,1,0,1,1,1,1,1,0,1,1,1,1,0,0,0,0,0,1,0,0,0,0,0
1230,0,0,0,0,0,0,0,1,1,0,0,1,0,0,0,0,0,0,0,0,0,,0,,,,,,,0,,,,,,,,,,,,,,,,,,,,,,,,,,
1231,0,0,0,0,0,0,0,0,0,0,0,0,0,0,0,0,0,0,0,0,,,,,,,,,,,,,,,,,,,,,,,,,,,,,,,,,,,,
1232,0,0,0,0,0,0,0,0,0,1,0,1,0,0,0,0,0,1,0,0,,,,,,,,,,,,,,,,0,,,,0,,,,,0,,,,,,,,,,,
1233,0,0,0,0,0,0,0,0,0,0,0,1,1,0,0,0,0,0,0,0,,,,,,,,,,,,,,,,,,,,,,1,,,,,,,,,,,,,,
1234,1,1,1,0,1,0,0,1,1,1,0,1,1,1,0,0,0,1,1,1,1,1,1,1,1,,1,0,1,1,1,1,,1,0,0,1,1,,0,0,1,1,,1,0,0,,0,0,,0,0,,,0
1235,1,1,1,1,0,0,0,1,1,1,0,1,1,1,1,0,1,0,1,0,1,1,1,1,1,1,,1,1,0,0,0,1,,0,0,0,0,1,,0,1,1,1,,0,1,1,,0,1,,0,,0,
1236,0,0,0,0,0,0,0,0,0,0,0,0,0,0,0,0,0,0,0,0,,,,,,,,,,,,,,,,,,,,,,,,,,,,,,,,,,,,
1237,1,1,1,0,1,0,0,1,1,0,0,1,1,1,0,0,1,1,1,1,1,,1,1,1,1,1,0,,1,1,1,1,1,0,,,,,,,1,1,1,1,0,0,0,0,0,1,0,0,0,0,0
1238,1,1,1,1,0,0,0,1,1,1,0,1,1,1,1,0,1,1,1,0,1,1,1,1,1,1,0,0,0,0,0,0,0,0,0,0,0,0,1,0,0,1,1,1,0,0,0,1,0,0,1,0,0,0,0,1
1239,0,0,0,0,0,0,0,0,0,0,0,0,0,0,0,0,0,0,0,0,,,,,,,,,,,,,,,,,,,,,,,,,,,,,,,,,,,,
123,0,0,0,0,0,0,0,0,1,1,0,1,0,0,0,0,0,0,0,1,,,,,,,,,1,0,,,,,,0,,,,,,,,,,,,,,,,,,,,
1240,0,0,0,0,0,0,0,0,0,0,0,0,0,0,0,0,0,0,0,0,,,,,,,,,,,,,,,,,,,,,,,,,,,,,,,,,,,,
1241,1,1,1,1,0,0,0,1,1,1,0,1,1,1,1,0,1,1,1,0,1,1,1,1,1,1,0,0,0,0,0,0,1,0,0,0,0,0,1,0,0,1,1,1,0,0,1,1,0,0,1,0,0,0,0,1
1242,0,0,0,0,0,0,0,0,0,0,0,0,0,0,0,0,0,0,0,0,,,,,,,,,,,,,,,,,,,,,,,,,,,,,,,,,,,,
1243,0,0,0,0,0,0,0,0,0,1,0,0,0,0,0,0,0,0,1,1,,,,,,,,,,,,,,,,,,,,,0,,,,,,,,,,,,,,,
1244,1,1,1,1,0,0,0,1,1,1,0,1,1,1,1,0,0,0,1,0,0,1,1,1,1,,,0,1,1,1,1,,,1,0,1,1,,,0,1,1,,,0,0,,,0,,,0,,,
1245,0,0,0,0,0,0,0,0,1,1,0,1,0,0,0,0,0,0,0,0,,,,,,,,,1,1,,,,,,0,,,,,,,,,,,,,,,,,,,,
1246,0,0,0,0,0,0,0,0,0,0,0,0,0,0,0,0,0,1,0,0,,,,,,,,,,,,,,,,,,,,,,,,,,,,,,,,,,,,
1247,1,1,1,0,0,0,0,1,1,1,0,1,1,1,1,0,1,0,0,0,0,1,1,1,1,1,,,1,1,1,1,1,,,0,0,0,1,,,1,1,1,,,1,1,,,1,,,,,
1248,0,0,0,0,0,0,0,0,1,1,0,1,1,0,1,0,1,0,0,0,,,,,,,,,1,1,1,,1,,,1,1,,1,,,1,,1,,,,0,,,,,,,,
1249,0,0,0,0,0,0,0,0,0,0,0,0,0,0,0,0,0,0,0,0,,,,,,,,,,,,,,,,,,,,,,,,,,,,,,,,,,,,
124,1,0,0,0,0,0,0,1,1,1,1,1,1,1,0,0,1,1,1,0,0,0,1,1,1,1,1,0,0,1,1,1,1,1,0,1,1,1,1,1,1,1,1,1,1,0,0,0,0,0,0,0,0,0,0,0
1250,1,1,1,1,0,0,0,1,1,1,0,1,1,1,1,0,1,0,1,0,0,1,1,1,1,1,,0,1,1,1,1,1,,1,0,0,0,1,,0,1,1,1,,0,0,1,,0,1,,0,,0,
1251,0,0,0,0,0,0,0,0,1,0,0,1,0,0,0,0,0,0,0,0,,,,,,,,,,1,,,,,,,,,,,,,,,,,,,,,,,,,,
1252,1,1,0,0,1,0,0,1,1,0,0,1,1,1,0,0,1,1,1,0,1,,1,1,1,1,0,0,,0,1,1,1,0,0,,,,,,,1,1,1,0,0,1,0,0,0,0,0,0,0,0,0
1253,0,0,0,0,0,0,0,0,0,0,0,0,0,0,0,0,0,0,0,0,,,,,,,,,,,,,,,,,,,,,,,,,,,,,,,,,,,,
1254,1,1,0,0,1,0,0,1,1,1,0,1,1,1,0,0,1,1,1,0,1,1,1,1,1,1,0,0,1,0,1,1,1,0,0,0,0,0,0,0,0,1,1,1,0,0,1,0,0,0,0,0,0,0,0,0
1255,0,0,0,0,0,0,0,0,0,0,0,0,0,0,0,0,0,0,0,0,,,,,,,,,,,,,,,,,,,,,,,,,,,,,,,,,,,,
1256,1,1,0,0,1,0,0,1,1,1,0,1,1,1,0,0,1,1,1,0,1,1,1,1,1,1,1,0,1,0,1,1,1,0,0,0,1,1,1,0,0,1,1,1,1,0,1,0,0,0,0,0,0,0,0,0
1257,0,0,0,0,0,0,0,0,0,0,0,0,0,0,0,0,0,0,0,0,,,,,,,,,,,,,,,,,,,,,,,,,,,,,,,,,,,,
1258,1,1,0,0,1,0,0,1,1,1,0,1,1,1,0,0,1,1,1,0,1,1,1,1,1,1,0,0,1,0,1,1,1,0,0,0,1,1,1,0,0,1,1,1,0,0,1,0,0,0,0,0,0,0,0,0
1259,0,0,0,0,0,0,0,0,0,0,0,0,0,0,0,0,0,0,0,0,,,,,,,,,,,,,,,,,,,,,,,,,,,,,,,,,,,,
125,0,0,0,0,0,0,0,0,0,0,0,0,0,0,0,0,0,0,0,1,,,,,,,,,,,,,,,,,,,,,,,,,,,,,,,,,,,,
1260,1,1,0,0,1,0,0,1,1,1,0,1,1,1,0,0,1,1,1,0,1,1,1,1,1,1,0,0,1,0,1,1,1,0,0,0,0,0,0,0,0,1,1,1,0,0,1,0,0,0,0,0,0,0,0,0
1261,0,0,0,0,0,0,0,0,0,0,0,0,0,0,0,0,0,0,0,0,,,,,,,,,,,,,,,,,,,,,,,,,,,,,,,,,,,,
1262,1,1,0,0,1,0,0,1,1,1,0,1,1,1,0,0,1,1,1,0,1,1,1,1,1,1,0,0,1,0,1,1,1,0,0,0,1,1,1,0,0,1,1,1,0,0,1,0,0,0,0,0,0,0,0,0
1263,0,0,0,0,0,0,0,0,0,0,0,1,1,0,1,0,1,0,0,0,,,,,,,,,,,,,,,,,,,,,,1,,1,,,,1,,,,,,,,
1264,1,1,0,0,1,0,0,1,1,1,0,1,1,1,0,0,1,1,1,0,1,1,1,1,1,1,1,0,0,0,1,1,1,0,0,0,1,1,1,0,0,1,1,1,1,0,1,0,0,0,0,0,0,0,0,0
1265,0,0,0,0,0,0,0,1,0,0,0,1,0,0,0,0,0,0,0,0,,,1,,,,,,,,,,,,,,,,,,,,,,,,,,,,,,,,,
1266,1,1,0,0,1,0,0,1,1,1,0,1,1,1,0,0,1,1,1,0,1,1,1,1,1,1,1,0,0,0,1,1,1,0,0,0,1,1,1,0,0,1,1,1,1,0,1,0,0,0,0,0,0,0,0,0
1267,0,0,0,0,0,0,0,0,0,0,0,0,0,0,1,0,0,0,0,0,,,,,,,,,,,,,,,,,,,,,,,,,,,,,,,,,,,,
1268,1,1,0,0,1,0,0,1,1,1,0,1,1,1,0,0,1,1,1,0,1,1,1,1,1,1,1,0,1,0,1,1,1,0,0,0,1,1,1,0,0,1,1,1,1,0,1,0,0,0,0,0,0,0,0,0
1269,0,0,0,0,0,0,0,0,0,0,0,0,0,0,0,0,0,0,0,0,,,,,,,,,,,,,,,,,,,,,,,,,,,,,,,,,,,,
126,1,1,1,0,0,0,0,1,1,1,1,1,1,1,0,1,0,1,1,0,1,0,1,1,1,,1,1,0,0,1,1,,0,0,1,1,1,,1,1,1,1,,1,0,0,,0,0,,0,0,,,0
1270,1,1,0,0,1,0,0,1,1,1,0,1,1,1,0,0,1,1,1,0,1,1,1,1,1,1,1,0,1,0,1,1,1,0,0,0,1,1,1,0,0,1,1,1,1,0,1,0,0,0,0,0,0,0,0,0
1271,1,1,0,0,1,0,0,1,1,1,0,1,0,0,0,0,0,0,1,0,0,0,1,,,,,0,0,1,,,,,1,1,,,,,1,,,,,0,,,,,,,,,,
1272,1,1,0,0,1,0,0,1,1,1,0,1,1,1,0,0,1,1,1,0,1,1,1,1,1,1,1,0,1,0,1,1,1,0,0,0,1,1,1,0,0,1,1,1,1,0,1,0,0,0,0,0,0,0,0,0
1273,0,0,0,0,0,0,0,0,0,0,0,0,0,0,0,0,0,0,0,0,,,,,,,,,,,,,,,,,,,,,,,,,,,,,,,,,,,,
1274,1,1,0,0,1,0,0,1,1,1,0,1,1,1,0,0,1,1,1,0,1,1,1,1,1,1,0,0,1,0,1,1,1,0,0,0,1,1,1,0,0,1,1,1,0,0,1,0,0,0,0,0,0,0,0,1
1275,0,0,0,0,0,0,0,0,0,0,0,1,1,0,1,0,1,0,0,0,,,,,,,,,,,,,,,,,,,,,,1,,1,,,,1,,,,,,,,
1276,1,1,0,0,1,0,0,1,1,1,0,1,1,1,0,0,1,1,1,0,1,1,1,1,1,1,0,0,0,0,1,1,1,0,0,0,1,1,1,0,0,1,1,1,0,0,1,0,0,0,0,0,0,0,0,0
1277,0,0,0,0,0,0,0,0,0,0,0,0,0,0,0,0,0,0,0,0,,,,,,,,,,,,,,,,,,,,,,,,,,,,,,,,,,,,
1278,1,1,0,0,1,0,0,1,1,1,0,1,1,1,0,0,1,1,1,0,1,1,1,1,1,1,0,0,1,0,1,1,1,0,0,0,1,1,1,0,0,1,1,1,0,0,1,0,0,0,0,0,0,0,0,0
1279,1,1,0,0,1,0,0,1,1,1,0,1,0,0,0,0,0,0,1,0,0,0,1,,,,,0,0,1,,,,,1,1,,,,,1,,,,,0,,,,,,,,,,
127,1,1,1,0,0,0,0,1,1,1,1,1,1,1,0,1,0,1,1,0,1,0,1,1,1,,1,1,0,0,1,1,,0,0,1,1,1,,1,1,1,1,,1,0,0,,0,0,,0,0,,,0
1280,1,1,0,0,1,0,0,1,1,1,0,1,1,1,0,0,1,1,1,0,1,1,1,1,1,1,1,0,1,0,1,1,1,0,0,0,0,0,0,0,0,1,1,1,1,0,1,0,0,0,0,0,0,0,0,0
1281,0,0,0,0,0,0,0,1,1,1,0,1,0,0,0,0,0,0,1,0,1,0,0,,,,,0,0,0,,,,,0,0,,,,,1,,,,,1,,,,,,,,,,
1282,1,1,0,0,1,0,0,1,1,1,0,1,1,1,0,0,1,1,1,0,1,1,1,1,1,1,1,0,0,0,1,1,1,0,0,0,1,1,1,0,0,1,1,1,1,0,0,0,0,0,0,0,0,0,0,0
1283,0,0,0,0,0,0,0,0,1,1,0,0,0,0,0,0,0,1,1,0,,,,,,,,,1,,,,,1,1,,,,,1,1,,,,,,,,,,,,,,,0
1284,1,1,0,0,1,0,0,1,1,1,0,1,1,1,0,0,1,1,1,0,1,1,1,1,1,1,1,0,1,0,1,1,1,0,0,0,0,0,0,0,0,1,1,1,1,0,1,0,0,0,0,0,0,0,0,0
1285,0,0,0,0,0,0,1,1,0,0,0,0,0,0,0,0,0,1,0,1,,,,,,,0,,,,,,,,,,,,,,,,,,,,,,,,,,,,,
1286,1,1,0,0,1,0,0,1,1,1,0,1,1,1,0,0,1,1,1,0,0,1,0,1,1,1,0,0,1,0,1,1,1,0,0,0,1,1,1,0,0,1,1,1,0,1,1,0,0,0,0,0,0,0,0,1
1287,0,0,0,0,0,0,0,0,0,0,0,0,0,0,0,0,0,0,0,0,,,,,,,,,,,,,,,,,,,,,,,,,,,,,,,,,,,,
1288,1,1,0,0,1,0,0,1,1,1,0,1,1,1,0,0,1,1,1,0,0,1,0,1,1,1,0,0,1,0,1,1,1,0,0,0,1,1,1,0,0,1,1,1,0,1,1,0,0,0,0,0,0,0,0,1
1289,0,0,0,0,0,0,0,1,1,1,0,1,0,0,0,0,0,0,1,0,0,0,0,,,,,0,1,0,,,,,1,0,,,,,1,,,,,1,,,,,,,,,,
128,1,1,1,0,0,0,0,1,1,1,1,1,1,1,0,1,0,1,1,0,1,0,1,1,1,,1,1,0,0,1,1,,0,0,1,1,1,,1,1,1,1,,1,0,0,,0,0,,0,0,,,0
1290,1,1,0,0,1,0,0,1,1,0,0,1,1,1,0,0,1,1,1,0,1,,1,1,1,1,0,0,,0,1,1,1,0,0,,,,,,,1,1,1,0,0,1,0,0,0,0,0,0,0,0,0
1291,0,0,0,0,0,0,0,0,0,0,0,0,0,0,0,0,0,0,0,0,,,,,,,,,,,,,,,,,,,,,,,,,,,,,,,,,,,,
1292,1,1,1,1,0,1,1,1,1,1,0,1,1,1,0,1,1,1,1,1,0,0,0,1,1,1,1,0,0,0,1,1,1,1,0,0,1,1,1,1,0,1,1,1,1,1,1,0,0,0,0,0,0,0,0,0
1293,0,0,0,0,0,0,0,1,0,0,0,0,0,0,0,0,0,0,0,0,,,,,,,,,,,,,,,,,,,,,,,,,,,,,,,,,,,,
1294,1,1,0,0,1,0,0,1,1,1,0,1,1,1,0,0,1,1,1,0,1,1,1,1,1,1,1,0,1,0,1,1,1,0,0,0,0,0,0,0,0,1,1,1,1,0,1,0,0,0,0,0,0,0,0,0
1295,0,0,0,0,0,0,0,1,0,0,0,0,0,0,0,0,0,0,0,0,,,,,,,,,,,,,,,,,,,,,,,,,,,,,,,,,,,,
1296,1,1,0,0,1,0,0,1,1,1,0,1,1,1,0,0,1,1,1,0,1,1,1,1,1,1,0,0,1,0,1,1,1,0,0,0,1,1,1,0,0,1,1,1,0,0,1,0,0,0,0,0,0,0,0,0
1297,0,0,0,0,0,0,0,1,0,0,0,0,0,0,0,0,0,0,0,0,,,,,,,,,,,,,,,,,,,,,,,,,,,,,,,,,,,,
1298,1,1,0,0,1,0,0,1,1,1,0,1,1,1,0,0,1,1,1,0,1,1,1,1,1,1,1,0,0,0,1,1,1,0,0,0,1,1,1,0,0,1,1,1,1,0,1,0,0,0,0,0,0,0,0,0
1299,0,0,0,0,0,0,0,0,0,0,0,0,0,0,0,0,0,0,0,0,,,,,,,,,,,,,,,,,,,,,,,,,,,,,,,,,,,,
129,1,0,0,0,0,0,1,1,1,1,1,1,0,1,0,1,1,1,1,0,1,0,1,,1,1,1,0,0,1,,1,1,1,0,1,,1,1,1,0,,1,1,1,0,,,,,1,0,0,0,0,0
1300,0,0,0,0,0,0,0,0,1,0,0,0,0,0,1,0,0,1,0,0,,,,,,,,,,,,,,0,,,,,,,,,,,,,,,,,,,,,,
1301,1,1,0,0,1,0,0,1,1,1,0,1,0,0,0,0,0,0,1,0,0,0,1,,,,,0,0,1,,,,,1,1,,,,,1,,,,,0,,,,,,,,,,
1302,0,0,0,0,0,0,0,0,1,0,0,0,0,0,1,0,1,1,0,0,,,,,,,,,,,,,0,0,,,,,,,,,,,,,,,,,,,,0,,
1303,0,0,0,0,0,0,0,1,0,0,0,0,0,0,0,0,0,0,0,0,,,,,,,,,,,,,,,,,,,,,,,,,,,,,,,,,,,,
1304,0,0,0,0,0,0,0,0,1,0,0,0,0,0,1,0,0,1,0,0,,,,,,,,,,,,,,0,,,,,,,,,,,,,,,,,,,,,,
1305,0,0,0,0,0,0,0,0,0,0,0,0,0,0,0,0,0,0,0,0,,,,,,,,,,,,,,,,,,,,,,,,,,,,,,,,,,,,
1306,1,1,0,0,1,0,0,1,1,0,0,1,1,1,0,0,1,1,1,0,1,,1,1,1,1,1,1,,0,1,1,1,1,0,,,,,,,1,1,1,1,0,1,0,0,0,0,0,0,0,0,0
1307,0,0,0,0,0,0,0,1,0,0,0,0,0,0,0,0,0,0,0,0,,,,,,,,,,,,,,,,,,,,,,,,,,,,,,,,,,,,
1308,0,0,0,0,0,0,0,0,0,0,0,0,0,0,0,0,0,0,0,1,,,,,,,,,,,,,,,,,,,,,,,,,,,,,,,,,,,,
1309,0,0,0,0,0,0,0,0,0,0,0,0,0,0,0,0,0,0,0,0,,,,,,,,,,,,,,,,,,,,,,,,,,,,,,,,,,,,
130,1,0,0,0,0,0,1,1,1,1,1,1,0,1,0,1,1,1,1,0,1,0,1,,1,1,1,0,0,1,,1,1,1,0,1,,1,1,1,0,,1,1,1,0,,,,,1,0,0,0,0,0
1310,0,0,0,0,0,0,0,0,0,0,0,0,0,0,0,0,0,0,0,1,,,,,,,,,,,,,,,,,,,,,,,,,,,,,,,,,,,,
1311,0,0,0,0,0,0,0,1,1,1,0,1,0,0,0,0,0,0,1,0,0,0,0,,,,,0,0,0,,,,,0,0,,,,,1,,,,,1,,,,,,,,,,
1312,0,0,0,0,0,0,0,0,0,0,0,0,0,0,0,0,0,0,0,1,,,,,,,,,,,,,,,,,,,,,,,,,,,,,,,,,,,,
1313,0,0,0,0,0,0,0,1,0,0,0,0,0,0,0,0,0,0,0,0,,,,,,,,,,,,,,,,,,,,,,,,,,,,,,,,,,,,
1314,0,0,0,0,0,0,0,0,0,0,0,0,0,0,0,0,0,0,0,1,,,,,,,,,,,,,,,,,,,,,,,,,,,,,,,,,,,,
1315,0,0,0,0,0,0,0,1,1,0,0,1,1,1,0,0,1,0,0,0,1,,1,1,1,1,,,,1,1,1,1,,,,,,,,,1,1,0,,,0,0,,,0,,,,,
1316,1,1,0,0,1,0,0,1,1,1,0,1,1,1,0,0,1,1,1,0,1,1,1,1,1,1,1,0,1,0,1,1,1,0,0,0,0,0,0,0,0,1,1,1,1,0,1,0,0,0,0,0,0,0,0,0
1317,0,0,0,0,0,0,0,0,0,1,0,0,0,0,0,0,0,0,1,0,,,,,,,,,,,,,,,,,,,,,1,,,,,,,,,,,,,,,
1318,1,1,0,0,1,0,0,1,1,1,0,1,1,1,0,0,1,1,1,0,1,1,1,1,1,1,0,0,1,0,1,1,1,0,0,0,1,1,1,0,0,1,1,1,0,0,1,0,0,0,0,0,0,0,0,0
1319,1,1,0,0,1,0,0,1,1,1,0,1,0,0,0,0,0,0,1,0,0,0,1,,,,,0,0,1,,,,,1,1,,,,,1,,,,,0,,,,,,,,,,
131,1,0,0,0,0,0,1,1,1,1,1,1,1,1,0,1,1,1,1,0,1,0,1,1,1,1,1,0,0,1,1,1,1,1,0,1,1,1,1,1,0,1,1,1,1,0,0,0,0,0,1,0,0,0,0,0
1320,1,1,0,0,1,0,0,1,0,1,0,1,1,1,0,0,1,1,1,0,,1,1,1,1,1,0,0,,,,,,,,0,1,1,1,0,0,1,1,1,0,0,1,0,0,0,0,0,0,0,0,1
1321,0,0,0,0,0,0,0,0,1,0,0,1,0,0,0,0,0,0,1,0,,,,,,,,,,0,,,,,0,,,,,,,,,,,1,,,,,,,,,,
1322,1,1,0,0,1,0,0,1,0,1,0,1,1,1,0,0,1,1,1,0,,0,0,1,1,1,0,0,,,,,,,,0,1,1,1,0,0,1,1,1,0,0,1,0,0,0,0,0,0,0,0,0
1323,1,1,0,0,1,0,0,1,1,1,0,1,0,0,0,0,0,0,1,0,0,0,1,,,,,0,0,1,,,,,1,1,,,,,1,,,,,0,,,,,,,,,,
1324,1,1,0,0,1,0,0,1,1,1,0,1,1,1,0,0,1,1,1,0,1,1,1,1,1,1,1,0,1,0,1,1,1,0,0,0,1,1,1,0,0,1,1,1,0,0,1,0,0,0,0,0,0,0,0,0
1325,1,1,0,0,1,0,0,1,1,1,0,1,0,0,0,0,0,0,1,0,0,0,1,,,,,0,0,1,,,,,1,1,,,,,1,,,,,0,,,,,,,,,,
1326,1,1,0,0,1,0,0,1,1,1,0,1,1,1,0,0,1,1,1,0,1,1,1,1,1,1,1,0,1,0,1,1,1,0,0,0,1,1,1,0,0,1,1,1,1,0,1,0,0,0,0,0,0,0,0,0
1327,1,1,0,0,1,0,0,1,1,1,0,1,0,0,0,0,0,0,1,0,0,0,1,,,,,0,0,1,,,,,1,1,,,,,1,,,,,0,,,,,,,,,,
1328,1,1,1,0,1,0,0,1,1,1,0,1,1,1,0,0,1,1,1,1,1,1,0,1,1,1,1,0,1,0,1,1,1,1,0,0,1,1,1,1,0,1,1,1,1,0,1,0,0,0,0,0,0,0,0,0
1329,0,0,0,0,0,0,0,1,1,1,0,1,1,1,1,0,1,0,0,0,1,1,1,1,1,1,,,0,0,0,0,0,,,1,1,1,1,,,1,1,1,,,0,0,,,0,,,,,
132,1,0,0,0,0,0,1,1,1,1,1,1,1,1,0,1,1,1,1,0,1,0,1,1,1,1,1,0,0,1,1,1,1,1,0,1,1,1,1,1,0,1,1,1,1,0,0,1,0,0,1,0,0,0,0,0
1330,0,0,0,0,0,0,0,1,0,0,0,0,0,0,0,0,0,1,1,1,,,,,,,1,0,,,,,,,,,,,,,,,,,,,,,,,,,,,,0
1331,0,0,0,0,0,0,0,0,0,0,0,0,0,0,0,0,0,0,0,0,,,,,,,,,,,,,,,,,,,,,,,,,,,,,,,,,,,,
1332,1,1,1,0,1,0,0,1,1,1,0,1,1,1,0,0,1,1,1,1,1,1,0,1,1,1,1,0,1,0,1,1,1,1,0,0,1,1,1,1,0,1,1,1,1,0,1,0,0,0,0,0,0,0,0,0
1333,0,0,0,0,0,0,0,0,0,0,0,0,0,0,0,0,0,0,0,0,,,,,,,,,,,,,,,,,,,,,,,,,,,,,,,,,,,,
1334,1,1,1,0,1,0,0,1,1,1,0,1,1,1,0,0,1,1,1,1,1,1,1,1,1,1,1,0,1,1,1,1,1,1,0,0,1,1,1,0,0,1,1,1,1,0,1,0,0,0,0,0,0,0,0,0
1335,0,0,0,0,0,0,0,0,0,0,0,0,0,0,0,0,0,0,0,0,,,,,,,,,,,,,,,,,,,,,,,,,,,,,,,,,,,,
1336,1,1,1,0,1,0,0,1,1,1,0,1,1,1,0,0,1,1,1,1,1,1,1,1,1,1,1,0,1,1,1,1,1,1,0,0,1,1,1,0,0,1,1,1,1,0,1,0,0,0,0,0,0,0,0,0
1337,0,0,0,0,0,0,0,1,1,1,0,1,1,1,1,0,1,0,0,0,1,1,1,1,1,1,,,0,0,1,0,0,,,1,1,1,1,,,1,1,0,,,0,0,,,0,,,,,
1338,1,1,1,0,1,0,0,1,1,1,0,1,1,1,0,0,1,1,0,1,1,1,1,1,1,1,1,,1,1,1,1,1,1,,0,1,1,1,0,,1,1,1,1,,1,0,0,,0,0,,0,,
1339,1,1,1,0,1,0,0,1,1,1,0,1,1,1,0,0,1,1,1,1,1,1,1,1,1,1,1,1,1,1,1,1,1,1,0,0,1,1,1,1,0,1,1,1,1,0,1,0,0,0,0,0,0,0,0,0
133,1,0,0,0,0,0,1,1,1,1,1,1,1,1,0,1,1,1,1,0,1,0,1,1,1,1,1,0,0,1,1,1,1,1,0,1,1,1,1,1,0,1,1,1,1,0,0,0,0,0,1,0,0,0,0,0
1340,1,1,1,0,1,0,0,1,1,1,0,1,1,1,0,0,1,1,1,1,1,1,1,1,1,1,1,1,1,0,1,1,1,1,0,0,1,1,1,1,0,1,1,1,1,0,1,0,0,0,0,0,0,0,0,0
1341,1,1,1,0,1,0,0,1,1,1,0,1,1,1,0,0,1,1,1,1,1,1,1,1,1,1,1,1,1,0,1,1,1,1,0,0,1,1,1,1,0,1,1,1,1,0,0,0,0,0,1,0,0,0,0,0
1342,1,1,1,0,1,0,0,1,1,1,0,1,1,1,0,0,0,1,1,1,1,1,1,1,1,,1,1,1,1,1,1,,1,0,0,1,1,,1,0,1,1,,1,0,0,,0,0,,0,0,,,0
1343,1,1,1,0,1,0,0,1,1,1,0,1,1,1,0,0,0,1,1,1,1,1,1,1,1,,1,0,1,1,1,1,,1,0,0,1,1,,0,0,1,1,,1,0,1,,0,0,,0,0,,,0
1344,1,1,1,1,0,0,0,1,1,1,0,1,1,1,0,0,1,1,1,0,1,0,0,1,1,1,0,0,0,0,0,0,0,0,0,1,1,1,1,1,1,1,1,1,0,1,1,1,0,0,1,0,0,0,0,1
1345,0,0,0,0,0,0,0,0,0,0,0,0,0,0,0,0,0,0,0,0,,,,,,,,,,,,,,,,,,,,,,,,,,,,,,,,,,,,
1346,0,0,0,0,0,0,0,0,0,0,0,0,0,0,0,0,0,0,0,0,,,,,,,,,,,,,,,,,,,,,,,,,,,,,,,,,,,,
1347,0,0,0,0,0,0,0,0,0,0,0,0,0,0,0,0,0,0,0,0,,,,,,,,,,,,,,,,,,,,,,,,,,,,,,,,,,,,
1348,0,0,0,0,0,0,0,0,0,0,0,1,1,1,0,0,1,1,0,0,,,,,,,,,,,,,,,,,,,,,,1,1,0,1,,1,0,1,,0,1,,1,,
1349,0,0,0,0,0,0,0,0,0,0,0,0,0,0,0,0,0,0,0,0,,,,,,,,,,,,,,,,,,,,,,,,,,,,,,,,,,,,
134,1,0,0,0,0,0,1,1,1,1,1,1,1,1,0,1,1,1,1,0,1,0,1,1,1,1,1,0,0,1,1,1,1,1,0,1,1,1,1,1,0,1,1,1,1,0,1,1,0,0,1,0,0,0,0,0
1350,0,0,0,0,0,0,0,0,0,1,0,1,0,0,0,0,1,0,0,1,,,,,,,,,,,,,,,,1,,,1,,,,,1,,,,,,,,,,,,
1351,0,0,0,0,0,0,0,0,0,0,0,1,1,1,0,0,1,1,0,0,,,,,,,,,,,,,,,,,,,,,,1,1,1,1,,1,0,0,,0,0,,0,,
1352,0,0,0,0,0,0,0,1,1,1,0,1,1,1,0,0,0,0,0,0,1,0,1,1,1,,,,0,0,0,0,,,,1,1,1,,,,1,1,,,,0,,,,,,,,,
1353,0,0,0,0,0,0,0,0,1,0,0,1,1,1,0,0,1,0,0,0,,,,,,,,,,0,0,0,0,,,,,,,,,1,1,1,,,0,0,,,0,,,,,
1354,0,0,0,0,0,0,0,0,1,0,0,1,0,0,0,0,0,1,0,0,,,,,,,,,,0,,,,0,,,,,,,,,,,0,,,,,,,,,,,
1355,0,0,0,0,0,0,0,0,0,0,0,1,1,1,0,1,0,0,0,1,,,,,,,,,,,,,,,,,,,,,,1,1,,,,1,,,,,,,,,
1356,0,0,0,0,0,0,0,0,0,0,0,0,0,0,0,0,0,0,0,0,,,,,,,,,,,,,,,,,,,,,,,,,,,,,,,,,,,,
1357,0,0,0,0,0,0,0,1,1,1,0,1,1,0,0,0,0,0,0,0,1,0,0,1,,,,,0,0,0,,,,,0,1,,,,,1,,,,,,,,,,,,,,
1358,0,0,0,0,0,0,0,0,0,0,0,0,0,0,0,0,0,0,0,0,,,,,,,,,,,,,,,,,,,,,,,,,,,,,,,,,,,,
1359,0,0,0,0,0,0,0,0,0,0,0,0,0,0,0,0,0,0,0,0,,,,,,,,,,,,,,,,,,,,,,,,,,,,,,,,,,,,
135,1,0,0,0,0,0,0,1,0,1,0,0,0,0,0,1,0,0,1,0,,0,,,,,,0,,,,,,,,,,,,,0,,,,,,,,,,,,,,,
1360,0,0,0,0,0,0,0,0,0,0,0,1,0,0,0,0,0,1,0,0,,,,,,,,,,,,,,,,,,,,,,,,,0,,,,,,,,,,,
1361,0,0,0,0,0,0,0,0,0,0,0,1,1,1,0,0,1,0,0,0,,,,,,,,,,,,,,,,,,,,,,1,1,1,,,0,0,,,1,,,,,
1362,0,0,0,0,0,0,0,0,0,0,0,1,1,1,0,0,1,1,0,0,,,,,,,,,,,,,,,,,,,,,,1,1,0,1,,1,0,1,,0,1,,1,,
1363,0,0,0,0,0,0,0,0,0,0,0,0,0,0,0,0,0,0,0,0,,,,,,,,,,,,,,,,,,,,,,,,,,,,,,,,,,,,
1364,0,0,0,0,0,0,0,0,1,1,0,1,0,0,0,1,0,0,0,1,,,,,,,,,0,1,,,,,,1,,,,,,,,,,,,,,,,,,,,
1365,0,0,0,0,0,0,0,0,0,0,0,1,1,1,0,0,1,1,0,0,,,,,,,,,,,,,,,,,,,,,,1,1,1,1,,1,0,0,,0,0,,0,,
1366,0,0,0,0,0,0,0,1,1,1,0,1,1,1,0,0,0,0,0,0,1,0,1,1,1,,,,0,0,0,0,,,,1,1,1,,,,1,1,,,,0,,,,,,,,,
1367,0,0,0,0,0,0,0,1,1,0,0,1,1,1,1,0,1,0,0,0,1,,1,1,1,1,,,,0,0,0,0,,,,,,,,,1,1,1,,,0,0,,,0,,,,,
1368,1,1,1,0,0,0,0,1,1,1,0,1,1,1,0,1,1,1,1,0,0,0,1,1,1,1,1,1,1,1,1,1,1,1,1,1,1,1,1,1,1,1,1,0,1,0,1,0,1,0,0,1,0,1,0,0
1369,0,0,0,0,0,0,0,0,0,0,0,1,1,1,0,1,1,0,0,1,,,,,,,,,,,,,,,,,,,,,,1,1,1,,,1,1,,,1,,,,,
136,1,0,0,0,0,0,1,1,1,1,1,1,1,1,0,1,1,1,1,0,1,0,1,1,1,1,1,0,0,1,1,1,1,1,0,1,1,1,1,1,0,1,1,1,1,0,0,0,0,0,1,0,0,0,0,0
1370,0,0,0,0,0,0,0,0,0,0,0,0,0,0,0,0,0,0,0,0,,,,,,,,,,,,,,,,,,,,,,,,,,,,,,,,,,,,
1371,0,0,0,0,0,0,0,0,0,0,0,0,0,0,0,0,0,0,0,0,,,,,,,,,,,,,,,,,,,,,,,,,,,,,,,,,,,,
1372,0,0,0,0,0,1,0,1,1,0,0,1,0,0,0,0,0,0,0,1,1,,0,,,,,,,0,,,,,,,,,,,,,,,,,,,,,,,,,,
1373,0,0,0,0,0,0,0,0,0,0,0,1,0,1,0,0,1,1,0,0,,,,,,,,,,,,,,,,,,,,,,,1,1,0,,,,,,1,0,,0,,
1374,0,0,0,0,0,0,0,0,0,0,0,1,1,1,0,0,1,0,0,0,,,,,,,,,,,,,,,,,,,,,,1,1,0,,,1,0,,,0,,,,,
1375,0,0,0,0,0,0,0,0,1,0,0,1,0,1,0,0,0,1,0,0,,,,,,,,,,1,,0,,1,,,,,,,,,0,,1,,,,,,,1,,,,
1376,0,0,0,0,0,1,0,1,1,0,0,1,0,0,0,1,0,0,0,0,0,,0,,,,,,,1,,,,,,,,,,,,,,,,,,,,,,,,,,
1377,0,0,0,0,0,0,0,0,0,0,0,1,1,1,0,0,1,1,0,0,,,,,,,,,,,,,,,,,,,,,,1,1,1,1,,1,0,0,,0,0,,0,,
1378,0,0,0,0,0,0,0,1,1,1,0,1,1,1,0,0,0,0,0,0,1,0,1,1,1,,,,0,0,0,0,,,,1,1,1,,,,1,1,,,,0,,,,,,,,,
1379,0,0,0,0,0,0,0,0,1,0,0,1,1,1,0,0,1,0,0,0,,,,,,,,,,0,0,0,0,,,,,,,,,1,1,1,,,0,0,,,1,,,,,
137,0,0,0,0,0,0,0,1,0,1,0,0,0,0,0,0,0,0,0,0,,0,,,,,,,,,,,,,,,,,,,,,,,,,,,,,,,,,,
1380,0,0,0,0,0,0,0,0,0,0,0,1,1,1,0,0,1,0,0,0,,,,,,,,,,,,,,,,,,,,,,1,1,1,,,1,0,,,0,,,,,
1381,0,0,0,0,0,0,0,1,0,0,0,1,1,1,0,1,1,0,0,1,,,0,0,0,0,,,,,,,,,,,,,,,,1,1,1,,,1,1,,,1,,,,,
1382,0,0,0,0,0,0,0,0,0,0,0,0,0,0,0,0,0,0,0,1,,,,,,,,,,,,,,,,,,,,,,,,,,,,,,,,,,,,
1383,0,0,0,0,0,0,0,0,0,0,0,1,0,1,0,0,1,1,0,0,,,,,,,,,,,,,,,,,,,,,,,1,1,0,,,,,,1,0,,0,,
1384,0,0,0,0,0,0,0,0,0,0,0,1,1,1,0,0,1,1,0,0,,,,,,,,,,,,,,,,,,,,,,1,1,0,1,,1,0,1,,0,1,,1,,
1385,0,0,0,0,0,0,0,0,1,1,1,1,1,1,0,0,0,0,1,0,,,,,,,,,1,0,1,0,,,1,0,1,0,,,0,1,1,,,1,0,,,0,,,1,,,
1386,0,0,0,0,0,0,0,0,1,1,0,1,0,0,0,1,0,0,0,1,,,,,,,,,1,1,,,,,,0,,,,,,,,,,,,,,,,,,,,
1387,0,0,0,0,0,0,0,0,0,0,0,1,1,1,0,0,1,1,0,0,,,,,,,,,,,,,,,,,,,,,,1,1,1,1,,1,0,0,,0,0,,0,,
1388,0,0,0,0,0,0,0,1,1,1,0,1,1,1,0,0,0,0,0,0,1,0,1,1,1,,,,0,0,1,1,,,,1,1,1,,,,1,1,,,,0,,,,,,,,,
1389,0,0,0,0,0,0,0,0,1,0,0,1,0,1,0,0,1,0,0,0,,,,,,,,,,0,,0,0,,,,,,,,,,1,1,,,,,,,1,,,,,
138,1,1,1,0,0,0,0,1,1,1,1,1,1,1,0,1,0,1,1,0,1,0,1,1,1,,1,1,0,0,1,1,,0,0,1,1,1,,1,1,1,1,,1,0,0,,0,0,,0,0,,,0
1390,0,0,0,0,0,0,0,0,0,0,0,1,1,1,0,0,1,0,0,0,,,,,,,,,,,,,,,,,,,,,,1,1,1,,,1,0,,,0,,,,,
1391,0,0,0,0,0,0,0,0,0,0,0,1,1,1,0,1,1,0,0,1,,,,,,,,,,,,,,,,,,,,,,1,1,1,,,1,1,,,1,,,,,
1392,0,0,0,0,0,0,0,0,0,0,0,0,0,0,0,0,0,1,0,0,,,,,,,,,,,,,,,,,,,,,,,,,,,,,,,,,,,,
1393,0,0,0,0,0,0,0,0,0,0,0,0,0,0,0,0,0,0,0,0,,,,,,,,,,,,,,,,,,,,,,,,,,,,,,,,,,,,
1394,0,0,0,0,0,0,0,0,0,0,0,1,1,1,0,0,1,0,0,0,,,,,,,,,,,,,,,,,,,,,,1,1,0,,,1,0,,,0,,,,,
1395,0,0,0,0,0,0,0,0,1,0,0,1,0,0,0,0,1,0,0,0,,,,,,,,,,0,,,0,,,,,,,,,,,1,,,,,,,,,,,,
1396,0,0,0,0,0,0,0,1,1,1,0,1,1,0,0,0,0,0,0,0,1,0,1,1,,,,,0,0,1,,,,,1,1,,,,,1,,,,,,,,,,,,,,
1397,0,0,0,0,0,0,0,0,1,0,0,1,0,1,0,0,1,0,0,0,,,,,,,,,,0,,0,0,,,,,,,,,,1,1,,,,,,,1,,,,,
1398,0,0,0,0,0,0,0,0,0,0,0,1,1,1,0,0,1,0,0,0,,,,,,,,,,,,,,,,,,,,,,1,1,1,,,1,0,,,0,,,,,
1399,0,0,0,0,0,0,0,0,0,0,0,1,1,1,0,1,1,0,0,1,,,,,,,,,,,,,,,,,,,,,,1,1,1,,,1,1,,,1,,,,,
139,1,1,1,0,0,0,0,1,1,1,1,1,1,1,0,1,0,1,1,0,1,0,1,1,1,,1,1,0,0,1,1,,0,0,1,1,1,,1,1,1,1,,1,0,0,,0,0,,0,0,,,0
1400,0,0,0,0,0,0,0,0,0,0,0,0,0,0,0,0,0,0,0,0,,,,,,,,,,,,,,,,,,,,,,,,,,,,,,,,,,,,
1401,0,0,0,0,0,0,0,1,1,1,0,1,0,1,0,0,1,1,0,0,1,1,1,,1,1,0,,1,1,,1,1,0,,1,,1,1,0,,,1,1,0,,,,,,1,0,,0,,
1402,0,0,0,0,0,0,0,0,0,0,0,1,1,1,0,0,1,1,0,0,,,,,,,,,,,,,,,,,,,,,,1,1,0,1,,1,0,1,,0,1,,1,,
1403,0,0,0,0,0,0,0,0,0,0,0,0,0,0,0,0,0,0,0,0,,,,,,,,,,,,,,,,,,,,,,,,,,,,,,,,,,,,
1404,1,1,1,0,0,0,0,1,1,1,0,1,1,1,0,1,1,1,1,0,0,0,1,1,1,1,1,1,1,1,1,1,1,1,1,1,1,1,1,1,1,1,1,0,1,0,0,0,1,0,0,1,0,1,0,0
1405,0,0,0,0,0,0,0,0,0,0,0,1,1,1,0,1,1,0,0,1,,,,,,,,,,,,,,,,,,,,,,1,1,1,,,1,1,,,1,,,,,
1406,0,0,0,0,0,0,0,0,1,1,0,1,0,0,0,0,0,0,0,0,,,,,,,,,0,0,,,,,,0,,,,,,,,,,,,,,,,,,,,
1407,0,0,0,0,0,0,0,0,0,0,0,0,0,0,0,0,0,0,0,1,,,,,,,,,,,,,,,,,,,,,,,,,,,,,,,,,,,,
1408,0,0,0,0,0,0,0,0,1,0,0,1,1,1,0,0,1,0,0,0,,,,,,,,,,0,0,0,0,,,,,,,,,1,1,1,,,0,1,,,1,,,,,
1409,0,0,0,0,0,0,0,1,0,0,0,1,1,1,0,1,1,0,0,1,,,0,0,0,0,,,,,,,,,,,,,,,,1,1,1,,,1,1,,,1,,,,,
140,1,0,0,0,0,0,1,1,1,1,1,1,1,1,0,1,1,1,1,0,1,0,1,1,1,1,1,0,0,1,1,1,1,1,0,1,1,1,1,1,0,1,1,1,1,0,1,1,0,0,1,0,0,0,0,0
1410,0,0,0,0,0,0,0,0,0,0,0,0,0,0,0,0,0,0,0,1,,,,,,,,,,,,,,,,,,,,,,,,,,,,,,,,,,,,
1411,0,0,0,0,0,0,0,0,1,1,0,1,0,1,0,0,1,0,0,0,,,,,,,,,0,1,,1,1,,,1,,1,1,,,,1,1,,,,,,,1,,,,,
1412,0,0,0,0,0,0,0,0,0,0,0,0,0,0,0,0,0,1,0,1,,,,,,,,,,,,,,,,,,,,,,,,,,,,,,,,,,,,
1413,0,0,0,0,0,0,0,0,1,0,0,1,0,1,0,0,1,0,0,0,,,,,,,,,,0,,0,0,,,,,,,,,,1,1,,,,,,,1,,,,,
1414,0,0,0,0,0,0,0,0,0,0,0,0,0,0,0,0,0,0,0,1,,,,,,,,,,,,,,,,,,,,,,,,,,,,,,,,,,,,
1415,0,0,0,0,0,0,0,0,1,1,0,1,1,1,0,0,1,0,0,0,,,,,,,,,0,0,0,0,0,,,0,0,0,0,,,1,1,1,,,0,0,,,0,,,,,
1416,0,0,0,0,0,0,0,0,0,0,0,0,0,0,0,0,0,1,0,1,,,,,,,,,,,,,,,,,,,,,,,,,,,,,,,,,,,,
1417,0,0,0,0,0,0,0,0,0,0,0,0,0,0,0,0,0,0,0,0,,,,,,,,,,,,,,,,,,,,,,,,,,,,,,,,,,,,
1418,0,0,0,0,0,0,0,0,0,0,0,1,1,1,0,0,1,1,0,0,,,,,,,,,,,,,,,,,,,,,,1,1,1,0,,0,0,0,,1,0,,0,,
1419,0,0,0,0,0,0,0,0,1,1,0,1,1,1,0,0,1,0,0,0,,,,,,,,,0,1,0,1,1,,,1,0,1,1,,,0,1,1,,,1,1,,,1,,,,,
141,1,1,1,0,0,0,0,1,1,1,1,1,1,1,0,1,0,1,1,0,1,0,1,1,1,,1,1,0,0,1,1,,0,0,1,1,1,,1,1,1,1,,1,0,0,,0,0,,0,0,,,0
1420,0,0,0,0,0,0,0,0,0,0,0,0,0,0,0,0,0,0,0,0,,,,,,,,,,,,,,,,,,,,,,,,,,,,,,,,,,,,
1421,0,0,0,0,0,0,0,0,1,1,0,1,1,1,0,0,1,0,0,0,,,,,,,,,0,1,0,1,1,,,1,0,1,1,,,0,1,1,,,1,1,,,1,,,,,
1422,0,0,0,0,0,0,0,1,0,1,1,1,1,1,0,1,1,0,1,0,,1,1,1,1,1,,1,,,,,,,,0,0,0,0,,0,1,1,0,,1,1,0,,1,0,,1,,1,
1423,0,0,0,0,0,0,0,0,0,0,0,0,0,0,0,0,0,0,0,0,,,,,,,,,,,,,,,,,,,,,,,,,,,,,,,,,,,,
1424,0,1,0,0,0,0,0,1,1,1,0,1,1,1,0,0,1,0,1,1,1,0,1,1,1,1,,1,0,0,0,0,0,,0,1,1,1,1,,1,1,1,1,,0,1,0,,0,0,,0,,0,
1425,0,0,0,0,0,0,0,0,0,0,0,0,0,0,0,0,0,0,0,0,,,,,,,,,,,,,,,,,,,,,,,,,,,,,,,,,,,,
1426,0,0,0,0,0,0,0,1,1,0,0,1,1,1,0,0,1,1,0,0,0,,0,1,1,1,0,,,1,1,1,1,1,,,,,,,,1,1,1,1,,0,1,0,,1,0,,0,,
1427,0,0,0,0,0,0,0,1,1,1,1,1,1,1,0,1,1,0,1,0,1,1,1,1,1,1,,1,1,1,1,1,1,,1,1,1,1,1,,1,1,1,0,,1,1,0,,1,0,,1,,1,
1428,0,0,0,0,0,0,0,0,0,0,0,0,0,0,0,0,0,0,0,0,,,,,,,,,,,,,,,,,,,,,,,,,,,,,,,,,,,,
1429,0,1,0,0,0,0,0,1,1,1,0,1,1,1,0,0,1,0,1,1,1,0,1,1,1,1,,1,0,0,1,1,0,,0,1,1,1,1,,1,1,1,1,,0,1,0,,0,0,,0,,0,
142,1,0,0,0,0,0,1,1,1,1,1,1,1,1,0,1,1,1,1,0,1,0,1,1,1,1,1,0,0,1,1,1,1,1,0,1,1,1,1,1,0,1,1,1,1,0,1,1,0,0,1,0,0,0,0,0
1430,0,0,0,0,0,0,0,0,0,0,0,1,1,1,0,0,1,0,0,0,,,,,,,,,,,,,,,,,,,,,,1,1,0,,,0,0,,,0,,,,,
1431,0,0,0,0,0,0,0,1,0,0,0,0,0,0,0,0,0,0,1,0,,,,,,,,1,,,,,,,,,,,,,,,,,,,,,,,,,,,,
1432,0,0,0,0,0,0,0,0,0,0,0,0,0,0,0,0,0,0,0,0,,,,,,,,,,,,,,,,,,,,,,,,,,,,,,,,,,,,
1433,0,1,0,0,0,0,0,1,1,1,0,1,1,1,0,0,1,0,1,1,1,0,1,1,1,1,,1,0,0,1,1,0,,0,1,1,1,1,,1,1,1,1,,1,0,0,,0,0,,0,,0,
1434,0,0,0,0,0,0,0,0,0,0,0,1,1,1,0,0,1,0,0,0,,,,,,,,,,,,,,,,,,,,,,1,1,0,,,1,0,,,0,,,,,
1435,0,0,0,0,0,0,0,1,0,1,1,1,1,1,0,1,1,0,1,0,,1,1,1,1,1,,1,,,,,,,,0,0,0,0,,0,1,1,0,,1,0,0,,1,0,,1,,1,
1436,0,0,0,0,0,0,0,0,0,0,0,0,0,0,0,0,0,0,0,0,,,,,,,,,,,,,,,,,,,,,,,,,,,,,,,,,,,,
1437,0,1,0,0,0,0,0,1,1,1,0,1,1,1,0,0,1,0,1,1,0,0,0,0,0,0,,0,1,1,1,1,1,,1,1,1,1,1,,1,1,1,1,,0,1,0,,0,0,,0,,0,
1438,0,0,0,0,0,0,0,0,0,0,0,1,1,1,0,0,1,0,0,0,,,,,,,,,,,,,,,,,,,,,,1,1,0,,,1,0,,,0,,,,,
1439,0,0,0,0,0,0,0,1,0,1,1,1,1,1,0,1,1,0,1,0,,1,1,1,1,1,,1,,,,,,,,0,0,0,0,,0,1,1,0,,1,1,0,,1,0,,1,,1,
143,1,0,0,0,0,0,1,1,1,1,1,1,1,1,0,1,1,1,1,0,1,0,1,1,1,1,1,0,0,1,1,1,1,1,0,1,1,1,1,1,0,1,1,1,1,0,1,1,0,0,0,0,0,0,0,0
1440,0,0,0,0,0,0,0,0,0,0,0,0,0,0,0,0,0,0,0,0,,,,,,,,,,,,,,,,,,,,,,,,,,,,,,,,,,,,
1441,0,0,0,0,0,0,0,0,0,1,0,0,0,0,0,0,0,0,0,0,,,,,,,,,,,,,,,,,,,,,,,,,,,,,,,,,,,,
1442,0,0,0,0,0,0,0,0,0,0,0,1,1,1,0,0,1,0,0,0,,,,,,,,,,,,,,,,,,,,,,1,1,0,,,0,0,,,0,,,,,
1443,0,0,0,0,0,0,0,1,0,1,1,1,1,1,0,1,1,0,1,0,,1,1,1,1,1,,1,,,,,,,,0,0,0,0,,0,1,1,0,,1,0,0,,0,0,,1,,1,
1444,0,0,0,0,0,0,0,0,0,0,0,0,0,0,0,0,0,0,0,0,,,,,,,,,,,,,,,,,,,,,,,,,,,,,,,,,,,,
1445,0,1,0,0,0,0,0,1,1,1,0,1,1,1,0,0,1,0,1,1,0,0,0,0,0,0,,0,1,1,1,1,1,,1,1,1,1,1,,1,1,1,1,,0,1,0,,0,0,,0,,0,
1446,0,0,0,0,0,0,0,0,0,0,0,1,1,1,0,0,1,0,0,0,,,,,,,,,,,,,,,,,,,,,,1,1,0,,,1,0,,,0,,,,,
1447,0,0,0,0,0,0,0,1,0,1,1,1,1,1,0,1,1,0,1,0,,1,1,1,1,1,,1,,,,,,,,0,0,0,0,,0,1,1,0,,1,0,0,,0,0,,1,,1,
1448,0,0,0,0,0,0,0,0,0,0,0,0,0,0,0,0,0,0,0,0,,,,,,,,,,,,,,,,,,,,,,,,,,,,,,,,,,,,
1449,0,1,0,0,0,0,0,1,1,1,0,1,1,1,0,0,1,0,1,1,0,0,0,0,0,0,,0,1,1,1,1,1,,1,1,1,1,1,,1,1,1,1,,0,1,0,,0,0,,0,,0,
144,1,0,0,0,0,0,1,1,1,1,1,1,1,1,0,1,1,1,1,0,1,0,1,1,1,1,1,0,0,1,1,1,1,1,0,1,1,1,1,1,0,1,1,1,1,0,1,1,0,0,1,0,0,0,0,0
1450,0,0,0,0,0,0,0,1,0,1,1,1,1,1,0,1,1,0,1,0,,1,1,1,1,1,,1,,,,,,,,0,0,0,0,,0,1,1,0,,1,1,0,,1,0,,1,,1,
1451,0,0,0,0,0,0,0,0,0,0,0,0,0,0,0,0,0,0,0,0,,,,,,,,,,,,,,,,,,,,,,,,,,,,,,,,,,,,
1452,0,1,0,0,0,0,0,1,1,1,0,1,1,1,0,0,1,0,1,1,1,0,0,0,0,0,,0,0,0,0,0,0,,0,1,1,1,1,,1,1,1,1,,0,1,0,,0,0,,0,,0,
1453,0,0,0,0,0,0,0,1,0,1,1,1,1,1,0,1,1,0,1,0,,1,1,1,1,1,,1,,,,,,,,0,0,0,0,,0,1,1,0,,1,1,0,,1,0,,1,,1,
1454,0,0,0,0,0,0,0,0,0,0,0,0,0,0,0,0,0,0,0,0,,,,,,,,,,,,,,,,,,,,,,,,,,,,,,,,,,,,
1455,0,1,0,0,0,0,0,1,1,1,0,1,1,1,0,0,1,0,1,1,0,0,0,0,0,0,,0,0,1,1,1,1,,1,1,1,1,1,,1,1,1,1,,1,1,0,,0,0,,0,,0,
1456,0,0,0,0,0,0,0,1,0,1,1,1,1,1,0,1,1,0,1,0,,1,1,1,1,1,,1,,,,,,,,0,0,0,0,,0,1,1,0,,1,0,0,,0,0,,1,,1,
1457,0,0,0,0,0,0,0,0,0,0,0,0,0,0,0,0,0,0,0,0,,,,,,,,,,,,,,,,,,,,,,,,,,,,,,,,,,,,
1458,0,1,0,0,0,0,0,1,1,1,0,1,1,1,0,0,1,0,1,1,0,0,0,0,0,0,,0,1,1,1,1,1,,1,1,1,1,1,,1,1,1,1,,0,1,0,,0,0,,0,,0,
1459,0,0,0,0,0,0,0,1,0,1,1,1,1,1,0,1,1,0,1,0,,1,1,1,1,1,,1,,,,,,,,0,0,0,0,,0,1,1,0,,1,0,0,,0,0,,1,,1,
145,1,0,0,0,0,0,1,1,1,1,1,1,1,1,0,1,1,1,1,0,1,0,1,1,1,1,1,0,0,1,1,1,1,1,0,1,1,1,1,1,0,1,1,1,1,0,1,1,0,0,1,0,0,0,0,0
1460,0,0,0,0,0,0,0,0,0,0,0,0,0,0,0,0,0,0,0,0,,,,,,,,,,,,,,,,,,,,,,,,,,,,,,,,,,,,
1461,0,1,0,0,0,0,0,1,1,1,0,1,1,1,0,0,1,0,1,1,0,0,0,0,0,0,,0,1,1,1,1,1,,1,1,1,1,1,,1,1,1,1,,0,1,0,,0,0,,0,,0,
1462,0,0,0,0,0,0,0,1,0,1,1,1,1,1,0,1,1,0,1,0,,1,1,1,1,1,,1,,,,,,,,0,0,0,0,,0,1,1,0,,1,1,0,,1,0,,1,,1,
1463,0,0,0,0,0,0,0,1,0,1,1,1,1,1,0,1,1,0,1,0,,1,1,1,1,1,,1,,,,,,,,0,0,0,0,,0,1,1,0,,1,0,0,,0,0,,0,,1,
1464,0,0,0,0,0,0,0,0,0,0,0,0,0,0,0,0,0,0,0,0,,,,,,,,,,,,,,,,,,,,,,,,,,,,,,,,,,,,
1465,0,0,0,0,0,0,0,0,1,0,0,1,1,1,0,0,1,1,0,0,,,,,,,,,,1,1,1,1,0,,,,,,,,1,1,1,0,,1,0,0,,0,0,,0,,
1466,0,0,0,0,0,0,0,1,0,1,1,1,1,1,0,1,1,0,1,0,,1,1,1,1,1,,1,,,,,,,,0,0,0,0,,0,1,1,0,,1,0,0,,0,0,,1,,1,
1467,0,0,0,0,0,0,0,1,1,1,0,1,1,1,0,0,1,1,0,0,0,1,0,1,1,1,0,,1,1,1,1,1,1,,0,1,1,1,0,,1,1,1,1,,0,0,0,,0,0,,0,,
1468,0,0,0,0,0,0,0,0,0,0,0,1,1,1,0,1,1,0,0,0,,,,,,,,,,,,,,,,,,,,,,1,1,1,,,1,0,,,0,,,,,
1469,0,0,0,0,0,0,0,0,0,0,0,0,0,0,0,0,0,0,0,0,,,,,,,,,,,,,,,,,,,,,,,,,,,,,,,,,,,,
146,1,0,0,0,0,0,0,1,1,1,1,1,1,1,0,1,0,1,1,1,1,0,1,1,1,,0,0,0,1,1,1,,0,0,1,1,1,,0,0,1,1,,0,0,1,,0,0,,0,0,,,1
1470,0,0,0,0,0,0,0,0,0,1,0,0,0,0,0,0,0,0,0,1,,,,,,,,,,,,,,,,,,,,,,,,,,,,,,,,,,,,
1471,0,0,0,0,0,0,0,0,0,0,0,0,0,0,0,0,0,0,0,0,,,,,,,,,,,,,,,,,,,,,,,,,,,,,,,,,,,,
1472,0,0,0,0,0,0,0,0,0,0,0,1,1,1,0,0,1,0,1,0,,,,,,,,,,,,,,,,,,,,,,1,1,1,,0,1,0,,0,0,,0,,0,
1473,0,0,0,0,0,0,0,1,0,1,1,1,1,1,0,1,1,0,1,0,,1,1,1,1,1,,1,,,,,,,,0,0,0,0,,0,1,0,0,,1,0,0,,1,0,,1,,1,
1474,0,0,0,0,0,0,0,1,1,1,0,1,1,1,0,0,1,1,0,0,0,1,0,1,1,1,0,,1,1,1,1,1,1,,0,1,1,1,0,,1,1,1,1,,0,0,0,,0,0,,0,,
1475,0,0,0,0,0,0,0,0,0,0,0,0,0,0,0,0,0,0,0,0,,,,,,,,,,,,,,,,,,,,,,,,,,,,,,,,,,,,
1476,1,0,1,0,0,0,0,1,1,0,0,1,1,1,0,1,1,1,0,0,1,,1,1,1,1,0,,,1,1,1,1,0,,,,,,,,1,1,1,0,,1,1,0,,1,0,,0,,
1477,0,0,0,0,0,0,0,0,0,1,0,0,0,0,0,0,0,1,0,1,,,,,,,,,,,,,,,,,,,,0,,,,,,,,,,,,,,,,
1478,0,0,0,0,0,0,0,0,0,0,0,0,0,0,0,0,0,0,0,0,,,,,,,,,,,,,,,,,,,,,,,,,,,,,,,,,,,,
1479,0,0,0,0,0,0,0,0,0,0,0,0,0,0,0,0,0,1,0,0,,,,,,,,,,,,,,,,,,,,,,,,,,,,,,,,,,,,
147,0,0,0,0,0,0,0,0,0,0,0,1,1,1,0,0,1,0,0,0,,,,,,,,,,,,,,,,,,,,,,1,1,1,,,1,1,,,1,,,,,
1480,0,0,0,0,0,0,0,0,0,0,0,0,0,0,0,0,0,1,0,0,,,,,,,,,,,,,,,,,,,,,,,,,,,,,,,,,,,,
1481,0,0,0,0,0,0,0,0,0,1,1,1,0,1,0,0,1,0,0,0,,,,,,,,,,,,,,,,0,,1,1,,,,1,1,,,,,,,0,,,,,
1482,0,0,0,0,0,0,0,1,1,1,0,1,1,1,0,0,1,1,0,0,0,1,0,1,1,1,0,,1,1,1,1,1,1,,0,1,1,1,0,,1,1,1,1,,0,0,0,,0,0,,0,,
1483,0,0,0,0,0,0,0,0,0,0,0,0,0,0,0,0,0,0,0,0,,,,,,,,,,,,,,,,,,,,,,,,,,,,,,,,,,,,
1484,1,0,1,0,0,0,0,1,1,1,0,1,1,1,0,1,1,1,1,0,1,1,1,1,1,1,0,1,1,1,1,1,1,0,1,0,0,0,0,0,0,1,1,1,0,1,1,1,0,1,1,0,1,0,1,1
1485,0,0,0,0,0,0,0,0,1,1,0,1,1,0,0,0,0,0,0,1,,,,,,,,,0,0,0,,,,,0,0,,,,,1,,,,,,,,,,,,,,
1486,0,0,0,0,0,0,0,0,0,0,0,0,0,0,0,0,0,0,0,0,,,,,,,,,,,,,,,,,,,,,,,,,,,,,,,,,,,,
1487,0,0,0,0,0,0,0,0,1,0,0,0,0,0,0,0,0,1,0,0,,,,,,,,,,,,,,0,,,,,,,,,,,,,,,,,,,,,,
1488,0,0,0,0,0,0,0,1,0,0,0,1,1,1,0,1,1,0,0,0,,,1,1,1,1,,,,,,,,,,,,,,,,1,1,0,,,1,0,,,0,,,,,
1489,0,0,0,0,0,0,0,1,1,1,0,1,1,1,0,0,1,1,0,0,0,1,0,1,1,1,0,,1,1,1,1,1,1,,0,1,1,1,0,,1,1,1,1,,0,0,0,,0,0,,0,,
148,0,0,0,0,0,0,0,0,0,0,0,0,0,0,0,0,0,0,0,0,,,,,,,,,,,,,,,,,,,,,,,,,,,,,,,,,,,,
1490,0,0,0,0,0,0,0,0,0,0,0,0,0,0,0,0,0,0,0,0,,,,,,,,,,,,,,,,,,,,,,,,,,,,,,,,,,,,
1491,1,0,1,0,0,0,0,1,1,1,0,1,1,1,0,1,1,1,1,0,1,1,1,1,1,1,0,1,1,1,1,1,1,0,1,0,0,0,0,0,0,1,1,1,0,1,1,1,0,1,1,0,1,0,1,1
1492,0,0,0,0,0,0,0,0,0,1,0,0,0,0,0,0,0,0,0,1,,,,,,,,,,,,,,,,,,,,,,,,,,,,,,,,,,,,
1493,0,0,0,0,0,0,0,0,0,0,0,0,0,0,0,0,0,0,0,0,,,,,,,,,,,,,,,,,,,,,,,,,,,,,,,,,,,,
1494,0,0,0,0,0,0,0,0,1,0,0,1,1,1,0,0,1,1,0,0,,,,,,,,,,1,1,1,1,0,,,,,,,,1,1,1,0,,1,0,0,,0,0,,0,,
1495,0,0,0,0,0,0,0,1,0,1,1,1,1,1,0,1,1,0,1,0,,1,1,1,1,1,,1,,,,,,,,0,0,0,0,,0,1,1,0,,1,1,0,,1,0,,1,,1,
1496,0,0,0,0,0,0,0,1,1,1,0,1,1,1,0,0,1,1,0,0,0,1,0,1,1,1,0,,1,1,1,1,1,1,,0,1,1,1,0,,1,1,1,1,,0,0,0,,0,0,,0,,
1497,0,0,0,0,0,0,0,0,0,0,0,0,0,0,0,0,0,0,0,0,,,,,,,,,,,,,,,,,,,,,,,,,,,,,,,,,,,,
1498,0,0,0,0,0,0,0,1,0,0,0,0,0,0,0,0,0,0,0,0,,,,,,,,,,,,,,,,,,,,,,,,,,,,,,,,,,,,
1499,0,0,0,0,0,0,0,0,0,0,0,0,0,0,0,0,0,0,0,0,,,,,,,,,,,,,,,,,,,,,,,,,,,,,,,,,,,,
149,0,0,0,0,0,0,0,0,0,0,0,0,0,0,0,0,0,1,0,0,,,,,,,,,,,,,,,,,,,,,,,,,,,,,,,,,,,,
1500,0,0,0,0,0,0,0,0,1,0,0,1,1,1,0,0,1,0,0,0,,,,,,,,,,0,1,1,1,,,,,,,,,1,1,1,,,1,0,,,0,,,,,
1501,0,0,0,0,0,0,0,1,0,1,1,1,1,1,0,1,1,0,1,0,,1,1,1,1,1,,1,,,,,,,,0,0,0,0,,0,1,1,0,,1,1,0,,1,0,,1,,1,
1502,0,0,0,0,0,0,0,1,1,1,0,1,1,1,0,0,1,1,0,0,0,1,0,1,1,1,0,,1,1,1,1,1,1,,0,1,1,1,0,,1,1,1,1,,0,0,0,,0,0,,0,,
1503,0,0,0,0,0,0,0,0,0,0,0,0,0,0,0,0,0,0,0,0,,,,,,,,,,,,,,,,,,,,,,,,,,,,,,,,,,,,
1504,0,0,0,0,0,0,0,0,0,0,0,0,0,0,0,0,0,0,0,0,,,,,,,,,,,,,,,,,,,,,,,,,,,,,,,,,,,,
1505,0,0,0,0,0,0,0,0,0,0,0,0,0,0,0,0,0,0,0,0,,,,,,,,,,,,,,,,,,,,,,,,,,,,,,,,,,,,
1506,0,0,0,0,0,0,0,0,1,0,0,1,1,1,0,0,1,0,0,0,,,,,,,,,,0,1,0,1,,,,,,,,,1,0,1,,,0,0,,,1,,,,,
1507,0,0,0,0,0,0,0,1,0,1,0,1,1,1,0,1,1,0,0,0,,1,1,1,1,1,,,,,,,,,,1,1,1,1,,,0,1,0,,,1,0,,,0,,,,,
1508,0,0,0,0,0,0,0,1,1,1,0,1,1,1,0,0,1,1,0,0,0,1,0,1,1,1,0,,1,1,1,1,1,1,,0,1,1,1,0,,1,1,1,1,,0,0,0,,0,0,,0,,
1509,0,0,0,0,0,0,0,0,0,0,0,0,0,0,0,0,0,0,0,0,,,,,,,,,,,,,,,,,,,,,,,,,,,,,,,,,,,,
150,0,0,0,0,0,0,0,0,0,0,0,0,0,0,0,0,0,1,0,0,,,,,,,,,,,,,,,,,,,,,,,,,,,,,,,,,,,,
1510,0,0,0,0,0,0,0,0,1,0,0,1,0,0,0,0,0,1,0,0,,,,,,,,,,0,,,,0,,,,,,,,,,,0,,,,,,,,,,,
1511,0,0,0,0,0,0,0,0,0,0,0,0,0,0,0,0,0,0,0,0,,,,,,,,,,,,,,,,,,,,,,,,,,,,,,,,,,,,
1512,0,0,0,0,0,0,0,0,0,1,1,1,1,1,1,0,1,0,1,0,,,,,,,,,,,,,,,,0,0,0,0,,0,1,1,0,,1,1,0,,1,0,,1,,1,
1513,0,0,0,0,0,0,0,0,0,0,0,0,0,0,0,0,0,0,0,0,,,,,,,,,,,,,,,,,,,,,,,,,,,,,,,,,,,,
1514,0,0,0,0,0,0,0,0,1,0,0,0,0,0,0,0,0,0,0,0,,,,,,,,,,,,,,,,,,,,,,,,,,,,,,,,,,,,
1515,0,0,0,0,0,0,0,0,0,0,0,0,0,0,0,0,0,0,0,0,,,,,,,,,,,,,,,,,,,,,,,,,,,,,,,,,,,,
1516,0,0,0,0,0,0,0,1,0,1,1,1,1,1,0,1,1,0,1,0,,1,1,1,1,1,,1,,,,,,,,0,0,0,0,,0,1,1,0,,1,0,0,,0,0,,1,,1,
1517,0,0,0,0,0,0,0,1,1,1,0,1,1,1,0,0,1,1,0,0,0,1,0,1,1,1,0,,1,1,1,1,1,1,,0,1,1,1,0,,1,1,1,1,,0,0,0,,0,0,,0,,
1518,0,0,0,0,0,0,0,0,0,0,0,1,1,1,0,0,1,1,0,0,,,,,,,,,,,,,,,,,,,,,,1,1,1,1,,1,0,0,,0,0,,0,,
1519,0,0,0,0,0,0,0,0,1,1,0,1,0,0,0,0,0,1,0,0,,,,,,,,,0,0,,,,1,,1,,,,1,,,,,1,,,,,,,,,,,
151,0,0,0,0,0,0,0,1,0,0,0,1,1,1,0,0,1,0,0,0,,,1,1,1,1,,,,,,,,,,,,,,,,1,1,1,,,1,1,,,1,,,,,
1520,0,0,0,0,0,0,0,0,1,1,0,0,0,0,0,0,0,0,0,0,,,,,,,,,0,,,,,,,,,,,,,,,,,,,,,,,,,,,
1521,0,0,0,0,0,0,0,0,0,0,0,0,0,0,0,0,0,0,0,0,,,,,,,,,,,,,,,,,,,,,,,,,,,,,,,,,,,,
1522,0,0,0,0,0,0,0,0,1,0,0,1,1,1,0,0,0,0,1,0,,,,,,,,,,0,0,0,,,0,,,,,,,1,1,,,1,1,,,1,,,1,,,
1523,1,1,1,0,0,0,0,1,1,1,0,1,1,1,0,0,1,0,1,0,1,1,0,1,1,1,,1,0,0,1,0,1,,0,0,1,1,1,,1,1,1,1,,1,0,0,,0,1,,0,,0,
1524,0,0,0,0,0,0,0,0,0,1,1,1,1,1,1,0,1,0,1,0,,,,,,,,,,,,,,,,0,0,0,0,,0,1,1,0,,1,0,0,,1,0,,1,,1,
1525,0,0,0,0,0,0,0,0,0,0,0,0,0,0,0,0,0,0,0,0,,,,,,,,,,,,,,,,,,,,,,,,,,,,,,,,,,,,
1526,0,0,0,0,0,0,0,0,1,0,0,0,0,0,0,0,0,0,0,0,,,,,,,,,,,,,,,,,,,,,,,,,,,,,,,,,,,,
1527,1,0,0,0,0,0,0,1,1,0,0,1,1,1,1,0,1,0,1,0,1,,1,1,1,1,,0,,1,1,1,1,,0,,,,,,,1,1,0,,0,1,0,,0,0,,0,,0,
1528,0,0,0,0,0,0,0,1,0,1,1,1,1,1,0,1,1,0,1,0,,1,1,1,1,1,,1,,,,,,,,0,0,0,0,,1,1,1,0,,1,1,0,,1,0,,1,,1,
1529,0,0,0,0,0,0,0,1,1,1,0,1,1,1,0,0,1,1,0,0,0,1,0,1,1,1,0,,1,1,1,1,1,1,,0,1,1,1,0,,1,1,1,1,,0,0,0,,0,0,,0,,
152,0,0,0,0,0,0,0,0,0,0,0,1,1,1,0,0,1,0,0,0,,,,,,,,,,,,,,,,,,,,,,1,1,1,,,1,1,,,1,,,,,
1530,0,0,0,0,0,0,0,0,0,0,0,1,0,0,0,0,0,0,0,0,,,,,,,,,,,,,,,,,,,,,,,,,,,,,,,,,,,,
1531,1,0,1,0,0,0,0,1,1,0,0,1,1,1,0,1,1,1,0,0,1,,1,1,1,1,0,,,0,0,0,0,0,,,,,,,,1,1,1,0,,1,1,0,,1,0,,0,,
1532,1,1,1,0,0,0,0,1,1,1,1,1,1,1,0,1,1,1,1,0,1,0,0,1,0,1,0,0,0,0,1,0,1,0,0,1,1,1,1,1,0,1,1,1,0,0,0,0,0,0,1,0,0,0,0,0
1533,0,0,0,0,0,0,0,0,0,0,0,0,0,0,0,0,0,0,0,0,,,,,,,,,,,,,,,,,,,,,,,,,,,,,,,,,,,,
1534,0,0,0,0,0,0,0,0,0,0,0,1,1,1,0,0,0,0,0,0,,,,,,,,,,,,,,,,,,,,,,1,1,,,,0,,,,,,,,,
1535,0,0,0,0,0,0,0,0,0,1,0,1,1,1,0,0,1,0,0,0,,,,,,,,,,,,,,,,0,1,1,0,,,1,1,1,,,0,0,,,0,,,,,
1536,0,0,0,0,0,0,0,0,0,1,1,1,1,1,1,0,1,0,1,0,,,,,,,,,,,,,,,,0,0,0,0,,0,1,1,0,,1,1,0,,1,0,,0,,1,
1537,0,0,0,0,0,0,0,0,0,1,1,1,1,1,1,0,1,0,1,0,,,,,,,,,,,,,,,,0,0,0,0,,0,1,1,0,,1,0,0,,1,0,,1,,1,
1538,0,0,0,0,0,0,0,0,0,0,0,0,0,0,0,0,0,0,0,0,,,,,,,,,,,,,,,,,,,,,,,,,,,,,,,,,,,,
1539,0,0,0,0,0,0,0,0,1,0,0,0,0,0,0,0,0,0,0,0,,,,,,,,,,,,,,,,,,,,,,,,,,,,,,,,,,,,
153,0,0,0,0,0,0,0,0,0,0,0,0,0,0,0,0,0,0,0,0,,,,,,,,,,,,,,,,,,,,,,,,,,,,,,,,,,,,
1540,0,0,0,0,0,0,0,0,0,1,1,1,1,1,1,0,1,0,1,0,,,,,,,,,,,,,,,,0,0,0,0,,0,1,1,0,,1,1,0,,1,0,,1,,1,
1541,0,0,0,0,0,0,0,0,0,1,1,1,1,1,1,0,1,0,1,0,,,,,,,,,,,,,,,,0,0,0,0,,0,1,1,0,,1,1,0,,1,0,,0,,1,
1542,0,0,0,0,0,0,0,0,0,0,0,1,1,1,0,0,1,0,0,0,,,,,,,,,,,,,,,,,,,,,,1,1,1,,,1,0,,,0,,,,,
1543,1,0,0,0,0,0,0,0,0,1,1,1,1,1,1,0,1,0,1,0,,,,,,,,,,,,,,,,0,0,0,0,,0,1,1,0,,1,1,0,,1,0,,0,,1,
1544,0,0,0,0,0,0,0,0,0,0,0,1,1,1,0,0,1,0,0,0,,,,,,,,,,,,,,,,,,,,,,1,1,1,,,0,0,,,0,,,,,
1545,0,0,0,0,0,0,0,0,0,0,0,0,0,0,0,0,0,0,0,0,,,,,,,,,,,,,,,,,,,,,,,,,,,,,,,,,,,,
1546,1,0,0,0,0,0,0,1,1,0,0,1,1,1,1,0,1,0,1,0,1,,1,1,1,1,,0,,1,1,1,1,,0,,,,,,,1,1,0,,0,1,0,,0,0,,0,,0,
1547,0,0,0,0,0,0,0,1,1,1,1,1,1,1,0,1,1,0,1,0,1,1,1,1,1,1,,1,1,1,1,1,1,,1,1,1,1,1,,1,1,1,0,,1,1,0,,1,0,,0,,1,
1548,0,0,0,0,0,0,0,1,1,1,0,1,1,1,0,0,1,1,0,0,0,1,0,1,1,1,0,,1,1,1,1,1,1,,0,1,1,1,0,,1,1,1,1,,0,0,0,,0,0,,0,,
1549,0,0,0,0,0,0,0,0,0,0,0,1,1,1,0,0,1,0,0,0,,,,,,,,,,,,,,,,,,,,,,1,1,0,,,1,0,,,0,,,,,
154,0,0,0,0,0,0,0,0,0,0,0,0,0,0,0,0,0,1,0,0,,,,,,,,,,,,,,,,,,,,,,,,,,,,,,,,,,,,
1550,0,0,0,0,0,0,0,0,0,0,0,0,0,0,0,0,0,0,0,0,,,,,,,,,,,,,,,,,,,,,,,,,,,,,,,,,,,,
1551,1,1,1,0,0,0,0,1,1,1,1,1,1,1,0,1,1,1,1,0,0,0,0,1,0,1,0,0,0,0,1,0,1,0,0,1,1,1,1,1,0,1,1,1,0,0,0,0,0,0,1,0,0,0,0,0
1552,0,0,0,0,0,0,0,0,0,0,0,1,1,1,0,0,0,0,0,0,,,,,,,,,,,,,,,,,,,,,,1,1,,,,0,,,,,,,,,
1553,0,0,0,0,0,0,0,0,0,1,0,1,1,1,0,0,1,0,0,0,,,,,,,,,,,,,,,,0,1,1,0,,,1,1,1,,,1,0,,,0,,,,,
1554,1,0,0,0,0,0,0,0,0,1,1,1,1,1,1,0,1,0,1,0,,,,,,,,,,,,,,,,0,0,0,0,,0,1,1,0,,1,1,0,,1,0,,0,,1,
1555,0,0,0,0,0,0,0,0,0,0,0,1,1,1,0,0,1,0,0,0,,,,,,,,,,,,,,,,,,,,,,1,1,1,,,0,0,,,0,,,,,
1556,0,0,0,0,0,0,0,0,0,0,0,0,0,0,0,0,0,0,0,0,,,,,,,,,,,,,,,,,,,,,,,,,,,,,,,,,,,,
1557,0,0,0,0,0,0,0,1,0,1,1,0,1,1,0,1,1,0,1,0,,1,,1,1,1,,1,,,,,,,,,1,1,1,,1,,,,,,1,0,,1,0,,1,,1,
1558,0,0,0,0,0,0,0,1,1,1,0,1,1,1,0,0,1,1,0,0,0,1,0,1,1,1,0,,1,1,1,1,1,1,,0,1,1,1,0,,1,1,1,1,,0,0,0,,0,0,,0,,
1559,0,0,0,0,0,0,0,0,0,0,0,0,1,1,0,0,1,1,0,0,,,,,,,,,,,,,,,,,,,,,,,,,,,1,0,0,,0,0,,0,,
155,0,0,0,0,0,0,0,0,0,0,0,0,0,0,0,0,0,1,0,0,,,,,,,,,,,,,,,,,,,,,,,,,,,,,,,,,,,,
1560,0,0,0,0,0,0,0,0,0,0,0,0,0,0,0,0,0,0,0,0,,,,,,,,,,,,,,,,,,,,,,,,,,,,,,,,,,,,
1561,0,0,0,0,0,0,0,0,1,1,0,0,0,0,0,0,0,0,0,0,,,,,,,,,0,,,,,,,,,,,,,,,,,,,,,,,,,,,
1562,0,0,0,0,0,0,0,0,0,0,0,1,1,1,0,0,0,0,0,0,,,,,,,,,,,,,,,,,,,,,,1,1,,,,0,,,,,,,,,
1563,0,0,0,0,0,0,0,0,0,1,0,1,1,1,0,0,1,0,0,0,,,,,,,,,,,,,,,,0,1,1,0,,,1,1,1,,,1,0,,,0,,,,,
1564,1,0,0,0,0,0,0,0,0,1,1,1,1,1,1,0,1,0,1,0,,,,,,,,,,,,,,,,0,0,0,0,,0,1,1,0,,1,1,0,,1,0,,1,,1,
1565,0,0,0,0,0,0,0,0,0,0,0,1,1,1,0,0,1,0,0,0,,,,,,,,,,,,,,,,,,,,,,1,1,1,,,1,0,,,0,,,,,
1566,0,0,0,0,0,0,0,0,1,0,0,1,1,1,0,0,1,1,0,0,,,,,,,,,,1,1,1,1,1,,,,,,,,1,1,0,0,,1,0,0,,0,0,,0,,
1567,0,0,0,0,0,0,0,1,1,1,0,1,1,1,0,0,1,1,0,0,0,1,0,1,1,1,0,,1,1,1,1,1,1,,0,1,1,1,0,,1,1,1,1,,0,0,0,,0,0,,0,,
1568,0,0,0,0,0,0,0,0,0,0,0,1,1,1,0,0,1,1,0,0,,,,,,,,,,,,,,,,,,,,,,1,1,1,1,,1,0,0,,0,0,,0,,
1569,1,0,1,0,0,0,0,1,1,0,0,1,1,1,0,1,1,1,0,0,1,,1,1,1,1,0,,,1,1,1,1,0,,,,,,,,1,1,1,0,,1,1,0,,1,0,,0,,
156,0,0,0,0,0,0,0,0,0,0,0,1,1,1,0,0,1,0,0,0,,,,,,,,,,,,,,,,,,,,,,1,1,1,,,1,1,,,1,,,,,
1570,0,0,0,0,0,0,0,0,1,1,0,0,0,0,0,0,0,0,0,0,,,,,,,,,0,,,,,,,,,,,,,,,,,,,,,,,,,,,
1571,0,0,0,0,0,0,0,0,0,0,0,1,1,1,0,0,0,0,0,0,,,,,,,,,,,,,,,,,,,,,,1,1,,,,0,,,,,,,,,
1572,0,0,0,0,0,0,0,0,0,1,0,1,1,1,0,0,1,0,0,0,,,,,,,,,,,,,,,,0,1,1,0,,,1,1,1,,,0,0,,,0,,,,,
1573,0,0,0,0,0,0,0,0,0,1,1,1,1,1,1,0,1,0,1,0,,,,,,,,,,,,,,,,0,0,0,0,,0,1,1,0,,1,1,0,,1,0,,1,,1,
1574,0,0,0,0,0,0,0,0,0,0,0,1,1,1,0,0,1,0,0,0,,,,,,,,,,,,,,,,,,,,,,1,1,1,,,1,0,,,0,,,,,
1575,0,0,0,0,0,0,0,0,1,0,0,1,1,1,0,0,1,1,0,0,,,,,,,,,,1,1,1,1,1,,,,,,,,1,1,0,0,,1,0,0,,0,0,,0,,
1576,0,0,0,0,0,0,0,1,1,1,0,1,1,1,0,0,1,1,0,0,0,1,0,1,1,1,0,,1,1,1,1,1,1,,0,1,1,1,0,,1,1,1,1,,0,0,0,,0,0,,0,,
1577,0,0,0,0,0,0,0,0,0,0,0,1,1,1,0,0,1,1,0,0,,,,,,,,,,,,,,,,,,,,,,1,1,1,1,,1,0,0,,0,0,,0,,
1578,0,0,0,0,0,0,0,0,0,0,0,0,0,0,0,0,0,0,0,0,,,,,,,,,,,,,,,,,,,,,,,,,,,,,,,,,,,,
1579,0,0,0,0,0,0,0,0,1,1,0,0,0,0,0,0,0,0,0,0,,,,,,,,,0,,,,,,,,,,,,,,,,,,,,,,,,,,,
157,0,0,0,0,0,0,0,0,0,0,0,1,1,1,0,0,1,0,0,0,,,,,,,,,,,,,,,,,,,,,,1,1,1,,,1,1,,,1,,,,,
1580,0,0,0,0,0,0,0,0,0,0,0,1,1,1,0,0,0,0,0,0,,,,,,,,,,,,,,,,,,,,,,1,1,,,,0,,,,,,,,,
1581,0,0,0,0,0,0,0,0,0,1,0,1,1,1,0,0,1,0,0,0,,,,,,,,,,,,,,,,0,1,1,0,,,1,1,1,,,1,0,,,0,,,,,
1582,0,0,0,0,0,0,0,0,0,1,1,1,1,1,1,0,1,0,1,0,,,,,,,,,,,,,,,,0,0,0,0,,0,1,1,0,,1,1,0,,1,0,,0,,1,
1583,0,0,0,0,0,0,0,0,0,1,0,0,0,0,0,0,0,0,1,0,,,,,,,,,,,,,,,,,,,,,1,,,,,,,,,,,,,,,
1584,0,0,0,0,0,0,0,0,1,0,0,1,1,1,0,0,1,1,0,0,,,,,,,,,,1,1,1,1,1,,,,,,,,1,1,1,0,,1,0,0,,0,0,,0,,
1585,0,0,0,0,0,0,0,1,1,1,0,1,1,1,0,0,1,1,0,0,0,1,0,1,1,1,0,,1,1,1,1,1,1,,0,1,1,1,0,,1,1,1,1,,0,0,0,,0,0,,0,,
1586,0,0,0,0,0,0,0,0,0,0,0,1,1,1,0,0,1,1,0,0,,,,,,,,,,,,,,,,,,,,,,1,1,1,1,,0,0,0,,0,0,,0,,
1587,0,0,0,0,0,0,0,0,0,0,0,0,0,0,0,0,0,0,0,0,,,,,,,,,,,,,,,,,,,,,,,,,,,,,,,,,,,,
1588,0,0,0,0,0,0,0,0,1,1,0,0,1,0,0,0,0,0,0,0,,,,,,,,,0,,0,,,,,,1,,,,,,,,,,,,,,,,,,,
1589,0,0,0,0,0,0,0,0,0,0,0,1,1,1,0,0,0,0,0,0,,,,,,,,,,,,,,,,,,,,,,1,1,,,,0,,,,,,,,,
158,0,0,0,0,0,0,0,0,0,0,0,1,1,1,0,0,1,0,0,0,,,,,,,,,,,,,,,,,,,,,,1,1,1,,,1,1,,,1,,,,,
1590,0,0,0,0,0,0,0,0,0,1,0,1,1,1,0,0,1,0,0,0,,,,,,,,,,,,,,,,0,1,1,0,,,1,1,1,,,0,0,,,0,,,,,
1591,0,0,0,0,0,0,0,0,0,1,1,1,1,1,1,0,1,0,1,0,,,,,,,,,,,,,,,,0,0,0,0,,0,1,1,0,,1,1,0,,1,0,,0,,1,
1592,0,0,0,0,0,0,0,0,1,1,0,0,0,0,0,0,0,0,1,0,,,,,,,,,1,,,,,,1,,,,,,1,,,,,,,,,,,,,,,
1593,0,0,0,0,0,0,0,0,0,1,1,1,1,1,1,0,1,0,1,0,,,,,,,,,,,,,,,,0,0,0,0,,0,1,1,0,,1,1,0,,0,0,,0,,1,
1594,1,0,0,0,0,0,0,0,0,1,1,1,1,1,1,0,1,0,1,0,,,,,,,,,,,,,,,,0,0,0,0,,0,1,1,0,,1,1,0,,1,0,,0,,1,
1595,0,0,0,0,0,0,0,0,1,1,0,0,0,0,0,0,0,0,1,0,,,,,,,,,1,,,,,,1,,,,,,1,,,,,,,,,,,,,,,
1596,0,0,0,0,0,0,0,0,0,1,1,1,1,1,1,0,1,0,1,0,,,,,,,,,,,,,,,,0,0,0,0,,0,1,1,0,,1,1,0,,1,0,,0,,1,
1597,0,0,0,0,0,0,0,0,0,1,1,1,1,1,1,0,1,0,1,0,,,,,,,,,,,,,,,,0,0,0,0,,0,1,1,0,,1,1,0,,1,0,,1,,1,
1598,0,0,0,0,0,0,0,0,0,0,0,0,0,0,0,0,0,0,0,0,,,,,,,,,,,,,,,,,,,,,,,,,,,,,,,,,,,,
1599,0,0,0,0,0,0,0,0,0,0,0,0,0,0,0,0,0,0,0,0,,,,,,,,,,,,,,,,,,,,,,,,,,,,,,,,,,,,
1600,0,0,0,0,0,0,0,0,0,0,1,1,1,1,0,0,1,0,0,0,,,,,,,,,,,,,,,,,,,,,,1,1,0,,,1,0,,,0,,,,,
1601,0,0,0,0,0,0,0,0,0,0,0,0,0,0,0,0,0,0,0,0,,,,,,,,,,,,,,,,,,,,,,,,,,,,,,,,,,,,
1602,0,0,0,0,0,0,0,0,0,1,1,1,1,1,1,0,1,0,1,0,,,,,,,,,,,,,,,,0,0,0,0,,0,1,1,0,,1,1,0,,1,0,,0,,1,
1603,0,0,0,0,0,0,0,0,1,0,0,1,1,1,0,0,1,1,0,0,,,,,,,,,,1,1,1,1,1,,,,,,,,1,1,1,0,,1,0,0,,0,0,,0,,
1604,1,0,0,0,0,0,0,0,0,1,1,1,1,1,1,0,1,0,1,0,,,,,,,,,,,,,,,,0,0,0,0,,0,1,1,0,,1,1,0,,1,0,,0,,1,
1605,0,0,0,0,0,0,0,0,1,0,0,1,1,1,0,0,1,1,1,0,,,,,,,,,,1,1,1,1,1,1,,,,,,,1,1,1,0,0,1,0,0,0,0,0,0,0,0,1
1606,0,0,0,0,0,0,0,1,1,1,0,1,1,1,0,0,1,1,0,0,0,1,0,1,1,1,0,,1,1,1,1,1,1,,0,1,1,1,0,,1,1,1,1,,0,0,0,,0,0,,0,,
1607,0,0,0,0,0,0,0,0,0,0,0,0,1,0,0,0,0,1,0,0,,,,,,,,,,,,,,,,,,,,,,,,,,,,,0,,,,,,,
1608,0,0,0,0,0,0,0,0,0,1,1,1,1,1,1,0,1,0,1,0,,,,,,,,,,,,,,,,0,0,0,0,,0,1,1,0,,1,1,0,,1,0,,1,,1,
1609,0,0,0,0,0,0,0,0,1,0,0,1,1,1,0,0,1,1,1,0,,,,,,,,,,1,1,1,1,1,1,,,,,,,1,1,1,0,0,1,0,0,0,0,0,0,0,0,1
1610,0,0,0,0,0,0,0,0,0,1,1,1,1,1,1,0,1,0,1,0,,,,,,,,,,,,,,,,0,0,0,0,,0,1,1,0,,1,1,0,,1,0,,0,,1,
1611,0,0,0,0,0,0,0,0,0,1,1,1,1,1,1,0,1,0,1,0,,,,,,,,,,,,,,,,0,0,0,0,,0,1,1,0,,1,1,0,,1,0,,1,,1,
1612,0,0,0,0,0,0,0,0,0,0,0,0,0,0,0,0,0,0,0,0,,,,,,,,,,,,,,,,,,,,,,,,,,,,,,,,,,,,
1613,0,0,0,0,0,0,0,0,0,1,1,1,1,1,1,0,1,0,1,0,,,,,,,,,,,,,,,,0,0,0,0,,0,1,1,0,,1,1,0,,1,0,,0,,1,
1614,0,0,0,0,0,0,0,0,1,0,0,0,1,1,0,0,1,1,0,0,,,,,,,,,,,1,1,1,1,,,,,,,,,,,,,1,0,0,,0,0,,0,,
1615,0,0,0,0,0,0,0,0,0,1,1,1,1,1,1,0,1,0,1,0,,,,,,,,,,,,,,,,0,0,0,0,,0,1,1,0,,1,1,0,,1,0,,0,,1,
1616,0,0,0,0,0,0,0,0,0,1,1,1,1,1,1,0,1,0,1,0,,,,,,,,,,,,,,,,0,0,0,0,,0,1,1,0,,1,1,0,,1,0,,0,,1,
1617,0,1,0,0,0,0,0,0,1,1,0,0,0,0,0,0,0,1,0,0,,,,,,,,,0,,,,,0,,,,,,1,,,,,,,,,,,,,,,,
1618,0,0,0,0,0,0,0,1,1,1,0,1,1,1,0,0,1,1,0,0,0,1,0,1,1,1,0,,1,1,1,1,1,1,,0,1,1,1,0,,1,1,1,1,,0,0,0,,0,0,,0,,
1619,0,0,0,0,0,0,0,0,0,1,1,1,1,1,1,0,1,0,1,0,,,,,,,,,,,,,,,,0,0,0,0,,0,1,1,0,,1,0,0,,1,0,,1,,1,
1620,0,1,0,0,0,0,0,0,1,1,0,0,0,0,0,0,0,1,0,0,,,,,,,,,0,,,,,0,,,,,,1,,,,,,,,,,,,,,,,
1621,0,0,0,0,0,0,0,0,0,1,1,1,1,1,1,0,1,0,1,0,,,,,,,,,,,,,,,,0,0,0,0,,0,1,1,0,,1,1,0,,1,0,,1,,1,
1622,0,0,0,0,0,0,0,0,1,0,0,1,1,1,0,0,1,1,0,0,,,,,,,,,,1,1,1,1,1,,,,,,,,1,1,0,0,,1,0,0,,0,0,,0,,
1623,0,0,0,0,0,0,0,1,1,1,0,1,1,1,0,0,1,1,0,0,0,1,0,1,1,1,0,,1,1,1,1,1,1,,0,1,1,1,0,,1,1,1,1,,0,0,0,,0,0,,0,,
1624,0,0,0,0,0,0,0,0,0,0,0,1,1,1,0,0,1,1,0,0,,,,,,,,,,,,,,,,,,,,,,1,1,1,1,,1,0,0,,0,0,,0,,
1625,0,0,0,0,0,0,0,0,0,0,0,0,0,0,0,0,0,0,0,0,,,,,,,,,,,,,,,,,,,,,,,,,,,,,,,,,,,,
1626,0,0,1,0,0,0,0,0,1,1,0,1,0,0,0,1,0,1,1,0,,,,,,,,,1,1,,,,1,1,1,,,,1,1,,,,1,0,,,,,,,,,,0
1627,0,0,0,0,0,0,0,0,1,0,0,1,1,1,0,0,0,0,1,0,,,,,,,,,,0,0,0,,,0,,,,,,,1,1,,,1,0,,,1,,,1,,,
1628,0,0,0,0,0,0,0,0,0,1,0,1,1,1,0,0,1,0,0,0,,,,,,,,,,,,,,,,0,1,1,0,,,1,1,1,,,1,0,,,0,,,,,
1629,0,0,0,0,0,0,0,0,0,1,1,1,1,1,1,0,1,0,1,0,,,,,,,,,,,,,,,,0,0,0,0,,0,1,1,0,,1,1,0,,1,0,,0,,1,
1630,0,0,0,0,0,0,0,0,1,0,0,1,1,1,0,0,1,1,0,0,,,,,,,,,,1,1,1,1,1,,,,,,,,1,1,0,0,,1,0,0,,0,0,,0,,
1631,0,0,0,0,0,0,0,1,1,1,0,1,1,1,0,0,1,1,0,0,0,1,0,1,1,1,0,,1,1,1,1,1,1,,0,1,1,1,0,,1,1,1,1,,0,0,0,,0,0,,0,,
1632,0,0,0,0,0,0,0,0,0,0,0,1,1,1,0,0,1,1,0,0,,,,,,,,,,,,,,,,,,,,,,1,1,1,1,,1,0,0,,0,0,,0,,
1633,1,0,1,0,0,0,0,1,1,0,0,1,1,1,0,1,1,1,0,0,1,,1,1,1,1,0,,,1,1,1,1,0,,,,,,,,1,1,1,0,,1,1,0,,1,0,,0,,
1634,1,1,1,0,0,0,0,0,1,1,0,1,0,0,0,1,0,1,1,0,,,,,,,,,1,1,,,,1,1,1,,,,1,1,,,,1,0,,,,,,,,,,0
1635,0,0,0,0,0,0,0,0,0,0,0,1,1,1,0,0,0,0,0,0,,,,,,,,,,,,,,,,,,,,,,1,1,,,,0,,,,,,,,,
1636,0,0,0,0,0,0,0,0,0,1,0,1,1,1,0,0,1,0,0,0,,,,,,,,,,,,,,,,0,1,1,0,,,1,1,1,,,1,0,,,0,,,,,
1637,0,0,0,0,0,0,0,0,0,1,1,1,1,1,1,0,1,0,1,0,,,,,,,,,,,,,,,,0,0,0,0,,0,1,1,0,,1,1,0,,1,0,,0,,1,
1638,0,0,0,0,0,0,0,0,0,0,0,1,1,1,0,0,0,1,0,0,,,,,,,,,,,,,,,,,,,,,,1,1,,0,,0,,0,,,0,,,,
1639,0,0,0,0,0,0,0,1,1,1,0,1,1,1,0,0,1,1,0,0,0,1,0,1,1,1,0,,1,1,1,1,1,1,,0,1,1,1,0,,1,1,1,1,,0,0,0,,0,0,,0,,
1640,0,0,0,0,0,0,0,0,0,0,0,1,1,1,0,0,1,1,0,0,,,,,,,,,,,,,,,,,,,,,,1,1,1,1,,0,0,0,,0,0,,0,,
1641,1,0,1,0,0,0,0,1,1,1,0,1,1,1,0,1,1,1,0,0,1,1,1,1,1,1,0,,1,1,1,1,1,0,,0,0,0,0,0,,1,1,1,0,,1,1,0,,1,0,,0,,
1642,0,0,0,0,0,0,0,0,1,1,0,0,0,0,0,0,0,0,0,0,,,,,,,,,0,,,,,,,,,,,,,,,,,,,,,,,,,,,
1643,0,0,0,0,0,0,0,0,0,0,0,1,1,1,0,0,0,0,0,0,,,,,,,,,,,,,,,,,,,,,,1,1,,,,0,,,,,,,,,
1644,0,0,0,0,0,0,0,0,0,1,0,1,1,1,0,0,1,0,0,0,,,,,,,,,,,,,,,,0,1,1,0,,,1,1,1,,,0,0,,,0,,,,,
1645,0,0,0,0,0,0,0,0,0,1,1,1,1,1,1,0,1,0,1,0,,,,,,,,,,,,,,,,0,0,0,0,,0,1,1,0,,1,1,0,,1,0,,0,,1,
1646,0,1,0,0,0,0,0,0,1,1,0,0,0,0,0,0,0,1,0,0,,,,,,,,,0,,,,,0,,,,,,1,,,,,,,,,,,,,,,,
1647,0,0,0,0,0,0,0,1,1,1,0,1,1,1,0,0,1,1,0,0,0,1,0,1,1,1,0,,1,1,1,1,1,1,,0,1,1,1,0,,1,1,1,1,,0,0,0,,0,0,,0,,
1648,0,0,0,0,0,0,0,0,0,0,0,0,1,0,0,0,1,1,0,0,,,,,,,,,,,,,,,,,,,,,,,,,,,,0,0,,,,,0,,
1649,1,0,1,0,0,0,0,1,1,0,0,1,1,1,0,1,1,1,0,0,1,,1,1,1,1,0,,,1,1,1,1,0,,,,,,,,1,1,1,0,,1,1,0,,1,0,,0,,
1650,0,0,0,0,0,0,0,0,1,1,0,1,0,0,0,1,0,1,1,0,,,,,,,,,1,1,,,,1,1,1,,,,1,1,,,,1,0,,,,,,,,,,0
1651,0,0,0,0,0,0,0,0,0,0,0,1,1,1,0,0,0,0,0,0,,,,,,,,,,,,,,,,,,,,,,1,1,,,,0,,,,,,,,,
1652,0,0,0,0,0,0,0,0,0,1,0,1,1,1,0,0,1,0,0,0,,,,,,,,,,,,,,,,0,1,1,0,,,1,1,1,,,1,0,,,0,,,,,
1653,0,0,0,0,0,0,0,0,0,1,1,1,1,1,1,0,1,0,1,0,,,,,,,,,,,,,,,,0,0,0,0,,0,1,1,0,,1,1,0,,0,0,,0,,1,
1654,0,0,0,0,0,0,0,1,1,1,0,1,1,1,0,0,1,1,0,0,0,1,0,1,1,1,0,,1,1,1,1,1,1,,0,1,1,1,0,,1,1,1,1,,0,0,0,,0,0,,0,,
1655,0,0,0,0,0,0,0,0,0,0,0,1,1,1,0,0,1,1,0,0,,,,,,,,,,,,,,,,,,,,,,1,1,1,1,,1,0,0,,0,0,,0,,
1656,1,0,1,0,0,0,0,1,1,1,0,1,1,1,0,1,1,1,0,0,1,1,1,1,1,1,0,,1,1,1,1,1,0,,0,0,0,0,0,,1,1,1,0,,1,1,0,,1,0,,0,,
1657,0,0,0,0,0,0,0,0,0,0,0,1,0,0,0,0,0,0,0,0,,,,,,,,,,,,,,,,,,,,,,,,,,,,,,,,,,,,
1658,0,0,0,0,0,0,0,0,0,1,0,1,1,1,0,0,1,0,0,0,,,,,,,,,,,,,,,,0,1,1,0,,,1,1,1,,,0,0,,,0,,,,,
1659,0,0,0,0,0,0,0,0,0,1,1,1,1,1,1,0,1,0,1,0,,,,,,,,,,,,,,,,0,0,0,0,,0,1,1,0,,1,1,0,,0,0,,0,,1,
1660,0,0,0,0,0,0,0,1,1,1,0,1,1,1,0,0,1,1,0,0,0,1,0,1,1,1,0,,1,1,1,1,1,1,,0,1,1,1,0,,1,1,1,1,,0,0,0,,0,0,,0,,
1661,0,0,0,0,0,0,0,0,0,0,0,1,1,1,0,0,1,1,0,0,,,,,,,,,,,,,,,,,,,,,,1,1,1,1,,0,0,0,,0,0,,0,,
1662,1,0,1,0,0,0,0,1,1,0,0,1,1,1,0,1,1,1,0,0,1,,1,1,1,1,0,,,1,1,1,1,0,,,,,,,,1,1,1,0,,1,1,0,,1,0,,0,,
1663,0,0,0,0,0,0,0,0,0,1,0,1,1,1,0,0,1,0,0,0,,,,,,,,,,,,,,,,0,1,1,0,,,1,1,1,,,1,0,,,0,,,,,
1664,1,0,0,0,0,0,0,0,0,0,1,1,1,1,1,0,1,0,0,0,,,,,,,,,,,,,,,,,,,,,,1,1,0,,,1,0,,,0,,,,,
1665,0,0,0,0,0,0,0,1,1,1,0,1,1,1,0,0,1,1,0,0,0,1,0,1,1,1,0,,1,1,1,1,1,1,,0,1,1,1,0,,1,1,1,1,,0,0,0,,0,0,,0,,
1666,0,0,0,0,0,0,0,0,0,0,0,1,1,1,0,0,1,1,0,0,,,,,,,,,,,,,,,,,,,,,,1,1,1,1,,1,0,0,,0,0,,0,,
1667,1,0,1,0,0,0,0,1,1,0,0,1,1,1,0,1,1,1,0,0,1,,1,1,1,1,0,,,1,1,1,1,0,,,,,,,,1,1,1,0,,1,1,0,,1,0,,0,,
1668,0,0,0,0,0,0,0,0,0,1,0,1,1,1,0,0,1,0,0,0,,,,,,,,,,,,,,,,0,1,1,0,,,1,1,1,,,1,0,,,0,,,,,
1669,0,0,0,0,0,0,0,0,0,1,1,1,1,1,1,0,1,0,1,0,,,,,,,,,,,,,,,,0,0,0,0,,0,1,1,0,,1,1,0,,1,0,,1,,1,
1670,0,0,0,0,0,0,0,1,1,1,0,1,1,1,0,0,1,1,0,0,0,1,0,1,1,1,0,,1,1,1,1,1,1,,0,1,1,1,0,,1,1,1,1,,0,0,0,,0,0,,0,,
1671,0,0,0,0,0,0,0,0,0,0,0,1,1,1,0,0,1,1,0,0,,,,,,,,,,,,,,,,,,,,,,1,1,1,1,,1,0,0,,0,0,,0,,
1672,1,0,1,0,0,0,0,1,1,1,0,1,1,1,0,1,1,0,0,0,1,0,1,1,1,1,,,0,0,0,0,0,,,1,1,1,1,,,1,1,1,,,1,1,,,1,,,,,
1673,0,0,0,0,0,0,0,0,0,1,0,1,1,1,0,0,1,0,0,0,,,,,,,,,,,,,,,,0,1,1,0,,,1,1,1,,,1,0,,,0,,,,,
1674,0,0,0,0,0,0,0,0,0,1,1,1,1,1,0,1,1,0,1,0,,,,,,,,,,,,,,,,0,0,0,0,,0,1,1,0,,1,1,0,,1,0,,1,,1,
1675,0,0,0,0,0,0,0,1,1,1,0,1,1,1,0,0,1,1,0,0,0,1,0,1,1,1,0,,1,1,1,1,1,1,,0,1,1,1,0,,1,1,1,1,,0,0,0,,0,0,,0,,
1676,0,0,0,0,0,0,0,0,0,0,0,1,1,1,0,0,1,1,0,0,,,,,,,,,,,,,,,,,,,,,,1,1,1,1,,1,0,0,,0,0,,0,,
1677,0,0,0,0,0,0,0,0,0,0,0,0,0,0,0,0,0,0,0,0,,,,,,,,,,,,,,,,,,,,,,,,,,,,,,,,,,,,
1678,0,0,0,0,0,0,0,0,0,1,0,1,1,1,0,0,1,0,0,0,,,,,,,,,,,,,,,,0,1,1,0,,,1,1,1,,,1,0,,,0,,,,,
1679,0,0,0,0,0,0,0,0,0,0,0,1,1,1,1,0,1,0,0,0,,,,,,,,,,,,,,,,,,,,,,1,1,0,,,0,0,,,0,,,,,
1680,0,0,0,0,0,0,0,1,1,1,0,1,1,1,0,0,1,1,0,0,0,1,0,1,1,1,0,,1,1,1,1,1,1,,0,1,1,1,0,,1,1,1,1,,0,0,0,,0,0,,0,,
1681,0,0,0,0,0,0,0,0,0,0,0,1,1,1,0,0,1,1,0,0,,,,,,,,,,,,,,,,,,,,,,1,1,1,1,,1,0,0,,0,0,,0,,
1682,1,0,1,0,0,0,0,1,1,1,0,1,1,1,0,1,1,1,1,0,1,1,1,1,1,1,0,1,1,1,1,1,1,0,1,0,1,1,0,0,0,1,1,0,0,1,1,0,0,0,0,0,0,0,1,1
1683,0,0,0,0,0,0,0,0,0,1,0,1,1,1,0,0,1,0,0,0,,,,,,,,,,,,,,,,0,1,1,0,,,1,1,1,,,0,0,,,0,,,,,
1684,1,0,0,0,0,0,0,0,0,1,1,1,1,1,1,0,1,0,1,0,,,,,,,,,,,,,,,,0,0,0,0,,0,1,1,0,,1,1,0,,1,0,,0,,1,
1685,0,0,0,0,0,0,0,1,1,1,0,1,1,1,0,0,1,1,0,0,0,1,0,1,1,1,0,,1,1,1,1,1,1,,0,1,1,1,0,,1,1,1,1,,0,0,0,,0,0,,0,,
1686,0,0,0,0,0,0,0,0,0,0,0,1,1,1,0,0,1,1,0,0,,,,,,,,,,,,,,,,,,,,,,1,1,1,1,,1,0,0,,0,0,,0,,
1687,0,0,0,0,0,0,0,0,1,0,0,0,0,0,0,0,0,1,0,0,,,,,,,,,,,,,,0,,,,,,,,,,,,,,,,,,,,,,
1688,0,0,0,0,0,0,0,0,0,1,0,1,1,1,0,0,1,0,0,0,,,,,,,,,,,,,,,,0,1,1,0,,,1,1,1,,,1,0,,,0,,,,,
1689,0,0,0,0,0,0,0,1,1,1,0,1,1,1,0,0,1,1,0,0,0,1,0,1,1,1,0,,1,1,1,1,1,1,,0,1,1,1,0,,1,1,1,1,,0,0,0,,0,0,,0,,
1690,0,0,0,0,0,0,0,0,0,0,0,1,1,1,0,0,1,1,0,0,,,,,,,,,,,,,,,,,,,,,,1,1,1,1,,1,0,0,,0,0,,0,,
1691,0,0,0,0,0,0,0,0,1,0,0,0,0,0,0,0,0,1,0,0,,,,,,,,,,,,,,0,,,,,,,,,,,,,,,,,,,,,,
1692,0,0,0,0,0,0,0,0,0,1,0,1,1,1,0,0,1,0,0,0,,,,,,,,,,,,,,,,0,1,1,0,,,1,1,1,,,1,0,,,0,,,,,
1693,0,0,0,0,0,0,0,1,1,1,0,1,1,1,0,0,1,1,0,0,0,1,0,1,1,1,0,,1,1,1,1,1,1,,0,1,1,1,0,,1,1,1,1,,0,0,0,,0,0,,0,,
1694,0,0,0,0,0,0,0,0,0,0,0,1,1,1,0,0,1,1,0,0,,,,,,,,,,,,,,,,,,,,,,1,1,1,0,,1,0,0,,0,0,,0,,
1695,1,1,1,0,0,0,0,1,1,0,0,0,0,0,0,0,0,1,0,0,1,,,,,,0,,,,,,,0,,,,,,,,,,,,,,,,,,,,,,
1696,0,0,0,0,0,0,0,0,0,1,0,1,1,1,0,0,1,0,0,0,,,,,,,,,,,,,,,,0,1,1,0,,,1,1,1,,,1,0,,,0,,,,,
1697,0,0,0,0,0,0,0,1,1,1,0,1,1,1,0,0,1,1,0,0,0,1,0,1,1,1,0,,1,1,1,1,1,1,,0,1,1,1,0,,1,1,1,1,,0,0,0,,0,0,,0,,
1698,0,0,0,0,0,0,0,0,0,0,0,1,1,1,0,0,1,1,0,0,,,,,,,,,,,,,,,,,,,,,,1,1,1,1,,1,0,0,,0,0,,0,,
1699,0,0,0,0,0,0,0,0,0,0,0,0,0,0,0,0,0,0,0,0,,,,,,,,,,,,,,,,,,,,,,,,,,,,,,,,,,,,
1700,0,0,0,0,0,0,0,0,0,1,0,1,1,1,0,0,1,0,0,0,,,,,,,,,,,,,,,,0,1,1,0,,,1,1,1,,,1,0,,,0,,,,,
1701,0,0,0,0,0,0,0,1,1,1,0,1,1,1,0,0,1,1,0,0,0,1,0,1,1,1,0,,1,1,1,1,1,1,,0,1,1,1,0,,1,1,1,1,,0,0,0,,0,0,,0,,
1702,0,0,0,0,0,0,0,0,0,0,0,1,1,1,0,0,1,1,0,0,,,,,,,,,,,,,,,,,,,,,,1,1,1,1,,1,0,0,,0,0,,0,,
1703,0,0,0,0,0,0,0,1,1,1,0,1,1,1,0,0,1,1,0,0,0,1,0,1,1,1,0,,1,1,1,1,1,1,,0,1,1,1,0,,1,1,1,1,,0,0,0,,0,0,,0,,
1704,0,0,0,0,0,0,0,1,1,1,0,1,1,1,0,0,1,1,0,0,0,1,0,1,1,1,0,,1,1,1,1,1,1,,0,1,1,1,0,,1,1,1,1,,0,0,0,,0,0,,0,,
1705,0,0,0,0,0,0,0,0,0,0,0,1,1,1,0,0,1,1,0,0,,,,,,,,,,,,,,,,,,,,,,1,1,1,1,,0,0,0,,0,0,,0,,
1706,0,0,0,0,0,0,0,1,1,1,0,1,1,1,0,0,1,1,1,0,0,1,0,1,1,1,0,0,1,1,1,1,1,1,1,0,1,1,1,0,0,1,1,1,1,1,0,0,0,0,0,0,0,0,0,1
1707,0,0,0,0,0,0,0,0,0,0,0,0,1,1,0,0,0,1,0,0,,,,,,,,,,,,,,,,,,,,,,,,,,,1,,0,,,0,,,,
1708,0,0,0,0,0,0,0,0,0,0,0,0,0,0,0,0,0,0,0,0,,,,,,,,,,,,,,,,,,,,,,,,,,,,,,,,,,,,
1709,0,0,0,0,0,0,0,0,0,0,0,1,1,1,0,0,1,1,0,0,,,,,,,,,,,,,,,,,,,,,,1,1,1,1,,1,0,0,,0,0,,0,,
1710,0,0,0,0,0,0,0,0,0,0,0,0,0,0,0,0,0,0,0,0,,,,,,,,,,,,,,,,,,,,,,,,,,,,,,,,,,,,
1711,0,0,0,0,0,0,0,0,0,1,0,1,1,1,0,0,1,0,0,0,,,,,,,,,,,,,,,,0,1,1,0,,,1,1,1,,,1,0,,,0,,,,,
1712,0,0,0,0,0,0,0,0,0,0,0,1,1,1,0,0,1,1,0,0,,,,,,,,,,,,,,,,,,,,,,1,1,1,1,,1,0,0,,0,0,,0,,
1713,1,0,1,0,0,0,0,1,1,1,0,1,1,1,0,1,1,1,1,0,1,1,1,1,1,1,0,1,1,1,1,1,1,0,1,0,0,0,0,0,0,1,1,1,0,1,1,1,0,1,1,0,1,0,1,1
1714,0,0,0,0,0,0,0,0,0,1,0,1,1,1,0,0,1,0,0,0,,,,,,,,,,,,,,,,0,1,1,0,,,1,1,1,,,0,0,,,0,,,,,
1715,0,0,0,0,0,0,0,0,0,0,0,1,1,1,0,0,1,1,0,0,,,,,,,,,,,,,,,,,,,,,,1,1,1,1,,1,0,0,,0,0,,0,,
1716,0,0,0,0,0,0,0,0,0,0,0,0,0,0,0,0,0,0,0,0,,,,,,,,,,,,,,,,,,,,,,,,,,,,,,,,,,,,
1717,0,0,0,0,0,0,0,0,0,1,0,1,1,1,0,0,1,0,0,0,,,,,,,,,,,,,,,,0,1,1,0,,,1,1,1,,,0,0,,,0,,,,,
1718,0,0,0,0,0,0,0,0,0,0,0,0,1,0,0,0,0,1,0,0,,,,,,,,,,,,,,,,,,,,,,,,,,,,,0,,,,,,,
1719,0,0,0,0,0,0,0,1,0,1,0,0,0,0,0,0,0,0,0,0,,1,,,,,,,,,,,,,,,,,,,,,,,,,,,,,,,,,,
1720,0,0,0,0,0,0,0,0,0,1,0,1,1,1,0,0,1,0,0,0,,,,,,,,,,,,,,,,0,1,1,0,,,1,1,1,,,1,0,,,0,,,,,
1721,0,0,0,0,0,0,0,0,1,0,0,1,1,0,0,0,0,0,0,0,,,,,,,,,,0,1,,,,,,,,,,,1,,,,,,,,,,,,,,
1722,0,0,0,0,0,0,0,0,0,1,0,1,1,1,0,0,1,0,0,0,,,,,,,,,,,,,,,,0,1,1,0,,,1,1,1,,,1,0,,,0,,,,,
1723,0,0,0,0,0,0,0,1,0,0,0,0,0,0,0,0,0,0,0,0,,,,,,,,,,,,,,,,,,,,,,,,,,,,,,,,,,,,
1724,0,0,0,0,0,0,0,0,0,1,0,1,1,1,0,0,1,0,0,0,,,,,,,,,,,,,,,,0,1,1,0,,,1,1,1,,,1,0,,,0,,,,,
1725,0,0,0,0,0,0,0,0,0,0,0,0,0,0,0,0,0,0,0,0,,,,,,,,,,,,,,,,,,,,,,,,,,,,,,,,,,,,
1726,0,0,0,0,0,0,0,0,0,1,0,1,1,1,0,0,1,0,0,0,,,,,,,,,,,,,,,,0,1,1,0,,,1,1,1,,,1,0,,,0,,,,,
1727,0,0,0,0,0,0,0,0,1,0,0,0,0,0,0,0,0,0,0,0,,,,,,,,,,,,,,,,,,,,,,,,,,,,,,,,,,,,
1728,0,0,0,0,0,0,0,0,0,1,0,1,1,1,0,0,1,0,0,0,,,,,,,,,,,,,,,,0,1,1,0,,,1,1,1,,,1,0,,,0,,,,,
1729,0,0,0,0,0,0,0,0,1,0,0,0,0,0,0,0,0,1,0,0,,,,,,,,,,,,,,0,,,,,,,,,,,,,,,,,,,,,,
1730,0,0,0,0,0,0,0,0,0,1,0,1,1,1,0,0,1,0,0,0,,,,,,,,,,,,,,,,0,1,1,0,,,1,1,1,,,0,0,,,0,,,,,
1731,0,0,0,0,0,0,0,0,0,1,0,0,0,0,0,0,0,0,0,0,,,,,,,,,,,,,,,,,,,,,,,,,,,,,,,,,,,,
1732,0,0,0,0,0,0,0,0,0,1,0,1,1,1,0,0,1,0,0,0,,,,,,,,,,,,,,,,0,1,1,0,,,1,1,1,,,1,0,,,0,,,,,
1733,0,0,0,0,0,0,0,0,1,0,0,0,0,0,0,0,0,1,0,0,,,,,,,,,,,,,,0,,,,,,,,,,,,,,,,,,,,,,
1734,0,0,0,0,0,0,0,0,0,1,0,1,1,1,0,0,1,0,0,0,,,,,,,,,,,,,,,,0,1,1,0,,,1,1,1,,,1,0,,,0,,,,,
1735,0,0,0,0,0,0,0,0,1,0,0,0,0,0,0,0,0,1,0,0,,,,,,,,,,,,,,0,,,,,,,,,,,,,,,,,,,,,,
1736,0,0,0,0,0,0,0,0,0,1,0,1,1,1,0,0,1,0,0,0,,,,,,,,,,,,,,,,0,1,1,0,,,1,1,1,,,1,0,,,0,,,,,
1737,0,0,0,0,0,0,0,0,1,0,0,0,0,0,0,0,0,1,0,0,,,,,,,,,,,,,,0,,,,,,,,,,,,,,,,,,,,,,
1738,0,0,0,0,0,0,0,0,1,0,0,0,0,0,0,0,0,1,0,0,,,,,,,,,,,,,,0,,,,,,,,,,,,,,,,,,,,,,
1739,1,0,1,0,0,0,0,1,1,1,0,1,1,1,0,1,1,1,1,0,1,1,1,1,1,1,1,1,0,0,0,0,0,0,0,0,1,1,0,0,1,1,1,0,0,1,1,0,0,0,0,0,0,0,1,1
1740,1,0,1,0,0,0,0,1,1,1,0,1,1,1,0,1,1,1,0,0,1,1,0,1,1,1,0,,0,0,1,1,1,0,,0,1,1,1,0,,1,1,1,0,,1,1,0,,1,0,,0,,
1741,0,0,0,0,0,0,0,1,0,0,0,0,0,0,0,0,0,0,0,0,,,,,,,,,,,,,,,,,,,,,,,,,,,,,,,,,,,,
1742,0,0,0,0,0,0,0,1,0,0,0,0,0,0,0,0,0,0,0,0,,,,,,,,,,,,,,,,,,,,,,,,,,,,,,,,,,,,
1743,0,0,0,0,0,0,0,1,0,0,0,0,0,0,0,0,0,0,0,0,,,,,,,,,,,,,,,,,,,,,,,,,,,,,,,,,,,,
1744,0,0,0,0,0,0,0,1,0,0,0,0,0,0,0,0,0,0,0,0,,,,,,,,,,,,,,,,,,,,,,,,,,,,,,,,,,,,
1745,0,0,0,0,0,0,0,1,0,0,0,0,0,0,0,0,0,0,0,0,,,,,,,,,,,,,,,,,,,,,,,,,,,,,,,,,,,,
1746,0,0,0,0,0,0,0,1,0,0,0,0,0,0,0,0,0,0,0,0,,,,,,,,,,,,,,,,,,,,,,,,,,,,,,,,,,,,
1747,1,1,1,0,0,0,0,1,1,0,0,1,1,1,0,1,1,1,1,0,0,,1,1,1,1,1,0,,1,1,1,1,1,0,,,,,,,1,1,1,1,0,1,1,0,0,0,0,0,0,0,0
1748,0,0,0,0,0,0,0,0,0,0,0,0,0,0,0,0,0,0,0,0,,,,,,,,,,,,,,,,,,,,,,,,,,,,,,,,,,,,
1749,1,0,0,0,0,0,0,1,0,1,0,0,0,0,0,1,0,0,1,0,,0,,,,,,0,,,,,,,,,,,,,0,,,,,,,,,,,,,,,
1750,0,0,0,0,0,1,0,1,1,1,0,1,0,0,0,1,0,0,1,1,0,1,1,,,,,1,1,1,,,,,1,1,,,,,1,,,,,0,,,,,,,,,,
1751,0,0,0,0,0,0,0,0,0,0,0,0,0,0,0,0,0,1,0,0,,,,,,,,,,,,,,,,,,,,,,,,,,,,,,,,,,,,
1752,0,0,0,0,0,0,0,0,0,0,0,1,0,1,0,0,1,1,0,0,,,,,,,,,,,,,,,,,,,,,,,1,1,1,,,,,,0,0,,1,,
1753,0,0,0,0,0,0,0,1,1,1,0,1,0,1,1,0,1,1,1,0,1,0,1,,1,1,1,1,0,0,,0,0,0,0,1,,1,1,1,1,,1,1,1,0,,,,,1,1,0,1,0,0
1754,0,0,0,0,0,0,0,0,0,1,0,0,0,0,0,0,0,0,0,1,,,,,,,,,,,,,,,,,,,,,,,,,,,,,,,,,,,,
1755,0,0,0,0,0,0,0,0,0,0,0,0,0,0,0,0,0,0,0,0,,,,,,,,,,,,,,,,,,,,,,,,,,,,,,,,,,,,
1756,0,0,0,0,0,0,0,1,1,1,0,1,1,1,0,1,1,0,1,0,1,0,1,1,1,1,,0,0,1,1,1,1,,0,1,1,1,1,,1,1,1,1,,0,1,1,,0,1,,0,,0,
1757,0,0,0,0,0,0,0,1,0,1,0,0,0,0,0,0,0,0,0,1,,1,,,,,,,,,,,,,,,,,,,,,,,,,,,,,,,,,,
1758,0,1,0,0,0,0,0,1,1,1,1,1,1,1,0,0,1,1,1,0,0,0,0,1,1,1,0,1,1,0,1,1,1,0,1,0,1,1,1,0,1,1,1,1,1,1,0,0,0,1,0,0,1,0,1,1
1759,0,0,0,0,0,0,0,0,1,0,0,1,0,0,0,0,0,1,1,0,,,,,,,,,,0,,,,0,0,,,,,,,,,,0,0,,,,,,,,,,1
1760,0,0,0,0,0,0,0,0,0,0,0,0,0,0,0,0,0,0,0,0,,,,,,,,,,,,,,,,,,,,,,,,,,,,,,,,,,,,
1761,1,0,0,0,0,0,0,1,1,1,0,1,0,1,0,0,1,0,0,0,0,0,0,,0,0,,,1,1,,1,1,,,1,,1,1,,,,1,1,,,,,,,1,,,,,
1762,0,0,0,0,0,0,0,0,0,0,0,1,1,1,0,0,1,1,1,0,,,,,,,,,,,,,,,,,,,,,,1,1,1,1,1,1,1,1,1,1,1,1,0,1,1
1763,0,0,0,0,0,0,0,0,0,0,0,0,0,0,0,0,0,0,0,0,,,,,,,,,,,,,,,,,,,,,,,,,,,,,,,,,,,,
1764,0,0,0,0,0,0,0,1,1,0,0,1,0,1,0,0,1,0,0,0,1,,1,,1,1,,,,1,,1,1,,,,,,,,,,1,1,,,,,,,1,,,,,
1765,0,0,0,0,0,0,0,0,0,0,0,0,0,0,0,0,0,0,0,0,,,,,,,,,,,,,,,,,,,,,,,,,,,,,,,,,,,,
1766,0,0,0,0,0,0,0,0,0,1,0,1,0,1,0,0,1,0,1,0,,,,,,,,,,,,,,,,1,,1,1,,0,,1,1,,0,,,,,1,,0,,0,
1767,0,0,0,0,0,1,0,0,1,1,0,1,1,1,0,0,1,0,0,1,,,,,,,,,1,0,1,1,1,,,0,1,1,1,,,1,1,1,,,1,1,,,1,,,,,
1768,0,0,0,0,0,0,0,0,1,0,0,1,1,1,0,1,0,0,0,0,,,,,,,,,,0,0,0,,,,,,,,,,1,1,,,,1,,,,,,,,,
1769,0,0,0,0,0,0,0,0,0,0,0,0,0,0,0,0,0,0,0,0,,,,,,,,,,,,,,,,,,,,,,,,,,,,,,,,,,,,
1770,0,0,0,0,0,0,0,0,1,1,1,1,1,1,0,0,1,1,1,0,,,,,,,,,0,0,0,0,0,0,0,0,0,0,0,0,0,1,1,1,1,0,0,0,0,0,0,0,0,0,0,0
1771,0,0,0,0,1,0,0,0,1,1,1,1,1,1,0,0,1,0,1,0,,,,,,,,,1,0,0,0,0,,0,0,0,0,0,,0,1,1,0,,1,0,0,,0,0,,0,,1,
1772,0,0,0,0,0,0,0,1,0,0,0,0,0,0,0,0,0,0,0,0,,,,,,,,,,,,,,,,,,,,,,,,,,,,,,,,,,,,
1773,0,0,0,0,0,0,0,0,0,1,0,0,0,0,0,0,0,1,0,1,,,,,,,,,,,,,,,,,,,,0,,,,,,,,,,,,,,,,
1774,0,0,0,0,0,0,0,0,1,0,0,0,0,0,0,0,0,1,1,0,,,,,,,,,,,,,,1,1,,,,,,,,,,,,,,,,,,,,,1
1775,0,1,0,0,0,0,0,1,1,1,0,1,1,1,0,0,1,0,0,0,1,1,0,1,1,1,,,0,0,0,0,0,,,0,0,0,0,,,1,1,1,,,1,1,,,1,,,,,
1776,1,0,0,0,0,0,0,1,1,1,1,1,1,1,0,0,1,1,1,0,1,1,1,1,1,1,1,1,0,0,1,1,1,0,1,1,1,1,1,1,1,1,1,1,1,1,1,1,0,0,1,0,0,0,0,1
1777,1,1,1,0,0,1,1,1,1,0,0,1,1,1,0,1,1,0,1,0,1,,1,1,1,1,,1,,1,1,1,1,,1,,,,,,,1,1,1,,1,0,0,,0,0,,0,,0,
1778,1,1,0,0,0,0,0,1,1,1,1,1,1,1,0,0,1,1,1,0,1,1,1,1,1,1,1,1,1,1,1,1,1,1,1,0,0,0,0,1,0,1,1,1,1,1,0,0,1,1,0,1,1,1,1,0
1779,0,0,0,0,0,1,1,0,1,1,0,1,0,0,1,0,0,1,0,1,,,,,,,,,0,0,,,,0,,1,,,,0,,,,,0,,,,,,,,,,,
1780,0,0,0,0,0,0,0,0,1,0,0,0,0,0,0,0,0,1,0,0,,,,,,,,,,,,,,1,,,,,,,,,,,,,,,,,,,,,,
1781,0,0,0,0,0,0,0,1,1,0,0,0,0,0,0,0,0,0,0,0,1,,,,,,,,,,,,,,,,,,,,,,,,,,,,,,,,,,,
1782,0,0,0,0,0,0,1,1,1,0,0,1,1,1,1,0,1,1,1,0,0,,0,1,1,1,1,0,,0,1,1,1,1,1,,,,,,,1,1,1,1,1,0,1,0,0,1,0,0,0,0,0
1783,1,0,1,1,0,1,0,0,1,1,0,1,0,0,0,0,0,0,0,1,,,,,,,,,1,0,,,,,,0,,,,,,,,,,,,,,,,,,,,
1784,0,0,0,0,0,0,0,0,0,0,0,0,0,0,0,0,0,0,0,0,,,,,,,,,,,,,,,,,,,,,,,,,,,,,,,,,,,,
1785,0,0,0,0,0,0,0,0,1,1,0,1,0,0,1,0,0,0,0,0,,,,,,,,,1,1,,,,,,0,,,,,,,,,,,,,,,,,,,,
1786,0,0,0,0,0,0,0,0,0,0,0,0,0,0,0,0,0,0,0,0,,,,,,,,,,,,,,,,,,,,,,,,,,,,,,,,,,,,
1787,0,0,0,0,0,0,0,0,1,0,0,0,0,0,0,0,0,0,0,0,,,,,,,,,,,,,,,,,,,,,,,,,,,,,,,,,,,,
1788,0,0,0,0,0,0,0,0,0,1,0,0,1,1,0,0,0,0,1,0,,,,,,,,,,,,,,,,,0,0,,,0,,,,,,0,,,0,,,0,,,
1789,0,0,0,0,0,0,0,0,0,0,0,1,1,1,0,0,1,1,1,0,,,,,,,,,,,,,,,,,,,,,,1,1,1,0,0,1,0,0,0,0,0,0,0,0,1
1790,0,0,0,0,0,0,0,0,0,0,0,0,0,0,0,0,0,1,0,0,,,,,,,,,,,,,,,,,,,,,,,,,,,,,,,,,,,,
1791,0,0,0,0,0,0,0,0,0,0,0,0,0,0,0,0,0,0,0,0,,,,,,,,,,,,,,,,,,,,,,,,,,,,,,,,,,,,
1792,0,0,0,0,0,0,0,0,0,1,0,1,0,1,0,0,1,0,0,0,,,,,,,,,,,,,,,,1,,1,1,,,,1,0,,,,,,,0,,,,,
1793,1,0,0,0,0,0,0,1,1,1,1,1,1,1,0,1,1,1,1,0,1,0,1,1,1,1,1,0,0,1,1,1,1,1,0,1,1,1,1,1,0,1,1,1,1,0,1,1,0,0,1,0,0,0,0,0
1794,0,0,0,0,0,0,0,0,1,1,0,0,0,0,0,0,0,0,0,0,,,,,,,,,0,,,,,,,,,,,,,,,,,,,,,,,,,,,
1795,0,0,0,0,0,0,0,0,0,0,0,0,0,0,0,0,0,1,0,0,,,,,,,,,,,,,,,,,,,,,,,,,,,,,,,,,,,,
1796,0,0,0,0,0,0,0,0,0,1,0,1,0,1,0,0,1,0,0,0,,,,,,,,,,,,,,,,0,,1,1,,,,1,1,,,,,,,0,,,,,
1797,0,0,0,0,0,0,0,0,0,0,0,0,0,0,0,0,0,1,0,0,,,,,,,,,,,,,,,,,,,,,,,,,,,,,,,,,,,,
1798,0,0,0,0,0,0,0,0,0,0,0,0,0,0,0,0,0,1,0,0,,,,,,,,,,,,,,,,,,,,,,,,,,,,,,,,,,,,
1799,0,0,0,0,0,0,0,1,1,1,0,1,1,1,0,1,1,0,0,0,1,0,1,1,1,1,,,0,1,1,1,1,,,1,1,1,1,,,1,1,1,,,1,1,,,1,,,,,
1800,0,0,0,0,0,0,0,1,1,1,0,0,0,0,0,0,0,0,0,1,1,1,,,,,,,0,,,,,,,,,,,,,,,,,,,,,,,,,,,
1801,0,0,0,0,0,1,0,1,1,1,0,1,0,0,0,1,0,0,0,1,0,1,1,,,,,,1,1,,,,,,1,,,,,,,,,,,,,,,,,,,,
1802,0,0,0,0,0,0,0,0,0,0,0,0,0,0,0,0,0,0,0,0,,,,,,,,,,,,,,,,,,,,,,,,,,,,,,,,,,,,
1803,1,0,0,0,0,0,0,1,1,1,0,1,0,1,0,0,1,0,0,0,0,0,0,,0,0,,,1,1,,1,1,,,1,,1,1,,,,1,1,,,,,,,1,,,,,
1804,0,0,0,0,0,0,0,0,0,0,0,1,1,1,0,0,1,1,0,0,,,,,,,,,,,,,,,,,,,,,,1,1,1,1,,1,0,0,,0,0,,0,,
1805,0,0,0,0,0,0,0,0,0,0,0,0,0,0,0,0,0,0,0,0,,,,,,,,,,,,,,,,,,,,,,,,,,,,,,,,,,,,
1806,0,0,0,0,0,0,0,0,0,0,0,0,0,0,0,0,0,0,0,0,,,,,,,,,,,,,,,,,,,,,,,,,,,,,,,,,,,,
1807,0,0,0,0,0,0,0,0,1,1,0,1,1,1,1,1,0,1,0,0,,,,,,,,,0,0,0,0,,0,,1,1,1,,1,,1,1,,1,,0,,1,,,1,,,,
1808,0,0,0,0,0,0,0,0,1,1,0,1,1,0,0,0,0,1,0,1,,,,,,,,,0,0,0,,,0,,0,1,,,0,,1,,,1,,,,0,,,,,,,
1809,0,0,0,0,0,1,0,0,1,1,0,1,1,1,0,0,1,1,0,0,,,,,,,,,1,0,1,1,1,1,,0,1,1,1,1,,1,1,1,1,,1,1,1,,0,1,,1,,
1810,0,0,0,0,0,0,0,0,0,0,0,1,1,1,0,0,1,0,0,0,,,,,,,,,,,,,,,,,,,,,,1,1,1,,,1,0,,,0,,,,,
1811,0,0,0,0,0,0,0,0,0,0,0,0,0,0,0,0,0,0,0,0,,,,,,,,,,,,,,,,,,,,,,,,,,,,,,,,,,,,
1812,0,0,0,0,0,0,0,0,0,0,0,0,0,0,0,0,0,0,0,1,,,,,,,,,,,,,,,,,,,,,,,,,,,,,,,,,,,,
1813,0,0,0,0,0,0,0,1,0,0,0,0,0,0,0,0,0,1,0,0,,,,,,,0,,,,,,,,,,,,,,,,,,,,,,,,,,,,,
1814,0,0,0,0,0,0,0,0,1,1,0,1,0,0,0,0,0,0,1,1,,,,,,,,,1,0,,,,,0,0,,,,,0,,,,,1,,,,,,,,,,
1815,1,0,0,0,0,0,0,1,1,1,1,1,1,1,0,1,1,1,1,0,1,1,1,1,1,1,1,1,0,0,1,1,1,0,1,1,1,1,1,1,1,1,1,1,1,1,1,1,0,0,1,0,0,0,0,1
1816,1,1,1,0,0,1,1,1,1,0,0,1,1,1,0,1,1,1,1,0,1,,1,1,1,1,1,1,,1,1,1,1,1,1,,,,,,,1,1,1,1,1,1,1,1,0,0,1,0,1,0,0
1817,0,0,0,0,0,0,0,0,0,0,0,0,0,0,0,0,0,0,0,0,,,,,,,,,,,,,,,,,,,,,,,,,,,,,,,,,,,,
1818,0,1,0,0,0,1,1,1,1,1,0,1,1,1,1,0,1,1,1,1,0,0,0,0,0,0,0,1,1,0,1,0,1,0,1,0,1,0,1,0,1,1,1,1,0,1,0,1,0,1,1,0,1,0,1,1
1819,1,0,0,0,0,0,0,1,1,1,1,1,1,1,0,0,1,1,1,0,0,0,1,1,1,1,1,0,0,1,1,1,1,1,0,1,1,1,1,1,1,1,1,1,1,0,0,0,0,0,0,0,0,0,0,0
1820,0,0,0,0,0,0,0,0,0,0,0,0,0,0,0,0,0,0,0,0,,,,,,,,,,,,,,,,,,,,,,,,,,,,,,,,,,,,
1821,0,0,0,0,0,0,0,0,0,0,0,0,0,0,0,0,0,0,0,0,,,,,,,,,,,,,,,,,,,,,,,,,,,,,,,,,,,,
1822,0,0,0,0,0,0,0,0,0,0,0,0,0,0,0,0,0,0,0,0,,,,,,,,,,,,,,,,,,,,,,,,,,,,,,,,,,,,
1823,0,0,0,0,0,0,0,0,1,0,0,1,0,1,0,0,0,0,0,0,,,,,,,,,,0,,0,,,,,,,,,,,1,,,,,,,,,,,,,
1824,0,0,0,0,0,0,0,0,0,0,0,1,1,1,0,0,1,1,1,0,,,,,,,,,,,,,,,,,,,,,,1,1,1,0,0,1,0,0,0,0,0,0,0,0,1
1825,0,0,0,0,0,0,0,0,1,1,0,1,1,1,0,0,1,1,1,0,,,,,,,,,1,1,1,1,1,1,1,0,1,1,1,0,0,1,1,1,0,0,0,1,0,0,1,0,0,0,0,1
1826,0,0,0,0,0,0,0,0,0,1,0,0,0,1,0,0,1,0,0,0,,,,,,,,,,,,,,,,,,1,1,,,,,,,,,,,,0,,,,,
1827,1,0,0,0,0,0,0,1,1,1,1,1,1,1,0,1,1,1,1,0,1,0,1,1,1,1,1,0,0,1,1,1,1,1,0,1,1,1,1,1,0,1,1,1,1,0,1,1,0,0,1,0,0,0,0,0
1828,0,0,0,0,0,0,0,0,0,1,0,1,0,1,0,0,1,0,0,0,,,,,,,,,,,,,,,,0,,1,1,,,,1,1,,,,,,,0,,,,,
1829,0,0,0,0,0,0,0,0,0,0,0,0,0,0,0,0,0,1,0,0,,,,,,,,,,,,,,,,,,,,,,,,,,,,,,,,,,,,
1830,0,0,0,0,0,0,0,0,0,0,0,0,0,0,0,0,0,0,0,0,,,,,,,,,,,,,,,,,,,,,,,,,,,,,,,,,,,,
1831,0,0,0,0,0,0,0,1,1,1,0,1,1,1,0,1,1,1,0,0,1,0,1,1,1,1,1,,0,1,1,1,1,1,,1,1,1,1,1,,1,1,1,1,,1,1,1,,1,1,,1,,
1832,1,0,0,0,0,0,0,1,1,1,0,1,0,1,0,0,1,0,0,0,0,0,0,,0,0,,,1,1,,1,1,,,1,,1,1,,,,1,1,,,,,,,1,,,,,
1833,0,0,0,0,0,0,0,0,0,0,0,0,0,0,0,0,0,1,0,0,,,,,,,,,,,,,,,,,,,,,,,,,,,,,,,,,,,,
1834,0,0,0,0,0,0,0,0,0,0,0,0,0,0,0,0,0,0,0,0,,,,,,,,,,,,,,,,,,,,,,,,,,,,,,,,,,,,
1835,0,0,0,0,0,0,0,0,0,0,0,0,0,0,0,0,0,0,0,0,,,,,,,,,,,,,,,,,,,,,,,,,,,,,,,,,,,,
1836,0,0,0,0,0,0,0,0,0,0,0,0,0,0,0,0,0,0,0,0,,,,,,,,,,,,,,,,,,,,,,,,,,,,,,,,,,,,
1837,0,0,0,0,0,0,0,0,0,1,0,1,0,1,0,0,0,0,1,0,,,,,,,,,,,,,,,,1,,1,,,1,,1,,,0,,,,,,,0,,,
1838,0,0,0,0,0,1,0,0,1,1,0,1,1,1,0,0,1,1,0,0,,,,,,,,,1,0,1,1,1,1,,0,1,1,1,1,,1,1,1,1,,1,1,1,,1,1,,1,,
1839,0,0,0,0,0,0,0,0,0,0,0,1,1,1,0,0,1,0,0,0,,,,,,,,,,,,,,,,,,,,,,1,1,1,,,1,0,,,0,,,,,
1840,0,0,0,0,0,0,0,0,0,0,0,0,0,0,0,0,0,0,0,0,,,,,,,,,,,,,,,,,,,,,,,,,,,,,,,,,,,,
1841,0,0,0,0,0,0,0,0,1,1,1,1,1,1,0,0,1,1,1,0,,,,,,,,,0,0,0,0,0,0,0,0,0,0,0,0,0,1,1,1,1,0,0,0,0,0,0,0,0,0,0,0
1842,0,0,0,0,0,0,0,0,1,0,0,0,0,0,0,0,0,1,0,0,,,,,,,,,,,,,,0,,,,,,,,,,,,,,,,,,,,,,
1843,1,0,0,0,0,0,0,1,1,1,1,1,1,1,0,0,1,1,1,0,1,1,1,1,1,1,1,1,0,0,1,1,1,0,1,1,1,1,1,1,1,1,1,1,1,1,1,1,0,0,1,0,0,0,0,1
1844,0,1,0,0,0,0,0,0,1,0,0,1,1,1,0,1,1,0,1,0,,,,,,,,,,1,1,1,1,,1,,,,,,,1,1,1,,0,1,0,,0,0,,0,,0,
1845,0,0,0,0,0,0,0,1,1,1,0,1,1,1,0,0,1,1,1,0,1,1,1,1,0,1,1,0,0,0,0,0,0,0,0,0,0,0,0,0,0,1,0,1,1,0,0,0,0,0,1,1,0,0,0,0
1846,0,0,0,0,0,1,1,0,1,1,0,1,0,0,1,0,0,1,0,0,,,,,,,,,0,0,,,,0,,1,,,,0,,,,,0,,,,,,,,,,,
1847,1,0,0,0,0,0,0,1,1,1,0,1,1,0,0,0,0,1,0,0,1,0,1,1,,,1,,0,0,0,,,0,,1,1,,,1,,0,,,1,,,,1,,,,,,,
1848,0,0,0,0,0,0,0,0,0,0,0,0,0,0,0,0,0,0,0,0,,,,,,,,,,,,,,,,,,,,,,,,,,,,,,,,,,,,
1849,0,0,0,0,0,0,0,0,0,1,0,1,0,0,0,0,0,0,1,1,,,,,,,,,,,,,,,,0,,,,,0,,,,,1,,,,,,,,,,
1850,0,0,0,0,0,0,0,0,1,0,0,0,0,0,0,0,0,0,0,0,,,,,,,,,,,,,,,,,,,,,,,,,,,,,,,,,,,,
1851,0,0,0,0,0,0,0,0,0,0,0,0,0,0,0,0,0,0,0,0,,,,,,,,,,,,,,,,,,,,,,,,,,,,,,,,,,,,
1852,0,0,0,0,0,0,0,1,0,0,0,1,1,1,0,0,1,1,1,0,,,1,1,1,1,0,1,,,,,,,,,,,,,,1,1,1,0,0,1,0,0,0,0,0,0,0,0,1
1853,0,0,0,0,0,0,0,0,0,0,0,0,0,0,0,0,0,0,0,0,,,,,,,,,,,,,,,,,,,,,,,,,,,,,,,,,,,,
1854,1,0,0,0,0,0,0,1,0,1,0,0,0,0,0,1,0,0,1,0,,0,,,,,,0,,,,,,,,,,,,,0,,,,,,,,,,,,,,,
1855,1,1,1,0,0,0,0,1,1,1,0,1,1,1,0,0,1,1,0,0,0,1,0,1,1,0,0,,1,0,1,1,0,0,,0,1,1,0,0,,1,1,1,1,,1,0,0,,0,0,,1,,
1856,0,0,0,0,0,0,1,0,0,1,0,0,0,0,0,1,0,1,0,0,,,,,,,,,,,,,,,,,,,,0,,,,,,,,,,,,,,,,
1857,0,0,0,0,0,0,0,0,0,0,0,0,0,0,0,0,0,0,0,0,,,,,,,,,,,,,,,,,,,,,,,,,,,,,,,,,,,,
1858,1,0,0,0,0,0,0,1,1,1,0,1,0,1,0,0,1,0,0,0,0,0,0,,0,0,,,1,1,,1,1,,,1,,1,1,,,,1,1,,,,,,,1,,,,,
1859,0,0,0,0,0,0,0,0,0,0,0,0,0,0,0,0,0,0,0,0,,,,,,,,,,,,,,,,,,,,,,,,,,,,,,,,,,,,
1860,0,0,0,0,0,0,0,0,0,0,0,0,0,0,0,0,0,0,0,0,,,,,,,,,,,,,,,,,,,,,,,,,,,,,,,,,,,,
1861,0,0,0,0,0,0,0,0,0,0,0,0,0,0,0,0,0,0,0,0,,,,,,,,,,,,,,,,,,,,,,,,,,,,,,,,,,,,
1862,0,0,0,0,0,0,0,0,0,0,0,0,0,0,0,0,0,0,0,0,,,,,,,,,,,,,,,,,,,,,,,,,,,,,,,,,,,,
1863,0,0,0,0,0,0,0,0,1,1,0,1,0,1,0,0,1,1,1,0,,,,,,,,,0,1,,1,1,1,1,1,,1,1,1,1,,1,1,1,1,,,,,0,0,0,0,0,1
1864,0,0,0,0,0,1,0,1,1,1,0,1,1,1,0,0,1,1,0,0,1,1,1,1,1,1,1,,1,0,1,1,1,1,,0,1,1,1,1,,1,1,1,1,,1,1,1,,0,1,,1,,
1865,0,0,0,0,0,0,0,0,0,0,0,1,1,1,0,0,1,0,0,0,,,,,,,,,,,,,,,,,,,,,,1,1,1,,,0,0,,,0,,,,,
1866,0,0,0,0,0,0,0,0,0,0,0,1,1,1,0,0,1,1,0,0,,,,,,,,,,,,,,,,,,,,,,1,1,1,1,,0,0,0,,0,0,,0,,
1867,0,0,0,0,0,0,0,0,1,1,1,1,1,1,0,0,1,1,1,0,,,,,,,,,0,0,0,0,0,0,0,0,0,0,0,0,0,1,1,1,1,0,0,0,0,0,0,0,0,0,0,0
1868,0,0,0,0,0,1,0,1,1,1,0,1,0,0,0,1,0,0,0,1,0,1,1,,,,,,1,1,,,,,,1,,,,,,,,,,,,,,,,,,,,
1869,1,0,0,0,0,0,0,1,1,1,1,1,1,1,0,1,1,1,1,0,1,1,1,1,1,1,1,1,0,0,1,1,1,0,1,1,1,1,1,1,1,1,1,1,1,1,1,1,0,0,1,0,0,0,0,1
1870,1,1,1,0,0,1,1,1,1,0,0,1,1,1,0,1,1,0,1,0,1,,1,1,1,1,,1,,1,1,1,1,,1,,,,,,,1,1,1,,1,1,0,,0,0,,0,,0,
1871,0,0,0,0,0,0,0,1,0,1,0,0,0,0,0,0,0,0,0,0,,0,,,,,,,,,,,,,,,,,,,,,,,,,,,,,,,,,,
1872,0,1,0,0,0,1,1,1,1,1,0,1,1,1,1,0,1,1,0,0,1,1,1,1,1,1,1,,0,0,1,0,1,0,,0,1,1,1,0,,1,1,1,0,,0,1,0,,1,0,,0,,
1873,0,1,0,0,0,0,0,1,1,1,0,1,1,0,0,1,1,0,0,0,1,0,0,0,,0,,,0,0,0,,0,,,0,0,,1,,,0,,1,,,,1,,,,,,,,
1874,0,0,0,0,0,0,0,0,0,0,0,0,0,0,0,0,0,0,0,0,,,,,,,,,,,,,,,,,,,,,,,,,,,,,,,,,,,,
1875,0,0,0,0,0,0,0,0,1,1,0,1,1,1,1,1,0,1,0,1,,,,,,,,,1,1,1,1,,1,,0,1,1,,1,,1,1,,1,,0,,1,,,1,,,,
1876,0,0,0,0,0,0,0,0,1,0,0,1,0,1,0,0,0,0,0,0,,,,,,,,,,0,,0,,,,,,,,,,,1,,,,,,,,,,,,,
1877,0,0,0,0,0,0,0,0,0,0,0,1,1,1,0,0,1,1,1,0,,,,,,,,,,,,,,,,,,,,,,1,1,1,0,0,1,0,0,0,0,0,0,0,0,1
1878,0,0,0,0,0,0,0,1,0,0,0,1,0,0,0,0,0,0,0,0,,,1,,,,,,,,,,,,,,,,,,,,,,,,,,,,,,,,,
1879,1,1,1,0,0,0,0,1,1,1,0,1,1,1,0,0,1,1,0,0,0,1,0,1,1,0,0,,1,0,1,1,0,0,,0,0,1,0,0,,1,1,1,1,,1,0,0,,0,0,,1,,
1880,0,0,0,0,0,0,0,0,0,1,0,0,0,0,0,0,0,0,0,1,,,,,,,,,,,,,,,,,,,,,,,,,,,,,,,,,,,,
1881,0,0,0,0,0,0,0,0,0,0,0,0,0,0,0,0,0,0,0,0,,,,,,,,,,,,,,,,,,,,,,,,,,,,,,,,,,,,
1882,0,0,0,0,0,0,0,0,0,1,0,0,0,0,0,0,0,1,0,1,,,,,,,,,,,,,,,,,,,,0,,,,,,,,,,,,,,,,
1883,0,0,0,0,0,0,0,0,1,0,0,0,0,0,0,0,0,1,0,0,,,,,,,,,,,,,,1,,,,,,,,,,,,,,,,,,,,,,
1884,0,0,0,0,0,0,0,1,1,0,0,1,0,1,0,0,1,0,0,0,1,,1,,1,1,,,,1,,1,1,,,,,,,,,,1,0,,,,,,,0,,,,,
1885,0,0,0,0,0,0,0,0,1,1,0,1,1,1,1,1,0,1,0,0,,,,,,,,,0,0,0,0,,0,,1,1,1,,1,,1,1,,1,,0,,1,,,1,,,,
1886,0,0,0,0,0,1,0,0,1,1,0,1,1,1,0,0,1,1,0,0,,,,,,,,,1,0,1,1,1,1,,0,1,1,1,1,,1,1,1,1,,1,1,1,,0,1,,1,,
1887,0,0,0,0,0,0,0,0,0,0,0,1,1,1,0,0,1,0,0,0,,,,,,,,,,,,,,,,,,,,,,1,1,1,,,1,0,,,0,,,,,
1888,0,0,0,0,0,0,0,0,0,0,0,0,0,0,0,0,0,0,0,0,,,,,,,,,,,,,,,,,,,,,,,,,,,,,,,,,,,,
1889,0,0,0,0,0,0,0,0,1,1,1,1,1,1,0,0,1,1,1,0,,,,,,,,,0,0,0,0,0,0,0,0,0,0,0,0,0,1,1,1,1,0,0,0,0,0,0,0,0,0,0,0
1890,0,0,0,0,0,0,0,1,0,0,0,0,0,0,0,0,0,0,0,0,,,,,,,,,,,,,,,,,,,,,,,,,,,,,,,,,,,,
1891,1,0,0,0,0,0,0,1,1,1,1,1,1,1,0,1,1,1,1,0,1,1,1,1,1,1,1,1,0,0,1,1,1,0,1,1,1,1,1,1,1,1,1,1,1,1,1,1,0,0,1,0,0,0,0,1
1892,1,1,1,0,0,1,1,1,1,0,0,1,1,1,0,1,1,1,1,0,0,,0,0,1,1,0,1,,0,0,1,1,0,1,,,,,,,1,1,1,0,1,1,1,0,1,0,0,0,0,0,1
1893,0,0,0,0,0,0,0,1,1,1,0,1,1,1,0,0,1,1,1,0,1,1,1,1,0,1,1,0,0,0,0,0,0,0,0,0,0,0,0,0,0,1,0,1,1,0,0,0,0,0,1,1,0,0,0,0
1894,0,1,0,0,0,1,1,1,1,1,0,1,1,1,1,0,1,1,1,0,0,0,0,0,0,0,0,1,0,0,1,0,1,0,1,0,1,1,1,1,1,1,1,1,1,1,0,1,0,1,1,0,1,0,1,1
1895,0,1,0,0,0,0,0,1,1,1,0,1,1,0,0,1,1,0,0,0,1,0,0,0,,0,,,0,0,0,,0,,,0,0,,1,,,0,,1,,,,1,,,,,,,,
1896,0,0,0,0,0,0,0,0,0,0,0,0,0,0,0,0,0,0,0,0,,,,,,,,,,,,,,,,,,,,,,,,,,,,,,,,,,,,
1897,0,0,0,0,0,0,0,0,1,1,0,1,1,1,1,0,1,1,1,0,,,,,,,,,1,1,1,1,1,1,1,0,1,1,1,1,1,1,1,1,1,1,0,0,1,0,0,1,0,1,0,0
1898,0,0,0,0,0,0,0,0,0,0,0,0,0,0,0,0,0,0,0,0,,,,,,,,,,,,,,,,,,,,,,,,,,,,,,,,,,,,
1899,0,0,0,0,0,0,0,0,0,0,0,1,1,1,0,0,1,1,1,0,,,,,,,,,,,,,,,,,,,,,,1,1,1,0,0,1,0,0,0,0,0,0,0,0,1
1900,1,0,0,0,0,0,0,1,1,1,1,1,1,1,0,1,1,1,1,0,1,0,1,1,1,1,1,0,0,1,1,1,1,1,0,1,1,1,1,1,0,1,1,1,1,0,1,1,0,0,1,0,0,0,0,0
1901,0,0,0,0,0,0,0,0,0,0,0,0,0,0,0,0,0,0,0,0,,,,,,,,,,,,,,,,,,,,,,,,,,,,,,,,,,,,
1902,0,0,0,0,0,0,0,0,0,1,0,0,0,0,0,0,0,1,1,1,,,,,,,,,,,,,,,,,,,,0,0,,,,,,,,,,,,,,,1
1903,0,0,0,0,0,0,0,0,0,0,0,0,0,0,0,0,0,0,0,0,,,,,,,,,,,,,,,,,,,,,,,,,,,,,,,,,,,,
1904,0,0,0,0,0,0,0,0,1,1,0,1,1,1,0,0,1,1,0,1,,,,,,,,,0,0,0,0,0,0,,0,1,1,1,0,,1,1,1,1,,1,1,0,,1,0,,0,,
1905,0,0,0,0,0,0,0,1,0,0,0,0,0,0,0,0,0,1,0,0,,,,,,,1,,,,,,,,,,,,,,,,,,,,,,,,,,,,,
1906,0,0,0,0,0,0,0,0,0,0,0,0,0,0,0,0,0,0,0,0,,,,,,,,,,,,,,,,,,,,,,,,,,,,,,,,,,,,
1907,0,0,0,0,0,0,0,0,0,0,0,0,0,0,0,0,0,0,0,0,,,,,,,,,,,,,,,,,,,,,,,,,,,,,,,,,,,,
1908,0,0,0,0,0,1,0,0,1,1,0,1,1,1,0,0,1,1,1,0,,,,,,,,,1,0,1,1,1,1,1,0,1,1,1,1,1,1,1,1,1,1,1,1,1,1,0,1,1,1,1,1
1909,0,0,0,0,0,0,0,0,0,0,0,1,1,1,0,0,1,0,0,0,,,,,,,,,,,,,,,,,,,,,,1,1,1,,,0,0,,,0,,,,,
1910,0,0,0,0,0,0,0,0,0,0,0,1,1,1,0,0,1,1,0,0,,,,,,,,,,,,,,,,,,,,,,1,1,1,1,,0,0,0,,0,0,,0,,
1911,0,0,0,0,0,0,0,0,0,0,0,0,0,0,0,0,0,0,0,0,,,,,,,,,,,,,,,,,,,,,,,,,,,,,,,,,,,,
1912,1,0,0,0,0,0,0,1,1,1,1,1,1,1,0,1,1,1,1,0,1,1,1,1,1,1,1,1,0,0,1,1,1,0,1,1,1,1,1,1,1,1,1,1,1,1,1,1,0,0,1,0,0,0,0,1
1913,1,1,1,0,0,1,1,1,1,0,0,1,1,1,0,1,1,1,1,0,1,,1,1,1,1,1,1,,1,1,1,1,1,1,,,,,,,1,1,1,1,1,1,0,1,0,0,1,0,1,0,0
1914,0,1,0,0,0,1,1,1,1,1,0,1,1,1,1,0,1,1,1,0,0,0,0,0,0,0,0,1,0,0,1,0,1,0,1,0,1,1,1,1,1,1,1,1,1,1,0,1,0,1,1,0,1,0,1,1
1915,0,0,0,0,0,0,0,1,1,1,0,1,1,0,0,1,0,0,0,0,1,0,0,0,,,,,0,0,0,,,,,0,0,,,,,0,,,,,,,,,,,,,,
1916,0,0,0,0,0,0,0,0,0,0,0,0,0,0,0,0,0,0,0,0,,,,,,,,,,,,,,,,,,,,,,,,,,,,,,,,,,,,
1917,0,0,0,0,0,0,0,0,1,1,0,1,1,1,0,1,0,1,0,1,,,,,,,,,1,1,1,1,,1,,0,1,1,,1,,1,1,,1,,0,,1,,,1,,,,
1918,0,0,0,0,0,0,0,0,1,0,0,1,0,1,0,0,0,0,0,0,,,,,,,,,,0,,0,,,,,,,,,,,1,,,,,,,,,,,,,
1919,0,0,0,0,0,0,0,0,0,0,0,0,0,0,0,0,0,0,0,0,,,,,,,,,,,,,,,,,,,,,,,,,,,,,,,,,,,,
1920,1,0,0,0,0,0,0,1,1,1,0,1,1,1,0,1,1,1,0,0,1,0,1,1,1,1,1,,0,0,0,0,0,0,,1,1,1,1,1,,1,1,1,1,,0,0,0,,1,0,,0,,
1921,0,0,0,0,0,0,0,1,0,1,0,0,0,0,0,0,0,1,0,0,,1,,,,,0,,,,,,,,,,,,,0,,,,,,,,,,,,,,,,
1922,1,0,0,0,0,0,0,1,1,0,0,1,1,1,0,0,0,1,0,0,1,,0,1,1,,0,,,0,0,0,,0,,,,,,,,1,1,,1,,1,,0,,,0,,,,
1923,0,0,0,0,0,0,0,0,0,0,0,0,0,0,0,0,0,0,0,0,,,,,,,,,,,,,,,,,,,,,,,,,,,,,,,,,,,,
1924,0,0,0,0,0,0,0,0,0,0,0,0,0,0,0,0,0,1,0,0,,,,,,,,,,,,,,,,,,,,,,,,,,,,,,,,,,,,
1925,0,0,0,0,0,0,0,0,0,0,0,0,0,0,0,0,0,1,0,0,,,,,,,,,,,,,,,,,,,,,,,,,,,,,,,,,,,,
1926,0,0,0,0,0,0,0,0,0,0,0,0,0,0,0,0,0,0,0,0,,,,,,,,,,,,,,,,,,,,,,,,,,,,,,,,,,,,
1927,0,0,0,0,0,0,0,0,0,0,0,0,0,0,0,0,0,0,0,0,,,,,,,,,,,,,,,,,,,,,,,,,,,,,,,,,,,,
1928,0,0,0,0,0,0,0,0,1,1,0,1,1,1,0,0,1,0,0,0,,,,,,,,,1,0,1,1,1,,,0,1,1,1,,,1,1,1,,,1,1,,,1,,,,,
1929,0,0,0,0,0,0,0,0,1,0,0,1,1,1,0,1,0,0,0,0,,,,,,,,,,0,0,0,,,,,,,,,,1,1,,,,1,,,,,,,,,
1930,0,0,0,0,0,0,0,0,0,0,0,0,0,0,0,0,0,1,0,0,,,,,,,,,,,,,,,,,,,,,,,,,,,,,,,,,,,,
1931,0,0,0,0,0,0,0,0,1,1,0,1,1,1,1,0,1,1,0,0,,,,,,,,,0,0,0,0,0,0,,0,1,1,1,0,,1,1,1,0,,1,1,0,,1,0,,0,,
1932,1,0,1,1,0,1,0,1,1,1,0,1,0,0,0,0,0,1,0,1,0,1,0,,,,1,,1,1,,,,1,,0,,,,1,,,,,1,,,,,,,,,,,
1933,0,0,0,0,0,0,0,0,0,0,0,0,0,0,0,0,0,0,0,0,,,,,,,,,,,,,,,,,,,,,,,,,,,,,,,,,,,,
1934,0,0,0,0,0,0,0,0,1,1,0,1,1,1,1,0,1,0,1,0,,,,,,,,,1,1,1,1,1,,1,0,1,1,1,,1,1,1,1,,1,0,0,,0,0,,0,,0,
1935,0,0,0,0,0,0,0,0,1,0,0,1,0,1,0,0,0,0,0,0,,,,,,,,,,0,,0,,,,,,,,,,,1,,,,,,,,,,,,,
1936,0,0,0,0,0,0,0,0,0,0,0,0,0,0,0,0,0,0,0,0,,,,,,,,,,,,,,,,,,,,,,,,,,,,,,,,,,,,
1937,1,0,0,0,0,0,0,1,1,1,1,1,1,1,0,1,0,1,1,1,1,0,1,1,1,,1,0,0,1,1,1,,1,0,1,1,1,,1,0,1,1,,1,0,0,,0,0,,0,0,,,0
1938,1,1,1,0,0,0,0,1,1,1,0,1,1,1,0,0,1,1,0,0,0,1,0,1,1,0,0,,1,0,1,1,0,0,,0,0,1,0,0,,1,1,1,1,,1,0,0,,0,0,,1,,
1939,0,0,0,0,0,0,0,0,0,0,0,1,1,1,0,1,1,1,0,0,,,,,,,,,,,,,,,,,,,,,,1,1,1,1,,1,1,0,,1,0,,0,,
1940,0,0,0,0,0,0,0,0,0,0,0,0,0,0,0,0,0,1,0,0,,,,,,,,,,,,,,,,,,,,,,,,,,,,,,,,,,,,
1941,0,0,0,0,0,0,0,0,0,1,0,1,1,1,0,0,0,1,0,1,,,,,,,,,,,,,,,,0,0,0,,0,,1,1,,1,,0,,0,,,0,,,,
1942,0,0,0,0,0,0,0,1,0,0,0,0,0,0,0,0,0,1,0,0,,,,,,,1,,,,,,,,,,,,,,,,,,,,,,,,,,,,,
1943,0,0,0,0,0,0,0,0,0,0,0,0,0,0,0,0,0,0,0,0,,,,,,,,,,,,,,,,,,,,,,,,,,,,,,,,,,,,
1944,0,0,0,0,0,0,0,0,0,0,0,0,0,0,0,0,0,0,0,0,,,,,,,,,,,,,,,,,,,,,,,,,,,,,,,,,,,,
1945,0,0,0,0,0,0,0,0,0,0,0,1,1,1,0,0,1,0,0,0,,,,,,,,,,,,,,,,,,,,,,1,1,1,,,1,0,,,0,,,,,
1946,0,0,0,0,0,0,0,0,0,0,0,0,0,0,0,0,0,1,0,0,,,,,,,,,,,,,,,,,,,,,,,,,,,,,,,,,,,,
1947,0,0,0,0,0,1,1,0,1,1,0,1,0,0,1,0,0,1,0,0,,,,,,,,,0,0,,,,0,,1,,,,0,,,,,0,,,,,,,,,,,
1948,0,0,0,0,0,0,0,0,0,0,0,0,0,0,0,0,0,0,0,0,,,,,,,,,,,,,,,,,,,,,,,,,,,,,,,,,,,,
1949,0,0,0,0,0,0,0,0,1,1,0,0,0,0,0,0,0,1,1,1,,,,,,,,,1,,,,,1,1,,,,,1,0,,,,,,,,,,,,,,,0
1950,0,0,0,0,0,0,0,0,1,0,0,1,0,1,0,0,0,0,0,0,,,,,,,,,,0,,0,,,,,,,,,,,1,,,,,,,,,,,,,
1951,0,0,0,0,0,0,0,0,0,0,0,0,0,0,0,0,0,0,0,0,,,,,,,,,,,,,,,,,,,,,,,,,,,,,,,,,,,,
1952,0,0,0,0,0,0,0,0,0,0,0,0,0,0,0,0,0,0,0,0,,,,,,,,,,,,,,,,,,,,,,,,,,,,,,,,,,,,
1953,0,0,0,0,0,0,0,1,0,1,0,0,0,0,0,0,0,1,0,0,,1,,,,,0,,,,,,,,,,,,,0,,,,,,,,,,,,,,,,
1954,0,0,0,0,0,0,0,0,0,0,0,0,0,0,0,0,0,1,0,0,,,,,,,,,,,,,,,,,,,,,,,,,,,,,,,,,,,,
1955,0,0,0,0,0,0,0,0,0,1,0,1,1,1,0,0,1,1,0,0,,,,,,,,,,,,,,,,0,1,1,1,0,,1,1,1,1,,1,0,0,,0,0,,0,,
1956,0,0,0,0,0,0,0,0,0,0,0,0,0,0,0,0,0,0,0,0,,,,,,,,,,,,,,,,,,,,,,,,,,,,,,,,,,,,
1957,0,0,0,0,0,0,0,0,1,0,0,1,1,1,0,1,0,0,0,0,,,,,,,,,,0,0,0,,,,,,,,,,1,1,,,,1,,,,,,,,,
1958,0,0,0,0,0,0,0,0,0,0,0,0,0,0,0,0,0,1,0,0,,,,,,,,,,,,,,,,,,,,,,,,,,,,,,,,,,,,
1959,0,1,0,0,0,1,1,1,1,1,0,1,1,1,1,0,1,1,1,0,1,1,0,1,1,1,0,1,0,0,1,0,1,0,1,0,1,1,1,0,1,1,1,1,0,1,0,1,0,1,1,0,1,0,1,1
1960,0,0,0,0,0,0,0,0,0,0,0,0,0,0,0,0,0,0,0,0,,,,,,,,,,,,,,,,,,,,,,,,,,,,,,,,,,,,
1961,1,0,0,0,0,0,0,0,1,1,0,1,0,0,0,1,0,1,1,0,,,,,,,,,1,1,,,,1,1,0,,,,0,1,,,,1,1,,,,,,,,,,1
1962,0,0,0,0,0,0,0,0,1,0,0,1,0,1,0,0,0,0,0,0,,,,,,,,,,0,,0,,,,,,,,,,,1,,,,,,,,,,,,,
1963,0,0,0,0,0,0,0,0,0,0,0,1,1,1,0,0,1,1,1,0,,,,,,,,,,,,,,,,,,,,,,1,1,1,0,0,1,0,0,0,0,0,0,0,0,1
1964,0,0,0,0,0,0,0,0,0,0,0,0,0,0,0,0,0,0,0,0,,,,,,,,,,,,,,,,,,,,,,,,,,,,,,,,,,,,
1965,0,0,0,0,0,0,0,1,0,1,0,0,0,0,0,0,0,1,0,0,,1,,,,,0,,,,,,,,,,,,,0,,,,,,,,,,,,,,,,
1966,0,0,0,0,0,0,0,0,0,1,0,1,1,1,0,0,0,1,0,1,,,,,,,,,,,,,,,,0,0,0,,0,,1,1,,1,,0,,0,,,0,,,,
1967,0,0,0,0,0,0,0,0,0,0,0,0,0,0,0,0,0,0,0,0,,,,,,,,,,,,,,,,,,,,,,,,,,,,,,,,,,,,
1968,0,0,0,0,0,0,0,0,0,0,0,0,0,0,0,0,0,0,0,0,,,,,,,,,,,,,,,,,,,,,,,,,,,,,,,,,,,,
1969,0,1,0,0,0,1,1,1,1,1,0,1,1,1,1,0,1,1,1,0,1,1,0,1,1,1,0,1,0,0,1,0,1,0,1,0,1,1,1,0,1,1,1,1,0,1,0,1,0,1,1,0,1,0,1,1
1970,0,0,0,0,0,0,0,0,0,1,0,0,0,0,0,0,0,0,0,0,,,,,,,,,,,,,,,,,,,,,,,,,,,,,,,,,,,,
1971,0,0,0,0,0,0,0,0,1,1,0,0,0,0,0,0,0,1,1,1,,,,,,,,,1,,,,,1,1,,,,,1,0,,,,,,,,,,,,,,,0
1972,0,0,0,0,0,0,0,0,0,0,0,0,0,0,0,0,0,0,0,0,,,,,,,,,,,,,,,,,,,,,,,,,,,,,,,,,,,,
1973,0,0,0,0,0,0,0,0,0,0,0,0,0,0,0,0,0,0,0,0,,,,,,,,,,,,,,,,,,,,,,,,,,,,,,,,,,,,
1974,0,0,0,0,0,0,0,0,0,0,0,0,0,0,0,0,0,0,0,0,,,,,,,,,,,,,,,,,,,,,,,,,,,,,,,,,,,,
1975,0,0,0,0,0,0,0,1,0,1,0,0,0,0,0,0,0,1,0,0,,1,,,,,0,,,,,,,,,,,,,0,,,,,,,,,,,,,,,,
1976,0,0,0,0,0,0,0,0,0,1,0,1,1,1,0,0,0,1,0,1,,,,,,,,,,,,,,,,0,0,0,,0,,1,1,,1,,0,,0,,,0,,,,
1977,0,0,0,0,0,0,0,0,0,0,0,0,0,0,0,0,0,0,0,0,,,,,,,,,,,,,,,,,,,,,,,,,,,,,,,,,,,,
1978,0,0,0,0,0,0,0,0,0,0,0,0,0,0,0,0,0,0,0,0,,,,,,,,,,,,,,,,,,,,,,,,,,,,,,,,,,,,
1979,0,1,0,0,0,1,1,1,1,1,0,1,1,1,1,0,1,1,1,0,1,1,0,1,1,1,0,1,0,0,1,0,1,0,1,0,1,1,1,0,1,1,1,1,0,1,0,1,0,1,1,0,1,0,1,1
1980,0,0,0,0,0,0,0,0,0,1,0,0,0,0,0,0,0,0,0,0,,,,,,,,,,,,,,,,,,,,,,,,,,,,,,,,,,,,
1981,0,0,0,0,0,0,0,0,1,1,0,1,1,0,1,1,0,1,1,1,,,,,,,,,1,1,1,,,1,1,0,1,,,1,1,1,,,1,1,,,0,0,,,,,,1
1982,0,0,0,0,0,0,0,0,1,0,0,1,0,1,0,0,0,0,0,0,,,,,,,,,,0,,0,,,,,,,,,,,1,,,,,,,,,,,,,
1983,0,0,0,0,0,0,0,0,0,0,0,1,1,1,0,0,1,1,1,0,,,,,,,,,,,,,,,,,,,,,,1,1,1,0,0,1,0,0,0,0,0,0,0,0,1
1984,1,0,0,0,0,0,0,1,1,1,1,1,1,1,0,1,1,1,1,1,1,0,1,1,1,1,1,0,0,1,1,1,1,1,0,1,1,1,1,1,0,1,1,1,1,0,0,0,0,0,1,0,0,0,0,0
1985,0,0,0,0,0,0,0,1,0,1,0,0,0,0,0,0,0,1,0,0,,1,,,,,0,,,,,,,,,,,,,0,,,,,,,,,,,,,,,,
1986,0,0,0,0,0,0,0,0,0,1,0,1,1,0,1,0,0,0,0,1,,,,,,,,,,,,,,,,0,1,,,,,1,,,,,,,,,,,,,,
1987,0,0,0,0,0,0,0,0,0,1,0,0,0,0,0,0,0,0,0,0,,,,,,,,,,,,,,,,,,,,,,,,,,,,,,,,,,,,
1988,0,0,0,0,0,0,0,0,0,0,0,0,0,0,0,0,0,1,0,0,,,,,,,,,,,,,,,,,,,,,,,,,,,,,,,,,,,,
1989,0,0,0,0,0,0,0,1,0,0,0,0,0,0,0,0,0,1,0,0,,,,,,,0,,,,,,,,,,,,,,,,,,,,,,,,,,,,,
1990,0,0,0,0,0,0,0,0,0,0,0,0,0,0,0,0,0,0,0,0,,,,,,,,,,,,,,,,,,,,,,,,,,,,,,,,,,,,
1991,0,0,0,0,0,0,0,0,1,1,0,1,1,1,1,1,0,0,0,0,,,,,,,,,1,1,1,1,,,,0,1,1,,,,1,1,,,,0,,,,,,,,,
1992,0,0,0,0,0,0,0,0,0,0,0,0,0,0,0,0,0,0,0,0,,,,,,,,,,,,,,,,,,,,,,,,,,,,,,,,,,,,
1993,0,0,0,0,0,0,0,0,0,0,0,1,1,1,0,0,1,1,1,0,,,,,,,,,,,,,,,,,,,,,,1,1,1,0,0,1,0,0,0,0,0,0,0,0,1
1994,0,0,0,0,0,0,0,0,0,0,0,0,0,0,0,0,0,0,0,0,,,,,,,,,,,,,,,,,,,,,,,,,,,,,,,,,,,,
1995,0,0,0,0,0,0,0,1,0,1,0,0,0,0,0,0,0,1,0,0,,1,,,,,0,,,,,,,,,,,,,0,,,,,,,,,,,,,,,,
1996,0,0,0,0,0,0,0,0,0,0,0,0,0,0,0,0,0,1,0,0,,,,,,,,,,,,,,,,,,,,,,,,,,,,,,,,,,,,
1997,0,0,0,0,0,0,0,0,0,0,0,0,0,0,0,0,0,0,0,0,,,,,,,,,,,,,,,,,,,,,,,,,,,,,,,,,,,,
1998,0,0,0,0,0,0,0,0,0,0,0,0,0,0,0,0,0,1,0,0,,,,,,,,,,,,,,,,,,,,,,,,,,,,,,,,,,,,
1999,0,1,0,0,0,1,1,1,1,1,0,1,1,1,1,0,1,1,1,0,1,1,0,1,1,1,0,1,0,0,1,0,1,0,1,0,1,1,1,0,1,1,1,1,0,1,0,1,0,1,1,0,1,0,1,1
2000,0,0,0,0,0,0,0,0,0,0,0,0,0,0,0,0,0,0,0,0,,,,,,,,,,,,,,,,,,,,,,,,,,,,,,,,,,,,
2001,1,0,0,0,0,0,0,0,1,1,0,1,0,0,0,1,0,1,1,0,,,,,,,,,1,1,,,,1,1,0,,,,0,1,,,,1,1,,,,,,,,,,1
2002,0,0,0,0,0,0,0,0,1,0,0,1,0,1,0,0,0,0,0,0,,,,,,,,,,0,,0,,,,,,,,,,,1,,,,,,,,,,,,,
2003,0,0,0,0,0,0,0,0,0,0,0,1,1,1,0,0,1,1,1,0,,,,,,,,,,,,,,,,,,,,,,1,1,1,0,0,1,0,0,0,0,0,0,0,0,1
2004,1,0,0,0,0,0,0,1,1,1,1,1,1,1,0,1,1,1,1,0,1,0,1,1,1,1,1,0,0,1,1,1,1,1,0,1,1,1,1,1,0,1,1,1,1,0,1,1,0,0,1,0,0,0,0,0
2005,0,0,0,0,0,0,0,1,0,1,0,0,0,0,0,0,0,1,0,0,,1,,,,,0,,,,,,,,,,,,,0,,,,,,,,,,,,,,,,
2006,0,0,0,0,0,0,0,0,0,1,0,1,1,1,0,0,0,1,0,1,,,,,,,,,,,,,,,,0,0,0,,0,,1,1,,1,,0,,0,,,0,,,,
2007,0,0,0,0,0,0,0,0,0,0,0,0,0,0,0,0,0,0,0,0,,,,,,,,,,,,,,,,,,,,,,,,,,,,,,,,,,,,
2008,0,0,0,0,0,0,0,0,1,0,0,0,0,0,0,0,0,0,0,0,,,,,,,,,,,,,,,,,,,,,,,,,,,,,,,,,,,,
2009,0,1,0,0,0,1,1,1,1,1,0,1,1,1,1,0,1,1,1,0,1,1,0,1,1,1,0,1,0,0,1,0,1,0,1,0,1,1,1,0,1,1,1,1,0,1,0,1,0,1,1,0,1,0,1,1
2010,0,0,0,0,0,0,1,1,1,1,0,1,1,1,0,0,1,0,1,1,0,1,0,1,1,1,,0,1,1,1,1,1,,1,0,1,1,1,,0,1,1,1,,1,1,0,,0,0,,0,,0,
2011,0,0,0,0,0,0,0,0,1,1,0,0,0,0,0,0,0,1,0,0,,,,,,,,,1,,,,,1,,,,,,1,,,,,,,,,,,,,,,,
2012,0,0,0,0,0,0,0,0,1,0,0,1,0,1,0,0,0,0,0,0,,,,,,,,,,0,,0,,,,,,,,,,,1,,,,,,,,,,,,,
2013,0,0,0,0,0,0,0,0,0,0,0,1,1,1,0,0,1,1,1,0,,,,,,,,,,,,,,,,,,,,,,1,1,1,0,0,1,0,0,0,0,0,0,0,0,1
2014,1,0,0,0,0,0,0,1,1,1,1,1,1,1,0,1,1,1,1,1,1,1,0,1,1,1,0,1,0,0,1,1,1,0,0,0,1,1,1,0,0,1,1,1,0,1,0,0,0,0,1,0,0,0,0,1
2015,0,0,0,0,0,0,0,1,0,1,0,0,0,0,0,0,0,1,0,0,,1,,,,,0,,,,,,,,,,,,,0,,,,,,,,,,,,,,,,
2016,0,0,0,0,0,0,0,0,0,1,0,1,0,0,0,0,0,1,0,1,,,,,,,,,,,,,,,,0,,,,0,,,,,1,,,,,,,,,,,
2017,0,0,0,0,0,0,0,0,0,0,0,0,0,0,0,0,0,1,0,0,,,,,,,,,,,,,,,,,,,,,,,,,,,,,,,,,,,,
2018,0,1,0,0,0,1,1,1,1,1,0,1,1,1,1,0,1,1,1,0,1,1,0,1,1,1,0,1,0,0,1,0,1,0,1,0,1,1,1,0,1,1,1,1,0,1,0,1,0,1,1,0,1,0,1,1
2019,0,0,0,0,0,0,0,1,1,0,0,0,0,0,0,0,0,0,1,0,0,,,,,,,0,,,,,,,1,,,,,,,,,,,,,,,,,,,,,
201,0,0,0,0,0,0,0,0,0,0,0,0,0,0,0,0,0,0,0,0,,,,,,,,,,,,,,,,,,,,,,,,,,,,,,,,,,,,
2020,0,0,0,0,0,0,0,0,1,1,0,1,1,0,1,0,1,0,0,1,,,,,,,,,1,1,1,,1,,,0,1,,1,,,1,,1,,,,0,,,,,,,,
2021,0,0,0,0,0,0,0,0,1,0,0,1,0,1,0,0,0,0,0,0,,,,,,,,,,0,,0,,,,,,,,,,,1,,,,,,,,,,,,,
2022,0,0,0,0,0,0,0,0,0,0,0,1,1,1,0,0,1,1,1,0,,,,,,,,,,,,,,,,,,,,,,1,1,1,0,0,1,0,0,0,0,0,0,0,0,1
2023,1,0,0,0,0,0,0,1,1,1,1,1,1,1,0,1,0,1,1,0,1,1,1,1,1,,1,1,0,1,1,1,,1,0,1,1,1,,1,0,1,1,,1,0,0,,0,0,,0,0,,,0
2024,0,0,0,0,0,0,0,0,0,1,0,1,0,0,1,0,0,0,0,1,,,,,,,,,,,,,,,,0,,,,,,,,,,,,,,,,,,,,
2025,0,0,0,0,0,0,0,0,1,1,0,1,1,1,1,1,0,1,1,0,,,,,,,,,0,0,0,0,,0,0,1,1,1,,1,1,1,1,,1,1,0,,1,1,,1,1,,,0
2026,0,1,0,0,0,1,1,1,1,1,0,1,1,1,1,0,1,1,1,0,1,1,0,1,1,1,0,1,0,0,1,0,1,0,1,0,1,1,1,0,1,1,1,1,0,1,0,1,0,1,1,0,1,0,1,1
2027,0,0,0,0,0,0,0,0,0,0,0,0,0,0,0,0,0,0,0,0,,,,,,,,,,,,,,,,,,,,,,,,,,,,,,,,,,,,
2028,0,0,0,0,0,0,0,0,1,1,0,1,1,1,1,1,0,0,1,0,,,,,,,,,1,1,1,1,,,1,0,1,1,,,1,1,1,,,1,0,,,0,,,0,,,
2029,0,0,0,0,0,0,0,0,1,0,0,1,0,1,0,0,0,0,0,0,,,,,,,,,,0,,0,,,,,,,,,,,1,,,,,,,,,,,,,
202,0,0,0,0,0,0,0,0,0,0,0,0,0,0,0,0,0,0,0,0,,,,,,,,,,,,,,,,,,,,,,,,,,,,,,,,,,,,
2030,0,0,0,0,0,0,0,0,0,0,0,1,1,1,0,0,1,1,1,0,,,,,,,,,,,,,,,,,,,,,,1,1,1,0,0,1,0,0,0,0,0,0,0,0,1
2031,1,0,0,0,0,0,0,1,1,1,1,1,1,1,0,1,0,1,1,1,1,1,1,1,1,,1,1,0,1,1,1,,1,0,1,1,1,,1,0,1,1,,1,0,0,,0,0,,0,0,,,0
2032,0,0,0,0,0,0,0,0,0,1,0,0,0,0,0,0,0,1,0,0,,,,,,,,,,,,,,,,,,,,0,,,,,,,,,,,,,,,,
2033,0,0,0,0,0,0,0,0,0,1,0,0,0,0,0,0,0,1,0,0,,,,,,,,,,,,,,,,,,,,0,,,,,,,,,,,,,,,,
2034,0,1,0,0,0,1,1,1,1,1,0,1,1,1,1,0,1,1,1,0,1,1,0,1,1,1,0,1,0,0,1,0,1,0,1,0,1,1,1,0,1,1,1,1,0,1,0,1,0,1,1,0,1,0,1,1
2035,0,1,0,0,0,0,1,1,1,1,0,1,1,1,0,0,1,0,1,0,0,1,0,1,1,1,,1,1,1,1,1,1,,1,0,1,1,1,,0,1,1,1,,1,1,0,,0,0,,0,,0,
2036,0,0,0,0,0,0,0,0,1,1,0,1,1,0,1,0,1,0,0,1,,,,,,,,,1,1,1,,1,,,0,1,,1,,,1,,1,,,,0,,,,,,,,
2037,0,0,0,0,0,0,0,0,1,0,0,1,0,1,0,0,0,0,0,0,,,,,,,,,,0,,0,,,,,,,,,,,1,,,,,,,,,,,,,
2038,0,0,0,0,0,0,0,0,0,0,0,1,1,1,0,0,1,1,1,0,,,,,,,,,,,,,,,,,,,,,,1,1,1,0,0,0,0,0,0,0,0,0,0,0,1
2039,1,0,0,0,0,0,0,1,1,1,1,1,1,1,0,1,1,1,1,1,1,1,1,1,1,1,1,1,0,1,1,1,1,1,0,1,1,1,1,1,0,1,1,1,1,0,1,1,0,0,1,0,0,0,0,0
203,0,0,0,0,0,0,0,0,0,0,0,0,0,0,0,0,0,0,0,0,,,,,,,,,,,,,,,,,,,,,,,,,,,,,,,,,,,,
2040,0,0,0,0,0,0,0,0,1,1,0,1,1,1,0,0,0,1,0,1,,,,,,,,,0,0,1,1,,0,,0,1,1,,0,,1,1,,1,,1,,0,,,0,,,,
2041,0,0,0,0,0,0,0,1,1,1,0,0,0,0,0,0,0,0,1,0,1,1,,,,,,1,1,,,,,,1,,,,,,0,,,,,,,,,,,,,,,
2042,0,1,0,0,0,1,1,1,1,1,0,1,1,1,1,0,1,1,1,0,1,1,0,1,1,1,0,1,0,0,1,0,1,0,1,0,1,1,1,0,1,1,1,1,0,1,0,1,0,1,1,0,1,0,1,1
2043,0,0,0,0,0,0,1,1,1,0,0,0,0,0,0,0,0,0,0,0,1,,,,,,,,,,,,,,,,,,,,,,,,,,,,,,,,,,,
2044,0,0,0,0,0,0,0,0,1,1,0,0,0,1,0,0,1,0,1,0,,,,,,,,,1,,,1,1,,1,,,1,1,,1,,,,,,,,,,0,,0,,0,
2045,0,0,0,0,0,0,0,0,1,0,0,1,0,1,0,0,0,0,0,0,,,,,,,,,,0,,0,,,,,,,,,,,1,,,,,,,,,,,,,
2046,0,0,0,0,0,0,0,0,0,0,0,1,1,1,0,0,1,1,1,0,,,,,,,,,,,,,,,,,,,,,,1,1,1,0,0,0,0,0,0,0,0,0,0,0,1
2047,1,0,0,0,0,0,0,1,1,1,1,1,1,1,0,1,0,1,1,1,1,0,1,1,1,,0,0,0,1,1,1,,0,0,1,1,1,,0,0,1,1,,0,0,0,,0,0,,0,0,,,1
2048,0,0,0,0,0,0,0,0,1,1,0,1,1,1,0,0,0,1,0,1,,,,,,,,,0,0,1,1,,0,,0,1,1,,0,,1,1,,1,,1,,0,,,0,,,,
2049,0,0,0,0,0,0,0,1,0,1,0,0,0,0,0,0,0,0,1,0,,1,,,,,,1,,,,,,,,,,,,,0,,,,,,,,,,,,,,,
204,0,0,0,0,0,0,0,0,0,0,0,0,0,0,0,0,0,1,0,0,,,,,,,,,,,,,,,,,,,,,,,,,,,,,,,,,,,,
2050,0,1,0,0,0,1,1,1,1,1,0,1,1,1,1,0,1,1,1,0,1,1,0,1,1,1,0,1,0,0,1,0,1,0,1,0,1,1,1,0,1,1,1,1,0,1,0,1,0,1,1,0,1,0,1,1
2051,0,0,0,0,0,0,1,1,1,1,0,1,1,1,0,0,0,0,1,0,0,0,0,1,1,,,1,0,1,1,1,,,1,1,1,1,,,1,1,1,,,1,1,,,0,,,0,,,
2052,0,0,0,0,0,0,0,0,0,0,0,0,0,0,0,0,0,0,0,0,,,,,,,,,,,,,,,,,,,,,,,,,,,,,,,,,,,,
2053,0,0,0,0,0,0,0,0,1,0,0,1,0,1,0,0,0,0,0,0,,,,,,,,,,0,,0,,,,,,,,,,,1,,,,,,,,,,,,,
2054,0,0,0,0,0,0,0,0,0,0,0,1,1,1,0,0,1,1,1,0,,,,,,,,,,,,,,,,,,,,,,1,1,1,0,0,1,0,0,0,0,0,0,0,0,1
2055,1,0,0,0,0,0,0,1,1,1,1,1,1,1,0,1,0,1,1,1,1,1,1,1,1,,1,1,0,1,1,1,,1,0,1,1,1,,1,0,1,1,,1,0,0,,0,0,,0,0,,,0
2056,0,0,0,0,0,0,0,0,1,1,0,1,1,1,0,0,0,1,0,1,,,,,,,,,0,0,1,1,,0,,0,1,1,,0,,1,1,,1,,1,,0,,,0,,,,
2057,0,1,0,0,0,1,1,1,1,1,0,1,1,1,1,0,1,1,1,0,1,1,0,1,1,1,0,1,0,0,1,0,1,0,1,0,1,1,1,0,1,1,1,1,0,1,0,1,0,1,1,0,1,0,1,1
2058,0,0,0,0,0,0,0,0,0,0,0,0,0,0,0,0,0,0,0,0,,,,,,,,,,,,,,,,,,,,,,,,,,,,,,,,,,,,
2059,0,0,0,0,0,0,0,0,1,1,0,1,1,1,1,1,1,0,0,1,,,,,,,,,1,1,1,1,1,,,0,1,1,1,,,1,1,1,,,0,0,,,0,,,,,
205,0,0,0,0,0,0,0,0,0,0,0,0,0,0,0,0,0,0,0,0,,,,,,,,,,,,,,,,,,,,,,,,,,,,,,,,,,,,
2060,0,0,0,0,0,0,0,0,1,0,0,1,0,1,0,0,0,0,0,0,,,,,,,,,,0,,0,,,,,,,,,,,1,,,,,,,,,,,,,
2061,0,0,0,0,0,0,0,0,0,0,0,1,1,1,0,0,1,1,1,0,,,,,,,,,,,,,,,,,,,,,,1,1,1,0,0,1,0,0,0,0,0,0,0,0,1
2062,1,0,0,0,0,0,0,1,1,1,1,1,1,1,0,1,1,1,1,1,1,0,1,1,1,1,1,0,0,1,1,1,1,1,0,1,1,1,1,1,0,1,1,1,1,0,0,0,0,0,1,0,0,0,0,0
2063,0,0,0,0,0,0,0,0,0,1,0,1,1,1,0,0,0,1,0,1,,,,,,,,,,,,,,,,0,0,0,,0,,1,1,,1,,1,,0,,,0,,,,
2064,0,0,0,0,0,0,0,1,0,0,0,0,0,0,0,0,0,1,0,0,,,,,,,0,,,,,,,,,,,,,,,,,,,,,,,,,,,,,
2065,0,0,0,0,0,0,0,1,1,1,0,1,1,0,0,0,1,0,0,0,0,1,0,1,,1,,,1,0,1,,1,,,0,1,,1,,,1,,1,,,,1,,,,,,,,
2066,0,0,0,0,0,0,0,0,1,1,0,1,0,0,0,1,0,1,1,1,,,,,,,,,1,1,,,,1,1,0,,,,1,0,,,,1,1,,,,,,,,,,0
2067,0,0,0,0,0,0,0,0,1,0,0,1,0,1,0,0,0,0,0,0,,,,,,,,,,0,,0,,,,,,,,,,,1,,,,,,,,,,,,,
2068,0,0,0,0,0,0,0,0,0,0,0,1,1,1,0,1,1,1,1,0,,,,,,,,,,,,,,,,,,,,,,1,1,1,0,0,1,0,0,0,0,0,0,0,0,1
2069,1,0,0,0,0,0,0,1,1,1,1,1,1,1,0,1,1,1,1,1,1,0,1,1,1,1,1,0,0,1,1,1,1,1,0,1,1,1,1,1,0,1,1,1,1,0,1,1,0,0,1,0,0,0,0,0
206,0,0,0,0,0,0,0,0,0,0,0,0,0,0,0,0,0,1,0,0,,,,,,,,,,,,,,,,,,,,,,,,,,,,,,,,,,,,
2070,0,0,0,0,0,0,0,0,0,0,0,0,0,0,0,0,0,0,0,0,,,,,,,,,,,,,,,,,,,,,,,,,,,,,,,,,,,,
2071,0,1,0,0,0,1,1,1,1,1,0,1,1,1,1,0,1,1,1,0,1,1,0,1,1,1,0,1,0,0,1,0,1,0,1,0,1,1,1,0,1,1,1,1,0,1,0,1,0,1,1,0,1,0,1,1
2072,0,0,0,0,0,0,0,0,0,0,0,0,0,0,0,0,0,0,0,0,,,,,,,,,,,,,,,,,,,,,,,,,,,,,,,,,,,,
2073,0,0,0,0,0,0,0,0,1,1,0,1,1,1,1,1,1,0,0,1,,,,,,,,,1,1,1,1,1,,,0,1,1,1,,,1,1,1,,,0,0,,,0,,,,,
2074,0,0,0,0,0,0,0,0,1,0,0,1,0,1,0,0,0,0,0,0,,,,,,,,,,0,,0,,,,,,,,,,,1,,,,,,,,,,,,,
2075,0,0,0,0,0,0,0,0,0,0,0,1,1,1,0,1,1,1,1,0,,,,,,,,,,,,,,,,,,,,,,1,1,1,0,0,1,0,0,0,0,0,0,0,0,1
2076,1,0,0,0,0,0,1,1,1,1,1,1,1,1,0,1,1,1,1,1,1,0,1,1,1,1,1,0,0,1,1,1,1,1,0,1,1,1,1,1,0,1,1,1,1,0,1,1,0,0,1,0,0,0,0,0
2077,0,0,0,0,0,0,0,0,0,1,0,0,0,0,0,0,0,1,1,0,,,,,,,,,,,,,,,,,,,,0,0,,,,,,,,,,,,,,,1
2078,0,1,0,0,0,1,1,1,1,1,0,1,1,1,1,0,1,1,1,0,1,1,0,1,1,1,0,1,0,0,1,0,1,0,1,0,1,1,1,0,1,1,1,1,0,1,0,1,0,1,1,0,1,0,1,1
2079,0,0,0,0,0,0,0,0,1,0,0,1,1,0,0,0,0,0,1,0,,,,,,,,,,0,0,,,,0,,,,,,,1,,,,1,,,,0,,,,,,
207,0,0,0,0,0,0,0,0,0,0,0,0,0,0,0,0,0,0,0,0,,,,,,,,,,,,,,,,,,,,,,,,,,,,,,,,,,,,
2080,0,0,0,0,0,0,0,0,1,1,0,0,0,0,0,0,0,0,0,1,,,,,,,,,1,,,,,,,,,,,,,,,,,,,,,,,,,,,
2081,0,0,0,0,0,0,0,0,0,0,0,1,1,1,0,1,1,1,1,0,,,,,,,,,,,,,,,,,,,,,,1,1,1,0,0,1,0,0,0,0,0,0,0,0,1
2082,0,1,0,0,0,1,1,1,1,1,0,1,1,1,1,0,1,1,1,0,1,1,0,1,1,1,0,1,0,0,1,0,1,0,1,0,1,1,1,0,1,1,1,1,0,1,0,1,0,1,1,0,1,0,1,1
2083,0,0,0,0,0,0,0,0,1,0,0,1,1,0,0,0,0,0,1,0,,,,,,,,,,0,0,,,,0,,,,,,,1,,,,1,,,,0,,,,,,
2084,0,0,0,0,0,0,0,0,1,1,0,1,1,1,1,1,1,1,0,1,,,,,,,,,1,1,1,1,1,1,,0,1,1,1,1,,1,1,1,1,,0,0,1,,0,1,,1,,
2085,0,0,0,0,0,0,0,0,0,0,0,1,1,1,0,0,1,1,1,0,,,,,,,,,,,,,,,,,,,,,,1,1,1,0,0,1,0,0,0,0,0,0,0,0,1
2086,0,1,0,0,0,1,1,1,1,1,0,1,1,1,1,0,1,1,1,0,1,1,0,1,1,1,0,1,0,0,1,0,1,0,1,0,1,1,1,0,1,1,1,1,0,1,0,1,0,1,1,0,1,0,1,1
2087,0,0,0,0,0,0,0,0,1,0,0,1,1,0,0,0,0,0,1,0,,,,,,,,,,0,0,,,,0,,,,,,,1,,,,1,,,,0,,,,,,
2088,1,0,0,0,0,0,0,0,1,1,0,1,1,1,1,1,0,1,1,1,,,,,,,,,1,1,1,1,,1,1,0,1,1,,1,0,1,1,,1,1,0,,0,0,,0,0,,,0
2089,0,0,0,0,0,0,0,0,0,0,0,1,1,1,0,0,1,1,1,0,,,,,,,,,,,,,,,,,,,,,,1,1,1,0,0,1,0,0,0,0,0,0,0,0,1
208,0,0,0,0,0,0,0,0,0,0,0,0,0,0,0,0,0,1,0,0,,,,,,,,,,,,,,,,,,,,,,,,,,,,,,,,,,,,
2090,0,1,0,0,0,1,1,1,1,1,0,1,1,1,1,0,1,1,1,0,1,1,0,1,1,1,0,1,0,0,1,0,1,0,1,0,1,1,1,0,1,1,1,1,0,1,0,1,0,1,1,0,1,0,1,1
2091,0,0,0,0,0,0,0,0,1,0,0,1,1,0,0,0,0,0,1,0,,,,,,,,,,0,0,,,,0,,,,,,,1,,,,1,,,,0,,,,,,
2092,0,0,0,0,0,0,0,0,1,1,0,1,1,1,1,1,1,1,0,1,,,,,,,,,1,1,1,1,1,1,,0,1,1,1,1,,1,1,1,1,,0,0,1,,0,1,,1,,
2093,0,0,0,0,0,0,0,0,0,0,0,1,1,1,0,0,1,1,1,0,,,,,,,,,,,,,,,,,,,,,,1,1,1,0,0,1,0,0,0,0,0,0,0,0,1
2094,0,1,0,0,0,1,1,1,1,1,0,1,1,1,1,0,1,1,1,0,1,1,0,1,1,1,0,1,0,0,1,0,1,0,1,0,1,1,1,0,1,1,1,1,0,1,0,1,0,1,1,0,1,0,1,1
2095,0,0,0,0,0,0,0,0,1,0,0,1,1,0,0,0,0,0,1,0,,,,,,,,,,0,0,,,,0,,,,,,,1,,,,1,,,,0,,,,,,
2096,0,0,0,0,0,0,0,0,1,1,0,1,0,0,0,0,0,1,1,1,,,,,,,,,1,1,,,,1,1,0,,,,1,1,,,,1,1,,,,,,,,,,0
2097,0,0,0,0,0,0,0,0,0,0,0,1,1,1,0,0,1,1,1,0,,,,,,,,,,,,,,,,,,,,,,1,1,1,0,0,1,0,0,0,0,0,0,0,0,1
2098,0,1,0,0,0,1,1,1,1,1,0,1,1,1,1,0,1,1,0,0,0,0,0,0,0,0,0,,0,0,1,0,1,0,,0,1,1,1,0,,1,1,1,0,,0,1,0,,1,0,,0,,
2099,0,0,0,0,0,0,0,0,1,0,0,1,1,0,0,0,0,0,1,0,,,,,,,,,,0,0,,,,0,,,,,,,1,,,,1,,,,0,,,,,,
209,0,0,0,0,0,0,0,0,0,0,0,0,0,0,0,0,0,0,0,0,,,,,,,,,,,,,,,,,,,,,,,,,,,,,,,,,,,,
2100,0,0,0,0,0,0,0,0,1,1,0,1,1,1,0,1,1,0,1,1,,,,,,,,,1,1,1,1,1,,1,0,1,1,1,,0,1,1,1,,1,0,0,,0,0,,0,,0,
2101,0,0,0,0,0,0,0,0,0,0,0,1,1,1,0,0,1,1,1,0,,,,,,,,,,,,,,,,,,,,,,1,1,1,0,0,1,0,0,0,0,0,0,0,0,1
2102,0,1,0,0,0,1,1,1,1,1,0,1,1,1,1,0,1,1,0,0,0,0,0,0,0,0,0,,0,0,1,0,1,0,,1,1,1,1,0,,1,1,1,0,,0,1,0,,1,0,,0,,
2103,0,0,0,0,0,0,0,0,1,0,0,1,1,0,0,0,0,0,1,0,,,,,,,,,,0,0,,,,0,,,,,,,1,,,,1,,,,0,,,,,,
2104,0,0,0,0,0,0,0,0,1,1,0,0,0,0,0,0,0,1,0,0,,,,,,,,,1,,,,,1,,,,,,1,,,,,,,,,,,,,,,,
2105,0,1,0,0,0,1,1,1,1,1,0,1,1,1,1,0,1,1,0,0,0,0,0,0,0,0,0,,0,0,1,0,1,0,,1,1,1,1,0,,1,1,1,0,,0,1,0,,1,0,,0,,
2106,0,0,0,0,0,0,0,0,1,0,0,1,1,0,0,0,0,0,1,0,,,,,,,,,,0,0,,,,0,,,,,,,1,,,,1,,,,0,,,,,,
2107,0,0,0,0,0,0,0,0,1,1,0,1,0,0,0,0,0,0,1,1,,,,,,,,,1,1,,,,,1,0,,,,,0,,,,,1,,,,,,,,,,
2108,0,1,0,0,0,1,1,1,1,1,0,1,1,1,1,0,1,1,1,0,0,0,0,0,0,0,0,1,0,0,1,0,1,0,1,1,1,1,1,0,1,1,1,1,0,1,0,1,0,1,1,0,1,0,1,1
2109,0,0,0,0,0,0,0,0,1,0,0,1,1,0,0,0,0,0,1,0,,,,,,,,,,0,0,,,,0,,,,,,,1,,,,1,,,,0,,,,,,
210,0,0,0,0,0,0,0,0,0,0,0,0,0,0,0,0,0,0,0,0,,,,,,,,,,,,,,,,,,,,,,,,,,,,,,,,,,,,
2110,0,0,0,0,0,0,0,0,1,1,0,1,0,0,0,0,0,0,1,1,,,,,,,,,1,1,,,,,1,0,,,,,0,,,,,1,,,,,,,,,,
2111,0,1,0,0,0,1,1,1,1,1,0,1,1,1,1,0,1,1,1,0,0,0,0,0,0,0,0,1,0,0,1,0,1,0,1,0,1,1,1,0,1,1,1,1,0,1,0,1,0,1,1,0,1,0,1,1
2112,0,0,0,0,0,0,0,0,1,0,0,1,1,0,0,0,0,0,1,0,,,,,,,,,,0,0,,,,0,,,,,,,1,,,,1,,,,0,,,,,,
2113,0,0,0,0,0,0,0,0,1,1,0,1,1,1,0,1,1,1,1,0,,,,,,,,,1,1,1,1,1,1,1,0,1,1,1,1,1,1,1,1,1,1,0,0,1,0,0,1,0,1,1,0
2114,0,1,0,0,0,1,1,1,1,1,0,1,1,1,1,0,1,1,1,0,0,0,0,0,0,0,0,1,0,0,1,0,1,0,1,0,1,1,1,0,1,1,1,1,0,1,0,1,0,1,1,0,1,0,1,1
2115,0,0,0,0,0,0,0,0,1,0,0,1,1,0,0,0,0,0,1,0,,,,,,,,,,0,0,,,,0,,,,,,,1,,,,1,,,,0,,,,,,
2116,0,0,0,0,0,0,0,0,1,1,0,1,1,1,0,1,1,1,1,0,,,,,,,,,1,1,1,1,1,1,1,0,1,1,1,1,1,1,1,1,1,1,0,0,1,0,0,1,0,1,1,0
2117,0,1,0,0,0,1,1,1,1,1,0,1,1,1,1,0,1,1,1,0,0,0,0,0,0,0,0,1,0,0,1,0,1,0,1,0,1,1,1,0,1,1,1,1,0,1,0,1,0,1,1,0,1,0,1,1
2118,0,0,0,0,0,0,0,0,1,0,0,1,1,0,0,0,0,0,1,0,,,,,,,,,,0,0,,,,0,,,,,,,1,,,,1,,,,0,,,,,,
2119,0,0,0,0,0,0,0,0,1,1,0,0,0,0,0,0,0,1,0,1,,,,,,,,,1,,,,,1,,,,,,1,,,,,,,,,,,,,,,,
211,0,0,0,0,0,0,0,0,0,0,0,1,1,1,0,0,1,0,0,0,,,,,,,,,,,,,,,,,,,,,,1,1,1,,,1,1,,,1,,,,,
2120,0,1,0,0,0,1,1,1,1,1,0,1,1,1,1,0,1,1,1,0,0,0,0,0,0,0,0,1,0,0,1,0,1,0,1,0,1,1,1,0,1,1,1,1,0,1,0,1,0,1,1,0,1,0,1,1
2121,0,0,0,0,0,0,0,0,1,0,0,1,1,0,0,0,0,0,1,0,,,,,,,,,,0,0,,,,0,,,,,,,1,,,,1,,,,0,,,,,,
2122,0,0,0,0,0,0,0,0,0,0,0,0,0,0,0,0,0,0,1,0,,,,,,,,,,,,,,,,,,,,,,,,,,,,,,,,,,,,
2123,0,1,0,0,0,1,1,1,1,1,0,1,1,1,1,0,1,1,1,0,0,0,0,0,0,0,0,1,0,0,1,0,1,0,1,0,1,1,1,0,1,1,1,1,0,1,0,1,0,1,1,0,1,0,1,1
2124,0,0,0,0,0,0,0,0,1,0,0,1,1,0,0,0,0,0,1,0,,,,,,,,,,0,0,,,,0,,,,,,,1,,,,1,,,,0,,,,,,
2125,0,1,0,0,0,1,1,1,1,1,0,1,1,1,1,0,1,1,1,0,0,0,0,0,0,0,0,1,0,0,1,0,1,0,1,0,1,1,1,0,1,1,1,1,0,1,0,1,0,1,1,0,1,0,1,1
2126,0,0,0,0,0,0,0,0,1,0,0,1,1,0,0,0,0,0,1,0,,,,,,,,,,0,0,,,,0,,,,,,,1,,,,1,,,,0,,,,,,
2127,0,1,0,0,0,1,1,1,1,1,0,1,1,1,1,0,1,1,1,0,0,0,0,0,0,0,0,1,0,0,1,0,1,0,1,0,1,1,1,0,1,1,1,1,0,1,0,1,0,1,1,0,1,0,1,1
2128,0,0,0,0,0,0,0,0,1,0,0,1,1,0,0,0,0,0,1,0,,,,,,,,,,0,0,,,,0,,,,,,,1,,,,1,,,,0,,,,,,
2129,0,1,0,0,0,1,1,1,1,1,0,1,1,1,1,0,1,1,1,0,0,0,0,0,0,0,0,1,0,0,1,0,1,0,1,0,1,1,1,0,1,1,1,1,0,1,0,1,0,1,1,0,1,0,1,1
212,0,0,0,0,0,0,0,0,0,0,0,0,0,0,0,0,0,1,0,0,,,,,,,,,,,,,,,,,,,,,,,,,,,,,,,,,,,,
2130,0,0,0,0,0,0,0,0,1,0,0,1,1,0,0,0,0,0,1,0,,,,,,,,,,0,0,,,,0,,,,,,,1,,,,1,,,,0,,,,,,
2131,0,0,0,0,0,1,1,0,1,1,0,1,0,0,1,0,0,1,0,0,,,,,,,,,0,0,,,,0,,1,,,,0,,,,,0,,,,,,,,,,,
2132,0,0,0,0,0,0,0,0,1,0,0,1,1,0,0,0,0,0,1,0,,,,,,,,,,0,0,,,,0,,,,,,,1,,,,1,,,,0,,,,,,
2133,0,0,0,0,0,1,1,0,1,1,0,1,0,0,1,0,0,1,0,0,,,,,,,,,0,0,,,,0,,1,,,,0,,,,,0,,,,,,,,,,,
2134,0,0,0,0,0,0,0,0,1,0,0,1,1,0,0,0,0,0,1,0,,,,,,,,,,0,0,,,,0,,,,,,,1,,,,1,,,,0,,,,,,
2135,0,0,0,0,0,1,1,0,1,1,0,1,0,0,1,0,0,1,0,0,,,,,,,,,0,0,,,,0,,1,,,,0,,,,,0,,,,,,,,,,,
2136,0,0,0,0,0,0,0,0,1,0,0,1,1,0,0,0,0,0,1,0,,,,,,,,,,0,0,,,,0,,,,,,,1,,,,1,,,,0,,,,,,
2137,0,0,0,0,0,1,1,0,1,1,0,1,0,0,1,0,0,1,0,0,,,,,,,,,0,0,,,,0,,1,,,,0,,,,,0,,,,,,,,,,,
2138,0,0,0,0,0,0,0,0,0,0,0,0,0,0,0,0,0,0,0,0,,,,,,,,,,,,,,,,,,,,,,,,,,,,,,,,,,,,
2139,0,0,0,0,0,0,0,0,1,1,0,1,1,0,1,0,0,1,1,0,,,,,,,,,1,1,1,,,1,1,0,0,,,1,0,1,,,1,1,,,1,0,,,,,,0
213,0,0,0,0,0,0,0,0,0,0,0,0,0,0,0,0,0,1,0,0,,,,,,,,,,,,,,,,,,,,,,,,,,,,,,,,,,,,
2140,0,0,0,0,0,0,0,0,1,1,0,1,1,0,1,0,0,1,1,0,,,,,,,,,1,1,1,,,1,1,0,0,,,0,0,1,,,0,1,,,0,0,,,,,,1
2141,0,0,0,0,0,0,0,0,0,0,0,0,0,0,0,0,0,0,0,0,,,,,,,,,,,,,,,,,,,,,,,,,,,,,,,,,,,,
2142,0,0,0,0,0,0,0,0,0,0,0,0,0,0,0,0,0,1,0,0,,,,,,,,,,,,,,,,,,,,,,,,,,,,,,,,,,,,
2143,0,0,0,0,0,0,0,1,1,1,0,0,0,0,0,0,0,0,0,1,1,1,,,,,,,0,,,,,,,,,,,,,,,,,,,,,,,,,,,
2144,0,0,0,0,0,0,0,0,1,0,0,1,1,0,0,0,0,0,1,0,,,,,,,,,,0,0,,,,0,,,,,,,1,,,,1,,,,0,,,,,,
2145,0,0,0,0,0,0,0,0,0,0,0,0,0,0,0,0,0,0,0,0,,,,,,,,,,,,,,,,,,,,,,,,,,,,,,,,,,,,
2146,0,0,0,0,0,0,0,1,1,1,0,0,0,0,0,0,0,0,0,1,1,1,,,,,,,0,,,,,,,,,,,,,,,,,,,,,,,,,,,
2147,0,0,0,0,0,0,0,1,1,1,0,1,1,1,0,0,0,0,0,1,0,0,0,1,1,,,,0,0,1,1,,,,1,1,1,,,,1,1,,,,1,,,,,,,,,
2148,0,0,0,0,0,0,0,0,0,0,0,0,0,0,0,0,0,0,0,0,,,,,,,,,,,,,,,,,,,,,,,,,,,,,,,,,,,,
2149,0,0,0,0,0,0,0,1,1,1,0,0,0,0,0,0,0,0,0,1,1,1,,,,,,,0,,,,,,,,,,,,,,,,,,,,,,,,,,,
214,0,0,0,0,0,0,0,0,0,0,0,0,0,0,0,0,0,1,0,0,,,,,,,,,,,,,,,,,,,,,,,,,,,,,,,,,,,,
2150,0,0,0,0,0,0,0,0,0,0,0,0,0,0,0,0,0,1,0,0,,,,,,,,,,,,,,,,,,,,,,,,,,,,,,,,,,,,
2151,0,0,0,0,0,0,0,0,0,0,0,0,0,0,0,0,0,0,0,0,,,,,,,,,,,,,,,,,,,,,,,,,,,,,,,,,,,,
2152,0,0,0,0,0,0,0,0,0,0,0,0,0,0,0,0,0,0,0,0,,,,,,,,,,,,,,,,,,,,,,,,,,,,,,,,,,,,
2153,0,0,0,0,0,0,0,1,1,1,0,1,1,1,0,0,0,0,0,1,1,1,1,1,1,,,,0,0,1,1,,,,1,1,1,,,,1,1,,,,0,,,,,,,,,
2154,0,0,0,0,0,0,0,0,0,0,0,0,0,0,0,0,0,0,0,0,,,,,,,,,,,,,,,,,,,,,,,,,,,,,,,,,,,,
2155,1,0,0,0,0,0,0,1,1,1,0,1,1,1,0,1,1,1,1,1,1,1,1,1,1,1,1,1,0,0,0,0,0,0,0,1,1,1,0,1,0,1,1,0,1,0,1,0,1,0,0,1,0,1,0,0
2156,0,0,0,0,0,0,0,1,1,1,0,0,0,0,0,0,0,0,0,1,1,1,,,,,,,1,,,,,,,,,,,,,,,,,,,,,,,,,,,
2157,0,0,0,0,0,0,0,0,0,0,0,0,0,0,0,0,0,0,0,0,,,,,,,,,,,,,,,,,,,,,,,,,,,,,,,,,,,,
2158,0,0,0,0,0,0,0,1,0,0,0,0,0,0,0,0,0,0,0,0,,,,,,,,,,,,,,,,,,,,,,,,,,,,,,,,,,,,
2159,0,0,0,0,0,0,0,0,0,0,0,0,0,0,0,0,0,0,0,0,,,,,,,,,,,,,,,,,,,,,,,,,,,,,,,,,,,,
215,0,0,0,0,0,0,0,0,0,0,0,0,0,0,0,0,0,0,0,0,,,,,,,,,,,,,,,,,,,,,,,,,,,,,,,,,,,,
2160,0,0,0,0,0,0,0,0,0,0,0,0,0,0,0,0,0,0,0,0,,,,,,,,,,,,,,,,,,,,,,,,,,,,,,,,,,,,
2161,0,0,0,0,0,0,0,0,0,0,0,0,0,0,0,0,0,0,0,0,,,,,,,,,,,,,,,,,,,,,,,,,,,,,,,,,,,,
2162,0,0,0,0,0,0,0,1,1,1,0,1,1,1,0,0,0,0,0,1,0,0,0,1,1,,,,0,0,1,1,,,,1,1,1,,,,1,1,,,,1,,,,,,,,,
2163,0,0,0,0,0,0,0,0,0,0,0,0,0,0,0,0,0,0,0,0,,,,,,,,,,,,,,,,,,,,,,,,,,,,,,,,,,,,
2164,0,0,0,0,0,0,0,1,1,1,0,0,0,0,0,0,0,0,0,1,1,1,,,,,,,0,,,,,,,,,,,,,,,,,,,,,,,,,,,
2165,0,0,0,0,0,0,0,1,1,1,0,0,0,0,0,0,0,0,0,1,1,1,,,,,,,1,,,,,,,,,,,,,,,,,,,,,,,,,,,
2166,0,0,0,0,0,0,0,0,0,0,0,0,0,0,0,0,0,0,0,0,,,,,,,,,,,,,,,,,,,,,,,,,,,,,,,,,,,,
2167,0,0,0,0,0,0,0,1,0,1,0,1,1,1,0,1,1,1,0,1,,1,1,1,1,1,1,,,,,,,,,1,1,1,1,1,,1,1,0,1,,1,0,1,,0,1,,1,,
2168,0,0,0,0,0,0,0,1,1,1,0,0,0,0,0,0,0,0,0,1,1,1,,,,,,,1,,,,,,,,,,,,,,,,,,,,,,,,,,,
2169,0,0,0,0,0,0,0,0,0,0,0,0,0,0,0,0,0,0,0,0,,,,,,,,,,,,,,,,,,,,,,,,,,,,,,,,,,,,
216,0,0,0,0,0,0,0,0,0,0,0,0,0,0,0,0,0,0,0,0,,,,,,,,,,,,,,,,,,,,,,,,,,,,,,,,,,,,
2170,0,0,0,0,0,0,0,1,0,1,0,1,1,1,0,1,1,1,0,1,,1,1,1,1,1,1,,,,,,,,,1,1,1,1,1,,1,1,0,1,,1,0,1,,0,1,,1,,
2171,0,0,0,0,0,0,0,1,0,1,0,0,0,0,0,0,0,0,0,0,,1,,,,,,,,,,,,,,,,,,,,,,,,,,,,,,,,,,
2172,0,0,0,0,0,0,0,0,0,0,0,0,0,0,0,0,0,0,0,0,,,,,,,,,,,,,,,,,,,,,,,,,,,,,,,,,,,,
2173,0,0,0,0,0,0,0,1,0,1,0,1,1,1,0,1,1,1,0,1,,1,1,1,1,1,1,,,,,,,,,0,1,1,0,1,,1,1,0,1,,1,0,1,,0,1,,1,,
2174,0,0,0,0,0,0,0,1,1,1,0,1,1,1,0,0,0,0,0,1,1,1,1,1,1,,,,1,1,1,1,,,,1,1,1,,,,1,1,,,,1,,,,,,,,,
2175,0,0,0,0,0,0,0,0,0,0,0,0,0,0,0,0,0,0,0,0,,,,,,,,,,,,,,,,,,,,,,,,,,,,,,,,,,,,
2176,0,0,0,0,0,0,0,0,0,0,0,0,0,0,0,0,0,0,0,0,,,,,,,,,,,,,,,,,,,,,,,,,,,,,,,,,,,,
2177,0,0,0,0,0,0,0,1,0,1,0,0,0,0,0,0,0,0,0,0,,1,,,,,,,,,,,,,,,,,,,,,,,,,,,,,,,,,,
2178,0,0,0,0,0,0,0,0,0,0,0,0,0,0,0,0,0,0,0,0,,,,,,,,,,,,,,,,,,,,,,,,,,,,,,,,,,,,
2179,0,0,0,0,0,0,0,0,0,0,0,0,0,0,0,0,0,0,0,0,,,,,,,,,,,,,,,,,,,,,,,,,,,,,,,,,,,,
217,0,0,0,0,0,0,0,0,0,0,0,1,1,1,0,0,1,0,0,0,,,,,,,,,,,,,,,,,,,,,,1,1,1,,,1,1,,,1,,,,,
2180,0,0,0,0,0,0,0,1,1,1,0,0,0,0,0,0,0,0,0,1,1,1,,,,,,,1,,,,,,,,,,,,,,,,,,,,,,,,,,,
2181,0,0,0,0,0,0,0,0,0,0,0,0,0,0,0,0,0,0,0,0,,,,,,,,,,,,,,,,,,,,,,,,,,,,,,,,,,,,
2182,0,0,0,0,0,0,0,1,1,1,0,0,0,0,0,0,0,0,0,1,1,1,,,,,,,0,,,,,,,,,,,,,,,,,,,,,,,,,,,
2183,0,0,0,0,0,0,0,1,1,1,0,0,0,0,0,0,0,0,0,1,1,1,,,,,,,1,,,,,,,,,,,,,,,,,,,,,,,,,,,
2184,0,0,0,0,0,0,0,0,0,0,0,0,0,0,0,0,0,0,0,0,,,,,,,,,,,,,,,,,,,,,,,,,,,,,,,,,,,,
2185,0,0,0,0,0,0,1,1,1,1,0,0,0,0,0,0,0,1,0,1,1,1,,,,,0,,1,,,,,0,,,,,,0,,,,,,,,,,,,,,,,
2186,0,0,0,0,0,0,0,1,0,1,0,0,0,0,0,0,0,0,1,0,,1,,,,,,1,,,,,,,,,,,,,0,,,,,,,,,,,,,,,
2187,0,0,0,0,0,0,0,0,0,0,0,0,0,0,0,0,0,0,0,0,,,,,,,,,,,,,,,,,,,,,,,,,,,,,,,,,,,,
2188,0,0,0,0,0,0,0,0,0,0,0,0,0,0,0,0,0,0,0,0,,,,,,,,,,,,,,,,,,,,,,,,,,,,,,,,,,,,
2189,0,0,0,0,0,0,0,1,1,1,0,0,0,0,0,0,0,0,0,1,1,1,,,,,,,1,,,,,,,,,,,,,,,,,,,,,,,,,,,
218,0,0,0,0,0,0,0,0,0,0,0,0,0,0,0,0,0,0,0,0,,,,,,,,,,,,,,,,,,,,,,,,,,,,,,,,,,,,
2190,0,0,0,0,0,0,0,0,0,0,0,0,0,0,0,0,0,0,0,0,,,,,,,,,,,,,,,,,,,,,,,,,,,,,,,,,,,,
2191,1,0,0,0,0,0,0,1,0,1,0,1,1,1,0,1,1,0,0,1,,1,1,1,1,1,,,,,,,,,,1,1,1,1,,,1,1,1,,,1,0,,,0,,,,,
2192,0,0,0,0,0,0,0,1,1,1,0,0,0,0,0,0,0,0,0,1,1,1,,,,,,,1,,,,,,,,,,,,,,,,,,,,,,,,,,,
2193,0,0,0,0,0,0,0,0,0,0,0,0,0,0,0,0,0,0,0,0,,,,,,,,,,,,,,,,,,,,,,,,,,,,,,,,,,,,
2194,0,0,0,0,0,0,0,1,0,0,0,0,0,0,0,0,0,0,0,0,,,,,,,,,,,,,,,,,,,,,,,,,,,,,,,,,,,,
2195,0,0,0,0,0,0,0,1,1,1,0,1,0,0,0,0,0,0,0,1,1,0,0,,,,,,0,0,,,,,,0,,,,,,,,,,,,,,,,,,,,
2196,0,0,0,0,0,0,0,0,0,0,0,0,0,0,0,0,0,0,0,0,,,,,,,,,,,,,,,,,,,,,,,,,,,,,,,,,,,,
2197,0,0,0,0,0,0,0,0,0,0,0,0,0,0,0,0,0,0,0,0,,,,,,,,,,,,,,,,,,,,,,,,,,,,,,,,,,,,
2198,0,0,0,0,0,0,0,1,1,1,0,1,0,0,0,0,0,0,0,1,1,0,0,,,,,,0,0,,,,,,0,,,,,,,,,,,,,,,,,,,,
2199,0,0,0,0,0,0,0,0,0,0,0,0,0,0,0,0,0,0,0,0,,,,,,,,,,,,,,,,,,,,,,,,,,,,,,,,,,,,
219,0,0,0,0,0,0,0,0,0,0,0,0,0,0,0,0,0,0,0,0,,,,,,,,,,,,,,,,,,,,,,,,,,,,,,,,,,,,
2200,0,0,0,0,0,0,0,0,0,0,0,0,0,0,0,0,0,0,0,0,,,,,,,,,,,,,,,,,,,,,,,,,,,,,,,,,,,,
2201,0,0,0,0,0,0,0,1,1,1,0,1,0,0,0,0,0,0,0,1,1,0,0,,,,,,0,0,,,,,,0,,,,,,,,,,,,,,,,,,,,
2202,0,0,0,0,0,0,0,0,0,0,0,0,0,0,0,0,0,0,0,0,,,,,,,,,,,,,,,,,,,,,,,,,,,,,,,,,,,,
2203,0,0,0,0,0,0,0,0,0,0,0,0,0,0,0,0,0,0,0,0,,,,,,,,,,,,,,,,,,,,,,,,,,,,,,,,,,,,
2204,0,0,0,0,0,0,0,1,1,1,0,1,0,0,0,0,0,0,0,1,1,0,0,,,,,,0,0,,,,,,0,,,,,,,,,,,,,,,,,,,,
2205,0,0,0,0,0,0,0,0,0,0,0,0,0,0,0,0,0,0,0,0,,,,,,,,,,,,,,,,,,,,,,,,,,,,,,,,,,,,
2206,0,0,0,0,0,0,0,0,0,0,0,0,0,0,0,0,0,0,0,0,,,,,,,,,,,,,,,,,,,,,,,,,,,,,,,,,,,,
2207,0,0,0,0,0,0,0,1,1,1,0,1,0,0,0,0,0,0,0,1,1,0,0,,,,,,0,0,,,,,,0,,,,,,,,,,,,,,,,,,,,
2208,0,0,0,0,0,0,0,0,0,0,0,0,0,0,0,0,0,0,0,0,,,,,,,,,,,,,,,,,,,,,,,,,,,,,,,,,,,,
2209,0,0,0,0,0,0,0,0,0,0,0,0,0,0,0,0,0,0,0,0,,,,,,,,,,,,,,,,,,,,,,,,,,,,,,,,,,,,
220,0,0,0,0,0,0,0,0,0,0,0,1,1,1,0,0,1,0,0,0,,,,,,,,,,,,,,,,,,,,,,1,1,1,,,1,1,,,1,,,,,
2210,0,0,0,0,0,0,0,1,1,1,0,1,0,0,0,0,0,0,0,1,1,0,0,,,,,,0,0,,,,,,0,,,,,,,,,,,,,,,,,,,,
2211,0,0,0,0,0,0,0,0,0,0,0,0,0,0,0,0,0,0,0,0,,,,,,,,,,,,,,,,,,,,,,,,,,,,,,,,,,,,
2212,0,0,0,0,0,0,0,0,0,0,0,0,0,0,0,0,0,0,0,0,,,,,,,,,,,,,,,,,,,,,,,,,,,,,,,,,,,,
2213,0,0,0,0,0,0,0,1,1,1,0,1,0,0,0,0,0,0,0,1,1,0,0,,,,,,0,0,,,,,,0,,,,,,,,,,,,,,,,,,,,
2214,0,0,0,0,0,0,0,0,0,0,0,0,0,0,0,0,0,0,0,0,,,,,,,,,,,,,,,,,,,,,,,,,,,,,,,,,,,,
2215,0,0,0,0,0,0,0,0,0,0,0,0,0,0,0,0,0,0,0,0,,,,,,,,,,,,,,,,,,,,,,,,,,,,,,,,,,,,
2216,0,0,0,0,0,0,0,1,1,1,0,1,0,0,0,0,0,0,0,1,1,0,0,,,,,,0,0,,,,,,0,,,,,,,,,,,,,,,,,,,,
2217,0,0,0,0,0,0,0,0,0,0,0,0,0,0,0,0,0,0,0,0,,,,,,,,,,,,,,,,,,,,,,,,,,,,,,,,,,,,
2218,0,0,0,0,0,0,0,0,0,0,0,0,0,0,0,0,0,0,0,0,,,,,,,,,,,,,,,,,,,,,,,,,,,,,,,,,,,,
2219,0,0,0,0,0,0,0,1,1,1,0,1,0,0,0,0,0,0,0,1,1,0,0,,,,,,0,0,,,,,,0,,,,,,,,,,,,,,,,,,,,
221,0,0,0,0,0,0,0,0,0,0,0,1,1,1,0,0,1,0,0,0,,,,,,,,,,,,,,,,,,,,,,1,1,1,,,1,1,,,1,,,,,
2220,0,0,0,0,0,0,0,0,0,0,0,0,0,0,0,0,0,0,0,0,,,,,,,,,,,,,,,,,,,,,,,,,,,,,,,,,,,,
2221,0,0,0,0,0,0,0,1,1,1,0,0,0,0,0,0,0,0,0,1,1,1,,,,,,,0,,,,,,,,,,,,,,,,,,,,,,,,,,,
2222,0,0,0,0,0,0,0,1,1,1,0,1,0,0,0,0,0,0,0,1,1,0,0,,,,,,0,0,,,,,,0,,,,,,,,,,,,,,,,,,,,
2223,0,0,0,0,0,0,0,0,0,0,0,0,0,0,0,0,0,0,0,0,,,,,,,,,,,,,,,,,,,,,,,,,,,,,,,,,,,,
2224,0,0,0,0,0,0,0,0,0,0,0,0,0,0,0,0,0,0,0,0,,,,,,,,,,,,,,,,,,,,,,,,,,,,,,,,,,,,
2225,0,0,0,0,0,0,0,1,1,1,0,1,0,0,0,0,0,0,0,1,1,0,0,,,,,,0,0,,,,,,0,,,,,,,,,,,,,,,,,,,,
2226,0,0,0,0,0,0,0,0,0,0,0,0,0,0,0,0,0,0,0,0,,,,,,,,,,,,,,,,,,,,,,,,,,,,,,,,,,,,
2227,0,0,0,0,0,0,0,1,0,1,0,0,0,0,0,0,0,0,0,1,,1,,,,,,,,,,,,,,,,,,,,,,,,,,,,,,,,,,
2228,0,0,0,0,0,0,0,1,1,1,0,1,0,0,0,0,0,0,0,1,1,0,0,,,,,,0,0,,,,,,0,,,,,,,,,,,,,,,,,,,,
2229,0,0,0,0,0,0,0,0,0,0,0,0,0,0,0,0,0,0,0,0,,,,,,,,,,,,,,,,,,,,,,,,,,,,,,,,,,,,
222,0,0,0,0,0,0,0,0,0,0,0,1,1,1,0,0,1,0,0,0,,,,,,,,,,,,,,,,,,,,,,1,1,1,,,1,1,,,1,,,,,
2230,0,0,0,0,0,0,0,0,0,0,0,0,0,0,0,0,0,0,0,0,,,,,,,,,,,,,,,,,,,,,,,,,,,,,,,,,,,,
2231,0,0,0,0,0,0,0,1,1,1,0,1,0,0,0,0,0,0,0,1,1,0,0,,,,,,0,0,,,,,,0,,,,,,,,,,,,,,,,,,,,
223,0,0,0,0,0,0,0,0,0,0,0,1,1,1,0,0,1,0,0,0,,,,,,,,,,,,,,,,,,,,,,1,1,1,,,1,1,,,0,,,,,
224,0,0,0,0,0,0,0,0,0,0,0,0,0,0,0,0,0,0,0,0,,,,,,,,,,,,,,,,,,,,,,,,,,,,,,,,,,,,
225,0,0,0,0,0,0,0,0,0,0,0,0,0,0,0,0,0,0,0,0,,,,,,,,,,,,,,,,,,,,,,,,,,,,,,,,,,,,
226,0,0,0,0,0,0,0,0,0,0,0,1,1,1,0,0,1,0,0,0,,,,,,,,,,,,,,,,,,,,,,1,1,1,,,1,1,,,1,,,,,
227,0,0,0,0,0,0,0,0,0,0,0,0,0,0,0,0,0,0,0,0,,,,,,,,,,,,,,,,,,,,,,,,,,,,,,,,,,,,
243,1,1,0,0,1,0,0,1,1,0,0,1,1,1,0,1,1,0,0,0,1,,1,1,1,1,,,,0,0,0,0,,,,,,,,,1,1,1,,,0,0,,,0,,,,,
244,0,0,0,0,0,0,0,1,0,1,0,1,1,0,1,1,1,0,0,0,,1,1,1,,1,,,,,,,,,,0,1,,0,,,1,,1,,,,0,,,,,,,,
245,0,0,0,0,0,0,0,0,0,0,0,0,0,0,0,0,0,0,1,0,,,,,,,,,,,,,,,,,,,,,,,,,,,,,,,,,,,,
246,0,0,0,0,0,0,0,0,0,1,0,0,1,1,0,0,1,1,0,0,,,,,,,,,,,,,,,,,1,1,1,1,,,,,,,1,1,1,,0,0,,0,,
247,0,0,0,0,0,0,0,0,0,0,0,0,0,0,0,0,0,0,0,0,,,,,,,,,,,,,,,,,,,,,,,,,,,,,,,,,,,,
248,0,0,0,0,0,0,0,0,0,0,0,0,0,0,0,0,0,0,0,0,,,,,,,,,,,,,,,,,,,,,,,,,,,,,,,,,,,,
249,0,0,0,0,0,0,0,0,0,0,0,0,0,0,0,0,0,0,0,0,,,,,,,,,,,,,,,,,,,,,,,,,,,,,,,,,,,,
250,1,1,0,0,1,0,0,1,0,0,0,1,0,0,0,1,1,0,0,0,,,1,,,1,,,,,,,,,,,,,,,,,,1,,,,,,,,,,,,
251,0,0,0,0,0,0,0,0,0,0,0,0,0,0,0,0,0,0,0,0,,,,,,,,,,,,,,,,,,,,,,,,,,,,,,,,,,,,
252,0,0,0,0,0,0,0,0,0,1,0,1,1,1,0,0,1,0,0,0,,,,,,,,,,,,,,,,1,1,1,1,,,1,1,1,,,1,0,,,0,,,,,
253,1,0,0,0,0,0,0,1,1,1,0,1,1,1,0,1,1,1,1,1,1,1,1,1,1,1,1,1,0,0,0,0,0,0,0,1,1,1,1,1,1,1,1,0,1,1,1,0,1,1,0,1,1,1,1,1
254,0,0,0,0,0,0,0,0,0,0,0,1,1,0,0,0,0,0,0,0,,,,,,,,,,,,,,,,,,,,,,1,,,,,,,,,,,,,,
255,0,1,1,0,1,0,0,1,1,1,0,1,1,1,0,0,1,0,0,0,1,0,1,1,1,1,,,0,1,1,1,1,,,1,1,1,1,,,1,1,0,,,1,0,,,0,,,,,
256,0,0,0,0,0,0,0,1,0,1,0,0,0,0,0,0,0,0,0,0,,1,,,,,,,,,,,,,,,,,,,,,,,,,,,,,,,,,,
257,1,1,0,0,1,0,0,1,1,0,0,1,0,0,0,1,1,0,0,0,1,,1,,,1,,,,0,,,0,,,,,,,,,,,1,,,,,,,,,,,,
258,0,0,0,0,0,0,0,1,0,0,1,0,1,0,0,1,1,0,1,0,,,,1,,1,,1,,,,,,,,,,,,,,,,,,,,0,,0,,,,,0,
259,0,0,0,0,0,0,0,0,0,1,0,1,1,1,0,0,1,0,0,0,,,,,,,,,,,,,,,,1,1,1,1,,,1,1,1,,,1,0,,,0,,,,,
260,1,0,0,0,0,0,0,1,0,1,0,1,1,1,0,1,1,0,0,1,,1,1,1,1,1,,,,,,,,,,1,1,1,1,,,1,1,1,,,1,0,,,0,,,,,
261,0,0,0,0,0,0,0,0,0,0,0,1,1,1,0,0,1,0,0,0,,,,,,,,,,,,,,,,,,,,,,1,1,1,,,1,1,,,1,,,,,
262,0,1,1,0,1,0,0,1,1,1,0,1,1,1,0,0,1,0,0,0,1,0,1,1,1,1,,,0,1,1,1,1,,,1,1,1,1,,,1,0,0,,,0,0,,,0,,,,,
263,0,0,0,0,0,0,0,0,0,1,0,1,0,1,0,0,1,0,0,0,,,,,,,,,,,,,,,,1,,1,1,,,,1,1,,,,,,,0,,,,,
265,0,0,0,0,0,0,0,0,0,0,0,0,0,0,0,0,0,0,0,0,,,,,,,,,,,,,,,,,,,,,,,,,,,,,,,,,,,,
266,0,0,0,0,0,0,0,0,0,1,0,1,1,1,0,0,1,0,0,0,,,,,,,,,,,,,,,,1,1,1,1,,,1,1,1,,,1,1,,,1,,,,,
267,1,0,0,0,0,0,0,1,0,1,0,1,1,1,0,1,1,1,1,0,,1,1,1,1,1,1,1,,,,,,,,1,1,1,1,1,1,1,1,0,1,1,1,0,1,1,0,1,1,1,1,1
268,0,0,0,0,0,0,0,0,0,0,0,1,1,1,0,0,1,0,0,0,,,,,,,,,,,,,,,,,,,,,,1,1,1,,,1,1,,,1,,,,,
269,0,0,0,0,0,0,0,0,0,1,0,0,1,1,0,0,1,0,0,0,,,,,,,,,,,,,,,,,1,1,1,,,,,,,,1,0,,,0,,,,,
270,1,1,0,0,1,0,0,1,1,0,0,1,1,1,0,1,1,0,0,0,1,,1,1,1,1,,,,0,0,0,0,,,,,,,,,1,1,1,,,0,0,,,0,,,,,
271,0,0,0,0,0,0,0,0,1,1,0,1,0,0,0,0,0,0,0,0,,,,,,,,,0,1,,,,,,1,,,,,,,,,,,,,,,,,,,,
272,0,0,0,0,0,0,0,0,0,1,0,1,1,1,0,0,1,1,0,0,,,,,,,,,,,,,,,,1,1,1,1,0,,1,1,1,0,,1,1,0,,1,0,,0,,
273,1,0,0,0,0,0,0,1,0,1,0,1,1,1,0,1,1,1,1,1,,1,1,1,1,1,1,1,,,,,,,,1,1,1,1,1,1,1,1,0,1,1,1,0,1,1,0,1,1,1,1,1
274,0,0,0,0,0,0,0,0,0,0,0,1,1,1,0,0,1,0,0,0,,,,,,,,,,,,,,,,,,,,,,1,1,1,,,1,1,,,0,,,,,
275,0,0,0,0,0,0,0,0,1,0,0,1,1,1,0,1,1,1,0,0,,,,,,,,,,0,0,0,0,1,,,,,,,,1,1,1,1,,1,0,1,,0,1,,1,,
276,0,0,0,0,0,0,0,0,0,0,0,0,0,0,0,0,0,1,0,0,,,,,,,,,,,,,,,,,,,,,,,,,,,,,,,,,,,,
277,1,0,0,0,0,0,0,1,0,1,0,1,1,1,0,1,1,1,0,1,,1,1,1,1,1,1,,,,,,,,,1,1,1,1,1,,1,1,0,1,,1,0,1,,0,1,,1,,
278,0,0,0,0,0,0,0,0,0,0,0,0,0,0,0,0,0,1,0,0,,,,,,,,,,,,,,,,,,,,,,,,,,,,,,,,,,,,
279,0,0,0,0,0,0,0,0,0,0,0,0,0,0,0,0,0,0,0,0,,,,,,,,,,,,,,,,,,,,,,,,,,,,,,,,,,,,
280,0,0,0,0,0,0,0,0,0,0,0,0,0,0,0,0,0,0,0,0,,,,,,,,,,,,,,,,,,,,,,,,,,,,,,,,,,,,
281,1,0,0,0,0,0,0,1,0,1,0,1,1,1,0,1,1,1,1,1,,1,1,1,1,1,1,1,,,,,,,,1,1,1,1,1,1,1,1,0,1,1,1,0,1,1,0,1,1,1,1,1
282,0,0,0,0,0,0,0,0,0,0,0,1,1,1,0,0,1,0,0,0,,,,,,,,,,,,,,,,,,,,,,1,1,1,,,1,1,,,1,,,,,
283,0,0,0,0,0,0,0,0,1,0,0,1,1,1,0,1,1,1,0,0,,,,,,,,,,0,0,0,0,1,,,,,,,,1,1,1,1,,1,0,1,,0,1,,1,,
284,0,0,0,0,0,0,0,0,0,0,0,0,0,0,0,0,0,1,0,0,,,,,,,,,,,,,,,,,,,,,,,,,,,,,,,,,,,,
285,1,0,0,0,0,0,0,1,0,1,0,1,1,1,0,1,1,1,1,1,,1,1,1,1,1,1,1,,,,,,,,1,1,1,1,1,1,1,1,0,1,1,1,0,1,1,0,1,1,1,1,1
286,0,0,0,0,0,0,0,0,0,0,0,1,1,1,0,0,1,0,0,0,,,,,,,,,,,,,,,,,,,,,,1,1,1,,,1,1,,,1,,,,,
287,0,0,0,0,0,0,0,0,0,0,0,1,0,1,0,1,1,0,0,0,,,,,,,,,,,,,,,,,,,,,,,1,1,,,,,,,0,,,,,
288,1,0,0,0,0,0,0,1,0,1,0,1,1,1,0,1,1,1,1,1,,1,1,1,1,1,1,1,,,,,,,,1,1,1,1,1,1,1,1,1,1,1,1,0,1,1,0,1,1,1,1,1
289,0,0,0,0,0,0,0,0,0,0,0,0,0,0,0,0,0,0,0,0,,,,,,,,,,,,,,,,,,,,,,,,,,,,,,,,,,,,
290,0,0,0,0,0,0,0,0,1,0,0,1,1,1,0,1,1,1,0,0,,,,,,,,,,0,1,0,1,1,,,,,,,,1,1,1,1,,0,0,0,,1,1,,1,,
291,1,0,0,0,0,0,0,1,1,1,0,1,1,1,0,1,1,0,0,0,1,1,1,1,1,1,,,0,0,0,0,0,,,0,0,0,0,,,1,1,1,,,1,0,,,0,,,,,
292,0,0,0,0,0,0,0,0,0,0,0,1,1,1,0,0,1,0,0,0,,,,,,,,,,,,,,,,,,,,,,1,1,1,,,1,1,,,1,,,,,
293,0,0,0,0,0,0,0,0,0,0,0,1,1,1,0,1,1,0,0,0,,,,,,,,,,,,,,,,,,,,,,1,1,0,,,1,0,,,0,,,,,
294,0,0,0,0,0,0,0,0,0,0,0,1,1,1,0,0,1,0,0,0,,,,,,,,,,,,,,,,,,,,,,1,1,1,,,1,1,,,1,,,,,
295,0,0,0,0,0,0,0,0,1,1,1,1,1,1,0,1,1,0,1,0,,,,,,,,,0,0,1,0,0,,0,1,1,1,1,,1,1,1,1,,1,0,0,,0,0,,0,,1,
296,0,0,0,0,0,0,0,0,0,0,0,1,1,1,0,0,1,0,0,0,,,,,,,,,,,,,,,,,,,,,,1,1,1,,,1,1,,,0,,,,,
297,0,0,0,0,0,0,0,0,1,1,1,1,1,1,0,1,1,0,1,0,,,,,,,,,0,0,1,0,0,,0,1,1,1,1,,1,1,1,1,,1,0,0,,0,0,,0,,1,
298,0,0,0,0,0,0,0,0,0,0,0,1,1,1,0,0,1,0,0,0,,,,,,,,,,,,,,,,,,,,,,1,1,1,,,1,1,,,1,,,,,
299,0,0,0,0,0,0,0,0,0,0,0,1,1,1,0,0,1,0,0,0,,,,,,,,,,,,,,,,,,,,,,1,1,1,,,1,1,,,1,,,,,
300,0,0,0,0,0,0,0,0,0,0,0,1,1,1,0,0,1,0,0,0,,,,,,,,,,,,,,,,,,,,,,1,1,1,,,1,1,,,1,,,,,
301,0,0,0,0,0,0,0,0,0,0,0,0,0,0,0,0,0,0,0,0,,,,,,,,,,,,,,,,,,,,,,,,,,,,,,,,,,,,
303,0,0,0,0,0,0,0,0,0,0,0,0,0,0,0,0,0,0,0,0,,,,,,,,,,,,,,,,,,,,,,,,,,,,,,,,,,,,
304,0,0,0,0,0,0,0,0,1,1,0,0,0,0,0,0,0,0,0,0,,,,,,,,,0,,,,,,,,,,,,,,,,,,,,,,,,,,,
305,0,0,0,0,0,0,0,0,0,0,0,0,0,0,0,0,0,0,0,0,,,,,,,,,,,,,,,,,,,,,,,,,,,,,,,,,,,,
306,0,0,0,0,0,0,0,0,0,0,0,0,0,0,0,0,0,0,0,0,,,,,,,,,,,,,,,,,,,,,,,,,,,,,,,,,,,,
307,0,0,0,0,0,0,0,0,0,0,0,0,0,0,0,0,0,0,0,0,,,,,,,,,,,,,,,,,,,,,,,,,,,,,,,,,,,,
308,0,0,0,0,0,0,0,0,0,1,0,0,0,0,0,0,0,0,0,0,,,,,,,,,,,,,,,,,,,,,,,,,,,,,,,,,,,,
309,0,0,0,0,0,0,0,0,0,0,0,0,0,0,0,0,0,0,0,0,,,,,,,,,,,,,,,,,,,,,,,,,,,,,,,,,,,,
310,0,0,0,0,0,0,0,0,0,0,0,0,0,0,0,0,0,0,0,0,,,,,,,,,,,,,,,,,,,,,,,,,,,,,,,,,,,,
311,0,0,0,0,0,0,0,0,0,0,0,0,0,0,0,0,0,0,0,0,,,,,,,,,,,,,,,,,,,,,,,,,,,,,,,,,,,,
312,0,0,0,0,0,0,0,0,0,0,0,0,0,0,0,0,0,0,0,0,,,,,,,,,,,,,,,,,,,,,,,,,,,,,,,,,,,,
313,0,0,0,0,0,0,0,0,0,0,0,0,0,0,0,0,0,0,0,0,,,,,,,,,,,,,,,,,,,,,,,,,,,,,,,,,,,,
314,0,0,0,0,0,0,0,0,0,0,0,0,0,0,0,0,0,0,0,0,,,,,,,,,,,,,,,,,,,,,,,,,,,,,,,,,,,,
315,0,0,0,0,0,0,0,0,0,0,0,0,0,0,0,0,0,0,0,0,,,,,,,,,,,,,,,,,,,,,,,,,,,,,,,,,,,,
316,0,0,0,0,0,0,0,0,0,0,0,0,0,0,0,0,0,0,0,0,,,,,,,,,,,,,,,,,,,,,,,,,,,,,,,,,,,,
317,0,0,0,0,0,0,0,0,0,0,0,0,0,0,0,0,0,0,0,0,,,,,,,,,,,,,,,,,,,,,,,,,,,,,,,,,,,,
318,0,0,0,0,0,0,0,0,0,0,0,0,0,0,0,0,0,0,0,0,,,,,,,,,,,,,,,,,,,,,,,,,,,,,,,,,,,,
319,0,0,0,0,0,0,0,0,0,0,0,0,0,0,0,0,0,0,0,0,,,,,,,,,,,,,,,,,,,,,,,,,,,,,,,,,,,,
320,0,0,0,0,0,0,0,0,0,0,0,0,0,0,0,0,0,0,0,0,,,,,,,,,,,,,,,,,,,,,,,,,,,,,,,,,,,,
321,0,0,0,0,0,0,0,0,0,0,0,0,0,0,0,0,0,0,0,0,,,,,,,,,,,,,,,,,,,,,,,,,,,,,,,,,,,,
322,0,0,0,0,0,0,0,1,0,1,1,0,1,1,0,1,1,0,1,0,,1,,1,1,1,,1,,,,,,,,,0,0,0,,1,,,,,,1,0,,1,0,,1,,1,
323,0,0,0,0,0,0,0,0,0,1,0,0,0,0,0,0,0,0,0,0,,,,,,,,,,,,,,,,,,,,,,,,,,,,,,,,,,,,
324,0,0,0,0,0,0,0,0,0,1,1,1,1,1,0,0,1,1,0,0,,,,,,,,,,,,,,,,0,0,0,0,0,,1,1,1,1,,1,1,0,,1,0,,0,,
325,0,0,0,0,0,0,0,0,0,0,0,0,0,0,0,0,0,0,0,0,,,,,,,,,,,,,,,,,,,,,,,,,,,,,,,,,,,,
326,0,0,0,0,0,0,0,0,1,1,0,1,0,1,0,0,1,1,1,0,,,,,,,,,1,0,,1,1,0,1,0,,1,1,0,0,,1,1,0,1,,,,,1,0,0,0,0,1
327,1,1,1,1,0,0,0,1,1,1,0,1,1,1,1,0,1,0,1,0,0,1,1,1,1,1,,0,1,1,1,1,1,,1,0,0,0,1,,0,1,1,1,,0,1,1,,0,1,,0,,0,
328,0,0,0,0,0,0,0,0,0,0,0,0,0,0,0,0,0,0,0,0,,,,,,,,,,,,,,,,,,,,,,,,,,,,,,,,,,,,
329,0,0,0,0,0,0,0,0,1,0,0,0,0,0,0,0,0,0,0,0,,,,,,,,,,,,,,,,,,,,,,,,,,,,,,,,,,,,
330,0,0,0,0,0,0,0,0,0,0,0,0,0,0,0,0,0,0,0,0,,,,,,,,,,,,,,,,,,,,,,,,,,,,,,,,,,,,
331,0,1,0,0,0,0,0,0,0,0,0,0,0,0,0,0,0,1,1,0,,,,,,,,,,,,,,,,,,,,,,,,,,,,,,,,,,,,0
332,0,0,0,0,0,0,0,0,0,0,0,0,0,0,0,0,0,0,0,0,,,,,,,,,,,,,,,,,,,,,,,,,,,,,,,,,,,,
333,0,0,0,0,0,0,0,1,0,1,1,1,1,1,0,1,1,0,1,0,,1,1,1,1,1,,1,,,,,,,,0,0,0,0,,0,1,1,0,,1,1,0,,1,0,,1,,1,
334,0,0,0,0,0,0,0,0,0,1,0,0,0,0,0,0,0,0,0,0,,,,,,,,,,,,,,,,,,,,,,,,,,,,,,,,,,,,
335,0,0,0,0,0,0,0,0,0,0,0,0,0,0,0,0,0,0,0,0,,,,,,,,,,,,,,,,,,,,,,,,,,,,,,,,,,,,
350,0,0,0,0,0,0,0,0,0,0,0,0,0,0,0,0,0,0,0,0,,,,,,,,,,,,,,,,,,,,,,,,,,,,,,,,,,,,
351,0,0,0,0,0,0,0,0,0,0,0,0,0,0,0,0,0,0,0,0,,,,,,,,,,,,,,,,,,,,,,,,,,,,,,,,,,,,
352,0,0,0,0,0,0,0,1,1,1,1,0,1,1,0,1,1,0,1,0,1,0,,1,1,1,,1,0,,1,1,1,,0,,1,1,1,,1,,,,,,0,0,,0,0,,0,,0,
353,0,0,0,0,0,0,0,1,0,0,0,0,0,0,0,0,0,0,0,0,,,,,,,,,,,,,,,,,,,,,,,,,,,,,,,,,,,,
354,0,0,0,0,0,0,0,0,1,1,0,0,0,0,0,0,0,0,0,0,,,,,,,,,1,,,,,,,,,,,,,,,,,,,,,,,,,,,
355,0,0,0,0,0,0,0,0,0,0,0,0,0,0,0,0,0,0,0,0,,,,,,,,,,,,,,,,,,,,,,,,,,,,,,,,,,,,
356,0,0,0,0,0,0,0,0,0,0,0,0,0,0,0,0,0,0,0,0,,,,,,,,,,,,,,,,,,,,,,,,,,,,,,,,,,,,
357,0,0,0,0,0,0,0,0,0,0,0,0,0,0,0,0,0,0,0,0,,,,,,,,,,,,,,,,,,,,,,,,,,,,,,,,,,,,
358,0,0,0,0,0,0,0,1,1,1,0,1,1,1,0,1,1,0,0,0,1,0,1,1,1,1,,,0,0,0,0,0,,,1,1,1,1,,,1,1,0,,,1,0,,,0,,,,,
359,0,0,0,0,0,0,0,0,0,0,0,1,1,1,0,0,1,0,0,0,,,,,,,,,,,,,,,,,,,,,,1,1,1,,,1,0,,,0,,,,,
35,0,0,0,0,0,0,0,0,1,1,0,0,0,0,0,0,0,1,1,0,,,,,,,,,0,,,,,0,0,,,,,0,0,,,,,,,,,,,,,,,0
360,0,0,0,0,0,0,0,0,0,0,0,0,0,0,0,0,0,0,0,0,,,,,,,,,,,,,,,,,,,,,,,,,,,,,,,,,,,,
361,0,0,0,0,0,0,0,1,1,1,0,1,1,1,0,0,1,1,0,0,1,1,1,1,1,1,1,,0,0,0,0,0,0,,0,0,0,0,0,,1,1,1,1,,0,0,0,,0,0,,0,,
362,0,0,0,0,0,0,0,0,0,0,0,0,0,0,0,0,0,0,0,0,,,,,,,,,,,,,,,,,,,,,,,,,,,,,,,,,,,,
363,0,0,0,0,0,0,0,1,0,1,1,1,1,1,0,1,1,0,1,0,,1,1,1,1,1,,1,,,,,,,,0,0,0,0,,0,1,1,0,,1,1,0,,1,0,,1,,1,
365,0,0,0,0,0,0,0,1,1,1,0,0,0,0,0,0,0,0,0,0,0,0,,,,,,,1,,,,,,,,,,,,,,,,,,,,,,,,,,,
366,0,0,0,0,0,0,0,0,0,0,0,0,0,0,0,0,0,0,0,0,,,,,,,,,,,,,,,,,,,,,,,,,,,,,,,,,,,,
367,0,0,0,0,0,0,0,0,0,0,0,0,0,0,0,0,0,0,0,0,,,,,,,,,,,,,,,,,,,,,,,,,,,,,,,,,,,,
368,1,1,1,1,0,0,0,1,1,1,0,1,1,1,1,0,1,0,1,0,1,1,1,1,1,1,,0,0,0,0,0,1,,0,0,0,0,1,,0,1,1,1,,0,1,1,,0,1,,0,,0,
369,0,0,0,0,0,0,0,0,0,0,0,0,0,0,0,0,0,0,0,0,,,,,,,,,,,,,,,,,,,,,,,,,,,,,,,,,,,,
36,0,0,0,0,0,0,0,0,1,1,0,0,0,0,0,0,0,1,1,0,,,,,,,,,1,,,,,0,0,,,,,0,0,,,,,,,,,,,,,,,0
370,0,1,0,0,0,0,0,0,1,1,0,0,0,0,0,0,0,0,0,0,,,,,,,,,0,,,,,,,,,,,,,,,,,,,,,,,,,,,
371,0,0,0,0,0,0,0,0,1,0,0,1,0,0,0,0,0,1,0,0,,,,,,,,,,0,,,,1,,,,,,,,,,,1,,,,,,,,,,,
372,0,0,0,0,0,0,0,0,0,0,0,0,0,0,0,0,0,0,0,0,,,,,,,,,,,,,,,,,,,,,,,,,,,,,,,,,,,,
373,0,0,0,0,0,0,0,0,0,0,0,0,0,0,0,0,0,0,0,0,,,,,,,,,,,,,,,,,,,,,,,,,,,,,,,,,,,,
374,1,1,0,0,0,0,0,1,1,1,0,1,1,1,0,0,1,1,1,0,1,1,0,1,1,1,0,0,1,0,1,1,1,0,0,0,1,1,1,0,0,1,1,1,1,0,1,0,0,0,0,0,0,0,0,0
375,0,0,0,0,0,0,0,0,0,0,0,0,0,0,0,0,0,0,0,0,,,,,,,,,,,,,,,,,,,,,,,,,,,,,,,,,,,,
376,0,0,0,0,0,0,0,0,1,1,0,0,0,0,0,0,0,0,0,0,,,,,,,,,1,,,,,,,,,,,,,,,,,,,,,,,,,,,
377,0,0,0,0,0,0,0,0,1,1,0,0,0,0,0,0,0,0,0,0,,,,,,,,,0,,,,,,,,,,,,,,,,,,,,,,,,,,,
378,0,0,0,0,0,0,0,0,1,1,1,1,0,1,0,0,1,1,1,0,,,,,,,,,0,0,,0,0,0,0,0,,1,1,0,0,,1,1,0,1,,,,,1,0,0,0,0,1
379,0,0,0,0,0,0,0,0,0,0,0,0,0,0,0,0,0,0,0,0,,,,,,,,,,,,,,,,,,,,,,,,,,,,,,,,,,,,
37,0,0,0,0,0,0,0,0,1,0,0,1,1,1,1,1,1,1,0,0,,,,,,,,,,0,0,1,1,1,,,,,,,,0,1,1,1,,1,1,1,,0,1,,1,,
380,0,0,0,0,0,0,0,0,0,0,0,0,0,0,0,0,0,0,0,0,,,,,,,,,,,,,,,,,,,,,,,,,,,,,,,,,,,,
381,0,0,0,0,0,0,0,0,0,0,0,0,0,0,0,0,0,0,0,0,,,,,,,,,,,,,,,,,,,,,,,,,,,,,,,,,,,,
382,1,1,1,0,0,0,0,0,0,0,0,1,0,0,0,0,0,0,0,0,,,,,,,,,,,,,,,,,,,,,,,,,,,,,,,,,,,,
383,0,0,0,0,0,0,0,0,0,0,0,0,0,0,0,0,0,0,0,0,,,,,,,,,,,,,,,,,,,,,,,,,,,,,,,,,,,,
384,0,0,0,0,0,0,0,0,0,0,0,0,0,0,0,0,0,0,0,0,,,,,,,,,,,,,,,,,,,,,,,,,,,,,,,,,,,,
410,0,0,0,0,0,0,0,0,0,0,0,0,0,0,0,0,0,0,0,0,,,,,,,,,,,,,,,,,,,,,,,,,,,,,,,,,,,,
411,0,0,0,0,0,0,0,0,0,0,0,0,0,0,0,0,0,0,0,0,,,,,,,,,,,,,,,,,,,,,,,,,,,,,,,,,,,,
412,0,0,0,0,0,0,0,0,0,0,0,0,0,0,0,0,0,0,0,0,,,,,,,,,,,,,,,,,,,,,,,,,,,,,,,,,,,,
414,0,0,0,0,0,0,0,0,0,0,0,0,0,0,0,0,0,0,0,0,,,,,,,,,,,,,,,,,,,,,,,,,,,,,,,,,,,,
415,0,0,0,0,0,0,0,0,0,0,0,0,0,0,0,0,0,0,0,0,,,,,,,,,,,,,,,,,,,,,,,,,,,,,,,,,,,,
416,0,0,0,0,0,0,0,0,0,0,0,0,0,0,0,0,0,0,0,0,,,,,,,,,,,,,,,,,,,,,,,,,,,,,,,,,,,,
417,0,0,0,0,1,0,0,0,1,0,0,1,0,0,0,0,0,1,0,0,,,,,,,,,,0,,,,0,,,,,,,,,,,0,,,,,,,,,,,
418,0,0,0,0,0,0,0,0,0,0,0,0,0,0,0,0,0,0,0,0,,,,,,,,,,,,,,,,,,,,,,,,,,,,,,,,,,,,
419,0,0,0,0,0,0,0,1,1,0,0,1,1,1,0,0,1,0,0,0,1,,0,1,1,1,,,,0,0,0,0,,,,,,,,,1,1,1,,,0,0,,,0,,,,,
420,0,0,0,0,0,0,0,1,1,1,0,0,0,0,0,0,0,0,0,0,0,0,,,,,,,1,,,,,,,,,,,,,,,,,,,,,,,,,,,
421,0,0,0,0,0,0,0,0,0,0,0,0,0,0,0,0,0,0,0,0,,,,,,,,,,,,,,,,,,,,,,,,,,,,,,,,,,,,
422,0,0,0,0,0,0,0,0,0,1,0,1,1,1,0,0,0,0,0,0,,,,,,,,,,,,,,,,0,1,0,,,,1,0,,,,0,,,,,,,,,
423,1,1,1,1,0,0,0,1,1,1,0,1,1,1,1,0,1,0,1,0,0,1,1,1,1,1,,0,1,1,1,1,1,,1,0,0,0,0,,0,1,1,1,,0,0,1,,0,1,,0,,0,
424,0,0,0,0,0,0,0,1,1,1,0,1,1,1,0,1,1,0,0,0,1,0,1,1,1,1,,,0,0,0,0,0,,,1,1,1,1,,,1,1,1,,,1,0,,,0,,,,,
425,1,0,0,0,0,0,0,1,1,0,0,1,1,0,1,0,0,0,0,0,1,,0,0,,,,,,0,0,,,,,,,,,,,1,,,,,,,,,,,,,,
426,1,1,1,0,0,0,0,1,1,1,0,1,1,1,0,0,1,1,1,0,1,0,0,0,0,0,1,0,0,0,0,0,0,1,0,1,1,1,1,1,1,1,1,1,1,1,1,0,1,0,0,1,0,1,0,0
427,0,0,0,0,0,0,0,1,1,1,0,1,1,1,0,0,1,1,0,0,1,1,1,1,1,1,1,,0,0,0,0,0,0,,0,0,0,0,0,,1,1,1,1,,0,0,0,,0,0,,0,,
428,0,0,0,0,0,0,0,0,0,0,0,0,0,0,0,0,0,0,0,0,,,,,,,,,,,,,,,,,,,,,,,,,,,,,,,,,,,,
429,0,0,0,0,0,0,0,1,0,1,1,1,1,1,0,1,1,0,1,0,,1,1,1,1,1,,1,,,,,,,,0,0,0,0,,0,1,1,0,,1,1,0,,1,0,,1,,1,
430,0,0,0,0,0,0,0,0,0,1,0,1,1,0,0,0,1,0,0,1,,,,,,,,,,,,,,,,1,1,,1,,,1,,1,,,,0,,,,,,,,
431,0,0,0,0,0,0,0,0,0,1,1,1,1,1,0,0,1,1,0,0,,,,,,,,,,,,,,,,0,0,0,0,0,,1,1,1,1,,1,1,0,,1,0,,0,,
432,0,0,0,0,0,0,0,0,0,0,0,0,0,0,0,0,0,0,0,0,,,,,,,,,,,,,,,,,,,,,,,,,,,,,,,,,,,,
433,0,0,0,0,0,0,0,0,0,1,0,1,1,1,0,0,0,0,0,0,,,,,,,,,,,,,,,,0,1,0,,,,1,0,,,,0,,,,,,,,,
434,1,1,1,1,0,0,0,1,1,1,0,1,1,1,1,0,1,0,1,0,0,1,1,1,1,1,,0,1,1,1,1,1,,1,0,0,0,1,,0,1,1,1,,0,1,1,,0,1,,0,,0,
435,0,0,0,0,0,0,0,0,1,1,0,1,0,0,0,0,0,0,0,0,,,,,,,,,0,0,,,,,,1,,,,,,,,,,,,,,,,,,,,
436,0,0,0,0,0,1,0,1,1,1,1,1,1,1,0,1,1,0,1,0,1,1,1,1,1,1,,1,0,0,0,0,0,,0,0,0,0,0,,0,1,1,0,,1,1,0,,0,0,,0,,1,
437,0,0,0,0,0,0,0,0,0,0,0,0,0,0,0,0,0,0,0,0,,,,,,,,,,,,,,,,,,,,,,,,,,,,,,,,,,,,
438,0,0,0,0,0,0,0,1,0,1,0,1,1,0,0,1,1,0,0,0,,1,1,1,,1,,,,,,,,,,0,0,,1,,,1,,1,,,,1,,,,,,,,
439,0,0,0,0,0,0,0,0,0,0,0,0,0,0,0,0,0,0,0,0,,,,,,,,,,,,,,,,,,,,,,,,,,,,,,,,,,,,
43,0,0,0,0,0,0,0,0,1,0,0,0,0,0,0,0,0,0,0,1,,,,,,,,,,,,,,,,,,,,,,,,,,,,,,,,,,,,
440,0,0,0,0,0,0,0,0,0,0,0,0,0,0,0,0,0,0,0,0,,,,,,,,,,,,,,,,,,,,,,,,,,,,,,,,,,,,
441,0,0,0,0,0,0,0,0,0,1,0,0,0,0,0,0,0,0,0,0,,,,,,,,,,,,,,,,,,,,,,,,,,,,,,,,,,,,
442,0,0,0,0,0,0,0,0,0,0,0,0,0,0,0,0,0,0,0,0,,,,,,,,,,,,,,,,,,,,,,,,,,,,,,,,,,,,
443,1,1,1,1,0,0,0,1,1,1,0,1,1,1,1,0,0,0,1,0,0,1,1,1,1,,,0,1,1,1,1,,,1,0,0,0,,,0,1,1,,,0,0,,,0,,,0,,,
444,0,0,0,0,0,0,0,1,0,0,0,1,1,1,0,0,0,1,1,0,,,1,1,1,,0,1,,,,,,,,,,,,,,0,1,,0,0,1,,0,0,,0,0,,,1
445,0,0,0,0,0,0,0,0,0,0,0,1,0,0,0,0,0,0,0,0,,,,,,,,,,,,,,,,,,,,,,,,,,,,,,,,,,,,
446,1,1,1,0,0,0,0,0,1,1,0,1,0,0,0,0,0,1,0,0,,,,,,,,,1,1,,,,1,,1,,,,1,,,,,1,,,,,,,,,,,
447,0,0,0,0,0,0,0,0,1,1,0,1,1,1,0,0,0,1,1,1,,,,,,,,,1,1,1,1,,1,1,1,1,1,,1,1,1,1,,1,1,0,,1,0,,1,0,,,0
448,0,0,0,0,0,0,0,0,0,0,0,0,0,0,0,0,0,0,0,0,,,,,,,,,,,,,,,,,,,,,,,,,,,,,,,,,,,,
449,0,1,1,0,1,0,0,0,1,1,0,1,1,0,0,0,0,0,0,0,,,,,,,,,1,1,1,,,,,1,1,,,,,1,,,,,,,,,,,,,,
44,0,0,0,0,0,0,0,0,1,0,0,0,0,0,0,0,0,0,0,1,,,,,,,,,,,,,,,,,,,,,,,,,,,,,,,,,,,,
450,0,0,0,0,0,0,0,0,0,1,0,0,0,0,0,0,0,0,0,0,,,,,,,,,,,,,,,,,,,,,,,,,,,,,,,,,,,,
451,0,0,0,0,0,0,0,0,0,0,0,0,0,0,0,0,0,0,0,0,,,,,,,,,,,,,,,,,,,,,,,,,,,,,,,,,,,,
452,0,0,0,0,0,0,0,0,0,0,0,0,0,0,0,0,0,0,0,0,,,,,,,,,,,,,,,,,,,,,,,,,,,,,,,,,,,,
453,0,0,0,0,0,0,0,0,1,1,0,1,0,1,0,0,1,1,1,0,,,,,,,,,0,0,,1,1,1,0,0,,1,1,1,0,,1,1,1,1,,,,,1,1,0,1,0,0
454,1,1,1,1,0,0,0,1,1,1,0,1,1,1,1,0,0,0,1,0,0,1,1,1,1,,,0,1,1,1,1,,,1,0,1,0,,,0,1,1,,,0,0,,,0,,,0,,,
455,0,0,0,0,0,0,0,1,0,0,0,1,1,1,0,0,0,1,1,0,,,1,1,1,,0,1,,,,,,,,,,,,,,0,1,,0,0,1,,0,0,,0,0,,,1
456,0,0,0,0,0,0,0,0,1,0,0,1,1,0,0,0,0,1,0,0,,,,,,,,,,0,1,,,0,,,,,,,,1,,,0,,,,0,,,,,,,
457,1,1,1,0,0,0,0,1,1,1,0,1,1,1,0,0,1,1,1,0,0,0,0,0,0,0,0,0,1,1,1,1,1,1,1,1,1,1,1,1,1,1,1,1,1,1,1,0,0,0,0,0,0,0,0,0
458,0,0,0,0,0,0,0,0,0,0,0,0,0,0,0,0,0,0,0,0,,,,,,,,,,,,,,,,,,,,,,,,,,,,,,,,,,,,
459,0,0,0,0,0,0,0,0,0,0,0,0,0,0,0,0,0,0,0,0,,,,,,,,,,,,,,,,,,,,,,,,,,,,,,,,,,,,
45,0,0,0,0,0,0,0,0,1,0,0,0,0,0,1,0,0,0,0,1,,,,,,,,,,,,,,,,,,,,,,,,,,,,,,,,,,,,
460,0,1,1,0,1,0,0,0,1,1,0,1,0,0,0,0,0,0,0,0,,,,,,,,,1,1,,,,,,1,,,,,,,,,,,,,,,,,,,,
461,0,0,0,0,0,0,0,0,0,1,0,0,0,0,0,0,0,0,0,0,,,,,,,,,,,,,,,,,,,,,,,,,,,,,,,,,,,,
462,0,0,0,0,0,0,0,0,0,0,0,0,0,0,0,0,0,0,0,0,,,,,,,,,,,,,,,,,,,,,,,,,,,,,,,,,,,,
463,0,0,0,0,0,0,0,0,0,0,0,0,0,0,0,0,0,0,0,0,,,,,,,,,,,,,,,,,,,,,,,,,,,,,,,,,,,,
464,0,0,0,0,0,0,0,0,0,1,0,1,1,1,0,0,1,0,0,0,,,,,,,,,,,,,,,,1,1,0,1,,,1,0,0,,,0,0,,,1,,,,,
465,0,0,0,0,0,0,0,0,0,0,0,0,0,0,0,0,0,0,0,0,,,,,,,,,,,,,,,,,,,,,,,,,,,,,,,,,,,,
466,0,0,0,0,0,0,0,1,0,0,0,1,1,1,0,0,0,1,1,0,,,1,1,1,,0,1,,,,,,,,,,,,,,1,1,,0,0,1,,0,0,,0,0,,,1
467,1,1,1,0,0,0,0,1,1,0,0,1,1,0,1,0,0,0,0,0,0,,0,0,,,,,,0,0,,,,,,,,,,,1,,,,,,,,,,,,,,
468,0,0,0,0,0,0,0,0,1,1,0,1,0,0,0,0,0,1,0,0,,,,,,,,,1,1,,,,1,,1,,,,1,,,,,1,,,,,,,,,,,
469,0,0,0,0,0,0,0,0,0,0,0,0,0,0,0,0,0,0,0,0,,,,,,,,,,,,,,,,,,,,,,,,,,,,,,,,,,,,
46,0,0,0,0,0,0,0,0,1,0,0,0,0,0,1,0,0,0,0,1,,,,,,,,,,,,,,,,,,,,,,,,,,,,,,,,,,,,
470,0,0,0,0,0,0,0,0,0,0,0,0,0,0,0,0,0,0,0,0,,,,,,,,,,,,,,,,,,,,,,,,,,,,,,,,,,,,
471,0,0,0,0,0,0,0,1,0,1,1,1,1,1,0,1,1,0,1,0,,1,1,1,1,1,,1,,,,,,,,0,0,0,0,,0,1,1,0,,1,1,0,,1,0,,1,,1,
472,0,0,0,0,0,0,0,1,1,1,0,1,1,1,0,0,1,1,0,0,1,1,1,1,1,1,1,,0,0,0,0,0,0,,0,0,0,0,0,,1,1,1,1,,0,0,0,,0,0,,0,,
473,0,0,0,0,0,0,0,0,0,0,0,0,0,0,0,0,0,0,0,0,,,,,,,,,,,,,,,,,,,,,,,,,,,,,,,,,,,,
474,0,0,0,0,0,0,0,1,1,1,0,1,1,1,0,0,1,1,0,0,1,1,1,1,1,1,1,,0,0,0,0,0,0,,0,0,0,0,0,,1,1,1,1,,0,0,0,,0,0,,0,,
475,0,0,0,0,0,0,0,0,0,0,0,0,0,0,0,0,0,0,0,0,,,,,,,,,,,,,,,,,,,,,,,,,,,,,,,,,,,,
476,0,0,0,0,0,0,0,0,0,0,0,0,0,0,0,0,0,1,0,0,,,,,,,,,,,,,,,,,,,,,,,,,,,,,,,,,,,,
477,0,0,0,0,0,0,0,0,0,0,0,0,0,0,0,0,0,0,0,0,,,,,,,,,,,,,,,,,,,,,,,,,,,,,,,,,,,,
478,0,0,0,0,0,0,0,1,1,0,0,1,1,1,0,0,1,1,0,0,0,,0,1,1,1,0,,,0,1,1,1,0,,,,,,,,1,1,1,1,,0,0,0,,0,0,,0,,
479,0,0,0,0,0,0,0,0,0,0,0,0,0,0,0,0,0,0,0,0,,,,,,,,,,,,,,,,,,,,,,,,,,,,,,,,,,,,
480,0,0,0,0,0,0,0,1,1,1,0,1,1,1,0,0,1,1,0,0,1,1,1,1,1,1,1,,1,1,1,1,1,1,,0,0,0,0,0,,1,1,1,1,,0,0,0,,0,0,,0,,
481,0,0,0,0,0,0,0,0,0,0,0,0,0,0,0,0,0,0,0,0,,,,,,,,,,,,,,,,,,,,,,,,,,,,,,,,,,,,
482,0,0,0,0,0,0,0,1,1,1,0,1,1,1,0,0,1,1,0,0,1,1,1,1,1,1,1,,0,0,0,0,0,0,,0,0,0,0,0,,1,1,1,1,,0,0,0,,0,0,,0,,
483,0,0,0,0,0,0,0,0,0,0,0,0,0,0,0,0,0,0,0,0,,,,,,,,,,,,,,,,,,,,,,,,,,,,,,,,,,,,
484,0,0,0,0,0,0,0,1,1,1,0,1,1,1,0,0,1,1,0,0,0,1,0,1,1,1,1,,1,0,1,1,1,1,,0,0,0,0,0,,1,1,1,1,,0,0,0,,0,0,,0,,
485,0,0,0,0,0,0,0,0,0,0,0,0,0,0,0,0,0,0,0,0,,,,,,,,,,,,,,,,,,,,,,,,,,,,,,,,,,,,
486,0,0,0,0,0,0,0,1,1,1,0,1,1,1,0,0,1,1,0,0,0,1,0,1,1,1,0,,1,0,1,1,1,0,,0,0,0,0,0,,1,1,1,1,,0,0,0,,0,0,,0,,
487,0,0,0,0,0,0,0,0,0,0,0,0,0,0,0,0,0,0,0,0,,,,,,,,,,,,,,,,,,,,,,,,,,,,,,,,,,,,
488,0,0,0,0,0,0,0,1,1,1,0,1,1,1,0,0,1,1,0,0,0,1,0,1,1,1,0,,1,0,1,1,1,0,,0,0,0,0,0,,1,1,1,1,,0,0,0,,0,0,,0,,
489,0,0,0,0,0,0,0,0,0,0,0,0,0,0,0,0,0,0,0,0,,,,,,,,,,,,,,,,,,,,,,,,,,,,,,,,,,,,
490,0,0,0,0,0,0,0,1,1,1,0,1,1,1,0,0,1,1,0,0,0,1,0,1,1,1,0,,1,0,1,1,1,0,,0,0,0,0,0,,1,1,1,1,,0,0,0,,0,0,,0,,
491,0,0,0,0,0,0,0,0,0,0,0,0,0,0,0,0,0,0,0,0,,,,,,,,,,,,,,,,,,,,,,,,,,,,,,,,,,,,
492,1,1,0,0,1,0,0,1,1,0,0,1,1,1,0,1,1,0,0,0,1,,1,1,1,1,,,,0,0,0,0,,,,,,,,,1,1,1,,,0,0,,,0,,,,,
493,0,0,0,0,0,0,0,0,0,1,0,0,0,0,0,0,0,1,0,1,,,,,,,,,,,,,,,,,,,,0,,,,,,,,,,,,,,,,
494,0,0,0,0,0,0,0,0,0,0,0,0,0,0,0,0,0,0,0,0,,,,,,,,,,,,,,,,,,,,,,,,,,,,,,,,,,,,
495,0,0,0,0,0,0,0,1,0,1,1,1,1,1,0,1,1,0,1,0,,1,1,1,1,1,,1,,,,,,,,0,0,0,0,,0,1,1,0,,1,0,0,,0,0,,1,,1,
496,0,0,0,0,0,0,0,0,0,1,0,0,0,0,0,0,0,0,0,0,,,,,,,,,,,,,,,,,,,,,,,,,,,,,,,,,,,,
497,0,0,0,0,0,0,0,0,0,1,1,1,1,1,0,0,1,1,0,0,,,,,,,,,,,,,,,,0,0,0,0,0,,1,1,1,1,,1,1,0,,1,0,,0,,
498,0,0,0,0,0,0,0,0,0,0,0,0,0,0,0,0,0,0,0,0,,,,,,,,,,,,,,,,,,,,,,,,,,,,,,,,,,,,
499,0,0,0,0,0,0,0,0,0,0,0,0,0,0,0,0,0,0,0,0,,,,,,,,,,,,,,,,,,,,,,,,,,,,,,,,,,,,
500,0,0,0,0,0,0,0,0,0,0,0,1,1,1,0,0,1,0,0,0,,,,,,,,,,,,,,,,,,,,,,1,1,1,,,1,1,,,1,,,,,
501,1,1,1,1,0,0,0,1,1,1,0,1,1,1,1,0,0,0,1,0,0,1,1,1,1,,,0,1,1,1,1,,,1,0,1,0,,,0,1,1,,,0,0,,,0,,,0,,,
502,0,0,0,0,0,0,0,0,0,0,0,0,0,0,0,0,0,0,0,0,,,,,,,,,,,,,,,,,,,,,,,,,,,,,,,,,,,,
503,0,0,0,0,0,0,0,0,0,0,0,0,0,0,0,0,0,0,0,0,,,,,,,,,,,,,,,,,,,,,,,,,,,,,,,,,,,,
504,0,0,0,0,0,0,0,0,1,0,0,1,1,1,0,0,1,0,0,0,,,,,,,,,,1,1,1,1,,,,,,,,,1,1,1,,,0,0,,,0,,,,,
505,0,0,0,0,0,0,0,1,0,1,0,0,0,1,0,0,0,0,0,0,,1,,,1,,,,,,,,,,,,,1,,,,,,,,,,,,,,,,,,
506,1,1,1,0,0,0,0,1,1,1,0,1,1,1,0,0,1,1,1,0,0,0,0,0,0,0,0,0,0,0,1,1,1,1,0,1,1,1,1,1,1,1,1,1,1,1,1,1,0,0,1,0,0,0,0,0
507,0,0,0,0,0,0,0,0,0,0,0,1,0,1,0,1,1,0,0,0,,,,,,,,,,,,,,,,,,,,,,,1,1,,,,,,,0,,,,,
508,0,0,0,0,0,0,0,0,0,1,0,1,0,0,1,0,0,1,0,0,,,,,,,,,,,,,,,,0,,,,0,,,,,1,,,,,,,,,,,
509,0,0,0,0,0,0,0,0,0,0,0,0,0,0,0,0,0,1,0,0,,,,,,,,,,,,,,,,,,,,,,,,,,,,,,,,,,,,
510,0,0,0,0,0,0,0,0,0,0,0,0,0,0,0,0,0,0,0,0,,,,,,,,,,,,,,,,,,,,,,,,,,,,,,,,,,,,
511,0,0,0,0,0,0,0,0,0,0,0,1,0,0,0,0,0,0,0,0,,,,,,,,,,,,,,,,,,,,,,,,,,,,,,,,,,,,
512,0,0,0,0,0,0,0,1,0,0,0,1,1,1,0,0,1,0,0,0,,,0,1,1,1,,,,,,,,,,,,,,,,1,1,1,,,0,0,,,0,,,,,
513,0,0,0,0,0,0,0,0,0,1,1,1,1,1,0,0,1,1,0,0,,,,,,,,,,,,,,,,0,0,0,0,0,,1,1,1,1,,1,1,0,,0,0,,0,,
514,0,0,0,0,0,0,0,0,0,0,0,0,0,0,0,0,0,1,0,0,,,,,,,,,,,,,,,,,,,,,,,,,,,,,,,,,,,,
515,0,0,0,0,0,0,0,0,0,0,0,0,0,0,0,0,0,0,0,0,,,,,,,,,,,,,,,,,,,,,,,,,,,,,,,,,,,,
516,0,0,0,0,0,0,0,0,0,0,0,0,0,0,0,0,0,0,0,0,,,,,,,,,,,,,,,,,,,,,,,,,,,,,,,,,,,,
517,0,0,0,0,0,0,0,0,0,1,0,0,0,0,0,0,0,0,0,0,,,,,,,,,,,,,,,,,,,,,,,,,,,,,,,,,,,,
518,0,0,0,0,0,0,0,0,0,0,0,0,0,0,0,0,0,0,0,0,,,,,,,,,,,,,,,,,,,,,,,,,,,,,,,,,,,,
519,0,0,0,0,0,0,0,0,0,0,0,0,0,0,0,0,0,0,0,0,,,,,,,,,,,,,,,,,,,,,,,,,,,,,,,,,,,,
520,0,0,0,0,0,0,0,0,0,1,0,0,0,0,0,0,0,0,1,1,,,,,,,,,,,,,,,,,,,,,0,,,,,,,,,,,,,,,
521,0,0,0,0,0,0,0,0,0,0,0,0,0,0,0,0,0,1,0,0,,,,,,,,,,,,,,,,,,,,,,,,,,,,,,,,,,,,
522,0,0,0,0,0,0,0,0,0,0,0,0,0,0,0,0,0,0,0,0,,,,,,,,,,,,,,,,,,,,,,,,,,,,,,,,,,,,
523,0,0,0,0,0,0,0,0,0,0,0,1,1,1,0,1,1,0,0,0,,,,,,,,,,,,,,,,,,,,,,1,1,0,,,1,0,,,0,,,,,
524,0,0,0,0,0,0,0,1,1,0,0,1,1,1,0,0,1,1,0,0,0,,1,1,1,1,1,,,1,1,1,1,1,,,,,,,,1,1,1,1,,0,0,0,,0,0,,0,,
525,0,0,0,0,0,0,0,0,0,0,0,0,0,0,0,0,0,0,0,0,,,,,,,,,,,,,,,,,,,,,,,,,,,,,,,,,,,,
526,0,0,0,0,0,0,0,0,0,0,0,0,0,0,0,0,0,0,0,0,,,,,,,,,,,,,,,,,,,,,,,,,,,,,,,,,,,,
527,0,0,0,0,0,0,0,0,0,1,0,0,0,0,0,0,0,0,0,0,,,,,,,,,,,,,,,,,,,,,,,,,,,,,,,,,,,,
528,0,0,0,0,0,0,0,0,0,0,0,0,0,0,0,0,0,0,0,0,,,,,,,,,,,,,,,,,,,,,,,,,,,,,,,,,,,,
529,0,0,0,0,0,0,0,0,0,0,0,0,0,0,0,0,0,0,0,0,,,,,,,,,,,,,,,,,,,,,,,,,,,,,,,,,,,,
52,0,0,0,0,0,0,0,0,0,0,0,0,0,0,0,0,0,0,0,0,,,,,,,,,,,,,,,,,,,,,,,,,,,,,,,,,,,,
530,0,0,0,0,0,0,0,0,1,1,1,1,0,1,0,0,1,1,1,0,,,,,,,,,0,0,,1,1,1,0,0,,1,1,1,0,,1,1,1,1,,,,,1,1,0,1,0,0
531,0,0,0,0,0,0,0,0,0,0,0,0,0,0,0,0,0,0,0,0,,,,,,,,,,,,,,,,,,,,,,,,,,,,,,,,,,,,
532,0,0,0,0,0,0,0,0,0,0,0,0,0,0,0,0,0,0,0,0,,,,,,,,,,,,,,,,,,,,,,,,,,,,,,,,,,,,
533,0,0,0,0,0,0,0,1,1,1,0,0,0,0,0,0,0,0,1,0,1,0,,,,,,1,0,,,,,,0,,,,,,1,,,,,,,,,,,,,,,
534,0,0,0,0,0,0,0,0,0,0,0,0,0,0,0,0,0,0,0,0,,,,,,,,,,,,,,,,,,,,,,,,,,,,,,,,,,,,
535,0,0,0,0,0,0,0,0,1,1,0,1,0,0,0,0,0,1,1,0,,,,,,,,,1,1,,,,1,1,1,,,,1,1,,,,1,1,,,,,,,,,,0
536,0,0,0,0,0,0,0,1,1,1,0,1,1,1,0,0,1,1,0,1,0,0,0,1,1,1,1,,0,0,1,1,1,1,,0,1,1,1,1,,1,1,1,1,,0,0,0,,0,0,,0,,
537,0,0,0,0,0,0,0,0,0,0,0,0,0,0,0,0,0,0,0,0,,,,,,,,,,,,,,,,,,,,,,,,,,,,,,,,,,,,
538,0,0,0,0,0,0,0,0,0,0,0,0,0,0,0,0,0,0,0,0,,,,,,,,,,,,,,,,,,,,,,,,,,,,,,,,,,,,
539,0,0,0,0,0,0,0,0,0,1,0,0,0,0,0,0,0,0,0,0,,,,,,,,,,,,,,,,,,,,,,,,,,,,,,,,,,,,
540,0,0,0,0,0,0,0,0,0,0,0,0,0,0,0,0,0,0,0,0,,,,,,,,,,,,,,,,,,,,,,,,,,,,,,,,,,,,
541,0,0,0,0,0,0,0,0,0,0,0,0,0,0,0,0,0,0,0,0,,,,,,,,,,,,,,,,,,,,,,,,,,,,,,,,,,,,
542,0,0,0,0,0,0,0,0,0,0,0,0,0,0,0,0,0,0,0,0,,,,,,,,,,,,,,,,,,,,,,,,,,,,,,,,,,,,
543,0,0,0,0,0,0,0,0,0,0,0,1,1,1,0,0,1,0,0,0,,,,,,,,,,,,,,,,,,,,,,1,1,1,,,1,1,,,1,,,,,
544,1,1,1,1,0,0,0,1,1,1,0,1,1,1,1,0,0,0,1,0,0,1,1,1,1,,,0,1,1,1,1,,,1,0,1,0,,,0,1,1,,,0,0,,,0,,,0,,,
545,1,1,0,0,0,0,0,1,1,1,0,1,1,1,0,1,1,1,0,0,1,0,0,0,1,1,0,,0,0,0,0,0,0,,1,1,1,1,1,,0,1,1,0,,1,1,0,,0,0,,0,,
546,1,1,1,0,0,0,0,1,1,0,0,1,1,0,1,0,0,0,0,0,0,,0,0,,,,,,0,1,,,,,,,,,,,1,,,,,,,,,,,,,,
547,1,1,1,0,0,0,0,1,1,1,0,1,1,1,0,0,1,1,1,0,0,0,0,0,0,0,0,0,1,1,1,1,1,1,1,1,1,1,1,1,1,1,1,1,1,1,1,0,0,0,0,0,0,0,0,0
548,0,0,0,0,0,0,0,1,1,0,0,0,0,0,0,0,0,1,0,0,1,,,,,,1,,,,,,,0,,,,,,,,,,,,,,,,,,,,,,
549,0,0,0,0,0,0,0,0,0,0,0,0,0,0,0,0,0,0,0,0,,,,,,,,,,,,,,,,,,,,,,,,,,,,,,,,,,,,
54,0,0,0,0,0,0,0,0,0,0,0,0,0,0,0,0,0,1,0,0,,,,,,,,,,,,,,,,,,,,,,,,,,,,,,,,,,,,
550,0,0,0,0,0,0,0,1,1,0,0,0,0,0,0,0,0,1,1,1,0,,,,,,1,1,,,,,,1,1,,,,,,,,,,,,,,,,,,,,,1
551,0,0,0,0,0,0,0,0,0,1,0,0,0,0,0,0,0,0,0,0,,,,,,,,,,,,,,,,,,,,,,,,,,,,,,,,,,,,
552,0,0,0,0,0,0,0,0,1,1,0,0,0,0,0,0,0,0,0,0,,,,,,,,,1,,,,,,,,,,,,,,,,,,,,,,,,,,,
553,0,0,0,0,0,0,0,0,0,0,0,0,0,0,0,0,0,0,0,0,,,,,,,,,,,,,,,,,,,,,,,,,,,,,,,,,,,,
554,0,0,0,0,0,0,0,0,1,1,1,1,0,1,0,0,1,1,1,0,,,,,,,,,1,1,,1,1,1,1,0,,1,1,1,0,,1,1,1,1,,,,,0,1,0,1,0,0
555,0,0,0,0,0,0,0,0,0,0,0,1,1,1,0,0,1,0,0,0,,,,,,,,,,,,,,,,,,,,,,1,1,1,,,1,1,,,1,,,,,
556,1,1,1,1,0,0,0,1,1,1,0,1,1,1,1,0,1,0,1,0,0,1,1,1,1,1,,0,1,1,1,1,1,,1,0,1,1,1,,0,1,1,1,,0,0,1,,0,1,,0,,0,
557,1,1,0,0,0,0,0,1,1,1,0,0,0,0,0,0,0,0,0,0,1,0,,,,,,,0,,,,,,,,,,,,,,,,,,,,,,,,,,,
558,1,1,1,0,0,0,0,1,1,1,0,1,1,1,0,0,0,1,0,0,0,0,0,0,0,,0,,0,0,0,0,,0,,0,0,0,,0,,1,1,,0,,1,,0,,,0,,,,
559,0,0,0,0,0,0,0,1,0,1,0,1,0,0,0,0,0,0,0,0,,1,1,,,,,,,,,,,,,1,,,,,,,,,,,,,,,,,,,,
560,0,0,0,0,0,0,0,1,1,1,1,1,1,1,0,0,1,1,1,0,1,1,1,1,1,1,1,1,0,0,0,0,0,0,0,0,0,0,0,0,1,1,1,1,1,1,0,0,0,1,0,0,1,0,1,1
561,0,0,0,0,1,0,0,1,1,0,0,1,1,1,0,0,1,1,0,0,1,,1,1,1,1,1,,,0,1,1,1,0,,,,,,,,1,1,1,1,,0,0,0,,0,0,,0,,
562,0,0,0,0,1,0,0,0,1,0,0,1,0,0,0,0,0,1,0,0,,,,,,,,,,0,,,,0,,,,,,,,,,,0,,,,,,,,,,,
563,0,0,0,0,1,0,0,1,1,0,0,1,1,1,0,0,1,1,0,0,1,,1,1,1,1,1,,,1,1,1,1,1,,,,,,,,1,1,1,1,,0,0,0,,0,0,,0,,
564,0,0,0,0,0,0,0,1,1,1,0,1,1,1,0,0,1,1,0,0,1,1,1,1,1,1,1,,0,0,0,0,0,0,,0,0,0,0,0,,1,1,1,1,,0,0,0,,0,0,,0,,
565,0,0,0,0,0,0,0,0,0,0,0,0,0,0,0,0,0,0,0,0,,,,,,,,,,,,,,,,,,,,,,,,,,,,,,,,,,,,
566,0,0,0,0,0,0,0,1,1,1,0,1,1,1,0,0,1,1,0,0,1,1,1,1,1,1,1,,0,0,0,0,0,0,,0,0,0,0,0,,1,1,1,1,,0,0,0,,0,0,,0,,
567,0,0,0,0,0,0,0,0,0,0,0,0,0,0,0,0,0,0,0,0,,,,,,,,,,,,,,,,,,,,,,,,,,,,,,,,,,,,
568,0,0,0,0,0,0,0,0,0,0,0,0,0,0,0,0,0,0,0,0,,,,,,,,,,,,,,,,,,,,,,,,,,,,,,,,,,,,
569,0,0,0,0,0,0,0,0,0,0,0,0,0,0,0,0,0,0,0,0,,,,,,,,,,,,,,,,,,,,,,,,,,,,,,,,,,,,
570,1,1,0,0,0,0,0,1,1,1,1,1,1,1,0,0,1,1,1,0,1,1,1,1,1,1,1,1,0,0,0,0,0,0,0,0,0,0,0,0,0,1,1,1,1,1,0,0,0,0,0,0,0,0,0,1
571,0,0,0,0,0,0,0,0,0,0,0,0,0,0,0,0,0,0,0,0,,,,,,,,,,,,,,,,,,,,,,,,,,,,,,,,,,,,
572,0,0,0,0,0,0,0,1,1,1,0,1,1,1,0,0,1,1,0,0,1,1,1,1,1,1,1,,0,0,0,0,0,0,,0,0,0,0,0,,1,1,1,1,,0,0,0,,0,0,,0,,
573,0,0,0,0,0,0,0,0,0,0,0,0,0,0,0,0,0,0,0,0,,,,,,,,,,,,,,,,,,,,,,,,,,,,,,,,,,,,
574,0,0,0,0,0,0,0,0,0,0,0,0,0,0,0,0,0,0,0,0,,,,,,,,,,,,,,,,,,,,,,,,,,,,,,,,,,,,
575,0,0,0,0,0,0,0,0,0,1,0,0,0,0,0,0,0,0,0,0,,,,,,,,,,,,,,,,,,,,,,,,,,,,,,,,,,,,
576,0,0,0,0,0,0,0,1,1,1,0,0,0,0,0,0,0,0,0,0,0,0,,,,,,,1,,,,,,,,,,,,,,,,,,,,,,,,,,,
577,0,0,0,0,0,0,0,0,0,0,0,0,0,0,0,0,0,0,0,0,,,,,,,,,,,,,,,,,,,,,,,,,,,,,,,,,,,,
578,0,0,0,0,0,0,0,1,1,1,0,1,1,1,0,0,1,1,0,0,1,1,1,1,1,1,1,,0,0,0,0,0,0,,0,0,0,0,0,,1,1,1,1,,0,0,0,,0,0,,0,,
579,0,0,0,0,0,0,0,0,0,0,0,0,0,0,0,0,0,0,0,0,,,,,,,,,,,,,,,,,,,,,,,,,,,,,,,,,,,,
580,0,0,0,0,0,0,0,0,0,0,0,0,0,0,0,0,0,0,0,0,,,,,,,,,,,,,,,,,,,,,,,,,,,,,,,,,,,,
581,0,0,0,0,0,0,0,0,0,1,0,1,1,0,0,0,1,0,0,0,,,,,,,,,,,,,,,,0,1,,1,,,1,,1,,,,0,,,,,,,,
582,0,0,0,0,0,0,0,1,1,1,0,1,1,1,0,0,1,1,0,0,1,1,1,1,1,1,1,,0,0,0,0,0,0,,0,0,0,0,0,,1,1,1,1,,1,0,0,,0,0,,0,,
583,0,0,0,0,0,0,0,0,0,0,0,0,0,0,0,0,0,0,0,0,,,,,,,,,,,,,,,,,,,,,,,,,,,,,,,,,,,,
584,0,0,0,0,0,0,0,1,1,1,0,1,1,1,0,0,1,1,0,0,1,1,1,1,1,1,1,,0,0,0,0,0,0,,0,0,0,0,0,,1,1,1,1,,0,0,0,,0,0,,0,,
585,0,0,0,0,0,0,0,0,0,0,0,0,0,0,0,0,0,0,0,0,,,,,,,,,,,,,,,,,,,,,,,,,,,,,,,,,,,,
586,0,0,0,0,0,0,0,0,1,1,0,1,0,0,0,0,0,0,0,0,,,,,,,,,0,0,,,,,,1,,,,,,,,,,,,,,,,,,,,
587,0,0,0,0,0,0,0,0,0,1,0,1,1,0,0,0,1,0,0,1,,,,,,,,,,,,,,,,1,1,,1,,,1,,1,,,,0,,,,,,,,
588,0,0,0,0,0,0,0,1,1,1,0,1,1,1,0,0,1,1,0,0,0,1,0,1,1,1,0,,1,0,1,1,1,0,,0,0,0,0,0,,1,1,1,1,,0,0,0,,0,0,,0,,
589,0,0,0,0,0,0,0,0,0,0,0,0,0,0,0,0,0,0,0,0,,,,,,,,,,,,,,,,,,,,,,,,,,,,,,,,,,,,
590,0,0,0,0,0,0,0,1,0,1,1,1,1,1,0,1,1,0,1,0,,1,1,1,1,1,,1,,,,,,,,0,0,0,0,,0,1,1,0,,1,1,0,,0,0,,0,,1,
591,0,0,0,0,0,0,0,0,0,1,0,1,1,0,0,0,1,0,0,1,,,,,,,,,,,,,,,,1,1,,1,,,1,,1,,,,0,,,,,,,,
592,0,0,0,0,0,0,0,1,1,1,0,0,0,0,0,0,0,1,0,0,1,1,,,,,1,,0,,,,,0,,,,,,1,,,,,,,,,,,,,,,,
593,0,0,0,0,0,0,0,1,1,1,0,1,1,1,0,0,1,1,0,0,1,1,1,1,1,1,1,,0,0,0,0,0,0,,0,0,0,0,0,,1,1,1,1,,0,0,0,,0,0,,0,,
594,0,0,0,0,0,0,0,0,0,0,0,0,0,0,0,0,0,0,0,0,,,,,,,,,,,,,,,,,,,,,,,,,,,,,,,,,,,,
595,0,0,0,0,0,0,0,0,0,0,0,0,0,0,0,0,0,0,0,0,,,,,,,,,,,,,,,,,,,,,,,,,,,,,,,,,,,,
596,0,0,0,0,0,0,0,0,0,1,0,1,1,0,0,0,1,0,0,0,,,,,,,,,,,,,,,,0,1,,1,,,1,,1,,,,0,,,,,,,,
597,0,0,0,0,0,0,0,1,1,1,0,0,0,0,0,0,0,0,0,0,0,0,,,,,,,1,,,,,,,,,,,,,,,,,,,,,,,,,,,
598,0,0,0,0,0,0,0,0,0,0,0,0,0,0,0,0,0,0,0,0,,,,,,,,,,,,,,,,,,,,,,,,,,,,,,,,,,,,
599,0,0,0,0,0,0,0,0,1,1,1,1,0,1,0,0,1,1,1,0,,,,,,,,,1,1,,1,1,1,1,0,,1,1,1,0,,1,1,1,1,,,,,1,1,0,1,0,0
600,1,1,1,1,0,0,0,1,1,1,0,1,1,1,1,0,1,0,1,0,0,1,1,1,1,1,,0,1,1,1,1,1,,1,0,0,1,1,,0,1,1,1,,0,1,1,,0,1,,0,,0,
601,0,0,0,0,0,0,0,0,0,0,0,1,1,1,0,1,0,0,0,0,,,,,,,,,,,,,,,,,,,,,,1,1,,,,0,,,,,,,,,
602,0,0,0,0,0,0,0,0,0,0,0,1,1,0,1,0,0,0,0,0,,,,,,,,,,,,,,,,,,,,,,1,,,,,,,,,,,,,,
603,1,1,1,0,0,0,0,1,1,1,0,1,1,1,0,0,1,1,1,0,0,0,0,1,1,1,0,0,0,0,1,1,1,1,0,0,1,1,1,1,0,1,1,1,1,1,1,0,0,0,0,0,0,0,0,0
604,0,0,0,0,0,0,0,1,1,1,0,1,1,1,0,0,1,1,0,0,1,1,1,1,1,1,1,,0,0,0,0,0,0,,0,0,0,0,0,,1,1,1,1,,0,0,0,,0,0,,0,,
605,0,0,0,0,0,0,0,0,0,0,0,0,0,0,0,0,0,0,0,0,,,,,,,,,,,,,,,,,,,,,,,,,,,,,,,,,,,,
606,0,0,0,0,0,0,0,0,0,0,0,0,0,0,0,0,0,0,0,0,,,,,,,,,,,,,,,,,,,,,,,,,,,,,,,,,,,,
607,0,0,0,0,0,0,0,0,0,1,0,1,1,0,0,0,1,0,0,1,,,,,,,,,,,,,,,,1,1,,1,,,1,,1,,,,0,,,,,,,,
608,0,0,0,0,0,0,0,0,0,0,0,0,0,0,0,0,0,0,0,0,,,,,,,,,,,,,,,,,,,,,,,,,,,,,,,,,,,,
609,0,0,0,0,0,0,0,0,0,0,0,0,0,0,0,0,0,0,0,0,,,,,,,,,,,,,,,,,,,,,,,,,,,,,,,,,,,,
610,0,0,0,0,0,0,0,1,1,1,0,1,1,1,0,0,1,0,0,0,1,1,1,1,1,1,,,1,1,1,1,1,,,1,1,0,1,,,1,0,0,,,0,0,,,1,,,,,
611,1,1,1,1,0,0,0,1,1,1,0,1,1,1,1,0,1,0,1,0,0,1,1,1,1,1,,0,1,1,1,1,1,,1,0,0,0,1,,0,1,1,1,,0,0,1,,0,1,,0,,0,
612,0,0,0,0,0,0,0,0,0,0,0,0,0,0,0,0,0,0,0,0,,,,,,,,,,,,,,,,,,,,,,,,,,,,,,,,,,,,
613,0,0,0,0,0,0,0,0,1,0,0,1,1,1,0,0,1,0,0,0,,,,,,,,,,1,1,1,1,,,,,,,,,1,1,1,,,0,0,,,0,,,,,
614,1,1,1,0,0,0,0,0,1,1,0,1,0,0,0,0,0,1,0,0,,,,,,,,,0,0,,,,1,,1,,,,1,,,,,1,,,,,,,,,,,
615,0,0,0,0,0,0,0,1,1,1,0,1,1,1,0,0,1,1,0,0,1,1,1,1,1,1,1,,0,0,0,0,0,0,,0,0,0,0,0,,1,1,1,1,,0,0,0,,0,0,,0,,
616,0,0,0,0,0,0,0,0,0,0,0,0,0,0,0,0,0,0,0,0,,,,,,,,,,,,,,,,,,,,,,,,,,,,,,,,,,,,
617,0,0,0,0,0,0,0,0,1,1,0,1,1,1,0,0,1,1,1,0,,,,,,,,,1,1,1,1,1,1,0,0,1,1,1,0,0,1,1,1,1,0,0,0,0,0,0,0,0,0,0,0
618,0,0,0,0,0,0,0,0,0,1,0,1,1,0,0,0,1,0,0,1,,,,,,,,,,,,,,,,1,1,,1,,,1,,1,,,,0,,,,,,,,
619,0,0,0,0,0,0,0,0,0,0,0,0,0,0,0,0,0,0,0,0,,,,,,,,,,,,,,,,,,,,,,,,,,,,,,,,,,,,
620,0,0,0,0,0,0,0,0,0,0,0,0,0,0,0,0,0,0,0,0,,,,,,,,,,,,,,,,,,,,,,,,,,,,,,,,,,,,
621,0,0,0,0,0,0,0,0,0,0,0,0,0,0,0,0,0,0,0,0,,,,,,,,,,,,,,,,,,,,,,,,,,,,,,,,,,,,
622,1,1,1,1,0,0,0,1,1,1,0,1,1,1,1,0,0,0,1,0,0,1,1,1,1,,,0,1,1,1,1,,,1,0,0,0,,,0,1,1,,,0,0,,,0,,,0,,,
623,0,0,0,0,0,0,0,1,1,0,0,0,0,0,0,0,0,0,0,0,0,,,,,,,,,,,,,,,,,,,,,,,,,,,,,,,,,,,
624,1,1,1,0,0,0,0,1,1,1,0,1,1,1,0,0,0,1,0,0,0,0,0,0,0,,0,,0,0,0,0,,0,,0,0,0,,0,,1,1,,0,,1,,0,,,0,,,,
625,0,0,0,0,0,0,0,0,0,1,0,0,0,0,0,0,0,1,0,1,,,,,,,,,,,,,,,,,,,,0,,,,,,,,,,,,,,,,
626,0,0,0,0,0,0,0,1,1,1,0,1,1,1,0,0,1,1,0,0,1,1,1,1,1,1,1,,0,0,0,0,0,0,,0,0,0,0,0,,1,1,1,1,,0,0,0,,0,0,,0,,
627,0,0,0,0,0,0,0,0,0,0,0,0,0,0,0,0,0,0,0,0,,,,,,,,,,,,,,,,,,,,,,,,,,,,,,,,,,,,
628,0,0,0,0,0,0,0,1,0,1,1,1,1,1,0,1,1,0,1,0,,1,1,1,1,1,,1,,,,,,,,0,0,0,0,,0,1,1,0,,1,1,0,,1,0,,1,,1,
629,0,0,0,0,0,0,0,0,0,1,0,1,1,0,0,0,1,0,0,1,,,,,,,,,,,,,,,,1,1,,1,,,1,,1,,,,0,,,,,,,,
630,0,0,0,0,0,0,0,0,0,0,0,0,0,0,0,0,0,0,0,0,,,,,,,,,,,,,,,,,,,,,,,,,,,,,,,,,,,,
631,0,0,0,0,0,0,0,0,0,0,0,0,0,0,0,0,0,0,0,0,,,,,,,,,,,,,,,,,,,,,,,,,,,,,,,,,,,,
632,0,0,0,0,0,0,0,0,0,1,0,1,1,1,0,0,1,0,0,0,,,,,,,,,,,,,,,,1,1,0,1,,,1,0,0,,,0,0,,,1,,,,,
633,1,1,0,1,0,0,0,1,1,1,0,1,1,1,1,0,1,0,1,0,0,1,1,1,1,1,,0,1,1,1,1,1,,1,0,1,1,1,,0,1,1,1,,0,0,1,,0,1,,0,,0,
634,0,0,0,0,0,0,0,1,1,1,0,1,0,0,0,1,1,0,0,0,1,0,1,,,1,,,0,0,,,0,,,1,,,1,,,,,1,,,,,,,,,,,,
635,0,0,0,0,0,0,0,0,1,1,0,1,1,0,0,0,0,0,0,0,,,,,,,,,1,1,1,,,,,1,1,,,,,1,,,,,,,,,,,,,,
636,1,1,1,0,0,0,0,1,1,1,0,1,1,1,0,0,1,1,1,0,0,0,0,1,1,1,1,0,0,0,1,1,1,1,0,1,1,1,1,1,1,1,1,1,1,1,1,0,1,0,0,1,0,1,0,0
637,0,0,0,0,0,0,0,0,0,1,0,0,0,0,0,0,0,0,0,1,,,,,,,,,,,,,,,,,,,,,,,,,,,,,,,,,,,,
638,0,0,0,0,0,0,0,0,0,0,0,0,0,0,0,0,0,0,0,0,,,,,,,,,,,,,,,,,,,,,,,,,,,,,,,,,,,,
639,0,0,0,0,0,0,0,1,0,1,1,1,1,1,0,1,1,0,1,0,,1,1,1,1,1,,1,,,,,,,,0,0,0,0,,0,1,1,0,,1,1,0,,0,0,,0,,1,
640,0,0,0,0,0,0,0,0,0,1,0,1,1,0,0,0,1,0,0,1,,,,,,,,,,,,,,,,1,1,,1,,,1,,1,,,,1,,,,,,,,
641,0,0,0,0,0,0,0,0,0,1,1,1,1,1,0,0,1,1,0,0,,,,,,,,,,,,,,,,0,0,0,0,0,,1,1,1,1,,0,0,0,,1,0,,0,,
642,0,0,0,0,0,0,0,0,0,0,0,0,0,0,0,0,0,0,0,0,,,,,,,,,,,,,,,,,,,,,,,,,,,,,,,,,,,,
643,0,0,0,0,0,0,0,0,0,0,0,0,0,0,0,0,0,0,0,0,,,,,,,,,,,,,,,,,,,,,,,,,,,,,,,,,,,,
644,1,1,1,1,0,0,0,1,1,1,0,1,1,1,1,0,1,0,1,0,0,1,1,1,1,1,,0,1,1,1,1,1,,1,0,0,0,1,,0,1,1,1,,0,0,1,,0,1,,0,,0,
645,0,0,0,0,0,0,0,0,0,0,0,0,0,0,0,0,0,0,0,0,,,,,,,,,,,,,,,,,,,,,,,,,,,,,,,,,,,,
646,1,1,1,0,0,0,0,1,1,0,0,1,1,0,1,0,1,0,0,0,0,,0,0,,0,,,,0,0,,0,,,,,,,,,1,,1,,,,1,,,,,,,,
647,1,1,1,0,0,0,0,1,1,1,0,1,1,1,0,0,1,1,1,0,0,0,0,1,1,1,1,0,0,0,1,1,1,1,0,1,1,1,1,1,1,1,1,1,1,1,1,0,1,0,0,1,0,1,0,0
648,0,0,0,0,0,0,0,0,1,0,0,0,0,0,0,0,0,1,0,0,,,,,,,,,,,,,,1,,,,,,,,,,,,,,,,,,,,,,
649,0,0,0,0,0,0,0,0,0,0,0,0,0,0,0,0,0,0,0,0,,,,,,,,,,,,,,,,,,,,,,,,,,,,,,,,,,,,
650,0,0,0,0,0,0,0,1,0,1,1,1,1,1,0,1,1,0,1,0,,1,1,1,1,1,,1,,,,,,,,0,0,0,0,,0,1,1,0,,1,1,0,,1,0,,0,,1,
651,0,0,0,0,0,0,0,0,0,1,0,1,1,0,0,0,1,0,0,1,,,,,,,,,,,,,,,,1,1,,1,,,1,,1,,,,0,,,,,,,,
652,0,0,0,0,0,0,0,0,0,1,1,0,1,1,0,0,1,1,0,0,,,,,,,,,,,,,,,,,0,0,0,0,,,,,,,1,1,0,,0,0,,0,,
653,0,0,0,0,0,0,0,0,0,0,0,0,0,0,0,0,0,0,0,0,,,,,,,,,,,,,,,,,,,,,,,,,,,,,,,,,,,,
654,0,0,0,0,0,0,0,0,0,0,0,0,0,0,0,0,0,0,0,0,,,,,,,,,,,,,,,,,,,,,,,,,,,,,,,,,,,,
655,1,1,1,1,0,0,0,1,1,1,0,1,1,1,1,0,1,0,1,0,0,1,1,1,1,1,,0,1,1,1,1,1,,1,0,0,0,1,,0,1,1,1,,0,0,1,,0,1,,0,,0,
656,0,0,0,0,0,0,0,0,0,0,0,0,0,0,0,0,0,0,0,0,,,,,,,,,,,,,,,,,,,,,,,,,,,,,,,,,,,,
657,1,1,1,0,0,0,0,1,1,1,0,1,1,1,0,0,1,1,1,0,0,0,0,0,0,0,1,0,0,0,1,1,1,1,0,1,1,1,1,1,1,1,1,1,1,1,1,0,1,0,0,1,0,1,0,0
658,0,0,0,0,0,0,0,0,0,0,0,0,0,0,0,0,0,1,0,0,,,,,,,,,,,,,,,,,,,,,,,,,,,,,,,,,,,,
659,0,0,0,0,0,0,0,0,0,0,0,0,0,0,0,0,0,0,0,0,,,,,,,,,,,,,,,,,,,,,,,,,,,,,,,,,,,,
660,0,0,0,0,0,0,0,1,0,1,1,1,1,1,0,1,1,0,1,0,,1,1,1,1,1,,1,,,,,,,,0,0,0,0,,0,1,1,0,,1,1,0,,1,0,,1,,1,
661,0,0,0,0,0,0,0,0,0,0,0,0,0,0,0,0,0,0,0,0,,,,,,,,,,,,,,,,,,,,,,,,,,,,,,,,,,,,
662,0,0,0,0,0,0,0,0,0,0,0,0,0,0,0,0,0,0,0,0,,,,,,,,,,,,,,,,,,,,,,,,,,,,,,,,,,,,
663,0,0,0,0,0,0,0,0,0,0,0,0,0,0,0,0,0,0,0,0,,,,,,,,,,,,,,,,,,,,,,,,,,,,,,,,,,,,
664,0,0,0,0,0,0,0,0,0,0,0,0,0,0,0,0,0,0,0,0,,,,,,,,,,,,,,,,,,,,,,,,,,,,,,,,,,,,
665,1,0,0,1,0,0,0,1,1,1,0,1,1,1,1,0,1,0,1,0,0,1,0,1,1,1,,0,1,0,1,1,1,,1,0,1,0,1,,0,1,1,1,,1,0,1,,0,1,,0,,0,
666,0,0,0,0,0,0,0,0,0,0,0,0,0,0,0,0,0,0,0,0,,,,,,,,,,,,,,,,,,,,,,,,,,,,,,,,,,,,
667,1,1,1,0,0,0,0,1,1,1,0,1,1,1,0,0,1,1,1,0,0,0,0,1,1,1,0,0,0,0,1,1,1,0,0,1,1,1,1,0,1,1,1,1,0,1,1,1,0,0,1,0,0,0,0,1
668,0,0,0,0,0,0,0,0,0,0,0,0,0,0,0,0,0,1,0,0,,,,,,,,,,,,,,,,,,,,,,,,,,,,,,,,,,,,
669,0,0,0,0,0,0,0,0,0,0,0,0,0,0,0,0,0,0,0,0,,,,,,,,,,,,,,,,,,,,,,,,,,,,,,,,,,,,
670,0,0,0,0,0,0,0,1,0,1,1,1,1,1,0,1,1,0,1,0,,1,1,1,1,1,,1,,,,,,,,0,0,0,0,,0,1,1,0,,1,1,0,,1,0,,1,,1,
671,0,0,0,0,0,0,0,0,1,1,0,1,1,0,0,0,1,0,0,1,,,,,,,,,0,0,0,,0,,,1,1,,1,,,1,,1,,,,0,,,,,,,,
672,0,0,0,0,0,0,0,0,0,1,1,1,1,1,0,0,1,1,0,0,,,,,,,,,,,,,,,,0,0,0,1,0,,1,1,1,1,,1,1,0,,1,0,,0,,
673,0,0,0,0,0,0,0,0,0,0,0,0,0,0,0,0,0,0,0,0,,,,,,,,,,,,,,,,,,,,,,,,,,,,,,,,,,,,
674,0,0,0,0,0,0,0,0,0,0,0,0,0,0,0,0,0,0,0,0,,,,,,,,,,,,,,,,,,,,,,,,,,,,,,,,,,,,
675,0,0,0,0,0,0,0,0,0,0,0,0,0,0,0,0,0,0,0,0,,,,,,,,,,,,,,,,,,,,,,,,,,,,,,,,,,,,
676,0,0,0,0,0,0,0,1,1,1,0,1,1,1,0,1,1,0,1,0,1,0,1,1,1,1,,0,0,0,0,0,0,,0,1,1,1,1,,1,1,1,0,,0,1,0,,0,0,,0,,0,
677,1,1,1,0,0,0,0,1,1,1,0,1,1,1,1,0,1,1,1,0,1,1,1,1,1,1,1,1,0,0,1,1,1,1,0,1,1,1,1,1,1,1,1,1,1,1,1,1,1,0,1,1,0,1,0,0
678,0,0,0,0,0,0,0,1,1,1,0,1,1,1,0,0,1,1,0,0,1,1,1,1,1,1,1,,0,0,0,0,0,0,,0,0,0,0,0,,1,1,1,1,,0,0,0,,0,0,,0,,
679,0,0,0,0,0,0,0,0,0,0,0,0,0,0,0,0,0,0,0,0,,,,,,,,,,,,,,,,,,,,,,,,,,,,,,,,,,,,
680,0,0,0,0,0,0,0,1,0,1,1,1,1,1,0,1,1,0,1,0,,1,1,1,1,1,,1,,,,,,,,0,0,0,0,,0,1,1,0,,1,1,0,,1,0,,1,,1,
681,0,0,0,0,0,0,0,0,0,1,0,1,1,0,0,0,1,0,0,1,,,,,,,,,,,,,,,,1,1,,1,,,1,,1,,,,0,,,,,,,,
682,0,0,0,0,0,0,0,0,0,1,1,0,1,1,0,0,1,1,0,0,,,,,,,,,,,,,,,,,0,0,0,0,,,,,,,1,1,0,,1,0,,0,,
683,0,0,0,0,0,0,0,0,0,0,0,0,0,0,0,0,0,0,0,0,,,,,,,,,,,,,,,,,,,,,,,,,,,,,,,,,,,,
684,0,0,0,0,0,0,0,0,0,1,0,1,1,1,0,0,1,0,0,0,,,,,,,,,,,,,,,,1,1,0,1,,,1,0,0,,,0,0,,,1,,,,,
685,1,1,1,1,0,0,0,1,1,1,0,1,1,1,1,0,1,0,1,0,0,1,0,1,1,1,,0,1,0,1,1,1,,1,0,0,0,1,,0,1,1,1,,1,0,1,,0,1,,0,,0,
686,0,0,0,0,0,0,0,1,1,1,0,1,1,1,0,1,1,0,0,0,1,0,1,1,1,1,,,0,0,0,0,0,,,1,1,1,1,,,1,1,0,,,1,0,,,0,,,,,
687,0,0,0,0,0,0,0,1,0,1,0,1,0,0,1,0,0,1,0,0,,1,1,,,,1,,,,,,,,,1,,,,1,,,,,1,,,,,,,,,,,
688,0,0,0,0,0,0,0,1,1,1,0,1,1,1,0,0,1,1,0,0,1,1,1,1,1,1,1,,0,0,0,0,0,0,,0,0,0,0,0,,1,1,1,1,,0,0,0,,0,0,,0,,
689,0,0,0,0,0,0,0,0,0,0,0,0,0,0,0,0,0,0,0,0,,,,,,,,,,,,,,,,,,,,,,,,,,,,,,,,,,,,
690,0,0,0,0,0,0,0,1,0,1,1,1,1,1,0,1,1,0,1,0,,1,1,1,1,1,,1,,,,,,,,0,0,0,0,,0,1,1,0,,1,1,0,,1,0,,0,,1,
691,0,0,0,0,0,0,0,0,0,1,0,1,1,0,0,0,1,0,0,1,,,,,,,,,,,,,,,,1,1,,1,,,1,,1,,,,0,,,,,,,,
692,0,0,0,0,0,0,0,0,0,0,0,0,0,0,0,0,0,0,0,0,,,,,,,,,,,,,,,,,,,,,,,,,,,,,,,,,,,,
693,0,0,0,0,0,0,0,0,0,0,0,0,0,0,0,0,0,0,0,0,,,,,,,,,,,,,,,,,,,,,,,,,,,,,,,,,,,,
694,0,0,0,0,0,0,0,0,0,0,0,0,0,0,0,0,0,0,0,0,,,,,,,,,,,,,,,,,,,,,,,,,,,,,,,,,,,,
695,1,1,1,1,0,0,0,1,1,1,0,1,1,1,1,0,1,0,1,0,0,1,0,1,1,1,,0,1,0,1,1,1,,1,0,1,0,1,,0,1,1,1,,1,0,1,,0,1,,0,,0,
696,0,0,0,0,0,0,0,1,1,1,0,1,1,1,0,1,1,0,0,0,1,0,1,1,1,1,,,0,0,0,0,0,,,1,1,1,1,,,1,1,0,,,1,0,,,0,,,,,
697,0,0,0,0,0,0,0,1,0,1,0,1,0,0,1,0,0,1,1,0,,1,1,,,,1,1,,,,,,,,1,,,,1,1,,,,1,1,,,,,,,,,,0
698,0,0,0,0,0,0,0,1,1,0,0,1,1,1,0,0,1,1,0,0,1,,1,1,1,1,1,,,0,0,0,0,0,,,,,,,,1,1,1,1,,0,0,0,,0,0,,0,,
699,0,0,0,0,0,0,0,0,0,0,0,0,0,0,0,0,0,0,0,0,,,,,,,,,,,,,,,,,,,,,,,,,,,,,,,,,,,,
700,0,0,0,0,0,0,0,1,0,1,1,1,1,1,0,1,1,0,1,0,,1,1,1,1,1,,1,,,,,,,,0,0,0,0,,0,0,1,0,,1,1,0,,1,0,,0,,1,
701,0,0,0,0,0,0,0,1,1,1,0,1,1,1,0,0,1,1,0,0,1,1,1,1,1,1,1,,0,0,0,0,0,0,,0,0,0,0,0,,1,1,1,1,,0,0,0,,0,0,,0,,
702,0,0,0,0,0,0,0,0,0,0,0,0,0,0,0,0,0,0,0,0,,,,,,,,,,,,,,,,,,,,,,,,,,,,,,,,,,,,
703,0,0,0,0,0,0,0,1,0,1,1,1,1,1,0,1,1,0,1,0,,1,1,1,1,1,,1,,,,,,,,0,0,0,0,,0,1,1,0,,1,1,0,,1,0,,1,,1,
704,0,0,0,0,0,0,0,0,0,1,0,1,1,0,0,0,1,0,0,1,,,,,,,,,,,,,,,,1,1,,1,,,1,,1,,,,0,,,,,,,,
705,0,0,0,0,0,0,0,0,0,0,0,0,0,0,0,0,0,0,0,0,,,,,,,,,,,,,,,,,,,,,,,,,,,,,,,,,,,,
706,0,0,0,0,0,0,0,0,0,0,0,0,0,0,0,0,0,0,0,0,,,,,,,,,,,,,,,,,,,,,,,,,,,,,,,,,,,,
707,0,0,0,0,0,1,0,1,1,0,0,1,1,1,0,1,1,0,0,0,1,,1,1,1,1,,,,0,0,0,0,,,,,,,,,1,1,1,,,0,0,,,0,,,,,
708,1,1,1,1,0,0,0,1,1,1,0,1,1,1,1,0,1,0,1,0,0,1,0,1,1,1,,0,1,0,1,1,1,,1,0,0,0,1,,0,1,1,1,,1,0,1,,0,1,,0,,0,
709,0,0,0,0,0,0,0,1,1,1,0,1,1,1,0,1,1,0,0,0,1,0,1,1,1,1,,,0,0,0,0,0,,,1,1,1,1,,,1,1,0,,,1,0,,,0,,,,,
70,1,1,0,0,1,0,0,1,1,0,0,1,1,1,0,1,1,0,0,0,1,,1,1,1,1,,,,0,0,0,0,,,,,,,,,1,1,1,,,0,0,,,0,,,,,
710,1,1,1,0,0,0,0,1,1,1,0,1,0,0,0,0,0,0,1,0,0,0,0,,,,,0,0,0,,,,,1,1,,,,,1,,,,,1,,,,,,,,,,
711,0,0,0,0,0,0,0,1,1,1,0,1,1,1,0,0,1,1,0,0,1,1,1,1,1,1,1,,0,0,0,0,0,0,,0,0,0,0,0,,1,1,1,1,,0,0,0,,0,0,,0,,
712,0,0,0,0,0,0,0,0,0,0,0,0,0,0,0,0,0,0,0,0,,,,,,,,,,,,,,,,,,,,,,,,,,,,,,,,,,,,
713,0,1,1,0,0,1,0,1,1,0,0,1,0,0,0,1,0,0,1,1,1,,0,,,,,0,,0,,,,,0,,,,,,,,,,,1,,,,,,,,,,
714,0,0,0,0,0,0,0,0,0,1,0,1,1,0,0,0,1,0,0,0,,,,,,,,,,,,,,,,0,1,,1,,,1,,1,,,,0,,,,,,,,
715,0,0,0,0,0,0,0,0,0,1,0,0,0,0,0,0,0,1,0,0,,,,,,,,,,,,,,,,,,,,0,,,,,,,,,,,,,,,,
716,0,0,0,0,0,0,0,0,0,0,0,0,0,0,0,0,0,0,0,0,,,,,,,,,,,,,,,,,,,,,,,,,,,,,,,,,,,,
717,0,0,0,0,0,0,0,0,1,1,1,1,0,1,0,0,1,0,1,0,,,,,,,,,0,0,,1,1,,1,0,,1,1,,1,,1,1,,1,,,,,1,,1,,1,
718,1,1,1,1,0,0,0,1,1,1,0,1,1,1,1,0,0,0,1,0,0,1,0,1,1,,,0,1,0,1,1,,,1,0,1,0,,,0,1,1,,,1,0,,,0,,,0,,,
719,0,0,0,0,0,0,0,0,1,0,0,1,0,0,0,0,0,0,0,0,,,,,,,,,,0,,,,,,,,,,,,,,,,,,,,,,,,,,
71,1,1,0,0,1,0,0,1,1,0,0,1,1,1,0,1,1,0,0,0,1,,1,1,1,1,,,,0,0,0,0,,,,,,,,,1,1,1,,,0,0,,,0,,,,,
720,1,1,1,0,0,0,0,1,1,1,0,1,1,1,0,0,1,0,1,0,0,0,0,0,0,0,,0,0,0,1,1,1,,0,1,1,1,1,,1,1,1,1,,1,1,1,,0,1,,0,,0,
721,0,0,0,0,0,0,0,1,1,1,0,1,1,1,0,0,1,1,0,0,1,1,1,1,1,1,1,,0,0,0,0,0,0,,0,0,0,0,0,,1,1,1,1,,0,0,0,,0,0,,0,,
722,0,0,0,0,0,0,0,0,1,0,0,1,0,0,1,0,0,0,0,0,,,,,,,,,,0,,,,,,,,,,,,,,,,,,,,,,,,,,
723,0,1,1,0,0,1,0,1,1,0,0,1,0,0,0,1,0,0,1,1,1,,0,,,,,0,,0,,,,,0,,,,,,,,,,,1,,,,,,,,,,
724,0,0,0,0,0,0,0,1,1,0,0,0,0,0,0,0,0,0,0,0,1,,,,,,,,,,,,,,,,,,,,,,,,,,,,,,,,,,,
725,0,0,0,0,0,0,0,0,0,0,0,0,0,0,0,0,0,0,0,0,,,,,,,,,,,,,,,,,,,,,,,,,,,,,,,,,,,,
726,0,0,0,0,0,0,0,0,0,0,0,0,0,0,0,0,0,0,0,0,,,,,,,,,,,,,,,,,,,,,,,,,,,,,,,,,,,,
727,0,0,0,0,0,0,0,0,0,1,0,1,1,1,1,1,1,0,1,1,,,,,,,,,,,,,,,,0,1,1,1,,0,1,1,1,,1,1,1,,0,1,,0,,0,
728,1,1,0,1,0,0,0,1,1,1,0,1,1,1,1,0,1,0,1,0,0,1,0,1,1,1,,0,1,0,1,1,1,,1,0,1,1,1,,0,1,1,1,,1,0,1,,0,1,,0,,0,
729,0,0,0,0,0,0,0,1,1,1,0,1,1,1,0,1,1,0,0,0,1,0,1,1,1,1,,,0,0,0,0,0,,,1,1,1,1,,,1,1,0,,,1,0,,,0,,,,,
72,0,0,0,0,0,0,0,1,1,0,0,1,1,1,1,1,1,1,0,1,0,,0,0,0,0,0,,,0,0,0,0,0,,,,,,,,0,1,1,1,,1,1,1,,0,1,,1,,
730,1,1,1,0,0,0,0,1,1,1,0,1,1,1,0,0,1,1,1,0,0,0,0,1,1,1,0,0,0,0,1,1,1,1,0,1,1,1,1,1,1,1,1,1,1,1,1,1,0,0,1,0,0,0,0,0
731,0,0,0,0,0,0,0,0,0,0,0,0,0,0,0,0,0,0,0,0,,,,,,,,,,,,,,,,,,,,,,,,,,,,,,,,,,,,
732,0,0,0,0,0,0,0,0,0,0,0,0,0,0,0,0,0,0,0,0,,,,,,,,,,,,,,,,,,,,,,,,,,,,,,,,,,,,
733,0,0,0,0,0,0,0,0,1,1,0,1,0,0,0,0,0,0,0,0,,,,,,,,,0,0,,,,,,1,,,,,,,,,,,,,,,,,,,,
734,0,0,0,0,0,0,0,0,0,1,0,0,0,0,0,0,0,0,0,0,,,,,,,,,,,,,,,,,,,,,,,,,,,,,,,,,,,,
735,0,0,0,0,0,0,0,1,1,1,0,0,0,0,0,0,0,0,0,0,0,0,,,,,,,1,,,,,,,,,,,,,,,,,,,,,,,,,,,
736,0,0,0,0,0,0,0,0,0,0,0,0,0,0,0,0,0,0,0,0,,,,,,,,,,,,,,,,,,,,,,,,,,,,,,,,,,,,
737,0,0,0,0,0,0,0,1,1,1,1,1,1,1,0,0,1,1,1,0,1,1,1,1,1,1,1,1,0,0,1,1,1,1,0,0,1,1,1,1,0,1,1,1,1,1,0,0,0,0,0,1,0,1,0,0
738,1,1,1,1,0,0,0,1,1,1,0,1,1,1,1,0,1,0,1,0,0,1,0,1,1,1,,0,1,0,1,1,1,,1,0,1,0,1,,0,1,1,1,,1,0,1,,0,1,,0,,0,
739,0,0,0,0,0,0,0,1,1,1,0,1,1,1,0,1,1,0,0,0,0,0,1,1,1,1,,,1,1,1,1,1,,,1,1,1,1,,,1,1,1,,,1,0,,,0,,,,,
73,0,0,0,0,0,0,0,0,0,0,0,0,0,0,0,0,0,0,0,0,,,,,,,,,,,,,,,,,,,,,,,,,,,,,,,,,,,,
740,0,0,0,0,0,0,0,0,0,1,0,1,0,0,0,0,0,1,1,0,,,,,,,,,,,,,,,,0,,,,0,0,,,,0,1,,,,,,,,,,1
741,0,0,0,0,0,0,0,0,0,0,0,0,0,0,0,0,0,0,0,0,,,,,,,,,,,,,,,,,,,,,,,,,,,,,,,,,,,,
742,0,0,0,0,0,0,0,0,0,0,0,0,0,0,0,0,0,0,0,0,,,,,,,,,,,,,,,,,,,,,,,,,,,,,,,,,,,,
743,0,0,0,0,0,0,0,1,0,1,1,1,1,1,0,1,1,0,1,0,,1,1,1,1,1,,1,,,,,,,,0,0,0,0,,0,1,1,0,,1,1,0,,1,0,,1,,1,
744,0,0,0,0,0,0,0,0,0,1,0,0,0,0,0,0,0,0,0,0,,,,,,,,,,,,,,,,,,,,,,,,,,,,,,,,,,,,
745,0,0,0,0,0,0,0,0,0,0,0,0,0,0,0,0,0,0,0,0,,,,,,,,,,,,,,,,,,,,,,,,,,,,,,,,,,,,
746,0,0,0,0,0,0,0,0,0,0,0,1,0,1,0,0,1,0,0,0,,,,,,,,,,,,,,,,,,,,,,,1,1,,,,,,,0,,,,,
747,0,0,0,0,0,0,0,0,0,1,0,1,0,1,0,0,1,0,0,0,,,,,,,,,,,,,,,,0,,1,1,,,,1,1,,,,,,,1,,,,,
748,1,1,1,1,0,0,0,1,1,1,0,1,1,1,1,0,0,0,1,0,0,1,0,1,1,,,0,1,0,1,1,,,1,0,1,0,,,0,1,1,,,1,0,,,0,,,0,,,
749,0,0,0,0,0,0,0,1,0,0,0,1,1,1,0,1,1,0,0,0,,,1,1,1,1,,,,,,,,,,,,,,,,1,1,0,,,1,0,,,0,,,,,
74,1,0,0,0,0,0,1,1,1,1,1,1,1,1,0,1,1,1,1,0,1,0,1,1,1,1,1,0,0,1,1,1,1,1,0,1,1,1,1,1,0,1,1,1,1,0,0,1,0,0,1,0,0,0,0,0
750,0,0,0,0,0,0,0,1,1,1,0,1,0,0,0,0,0,1,1,0,0,0,0,,,,1,0,0,0,,,,1,0,1,,,,1,1,,,,1,1,,,,,,,,,,0
751,0,0,0,0,0,0,0,0,0,0,0,0,0,0,0,0,0,0,0,0,,,,,,,,,,,,,,,,,,,,,,,,,,,,,,,,,,,,
752,0,0,0,0,0,0,0,0,0,0,0,0,0,0,0,0,0,0,0,0,,,,,,,,,,,,,,,,,,,,,,,,,,,,,,,,,,,,
753,0,0,0,0,0,0,0,1,0,1,1,1,1,1,0,1,1,0,1,0,,1,1,1,1,1,,1,,,,,,,,0,0,0,0,,0,1,1,0,,1,0,0,,0,0,,1,,1,
754,0,0,0,0,0,0,0,0,0,1,0,0,0,0,0,0,0,0,0,0,,,,,,,,,,,,,,,,,,,,,,,,,,,,,,,,,,,,
755,0,0,0,0,0,0,0,0,0,0,0,0,0,0,0,0,0,0,0,0,,,,,,,,,,,,,,,,,,,,,,,,,,,,,,,,,,,,
756,0,0,0,0,0,0,0,1,0,0,0,0,0,0,0,0,0,0,0,0,,,,,,,,,,,,,,,,,,,,,,,,,,,,,,,,,,,,
757,0,0,0,0,0,0,0,0,0,1,0,0,0,0,0,0,0,0,1,0,,,,,,,,,,,,,,,,,,,,,1,,,,,,,,,,,,,,,
758,1,1,1,1,0,0,0,1,1,1,0,1,1,1,1,0,1,0,1,0,0,1,0,1,1,1,,0,1,0,1,1,1,,1,0,0,0,1,,0,1,1,1,,1,0,1,,0,1,,0,,0,
759,0,0,0,0,0,0,0,1,1,1,0,1,1,1,0,1,1,0,0,0,1,0,1,1,1,1,,,0,0,0,0,0,,,1,1,1,1,,,1,1,0,,,1,0,,,0,,,,,
75,1,0,0,0,0,0,0,1,1,1,1,1,1,0,0,0,0,1,1,0,0,0,1,1,,,1,0,0,1,1,,,1,0,1,1,,,1,1,0,,,1,0,,,1,0,,,,,,0
760,1,1,1,0,0,0,0,1,1,1,0,1,1,1,0,0,1,1,1,0,0,0,0,0,0,0,0,0,0,0,1,1,1,1,0,1,1,1,1,1,1,1,1,1,1,1,1,1,0,0,1,0,0,0,0,0
761,0,0,0,0,0,0,0,1,1,0,0,1,1,1,0,0,1,1,0,0,1,,1,1,1,1,1,,,0,0,0,0,0,,,,,,,,1,1,1,1,,0,0,0,,0,0,,0,,
762,0,0,0,0,0,0,0,0,0,0,0,0,0,0,0,0,0,0,0,0,,,,,,,,,,,,,,,,,,,,,,,,,,,,,,,,,,,,
763,0,0,0,0,0,0,0,1,0,1,1,1,1,1,0,1,1,0,1,0,,1,1,1,1,1,,1,,,,,,,,0,0,0,0,,0,1,1,0,,1,1,0,,1,0,,1,,1,
764,0,0,0,0,0,0,0,0,0,1,0,0,0,0,0,0,0,0,0,0,,,,,,,,,,,,,,,,,,,,,,,,,,,,,,,,,,,,
765,0,0,0,0,0,0,0,0,0,0,0,0,0,0,0,0,0,0,0,0,,,,,,,,,,,,,,,,,,,,,,,,,,,,,,,,,,,,
766,0,0,0,0,0,0,0,0,1,0,0,1,0,0,0,0,1,0,0,0,,,,,,,,,,0,,,0,,,,,,,,,,,1,,,,,,,,,,,,
767,0,0,0,0,0,0,0,0,0,1,0,0,0,0,0,0,0,1,1,0,,,,,,,,,,,,,,,,,,,,1,1,,,,,,,,,,,,,,,0
768,1,1,1,1,0,0,0,1,1,1,0,1,1,1,1,0,1,0,1,0,0,1,0,1,1,1,,0,1,0,1,1,1,,1,0,0,0,1,,0,1,1,1,,1,0,1,,0,1,,0,,0,
769,0,0,0,0,0,0,0,0,0,0,0,0,0,0,0,0,0,0,0,0,,,,,,,,,,,,,,,,,,,,,,,,,,,,,,,,,,,,
76,0,0,0,0,0,0,0,0,0,1,0,0,0,0,0,0,0,0,0,0,,,,,,,,,,,,,,,,,,,,,,,,,,,,,,,,,,,,
770,1,1,1,0,0,0,0,1,1,1,0,1,1,1,0,0,1,1,1,0,0,0,0,1,1,1,1,0,0,0,1,1,1,1,0,1,1,1,1,1,1,1,1,1,1,1,1,1,1,0,1,1,0,1,0,0
771,0,0,0,0,0,0,0,1,1,0,0,1,1,1,0,0,1,1,0,0,1,,1,1,1,1,1,,,0,0,0,0,0,,,,,,,,1,1,1,1,,0,0,0,,0,0,,0,,
772,0,0,0,0,0,0,0,0,0,0,0,0,0,0,0,0,0,0,0,0,,,,,,,,,,,,,,,,,,,,,,,,,,,,,,,,,,,,
773,0,0,0,0,0,0,0,1,0,1,1,1,1,1,0,1,1,0,1,0,,1,1,1,1,1,,1,,,,,,,,0,0,0,0,,0,1,1,0,,1,1,0,,1,0,,1,,1,
774,0,0,0,0,0,0,0,0,0,1,0,0,0,0,0,0,0,0,0,0,,,,,,,,,,,,,,,,,,,,,,,,,,,,,,,,,,,,
775,0,0,0,0,0,0,0,0,0,0,0,0,0,0,0,0,0,0,0,0,,,,,,,,,,,,,,,,,,,,,,,,,,,,,,,,,,,,
776,0,0,0,0,0,0,0,0,0,0,0,0,0,0,0,0,0,0,0,0,,,,,,,,,,,,,,,,,,,,,,,,,,,,,,,,,,,,
777,0,0,0,0,0,0,0,0,1,1,1,1,0,1,0,0,1,0,0,0,,,,,,,,,0,0,,1,1,,,0,,1,1,,,,1,1,,,,,,,1,,,,,
778,1,1,1,1,0,0,0,1,1,1,0,1,1,1,1,0,1,0,1,0,0,1,0,1,1,1,,0,1,0,1,1,1,,1,0,0,0,1,,0,1,1,1,,1,0,1,,0,1,,0,,0,
779,0,0,0,0,0,0,0,1,0,1,0,0,1,1,0,1,1,0,0,0,,1,,1,1,1,,,,,,,,,,,0,0,0,,,,,,,,1,0,,,0,,,,,
77,1,0,0,0,0,0,1,1,1,1,1,1,1,1,0,1,1,1,1,0,1,0,1,1,1,1,1,0,0,1,1,1,1,1,0,1,1,1,1,1,0,1,1,1,1,0,1,1,0,0,0,0,0,0,0,0
780,1,1,1,0,0,0,0,0,1,1,0,1,0,0,0,0,0,1,0,0,,,,,,,,,0,0,,,,1,,1,,,,1,,,,,1,,,,,,,,,,,
781,0,0,0,0,0,0,0,1,1,1,0,1,1,1,0,0,1,1,0,0,1,1,1,1,1,1,1,,0,0,0,0,0,0,,0,0,0,0,0,,1,1,1,1,,0,0,0,,0,0,,0,,
782,0,0,0,0,0,0,0,0,0,0,0,0,0,0,0,0,0,0,0,0,,,,,,,,,,,,,,,,,,,,,,,,,,,,,,,,,,,,
783,0,0,0,0,0,0,0,1,0,1,1,1,1,1,0,1,1,0,1,0,,1,1,1,1,1,,1,,,,,,,,0,0,0,0,,0,1,1,0,,1,1,0,,1,0,,1,,1,
784,0,0,0,0,0,0,0,0,0,1,0,0,0,0,0,0,0,0,0,0,,,,,,,,,,,,,,,,,,,,,,,,,,,,,,,,,,,,
785,0,0,0,0,0,0,0,0,0,0,0,0,0,0,0,0,0,0,0,0,,,,,,,,,,,,,,,,,,,,,,,,,,,,,,,,,,,,
786,0,0,0,0,0,0,0,0,0,0,0,0,0,0,0,0,0,0,0,0,,,,,,,,,,,,,,,,,,,,,,,,,,,,,,,,,,,,
787,0,0,0,0,0,0,0,0,0,1,1,1,0,1,0,0,1,0,1,0,,,,,,,,,,,,,,,,0,,1,1,,0,,1,1,,1,,,,,1,,0,,0,
788,0,0,0,0,0,0,0,1,1,1,0,0,0,0,0,0,0,0,1,0,0,1,,,,,,0,1,,,,,,1,,,,,,0,,,,,,,,,,,,,,,
789,0,0,0,0,0,0,0,0,0,0,0,1,1,1,0,1,1,0,0,0,,,,,,,,,,,,,,,,,,,,,,1,1,0,,,1,0,,,0,,,,,
78,0,0,0,0,0,0,0,0,0,0,0,1,1,0,1,0,1,0,0,0,,,,,,,,,,,,,,,,,,,,,,1,,1,,,,1,,,,,,,,
790,1,1,1,0,0,0,0,1,1,1,0,1,1,1,0,0,1,1,1,0,0,0,0,1,1,1,1,0,0,0,1,1,1,1,0,1,1,1,1,1,1,1,1,1,1,1,1,1,1,0,1,1,0,1,0,0
791,0,0,0,0,0,0,0,1,1,1,0,1,1,1,0,0,1,1,0,0,1,1,1,1,1,1,1,,0,0,0,0,0,0,,0,0,0,0,0,,1,1,1,1,,0,0,0,,0,0,,0,,
792,0,0,0,0,0,0,0,0,0,0,0,0,0,0,0,0,0,0,0,0,,,,,,,,,,,,,,,,,,,,,,,,,,,,,,,,,,,,
793,0,0,0,0,0,0,0,1,0,1,1,1,1,1,0,1,1,0,1,0,,1,1,1,1,1,,1,,,,,,,,0,0,0,0,,0,1,1,0,,1,0,0,,1,0,,1,,1,
794,0,0,0,0,0,0,0,0,0,0,0,0,0,0,0,0,0,1,0,0,,,,,,,,,,,,,,,,,,,,,,,,,,,,,,,,,,,,
795,0,0,0,0,0,0,0,0,0,0,0,0,0,0,0,0,0,0,0,0,,,,,,,,,,,,,,,,,,,,,,,,,,,,,,,,,,,,
796,0,0,0,0,0,0,0,0,0,0,0,0,0,0,0,0,0,0,0,0,,,,,,,,,,,,,,,,,,,,,,,,,,,,,,,,,,,,
797,0,0,0,0,0,0,0,0,0,1,0,0,0,1,0,0,1,0,0,0,,,,,,,,,,,,,,,,,,1,1,,,,,,,,,,,,1,,,,,
798,0,0,0,0,0,0,0,0,0,0,0,0,0,0,0,0,0,1,0,0,,,,,,,,,,,,,,,,,,,,,,,,,,,,,,,,,,,,
799,0,0,0,0,0,0,0,1,1,1,0,1,1,1,0,1,1,0,0,0,1,0,1,1,1,1,,,0,0,0,0,0,,,1,1,1,1,,,1,1,0,,,1,0,,,0,,,,,
79,1,0,0,0,0,0,1,1,0,1,1,1,1,1,0,1,1,1,1,0,,0,1,1,1,1,1,0,,,,,,,,1,1,1,1,1,0,1,1,1,1,0,1,1,0,0,1,0,0,0,0,0
800,1,1,1,0,0,0,0,0,1,0,0,1,0,0,0,0,0,1,0,0,,,,,,,,,,0,,,,1,,,,,,,,,,,1,,,,,,,,,,,
801,0,0,0,0,0,0,0,1,1,1,0,1,1,1,0,0,1,1,0,0,1,1,1,1,1,1,1,,0,0,0,0,0,0,,0,0,0,0,0,,1,1,1,1,,0,0,0,,0,0,,0,,
802,0,0,0,0,0,0,0,0,0,0,0,0,0,0,0,0,0,0,0,0,,,,,,,,,,,,,,,,,,,,,,,,,,,,,,,,,,,,
803,0,0,0,0,0,0,0,1,0,1,1,1,1,1,0,1,1,0,1,0,,1,1,1,1,1,,1,,,,,,,,0,0,0,0,,0,1,1,0,,1,0,0,,1,0,,1,,1,
804,0,0,0,0,0,0,0,0,0,1,0,1,1,0,0,0,1,0,0,0,,,,,,,,,,,,,,,,0,1,,1,,,1,,1,,,,0,,,,,,,,
805,0,0,0,0,0,0,0,0,0,0,0,0,0,0,0,0,0,0,0,0,,,,,,,,,,,,,,,,,,,,,,,,,,,,,,,,,,,,
806,0,0,0,0,0,0,0,0,0,0,0,0,0,0,0,0,0,0,0,0,,,,,,,,,,,,,,,,,,,,,,,,,,,,,,,,,,,,
807,0,0,0,0,0,0,0,0,1,1,0,1,0,1,0,0,1,0,0,0,,,,,,,,,0,0,,0,0,,,0,,1,1,,,,1,1,,,,,,,1,,,,,
808,1,1,1,1,0,0,0,1,1,1,0,1,1,1,1,0,1,0,1,0,0,1,1,1,1,1,,0,1,1,1,1,1,,1,0,0,0,1,,0,1,1,1,,0,1,1,,0,1,,0,,0,
809,0,0,0,0,0,0,0,0,0,0,0,0,0,0,0,0,0,0,0,0,,,,,,,,,,,,,,,,,,,,,,,,,,,,,,,,,,,,
80,1,0,0,0,0,0,1,1,1,1,1,1,1,1,0,1,1,1,1,0,1,0,1,1,1,1,1,0,0,1,1,1,1,1,0,1,1,1,1,1,0,1,1,1,1,0,0,0,0,0,1,0,0,0,0,0
810,1,1,1,0,0,0,0,0,0,1,0,1,0,0,0,0,0,0,0,0,,,,,,,,,,,,,,,,1,,,,,,,,,,,,,,,,,,,,
811,0,0,0,0,0,0,0,1,1,1,0,1,1,1,0,0,1,1,0,0,1,1,1,1,1,1,1,,0,0,0,0,0,0,,0,0,0,0,0,,1,1,1,1,,0,0,0,,0,0,,0,,
812,0,0,0,0,0,0,0,0,0,0,0,0,0,0,0,0,0,0,0,0,,,,,,,,,,,,,,,,,,,,,,,,,,,,,,,,,,,,
813,0,0,0,0,0,0,0,0,1,1,0,1,0,0,0,0,0,0,0,0,,,,,,,,,0,0,,,,,,1,,,,,,,,,,,,,,,,,,,,
814,0,0,0,0,0,0,0,0,0,1,0,1,0,0,0,0,1,0,0,1,,,,,,,,,,,,,,,,1,,,1,,,,,1,,,,,,,,,,,,
815,0,0,0,0,0,0,0,0,0,1,1,1,1,1,0,0,1,1,0,0,,,,,,,,,,,,,,,,0,0,0,0,0,,1,1,1,1,,1,1,0,,1,0,,0,,
816,0,0,0,0,0,0,0,0,0,0,0,0,0,0,0,0,0,0,0,0,,,,,,,,,,,,,,,,,,,,,,,,,,,,,,,,,,,,
817,0,0,0,0,0,0,0,0,1,1,0,1,1,0,0,0,0,1,0,1,,,,,,,,,1,0,1,,,0,,0,1,,,0,,1,,,0,,,,0,,,,,,,
818,1,1,1,1,0,0,0,1,1,1,0,1,1,1,1,0,0,0,1,0,0,1,0,1,1,,,0,1,0,1,1,,,1,0,0,0,,,0,1,1,,,1,0,,,0,,,0,,,
819,0,0,0,0,0,0,0,0,0,0,0,0,0,0,0,0,0,0,0,0,,,,,,,,,,,,,,,,,,,,,,,,,,,,,,,,,,,,
81,0,0,1,0,0,0,0,0,1,1,0,1,0,0,0,1,0,0,1,0,,,,,,,,,1,1,,,,,1,1,,,,,1,,,,,0,,,,,,,,,,
820,0,0,0,0,0,0,0,0,0,0,0,0,0,0,0,0,0,1,0,0,,,,,,,,,,,,,,,,,,,,,,,,,,,,,,,,,,,,
821,0,0,0,0,0,0,0,1,1,1,0,1,1,1,0,0,1,1,0,0,1,1,1,1,1,1,1,,0,0,0,0,0,0,,0,0,0,0,0,,1,1,1,1,,0,0,0,,0,0,,0,,
822,0,0,0,0,0,0,0,0,0,0,0,0,0,0,0,0,0,0,0,0,,,,,,,,,,,,,,,,,,,,,,,,,,,,,,,,,,,,
823,0,0,0,0,0,0,0,0,0,0,0,0,0,0,0,0,0,0,0,0,,,,,,,,,,,,,,,,,,,,,,,,,,,,,,,,,,,,
824,0,0,0,0,0,0,0,0,0,0,0,0,0,0,0,0,0,0,0,0,,,,,,,,,,,,,,,,,,,,,,,,,,,,,,,,,,,,
825,0,0,0,0,0,0,0,0,0,1,1,1,1,1,0,0,1,1,0,0,,,,,,,,,,,,,,,,0,0,0,0,0,,1,1,1,1,,1,1,0,,1,0,,0,,
826,0,0,0,0,0,0,0,0,0,0,0,0,0,0,0,0,0,0,0,0,,,,,,,,,,,,,,,,,,,,,,,,,,,,,,,,,,,,
827,0,0,0,0,0,0,0,0,0,1,0,1,0,1,0,0,1,0,0,0,,,,,,,,,,,,,,,,0,,1,1,,,,1,1,,,,,,,1,,,,,
828,1,1,1,1,0,0,0,1,1,1,0,1,1,1,1,0,1,0,1,0,0,1,0,1,1,1,,0,1,0,1,1,1,,1,0,1,0,1,,0,1,1,1,,1,0,1,,0,1,,0,,0,
829,0,0,0,0,0,0,0,0,0,0,0,0,0,0,0,0,0,0,0,0,,,,,,,,,,,,,,,,,,,,,,,,,,,,,,,,,,,,
82,1,0,0,0,0,0,1,1,1,1,1,1,1,1,0,1,1,1,1,0,1,0,1,1,1,1,1,0,0,1,1,1,1,1,0,1,1,1,1,1,0,1,1,1,1,0,1,1,0,0,1,0,0,0,0,0
830,1,1,1,0,0,0,0,0,1,1,0,1,0,0,0,0,0,1,0,0,,,,,,,,,0,0,,,,1,,1,,,,1,,,,,1,,,,,,,,,,,
831,0,0,0,0,0,0,0,1,1,1,0,1,1,1,0,0,1,1,0,0,1,1,1,1,1,1,1,,0,0,0,0,0,0,,0,0,0,0,0,,1,1,1,1,,0,0,0,,0,0,,0,,
832,0,0,0,0,0,0,0,0,0,0,0,0,0,0,0,0,0,0,0,0,,,,,,,,,,,,,,,,,,,,,,,,,,,,,,,,,,,,
833,0,0,0,0,0,0,0,0,0,0,0,0,0,0,0,0,0,0,0,0,,,,,,,,,,,,,,,,,,,,,,,,,,,,,,,,,,,,
834,0,0,0,0,0,0,0,0,0,0,0,0,0,0,0,0,0,1,0,0,,,,,,,,,,,,,,,,,,,,,,,,,,,,,,,,,,,,
835,0,0,0,0,0,0,0,0,0,0,0,0,0,0,0,0,0,0,0,0,,,,,,,,,,,,,,,,,,,,,,,,,,,,,,,,,,,,
836,0,0,0,0,0,0,0,0,1,0,0,1,0,0,0,0,0,1,1,1,,,,,,,,,,0,,,,1,1,,,,,,,,,,1,1,,,,,,,,,,0
837,0,0,0,0,0,0,0,0,0,1,0,1,0,1,0,0,1,0,0,0,,,,,,,,,,,,,,,,0,,1,1,,,,1,1,,,,,,,1,,,,,
838,1,1,1,1,0,0,0,1,1,1,0,1,1,1,1,0,1,0,1,0,0,1,0,1,1,1,,0,1,0,1,1,1,,1,0,1,1,1,,0,1,1,1,,1,0,1,,0,1,,0,,0,
839,0,0,0,0,0,0,0,0,0,0,0,0,0,0,0,0,0,0,0,0,,,,,,,,,,,,,,,,,,,,,,,,,,,,,,,,,,,,
83,1,0,0,0,0,0,1,1,1,1,1,1,1,1,0,1,1,1,1,0,1,0,1,1,1,1,1,0,0,1,1,1,1,1,0,1,1,1,1,1,0,1,1,1,1,0,0,0,0,0,1,0,0,0,0,0
840,0,0,0,0,0,0,0,0,1,1,0,1,0,0,0,0,0,1,0,0,,,,,,,,,1,1,,,,1,,0,,,,0,,,,,0,,,,,,,,,,,
841,0,0,0,0,0,0,0,1,1,1,0,1,1,1,0,0,1,1,0,0,1,1,1,1,1,1,1,,0,0,0,0,0,0,,0,0,0,0,0,,1,1,1,1,,0,0,0,,0,0,,0,,
842,0,0,0,0,0,0,0,0,0,0,0,0,0,0,0,0,0,0,0,0,,,,,,,,,,,,,,,,,,,,,,,,,,,,,,,,,,,,
843,0,0,0,0,0,0,0,1,0,1,1,1,1,1,0,1,1,0,1,0,,1,1,1,1,1,,1,,,,,,,,0,0,0,0,,1,1,1,0,,1,1,0,,1,0,,1,,1,
844,0,0,0,0,0,0,0,0,0,0,0,0,0,0,0,0,0,0,0,0,,,,,,,,,,,,,,,,,,,,,,,,,,,,,,,,,,,,
845,0,0,0,0,0,0,0,0,0,0,0,0,0,0,0,0,0,0,0,0,,,,,,,,,,,,,,,,,,,,,,,,,,,,,,,,,,,,
846,0,0,0,0,0,0,0,0,1,1,0,1,0,0,0,0,0,1,1,0,,,,,,,,,1,0,,,,0,0,0,,,,0,0,,,,1,0,,,,,,,,,,0
847,0,0,0,0,0,0,0,0,0,1,0,0,0,1,0,0,1,0,0,0,,,,,,,,,,,,,,,,,,1,1,,,,,,,,,,,,1,,,,,
848,1,1,1,1,0,0,0,1,1,1,0,1,1,1,1,0,1,0,1,0,0,1,0,1,1,1,,0,1,0,1,1,1,,1,0,0,0,1,,0,1,1,1,,1,0,1,,0,1,,0,,0,
849,0,0,0,0,0,0,0,0,0,0,0,0,0,0,0,0,0,0,0,0,,,,,,,,,,,,,,,,,,,,,,,,,,,,,,,,,,,,
84,1,0,0,0,0,0,1,1,1,1,1,1,1,1,0,1,1,1,1,0,1,0,1,1,1,1,1,0,0,1,1,1,1,1,0,1,1,1,1,1,0,1,1,1,1,0,1,1,0,0,1,0,0,0,0,0
850,0,0,0,0,0,0,0,1,0,1,0,1,0,0,1,0,0,1,0,0,,1,1,,,,1,,,,,,,,,1,,,,1,,,,,1,,,,,,,,,,,
851,0,0,0,0,0,0,0,1,1,1,0,1,0,0,0,0,0,0,0,0,0,0,0,,,,,,0,0,,,,,,1,,,,,,,,,,,,,,,,,,,,
852,0,0,0,0,0,0,0,0,0,0,0,0,0,0,0,0,0,0,0,0,,,,,,,,,,,,,,,,,,,,,,,,,,,,,,,,,,,,
853,0,0,0,0,0,0,0,0,1,1,0,1,0,0,0,0,0,0,0,0,,,,,,,,,1,1,,,,,,1,,,,,,,,,,,,,,,,,,,,
854,0,0,0,0,0,0,0,1,0,0,0,1,1,1,0,0,1,1,0,0,,,0,1,1,1,0,,,,,,,,,,,,,,,1,1,1,0,,0,0,0,,0,0,,0,,
855,0,0,0,0,0,0,0,0,0,0,0,0,0,0,0,0,0,0,0,0,,,,,,,,,,,,,,,,,,,,,,,,,,,,,,,,,,,,
856,0,0,0,0,0,0,0,0,0,0,0,0,0,0,0,0,0,0,0,0,,,,,,,,,,,,,,,,,,,,,,,,,,,,,,,,,,,,
857,0,0,0,0,0,0,0,0,1,1,0,1,0,1,0,0,1,1,1,0,,,,,,,,,0,0,,1,1,1,0,0,,1,1,1,0,,1,1,1,1,,,,,1,1,0,1,0,0
858,1,1,1,1,0,0,0,1,1,1,0,1,1,1,1,0,1,0,1,0,0,1,0,1,1,1,,0,1,0,1,1,1,,1,0,0,0,0,,0,1,1,1,,1,0,1,,0,1,,0,,0,
859,0,0,0,0,0,0,0,1,1,1,0,1,1,1,0,1,1,0,0,0,1,0,1,1,1,1,,,0,0,0,0,0,,,1,1,1,1,,,1,1,0,,,1,0,,,0,,,,,
85,1,0,0,0,0,0,1,1,1,1,1,1,1,1,0,1,1,1,1,0,1,0,1,1,1,1,1,0,0,1,1,1,1,1,0,1,1,1,1,1,0,1,1,1,1,0,1,1,0,0,1,0,0,0,0,0
860,0,0,0,0,0,0,0,1,1,1,0,1,1,1,0,0,1,1,0,0,1,1,1,1,1,1,1,,0,0,0,0,0,0,,0,0,0,0,0,,1,1,1,1,,0,0,0,,1,0,,0,,
861,0,0,0,0,0,0,0,0,0,0,0,0,0,0,0,0,0,0,0,0,,,,,,,,,,,,,,,,,,,,,,,,,,,,,,,,,,,,
862,0,0,0,0,0,0,0,0,1,1,0,1,0,0,0,0,0,0,0,0,,,,,,,,,1,1,,,,,,1,,,,,,,,,,,,,,,,,,,,
863,0,0,0,0,0,0,0,1,0,0,0,1,1,1,0,0,1,0,0,0,,,0,1,1,1,,,,,,,,,,,,,,,,1,1,1,,,0,0,,,0,,,,,
864,0,0,0,0,0,0,0,0,0,0,0,0,0,0,0,0,0,0,0,0,,,,,,,,,,,,,,,,,,,,,,,,,,,,,,,,,,,,
865,0,0,0,0,0,0,0,0,0,0,0,0,0,0,0,0,0,0,0,0,,,,,,,,,,,,,,,,,,,,,,,,,,,,,,,,,,,,
866,0,0,0,0,0,0,0,0,0,1,0,1,1,1,0,0,0,0,0,0,,,,,,,,,,,,,,,,0,1,1,,,,1,1,,,,0,,,,,,,,,
867,1,1,1,1,0,0,0,1,1,1,0,1,1,1,1,0,1,0,1,0,0,1,0,1,1,1,,0,1,0,1,1,1,,1,0,1,0,1,,0,1,1,1,,1,0,1,,0,1,,0,,0,
868,0,0,0,0,0,0,0,1,1,1,0,1,1,1,0,1,1,0,0,0,1,0,1,1,1,1,,,0,0,0,0,0,,,1,1,1,1,,,1,1,0,,,1,0,,,0,,,,,
869,0,0,0,0,0,0,0,1,1,1,0,1,1,1,0,0,1,1,0,0,1,1,1,1,1,1,1,,0,0,0,0,0,0,,0,0,0,0,0,,1,1,1,1,,0,0,0,,0,0,,0,,
86,1,0,0,0,0,0,1,1,1,1,1,1,1,1,0,1,1,1,1,0,1,0,1,1,1,1,1,0,0,1,1,1,1,1,0,1,1,1,1,1,0,1,1,1,1,0,1,1,0,0,0,0,0,0,0,0
870,0,0,0,0,0,0,0,0,0,0,0,0,0,0,0,0,0,0,0,0,,,,,,,,,,,,,,,,,,,,,,,,,,,,,,,,,,,,
871,0,0,0,0,0,0,0,0,1,1,0,1,1,1,0,0,1,1,1,0,,,,,,,,,1,1,1,1,1,1,0,0,1,0,0,0,0,1,1,1,1,0,0,0,0,0,0,0,0,0,0,0
872,0,0,0,0,0,0,0,0,0,0,0,0,0,0,0,0,0,0,0,0,,,,,,,,,,,,,,,,,,,,,,,,,,,,,,,,,,,,
873,0,0,0,0,0,0,0,0,0,1,1,1,1,1,0,0,1,1,0,0,,,,,,,,,,,,,,,,0,0,0,0,0,,1,1,1,1,,1,1,0,,1,0,,0,,
874,0,0,0,0,0,0,0,0,0,0,0,0,0,0,0,0,0,0,0,0,,,,,,,,,,,,,,,,,,,,,,,,,,,,,,,,,,,,
875,0,0,0,0,0,0,0,0,1,1,1,1,0,1,0,0,1,0,1,0,,,,,,,,,0,0,,1,1,,0,0,,1,1,,0,,1,1,,1,,,,,1,,0,,0,
876,1,1,1,1,0,0,0,1,1,1,0,1,1,1,1,0,1,0,1,0,0,1,0,1,1,1,,0,1,0,1,1,1,,1,0,0,0,1,,0,1,1,1,,1,0,1,,0,1,,0,,0,
877,0,0,0,0,0,0,0,1,1,1,0,1,0,0,0,0,0,0,0,0,1,0,1,,,,,,0,0,,,,,,1,,,,,,,,,,,,,,,,,,,,
878,0,0,0,0,0,0,0,1,1,1,0,1,1,1,0,0,1,1,0,0,1,1,1,1,1,1,1,,0,0,0,0,0,0,,0,0,0,0,0,,1,1,1,1,,0,0,0,,0,0,,0,,
879,0,0,0,0,0,0,0,0,0,0,0,0,0,0,0,0,0,0,0,0,,,,,,,,,,,,,,,,,,,,,,,,,,,,,,,,,,,,
87,1,0,0,0,0,0,1,1,1,1,1,1,1,1,0,1,1,1,1,0,1,0,1,1,1,1,1,0,0,1,1,1,1,1,0,1,1,1,1,1,0,1,1,1,1,0,1,1,0,0,1,0,0,0,0,0
880,0,0,0,0,0,0,0,0,0,0,0,0,0,0,0,0,0,0,0,0,,,,,,,,,,,,,,,,,,,,,,,,,,,,,,,,,,,,
881,0,0,0,0,0,0,0,1,0,0,0,1,1,0,0,0,1,0,0,0,,,0,1,,1,,,,,,,,,,,,,,,,1,,1,,,,0,,,,,,,,
882,0,0,0,0,0,0,0,0,0,1,1,0,1,1,0,0,1,1,0,0,,,,,,,,,,,,,,,,,0,0,0,0,,,,,,,1,1,0,,1,0,,0,,
883,0,0,0,0,0,0,0,0,0,0,0,0,0,0,0,0,0,0,0,0,,,,,,,,,,,,,,,,,,,,,,,,,,,,,,,,,,,,
884,0,0,0,0,0,0,0,0,1,1,0,0,0,1,0,0,1,0,0,0,,,,,,,,,0,,,1,1,,,,,1,1,,,,,,,,,,,,1,,,,,
885,1,1,1,1,0,0,0,1,1,1,0,1,1,1,1,0,1,0,1,0,0,1,0,1,1,1,,0,1,0,1,1,1,,1,0,0,0,1,,0,1,1,1,,1,0,1,,0,1,,0,,0,
886,0,0,0,0,0,0,0,1,1,1,0,1,0,0,0,0,0,0,1,0,1,0,1,,,,,1,0,0,,,,,0,1,,,,,1,,,,,1,,,,,,,,,,
887,0,0,0,0,0,0,0,1,1,1,0,1,1,1,0,0,1,1,0,0,1,1,1,1,1,1,1,,0,0,0,0,0,0,,0,0,0,0,0,,1,1,1,1,,0,0,0,,0,0,,0,,
888,0,0,0,0,0,0,0,0,0,0,0,0,0,0,0,0,0,0,0,0,,,,,,,,,,,,,,,,,,,,,,,,,,,,,,,,,,,,
889,0,0,0,0,0,0,0,0,1,1,0,1,1,1,0,0,1,1,1,0,,,,,,,,,1,1,1,1,1,1,0,0,1,1,0,0,0,1,1,1,1,0,0,0,0,0,0,0,0,0,0,0
88,1,0,0,0,0,0,1,1,1,1,1,1,1,1,0,1,1,1,1,0,1,0,1,1,1,1,1,0,0,1,1,1,1,1,0,1,1,1,1,1,0,1,1,1,1,0,1,1,0,0,1,0,0,0,0,0
890,0,0,0,0,0,0,0,0,1,1,0,1,1,0,0,0,1,0,0,1,,,,,,,,,0,0,0,,0,,,1,1,,1,,,1,,1,,,,0,,,,,,,,
891,0,0,0,0,0,0,0,1,1,1,0,0,0,0,0,0,0,0,0,0,0,0,,,,,,,1,,,,,,,,,,,,,,,,,,,,,,,,,,,
892,0,0,0,0,0,0,0,0,0,0,0,0,0,0,0,0,0,0,0,0,,,,,,,,,,,,,,,,,,,,,,,,,,,,,,,,,,,,
893,0,0,0,0,0,0,0,0,0,0,0,0,0,0,0,0,0,0,0,0,,,,,,,,,,,,,,,,,,,,,,,,,,,,,,,,,,,,
894,1,1,1,1,0,0,0,1,1,1,0,1,1,1,1,0,1,0,1,0,0,1,0,1,1,1,,0,1,0,1,1,1,,1,0,0,0,1,,0,1,1,1,,1,0,1,,0,1,,0,,0,
895,0,0,0,0,0,0,0,0,0,0,0,0,0,0,0,0,0,0,0,0,,,,,,,,,,,,,,,,,,,,,,,,,,,,,,,,,,,,
896,0,0,0,0,0,0,0,0,0,0,0,0,0,0,0,0,0,0,0,0,,,,,,,,,,,,,,,,,,,,,,,,,,,,,,,,,,,,
897,0,0,0,0,0,0,0,0,1,1,0,1,1,1,0,0,1,1,1,0,,,,,,,,,1,1,1,1,1,1,0,0,0,0,0,0,0,1,1,1,1,0,0,0,0,0,0,0,0,0,0,0
898,0,0,0,0,0,0,0,0,0,1,1,0,1,1,0,0,1,1,0,0,,,,,,,,,,,,,,,,,0,0,0,0,,,,,,,0,1,0,,1,0,,0,,
899,0,0,0,0,0,0,0,0,0,0,0,0,0,0,0,0,0,0,0,0,,,,,,,,,,,,,,,,,,,,,,,,,,,,,,,,,,,,
89,1,0,0,0,0,0,1,1,1,1,1,1,1,1,0,1,1,1,1,0,1,0,1,1,1,1,1,0,0,1,1,1,1,1,0,1,1,1,1,1,0,1,1,1,1,0,1,1,0,0,0,0,0,0,0,0
900,0,0,0,0,0,0,0,0,0,1,1,1,0,1,0,0,1,0,1,0,,,,,,,,,,,,,,,,0,,1,1,,0,,1,1,,1,,,,,0,,0,,0,
901,0,0,0,0,0,0,0,0,0,1,0,1,0,0,1,0,0,1,0,0,,,,,,,,,,,,,,,,0,,,,0,,,,,1,,,,,,,,,,,
902,0,0,0,0,0,0,0,0,0,0,0,0,0,0,0,0,0,0,0,0,,,,,,,,,,,,,,,,,,,,,,,,,,,,,,,,,,,,
903,0,0,0,0,0,0,0,1,1,1,0,1,1,1,0,0,1,1,0,0,1,1,1,1,1,1,1,,0,0,0,0,0,0,,0,0,0,0,0,,1,1,1,1,,0,0,0,,0,0,,0,,
904,0,0,0,0,0,0,0,1,1,1,0,1,1,1,0,0,1,1,0,0,1,1,1,1,1,1,1,,0,0,0,0,0,0,,0,0,0,0,0,,1,1,1,1,,0,0,0,,0,0,,0,,
905,0,0,0,0,0,0,0,0,0,0,0,0,0,0,0,0,0,0,0,0,,,,,,,,,,,,,,,,,,,,,,,,,,,,,,,,,,,,
906,0,0,0,0,0,0,0,1,1,1,0,1,1,1,0,0,1,1,0,0,1,1,1,1,1,1,1,,0,0,0,0,0,0,,0,0,0,0,0,,1,1,1,1,,0,0,0,,0,0,,0,,
907,0,0,0,0,0,0,0,0,1,1,0,1,0,0,0,0,0,0,0,1,,,,,,,,,1,0,,,,,,0,,,,,,,,,,,,,,,,,,,,
908,0,0,0,0,0,0,0,0,1,1,0,1,1,1,0,0,1,1,1,0,,,,,,,,,1,1,1,1,1,1,0,0,1,1,1,0,0,1,1,1,1,0,0,0,0,0,0,0,0,0,0,0
909,0,0,0,0,0,0,0,1,1,1,0,1,1,1,0,0,1,1,0,0,1,1,1,1,1,1,1,,0,0,0,0,0,0,,0,0,0,0,0,,1,1,1,1,,0,0,0,,0,0,,0,,
90,1,0,0,0,0,0,1,1,1,1,1,1,1,1,0,1,1,1,1,0,1,0,1,1,1,1,1,0,0,1,1,1,1,1,0,1,1,1,1,1,0,1,1,1,1,0,1,1,0,0,1,0,0,0,0,0
910,0,0,0,0,0,0,0,0,0,0,0,0,0,0,0,0,0,0,0,0,,,,,,,,,,,,,,,,,,,,,,,,,,,,,,,,,,,,
911,0,0,0,0,0,0,0,1,0,1,1,1,1,1,0,1,1,0,1,0,,1,1,1,1,1,,1,,,,,,,,0,0,0,0,,0,1,1,0,,1,1,0,,1,0,,1,,1,
912,0,0,0,0,0,0,0,1,1,0,0,1,1,1,0,0,1,1,0,0,1,,1,1,1,1,1,,,0,0,0,0,0,,,,,,,,1,1,1,1,,0,0,0,,0,0,,0,,
913,0,0,0,0,0,0,0,1,1,0,0,1,1,1,0,1,1,1,0,0,1,,1,1,1,1,1,,,0,0,0,0,0,,,,,,,,1,1,1,1,,0,0,0,,1,0,,0,,
914,0,0,0,0,0,0,0,0,0,0,0,0,0,0,0,0,0,0,0,0,,,,,,,,,,,,,,,,,,,,,,,,,,,,,,,,,,,,
915,0,0,0,0,0,0,0,1,1,1,1,1,1,1,0,0,1,1,1,0,1,1,1,1,1,1,1,1,0,0,0,0,0,0,0,0,0,0,0,0,0,1,1,1,1,1,0,0,0,0,1,0,1,0,1,1
916,0,0,0,0,0,0,0,0,0,0,0,0,0,0,0,0,0,0,0,0,,,,,,,,,,,,,,,,,,,,,,,,,,,,,,,,,,,,
917,0,0,0,0,0,0,0,0,0,1,1,1,1,1,0,0,1,1,0,0,,,,,,,,,,,,,,,,0,0,0,0,0,,1,1,1,1,,1,1,0,,1,0,,0,,
918,0,0,0,0,0,0,0,1,1,1,1,1,0,1,0,0,1,1,1,0,1,1,1,,1,1,1,1,0,0,,0,0,0,0,0,,0,0,0,0,,1,1,1,1,,,,,1,0,1,0,1,1
919,0,0,0,0,0,0,0,1,0,1,1,1,1,1,0,1,1,0,1,0,,1,1,1,1,1,,1,,,,,,,,0,0,0,0,,0,1,1,0,,1,1,0,,1,0,,1,,1,
91,1,0,0,0,0,0,1,1,1,1,1,1,1,1,0,1,1,1,1,0,1,0,1,1,1,1,1,0,0,1,1,1,1,1,0,1,1,1,1,1,0,1,1,1,1,0,1,1,0,0,1,0,0,0,0,0
920,0,0,0,0,0,0,0,0,1,1,1,1,0,1,0,0,1,1,1,0,,,,,,,,,0,0,,0,0,0,0,0,,1,1,0,1,,1,1,1,1,,,,,1,0,1,0,0,1
921,0,0,0,0,0,0,0,0,0,0,0,0,0,0,0,0,0,0,0,0,,,,,,,,,,,,,,,,,,,,,,,,,,,,,,,,,,,,
922,0,0,0,0,0,0,0,0,0,0,0,0,0,0,0,0,0,0,0,0,,,,,,,,,,,,,,,,,,,,,,,,,,,,,,,,,,,,
923,0,0,0,0,0,0,0,1,1,1,1,1,0,1,0,0,1,1,1,0,1,1,1,,1,1,1,1,0,0,,0,0,0,0,0,,0,1,0,0,,1,1,1,1,,,,,1,0,0,0,0,1
924,0,0,0,0,0,0,0,1,0,0,0,0,0,0,0,0,0,0,0,0,,,,,,,,,,,,,,,,,,,,,,,,,,,,,,,,,,,,
925,0,0,0,0,0,0,0,1,1,1,1,1,0,1,0,0,1,1,1,0,1,1,1,,1,1,1,1,0,0,,0,0,0,0,0,,1,1,0,0,,1,1,1,1,,,,,1,0,0,0,0,1
926,0,0,0,0,0,0,0,1,1,1,1,1,0,1,0,0,1,1,1,0,1,1,1,,1,1,1,1,0,0,,0,0,0,0,0,,0,0,0,0,,1,1,1,1,,,,,1,0,1,0,1,1
927,0,0,0,0,0,0,0,1,0,1,1,1,1,1,0,1,1,0,1,0,,1,1,1,1,1,,1,,,,,,,,0,0,0,0,,0,1,1,0,,1,0,0,,0,0,,1,,1,
928,0,0,0,0,0,0,0,0,0,0,0,0,0,0,0,0,0,0,0,0,,,,,,,,,,,,,,,,,,,,,,,,,,,,,,,,,,,,
929,0,0,0,0,0,0,0,1,0,1,1,1,0,1,0,0,1,0,1,0,,1,1,,1,1,,1,,,,,,,,0,,1,1,,0,,1,1,,1,,,,,1,,0,,0,
92,1,0,0,0,0,0,1,1,1,1,1,1,0,1,0,1,1,1,1,0,1,0,1,,1,1,1,0,0,1,,1,1,1,0,1,,1,1,1,0,,1,1,1,0,,,,,1,0,0,0,0,0
930,0,0,0,0,0,0,0,0,0,0,0,0,0,0,0,0,0,0,0,0,,,,,,,,,,,,,,,,,,,,,,,,,,,,,,,,,,,,
931,0,0,0,0,0,0,0,1,0,1,1,1,1,1,0,1,1,0,1,0,,1,1,1,1,1,,1,,,,,,,,0,0,0,0,,0,1,1,0,,1,0,0,,0,0,,1,,1,
932,0,0,0,0,0,0,0,1,1,1,1,1,0,1,0,0,1,1,1,0,1,1,1,,1,1,1,1,0,0,,0,0,0,0,0,,0,1,0,0,,1,1,1,1,,,,,1,0,0,0,0,1
933,0,0,0,0,0,0,0,0,0,0,0,1,0,0,0,0,0,0,0,0,,,,,,,,,,,,,,,,,,,,,,,,,,,,,,,,,,,,
934,0,0,0,0,0,0,0,0,0,0,0,1,0,0,0,0,0,0,0,0,,,,,,,,,,,,,,,,,,,,,,,,,,,,,,,,,,,,
935,0,0,0,0,0,0,0,0,0,0,0,0,0,0,0,0,0,0,0,0,,,,,,,,,,,,,,,,,,,,,,,,,,,,,,,,,,,,
936,0,0,0,0,0,0,0,1,0,1,1,1,1,1,0,1,1,0,1,0,,1,1,1,1,1,,1,,,,,,,,0,0,0,0,,0,1,1,0,,1,1,0,,1,0,,0,,1,
937,0,0,0,0,0,0,0,1,0,1,1,1,1,1,0,1,1,0,1,0,,1,1,1,1,1,,1,,,,,,,,0,0,0,0,,0,1,1,0,,1,1,0,,1,0,,1,,1,
938,0,0,0,0,0,0,0,0,0,0,0,1,0,0,0,0,0,0,0,0,,,,,,,,,,,,,,,,,,,,,,,,,,,,,,,,,,,,
939,0,0,0,0,0,0,0,1,0,1,0,0,0,1,0,0,1,0,0,0,,1,,,1,1,,,,,,,,,,,,1,1,,,,,,,,,,,,1,,,,,
93,1,0,0,0,0,0,1,1,1,1,1,1,1,1,0,1,1,1,1,0,1,0,1,1,1,1,1,0,0,1,1,1,1,1,0,1,1,1,1,1,0,1,1,1,1,0,1,1,0,0,1,0,0,0,0,0
940,1,1,1,1,0,0,0,1,1,1,0,1,1,1,1,0,0,0,1,0,0,1,0,1,1,,,0,1,0,1,1,,,1,0,0,0,,,0,1,1,,,1,0,,,0,,,0,,,
941,0,0,0,0,0,0,0,0,0,0,0,0,0,0,0,0,0,0,0,0,,,,,,,,,,,,,,,,,,,,,,,,,,,,,,,,,,,,
942,0,0,0,0,0,0,0,0,0,0,0,0,0,0,0,0,0,0,0,0,,,,,,,,,,,,,,,,,,,,,,,,,,,,,,,,,,,,
943,0,0,0,0,0,0,0,1,1,1,0,1,0,1,0,0,1,1,1,0,1,1,1,,1,1,1,1,0,0,,1,1,1,0,0,,1,1,1,0,,1,1,1,1,,,,,1,1,0,1,0,0
944,1,1,1,1,0,0,0,1,1,1,0,1,1,1,1,0,0,0,1,0,0,1,0,1,1,,,0,1,0,1,1,,,1,0,0,0,,,0,1,1,,,1,0,,,0,,,0,,,
945,0,0,0,0,0,0,0,0,0,0,0,0,0,0,0,0,0,0,0,0,,,,,,,,,,,,,,,,,,,,,,,,,,,,,,,,,,,,
946,0,0,0,0,0,0,0,1,1,0,0,1,0,0,0,0,0,0,0,0,1,,0,,,,,,,0,,,,,,,,,,,,,,,,,,,,,,,,,,
947,0,0,0,0,0,0,0,1,0,1,0,1,1,0,0,1,0,0,0,0,,1,1,1,,,,,,,,,,,,0,0,,,,,1,,,,,,,,,,,,,,
948,1,1,1,1,0,0,0,1,1,1,0,1,1,1,1,0,1,0,1,0,0,1,0,1,1,1,,0,1,0,1,1,1,,1,0,0,0,1,,0,1,1,1,,1,0,1,,0,1,,0,,0,
949,0,0,0,0,0,0,0,1,0,1,1,1,1,1,0,1,1,0,1,0,,1,1,1,1,1,,1,,,,,,,,0,0,0,0,,0,1,1,0,,1,1,0,,1,0,,0,,1,
94,1,0,0,0,0,0,1,1,1,1,1,1,1,1,0,1,1,1,1,0,1,0,1,1,1,1,1,0,0,1,1,1,1,1,0,1,1,1,1,1,0,1,1,1,1,0,1,1,0,0,1,0,0,0,0,0
950,0,0,0,0,0,0,0,1,0,0,0,0,0,0,0,0,0,0,0,0,,,,,,,,,,,,,,,,,,,,,,,,,,,,,,,,,,,,
951,0,0,0,0,0,0,0,1,0,1,1,1,1,0,0,1,1,0,1,0,,1,1,1,,1,,1,,,,,,,,0,0,,1,,0,1,,1,,1,,1,,1,,,,,0,
952,0,0,0,0,0,0,0,1,1,1,0,1,0,0,0,0,0,0,1,0,0,1,0,,,,,0,1,0,,,,,1,0,,,,,0,,,,,1,,,,,,,,,,
953,0,0,0,0,0,0,0,1,0,1,1,1,1,1,0,1,1,0,1,0,,1,1,1,1,1,,1,,,,,,,,0,0,0,0,,0,1,1,0,,1,0,0,,0,0,,0,,1,
954,0,0,0,0,0,0,0,1,0,0,0,0,0,0,0,0,0,0,0,0,,,,,,,,,,,,,,,,,,,,,,,,,,,,,,,,,,,,
955,0,0,0,0,0,0,0,0,0,0,0,0,0,0,0,0,0,0,0,0,,,,,,,,,,,,,,,,,,,,,,,,,,,,,,,,,,,,
956,1,1,1,1,0,0,0,1,1,1,0,1,1,1,1,0,0,0,1,0,0,1,0,1,1,,,0,1,0,1,1,,,1,0,0,0,,,0,1,1,,,1,0,,,0,,,0,,,
957,0,0,0,0,0,0,0,1,0,1,1,1,1,1,0,1,1,0,1,0,,1,1,1,1,1,,1,,,,,,,,0,0,0,0,,0,1,1,0,,1,1,0,,1,0,,1,,1,
958,0,0,0,0,0,0,0,1,0,0,0,0,0,0,0,0,0,0,0,0,,,,,,,,,,,,,,,,,,,,,,,,,,,,,,,,,,,,
959,0,0,0,0,0,0,0,1,1,1,0,1,0,1,0,0,1,1,1,0,1,1,1,,1,1,1,1,0,0,,1,1,1,0,0,,1,1,1,0,,1,1,1,1,,,,,0,1,0,1,0,0
95,1,0,0,0,0,0,1,1,1,1,1,1,1,1,0,1,1,1,1,0,1,0,1,1,1,1,1,0,0,1,1,1,1,1,0,1,1,1,1,1,0,1,1,1,1,0,1,1,0,0,1,0,0,0,0,0
960,1,1,1,1,0,0,0,1,1,1,0,1,1,1,1,0,1,0,1,0,1,1,1,1,1,1,,1,0,0,0,0,0,,0,0,1,0,1,,0,1,1,1,,0,0,1,,0,1,,0,,0,
961,0,0,0,0,0,0,0,0,1,1,0,1,0,0,0,0,0,0,0,0,,,,,,,,,0,0,,,,,,1,,,,,,,,,,,,,,,,,,,,
962,0,0,0,0,0,0,0,0,0,0,0,1,0,0,0,0,0,0,0,0,,,,,,,,,,,,,,,,,,,,,,,,,,,,,,,,,,,,
963,0,0,0,0,0,0,0,0,1,1,1,1,0,1,0,0,1,0,1,0,,,,,,,,,0,0,,1,1,,0,0,,1,1,,0,,1,1,,1,,,,,1,,0,,0,
964,1,1,1,1,0,0,0,1,1,1,0,1,1,1,1,0,1,0,1,0,1,1,1,1,1,1,,1,0,0,0,0,0,,0,0,0,0,1,,0,1,1,1,,0,1,1,,0,1,,0,,0,
965,0,0,0,0,0,0,0,1,0,0,0,1,1,1,0,1,1,0,0,0,,,1,1,1,1,,,,,,,,,,,,,,,,1,1,0,,,1,0,,,0,,,,,
966,0,0,0,0,0,0,0,0,0,0,0,1,0,0,0,0,0,0,0,0,,,,,,,,,,,,,,,,,,,,,,,,,,,,,,,,,,,,
967,1,1,0,0,1,0,0,1,1,1,0,1,1,1,0,0,1,1,1,0,1,1,1,1,1,1,1,1,1,0,1,1,1,0,0,0,1,1,1,0,0,1,1,1,1,0,1,0,0,0,0,0,0,0,0,0
968,1,1,1,1,0,0,0,1,1,1,0,1,1,1,1,0,1,1,0,0,1,1,1,1,1,1,1,,1,1,1,1,1,1,,0,0,0,1,1,,1,1,1,1,,0,1,1,,1,1,,1,,
969,0,0,0,0,0,0,0,1,0,0,0,1,1,1,0,1,1,0,0,0,,,1,1,1,1,,,,,,,,,,,,,,,,1,1,0,,,0,0,,,0,,,,,
96,1,0,0,0,0,0,1,1,1,1,1,1,1,1,0,1,1,1,1,0,1,0,1,1,1,1,1,0,0,1,1,1,1,1,0,1,1,1,1,1,0,1,1,1,1,0,1,1,0,0,1,0,0,0,0,0
970,0,0,0,0,0,0,0,1,0,0,0,0,0,0,0,0,0,0,0,0,,,,,,,,,,,,,,,,,,,,,,,,,,,,,,,,,,,,
971,0,0,0,0,0,0,0,0,1,1,0,1,0,1,0,0,1,1,1,0,,,,,,,,,0,0,,1,1,1,0,0,,1,1,1,0,,1,1,1,1,,,,,1,1,0,1,0,0
972,1,1,1,1,0,0,0,1,1,1,0,1,1,1,1,0,1,0,1,0,0,1,1,1,1,1,,0,1,1,1,1,1,,1,0,0,0,1,,0,1,1,1,,0,1,1,,0,1,,0,,0,
973,0,0,0,0,0,0,0,1,0,1,1,1,1,1,0,1,1,0,1,0,,1,1,1,1,1,,1,,,,,,,,0,0,0,0,,0,1,1,0,,1,1,0,,1,0,,1,,1,
974,0,0,0,0,0,0,0,1,1,0,0,0,0,0,0,0,0,0,0,0,1,,,,,,,,,,,,,,,,,,,,,,,,,,,,,,,,,,,
975,0,0,0,0,0,0,0,0,0,1,0,0,1,1,0,0,1,0,0,0,,,,,,,,,,,,,,,,,1,1,1,,,,,,,,0,0,,,1,,,,,
976,1,1,1,1,0,0,0,1,1,1,0,1,1,1,1,0,1,0,1,0,1,1,1,1,1,1,,1,1,0,0,0,1,,0,0,0,0,1,,0,1,1,1,,0,1,1,,0,1,,0,,0,
977,0,0,0,0,0,0,0,1,0,1,1,1,1,1,0,1,1,0,1,0,,1,1,1,1,1,,1,,,,,,,,0,0,0,0,,0,1,1,0,,1,1,0,,1,0,,1,,1,
978,0,0,0,0,0,0,0,1,1,0,0,1,0,0,0,0,0,0,0,0,1,,0,,,,,,,0,,,,,,,,,,,,,,,,,,,,,,,,,,
979,0,0,0,0,0,0,0,1,0,1,1,1,1,1,0,1,1,0,1,0,,1,1,1,1,1,,1,,,,,,,,0,0,0,0,,0,1,1,0,,1,0,0,,0,0,,1,,1,
97,1,0,0,0,0,0,1,1,1,1,1,1,1,1,0,1,1,1,1,0,1,0,1,1,1,1,1,0,0,1,1,1,1,1,0,1,1,1,1,1,0,1,1,1,1,0,0,0,0,0,1,0,0,0,0,0
980,1,1,1,1,0,0,0,1,1,1,0,1,1,1,1,0,1,0,1,0,0,1,1,1,1,1,,0,1,1,1,1,1,,1,0,0,0,0,,0,1,1,1,,0,0,1,,0,1,,0,,0,
981,0,0,0,0,0,0,0,1,0,1,1,1,1,1,0,1,1,0,1,0,,1,1,1,1,1,,1,,,,,,,,0,0,0,0,,0,1,1,0,,1,0,0,,0,0,,1,,1,
982,0,0,0,0,0,0,0,1,1,0,0,1,0,0,0,0,0,0,0,0,1,,0,,,,,,,0,,,,,,,,,,,,,,,,,,,,,,,,,,
983,0,0,0,0,0,0,0,0,0,0,0,0,0,0,0,0,0,0,0,0,,,,,,,,,,,,,,,,,,,,,,,,,,,,,,,,,,,,
984,1,1,1,1,0,0,0,1,1,1,0,1,1,1,1,0,1,0,1,0,0,1,1,1,1,1,,0,1,1,1,1,1,,1,0,1,0,1,,0,1,1,1,,0,0,1,,0,1,,0,,0,
985,0,0,0,0,0,0,0,1,0,1,1,1,1,1,0,1,1,0,1,0,,1,1,1,1,1,,1,,,,,,,,0,0,0,0,,0,1,1,0,,1,1,0,,1,0,,1,,1,
986,0,0,0,0,0,0,0,1,1,0,0,1,0,0,0,0,0,0,0,0,1,,0,,,,,,,0,,,,,,,,,,,,,,,,,,,,,,,,,,
987,0,0,0,0,0,0,0,0,0,0,0,0,0,0,0,0,0,0,0,0,,,,,,,,,,,,,,,,,,,,,,,,,,,,,,,,,,,,
988,1,1,1,1,0,0,0,1,1,1,0,1,1,1,1,0,1,0,1,0,0,1,1,1,1,1,,0,1,1,1,1,1,,1,0,1,0,1,,0,1,1,1,,0,0,1,,0,1,,0,,0,
989,0,0,0,0,0,0,0,0,0,0,0,0,0,0,0,0,0,0,0,0,,,,,,,,,,,,,,,,,,,,,,,,,,,,,,,,,,,,
98,1,0,0,0,0,0,1,1,1,1,1,1,1,1,0,1,1,1,1,0,1,0,1,1,1,1,1,0,0,1,1,1,1,1,0,1,1,1,1,1,0,1,1,1,1,0,0,0,0,0,1,0,0,0,0,0
990,0,0,0,0,0,0,0,1,1,0,0,1,0,0,0,0,0,0,0,0,1,,0,,,,,,,0,,,,,,,,,,,,,,,,,,,,,,,,,,
991,0,0,0,0,0,0,0,0,0,1,0,1,0,1,0,0,1,0,0,0,,,,,,,,,,,,,,,,0,,1,1,,,,1,1,,,,,,,1,,,,,
992,1,1,1,1,0,0,0,1,1,1,0,1,1,1,1,0,1,0,1,0,0,1,1,1,1,1,,0,1,1,1,1,1,,1,0,0,0,1,,0,1,1,1,,0,0,1,,0,1,,0,,0,
993,0,0,0,0,0,0,0,0,0,0,0,0,0,0,0,0,0,0,0,0,,,,,,,,,,,,,,,,,,,,,,,,,,,,,,,,,,,,
994,0,0,0,0,0,0,0,1,1,0,0,1,0,0,0,0,0,0,0,0,1,,0,,,,,,,0,,,,,,,,,,,,,,,,,,,,,,,,,,
995,0,0,0,0,0,0,0,0,0,0,0,0,0,0,0,0,0,0,0,0,,,,,,,,,,,,,,,,,,,,,,,,,,,,,,,,,,,,
996,1,1,1,1,0,0,0,1,1,1,0,1,1,1,1,0,1,0,1,0,0,1,1,1,1,1,,0,1,1,1,1,1,,1,0,0,0,1,,0,1,1,1,,0,0,1,,0,1,,0,,0,
997,0,0,0,0,0,0,0,0,0,0,0,0,0,0,0,0,0,0,0,0,,,,,,,,,,,,,,,,,,,,,,,,,,,,,,,,,,,,
998,0,0,0,0,0,0,0,0,0,0,0,0,0,0,0,0,0,0,0,0,,,,,,,,,,,,,,,,,,,,,,,,,,,,,,,,,,,,
999,0,0,0,0,0,0,0,0,0,0,0,0,0,0,0,0,0,0,0,0,,,,,,,,,,,,,,,,,,,,,,,,,,,,,,,,,,,,
99,0,0,0,0,0,0,0,0,0,0,0,0,0,0,0,0,0,0,0,0,,,,,,,,,,,,,,,,,,,,,,,,,,,,,,,,,,,,
B1000,0,0,0,0,0,0,0,1,1,1,0,1,1,1,0,1,0,1,1,1,0,1,0,1,1,,1,1,1,1,1,1,,1,1,0,0,0,,0,0,1,1,,1,1,1,,1,1,,1,1,,,1
B1001,0,0,0,0,0,0,0,1,1,1,0,1,1,1,1,0,1,1,1,0,1,0,1,1,1,1,1,1,0,0,0,0,0,0,0,1,1,1,1,1,1,1,1,1,1,0,0,1,1,0,1,1,0,1,0,0
B1002,0,0,0,0,0,0,0,1,1,1,0,1,1,1,0,0,1,0,1,0,1,0,1,1,1,1,,0,0,0,0,0,0,,0,1,1,1,1,,0,1,1,0,,0,1,0,,0,0,,0,,0,
B1003,0,0,0,0,0,0,0,1,0,0,0,1,0,0,0,0,0,0,1,1,,,0,,,,,0,,,,,,,,,,,,,,,,,,0,,,,,,,,,,
B1004,0,0,0,0,0,0,0,0,1,1,0,1,0,0,0,0,0,0,1,0,,,,,,,,,1,1,,,,,1,0,,,,,0,,,,,0,,,,,,,,,,
B1005,0,0,0,0,0,0,0,0,1,1,0,1,1,1,1,0,0,1,1,0,,,,,,,,,0,0,0,0,,0,0,1,1,1,,1,0,1,1,,1,0,0,,1,0,,1,0,,,0
B1006,0,1,0,0,0,0,0,1,0,1,0,1,1,1,1,0,1,0,1,0,,1,1,1,1,1,,0,,,,,,,,0,1,1,1,,0,1,1,1,,0,1,0,,0,0,,0,,0,
B1007,0,0,0,0,0,0,0,1,0,0,0,1,0,0,0,0,0,0,1,1,,,0,,,,,0,,,,,,,,,,,,,,,,,,0,,,,,,,,,,
B1008,0,0,0,0,0,0,0,0,0,0,0,0,0,0,0,0,0,0,0,0,,,,,,,,,,,,,,,,,,,,,,,,,,,,,,,,,,,,
B1009,0,0,0,0,0,0,0,1,1,1,0,0,0,0,0,0,0,1,0,0,1,0,,,,,1,,0,,,,,0,,,,,,1,,,,,,,,,,,,,,,,
B100,0,0,0,0,0,0,0,1,1,1,0,1,1,1,0,1,1,1,1,0,1,0,0,1,1,1,0,0,0,0,1,1,1,0,0,0,1,1,1,0,0,1,1,1,1,1,0,1,0,0,1,0,0,0,0,1
B1010,0,0,0,0,0,0,0,1,1,1,0,1,1,1,0,0,1,0,1,0,1,0,1,1,1,1,,0,0,0,0,0,0,,0,1,1,1,1,,0,1,1,0,,0,1,0,,0,0,,0,,0,
B1011,0,0,0,0,0,0,0,1,0,0,0,1,0,0,0,0,0,0,1,1,,,0,,,,,0,,,,,,,,,,,,,,,,,,0,,,,,,,,,,
B1012,1,1,0,0,0,0,0,1,1,1,0,1,0,0,0,0,0,0,1,0,0,0,0,,,,,0,1,1,,,,,1,1,,,,,0,,,,,0,,,,,,,,,,
B1013,0,0,0,0,0,0,0,1,1,1,0,1,0,1,1,0,0,1,1,0,1,0,1,,1,,1,1,0,0,,0,,0,0,1,,1,,1,1,,1,,1,0,,,,,,1,0,,,0
B1014,0,0,0,0,0,0,0,1,1,1,0,1,1,1,0,0,1,0,1,0,1,0,1,1,1,1,,0,0,0,0,0,0,,0,1,1,1,1,,0,1,1,0,,0,1,0,,0,0,,0,,0,
B1015,0,0,0,0,0,0,0,1,0,0,0,1,0,0,0,0,0,0,1,1,,,0,,,,,0,,,,,,,,,,,,,,,,,,0,,,,,,,,,,
B1016,0,0,0,0,0,0,0,0,0,0,0,0,0,0,0,0,0,0,0,0,,,,,,,,,,,,,,,,,,,,,,,,,,,,,,,,,,,,
B1017,0,0,0,0,0,0,0,1,1,1,0,1,0,0,0,0,0,1,0,0,1,0,1,,,,1,,0,0,,,,0,,1,,,,1,,,,,1,,,,,,,,,,,
B1018,0,0,0,0,0,0,0,1,1,1,0,1,1,1,0,0,1,0,1,0,1,1,1,1,1,1,,0,0,0,0,0,0,,0,1,1,1,1,,0,1,1,0,,0,1,0,,0,0,,0,,0,
B1019,0,0,0,0,0,0,0,1,0,0,0,1,0,0,0,0,0,0,1,1,,,0,,,,,0,,,,,,,,,,,,,,,,,,0,,,,,,,,,,
B101,0,0,0,0,0,0,0,1,0,0,0,0,0,0,0,0,0,0,0,0,,,,,,,,,,,,,,,,,,,,,,,,,,,,,,,,,,,,
B1020,0,0,0,0,0,0,0,0,0,1,0,0,0,0,0,0,0,0,1,1,,,,,,,,,,,,,,,,,,,,,0,,,,,,,,,,,,,,,
B1021,0,0,0,0,0,0,0,1,1,1,0,1,0,0,0,0,0,1,0,0,1,0,1,,,,1,,0,0,,,,0,,1,,,,1,,,,,1,,,,,,,,,,,
B1022,0,0,0,0,0,0,0,1,0,1,0,1,1,1,0,0,1,1,1,0,,0,0,1,1,1,0,0,,,,,,,,0,1,1,1,0,0,1,1,1,1,0,1,0,0,0,0,0,0,0,0,0
B1023,0,0,0,0,0,0,0,1,0,0,0,1,0,0,0,0,0,0,1,1,,,0,,,,,0,,,,,,,,,,,,,,,,,,0,,,,,,,,,,
B1024,0,0,0,0,0,0,0,0,0,1,0,0,0,0,0,0,0,0,1,1,,,,,,,,,,,,,,,,,,,,,0,,,,,,,,,,,,,,,
B1025,0,0,0,0,0,0,0,1,1,1,0,1,0,1,1,0,0,1,1,0,1,0,1,,1,,1,1,0,0,,0,,0,0,1,,1,,1,1,,1,,1,0,,,,,,1,0,,,0
B1026,0,1,0,0,0,0,0,1,0,0,0,1,1,1,0,0,1,0,1,0,,,1,1,1,1,,0,,,,,,,,,,,,,,1,1,1,,0,1,0,,0,0,,0,,0,
B1027,0,0,0,0,0,0,0,1,0,0,0,1,0,0,0,0,0,0,1,1,,,0,,,,,0,,,,,,,,,,,,,,,,,,0,,,,,,,,,,
B1028,0,0,0,0,0,0,0,0,1,0,0,1,0,0,1,0,1,0,0,0,,,,,,,,,,0,,,0,,,,,,,,,,,1,,,,,,,,,,,,
B1029,0,0,0,0,0,0,0,1,1,1,0,1,0,1,1,0,0,1,1,0,1,0,1,,1,,1,1,0,0,,0,,0,0,1,,1,,1,1,,1,,1,0,,,,,,1,0,,,0
B102,0,0,0,0,0,0,0,0,0,0,0,0,0,0,0,0,0,0,0,0,,,,,,,,,,,,,,,,,,,,,,,,,,,,,,,,,,,,
B1030,0,0,0,0,0,0,0,1,1,1,0,1,1,1,0,0,1,0,1,0,1,1,1,1,1,1,,0,0,0,0,0,0,,0,1,1,1,1,,0,1,1,0,,0,1,0,,0,0,,0,,0,
B1031,0,0,0,0,0,0,0,1,0,0,0,1,0,0,0,0,0,0,1,1,,,0,,,,,0,,,,,,,,,,,,,,,,,,0,,,,,,,,,,
B1032,0,0,0,0,0,0,0,0,1,0,0,1,0,0,1,0,1,0,0,0,,,,,,,,,,0,,,0,,,,,,,,,,,1,,,,,,,,,,,,
B1033,0,0,0,0,0,0,0,1,1,1,0,1,0,0,0,0,0,1,0,0,1,0,1,,,,1,,0,0,,,,0,,1,,,,1,,,,,1,,,,,,,,,,,
B1034,0,0,0,0,0,0,0,1,1,1,0,1,1,1,1,0,1,0,1,0,1,1,1,1,1,1,,0,0,0,0,0,0,,0,1,1,1,1,,0,1,1,1,,0,1,0,,0,0,,0,,0,
B1035,0,0,0,0,0,0,0,1,0,0,0,1,0,0,0,0,0,0,1,1,,,0,,,,,0,,,,,,,,,,,,,,,,,,0,,,,,,,,,,
B1036,0,0,0,0,0,0,0,0,1,0,0,1,0,0,1,0,1,0,0,0,,,,,,,,,,0,,,0,,,,,,,,,,,1,,,,,,,,,,,,
B1037,0,0,0,0,0,0,0,1,1,1,0,1,1,1,1,0,0,1,1,0,1,0,1,1,1,,1,1,0,0,0,0,,0,0,1,1,1,,1,1,1,1,,1,0,1,,1,0,,1,0,,,0
B1038,0,0,0,0,0,0,0,1,0,1,0,1,1,1,0,0,1,0,1,0,,1,1,1,1,1,,0,,,,,,,,1,1,1,1,,0,1,1,0,,0,1,0,,0,0,,0,,0,
B1039,0,0,0,0,0,0,0,1,0,0,0,1,0,0,0,0,0,0,1,1,,,0,,,,,0,,,,,,,,,,,,,,,,,,0,,,,,,,,,,
B103,0,0,0,0,0,0,0,0,0,0,0,0,0,0,0,0,0,0,0,0,,,,,,,,,,,,,,,,,,,,,,,,,,,,,,,,,,,,
B1040,0,0,0,0,0,0,0,0,0,0,0,1,1,0,1,0,1,0,0,0,,,,,,,,,,,,,,,,,,,,,,1,,1,,,,1,,,,,,,,
B1041,0,0,0,0,0,0,0,1,1,1,0,1,1,1,1,0,1,1,1,0,1,0,1,1,1,1,1,1,0,0,0,0,0,0,0,1,1,1,1,1,1,1,1,1,1,0,0,1,1,0,1,1,0,1,0,0
B1042,0,0,0,0,0,0,0,0,0,0,0,0,0,0,0,0,0,1,0,0,,,,,,,,,,,,,,,,,,,,,,,,,,,,,,,,,,,,
B1043,0,0,0,0,0,0,0,1,0,0,0,1,0,0,0,0,0,0,1,1,,,0,,,,,0,,,,,,,,,,,,,,,,,,0,,,,,,,,,,
B1044,1,0,0,0,0,0,0,1,1,1,0,1,1,1,0,0,1,1,1,1,0,1,0,0,1,1,0,1,1,1,1,1,1,1,1,0,0,1,1,0,1,0,1,1,0,1,1,1,0,1,1,0,1,0,1,1
B1045,0,0,0,0,0,0,0,0,0,0,0,0,0,0,0,0,0,0,0,0,,,,,,,,,,,,,,,,,,,,,,,,,,,,,,,,,,,,
B1046,0,0,0,0,0,0,0,0,0,0,0,0,0,0,0,0,0,0,0,0,,,,,,,,,,,,,,,,,,,,,,,,,,,,,,,,,,,,
B1047,0,0,0,0,0,0,0,1,0,0,0,1,0,0,0,0,0,0,1,1,,,0,,,,,0,,,,,,,,,,,,,,,,,,0,,,,,,,,,,
B1048,0,0,0,0,0,0,0,1,1,1,0,1,1,1,0,1,0,1,1,1,0,1,0,1,1,,0,1,1,1,1,1,,1,1,0,0,0,,0,0,1,1,,0,1,1,,0,1,,0,1,,,1
B1049,0,0,0,0,0,0,0,0,0,0,0,0,0,0,0,0,0,0,0,0,,,,,,,,,,,,,,,,,,,,,,,,,,,,,,,,,,,,
B104,0,0,0,0,0,0,0,0,1,0,0,1,1,1,0,0,1,0,0,0,,,,,,,,,,0,0,0,0,,,,,,,,,1,1,1,,,1,1,,,1,,,,,
B1050,0,0,0,0,0,0,0,1,0,1,0,1,1,1,0,0,1,1,1,0,,0,1,1,1,1,1,0,,,,,,,,1,1,1,1,1,0,1,1,1,1,0,0,0,1,0,0,1,0,1,0,0
B1051,0,0,0,0,0,0,0,0,0,0,0,0,0,0,0,0,0,0,0,0,,,,,,,,,,,,,,,,,,,,,,,,,,,,,,,,,,,,
B1052,0,0,0,0,0,0,0,1,1,1,0,1,1,1,0,1,0,1,1,1,0,1,0,0,1,,0,1,1,1,1,1,,1,1,0,0,0,,0,0,0,1,,0,1,1,,0,1,,0,1,,,1
B1053,0,0,0,0,0,0,0,0,0,0,0,0,0,0,0,0,0,0,0,0,,,,,,,,,,,,,,,,,,,,,,,,,,,,,,,,,,,,
B1054,0,1,0,0,0,0,0,1,0,1,0,1,1,1,1,0,1,0,1,0,,1,1,1,1,1,,0,,,,,,,,1,1,1,1,,0,1,1,1,,0,1,0,,0,0,,0,,0,
B1055,0,0,0,0,0,0,0,1,0,0,0,1,0,0,0,0,0,1,1,1,,,0,,,,0,0,,,,,,,,,,,,,,,,,0,0,,,,,,,,,,1
B1056,0,0,0,0,0,0,0,0,1,1,0,1,1,1,0,1,0,1,1,1,,,,,,,,,1,1,1,1,,1,1,0,0,0,,1,0,1,1,,1,0,1,,1,0,,1,0,,,0
B1057,0,0,0,0,0,0,0,0,0,0,0,0,0,0,0,0,0,0,0,0,,,,,,,,,,,,,,,,,,,,,,,,,,,,,,,,,,,,
B1058,0,0,0,0,0,0,0,0,0,0,0,0,0,0,0,0,0,1,0,0,,,,,,,,,,,,,,,,,,,,,,,,,,,,,,,,,,,,
B1059,0,0,0,0,0,0,0,1,0,0,0,1,0,0,0,0,0,0,1,1,,,0,,,,,0,,,,,,,,,,,,,,,,,,0,,,,,,,,,,
B105,1,1,1,0,0,0,0,1,1,1,0,1,1,1,1,0,1,0,0,0,1,1,1,1,1,1,,,0,0,0,0,0,,,0,0,0,0,,,1,1,1,,,0,0,,,0,,,,,
B1060,1,0,0,0,0,0,0,1,1,1,0,1,1,1,0,0,1,0,1,0,0,1,0,1,1,1,,0,1,1,1,1,1,,1,0,1,1,1,,0,1,1,1,,0,1,1,,0,1,,0,,0,
B1061,0,0,0,0,0,0,0,1,1,1,0,1,1,1,1,0,0,1,1,0,1,0,1,1,1,,1,1,0,0,0,0,,0,0,1,1,1,,1,1,1,1,,1,0,1,,1,0,,1,0,,,0
B1062,0,0,0,0,0,0,0,1,1,1,0,1,1,1,0,0,1,1,1,0,0,0,0,0,1,1,0,0,1,0,1,1,1,0,1,0,0,1,1,0,0,1,1,1,0,1,1,1,0,0,0,0,0,0,0,1
B1063,0,0,0,0,0,0,0,1,0,0,0,1,0,0,0,0,0,0,1,1,,,0,,,,,0,,,,,,,,,,,,,,,,,,0,,,,,,,,,,
B1064,0,0,0,0,0,0,0,0,0,0,0,0,0,0,0,0,0,0,0,0,,,,,,,,,,,,,,,,,,,,,,,,,,,,,,,,,,,,
B1065,0,0,0,0,0,0,0,0,0,0,0,0,0,0,0,0,0,0,0,0,,,,,,,,,,,,,,,,,,,,,,,,,,,,,,,,,,,,
B1066,0,0,0,0,0,0,0,0,0,0,0,0,0,0,0,0,0,1,0,0,,,,,,,,,,,,,,,,,,,,,,,,,,,,,,,,,,,,
B1067,0,0,0,0,0,0,0,1,0,0,0,1,0,0,0,0,0,0,0,1,,,0,,,,,,,,,,,,,,,,,,,,,,,,,,,,,,,,,
B1068,0,0,0,0,0,0,0,0,1,1,0,1,1,1,0,1,0,1,1,0,,,,,,,,,0,1,1,1,,1,0,1,1,1,,1,1,1,1,,1,0,1,,1,0,,1,0,,,0
B1069,0,0,0,0,0,0,0,0,0,0,0,0,0,0,0,0,0,0,0,0,,,,,,,,,,,,,,,,,,,,,,,,,,,,,,,,,,,,
B106,0,0,0,0,0,0,0,1,0,0,0,1,1,1,0,1,1,0,0,0,,,1,1,1,1,,,,,,,,,,,,,,,,1,1,0,,,1,0,,,0,,,,,
B1070,0,0,0,0,0,0,0,0,0,0,0,0,0,0,0,0,0,1,0,0,,,,,,,,,,,,,,,,,,,,,,,,,,,,,,,,,,,,
B1071,0,0,0,0,0,0,0,1,0,0,0,1,0,0,0,0,0,0,1,1,,,0,,,,,0,,,,,,,,,,,,,,,,,,0,,,,,,,,,,
B1072,0,0,0,0,0,0,0,1,1,1,0,1,1,1,0,1,0,1,1,1,0,1,0,0,1,,0,1,1,1,1,1,,1,1,0,0,0,,0,0,0,1,,0,1,1,,0,1,,0,1,,,1
B1073,0,0,0,0,0,0,0,0,0,0,0,0,0,0,0,0,0,0,0,0,,,,,,,,,,,,,,,,,,,,,,,,,,,,,,,,,,,,
B1074,0,0,0,0,0,0,0,0,0,0,0,0,0,0,0,0,0,1,0,0,,,,,,,,,,,,,,,,,,,,,,,,,,,,,,,,,,,,
B1075,0,0,0,0,0,0,0,1,0,0,0,1,0,0,0,0,0,0,1,1,,,0,,,,,0,,,,,,,,,,,,,,,,,,0,,,,,,,,,,
B1076,1,0,0,0,0,0,0,1,1,1,0,1,1,1,0,0,1,0,1,0,0,1,0,1,1,1,,0,1,1,1,1,1,,1,0,1,1,1,,0,1,1,1,,0,1,1,,0,1,,0,,0,
B1077,0,0,0,0,0,0,0,0,0,0,0,0,0,0,0,0,0,0,0,0,,,,,,,,,,,,,,,,,,,,,,,,,,,,,,,,,,,,
B1078,0,0,0,0,0,0,0,0,0,0,0,0,0,0,0,0,0,1,0,0,,,,,,,,,,,,,,,,,,,,,,,,,,,,,,,,,,,,
B1079,0,0,0,0,0,0,0,1,0,0,0,1,0,0,0,0,0,0,1,1,,,0,,,,,0,,,,,,,,,,,,,,,,,,0,,,,,,,,,,
B107,0,0,0,0,0,0,0,0,0,0,0,0,0,0,0,0,0,0,0,0,,,,,,,,,,,,,,,,,,,,,,,,,,,,,,,,,,,,
B1080,0,0,0,0,0,0,0,0,1,1,0,1,1,1,0,0,1,1,1,0,,,,,,,,,1,1,1,1,1,1,1,0,1,1,1,1,0,1,1,1,1,0,1,1,1,0,1,1,0,1,0,0
B1081,0,0,0,0,0,0,0,0,0,0,0,0,0,0,0,0,0,0,0,0,,,,,,,,,,,,,,,,,,,,,,,,,,,,,,,,,,,,
B1082,0,0,0,0,0,0,0,0,0,0,0,0,0,0,0,0,0,1,0,0,,,,,,,,,,,,,,,,,,,,,,,,,,,,,,,,,,,,
B1083,0,0,0,0,0,0,0,1,0,0,0,1,0,0,0,0,0,1,1,1,,,0,,,,0,0,,,,,,,,,,,,,,,,,0,0,,,,,,,,,,1
B1084,0,0,0,0,0,0,0,1,1,1,0,1,1,1,0,1,0,1,1,1,0,1,0,0,1,,0,1,1,1,1,1,,1,1,0,0,0,,0,0,0,1,,0,1,1,,0,1,,0,1,,,1
B1085,0,0,0,0,0,0,0,0,0,0,0,0,0,0,0,0,0,0,0,0,,,,,,,,,,,,,,,,,,,,,,,,,,,,,,,,,,,,
B1086,0,0,0,0,0,0,0,0,0,0,0,0,0,0,0,0,0,1,0,0,,,,,,,,,,,,,,,,,,,,,,,,,,,,,,,,,,,,
B1087,0,0,0,0,0,0,0,1,0,0,0,1,0,0,0,0,0,1,1,1,,,0,,,,0,0,,,,,,,,,,,,,,,,,0,0,,,,,,,,,,1
B1088,0,0,0,0,0,0,0,1,1,1,0,1,1,1,0,1,0,1,1,1,0,1,0,1,1,,0,1,1,1,1,1,,1,1,0,0,0,,0,0,1,1,,0,1,1,,0,1,,0,1,,,1
B1089,0,0,0,0,0,0,0,0,0,0,0,0,0,0,0,0,0,0,0,0,,,,,,,,,,,,,,,,,,,,,,,,,,,,,,,,,,,,
B108,1,0,0,0,0,0,0,1,1,1,0,1,0,1,0,0,1,0,0,0,0,0,0,,0,0,,,1,1,,1,1,,,1,,1,1,,,,1,1,,,,,,,1,,,,,
B1090,0,0,0,0,0,0,0,0,0,0,0,1,1,0,0,0,0,0,0,0,,,,,,,,,,,,,,,,,,,,,,1,,,,,,,,,,,,,,
B1091,0,0,0,0,0,0,0,1,0,0,0,1,0,0,0,0,0,0,1,1,,,0,,,,,0,,,,,,,,,,,,,,,,,,0,,,,,,,,,,
B1092,0,0,0,0,0,0,0,0,1,1,0,1,1,1,0,1,0,1,1,1,,,,,,,,,0,0,0,0,,0,0,0,0,0,,0,0,1,1,,1,0,1,,1,0,,1,0,,,0
B1093,0,0,0,0,0,0,0,0,0,0,0,0,0,0,0,0,0,0,0,0,,,,,,,,,,,,,,,,,,,,,,,,,,,,,,,,,,,,
B1094,0,1,0,0,0,0,0,1,1,1,0,1,1,1,0,0,1,0,1,0,1,1,1,1,1,1,,0,0,0,0,0,0,,0,1,1,1,1,,0,1,1,1,,0,1,0,,0,0,,0,,0,
B1095,0,0,0,0,0,0,0,0,0,0,0,0,0,0,0,0,0,1,0,0,,,,,,,,,,,,,,,,,,,,,,,,,,,,,,,,,,,,
B1096,0,0,0,0,0,0,0,0,1,1,0,1,1,1,0,1,0,1,0,0,,,,,,,,,0,0,1,1,,0,,0,1,1,,0,,1,1,,0,,1,,0,,,0,,,,
B1097,0,0,0,0,0,0,0,0,0,0,0,0,0,0,0,0,0,0,0,0,,,,,,,,,,,,,,,,,,,,,,,,,,,,,,,,,,,,
B1098,0,1,0,0,0,0,0,1,0,1,0,1,1,1,0,0,1,1,1,0,,1,1,1,1,1,1,0,,,,,,,,1,1,1,1,1,0,1,1,1,1,0,1,0,1,0,0,1,0,1,0,0
B1099,0,0,0,0,0,0,0,0,0,0,0,0,0,0,0,0,0,0,0,0,,,,,,,,,,,,,,,,,,,,,,,,,,,,,,,,,,,,
B109,0,0,0,0,0,0,0,0,0,0,0,0,0,0,0,0,0,0,0,0,,,,,,,,,,,,,,,,,,,,,,,,,,,,,,,,,,,,
B1100,1,0,0,0,0,0,0,1,1,1,0,1,1,1,0,0,1,1,1,1,0,1,1,1,1,1,1,1,1,1,1,1,1,1,1,0,1,1,1,1,1,1,1,1,1,1,1,1,1,1,1,1,1,1,1,1
B1101,0,0,0,0,0,0,0,0,0,0,0,0,0,0,0,0,0,0,0,0,,,,,,,,,,,,,,,,,,,,,,,,,,,,,,,,,,,,
B1102,0,1,0,0,0,0,0,1,0,1,0,1,1,1,0,0,1,1,1,0,,1,1,1,1,1,1,0,,,,,,,,1,1,1,1,1,0,1,1,1,1,0,1,0,1,0,0,1,0,1,0,0
B1103,0,0,0,0,0,0,0,0,0,0,0,0,0,0,0,0,0,0,0,0,,,,,,,,,,,,,,,,,,,,,,,,,,,,,,,,,,,,
B1104,0,0,0,0,0,0,0,0,1,1,0,1,1,1,0,1,0,1,0,0,,,,,,,,,0,0,1,1,,0,,0,1,1,,0,,1,1,,0,,1,,0,,,0,,,,
B1105,0,0,0,0,0,0,0,0,0,0,0,0,0,0,0,0,0,0,0,0,,,,,,,,,,,,,,,,,,,,,,,,,,,,,,,,,,,,
B1106,0,1,0,0,0,0,0,1,1,1,0,1,1,1,0,0,1,1,1,0,1,1,0,0,1,1,1,0,0,0,0,0,0,0,0,0,0,1,1,1,0,1,1,1,1,1,1,1,1,0,0,1,0,1,0,0
B1107,0,0,0,0,0,0,0,0,0,0,0,0,0,0,0,0,0,0,0,0,,,,,,,,,,,,,,,,,,,,,,,,,,,,,,,,,,,,
B1108,0,0,0,0,0,0,0,0,1,1,0,1,1,0,0,0,1,0,1,0,,,,,,,,,1,1,1,,1,,1,0,1,,1,,0,1,,1,,0,,1,,0,,,,,0,
B1109,0,0,0,0,0,0,0,0,0,0,0,0,0,0,0,0,0,0,0,0,,,,,,,,,,,,,,,,,,,,,,,,,,,,,,,,,,,,
B110,0,0,0,0,0,0,0,0,0,0,0,0,0,0,0,0,0,1,0,0,,,,,,,,,,,,,,,,,,,,,,,,,,,,,,,,,,,,
B1110,0,0,0,0,0,0,0,0,0,0,0,1,1,0,0,0,0,0,0,0,,,,,,,,,,,,,,,,,,,,,,1,,,,,,,,,,,,,,
B1111,0,0,0,0,0,0,0,0,0,0,0,0,0,0,0,0,0,0,0,0,,,,,,,,,,,,,,,,,,,,,,,,,,,,,,,,,,,,
B1112,0,0,0,0,0,0,0,0,1,1,0,1,1,1,0,1,0,1,1,1,,,,,,,,,0,0,0,0,,0,0,0,0,0,,1,0,1,1,,1,0,1,,1,0,,1,0,,,0
B1113,0,0,0,0,0,0,0,0,0,0,0,0,0,0,0,0,0,0,0,0,,,,,,,,,,,,,,,,,,,,,,,,,,,,,,,,,,,,
B1114,0,0,0,0,0,0,0,0,0,0,0,1,1,0,0,0,0,0,0,0,,,,,,,,,,,,,,,,,,,,,,1,,,,,,,,,,,,,,
B1115,0,0,0,0,0,0,0,0,0,0,0,0,0,0,0,0,0,0,0,0,,,,,,,,,,,,,,,,,,,,,,,,,,,,,,,,,,,,
B1116,1,0,0,0,0,0,0,1,1,1,0,1,1,1,0,0,1,1,1,1,0,1,1,1,1,1,1,1,1,1,1,1,1,1,1,0,1,1,1,1,1,1,1,1,1,1,1,1,1,1,1,1,1,1,1,1
B1117,0,0,0,0,0,0,0,0,0,0,0,0,0,0,0,0,0,0,0,0,,,,,,,,,,,,,,,,,,,,,,,,,,,,,,,,,,,,
B1118,0,0,0,0,0,0,0,1,1,1,0,1,1,1,0,0,1,1,1,0,1,0,1,1,1,1,1,0,0,0,0,0,0,0,0,1,1,1,1,1,0,1,1,0,1,0,1,0,1,0,0,1,0,1,0,0
B1119,0,0,0,0,0,0,0,1,0,0,0,1,0,0,0,0,0,0,1,1,,,0,,,,,0,,,,,,,,,,,,,,,,,,0,,,,,,,,,,
B111,0,0,0,0,0,0,0,0,0,0,0,0,0,0,0,0,0,1,1,0,,,,,,,,,,,,,,,,,,,,,,,,,,,,,,,,,,,,1
B1120,0,0,0,0,0,0,0,0,1,1,0,1,1,1,0,0,1,1,1,0,,,,,,,,,1,1,1,1,1,1,1,0,1,1,1,1,0,1,1,1,1,0,1,1,1,0,1,1,0,1,0,0
B1121,0,0,0,0,0,0,0,0,0,0,0,0,0,0,0,0,0,0,0,0,,,,,,,,,,,,,,,,,,,,,,,,,,,,,,,,,,,,
B1122,0,1,0,0,0,0,0,1,1,1,0,1,1,1,1,0,1,1,1,0,1,1,0,1,1,1,0,0,0,0,0,0,0,0,0,0,1,1,1,0,0,1,1,1,0,1,1,0,0,0,0,0,0,0,0,1
B1123,0,0,0,0,0,0,0,1,0,0,0,1,0,0,0,0,0,0,1,1,,,0,,,,,0,,,,,,,,,,,,,,,,,,0,,,,,,,,,,
B1124,0,0,0,0,0,0,0,1,1,1,0,1,1,1,0,1,0,1,1,1,0,1,0,1,1,,1,1,1,1,1,1,,1,1,0,0,0,,0,0,1,1,,1,1,1,,1,1,,1,1,,,1
B1125,0,0,0,0,0,0,0,1,1,1,0,1,0,1,1,0,0,1,1,0,1,1,1,,1,,0,1,1,1,,1,,0,1,1,,1,,0,1,,1,,0,0,,,,,,0,0,,,1
B1126,0,0,0,0,0,0,0,1,0,1,0,1,1,1,0,0,1,1,1,0,,0,1,1,1,1,1,0,,,,,,,,1,1,1,1,1,0,1,1,0,1,0,1,0,1,0,0,1,0,1,0,0
B1127,0,0,0,0,0,0,0,0,0,0,0,0,0,0,0,0,0,1,0,0,,,,,,,,,,,,,,,,,,,,,,,,,,,,,,,,,,,,
B1128,0,0,0,0,0,0,0,1,1,1,0,1,1,1,0,1,0,1,1,1,0,1,0,0,1,,0,1,1,1,1,1,,1,1,0,0,0,,0,0,0,1,,0,1,1,,0,1,,0,1,,,1
B1129,0,0,0,0,0,0,0,0,0,0,0,0,0,0,0,0,0,0,0,0,,,,,,,,,,,,,,,,,,,,,,,,,,,,,,,,,,,,
B112,0,0,0,0,0,0,0,0,0,0,0,0,0,0,0,0,0,0,0,0,,,,,,,,,,,,,,,,,,,,,,,,,,,,,,,,,,,,
B1130,0,0,0,0,0,0,0,1,1,1,0,1,1,1,0,0,1,0,1,0,1,0,1,1,1,1,,0,0,0,0,0,0,,0,1,1,1,1,,0,1,1,0,,0,1,0,,0,0,,0,,0,
B1131,0,0,0,0,0,0,0,1,0,0,0,1,0,0,0,0,0,0,1,1,,,1,,,,,1,,,,,,,,,,,,,,,,,,0,,,,,,,,,,
B1132,1,0,0,0,0,0,0,1,1,1,0,1,1,1,0,0,1,0,1,0,0,1,0,1,1,1,,0,1,1,1,1,1,,1,0,1,1,1,,0,1,1,1,,0,0,1,,0,1,,0,,0,
B1133,0,0,0,0,0,0,0,1,1,1,0,1,1,1,1,0,1,1,1,0,1,0,1,1,1,1,1,1,0,0,0,0,0,0,0,1,1,1,1,1,1,1,1,1,1,0,1,1,1,0,1,1,0,1,0,0
B1134,0,0,0,0,0,0,0,1,1,1,0,1,1,1,0,0,1,0,1,0,1,0,1,1,1,1,,0,0,0,0,0,0,,0,1,1,1,1,,0,1,1,0,,0,1,0,,0,0,,0,,0,
B1135,0,0,0,0,0,0,0,1,0,0,0,1,0,0,0,0,0,0,1,1,,,0,,,,,0,,,,,,,,,,,,,,,,,,0,,,,,,,,,,
B1136,0,0,0,0,0,0,0,1,1,1,0,1,1,1,0,1,0,1,1,1,0,1,0,0,1,,0,1,1,1,1,1,,1,1,0,0,0,,0,0,0,1,,0,1,1,,0,1,,0,1,,,1
B1137,0,0,0,0,0,0,0,0,0,0,0,0,0,0,0,0,0,0,0,0,,,,,,,,,,,,,,,,,,,,,,,,,,,,,,,,,,,,
B1138,0,0,0,0,0,0,0,1,0,1,0,1,1,1,0,0,1,1,1,0,,0,1,1,1,1,1,0,,,,,,,,1,1,1,1,1,0,1,1,0,1,0,1,0,1,0,0,1,0,1,0,0
B1139,0,0,0,0,0,0,0,1,0,0,0,1,0,0,0,0,0,1,1,1,,,0,,,,0,0,,,,,,,,,,,,,,,,,0,0,,,,,,,,,,1
B113,0,0,0,0,0,0,0,0,0,0,0,0,0,0,0,0,0,0,0,0,,,,,,,,,,,,,,,,,,,,,,,,,,,,,,,,,,,,
B1140,0,0,0,0,0,0,0,0,1,1,0,1,1,1,0,1,0,1,1,1,,,,,,,,,1,1,1,1,,1,1,0,0,0,,0,0,1,1,,1,0,1,,1,0,,1,0,,,0
B1141,0,0,0,0,0,0,0,0,0,0,0,0,0,0,0,0,0,0,0,0,,,,,,,,,,,,,,,,,,,,,,,,,,,,,,,,,,,,
B1142,0,0,0,0,0,0,0,0,0,0,0,0,0,0,0,0,0,0,0,0,,,,,,,,,,,,,,,,,,,,,,,,,,,,,,,,,,,,
B1143,0,0,0,0,0,0,0,1,0,0,0,1,0,0,0,0,0,0,1,1,,,0,,,,,0,,,,,,,,,,,,,,,,,,0,,,,,,,,,,
B1144,0,0,0,0,0,0,0,0,1,1,0,1,1,1,0,0,1,1,1,0,,,,,,,,,1,1,1,1,1,1,1,0,1,1,1,1,0,1,1,1,1,0,1,1,1,0,1,1,0,1,0,0
B1145,0,0,0,0,0,0,0,0,1,0,0,1,1,1,1,0,1,1,0,0,,,,,,,,,,0,0,0,0,1,,,,,,,,1,1,1,1,,0,1,1,,1,1,,1,,
B1146,0,1,0,0,0,0,0,1,0,1,0,1,1,1,1,0,1,1,1,0,,1,1,1,1,1,1,0,,,,,,,,0,1,1,1,1,0,1,1,1,1,0,1,0,1,0,0,1,0,1,0,0
B1147,0,0,0,0,0,0,0,1,0,0,0,1,0,0,0,0,0,1,1,1,,,0,,,,0,0,,,,,,,,,,,,,,,,,0,0,,,,,,,,,,1
B1148,0,0,0,0,0,0,0,1,1,1,0,1,1,1,0,1,0,1,1,1,0,1,0,1,1,,0,1,1,1,1,1,,1,1,0,0,0,,0,0,1,1,,0,1,1,,0,1,,0,1,,,1
B1149,0,0,0,0,0,0,0,1,1,1,0,1,0,1,1,0,0,1,0,0,1,0,1,,1,,1,,0,0,,0,,0,,1,,1,,1,,,1,,1,,,,,,,1,,,,
B114,0,0,0,0,0,0,0,0,0,0,0,0,0,0,0,0,0,1,0,0,,,,,,,,,,,,,,,,,,,,,,,,,,,,,,,,,,,,
B1150,0,0,0,0,0,0,0,1,0,1,0,1,0,1,0,0,1,1,1,0,,0,0,,1,1,0,0,,,,,,,,0,,1,1,0,0,,1,1,1,0,,,,,0,0,0,0,0,0
B1151,0,0,0,0,0,0,0,1,0,0,0,1,0,0,0,0,0,0,1,1,,,0,,,,,0,,,,,,,,,,,,,,,,,,0,,,,,,,,,,
B1152,0,0,0,0,0,0,0,0,0,0,0,0,0,0,0,0,0,0,0,0,,,,,,,,,,,,,,,,,,,,,,,,,,,,,,,,,,,,
B1153,0,0,0,0,0,0,0,1,1,1,0,1,0,0,1,0,0,1,0,0,1,0,1,,,,1,,0,0,,,,0,,1,,,,1,,,,,1,,,,,,,,,,,
B1154,0,1,0,0,0,0,0,0,0,0,0,1,1,0,1,1,0,1,1,0,,,,,,,,,,,,,,,,,,,,,,1,,,1,1,,,1,1,,,,,,0
B1155,0,0,0,0,0,0,0,1,0,0,0,1,0,0,0,0,0,0,1,1,,,0,,,,,0,,,,,,,,,,,,,,,,,,0,,,,,,,,,,
B1156,0,0,0,0,0,0,0,0,1,1,0,1,1,1,0,1,0,1,1,1,,,,,,,,,1,1,1,1,,1,1,0,0,0,,1,1,1,1,,1,1,1,,1,1,,1,1,,,0
B1157,0,0,0,0,0,0,0,0,0,0,0,0,0,0,0,0,0,0,0,0,,,,,,,,,,,,,,,,,,,,,,,,,,,,,,,,,,,,
B1158,0,0,0,0,0,0,0,0,0,1,0,0,0,0,0,0,0,0,0,1,,,,,,,,,,,,,,,,,,,,,,,,,,,,,,,,,,,,
B1159,0,0,0,0,0,0,0,1,0,0,0,1,0,0,0,0,0,0,1,1,,,0,,,,,0,,,,,,,,,,,,,,,,,,0,,,,,,,,,,
B115,0,1,1,0,0,0,0,0,1,1,0,1,0,0,0,0,0,0,1,0,,,,,,,,,1,1,,,,,1,1,,,,,1,,,,,1,,,,,,,,,,
B1160,1,0,0,0,0,0,0,1,1,1,0,1,0,0,0,0,0,0,1,0,0,1,0,,,,,0,1,1,,,,,1,0,,,,,0,,,,,0,,,,,,,,,,
B1161,0,0,0,0,0,0,0,0,0,0,0,0,0,0,0,0,0,0,0,0,,,,,,,,,,,,,,,,,,,,,,,,,,,,,,,,,,,,
B1162,0,0,0,0,0,0,0,0,0,1,0,0,0,0,0,0,0,0,0,1,,,,,,,,,,,,,,,,,,,,,,,,,,,,,,,,,,,,
B1163,0,0,0,0,0,0,0,1,0,0,0,1,0,0,0,0,0,0,1,1,,,0,,,,,0,,,,,,,,,,,,,,,,,,0,,,,,,,,,,
B1164,0,0,0,0,0,0,0,0,1,1,0,1,0,0,0,0,0,0,1,0,,,,,,,,,1,1,,,,,1,0,,,,,0,,,,,0,,,,,,,,,,
B1165,0,0,0,0,0,0,0,0,0,0,0,0,0,0,0,0,0,0,0,0,,,,,,,,,,,,,,,,,,,,,,,,,,,,,,,,,,,,
B1166,0,0,0,0,0,0,0,0,0,1,0,1,1,1,0,0,1,1,1,0,,,,,,,,,,,,,,,,0,1,1,1,0,0,1,1,1,1,0,0,0,0,0,0,0,0,0,0,0
B1167,0,0,0,0,0,0,0,1,0,0,0,1,0,0,0,0,0,0,1,1,,,0,,,,,0,,,,,,,,,,,,,,,,,,0,,,,,,,,,,
B1168,0,0,0,0,0,0,0,0,1,1,0,1,1,1,0,1,0,1,1,1,,,,,,,,,1,1,1,1,,1,1,0,0,0,,0,1,1,1,,1,1,1,,1,1,,1,1,,,1
B1169,0,0,0,0,0,0,0,1,1,1,0,1,0,0,0,0,0,1,0,0,1,0,1,,,,1,,0,0,,,,0,,1,,,,1,,,,,1,,,,,,,,,,,
B116,0,0,0,0,0,0,0,0,1,0,0,0,0,0,1,0,0,1,0,0,,,,,,,,,,,,,,0,,,,,,,,,,,,,,,,,,,,,,
B1170,0,0,0,0,0,0,0,0,0,1,0,1,1,1,0,0,1,1,1,0,,,,,,,,,,,,,,,,0,1,1,1,0,0,1,1,1,1,0,1,0,0,0,0,0,0,0,0,0
B1171,0,0,0,0,0,0,0,1,0,0,0,1,0,0,0,0,0,1,1,1,,,0,,,,0,0,,,,,,,,,,,,,,,,,0,0,,,,,,,,,,1
B1172,0,0,0,0,0,0,0,1,1,1,0,1,1,1,0,1,0,1,1,1,0,1,0,1,1,,0,1,1,1,1,1,,1,1,0,0,0,,0,0,1,1,,0,1,1,,0,1,,0,1,,,1
B1173,0,0,0,0,0,0,0,0,0,0,0,0,0,0,0,0,0,0,0,0,,,,,,,,,,,,,,,,,,,,,,,,,,,,,,,,,,,,
B1174,0,0,0,0,0,0,0,1,0,1,0,1,1,1,0,0,1,1,1,0,,0,0,0,0,0,0,0,,,,,,,,0,1,1,1,0,0,1,1,1,1,0,1,0,0,0,0,0,0,0,0,0
B1175,0,0,0,0,0,0,0,1,0,0,0,1,0,0,0,0,0,1,1,1,,,0,,,,0,0,,,,,,,,,,,,,,,,,0,0,,,,,,,,,,1
B1176,0,0,0,0,0,0,0,1,1,1,0,1,1,1,0,1,0,1,1,1,0,1,0,0,1,,0,1,1,1,1,1,,1,1,0,0,0,,0,0,0,1,,0,1,1,,0,1,,0,1,,,1
B1177,0,0,0,0,0,0,0,0,0,0,0,0,0,0,0,0,0,0,0,0,,,,,,,,,,,,,,,,,,,,,,,,,,,,,,,,,,,,
B1178,0,0,0,0,0,0,0,0,0,0,0,0,0,0,0,0,0,1,0,0,,,,,,,,,,,,,,,,,,,,,,,,,,,,,,,,,,,,
B1179,0,0,0,0,0,0,0,1,1,1,0,1,1,1,0,1,0,1,1,1,0,1,0,0,1,,0,1,1,1,1,1,,1,1,0,0,0,,0,0,0,1,,0,1,1,,0,1,,0,1,,,1
B117,0,0,0,0,0,0,0,0,0,0,0,1,1,1,0,0,1,1,0,0,,,,,,,,,,,,,,,,,,,,,,1,1,1,1,,1,0,0,,0,0,,0,,
B1180,0,0,0,0,0,0,0,0,0,0,0,0,0,0,0,0,0,0,0,0,,,,,,,,,,,,,,,,,,,,,,,,,,,,,,,,,,,,
B1181,0,0,0,0,0,0,0,1,1,1,0,1,1,1,0,0,1,1,1,0,1,0,0,1,1,1,0,0,0,0,0,0,0,0,0,0,1,1,1,0,0,1,1,1,1,0,1,0,0,0,0,0,0,0,0,0
B1182,0,0,0,0,0,0,0,0,1,1,0,1,1,1,0,1,0,1,0,0,,,,,,,,,0,0,1,1,,0,,0,1,1,,0,,1,1,,0,,1,,0,,,0,,,,
B1183,0,0,0,0,0,0,0,0,0,0,0,0,0,0,0,0,0,0,0,0,,,,,,,,,,,,,,,,,,,,,,,,,,,,,,,,,,,,
B1184,0,0,0,0,0,0,0,1,1,1,0,0,1,1,0,0,1,1,1,0,0,0,,1,1,1,0,0,1,,1,1,1,1,1,,1,1,1,0,0,,,,,,1,0,0,0,0,0,0,0,0,0
B1185,0,0,0,0,0,0,0,0,1,1,0,1,1,1,0,1,0,1,0,0,,,,,,,,,0,0,1,1,,0,,0,1,1,,0,,1,1,,0,,1,,0,,,0,,,,
B1186,0,0,0,0,0,0,0,1,1,1,0,1,1,1,1,0,0,1,1,0,0,0,1,1,1,,0,1,1,1,1,1,,0,1,1,1,1,,0,1,1,1,,0,0,0,,0,0,,0,0,,,1
B1187,0,0,0,0,0,0,0,1,0,1,0,1,1,1,0,0,1,1,1,0,,0,0,1,1,1,0,0,,,,,,,,0,1,1,1,0,0,1,1,1,1,0,1,0,0,0,0,0,0,0,0,0
B1188,1,0,0,0,0,0,0,1,1,1,0,1,1,1,0,0,1,1,1,1,0,1,1,1,1,1,1,1,1,1,1,1,1,1,1,0,1,1,1,1,1,1,1,1,1,1,1,1,1,1,1,1,1,1,1,1
B1189,0,0,0,0,0,0,0,1,1,1,0,1,1,1,1,0,0,1,1,0,0,0,1,1,1,,0,1,1,1,1,1,,0,1,1,1,1,,0,1,1,1,,0,0,1,,0,0,,0,0,,,1
B118,0,0,0,0,0,0,0,0,0,0,0,0,0,0,0,0,0,0,0,0,,,,,,,,,,,,,,,,,,,,,,,,,,,,,,,,,,,,
B1190,0,0,0,0,0,0,0,1,0,1,0,0,1,1,0,0,1,1,1,0,,0,,1,1,1,0,0,,,,,,,,,1,1,1,0,0,,,,,,1,0,0,0,0,0,0,0,0,0
B1191,0,0,0,0,0,0,0,1,1,1,0,1,1,1,0,1,0,1,1,1,0,1,0,1,1,,1,1,1,1,1,1,,1,1,0,0,0,,0,0,1,1,,1,1,1,,1,1,,1,1,,,1
B1192,0,0,0,0,0,0,0,0,1,1,0,0,0,0,0,0,0,1,0,0,,,,,,,,,0,,,,,0,,,,,,1,,,,,,,,,,,,,,,,
B1193,0,0,0,0,0,0,0,1,0,1,0,1,1,1,0,0,1,1,1,0,,0,0,1,1,1,0,0,,,,,,,,0,1,1,1,0,0,1,1,1,1,0,1,0,0,0,0,0,0,0,0,0
B1194,0,0,0,0,0,0,0,0,1,1,0,1,1,1,0,1,0,1,1,1,,,,,,,,,1,1,1,1,,1,1,0,0,0,,1,0,1,1,,1,0,1,,1,0,,1,0,,,0
B1195,0,0,0,0,0,0,0,1,1,1,0,1,1,1,1,0,0,1,1,0,1,0,1,1,1,,1,1,0,0,0,0,,0,0,1,1,1,,1,1,1,1,,1,0,0,,1,0,,1,0,,,0
B1196,0,0,0,0,0,0,0,1,0,1,0,0,1,1,0,0,1,1,1,0,,0,,1,1,1,0,0,,,,,,,,,1,1,1,0,0,,,,,,1,0,0,0,0,0,0,0,0,0
B1197,1,0,0,0,0,0,0,1,1,1,0,1,1,1,0,0,1,1,1,0,1,1,1,1,1,1,1,1,0,0,0,0,0,0,0,0,1,1,1,1,1,1,1,1,1,1,1,1,1,1,1,1,1,1,1,1
B1198,0,0,0,0,0,0,0,1,1,1,0,1,1,1,1,0,1,1,1,0,1,0,1,1,1,1,1,1,0,0,0,0,0,0,0,1,1,1,1,1,1,1,1,1,1,0,1,1,1,0,1,1,0,1,0,0
B1199,0,0,0,0,0,0,0,1,0,1,0,0,1,1,0,0,1,1,1,0,,0,,1,1,1,0,0,,,,,,,,,1,1,1,0,0,,,,,,1,0,0,0,0,0,0,0,0,0
B119,1,1,1,0,0,0,0,1,1,1,1,1,1,1,0,1,1,1,1,0,0,0,0,1,0,1,0,0,0,0,1,0,1,0,0,1,1,1,1,1,0,1,1,1,0,0,0,0,0,0,1,0,0,0,0,0
B1200,0,0,0,0,0,0,0,0,1,1,0,1,1,1,0,0,1,1,1,0,,,,,,,,,1,1,1,1,1,1,1,0,1,1,1,1,0,1,1,1,1,0,0,1,1,0,1,1,0,1,0,0
B1201,0,0,0,0,0,0,0,1,1,1,0,1,0,0,0,0,0,1,0,0,1,0,1,,,,1,,0,0,,,,0,,1,,,,1,,,,,1,,,,,,,,,,,
B1202,0,0,0,0,0,0,0,1,0,1,0,1,1,1,0,0,1,1,1,0,,0,0,1,1,1,0,0,,,,,,,,0,1,1,1,0,0,1,1,1,1,0,1,0,0,0,0,0,0,0,0,0
B1203,0,0,0,0,0,0,0,0,1,1,0,1,1,1,0,0,1,1,1,0,,,,,,,,,1,1,1,1,1,1,1,0,1,1,1,1,0,1,1,1,1,0,1,1,1,0,1,1,0,1,0,0
B1204,0,0,0,0,0,0,0,1,1,1,0,1,1,1,1,0,0,1,1,0,1,0,1,1,1,,1,1,0,0,0,0,,0,0,1,1,1,,1,1,1,1,,1,0,0,,1,0,,1,0,,,0
B1205,0,0,0,0,0,0,0,1,0,1,0,1,1,1,0,0,1,1,1,0,,0,0,1,1,1,0,0,,,,,,,,0,1,1,1,0,0,1,1,1,1,0,1,0,0,0,0,0,0,0,0,0
B1206,0,0,0,0,0,0,0,0,1,1,0,1,1,1,0,1,0,1,0,0,,,,,,,,,0,0,1,1,,0,,0,1,1,,0,,1,1,,0,,1,,0,,,0,,,,
B1207,0,0,0,0,0,0,0,1,1,1,0,1,1,1,1,0,1,1,1,0,0,0,0,0,0,1,0,1,1,0,1,1,1,0,1,0,0,0,1,0,1,1,1,1,0,1,0,1,0,1,1,0,1,0,0,1
B1208,0,0,0,0,0,0,0,1,0,1,0,0,1,1,0,0,1,1,1,0,,0,,1,1,1,0,0,,,,,,,,,1,1,1,0,0,,,,,,1,0,0,0,0,0,0,0,0,0
B1209,0,0,0,0,0,0,0,0,1,1,0,0,0,0,0,0,0,1,0,0,,,,,,,,,0,,,,,0,,,,,,0,,,,,,,,,,,,,,,,
B120,0,0,0,0,0,0,0,0,0,1,0,0,0,0,0,0,0,1,1,0,,,,,,,,,,,,,,,,,,,,1,1,,,,,,,,,,,,,,,0
B1210,0,0,0,0,0,0,0,1,1,1,0,1,1,1,1,0,0,1,1,0,1,0,1,1,1,,1,1,0,0,0,0,,0,0,1,1,1,,1,1,1,1,,1,0,0,,1,0,,1,0,,,0
B1211,0,0,0,0,0,0,0,1,0,1,0,0,1,1,0,0,1,1,1,0,,0,,1,1,1,0,0,,,,,,,,,1,1,1,0,0,,,,,,1,0,0,0,0,0,0,0,0,0
B1212,1,0,0,0,0,0,0,1,1,1,0,1,1,1,0,0,1,1,1,1,0,1,1,1,1,1,1,1,1,1,1,1,1,1,1,0,1,1,1,1,1,1,1,1,1,1,1,1,1,1,1,1,1,1,1,1
B1213,0,0,0,0,0,0,0,1,1,1,0,1,0,1,1,0,0,1,1,0,1,0,1,,1,,1,1,0,0,,0,,0,0,1,,1,,1,1,,1,,1,0,,,,,,1,0,,,0
B1214,0,0,0,0,0,0,0,1,0,1,0,1,1,1,0,0,1,1,1,0,,0,0,1,1,1,0,0,,,,,,,,0,1,1,1,0,0,1,1,1,1,0,1,0,0,0,0,0,0,0,0,0
B1215,0,0,0,0,0,0,0,0,1,1,0,1,0,0,0,0,0,0,1,0,,,,,,,,,1,1,,,,,1,0,,,,,0,,,,,0,,,,,,,,,,
B1216,0,0,0,0,0,0,0,1,1,1,0,1,0,0,0,0,0,1,0,0,1,1,1,,,,1,,0,0,,,,0,,1,,,,1,,,,,1,,,,,,,,,,,
B1217,0,0,0,0,0,0,0,1,0,1,0,0,1,1,0,0,1,1,1,0,,0,,1,1,1,0,0,,,,,,,,,1,1,1,0,0,,,,,,1,0,0,0,0,0,0,0,0,0
B1218,0,0,0,0,0,0,0,0,1,1,0,1,1,1,0,1,0,1,1,1,,,,,,,,,1,1,1,1,,1,1,0,0,0,,1,1,1,1,,1,1,1,,1,1,,1,1,,,0
B1219,0,0,0,0,0,0,0,1,1,1,0,1,1,1,1,0,0,1,1,0,1,0,1,1,1,,1,1,0,0,0,0,,0,0,1,1,1,,1,1,1,1,,1,0,0,,1,0,,1,0,,,0
B121,0,0,0,0,0,0,0,0,0,0,0,0,0,0,0,0,0,0,0,0,,,,,,,,,,,,,,,,,,,,,,,,,,,,,,,,,,,,
B1220,0,0,0,0,0,0,0,1,0,1,0,1,1,1,0,0,1,1,1,0,,0,0,1,1,1,0,0,,,,,,,,0,1,1,1,0,0,1,1,1,1,0,1,0,0,0,0,0,0,0,0,0
B1221,0,0,0,0,0,0,0,0,1,1,0,1,0,0,0,0,0,0,1,0,,,,,,,,,1,1,,,,,1,0,,,,,0,,,,,0,,,,,,,,,,
B1222,0,0,0,0,0,0,0,1,1,1,0,1,1,1,1,0,0,1,1,0,1,1,1,1,1,,1,1,0,0,0,0,,0,0,1,1,1,,1,1,1,1,,1,0,0,,1,0,,1,0,,,0
B1223,0,0,0,0,0,0,0,1,0,1,0,1,1,1,0,0,1,1,1,0,,0,0,1,1,1,0,0,,,,,,,,0,1,1,1,0,0,1,1,1,1,0,1,0,0,0,0,0,0,0,0,0
B1224,1,0,0,0,0,0,0,1,1,0,0,1,0,0,0,0,0,0,0,0,1,,1,,,,,,,0,,,,,,,,,,,,,,,,,,,,,,,,,,
B1225,0,0,0,0,0,0,0,1,1,1,0,1,0,1,1,0,1,1,1,0,1,0,1,,1,1,1,1,0,0,,0,0,0,0,1,,1,1,1,1,,1,1,1,0,,,,,1,1,0,1,0,0
B1226,0,0,0,0,0,0,0,1,0,1,0,1,1,1,0,0,1,1,1,0,,0,0,1,1,1,0,0,,,,,,,,0,1,1,1,0,0,1,1,1,1,0,1,0,0,0,0,0,0,0,0,0
B1227,0,0,0,0,0,0,0,0,1,1,0,1,0,0,0,0,0,0,1,0,,,,,,,,,1,1,,,,,1,0,,,,,0,,,,,0,,,,,,,,,,
B1228,0,0,0,0,0,0,0,1,1,1,0,1,0,1,1,0,0,1,1,0,1,0,1,,1,,1,1,0,0,,0,,0,0,1,,1,,1,1,,1,,1,0,,,,,,1,0,,,0
B1229,0,1,0,0,0,0,0,1,0,0,0,1,0,0,1,0,0,0,1,0,,,1,,,,,0,,,,,,,,,,,,,,,,,,0,,,,,,,,,,
B122,0,0,0,0,0,0,0,0,0,0,0,0,0,0,0,0,0,0,0,0,,,,,,,,,,,,,,,,,,,,,,,,,,,,,,,,,,,,
B1230,0,0,0,0,0,0,0,0,1,1,0,1,1,1,0,1,0,1,1,1,,,,,,,,,1,1,1,1,,1,1,0,0,0,,1,1,1,1,,1,1,1,,1,1,,1,1,,,0
B1231,0,0,0,0,0,0,0,1,1,1,0,1,1,1,1,0,0,1,1,0,1,0,1,1,1,,1,1,0,0,0,0,,0,0,1,1,1,,1,1,1,1,,1,0,1,,1,0,,1,0,,,0
B1232,0,0,0,0,0,0,0,1,1,1,0,1,1,1,0,0,1,1,1,0,0,0,0,1,1,1,0,0,1,1,1,1,1,1,1,0,1,1,1,0,0,1,1,1,1,0,1,0,0,0,0,0,0,0,0,0
B1233,1,0,0,0,0,0,0,1,1,0,0,1,0,0,0,0,0,0,0,0,1,,1,,,,,,,0,,,,,,,,,,,,,,,,,,,,,,,,,,
B1234,0,0,0,0,0,0,0,1,1,1,0,1,0,0,0,0,0,1,0,0,1,0,1,,,,1,,0,0,,,,0,,1,,,,1,,,,,1,,,,,,,,,,,
B1235,0,0,0,0,0,0,0,1,0,1,0,1,1,1,0,0,1,1,1,0,,1,1,1,1,1,1,1,,,,,,,,0,1,1,1,0,0,1,1,1,1,1,1,0,0,0,0,0,0,0,0,0
B1236,0,0,0,0,0,0,0,0,1,1,0,1,0,0,0,0,0,0,1,0,,,,,,,,,1,1,,,,,1,0,,,,,0,,,,,0,,,,,,,,,,
B1237,0,0,0,0,0,0,0,1,1,1,0,1,1,1,1,0,0,1,1,0,1,0,1,1,1,,1,1,0,0,0,0,,0,0,1,1,1,,1,1,1,1,,1,0,0,,1,0,,1,0,,,0
B1238,0,0,0,0,0,0,0,1,0,1,0,1,1,1,0,0,1,1,1,0,,0,0,1,1,1,0,0,,,,,,,,0,1,1,1,0,0,1,1,1,1,1,0,0,0,0,0,0,0,0,0,0
B1239,0,0,0,0,0,0,0,1,1,1,0,1,1,1,0,1,0,1,1,1,0,1,0,1,1,,0,1,1,1,1,1,,1,1,0,0,0,,0,0,1,1,,0,1,1,,0,1,,0,1,,,1
B123,0,0,0,0,0,0,0,0,0,0,0,1,1,0,1,1,0,1,0,0,,,,,,,,,,,,,,,,,,,,,,1,,,1,,,,1,,,,,,,
B1240,0,0,0,0,0,0,0,1,1,1,0,1,1,1,1,0,1,1,1,0,1,0,1,1,1,1,1,1,0,0,0,0,0,0,0,1,1,1,1,1,1,1,1,1,1,0,0,1,1,0,1,1,0,1,0,0
B1241,0,0,0,0,0,0,0,1,0,1,0,1,1,1,0,0,1,1,1,0,,0,1,1,1,1,1,0,,,,,,,,1,1,1,1,1,0,1,1,0,1,0,1,0,1,0,0,1,0,1,0,0
B1242,0,0,0,0,0,0,0,0,1,1,0,1,1,1,0,1,0,1,1,1,,,,,,,,,1,1,1,1,,1,1,0,0,0,,0,0,1,1,,0,1,1,,0,0,,0,0,,,1
B1243,0,0,0,0,0,0,0,1,1,1,0,1,0,0,0,0,0,1,0,0,1,0,1,,,,1,,0,0,,,,0,,1,,,,1,,,,,1,,,,,,,,,,,
B1244,0,1,0,0,0,0,0,1,0,0,0,1,1,1,0,0,1,0,1,0,,,1,1,1,1,,0,,,,,,,,,,,,,,1,1,1,,0,1,0,,0,0,,0,,0,
B1245,0,0,0,0,0,0,0,0,0,0,0,0,0,0,0,0,0,0,0,0,,,,,,,,,,,,,,,,,,,,,,,,,,,,,,,,,,,,
B1246,0,0,0,0,0,0,0,1,1,1,0,1,0,0,0,0,0,1,0,0,1,0,1,,,,1,,0,0,,,,0,,1,,,,1,,,,,1,,,,,,,,,,,
B1247,0,0,0,0,0,0,0,1,0,1,0,1,1,1,0,0,1,1,1,0,,0,0,1,1,1,0,0,,,,,,,,0,1,1,1,0,0,1,1,1,1,0,0,0,0,0,0,0,0,0,0,0
B1248,0,0,0,0,0,0,0,0,1,1,0,1,1,1,0,1,0,1,1,1,,,,,,,,,1,1,1,1,,1,0,0,0,0,,1,0,1,1,,1,0,1,,1,0,,1,0,,,0
B1249,0,0,0,0,0,0,0,1,1,1,0,1,0,0,1,0,0,1,0,0,1,0,1,,,,1,,0,0,,,,0,,1,,,,1,,,,,1,,,,,,,,,,,
B124,0,0,0,0,0,0,1,0,1,1,0,0,1,0,0,0,0,0,0,1,,,,,,,,,1,,0,,,,,,0,,,,,,,,,,,,,,,,,,,
B1250,0,0,0,0,0,0,0,1,0,1,0,1,1,1,0,0,1,0,1,0,,1,1,1,1,1,,0,,,,,,,,1,1,1,1,,0,1,1,0,,0,1,0,,0,0,,0,,0,
B1251,0,0,0,0,0,0,0,1,1,1,0,1,1,1,0,1,0,1,1,1,0,1,0,0,1,,0,1,1,1,1,1,,1,1,0,0,0,,0,0,0,1,,0,1,1,,0,1,,0,1,,,1
B1252,0,0,0,0,0,0,0,1,1,1,0,1,1,1,1,0,0,1,1,0,1,0,1,1,1,,1,1,0,0,0,0,,0,0,1,1,1,,1,1,1,1,,1,0,1,,1,0,,1,0,,,0
B1253,0,0,0,0,0,0,0,1,0,1,0,0,1,1,0,0,1,0,1,0,,0,,1,1,1,,0,,,,,,,,,1,1,1,,0,,,,,,1,0,,0,0,,0,,0,
B1254,0,0,0,0,0,0,0,1,1,1,0,1,1,1,0,1,0,1,1,1,0,1,0,1,1,,0,1,1,1,1,1,,1,1,0,0,0,,0,0,1,1,,0,1,1,,0,1,,0,1,,,1
B1255,0,0,0,0,0,0,0,1,1,1,0,1,0,1,1,0,1,1,1,0,1,0,1,,1,1,1,1,0,0,,0,0,0,0,1,,1,1,1,1,,1,1,1,0,,,,,1,1,0,1,0,0
B1256,0,0,0,0,0,0,0,1,0,1,0,1,1,1,0,0,1,1,1,0,,0,0,1,1,1,0,0,,,,,,,,0,1,1,1,0,0,1,1,1,1,0,1,0,0,0,0,0,0,0,0,0
B1257,0,0,0,0,0,0,0,0,1,1,0,1,1,1,0,1,0,1,1,1,,,,,,,,,1,0,1,1,,0,1,0,0,0,,0,0,1,1,,0,1,1,,0,0,,0,0,,,1
B1258,0,0,0,0,0,0,0,1,1,1,0,1,0,0,0,0,0,1,0,0,1,0,1,,,,1,,0,0,,,,0,,1,,,,1,,,,,1,,,,,,,,,,,
B1259,0,0,0,0,0,0,0,1,0,1,0,1,1,1,0,0,1,1,1,0,,0,0,1,1,1,0,0,,,,,,,,0,1,1,1,0,0,1,1,1,1,0,1,0,0,0,0,0,0,0,0,0
B125,0,0,0,0,0,0,0,0,0,0,0,1,1,0,0,0,0,0,0,0,,,,,,,,,,,,,,,,,,,,,,1,,,,,,,,,,,,,,
B1260,0,0,0,0,0,0,0,0,1,1,0,1,1,1,0,1,0,1,1,1,,,,,,,,,1,1,1,1,,1,1,0,0,0,,0,0,1,1,,0,1,1,,0,0,,0,0,,,1
B1261,0,0,0,0,0,0,0,1,1,1,0,1,0,1,1,0,0,1,1,0,1,0,1,,1,,1,1,0,0,,0,,0,0,1,,1,,1,1,,1,,1,0,,,,,,1,0,,,0
B1262,0,0,0,0,0,0,0,1,0,1,0,1,1,1,0,0,1,1,1,0,,0,1,1,1,1,1,0,,,,,,,,1,1,1,1,1,0,1,1,1,1,0,1,0,1,0,0,1,0,1,0,0
B1263,0,0,0,0,0,0,0,0,0,1,0,1,1,1,0,1,0,1,0,0,,,,,,,,,,,,,,,,0,1,1,,0,,1,1,,0,,1,,0,,,0,,,,
B1264,0,0,0,0,0,0,0,1,1,1,0,1,0,0,0,0,0,1,0,0,1,0,1,,,,1,,0,0,,,,0,,1,,,,1,,,,,1,,,,,,,,,,,
B1265,0,0,0,0,0,0,0,1,0,1,0,1,1,1,0,0,1,1,1,0,,0,0,1,1,1,0,0,,,,,,,,0,1,1,1,0,0,1,1,1,1,0,1,0,0,0,0,0,0,0,0,0
B1266,1,0,0,0,0,0,0,1,1,1,0,1,1,1,0,0,1,1,1,0,0,1,1,1,1,1,1,1,1,1,1,1,1,1,1,0,1,1,1,1,1,1,1,1,1,1,1,1,1,1,1,1,1,1,1,1
B1267,0,0,0,0,0,0,0,1,1,1,0,1,0,0,0,0,0,1,0,0,1,0,1,,,,1,,0,0,,,,0,,1,,,,1,,,,,1,,,,,,,,,,,
B1268,0,0,0,0,0,0,0,1,0,1,0,1,1,1,0,0,1,1,1,0,,0,0,1,1,1,0,0,,,,,,,,0,1,1,1,0,0,1,1,1,1,0,1,0,0,0,0,0,0,0,0,0
B1269,0,0,0,0,0,0,0,0,1,1,0,1,1,1,0,0,1,1,1,0,,,,,,,,,1,1,1,1,1,1,1,0,1,1,1,0,0,1,1,1,0,0,0,1,0,0,1,0,0,0,0,1
B126,0,0,0,0,0,0,0,0,0,0,0,1,1,1,0,0,1,0,0,0,,,,,,,,,,,,,,,,,,,,,,1,1,0,,,1,0,,,0,,,,,
B1270,0,0,0,0,0,0,0,1,1,1,0,1,0,0,0,0,0,1,0,0,1,0,1,,,,1,,0,0,,,,0,,1,,,,1,,,,,1,,,,,,,,,,,
B1271,0,0,0,0,0,0,0,1,0,1,0,1,1,1,0,0,1,1,1,0,,0,0,1,1,1,0,0,,,,,,,,0,1,1,1,0,0,1,1,1,1,0,1,0,0,0,0,0,0,0,0,0
B1272,0,0,0,0,0,0,0,1,1,1,0,1,1,1,0,1,0,1,1,1,0,1,0,1,1,,0,1,1,1,1,1,,1,1,0,0,0,,0,0,1,1,,0,1,1,,0,1,,0,1,,,1
B1273,0,0,0,0,0,0,0,1,1,1,0,1,1,1,1,0,0,1,1,0,1,0,1,1,1,,1,1,0,0,0,0,,0,0,1,1,1,,1,1,1,1,,1,0,0,,1,0,,1,0,,,0
B1274,0,0,0,0,0,0,0,1,0,1,0,1,1,1,0,0,1,1,1,0,,0,0,1,1,1,0,0,,,,,,,,0,1,1,1,0,0,1,1,1,1,0,1,0,0,0,0,0,0,0,0,0
B1275,0,0,0,0,0,0,0,0,1,1,0,1,1,1,0,1,0,1,0,0,,,,,,,,,1,0,1,1,,0,,0,1,1,,0,,1,1,,0,,1,,0,,,0,,,,
B1276,0,0,0,0,0,0,0,1,1,1,0,1,1,1,1,0,0,1,1,0,1,0,1,1,1,,1,1,0,0,0,0,,0,0,1,1,1,,1,1,1,1,,1,0,0,,1,0,,1,0,,,0
B1277,0,0,0,0,0,0,0,1,0,1,0,1,1,1,0,0,1,1,1,0,,0,0,1,1,1,0,0,,,,,,,,0,1,1,1,0,0,1,1,1,1,0,1,0,0,0,0,0,0,0,0,0
B1278,1,0,0,0,0,0,0,1,1,1,0,1,1,1,0,0,1,1,1,0,0,1,0,1,1,1,0,0,1,1,1,1,1,1,1,0,1,1,1,0,0,1,1,1,0,0,1,1,0,0,1,0,0,0,0,1
B1279,0,0,0,0,0,0,0,1,1,1,0,1,0,0,0,0,0,1,0,0,1,0,1,,,,1,,0,0,,,,0,,1,,,,1,,,,,1,,,,,,,,,,,
B127,0,0,0,0,0,0,0,1,1,1,0,1,1,0,1,0,0,1,0,0,1,1,0,1,,,1,,1,0,1,,,1,,0,1,,,1,,1,,,1,,,,1,,,,,,,
B1280,0,0,0,0,0,0,0,1,0,1,0,1,1,1,0,0,1,1,1,0,,0,1,1,1,1,1,0,,,,,,,,1,1,1,1,1,0,1,1,1,1,0,1,0,1,0,0,1,0,1,0,0
B1281,0,0,0,0,0,0,0,1,1,1,0,1,0,0,0,0,0,1,0,0,1,0,1,,,,1,,0,0,,,,0,,1,,,,1,,,,,1,,,,,,,,,,,
B1282,0,0,0,0,0,0,0,1,0,0,0,1,1,0,0,0,1,1,1,0,,,0,1,,1,0,0,,,,,,,,,,,,,,1,,1,1,0,,0,0,0,,,,0,0,0
B1283,0,0,0,0,0,0,0,1,0,1,0,1,0,0,0,0,0,0,0,0,,0,1,,,,,,,,,,,,,1,,,,,,,,,,,,,,,,,,,,
B1284,0,0,0,0,0,0,0,1,0,1,0,1,1,1,0,0,1,1,1,0,,0,1,1,1,1,1,0,,,,,,,,1,1,1,1,1,0,1,1,1,1,0,1,0,1,0,0,1,0,1,0,0
B1286,0,0,0,0,0,0,0,0,0,0,0,0,0,0,0,0,0,0,0,0,,,,,,,,,,,,,,,,,,,,,,,,,,,,,,,,,,,,
B1287,0,0,0,0,0,0,0,0,0,0,0,0,0,0,0,0,0,0,0,0,,,,,,,,,,,,,,,,,,,,,,,,,,,,,,,,,,,,
B1288,0,0,0,0,0,0,0,0,0,0,0,0,0,0,0,0,0,0,0,0,,,,,,,,,,,,,,,,,,,,,,,,,,,,,,,,,,,,
B1289,0,0,0,0,0,0,0,0,0,0,0,0,0,0,0,0,0,0,0,0,,,,,,,,,,,,,,,,,,,,,,,,,,,,,,,,,,,,
B128,0,0,0,0,0,0,0,1,1,1,0,0,0,0,0,0,1,0,0,0,1,0,,,,1,,,0,,,,0,,,,,,1,,,,,,,,,,,,,,,,,
B1290,0,0,0,0,0,0,0,0,0,0,0,0,0,0,0,0,0,0,0,0,,,,,,,,,,,,,,,,,,,,,,,,,,,,,,,,,,,,
B1291,0,0,0,0,0,0,0,0,0,0,0,0,0,0,0,0,0,0,0,0,,,,,,,,,,,,,,,,,,,,,,,,,,,,,,,,,,,,
B1292,0,0,0,0,0,0,0,0,0,0,0,0,0,0,0,0,0,0,0,0,,,,,,,,,,,,,,,,,,,,,,,,,,,,,,,,,,,,
B1293,0,0,0,0,0,0,0,0,0,0,0,0,0,0,0,0,0,0,0,0,,,,,,,,,,,,,,,,,,,,,,,,,,,,,,,,,,,,
B1294,0,0,0,0,0,0,0,0,0,0,0,0,0,0,0,0,0,0,0,0,,,,,,,,,,,,,,,,,,,,,,,,,,,,,,,,,,,,
B1295,0,0,0,0,0,0,0,0,0,0,0,0,0,0,0,0,0,0,0,0,,,,,,,,,,,,,,,,,,,,,,,,,,,,,,,,,,,,
B1296,0,0,0,0,0,0,0,0,0,0,0,0,0,0,0,0,0,0,0,0,,,,,,,,,,,,,,,,,,,,,,,,,,,,,,,,,,,,
B1297,0,0,0,0,0,0,0,0,0,0,0,0,0,0,0,0,0,0,0,0,,,,,,,,,,,,,,,,,,,,,,,,,,,,,,,,,,,,
B1298,0,0,0,0,0,0,0,0,0,0,0,0,0,0,0,0,0,0,0,0,,,,,,,,,,,,,,,,,,,,,,,,,,,,,,,,,,,,
B1299,0,0,0,0,0,0,0,0,0,0,0,0,0,0,0,0,0,0,0,0,,,,,,,,,,,,,,,,,,,,,,,,,,,,,,,,,,,,
B129,0,0,0,0,0,0,0,0,0,0,0,0,0,0,0,0,0,0,0,0,,,,,,,,,,,,,,,,,,,,,,,,,,,,,,,,,,,,
B1300,0,0,0,0,0,0,0,0,0,0,0,0,0,0,0,0,0,0,0,0,,,,,,,,,,,,,,,,,,,,,,,,,,,,,,,,,,,,
B1301,0,0,0,0,0,0,0,0,0,0,0,0,0,0,0,0,0,0,0,0,,,,,,,,,,,,,,,,,,,,,,,,,,,,,,,,,,,,
B1302,0,0,0,0,0,0,0,0,0,0,0,0,0,0,0,0,0,0,0,0,,,,,,,,,,,,,,,,,,,,,,,,,,,,,,,,,,,,
B1303,0,0,0,0,0,0,0,0,0,0,0,0,0,0,0,0,0,0,0,0,,,,,,,,,,,,,,,,,,,,,,,,,,,,,,,,,,,,
B1304,0,0,0,0,0,0,0,0,0,0,0,0,0,0,0,0,0,0,0,0,,,,,,,,,,,,,,,,,,,,,,,,,,,,,,,,,,,,
B1305,0,0,0,0,0,0,0,0,0,0,0,0,0,0,0,0,0,0,0,0,,,,,,,,,,,,,,,,,,,,,,,,,,,,,,,,,,,,
B1306,0,0,0,0,0,0,0,0,0,0,0,0,0,0,0,0,0,0,0,0,,,,,,,,,,,,,,,,,,,,,,,,,,,,,,,,,,,,
B1307,0,0,0,0,0,0,0,0,0,0,0,0,0,0,0,0,0,0,0,0,,,,,,,,,,,,,,,,,,,,,,,,,,,,,,,,,,,,
B1308,0,0,0,0,0,0,0,0,0,0,0,0,0,0,0,0,0,0,0,0,,,,,,,,,,,,,,,,,,,,,,,,,,,,,,,,,,,,
B1309,0,0,0,0,0,0,0,0,0,0,0,0,0,0,0,0,0,0,0,0,,,,,,,,,,,,,,,,,,,,,,,,,,,,,,,,,,,,
B130,0,0,0,0,0,0,0,0,0,0,0,0,0,0,0,0,0,1,0,0,,,,,,,,,,,,,,,,,,,,,,,,,,,,,,,,,,,,
B1310,0,0,0,0,0,0,0,0,0,0,0,0,0,0,0,0,0,0,0,0,,,,,,,,,,,,,,,,,,,,,,,,,,,,,,,,,,,,
B1311,0,0,0,0,0,0,0,0,0,0,0,0,0,0,0,0,0,0,0,0,,,,,,,,,,,,,,,,,,,,,,,,,,,,,,,,,,,,
B1312,0,0,0,0,0,0,0,0,0,0,0,0,0,0,0,0,0,0,0,0,,,,,,,,,,,,,,,,,,,,,,,,,,,,,,,,,,,,
B1313,0,0,0,0,0,0,0,0,0,0,0,0,0,0,0,0,0,0,0,0,,,,,,,,,,,,,,,,,,,,,,,,,,,,,,,,,,,,
B1314,0,0,0,0,0,0,0,0,0,0,0,0,0,0,0,0,0,0,0,0,,,,,,,,,,,,,,,,,,,,,,,,,,,,,,,,,,,,
B1315,0,0,0,0,0,0,0,0,0,0,0,0,0,0,0,0,0,0,0,0,,,,,,,,,,,,,,,,,,,,,,,,,,,,,,,,,,,,
B1316,0,0,0,0,0,0,0,0,0,0,0,0,0,0,0,0,0,0,0,0,,,,,,,,,,,,,,,,,,,,,,,,,,,,,,,,,,,,
B1317,0,0,0,0,0,0,0,0,0,0,0,0,0,0,0,0,0,0,0,0,,,,,,,,,,,,,,,,,,,,,,,,,,,,,,,,,,,,
B1318,0,0,0,0,0,0,0,0,0,0,0,0,0,0,0,0,0,0,0,0,,,,,,,,,,,,,,,,,,,,,,,,,,,,,,,,,,,,
B1319,0,0,0,0,0,0,0,0,0,0,0,0,0,0,0,0,0,0,0,0,,,,,,,,,,,,,,,,,,,,,,,,,,,,,,,,,,,,
B131,0,0,0,0,0,0,0,0,0,0,0,0,1,1,0,0,1,0,0,0,,,,,,,,,,,,,,,,,,,,,,,,,,,1,0,,,0,,,,,
B1320,0,0,0,0,0,0,0,0,0,0,0,0,0,0,0,0,0,0,0,0,,,,,,,,,,,,,,,,,,,,,,,,,,,,,,,,,,,,
B1321,0,0,0,0,0,0,0,0,0,0,0,0,0,0,0,0,0,0,0,0,,,,,,,,,,,,,,,,,,,,,,,,,,,,,,,,,,,,
B1322,0,0,0,0,0,0,0,0,0,0,0,0,0,0,0,0,0,0,0,0,,,,,,,,,,,,,,,,,,,,,,,,,,,,,,,,,,,,
B1323,0,0,0,0,0,0,0,0,0,0,0,0,0,0,0,0,0,0,0,0,,,,,,,,,,,,,,,,,,,,,,,,,,,,,,,,,,,,
B1324,0,0,0,0,0,0,0,0,0,0,0,0,0,0,0,0,0,0,0,0,,,,,,,,,,,,,,,,,,,,,,,,,,,,,,,,,,,,
B1325,0,0,0,0,0,0,0,0,0,0,0,0,0,0,0,0,0,0,0,0,,,,,,,,,,,,,,,,,,,,,,,,,,,,,,,,,,,,
B1326,0,0,0,0,0,0,0,0,0,0,0,0,0,0,0,0,0,0,0,0,,,,,,,,,,,,,,,,,,,,,,,,,,,,,,,,,,,,
B1327,0,0,0,0,0,0,0,0,0,0,0,0,0,0,0,0,0,0,0,0,,,,,,,,,,,,,,,,,,,,,,,,,,,,,,,,,,,,
B1328,0,0,0,0,0,0,0,0,0,0,0,0,0,0,0,0,0,0,0,0,,,,,,,,,,,,,,,,,,,,,,,,,,,,,,,,,,,,
B1329,0,0,0,0,0,0,0,0,0,0,0,0,0,0,0,0,0,0,0,0,,,,,,,,,,,,,,,,,,,,,,,,,,,,,,,,,,,,
B132,0,0,0,0,0,0,0,1,0,1,0,1,0,0,1,1,0,1,1,0,,1,1,,,,1,1,,,,,,,,0,,,,0,0,,,,1,1,,,,,,,,,,1
B1330,0,0,0,0,0,0,0,0,0,0,0,0,0,0,0,0,0,0,0,0,,,,,,,,,,,,,,,,,,,,,,,,,,,,,,,,,,,,
B1331,0,0,0,0,0,0,0,0,0,0,0,0,0,0,0,0,0,0,0,0,,,,,,,,,,,,,,,,,,,,,,,,,,,,,,,,,,,,
B1332,0,0,0,0,0,0,0,0,0,0,0,0,0,0,0,0,0,0,0,0,,,,,,,,,,,,,,,,,,,,,,,,,,,,,,,,,,,,
B1333,0,0,0,0,0,0,0,0,0,0,0,0,0,0,0,0,0,0,0,0,,,,,,,,,,,,,,,,,,,,,,,,,,,,,,,,,,,,
B1334,0,0,0,0,0,0,0,0,0,0,0,0,0,0,0,0,0,0,0,0,,,,,,,,,,,,,,,,,,,,,,,,,,,,,,,,,,,,
B1335,0,0,0,0,0,0,0,0,0,0,0,0,0,0,0,0,0,0,0,0,,,,,,,,,,,,,,,,,,,,,,,,,,,,,,,,,,,,
B1336,0,0,0,0,0,0,0,0,0,0,0,0,0,0,0,0,0,0,0,0,,,,,,,,,,,,,,,,,,,,,,,,,,,,,,,,,,,,
B1337,0,0,0,0,0,0,0,0,0,0,0,0,0,0,0,0,0,0,0,0,,,,,,,,,,,,,,,,,,,,,,,,,,,,,,,,,,,,
B1338,0,0,0,0,0,0,0,0,0,0,0,0,0,0,0,0,0,0,0,0,,,,,,,,,,,,,,,,,,,,,,,,,,,,,,,,,,,,
B1339,0,0,0,0,0,0,0,0,0,0,0,0,0,0,0,0,0,0,0,0,,,,,,,,,,,,,,,,,,,,,,,,,,,,,,,,,,,,
B133,0,0,0,0,0,0,0,0,0,0,0,1,1,0,1,0,0,1,0,1,,,,,,,,,,,,,,,,,,,,,,1,,,1,,,,0,,,,,,,
B1340,0,0,0,0,0,0,0,0,0,0,0,0,0,0,0,0,0,0,0,0,,,,,,,,,,,,,,,,,,,,,,,,,,,,,,,,,,,,
B1341,0,0,0,0,0,0,0,0,0,0,0,0,0,0,0,0,0,0,0,0,,,,,,,,,,,,,,,,,,,,,,,,,,,,,,,,,,,,
B1342,0,0,0,0,0,0,0,0,0,0,0,0,0,0,0,0,0,0,0,0,,,,,,,,,,,,,,,,,,,,,,,,,,,,,,,,,,,,
B1343,0,0,0,0,0,0,0,0,0,0,0,0,0,0,0,0,0,0,0,0,,,,,,,,,,,,,,,,,,,,,,,,,,,,,,,,,,,,
B1344,0,0,0,0,0,0,0,0,0,0,0,0,0,0,0,0,0,0,0,0,,,,,,,,,,,,,,,,,,,,,,,,,,,,,,,,,,,,
B1345,0,0,0,0,0,0,0,0,0,0,0,0,0,0,0,0,0,0,0,0,,,,,,,,,,,,,,,,,,,,,,,,,,,,,,,,,,,,
B1346,0,0,0,0,0,0,0,0,0,0,0,0,0,0,0,0,0,0,0,0,,,,,,,,,,,,,,,,,,,,,,,,,,,,,,,,,,,,
B1347,0,0,0,0,0,0,0,0,0,0,0,0,0,0,0,0,0,0,0,0,,,,,,,,,,,,,,,,,,,,,,,,,,,,,,,,,,,,
B1348,0,0,0,0,0,0,0,0,0,0,0,0,0,0,0,0,0,0,0,0,,,,,,,,,,,,,,,,,,,,,,,,,,,,,,,,,,,,
B1349,0,0,0,0,0,0,0,0,0,0,0,0,0,0,0,0,0,0,0,0,,,,,,,,,,,,,,,,,,,,,,,,,,,,,,,,,,,,
B134,0,0,0,0,0,0,0,0,0,0,0,1,0,0,0,0,0,0,0,0,,,,,,,,,,,,,,,,,,,,,,,,,,,,,,,,,,,,
B1350,0,0,0,0,0,0,0,0,0,0,0,0,0,0,0,0,0,0,0,0,,,,,,,,,,,,,,,,,,,,,,,,,,,,,,,,,,,,
B1351,0,0,0,0,0,0,0,0,0,0,0,0,0,0,0,0,0,0,0,0,,,,,,,,,,,,,,,,,,,,,,,,,,,,,,,,,,,,
B1352,0,0,0,0,0,0,0,0,0,0,0,0,0,0,0,0,0,0,0,0,,,,,,,,,,,,,,,,,,,,,,,,,,,,,,,,,,,,
B1353,0,0,0,0,0,0,0,0,0,0,0,0,0,0,0,0,0,0,0,0,,,,,,,,,,,,,,,,,,,,,,,,,,,,,,,,,,,,
B1354,0,0,0,0,0,0,0,0,0,0,0,0,0,0,0,0,0,0,0,0,,,,,,,,,,,,,,,,,,,,,,,,,,,,,,,,,,,,
B1355,0,0,0,0,0,0,0,0,0,0,0,0,0,0,0,0,0,0,0,0,,,,,,,,,,,,,,,,,,,,,,,,,,,,,,,,,,,,
B1356,0,0,0,0,0,0,0,0,0,0,0,0,0,0,0,0,0,0,0,0,,,,,,,,,,,,,,,,,,,,,,,,,,,,,,,,,,,,
B1357,0,0,0,0,0,0,0,0,0,0,0,0,0,0,0,0,0,0,0,0,,,,,,,,,,,,,,,,,,,,,,,,,,,,,,,,,,,,
B1358,0,0,0,0,0,0,0,0,0,0,0,0,0,0,0,0,0,0,0,0,,,,,,,,,,,,,,,,,,,,,,,,,,,,,,,,,,,,
B1359,0,0,0,0,0,0,0,0,0,0,0,0,0,0,0,0,0,0,0,0,,,,,,,,,,,,,,,,,,,,,,,,,,,,,,,,,,,,
B135,0,0,0,0,0,0,0,0,0,0,0,0,0,0,0,0,0,0,0,0,,,,,,,,,,,,,,,,,,,,,,,,,,,,,,,,,,,,
B1360,0,0,0,0,0,0,0,0,0,0,0,0,0,0,0,0,0,0,0,0,,,,,,,,,,,,,,,,,,,,,,,,,,,,,,,,,,,,
B1361,0,0,0,0,0,0,0,0,0,0,0,0,0,0,0,0,0,0,0,0,,,,,,,,,,,,,,,,,,,,,,,,,,,,,,,,,,,,
B1362,0,0,0,0,0,0,0,0,0,0,0,0,0,0,0,0,0,0,0,0,,,,,,,,,,,,,,,,,,,,,,,,,,,,,,,,,,,,
B1363,0,0,0,0,0,0,0,0,0,0,0,0,0,0,0,0,0,0,0,0,,,,,,,,,,,,,,,,,,,,,,,,,,,,,,,,,,,,
B1364,0,0,0,0,0,0,0,0,0,0,0,0,0,0,0,0,0,0,0,0,,,,,,,,,,,,,,,,,,,,,,,,,,,,,,,,,,,,
B1365,0,0,0,0,0,0,0,0,0,0,0,0,0,0,0,0,0,0,0,0,,,,,,,,,,,,,,,,,,,,,,,,,,,,,,,,,,,,
B1366,0,0,0,0,0,0,0,0,0,0,0,0,0,0,0,0,0,0,0,0,,,,,,,,,,,,,,,,,,,,,,,,,,,,,,,,,,,,
B1367,0,0,0,0,0,0,0,0,0,0,0,0,0,0,0,0,0,0,0,0,,,,,,,,,,,,,,,,,,,,,,,,,,,,,,,,,,,,
B1368,0,0,0,0,0,0,0,0,0,0,0,0,0,0,0,0,0,0,0,0,,,,,,,,,,,,,,,,,,,,,,,,,,,,,,,,,,,,
B1369,0,0,0,0,0,0,0,0,0,0,0,0,0,0,0,0,0,0,0,0,,,,,,,,,,,,,,,,,,,,,,,,,,,,,,,,,,,,
B136,0,0,0,0,0,0,0,1,1,1,0,1,1,1,0,0,1,1,0,0,1,1,1,1,1,1,1,,0,0,0,0,0,0,,0,0,0,0,0,,1,1,1,1,,0,0,0,,0,0,,0,,
B1370,0,0,0,0,0,0,0,0,0,0,0,0,0,0,0,0,0,0,0,0,,,,,,,,,,,,,,,,,,,,,,,,,,,,,,,,,,,,
B1371,0,0,0,0,0,0,0,0,0,0,0,0,0,0,0,0,0,0,0,0,,,,,,,,,,,,,,,,,,,,,,,,,,,,,,,,,,,,
B1372,0,0,0,0,0,0,0,0,0,0,0,0,0,0,0,0,0,0,0,0,,,,,,,,,,,,,,,,,,,,,,,,,,,,,,,,,,,,
B1373,0,0,0,0,0,0,0,0,0,0,0,0,0,0,0,0,0,0,0,0,,,,,,,,,,,,,,,,,,,,,,,,,,,,,,,,,,,,
B1374,0,0,0,0,0,0,0,0,0,0,0,0,0,0,0,0,0,0,0,0,,,,,,,,,,,,,,,,,,,,,,,,,,,,,,,,,,,,
B1375,0,0,0,0,0,0,0,0,0,0,0,0,0,0,0,0,0,0,0,0,,,,,,,,,,,,,,,,,,,,,,,,,,,,,,,,,,,,
B1376,0,0,0,0,0,0,0,0,0,0,0,0,0,0,0,0,0,0,0,0,,,,,,,,,,,,,,,,,,,,,,,,,,,,,,,,,,,,
B1377,0,0,0,0,0,0,0,0,0,0,0,0,0,0,0,0,0,0,0,0,,,,,,,,,,,,,,,,,,,,,,,,,,,,,,,,,,,,
B1378,0,0,0,0,0,0,0,0,0,0,0,0,0,0,0,0,0,0,0,0,,,,,,,,,,,,,,,,,,,,,,,,,,,,,,,,,,,,
B1379,0,0,0,0,0,0,0,0,0,0,0,0,0,0,0,0,0,0,0,0,,,,,,,,,,,,,,,,,,,,,,,,,,,,,,,,,,,,
B137,0,0,0,0,0,0,0,0,0,1,0,1,1,1,1,0,1,0,0,0,,,,,,,,,,,,,,,,0,1,1,0,,,1,1,1,,,1,0,,,0,,,,,
B1380,0,0,0,0,0,0,0,0,0,0,0,0,0,0,0,0,0,0,0,0,,,,,,,,,,,,,,,,,,,,,,,,,,,,,,,,,,,,
B1381,0,0,0,0,0,0,0,0,0,0,0,0,0,0,0,0,0,0,0,0,,,,,,,,,,,,,,,,,,,,,,,,,,,,,,,,,,,,
B1382,0,0,0,0,0,0,0,0,0,0,0,0,0,0,0,0,0,0,0,0,,,,,,,,,,,,,,,,,,,,,,,,,,,,,,,,,,,,
B1383,0,0,0,0,0,0,0,0,0,0,0,0,0,0,0,0,0,0,0,0,,,,,,,,,,,,,,,,,,,,,,,,,,,,,,,,,,,,
B1384,0,0,0,0,0,0,0,0,0,0,0,0,0,0,0,0,0,0,0,0,,,,,,,,,,,,,,,,,,,,,,,,,,,,,,,,,,,,
B1385,0,0,0,0,0,0,0,0,0,0,0,0,0,0,0,0,0,0,0,0,,,,,,,,,,,,,,,,,,,,,,,,,,,,,,,,,,,,
B1386,0,0,0,0,0,0,0,0,0,0,0,0,0,0,0,0,0,0,0,0,,,,,,,,,,,,,,,,,,,,,,,,,,,,,,,,,,,,
B1387,0,0,0,0,0,0,0,0,0,0,0,0,0,0,0,0,0,0,0,0,,,,,,,,,,,,,,,,,,,,,,,,,,,,,,,,,,,,
B1388,0,0,0,0,0,0,0,1,1,1,0,1,1,1,1,0,0,1,0,0,1,0,1,1,1,,1,,0,0,0,0,,0,,1,1,1,,1,,1,1,,1,,0,,1,,,1,,,,
B1389,0,0,0,0,0,0,0,1,0,1,0,1,1,1,0,0,1,1,1,0,,0,0,1,1,1,0,0,,,,,,,,0,1,1,1,0,0,1,1,1,1,0,1,0,0,0,0,0,0,0,0,0
B138,0,0,0,0,0,0,0,0,0,0,0,1,1,1,0,0,1,0,0,1,,,,,,,,,,,,,,,,,,,,,,1,1,1,,,0,0,,,0,,,,,
B1390,0,0,0,0,0,0,0,1,1,1,0,1,0,1,1,0,0,1,1,0,1,0,1,,1,,1,1,0,0,,0,,0,0,1,,1,,1,1,,1,,1,0,,,,,,1,0,,,0
B1391,0,1,0,0,0,0,0,1,0,1,0,1,0,0,1,0,1,0,1,0,,1,1,,,1,,0,,,,,,,,1,,,1,,0,,,1,,0,,,,,,,,,0,
B1392,0,0,0,0,0,0,0,1,1,1,0,1,1,1,1,0,0,1,1,0,1,0,1,1,1,,1,1,0,0,0,0,,0,0,1,1,1,,1,1,1,1,,1,0,1,,1,0,,1,0,,,0
B1393,0,0,0,0,0,0,0,1,0,1,0,1,1,1,0,0,1,1,1,0,,0,0,1,1,1,0,0,,,,,,,,0,1,1,1,0,0,1,1,1,1,0,1,0,0,0,0,0,0,0,0,0
B1394,0,0,0,0,0,0,0,1,1,1,0,1,1,1,1,0,0,1,1,0,1,0,1,1,1,,1,1,0,0,0,0,,0,0,1,1,1,,1,1,1,1,,1,0,0,,1,0,,1,0,,,0
B1395,0,0,0,0,0,0,0,0,0,0,0,0,0,0,0,0,0,0,0,0,,,,,,,,,,,,,,,,,,,,,,,,,,,,,,,,,,,,
B1396,0,0,0,0,0,0,0,1,1,1,0,1,1,1,1,0,0,1,1,0,1,0,1,1,1,,1,1,0,0,0,0,,0,0,1,1,1,,1,1,1,1,,1,0,0,,1,0,,1,0,,,0
B1397,0,1,0,0,0,0,0,1,0,1,0,1,1,1,1,0,1,0,1,0,,1,1,1,1,1,,0,,,,,,,,0,1,1,1,,0,1,1,1,,0,0,0,,0,0,,0,,0,
B1398,0,0,0,0,0,0,0,1,1,1,0,1,0,0,0,0,0,1,0,0,1,0,1,,,,1,,0,0,,,,0,,1,,,,1,,,,,1,,,,,,,,,,,
B1399,0,0,0,0,0,0,0,1,0,1,0,1,1,1,0,0,1,0,0,0,,0,1,1,1,1,,,,,,,,,,1,1,1,1,,,1,1,1,,,1,0,,,0,,,,,
B139,0,0,0,0,0,0,0,0,1,0,0,1,1,1,0,0,0,0,1,0,,,,,,,,,,0,0,0,,,0,,,,,,,1,1,,,1,0,,,1,,,1,,,
B1400,0,0,0,0,0,0,0,1,1,1,0,1,1,0,1,0,0,1,0,0,1,0,1,1,,,1,,0,0,0,,,0,,1,1,,,1,,1,,,1,,,,1,,,,,,,
B1401,0,0,0,0,0,0,0,1,0,1,0,1,1,1,0,0,1,0,1,0,,0,1,1,1,1,,0,,,,,,,,1,1,1,1,,0,1,1,1,,0,1,1,,0,0,,0,,0,
B1402,0,0,0,0,0,0,0,1,1,1,0,1,1,1,1,0,0,1,1,0,1,0,1,1,1,,1,1,0,0,0,0,,0,0,1,1,1,,1,1,1,1,,1,0,1,,1,0,,1,0,,,0
B1403,0,0,0,0,0,0,0,1,0,1,0,1,1,1,0,0,1,1,1,0,,0,1,1,1,1,1,0,,,,,,,,1,1,1,1,1,0,1,1,1,1,0,0,0,1,0,0,1,0,1,0,0
B1404,0,0,0,0,0,0,0,1,1,1,0,1,0,0,1,0,0,1,0,0,1,0,1,,,,1,,0,0,,,,0,,1,,,,1,,,,,1,,,,,,,,,,,
B1405,0,0,0,0,0,0,0,0,0,0,0,0,0,0,0,0,0,0,0,0,,,,,,,,,,,,,,,,,,,,,,,,,,,,,,,,,,,,
B1406,0,0,0,0,0,0,0,1,1,1,0,1,1,1,1,0,0,1,1,0,1,0,1,1,1,,1,1,0,0,0,0,,0,0,1,1,1,,1,1,1,1,,1,0,0,,1,0,,1,0,,,0
B1407,0,0,0,0,0,0,0,1,0,1,0,0,1,1,0,0,1,0,1,0,,0,,1,1,1,,0,,,,,,,,,1,1,1,,0,,,,,,0,0,,0,0,,0,,0,
B1408,0,0,0,0,0,0,0,1,1,1,0,1,1,1,1,0,1,1,1,0,1,0,1,1,1,1,1,1,0,0,0,0,0,0,0,1,1,1,1,1,1,1,1,1,1,0,0,1,1,0,1,1,0,1,0,0
B1409,0,0,0,0,0,0,0,1,1,1,0,1,1,1,0,0,1,0,1,0,1,0,1,1,1,1,,0,0,0,0,0,0,,0,1,1,1,1,,0,1,1,0,,0,1,0,,0,0,,0,,0,
B140,0,0,0,0,0,0,0,0,0,0,0,1,1,1,0,0,1,0,0,0,,,,,,,,,,,,,,,,,,,,,,1,1,1,,,1,1,,,1,,,,,
B1410,0,0,0,0,0,0,0,1,1,1,0,1,1,1,1,0,0,1,1,0,1,0,1,1,1,,1,1,0,0,0,0,,0,0,1,1,1,,1,1,1,1,,1,0,0,,1,0,,1,0,,,0
B1411,0,0,0,0,0,0,0,1,0,1,0,1,1,1,0,0,1,1,1,0,,0,1,1,1,1,0,0,,,,,,,,1,1,1,1,0,0,1,1,0,0,0,1,0,0,0,0,0,0,0,0,1
B1412,0,0,0,0,0,0,0,1,1,1,0,1,0,1,1,0,0,1,1,0,1,0,1,,1,,1,1,0,0,,0,,0,0,1,,1,,1,1,,1,,1,0,,,,,,1,0,,,0
B1413,0,0,0,0,0,0,0,0,0,0,0,0,0,0,0,0,0,1,0,0,,,,,,,,,,,,,,,,,,,,,,,,,,,,,,,,,,,,
B1414,0,0,0,0,0,0,0,1,1,1,0,1,0,0,1,0,0,1,0,0,1,0,1,,,,1,,0,0,,,,0,,1,,,,1,,,,,1,,,,,,,,,,,
B1415,0,0,0,0,0,0,0,0,0,0,0,0,0,0,0,0,0,1,0,0,,,,,,,,,,,,,,,,,,,,,,,,,,,,,,,,,,,,
B1416,0,0,0,0,0,0,0,1,1,1,0,1,0,0,0,0,0,1,0,0,1,0,1,,,,1,,0,0,,,,0,,1,,,,1,,,,,1,,,,,,,,,,,
B1417,0,0,0,0,0,0,0,0,0,0,0,0,0,0,0,0,0,0,0,0,,,,,,,,,,,,,,,,,,,,,,,,,,,,,,,,,,,,
B1418,0,0,0,0,0,0,0,1,1,1,0,1,1,1,1,0,0,1,1,0,1,0,1,1,1,,1,1,0,0,0,0,,0,0,1,1,1,,1,1,1,1,,1,0,0,,1,0,,1,0,,,0
B1419,0,0,0,0,0,0,0,1,0,1,0,1,1,1,0,0,1,1,1,0,,0,1,1,1,1,1,0,,,,,,,,1,1,1,1,1,0,1,1,0,1,0,1,0,1,0,0,1,0,1,0,0
B141,0,0,0,0,0,0,0,1,1,1,0,1,1,1,0,0,0,0,0,0,1,0,0,1,1,,,,0,0,0,0,,,,0,1,1,,,,1,1,,,,1,,,,,,,,,
B1420,0,0,0,0,0,0,0,1,1,1,0,1,0,0,0,0,0,1,0,0,1,0,0,,,,1,,0,0,,,,0,,0,,,,1,,,,,1,,,,,,,,,,,
B1421,0,0,0,0,0,0,0,1,0,1,0,1,1,1,0,0,1,0,1,0,,0,1,1,1,1,,0,,,,,,,,1,1,1,1,,0,1,1,0,,0,1,0,,0,0,,0,,0,
B1422,0,0,0,0,0,0,0,1,1,1,0,1,1,1,1,0,1,1,1,0,1,0,1,1,1,1,1,1,0,0,0,0,0,0,0,1,1,1,1,1,1,1,1,1,1,0,0,1,1,0,1,1,0,1,0,0
B1423,0,0,0,0,0,0,0,1,1,1,0,1,1,1,0,0,1,0,1,0,1,0,1,1,1,1,,0,0,0,0,0,0,,0,1,1,1,1,,0,1,1,0,,0,1,0,,0,0,,0,,0,
B1424,0,0,0,0,0,0,0,1,1,1,0,1,1,1,1,0,0,1,1,0,1,0,1,1,1,,1,1,0,0,0,0,,0,0,1,1,1,,1,1,1,1,,1,0,1,,1,0,,1,0,,,0
B1425,0,0,0,0,0,0,0,1,0,1,0,1,1,1,0,0,1,1,1,0,,1,1,1,1,1,1,1,,,,,,,,1,1,1,1,1,0,1,1,0,1,0,1,0,1,0,0,1,0,1,0,0
B1426,0,0,0,0,0,0,0,1,1,1,0,1,1,1,1,0,0,1,1,0,1,0,0,1,1,,1,1,0,0,0,0,,1,0,0,1,1,,1,1,1,1,,1,1,0,,1,0,,1,0,,,0
B1427,0,0,0,0,0,0,0,0,0,0,0,0,0,0,0,0,0,1,0,0,,,,,,,,,,,,,,,,,,,,,,,,,,,,,,,,,,,,
B1428,0,0,0,0,0,0,0,1,1,1,0,1,1,1,1,0,0,1,1,0,1,0,0,1,1,,1,1,0,0,0,0,,1,0,0,1,1,,1,1,1,1,,1,1,0,,1,0,,1,0,,,0
B1429,0,0,0,0,0,0,0,0,0,0,0,0,0,0,0,0,0,1,0,0,,,,,,,,,,,,,,,,,,,,,,,,,,,,,,,,,,,,
B142,0,0,0,0,0,0,0,0,0,0,0,0,0,0,0,0,0,1,0,0,,,,,,,,,,,,,,,,,,,,,,,,,,,,,,,,,,,,
B1430,0,0,0,0,0,0,0,1,1,1,0,1,0,1,1,0,0,1,0,0,0,0,1,,1,,0,,1,1,,1,,0,,1,,1,,0,,,1,,0,,,,,,,0,,,,
B1431,0,0,0,0,0,0,0,0,0,0,0,0,0,0,0,0,0,1,0,0,,,,,,,,,,,,,,,,,,,,,,,,,,,,,,,,,,,,
B1432,0,0,0,0,0,0,0,1,1,1,0,1,1,1,1,0,0,1,0,0,0,0,0,1,1,,0,,1,0,1,1,,0,,0,1,1,,0,,1,1,,0,,1,,0,,,0,,,,
B1433,0,0,0,0,0,0,0,0,0,0,0,0,0,0,0,0,0,1,0,0,,,,,,,,,,,,,,,,,,,,,,,,,,,,,,,,,,,,
B1434,0,0,0,0,0,0,0,0,0,0,0,0,0,0,0,0,0,1,0,0,,,,,,,,,,,,,,,,,,,,,,,,,,,,,,,,,,,,
B1435,0,0,0,0,0,0,0,0,0,0,0,0,0,0,0,0,0,1,0,0,,,,,,,,,,,,,,,,,,,,,,,,,,,,,,,,,,,,
B1436,0,0,0,0,0,0,0,0,0,1,0,1,0,0,0,0,0,1,0,0,,,,,,,,,,,,,,,,0,,,,0,,,,,0,,,,,,,,,,,
B1437,0,0,0,0,0,0,0,0,0,0,0,0,0,0,0,0,0,1,0,0,,,,,,,,,,,,,,,,,,,,,,,,,,,,,,,,,,,,
B1438,0,0,0,0,0,0,0,0,0,0,0,0,0,0,0,0,0,1,0,0,,,,,,,,,,,,,,,,,,,,,,,,,,,,,,,,,,,,
B1439,0,0,0,0,0,0,0,0,0,0,0,0,0,0,0,0,0,1,0,0,,,,,,,,,,,,,,,,,,,,,,,,,,,,,,,,,,,,
B143,0,0,0,0,0,1,0,0,1,1,0,1,0,0,0,0,0,0,1,0,,,,,,,,,0,0,,,,,0,1,,,,,1,,,,,0,,,,,,,,,,
B1440,0,0,0,0,0,0,0,0,0,0,0,0,0,0,0,0,0,1,0,0,,,,,,,,,,,,,,,,,,,,,,,,,,,,,,,,,,,,
B1441,0,0,0,0,0,0,0,0,0,0,0,0,0,0,0,0,0,1,0,0,,,,,,,,,,,,,,,,,,,,,,,,,,,,,,,,,,,,
B1442,0,0,0,0,0,0,0,0,0,0,0,0,0,0,0,0,0,1,0,0,,,,,,,,,,,,,,,,,,,,,,,,,,,,,,,,,,,,
B1443,0,0,0,0,0,0,0,0,0,0,0,0,0,0,0,0,0,1,0,0,,,,,,,,,,,,,,,,,,,,,,,,,,,,,,,,,,,,
B1444,0,0,0,0,0,0,0,0,0,0,0,0,0,0,0,0,0,1,0,0,,,,,,,,,,,,,,,,,,,,,,,,,,,,,,,,,,,,
B1445,0,0,0,0,0,0,0,0,0,0,0,0,0,0,0,0,0,1,0,0,,,,,,,,,,,,,,,,,,,,,,,,,,,,,,,,,,,,
B1446,0,0,0,0,0,0,0,0,0,0,0,0,0,0,0,0,0,1,0,0,,,,,,,,,,,,,,,,,,,,,,,,,,,,,,,,,,,,
B1447,0,0,0,0,0,0,0,0,0,0,0,0,0,0,0,0,0,1,0,0,,,,,,,,,,,,,,,,,,,,,,,,,,,,,,,,,,,,
B1448,0,0,0,0,0,0,0,0,0,0,0,0,0,0,0,0,0,1,0,0,,,,,,,,,,,,,,,,,,,,,,,,,,,,,,,,,,,,
B1449,0,0,0,0,0,0,0,0,0,0,0,0,0,0,0,0,0,1,0,0,,,,,,,,,,,,,,,,,,,,,,,,,,,,,,,,,,,,
B144,0,0,0,0,0,0,0,0,0,1,0,1,1,1,0,0,1,0,0,0,,,,,,,,,,,,,,,,0,1,1,0,,,1,1,1,,,0,0,,,0,,,,,
B1450,0,0,0,0,0,0,0,0,0,0,0,0,0,0,0,0,0,1,0,0,,,,,,,,,,,,,,,,,,,,,,,,,,,,,,,,,,,,
B1451,0,0,0,0,0,0,0,0,0,0,0,0,0,0,0,0,0,1,0,0,,,,,,,,,,,,,,,,,,,,,,,,,,,,,,,,,,,,
B1452,0,0,0,0,0,0,0,0,0,0,0,0,0,0,0,0,0,1,0,0,,,,,,,,,,,,,,,,,,,,,,,,,,,,,,,,,,,,
B1453,0,0,0,0,0,0,0,0,0,0,0,0,0,0,0,0,0,1,0,0,,,,,,,,,,,,,,,,,,,,,,,,,,,,,,,,,,,,
B1454,0,0,0,0,0,0,0,0,0,0,0,0,0,0,0,0,0,1,0,0,,,,,,,,,,,,,,,,,,,,,,,,,,,,,,,,,,,,
B1455,0,0,0,0,0,0,0,0,0,0,0,0,0,0,0,0,0,1,0,0,,,,,,,,,,,,,,,,,,,,,,,,,,,,,,,,,,,,
B1456,0,0,0,0,0,0,0,0,0,0,0,0,0,0,0,0,0,1,0,0,,,,,,,,,,,,,,,,,,,,,,,,,,,,,,,,,,,,
B1457,0,0,0,0,0,0,0,0,0,0,0,0,0,0,0,0,0,1,0,0,,,,,,,,,,,,,,,,,,,,,,,,,,,,,,,,,,,,
B1458,0,0,0,0,0,0,0,0,0,0,0,0,0,0,0,0,0,1,0,0,,,,,,,,,,,,,,,,,,,,,,,,,,,,,,,,,,,,
B1459,0,0,0,0,0,0,0,0,0,0,0,0,0,0,0,0,0,1,0,0,,,,,,,,,,,,,,,,,,,,,,,,,,,,,,,,,,,,
B145,0,0,0,0,0,0,0,0,0,0,0,0,0,0,0,0,0,0,0,0,,,,,,,,,,,,,,,,,,,,,,,,,,,,,,,,,,,,
B1460,0,0,0,0,0,0,0,0,0,0,0,0,0,0,0,0,0,1,0,0,,,,,,,,,,,,,,,,,,,,,,,,,,,,,,,,,,,,
B1461,0,0,0,0,0,0,0,0,0,0,0,0,0,0,0,0,0,1,0,0,,,,,,,,,,,,,,,,,,,,,,,,,,,,,,,,,,,,
B1462,0,0,0,0,0,0,0,0,0,0,0,0,0,0,0,0,0,1,0,0,,,,,,,,,,,,,,,,,,,,,,,,,,,,,,,,,,,,
B1463,0,0,0,0,0,0,0,0,0,0,0,0,0,0,0,0,0,1,0,0,,,,,,,,,,,,,,,,,,,,,,,,,,,,,,,,,,,,
B1464,0,0,0,0,0,0,0,0,0,0,0,0,0,0,0,0,0,1,0,0,,,,,,,,,,,,,,,,,,,,,,,,,,,,,,,,,,,,
B1465,0,0,0,0,0,0,0,0,0,0,0,0,0,0,0,0,0,1,0,0,,,,,,,,,,,,,,,,,,,,,,,,,,,,,,,,,,,,
B1466,0,0,0,0,0,0,0,0,0,0,0,0,0,0,0,0,0,1,0,0,,,,,,,,,,,,,,,,,,,,,,,,,,,,,,,,,,,,
B1467,0,0,0,0,0,0,0,1,0,1,0,1,1,1,0,0,1,1,1,0,,0,1,1,1,1,1,0,,,,,,,,1,1,1,1,1,0,1,1,0,1,0,1,0,1,0,0,1,0,1,0,0
B1468,0,0,0,0,0,0,0,1,0,1,0,1,1,1,0,0,1,0,1,0,,0,1,1,1,1,,0,,,,,,,,1,1,1,1,,0,1,1,0,,0,1,0,,0,0,,0,,0,
B1469,0,0,0,0,0,0,0,1,1,1,0,1,1,1,0,0,1,0,1,0,1,0,1,1,1,1,,0,0,0,0,0,0,,0,1,1,1,1,,0,1,1,0,,0,1,0,,0,0,,0,,0,
B146,0,0,0,0,0,0,0,0,0,0,0,1,1,1,0,0,1,0,0,1,,,,,,,,,,,,,,,,,,,,,,1,1,1,,,1,1,,,0,,,,,
B1470,0,0,0,0,0,0,0,1,0,1,0,1,1,1,0,0,1,0,1,0,,0,1,1,1,1,,0,,,,,,,,1,1,1,1,,0,1,1,0,,0,1,0,,0,0,,0,,0,
B1471,0,0,0,0,0,0,0,0,1,1,0,1,1,1,0,0,1,1,1,0,,,,,,,,,0,0,0,0,0,0,0,1,1,1,1,1,0,1,1,0,1,0,1,0,1,0,0,1,0,1,0,0
B1472,0,0,0,0,0,0,0,1,1,1,1,1,1,1,0,0,1,0,1,0,1,0,1,1,1,1,,0,0,1,1,1,1,,0,1,1,1,1,,0,1,1,0,,0,1,0,,0,0,,0,,0,
B1473,0,0,0,0,0,0,0,1,0,1,0,1,1,1,0,0,1,0,1,0,,0,1,1,1,1,,0,,,,,,,,1,1,1,1,,0,1,1,0,,0,1,0,,0,0,,0,,0,
B1474,0,0,0,0,0,0,0,1,0,1,1,1,1,1,0,0,1,1,1,0,,0,1,1,1,1,1,0,,,,,,,,1,1,1,1,1,0,1,1,0,1,0,1,0,1,0,0,1,0,1,0,0
B1475,0,0,0,0,0,0,0,1,1,1,0,1,1,1,0,0,1,0,1,0,1,0,1,1,1,1,,0,0,0,0,0,0,,0,1,1,1,1,,0,1,1,0,,0,1,0,,0,0,,0,,0,
B1476,0,0,0,0,0,0,0,1,0,1,0,1,1,1,0,0,1,0,1,0,,0,1,1,1,1,,0,,,,,,,,1,1,1,1,,0,1,1,0,,0,1,0,,0,0,,0,,0,
B1477,0,0,0,0,0,0,0,1,0,1,1,1,1,1,0,0,1,1,1,0,,0,1,1,1,1,1,0,,,,,,,,1,1,1,1,1,0,1,1,0,1,0,1,0,1,0,0,1,0,1,0,0
B1478,0,0,0,0,0,0,0,1,0,1,0,1,1,1,0,0,1,0,1,0,,0,1,1,1,1,,0,,,,,,,,1,1,1,1,,0,1,1,0,,0,1,0,,0,0,,0,,0,
B1479,0,0,0,0,0,0,0,1,0,1,0,1,1,1,0,0,1,1,1,0,,0,1,1,1,1,1,0,,,,,,,,1,1,1,1,1,0,1,1,0,1,0,1,0,1,0,0,1,0,1,0,0
B147,0,0,0,0,0,0,0,0,0,0,0,0,0,0,0,0,0,0,0,0,,,,,,,,,,,,,,,,,,,,,,,,,,,,,,,,,,,,
B1480,0,0,0,0,0,0,0,1,1,1,0,1,1,1,0,0,1,1,1,0,0,0,0,1,1,1,0,0,1,0,1,1,1,0,1,0,1,1,1,0,0,1,1,1,0,1,1,0,0,0,0,0,0,0,0,1
B1481,0,0,0,0,0,0,0,1,0,1,1,1,1,1,0,0,1,0,1,0,,0,1,1,1,1,,0,,,,,,,,1,1,1,1,,0,1,1,0,,0,1,0,,0,0,,0,,0,
B1482,0,0,0,0,0,0,0,1,0,1,0,1,1,1,0,0,1,0,1,0,,0,1,1,1,1,,0,,,,,,,,1,1,1,1,,0,1,1,0,,0,1,0,,0,0,,0,,0,
B1483,0,0,0,0,0,0,0,1,1,1,0,1,1,1,0,0,1,1,1,0,1,0,1,1,1,1,1,0,0,0,0,0,0,0,0,1,1,1,1,1,0,1,1,0,1,0,1,0,1,0,0,1,0,1,0,0
B1484,0,0,0,0,0,0,0,1,0,1,0,1,1,1,0,0,1,0,1,0,,1,1,1,1,1,,1,,,,,,,,1,1,1,1,,0,1,1,0,,0,1,0,,0,0,,0,,0,
B1485,0,0,0,0,0,0,0,1,1,1,1,1,1,1,0,0,1,1,1,0,1,1,1,1,1,1,1,1,0,0,0,0,0,0,0,1,1,1,1,1,0,1,1,0,1,0,1,0,1,0,0,1,0,1,0,0
B1486,0,0,0,0,0,0,0,0,0,0,0,0,0,0,0,0,0,0,0,0,,,,,,,,,,,,,,,,,,,,,,,,,,,,,,,,,,,,
B1487,0,0,0,0,0,0,0,1,0,1,0,1,1,1,0,0,1,1,1,0,,1,1,1,1,1,1,1,,,,,,,,1,1,1,1,1,0,1,1,0,1,0,1,0,1,0,0,1,0,1,0,0
B1488,0,0,0,0,0,0,0,1,0,1,0,0,1,1,0,0,1,0,1,0,,1,,1,1,1,,1,,,,,,,,,1,1,1,,0,,,,,,1,0,,0,0,,0,,0,
B1489,0,0,0,0,0,0,0,1,0,1,0,1,1,1,0,0,1,1,1,0,,1,1,1,1,1,1,1,,,,,,,,1,1,1,1,1,0,1,1,0,1,0,1,0,1,0,0,1,0,1,0,0
B148,0,0,0,0,0,0,0,1,0,1,0,1,1,0,0,0,0,0,0,0,,0,0,1,,,,,,,,,,,,0,1,,,,,1,,,,,,,,,,,,,,
B149,0,0,0,0,0,0,0,0,0,1,0,1,1,0,0,0,0,0,0,0,,,,,,,,,,,,,,,,0,0,,,,,1,,,,,,,,,,,,,,
B150,0,0,0,0,0,0,0,0,0,0,0,0,0,0,0,0,0,0,0,0,,,,,,,,,,,,,,,,,,,,,,,,,,,,,,,,,,,,
B151,0,0,0,0,0,1,0,0,1,1,0,1,0,0,0,0,0,1,1,1,,,,,,,,,0,0,,,,1,0,0,,,,1,0,,,,1,1,,,,,,,,,,0
B152,0,0,0,0,0,0,0,0,0,0,0,1,1,1,0,0,1,1,1,0,,,,,,,,,,,,,,,,,,,,,,1,1,1,0,0,1,0,0,0,0,0,0,0,0,1
B153,0,0,1,0,0,0,0,0,1,1,0,1,1,1,1,0,1,0,0,0,,,,,,,,,1,0,1,1,1,,,0,0,0,0,,,1,1,1,,,0,0,,,0,,,,,
B154,0,0,0,0,0,0,0,0,0,0,0,1,0,0,0,0,1,1,0,0,,,,,,,,,,,,,,,,,,,,,,,,1,0,,,,,,,,,0,,
B155,0,0,0,0,0,0,0,1,1,1,0,1,1,1,1,0,0,0,1,0,1,1,0,1,1,,,1,0,0,0,0,,,0,0,0,0,,,1,1,1,,,1,1,,,1,,,1,,,
B156,0,1,1,0,0,0,0,1,1,0,0,1,1,1,1,1,0,0,0,0,0,,1,1,1,,,,,1,1,1,,,,,,,,,,1,1,,,,1,,,,,,,,,
B157,0,0,0,0,0,0,0,0,0,1,1,1,1,1,1,0,1,0,1,0,,,,,,,,,,,,,,,,0,0,0,0,,0,1,1,0,,1,1,0,,1,0,,1,,1,
B158,0,0,0,0,0,0,0,0,0,0,0,0,0,0,0,0,0,0,0,0,,,,,,,,,,,,,,,,,,,,,,,,,,,,,,,,,,,,
B159,1,1,1,1,1,0,0,1,1,1,0,1,0,0,1,0,1,0,0,0,1,1,1,,,1,,,0,0,,,0,,,1,,,1,,,,,1,,,,,,,,,,,,
B160,0,0,0,0,0,0,0,0,1,0,0,0,0,0,1,0,0,1,0,1,,,,,,,,,,,,,,0,,,,,,,,,,,,,,,,,,,,,,
B161,0,0,0,0,0,0,0,0,0,0,0,1,1,1,0,1,1,0,0,0,,,,,,,,,,,,,,,,,,,,,,1,1,1,,,1,1,,,1,,,,,
B162,0,0,0,0,0,0,0,0,0,1,0,0,0,0,0,0,0,0,1,0,,,,,,,,,,,,,,,,,,,,,1,,,,,,,,,,,,,,,
B163,0,0,0,0,0,0,0,0,0,1,0,0,0,1,0,0,1,0,0,0,,,,,,,,,,,,,,,,,,1,1,,,,,,,,,,,,1,,,,,
B164,0,0,0,0,0,0,0,0,1,1,0,1,0,1,0,0,1,0,0,1,,,,,,,,,1,1,,1,1,,,1,,1,1,,,,1,1,,,,,,,1,,,,,
B165,0,0,0,0,0,0,0,1,0,0,0,0,0,0,0,0,0,0,0,0,,,,,,,,,,,,,,,,,,,,,,,,,,,,,,,,,,,,
B166,0,0,0,0,0,0,1,0,0,0,0,0,0,0,0,0,0,0,0,0,,,,,,,,,,,,,,,,,,,,,,,,,,,,,,,,,,,,
B167,0,0,0,0,0,0,0,1,1,1,1,1,1,1,0,0,1,1,1,0,1,1,1,1,1,1,1,1,0,0,0,0,0,0,0,1,1,1,1,1,1,1,1,1,1,0,0,0,0,0,0,0,0,0,0,0
B168,0,0,0,0,0,0,0,1,0,1,1,1,1,1,0,1,1,0,1,0,,1,1,1,1,1,,1,,,,,,,,0,0,0,0,,0,1,1,0,,1,1,0,,1,0,,1,,1,
B169,0,0,0,0,0,0,0,0,0,0,0,0,0,0,0,0,0,0,0,0,,,,,,,,,,,,,,,,,,,,,,,,,,,,,,,,,,,,
B170,0,0,0,0,0,0,0,0,0,1,0,0,0,0,0,0,0,0,0,0,,,,,,,,,,,,,,,,,,,,,,,,,,,,,,,,,,,,
B171,0,0,0,0,0,0,0,0,0,1,0,1,0,0,0,0,0,1,1,0,,,,,,,,,,,,,,,,0,,,,1,0,,,,1,1,,,,,,,,,,0
B172,0,0,0,0,0,0,0,0,0,0,0,0,0,0,0,0,0,0,0,0,,,,,,,,,,,,,,,,,,,,,,,,,,,,,,,,,,,,
B173,0,0,0,0,0,0,0,1,0,1,1,1,1,0,0,0,0,0,1,0,,0,1,1,,,,1,,,,,,,,1,1,,,,1,1,,,,1,,,,1,,,,,,
B174,0,0,0,0,0,0,0,0,0,1,0,0,0,0,0,0,0,1,0,0,,,,,,,,,,,,,,,,,,,,0,,,,,,,,,,,,,,,,
B175,0,0,0,0,0,0,0,0,0,0,0,1,1,1,0,0,1,1,0,0,,,,,,,,,,,,,,,,,,,,,,1,1,1,1,,1,0,0,,0,0,,0,,
B176,0,0,0,0,0,0,0,0,0,0,0,1,1,1,0,0,1,0,0,0,,,,,,,,,,,,,,,,,,,,,,1,1,1,,,0,0,,,0,,,,,
B177,0,0,0,0,0,0,0,0,0,0,0,0,0,0,0,0,0,0,0,0,,,,,,,,,,,,,,,,,,,,,,,,,,,,,,,,,,,,
B178,0,0,0,0,0,0,0,0,1,0,0,0,0,0,1,0,0,1,0,0,,,,,,,,,,,,,,0,,,,,,,,,,,,,,,,,,,,,,
B179,1,1,1,0,0,0,0,1,1,1,1,1,1,1,0,1,1,1,1,0,1,0,0,1,0,1,0,0,0,0,1,0,1,0,0,1,1,1,1,1,0,1,1,1,0,0,0,0,0,0,1,0,0,0,0,0
B180,0,1,0,0,0,0,0,1,1,1,0,1,1,0,1,0,0,1,1,0,1,1,0,1,,,1,0,0,0,1,,,1,0,0,1,,,1,0,1,,,1,1,,,0,0,,,,,,0
B181,0,0,0,0,0,0,0,0,0,0,0,1,1,0,1,0,0,1,0,0,,,,,,,,,,,,,,,,,,,,,,1,,,0,,,,0,,,,,,,
B182,0,0,0,0,0,0,0,1,0,1,1,1,1,1,0,1,1,0,1,0,,1,0,0,1,1,,0,,,,,,,,0,0,0,0,,0,1,1,1,,1,1,1,,0,0,,0,,0,
B183,0,0,0,0,0,0,0,0,0,0,0,1,1,1,0,0,1,0,0,0,,,,,,,,,,,,,,,,,,,,,,1,1,0,,,0,0,,,0,,,,,
B184,0,0,0,0,0,0,0,1,1,1,0,1,1,1,0,0,1,0,0,0,1,0,1,1,1,1,,,0,0,0,0,0,,,1,1,1,1,,,1,1,0,,,1,0,,,0,,,,,
B185,0,0,0,0,0,0,0,0,1,0,0,1,0,0,0,0,1,1,1,0,,,,,,,,,,1,,,1,1,1,,,,,,,,,1,1,1,,,,,,,,0,0,1
B186,0,0,0,0,0,0,0,0,0,0,0,1,0,0,0,0,0,0,0,0,,,,,,,,,,,,,,,,,,,,,,,,,,,,,,,,,,,,
B187,0,0,0,0,0,0,0,0,0,0,0,0,0,0,0,0,0,0,0,0,,,,,,,,,,,,,,,,,,,,,,,,,,,,,,,,,,,,
B188,0,0,0,0,0,0,0,1,1,1,0,1,1,1,0,0,1,1,0,0,1,1,1,1,1,1,1,,0,0,0,0,0,0,,0,0,0,0,0,,1,1,1,1,,0,0,0,,0,0,,0,,
B189,0,0,0,0,0,0,0,0,0,0,0,1,1,0,1,0,0,0,0,0,,,,,,,,,,,,,,,,,,,,,,1,,,,,,,,,,,,,,
B190,0,0,0,0,0,0,0,0,1,0,0,1,1,1,0,0,0,0,1,0,,,,,,,,,,0,0,0,,,0,,,,,,,1,1,,,1,0,,,1,,,1,,,
B191,0,0,0,0,0,0,0,0,1,0,0,0,0,0,0,0,0,0,0,0,,,,,,,,,,,,,,,,,,,,,,,,,,,,,,,,,,,,
B192,0,0,0,0,0,0,0,0,0,1,0,1,1,1,0,0,1,0,0,0,,,,,,,,,,,,,,,,0,1,1,0,,,1,1,1,,,1,0,,,0,,,,,
B193,0,0,0,0,0,0,0,0,1,0,0,1,1,0,0,0,1,0,0,0,,,,,,,,,,0,0,,0,,,,,,,,,1,,1,,,,1,,,,,,,,
B194,0,0,0,0,0,0,0,0,1,0,0,1,1,1,0,0,1,1,0,1,,,,,,,,,,0,0,0,0,0,,,,,,,,1,1,1,1,,1,1,1,,1,1,,1,,
B195,0,0,0,0,0,1,0,0,1,0,0,1,0,0,0,0,0,0,1,0,,,,,,,,,,0,,,,,0,,,,,,,,,,,1,,,,,,,,,,
B196,0,0,0,0,0,0,0,0,0,0,0,0,0,0,0,0,0,0,0,0,,,,,,,,,,,,,,,,,,,,,,,,,,,,,,,,,,,,
B197,0,0,0,0,0,0,0,0,0,1,0,0,0,0,0,0,0,0,0,0,,,,,,,,,,,,,,,,,,,,,,,,,,,,,,,,,,,,
B198,0,0,0,0,0,0,0,0,0,0,0,1,1,1,0,0,1,1,1,0,,,,,,,,,,,,,,,,,,,,,,1,1,1,0,0,0,0,0,0,0,0,0,0,0,1
B199,0,0,1,0,0,0,0,0,1,1,0,1,1,1,1,0,1,0,0,0,,,,,,,,,1,0,1,1,1,,,0,0,0,0,,,1,1,1,,,0,0,,,0,,,,,
B200,0,0,0,0,0,0,0,0,0,0,0,1,0,0,0,0,1,1,0,0,,,,,,,,,,,,,,,,,,,,,,,,1,0,,,,,,,,,0,,
B201,0,0,0,0,0,0,0,0,1,1,0,1,0,0,0,0,0,1,1,0,,,,,,,,,1,1,,,,1,1,1,,,,1,1,,,,0,1,,,,,,,,,,1
B202,0,0,0,0,0,0,0,0,0,1,1,1,1,1,1,0,1,0,1,0,,,,,,,,,,,,,,,,0,0,0,0,,0,1,1,0,,1,1,0,,1,0,,0,,1,
B203,0,0,0,0,0,0,0,0,1,0,0,0,0,0,0,0,0,1,0,0,,,,,,,,,,,,,,0,,,,,,,,,,,,,,,,,,,,,,
B204,0,0,0,0,0,1,0,1,1,1,0,1,1,1,1,0,1,0,1,0,1,0,0,1,1,1,,0,0,0,0,0,0,,0,1,1,1,1,,1,1,1,1,,0,1,1,,0,1,,0,,0,
B205,0,0,0,0,0,0,0,0,0,0,0,1,0,0,0,0,0,0,0,0,,,,,,,,,,,,,,,,,,,,,,,,,,,,,,,,,,,,
B206,0,0,0,0,0,0,0,0,1,1,0,0,0,0,0,0,0,0,1,0,,,,,,,,,0,,,,,,0,,,,,,1,,,,,,,,,,,,,,,
B207,0,0,0,0,0,0,0,0,0,1,0,1,0,1,0,0,1,0,0,0,,,,,,,,,,,,,,,,0,,1,1,,,,1,1,,,,,,,1,,,,,
B208,0,0,0,0,0,0,0,0,1,1,0,1,0,1,0,0,1,0,0,1,,,,,,,,,1,1,,1,1,,,1,,1,1,,,,1,1,,,,,,,1,,,,,
B209,0,0,0,0,0,0,0,0,0,0,0,0,0,0,0,0,0,0,0,0,,,,,,,,,,,,,,,,,,,,,,,,,,,,,,,,,,,,
B210,0,0,0,0,0,0,1,0,0,0,0,0,0,0,0,0,0,0,0,0,,,,,,,,,,,,,,,,,,,,,,,,,,,,,,,,,,,,
B211,0,0,0,0,0,0,0,1,1,1,0,0,0,0,0,0,0,1,1,0,1,1,,,,,1,1,1,,,,,1,1,,,,,1,1,,,,,,,,,,,,,,,0
B212,0,0,0,0,0,0,0,1,0,1,1,1,1,1,0,1,1,0,1,0,,1,1,1,1,1,,1,,,,,,,,0,0,0,0,,0,1,1,0,,1,1,0,,0,0,,0,,1,
B213,0,1,0,0,0,0,0,1,1,1,1,1,1,1,0,0,1,1,1,0,1,0,0,1,1,1,0,1,0,0,0,0,0,0,0,0,1,1,1,0,1,1,1,1,1,1,1,0,0,1,0,0,1,0,1,1
B214,0,0,0,0,0,0,0,1,1,1,0,1,1,1,0,1,1,1,1,0,1,0,0,1,1,1,0,0,0,0,1,1,1,0,0,0,1,1,1,0,0,1,1,1,1,1,0,1,0,0,1,0,0,0,0,1
B215,0,0,0,0,0,0,0,0,0,0,0,0,0,0,0,0,0,0,0,0,,,,,,,,,,,,,,,,,,,,,,,,,,,,,,,,,,,,
B216,0,0,0,0,0,0,0,0,0,0,0,0,0,0,0,0,0,0,0,0,,,,,,,,,,,,,,,,,,,,,,,,,,,,,,,,,,,,
B217,0,0,0,0,0,0,0,0,0,0,0,1,1,1,0,0,1,1,0,0,,,,,,,,,,,,,,,,,,,,,,1,1,1,1,,1,0,0,,0,0,,0,,
B218,0,0,0,0,0,0,0,0,0,0,0,1,0,1,0,0,1,1,0,0,,,,,,,,,,,,,,,,,,,,,,,1,1,0,,,,,,1,0,,0,,
B219,0,0,0,0,0,0,0,0,0,0,0,0,0,0,0,0,0,0,0,0,,,,,,,,,,,,,,,,,,,,,,,,,,,,,,,,,,,,
B220,0,0,0,0,0,0,0,0,1,1,0,0,1,0,0,0,0,0,0,0,,,,,,,,,0,,0,,,,,,1,,,,,,,,,,,,,,,,,,,
B221,0,0,0,0,1,0,0,1,1,1,0,1,1,0,1,0,0,1,1,0,1,1,0,1,,,0,0,0,0,0,,,0,0,0,0,,,0,0,1,,,0,1,,,0,0,,,,,,1
B222,0,0,0,0,0,0,0,1,0,1,1,1,1,1,0,1,1,0,1,0,,1,0,0,1,1,,0,,,,,,,,0,0,0,0,,0,1,1,1,,1,1,1,,0,0,,0,,0,
B223,0,0,0,0,0,0,0,0,0,0,0,0,0,0,0,0,0,0,0,0,,,,,,,,,,,,,,,,,,,,,,,,,,,,,,,,,,,,
B224,0,0,0,0,0,0,0,0,1,0,0,1,0,0,1,0,0,0,0,0,,,,,,,,,,0,,,,,,,,,,,,,,,,,,,,,,,,,,
B225,0,1,0,0,0,0,0,0,1,1,0,1,1,0,1,1,0,0,0,0,,,,,,,,,1,0,0,,,,,0,0,,,,,1,,,,,,,,,,,,,,
B226,0,0,0,0,0,1,0,1,1,1,0,1,1,1,1,0,0,0,1,1,0,0,0,1,1,,,0,1,0,1,1,,,1,0,1,1,,,0,1,1,,,1,1,,,0,,,0,,,
B227,0,0,0,0,0,0,0,0,0,0,0,0,0,0,0,0,0,0,0,0,,,,,,,,,,,,,,,,,,,,,,,,,,,,,,,,,,,,
B228,0,0,0,0,0,0,0,1,1,1,0,1,1,1,0,0,1,1,0,0,1,1,1,1,1,1,1,,0,0,0,0,0,0,,0,0,0,0,0,,1,1,1,1,,0,0,0,,0,0,,0,,
B229,0,0,0,0,1,0,0,0,1,0,0,1,1,1,0,0,0,0,0,0,,,,,,,,,,0,0,0,,,,,,,,,,1,1,,,,0,,,,,,,,,
B230,0,0,0,0,0,1,0,0,1,1,0,1,0,0,0,0,0,1,0,0,,,,,,,,,1,1,,,,1,,0,,,,1,,,,,1,,,,,,,,,,,
B231,0,0,0,0,0,0,0,0,0,1,0,1,1,1,0,0,1,0,0,0,,,,,,,,,,,,,,,,0,1,1,0,,,1,1,1,,,1,0,,,0,,,,,
B232,0,0,0,0,0,0,0,0,1,0,0,1,1,0,0,0,1,0,0,0,,,,,,,,,,0,0,,0,,,,,,,,,1,,1,,,,1,,,,,,,,
B233,0,0,0,0,0,0,0,0,0,0,0,0,0,0,0,0,0,0,0,1,,,,,,,,,,,,,,,,,,,,,,,,,,,,,,,,,,,,
B234,0,0,0,0,0,0,0,0,0,0,0,0,0,0,0,0,0,1,0,0,,,,,,,,,,,,,,,,,,,,,,,,,,,,,,,,,,,,
B235,0,0,0,0,0,0,0,0,0,0,0,0,0,0,0,0,0,0,0,0,,,,,,,,,,,,,,,,,,,,,,,,,,,,,,,,,,,,
B236,0,0,1,0,0,0,0,0,1,1,0,1,1,1,1,0,1,0,0,0,,,,,,,,,1,0,1,1,1,,,0,0,0,0,,,1,1,1,,,0,0,,,0,,,,,
B237,0,0,0,0,0,0,0,0,0,0,0,0,0,0,0,0,0,0,0,0,,,,,,,,,,,,,,,,,,,,,,,,,,,,,,,,,,,,
B238,0,0,0,0,0,0,0,0,0,1,1,1,1,1,1,0,1,0,1,0,,,,,,,,,,,,,,,,0,0,0,0,,0,1,1,0,,1,1,0,,0,0,,0,,1,
B239,0,0,0,0,0,0,0,0,0,0,0,0,0,0,0,0,0,0,0,0,,,,,,,,,,,,,,,,,,,,,,,,,,,,,,,,,,,,
B240,0,0,0,0,0,1,0,1,0,1,0,1,1,1,1,0,1,0,1,0,,0,0,1,1,1,,0,,,,,,,,1,1,1,1,,1,1,1,1,,0,1,1,,0,1,,0,,0,
B241,0,0,0,0,0,0,0,0,0,0,0,1,0,0,0,0,1,0,0,0,,,,,,,,,,,,,,,,,,,,,,,,1,,,,,,,,,,,,
B242,0,0,0,0,0,0,0,0,0,0,0,0,0,0,0,0,0,0,1,0,,,,,,,,,,,,,,,,,,,,,,,,,,,,,,,,,,,,
B243,0,0,0,0,0,0,0,0,1,1,0,1,0,1,0,0,1,1,1,0,,,,,,,,,0,0,,1,1,1,0,0,,1,1,1,0,,1,1,1,1,,,,,1,1,0,1,0,0
B244,0,0,0,0,0,0,0,0,1,1,0,1,0,1,0,0,1,0,0,1,,,,,,,,,1,1,,1,1,,,1,,1,1,,,,1,1,,,,,,,1,,,,,
B245,0,0,0,0,0,0,0,0,0,0,0,0,0,0,0,0,0,0,0,0,,,,,,,,,,,,,,,,,,,,,,,,,,,,,,,,,,,,
B246,0,0,0,0,0,0,0,0,0,0,0,0,0,0,0,0,0,0,0,0,,,,,,,,,,,,,,,,,,,,,,,,,,,,,,,,,,,,
B247,0,0,0,0,0,0,0,1,0,1,1,1,1,1,0,1,1,0,1,0,,1,1,1,1,1,,1,,,,,,,,0,0,0,0,,0,1,1,0,,1,1,0,,1,0,,1,,1,
B248,0,0,0,0,0,0,0,1,1,0,0,0,0,0,0,0,0,1,0,0,1,,,,,,0,,,,,,,0,,,,,,,,,,,,,,,,,,,,,,
B249,0,0,0,0,0,0,0,1,1,1,0,1,1,1,0,1,1,1,1,0,1,0,0,1,1,1,0,0,0,0,1,1,1,0,0,0,1,1,1,0,0,1,1,1,1,1,0,1,0,0,1,0,0,0,0,1
B250,0,0,0,0,0,0,0,0,0,0,0,0,0,0,0,0,0,0,0,0,,,,,,,,,,,,,,,,,,,,,,,,,,,,,,,,,,,,
B251,0,0,0,0,0,0,0,0,0,0,0,1,1,1,0,0,1,1,0,0,,,,,,,,,,,,,,,,,,,,,,1,1,1,1,,1,0,0,,0,0,,0,,
B252,0,0,0,0,0,0,0,0,0,0,0,1,0,1,0,0,1,1,0,0,,,,,,,,,,,,,,,,,,,,,,,1,1,0,,,,,,1,0,,0,,
B253,0,0,0,0,0,0,0,0,0,0,0,0,0,0,0,0,0,0,0,0,,,,,,,,,,,,,,,,,,,,,,,,,,,,,,,,,,,,
B254,0,0,0,0,0,0,0,0,1,1,1,1,1,1,1,0,1,0,1,0,,,,,,,,,0,0,0,0,0,,0,0,0,0,0,,0,1,1,1,,1,1,1,,0,0,,0,,0,
B255,0,0,0,0,0,0,0,0,0,0,0,0,0,0,0,0,0,0,0,0,,,,,,,,,,,,,,,,,,,,,,,,,,,,,,,,,,,,
B256,0,0,0,0,0,0,0,0,0,0,0,1,1,1,0,0,1,0,0,0,,,,,,,,,,,,,,,,,,,,,,1,1,0,,,1,0,,,0,,,,,
B257,0,0,0,0,0,0,0,0,0,0,0,0,0,0,0,0,0,0,0,0,,,,,,,,,,,,,,,,,,,,,,,,,,,,,,,,,,,,
B258,0,0,0,0,0,0,0,1,1,1,0,1,1,1,0,0,1,1,0,0,1,1,1,1,1,1,1,,0,0,0,0,0,0,,0,0,0,0,0,,1,1,1,1,,0,0,0,,0,0,,0,,
B259,0,0,0,0,1,0,0,0,1,0,0,1,1,1,0,0,0,0,0,0,,,,,,,,,,0,0,0,,,,,,,,,,1,1,,,,0,,,,,,,,,
B260,0,0,0,0,0,0,0,0,0,0,0,0,0,0,0,0,0,0,0,0,,,,,,,,,,,,,,,,,,,,,,,,,,,,,,,,,,,,
B261,0,0,0,0,0,0,0,0,0,1,0,1,1,1,0,0,1,0,0,0,,,,,,,,,,,,,,,,0,1,1,0,,,1,1,1,,,1,0,,,0,,,,,
B262,0,0,0,0,0,0,0,0,1,1,1,1,1,0,0,1,1,0,1,0,,,,,,,,,0,0,1,,1,,0,1,1,,1,,1,1,,1,,1,,0,,0,,,,,0,
B263,0,0,0,0,0,0,0,0,0,0,0,1,1,1,0,0,1,1,0,1,,,,,,,,,,,,,,,,,,,,,,0,0,1,1,,1,1,1,,1,1,,1,,
B264,0,0,0,0,0,0,0,0,0,0,0,0,0,0,0,0,0,1,0,0,,,,,,,,,,,,,,,,,,,,,,,,,,,,,,,,,,,,
B265,0,0,0,0,0,0,0,0,0,0,0,1,1,1,0,0,1,0,0,0,,,,,,,,,,,,,,,,,,,,,,1,1,1,,,1,0,,,0,,,,,
B266,0,0,0,0,0,0,0,0,1,1,0,0,0,0,0,0,0,1,0,0,,,,,,,,,0,,,,,0,,,,,,0,,,,,,,,,,,,,,,,
B267,0,0,0,0,0,0,0,0,0,1,1,1,1,1,1,0,1,0,1,0,,,,,,,,,,,,,,,,0,0,0,0,,0,1,1,0,,1,0,0,,0,0,,0,,1,
B268,0,0,0,0,0,0,0,0,1,0,0,0,0,0,0,0,0,1,0,0,,,,,,,,,,,,,,0,,,,,,,,,,,,,,,,,,,,,,
B269,0,0,0,0,0,1,0,1,0,1,0,1,1,1,1,0,1,1,1,0,,0,0,1,1,1,0,0,,,,,,,,1,1,1,1,1,1,1,1,1,1,0,1,1,0,0,1,0,0,0,0,0
B270,0,0,0,0,0,0,0,0,0,0,0,1,0,0,0,1,1,0,0,0,,,,,,,,,,,,,,,,,,,,,,,,1,,,,,,,,,,,,
B271,0,0,0,0,0,0,0,0,1,1,0,0,0,0,0,0,0,0,1,0,,,,,,,,,0,,,,,,0,,,,,,1,,,,,,,,,,,,,,,
B272,0,0,0,0,0,0,0,0,1,1,0,1,0,1,0,0,1,1,1,0,,,,,,,,,0,0,,1,1,1,0,0,,1,1,1,0,,1,1,1,1,,,,,1,1,0,1,0,0
B273,0,0,0,0,0,0,0,0,0,0,0,0,0,0,0,0,0,0,0,0,,,,,,,,,,,,,,,,,,,,,,,,,,,,,,,,,,,,
B274,0,0,0,0,0,0,1,0,0,0,0,0,0,0,0,0,0,0,0,0,,,,,,,,,,,,,,,,,,,,,,,,,,,,,,,,,,,,
B275,0,0,0,0,0,0,0,1,0,1,1,1,1,1,0,1,1,0,1,0,,1,1,1,1,1,,1,,,,,,,,0,0,0,0,,0,1,1,0,,1,1,0,,1,0,,1,,1,
B276,0,0,0,0,0,0,0,0,0,0,0,0,0,0,0,0,0,0,0,0,,,,,,,,,,,,,,,,,,,,,,,,,,,,,,,,,,,,
B277,0,0,0,0,0,0,0,0,0,0,0,0,0,0,0,0,0,0,0,0,,,,,,,,,,,,,,,,,,,,,,,,,,,,,,,,,,,,
B278,0,0,0,0,0,0,0,1,0,0,0,1,1,1,0,1,1,0,0,0,,,1,1,1,1,,,,,,,,,,,,,,,,1,1,0,,,1,0,,,0,,,,,
B279,0,0,0,0,0,0,0,0,0,0,0,1,1,1,0,0,1,1,0,0,,,,,,,,,,,,,,,,,,,,,,1,1,1,1,,1,0,0,,0,0,,0,,
B280,0,0,0,0,0,0,0,0,0,0,0,0,0,0,0,0,0,0,0,0,,,,,,,,,,,,,,,,,,,,,,,,,,,,,,,,,,,,
B281,0,0,0,0,0,0,0,0,1,1,0,0,0,0,0,0,0,0,0,0,,,,,,,,,0,,,,,,,,,,,,,,,,,,,,,,,,,,,
B282,0,0,0,0,0,0,0,0,0,1,1,1,1,1,1,0,1,0,1,0,,,,,,,,,,,,,,,,0,0,0,0,,0,1,1,1,,1,1,1,,0,0,,0,,0,
B283,0,0,0,0,0,0,0,0,0,0,0,1,1,1,0,0,1,0,0,0,,,,,,,,,,,,,,,,,,,,,,1,1,0,,,1,0,,,0,,,,,
B284,0,0,0,0,0,0,0,0,0,0,0,0,0,0,0,0,0,0,0,0,,,,,,,,,,,,,,,,,,,,,,,,,,,,,,,,,,,,
B285,0,0,0,0,0,0,0,1,1,1,0,1,1,1,0,0,1,1,0,0,1,1,1,1,1,1,1,,0,0,0,0,0,0,,0,0,0,0,0,,1,1,1,1,,0,0,0,,0,0,,0,,
B286,0,0,0,0,0,0,0,0,0,0,0,1,1,1,0,0,0,0,0,0,,,,,,,,,,,,,,,,,,,,,,1,1,,,,0,,,,,,,,,
B287,0,0,0,0,0,0,0,0,0,1,0,0,1,0,1,0,0,0,0,1,,,,,,,,,,,,,,,,,0,,,,,,,,,,,,,,,,,,,
B288,0,0,0,0,0,0,0,0,0,1,0,1,1,1,0,0,1,0,0,0,,,,,,,,,,,,,,,,0,1,1,0,,,1,1,1,,,1,0,,,0,,,,,
B289,0,0,0,0,1,0,0,0,1,0,0,1,1,0,0,0,1,0,0,0,,,,,,,,,,0,0,,0,,,,,,,,,1,,1,,,,0,,,,,,,,
B290,0,0,0,0,0,0,0,0,0,0,0,1,1,1,0,0,1,0,0,0,,,,,,,,,,,,,,,,,,,,,,1,1,1,,,1,0,,,0,,,,,
B291,0,0,0,0,0,0,0,0,1,1,0,1,1,0,1,0,0,0,0,1,,,,,,,,,0,1,1,,,,,1,1,,,,,1,,,,,,,,,,,,,,
B292,0,0,0,0,0,0,0,0,0,1,1,1,1,1,1,0,1,0,1,0,,,,,,,,,,,,,,,,0,0,0,0,,0,1,1,0,,1,0,0,,0,0,,0,,1,
B293,0,0,0,0,0,1,0,1,0,1,0,1,0,0,0,0,0,1,1,0,,0,0,,,,0,0,,,,,,,,1,,,,1,1,,,,1,0,,,,,,,,,,0
B294,0,0,0,0,0,0,0,0,0,1,0,0,0,0,0,0,0,0,1,0,,,,,,,,,,,,,,,,,,,,,1,,,,,,,,,,,,,,,
B295,0,0,0,0,0,0,0,0,1,1,0,1,0,1,0,0,1,1,1,0,,,,,,,,,0,0,,1,1,1,0,0,,1,1,1,0,,1,1,1,1,,,,,1,1,0,1,0,0
B296,0,0,0,0,0,0,0,0,0,0,0,0,0,0,0,0,0,0,0,0,,,,,,,,,,,,,,,,,,,,,,,,,,,,,,,,,,,,
B297,0,0,0,0,0,0,1,0,0,0,0,0,0,0,0,0,0,0,0,0,,,,,,,,,,,,,,,,,,,,,,,,,,,,,,,,,,,,
B298,0,0,0,0,0,0,0,1,0,1,1,1,1,1,0,1,1,0,1,0,,1,1,1,1,1,,1,,,,,,,,0,0,0,0,,0,1,1,0,,1,1,0,,0,0,,0,,1,
B299,0,0,0,0,0,0,0,0,0,0,0,0,0,0,0,0,0,0,0,0,,,,,,,,,,,,,,,,,,,,,,,,,,,,,,,,,,,,
B300,0,0,0,0,0,0,0,1,1,1,0,1,1,1,0,1,1,1,1,0,1,0,0,1,1,1,0,0,0,0,1,1,1,0,0,0,1,1,1,0,0,1,1,1,1,1,0,1,0,0,1,0,0,0,0,1
B301,0,0,0,0,0,0,0,1,0,0,0,1,1,1,0,1,1,0,0,0,,,1,1,1,1,,,,,,,,,,,,,,,,1,1,0,,,1,0,,,0,,,,,
B302,0,0,0,0,0,0,0,0,0,0,0,1,1,1,0,0,1,1,0,0,,,,,,,,,,,,,,,,,,,,,,1,1,1,1,,1,0,0,,0,0,,0,,
B303,0,0,0,0,0,0,0,1,1,1,0,1,0,1,0,0,1,1,0,0,1,1,1,,1,1,0,,1,1,,1,1,0,,1,,1,1,0,,,1,1,0,,,,,,1,0,,0,,
B304,0,0,0,0,0,0,0,0,1,1,0,0,1,0,0,0,0,0,0,0,,,,,,,,,0,,0,,,,,,1,,,,,,,,,,,,,,,,,,,
B305,0,0,0,0,0,0,0,0,0,1,1,1,1,1,1,0,1,0,1,0,,,,,,,,,,,,,,,,0,0,0,0,,0,1,1,1,,1,1,1,,0,0,,0,,0,
B306,0,0,0,0,0,0,0,0,0,0,0,0,0,0,0,0,0,0,0,0,,,,,,,,,,,,,,,,,,,,,,,,,,,,,,,,,,,,
B307,0,0,0,0,0,0,0,0,0,0,0,0,0,0,0,0,0,0,0,0,,,,,,,,,,,,,,,,,,,,,,,,,,,,,,,,,,,,
B308,0,0,0,0,0,0,0,1,1,1,0,1,1,1,0,0,1,1,0,0,1,1,1,1,1,1,1,,0,0,0,0,0,0,,0,0,0,0,0,,1,1,1,1,,0,0,0,,0,0,,0,,
B309,0,0,0,0,0,0,0,0,1,0,0,1,1,1,0,0,0,0,0,0,,,,,,,,,,0,0,0,,,,,,,,,,1,1,,,,0,,,,,,,,,
B310,0,0,0,0,0,0,0,0,0,0,0,0,0,0,0,0,0,0,0,1,,,,,,,,,,,,,,,,,,,,,,,,,,,,,,,,,,,,
B311,0,0,0,0,0,0,0,0,0,1,0,1,1,1,0,0,1,0,0,0,,,,,,,,,,,,,,,,0,1,1,0,,,1,1,1,,,1,0,,,0,,,,,
B312,0,0,0,0,0,0,0,0,1,1,1,1,1,0,0,1,1,0,1,0,,,,,,,,,0,0,1,,1,,0,1,1,,1,,1,1,,1,,1,,0,,0,,,,,0,
B313,0,0,0,0,0,0,0,0,0,0,0,0,1,1,1,0,1,0,0,0,,,,,,,,,,,,,,,,,,,,,,,,,,,0,0,,,0,,,,,
B314,0,0,0,0,0,0,0,1,1,0,0,0,0,0,0,0,0,1,1,0,1,,,,,,0,0,,,,,,0,0,,,,,,,,,,,,,,,,,,,,,1
B315,0,0,0,0,0,0,0,0,0,1,1,1,1,1,1,0,1,0,1,0,,,,,,,,,,,,,,,,0,0,0,0,,0,1,1,0,,1,1,0,,1,0,,0,,1,
B316,0,0,0,0,0,1,0,1,0,1,0,1,1,1,1,0,1,1,1,0,,0,0,1,1,1,0,0,,,,,,,,1,1,1,1,1,1,1,1,1,1,0,1,1,0,0,1,0,0,0,0,0
B317,0,0,0,0,0,0,0,0,0,1,0,0,0,0,0,0,0,0,1,0,,,,,,,,,,,,,,,,,,,,,1,,,,,,,,,,,,,,,
B318,0,0,0,0,0,0,0,0,1,1,0,1,0,1,0,0,1,1,1,0,,,,,,,,,0,0,,1,1,1,0,0,,1,1,1,0,,1,1,1,1,,,,,1,1,0,1,0,0
B319,0,0,0,0,0,0,0,0,0,0,0,0,0,0,0,0,0,0,0,0,,,,,,,,,,,,,,,,,,,,,,,,,,,,,,,,,,,,
B320,0,0,0,0,0,0,1,0,1,0,0,1,0,0,0,0,0,0,0,0,,,,,,,,,,0,,,,,,,,,,,,,,,,,,,,,,,,,,
B321,0,0,0,0,0,0,0,1,0,1,1,1,1,1,0,1,1,0,1,0,,1,1,1,1,1,,1,,,,,,,,0,0,0,0,,0,1,1,0,,1,0,0,,0,0,,1,,1,
B322,0,1,0,0,0,0,0,1,1,1,1,1,1,1,0,0,1,1,1,0,1,0,0,1,1,1,0,1,0,0,0,0,0,0,0,0,1,1,1,0,1,1,1,1,1,1,1,0,0,1,0,0,1,0,1,1
B323,0,0,0,0,0,0,0,1,1,1,0,1,1,1,0,1,1,1,1,0,1,0,0,1,1,1,0,0,0,0,1,1,1,0,0,0,1,1,1,0,0,1,1,1,1,1,0,1,0,0,1,0,0,0,0,1
B324,0,0,0,0,0,0,0,0,0,0,0,1,1,1,0,0,1,1,0,0,,,,,,,,,,,,,,,,,,,,,,1,1,1,1,,1,0,0,,0,0,,0,,
B325,0,0,0,0,0,0,0,0,1,1,0,0,0,0,0,0,0,0,0,0,,,,,,,,,0,,,,,,,,,,,,,,,,,,,,,,,,,,,
B326,0,0,0,0,0,0,0,0,1,0,0,1,1,1,0,0,1,0,0,0,,,,,,,,,,0,0,0,0,,,,,,,,,1,1,1,,,1,1,,,0,,,,,
B327,0,0,0,0,0,0,0,0,0,0,0,1,1,1,0,0,1,0,0,0,,,,,,,,,,,,,,,,,,,,,,1,1,0,,,1,0,,,0,,,,,
B328,0,0,0,0,0,0,0,0,1,0,0,0,0,0,0,0,0,0,0,0,,,,,,,,,,,,,,,,,,,,,,,,,,,,,,,,,,,,
B329,0,0,0,0,0,0,0,1,1,1,0,1,1,1,0,0,1,1,0,0,1,1,1,1,1,1,1,,0,0,0,0,0,0,,0,0,0,0,0,,1,1,1,1,,0,0,0,,0,0,,0,,
B330,0,0,0,0,0,0,0,0,0,0,0,0,0,0,0,0,0,0,0,0,,,,,,,,,,,,,,,,,,,,,,,,,,,,,,,,,,,,
B331,0,1,0,0,0,1,0,0,1,1,0,1,1,0,0,0,0,0,1,1,,,,,,,,,1,0,1,,,,0,0,1,,,,0,1,,,,0,,,,0,,,,,,
B332,0,0,0,0,0,0,0,0,0,1,0,1,1,1,0,0,1,0,0,0,,,,,,,,,,,,,,,,0,1,1,0,,,1,1,1,,,0,0,,,0,,,,,
B333,0,0,0,0,0,0,0,0,0,0,0,1,1,1,0,0,1,0,0,0,,,,,,,,,,,,,,,,,,,,,,1,1,1,,,1,0,,,0,,,,,
B334,1,0,0,0,0,0,0,0,0,1,1,1,1,1,1,0,1,0,1,0,,,,,,,,,,,,,,,,0,0,0,0,,0,1,1,0,,1,1,0,,1,0,,0,,1,
B335,1,1,0,0,0,1,0,1,1,1,0,0,0,0,0,0,0,1,1,0,1,0,,,,,1,0,0,,,,,1,0,,,,,1,1,,,,,,,,,,,,,,,0
B336,0,0,0,0,0,0,0,0,0,1,0,0,0,0,0,0,0,0,1,0,,,,,,,,,,,,,,,,,,,,,1,,,,,,,,,,,,,,,
B337,0,0,0,0,0,0,0,0,0,1,0,1,0,1,0,0,1,0,0,0,,,,,,,,,,,,,,,,0,,1,1,,,,1,1,,,,,,,1,,,,,
B338,0,0,0,0,0,0,0,1,0,0,0,0,0,0,0,0,0,0,0,0,,,,,,,,,,,,,,,,,,,,,,,,,,,,,,,,,,,,
B339,0,0,0,0,0,0,1,0,0,0,0,0,0,0,0,0,0,0,0,0,,,,,,,,,,,,,,,,,,,,,,,,,,,,,,,,,,,,
B340,0,0,0,0,0,0,0,1,0,1,1,1,1,1,0,1,1,0,1,0,,1,1,1,1,1,,1,,,,,,,,0,0,0,0,,0,1,1,0,,1,1,0,,1,0,,1,,1,
B341,0,0,0,0,0,0,0,0,0,1,0,0,0,0,0,0,0,0,0,0,,,,,,,,,,,,,,,,,,,,,,,,,,,,,,,,,,,,
B342,0,0,0,0,0,0,0,1,1,1,0,1,1,1,0,1,1,1,1,0,1,0,0,1,1,1,0,0,0,0,1,1,1,0,0,0,1,1,1,0,0,1,1,1,1,1,0,1,0,0,1,0,0,0,0,1
B343,0,0,0,0,0,0,0,0,0,0,0,1,1,1,0,0,1,1,0,0,,,,,,,,,,,,,,,,,,,,,,1,1,1,1,,1,0,0,,0,0,,0,,
B344,0,0,0,0,0,0,0,0,1,1,0,0,0,0,0,0,0,0,0,0,,,,,,,,,0,,,,,,,,,,,,,,,,,,,,,,,,,,,
B345,0,0,0,0,0,0,0,0,1,0,0,1,1,0,0,0,0,0,0,0,,,,,,,,,,0,0,,,,,,,,,,,1,,,,,,,,,,,,,,
B346,0,0,0,0,0,0,0,0,0,0,0,1,1,1,0,0,1,0,0,0,,,,,,,,,,,,,,,,,,,,,,1,1,0,,,1,0,,,0,,,,,
B347,0,0,0,0,0,0,0,0,0,0,0,0,0,0,0,0,0,0,0,0,,,,,,,,,,,,,,,,,,,,,,,,,,,,,,,,,,,,
B348,0,0,0,0,0,0,0,1,1,1,0,1,1,1,0,0,1,1,0,0,1,1,1,1,1,1,1,,0,0,0,0,0,0,,0,0,0,0,0,,1,1,1,1,,0,0,0,,0,0,,0,,
B349,0,0,0,0,1,0,0,0,1,0,0,1,1,1,0,0,0,0,0,0,,,,,,,,,,0,0,0,,,,,,,,,,1,1,,,,0,,,,,,,,,
B350,0,0,0,0,0,0,0,0,0,0,0,1,1,1,0,0,0,0,0,1,,,,,,,,,,,,,,,,,,,,,,1,1,,,,1,,,,,,,,,
B351,0,0,0,0,0,0,0,0,0,1,0,1,1,1,0,0,1,0,0,0,,,,,,,,,,,,,,,,0,1,1,0,,,1,1,1,,,0,0,,,0,,,,,
B352,0,0,0,0,0,0,0,0,0,0,0,0,1,1,0,0,1,1,0,0,,,,,,,,,,,,,,,,,,,,,,,,,,,1,1,1,,0,1,,1,,
B353,1,0,0,0,0,0,0,0,0,1,1,1,1,1,1,0,1,0,1,0,,,,,,,,,,,,,,,,0,0,0,0,,0,1,1,0,,1,1,0,,0,0,,0,,1,
B354,0,0,0,0,0,0,0,0,0,0,0,1,1,1,0,0,1,0,0,0,,,,,,,,,,,,,,,,,,,,,,1,1,1,,,0,0,,,0,,,,,
B355,0,0,0,0,0,0,0,0,0,1,1,1,0,1,0,0,1,0,1,0,,,,,,,,,,,,,,,,0,,1,1,,0,,1,1,,1,,,,,0,,0,,0,
B356,0,0,0,0,0,0,0,1,0,0,0,0,0,0,0,0,0,0,0,0,,,,,,,,,,,,,,,,,,,,,,,,,,,,,,,,,,,,
B357,0,0,0,0,0,0,1,0,0,0,0,0,0,0,0,0,0,0,0,0,,,,,,,,,,,,,,,,,,,,,,,,,,,,,,,,,,,,
B358,0,0,0,0,0,0,0,1,0,1,1,1,1,1,0,1,1,0,1,0,,1,1,1,1,1,,1,,,,,,,,0,0,0,0,,0,1,1,0,,1,1,0,,1,0,,1,,1,
B359,0,0,0,0,0,0,0,1,1,1,0,1,1,1,0,1,1,1,1,0,1,0,0,1,1,1,0,0,0,0,1,1,1,0,0,0,1,1,1,0,0,1,1,1,1,1,0,1,0,0,1,0,0,0,0,1
B35,0,0,0,0,0,0,0,0,1,1,0,0,0,0,0,0,0,1,1,0,,,,,,,,,0,,,,,0,0,,,,,0,0,,,,,,,,,,,,,,,0
B360,0,0,0,0,0,0,0,0,0,0,0,1,1,1,0,0,1,1,0,0,,,,,,,,,,,,,,,,,,,,,,1,1,1,1,,1,0,0,,0,0,,0,,
B361,0,0,0,0,0,0,0,0,1,1,0,0,0,0,0,0,0,0,0,0,,,,,,,,,0,,,,,,,,,,,,,,,,,,,,,,,,,,,
B362,0,0,0,0,0,0,0,0,1,0,0,1,1,0,0,0,0,0,0,1,,,,,,,,,,0,0,,,,,,,,,,,1,,,,,,,,,,,,,,
B363,0,0,0,0,0,0,0,0,0,0,0,0,0,0,0,0,0,0,0,0,,,,,,,,,,,,,,,,,,,,,,,,,,,,,,,,,,,,
B364,0,0,0,0,0,0,0,0,0,0,0,0,0,0,0,0,0,0,0,0,,,,,,,,,,,,,,,,,,,,,,,,,,,,,,,,,,,,
B365,0,0,0,0,0,0,0,1,1,1,0,1,1,1,0,0,1,1,0,0,1,1,1,1,1,1,1,,0,0,0,0,0,0,,0,0,0,0,0,,1,1,1,1,,0,0,0,,0,0,,0,,
B366,0,0,0,0,1,0,0,0,1,0,0,1,1,1,0,0,0,0,0,0,,,,,,,,,,0,0,0,,,,,,,,,,1,1,,,,0,,,,,,,,,
B367,0,0,0,0,0,0,0,1,0,0,0,0,0,0,0,0,0,0,0,0,,,,,,,,,,,,,,,,,,,,,,,,,,,,,,,,,,,,
B368,0,0,0,0,0,0,0,0,0,1,0,1,1,1,0,0,1,0,0,0,,,,,,,,,,,,,,,,0,1,1,0,,,1,1,1,,,1,0,,,0,,,,,
B369,0,0,0,0,0,0,0,0,0,0,0,1,1,1,0,0,1,1,0,0,,,,,,,,,,,,,,,,,,,,,,1,1,1,1,,1,1,1,,0,1,,1,,
B36,0,0,0,0,0,0,0,0,1,1,0,0,0,0,0,0,0,1,1,0,,,,,,,,,1,,,,,0,0,,,,,0,0,,,,,,,,,,,,,,,0
B370,0,0,0,0,0,0,0,0,0,1,1,1,1,1,0,1,1,0,1,0,,,,,,,,,,,,,,,,0,0,0,0,,0,1,1,0,,1,1,0,,1,0,,1,,1,
B371,0,0,0,0,0,0,0,0,1,0,0,1,0,0,1,0,0,0,0,0,,,,,,,,,,0,,,,,,,,,,,,,,,,,,,,,,,,,,
B372,0,0,0,0,0,0,0,0,1,1,1,1,0,1,0,0,1,0,1,0,,,,,,,,,0,0,,1,1,,1,0,,1,1,,1,,1,1,,1,,,,,0,,1,,1,
B373,0,0,0,0,0,0,0,0,0,0,0,0,0,0,0,0,0,0,0,0,,,,,,,,,,,,,,,,,,,,,,,,,,,,,,,,,,,,
B374,0,0,0,0,0,0,0,0,0,0,0,0,0,0,0,0,0,1,0,0,,,,,,,,,,,,,,,,,,,,,,,,,,,,,,,,,,,,
B375,0,0,0,0,0,0,0,1,0,1,1,1,1,1,0,1,1,0,1,0,,1,1,1,1,1,,1,,,,,,,,0,0,0,0,,0,1,1,0,,1,1,0,,1,0,,1,,1,
B376,0,0,0,0,0,0,0,1,1,1,0,1,1,1,0,1,1,1,1,0,1,0,0,1,1,1,0,0,0,0,1,1,1,0,0,0,1,1,1,0,0,1,1,1,1,1,0,1,0,0,1,0,0,0,0,1
B377,0,0,0,0,0,0,0,0,0,0,0,1,1,1,0,0,1,1,0,0,,,,,,,,,,,,,,,,,,,,,,1,1,1,1,,1,0,0,,0,0,,0,,
B378,0,0,0,0,0,0,0,0,1,1,0,0,0,0,0,0,0,0,0,0,,,,,,,,,0,,,,,,,,,,,,,,,,,,,,,,,,,,,
B379,0,0,0,0,0,0,0,0,1,0,0,1,1,0,0,0,0,0,0,0,,,,,,,,,,0,0,,,,,,,,,,,1,,,,,,,,,,,,,,
B37,0,0,0,0,0,0,0,0,1,0,0,1,1,1,1,1,1,1,0,0,,,,,,,,,,0,0,1,1,1,,,,,,,,0,1,1,1,,1,1,1,,0,1,,1,,
B380,0,0,0,0,0,0,0,0,0,0,0,1,1,1,0,0,1,0,0,0,,,,,,,,,,,,,,,,,,,,,,1,1,0,,,1,0,,,0,,,,,
B381,0,0,0,0,0,0,0,0,0,0,0,0,0,0,0,0,0,0,0,0,,,,,,,,,,,,,,,,,,,,,,,,,,,,,,,,,,,,
B382,0,0,0,0,0,0,0,1,1,1,0,1,1,1,0,0,1,1,0,0,1,1,1,1,1,1,1,,0,0,0,0,0,0,,0,0,0,0,0,,1,1,1,1,,0,0,0,,0,0,,0,,
B383,0,0,0,0,1,0,0,0,1,0,0,1,1,1,0,0,0,0,0,0,,,,,,,,,,0,0,0,,,,,,,,,,1,1,,,,0,,,,,,,,,
B384,0,0,0,0,0,0,0,0,0,0,0,0,1,0,0,0,0,0,0,0,,,,,,,,,,,,,,,,,,,,,,,,,,,,,,,,,,,,
B385,0,0,0,0,0,0,0,0,0,1,0,1,1,1,0,0,1,0,0,0,,,,,,,,,,,,,,,,0,1,1,0,,,1,1,1,,,1,0,,,0,,,,,
B386,0,0,0,0,0,0,0,0,0,0,0,1,1,1,0,0,1,0,0,0,,,,,,,,,,,,,,,,,,,,,,1,1,1,,,1,0,,,0,,,,,
B387,1,0,0,0,0,0,0,0,0,1,1,1,1,1,0,0,1,0,1,0,,,,,,,,,,,,,,,,0,0,0,0,,0,1,1,0,,1,1,0,,0,0,,0,,1,
B388,0,0,0,0,0,0,0,0,0,0,0,0,0,0,0,0,0,0,0,0,,,,,,,,,,,,,,,,,,,,,,,,,,,,,,,,,,,,
B389,0,0,0,0,0,0,0,0,1,1,1,1,0,1,0,0,1,0,1,0,,,,,,,,,0,0,,1,1,,0,0,,1,1,,0,,1,1,,1,,,,,1,,0,,0,
B390,0,0,0,0,0,0,0,1,0,0,0,0,0,0,0,0,0,0,0,0,,,,,,,,,,,,,,,,,,,,,,,,,,,,,,,,,,,,
B391,0,0,0,0,0,0,1,0,0,0,0,0,0,0,0,0,0,0,0,0,,,,,,,,,,,,,,,,,,,,,,,,,,,,,,,,,,,,
B392,0,0,0,0,0,0,0,1,0,1,1,1,1,1,0,1,1,0,1,0,,1,1,1,1,1,,1,,,,,,,,0,0,0,0,,0,1,1,0,,1,1,0,,1,0,,0,,1,
B393,0,0,0,0,0,0,0,1,1,1,0,1,1,1,0,1,1,1,1,0,1,0,0,1,1,1,0,0,0,0,1,1,1,0,0,0,1,1,1,0,0,1,1,1,1,1,0,1,0,0,1,0,0,0,0,1
B394,0,0,0,0,0,0,0,1,0,0,0,1,1,1,0,0,1,1,0,0,,,1,1,1,1,1,,,,,,,,,,,,,,,1,1,1,1,,1,0,0,,0,0,,0,,
B395,0,0,0,0,0,0,0,0,1,1,0,0,0,0,0,0,0,0,0,0,,,,,,,,,0,,,,,,,,,,,,,,,,,,,,,,,,,,,
B396,0,0,0,0,0,0,0,0,0,0,0,0,0,0,0,0,0,0,0,0,,,,,,,,,,,,,,,,,,,,,,,,,,,,,,,,,,,,
B397,0,0,0,0,0,0,0,1,1,0,0,1,1,1,0,0,1,1,0,0,1,,1,1,1,1,1,,,0,0,0,0,0,,,,,,,,1,1,1,1,,0,0,0,,0,0,,0,,
B398,0,0,0,0,1,0,0,0,1,0,0,1,1,1,0,0,0,0,0,0,,,,,,,,,,0,0,0,,,,,,,,,,1,1,,,,0,,,,,,,,,
B399,0,0,0,0,0,0,0,0,0,0,0,0,0,0,0,0,0,0,0,0,,,,,,,,,,,,,,,,,,,,,,,,,,,,,,,,,,,,
B400,1,1,1,0,0,0,0,0,0,1,0,1,1,1,0,0,1,0,0,0,,,,,,,,,,,,,,,,0,1,1,0,,,1,1,1,,,1,0,,,0,,,,,
B401,0,0,0,0,0,0,0,0,1,0,0,0,0,0,0,0,0,0,0,0,,,,,,,,,,,,,,,,,,,,,,,,,,,,,,,,,,,,
B402,1,0,0,0,0,0,0,0,0,1,1,1,1,1,1,0,1,0,1,0,,,,,,,,,,,,,,,,0,0,0,0,,0,1,1,0,,1,1,0,,1,0,,1,,1,
B403,0,0,0,0,0,0,0,0,0,0,0,0,0,0,0,0,0,1,0,0,,,,,,,,,,,,,,,,,,,,,,,,,,,,,,,,,,,,
B404,0,0,0,0,0,0,0,0,1,1,1,1,0,1,0,0,1,0,0,0,,,,,,,,,0,0,,1,1,,,0,,1,1,,,,1,1,,,,,,,1,,,,,
B405,0,0,0,0,0,0,0,0,0,0,0,0,0,0,0,0,0,0,0,0,,,,,,,,,,,,,,,,,,,,,,,,,,,,,,,,,,,,
B406,0,0,0,0,0,0,1,0,0,0,0,0,0,0,0,0,0,0,0,0,,,,,,,,,,,,,,,,,,,,,,,,,,,,,,,,,,,,
B407,0,0,0,0,0,0,0,1,0,1,1,1,1,1,0,1,1,0,1,0,,1,1,1,1,1,,1,,,,,,,,0,0,0,0,,0,1,1,0,,1,0,0,,0,0,,1,,1,
B408,0,0,0,0,0,0,0,1,1,1,0,1,1,1,0,1,1,1,1,0,1,0,0,1,1,1,0,0,0,0,1,1,1,0,0,0,1,1,1,0,0,1,1,1,1,1,0,1,0,0,1,0,0,0,0,1
B409,0,0,0,0,0,0,0,0,0,0,0,1,1,1,0,0,1,1,0,0,,,,,,,,,,,,,,,,,,,,,,1,1,1,1,,1,0,0,,0,0,,0,,
B410,0,0,0,0,0,0,0,0,1,1,0,0,0,0,0,0,0,0,0,0,,,,,,,,,0,,,,,,,,,,,,,,,,,,,,,,,,,,,
B411,0,0,0,0,0,0,0,0,0,0,0,0,0,0,0,0,0,0,0,0,,,,,,,,,,,,,,,,,,,,,,,,,,,,,,,,,,,,
B412,0,0,0,0,0,0,0,1,1,1,0,1,1,1,0,0,1,1,0,0,1,1,1,1,1,1,1,,0,0,0,0,0,0,,0,0,0,0,0,,1,1,1,1,,0,0,0,,0,0,,0,,
B413,0,0,0,0,1,0,0,0,1,0,0,1,1,1,0,0,0,0,0,0,,,,,,,,,,0,0,0,,,,,,,,,,1,1,,,,0,,,,,,,,,
B414,0,0,0,0,0,0,0,0,0,0,0,1,1,0,1,0,0,0,0,0,,,,,,,,,,,,,,,,,,,,,,1,,,,,,,,,,,,,,
B415,0,0,0,0,0,0,0,0,0,1,0,1,1,1,0,0,1,0,0,0,,,,,,,,,,,,,,,,0,1,1,0,,,1,1,1,,,0,0,,,0,,,,,
B416,0,0,0,0,0,0,0,0,1,0,0,1,1,1,0,0,1,0,0,0,,,,,,,,,,1,0,0,0,,,,,,,,,0,0,0,,,1,1,,,1,,,,,
B417,0,0,0,0,0,0,0,0,0,1,1,1,1,1,0,0,1,0,1,0,,,,,,,,,,,,,,,,0,0,0,0,,0,1,1,0,,1,1,0,,1,0,,1,,1,
B418,0,0,0,0,0,0,0,0,0,0,0,0,1,0,0,0,0,1,0,0,,,,,,,,,,,,,,,,,,,,,,,,,,,,,0,,,,,,,
B419,0,0,0,0,0,0,0,0,0,1,0,1,0,1,0,0,1,0,0,0,,,,,,,,,,,,,,,,0,,1,1,,,,1,1,,,,,,,1,,,,,
B420,0,0,0,0,0,0,0,0,0,0,0,0,0,0,0,0,0,0,0,0,,,,,,,,,,,,,,,,,,,,,,,,,,,,,,,,,,,,
B421,0,0,0,0,0,0,1,0,1,1,0,1,0,0,0,0,0,1,1,0,,,,,,,,,0,0,,,,0,0,1,,,,0,1,,,,0,1,,,,,,,,,,1
B422,0,0,0,0,0,0,0,1,0,1,1,1,1,1,0,1,1,0,1,0,,1,1,1,1,1,,1,,,,,,,,0,0,0,0,,0,1,1,0,,1,1,0,,1,0,,1,,1,
B423,0,0,0,0,0,0,0,1,1,1,0,1,1,1,0,1,1,0,0,0,0,0,1,1,1,1,,,1,1,1,1,1,,,1,1,1,1,,,1,1,1,,,0,1,,,1,,,,,
B424,0,0,0,0,0,0,0,0,0,0,0,0,1,0,0,0,1,1,0,0,,,,,,,,,,,,,,,,,,,,,,,,,,,,0,0,,,,,0,,
B425,0,0,0,0,0,0,0,0,1,1,0,0,0,0,0,0,0,0,0,0,,,,,,,,,0,,,,,,,,,,,,,,,,,,,,,,,,,,,
B426,0,0,0,0,0,0,0,0,0,0,0,0,0,0,0,0,0,0,0,0,,,,,,,,,,,,,,,,,,,,,,,,,,,,,,,,,,,,
B427,0,0,0,0,0,0,0,1,1,1,0,1,1,1,0,0,1,1,0,0,1,1,1,1,1,1,1,,0,0,0,0,0,0,,0,0,0,0,0,,1,1,1,1,,0,0,0,,1,0,,0,,
B428,0,0,0,0,0,0,0,0,0,0,0,0,0,0,0,0,0,0,0,0,,,,,,,,,,,,,,,,,,,,,,,,,,,,,,,,,,,,
B429,0,0,0,0,0,0,0,0,0,1,0,1,1,1,0,0,1,0,0,0,,,,,,,,,,,,,,,,0,1,1,0,,,1,1,1,,,1,0,,,0,,,,,
B430,0,0,0,0,0,0,0,0,0,0,0,0,0,0,0,0,0,0,0,0,,,,,,,,,,,,,,,,,,,,,,,,,,,,,,,,,,,,
B431,0,0,0,0,0,0,0,0,0,1,1,1,1,1,0,0,1,0,1,0,,,,,,,,,,,,,,,,0,0,0,0,,0,1,1,0,,1,1,0,,1,0,,0,,1,
B432,0,0,0,0,0,0,0,0,1,0,0,1,1,0,0,0,0,0,0,0,,,,,,,,,,0,0,,,,,,,,,,,1,,,,,,,,,,,,,,
B433,0,0,0,0,0,0,0,0,0,1,0,1,0,1,0,0,1,0,0,0,,,,,,,,,,,,,,,,0,,1,1,,,,1,1,,,,,,,1,,,,,
B434,0,0,0,0,0,0,0,0,0,0,0,0,0,0,0,0,0,0,0,0,,,,,,,,,,,,,,,,,,,,,,,,,,,,,,,,,,,,
B435,0,0,0,0,0,0,0,0,1,1,1,1,0,1,0,0,1,0,1,0,,,,,,,,,0,0,,1,1,,1,0,,1,1,,1,,1,1,,1,,,,,1,,1,,1,
B436,0,0,0,0,0,0,0,1,1,1,0,1,1,1,0,1,1,0,0,0,1,0,1,1,1,1,,,0,0,0,0,0,,,1,1,1,1,,,1,1,1,,,0,1,,,1,,,,,
B437,0,0,0,0,0,0,0,0,0,0,0,1,1,1,0,0,1,1,0,0,,,,,,,,,,,,,,,,,,,,,,1,1,1,1,,1,0,0,,0,0,,0,,
B438,0,0,0,0,0,0,0,0,1,1,0,0,0,0,0,0,0,0,0,0,,,,,,,,,0,,,,,,,,,,,,,,,,,,,,,,,,,,,
B439,0,0,0,0,0,0,0,0,0,0,0,0,0,0,0,0,0,0,0,0,,,,,,,,,,,,,,,,,,,,,,,,,,,,,,,,,,,,
B43,0,0,0,0,0,0,0,0,1,0,0,0,0,0,0,0,0,0,0,1,,,,,,,,,,,,,,,,,,,,,,,,,,,,,,,,,,,,
B440,0,0,0,0,0,0,0,1,1,1,0,1,1,1,0,0,1,1,0,0,1,1,1,1,1,1,1,,0,0,0,0,0,0,,0,0,0,0,0,,1,1,1,1,,0,0,0,,0,0,,0,,
B441,0,0,0,0,1,0,0,0,1,0,0,1,1,1,0,0,0,0,0,0,,,,,,,,,,0,0,0,,,,,,,,,,1,1,,,,0,,,,,,,,,
B442,1,1,1,0,0,0,0,0,0,1,0,1,1,1,0,0,1,0,0,0,,,,,,,,,,,,,,,,0,1,1,0,,,1,1,1,,,1,0,,,0,,,,,
B443,0,0,0,0,0,0,0,0,0,0,0,1,0,0,1,0,0,0,0,0,,,,,,,,,,,,,,,,,,,,,,,,,,,,,,,,,,,,
B444,1,0,0,0,0,0,0,0,0,1,1,1,1,1,1,0,1,0,1,0,,,,,,,,,,,,,,,,0,0,0,0,,0,1,1,0,,1,1,0,,1,0,,0,,1,
B445,0,0,0,0,0,0,0,0,1,1,0,0,0,0,0,0,0,0,0,0,,,,,,,,,0,,,,,,,,,,,,,,,,,,,,,,,,,,,
B446,0,0,0,0,0,0,0,0,0,1,1,1,0,1,0,0,1,0,0,0,,,,,,,,,,,,,,,,0,,1,1,,,,1,1,,,,,,,1,,,,,
B447,0,0,0,0,0,0,0,0,0,0,0,0,0,0,0,0,0,0,0,0,,,,,,,,,,,,,,,,,,,,,,,,,,,,,,,,,,,,
B448,0,0,0,0,0,0,0,1,0,0,0,1,1,1,0,1,1,0,0,0,,,1,1,1,1,,,,,,,,,,,,,,,,1,1,0,,,1,0,,,0,,,,,
B449,0,0,0,0,0,0,0,1,1,1,0,1,1,1,0,1,1,0,0,0,0,0,1,1,1,1,,,1,1,1,1,1,,,1,1,1,1,,,1,1,1,,,0,1,,,1,,,,,
B44,0,0,0,0,0,0,0,0,1,0,0,0,0,0,0,0,0,0,0,1,,,,,,,,,,,,,,,,,,,,,,,,,,,,,,,,,,,,
B450,0,0,0,0,0,0,0,0,1,1,0,0,0,0,0,0,0,0,0,0,,,,,,,,,0,,,,,,,,,,,,,,,,,,,,,,,,,,,
B451,0,0,0,0,0,0,0,0,0,0,0,0,0,0,0,0,0,0,0,0,,,,,,,,,,,,,,,,,,,,,,,,,,,,,,,,,,,,
B452,0,0,0,0,0,0,0,1,1,1,0,1,1,1,0,0,1,1,0,0,1,1,1,1,1,1,1,,0,0,0,0,0,0,,0,0,0,0,0,,1,1,1,1,,0,0,0,,0,0,,0,,
B453,0,0,0,0,0,0,0,0,0,0,0,1,1,1,0,0,0,0,0,0,,,,,,,,,,,,,,,,,,,,,,1,1,,,,0,,,,,,,,,
B454,0,0,0,0,0,0,0,0,0,1,0,1,1,1,0,0,1,0,0,0,,,,,,,,,,,,,,,,0,1,1,0,,,1,1,1,,,1,0,,,0,,,,,
B455,0,0,0,0,0,0,0,0,0,0,0,0,0,0,0,0,0,0,0,0,,,,,,,,,,,,,,,,,,,,,,,,,,,,,,,,,,,,
B456,1,0,0,0,0,0,0,0,0,1,1,1,1,1,0,0,1,0,1,0,,,,,,,,,,,,,,,,0,0,0,0,,0,1,1,0,,1,1,0,,1,0,,1,,1,
B457,0,0,0,0,0,0,0,0,0,1,0,0,0,0,0,0,0,0,1,0,,,,,,,,,,,,,,,,,,,,,1,,,,,,,,,,,,,,,
B458,0,0,0,0,0,0,0,0,1,1,1,1,0,1,0,0,1,0,1,0,,,,,,,,,0,0,,1,1,,1,0,,1,1,,1,,1,1,,1,,,,,1,,1,,1,
B459,0,0,0,0,0,0,0,0,0,0,0,0,0,0,0,0,0,0,0,0,,,,,,,,,,,,,,,,,,,,,,,,,,,,,,,,,,,,
B45,0,0,0,0,0,0,0,0,1,0,0,0,0,0,1,0,0,0,0,1,,,,,,,,,,,,,,,,,,,,,,,,,,,,,,,,,,,,
B460,0,0,0,0,0,0,0,1,0,1,1,1,1,1,0,1,1,0,1,0,,1,1,1,1,1,,1,,,,,,,,0,0,0,0,,0,1,1,0,,1,1,0,,1,0,,1,,1,
B461,0,0,0,0,0,0,0,0,1,1,0,0,0,0,0,0,0,0,0,0,,,,,,,,,0,,,,,,,,,,,,,,,,,,,,,,,,,,,
B462,0,0,0,0,0,0,0,0,0,0,0,0,0,0,0,0,0,0,0,0,,,,,,,,,,,,,,,,,,,,,,,,,,,,,,,,,,,,
B463,0,0,0,0,0,0,0,1,1,1,0,1,1,1,0,0,1,1,0,0,1,1,1,1,1,1,1,,0,0,0,0,0,0,,0,0,0,0,0,,1,1,1,1,,0,0,0,,0,0,,0,,
B464,0,0,0,0,0,0,0,0,0,1,0,1,1,1,0,0,1,0,0,0,,,,,,,,,,,,,,,,0,1,1,0,,,1,1,1,,,1,0,,,0,,,,,
B465,0,0,0,0,0,0,0,0,0,0,0,0,1,0,0,0,0,0,0,0,,,,,,,,,,,,,,,,,,,,,,,,,,,,,,,,,,,,
B466,0,0,0,0,0,0,0,0,0,1,1,1,1,1,1,0,1,0,1,0,,,,,,,,,,,,,,,,0,0,0,0,,0,1,1,0,,1,1,0,,1,0,,0,,1,
B467,0,0,0,0,0,0,0,0,0,1,0,0,0,0,0,0,0,0,1,0,,,,,,,,,,,,,,,,,,,,,1,,,,,,,,,,,,,,,
B468,0,0,0,0,0,0,0,0,1,1,1,1,0,1,0,0,1,0,0,0,,,,,,,,,0,0,,1,1,,,0,,1,1,,,,1,1,,,,,,,1,,,,,
B469,0,0,0,0,0,0,0,0,0,0,0,0,0,0,0,0,0,0,0,0,,,,,,,,,,,,,,,,,,,,,,,,,,,,,,,,,,,,
B46,0,0,0,0,0,0,0,0,1,0,0,0,0,0,1,0,0,0,0,1,,,,,,,,,,,,,,,,,,,,,,,,,,,,,,,,,,,,
B470,0,0,0,0,0,0,0,1,0,1,1,1,1,1,0,1,1,0,1,0,,1,1,1,1,1,,1,,,,,,,,0,0,0,0,,0,1,1,0,,1,1,0,,1,0,,1,,1,
B471,0,0,0,0,0,0,0,0,1,1,0,0,0,0,0,0,0,0,0,0,,,,,,,,,0,,,,,,,,,,,,,,,,,,,,,,,,,,,
B472,0,0,0,0,0,0,0,0,0,0,0,0,0,0,0,0,0,0,0,0,,,,,,,,,,,,,,,,,,,,,,,,,,,,,,,,,,,,
B473,0,0,0,0,0,0,0,1,1,1,0,1,1,1,0,0,1,1,0,0,1,1,1,1,1,1,1,,0,0,0,0,0,0,,0,0,0,0,0,,1,1,1,1,,0,0,0,,0,0,,0,,
B474,0,0,0,0,0,0,0,0,0,1,0,1,1,1,0,0,1,0,0,0,,,,,,,,,,,,,,,,0,1,1,0,,,1,1,1,,,1,0,,,0,,,,,
B475,0,0,0,0,0,0,0,0,0,0,0,1,1,0,0,0,1,1,0,0,,,,,,,,,,,,,,,,,,,,,,1,,1,0,,,1,0,,,,,0,,
B476,0,0,0,0,0,0,0,0,0,1,1,1,1,1,1,0,1,0,1,0,,,,,,,,,,,,,,,,0,0,0,0,,1,1,1,0,,1,1,0,,1,0,,1,,1,
B477,0,0,0,0,0,0,0,0,0,0,0,0,0,0,0,0,0,0,0,0,,,,,,,,,,,,,,,,,,,,,,,,,,,,,,,,,,,,
B478,0,0,0,0,0,0,0,0,1,1,1,1,0,1,0,0,1,0,1,0,,,,,,,,,0,0,,1,1,,1,0,,1,1,,1,,1,1,,1,,,,,0,,1,,1,
B479,0,0,0,0,0,0,0,0,0,0,0,0,0,0,0,0,0,0,0,0,,,,,,,,,,,,,,,,,,,,,,,,,,,,,,,,,,,,
B480,0,0,0,0,0,0,0,1,0,1,0,1,1,1,0,1,1,0,0,0,,1,1,1,1,1,,,,,,,,,,1,1,1,1,,,1,1,0,,,0,0,,,0,,,,,
B481,0,0,0,0,0,0,0,0,1,1,0,0,0,0,0,0,0,0,0,0,,,,,,,,,0,,,,,,,,,,,,,,,,,,,,,,,,,,,
B482,0,0,0,0,0,0,0,0,0,0,0,0,0,0,0,0,0,0,0,0,,,,,,,,,,,,,,,,,,,,,,,,,,,,,,,,,,,,
B483,0,0,0,0,0,0,0,1,1,0,0,1,1,1,0,0,1,1,0,0,1,,1,1,1,1,1,,,0,1,1,1,0,,,,,,,,1,1,1,1,,0,0,0,,0,0,,0,,
B484,0,0,0,0,0,0,0,0,0,1,0,1,1,1,0,0,1,0,0,0,,,,,,,,,,,,,,,,0,1,1,0,,,1,1,1,,,1,0,,,0,,,,,
B485,0,0,0,0,0,0,0,0,0,1,0,1,0,0,0,0,0,1,1,1,,,,,,,,,,,,,,,,0,,,,0,0,,,,1,1,,,,,,,,,,1
B486,0,0,0,0,0,0,0,0,0,1,1,1,1,1,1,0,1,0,1,0,,,,,,,,,,,,,,,,0,0,0,0,,0,1,1,0,,1,1,0,,1,0,,1,,1,
B487,0,0,0,0,0,0,0,0,0,1,0,0,0,0,0,0,0,0,1,0,,,,,,,,,,,,,,,,,,,,,1,,,,,,,,,,,,,,,
B488,0,0,0,0,0,0,0,0,0,1,0,1,0,1,0,0,1,0,0,0,,,,,,,,,,,,,,,,0,,1,1,,,,1,1,,,,,,,1,,,,,
B489,0,0,0,0,0,0,0,0,0,0,0,0,0,0,0,0,0,0,0,0,,,,,,,,,,,,,,,,,,,,,,,,,,,,,,,,,,,,
B490,0,0,0,0,0,0,0,0,1,1,0,0,0,0,0,0,0,0,0,0,,,,,,,,,0,,,,,,,,,,,,,,,,,,,,,,,,,,,
B491,0,0,0,0,0,0,0,0,0,0,0,0,0,0,0,0,0,0,0,0,,,,,,,,,,,,,,,,,,,,,,,,,,,,,,,,,,,,
B492,0,0,0,0,0,0,0,1,1,0,1,0,0,0,0,0,0,1,1,0,1,,,,,,1,1,,,,,,0,1,,,,,,,,,,,,,,,,,,,,,1
B493,0,0,0,0,0,0,0,0,0,1,0,1,1,1,0,0,1,0,0,0,,,,,,,,,,,,,,,,0,1,1,0,,,1,1,1,,,1,0,,,0,,,,,
B494,0,0,0,0,0,0,0,0,0,0,0,0,0,0,0,0,0,0,0,0,,,,,,,,,,,,,,,,,,,,,,,,,,,,,,,,,,,,
B495,0,0,0,0,0,0,0,0,0,1,1,1,1,1,1,0,1,0,1,0,,,,,,,,,,,,,,,,0,0,0,0,,0,1,1,0,,1,1,0,,1,0,,1,,1,
B496,0,0,0,0,0,0,0,0,0,1,0,0,0,0,0,0,0,0,1,0,,,,,,,,,,,,,,,,,,,,,1,,,,,,,,,,,,,,,
B497,0,0,0,0,0,0,0,0,0,1,0,0,0,1,0,0,1,0,0,0,,,,,,,,,,,,,,,,,,1,1,,,,,,,,,,,,1,,,,,
B498,0,0,0,0,0,0,0,0,0,0,0,0,0,0,0,0,0,0,0,0,,,,,,,,,,,,,,,,,,,,,,,,,,,,,,,,,,,,
B499,0,0,0,0,0,0,0,0,1,1,0,0,0,0,0,0,0,0,0,0,,,,,,,,,0,,,,,,,,,,,,,,,,,,,,,,,,,,,
B500,0,0,0,0,0,0,0,0,0,0,0,1,0,0,0,0,0,0,0,0,,,,,,,,,,,,,,,,,,,,,,,,,,,,,,,,,,,,
B501,0,0,0,0,0,0,0,1,1,1,0,1,1,1,0,0,1,1,0,0,1,1,1,1,1,1,1,,0,0,0,0,0,0,,0,0,0,0,0,,1,1,1,1,,0,0,0,,0,0,,0,,
B502,0,0,0,0,0,0,0,0,0,1,0,1,1,1,0,0,1,0,0,0,,,,,,,,,,,,,,,,0,1,1,0,,,1,1,1,,,0,0,,,0,,,,,
B503,0,0,0,0,0,0,0,0,1,0,0,1,0,0,0,0,0,1,0,0,,,,,,,,,,0,,,,0,,,,,,,,,,,0,,,,,,,,,,,
B504,1,0,0,0,0,0,0,0,0,1,1,1,1,1,1,0,1,0,1,0,,,,,,,,,,,,,,,,0,0,0,0,,0,1,1,0,,1,1,0,,1,0,,0,,1,
B505,0,0,0,0,0,0,0,0,0,0,0,0,0,0,0,0,0,0,1,0,,,,,,,,,,,,,,,,,,,,,,,,,,,,,,,,,,,,
B506,0,0,0,0,0,0,0,0,0,1,0,1,0,1,0,0,1,0,0,0,,,,,,,,,,,,,,,,0,,1,1,,,,1,1,,,,,,,1,,,,,
B507,0,0,0,0,0,0,0,0,0,0,0,0,0,0,0,0,0,0,0,0,,,,,,,,,,,,,,,,,,,,,,,,,,,,,,,,,,,,
B508,0,0,0,0,0,0,0,0,0,0,0,0,0,0,0,0,0,0,0,0,,,,,,,,,,,,,,,,,,,,,,,,,,,,,,,,,,,,
B509,0,0,0,0,0,0,0,1,1,1,0,1,1,1,0,0,1,1,0,0,1,1,1,1,1,1,1,,0,0,0,0,0,0,,0,0,0,0,0,,1,1,1,1,,0,0,0,,0,0,,0,,
B510,0,0,0,0,0,0,0,0,0,1,0,1,1,1,0,0,1,0,0,0,,,,,,,,,,,,,,,,0,1,1,0,,,1,1,1,,,1,0,,,0,,,,,
B511,0,0,0,0,0,0,0,0,1,0,0,1,0,0,0,0,0,1,0,0,,,,,,,,,,0,,,,0,,,,,,,,,,,0,,,,,,,,,,,
B512,1,0,0,0,0,0,0,0,0,1,1,1,1,1,0,0,1,0,1,0,,,,,,,,,,,,,,,,0,0,0,0,,0,1,1,0,,1,1,0,,0,0,,0,,1,
B513,0,0,0,0,0,0,0,0,0,1,0,0,0,0,0,0,0,0,1,0,,,,,,,,,,,,,,,,,,,,,1,,,,,,,,,,,,,,,
B514,0,0,0,0,0,0,0,0,0,1,1,1,0,1,0,0,1,0,1,0,,,,,,,,,,,,,,,,0,,1,1,,0,,1,1,,1,,,,,0,,0,,0,
B515,0,0,0,0,0,0,0,0,0,0,0,0,0,0,0,0,0,0,0,0,,,,,,,,,,,,,,,,,,,,,,,,,,,,,,,,,,,,
B516,0,0,0,0,0,0,0,0,0,0,0,0,0,0,0,0,0,0,0,0,,,,,,,,,,,,,,,,,,,,,,,,,,,,,,,,,,,,
B517,0,0,0,0,0,0,0,1,1,1,0,1,1,1,0,0,1,1,0,0,1,1,1,1,1,1,1,,0,0,0,0,0,0,,0,0,0,0,0,,1,1,1,1,,0,0,0,,0,0,,0,,
B518,0,0,0,0,0,0,0,0,0,1,0,1,1,1,0,0,1,0,0,0,,,,,,,,,,,,,,,,0,1,1,0,,,1,1,1,,,1,0,,,0,,,,,
B519,0,0,0,0,0,0,0,1,0,0,0,1,1,1,0,0,0,1,0,0,,,1,1,1,,1,,,,,,,,,,,,,,,1,1,,1,,1,,0,,,0,,,,
B520,0,0,0,0,0,0,0,0,0,1,1,1,1,1,1,0,1,0,1,0,,,,,,,,,,,,,,,,0,0,0,0,,0,1,1,0,,1,0,0,,0,0,,0,,1,
B521,0,0,0,0,0,0,0,0,0,1,0,0,0,0,0,0,0,0,1,0,,,,,,,,,,,,,,,,,,,,,1,,,,,,,,,,,,,,,
B522,0,0,0,0,0,0,0,0,0,0,0,0,0,0,0,0,0,0,0,0,,,,,,,,,,,,,,,,,,,,,,,,,,,,,,,,,,,,
B523,0,0,0,0,0,0,0,0,0,0,0,0,0,0,0,0,0,0,0,0,,,,,,,,,,,,,,,,,,,,,,,,,,,,,,,,,,,,
B524,0,0,0,0,0,0,0,1,1,1,0,1,1,1,0,0,1,1,0,0,1,1,1,1,1,1,1,,0,0,0,0,0,0,,0,0,0,0,0,,1,1,1,1,,0,0,0,,0,0,,0,,
B525,0,0,0,0,0,0,0,0,0,1,0,1,1,1,0,0,1,0,0,0,,,,,,,,,,,,,,,,0,1,1,0,,,1,1,1,,,1,0,,,0,,,,,
B526,0,0,0,0,0,0,0,0,0,0,0,0,1,0,0,1,0,1,0,0,,,,,,,,,,,,,,,,,,,,,,,,,,,,,0,,,,,,,
B527,0,0,0,0,0,0,0,0,0,1,1,1,1,1,0,0,1,0,1,0,,,,,,,,,,,,,,,,0,0,0,0,,0,0,0,0,,1,1,0,,1,0,,1,,1,
B528,0,0,0,0,0,0,0,0,0,1,0,0,0,0,0,0,0,0,1,0,,,,,,,,,,,,,,,,,,,,,1,,,,,,,,,,,,,,,
B529,0,0,0,0,0,0,0,0,0,0,0,0,0,0,0,0,0,0,0,0,,,,,,,,,,,,,,,,,,,,,,,,,,,,,,,,,,,,
B52,0,0,0,0,0,0,0,0,0,0,0,0,0,0,0,0,0,0,0,0,,,,,,,,,,,,,,,,,,,,,,,,,,,,,,,,,,,,
B530,0,0,0,0,0,0,0,0,0,0,0,0,0,0,0,0,0,0,0,0,,,,,,,,,,,,,,,,,,,,,,,,,,,,,,,,,,,,
B531,0,0,0,0,0,0,0,1,1,1,0,1,1,1,0,0,1,1,0,0,1,1,1,1,1,1,1,,0,0,0,0,0,0,,0,0,0,0,0,,1,1,1,1,,0,0,0,,0,0,,0,,
B532,0,0,0,0,0,0,0,0,0,1,0,1,1,1,0,0,1,0,0,0,,,,,,,,,,,,,,,,0,1,1,0,,,1,1,1,,,1,0,,,0,,,,,
B533,0,0,0,0,0,0,0,1,0,1,0,0,1,0,0,0,0,1,1,0,,1,,1,,,1,1,,,,,,,,,1,,,1,1,,,,,,,,1,1,,,,,,0
B534,0,0,0,0,0,0,0,0,0,1,1,1,1,1,1,0,1,0,1,0,,,,,,,,,,,,,,,,0,0,0,0,,0,1,1,0,,1,1,0,,1,0,,1,,1,
B535,0,0,0,0,0,0,0,0,0,1,0,0,0,0,0,0,0,0,1,0,,,,,,,,,,,,,,,,,,,,,1,,,,,,,,,,,,,,,
B536,0,0,0,0,0,0,0,0,0,0,0,0,0,0,0,0,0,0,0,0,,,,,,,,,,,,,,,,,,,,,,,,,,,,,,,,,,,,
B537,0,0,0,0,0,0,0,0,0,0,0,0,0,0,0,0,0,0,0,0,,,,,,,,,,,,,,,,,,,,,,,,,,,,,,,,,,,,
B538,0,0,0,0,0,0,0,1,1,1,0,1,1,1,0,0,1,1,0,0,1,1,1,1,1,1,1,,0,0,0,0,0,0,,0,0,0,0,0,,1,1,1,1,,0,0,0,,0,0,,0,,
B539,0,0,0,0,0,0,0,0,0,1,0,1,1,1,0,0,1,0,0,0,,,,,,,,,,,,,,,,0,1,1,0,,,1,1,1,,,1,0,,,0,,,,,
B540,0,0,0,0,0,0,0,0,1,1,0,1,0,0,1,0,0,1,0,0,,,,,,,,,0,0,,,,0,,0,,,,0,,,,,0,,,,,,,,,,,
B541,0,0,0,0,0,0,0,0,1,1,1,1,1,1,0,1,1,0,1,0,,,,,,,,,0,0,0,0,0,,0,0,0,0,0,,0,1,1,0,,1,1,0,,1,0,,1,,1,
B542,0,0,0,0,0,0,0,0,0,0,0,0,0,0,0,0,0,0,0,0,,,,,,,,,,,,,,,,,,,,,,,,,,,,,,,,,,,,
B543,0,0,0,0,0,0,0,0,0,0,0,0,0,0,0,0,0,0,0,0,,,,,,,,,,,,,,,,,,,,,,,,,,,,,,,,,,,,
B544,0,0,0,0,0,0,0,1,1,1,0,1,1,1,0,0,1,1,0,0,1,1,1,1,1,1,1,,0,0,0,0,0,0,,0,0,0,0,0,,1,1,1,1,,0,0,0,,0,0,,0,,
B545,0,0,0,0,0,0,0,0,0,1,0,1,1,1,0,0,1,0,0,0,,,,,,,,,,,,,,,,0,1,1,0,,,1,1,1,,,1,0,,,0,,,,,
B546,0,0,0,0,0,0,0,0,1,1,0,0,0,0,1,0,0,1,1,0,,,,,,,,,1,,,,,1,1,,,,,0,0,,,,,,,,,,,,,,,0
B547,1,0,0,0,0,0,0,0,0,1,1,1,1,1,0,1,1,0,1,0,,,,,,,,,,,,,,,,0,0,0,0,,0,1,1,0,,1,1,0,,1,0,,1,,1,
B548,0,0,0,0,0,0,0,0,0,0,0,0,0,0,0,0,0,0,0,0,,,,,,,,,,,,,,,,,,,,,,,,,,,,,,,,,,,,
B549,0,0,0,0,0,0,0,0,0,0,0,0,0,0,0,0,0,0,0,0,,,,,,,,,,,,,,,,,,,,,,,,,,,,,,,,,,,,
B54,0,0,0,0,0,0,0,0,0,0,0,0,0,0,0,0,0,1,0,0,,,,,,,,,,,,,,,,,,,,,,,,,,,,,,,,,,,,
B550,0,0,0,0,0,0,0,1,1,1,0,1,1,1,0,0,1,1,0,0,1,1,1,1,1,1,1,,0,0,0,0,0,0,,0,0,0,0,0,,1,1,1,1,,0,0,0,,0,0,,0,,
B551,0,0,0,0,0,0,0,0,0,1,0,1,1,1,0,0,1,0,0,0,,,,,,,,,,,,,,,,0,1,1,0,,,1,1,1,,,0,0,,,0,,,,,
B552,0,0,0,0,0,0,0,0,1,0,0,1,0,0,0,0,1,1,1,0,,,,,,,,,,1,,,1,1,1,,,,,,,,,1,1,1,,,,,,,,0,0,1
B553,0,0,0,0,0,0,0,0,0,1,1,1,1,1,1,0,1,0,1,0,,,,,,,,,,,,,,,,0,0,0,0,,0,1,1,0,,1,1,0,,1,0,,1,,1,
B554,0,0,0,0,0,0,0,0,0,0,0,0,0,0,0,0,0,0,0,0,,,,,,,,,,,,,,,,,,,,,,,,,,,,,,,,,,,,
B555,0,0,0,0,0,0,0,0,0,0,0,0,0,0,0,0,0,0,0,0,,,,,,,,,,,,,,,,,,,,,,,,,,,,,,,,,,,,
B556,0,0,0,0,0,0,0,1,1,1,0,1,1,1,0,0,1,1,0,0,1,1,1,1,1,1,1,,0,0,0,0,0,0,,0,0,0,0,0,,1,1,1,1,,0,0,0,,0,0,,0,,
B557,0,0,0,0,0,0,0,0,0,1,0,1,1,1,0,0,1,0,0,0,,,,,,,,,,,,,,,,0,1,1,0,,,1,1,1,,,1,0,,,0,,,,,
B558,0,0,0,0,0,0,0,0,1,0,0,1,0,0,1,0,0,0,0,0,,,,,,,,,,0,,,,,,,,,,,,,,,,,,,,,,,,,,
B559,0,0,0,0,0,0,0,0,0,1,1,1,1,1,1,0,1,0,1,0,,,,,,,,,,,,,,,,0,0,0,0,,0,1,1,0,,1,1,0,,1,0,,0,,1,
B560,0,0,0,0,0,0,0,0,0,0,0,0,0,0,0,0,0,0,0,0,,,,,,,,,,,,,,,,,,,,,,,,,,,,,,,,,,,,
B561,0,0,0,0,0,0,0,0,0,0,0,0,0,0,0,0,0,0,0,0,,,,,,,,,,,,,,,,,,,,,,,,,,,,,,,,,,,,
B562,0,0,0,0,0,0,0,1,1,1,0,1,1,1,0,0,1,1,0,0,1,1,1,1,1,1,1,,0,0,0,0,0,0,,0,0,0,0,0,,1,1,1,1,,0,0,0,,0,0,,0,,
B563,0,0,0,0,0,0,0,0,0,1,0,1,1,1,0,0,1,0,0,0,,,,,,,,,,,,,,,,0,1,1,0,,,1,1,1,,,1,0,,,0,,,,,
B564,0,0,0,0,0,0,0,0,1,0,0,1,0,0,1,0,0,1,0,0,,,,,,,,,,0,,,,0,,,,,,,,,,,0,,,,,,,,,,,
B565,0,0,0,0,0,0,0,0,0,1,1,1,1,1,1,0,1,0,1,0,,,,,,,,,,,,,,,,0,0,0,0,,0,1,1,0,,1,1,0,,1,0,,1,,1,
B566,0,0,0,0,0,0,0,0,0,0,0,0,0,0,0,0,0,0,0,0,,,,,,,,,,,,,,,,,,,,,,,,,,,,,,,,,,,,
B567,0,0,0,0,0,0,0,0,0,0,0,0,0,0,0,0,0,0,0,0,,,,,,,,,,,,,,,,,,,,,,,,,,,,,,,,,,,,
B568,0,0,0,0,0,0,0,1,1,1,0,1,1,1,0,0,1,1,0,0,1,1,1,1,1,1,1,,0,0,0,0,0,0,,0,0,0,0,0,,1,1,1,1,,0,0,0,,0,0,,0,,
B569,0,0,0,0,0,0,0,0,0,1,0,1,0,0,0,0,1,1,0,0,,,,,,,,,,,,,,,,0,,,0,1,,,,1,1,,,,,,,,,1,,
B570,0,0,0,0,0,0,0,0,1,1,0,1,0,0,0,0,0,1,1,1,,,,,,,,,0,0,,,,0,0,0,,,,0,0,,,,1,1,,,,,,,,,,1
B571,1,0,0,0,0,0,0,0,0,1,1,1,1,1,0,0,1,0,1,0,,,,,,,,,,,,,,,,0,0,0,0,,0,1,1,0,,1,1,0,,1,0,,0,,1,
B572,0,0,0,0,0,0,0,0,0,0,0,0,0,0,0,0,0,0,0,0,,,,,,,,,,,,,,,,,,,,,,,,,,,,,,,,,,,,
B573,0,0,0,0,0,0,0,0,0,0,0,0,0,0,0,0,0,0,0,0,,,,,,,,,,,,,,,,,,,,,,,,,,,,,,,,,,,,
B574,0,0,0,0,0,0,0,1,1,1,0,1,1,1,0,0,1,1,0,0,1,1,1,1,1,1,1,,0,0,0,0,0,0,,0,0,0,0,0,,1,1,1,1,,0,0,0,,0,0,,0,,
B575,0,0,0,0,0,0,0,0,0,1,0,1,1,1,0,0,1,0,0,0,,,,,,,,,,,,,,,,0,1,1,0,,,1,1,1,,,1,0,,,0,,,,,
B576,0,0,0,0,1,0,0,1,1,1,0,1,0,1,0,0,1,0,1,0,0,0,1,,1,1,,0,1,1,,1,1,,0,1,,1,1,,0,,1,0,,0,,,,,0,,0,,0,
B577,0,0,0,0,0,0,0,0,0,1,1,1,1,1,1,0,1,0,1,0,,,,,,,,,,,,,,,,0,0,0,0,,0,1,1,0,,1,1,0,,1,0,,0,,1,
B578,0,0,0,0,0,0,0,0,0,0,0,0,0,0,0,0,0,0,0,0,,,,,,,,,,,,,,,,,,,,,,,,,,,,,,,,,,,,
B579,0,0,0,0,0,0,0,0,0,0,0,0,0,0,0,0,0,0,0,0,,,,,,,,,,,,,,,,,,,,,,,,,,,,,,,,,,,,
B580,0,0,0,0,0,0,0,1,1,1,0,1,1,1,0,0,1,1,0,0,1,1,1,1,1,1,1,,0,0,0,0,0,0,,0,0,0,0,0,,1,1,1,1,,0,0,0,,0,0,,0,,
B581,0,0,0,0,0,0,0,0,0,1,0,1,1,1,0,0,1,0,0,0,,,,,,,,,,,,,,,,0,1,1,0,,,1,1,1,,,1,0,,,0,,,,,
B582,0,0,0,0,0,0,0,0,0,0,0,0,0,0,0,0,0,0,0,0,,,,,,,,,,,,,,,,,,,,,,,,,,,,,,,,,,,,
B583,0,0,0,0,0,0,0,0,0,1,1,1,1,1,0,0,1,0,1,0,,,,,,,,,,,,,,,,0,0,0,0,,0,1,1,0,,1,1,0,,1,0,,0,,1,
B584,0,0,0,0,0,0,0,0,0,0,0,0,0,0,0,0,0,0,0,0,,,,,,,,,,,,,,,,,,,,,,,,,,,,,,,,,,,,
B585,0,0,0,0,0,0,0,0,0,0,0,0,0,0,0,0,0,0,0,0,,,,,,,,,,,,,,,,,,,,,,,,,,,,,,,,,,,,
B586,0,0,0,0,0,0,0,1,1,1,0,1,1,1,0,0,1,1,0,0,1,1,1,1,1,1,1,,0,0,0,0,0,0,,0,0,0,0,0,,1,1,1,1,,0,0,0,,0,0,,0,,
B587,0,0,0,0,0,0,0,0,0,1,0,1,1,1,0,0,1,0,0,0,,,,,,,,,,,,,,,,0,1,1,0,,,1,1,1,,,1,0,,,0,,,,,
B588,0,0,0,0,0,0,0,0,0,0,0,0,1,0,0,0,0,0,0,0,,,,,,,,,,,,,,,,,,,,,,,,,,,,,,,,,,,,
B589,0,0,0,0,0,0,0,0,0,0,1,1,1,1,0,0,1,0,0,0,,,,,,,,,,,,,,,,,,,,,,1,1,0,,,1,0,,,0,,,,,
B590,0,0,0,0,0,0,0,0,0,0,0,0,0,0,0,0,0,0,0,0,,,,,,,,,,,,,,,,,,,,,,,,,,,,,,,,,,,,
B591,0,0,0,0,0,0,0,0,0,0,0,0,0,0,0,0,0,0,0,0,,,,,,,,,,,,,,,,,,,,,,,,,,,,,,,,,,,,
B592,0,0,0,0,0,0,0,1,1,1,0,1,1,1,0,0,1,1,0,0,1,1,1,1,1,1,1,,0,0,0,0,0,0,,0,0,0,0,0,,1,1,1,1,,0,0,0,,0,0,,0,,
B593,0,0,0,0,0,0,0,0,0,1,0,1,1,1,0,0,1,0,0,0,,,,,,,,,,,,,,,,0,1,1,0,,,1,1,1,,,1,0,,,0,,,,,
B594,0,0,0,0,0,0,0,0,0,0,0,0,1,0,0,0,0,0,0,0,,,,,,,,,,,,,,,,,,,,,,,,,,,,,,,,,,,,
B595,0,0,0,0,0,0,0,0,0,1,1,1,1,1,1,0,1,0,1,0,,,,,,,,,,,,,,,,0,0,0,0,,0,1,1,0,,1,1,0,,1,0,,0,,1,
B596,0,0,0,0,0,0,0,0,0,0,0,0,0,0,0,0,0,0,0,0,,,,,,,,,,,,,,,,,,,,,,,,,,,,,,,,,,,,
B597,0,0,0,0,0,0,0,0,0,0,0,0,0,0,0,0,0,0,0,0,,,,,,,,,,,,,,,,,,,,,,,,,,,,,,,,,,,,
B598,0,0,0,0,0,0,0,1,1,1,0,1,1,1,0,0,1,1,0,0,1,1,1,1,1,1,1,,0,0,0,0,0,0,,0,0,0,0,0,,1,1,1,1,,0,0,0,,0,0,,0,,
B599,0,0,0,0,0,0,0,0,0,1,0,1,1,1,0,0,1,0,0,0,,,,,,,,,,,,,,,,0,1,1,0,,,1,1,1,,,0,0,,,0,,,,,
B600,0,0,0,0,0,0,0,0,0,0,0,0,1,0,0,0,0,0,0,0,,,,,,,,,,,,,,,,,,,,,,,,,,,,,,,,,,,,
B601,0,0,0,0,0,0,0,0,0,1,1,1,1,1,1,0,1,0,1,0,,,,,,,,,,,,,,,,0,0,0,0,,0,1,1,0,,1,1,0,,0,0,,0,,1,
B602,0,0,0,0,0,0,0,0,0,0,0,0,0,0,0,0,0,0,0,0,,,,,,,,,,,,,,,,,,,,,,,,,,,,,,,,,,,,
B603,0,0,0,0,0,0,0,0,0,0,0,0,0,0,0,0,0,0,0,0,,,,,,,,,,,,,,,,,,,,,,,,,,,,,,,,,,,,
B604,0,0,0,0,0,0,0,1,1,1,0,1,1,1,0,0,1,1,0,0,1,1,1,1,1,1,1,,0,0,0,0,0,0,,0,0,0,0,0,,1,1,1,1,,0,0,0,,0,0,,0,,
B605,0,0,0,0,0,0,0,0,0,1,0,1,1,1,0,0,1,0,0,0,,,,,,,,,,,,,,,,0,1,1,0,,,1,1,1,,,0,0,,,0,,,,,
B606,0,0,0,0,0,0,0,0,0,0,0,0,1,0,0,0,0,0,0,0,,,,,,,,,,,,,,,,,,,,,,,,,,,,,,,,,,,,
B607,1,0,0,0,0,0,0,0,0,0,1,1,1,1,1,0,1,0,0,0,,,,,,,,,,,,,,,,,,,,,,1,1,0,,,1,0,,,0,,,,,
B608,0,0,0,0,0,0,0,0,0,0,0,0,0,0,0,0,0,0,0,0,,,,,,,,,,,,,,,,,,,,,,,,,,,,,,,,,,,,
B609,0,0,0,0,0,0,0,0,0,0,0,0,0,0,0,0,0,0,0,0,,,,,,,,,,,,,,,,,,,,,,,,,,,,,,,,,,,,
B610,0,0,0,0,0,0,0,1,1,0,0,1,1,1,0,0,1,1,0,0,1,,1,1,1,1,1,,,0,0,0,0,0,,,,,,,,1,1,1,1,,0,0,0,,0,0,,0,,
B611,0,0,0,0,0,0,0,0,0,1,0,1,1,1,0,0,1,0,0,0,,,,,,,,,,,,,,,,0,1,1,0,,,1,1,1,,,1,0,,,0,,,,,
B612,0,0,0,0,0,0,0,0,0,0,0,0,1,0,0,0,0,0,0,0,,,,,,,,,,,,,,,,,,,,,,,,,,,,,,,,,,,,
B613,1,0,0,0,0,0,0,0,0,1,1,1,1,1,1,0,1,0,1,0,,,,,,,,,,,,,,,,0,0,0,0,,0,1,1,0,,1,1,0,,1,0,,1,,1,
B614,0,0,0,0,0,0,0,0,0,0,0,0,0,0,0,0,0,0,0,0,,,,,,,,,,,,,,,,,,,,,,,,,,,,,,,,,,,,
B615,0,0,0,0,0,0,0,0,0,0,0,0,0,0,0,0,0,0,0,0,,,,,,,,,,,,,,,,,,,,,,,,,,,,,,,,,,,,
B616,0,0,0,0,0,0,0,1,1,1,0,1,1,1,0,0,1,1,0,0,1,1,1,1,1,1,1,,0,0,0,0,0,0,,0,0,0,0,0,,1,1,1,1,,0,0,0,,0,0,,0,,
B617,0,0,0,0,0,0,0,0,0,1,0,1,1,1,0,0,1,0,0,0,,,,,,,,,,,,,,,,0,1,1,0,,,1,1,1,,,0,0,,,0,,,,,
B618,0,0,0,0,0,0,0,0,1,0,0,0,0,0,0,0,0,0,0,0,,,,,,,,,,,,,,,,,,,,,,,,,,,,,,,,,,,,
B619,0,0,0,0,0,0,0,0,0,1,1,1,1,1,1,0,1,0,1,0,,,,,,,,,,,,,,,,0,0,0,0,,0,1,1,0,,1,0,0,,1,0,,1,,1,
B620,0,0,0,0,0,0,0,0,0,0,0,0,0,0,0,0,0,0,0,0,,,,,,,,,,,,,,,,,,,,,,,,,,,,,,,,,,,,
B621,0,0,0,0,0,0,0,0,0,0,0,0,0,0,0,0,0,0,0,0,,,,,,,,,,,,,,,,,,,,,,,,,,,,,,,,,,,,
B622,0,0,0,0,0,0,0,1,1,1,0,1,1,1,0,0,1,1,0,0,1,1,1,1,1,1,1,,0,0,0,0,0,0,,0,0,0,0,0,,1,1,1,1,,0,0,0,,0,0,,0,,
B623,0,0,0,0,0,0,0,0,0,1,0,1,1,1,0,0,1,0,0,0,,,,,,,,,,,,,,,,0,1,1,0,,,1,1,1,,,1,0,,,0,,,,,
B624,0,0,0,0,0,0,0,0,1,0,0,0,0,0,1,0,0,0,0,0,,,,,,,,,,,,,,,,,,,,,,,,,,,,,,,,,,,,
B625,0,0,0,0,0,0,0,0,0,1,1,1,1,1,1,0,1,0,1,0,,,,,,,,,,,,,,,,0,0,0,0,,0,1,1,0,,1,1,0,,1,0,,1,,1,
B626,0,0,0,0,0,0,0,0,0,0,0,0,0,0,0,0,0,0,0,0,,,,,,,,,,,,,,,,,,,,,,,,,,,,,,,,,,,,
B627,0,0,0,0,0,0,0,0,0,0,0,0,0,0,0,0,0,0,0,0,,,,,,,,,,,,,,,,,,,,,,,,,,,,,,,,,,,,
B628,0,0,0,0,0,0,0,1,1,1,0,1,1,1,0,0,1,1,0,0,1,1,1,1,1,1,1,,0,0,0,0,0,0,,0,0,0,0,0,,1,1,1,1,,0,0,0,,0,0,,0,,
B629,0,0,0,0,0,0,0,0,0,1,0,1,1,1,0,0,1,0,0,0,,,,,,,,,,,,,,,,0,1,1,0,,,1,1,1,,,1,0,,,0,,,,,
B630,0,0,0,0,0,0,0,0,0,0,0,0,0,0,0,0,0,0,0,0,,,,,,,,,,,,,,,,,,,,,,,,,,,,,,,,,,,,
B631,0,0,0,0,0,0,0,0,0,1,1,1,1,1,1,0,1,0,1,0,,,,,,,,,,,,,,,,0,0,0,0,,0,1,1,0,,1,1,0,,1,0,,1,,1,
B632,0,0,0,0,0,0,0,0,0,0,0,0,0,0,0,0,0,0,0,0,,,,,,,,,,,,,,,,,,,,,,,,,,,,,,,,,,,,
B633,0,0,0,0,0,0,0,0,0,0,0,0,0,0,0,0,0,0,0,0,,,,,,,,,,,,,,,,,,,,,,,,,,,,,,,,,,,,
B634,0,0,0,0,0,0,0,1,1,0,0,1,1,1,0,0,1,1,0,0,1,,1,1,1,1,1,,,0,1,1,1,0,,,,,,,,1,1,1,1,,0,0,0,,0,0,,0,,
B635,0,0,0,0,0,0,0,0,0,1,0,1,0,1,0,0,1,0,0,0,,,,,,,,,,,,,,,,0,,1,0,,,,1,1,,,,,,,0,,,,,
B636,0,0,0,0,0,0,0,0,1,0,0,1,1,0,1,0,0,0,0,0,,,,,,,,,,0,0,,,,,,,,,,,1,,,,,,,,,,,,,,
B637,0,0,0,0,0,0,0,0,0,1,1,1,1,1,1,0,1,0,1,0,,,,,,,,,,,,,,,,0,0,0,0,,0,1,1,0,,1,1,0,,0,0,,0,,1,
B638,0,0,0,0,0,0,0,0,0,0,0,0,0,0,0,0,0,0,0,0,,,,,,,,,,,,,,,,,,,,,,,,,,,,,,,,,,,,
B639,0,0,0,0,0,0,0,0,0,0,0,0,0,0,0,0,0,0,0,0,,,,,,,,,,,,,,,,,,,,,,,,,,,,,,,,,,,,
B640,0,0,0,0,0,0,0,1,1,1,0,1,1,1,0,0,1,1,0,0,1,1,1,1,1,1,1,,0,0,0,0,0,0,,0,0,0,0,0,,1,1,1,1,,0,0,0,,0,0,,0,,
B641,0,0,0,0,0,0,0,0,0,1,0,1,1,1,0,0,1,0,0,0,,,,,,,,,,,,,,,,0,1,1,0,,,1,1,1,,,1,0,,,0,,,,,
B642,0,0,0,0,0,0,0,0,0,0,0,0,0,0,0,0,0,0,0,0,,,,,,,,,,,,,,,,,,,,,,,,,,,,,,,,,,,,
B643,1,0,0,0,0,0,0,0,0,1,1,1,1,1,0,0,1,0,1,0,,,,,,,,,,,,,,,,0,0,0,0,,0,1,1,0,,1,1,0,,1,0,,1,,1,
B644,0,0,0,0,0,0,0,0,0,0,0,0,0,0,0,0,0,0,0,0,,,,,,,,,,,,,,,,,,,,,,,,,,,,,,,,,,,,
B645,0,0,0,0,0,0,0,0,0,0,0,0,0,0,0,0,0,0,0,0,,,,,,,,,,,,,,,,,,,,,,,,,,,,,,,,,,,,
B646,0,0,0,0,0,0,0,1,1,1,0,1,1,1,0,0,1,1,0,0,1,1,1,1,1,1,1,,0,0,0,0,0,0,,0,0,0,0,0,,1,1,1,1,,0,0,0,,0,0,,0,,
B647,0,0,0,0,0,0,0,0,0,1,0,1,1,1,0,0,1,0,0,0,,,,,,,,,,,,,,,,0,1,1,0,,,1,1,1,,,0,0,,,0,,,,,
B648,0,0,0,0,0,0,0,1,0,0,0,0,0,0,0,0,0,0,0,0,,,,,,,,,,,,,,,,,,,,,,,,,,,,,,,,,,,,
B649,0,0,0,0,0,0,0,0,0,1,1,1,1,1,0,0,1,0,1,0,,,,,,,,,,,,,,,,0,0,0,0,,0,1,1,0,,1,1,0,,1,0,,1,,1,
B650,0,0,0,0,0,0,0,0,0,0,0,0,0,0,0,0,0,0,0,0,,,,,,,,,,,,,,,,,,,,,,,,,,,,,,,,,,,,
B651,0,0,0,0,0,0,0,0,0,0,0,0,0,0,0,0,0,0,0,0,,,,,,,,,,,,,,,,,,,,,,,,,,,,,,,,,,,,
B652,0,0,0,0,0,0,0,1,1,1,0,1,1,1,0,0,1,1,0,0,1,1,1,1,1,1,1,,0,0,0,0,0,0,,0,0,0,0,0,,1,1,1,1,,0,0,0,,0,0,,0,,
B653,0,0,0,0,0,0,0,0,0,1,0,1,1,1,0,0,1,0,0,0,,,,,,,,,,,,,,,,0,1,1,0,,,1,1,1,,,1,0,,,0,,,,,
B654,0,0,0,0,0,0,0,1,0,0,0,0,0,0,0,0,0,0,0,0,,,,,,,,,,,,,,,,,,,,,,,,,,,,,,,,,,,,
B655,0,0,0,0,0,0,0,0,0,1,1,1,1,1,0,0,1,0,1,0,,,,,,,,,,,,,,,,0,0,0,0,,0,1,1,0,,1,1,0,,1,0,,1,,1,
B656,0,0,0,0,0,0,0,0,0,0,0,0,0,0,0,0,0,0,0,0,,,,,,,,,,,,,,,,,,,,,,,,,,,,,,,,,,,,
B657,0,0,0,0,0,0,0,0,0,0,0,1,0,0,0,0,0,0,0,0,,,,,,,,,,,,,,,,,,,,,,,,,,,,,,,,,,,,
B658,0,0,0,0,0,0,0,1,1,1,0,1,1,1,0,0,1,1,0,0,1,1,1,1,1,1,1,,0,0,0,0,0,0,,0,0,0,0,0,,1,1,1,1,,0,0,0,,0,0,,0,,
B659,0,0,0,0,0,0,0,0,0,1,0,1,1,1,0,0,1,0,0,0,,,,,,,,,,,,,,,,0,1,1,0,,,1,1,1,,,1,0,,,0,,,,,
B660,0,0,0,0,0,0,0,0,0,0,0,0,0,0,0,0,0,0,0,0,,,,,,,,,,,,,,,,,,,,,,,,,,,,,,,,,,,,
B661,0,0,0,0,0,0,0,0,0,1,1,1,1,1,0,0,1,0,1,0,,,,,,,,,,,,,,,,0,0,0,0,,1,1,1,0,,1,1,0,,1,0,,1,,1,
B662,0,0,0,0,0,0,0,0,0,0,0,0,0,0,0,0,0,0,0,0,,,,,,,,,,,,,,,,,,,,,,,,,,,,,,,,,,,,
B663,0,0,0,0,0,0,0,0,0,0,0,0,0,0,0,0,0,0,0,0,,,,,,,,,,,,,,,,,,,,,,,,,,,,,,,,,,,,
B664,0,0,0,0,0,0,0,1,1,1,0,1,1,1,0,0,1,1,0,0,1,1,1,1,1,1,1,,0,0,0,0,0,0,,0,0,0,0,0,,1,1,1,1,,0,0,0,,0,0,,0,,
B665,0,0,0,0,0,0,0,0,0,1,0,1,1,1,0,0,1,0,0,0,,,,,,,,,,,,,,,,0,1,1,0,,,1,1,1,,,1,0,,,0,,,,,
B666,0,0,0,0,0,0,0,0,0,0,0,0,1,1,0,0,0,1,0,1,,,,,,,,,,,,,,,,,,,,,,,,,,,1,,0,,,0,,,,
B667,0,0,0,0,0,0,0,0,0,1,1,1,1,1,1,0,1,0,1,0,,,,,,,,,,,,,,,,0,0,0,0,,0,1,1,0,,1,1,0,,1,0,,0,,1,
B668,0,0,0,0,0,0,0,0,0,0,0,0,0,0,0,0,0,0,0,0,,,,,,,,,,,,,,,,,,,,,,,,,,,,,,,,,,,,
B669,0,0,0,0,0,0,0,1,1,1,0,1,1,1,0,0,1,1,0,0,1,1,1,1,1,1,1,,0,0,0,0,0,0,,0,0,0,0,0,,1,1,1,1,,0,0,0,,0,0,,0,,
B670,0,0,0,0,0,0,0,0,0,1,0,1,1,1,0,0,1,0,0,0,,,,,,,,,,,,,,,,0,1,1,0,,,1,1,1,,,1,0,,,0,,,,,
B671,0,0,0,0,0,0,0,1,0,1,0,1,0,0,0,0,0,1,0,0,,1,0,,,,0,,,,,,,,,0,,,,0,,,,,0,,,,,,,,,,,
B672,0,0,0,0,0,0,0,0,1,1,1,1,1,1,1,0,1,0,1,0,,,,,,,,,0,0,0,0,0,,0,0,0,0,0,,0,1,1,0,,1,0,0,,1,0,,1,,1,
B673,0,0,0,0,0,0,0,0,0,0,0,0,0,0,0,0,0,0,0,0,,,,,,,,,,,,,,,,,,,,,,,,,,,,,,,,,,,,
B674,0,0,0,0,0,0,0,1,1,1,0,1,1,1,0,0,1,1,0,0,1,1,1,1,1,1,1,,0,0,0,0,0,0,,0,0,0,0,0,,1,1,1,1,,0,0,0,,0,0,,0,,
B675,0,0,0,0,0,0,0,0,0,1,0,1,1,1,0,0,1,0,0,0,,,,,,,,,,,,,,,,0,1,1,0,,,1,1,1,,,0,0,,,0,,,,,
B676,0,0,0,0,0,0,0,0,1,0,0,1,0,0,1,0,0,0,0,0,,,,,,,,,,1,,,,,,,,,,,,,,,,,,,,,,,,,,
B677,0,0,0,0,0,0,0,0,0,0,0,0,0,0,0,0,0,0,0,0,,,,,,,,,,,,,,,,,,,,,,,,,,,,,,,,,,,,
B678,0,0,0,0,0,0,0,0,0,0,0,0,0,0,0,0,0,0,0,0,,,,,,,,,,,,,,,,,,,,,,,,,,,,,,,,,,,,
B679,0,0,0,0,0,0,0,1,1,1,0,1,1,1,0,0,1,1,0,0,1,1,1,1,1,1,1,,0,0,0,0,0,0,,0,0,0,0,0,,1,1,1,1,,0,0,0,,0,0,,0,,
B680,0,0,0,0,0,0,0,0,0,1,0,1,1,1,0,0,1,0,0,0,,,,,,,,,,,,,,,,0,1,1,0,,,1,1,1,,,1,0,,,0,,,,,
B681,0,0,0,0,0,0,0,0,1,0,0,0,0,0,1,0,0,1,0,0,,,,,,,,,,,,,,0,,,,,,,,,,,,,,,,,,,,,,
B682,1,0,0,0,0,0,0,0,0,1,1,1,1,1,1,0,1,0,1,0,,,,,,,,,,,,,,,,0,0,0,0,,0,1,1,0,,1,1,0,,1,0,,0,,1,
B683,0,0,0,0,0,0,0,0,0,0,0,0,0,0,0,0,0,0,0,0,,,,,,,,,,,,,,,,,,,,,,,,,,,,,,,,,,,,
B684,0,0,0,0,0,0,0,1,1,0,0,1,1,1,0,0,1,1,0,0,1,,1,1,1,1,1,,,0,0,0,0,0,,,,,,,,1,1,1,1,,0,0,0,,0,0,,0,,
B685,0,0,0,0,0,0,0,0,0,1,0,1,1,1,0,0,1,0,0,0,,,,,,,,,,,,,,,,0,1,1,0,,,1,1,1,,,1,0,,,0,,,,,
B686,0,0,0,0,0,0,0,1,1,0,0,0,0,0,0,0,0,1,1,0,0,,,,,,1,0,,,,,,1,1,,,,,,,,,,,,,,,,,,,,,0
B687,0,0,0,0,0,0,0,0,0,1,1,1,1,1,1,0,1,0,1,0,,,,,,,,,,,,,,,,0,0,0,0,,0,1,1,0,,1,1,0,,1,0,,1,,1,
B688,0,0,0,0,0,0,0,0,0,0,0,0,0,0,0,0,0,0,0,0,,,,,,,,,,,,,,,,,,,,,,,,,,,,,,,,,,,,
B689,0,0,0,0,0,0,0,1,1,1,0,1,1,1,0,0,1,1,0,0,1,1,1,1,1,1,1,,0,0,0,0,0,0,,0,0,0,0,0,,1,1,1,1,,0,0,0,,0,0,,0,,
B690,0,0,0,0,0,0,0,0,0,1,0,1,1,1,0,0,1,0,0,0,,,,,,,,,,,,,,,,0,1,1,0,,,1,1,1,,,1,0,,,0,,,,,
B691,0,0,0,0,0,0,0,0,0,0,0,0,0,0,0,0,0,0,0,0,,,,,,,,,,,,,,,,,,,,,,,,,,,,,,,,,,,,
B692,1,0,0,0,0,0,0,0,0,1,1,1,1,1,0,0,1,0,1,0,,,,,,,,,,,,,,,,0,0,0,0,,0,1,1,0,,1,1,0,,1,0,,1,,1,
B693,0,0,0,0,0,0,0,0,0,0,0,0,0,0,0,0,0,0,0,0,,,,,,,,,,,,,,,,,,,,,,,,,,,,,,,,,,,,
B694,0,0,0,0,0,0,0,1,1,1,0,1,1,1,0,0,1,1,0,0,1,1,1,1,1,1,1,,0,0,0,0,0,0,,0,0,0,0,0,,1,1,1,1,,0,0,0,,0,0,,0,,
B695,0,0,0,0,0,0,0,0,0,1,0,1,1,1,0,0,1,0,0,0,,,,,,,,,,,,,,,,0,1,1,0,,,1,1,1,,,1,0,,,0,,,,,
B696,0,0,0,0,0,0,0,0,1,0,0,1,1,0,1,0,0,1,0,0,,,,,,,,,,0,1,,,1,,,,,,,,1,,,1,,,,0,,,,,,,
B697,0,0,0,0,0,0,0,0,0,1,1,1,1,1,1,0,1,0,1,0,,,,,,,,,,,,,,,,0,0,0,0,,0,1,1,0,,1,1,0,,1,0,,0,,1,
B698,0,0,0,0,0,0,0,0,0,0,0,0,0,0,0,0,0,0,0,0,,,,,,,,,,,,,,,,,,,,,,,,,,,,,,,,,,,,
B699,0,0,0,0,0,0,0,1,1,1,0,1,1,1,0,0,1,1,0,0,1,1,1,1,1,1,1,,0,0,0,0,0,0,,0,0,0,0,0,,1,1,1,1,,0,0,0,,0,0,,0,,
B700,0,0,0,0,0,0,0,0,0,1,0,1,1,1,0,0,1,0,0,0,,,,,,,,,,,,,,,,0,1,1,0,,,1,1,1,,,1,0,,,0,,,,,
B701,0,0,0,0,0,0,0,0,1,0,0,1,1,0,1,0,1,1,0,0,,,,,,,,,,0,1,,0,1,,,,,,,,1,,1,1,,,0,0,,,,,1,,
B702,0,0,0,0,0,0,0,0,1,1,1,1,1,1,1,0,1,0,1,0,,,,,,,,,0,0,0,0,0,,0,0,0,0,0,,0,1,1,0,,1,1,0,,0,0,,0,,1,
B703,0,0,0,0,0,0,0,0,0,0,0,0,0,0,0,0,0,0,0,0,,,,,,,,,,,,,,,,,,,,,,,,,,,,,,,,,,,,
B704,0,0,0,0,0,0,0,1,1,1,0,1,1,1,0,0,1,1,0,0,1,1,1,1,1,1,1,,0,0,0,0,0,0,,0,0,0,0,0,,1,1,1,1,,0,0,0,,0,0,,0,,
B705,0,0,0,0,0,0,0,0,0,1,0,1,0,0,0,0,1,0,0,0,,,,,,,,,,,,,,,,0,,,0,,,,,1,,,,,,,,,,,,
B706,0,0,0,0,0,0,0,0,1,0,0,1,1,1,0,0,0,1,0,1,,,,,,,,,,0,1,1,,0,,,,,,,,1,1,,0,,1,,0,,,0,,,,
B707,0,0,0,0,0,0,0,0,0,1,1,1,1,1,0,0,1,0,1,0,,,,,,,,,,,,,,,,0,0,0,0,,0,1,1,0,,1,0,0,,1,0,,1,,1,
B708,0,0,0,0,0,0,0,1,1,1,0,1,1,1,0,0,1,1,0,0,1,1,1,1,1,1,1,,0,0,0,0,0,0,,0,0,0,0,0,,1,1,1,1,,0,0,0,,0,0,,0,,
B709,0,0,0,0,0,0,0,0,0,1,0,1,1,1,0,0,1,0,0,0,,,,,,,,,,,,,,,,0,1,1,0,,,1,1,1,,,1,0,,,0,,,,,
B70,1,1,0,0,1,0,0,1,1,0,0,1,1,1,0,1,1,0,0,0,1,,1,1,1,1,,,,0,0,0,0,,,,,,,,,1,1,1,,,0,0,,,0,,,,,
B710,0,0,0,0,0,0,0,0,1,0,0,1,1,1,1,0,0,1,0,1,,,,,,,,,,0,0,0,,0,,,,,,,,1,1,,0,,1,,0,,,0,,,,
B711,0,0,0,0,0,0,0,0,0,0,0,1,1,0,1,0,1,1,0,0,,,,,,,,,,,,,,,,,,,,,,1,,1,1,,,0,1,,,,,1,,
B712,0,0,0,0,0,0,0,1,1,1,0,1,1,1,0,0,1,1,0,0,1,1,1,1,1,1,1,,0,0,0,0,0,0,,0,0,0,0,0,,1,1,1,1,,0,0,0,,0,0,,0,,
B713,0,0,0,0,0,0,0,0,0,1,0,1,1,1,0,0,1,0,0,0,,,,,,,,,,,,,,,,0,1,1,0,,,1,1,1,,,1,0,,,0,,,,,
B714,0,0,0,0,0,0,0,0,1,0,0,1,1,1,1,0,0,1,0,1,,,,,,,,,,0,0,0,,0,,,,,,,,1,1,,0,,1,,0,,,0,,,,
B715,0,0,0,0,0,0,0,0,0,0,0,0,0,0,0,0,0,0,0,0,,,,,,,,,,,,,,,,,,,,,,,,,,,,,,,,,,,,
B716,0,0,0,0,0,0,0,1,1,1,0,1,1,1,0,0,1,1,0,0,1,1,1,1,1,1,1,,0,0,0,0,0,0,,0,0,0,0,0,,1,1,1,1,,0,0,0,,0,0,,0,,
B717,0,0,0,0,0,0,0,0,0,1,0,1,0,1,0,0,1,0,0,0,,,,,,,,,,,,,,,,0,,1,0,,,,1,1,,,,,,,0,,,,,
B718,0,0,0,0,0,0,0,0,1,0,0,1,1,1,1,0,0,0,0,1,,,,,,,,,,0,0,0,,,,,,,,,,1,1,,,,1,,,,,,,,,
B719,0,0,0,0,0,0,0,0,0,0,0,0,0,0,0,0,0,0,0,0,,,,,,,,,,,,,,,,,,,,,,,,,,,,,,,,,,,,
B71,1,1,0,0,1,0,0,1,1,0,0,1,1,1,0,1,1,0,0,0,1,,1,1,1,1,,,,0,0,0,0,,,,,,,,,1,1,1,,,0,0,,,0,,,,,
B720,0,0,0,0,0,0,0,1,1,1,0,1,1,1,0,0,1,1,0,0,1,1,1,1,1,1,1,,0,0,0,0,0,0,,0,0,0,0,0,,1,1,1,1,,0,0,0,,0,0,,0,,
B721,0,0,0,0,0,0,0,0,0,1,0,1,1,1,0,0,1,0,0,0,,,,,,,,,,,,,,,,0,1,1,0,,,1,1,1,,,1,0,,,0,,,,,
B722,0,0,0,0,0,0,0,0,1,0,0,1,1,1,1,0,0,0,0,1,,,,,,,,,,0,0,0,,,,,,,,,,1,1,,,,1,,,,,,,,,
B723,0,0,0,0,0,0,0,0,0,0,0,0,0,0,0,0,0,0,0,0,,,,,,,,,,,,,,,,,,,,,,,,,,,,,,,,,,,,
B724,0,0,0,0,0,0,0,1,1,1,0,1,1,1,0,0,1,1,0,0,1,1,1,1,1,1,1,,0,0,0,0,0,0,,0,0,0,0,0,,1,1,1,1,,0,0,0,,0,0,,0,,
B725,0,0,0,0,0,0,0,0,0,1,0,1,1,1,0,0,1,0,0,0,,,,,,,,,,,,,,,,0,1,1,0,,,1,1,1,,,1,0,,,0,,,,,
B726,0,0,0,0,0,0,0,0,0,0,0,1,1,1,1,0,0,1,0,0,,,,,,,,,,,,,,,,,,,,,,1,1,,1,,0,,1,,,1,,,,
B727,0,0,0,0,0,0,0,0,0,0,0,0,0,0,0,0,0,0,0,0,,,,,,,,,,,,,,,,,,,,,,,,,,,,,,,,,,,,
B728,0,0,0,0,0,0,0,1,1,1,0,1,1,1,0,0,1,1,0,0,1,1,1,1,1,1,1,,0,0,0,0,0,0,,0,0,0,0,0,,1,1,1,1,,0,0,0,,1,0,,0,,
B729,0,0,0,0,0,0,0,0,0,1,0,1,1,1,0,0,1,0,0,0,,,,,,,,,,,,,,,,0,1,1,0,,,1,1,1,,,1,0,,,0,,,,,
B72,0,0,0,0,0,0,0,1,1,0,0,1,1,1,1,1,1,1,0,1,0,,0,0,0,0,0,,,0,0,0,0,0,,,,,,,,0,1,1,1,,1,1,1,,0,1,,1,,
B730,0,0,0,0,0,0,0,0,0,0,0,1,0,0,0,0,0,1,0,0,,,,,,,,,,,,,,,,,,,,,,,,,0,,,,,,,,,,,
B731,0,0,0,0,0,0,0,0,1,0,0,1,0,0,1,0,0,0,0,0,,,,,,,,,,0,,,,,,,,,,,,,,,,,,,,,,,,,,
B732,0,0,0,0,0,0,0,1,1,1,0,1,1,1,0,0,1,1,0,0,1,1,1,1,1,1,1,,0,0,0,0,0,0,,0,0,0,0,0,,1,1,1,1,,0,0,0,,0,0,,0,,
B733,0,0,0,0,0,0,0,0,0,1,0,1,1,1,0,0,1,0,0,0,,,,,,,,,,,,,,,,0,1,1,0,,,1,1,1,,,0,0,,,0,,,,,
B734,0,0,0,0,0,0,0,0,1,0,0,0,1,0,0,0,0,1,0,0,,,,,,,,,,,0,,,0,,,,,,,,,,,,,,,1,,,,,,,
B735,0,0,0,0,0,0,0,0,1,0,0,1,0,0,1,0,0,0,0,0,,,,,,,,,,0,,,,,,,,,,,,,,,,,,,,,,,,,,
B736,0,0,0,0,0,0,0,1,1,1,0,1,1,1,0,0,1,1,0,0,1,1,1,1,1,1,1,,0,0,0,0,0,0,,0,0,0,0,0,,1,1,1,1,,0,0,0,,0,0,,0,,
B737,0,0,0,0,0,0,0,0,0,1,0,1,1,1,0,0,1,0,0,0,,,,,,,,,,,,,,,,0,1,1,0,,,1,1,1,,,1,0,,,0,,,,,
B738,1,1,1,0,1,0,0,1,1,1,0,1,1,0,0,0,0,0,0,0,0,0,0,1,,,,,1,1,1,,,,,1,1,,,,,1,,,,,,,,,,,,,,
B739,0,0,0,0,0,0,0,0,0,0,0,0,0,0,0,0,0,0,0,0,,,,,,,,,,,,,,,,,,,,,,,,,,,,,,,,,,,,
B73,0,0,0,0,0,0,0,0,0,0,0,1,0,0,0,0,0,1,1,0,,,,,,,,,,,,,,,,,,,,,,,,,1,1,,,,,,,,,,1
B740,0,0,0,0,0,0,0,1,1,1,0,1,1,1,0,0,1,1,0,0,1,1,1,1,1,1,1,,0,0,0,0,0,0,,0,0,0,0,0,,1,1,1,1,,0,0,0,,0,0,,0,,
B741,0,0,0,0,0,0,0,0,0,1,0,1,1,1,0,0,1,0,0,0,,,,,,,,,,,,,,,,0,1,1,0,,,1,1,1,,,1,0,,,0,,,,,
B742,0,0,0,0,0,0,0,0,0,0,0,0,0,0,0,0,0,1,0,0,,,,,,,,,,,,,,,,,,,,,,,,,,,,,,,,,,,,
B743,0,0,0,0,0,0,0,0,0,1,1,1,1,1,1,0,1,0,1,0,,,,,,,,,,,,,,,,0,0,0,0,,0,1,1,0,,1,1,0,,1,0,,1,,1,
B744,0,0,0,0,0,0,0,1,1,0,0,1,0,0,0,0,1,1,0,0,1,,1,,,1,1,,,0,,,1,0,,,,,,,,,,1,1,,,,,,,,,0,,
B745,0,0,0,0,0,0,0,0,0,1,0,1,1,1,0,0,1,0,0,0,,,,,,,,,,,,,,,,0,1,1,0,,,1,1,1,,,1,0,,,0,,,,,
B746,0,0,0,0,0,0,0,0,0,0,0,0,0,0,0,0,0,1,0,0,,,,,,,,,,,,,,,,,,,,,,,,,,,,,,,,,,,,
B747,0,0,0,0,0,0,0,0,1,1,1,1,1,1,1,0,1,0,1,0,,,,,,,,,0,0,0,0,0,,0,0,0,0,0,,0,1,1,0,,1,1,0,,1,0,,1,,1,
B748,0,0,0,0,0,0,0,1,1,1,0,1,1,1,0,0,1,1,0,0,1,1,1,1,1,1,1,,0,0,0,0,0,0,,0,0,0,0,0,,1,1,1,1,,0,0,0,,0,0,,0,,
B749,0,0,0,0,0,0,0,0,0,1,0,1,1,1,0,0,1,0,0,0,,,,,,,,,,,,,,,,0,1,1,0,,,1,1,1,,,1,0,,,0,,,,,
B74,0,0,0,0,0,0,0,0,1,1,0,1,0,1,0,0,1,1,1,0,,,,,,,,,1,0,,1,1,0,1,0,,1,1,0,0,,1,1,0,1,,,,,0,0,0,0,0,1
B750,0,0,0,0,0,0,0,0,1,1,0,1,0,0,0,0,0,0,1,1,,,,,,,,,1,0,,,,,1,0,,,,,0,,,,,1,,,,,,,,,,
B751,0,0,0,0,0,0,0,0,0,1,1,1,1,1,1,0,1,0,1,0,,,,,,,,,,,,,,,,0,0,0,0,,0,1,1,0,,1,1,0,,0,0,,0,,1,
B752,0,0,0,0,0,0,0,1,1,1,0,1,1,1,0,0,1,1,0,0,1,1,1,1,1,1,1,,0,0,0,0,0,0,,0,0,0,0,0,,1,1,1,1,,0,0,0,,0,0,,0,,
B753,0,0,0,0,0,0,0,0,0,0,0,0,0,0,0,0,0,0,0,0,,,,,,,,,,,,,,,,,,,,,,,,,,,,,,,,,,,,
B754,0,0,0,0,0,1,0,0,1,0,0,0,0,0,0,0,0,0,0,0,,,,,,,,,,,,,,,,,,,,,,,,,,,,,,,,,,,,
B755,0,0,0,0,0,0,0,0,0,1,1,1,1,1,1,0,1,0,1,0,,,,,,,,,,,,,,,,0,0,0,0,,0,1,1,0,,1,1,0,,1,0,,1,,1,
B756,0,0,0,0,0,0,0,1,1,1,0,1,1,1,0,0,1,1,0,0,1,1,1,1,1,1,1,,0,0,0,0,0,0,,0,0,0,0,0,,1,1,1,1,,0,0,0,,0,0,,0,,
B757,0,0,0,0,0,0,0,0,0,0,0,0,0,0,0,0,0,0,0,0,,,,,,,,,,,,,,,,,,,,,,,,,,,,,,,,,,,,
B758,0,0,0,0,0,1,0,0,1,0,0,1,0,0,0,0,0,0,1,0,,,,,,,,,,0,,,,,0,,,,,,,,,,,1,,,,,,,,,,
B759,0,0,0,0,0,0,0,0,1,0,0,1,0,0,1,0,0,0,0,0,,,,,,,,,,0,,,,,,,,,,,,,,,,,,,,,,,,,,
B75,0,0,0,0,0,0,0,0,0,0,0,0,0,0,0,0,0,0,0,0,,,,,,,,,,,,,,,,,,,,,,,,,,,,,,,,,,,,
B760,0,0,0,0,0,0,0,1,1,1,0,1,1,1,0,0,1,1,0,0,1,1,1,1,1,1,1,,0,0,0,0,0,0,,0,0,0,0,0,,1,1,1,1,,0,0,0,,0,0,,0,,
B761,0,0,0,0,0,0,0,0,0,0,0,0,0,0,0,0,0,0,0,0,,,,,,,,,,,,,,,,,,,,,,,,,,,,,,,,,,,,
B762,0,0,0,0,0,0,0,0,0,0,0,0,0,0,0,0,0,0,0,0,,,,,,,,,,,,,,,,,,,,,,,,,,,,,,,,,,,,
B763,0,0,0,0,0,0,0,0,1,0,0,1,0,0,1,0,0,0,0,0,,,,,,,,,,0,,,,,,,,,,,,,,,,,,,,,,,,,,
B764,0,0,0,0,0,0,0,1,1,1,0,1,1,1,0,0,1,1,0,0,1,1,1,1,1,1,1,,0,0,0,0,0,0,,0,0,0,0,0,,1,1,1,1,,0,0,0,,0,0,,0,,
B765,0,0,0,0,0,0,0,0,0,1,0,1,1,1,0,0,1,0,0,0,,,,,,,,,,,,,,,,0,1,1,0,,,1,1,1,,,0,0,,,0,,,,,
B766,0,0,0,0,0,0,0,0,0,0,0,0,0,0,0,0,0,0,0,0,,,,,,,,,,,,,,,,,,,,,,,,,,,,,,,,,,,,
B767,0,0,0,0,0,0,0,0,0,1,1,1,1,1,1,0,1,0,1,0,,,,,,,,,,,,,,,,0,0,0,0,,0,1,1,0,,1,1,0,,1,0,,1,,1,
B768,0,0,0,0,0,0,0,1,1,0,0,1,0,0,0,0,1,1,0,0,1,,1,,,1,1,,,0,,,1,0,,,,,,,,,,1,1,,,,,,,,,0,,
B769,0,0,0,0,0,0,0,0,0,1,0,1,1,1,0,0,1,0,0,0,,,,,,,,,,,,,,,,0,1,1,0,,,1,1,1,,,1,0,,,0,,,,,
B76,0,0,0,0,0,0,0,0,1,0,0,1,1,1,1,1,1,1,0,1,,,,,,,,,,0,0,0,0,0,,,,,,,,0,1,1,1,,1,1,1,,0,1,,1,,
B770,0,0,0,0,0,0,0,0,0,0,0,0,0,0,0,0,0,0,0,0,,,,,,,,,,,,,,,,,,,,,,,,,,,,,,,,,,,,
B771,0,0,0,0,0,0,0,0,0,1,1,1,1,1,1,0,1,0,1,0,,,,,,,,,,,,,,,,0,0,0,0,,0,1,1,0,,1,1,0,,1,0,,0,,1,
B772,0,0,0,0,0,0,0,0,0,0,0,0,0,0,0,0,0,0,0,0,,,,,,,,,,,,,,,,,,,,,,,,,,,,,,,,,,,,
B773,1,1,1,0,0,0,0,1,1,1,0,1,1,1,0,0,1,1,0,0,1,0,0,0,0,0,0,,0,0,0,0,0,0,,0,1,1,0,1,,1,1,1,1,,1,0,1,,0,1,,1,,
B774,0,0,0,0,0,0,0,0,0,0,0,0,0,0,0,0,0,0,0,0,,,,,,,,,,,,,,,,,,,,,,,,,,,,,,,,,,,,
B775,0,0,0,0,0,0,0,0,0,1,1,1,1,1,1,0,1,0,1,0,,,,,,,,,,,,,,,,0,0,0,0,,0,1,1,0,,1,1,0,,1,0,,0,,1,
B776,0,0,0,0,0,0,0,1,1,1,0,1,1,1,0,0,1,1,0,0,1,1,1,1,1,1,1,,0,0,0,0,0,0,,0,0,0,0,0,,1,1,1,1,,0,0,0,,0,0,,0,,
B777,0,0,0,0,0,0,0,0,0,1,0,1,1,1,0,0,1,0,0,0,,,,,,,,,,,,,,,,0,1,1,0,,,1,1,1,,,1,0,,,0,,,,,
B778,0,0,0,0,0,0,0,0,0,0,0,1,1,1,0,0,1,0,0,0,,,,,,,,,,,,,,,,,,,,,,1,1,0,,,1,0,,,0,,,,,
B779,1,0,0,0,0,0,0,0,0,1,1,1,1,1,1,0,1,0,1,0,,,,,,,,,,,,,,,,0,0,0,0,,0,1,1,0,,1,1,0,,1,0,,0,,1,
B77,0,0,0,0,0,0,0,1,0,0,0,0,0,0,0,0,0,0,0,0,,,,,,,,,,,,,,,,,,,,,,,,,,,,,,,,,,,,
B780,0,0,0,0,0,0,0,1,1,1,0,1,1,1,0,0,1,1,0,0,1,1,1,1,1,1,1,,0,0,0,0,0,0,,0,0,0,0,0,,1,1,1,1,,0,0,0,,0,0,,0,,
B781,0,0,0,0,0,0,0,0,0,1,0,1,1,1,0,0,1,0,0,0,,,,,,,,,,,,,,,,0,1,1,0,,,1,1,1,,,1,0,,,0,,,,,
B782,0,0,0,0,0,0,0,1,1,1,0,1,0,1,0,0,1,0,1,0,0,0,1,,1,1,,0,1,1,,1,1,,0,1,,1,1,,0,,1,1,,0,,,,,0,,0,,0,
B783,0,0,0,0,0,0,0,0,0,0,0,0,1,1,0,0,0,0,0,0,,,,,,,,,,,,,,,,,,,,,,,,,,,0,,,,,,,,,
B784,0,0,0,0,0,0,0,1,1,1,0,1,1,1,0,0,1,1,0,0,1,1,1,1,1,1,1,,0,0,0,0,0,0,,0,0,0,0,0,,1,1,1,1,,0,0,0,,0,0,,0,,
B785,0,0,0,0,0,0,0,0,0,1,0,1,1,1,0,0,1,0,0,0,,,,,,,,,,,,,,,,0,1,1,0,,,1,1,1,,,1,0,,,0,,,,,
B786,0,0,0,0,0,0,0,0,1,0,0,1,0,0,0,0,0,1,0,0,,,,,,,,,,1,,,,1,,,,,,,,,,,0,,,,,,,,,,,
B787,0,0,0,0,0,0,0,0,0,1,1,1,1,1,1,0,1,0,1,0,,,,,,,,,,,,,,,,0,0,0,0,,0,1,1,0,,1,0,0,,1,0,,1,,1,
B788,1,1,1,0,1,0,0,1,1,1,0,1,1,1,0,0,1,0,0,0,0,1,1,1,1,1,,,1,1,1,1,1,,,1,1,1,1,,,1,1,1,,,0,0,,,0,,,,,
B789,0,0,0,0,0,0,0,0,0,1,0,1,1,1,0,0,1,0,0,0,,,,,,,,,,,,,,,,0,1,1,0,,,1,1,1,,,0,0,,,0,,,,,
B78,0,1,0,0,0,1,0,0,1,1,0,0,0,0,0,0,0,1,1,0,,,,,,,,,0,,,,,0,0,,,,,0,0,,,,,,,,,,,,,,,1
B790,0,0,0,0,0,0,0,1,1,1,0,1,1,1,0,0,1,1,1,0,0,1,0,1,1,1,0,0,1,1,1,1,1,1,1,0,1,1,1,0,0,1,1,1,1,1,0,0,0,0,0,0,0,0,0,1
B791,1,0,0,0,0,0,0,0,0,1,1,1,1,1,1,0,1,0,1,0,,,,,,,,,,,,,,,,0,0,0,0,,0,1,1,0,,1,1,0,,1,0,,0,,1,
B792,0,0,0,0,0,0,0,1,1,1,0,1,1,1,0,0,1,1,0,0,1,1,1,1,1,1,1,,0,0,0,0,0,0,,0,0,0,0,0,,1,1,1,1,,0,0,0,,0,0,,0,,
B793,0,0,0,0,0,0,0,0,0,1,0,1,1,1,0,0,1,0,0,0,,,,,,,,,,,,,,,,0,1,1,0,,,1,1,1,,,1,0,,,0,,,,,
B794,0,0,0,0,0,0,0,0,1,1,0,1,1,0,1,0,0,1,1,1,,,,,,,,,0,0,0,,,1,0,0,0,,,1,0,1,,,1,1,,,1,0,,,,,,0
B795,0,0,0,0,0,0,0,0,0,1,1,1,1,1,1,0,1,0,1,0,,,,,,,,,,,,,,,,0,0,0,0,,0,1,1,0,,1,1,0,,1,0,,0,,1,
B796,0,0,0,0,0,0,0,1,1,1,0,1,1,1,0,0,1,1,0,0,1,1,1,1,1,1,1,,0,0,0,0,0,0,,0,0,0,0,0,,1,1,1,1,,1,0,0,,0,0,,0,,
B797,0,0,0,0,0,0,0,0,0,1,0,1,1,1,0,0,1,0,0,0,,,,,,,,,,,,,,,,0,1,1,0,,,1,1,1,,,1,0,,,0,,,,,
B798,0,0,0,0,0,0,0,0,0,1,1,1,1,1,1,0,1,0,1,0,,,,,,,,,,,,,,,,0,0,0,0,,0,1,1,0,,1,0,0,,0,0,,0,,1,
B799,0,0,0,0,0,0,0,1,1,1,0,1,1,1,0,0,1,1,0,0,1,1,1,1,1,1,1,,0,0,0,0,0,0,,0,0,0,0,0,,1,1,1,1,,0,0,0,,0,0,,0,,
B79,0,0,0,0,0,0,0,0,1,1,1,1,0,0,0,0,0,1,1,0,,,,,,,,,0,0,,,,0,0,0,,,,0,0,,,,0,1,,,,,,,,,,1
B800,0,0,0,0,0,0,0,0,0,1,0,1,1,1,0,0,1,0,0,0,,,,,,,,,,,,,,,,0,1,1,0,,,1,1,1,,,1,0,,,0,,,,,
B801,0,0,0,0,0,0,0,1,0,0,0,0,0,0,0,0,0,0,0,0,,,,,,,,,,,,,,,,,,,,,,,,,,,,,,,,,,,,
B802,0,0,0,0,0,0,0,0,0,1,1,1,1,1,0,0,1,0,1,0,,,,,,,,,,,,,,,,0,0,0,0,,0,1,1,0,,1,1,0,,1,0,,1,,1,
B803,0,0,0,0,0,0,0,0,0,0,0,0,0,0,0,0,0,0,0,0,,,,,,,,,,,,,,,,,,,,,,,,,,,,,,,,,,,,
B804,0,0,0,0,0,0,0,0,0,1,0,1,1,1,0,0,1,0,0,0,,,,,,,,,,,,,,,,0,1,1,0,,,1,1,1,,,0,0,,,0,,,,,
B805,0,0,0,0,0,0,0,0,0,0,0,0,0,0,0,0,0,0,0,0,,,,,,,,,,,,,,,,,,,,,,,,,,,,,,,,,,,,
B806,0,0,0,0,0,0,0,0,0,0,0,0,0,0,0,0,0,0,0,0,,,,,,,,,,,,,,,,,,,,,,,,,,,,,,,,,,,,
B807,0,0,0,0,0,0,0,1,1,1,0,1,1,1,0,0,1,1,0,0,1,1,1,1,1,1,1,,0,0,0,0,0,0,,0,0,0,0,0,,1,1,1,1,,0,0,0,,0,0,,0,,
B808,0,0,0,0,0,0,0,0,0,0,0,0,0,0,0,0,0,0,0,0,,,,,,,,,,,,,,,,,,,,,,,,,,,,,,,,,,,,
B809,0,0,0,0,0,0,0,0,0,0,0,0,0,0,0,0,0,0,0,0,,,,,,,,,,,,,,,,,,,,,,,,,,,,,,,,,,,,
B80,0,0,0,0,0,0,0,0,1,0,0,1,1,0,1,0,1,1,0,1,,,,,,,,,,0,1,,1,0,,,,,,,,1,,1,0,,,0,0,,,,,0,,
B810,0,0,0,0,0,0,0,0,0,1,1,1,1,1,1,0,1,0,1,0,,,,,,,,,,,,,,,,0,0,0,0,,0,1,1,0,,1,1,0,,1,0,,0,,1,
B811,0,0,0,0,0,0,0,1,1,1,0,1,1,1,0,0,1,1,0,0,1,1,1,1,1,1,1,,0,0,0,0,0,0,,0,0,0,0,0,,1,1,1,1,,0,0,0,,0,0,,0,,
B812,0,0,0,0,0,0,0,0,0,0,0,0,0,0,0,0,0,0,0,0,,,,,,,,,,,,,,,,,,,,,,,,,,,,,,,,,,,,
B813,0,0,0,0,0,0,0,0,0,0,0,0,0,0,0,0,0,0,0,0,,,,,,,,,,,,,,,,,,,,,,,,,,,,,,,,,,,,
B814,0,0,0,0,0,0,0,0,0,0,0,0,0,0,0,0,0,0,0,0,,,,,,,,,,,,,,,,,,,,,,,,,,,,,,,,,,,,
B815,0,0,0,0,0,0,0,0,0,0,0,0,0,0,0,0,0,0,0,0,,,,,,,,,,,,,,,,,,,,,,,,,,,,,,,,,,,,
B816,0,0,0,0,0,0,0,0,0,0,0,0,0,0,0,0,0,0,0,0,,,,,,,,,,,,,,,,,,,,,,,,,,,,,,,,,,,,
B817,0,0,0,0,0,0,0,0,0,0,0,0,0,0,0,0,0,0,0,0,,,,,,,,,,,,,,,,,,,,,,,,,,,,,,,,,,,,
B818,0,0,0,0,0,0,0,0,0,0,0,0,0,0,0,0,0,0,0,0,,,,,,,,,,,,,,,,,,,,,,,,,,,,,,,,,,,,
B819,0,0,0,0,0,0,0,0,0,0,0,0,0,0,0,0,0,0,0,0,,,,,,,,,,,,,,,,,,,,,,,,,,,,,,,,,,,,
B81,0,0,0,0,0,0,0,0,0,0,0,0,0,0,0,0,0,1,0,0,,,,,,,,,,,,,,,,,,,,,,,,,,,,,,,,,,,,
B820,0,0,0,0,0,0,0,0,0,0,0,0,0,0,0,0,0,0,0,0,,,,,,,,,,,,,,,,,,,,,,,,,,,,,,,,,,,,
B821,0,0,0,0,0,0,0,0,0,0,0,0,0,0,0,0,0,0,0,0,,,,,,,,,,,,,,,,,,,,,,,,,,,,,,,,,,,,
B822,0,0,0,0,0,0,0,0,0,0,0,0,0,0,0,0,0,0,0,0,,,,,,,,,,,,,,,,,,,,,,,,,,,,,,,,,,,,
B823,0,1,0,1,0,1,1,0,1,1,0,1,1,0,1,0,0,1,0,0,,,,,,,,,0,0,0,,,0,,1,1,,,1,,1,,,1,,,,0,,,,,,,
B824,1,0,0,0,0,0,0,0,0,0,1,0,1,0,0,0,1,0,0,0,,,,,,,,,,,,,,,,,,,,,,,,,,,,0,,,,,,,,
B825,0,0,0,0,0,0,0,1,1,1,0,1,1,1,0,0,1,1,0,0,1,1,1,1,1,1,1,,0,0,0,0,0,0,,0,0,0,0,0,,1,1,1,1,,0,0,0,,0,0,,0,,
B826,0,0,0,0,0,0,0,0,0,0,0,0,0,0,0,0,0,0,0,0,,,,,,,,,,,,,,,,,,,,,,,,,,,,,,,,,,,,
B827,0,0,0,0,0,0,0,0,0,1,1,1,1,1,1,0,1,0,1,0,,,,,,,,,,,,,,,,0,0,0,0,,0,1,1,0,,1,1,0,,1,0,,1,,1,
B828,0,0,0,0,0,0,0,1,1,1,0,1,1,1,0,0,1,1,0,0,1,1,1,1,1,1,1,,0,0,0,0,0,0,,0,0,0,0,0,,1,1,1,1,,0,0,0,,0,0,,0,,
B829,0,0,0,0,0,0,0,0,1,0,0,0,0,0,1,0,0,0,0,0,,,,,,,,,,,,,,,,,,,,,,,,,,,,,,,,,,,,
B82,0,0,0,0,0,0,0,0,0,1,1,1,1,1,1,0,1,0,1,0,,,,,,,,,,,,,,,,0,0,0,0,,0,1,1,0,,1,0,0,,1,0,,1,,1,
B830,0,0,0,0,0,0,0,0,0,0,0,0,0,0,0,0,0,0,0,0,,,,,,,,,,,,,,,,,,,,,,,,,,,,,,,,,,,,
B831,0,0,0,0,0,0,0,1,1,0,0,1,1,1,0,0,1,1,0,0,1,,1,1,1,1,1,,,0,1,1,1,0,,,,,,,,1,1,1,1,,0,0,0,,0,0,,0,,
B832,0,0,0,0,0,0,0,1,1,0,0,1,1,1,0,1,0,0,0,0,1,,1,1,1,,,,,0,0,0,,,,,,,,,,1,1,,,,0,,,,,,,,,
B833,1,0,0,0,0,0,0,0,0,1,1,1,1,1,1,0,1,0,1,0,,,,,,,,,,,,,,,,0,0,0,0,,0,1,1,0,,1,1,0,,0,0,,0,,1,
B834,0,0,0,0,0,0,0,0,0,0,0,0,0,0,0,0,0,0,0,0,,,,,,,,,,,,,,,,,,,,,,,,,,,,,,,,,,,,
B835,0,0,0,0,0,0,0,0,0,0,0,1,1,0,1,0,0,1,0,0,,,,,,,,,,,,,,,,,,,,,,1,,,0,,,,0,,,,,,,
B836,0,0,0,0,0,0,0,0,0,0,0,0,0,0,0,0,0,0,0,0,,,,,,,,,,,,,,,,,,,,,,,,,,,,,,,,,,,,
B837,0,0,0,0,0,0,0,0,0,0,0,0,0,0,0,0,0,0,0,0,,,,,,,,,,,,,,,,,,,,,,,,,,,,,,,,,,,,
B838,0,0,0,0,0,0,0,0,0,0,0,0,0,0,0,0,0,0,0,0,,,,,,,,,,,,,,,,,,,,,,,,,,,,,,,,,,,,
B839,0,0,0,0,0,0,0,0,0,1,1,1,1,1,1,0,1,0,1,0,,,,,,,,,,,,,,,,0,0,0,0,,0,1,1,0,,1,1,0,,1,0,,1,,1,
B83,0,0,0,0,0,0,0,0,0,0,0,0,0,0,0,0,0,0,0,0,,,,,,,,,,,,,,,,,,,,,,,,,,,,,,,,,,,,
B840,0,0,0,0,0,0,0,1,1,1,0,1,1,1,0,0,1,1,0,0,1,1,1,1,1,1,1,,0,0,0,0,0,0,,0,0,0,0,0,,1,1,1,1,,0,0,0,,0,0,,0,,
B841,0,0,0,0,0,0,0,0,0,0,0,0,0,0,0,0,0,0,0,0,,,,,,,,,,,,,,,,,,,,,,,,,,,,,,,,,,,,
B842,0,0,0,0,0,0,0,0,0,1,1,1,1,1,1,0,1,0,1,0,,,,,,,,,,,,,,,,0,0,0,0,,0,1,1,0,,1,1,0,,1,0,,0,,1,
B843,0,0,0,0,0,0,0,1,1,0,0,1,0,1,0,0,1,1,0,0,1,,1,,1,1,1,,,0,,1,1,0,,,,,,,,,1,1,1,,,,,,0,0,,0,,
B844,0,0,0,0,0,0,0,1,1,0,0,0,0,0,0,0,0,1,0,0,0,,,,,,0,,,,,,,1,,,,,,,,,,,,,,,,,,,,,,
B845,0,0,0,0,0,0,0,0,0,1,1,1,1,1,1,0,1,0,1,0,,,,,,,,,,,,,,,,0,0,0,0,,0,1,1,0,,1,1,0,,1,0,,1,,1,
B846,0,0,0,0,0,0,0,1,1,0,0,1,1,1,0,0,1,1,0,0,1,,1,1,1,1,1,,,0,0,0,0,0,,,,,,,,1,1,1,1,,0,0,0,,0,0,,0,,
B847,0,0,0,0,0,0,0,0,1,0,0,0,0,0,0,0,0,1,0,0,,,,,,,,,,,,,,1,,,,,,,,,,,,,,,,,,,,,,
B848,0,0,0,0,0,0,0,0,0,1,1,1,1,1,1,0,1,0,1,0,,,,,,,,,,,,,,,,0,0,0,0,,0,1,1,0,,1,1,0,,1,0,,1,,1,
B849,0,0,0,0,0,0,0,1,1,1,0,1,1,1,0,0,1,1,0,0,1,1,1,1,1,1,1,,0,0,0,0,0,0,,0,0,0,0,0,,1,1,1,1,,0,0,0,,0,0,,0,,
B84,1,1,1,1,1,0,0,1,1,1,0,1,0,0,1,0,1,0,0,0,1,1,1,,,1,,,0,0,,,0,,,1,,,1,,,,,1,,,,,,,,,,,,
B850,0,0,0,0,0,0,0,0,0,0,0,0,0,0,0,0,0,1,0,0,,,,,,,,,,,,,,,,,,,,,,,,,,,,,,,,,,,,
B851,0,0,0,0,0,0,0,0,1,1,1,1,1,1,1,0,1,0,1,0,,,,,,,,,0,0,0,0,0,,0,0,0,0,0,,0,1,1,0,,1,0,0,,0,0,,0,,1,
B852,0,0,0,0,0,0,0,1,1,0,0,1,1,1,0,0,1,1,0,0,1,,1,1,1,1,1,,,0,1,1,1,0,,,,,,,,1,1,1,1,,0,0,0,,0,0,,0,,
B853,0,0,0,0,0,0,0,0,0,0,0,0,0,0,0,0,0,0,0,0,,,,,,,,,,,,,,,,,,,,,,,,,,,,,,,,,,,,
B854,1,0,0,0,0,0,0,0,0,1,1,1,1,1,1,0,1,0,1,0,,,,,,,,,,,,,,,,0,0,0,0,,0,1,1,0,,1,0,0,,0,0,,0,,1,
B855,0,0,0,0,0,0,0,1,1,0,0,1,1,1,0,0,1,1,0,0,1,,1,1,1,1,1,,,0,1,1,1,0,,,,,,,,1,1,1,1,,0,0,0,,0,0,,0,,
B856,0,0,0,0,0,0,0,1,0,0,0,0,0,0,0,1,1,0,0,0,,,,,,1,,,,,,,,,,,,,,,,,,,,,,,,,,,,,,
B857,1,0,0,0,0,0,0,0,0,1,1,1,1,1,1,0,1,0,1,0,,,,,,,,,,,,,,,,0,0,0,0,,0,1,1,0,,1,1,0,,1,0,,0,,1,
B858,0,0,0,0,0,0,0,1,1,1,0,1,1,1,0,0,1,1,0,0,1,1,1,1,1,1,1,,0,0,0,0,0,0,,0,0,0,0,0,,1,1,1,1,,0,0,0,,0,0,,0,,
B859,0,0,0,0,0,0,0,0,0,0,0,0,0,0,1,1,0,1,1,0,,,,,,,,,,,,,,,,,,,,,,,,,,,,,,,,,,,,0
B85,0,0,0,0,0,1,0,1,0,1,0,1,1,1,1,0,1,1,1,0,,1,1,1,1,1,1,1,,,,,,,,1,1,1,1,1,1,1,1,1,1,0,0,1,0,0,1,0,0,0,0,0
B860,0,0,0,0,0,0,0,0,0,0,1,1,1,1,1,0,1,0,0,0,,,,,,,,,,,,,,,,,,,,,,1,1,0,,,1,0,,,0,,,,,
B861,0,0,0,0,0,0,0,1,1,1,0,1,1,1,0,0,1,1,0,0,1,1,1,1,1,1,1,,0,0,0,0,0,0,,0,0,0,0,0,,1,1,1,1,,0,0,0,,0,0,,0,,
B862,0,0,0,0,0,0,0,0,0,1,0,0,1,0,1,0,0,0,0,0,,,,,,,,,,,,,,,,,1,,,,,,,,,,,,,,,,,,,
B863,0,0,0,0,0,0,0,0,0,0,0,0,0,0,0,0,0,0,0,0,,,,,,,,,,,,,,,,,,,,,,,,,,,,,,,,,,,,
B864,0,0,0,0,0,0,0,0,0,0,0,0,0,0,0,0,0,0,0,0,,,,,,,,,,,,,,,,,,,,,,,,,,,,,,,,,,,,
B865,0,0,0,0,0,0,0,0,0,0,0,0,0,0,0,0,0,0,0,0,,,,,,,,,,,,,,,,,,,,,,,,,,,,,,,,,,,,
B866,0,0,0,0,0,0,0,0,0,0,0,0,0,0,0,0,0,0,0,0,,,,,,,,,,,,,,,,,,,,,,,,,,,,,,,,,,,,
B867,0,0,0,0,0,0,0,0,0,0,0,0,0,0,0,0,0,0,0,0,,,,,,,,,,,,,,,,,,,,,,,,,,,,,,,,,,,,
B868,0,0,0,0,0,0,0,0,0,0,0,0,0,0,0,0,0,0,0,0,,,,,,,,,,,,,,,,,,,,,,,,,,,,,,,,,,,,
B869,0,0,0,0,0,0,0,0,0,0,0,0,0,0,0,0,0,0,0,0,,,,,,,,,,,,,,,,,,,,,,,,,,,,,,,,,,,,
B86,0,0,0,0,0,0,0,0,0,0,0,0,0,0,0,0,0,0,0,0,,,,,,,,,,,,,,,,,,,,,,,,,,,,,,,,,,,,
B870,0,0,0,0,0,0,0,0,0,0,0,0,0,0,0,0,0,0,0,0,,,,,,,,,,,,,,,,,,,,,,,,,,,,,,,,,,,,
B871,0,0,0,0,0,0,0,0,0,1,0,1,1,0,1,0,0,0,0,0,,,,,,,,,,,,,,,,1,1,,,,,1,,,,,,,,,,,,,,
B872,0,0,0,0,0,0,0,0,0,0,0,0,0,0,0,0,0,0,0,0,,,,,,,,,,,,,,,,,,,,,,,,,,,,,,,,,,,,
B873,0,0,0,0,0,0,0,1,1,1,0,1,1,1,0,0,1,1,0,0,1,1,1,1,1,1,1,,0,0,0,0,0,0,,0,0,0,0,0,,1,1,1,1,,0,0,0,,0,0,,0,,
B874,0,0,0,0,0,0,0,0,0,1,0,1,1,0,1,0,0,0,0,0,,,,,,,,,,,,,,,,1,1,,,,,1,,,,,,,,,,,,,,
B875,0,0,0,0,0,0,0,0,0,0,0,0,0,0,0,0,0,0,0,0,,,,,,,,,,,,,,,,,,,,,,,,,,,,,,,,,,,,
B876,0,0,0,0,0,0,0,0,0,0,0,0,0,0,0,0,0,0,0,0,,,,,,,,,,,,,,,,,,,,,,,,,,,,,,,,,,,,
B877,0,0,0,0,0,0,0,0,0,0,0,0,0,0,0,0,0,0,0,0,,,,,,,,,,,,,,,,,,,,,,,,,,,,,,,,,,,,
B878,0,0,0,0,0,0,0,0,0,0,0,0,0,0,0,0,0,0,0,0,,,,,,,,,,,,,,,,,,,,,,,,,,,,,,,,,,,,
B879,0,0,0,0,0,0,0,0,0,0,0,0,0,0,0,0,0,0,0,0,,,,,,,,,,,,,,,,,,,,,,,,,,,,,,,,,,,,
B87,0,0,0,0,0,0,0,0,0,1,0,0,0,0,0,0,0,0,1,0,,,,,,,,,,,,,,,,,,,,,1,,,,,,,,,,,,,,,
B880,0,0,0,0,0,0,0,0,0,0,0,0,0,0,0,0,0,1,0,0,,,,,,,,,,,,,,,,,,,,,,,,,,,,,,,,,,,,
B881,0,0,0,0,0,0,0,0,1,1,1,1,1,1,1,0,1,0,1,0,,,,,,,,,0,0,0,0,0,,0,0,0,0,0,,0,1,1,0,,1,1,0,,1,0,,1,,1,
B882,0,0,0,0,0,0,0,0,0,0,0,0,0,0,0,0,0,0,0,0,,,,,,,,,,,,,,,,,,,,,,,,,,,,,,,,,,,,
B883,0,0,0,0,0,0,0,0,0,0,0,0,0,0,0,0,0,0,0,0,,,,,,,,,,,,,,,,,,,,,,,,,,,,,,,,,,,,
B884,1,0,0,0,0,0,0,0,0,1,1,1,1,1,1,0,1,0,1,0,,,,,,,,,,,,,,,,0,0,0,0,,0,1,1,0,,1,1,0,,1,0,,0,,1,
B885,0,0,0,0,0,0,0,1,1,1,0,1,1,1,0,0,1,1,0,0,1,1,1,1,1,1,1,,0,0,0,0,0,0,,0,0,0,0,0,,1,1,1,1,,0,0,0,,0,0,,0,,
B88,0,0,0,0,0,0,0,0,0,0,0,0,0,0,0,0,0,1,1,0,,,,,,,,,,,,,,,,,,,,,,,,,,,,,,,,,,,,1
B89,0,0,0,0,0,0,0,0,1,1,0,1,0,1,0,0,1,0,0,1,,,,,,,,,1,1,,1,1,,,1,,1,1,,,,1,1,,,,,,,1,,,,,
B90,0,0,0,0,0,0,0,1,0,0,0,0,0,0,0,0,0,0,0,0,,,,,,,,,,,,,,,,,,,,,,,,,,,,,,,,,,,,
B91,0,0,0,0,0,0,0,0,1,1,0,1,1,1,0,0,1,0,0,0,,,,,,,,,0,0,0,0,0,,,0,1,1,0,,,1,1,1,,,1,0,,,0,,,,,
B92,0,0,0,0,0,0,1,0,0,0,0,0,0,0,0,0,0,0,0,0,,,,,,,,,,,,,,,,,,,,,,,,,,,,,,,,,,,,
B931,1,0,0,0,0,0,0,0,0,1,1,1,1,1,1,0,1,0,1,0,,,,,,,,,,,,,,,,0,0,0,0,,0,1,1,0,,1,0,0,,0,0,,0,,1,
B932,0,0,0,0,0,0,0,1,1,1,0,1,1,1,0,0,1,1,0,0,1,1,1,1,1,1,1,,0,0,0,0,0,0,,0,0,0,0,0,,1,1,1,1,,0,0,0,,0,0,,0,,
B933,1,0,0,0,0,0,0,1,1,0,0,1,1,1,1,0,1,0,1,0,1,,1,1,1,1,,0,,1,1,1,1,,0,,,,,,,1,1,0,,0,0,0,,0,0,,0,,0,
B934,0,0,0,0,0,0,0,0,1,1,1,1,1,1,1,0,1,0,1,0,,,,,,,,,0,0,0,0,0,,0,0,0,0,0,,0,1,1,0,,1,1,0,,1,0,,0,,1,
B935,0,0,0,0,0,0,0,1,1,1,0,1,1,1,0,0,1,1,0,0,1,1,1,1,1,1,1,,0,0,0,0,0,0,,0,0,0,0,0,,1,1,1,1,,0,0,0,,0,0,,0,,
B936,0,0,0,0,0,0,0,0,0,0,0,0,0,0,0,0,0,0,0,1,,,,,,,,,,,,,,,,,,,,,,,,,,,,,,,,,,,,
B937,0,0,0,0,0,0,0,0,1,1,1,1,1,1,1,0,1,0,1,0,,,,,,,,,0,0,0,0,0,,0,0,0,0,0,,0,1,1,0,,1,0,0,,1,0,,1,,1,
B938,0,0,0,0,0,0,0,1,1,1,0,1,1,1,0,0,1,1,0,0,1,1,1,1,1,1,1,,0,0,0,0,0,0,,0,0,0,0,0,,1,1,1,1,,0,0,0,,0,0,,0,,
B939,0,0,0,0,0,0,0,1,1,1,0,1,1,1,0,0,1,1,0,0,1,1,1,1,1,1,1,,0,0,0,0,0,0,,0,0,0,0,0,,1,1,1,1,,0,0,0,,0,0,,0,,
B93,1,1,1,0,0,0,0,1,1,0,0,1,1,1,0,1,1,1,0,0,1,,0,0,0,0,0,,,0,0,0,0,0,,,,,,,,1,1,1,0,,1,1,0,,1,0,,0,,
B940,0,0,0,0,0,0,0,1,1,1,0,1,1,1,0,0,1,1,0,0,1,1,1,1,1,1,1,,0,0,0,0,0,0,,0,0,0,0,0,,1,1,1,1,,0,0,0,,0,0,,0,,
B941,0,0,0,0,0,0,0,1,1,1,0,1,1,1,0,0,1,1,0,0,1,1,1,1,1,1,1,,0,0,0,0,0,0,,0,0,0,0,0,,1,1,1,1,,0,0,0,,0,0,,0,,
B942,0,0,0,0,0,0,0,1,1,1,0,1,1,1,0,0,1,1,0,0,1,1,1,1,1,1,1,,0,0,0,0,0,0,,0,0,0,0,0,,1,1,1,1,,1,0,0,,0,0,,0,,
B943,0,0,0,0,0,0,0,1,1,1,0,1,1,1,0,0,1,1,0,0,1,1,1,1,1,1,1,,0,0,0,0,0,0,,0,0,0,0,0,,1,1,1,1,,0,0,0,,0,0,,0,,
B944,0,0,0,0,0,0,0,1,1,1,0,1,1,1,0,0,1,1,0,0,1,1,1,1,1,1,1,,0,0,0,0,0,0,,0,0,0,0,0,,1,1,1,1,,0,0,0,,0,0,,0,,
B945,0,0,0,0,0,0,0,1,1,1,0,1,1,1,0,0,1,1,0,0,1,1,1,1,1,1,1,,0,0,0,0,0,0,,0,0,0,0,0,,1,1,1,1,,0,0,0,,0,0,,0,,
B946,0,0,0,0,0,0,0,1,1,1,0,1,1,1,0,0,1,1,0,0,1,1,1,1,1,1,1,,0,0,0,0,0,0,,0,0,0,0,0,,1,1,1,1,,0,0,0,,0,0,,0,,
B947,0,0,0,0,0,0,0,1,1,1,0,1,1,1,0,0,1,1,0,0,1,1,1,1,1,1,1,,0,0,0,0,0,0,,0,0,0,0,0,,1,1,1,1,,0,0,0,,0,0,,0,,
B948,0,0,0,0,0,0,0,1,1,1,0,1,1,1,0,0,1,1,0,0,1,1,1,1,1,1,1,,0,0,0,0,0,0,,0,0,0,0,0,,1,1,1,1,,0,0,0,,0,0,,0,,
B949,0,0,0,0,0,0,0,1,1,1,0,1,1,1,0,0,1,1,0,0,1,1,1,1,1,1,1,,0,0,0,0,0,0,,0,0,0,0,0,,1,1,1,1,,0,0,0,,0,0,,0,,
B94,0,0,0,0,0,0,0,1,1,1,0,1,1,1,0,0,1,1,1,0,1,1,1,1,1,1,1,1,0,0,1,1,1,0,0,1,1,1,1,1,1,1,1,1,1,0,0,0,0,0,0,0,0,0,0,0
B950,0,0,0,0,0,0,0,1,1,1,0,1,1,1,0,0,1,1,0,0,1,1,1,1,1,1,1,,0,0,0,0,0,0,,0,0,0,0,0,,1,1,1,1,,0,0,0,,0,0,,0,,
B951,0,0,0,0,0,0,0,1,1,1,0,1,1,1,0,0,1,1,0,0,1,1,1,1,1,1,1,,0,0,0,0,0,0,,0,0,0,0,0,,1,1,1,1,,0,0,0,,0,0,,0,,
B952,0,0,0,0,0,0,0,1,1,1,0,1,1,1,0,0,1,1,0,0,1,1,1,1,1,1,1,,0,0,0,0,0,0,,0,0,0,0,0,,1,1,1,1,,0,0,0,,0,0,,0,,
B953,0,0,0,0,0,0,0,1,1,1,0,1,1,1,0,0,1,1,0,0,1,1,1,1,1,1,1,,0,0,0,0,0,0,,0,0,0,0,0,,1,1,1,1,,0,0,0,,0,0,,0,,
B954,0,0,0,0,0,0,0,1,1,1,0,1,1,1,0,0,1,1,0,0,1,1,1,1,1,1,1,,0,0,0,0,0,0,,0,0,0,0,0,,1,1,1,1,,0,0,0,,0,0,,0,,
B955,0,0,0,0,0,0,0,1,1,1,0,1,1,1,0,0,1,1,0,0,1,1,1,1,1,1,1,,0,0,0,0,0,0,,0,0,0,0,0,,1,1,1,1,,0,0,0,,0,0,,0,,
B956,0,0,0,0,0,0,0,1,1,1,0,1,1,1,0,0,1,1,0,0,1,1,1,1,1,1,1,,0,0,0,0,0,0,,0,0,0,0,0,,1,1,1,1,,0,0,0,,0,0,,0,,
B957,0,0,0,0,0,0,0,1,1,1,0,1,1,1,0,0,1,1,0,0,1,1,1,1,1,1,1,,0,0,0,0,0,0,,0,0,0,0,0,,1,1,1,1,,0,0,0,,0,0,,0,,
B958,0,0,0,0,0,0,0,1,1,1,0,1,1,1,0,0,1,1,0,0,1,1,1,1,1,1,1,,0,0,0,0,0,0,,0,0,0,0,0,,1,1,1,1,,0,0,0,,1,0,,0,,
B959,0,0,0,0,0,0,0,1,1,1,0,1,1,1,0,0,1,1,0,0,1,1,1,1,1,1,1,,0,0,0,0,0,0,,0,0,0,0,0,,1,1,1,1,,0,0,0,,0,0,,0,,
B95,0,0,0,0,0,0,0,0,0,0,0,0,1,1,1,1,0,1,0,0,,,,,,,,,,,,,,,,,,,,,,,,,,,1,,0,,,0,,,,
B960,0,0,0,0,0,0,0,1,1,1,0,1,1,1,0,0,1,1,0,0,1,1,1,1,1,1,1,,0,0,0,0,0,0,,0,0,0,0,0,,1,1,1,1,,0,0,0,,0,0,,0,,
B961,0,0,0,0,0,0,0,1,1,1,0,1,1,1,0,0,1,1,0,0,1,1,1,1,1,1,1,,0,0,0,0,0,0,,0,0,0,0,0,,1,1,1,1,,0,0,0,,0,0,,0,,
B962,0,0,0,0,0,0,0,1,1,1,0,1,1,1,0,0,1,1,0,0,1,1,1,1,1,1,1,,0,0,0,0,0,0,,0,0,0,0,0,,1,1,1,1,,0,0,0,,0,0,,0,,
B963,0,0,0,0,0,0,0,1,1,1,0,1,1,1,0,0,1,1,0,0,1,1,1,1,1,1,1,,0,0,0,0,0,0,,0,0,0,0,0,,1,1,1,1,,0,0,0,,0,0,,0,,
B964,0,0,0,0,0,0,0,1,1,1,0,1,1,1,0,0,1,1,0,0,1,1,1,1,1,1,1,,0,0,0,0,0,0,,0,0,0,0,0,,1,1,1,1,,0,0,0,,0,0,,0,,
B965,0,0,0,0,0,0,0,1,1,1,0,1,1,1,0,0,1,1,0,0,1,1,1,1,1,1,1,,0,0,0,0,0,0,,0,0,0,0,0,,1,1,1,1,,0,0,0,,0,0,,0,,
B966,0,0,0,0,0,0,0,1,1,1,0,1,1,1,0,0,1,1,0,0,1,1,1,1,1,1,1,,0,0,0,0,0,0,,0,0,0,0,0,,1,1,1,1,,0,0,0,,1,0,,0,,
B967,0,0,0,0,0,0,0,1,1,1,0,1,1,1,0,0,1,1,0,0,1,1,1,1,1,1,1,,0,0,0,0,0,0,,0,0,0,0,0,,1,1,1,1,,0,0,0,,0,0,,0,,
B968,0,0,0,0,0,0,0,1,1,1,0,1,1,1,0,0,1,1,0,0,1,1,1,1,1,1,1,,0,0,0,0,0,0,,0,0,0,0,0,,1,1,1,1,,0,0,0,,0,0,,0,,
B969,0,0,0,0,0,0,0,1,1,1,0,1,1,1,0,0,1,1,0,0,1,1,1,1,1,1,1,,0,0,0,0,0,0,,0,0,0,0,0,,1,1,1,1,,0,0,0,,0,0,,0,,
B96,0,0,0,0,0,0,0,1,1,0,0,0,0,0,0,0,0,1,1,0,1,,,,,,0,0,,,,,,0,0,,,,,,,,,,,,,,,,,,,,,1
B970,0,0,0,0,0,0,0,1,1,1,0,1,1,1,0,0,1,1,0,0,1,1,1,1,1,1,1,,0,0,0,0,0,0,,0,0,0,0,0,,1,1,1,1,,0,0,0,,0,0,,0,,
B971,0,0,0,0,0,0,0,1,1,1,0,1,1,1,0,0,1,1,0,0,1,1,1,1,1,1,1,,0,0,0,0,0,0,,0,0,0,0,0,,1,1,1,1,,0,0,0,,0,0,,0,,
B972,0,0,0,0,0,0,0,1,1,1,0,1,1,1,0,0,1,1,0,0,1,1,1,1,1,1,1,,0,0,0,0,0,0,,0,0,0,0,0,,1,1,1,1,,0,0,0,,0,0,,0,,
B973,0,0,0,0,0,0,0,1,1,1,0,1,1,1,0,0,1,1,0,0,1,1,1,1,1,1,1,,0,0,0,0,0,0,,0,0,0,0,0,,1,1,1,1,,0,0,0,,0,0,,0,,
B974,0,0,0,0,0,0,0,1,1,1,0,1,1,1,0,0,1,1,0,0,1,1,1,1,1,1,1,,0,0,0,0,0,0,,0,0,0,0,0,,1,1,1,1,,0,0,0,,0,0,,0,,
B975,0,0,0,0,0,0,0,1,1,1,0,1,1,1,0,0,1,1,0,0,1,1,1,1,1,1,1,,0,0,0,0,0,0,,0,0,0,0,0,,1,1,1,1,,0,0,0,,0,0,,0,,
B976,0,0,0,0,0,0,0,0,0,0,0,0,0,0,0,0,0,0,0,0,,,,,,,,,,,,,,,,,,,,,,,,,,,,,,,,,,,,
B977,0,0,0,0,0,0,0,1,1,1,0,1,0,1,1,0,0,1,0,0,1,0,1,,1,,1,,0,0,,0,,0,,1,,1,,1,,,1,,1,,,,,,,1,,,,
B978,0,1,0,0,0,0,0,1,0,0,0,1,0,0,1,0,0,0,1,0,,,1,,,,,0,,,,,,,,,,,,,,,,,,0,,,,,,,,,,
B979,0,0,0,0,0,0,0,1,0,0,0,0,0,0,0,0,0,0,1,1,,,,,,,,0,,,,,,,,,,,,,,,,,,,,,,,,,,,,
B97,0,0,0,0,0,0,0,1,0,0,0,0,0,0,0,0,0,0,1,0,,,,,,,,1,,,,,,,,,,,,,,,,,,,,,,,,,,,,
B980,0,0,0,0,0,0,0,0,1,1,0,1,1,1,0,1,0,1,1,1,,,,,,,,,1,1,1,1,,1,1,0,0,0,,0,1,1,1,,0,1,1,,0,1,,0,1,,,1
B981,0,0,0,0,0,0,0,1,0,1,0,1,1,1,1,0,1,1,0,0,,0,1,1,1,1,0,,,,,,,,,1,1,1,1,0,,1,1,1,0,,1,1,0,,1,0,,0,,
B982,0,0,0,0,0,0,0,0,0,0,0,0,0,0,0,0,0,0,0,0,,,,,,,,,,,,,,,,,,,,,,,,,,,,,,,,,,,,
B983,0,0,0,0,0,0,0,1,1,1,0,1,0,0,0,0,0,0,1,1,1,0,0,,,,,0,0,0,,,,,0,1,,,,,1,,,,,0,,,,,,,,,,
B984,0,0,0,0,0,0,0,0,0,0,0,0,0,0,0,0,0,0,0,0,,,,,,,,,,,,,,,,,,,,,,,,,,,,,,,,,,,,
B985,0,0,0,0,0,0,0,1,1,1,0,1,1,1,1,0,1,1,0,0,1,0,1,1,1,1,1,,0,0,0,0,0,0,,1,1,1,1,1,,1,1,1,1,,0,1,1,,1,1,,1,,
B986,0,0,0,0,0,0,0,0,0,0,0,1,1,1,0,0,1,0,1,0,,,,,,,,,,,,,,,,,,,,,,1,1,0,,0,1,0,,0,0,,0,,0,
B987,0,0,0,0,0,0,0,1,0,0,0,0,0,0,0,0,0,0,1,1,,,,,,,,0,,,,,,,,,,,,,,,,,,,,,,,,,,,,
B988,0,0,0,0,0,0,0,0,0,0,0,0,0,0,0,0,0,0,0,0,,,,,,,,,,,,,,,,,,,,,,,,,,,,,,,,,,,,
B989,0,0,0,0,0,0,0,1,1,1,0,1,1,1,1,0,0,1,0,0,1,0,1,1,1,,1,,0,0,0,0,,0,,1,1,1,,1,,1,1,,1,,1,,1,,,1,,,,
B98,0,0,0,0,0,0,0,0,0,1,0,0,0,0,0,0,0,0,0,0,,,,,,,,,,,,,,,,,,,,,,,,,,,,,,,,,,,,
B990,0,0,0,0,0,0,0,1,0,1,0,1,1,1,0,0,1,0,1,0,,0,1,1,1,1,,0,,,,,,,,1,1,1,1,,0,1,1,0,,0,1,0,,0,0,,0,,0,
B991,0,0,0,0,0,0,0,0,1,1,0,1,0,0,0,0,0,0,1,1,,,,,,,,,0,0,,,,,0,0,,,,,0,,,,,1,,,,,,,,,,
B992,0,0,0,0,0,0,0,0,0,0,0,0,0,0,0,0,0,0,0,0,,,,,,,,,,,,,,,,,,,,,,,,,,,,,,,,,,,,
B993,0,0,0,0,0,1,0,1,1,0,0,1,0,0,0,0,0,1,1,0,0,,1,,,,1,1,,1,,,,1,1,,,,,,,,,,1,0,,,,,,,,,,0
B994,0,0,0,0,0,0,0,1,0,1,0,1,1,1,0,0,1,0,1,0,,0,1,1,1,1,,0,,,,,,,,1,1,1,1,,0,1,1,0,,0,1,0,,0,0,,0,,0,
B995,0,0,0,0,0,0,0,1,0,0,0,1,0,0,0,0,0,0,1,1,,,0,,,,,0,,,,,,,,,,,,,,,,,,0,,,,,,,,,,
B996,0,0,0,0,0,0,0,0,1,1,0,1,1,1,0,1,0,1,1,1,,,,,,,,,0,0,0,0,,0,0,0,0,0,,0,0,1,1,,0,0,1,,0,0,,0,0,,,1
B997,0,0,0,0,0,0,0,1,1,1,0,1,1,1,1,0,0,1,1,0,1,0,1,1,1,,1,1,0,0,0,0,,0,0,1,1,1,,1,1,1,1,,1,0,1,,1,0,,1,0,,,0
B998,0,1,0,0,0,0,0,1,0,1,0,1,1,1,1,0,1,1,1,0,,1,1,1,1,1,1,0,,,,,,,,0,1,1,1,1,0,1,1,1,1,0,1,0,1,0,0,1,0,1,0,0
B999,0,0,0,0,0,0,0,1,0,0,0,1,0,0,0,0,0,0,1,1,,,0,,,,,0,,,,,,,,,,,,,,,,,,0,,,,,,,,,,
B99,0,0,0,0,0,0,0,0,0,1,0,1,1,0,0,0,0,0,0,0,,,,,,,,,,,,,,,,0,0,,,,,1,,,,,,,,,,,,,,
HN23652,0,0,0,0,0,0,0,0,0,0,0,0,0,0,0,0,0,1,0,0,,,,,,,,,,,,,,,,,,,,,,,,,,,,,,,,,,,,
HN23653,0,0,0,0,0,0,0,0,0,0,0,0,0,0,0,0,0,1,0,0,,,,,,,,,,,,,,,,,,,,,,,,,,,,,,,,,,,,
HN23654,0,0,0,0,0,0,0,0,0,0,0,0,0,0,0,0,0,1,0,0,,,,,,,,,,,,,,,,,,,,,,,,,,,,,,,,,,,,
HN23655,0,0,0,0,0,0,0,0,0,0,0,0,0,0,0,0,0,1,0,0,,,,,,,,,,,,,,,,,,,,,,,,,,,,,,,,,,,,
HN23656,0,0,0,0,0,0,0,0,0,0,0,0,0,0,0,0,0,1,0,0,,,,,,,,,,,,,,,,,,,,,,,,,,,,,,,,,,,,
HN23657,0,0,0,0,0,0,0,0,0,0,0,0,0,0,0,0,0,1,1,0,,,,,,,,,,,,,,,,,,,,,,,,,,,,,,,,,,,,1
HN23658,0,0,0,0,0,0,0,0,0,0,0,0,0,0,0,0,0,1,1,0,,,,,,,,,,,,,,,,,,,,,,,,,,,,,,,,,,,,1
HN23659,0,0,0,0,0,0,0,0,0,0,0,0,0,0,0,0,0,1,0,0,,,,,,,,,,,,,,,,,,,,,,,,,,,,,,,,,,,,
HN23660,0,0,0,0,0,0,0,0,0,0,0,0,0,0,0,0,0,1,0,0,,,,,,,,,,,,,,,,,,,,,,,,,,,,,,,,,,,,
HN23661,0,0,0,0,0,0,0,0,0,1,0,0,0,0,0,0,0,1,0,0,,,,,,,,,,,,,,,,,,,,0,,,,,,,,,,,,,,,,
HN23662,0,0,0,0,0,0,0,0,0,0,0,0,0,0,0,0,0,1,0,0,,,,,,,,,,,,,,,,,,,,,,,,,,,,,,,,,,,,
HN23663,0,0,0,0,0,0,0,0,0,0,0,0,0,0,0,0,0,1,0,0,,,,,,,,,,,,,,,,,,,,,,,,,,,,,,,,,,,,
HN23664,0,0,0,0,0,0,0,0,0,1,0,0,0,0,0,0,0,1,0,0,,,,,,,,,,,,,,,,,,,,0,,,,,,,,,,,,,,,,
HN23665,0,0,0,0,0,0,0,0,0,0,0,0,0,0,0,0,0,1,1,0,,,,,,,,,,,,,,,,,,,,,,,,,,,,,,,,,,,,1
HN23666,0,0,0,0,0,0,0,0,0,0,0,0,0,0,0,0,0,1,1,0,,,,,,,,,,,,,,,,,,,,,,,,,,,,,,,,,,,,1
HN23667,0,0,0,0,0,0,0,0,0,0,0,0,0,0,0,0,0,1,0,0,,,,,,,,,,,,,,,,,,,,,,,,,,,,,,,,,,,,
HN23668,0,0,0,0,0,0,0,0,0,0,0,0,0,0,0,0,0,1,0,0,,,,,,,,,,,,,,,,,,,,,,,,,,,,,,,,,,,,
HN23669,0,0,0,0,0,0,0,0,0,0,0,0,0,0,0,0,0,1,0,0,,,,,,,,,,,,,,,,,,,,,,,,,,,,,,,,,,,,
HN23670,0,0,0,0,0,0,0,0,0,0,0,0,0,0,0,0,0,1,0,0,,,,,,,,,,,,,,,,,,,,,,,,,,,,,,,,,,,,
HN23671,0,0,0,0,0,0,0,0,0,0,0,0,0,0,0,0,0,1,0,0,,,,,,,,,,,,,,,,,,,,,,,,,,,,,,,,,,,,
HN23672,0,0,0,0,0,0,0,0,0,0,0,0,0,0,0,0,0,1,0,0,,,,,,,,,,,,,,,,,,,,,,,,,,,,,,,,,,,,
HN23673,0,0,0,0,0,0,0,0,0,0,0,0,0,0,0,0,0,1,1,0,,,,,,,,,,,,,,,,,,,,,,,,,,,,,,,,,,,,1
HN23674,0,0,0,0,0,0,0,0,0,0,0,0,0,0,0,0,0,1,0,0,,,,,,,,,,,,,,,,,,,,,,,,,,,,,,,,,,,,
HN23675,0,0,0,0,0,0,0,0,1,0,0,0,0,0,0,0,0,1,1,0,,,,,,,,,,,,,,0,0,,,,,,,,,,,,,,,,,,,,,1
HN23676,0,0,0,0,0,0,0,0,0,0,0,0,0,0,0,0,0,1,0,0,,,,,,,,,,,,,,,,,,,,,,,,,,,,,,,,,,,,
HN23677,0,0,0,0,0,0,0,0,0,0,0,0,0,0,0,0,0,1,0,0,,,,,,,,,,,,,,,,,,,,,,,,,,,,,,,,,,,,
HN23678,0,0,0,0,0,0,0,0,0,0,0,0,0,0,0,0,0,0,0,0,,,,,,,,,,,,,,,,,,,,,,,,,,,,,,,,,,,,
HN23679,0,0,0,0,0,0,0,0,0,0,0,0,0,0,0,0,0,0,0,0,,,,,,,,,,,,,,,,,,,,,,,,,,,,,,,,,,,,
HN23680,0,0,0,0,0,0,0,0,0,0,0,0,0,0,0,0,0,1,0,0,,,,,,,,,,,,,,,,,,,,,,,,,,,,,,,,,,,,
HN23681,0,0,0,0,0,0,0,0,0,0,0,0,0,0,0,0,0,1,1,0,,,,,,,,,,,,,,,,,,,,,,,,,,,,,,,,,,,,1
HN23682,0,0,0,0,0,0,0,0,0,0,0,0,0,0,0,0,0,1,1,0,,,,,,,,,,,,,,,,,,,,,,,,,,,,,,,,,,,,1
HN23683,0,0,0,0,0,0,0,0,0,0,0,0,0,0,0,0,0,1,0,0,,,,,,,,,,,,,,,,,,,,,,,,,,,,,,,,,,,,
HN23684,0,0,0,0,0,0,0,0,0,0,0,0,0,0,0,0,0,1,0,0,,,,,,,,,,,,,,,,,,,,,,,,,,,,,,,,,,,,
HN23685,0,0,0,0,0,0,0,1,0,1,0,1,0,0,0,0,0,1,0,0,,0,0,,,,0,,,,,,,,,0,,,,0,,,,,0,,,,,,,,,,,
HN23686,0,0,0,0,0,0,0,1,0,1,0,1,0,0,0,0,0,1,0,0,,0,0,,,,0,,,,,,,,,0,,,,0,,,,,0,,,,,,,,,,,
HN23687,0,0,0,0,0,0,0,0,0,0,0,0,0,0,0,0,0,1,0,0,,,,,,,,,,,,,,,,,,,,,,,,,,,,,,,,,,,,
HN23688,0,0,0,0,0,0,0,0,0,0,0,0,0,0,0,0,0,1,0,0,,,,,,,,,,,,,,,,,,,,,,,,,,,,,,,,,,,,
HN23689,0,0,0,0,0,0,0,0,0,0,0,0,0,0,0,0,0,1,0,0,,,,,,,,,,,,,,,,,,,,,,,,,,,,,,,,,,,,
HN23690,0,0,0,0,0,0,0,0,0,0,0,0,0,0,0,0,0,1,0,0,,,,,,,,,,,,,,,,,,,,,,,,,,,,,,,,,,,,
HN23691,0,0,0,0,0,0,0,0,0,0,0,0,0,0,0,0,0,1,0,0,,,,,,,,,,,,,,,,,,,,,,,,,,,,,,,,,,,,
HN23692,0,0,0,0,0,0,0,0,0,0,0,0,0,0,0,0,0,1,0,0,,,,,,,,,,,,,,,,,,,,,,,,,,,,,,,,,,,,
HN23693,0,0,0,0,0,0,0,0,0,0,0,0,0,0,0,0,0,1,0,0,,,,,,,,,,,,,,,,,,,,,,,,,,,,,,,,,,,,
HN23694,0,0,0,0,0,0,0,0,0,0,0,0,0,0,0,0,0,1,1,0,,,,,,,,,,,,,,,,,,,,,,,,,,,,,,,,,,,,1
HN23695,0,0,0,0,0,0,0,0,1,0,0,0,0,0,0,0,0,1,1,0,,,,,,,,,,,,,,0,0,,,,,,,,,,,,,,,,,,,,,1
HN23696,0,0,0,0,0,0,0,0,0,0,0,0,0,0,0,0,0,1,0,0,,,,,,,,,,,,,,,,,,,,,,,,,,,,,,,,,,,,
HN23697,0,0,0,0,0,0,0,0,0,0,0,0,0,0,0,0,0,1,0,0,,,,,,,,,,,,,,,,,,,,,,,,,,,,,,,,,,,,
HN23698,0,0,0,0,0,0,0,0,0,0,0,0,0,0,0,0,0,1,0,0,,,,,,,,,,,,,,,,,,,,,,,,,,,,,,,,,,,,
HN23699,0,0,0,0,0,0,0,0,0,0,0,0,0,0,0,0,0,1,0,0,,,,,,,,,,,,,,,,,,,,,,,,,,,,,,,,,,,,
HN23700,0,0,0,0,0,0,0,0,0,0,0,0,0,0,0,0,0,1,0,0,,,,,,,,,,,,,,,,,,,,,,,,,,,,,,,,,,,,
HN23701,0,0,0,0,0,0,0,0,0,0,0,0,0,0,0,0,0,1,0,0,,,,,,,,,,,,,,,,,,,,,,,,,,,,,,,,,,,,
HN23702,0,0,0,0,0,0,0,0,0,0,0,0,0,0,0,0,0,1,0,0,,,,,,,,,,,,,,,,,,,,,,,,,,,,,,,,,,,,
HN23703,0,0,0,0,0,0,0,0,0,0,0,0,0,0,0,0,0,1,0,0,,,,,,,,,,,,,,,,,,,,,,,,,,,,,,,,,,,,
HN23704,0,0,0,0,0,0,0,0,0,0,0,0,0,0,0,0,0,1,0,0,,,,,,,,,,,,,,,,,,,,,,,,,,,,,,,,,,,,
HN23705,0,0,0,0,0,0,0,0,0,0,0,0,0,0,0,0,0,1,0,0,,,,,,,,,,,,,,,,,,,,,,,,,,,,,,,,,,,,
HN23706,0,0,0,0,0,0,0,0,0,0,0,0,0,0,0,0,0,1,0,0,,,,,,,,,,,,,,,,,,,,,,,,,,,,,,,,,,,,
HN23707,0,0,0,0,0,0,0,0,0,0,0,0,0,0,0,0,0,1,1,0,,,,,,,,,,,,,,,,,,,,,,,,,,,,,,,,,,,,1
HN23708,0,0,0,0,0,0,0,0,0,0,0,0,0,0,0,0,0,1,1,0,,,,,,,,,,,,,,,,,,,,,,,,,,,,,,,,,,,,1
HN23709,0,0,0,0,0,0,0,0,0,0,0,0,0,0,0,0,0,1,0,0,,,,,,,,,,,,,,,,,,,,,,,,,,,,,,,,,,,,
HN23710,0,0,0,0,0,0,0,0,0,0,0,0,0,0,0,0,0,1,0,0,,,,,,,,,,,,,,,,,,,,,,,,,,,,,,,,,,,,
HN23711,0,0,0,0,0,0,0,0,0,0,0,0,0,0,0,0,0,1,0,0,,,,,,,,,,,,,,,,,,,,,,,,,,,,,,,,,,,,
HN23712,0,0,0,0,0,0,0,0,0,0,0,0,0,0,0,0,0,1,0,0,,,,,,,,,,,,,,,,,,,,,,,,,,,,,,,,,,,,
HN23713,0,0,0,0,0,0,0,0,0,0,0,0,0,0,0,0,0,1,0,0,,,,,,,,,,,,,,,,,,,,,,,,,,,,,,,,,,,,
HN23714,0,0,0,0,0,0,0,0,0,0,0,0,0,0,0,0,0,1,0,0,,,,,,,,,,,,,,,,,,,,,,,,,,,,,,,,,,,,
HN23715,0,0,0,0,0,0,0,0,0,0,0,0,0,0,0,0,0,1,0,0,,,,,,,,,,,,,,,,,,,,,,,,,,,,,,,,,,,,
HN23716,0,0,0,0,0,0,0,0,0,0,0,0,0,0,0,0,0,1,0,0,,,,,,,,,,,,,,,,,,,,,,,,,,,,,,,,,,,,
HN23717,0,0,0,0,0,0,0,0,0,0,0,0,0,0,0,0,0,1,0,0,,,,,,,,,,,,,,,,,,,,,,,,,,,,,,,,,,,,
HN23718,0,0,0,0,0,0,0,0,0,0,0,0,0,0,0,0,0,1,0,0,,,,,,,,,,,,,,,,,,,,,,,,,,,,,,,,,,,,
HN23719,0,0,0,0,0,0,0,0,0,0,0,0,0,0,0,0,0,1,0,0,,,,,,,,,,,,,,,,,,,,,,,,,,,,,,,,,,,,
HN23720,0,0,0,0,0,0,0,1,0,1,0,1,0,0,0,0,0,1,1,0,,0,1,,,,0,0,,,,,,,,1,,,,0,0,,,,0,0,,,,,,,,,,1
HN23721,0,0,0,0,0,0,0,1,0,1,0,1,0,0,0,0,0,1,1,0,,0,1,,,,0,0,,,,,,,,1,,,,0,0,,,,0,0,,,,,,,,,,1
HN23722,0,0,0,0,0,0,0,0,0,0,0,0,0,0,0,0,0,1,0,0,,,,,,,,,,,,,,,,,,,,,,,,,,,,,,,,,,,,
HN23723,0,0,0,0,0,0,0,0,0,0,0,0,0,0,0,0,0,1,0,0,,,,,,,,,,,,,,,,,,,,,,,,,,,,,,,,,,,,
HN23724,0,0,0,0,0,0,0,0,0,0,0,0,0,0,0,0,0,1,0,0,,,,,,,,,,,,,,,,,,,,,,,,,,,,,,,,,,,,
HN23725,0,0,0,0,0,0,0,0,0,0,0,0,0,0,0,0,0,1,0,0,,,,,,,,,,,,,,,,,,,,,,,,,,,,,,,,,,,,
HN23726,0,0,0,0,0,0,0,0,0,0,0,0,0,0,0,0,0,1,0,0,,,,,,,,,,,,,,,,,,,,,,,,,,,,,,,,,,,,
HN23727,0,0,0,0,0,0,0,0,0,0,0,0,0,0,0,0,0,1,0,0,,,,,,,,,,,,,,,,,,,,,,,,,,,,,,,,,,,,
HN23728,0,0,0,0,0,0,0,0,0,0,0,0,0,0,0,0,0,1,0,0,,,,,,,,,,,,,,,,,,,,,,,,,,,,,,,,,,,,
HN23729,0,0,0,0,0,0,0,0,0,0,0,0,0,0,0,0,0,1,0,0,,,,,,,,,,,,,,,,,,,,,,,,,,,,,,,,,,,,
HN23730,0,0,0,0,0,0,0,0,0,0,0,0,0,0,0,0,0,1,0,0,,,,,,,,,,,,,,,,,,,,,,,,,,,,,,,,,,,,
HN23731,0,0,0,0,0,0,0,0,0,0,0,0,0,0,0,0,0,1,0,0,,,,,,,,,,,,,,,,,,,,,,,,,,,,,,,,,,,,
HN23732,0,0,0,0,0,0,0,0,0,0,0,0,0,0,0,0,0,1,0,0,,,,,,,,,,,,,,,,,,,,,,,,,,,,,,,,,,,,
HN23733,0,0,0,0,0,0,0,0,0,0,0,0,0,0,0,0,0,1,0,0,,,,,,,,,,,,,,,,,,,,,,,,,,,,,,,,,,,,
HN23734,0,0,0,0,0,0,0,0,0,0,0,0,0,0,0,0,0,1,0,0,,,,,,,,,,,,,,,,,,,,,,,,,,,,,,,,,,,,
HN23735,0,0,0,0,0,0,0,0,0,0,0,0,0,0,0,0,0,1,0,0,,,,,,,,,,,,,,,,,,,,,,,,,,,,,,,,,,,,
HN23736,0,0,0,0,0,0,0,0,0,0,0,0,0,0,0,0,0,1,0,0,,,,,,,,,,,,,,,,,,,,,,,,,,,,,,,,,,,,
HN23737,0,0,0,0,0,0,0,0,0,0,0,0,0,0,0,0,0,1,0,0,,,,,,,,,,,,,,,,,,,,,,,,,,,,,,,,,,,,
HN23738,0,0,0,0,0,0,0,0,0,0,0,0,0,0,0,0,0,1,0,0,,,,,,,,,,,,,,,,,,,,,,,,,,,,,,,,,,,,
HN23739,0,0,0,0,0,0,0,0,0,0,0,0,0,0,0,0,0,1,0,0,,,,,,,,,,,,,,,,,,,,,,,,,,,,,,,,,,,,
HN23740,0,0,0,0,0,0,0,0,0,0,0,0,0,0,0,0,0,1,0,0,,,,,,,,,,,,,,,,,,,,,,,,,,,,,,,,,,,,
HN23741,0,0,0,0,0,0,0,0,0,0,0,0,0,0,0,0,0,1,0,0,,,,,,,,,,,,,,,,,,,,,,,,,,,,,,,,,,,,
HN23742,0,0,0,0,0,0,0,0,0,1,0,0,0,0,0,0,0,1,0,0,,,,,,,,,,,,,,,,,,,,0,,,,,,,,,,,,,,,,
HN23743,0,0,0,0,0,0,0,0,0,1,0,0,0,0,0,0,0,1,0,0,,,,,,,,,,,,,,,,,,,,0,,,,,,,,,,,,,,,,
HN23744,0,0,0,0,0,0,0,0,0,0,0,0,0,0,0,0,0,1,0,0,,,,,,,,,,,,,,,,,,,,,,,,,,,,,,,,,,,,
HN23745,0,0,0,0,0,0,0,0,0,0,0,0,0,0,0,0,0,1,0,0,,,,,,,,,,,,,,,,,,,,,,,,,,,,,,,,,,,,
HN23746,0,0,0,0,0,0,0,0,0,0,0,0,0,0,0,0,0,1,0,0,,,,,,,,,,,,,,,,,,,,,,,,,,,,,,,,,,,,
HN23747,0,0,0,0,0,0,0,0,0,0,0,0,0,0,0,0,0,1,1,0,,,,,,,,,,,,,,,,,,,,,,,,,,,,,,,,,,,,1
HN23748,0,0,0,0,0,0,0,0,0,0,0,0,0,0,0,0,0,1,0,0,,,,,,,,,,,,,,,,,,,,,,,,,,,,,,,,,,,,
HN23749,0,0,0,0,0,0,0,0,0,0,0,0,0,0,0,0,0,1,0,0,,,,,,,,,,,,,,,,,,,,,,,,,,,,,,,,,,,,
HN23750,0,0,0,0,0,0,0,0,0,0,0,0,0,0,0,0,0,1,0,0,,,,,,,,,,,,,,,,,,,,,,,,,,,,,,,,,,,,
HN23751,0,0,0,0,0,0,0,0,0,0,0,0,0,0,0,0,0,1,0,0,,,,,,,,,,,,,,,,,,,,,,,,,,,,,,,,,,,,
HN23752,0,0,0,0,0,0,0,0,0,0,0,0,0,0,0,0,0,1,0,0,,,,,,,,,,,,,,,,,,,,,,,,,,,,,,,,,,,,
HN23753,0,0,0,0,0,0,0,0,0,0,0,0,0,0,0,0,0,1,0,0,,,,,,,,,,,,,,,,,,,,,,,,,,,,,,,,,,,,
HN23754,0,0,0,0,0,0,0,0,0,0,0,0,0,0,0,0,0,1,0,0,,,,,,,,,,,,,,,,,,,,,,,,,,,,,,,,,,,,
HN23755,0,0,0,0,0,0,0,0,0,1,0,0,0,0,0,0,0,1,0,0,,,,,,,,,,,,,,,,,,,,0,,,,,,,,,,,,,,,,
HN23756,0,0,0,0,0,0,0,0,0,1,0,0,0,0,0,0,0,1,0,0,,,,,,,,,,,,,,,,,,,,0,,,,,,,,,,,,,,,,
HN23757,0,0,0,0,0,0,0,0,0,0,0,0,0,0,0,0,0,1,0,0,,,,,,,,,,,,,,,,,,,,,,,,,,,,,,,,,,,,
HN23758,0,0,0,0,0,0,0,0,0,0,0,0,0,0,0,0,0,1,0,0,,,,,,,,,,,,,,,,,,,,,,,,,,,,,,,,,,,,
HN23759,0,0,0,0,0,0,0,0,0,0,0,0,0,0,0,0,0,1,0,0,,,,,,,,,,,,,,,,,,,,,,,,,,,,,,,,,,,,
HN23760,0,0,0,0,0,0,0,0,0,0,0,0,0,0,0,0,0,1,0,0,,,,,,,,,,,,,,,,,,,,,,,,,,,,,,,,,,,,
HN23761,0,0,0,0,0,0,0,0,0,0,0,0,0,0,0,0,0,1,0,0,,,,,,,,,,,,,,,,,,,,,,,,,,,,,,,,,,,,
HN23762,0,0,0,0,0,0,0,0,0,0,0,0,0,0,0,0,0,1,0,0,,,,,,,,,,,,,,,,,,,,,,,,,,,,,,,,,,,,
HN23763,0,0,0,0,0,0,0,0,0,0,0,0,0,0,0,0,0,1,0,0,,,,,,,,,,,,,,,,,,,,,,,,,,,,,,,,,,,,
HN23764,0,0,0,0,0,0,0,0,0,0,0,0,0,0,0,0,0,1,0,0,,,,,,,,,,,,,,,,,,,,,,,,,,,,,,,,,,,,
HN23765,0,0,0,0,0,0,0,0,0,0,0,0,0,0,0,0,0,1,0,0,,,,,,,,,,,,,,,,,,,,,,,,,,,,,,,,,,,,
HN23766,0,0,0,0,0,0,0,1,0,0,0,0,0,0,0,0,0,1,0,0,,,,,,,0,,,,,,,,,,,,,,,,,,,,,,,,,,,,,
HN23767,0,0,0,0,0,0,0,1,0,0,0,0,0,0,0,0,0,1,0,0,,,,,,,0,,,,,,,,,,,,,,,,,,,,,,,,,,,,,
HN23768,0,0,0,0,0,0,0,1,0,1,0,0,0,0,0,0,0,1,0,0,,1,,,,,0,,,,,,,,,,,,,0,,,,,,,,,,,,,,,,
HN23776,0,0,0,0,0,0,0,1,0,1,0,0,0,0,0,0,0,1,0,0,,1,,,,,0,,,,,,,,,,,,,0,,,,,,,,,,,,,,,,
HN23777,0,0,0,0,0,0,0,1,0,0,0,0,0,0,0,0,0,1,1,0,,,,,,,0,0,,,,,,,,,,,,,,,,,,,,,,,,,,,,1
HN23778,0,0,0,0,0,0,0,1,0,0,0,0,0,0,0,0,0,1,1,0,,,,,,,0,0,,,,,,,,,,,,,,,,,,,,,,,,,,,,1
HN23779,0,0,0,0,0,0,0,0,0,0,0,0,0,0,0,0,0,1,0,0,,,,,,,,,,,,,,,,,,,,,,,,,,,,,,,,,,,,
HN23780,0,0,0,0,0,0,0,0,0,0,0,0,0,0,0,0,0,1,0,0,,,,,,,,,,,,,,,,,,,,,,,,,,,,,,,,,,,,
HN23781,0,0,0,0,0,0,0,0,0,0,0,0,0,0,0,0,0,1,0,0,,,,,,,,,,,,,,,,,,,,,,,,,,,,,,,,,,,,
HN23782,0,0,0,0,0,0,0,0,0,0,0,0,0,0,0,0,0,1,0,0,,,,,,,,,,,,,,,,,,,,,,,,,,,,,,,,,,,,
HN23783,0,0,0,0,0,0,0,0,0,0,0,1,0,0,0,0,0,1,0,0,,,,,,,,,,,,,,,,,,,,,,,,,0,,,,,,,,,,,
HN23784,0,0,0,0,0,0,0,0,0,1,0,1,0,0,0,0,0,1,0,0,,,,,,,,,,,,,,,,0,,,,0,,,,,0,,,,,,,,,,,
HN23785,0,0,0,0,0,0,0,0,0,0,0,1,0,0,0,0,0,1,0,0,,,,,,,,,,,,,,,,,,,,,,,,,0,,,,,,,,,,,
HN23786,0,0,0,0,0,0,0,0,0,0,0,1,0,0,0,0,0,1,0,0,,,,,,,,,,,,,,,,,,,,,,,,,0,,,,,,,,,,,
HN23787,0,0,0,0,0,0,0,0,0,0,0,0,0,0,0,0,0,1,0,0,,,,,,,,,,,,,,,,,,,,,,,,,,,,,,,,,,,,
HN23788,0,0,0,0,0,0,0,0,0,0,0,0,0,0,0,0,0,1,0,0,,,,,,,,,,,,,,,,,,,,,,,,,,,,,,,,,,,,
HN23789,0,0,0,0,0,0,0,0,0,0,0,0,0,0,0,0,0,1,0,0,,,,,,,,,,,,,,,,,,,,,,,,,,,,,,,,,,,,
HN23790,0,0,0,0,0,0,0,0,0,0,0,0,0,1,1,0,0,1,0,0,,,,,,,,,,,,,,,,,,,,,,,,,,,,,,,,0,,,,
HN23791,0,0,0,0,0,0,0,0,0,0,0,0,0,1,1,0,0,1,0,0,,,,,,,,,,,,,,,,,,,,,,,,,,,,,,,,0,,,,
HN23792,0,0,0,0,0,0,0,0,0,0,0,0,0,1,0,0,0,1,0,0,,,,,,,,,,,,,,,,,,,,,,,,,,,,,,,,0,,,,
HN23793,0,0,0,0,0,0,0,0,0,0,0,1,0,0,0,0,0,1,0,0,,,,,,,,,,,,,,,,,,,,,,,,,0,,,,,,,,,,,
HN23794,0,0,0,0,0,0,0,0,0,0,0,1,0,0,0,0,0,1,0,0,,,,,,,,,,,,,,,,,,,,,,,,,0,,,,,,,,,,,
HN23795,0,0,0,0,0,0,0,1,0,0,0,1,0,0,0,0,0,1,0,0,,,1,,,,0,,,,,,,,,,,,,,,,,,0,,,,,,,,,,,
HN23796,0,0,0,0,0,0,0,0,0,0,0,0,0,0,0,0,0,1,0,0,,,,,,,,,,,,,,,,,,,,,,,,,,,,,,,,,,,,
HN23797,0,0,0,0,0,0,0,0,0,0,0,0,0,0,0,0,0,1,0,0,,,,,,,,,,,,,,,,,,,,,,,,,,,,,,,,,,,,
HN23798,0,0,0,0,0,0,0,0,0,0,0,0,0,0,0,0,0,1,0,0,,,,,,,,,,,,,,,,,,,,,,,,,,,,,,,,,,,,
HN23799,0,0,0,0,0,0,0,0,0,0,0,0,0,0,0,0,0,1,1,0,,,,,,,,,,,,,,,,,,,,,,,,,,,,,,,,,,,,1
HN23800,0,0,0,0,0,0,0,0,0,0,0,0,0,0,0,0,0,1,0,0,,,,,,,,,,,,,,,,,,,,,,,,,,,,,,,,,,,,
HN23801,0,0,0,0,0,0,0,0,0,0,0,0,0,0,0,0,0,1,0,0,,,,,,,,,,,,,,,,,,,,,,,,,,,,,,,,,,,,
HN23802,0,0,0,0,0,0,0,0,0,1,0,1,0,0,0,0,0,1,1,0,,,,,,,,,,,,,,,,0,,,,0,0,,,,1,1,,,,,,,,,,0
HN23803,0,0,0,0,0,0,0,0,0,1,0,1,0,0,0,0,0,1,1,0,,,,,,,,,,,,,,,,0,,,,0,0,,,,1,1,,,,,,,,,,0
HN23804,0,0,0,0,0,0,0,0,0,0,0,1,0,0,0,0,0,1,1,0,,,,,,,,,,,,,,,,,,,,,,,,,1,1,,,,,,,,,,1
HN23932,0,0,0,0,0,0,0,0,0,0,0,1,1,0,1,0,0,0,0,0,,,,,,,,,,,,,,,,,,,,,,1,,,,,,,,,,,,,,
HN23933,0,0,0,0,0,0,0,0,0,1,0,1,0,0,0,0,0,1,1,0,,,,,,,,,,,,,,,,0,,,,0,0,,,,1,1,,,,,,,,,,0
HN23934,0,0,0,0,0,0,0,0,0,1,0,1,0,0,0,0,0,1,1,0,,,,,,,,,,,,,,,,0,,,,0,0,,,,1,1,,,,,,,,,,0
HN23935,0,0,0,0,0,0,0,0,0,1,0,1,0,0,0,0,0,1,1,0,,,,,,,,,,,,,,,,0,,,,0,0,,,,1,1,,,,,,,,,,0
HN23936,0,0,0,0,0,0,0,0,0,1,0,1,0,0,0,0,0,1,1,0,,,,,,,,,,,,,,,,0,,,,0,0,,,,1,1,,,,,,,,,,0
HN23937,0,0,0,0,0,0,0,0,0,1,0,0,0,0,0,0,0,1,1,0,,,,,,,,,,,,,,,,,,,,0,0,,,,,,,,,,,,,,,0
HN23938,0,0,0,0,0,0,0,0,0,0,0,0,0,0,0,0,0,1,1,0,,,,,,,,,,,,,,,,,,,,,,,,,,,,,,,,,,,,0
HN23939,0,0,0,0,0,0,0,0,0,1,0,1,0,0,0,0,0,1,1,0,,,,,,,,,,,,,,,,0,,,,0,0,,,,1,1,,,,,,,,,,0
HN23940,0,0,0,0,0,0,0,0,0,0,0,0,0,0,0,0,0,1,1,0,,,,,,,,,,,,,,,,,,,,,,,,,,,,,,,,,,,,0
HN23941,0,0,0,0,0,0,0,0,0,1,0,1,0,0,0,0,0,1,1,0,,,,,,,,,,,,,,,,0,,,,0,0,,,,1,1,,,,,,,,,,0
HN23942,0,0,0,0,0,0,0,0,0,1,0,1,0,0,0,0,0,1,1,0,,,,,,,,,,,,,,,,0,,,,0,0,,,,1,1,,,,,,,,,,0
HN23943,0,0,0,0,0,0,0,0,0,1,0,1,0,0,0,0,0,1,1,0,,,,,,,,,,,,,,,,0,,,,0,0,,,,1,1,,,,,,,,,,0
HN23944,0,0,0,0,0,0,0,0,0,1,0,1,0,0,0,0,0,1,1,0,,,,,,,,,,,,,,,,0,,,,0,0,,,,1,1,,,,,,,,,,0
HN23945,0,0,0,0,0,0,0,0,0,1,0,1,0,0,0,0,0,1,1,0,,,,,,,,,,,,,,,,0,,,,0,0,,,,1,1,,,,,,,,,,0
HN23946,0,0,0,0,0,0,0,0,0,1,0,1,0,0,0,0,0,1,1,0,,,,,,,,,,,,,,,,0,,,,0,0,,,,1,1,,,,,,,,,,0
HN23947,0,0,0,0,0,0,0,0,0,1,0,1,0,0,0,0,0,1,1,0,,,,,,,,,,,,,,,,0,,,,0,0,,,,1,1,,,,,,,,,,0
HN23948,0,0,0,0,0,0,0,0,0,1,0,1,0,0,0,0,0,1,1,0,,,,,,,,,,,,,,,,0,,,,0,0,,,,1,1,,,,,,,,,,0
HN23949,0,0,0,0,0,0,0,0,0,1,0,1,0,0,0,0,0,1,1,0,,,,,,,,,,,,,,,,0,,,,0,0,,,,1,1,,,,,,,,,,0
HN23950,0,0,0,0,0,0,0,0,0,0,0,1,0,0,0,0,0,1,1,0,,,,,,,,,,,,,,,,,,,,,,,,,1,1,,,,,,,,,,1
HN23951,0,0,0,0,0,0,0,0,0,0,0,1,0,0,0,0,0,1,1,0,,,,,,,,,,,,,,,,,,,,,,,,,1,1,,,,,,,,,,1
HN23952,0,0,0,0,0,0,0,0,0,0,0,1,0,0,0,0,0,1,1,0,,,,,,,,,,,,,,,,,,,,,,,,,1,1,,,,,,,,,,1
HN23953,0,0,0,0,0,0,0,0,0,0,0,0,0,0,0,0,0,1,0,0,,,,,,,,,,,,,,,,,,,,,,,,,,,,,,,,,,,,
HN23954,0,0,0,0,0,0,0,0,0,0,0,0,0,0,0,0,0,1,0,0,,,,,,,,,,,,,,,,,,,,,,,,,,,,,,,,,,,,
HN23955,0,0,0,0,0,0,0,0,0,0,0,0,0,0,0,0,0,1,0,0,,,,,,,,,,,,,,,,,,,,,,,,,,,,,,,,,,,,
HN23956,0,0,0,0,0,0,0,0,0,0,0,1,1,0,0,0,0,1,0,0,,,,,,,,,,,,,,,,,,,,,,0,,,0,,,,0,,,,,,,
HN23957,0,0,0,0,0,0,0,0,1,0,1,1,0,1,0,0,0,1,1,0,,,,,,,,,,0,,0,,0,0,,,,,,,,1,,0,1,,,,,,0,0,,,1
HN23958,0,0,0,0,0,0,0,1,0,0,0,0,0,0,0,0,0,1,0,0,,,,,,,0,,,,,,,,,,,,,,,,,,,,,,,,,,,,,
HN23959,0,0,0,0,0,0,0,1,0,0,0,0,1,0,0,0,0,1,0,0,,,,0,,,0,,,,,,,,,,,,,,,,,,,,,,0,,,,,,,
HN23960,0,0,0,0,0,0,0,0,0,0,0,0,1,0,0,0,0,1,0,0,,,,,,,,,,,,,,,,,,,,,,,,,,,,,0,,,,,,,
HN23961,0,0,0,0,0,0,0,0,1,0,1,1,0,0,0,0,0,1,1,0,,,,,,,,,,0,,,,0,0,,,,,,,,,,0,1,,,,,,,,,,1
HN23962,0,0,0,0,0,0,0,0,1,1,1,1,0,1,1,0,0,1,1,0,,,,,,,,,1,1,,1,,1,1,0,,1,,0,1,,1,,0,1,,,,,,0,1,,,1
HN23963,0,0,0,0,0,0,0,0,1,1,1,1,0,1,0,0,0,1,1,0,,,,,,,,,0,0,,0,,0,0,0,,1,,0,0,,1,,0,1,,,,,,0,0,,,1
HN23964,0,0,0,0,0,0,0,0,0,0,0,0,0,0,0,0,0,1,1,0,,,,,,,,,,,,,,,,,,,,,,,,,,,,,,,,,,,,1
HN23965,0,0,0,0,0,0,0,0,1,0,1,0,0,1,0,0,1,1,1,0,,,,,,,,,,,,0,0,0,0,,,,,,,,,,,,,,,,1,0,0,0,0,1
HN23966,0,0,0,0,0,0,0,0,0,0,0,0,1,0,0,0,0,1,0,0,,,,,,,,,,,,,,,,,,,,,,,,,,,,,0,,,,,,,
HN23967,0,0,0,0,0,0,0,0,0,0,0,1,1,0,0,0,0,1,0,0,,,,,,,,,,,,,,,,,,,,,,1,,,0,,,,0,,,,,,,
HN23968,0,0,0,0,0,0,0,0,0,0,0,0,0,0,0,0,0,1,0,0,,,,,,,,,,,,,,,,,,,,,,,,,,,,,,,,,,,,
HN23969,0,0,0,0,0,0,0,0,0,0,0,0,1,0,0,0,0,1,0,0,,,,,,,,,,,,,,,,,,,,,,,,,,,,,0,,,,,,,
HN23970,0,0,0,0,0,0,0,0,1,0,0,0,0,0,0,0,0,1,0,0,,,,,,,,,,,,,,0,,,,,,,,,,,,,,,,,,,,,,
HN23971,0,0,0,0,0,0,0,0,0,0,0,0,0,0,0,0,0,1,0,0,,,,,,,,,,,,,,,,,,,,,,,,,,,,,,,,,,,,
HN23972,0,0,0,0,0,0,0,0,0,0,0,1,1,0,1,0,0,1,1,0,,,,,,,,,,,,,,,,,,,,,,0,,,0,1,,,0,1,,,,,,1
HN23973,0,0,0,0,0,0,0,0,0,0,0,0,0,0,0,0,0,1,1,0,,,,,,,,,,,,,,,,,,,,,,,,,,,,,,,,,,,,1
HN23974,0,0,0,0,0,0,0,0,1,0,1,1,1,1,1,0,0,1,1,0,,,,,,,,,,0,0,0,,0,0,,,,,,,1,1,,0,1,0,,0,0,,0,0,,,1
HN23975,0,0,0,0,0,0,0,0,0,0,0,1,1,0,0,0,0,1,0,0,,,,,,,,,,,,,,,,,,,,,,0,,,0,,,,0,,,,,,,
HN23976,0,0,0,0,0,0,0,0,0,0,0,0,0,0,0,0,0,1,1,0,,,,,,,,,,,,,,,,,,,,,,,,,,,,,,,,,,,,0
HN23977,0,0,0,0,0,0,0,0,1,0,0,0,0,0,0,0,0,1,0,0,,,,,,,,,,,,,,1,,,,,,,,,,,,,,,,,,,,,,
HN23978,0,0,0,0,0,0,0,0,0,0,0,0,0,0,0,0,0,1,0,0,,,,,,,,,,,,,,,,,,,,,,,,,,,,,,,,,,,,
HN23979,0,0,0,0,0,0,0,0,0,0,0,1,1,0,0,0,0,1,0,0,,,,,,,,,,,,,,,,,,,,,,1,,,0,,,,0,,,,,,,
HN23980,0,0,0,0,0,0,0,0,0,0,0,1,1,0,0,0,0,1,0,0,,,,,,,,,,,,,,,,,,,,,,1,,,0,,,,0,,,,,,,
HN23981,0,0,0,0,0,0,0,0,1,0,1,1,0,1,0,0,0,1,1,0,,,,,,,,,,0,,0,,0,0,,,,,,,,1,,0,1,,,,,,0,0,,,1
HN23982,0,0,0,0,0,0,0,0,0,0,0,0,0,0,0,0,0,1,0,0,,,,,,,,,,,,,,,,,,,,,,,,,,,,,,,,,,,,
HN23983,0,0,0,0,0,0,0,0,0,0,0,0,0,0,0,0,0,1,0,0,,,,,,,,,,,,,,,,,,,,,,,,,,,,,,,,,,,,
HN23984,0,0,0,0,0,0,0,0,0,0,0,0,0,0,0,0,0,1,0,0,,,,,,,,,,,,,,,,,,,,,,,,,,,,,,,,,,,,
HN23985,0,0,0,0,0,0,0,0,0,0,0,0,0,0,0,0,0,1,0,0,,,,,,,,,,,,,,,,,,,,,,,,,,,,,,,,,,,,
HN23986,0,0,0,0,0,0,0,0,0,0,0,0,0,0,0,0,0,1,0,0,,,,,,,,,,,,,,,,,,,,,,,,,,,,,,,,,,,,
HN23987,0,0,0,0,0,0,0,0,0,0,0,0,0,0,0,0,0,1,0,0,,,,,,,,,,,,,,,,,,,,,,,,,,,,,,,,,,,,
HN23988,0,0,0,0,0,0,0,0,0,0,0,0,0,0,0,0,0,1,0,0,,,,,,,,,,,,,,,,,,,,,,,,,,,,,,,,,,,,
HN32476,0,0,0,0,0,0,0,0,1,0,0,0,0,0,0,0,0,0,0,0,,,,,,,,,,,,,,,,,,,,,,,,,,,,,,,,,,,,
HN32477,0,0,0,0,0,0,0,0,1,1,0,0,1,0,0,0,0,1,0,0,,,,,,,,,0,,0,,,0,,,1,,,1,,,,,,,,,1,,,,,,,
HN32478,0,1,0,0,0,0,0,0,1,1,0,0,0,0,0,0,0,0,0,0,,,,,,,,,0,,,,,,,,,,,,,,,,,,,,,,,,,,,
HN32479,0,1,0,0,0,0,0,0,1,0,0,0,0,0,0,0,0,0,0,0,,,,,,,,,,,,,,,,,,,,,,,,,,,,,,,,,,,,
HN32480,0,0,0,0,0,0,0,0,0,0,0,0,0,0,0,0,0,0,0,0,,,,,,,,,,,,,,,,,,,,,,,,,,,,,,,,,,,,
HN32481,0,0,0,0,0,0,0,0,1,1,0,0,0,0,0,0,0,0,0,0,,,,,,,,,0,,,,,,,,,,,,,,,,,,,,,,,,,,,
HN32482,0,0,0,0,0,0,0,0,1,1,0,0,0,0,0,0,1,0,0,0,,,,,,,,,0,,,,0,,,,,,1,,,,,,,,,,,,,,,,,
HN32483,0,1,0,0,0,0,0,0,1,0,0,0,0,0,0,0,0,0,0,0,,,,,,,,,,,,,,,,,,,,,,,,,,,,,,,,,,,,
HN32484,0,0,0,0,0,0,0,0,0,0,0,0,0,0,0,0,0,0,0,0,,,,,,,,,,,,,,,,,,,,,,,,,,,,,,,,,,,,
HN32485,0,1,0,0,0,0,0,0,1,0,0,0,0,0,0,0,0,0,0,0,,,,,,,,,,,,,,,,,,,,,,,,,,,,,,,,,,,,
HN32486,0,0,0,0,0,0,0,0,0,0,0,0,0,0,0,0,0,0,0,0,,,,,,,,,,,,,,,,,,,,,,,,,,,,,,,,,,,,
HN32487,0,0,0,0,0,0,0,0,1,0,0,0,0,0,0,0,0,0,0,0,,,,,,,,,,,,,,,,,,,,,,,,,,,,,,,,,,,,
HN32488,0,1,0,0,0,0,0,0,1,0,0,0,1,0,0,0,1,0,0,0,,,,,,,,,,,0,,0,,,,,,,,,,,,,,,1,,,,,,,,
HN32489,0,0,0,0,0,0,0,0,1,1,0,0,0,0,0,0,0,0,0,0,,,,,,,,,0,,,,,,,,,,,,,,,,,,,,,,,,,,,
HN32490,0,1,0,0,0,0,0,0,1,0,0,0,0,0,0,0,0,0,0,0,,,,,,,,,,,,,,,,,,,,,,,,,,,,,,,,,,,,
HN32491,0,1,0,0,0,0,0,0,1,1,0,0,0,0,0,0,0,1,0,0,,,,,,,,,0,,,,,0,,,,,,1,,,,,,,,,,,,,,,,
HN32492,0,0,0,0,0,0,0,0,0,0,0,0,1,0,0,0,0,0,0,0,,,,,,,,,,,,,,,,,,,,,,,,,,,,,,,,,,,,
HN32493,0,0,0,0,0,0,0,0,1,0,0,0,0,0,0,0,0,0,0,0,,,,,,,,,,,,,,,,,,,,,,,,,,,,,,,,,,,,
HN32494,0,1,0,0,0,0,0,0,1,0,0,1,1,0,0,0,0,0,0,0,,,,,,,,,,0,0,,,,,,,,,,,1,,,,,,,,,,,,,,
HN32495,0,0,0,0,0,0,0,0,0,0,0,1,1,0,0,0,0,1,0,0,,,,,,,,,,,,,,,,,,,,,,1,,,1,,,,1,,,,,,,
HN32496,0,0,0,0,0,0,0,0,1,1,0,1,0,0,0,0,0,0,0,0,,,,,,,,,0,0,,,,,,1,,,,,,,,,,,,,,,,,,,,
HN32497,0,0,0,0,0,0,0,0,0,0,0,1,0,0,0,0,0,0,0,0,,,,,,,,,,,,,,,,,,,,,,,,,,,,,,,,,,,,
HN32498,0,1,0,0,0,0,0,0,1,0,0,1,0,0,0,0,0,0,0,0,,,,,,,,,,0,,,,,,,,,,,,,,,,,,,,,,,,,,
HN32499,0,0,0,0,0,0,0,0,0,0,0,1,0,0,0,0,0,0,0,0,,,,,,,,,,,,,,,,,,,,,,,,,,,,,,,,,,,,
HN32500,0,0,0,0,0,0,0,0,1,1,0,1,0,0,0,0,0,0,0,0,,,,,,,,,0,0,,,,,,1,,,,,,,,,,,,,,,,,,,,
HN32501,0,1,0,0,0,0,0,0,1,1,0,1,0,0,0,0,1,0,0,0,,,,,,,,,0,0,,,0,,,1,,,1,,,,,1,,,,,,,,,,,,
HN32502,0,0,0,0,0,0,0,0,0,0,0,1,0,0,0,0,0,0,0,0,,,,,,,,,,,,,,,,,,,,,,,,,,,,,,,,,,,,
HN32503,0,1,0,0,0,0,0,0,1,0,0,1,0,0,0,0,0,1,0,0,,,,,,,,,,0,,,,0,,,,,,,,,,,1,,,,,,,,,,,
HN32504,0,1,0,0,0,0,0,0,1,1,0,1,0,0,0,0,0,0,0,0,,,,,,,,,0,0,,,,,,1,,,,,,,,,,,,,,,,,,,,
HN32505,0,1,0,0,0,0,0,0,1,0,0,1,1,0,0,0,0,1,0,0,,,,,,,,,,0,0,,,0,,,,,,,,1,,,1,,,,1,,,,,,,
HN32506,0,1,0,0,0,0,0,0,1,0,0,1,0,0,0,0,0,0,0,0,,,,,,,,,,0,,,,,,,,,,,,,,,,,,,,,,,,,,
HN32507,0,0,0,0,0,0,0,0,1,0,0,1,0,0,0,0,0,0,0,0,,,,,,,,,,0,,,,,,,,,,,,,,,,,,,,,,,,,,
HN32508,0,0,0,0,0,0,0,0,1,1,0,1,0,0,0,0,1,0,0,0,,,,,,,,,0,0,,,0,,,1,,,1,,,,,1,,,,,,,,,,,,
HN32509,0,1,0,0,0,0,0,0,1,0,0,1,1,0,0,0,0,0,0,0,,,,,,,,,,0,0,,,,,,,,,,,1,,,,,,,,,,,,,,
HN32510,0,0,0,0,0,0,0,0,1,0,0,1,0,0,0,0,0,0,0,0,,,,,,,,,,0,,,,,,,,,,,,,,,,,,,,,,,,,,
HN32511,0,0,0,0,0,0,0,0,0,0,0,1,0,0,0,0,0,1,0,0,,,,,,,,,,,,,,,,,,,,,,,,,1,,,,,,,,,,,
HN32512,0,0,0,0,0,0,0,0,0,0,0,1,1,0,0,0,0,0,0,0,,,,,,,,,,,,,,,,,,,,,,1,,,,,,,,,,,,,,
HN32513,0,0,0,0,0,0,0,0,0,0,0,1,1,0,0,0,0,1,0,0,,,,,,,,,,,,,,,,,,,,,,1,,,1,,,,1,,,,,,,
HN32514,0,0,0,0,0,0,0,0,0,0,0,1,0,0,0,0,0,0,0,0,,,,,,,,,,,,,,,,,,,,,,,,,,,,,,,,,,,,
HN32515,0,0,0,0,0,0,0,0,0,0,0,1,1,0,0,0,0,0,0,0,,,,,,,,,,,,,,,,,,,,,,1,,,,,,,,,,,,,,
HN32516,0,0,0,0,0,0,0,0,1,1,0,1,0,0,0,0,0,0,0,0,,,,,,,,,0,0,,,,,,1,,,,,,,,,,,,,,,,,,,,
HN32517,0,0,0,0,0,0,0,0,1,1,0,1,1,0,0,0,0,0,0,0,,,,,,,,,0,0,0,,,,,1,1,,,,,1,,,,,,,,,,,,,,
HN32518,0,0,0,0,0,0,0,0,0,0,0,1,0,0,0,0,0,0,0,0,,,,,,,,,,,,,,,,,,,,,,,,,,,,,,,,,,,,
HN32519,0,0,0,0,0,0,0,0,0,0,0,1,0,0,0,0,0,0,0,0,,,,,,,,,,,,,,,,,,,,,,,,,,,,,,,,,,,,
HN32520,0,1,0,0,0,0,0,0,1,0,0,1,0,0,0,0,1,0,0,0,,,,,,,,,,0,,,0,,,,,,,,,,,1,,,,,,,,,,,,
HN32521,0,0,0,0,0,0,0,0,0,0,0,1,0,0,0,0,0,0,0,0,,,,,,,,,,,,,,,,,,,,,,,,,,,,,,,,,,,,
HN32522,0,0,0,0,0,0,0,0,0,0,0,1,0,0,0,0,0,1,0,0,,,,,,,,,,,,,,,,,,,,,,,,,1,,,,,,,,,,,
HN32523,0,1,0,0,0,0,0,0,1,0,0,1,0,0,0,0,0,1,0,0,,,,,,,,,,0,,,,0,,,,,,,,,,,1,,,,,,,,,,,
HN32524,0,0,0,0,0,0,0,0,0,0,0,1,0,0,0,0,0,0,0,0,,,,,,,,,,,,,,,,,,,,,,,,,,,,,,,,,,,,
HN32525,0,0,0,0,0,0,0,0,0,0,0,1,1,0,0,0,0,1,0,0,,,,,,,,,,,,,,,,,,,,,,1,,,1,,,,1,,,,,,,
HN32526,0,0,0,0,0,0,0,0,0,0,0,1,0,0,0,0,1,0,0,0,,,,,,,,,,,,,,,,,,,,,,,,1,,,,,,,,,,,,
HN32527,0,0,0,0,0,0,0,0,0,0,0,1,0,0,0,0,0,0,0,0,,,,,,,,,,,,,,,,,,,,,,,,,,,,,,,,,,,,
HN32528,0,0,0,0,0,0,0,0,1,1,0,0,1,0,0,0,1,0,0,0,,,,,,,,,0,,0,,0,,,,1,,1,,,,,,,,,1,,,,,,,,
HN32529,0,0,0,0,0,0,0,0,1,1,0,0,1,0,0,0,0,0,0,0,,,,,,,,,0,,0,,,,,,1,,,,,,,,,,,,,,,,,,,
HN32530,0,0,0,0,0,0,0,0,1,0,0,0,1,0,0,0,1,0,0,0,,,,,,,,,,,0,,0,,,,,,,,,,,,,,,1,,,,,,,,
HN32531,0,0,0,0,0,0,0,0,0,0,0,0,1,0,0,0,0,0,0,0,,,,,,,,,,,,,,,,,,,,,,,,,,,,,,,,,,,,
HN32532,0,0,0,0,0,0,0,0,0,0,0,0,0,0,0,0,0,1,0,0,,,,,,,,,,,,,,,,,,,,,,,,,,,,,,,,,,,,
HN32533,0,0,0,0,0,0,0,0,0,0,0,0,0,0,0,0,0,0,0,0,,,,,,,,,,,,,,,,,,,,,,,,,,,,,,,,,,,,
HN32534,0,0,0,0,0,0,0,0,0,0,0,0,0,0,0,0,0,0,0,0,,,,,,,,,,,,,,,,,,,,,,,,,,,,,,,,,,,,
HN32535,0,1,0,0,0,0,0,0,1,0,0,0,1,0,0,0,0,0,0,0,,,,,,,,,,,0,,,,,,,,,,,,,,,,,,,,,,,,,
HN32536,0,0,0,0,0,0,0,0,0,0,0,0,1,0,0,0,0,1,0,0,,,,,,,,,,,,,,,,,,,,,,,,,,,,,1,,,,,,,
HN32537,0,1,0,0,0,0,0,0,1,1,0,0,1,0,0,0,0,0,0,0,,,,,,,,,0,,0,,,,,,1,,,,,,,,,,,,,,,,,,,
HN32538,0,0,0,0,0,0,0,0,0,0,0,0,0,0,0,0,0,0,0,0,,,,,,,,,,,,,,,,,,,,,,,,,,,,,,,,,,,,
HN32539,0,0,0,0,0,0,0,0,1,0,0,0,1,0,0,0,0,0,0,0,,,,,,,,,,,0,,,,,,,,,,,,,,,,,,,,,,,,,
HN32540,0,1,0,0,0,0,0,0,1,1,0,0,1,0,0,0,0,0,0,0,,,,,,,,,0,,0,,,,,,1,,,,,,,,,,,,,,,,,,,
HN32541,0,0,0,0,0,0,0,0,0,0,0,0,0,0,0,0,0,0,0,0,,,,,,,,,,,,,,,,,,,,,,,,,,,,,,,,,,,,
HN32542,0,0,0,0,0,0,0,0,1,0,0,0,0,0,0,0,0,0,0,0,,,,,,,,,,,,,,,,,,,,,,,,,,,,,,,,,,,,
HN32543,0,0,0,0,0,0,0,0,0,0,0,0,0,0,0,0,0,1,0,0,,,,,,,,,,,,,,,,,,,,,,,,,,,,,,,,,,,,
HN32544,0,0,0,0,0,0,0,0,1,1,0,0,0,0,0,0,0,0,0,0,,,,,,,,,0,,,,,,,,,,,,,,,,,,,,,,,,,,,
HN32545,0,0,0,0,0,0,0,0,0,0,0,0,1,0,0,0,0,1,0,0,,,,,,,,,,,,,,,,,,,,,,,,,,,,,1,,,,,,,
HN32546,0,1,0,0,0,0,0,0,1,0,0,0,0,0,0,0,0,0,0,0,,,,,,,,,,,,,,,,,,,,,,,,,,,,,,,,,,,,
HN32547,0,1,0,0,0,0,0,0,1,0,0,0,1,0,0,0,0,1,0,0,,,,,,,,,,,0,,,0,,,,,,,,,,,,,,,1,,,,,,,
HN32548,0,1,0,0,0,0,0,0,1,0,0,0,1,0,0,0,0,0,0,0,,,,,,,,,,,0,,,,,,,,,,,,,,,,,,,,,,,,,
HN32549,0,1,0,0,0,0,0,0,1,0,0,0,1,0,0,0,1,0,0,0,,,,,,,,,,,0,,0,,,,,,,,,,,,,,,1,,,,,,,,
HN32550,0,1,0,0,0,0,0,0,1,1,0,0,1,0,0,0,0,0,0,0,,,,,,,,,0,,0,,,,,,1,,,,,,,,,,,,,,,,,,,
HN32551,0,0,0,0,0,0,0,0,1,0,0,1,0,0,0,0,0,0,0,0,,,,,,,,,,0,,,,,,,,,,,,,,,,,,,,,,,,,,
HN32552,0,0,0,0,0,0,0,0,0,0,0,1,1,0,0,0,0,1,0,0,,,,,,,,,,,,,,,,,,,,,,1,,,1,,,,1,,,,,,,
HN32553,0,0,0,0,0,0,0,0,0,0,0,1,1,0,0,0,0,0,0,0,,,,,,,,,,,,,,,,,,,,,,1,,,,,,,,,,,,,,
HN32554,0,0,0,0,0,0,0,0,0,0,0,1,1,0,0,0,0,0,0,0,,,,,,,,,,,,,,,,,,,,,,1,,,,,,,,,,,,,,
HN32555,0,0,0,0,0,0,0,0,0,0,0,1,1,0,0,0,0,0,0,0,,,,,,,,,,,,,,,,,,,,,,1,,,,,,,,,,,,,,
HN32556,0,0,0,0,0,0,0,0,1,0,0,1,1,0,0,0,0,0,0,0,,,,,,,,,,0,0,,,,,,,,,,,1,,,,,,,,,,,,,,
HN32557,0,0,0,0,0,0,0,0,0,0,0,1,1,0,0,0,0,0,0,0,,,,,,,,,,,,,,,,,,,,,,1,,,,,,,,,,,,,,
HN32558,0,0,0,0,0,0,0,0,0,0,0,1,1,0,0,0,1,0,0,0,,,,,,,,,,,,,,,,,,,,,,1,,1,,,,1,,,,,,,,
HN32559,0,0,0,0,0,0,0,0,1,1,0,1,1,0,0,0,0,0,0,0,,,,,,,,,0,0,0,,,,,1,1,,,,,1,,,,,,,,,,,,,,
HN32560,0,0,0,0,0,0,0,0,0,0,0,1,0,0,0,0,1,0,0,0,,,,,,,,,,,,,,,,,,,,,,,,1,,,,,,,,,,,,
HN32561,0,0,0,0,0,0,0,0,0,0,0,1,0,0,0,0,0,0,0,0,,,,,,,,,,,,,,,,,,,,,,,,,,,,,,,,,,,,
HN32562,0,1,0,0,0,0,0,0,1,0,0,1,0,0,0,0,0,0,0,0,,,,,,,,,,0,,,,,,,,,,,,,,,,,,,,,,,,,,
HN32563,0,0,0,0,0,0,0,0,1,1,0,1,0,0,0,0,1,0,0,0,,,,,,,,,0,0,,,0,,,1,,,1,,,,,1,,,,,,,,,,,,
HN32564,0,0,0,0,0,0,0,0,1,1,0,1,1,0,0,0,0,0,0,0,,,,,,,,,0,0,0,,,,,1,1,,,,,1,,,,,,,,,,,,,,
HN32565,0,0,0,0,0,0,0,0,1,1,0,1,0,0,0,0,0,0,0,0,,,,,,,,,0,0,,,,,,1,,,,,,,,,,,,,,,,,,,,
HN32566,0,0,0,0,0,0,0,0,0,0,0,1,1,0,0,0,0,0,0,0,,,,,,,,,,,,,,,,,,,,,,1,,,,,,,,,,,,,,
HN32567,0,1,0,0,0,0,0,0,1,0,0,1,1,0,0,0,0,0,0,0,,,,,,,,,,0,0,,,,,,,,,,,1,,,,,,,,,,,,,,
HN32568,0,0,0,0,0,0,0,0,0,0,0,0,0,0,0,0,0,0,0,0,,,,,,,,,,,,,,,,,,,,,,,,,,,,,,,,,,,,
HN32569,0,0,0,0,0,0,0,0,0,0,0,0,0,0,0,0,0,1,0,0,,,,,,,,,,,,,,,,,,,,,,,,,,,,,,,,,,,,
HN32570,0,0,0,0,0,0,0,0,1,0,0,0,0,0,0,0,0,0,0,0,,,,,,,,,,,,,,,,,,,,,,,,,,,,,,,,,,,,
HN32571,0,0,0,0,0,0,0,0,0,0,0,0,1,0,0,0,0,0,0,0,,,,,,,,,,,,,,,,,,,,,,,,,,,,,,,,,,,,
HN32572,0,0,0,0,0,0,0,0,0,0,0,0,1,0,0,0,0,1,0,0,,,,,,,,,,,,,,,,,,,,,,,,,,,,,1,,,,,,,
HN32573,0,0,0,0,0,0,0,0,0,0,0,0,0,0,0,0,0,1,0,0,,,,,,,,,,,,,,,,,,,,,,,,,,,,,,,,,,,,
HN32574,0,0,0,0,0,0,0,0,1,1,0,0,0,0,0,0,0,0,0,0,,,,,,,,,0,,,,,,,,,,,,,,,,,,,,,,,,,,,
HN32575,0,1,0,0,0,0,0,0,1,0,0,0,0,0,0,0,0,0,0,0,,,,,,,,,,,,,,,,,,,,,,,,,,,,,,,,,,,,
HN32576,0,0,0,0,0,0,0,0,1,1,0,0,0,0,0,0,1,0,0,0,,,,,,,,,0,,,,0,,,,,,1,,,,,,,,,,,,,,,,,
HN32577,0,0,0,0,0,0,0,0,1,0,0,0,0,0,0,0,0,0,0,0,,,,,,,,,,,,,,,,,,,,,,,,,,,,,,,,,,,,
HN32578,0,0,0,0,0,0,0,0,0,0,0,0,0,0,0,0,0,1,0,0,,,,,,,,,,,,,,,,,,,,,,,,,,,,,,,,,,,,
HN32579,0,0,0,0,0,0,0,0,1,0,0,0,1,0,0,0,0,0,0,0,,,,,,,,,,,0,,,,,,,,,,,,,,,,,,,,,,,,,
HN32580,0,0,0,0,0,0,0,0,0,0,0,0,0,0,0,0,0,0,0,0,,,,,,,,,,,,,,,,,,,,,,,,,,,,,,,,,,,,
HN32581,0,1,0,0,0,0,0,0,1,0,0,0,0,0,0,0,0,1,0,0,,,,,,,,,,,,,,0,,,,,,,,,,,,,,,,,,,,,,
HN32582,0,0,0,0,0,0,0,0,0,0,0,0,0,0,0,0,0,1,0,0,,,,,,,,,,,,,,,,,,,,,,,,,,,,,,,,,,,,
HN32583,0,0,0,0,0,0,0,0,0,0,0,1,1,0,0,0,0,1,0,0,,,,,,,,,,,,,,,,,,,,,,1,,,1,,,,1,,,,,,,
HN32584,0,0,0,0,0,0,0,0,1,0,0,1,0,0,0,0,1,0,0,0,,,,,,,,,,0,,,0,,,,,,,,,,,1,,,,,,,,,,,,
HN32585,0,0,0,0,0,0,0,0,0,0,0,1,1,0,0,0,0,1,0,0,,,,,,,,,,,,,,,,,,,,,,1,,,1,,,,1,,,,,,,
HN32586,0,0,0,0,0,0,0,0,0,0,0,1,1,0,0,0,0,0,0,0,,,,,,,,,,,,,,,,,,,,,,1,,,,,,,,,,,,,,
HN32587,0,0,0,0,0,0,0,0,0,0,0,1,0,0,0,0,0,0,0,0,,,,,,,,,,,,,,,,,,,,,,,,,,,,,,,,,,,,
HN32588,0,0,0,0,0,0,0,0,1,1,0,1,0,0,0,0,0,0,0,0,,,,,,,,,0,0,,,,,,1,,,,,,,,,,,,,,,,,,,,
HN32589,0,0,0,0,0,0,0,0,1,0,0,1,1,0,0,0,0,0,0,0,,,,,,,,,,0,0,,,,,,,,,,,1,,,,,,,,,,,,,,
HN32590,0,0,0,0,0,0,0,0,1,1,0,1,0,0,0,0,0,0,0,0,,,,,,,,,0,0,,,,,,1,,,,,,,,,,,,,,,,,,,,
HN32591,0,0,0,0,0,0,0,0,0,0,0,1,0,0,0,0,0,0,0,0,,,,,,,,,,,,,,,,,,,,,,,,,,,,,,,,,,,,
HN32592,0,0,0,0,0,0,0,0,0,0,0,1,1,0,0,0,1,0,0,0,,,,,,,,,,,,,,,,,,,,,,1,,1,,,,1,,,,,,,,
HN32593,0,1,0,0,0,0,0,0,1,0,0,1,0,0,0,0,1,0,0,0,,,,,,,,,,0,,,0,,,,,,,,,,,1,,,,,,,,,,,,
HN32594,0,1,0,0,0,0,0,0,1,0,0,1,1,0,0,0,1,0,0,0,,,,,,,,,,0,0,,0,,,,,,,,,1,,1,,,,1,,,,,,,,
HN32595,0,1,0,0,0,0,0,0,1,0,0,1,1,0,0,0,1,0,0,0,,,,,,,,,,0,0,,0,,,,,,,,,1,,1,,,,1,,,,,,,,
HN32596,0,0,0,0,0,0,0,0,1,0,0,1,1,0,0,0,1,0,0,0,,,,,,,,,,0,0,,0,,,,,,,,,1,,1,,,,1,,,,,,,,
HN32597,0,0,0,0,0,0,0,0,0,0,0,1,0,0,0,0,1,0,0,0,,,,,,,,,,,,,,,,,,,,,,,,1,,,,,,,,,,,,
HN32598,0,0,0,0,0,0,0,0,1,0,0,1,1,0,0,0,0,0,0,0,,,,,,,,,,0,0,,,,,,,,,,,1,,,,,,,,,,,,,,
HN32599,0,0,0,0,0,0,0,0,0,0,0,1,0,0,0,0,1,0,0,0,,,,,,,,,,,,,,,,,,,,,,,,1,,,,,,,,,,,,
HN32600,0,0,0,0,0,0,0,0,0,0,0,1,0,0,0,0,0,1,0,0,,,,,,,,,,,,,,,,,,,,,,,,,1,,,,,,,,,,,
HN32601,0,1,0,0,0,0,0,0,1,0,0,1,0,0,0,0,0,0,0,0,,,,,,,,,,0,,,,,,,,,,,,,,,,,,,,,,,,,,
HN32602,0,0,0,0,0,0,0,0,0,0,0,1,0,0,0,0,0,0,0,0,,,,,,,,,,,,,,,,,,,,,,,,,,,,,,,,,,,,
HN32603,0,0,0,0,0,0,0,0,0,0,0,1,0,0,0,0,1,0,0,0,,,,,,,,,,,,,,,,,,,,,,,,1,,,,,,,,,,,,
HN32604,0,0,0,0,0,0,0,0,1,1,0,1,0,0,0,0,0,0,0,0,,,,,,,,,0,0,,,,,,1,,,,,,,,,,,,,,,,,,,,
HN32605,0,0,0,0,0,0,0,0,0,0,0,1,1,0,0,0,0,0,0,0,,,,,,,,,,,,,,,,,,,,,,1,,,,,,,,,,,,,,
HN32606,0,0,0,0,0,0,0,0,1,1,0,1,1,0,0,0,0,0,0,0,,,,,,,,,0,0,0,,,,,1,1,,,,,1,,,,,,,,,,,,,,
HN32607,0,1,0,0,0,0,0,0,1,1,0,1,1,0,0,0,1,0,0,0,,,,,,,,,0,0,0,,0,,,1,1,,1,,,1,,1,,,,1,,,,,,,,
HN32608,0,0,0,0,0,0,0,0,0,0,0,1,0,0,0,0,0,0,0,0,,,,,,,,,,,,,,,,,,,,,,,,,,,,,,,,,,,,
HN32609,0,0,0,0,0,0,0,0,0,0,0,1,0,0,0,0,0,0,0,0,,,,,,,,,,,,,,,,,,,,,,,,,,,,,,,,,,,,
HN32610,0,0,0,0,0,0,0,0,0,0,0,1,0,0,0,0,0,0,0,0,,,,,,,,,,,,,,,,,,,,,,,,,,,,,,,,,,,,
HN32611,0,0,0,0,0,0,0,0,0,0,0,1,1,0,0,0,0,0,0,0,,,,,,,,,,,,,,,,,,,,,,1,,,,,,,,,,,,,,
HN32612,0,0,0,0,0,0,0,0,0,0,0,1,1,0,0,0,0,0,0,0,,,,,,,,,,,,,,,,,,,,,,1,,,,,,,,,,,,,,
HN32613,0,1,0,0,0,0,0,0,1,0,0,0,0,1,0,0,0,0,0,0,,,,,,,,,,,,0,,,,,,,,,,,,,,,,,,,,,,,,
HN32614,0,0,0,0,0,0,0,0,0,0,0,0,0,1,0,0,0,0,0,0,,,,,,,,,,,,,,,,,,,,,,,,,,,,,,,,,,,,
HN32615,0,1,0,0,0,0,0,0,1,0,0,0,0,0,0,0,0,0,0,0,,,,,,,,,,,,,,,,,,,,,,,,,,,,,,,,,,,,
HN32616,0,0,0,0,0,0,0,0,0,0,0,0,0,1,0,0,1,0,0,0,,,,,,,,,,,,,,,,,,,,,,,,,,,,,,,1,,,,,
HN32617,0,0,0,0,0,0,0,0,0,0,0,0,0,1,0,0,0,0,0,0,,,,,,,,,,,,,,,,,,,,,,,,,,,,,,,,,,,,
HN32618,0,0,0,0,0,0,0,0,0,0,0,0,0,1,0,0,0,0,0,0,,,,,,,,,,,,,,,,,,,,,,,,,,,,,,,,,,,,
HN32619,0,1,0,0,0,0,0,0,1,0,0,0,0,0,0,0,1,0,0,0,,,,,,,,,,,,,0,,,,,,,,,,,,,,,,,,,,,,,
HN32620,0,0,0,0,0,0,0,0,0,0,0,0,0,0,0,0,1,0,0,0,,,,,,,,,,,,,,,,,,,,,,,,,,,,,,,,,,,,
HN32621,0,0,0,0,0,0,0,0,1,0,0,0,0,0,0,0,0,0,0,0,,,,,,,,,,,,,,,,,,,,,,,,,,,,,,,,,,,,
HN32622,0,0,0,0,0,0,0,0,1,1,0,0,0,0,0,0,0,0,0,0,,,,,,,,,0,,,,,,,,,,,,,,,,,,,,,,,,,,,
HN32623,0,0,0,0,0,0,0,0,0,0,0,0,0,1,0,0,0,0,0,0,,,,,,,,,,,,,,,,,,,,,,,,,,,,,,,,,,,,
HN32624,0,1,0,0,0,0,0,0,1,0,0,0,0,1,0,0,1,0,0,0,,,,,,,,,,,,0,0,,,,,,,,,,,,,,,,,,1,,,,,
HN32625,0,1,0,0,0,0,0,0,1,0,0,0,0,1,0,0,0,0,0,0,,,,,,,,,,,,0,,,,,,,,,,,,,,,,,,,,,,,,
HN32626,0,0,0,0,0,0,0,0,0,0,0,0,0,1,0,0,0,0,0,0,,,,,,,,,,,,,,,,,,,,,,,,,,,,,,,,,,,,
HN32627,0,0,0,0,0,0,0,0,1,0,0,0,0,0,0,0,0,0,0,0,,,,,,,,,,,,,,,,,,,,,,,,,,,,,,,,,,,,
HN32628,0,1,0,0,0,0,0,0,1,0,0,0,0,0,0,0,0,0,0,0,,,,,,,,,,,,,,,,,,,,,,,,,,,,,,,,,,,,
HN32629,0,0,0,0,0,0,0,0,0,0,0,0,0,1,0,0,0,1,0,0,,,,,,,,,,,,,,,,,,,,,,,,,,,,,,,,1,,,,
HN32630,0,0,0,0,0,0,0,0,0,0,0,0,0,1,0,0,0,1,0,0,,,,,,,,,,,,,,,,,,,,,,,,,,,,,,,,1,,,,
HN32631,0,0,0,0,0,0,0,0,1,0,0,1,0,1,0,0,0,0,0,0,,,,,,,,,,0,,0,,,,,,,,,,,1,,,,,,,,,,,,,
HN32632,0,0,0,0,0,0,0,0,0,0,0,1,0,1,0,0,0,0,0,0,,,,,,,,,,,,,,,,,,,,,,,1,,,,,,,,,,,,,
HN32633,0,1,0,0,0,0,0,0,1,0,0,1,0,1,0,0,1,0,0,0,,,,,,,,,,0,,0,0,,,,,,,,,,1,1,,,,,,,1,,,,,
HN32634,0,0,0,0,0,0,0,0,0,0,0,1,0,1,0,0,0,0,0,0,,,,,,,,,,,,,,,,,,,,,,,1,,,,,,,,,,,,,
HN32635,0,0,0,0,0,0,0,0,0,0,0,1,0,1,0,0,0,0,0,0,,,,,,,,,,,,,,,,,,,,,,,1,,,,,,,,,,,,,
HN32636,0,0,0,0,0,0,0,0,1,1,0,1,0,1,0,0,1,0,0,0,,,,,,,,,0,0,,0,0,,,1,,1,1,,,,1,1,,,,,,,1,,,,,
HN32637,0,0,0,0,0,0,0,0,1,0,0,1,0,0,0,0,1,0,0,0,,,,,,,,,,0,,,0,,,,,,,,,,,1,,,,,,,,,,,,
HN32638,0,1,0,0,0,0,0,0,1,0,0,1,0,0,0,0,0,1,0,0,,,,,,,,,,0,,,,0,,,,,,,,,,,1,,,,,,,,,,,
HN32639,0,0,0,0,0,0,0,0,1,0,0,1,0,1,0,0,0,0,0,0,,,,,,,,,,0,,0,,,,,,,,,,,1,,,,,,,,,,,,,
HN32640,0,0,0,0,0,0,0,0,0,0,0,1,0,1,0,0,0,0,0,0,,,,,,,,,,,,,,,,,,,,,,,1,,,,,,,,,,,,,
HN32641,0,0,0,0,0,0,0,0,0,0,0,1,0,1,0,0,0,0,0,0,,,,,,,,,,,,,,,,,,,,,,,1,,,,,,,,,,,,,
HN32642,0,0,0,0,0,0,0,0,0,0,0,1,0,1,0,0,0,0,0,0,,,,,,,,,,,,,,,,,,,,,,,1,,,,,,,,,,,,,
HN32643,0,1,0,0,0,0,0,0,1,0,0,1,0,1,0,0,0,0,0,0,,,,,,,,,,0,,0,,,,,,,,,,,1,,,,,,,,,,,,,
HN32644,0,0,0,0,0,0,0,0,1,0,0,1,0,1,0,0,0,0,0,0,,,,,,,,,,0,,0,,,,,,,,,,,1,,,,,,,,,,,,,
HN32645,0,0,0,0,0,0,0,0,0,0,0,1,0,1,0,0,0,0,0,0,,,,,,,,,,,,,,,,,,,,,,,1,,,,,,,,,,,,,
HN32646,0,0,0,0,0,0,0,0,0,0,0,1,0,1,0,0,0,0,0,0,,,,,,,,,,,,,,,,,,,,,,,1,,,,,,,,,,,,,
HN32647,0,1,0,0,0,0,0,0,1,0,0,1,0,0,0,0,1,0,0,0,,,,,,,,,,0,,,0,,,,,,,,,,,1,,,,,,,,,,,,
HN32648,0,1,0,0,0,0,0,0,1,0,0,1,0,1,0,0,0,0,0,0,,,,,,,,,,0,,0,,,,,,,,,,,1,,,,,,,,,,,,,
HN32649,0,0,0,0,0,0,0,0,0,0,0,1,0,1,0,0,0,0,0,0,,,,,,,,,,,,,,,,,,,,,,,1,,,,,,,,,,,,,
HN32650,0,1,0,0,0,0,0,0,1,0,0,1,0,1,0,0,0,0,0,0,,,,,,,,,,0,,0,,,,,,,,,,,1,,,,,,,,,,,,,
HN32651,0,0,0,0,0,0,0,0,0,0,0,1,0,1,0,0,0,0,0,0,,,,,,,,,,,,,,,,,,,,,,,1,,,,,,,,,,,,,
HN32652,0,0,0,0,0,0,0,0,0,0,0,1,0,0,0,0,0,0,0,0,,,,,,,,,,,,,,,,,,,,,,,,,,,,,,,,,,,,
HN32653,0,0,0,0,0,0,0,0,0,0,0,1,0,1,0,0,1,0,0,0,,,,,,,,,,,,,,,,,,,,,,,1,1,,,,,,,1,,,,,
HN32654,0,0,0,0,0,0,0,0,1,1,0,1,0,1,0,0,0,0,0,0,,,,,,,,,0,0,,0,,,,1,,1,,,,,1,,,,,,,,,,,,,
HN32655,0,1,0,0,0,0,0,0,1,0,0,1,0,1,0,0,0,0,0,0,,,,,,,,,,0,,0,,,,,,,,,,,1,,,,,,,,,,,,,
HN32656,0,0,0,0,0,0,0,0,0,0,0,1,0,1,0,0,0,0,0,0,,,,,,,,,,,,,,,,,,,,,,,1,,,,,,,,,,,,,
HN32657,0,0,0,0,0,0,0,0,0,0,0,1,0,1,0,0,0,0,0,0,,,,,,,,,,,,,,,,,,,,,,,1,,,,,,,,,,,,,
HN32658,0,0,0,0,0,0,0,0,0,0,0,1,0,1,0,0,0,0,0,0,,,,,,,,,,,,,,,,,,,,,,,1,,,,,,,,,,,,,
HN32659,0,0,0,0,0,0,0,0,0,0,0,0,0,0,0,0,0,0,0,0,,,,,,,,,,,,,,,,,,,,,,,,,,,,,,,,,,,,
HN32660,0,0,0,0,0,0,0,0,1,1,0,0,0,0,0,0,0,1,0,0,,,,,,,,,0,,,,,0,,,,,,1,,,,,,,,,,,,,,,,
HN32661,0,0,0,0,0,0,0,0,0,0,0,0,0,0,0,0,0,0,0,0,,,,,,,,,,,,,,,,,,,,,,,,,,,,,,,,,,,,
HN32662,0,0,0,0,0,0,0,0,0,0,0,0,0,0,0,0,0,0,0,0,,,,,,,,,,,,,,,,,,,,,,,,,,,,,,,,,,,,
HN32663,0,0,0,0,0,0,0,0,1,0,0,0,0,0,0,0,0,0,0,0,,,,,,,,,,,,,,,,,,,,,,,,,,,,,,,,,,,,
HN32664,0,0,0,0,0,0,0,0,1,0,0,0,0,0,0,0,0,0,0,0,,,,,,,,,,,,,,,,,,,,,,,,,,,,,,,,,,,,
HN32665,0,0,0,0,0,0,0,0,0,0,0,1,0,0,0,0,0,0,0,0,,,,,,,,,,,,,,,,,,,,,,,,,,,,,,,,,,,,
HN32666,0,0,0,0,0,0,0,0,1,1,0,1,0,0,0,0,1,0,0,0,,,,,,,,,0,0,,,0,,,1,,,1,,,,,1,,,,,,,,,,,,
HN32667,0,0,0,0,0,0,0,0,0,0,0,1,0,0,0,0,1,0,0,0,,,,,,,,,,,,,,,,,,,,,,,,1,,,,,,,,,,,,
HN32668,0,0,0,0,0,0,0,0,0,0,0,1,0,0,0,0,1,0,0,0,,,,,,,,,,,,,,,,,,,,,,,,1,,,,,,,,,,,,
HN32669,0,1,0,0,0,0,0,0,1,1,0,1,0,0,0,0,0,0,0,0,,,,,,,,,0,0,,,,,,1,,,,,,,,,,,,,,,,,,,,
HN32670,0,0,0,0,0,0,0,0,0,0,0,1,0,0,0,0,0,0,0,0,,,,,,,,,,,,,,,,,,,,,,,,,,,,,,,,,,,,
HN32671,0,0,0,0,0,0,0,0,0,0,0,1,0,0,0,0,0,0,0,0,,,,,,,,,,,,,,,,,,,,,,,,,,,,,,,,,,,,
HN32672,0,0,0,0,0,0,0,0,0,0,0,1,0,0,0,0,0,0,0,0,,,,,,,,,,,,,,,,,,,,,,,,,,,,,,,,,,,,
HN32673,0,0,0,0,0,0,0,0,1,1,0,1,0,0,0,0,0,0,0,0,,,,,,,,,0,0,,,,,,1,,,,,,,,,,,,,,,,,,,,
HN32674,0,0,0,0,0,0,0,0,0,0,0,1,0,0,0,0,0,0,0,0,,,,,,,,,,,,,,,,,,,,,,,,,,,,,,,,,,,,
HN32675,0,0,0,0,0,0,0,0,1,1,0,1,0,0,0,0,0,0,0,0,,,,,,,,,0,0,,,,,,1,,,,,,,,,,,,,,,,,,,,
HN32676,0,0,0,0,0,0,0,0,0,0,0,1,0,0,0,0,0,0,0,0,,,,,,,,,,,,,,,,,,,,,,,,,,,,,,,,,,,,
HN32677,0,1,0,0,0,0,0,0,1,0,0,1,0,0,0,0,0,0,0,0,,,,,,,,,,0,,,,,,,,,,,,,,,,,,,,,,,,,,
HN32678,0,0,0,0,0,0,0,0,0,0,0,1,0,0,0,0,0,1,0,0,,,,,,,,,,,,,,,,,,,,,,,,,1,,,,,,,,,,,
HN32679,0,0,0,0,0,0,0,0,1,0,0,1,0,0,0,0,0,0,0,0,,,,,,,,,,0,,,,,,,,,,,,,,,,,,,,,,,,,,
HN32680,0,1,0,0,0,0,0,0,1,0,0,1,0,0,0,0,0,0,0,0,,,,,,,,,,0,,,,,,,,,,,,,,,,,,,,,,,,,,
HN32681,0,1,0,0,0,0,0,0,1,1,0,1,0,0,0,0,0,0,0,0,,,,,,,,,0,0,,,,,,1,,,,,,,,,,,,,,,,,,,,
HN32682,0,0,0,0,0,0,0,0,0,0,0,1,0,0,0,0,1,0,0,0,,,,,,,,,,,,,,,,,,,,,,,,1,,,,,,,,,,,,
HN32683,0,0,0,0,0,0,0,0,0,0,0,1,0,0,0,0,0,1,0,0,,,,,,,,,,,,,,,,,,,,,,,,,1,,,,,,,,,,,
HN32684,0,0,0,0,0,0,0,0,1,1,0,1,0,0,0,0,0,0,0,0,,,,,,,,,0,0,,,,,,1,,,,,,,,,,,,,,,,,,,,
HN32685,0,0,0,0,0,0,0,0,0,0,0,1,0,0,0,0,1,0,0,0,,,,,,,,,,,,,,,,,,,,,,,,1,,,,,,,,,,,,
HN32686,0,0,0,0,0,0,0,0,1,1,0,1,0,0,0,0,0,0,0,0,,,,,,,,,0,0,,,,,,1,,,,,,,,,,,,,,,,,,,,
HN32687,0,0,0,0,0,0,0,0,1,0,0,1,0,0,0,0,0,0,0,0,,,,,,,,,,0,,,,,,,,,,,,,,,,,,,,,,,,,,
HN32688,0,0,0,0,0,0,0,0,1,1,0,1,0,0,0,0,0,0,0,0,,,,,,,,,0,0,,,,,,1,,,,,,,,,,,,,,,,,,,,
HN32689,0,0,0,0,0,0,0,0,0,0,0,1,0,0,0,0,0,0,0,0,,,,,,,,,,,,,,,,,,,,,,,,,,,,,,,,,,,,
HN32690,0,0,0,0,0,0,0,0,1,0,0,1,0,0,0,0,1,0,0,0,,,,,,,,,,0,,,0,,,,,,,,,,,1,,,,,,,,,,,,
HN32691,0,0,0,0,0,0,0,0,1,0,0,1,0,0,0,0,0,0,0,0,,,,,,,,,,0,,,,,,,,,,,,,,,,,,,,,,,,,,
HN32692,0,0,0,0,0,0,0,0,1,0,0,0,0,0,0,0,0,0,0,0,,,,,,,,,,,,,,,,,,,,,,,,,,,,,,,,,,,,
HN32693,0,0,0,0,0,0,0,0,1,1,0,0,0,0,0,0,0,1,0,0,,,,,,,,,0,,,,,0,,,,,,1,,,,,,,,,,,,,,,,
HN32694,0,0,0,0,0,0,0,0,1,1,0,0,0,0,0,0,0,1,0,0,,,,,,,,,0,,,,,0,,,,,,1,,,,,,,,,,,,,,,,
HN32695,0,0,0,0,0,0,0,0,0,0,0,0,0,0,0,0,1,1,0,0,,,,,,,,,,,,,,,,,,,,,,,,,,,,,,,,,,1,,
HN32696,0,0,0,0,0,0,0,0,0,0,0,0,0,0,0,0,0,0,0,0,,,,,,,,,,,,,,,,,,,,,,,,,,,,,,,,,,,,
HN32697,0,0,0,0,0,0,0,0,0,0,0,0,0,0,0,0,0,1,0,0,,,,,,,,,,,,,,,,,,,,,,,,,,,,,,,,,,,,
HN32698,0,1,0,0,0,0,0,0,1,1,0,0,0,0,0,0,0,0,0,0,,,,,,,,,0,,,,,,,,,,,,,,,,,,,,,,,,,,,
HN32699,0,0,0,0,0,0,0,0,0,0,0,0,0,0,0,0,0,1,0,0,,,,,,,,,,,,,,,,,,,,,,,,,,,,,,,,,,,,
HN32700,0,1,0,0,0,0,0,0,1,0,0,0,0,0,0,0,0,0,0,0,,,,,,,,,,,,,,,,,,,,,,,,,,,,,,,,,,,,
HN32701,0,0,0,0,0,0,0,0,1,0,0,0,0,0,0,0,0,0,0,0,,,,,,,,,,,,,,,,,,,,,,,,,,,,,,,,,,,,
HN32702,0,0,0,0,0,0,0,0,1,0,0,0,0,0,0,0,0,1,0,0,,,,,,,,,,,,,,0,,,,,,,,,,,,,,,,,,,,,,
HN32703,0,0,0,0,0,0,0,0,0,0,0,0,0,0,0,0,0,0,0,0,,,,,,,,,,,,,,,,,,,,,,,,,,,,,,,,,,,,
HN32704,0,1,0,0,0,0,0,0,1,0,0,1,0,0,0,0,0,0,0,0,,,,,,,,,,0,,,,,,,,,,,,,,,,,,,,,,,,,,
HN32705,0,0,0,0,0,0,0,0,1,1,0,1,0,0,0,0,0,0,0,0,,,,,,,,,0,0,,,,,,1,,,,,,,,,,,,,,,,,,,,
HN32706,0,1,0,0,0,0,0,0,1,0,0,1,0,0,0,0,0,0,0,0,,,,,,,,,,0,,,,,,,,,,,,,,,,,,,,,,,,,,
HN32707,0,1,0,0,0,0,0,0,1,1,0,1,0,0,0,0,0,0,0,0,,,,,,,,,0,0,,,,,,1,,,,,,,,,,,,,,,,,,,,
HN32708,0,0,0,0,0,0,0,0,0,0,0,1,0,0,0,0,0,0,0,0,,,,,,,,,,,,,,,,,,,,,,,,,,,,,,,,,,,,
HN32709,0,0,0,0,0,0,0,0,0,0,0,1,0,0,0,0,1,0,0,0,,,,,,,,,,,,,,,,,,,,,,,,1,,,,,,,,,,,,
HN32710,0,0,0,0,0,0,0,0,0,0,0,1,0,0,0,0,0,0,0,0,,,,,,,,,,,,,,,,,,,,,,,,,,,,,,,,,,,,
HN32711,0,0,0,0,0,0,0,0,0,0,0,1,0,0,0,0,1,0,0,0,,,,,,,,,,,,,,,,,,,,,,,,1,,,,,,,,,,,,
HN32712,0,1,0,0,0,0,0,0,1,1,0,1,0,0,0,0,0,0,0,0,,,,,,,,,0,0,,,,,,1,,,,,,,,,,,,,,,,,,,,
HN32713,0,0,0,0,0,0,0,0,1,1,0,1,0,0,0,0,1,0,0,0,,,,,,,,,0,0,,,0,,,1,,,1,,,,,1,,,,,,,,,,,,
HN32714,0,0,0,0,0,0,0,0,1,1,0,1,0,0,0,0,1,0,0,0,,,,,,,,,0,0,,,0,,,1,,,1,,,,,1,,,,,,,,,,,,
HN32715,0,1,0,0,0,0,0,0,1,1,0,1,0,0,0,0,0,0,0,0,,,,,,,,,0,0,,,,,,1,,,,,,,,,,,,,,,,,,,,
HN32716,0,0,0,0,0,0,0,0,0,0,0,1,0,0,0,0,0,1,0,0,,,,,,,,,,,,,,,,,,,,,,,,,1,,,,,,,,,,,
HN32717,0,0,0,0,0,0,0,0,0,0,0,1,1,0,0,0,0,0,0,0,,,,,,,,,,,,,,,,,,,,,,1,,,,,,,,,,,,,,
HN32718,0,0,0,0,0,0,0,0,1,1,0,1,0,0,0,0,1,0,0,0,,,,,,,,,0,0,,,0,,,1,,,1,,,,,1,,,,,,,,,,,,
HN32719,0,0,0,0,0,0,0,0,1,0,0,1,0,0,0,0,0,0,0,0,,,,,,,,,,0,,,,,,,,,,,,,,,,,,,,,,,,,,
HN32720,0,0,0,0,0,0,0,0,1,0,0,1,1,0,0,0,0,0,0,0,,,,,,,,,,0,0,,,,,,,,,,,1,,,,,,,,,,,,,,
HN32721,0,0,0,0,0,0,0,0,0,0,0,1,0,0,0,0,0,0,0,0,,,,,,,,,,,,,,,,,,,,,,,,,,,,,,,,,,,,
HN32722,0,1,0,0,0,0,0,0,1,0,0,1,0,0,0,0,0,0,0,0,,,,,,,,,,0,,,,,,,,,,,,,,,,,,,,,,,,,,
HN32723,0,0,0,0,0,0,0,0,1,0,0,1,0,0,0,0,0,0,0,0,,,,,,,,,,0,,,,,,,,,,,,,,,,,,,,,,,,,,
HN32724,0,1,0,0,0,0,0,0,1,0,0,1,0,0,0,0,0,0,0,0,,,,,,,,,,0,,,,,,,,,,,,,,,,,,,,,,,,,,
HN32725,0,0,0,0,0,0,0,0,0,0,0,1,0,0,0,0,0,1,0,0,,,,,,,,,,,,,,,,,,,,,,,,,1,,,,,,,,,,,
HN32726,0,0,0,0,0,0,0,0,1,1,0,1,1,0,0,0,0,0,0,0,,,,,,,,,0,0,0,,,,,1,1,,,,,1,,,,,,,,,,,,,,
HN32727,0,0,0,0,0,0,0,0,0,0,0,1,0,0,0,0,1,0,0,0,,,,,,,,,,,,,,,,,,,,,,,,1,,,,,,,,,,,,
HN32728,0,1,0,0,0,0,0,0,1,0,0,1,0,0,0,0,0,0,0,0,,,,,,,,,,0,,,,,,,,,,,,,,,,,,,,,,,,,,
HN32729,0,1,0,0,0,0,0,0,1,0,0,1,0,0,0,0,0,0,0,0,,,,,,,,,,0,,,,,,,,,,,,,,,,,,,,,,,,,,
HN32730,0,0,0,0,0,0,0,0,1,1,0,1,0,0,0,0,1,0,0,0,,,,,,,,,0,0,,,0,,,1,,,1,,,,,1,,,,,,,,,,,,
HN32731,0,0,0,0,0,0,0,0,1,0,0,1,0,0,0,0,1,0,0,0,,,,,,,,,,0,,,0,,,,,,,,,,,1,,,,,,,,,,,,
HN32732,0,0,0,0,0,0,0,0,1,1,0,1,1,0,0,0,0,0,0,0,,,,,,,,,0,0,0,,,,,1,1,,,,,1,,,,,,,,,,,,,,
HN32733,0,0,0,0,0,0,0,0,1,1,0,1,0,0,0,0,0,1,0,0,,,,,,,,,0,0,,,,0,,1,,,,1,,,,,1,,,,,,,,,,,
HN32734,0,0,0,0,0,0,0,0,0,0,0,1,0,0,0,0,0,0,0,0,,,,,,,,,,,,,,,,,,,,,,,,,,,,,,,,,,,,
HN32735,0,0,0,0,0,0,0,0,0,0,0,0,1,0,0,1,0,0,0,0,,,,,,,,,,,,,,,,,,,,,,,,,,,,,,,,,,,,
HN32736,0,0,0,0,0,0,0,0,1,0,0,0,0,0,0,0,0,1,0,0,,,,,,,,,,,,,,0,,,,,,,,,,,,,,,,,,,,,,
HN32737,0,0,0,0,0,0,0,0,0,0,0,0,1,0,0,1,0,0,0,0,,,,,,,,,,,,,,,,,,,,,,,,,,,,,,,,,,,,
HN32738,0,0,0,0,0,0,0,0,1,0,0,0,0,0,0,1,0,0,0,0,,,,,,,,,,,,,,,,,,,,,,,,,,,,,,,,,,,,
HN32739,0,0,0,0,0,0,0,0,0,0,0,0,1,0,0,1,0,1,0,0,,,,,,,,,,,,,,,,,,,,,,,,,,,,,1,,,,,,,
HN32740,0,1,0,0,0,0,0,0,1,0,0,0,0,0,0,1,0,0,0,0,,,,,,,,,,,,,,,,,,,,,,,,,,,,,,,,,,,,
HN32741,0,1,0,0,0,0,0,0,1,0,0,0,0,0,0,0,1,0,0,0,,,,,,,,,,,,,0,,,,,,,,,,,,,,,,,,,,,,,
HN32742,0,0,0,0,0,0,0,0,0,0,0,0,0,0,0,1,0,0,0,0,,,,,,,,,,,,,,,,,,,,,,,,,,,,,,,,,,,,
HN32743,0,0,0,0,0,0,0,0,1,1,0,0,0,0,0,0,0,0,0,0,,,,,,,,,0,,,,,,,,,,,,,,,,,,,,,,,,,,,
HN32744,0,1,0,0,0,0,0,0,1,0,0,0,1,0,0,1,0,0,0,0,,,,,,,,,,,0,,,,,,,,,,,,,,,,,,,,,,,,,
HN32745,0,0,0,0,0,0,0,0,1,1,0,0,0,0,0,0,1,0,0,0,,,,,,,,,0,,,,0,,,,,,1,,,,,,,,,,,,,,,,,
HN32746,0,0,0,0,0,0,0,0,0,0,0,0,1,0,0,1,0,0,0,0,,,,,,,,,,,,,,,,,,,,,,,,,,,,,,,,,,,,
HN32747,0,0,0,0,0,0,0,0,0,0,0,0,1,0,0,1,0,0,0,0,,,,,,,,,,,,,,,,,,,,,,,,,,,,,,,,,,,,
HN32748,0,0,0,0,0,0,0,0,0,0,0,1,1,0,0,1,0,0,0,0,,,,,,,,,,,,,,,,,,,,,,1,,,,,,,,,,,,,,
G3989,0,0,0,0,0,0,0,0,0,0,0,0,0,0,0,0,0,0,0,0,,,,,,,,,,,,,,,,,,,,,,,,,,,,,,,,,,,,
G3990,0,0,0,0,0,0,0,0,0,0,0,1,0,0,0,0,0,0,0,0,,,,,,,,,,,,,,,,,,,,,,,,,,,,,,,,,,,,
G3991,0,0,0,0,0,0,0,0,1,0,0,1,1,0,1,0,0,0,0,0,,,,,,,,,,0,1,,,,,,,,,,,1,,,,,,,,,,,,,,
G3992,0,0,0,0,0,0,0,0,1,0,0,1,0,0,0,0,0,0,1,0,,,,,,,,,,1,,,,,1,,,,,,,,,,,1,,,,,,,,,,
G3993,0,0,0,0,0,0,0,0,0,0,0,0,0,0,0,0,0,0,0,0,,,,,,,,,,,,,,,,,,,,,,,,,,,,,,,,,,,,
G3994,0,0,0,0,0,0,0,0,0,0,0,0,0,0,0,0,0,0,0,0,,,,,,,,,,,,,,,,,,,,,,,,,,,,,,,,,,,,
G3995,0,0,0,0,0,0,0,0,1,1,0,1,0,0,0,0,0,1,1,0,,,,,,,,,1,1,,,,1,1,0,,,,0,0,,,,1,1,,,,,,,,,,0
G3996,0,0,0,0,0,0,0,0,1,1,0,1,0,0,0,0,0,1,1,0,,,,,,,,,1,0,,,,0,0,0,,,,0,0,,,,1,1,,,,,,,,,,0
G3997,0,0,0,0,0,0,0,0,1,0,0,0,0,0,0,0,0,0,0,0,,,,,,,,,,,,,,,,,,,,,,,,,,,,,,,,,,,,
G3998,0,0,0,0,0,0,0,0,1,0,0,0,0,0,0,0,0,0,0,0,,,,,,,,,,,,,,,,,,,,,,,,,,,,,,,,,,,,
G3999,0,0,0,0,0,0,0,0,1,0,0,0,0,0,0,0,0,0,0,0,,,,,,,,,,,,,,,,,,,,,,,,,,,,,,,,,,,,
G4000,0,0,0,0,0,0,0,0,1,0,0,0,0,0,0,0,0,0,0,0,,,,,,,,,,,,,,,,,,,,,,,,,,,,,,,,,,,,
G4001,0,0,0,0,0,0,0,0,1,0,0,0,0,0,0,0,0,0,0,0,,,,,,,,,,,,,,,,,,,,,,,,,,,,,,,,,,,,
G4002,0,0,0,0,0,0,0,0,0,0,0,1,0,0,0,0,0,0,0,0,,,,,,,,,,,,,,,,,,,,,,,,,,,,,,,,,,,,
G4003,0,0,0,0,0,0,0,0,0,0,0,1,0,0,0,0,0,0,0,0,,,,,,,,,,,,,,,,,,,,,,,,,,,,,,,,,,,,
G4004,0,0,0,0,0,0,0,0,0,0,0,1,0,0,0,0,0,0,0,0,,,,,,,,,,,,,,,,,,,,,,,,,,,,,,,,,,,,
G4005,0,0,0,0,0,0,0,0,0,0,0,1,0,0,0,0,0,0,0,0,,,,,,,,,,,,,,,,,,,,,,,,,,,,,,,,,,,,
G4006,0,0,0,0,0,0,0,0,0,0,0,1,0,0,0,0,0,0,0,0,,,,,,,,,,,,,,,,,,,,,,,,,,,,,,,,,,,,
G4007,0,0,0,0,0,0,0,0,0,0,0,1,0,0,0,0,0,0,0,0,,,,,,,,,,,,,,,,,,,,,,,,,,,,,,,,,,,,
G4008,0,0,0,0,0,0,0,0,0,0,0,1,0,0,0,0,0,0,0,0,,,,,,,,,,,,,,,,,,,,,,,,,,,,,,,,,,,,
G4009,0,0,0,0,0,0,0,0,0,0,0,1,0,0,0,0,0,0,0,0,,,,,,,,,,,,,,,,,,,,,,,,,,,,,,,,,,,,
G4010,0,0,0,0,0,0,0,0,0,0,0,1,0,0,0,0,0,0,0,0,,,,,,,,,,,,,,,,,,,,,,,,,,,,,,,,,,,,
G4011,0,0,0,0,0,0,0,0,0,0,0,1,0,0,1,0,0,0,0,0,,,,,,,,,,,,,,,,,,,,,,,,,,,,,,,,,,,,
G4012,0,0,0,0,0,0,0,0,0,0,0,1,0,0,1,0,0,0,0,0,,,,,,,,,,,,,,,,,,,,,,,,,,,,,,,,,,,,
G4013,0,0,0,0,0,0,0,0,0,0,0,1,0,0,1,0,0,0,0,0,,,,,,,,,,,,,,,,,,,,,,,,,,,,,,,,,,,,
G4014,0,0,0,0,0,0,0,0,0,0,0,1,1,0,0,0,0,0,0,0,,,,,,,,,,,,,,,,,,,,,,1,,,,,,,,,,,,,,
G4015,0,0,0,0,0,0,0,0,0,0,0,1,1,0,0,0,0,0,0,0,,,,,,,,,,,,,,,,,,,,,,1,,,,,,,,,,,,,,
G4016,0,0,0,0,0,0,0,0,0,0,0,1,1,0,0,0,0,0,0,0,,,,,,,,,,,,,,,,,,,,,,1,,,,,,,,,,,,,,
G4017,0,0,0,0,0,0,0,0,0,0,0,1,1,0,0,0,0,0,0,0,,,,,,,,,,,,,,,,,,,,,,1,,,,,,,,,,,,,,
G4018,0,0,0,0,0,0,0,0,0,0,0,1,1,0,0,0,0,0,0,0,,,,,,,,,,,,,,,,,,,,,,1,,,,,,,,,,,,,,
G4019,0,0,0,0,0,0,0,0,0,0,0,1,1,0,1,0,0,0,0,0,,,,,,,,,,,,,,,,,,,,,,1,,,,,,,,,,,,,,
G4020,0,0,0,0,0,0,0,0,0,0,0,1,0,0,0,0,0,0,0,0,,,,,,,,,,,,,,,,,,,,,,,,,,,,,,,,,,,,
G4021,0,0,0,0,0,0,0,0,0,0,0,1,0,0,0,0,0,0,0,0,,,,,,,,,,,,,,,,,,,,,,,,,,,,,,,,,,,,
G4022,0,0,0,0,0,0,0,0,0,0,0,1,0,0,0,0,0,0,0,0,,,,,,,,,,,,,,,,,,,,,,,,,,,,,,,,,,,,
G4023,0,0,0,0,0,0,0,0,0,0,0,0,0,0,0,0,0,0,0,0,,,,,,,,,,,,,,,,,,,,,,,,,,,,,,,,,,,,
G4024,0,0,0,0,0,0,0,0,0,0,0,1,0,0,1,0,0,0,0,0,,,,,,,,,,,,,,,,,,,,,,,,,,,,,,,,,,,,
G4025,0,0,0,0,0,0,0,0,0,0,0,1,0,0,1,0,0,0,0,0,,,,,,,,,,,,,,,,,,,,,,,,,,,,,,,,,,,,
G4026,0,0,0,0,0,0,0,0,0,0,0,1,0,0,0,0,0,0,0,0,,,,,,,,,,,,,,,,,,,,,,,,,,,,,,,,,,,,
G4027,0,0,0,0,0,0,0,0,0,0,0,1,0,0,0,0,0,0,0,0,,,,,,,,,,,,,,,,,,,,,,,,,,,,,,,,,,,,
G4028,0,0,0,0,0,0,0,0,0,0,0,1,0,0,0,0,0,0,0,0,,,,,,,,,,,,,,,,,,,,,,,,,,,,,,,,,,,,
G4029,0,0,0,0,0,0,0,0,0,0,0,1,0,0,0,0,0,0,0,0,,,,,,,,,,,,,,,,,,,,,,,,,,,,,,,,,,,,
G4030,0,0,0,0,0,0,0,0,0,0,0,1,0,0,0,0,0,0,0,0,,,,,,,,,,,,,,,,,,,,,,,,,,,,,,,,,,,,
G4031,0,0,0,0,0,0,0,0,0,0,0,1,0,0,0,0,0,0,0,0,,,,,,,,,,,,,,,,,,,,,,,,,,,,,,,,,,,,
G4032,0,0,0,0,0,0,0,0,0,0,0,1,0,0,0,0,0,0,0,0,,,,,,,,,,,,,,,,,,,,,,,,,,,,,,,,,,,,
G4033,0,0,0,0,0,0,0,0,0,0,0,1,0,0,0,0,0,0,0,0,,,,,,,,,,,,,,,,,,,,,,,,,,,,,,,,,,,,
G4034,0,0,0,0,0,0,0,0,0,0,0,1,0,0,0,0,0,0,0,0,,,,,,,,,,,,,,,,,,,,,,,,,,,,,,,,,,,,
G4035,0,0,0,0,0,0,0,0,0,0,0,1,0,0,0,0,0,0,0,0,,,,,,,,,,,,,,,,,,,,,,,,,,,,,,,,,,,,
G4036,0,0,0,0,0,0,0,0,0,0,0,1,0,0,0,0,0,0,0,0,,,,,,,,,,,,,,,,,,,,,,,,,,,,,,,,,,,,
G4037,0,0,0,0,0,0,0,0,0,0,0,1,0,0,0,0,0,0,0,0,,,,,,,,,,,,,,,,,,,,,,,,,,,,,,,,,,,,
G4038,0,0,0,0,0,0,0,0,0,0,0,1,0,0,0,0,0,0,0,0,,,,,,,,,,,,,,,,,,,,,,,,,,,,,,,,,,,,
G4039,0,0,0,0,0,0,0,0,0,0,0,1,0,0,0,0,0,0,0,0,,,,,,,,,,,,,,,,,,,,,,,,,,,,,,,,,,,,
G4040,0,0,0,0,0,0,0,0,0,0,0,1,0,0,0,0,0,0,0,0,,,,,,,,,,,,,,,,,,,,,,,,,,,,,,,,,,,,
G4041,0,0,0,0,0,0,0,0,0,0,0,1,0,0,0,0,0,0,0,0,,,,,,,,,,,,,,,,,,,,,,,,,,,,,,,,,,,,
G4042,0,0,0,0,0,0,0,0,0,0,0,1,0,0,0,0,0,0,0,0,,,,,,,,,,,,,,,,,,,,,,,,,,,,,,,,,,,,
G4043,0,0,0,0,0,0,0,0,0,0,0,1,0,0,0,0,0,0,0,0,,,,,,,,,,,,,,,,,,,,,,,,,,,,,,,,,,,,
G4044,0,0,0,0,0,0,0,0,0,0,0,1,0,0,0,0,0,0,0,0,,,,,,,,,,,,,,,,,,,,,,,,,,,,,,,,,,,,
G4045,0,0,0,0,0,0,0,0,0,0,0,1,0,0,0,0,0,0,0,0,,,,,,,,,,,,,,,,,,,,,,,,,,,,,,,,,,,,
G4046,0,0,0,0,0,0,0,0,0,0,0,1,0,0,0,0,0,0,0,0,,,,,,,,,,,,,,,,,,,,,,,,,,,,,,,,,,,,
G4047,0,0,0,0,0,0,0,0,0,0,0,0,0,0,0,0,0,0,0,0,,,,,,,,,,,,,,,,,,,,,,,,,,,,,,,,,,,,
G4048,0,0,0,0,0,0,0,0,0,0,0,1,0,0,0,0,0,0,0,0,,,,,,,,,,,,,,,,,,,,,,,,,,,,,,,,,,,,
G4049,0,0,0,0,0,0,0,0,0,0,0,1,0,0,0,0,0,0,0,0,,,,,,,,,,,,,,,,,,,,,,,,,,,,,,,,,,,,
G4050,0,0,0,0,0,0,0,0,0,0,0,1,0,0,0,0,0,0,0,0,,,,,,,,,,,,,,,,,,,,,,,,,,,,,,,,,,,,
G4051,0,0,0,0,0,0,0,0,0,0,0,1,0,0,0,0,0,0,0,0,,,,,,,,,,,,,,,,,,,,,,,,,,,,,,,,,,,,
G4052,0,0,0,0,0,0,0,0,0,0,0,1,0,0,0,0,0,0,0,0,,,,,,,,,,,,,,,,,,,,,,,,,,,,,,,,,,,,
G4053,0,0,0,0,0,0,0,0,0,0,0,1,0,0,0,0,0,0,0,0,,,,,,,,,,,,,,,,,,,,,,,,,,,,,,,,,,,,
G4054,0,0,0,0,0,0,0,0,0,0,0,1,0,0,0,0,0,0,0,0,,,,,,,,,,,,,,,,,,,,,,,,,,,,,,,,,,,,
G4055,0,0,0,0,0,0,0,0,0,0,0,1,0,0,0,0,0,0,0,0,,,,,,,,,,,,,,,,,,,,,,,,,,,,,,,,,,,,
G4056,0,0,0,0,0,0,0,0,0,0,0,1,0,0,0,0,0,0,0,0,,,,,,,,,,,,,,,,,,,,,,,,,,,,,,,,,,,,
G4057,0,0,0,0,0,0,0,0,0,0,0,1,0,0,0,0,0,0,0,0,,,,,,,,,,,,,,,,,,,,,,,,,,,,,,,,,,,,
G4058,0,0,0,0,0,0,0,0,0,0,0,1,0,0,0,0,0,0,0,0,,,,,,,,,,,,,,,,,,,,,,,,,,,,,,,,,,,,
G4059,0,0,0,0,0,0,0,0,0,0,0,1,0,0,0,0,0,0,0,0,,,,,,,,,,,,,,,,,,,,,,,,,,,,,,,,,,,,
G4060,0,0,0,0,0,0,0,0,0,0,0,1,0,0,0,0,0,0,0,0,,,,,,,,,,,,,,,,,,,,,,,,,,,,,,,,,,,,
G4061,0,0,0,0,0,0,0,0,0,0,0,1,0,0,0,0,0,0,0,0,,,,,,,,,,,,,,,,,,,,,,,,,,,,,,,,,,,,
G4062,0,0,0,0,0,0,0,0,0,0,0,1,0,0,0,0,0,0,0,0,,,,,,,,,,,,,,,,,,,,,,,,,,,,,,,,,,,,
G4063,0,0,0,0,0,0,0,0,0,0,0,1,0,0,0,0,0,0,0,0,,,,,,,,,,,,,,,,,,,,,,,,,,,,,,,,,,,,
G4064,0,0,0,0,0,0,0,0,0,0,0,1,0,0,0,0,0,0,0,0,,,,,,,,,,,,,,,,,,,,,,,,,,,,,,,,,,,,
G4065,0,0,0,0,0,0,0,0,0,0,0,1,0,0,0,0,0,0,0,0,,,,,,,,,,,,,,,,,,,,,,,,,,,,,,,,,,,,
G4066,0,0,0,0,0,0,0,0,0,0,0,1,0,0,0,0,0,0,0,0,,,,,,,,,,,,,,,,,,,,,,,,,,,,,,,,,,,,
G4067,0,0,0,0,0,0,0,0,0,0,0,1,0,0,0,0,0,0,0,0,,,,,,,,,,,,,,,,,,,,,,,,,,,,,,,,,,,,
G4068,0,0,0,0,0,0,0,0,0,0,0,1,0,0,0,0,0,0,0,0,,,,,,,,,,,,,,,,,,,,,,,,,,,,,,,,,,,,
G4069,0,0,0,0,0,0,0,0,0,0,0,1,0,0,0,0,0,0,0,0,,,,,,,,,,,,,,,,,,,,,,,,,,,,,,,,,,,,
G4070,0,0,0,0,0,0,0,0,0,0,0,1,0,0,0,0,0,0,0,0,,,,,,,,,,,,,,,,,,,,,,,,,,,,,,,,,,,,
G4071,0,0,0,0,0,0,0,0,0,0,0,1,0,0,0,0,0,0,0,0,,,,,,,,,,,,,,,,,,,,,,,,,,,,,,,,,,,,
G4072,0,0,0,0,0,0,0,0,0,0,0,1,0,0,0,0,0,0,0,0,,,,,,,,,,,,,,,,,,,,,,,,,,,,,,,,,,,,
G4073,0,0,0,0,0,0,0,0,0,0,0,1,0,0,0,0,0,0,0,0,,,,,,,,,,,,,,,,,,,,,,,,,,,,,,,,,,,,
G4074,0,0,0,0,0,0,0,0,0,0,0,1,0,0,0,0,0,0,0,0,,,,,,,,,,,,,,,,,,,,,,,,,,,,,,,,,,,,
G4075,0,0,0,0,0,0,0,0,0,0,0,1,1,0,0,0,0,0,0,0,,,,,,,,,,,,,,,,,,,,,,1,,,,,,,,,,,,,,
G4076,0,0,0,0,0,0,0,0,0,0,0,1,1,0,0,0,0,0,0,0,,,,,,,,,,,,,,,,,,,,,,1,,,,,,,,,,,,,,
G4077,0,0,0,0,0,0,0,0,0,0,0,1,1,0,0,0,0,0,0,0,,,,,,,,,,,,,,,,,,,,,,1,,,,,,,,,,,,,,
G4078,0,0,0,0,0,0,0,0,0,0,0,1,1,0,0,0,0,0,0,0,,,,,,,,,,,,,,,,,,,,,,1,,,,,,,,,,,,,,
G4079,0,0,0,0,0,0,0,0,0,0,0,1,1,0,0,0,1,0,0,0,,,,,,,,,,,,,,,,,,,,,,1,,1,,,,1,,,,,,,,
G4080,0,0,0,0,0,0,0,0,0,0,0,1,1,0,0,0,0,0,0,0,,,,,,,,,,,,,,,,,,,,,,1,,,,,,,,,,,,,,
G4081,0,0,0,0,0,0,0,0,0,0,0,1,1,0,0,0,1,0,0,0,,,,,,,,,,,,,,,,,,,,,,1,,1,,,,1,,,,,,,,
G4082,0,0,0,0,0,0,0,0,0,0,0,1,1,0,0,0,1,0,0,0,,,,,,,,,,,,,,,,,,,,,,1,,1,,,,1,,,,,,,,
G4083,0,0,0,0,0,0,0,0,0,0,0,1,1,0,0,0,0,0,0,0,,,,,,,,,,,,,,,,,,,,,,1,,,,,,,,,,,,,,
G4084,0,0,0,0,0,0,0,0,0,0,0,1,1,0,0,0,0,0,0,0,,,,,,,,,,,,,,,,,,,,,,1,,,,,,,,,,,,,,
G4085,0,0,0,0,0,0,0,0,0,0,0,1,1,0,0,0,0,0,0,0,,,,,,,,,,,,,,,,,,,,,,1,,,,,,,,,,,,,,
G4086,0,0,0,0,0,0,0,0,0,0,0,1,1,0,0,0,1,0,0,0,,,,,,,,,,,,,,,,,,,,,,1,,1,,,,1,,,,,,,,
G4087,0,0,0,0,0,0,0,0,0,0,0,1,1,0,0,0,0,0,0,0,,,,,,,,,,,,,,,,,,,,,,1,,,,,,,,,,,,,,
G4088,0,0,0,0,0,0,0,0,0,0,0,1,1,0,0,0,0,0,0,0,,,,,,,,,,,,,,,,,,,,,,1,,,,,,,,,,,,,,
G4089,0,0,0,0,0,0,0,0,0,0,0,1,1,0,0,0,0,0,0,0,,,,,,,,,,,,,,,,,,,,,,1,,,,,,,,,,,,,,
G4090,0,0,0,0,0,0,0,0,0,0,0,1,1,0,0,0,0,0,0,0,,,,,,,,,,,,,,,,,,,,,,1,,,,,,,,,,,,,,
G4091,0,0,0,0,0,0,0,0,0,0,0,1,0,0,0,0,0,0,0,0,,,,,,,,,,,,,,,,,,,,,,,,,,,,,,,,,,,,
G4092,0,0,0,0,0,0,0,0,0,0,0,1,0,0,0,0,0,0,0,0,,,,,,,,,,,,,,,,,,,,,,,,,,,,,,,,,,,,
G4093,0,0,0,0,0,0,0,0,0,0,0,1,0,0,0,0,0,0,0,0,,,,,,,,,,,,,,,,,,,,,,,,,,,,,,,,,,,,
G4094,0,0,0,0,0,0,0,0,0,0,0,1,0,0,0,0,0,0,0,0,,,,,,,,,,,,,,,,,,,,,,,,,,,,,,,,,,,,
G4095,0,0,0,0,0,0,0,0,0,0,0,1,1,0,0,0,0,0,0,0,,,,,,,,,,,,,,,,,,,,,,1,,,,,,,,,,,,,,
G4096,0,0,0,0,0,0,0,0,0,0,0,1,1,0,0,0,0,0,0,0,,,,,,,,,,,,,,,,,,,,,,1,,,,,,,,,,,,,,
G4097,0,0,0,0,0,0,0,0,0,0,0,1,1,0,0,0,0,0,0,0,,,,,,,,,,,,,,,,,,,,,,1,,,,,,,,,,,,,,
G4098,0,0,0,0,0,0,0,0,0,0,0,1,1,0,0,0,0,0,0,0,,,,,,,,,,,,,,,,,,,,,,1,,,,,,,,,,,,,,
G4099,0,0,0,0,0,0,0,0,0,0,0,1,1,0,0,0,0,0,0,0,,,,,,,,,,,,,,,,,,,,,,1,,,,,,,,,,,,,,
G4100,0,0,0,0,0,0,0,0,0,0,0,1,1,0,0,0,0,0,0,0,,,,,,,,,,,,,,,,,,,,,,1,,,,,,,,,,,,,,
G4101,0,0,0,0,0,0,0,0,0,0,0,1,1,0,0,0,0,0,0,0,,,,,,,,,,,,,,,,,,,,,,1,,,,,,,,,,,,,,
G4102,0,0,0,0,0,0,0,0,0,0,0,1,1,0,0,0,0,0,0,0,,,,,,,,,,,,,,,,,,,,,,1,,,,,,,,,,,,,,
G4103,0,0,0,0,0,0,0,0,0,0,0,1,1,0,0,0,0,0,0,0,,,,,,,,,,,,,,,,,,,,,,1,,,,,,,,,,,,,,
G4104,0,0,0,0,0,0,0,0,0,0,0,1,1,0,0,0,0,0,0,0,,,,,,,,,,,,,,,,,,,,,,1,,,,,,,,,,,,,,
G4105,0,0,0,0,0,0,0,0,0,0,0,1,1,0,0,0,0,0,0,0,,,,,,,,,,,,,,,,,,,,,,1,,,,,,,,,,,,,,
G4106,0,0,0,0,0,0,0,0,0,0,0,1,0,0,0,0,0,0,0,0,,,,,,,,,,,,,,,,,,,,,,,,,,,,,,,,,,,,
G4107,0,0,0,0,0,0,0,0,0,0,0,1,0,0,0,0,0,0,0,0,,,,,,,,,,,,,,,,,,,,,,,,,,,,,,,,,,,,
G4108,0,0,0,0,0,0,0,0,0,0,0,1,0,0,0,0,0,0,0,0,,,,,,,,,,,,,,,,,,,,,,,,,,,,,,,,,,,,
G4109,0,0,0,0,0,0,0,0,0,0,0,1,0,0,0,0,0,0,0,0,,,,,,,,,,,,,,,,,,,,,,,,,,,,,,,,,,,,
G4110,0,0,0,0,0,0,0,0,0,0,0,1,1,0,0,0,0,0,0,0,,,,,,,,,,,,,,,,,,,,,,1,,,,,,,,,,,,,,
G4111,0,0,0,0,0,0,0,0,0,0,0,1,1,0,0,0,0,0,0,0,,,,,,,,,,,,,,,,,,,,,,1,,,,,,,,,,,,,,
G4112,0,0,0,0,0,0,0,0,0,0,0,1,1,0,0,0,0,0,0,0,,,,,,,,,,,,,,,,,,,,,,1,,,,,,,,,,,,,,
G4113,0,0,0,0,0,0,0,0,0,0,0,1,1,0,0,0,0,0,0,0,,,,,,,,,,,,,,,,,,,,,,1,,,,,,,,,,,,,,
G4114,0,0,0,0,0,0,0,0,0,0,0,1,1,0,0,0,0,0,0,0,,,,,,,,,,,,,,,,,,,,,,1,,,,,,,,,,,,,,
G4115,0,0,0,0,0,0,0,0,0,0,0,1,1,0,0,0,0,0,0,0,,,,,,,,,,,,,,,,,,,,,,1,,,,,,,,,,,,,,
G4116,0,0,0,0,0,0,0,0,0,0,0,1,1,0,0,0,0,0,0,0,,,,,,,,,,,,,,,,,,,,,,1,,,,,,,,,,,,,,
G4117,0,0,0,0,0,0,0,0,0,0,0,1,1,0,0,0,0,0,0,0,,,,,,,,,,,,,,,,,,,,,,1,,,,,,,,,,,,,,
G4118,0,0,0,0,0,0,0,0,0,0,0,1,1,0,0,0,0,0,0,0,,,,,,,,,,,,,,,,,,,,,,1,,,,,,,,,,,,,,
G4119,0,0,0,0,0,0,0,0,0,0,0,1,1,0,0,0,0,0,0,0,,,,,,,,,,,,,,,,,,,,,,1,,,,,,,,,,,,,,
G4120,0,0,0,0,0,0,0,0,0,0,0,1,1,0,0,0,0,0,0,0,,,,,,,,,,,,,,,,,,,,,,1,,,,,,,,,,,,,,
G4121,0,0,0,0,0,0,0,0,0,0,0,1,1,0,0,0,0,0,0,0,,,,,,,,,,,,,,,,,,,,,,1,,,,,,,,,,,,,,
G4122,0,0,0,0,0,0,0,0,0,0,0,1,1,0,0,0,0,0,0,0,,,,,,,,,,,,,,,,,,,,,,1,,,,,,,,,,,,,,
G4123,0,0,0,0,0,0,0,0,0,0,0,1,1,0,0,0,0,0,0,0,,,,,,,,,,,,,,,,,,,,,,1,,,,,,,,,,,,,,
G4124,0,0,0,0,0,0,0,0,0,0,0,1,1,0,0,0,0,0,0,0,,,,,,,,,,,,,,,,,,,,,,1,,,,,,,,,,,,,,
G4125,0,0,0,0,0,0,0,0,0,0,0,1,1,0,0,0,0,0,0,0,,,,,,,,,,,,,,,,,,,,,,1,,,,,,,,,,,,,,
G4126,0,0,0,0,0,0,0,0,0,0,0,1,1,0,0,0,0,0,0,0,,,,,,,,,,,,,,,,,,,,,,1,,,,,,,,,,,,,,
G4127,0,0,0,0,0,0,0,0,0,0,0,1,1,0,0,0,0,0,0,0,,,,,,,,,,,,,,,,,,,,,,1,,,,,,,,,,,,,,
G4128,0,0,0,0,0,0,0,0,0,0,0,1,1,0,0,0,0,0,0,0,,,,,,,,,,,,,,,,,,,,,,1,,,,,,,,,,,,,,
G4129,0,0,0,0,0,0,0,0,0,0,0,1,1,0,0,0,0,0,0,0,,,,,,,,,,,,,,,,,,,,,,1,,,,,,,,,,,,,,
G4130,0,0,0,0,0,0,0,0,0,0,0,1,1,0,0,0,0,0,0,0,,,,,,,,,,,,,,,,,,,,,,1,,,,,,,,,,,,,,
G4131,0,0,0,0,0,0,0,0,0,0,0,1,1,0,0,0,0,0,0,0,,,,,,,,,,,,,,,,,,,,,,1,,,,,,,,,,,,,,
G4132,0,0,0,0,0,0,0,0,0,0,0,1,1,0,0,0,0,0,0,0,,,,,,,,,,,,,,,,,,,,,,1,,,,,,,,,,,,,,
G4133,0,0,0,0,0,0,0,0,0,0,0,1,1,0,0,0,0,0,0,0,,,,,,,,,,,,,,,,,,,,,,1,,,,,,,,,,,,,,
G4134,0,0,0,0,0,0,0,0,0,0,0,1,1,0,0,0,0,0,0,0,,,,,,,,,,,,,,,,,,,,,,1,,,,,,,,,,,,,,
G4135,0,0,0,0,0,0,0,0,0,0,0,1,1,0,0,0,0,0,0,0,,,,,,,,,,,,,,,,,,,,,,1,,,,,,,,,,,,,,
G4136,0,0,0,0,0,0,0,0,0,0,0,1,1,0,0,0,0,0,0,0,,,,,,,,,,,,,,,,,,,,,,1,,,,,,,,,,,,,,
G4137,0,0,0,0,0,0,0,0,0,0,0,1,1,0,0,0,0,0,0,0,,,,,,,,,,,,,,,,,,,,,,1,,,,,,,,,,,,,,
G4138,0,0,0,0,0,0,0,0,0,0,0,1,1,0,0,0,0,0,0,0,,,,,,,,,,,,,,,,,,,,,,1,,,,,,,,,,,,,,
G4139,0,0,0,0,0,0,0,0,0,0,0,1,1,0,0,0,0,0,0,0,,,,,,,,,,,,,,,,,,,,,,1,,,,,,,,,,,,,,
G4140,0,0,0,0,0,0,0,0,0,0,0,1,1,0,0,0,0,0,0,0,,,,,,,,,,,,,,,,,,,,,,1,,,,,,,,,,,,,,
G4141,0,0,0,0,0,0,0,0,0,0,0,1,1,0,0,0,0,0,0,0,,,,,,,,,,,,,,,,,,,,,,1,,,,,,,,,,,,,,
G4142,0,0,0,0,0,0,0,0,0,0,0,1,1,0,0,0,0,0,0,0,,,,,,,,,,,,,,,,,,,,,,1,,,,,,,,,,,,,,
G4143,0,0,0,0,0,0,0,0,0,0,0,1,1,0,0,0,0,0,0,0,,,,,,,,,,,,,,,,,,,,,,1,,,,,,,,,,,,,,
G4144,0,0,0,0,0,0,0,0,0,0,0,1,1,0,0,0,0,0,0,0,,,,,,,,,,,,,,,,,,,,,,1,,,,,,,,,,,,,,
G4145,0,0,0,0,0,0,0,0,0,0,0,1,1,0,0,0,0,0,0,0,,,,,,,,,,,,,,,,,,,,,,1,,,,,,,,,,,,,,
G4146,0,0,0,0,0,0,0,0,0,0,0,1,1,0,0,0,0,0,0,0,,,,,,,,,,,,,,,,,,,,,,1,,,,,,,,,,,,,,
G4147,0,0,0,0,0,0,0,0,0,0,0,1,1,0,0,0,0,0,0,0,,,,,,,,,,,,,,,,,,,,,,1,,,,,,,,,,,,,,
G4148,0,0,0,0,0,0,0,0,0,0,0,1,0,0,0,0,0,0,0,0,,,,,,,,,,,,,,,,,,,,,,,,,,,,,,,,,,,,
G4149,0,0,0,0,0,0,0,0,0,0,0,1,0,0,0,0,0,0,0,0,,,,,,,,,,,,,,,,,,,,,,,,,,,,,,,,,,,,
G4150,0,0,0,0,0,0,0,0,0,0,0,1,1,0,0,0,0,0,0,0,,,,,,,,,,,,,,,,,,,,,,1,,,,,,,,,,,,,,
G4151,0,0,0,0,0,0,0,0,0,0,0,1,1,0,0,0,0,0,0,0,,,,,,,,,,,,,,,,,,,,,,1,,,,,,,,,,,,,,
G4152,0,0,0,0,0,0,0,0,0,0,0,1,1,0,0,0,0,0,0,0,,,,,,,,,,,,,,,,,,,,,,1,,,,,,,,,,,,,,
G4153,0,0,0,0,0,0,0,0,0,0,0,1,1,0,0,0,0,0,0,0,,,,,,,,,,,,,,,,,,,,,,1,,,,,,,,,,,,,,
G4154,0,0,0,0,0,0,0,0,0,0,0,1,1,0,0,0,0,0,0,0,,,,,,,,,,,,,,,,,,,,,,1,,,,,,,,,,,,,,
G4155,0,0,0,0,0,0,0,0,0,0,0,1,1,0,0,0,0,0,0,0,,,,,,,,,,,,,,,,,,,,,,1,,,,,,,,,,,,,,
G4156,0,0,0,0,0,0,0,0,0,0,0,1,1,0,0,0,0,0,0,0,,,,,,,,,,,,,,,,,,,,,,1,,,,,,,,,,,,,,
G4157,0,0,0,0,0,0,0,0,0,0,0,1,1,0,0,0,0,0,0,0,,,,,,,,,,,,,,,,,,,,,,1,,,,,,,,,,,,,,
G4158,0,0,0,0,0,0,0,0,0,0,0,1,1,0,0,0,0,0,0,0,,,,,,,,,,,,,,,,,,,,,,1,,,,,,,,,,,,,,
G4159,0,0,0,0,0,0,0,0,0,0,0,1,1,0,0,0,0,0,0,0,,,,,,,,,,,,,,,,,,,,,,1,,,,,,,,,,,,,,
G4160,0,0,0,0,0,0,0,0,0,0,0,1,1,0,0,0,0,0,0,0,,,,,,,,,,,,,,,,,,,,,,1,,,,,,,,,,,,,,
G4161,0,0,0,0,0,0,0,0,0,0,0,1,1,0,0,0,0,0,0,0,,,,,,,,,,,,,,,,,,,,,,1,,,,,,,,,,,,,,
G4162,0,0,0,0,0,0,0,0,0,0,0,1,1,0,0,0,0,0,0,0,,,,,,,,,,,,,,,,,,,,,,1,,,,,,,,,,,,,,
G4163,0,0,0,0,0,0,0,0,0,0,0,1,1,0,0,0,0,0,0,0,,,,,,,,,,,,,,,,,,,,,,1,,,,,,,,,,,,,,
G4164,0,0,0,0,0,0,0,0,0,0,0,1,1,0,0,0,0,0,0,0,,,,,,,,,,,,,,,,,,,,,,1,,,,,,,,,,,,,,
G4165,0,0,0,0,0,0,0,0,0,0,0,1,1,0,0,0,0,0,0,0,,,,,,,,,,,,,,,,,,,,,,1,,,,,,,,,,,,,,
G4166,0,0,0,0,0,0,0,0,0,0,0,1,1,0,0,0,0,0,0,0,,,,,,,,,,,,,,,,,,,,,,1,,,,,,,,,,,,,,
G4167,0,0,0,0,0,0,0,0,0,0,0,1,1,0,0,0,0,0,0,0,,,,,,,,,,,,,,,,,,,,,,1,,,,,,,,,,,,,,
G4168,0,0,0,0,0,0,0,0,0,0,0,1,1,0,0,0,0,0,0,0,,,,,,,,,,,,,,,,,,,,,,1,,,,,,,,,,,,,,
G4169,0,0,0,0,0,0,0,0,0,0,0,1,1,0,0,0,0,0,0,0,,,,,,,,,,,,,,,,,,,,,,1,,,,,,,,,,,,,,
G4170,0,0,0,0,0,0,0,0,0,0,0,1,1,0,0,0,0,0,0,0,,,,,,,,,,,,,,,,,,,,,,1,,,,,,,,,,,,,,
G4171,0,0,0,0,0,0,0,0,0,0,0,1,1,0,0,0,0,0,0,0,,,,,,,,,,,,,,,,,,,,,,1,,,,,,,,,,,,,,
G4172,0,0,0,0,0,0,0,0,0,0,0,1,1,0,0,0,0,0,0,0,,,,,,,,,,,,,,,,,,,,,,1,,,,,,,,,,,,,,
G4173,0,0,0,0,0,0,0,0,0,0,0,1,1,0,0,0,0,0,0,0,,,,,,,,,,,,,,,,,,,,,,1,,,,,,,,,,,,,,
G4174,0,0,0,0,0,0,0,0,0,0,0,1,1,0,0,0,0,0,0,0,,,,,,,,,,,,,,,,,,,,,,1,,,,,,,,,,,,,,
G4175,0,0,0,0,0,0,0,0,0,0,0,1,1,0,0,0,0,0,0,0,,,,,,,,,,,,,,,,,,,,,,1,,,,,,,,,,,,,,
G4176,0,0,0,0,0,0,0,0,0,0,0,1,1,0,0,0,0,0,0,0,,,,,,,,,,,,,,,,,,,,,,1,,,,,,,,,,,,,,
G4177,0,0,0,0,0,0,0,0,0,0,0,1,1,0,0,0,0,0,0,0,,,,,,,,,,,,,,,,,,,,,,1,,,,,,,,,,,,,,
G4178,0,0,0,0,0,0,0,0,0,0,0,1,1,0,0,0,0,0,0,0,,,,,,,,,,,,,,,,,,,,,,1,,,,,,,,,,,,,,
G4179,0,0,0,0,0,0,0,0,0,0,0,1,1,0,0,0,0,0,0,0,,,,,,,,,,,,,,,,,,,,,,1,,,,,,,,,,,,,,
G4180,0,0,0,0,0,0,0,0,0,0,0,1,0,0,0,0,0,0,0,0,,,,,,,,,,,,,,,,,,,,,,,,,,,,,,,,,,,,
G4181,0,0,0,0,0,0,0,0,0,0,0,1,0,0,0,0,0,0,0,0,,,,,,,,,,,,,,,,,,,,,,,,,,,,,,,,,,,,
G4182,0,0,0,0,0,0,0,0,0,0,0,1,0,0,0,0,0,0,0,0,,,,,,,,,,,,,,,,,,,,,,,,,,,,,,,,,,,,
G4183,0,0,0,0,0,0,0,0,0,0,0,1,1,0,0,0,0,0,0,0,,,,,,,,,,,,,,,,,,,,,,1,,,,,,,,,,,,,,
G4184,0,0,0,0,0,0,0,0,0,0,0,1,1,0,0,0,0,0,0,0,,,,,,,,,,,,,,,,,,,,,,1,,,,,,,,,,,,,,
G4185,0,0,0,0,0,0,0,0,0,0,0,1,1,0,0,0,1,0,0,0,,,,,,,,,,,,,,,,,,,,,,1,,1,,,,1,,,,,,,,
G4186,0,0,0,0,0,0,0,0,0,0,0,1,1,0,0,0,1,0,0,0,,,,,,,,,,,,,,,,,,,,,,1,,1,,,,1,,,,,,,,
G4187,0,0,0,0,0,0,0,0,0,0,0,1,1,0,0,0,1,0,0,0,,,,,,,,,,,,,,,,,,,,,,1,,1,,,,1,,,,,,,,
G4188,0,0,0,0,0,0,0,0,0,0,0,1,1,0,0,0,0,0,0,0,,,,,,,,,,,,,,,,,,,,,,1,,,,,,,,,,,,,,
G4189,0,0,0,0,0,0,0,0,0,0,0,1,1,0,0,0,0,0,0,0,,,,,,,,,,,,,,,,,,,,,,1,,,,,,,,,,,,,,
G4190,0,0,0,0,0,0,0,0,0,0,0,1,1,0,0,0,1,0,0,0,,,,,,,,,,,,,,,,,,,,,,1,,1,,,,1,,,,,,,,
G4191,0,0,0,0,0,0,0,0,0,0,0,1,1,0,0,0,1,0,0,0,,,,,,,,,,,,,,,,,,,,,,1,,1,,,,1,,,,,,,,
G4192,0,0,0,0,0,0,0,0,0,0,0,1,1,0,0,0,1,0,0,0,,,,,,,,,,,,,,,,,,,,,,1,,1,,,,1,,,,,,,,
G4193,0,0,0,0,0,0,0,0,0,0,0,1,1,0,0,0,1,0,0,0,,,,,,,,,,,,,,,,,,,,,,1,,1,,,,0,,,,,,,,
G4194,0,0,0,0,0,0,0,0,0,0,0,1,1,0,0,0,0,0,0,0,,,,,,,,,,,,,,,,,,,,,,1,,,,,,,,,,,,,,
G4195,0,0,0,0,0,0,0,0,0,0,0,1,1,0,0,0,0,0,0,0,,,,,,,,,,,,,,,,,,,,,,1,,,,,,,,,,,,,,
G4196,0,0,0,0,0,0,0,0,0,0,0,1,1,0,0,0,0,0,0,0,,,,,,,,,,,,,,,,,,,,,,1,,,,,,,,,,,,,,
G4197,0,0,0,0,0,0,0,0,0,0,0,1,1,0,0,0,0,0,0,0,,,,,,,,,,,,,,,,,,,,,,1,,,,,,,,,,,,,,
G4198,0,0,0,0,0,0,0,0,0,0,0,1,0,0,0,0,0,0,0,0,,,,,,,,,,,,,,,,,,,,,,,,,,,,,,,,,,,,
G4199,0,0,0,0,0,0,0,0,0,0,0,1,0,0,0,0,0,0,0,0,,,,,,,,,,,,,,,,,,,,,,,,,,,,,,,,,,,,
G4200,0,0,0,0,0,0,0,0,0,0,0,1,1,0,0,0,0,0,0,0,,,,,,,,,,,,,,,,,,,,,,1,,,,,,,,,,,,,,
G4201,0,0,0,0,0,0,0,0,0,0,0,1,1,0,0,0,0,0,0,0,,,,,,,,,,,,,,,,,,,,,,1,,,,,,,,,,,,,,
G4202,0,0,0,0,0,0,0,0,0,0,0,1,1,0,0,0,0,0,0,0,,,,,,,,,,,,,,,,,,,,,,1,,,,,,,,,,,,,,
G4203,0,0,0,0,0,0,0,0,0,0,0,1,1,0,0,0,1,0,0,0,,,,,,,,,,,,,,,,,,,,,,1,,1,,,,1,,,,,,,,
G4204,0,0,0,0,0,0,0,0,0,0,0,1,1,0,0,0,0,0,0,0,,,,,,,,,,,,,,,,,,,,,,1,,,,,,,,,,,,,,
G4205,0,0,0,0,0,0,0,0,0,0,0,1,1,0,0,0,0,0,0,0,,,,,,,,,,,,,,,,,,,,,,1,,,,,,,,,,,,,,
G4206,0,0,0,0,0,0,0,0,0,0,0,1,1,0,0,0,0,0,0,0,,,,,,,,,,,,,,,,,,,,,,1,,,,,,,,,,,,,,
G4207,0,0,0,0,0,0,0,0,0,0,0,1,1,0,0,0,0,0,0,0,,,,,,,,,,,,,,,,,,,,,,1,,,,,,,,,,,,,,
G4208,0,0,0,0,0,0,0,0,0,0,0,1,1,0,0,0,0,0,0,0,,,,,,,,,,,,,,,,,,,,,,1,,,,,,,,,,,,,,
G4209,0,0,0,0,0,0,0,0,0,0,0,1,0,0,0,0,0,0,0,0,,,,,,,,,,,,,,,,,,,,,,,,,,,,,,,,,,,,
G4210,0,0,0,0,0,0,0,0,0,0,0,1,0,0,0,0,0,0,0,0,,,,,,,,,,,,,,,,,,,,,,,,,,,,,,,,,,,,
G4211,0,0,0,0,0,0,0,0,0,0,0,1,0,0,0,0,0,0,0,0,,,,,,,,,,,,,,,,,,,,,,,,,,,,,,,,,,,,
G4212,0,0,0,0,0,0,0,0,0,0,0,1,0,0,0,0,0,0,0,0,,,,,,,,,,,,,,,,,,,,,,,,,,,,,,,,,,,,
G4213,0,0,0,0,0,0,0,0,0,0,0,1,0,0,0,0,0,0,0,0,,,,,,,,,,,,,,,,,,,,,,,,,,,,,,,,,,,,
G4214,0,0,0,0,0,0,0,0,0,0,0,1,0,0,0,0,0,0,0,0,,,,,,,,,,,,,,,,,,,,,,,,,,,,,,,,,,,,
G4215,0,0,0,0,0,0,0,0,0,0,0,1,0,0,0,0,0,0,0,0,,,,,,,,,,,,,,,,,,,,,,,,,,,,,,,,,,,,
G4216,0,0,0,0,0,0,0,0,0,0,0,1,0,0,0,0,0,0,0,0,,,,,,,,,,,,,,,,,,,,,,,,,,,,,,,,,,,,
G4217,0,0,0,0,0,0,0,0,0,0,0,1,0,0,0,0,0,0,0,0,,,,,,,,,,,,,,,,,,,,,,,,,,,,,,,,,,,,
G4218,0,0,0,0,0,0,0,0,0,0,0,1,0,0,0,0,0,0,0,0,,,,,,,,,,,,,,,,,,,,,,,,,,,,,,,,,,,,
G4219,0,0,0,0,0,0,0,0,0,0,0,1,0,0,0,0,0,0,0,0,,,,,,,,,,,,,,,,,,,,,,,,,,,,,,,,,,,,
G4220,0,0,0,0,0,0,0,0,0,0,0,1,0,0,0,0,0,0,0,0,,,,,,,,,,,,,,,,,,,,,,,,,,,,,,,,,,,,
G4221,0,0,0,0,0,0,0,0,0,0,0,1,0,0,0,0,0,0,0,0,,,,,,,,,,,,,,,,,,,,,,,,,,,,,,,,,,,,
G4222,0,0,0,0,0,0,0,0,0,0,0,1,0,0,0,0,0,0,0,0,,,,,,,,,,,,,,,,,,,,,,,,,,,,,,,,,,,,
G4223,0,0,0,0,0,0,0,0,0,0,0,1,0,0,0,0,0,0,0,0,,,,,,,,,,,,,,,,,,,,,,,,,,,,,,,,,,,,
G4224,0,0,0,0,0,0,0,0,0,0,0,1,0,0,0,0,0,0,0,0,,,,,,,,,,,,,,,,,,,,,,,,,,,,,,,,,,,,
G4225,0,0,0,0,0,0,0,0,0,0,0,1,0,0,0,0,0,0,0,0,,,,,,,,,,,,,,,,,,,,,,,,,,,,,,,,,,,,
G4226,0,0,0,0,0,0,0,0,0,0,0,1,0,0,0,0,0,0,0,0,,,,,,,,,,,,,,,,,,,,,,,,,,,,,,,,,,,,
G4227,0,0,0,0,0,0,0,0,0,0,0,1,0,0,0,0,0,0,0,0,,,,,,,,,,,,,,,,,,,,,,,,,,,,,,,,,,,,
G4228,0,0,0,0,0,0,0,0,0,0,0,1,0,0,0,0,0,0,0,0,,,,,,,,,,,,,,,,,,,,,,,,,,,,,,,,,,,,
G4229,0,0,0,0,0,0,0,0,0,0,0,1,0,0,0,0,0,0,0,0,,,,,,,,,,,,,,,,,,,,,,,,,,,,,,,,,,,,
G4230,0,0,0,0,0,0,0,0,0,0,0,1,0,0,0,0,0,0,0,0,,,,,,,,,,,,,,,,,,,,,,,,,,,,,,,,,,,,
G4231,0,0,0,0,0,0,0,0,0,0,0,1,0,0,0,0,0,0,0,0,,,,,,,,,,,,,,,,,,,,,,,,,,,,,,,,,,,,
G4232,0,0,0,0,0,0,0,0,0,0,0,1,0,0,0,0,0,0,0,0,,,,,,,,,,,,,,,,,,,,,,,,,,,,,,,,,,,,
G4233,0,0,0,0,0,0,0,0,0,0,0,1,0,0,0,0,0,0,0,0,,,,,,,,,,,,,,,,,,,,,,,,,,,,,,,,,,,,
G4234,0,0,0,0,0,0,0,0,0,0,0,1,0,0,0,0,0,0,0,0,,,,,,,,,,,,,,,,,,,,,,,,,,,,,,,,,,,,
G4235,0,0,0,0,0,0,0,0,0,0,0,1,0,0,0,0,0,0,0,0,,,,,,,,,,,,,,,,,,,,,,,,,,,,,,,,,,,,
G4236,0,0,0,0,0,0,0,0,0,0,0,1,0,0,0,0,0,0,0,0,,,,,,,,,,,,,,,,,,,,,,,,,,,,,,,,,,,,
G4237,0,0,0,0,0,0,0,0,0,0,0,1,0,0,0,0,0,0,0,0,,,,,,,,,,,,,,,,,,,,,,,,,,,,,,,,,,,,
G4238,0,0,0,0,0,0,0,0,0,0,0,1,0,0,0,0,0,0,0,0,,,,,,,,,,,,,,,,,,,,,,,,,,,,,,,,,,,,
G4239,0,0,0,0,0,0,0,0,0,0,0,1,0,0,0,0,0,0,0,0,,,,,,,,,,,,,,,,,,,,,,,,,,,,,,,,,,,,
G4240,0,0,0,0,0,0,0,0,0,0,0,1,0,0,0,0,0,0,0,0,,,,,,,,,,,,,,,,,,,,,,,,,,,,,,,,,,,,
G4241,0,0,0,0,0,0,0,0,0,0,0,1,0,0,0,0,0,0,0,0,,,,,,,,,,,,,,,,,,,,,,,,,,,,,,,,,,,,
G4242,0,0,0,0,0,0,0,0,0,0,0,1,0,0,0,0,0,0,0,0,,,,,,,,,,,,,,,,,,,,,,,,,,,,,,,,,,,,
G4243,0,0,0,0,0,0,0,0,0,0,0,1,0,0,0,0,0,0,0,0,,,,,,,,,,,,,,,,,,,,,,,,,,,,,,,,,,,,
G4244,0,0,0,0,0,0,0,0,0,0,0,1,0,0,0,0,0,0,0,0,,,,,,,,,,,,,,,,,,,,,,,,,,,,,,,,,,,,
G4245,0,0,0,0,0,0,0,0,0,0,0,1,0,0,0,0,0,0,0,0,,,,,,,,,,,,,,,,,,,,,,,,,,,,,,,,,,,,
G4246,0,0,0,0,0,0,0,0,0,0,0,1,0,0,0,0,0,0,0,0,,,,,,,,,,,,,,,,,,,,,,,,,,,,,,,,,,,,
G4247,0,0,0,0,0,0,0,0,0,0,0,1,0,0,0,0,0,0,0,0,,,,,,,,,,,,,,,,,,,,,,,,,,,,,,,,,,,,
G4248,0,0,0,0,0,0,0,0,0,0,0,1,0,0,0,0,0,0,0,0,,,,,,,,,,,,,,,,,,,,,,,,,,,,,,,,,,,,
G4249,0,0,0,0,0,0,0,0,0,0,0,1,0,0,0,0,0,0,0,0,,,,,,,,,,,,,,,,,,,,,,,,,,,,,,,,,,,,
G4250,0,0,0,0,0,0,0,0,0,0,0,1,0,0,0,0,0,0,0,0,,,,,,,,,,,,,,,,,,,,,,,,,,,,,,,,,,,,
G4251,0,0,0,0,0,0,0,0,0,0,0,1,0,0,0,0,0,0,0,0,,,,,,,,,,,,,,,,,,,,,,,,,,,,,,,,,,,,
G4252,0,0,0,0,0,0,0,0,0,0,0,1,0,0,0,0,0,0,0,0,,,,,,,,,,,,,,,,,,,,,,,,,,,,,,,,,,,,
G4253,0,0,0,0,0,0,0,0,0,0,0,1,0,0,0,0,0,0,0,0,,,,,,,,,,,,,,,,,,,,,,,,,,,,,,,,,,,,
G4254,0,0,0,0,0,0,0,0,0,0,0,1,0,0,0,0,0,0,0,0,,,,,,,,,,,,,,,,,,,,,,,,,,,,,,,,,,,,
G4255,0,0,0,0,0,0,0,0,0,0,0,1,0,0,0,0,0,0,0,0,,,,,,,,,,,,,,,,,,,,,,,,,,,,,,,,,,,,
G4256,0,0,0,0,0,0,0,0,0,0,0,1,0,0,0,0,0,0,0,0,,,,,,,,,,,,,,,,,,,,,,,,,,,,,,,,,,,,
G4257,0,0,0,0,0,0,0,0,0,0,0,1,0,0,0,0,0,0,0,0,,,,,,,,,,,,,,,,,,,,,,,,,,,,,,,,,,,,
G4258,0,0,0,0,0,0,0,0,0,0,0,1,0,0,0,0,0,0,0,0,,,,,,,,,,,,,,,,,,,,,,,,,,,,,,,,,,,,
G4259,0,0,0,0,0,0,0,0,0,0,0,1,0,0,0,0,0,0,0,0,,,,,,,,,,,,,,,,,,,,,,,,,,,,,,,,,,,,
G4260,0,0,0,0,0,0,0,0,0,0,0,1,0,0,0,0,0,0,0,0,,,,,,,,,,,,,,,,,,,,,,,,,,,,,,,,,,,,
G4261,0,0,0,0,0,0,0,0,0,0,0,1,0,0,0,0,0,0,0,0,,,,,,,,,,,,,,,,,,,,,,,,,,,,,,,,,,,,
G4262,0,0,0,0,0,0,0,0,0,0,0,1,0,0,0,0,0,0,0,0,,,,,,,,,,,,,,,,,,,,,,,,,,,,,,,,,,,,
G4263,0,0,0,0,0,0,0,0,0,0,0,1,0,0,0,0,0,0,0,0,,,,,,,,,,,,,,,,,,,,,,,,,,,,,,,,,,,,
G4264,0,0,0,0,0,0,0,0,0,0,0,1,0,0,0,0,0,0,0,0,,,,,,,,,,,,,,,,,,,,,,,,,,,,,,,,,,,,
G4265,0,0,0,0,0,0,0,0,0,0,0,1,0,0,0,0,0,0,0,0,,,,,,,,,,,,,,,,,,,,,,,,,,,,,,,,,,,,
G4266,0,0,0,0,0,0,0,0,0,0,0,1,0,0,0,0,0,0,0,0,,,,,,,,,,,,,,,,,,,,,,,,,,,,,,,,,,,,
G4267,0,0,0,0,0,0,0,0,0,0,0,1,0,0,0,0,0,0,0,0,,,,,,,,,,,,,,,,,,,,,,,,,,,,,,,,,,,,
G4268,0,0,0,0,0,0,0,0,0,0,0,1,0,0,0,0,0,0,0,0,,,,,,,,,,,,,,,,,,,,,,,,,,,,,,,,,,,,
G4269,0,0,0,0,0,0,0,0,0,0,0,1,0,0,0,0,0,0,0,0,,,,,,,,,,,,,,,,,,,,,,,,,,,,,,,,,,,,
G4270,0,0,0,0,0,0,0,0,0,0,0,1,0,0,0,0,0,0,0,0,,,,,,,,,,,,,,,,,,,,,,,,,,,,,,,,,,,,
G4271,0,0,0,0,0,0,0,0,0,0,0,1,0,0,0,0,0,0,0,0,,,,,,,,,,,,,,,,,,,,,,,,,,,,,,,,,,,,
G4272,0,0,0,0,0,0,0,0,0,0,0,1,0,0,0,0,0,0,0,0,,,,,,,,,,,,,,,,,,,,,,,,,,,,,,,,,,,,
G4273,0,0,0,0,0,0,0,0,0,0,0,1,0,0,0,0,0,0,0,0,,,,,,,,,,,,,,,,,,,,,,,,,,,,,,,,,,,,
G4274,0,0,0,0,0,0,0,0,0,0,0,1,0,0,0,0,0,0,0,0,,,,,,,,,,,,,,,,,,,,,,,,,,,,,,,,,,,,
G4275,0,0,0,0,0,0,0,0,0,0,0,1,0,0,0,0,0,0,0,0,,,,,,,,,,,,,,,,,,,,,,,,,,,,,,,,,,,,
G4276,0,0,0,0,0,0,0,0,0,0,0,1,0,0,0,0,0,0,0,0,,,,,,,,,,,,,,,,,,,,,,,,,,,,,,,,,,,,
G4277,0,0,0,0,0,0,0,0,0,0,0,1,0,0,0,0,0,0,0,0,,,,,,,,,,,,,,,,,,,,,,,,,,,,,,,,,,,,
G4278,0,0,0,0,0,0,0,0,0,0,0,1,0,0,0,0,0,0,0,0,,,,,,,,,,,,,,,,,,,,,,,,,,,,,,,,,,,,
G4279,0,0,0,0,0,0,0,0,0,0,0,1,0,0,0,0,0,0,0,0,,,,,,,,,,,,,,,,,,,,,,,,,,,,,,,,,,,,
G4280,0,0,0,0,0,0,0,0,0,0,0,1,0,0,0,0,0,0,0,0,,,,,,,,,,,,,,,,,,,,,,,,,,,,,,,,,,,,
G4281,0,0,0,0,0,0,0,0,0,0,0,1,0,0,0,0,0,0,0,0,,,,,,,,,,,,,,,,,,,,,,,,,,,,,,,,,,,,
G4282,0,0,0,0,0,0,0,0,0,0,0,1,0,0,0,0,0,0,0,0,,,,,,,,,,,,,,,,,,,,,,,,,,,,,,,,,,,,
G4283,0,0,0,0,0,0,0,0,0,0,0,1,0,0,0,0,0,0,0,0,,,,,,,,,,,,,,,,,,,,,,,,,,,,,,,,,,,,
G4284,0,0,0,0,0,0,0,0,0,0,0,1,0,0,0,0,0,0,0,0,,,,,,,,,,,,,,,,,,,,,,,,,,,,,,,,,,,,
G4285,0,0,0,0,0,0,0,0,0,0,0,1,0,0,0,0,0,0,0,0,,,,,,,,,,,,,,,,,,,,,,,,,,,,,,,,,,,,
G4286,0,0,0,0,0,0,0,0,0,0,0,1,0,0,0,0,0,0,0,0,,,,,,,,,,,,,,,,,,,,,,,,,,,,,,,,,,,,
G4287,0,0,0,0,0,0,0,0,0,0,0,1,0,0,0,0,0,0,0,0,,,,,,,,,,,,,,,,,,,,,,,,,,,,,,,,,,,,
G4288,0,0,0,0,0,0,0,0,0,0,0,1,0,0,0,0,0,0,0,0,,,,,,,,,,,,,,,,,,,,,,,,,,,,,,,,,,,,
G4289,0,0,0,0,0,0,0,0,0,0,0,1,0,0,0,0,0,0,0,0,,,,,,,,,,,,,,,,,,,,,,,,,,,,,,,,,,,,
G4290,0,0,0,0,0,0,0,0,0,0,0,1,0,0,0,0,0,0,0,0,,,,,,,,,,,,,,,,,,,,,,,,,,,,,,,,,,,,
G4291,0,0,0,0,0,0,0,0,0,0,0,1,0,0,0,0,0,0,0,0,,,,,,,,,,,,,,,,,,,,,,,,,,,,,,,,,,,,
G4292,0,0,0,0,0,0,0,0,0,0,0,1,0,0,0,0,0,0,0,0,,,,,,,,,,,,,,,,,,,,,,,,,,,,,,,,,,,,
G4293,0,0,0,0,0,0,0,0,0,0,0,1,0,0,0,0,0,0,0,0,,,,,,,,,,,,,,,,,,,,,,,,,,,,,,,,,,,,
G4294,0,0,0,0,0,0,0,0,0,0,0,1,0,0,0,0,0,0,0,0,,,,,,,,,,,,,,,,,,,,,,,,,,,,,,,,,,,,
G4295,0,0,0,0,0,0,0,0,0,0,0,1,0,1,0,0,0,0,0,0,,,,,,,,,,,,,,,,,,,,,,,1,,,,,,,,,,,,,
G4296,0,0,0,0,0,0,0,0,0,0,0,1,0,1,0,0,0,0,0,0,,,,,,,,,,,,,,,,,,,,,,,1,,,,,,,,,,,,,
G4297,0,0,0,0,0,0,0,0,0,0,0,1,0,1,0,0,0,0,0,0,,,,,,,,,,,,,,,,,,,,,,,1,,,,,,,,,,,,,
G4298,0,0,0,0,0,0,0,0,0,0,0,1,0,1,0,0,0,0,0,0,,,,,,,,,,,,,,,,,,,,,,,1,,,,,,,,,,,,,
G4299,0,0,0,0,0,0,0,0,0,0,0,1,0,1,0,0,0,0,0,0,,,,,,,,,,,,,,,,,,,,,,,1,,,,,,,,,,,,,
G4300,0,0,0,0,0,0,0,0,0,0,0,1,0,1,0,0,0,0,0,0,,,,,,,,,,,,,,,,,,,,,,,1,,,,,,,,,,,,,
G4301,0,0,0,0,0,0,0,0,0,0,0,1,0,1,0,0,0,0,0,0,,,,,,,,,,,,,,,,,,,,,,,1,,,,,,,,,,,,,
G4302,0,0,0,0,0,0,0,0,0,0,0,1,0,1,0,0,0,0,0,0,,,,,,,,,,,,,,,,,,,,,,,1,,,,,,,,,,,,,
G4303,0,0,0,0,0,0,0,0,0,0,0,1,0,1,0,0,0,0,0,0,,,,,,,,,,,,,,,,,,,,,,,1,,,,,,,,,,,,,
G4304,0,0,0,0,0,0,0,0,0,0,0,1,0,1,0,0,0,0,0,0,,,,,,,,,,,,,,,,,,,,,,,1,,,,,,,,,,,,,
G4305,0,0,0,0,0,0,0,0,0,0,0,1,0,1,0,0,0,0,0,0,,,,,,,,,,,,,,,,,,,,,,,1,,,,,,,,,,,,,
G4306,0,0,0,0,0,0,0,0,0,0,0,1,0,1,0,0,0,0,0,0,,,,,,,,,,,,,,,,,,,,,,,1,,,,,,,,,,,,,
G4307,0,0,0,0,0,0,0,0,0,0,0,1,0,1,0,0,0,0,0,0,,,,,,,,,,,,,,,,,,,,,,,1,,,,,,,,,,,,,
G4308,0,0,0,0,0,0,0,0,0,0,0,1,0,1,0,0,0,0,0,0,,,,,,,,,,,,,,,,,,,,,,,1,,,,,,,,,,,,,
G4309,0,0,0,0,0,0,0,0,0,0,0,1,0,1,0,0,0,0,0,0,,,,,,,,,,,,,,,,,,,,,,,1,,,,,,,,,,,,,
G4310,0,0,0,0,0,0,0,0,0,0,0,1,0,1,0,0,0,0,0,0,,,,,,,,,,,,,,,,,,,,,,,1,,,,,,,,,,,,,
G4311,0,0,0,0,0,0,0,0,0,0,0,1,0,1,0,0,0,0,0,0,,,,,,,,,,,,,,,,,,,,,,,1,,,,,,,,,,,,,
G4312,0,0,0,0,0,0,0,0,0,0,0,1,0,1,0,0,0,0,0,0,,,,,,,,,,,,,,,,,,,,,,,1,,,,,,,,,,,,,
G4313,0,0,0,0,0,0,0,0,0,0,0,1,0,1,0,0,0,0,0,0,,,,,,,,,,,,,,,,,,,,,,,1,,,,,,,,,,,,,
G4314,0,0,0,0,0,0,0,0,0,0,0,1,0,1,0,0,0,0,0,0,,,,,,,,,,,,,,,,,,,,,,,1,,,,,,,,,,,,,
G4315,0,0,0,0,0,0,0,0,0,0,0,0,0,0,0,0,0,0,0,0,,,,,,,,,,,,,,,,,,,,,,,,,,,,,,,,,,,,
G4316,0,0,0,0,0,0,0,0,0,0,0,1,0,1,0,0,0,0,0,0,,,,,,,,,,,,,,,,,,,,,,,1,,,,,,,,,,,,,
G4317,0,0,0,0,0,0,0,0,0,0,0,1,0,1,0,0,0,0,0,0,,,,,,,,,,,,,,,,,,,,,,,1,,,,,,,,,,,,,
G4318,0,0,0,0,0,0,0,0,0,0,0,1,0,1,0,0,0,0,0,0,,,,,,,,,,,,,,,,,,,,,,,1,,,,,,,,,,,,,
G4319,0,0,0,0,0,0,0,0,0,0,0,1,0,1,0,0,0,0,0,0,,,,,,,,,,,,,,,,,,,,,,,1,,,,,,,,,,,,,
G4320,0,0,0,0,0,0,0,0,0,0,0,1,1,0,0,1,0,0,0,0,,,,,,,,,,,,,,,,,,,,,,1,,,,,,,,,,,,,,
G4321,0,0,0,0,0,0,0,0,0,0,0,1,1,0,0,1,0,0,0,0,,,,,,,,,,,,,,,,,,,,,,1,,,,,,,,,,,,,,
G4322,0,0,0,0,0,0,0,0,0,0,0,1,1,0,0,1,0,0,0,0,,,,,,,,,,,,,,,,,,,,,,1,,,,,,,,,,,,,,
G4323,0,0,0,0,0,0,0,0,0,0,0,1,1,0,0,1,0,0,0,0,,,,,,,,,,,,,,,,,,,,,,1,,,,,,,,,,,,,,
G4324,0,0,0,0,0,0,0,0,0,0,0,1,1,0,0,1,0,0,0,0,,,,,,,,,,,,,,,,,,,,,,1,,,,,,,,,,,,,,
G4325,0,0,0,0,0,0,0,0,0,0,0,1,1,0,0,1,0,0,0,0,,,,,,,,,,,,,,,,,,,,,,1,,,,,,,,,,,,,,
G4326,0,0,0,0,0,0,0,0,0,0,0,1,1,0,0,1,0,0,0,0,,,,,,,,,,,,,,,,,,,,,,1,,,,,,,,,,,,,,
G4327,0,0,0,0,0,0,0,0,0,0,0,1,1,0,0,1,0,0,0,0,,,,,,,,,,,,,,,,,,,,,,1,,,,,,,,,,,,,,
G4328,0,0,0,0,0,0,0,0,0,0,0,1,1,0,0,1,0,0,0,0,,,,,,,,,,,,,,,,,,,,,,1,,,,,,,,,,,,,,
G4329,0,0,0,0,0,0,0,0,0,0,0,1,1,0,0,1,0,0,0,0,,,,,,,,,,,,,,,,,,,,,,1,,,,,,,,,,,,,,
G4330,0,0,0,0,0,0,0,0,0,0,0,1,1,0,0,1,0,0,0,0,,,,,,,,,,,,,,,,,,,,,,1,,,,,,,,,,,,,,
G4331,0,0,0,0,0,0,0,0,0,0,0,1,1,0,0,1,0,0,0,0,,,,,,,,,,,,,,,,,,,,,,1,,,,,,,,,,,,,,
G4332,0,0,0,0,0,0,0,0,0,0,0,1,1,0,0,1,0,0,0,0,,,,,,,,,,,,,,,,,,,,,,1,,,,,,,,,,,,,,
G4333,0,0,0,0,0,0,0,0,0,0,0,1,1,0,0,1,0,0,0,0,,,,,,,,,,,,,,,,,,,,,,1,,,,,,,,,,,,,,
G4334,0,0,0,0,0,0,0,0,0,0,0,1,1,0,0,1,0,0,0,0,,,,,,,,,,,,,,,,,,,,,,1,,,,,,,,,,,,,,
G4335,0,0,0,0,0,0,0,0,0,0,0,1,1,0,0,1,0,0,0,0,,,,,,,,,,,,,,,,,,,,,,1,,,,,,,,,,,,,,
G4336,0,0,0,0,0,0,0,0,0,0,0,1,1,0,0,1,0,0,0,0,,,,,,,,,,,,,,,,,,,,,,1,,,,,,,,,,,,,,
G4337,0,0,0,0,0,0,0,0,0,0,0,1,1,0,0,1,0,0,0,0,,,,,,,,,,,,,,,,,,,,,,1,,,,,,,,,,,,,,
G4338,0,0,0,0,0,0,0,0,0,0,0,1,1,0,0,1,0,0,0,0,,,,,,,,,,,,,,,,,,,,,,1,,,,,,,,,,,,,,
G4339,0,0,0,0,0,0,0,0,0,0,0,1,0,0,0,1,0,0,0,0,,,,,,,,,,,,,,,,,,,,,,,,,,,,,,,,,,,,
G4340,0,0,0,0,0,0,0,0,0,0,0,1,1,0,0,1,0,0,0,0,,,,,,,,,,,,,,,,,,,,,,1,,,,,,,,,,,,,,
G4341,0,0,0,0,0,0,0,0,0,0,0,1,1,0,0,1,0,0,0,0,,,,,,,,,,,,,,,,,,,,,,1,,,,,,,,,,,,,,
G4342,0,0,0,0,0,0,0,0,0,0,0,1,1,0,0,1,0,0,0,0,,,,,,,,,,,,,,,,,,,,,,1,,,,,,,,,,,,,,
G4343,0,0,0,0,0,0,0,0,0,0,0,1,1,0,0,1,0,0,0,0,,,,,,,,,,,,,,,,,,,,,,1,,,,,,,,,,,,,,
G4344,0,0,0,0,0,0,0,0,0,0,0,1,1,0,0,1,0,0,0,0,,,,,,,,,,,,,,,,,,,,,,1,,,,,,,,,,,,,,
G4345,0,0,0,0,0,0,0,0,0,0,0,1,1,0,0,1,0,0,0,0,,,,,,,,,,,,,,,,,,,,,,1,,,,,,,,,,,,,,
G4346,0,0,0,0,0,0,0,0,0,0,0,1,1,0,0,1,0,0,0,0,,,,,,,,,,,,,,,,,,,,,,1,,,,,,,,,,,,,,
G4347,0,0,0,0,0,0,0,0,0,0,0,1,1,0,0,1,0,0,0,0,,,,,,,,,,,,,,,,,,,,,,1,,,,,,,,,,,,,,
G4348,0,0,0,0,0,0,0,0,0,0,0,1,1,0,0,1,0,0,0,0,,,,,,,,,,,,,,,,,,,,,,1,,,,,,,,,,,,,,
G4349,0,0,0,0,0,0,0,0,0,0,0,1,1,0,0,1,0,0,0,0,,,,,,,,,,,,,,,,,,,,,,1,,,,,,,,,,,,,,
G4350,0,0,0,0,0,0,0,0,0,0,0,1,1,0,0,1,0,0,0,0,,,,,,,,,,,,,,,,,,,,,,1,,,,,,,,,,,,,,
G4351,0,0,0,0,0,0,0,0,0,0,0,1,1,0,0,1,0,0,0,0,,,,,,,,,,,,,,,,,,,,,,1,,,,,,,,,,,,,,
G4352,0,0,0,0,0,0,0,0,0,0,0,1,1,0,0,1,0,0,0,0,,,,,,,,,,,,,,,,,,,,,,1,,,,,,,,,,,,,,
G4353,0,0,0,0,0,0,0,0,0,0,0,1,1,0,0,1,0,0,0,0,,,,,,,,,,,,,,,,,,,,,,1,,,,,,,,,,,,,,
G4354,0,0,0,0,0,0,0,0,0,0,0,1,0,0,0,1,0,0,0,0,,,,,,,,,,,,,,,,,,,,,,,,,,,,,,,,,,,,
G4355,0,0,0,0,0,0,0,0,0,0,0,1,0,0,0,1,0,0,0,0,,,,,,,,,,,,,,,,,,,,,,,,,,,,,,,,,,,,
G4356,0,0,0,0,0,0,0,0,0,0,0,1,0,0,0,1,0,0,0,0,,,,,,,,,,,,,,,,,,,,,,,,,,,,,,,,,,,,
G4357,0,0,0,0,0,0,0,0,0,0,0,1,0,0,0,1,0,0,0,0,,,,,,,,,,,,,,,,,,,,,,,,,,,,,,,,,,,,
G4358,0,0,0,0,0,0,0,0,0,0,0,1,0,0,0,0,0,0,0,0,,,,,,,,,,,,,,,,,,,,,,,,,,,,,,,,,,,,
G4359,0,0,0,0,0,0,0,0,0,0,0,1,0,0,0,0,0,0,0,0,,,,,,,,,,,,,,,,,,,,,,,,,,,,,,,,,,,,
G4360,0,0,0,0,0,0,0,0,0,0,0,1,0,0,0,0,0,0,0,0,,,,,,,,,,,,,,,,,,,,,,,,,,,,,,,,,,,,
G4361,0,0,0,0,0,0,0,0,0,0,0,1,0,0,0,0,0,0,0,0,,,,,,,,,,,,,,,,,,,,,,,,,,,,,,,,,,,,
G4362,0,0,0,0,0,0,0,0,0,0,0,1,0,0,0,0,0,0,0,0,,,,,,,,,,,,,,,,,,,,,,,,,,,,,,,,,,,,
G4363,0,0,0,0,0,0,0,0,0,0,0,1,0,0,0,0,0,0,0,0,,,,,,,,,,,,,,,,,,,,,,,,,,,,,,,,,,,,
G4364,0,0,0,0,0,0,0,0,0,0,0,1,0,0,0,0,0,0,0,0,,,,,,,,,,,,,,,,,,,,,,,,,,,,,,,,,,,,
G4365,0,0,0,0,0,0,0,0,0,0,0,1,0,0,0,0,0,0,0,0,,,,,,,,,,,,,,,,,,,,,,,,,,,,,,,,,,,,
G4366,0,0,0,0,0,0,0,0,0,0,0,1,0,0,0,0,0,0,0,0,,,,,,,,,,,,,,,,,,,,,,,,,,,,,,,,,,,,
G4367,0,0,0,0,0,0,0,0,0,0,0,1,0,0,0,0,0,0,0,0,,,,,,,,,,,,,,,,,,,,,,,,,,,,,,,,,,,,
G4368,0,0,0,0,0,0,0,0,0,0,0,1,0,0,0,0,0,0,0,0,,,,,,,,,,,,,,,,,,,,,,,,,,,,,,,,,,,,
G4369,0,0,0,0,0,0,0,0,0,0,0,1,0,0,0,0,0,0,0,0,,,,,,,,,,,,,,,,,,,,,,,,,,,,,,,,,,,,
G4370,0,0,0,0,0,0,0,0,0,0,0,1,0,0,0,0,0,0,0,0,,,,,,,,,,,,,,,,,,,,,,,,,,,,,,,,,,,,
G4371,0,0,0,0,0,0,0,0,0,0,0,1,0,0,0,0,0,0,0,0,,,,,,,,,,,,,,,,,,,,,,,,,,,,,,,,,,,,
G4372,0,0,0,0,0,0,0,0,0,0,0,1,0,0,0,0,0,0,0,0,,,,,,,,,,,,,,,,,,,,,,,,,,,,,,,,,,,,
G4373,0,0,0,0,0,0,0,0,0,0,0,1,0,0,0,0,0,0,0,0,,,,,,,,,,,,,,,,,,,,,,,,,,,,,,,,,,,,
G4374,0,0,0,0,0,0,0,0,0,0,0,1,0,0,0,0,0,0,0,0,,,,,,,,,,,,,,,,,,,,,,,,,,,,,,,,,,,,
G4375,0,0,0,0,0,0,0,0,0,0,0,1,0,0,0,0,0,0,0,0,,,,,,,,,,,,,,,,,,,,,,,,,,,,,,,,,,,,
G4376,0,0,0,0,0,0,0,0,0,0,0,1,0,0,0,0,0,0,0,0,,,,,,,,,,,,,,,,,,,,,,,,,,,,,,,,,,,,
G4377,0,0,0,0,0,0,0,0,0,0,0,1,0,0,0,0,0,0,0,0,,,,,,,,,,,,,,,,,,,,,,,,,,,,,,,,,,,,
G4378,0,0,0,0,0,0,0,0,0,0,0,1,0,0,0,0,0,0,0,0,,,,,,,,,,,,,,,,,,,,,,,,,,,,,,,,,,,,
G4379,0,0,0,0,0,0,0,0,0,0,0,1,0,0,0,0,0,0,0,0,,,,,,,,,,,,,,,,,,,,,,,,,,,,,,,,,,,,
G4380,0,0,0,0,0,0,0,0,0,0,0,1,0,0,0,0,0,0,0,0,,,,,,,,,,,,,,,,,,,,,,,,,,,,,,,,,,,,
G4381,0,0,0,0,0,0,0,0,0,0,0,1,0,0,0,0,0,0,0,0,,,,,,,,,,,,,,,,,,,,,,,,,,,,,,,,,,,,
G4382,0,0,0,0,0,0,0,0,0,0,0,1,0,0,0,0,0,0,0,0,,,,,,,,,,,,,,,,,,,,,,,,,,,,,,,,,,,,
G4383,0,0,0,0,0,0,0,0,0,0,0,1,0,0,0,0,0,0,0,0,,,,,,,,,,,,,,,,,,,,,,,,,,,,,,,,,,,,
G4384,0,0,0,0,0,0,0,0,0,0,0,1,0,0,0,0,0,0,0,0,,,,,,,,,,,,,,,,,,,,,,,,,,,,,,,,,,,,
G4385,0,0,0,0,0,0,0,0,0,0,0,1,0,0,0,0,0,0,0,0,,,,,,,,,,,,,,,,,,,,,,,,,,,,,,,,,,,,
G4386,0,0,0,0,0,0,0,0,0,0,0,1,0,0,0,0,0,0,0,0,,,,,,,,,,,,,,,,,,,,,,,,,,,,,,,,,,,,
G4387,0,0,0,0,0,0,0,0,0,0,0,1,1,0,0,0,0,0,0,0,,,,,,,,,,,,,,,,,,,,,,1,,,,,,,,,,,,,,
G4388,0,0,0,0,0,0,0,0,0,0,0,1,1,0,0,0,0,0,0,0,,,,,,,,,,,,,,,,,,,,,,1,,,,,,,,,,,,,,
G4389,0,0,0,0,0,0,0,0,0,0,0,1,1,0,0,0,0,0,0,0,,,,,,,,,,,,,,,,,,,,,,1,,,,,,,,,,,,,,
G4390,0,0,0,0,0,0,0,0,0,0,0,1,1,0,0,0,0,0,0,0,,,,,,,,,,,,,,,,,,,,,,1,,,,,,,,,,,,,,
G4391,0,0,0,0,0,0,0,0,0,0,0,1,1,0,0,0,0,0,0,0,,,,,,,,,,,,,,,,,,,,,,1,,,,,,,,,,,,,,
G4392,0,0,0,0,0,0,0,0,0,0,0,1,1,0,0,0,0,0,0,0,,,,,,,,,,,,,,,,,,,,,,1,,,,,,,,,,,,,,
G4393,0,0,0,0,0,0,0,0,0,0,0,1,1,0,0,0,0,0,0,0,,,,,,,,,,,,,,,,,,,,,,1,,,,,,,,,,,,,,
G4394,0,0,0,0,0,0,0,0,0,0,0,1,1,0,0,0,0,0,0,0,,,,,,,,,,,,,,,,,,,,,,1,,,,,,,,,,,,,,
G4395,0,0,0,0,0,0,0,0,0,0,0,1,1,0,0,0,0,0,0,0,,,,,,,,,,,,,,,,,,,,,,1,,,,,,,,,,,,,,
G4396,0,0,0,0,0,0,0,0,0,0,0,1,1,0,1,0,0,0,0,0,,,,,,,,,,,,,,,,,,,,,,1,,,,,,,,,,,,,,
G4397,0,0,0,0,0,0,0,0,0,0,0,1,1,0,1,0,0,0,0,0,,,,,,,,,,,,,,,,,,,,,,1,,,,,,,,,,,,,,
G4398,0,0,0,0,0,0,0,0,0,0,0,1,1,0,1,0,0,0,0,0,,,,,,,,,,,,,,,,,,,,,,1,,,,,,,,,,,,,,
G4399,0,0,0,0,0,0,0,0,0,0,0,1,1,0,1,0,0,0,0,0,,,,,,,,,,,,,,,,,,,,,,1,,,,,,,,,,,,,,
G4400,0,0,0,0,0,0,0,0,0,0,0,1,1,0,1,0,0,0,0,0,,,,,,,,,,,,,,,,,,,,,,1,,,,,,,,,,,,,,
G4401,0,0,0,0,0,0,0,0,0,0,0,1,1,0,1,0,0,0,0,0,,,,,,,,,,,,,,,,,,,,,,1,,,,,,,,,,,,,,
G4402,0,0,0,0,0,0,0,0,0,0,0,1,1,0,1,0,0,0,0,0,,,,,,,,,,,,,,,,,,,,,,1,,,,,,,,,,,,,,
G4403,0,0,0,0,0,0,0,0,0,0,0,1,1,0,1,0,0,0,0,0,,,,,,,,,,,,,,,,,,,,,,1,,,,,,,,,,,,,,
G4404,0,0,0,0,0,0,0,0,0,0,0,1,1,0,1,0,0,0,0,0,,,,,,,,,,,,,,,,,,,,,,1,,,,,,,,,,,,,,
G4405,0,0,0,0,0,0,0,0,0,0,0,1,1,0,1,0,0,0,0,0,,,,,,,,,,,,,,,,,,,,,,1,,,,,,,,,,,,,,
G4406,0,0,0,0,0,0,0,0,0,0,0,1,1,0,1,0,0,0,0,0,,,,,,,,,,,,,,,,,,,,,,1,,,,,,,,,,,,,,
G4407,0,0,0,0,0,0,0,0,0,0,0,1,0,0,0,0,0,0,0,0,,,,,,,,,,,,,,,,,,,,,,,,,,,,,,,,,,,,
G4408,0,0,0,0,0,0,0,0,0,0,0,1,0,0,0,0,0,0,0,0,,,,,,,,,,,,,,,,,,,,,,,,,,,,,,,,,,,,
G4409,0,0,0,0,0,0,0,0,0,0,0,1,0,0,0,0,0,0,0,0,,,,,,,,,,,,,,,,,,,,,,,,,,,,,,,,,,,,
G4410,0,0,0,0,0,0,0,0,0,0,0,1,0,0,0,0,0,0,0,0,,,,,,,,,,,,,,,,,,,,,,,,,,,,,,,,,,,,
G4411,0,0,0,0,0,0,0,0,0,0,0,1,0,0,0,0,0,0,0,0,,,,,,,,,,,,,,,,,,,,,,,,,,,,,,,,,,,,
G4412,0,0,0,0,0,0,0,0,0,0,0,1,0,0,1,0,0,0,0,0,,,,,,,,,,,,,,,,,,,,,,,,,,,,,,,,,,,,
G4413,0,0,0,0,0,0,0,0,0,0,0,1,0,0,1,0,0,0,0,0,,,,,,,,,,,,,,,,,,,,,,,,,,,,,,,,,,,,
G4414,0,0,0,0,0,0,0,0,0,0,0,1,0,0,1,0,0,0,0,0,,,,,,,,,,,,,,,,,,,,,,,,,,,,,,,,,,,,
G4415,0,0,0,0,0,0,0,0,0,0,0,1,0,0,1,0,0,0,0,0,,,,,,,,,,,,,,,,,,,,,,,,,,,,,,,,,,,,
G4416,0,0,0,0,0,0,0,0,0,0,0,1,0,0,1,0,0,0,0,0,,,,,,,,,,,,,,,,,,,,,,,,,,,,,,,,,,,,
G4417,0,0,0,0,0,0,0,0,0,0,0,1,0,1,0,0,0,0,0,0,,,,,,,,,,,,,,,,,,,,,,,1,,,,,,,,,,,,,
G4418,0,0,0,0,0,0,0,0,0,0,0,1,0,1,0,0,0,0,0,0,,,,,,,,,,,,,,,,,,,,,,,1,,,,,,,,,,,,,
G4419,0,0,0,0,0,0,0,0,0,0,0,1,0,1,0,0,0,0,0,0,,,,,,,,,,,,,,,,,,,,,,,1,,,,,,,,,,,,,
G4420,0,0,0,0,0,0,0,0,0,0,0,1,0,1,0,0,0,0,0,0,,,,,,,,,,,,,,,,,,,,,,,1,,,,,,,,,,,,,
G4421,0,0,0,0,0,0,0,0,0,0,0,1,0,1,0,0,0,0,0,0,,,,,,,,,,,,,,,,,,,,,,,1,,,,,,,,,,,,,
G4422,0,0,0,0,0,0,0,0,0,0,0,1,0,1,0,0,0,0,0,0,,,,,,,,,,,,,,,,,,,,,,,1,,,,,,,,,,,,,
G4423,0,0,0,0,0,0,0,0,0,0,0,1,1,0,1,0,0,0,0,0,,,,,,,,,,,,,,,,,,,,,,1,,,,,,,,,,,,,,
G4424,0,0,0,0,0,0,0,0,0,0,0,1,1,0,1,0,0,0,0,0,,,,,,,,,,,,,,,,,,,,,,1,,,,,,,,,,,,,,
G4425,0,0,0,0,0,0,0,0,0,0,0,1,1,0,1,0,0,0,0,0,,,,,,,,,,,,,,,,,,,,,,1,,,,,,,,,,,,,,
G4426,0,0,0,0,0,0,0,0,0,0,0,1,1,0,1,0,0,0,0,0,,,,,,,,,,,,,,,,,,,,,,1,,,,,,,,,,,,,,
G4427,0,0,0,0,0,0,0,0,0,0,0,1,1,0,1,0,0,0,0,0,,,,,,,,,,,,,,,,,,,,,,1,,,,,,,,,,,,,,
G4428,0,0,0,0,0,0,0,0,0,0,0,1,1,0,1,0,0,0,0,0,,,,,,,,,,,,,,,,,,,,,,1,,,,,,,,,,,,,,
G4429,0,0,0,0,0,0,0,0,0,0,0,1,0,0,1,0,0,0,0,0,,,,,,,,,,,,,,,,,,,,,,,,,,,,,,,,,,,,
G4430,0,0,0,0,0,0,0,0,0,0,0,1,0,0,1,0,0,0,0,0,,,,,,,,,,,,,,,,,,,,,,,,,,,,,,,,,,,,
G4431,0,0,0,0,0,0,0,0,0,0,0,1,0,0,1,0,0,0,0,0,,,,,,,,,,,,,,,,,,,,,,,,,,,,,,,,,,,,
G4432,0,0,0,0,0,0,0,0,0,0,0,1,0,0,1,0,0,0,0,0,,,,,,,,,,,,,,,,,,,,,,,,,,,,,,,,,,,,
G4433,0,0,0,0,0,0,0,0,0,0,0,1,0,0,1,0,0,0,0,0,,,,,,,,,,,,,,,,,,,,,,,,,,,,,,,,,,,,
G4434,0,0,0,0,0,0,0,0,0,0,0,1,0,0,1,0,0,0,0,0,,,,,,,,,,,,,,,,,,,,,,,,,,,,,,,,,,,,
G4435,0,0,0,0,0,0,0,0,0,0,0,1,0,0,1,0,0,0,0,0,,,,,,,,,,,,,,,,,,,,,,,,,,,,,,,,,,,,
G4436,0,0,0,0,0,0,0,0,0,0,0,1,0,0,0,0,0,0,0,0,,,,,,,,,,,,,,,,,,,,,,,,,,,,,,,,,,,,
G4437,0,0,0,0,0,0,0,0,0,0,0,1,0,0,0,0,0,0,0,0,,,,,,,,,,,,,,,,,,,,,,,,,,,,,,,,,,,,
G4438,0,0,0,0,0,0,0,0,0,0,0,1,0,0,0,0,0,0,0,0,,,,,,,,,,,,,,,,,,,,,,,,,,,,,,,,,,,,
G4439,0,0,0,0,0,0,0,0,0,0,0,1,1,0,0,0,0,0,0,0,,,,,,,,,,,,,,,,,,,,,,1,,,,,,,,,,,,,,
G4440,0,0,0,0,0,0,0,0,0,0,0,1,1,0,0,0,0,0,0,0,,,,,,,,,,,,,,,,,,,,,,1,,,,,,,,,,,,,,
G4441,0,0,0,0,0,0,0,0,0,0,0,1,1,0,0,0,0,0,0,0,,,,,,,,,,,,,,,,,,,,,,1,,,,,,,,,,,,,,
G4442,0,0,0,0,0,0,0,0,0,0,0,1,1,0,0,0,0,0,0,0,,,,,,,,,,,,,,,,,,,,,,1,,,,,,,,,,,,,,
G4443,0,0,0,0,0,0,0,0,0,0,0,1,1,0,0,0,0,0,0,0,,,,,,,,,,,,,,,,,,,,,,1,,,,,,,,,,,,,,
G4444,0,0,0,0,0,0,0,0,0,0,0,1,1,0,0,0,0,0,0,0,,,,,,,,,,,,,,,,,,,,,,1,,,,,,,,,,,,,,
G4445,0,0,0,0,0,0,0,0,0,0,0,1,1,0,0,0,0,0,0,0,,,,,,,,,,,,,,,,,,,,,,1,,,,,,,,,,,,,,
G4446,0,0,0,0,0,0,0,0,0,0,0,1,1,0,0,0,0,0,0,0,,,,,,,,,,,,,,,,,,,,,,1,,,,,,,,,,,,,,
G4447,0,0,0,0,0,0,0,0,0,0,0,1,1,0,0,0,0,0,0,0,,,,,,,,,,,,,,,,,,,,,,1,,,,,,,,,,,,,,
G4448,0,0,0,0,0,0,0,0,0,0,0,1,1,0,0,0,0,0,0,0,,,,,,,,,,,,,,,,,,,,,,1,,,,,,,,,,,,,,
G4449,0,0,0,0,0,0,0,0,0,0,0,1,1,0,0,0,0,0,0,0,,,,,,,,,,,,,,,,,,,,,,1,,,,,,,,,,,,,,
G4450,0,0,0,0,0,0,0,0,0,0,0,1,1,0,0,0,0,0,0,0,,,,,,,,,,,,,,,,,,,,,,1,,,,,,,,,,,,,,
G4451,0,0,0,0,0,0,0,0,0,0,0,1,1,0,1,0,0,0,0,0,,,,,,,,,,,,,,,,,,,,,,1,,,,,,,,,,,,,,
G4452,0,0,0,0,0,0,0,0,0,0,0,1,1,0,1,0,0,0,0,0,,,,,,,,,,,,,,,,,,,,,,1,,,,,,,,,,,,,,
G4453,0,0,0,0,0,0,0,0,0,0,0,1,1,0,1,0,0,0,0,0,,,,,,,,,,,,,,,,,,,,,,1,,,,,,,,,,,,,,
G4454,0,0,0,0,0,0,0,0,0,0,0,1,1,0,1,0,0,0,0,0,,,,,,,,,,,,,,,,,,,,,,1,,,,,,,,,,,,,,
G4455,0,0,0,0,0,0,0,0,0,0,0,1,1,0,1,0,0,0,0,0,,,,,,,,,,,,,,,,,,,,,,1,,,,,,,,,,,,,,
G4456,0,0,0,0,0,0,0,0,0,0,0,1,1,0,1,0,0,0,0,0,,,,,,,,,,,,,,,,,,,,,,1,,,,,,,,,,,,,,
G4457,0,0,0,0,0,0,0,0,0,0,0,1,1,0,1,0,0,0,0,0,,,,,,,,,,,,,,,,,,,,,,1,,,,,,,,,,,,,,
G4458,0,0,0,0,0,0,0,0,0,0,0,1,1,0,1,0,0,0,0,0,,,,,,,,,,,,,,,,,,,,,,1,,,,,,,,,,,,,,
G4459,0,0,0,0,0,0,0,0,0,0,0,1,1,0,1,0,0,0,0,0,,,,,,,,,,,,,,,,,,,,,,1,,,,,,,,,,,,,,
G4460,0,0,0,0,0,0,0,0,0,0,0,1,1,0,1,0,0,0,0,0,,,,,,,,,,,,,,,,,,,,,,1,,,,,,,,,,,,,,
G4461,0,0,0,0,0,0,0,0,0,0,0,1,1,0,1,0,0,0,0,0,,,,,,,,,,,,,,,,,,,,,,1,,,,,,,,,,,,,,
G4462,0,0,0,0,0,0,0,0,0,0,0,1,0,0,0,0,0,0,0,0,,,,,,,,,,,,,,,,,,,,,,,,,,,,,,,,,,,,
G4463,0,0,0,0,0,0,0,0,0,0,0,1,0,0,0,0,0,0,0,0,,,,,,,,,,,,,,,,,,,,,,,,,,,,,,,,,,,,
G4464,0,0,0,0,0,0,0,0,0,0,0,1,0,0,0,0,0,0,0,0,,,,,,,,,,,,,,,,,,,,,,,,,,,,,,,,,,,,
G4465,0,0,0,0,0,0,0,0,0,0,0,1,0,0,0,0,0,0,0,0,,,,,,,,,,,,,,,,,,,,,,,,,,,,,,,,,,,,
G4466,0,0,0,0,0,0,0,0,0,0,0,1,0,0,0,0,0,0,0,0,,,,,,,,,,,,,,,,,,,,,,,,,,,,,,,,,,,,
G4467,0,0,0,0,0,0,0,0,0,0,0,1,0,0,0,0,0,0,0,0,,,,,,,,,,,,,,,,,,,,,,,,,,,,,,,,,,,,
G4468,0,0,0,0,0,0,0,0,0,0,0,1,0,0,1,0,0,0,0,0,,,,,,,,,,,,,,,,,,,,,,,,,,,,,,,,,,,,
G4469,0,0,0,0,0,0,0,0,0,0,0,1,0,0,1,0,0,0,0,0,,,,,,,,,,,,,,,,,,,,,,,,,,,,,,,,,,,,
G4470,0,0,0,0,0,0,0,0,0,0,0,1,0,0,1,0,0,0,0,0,,,,,,,,,,,,,,,,,,,,,,,,,,,,,,,,,,,,
G4471,0,0,0,0,0,0,0,0,0,0,0,1,0,1,0,0,0,0,0,0,,,,,,,,,,,,,,,,,,,,,,,1,,,,,,,,,,,,,
G4472,0,0,0,0,0,0,0,0,0,0,0,1,0,1,0,0,0,0,0,0,,,,,,,,,,,,,,,,,,,,,,,1,,,,,,,,,,,,,
G4473,0,0,0,0,0,0,0,0,0,0,0,1,0,1,0,0,0,0,0,0,,,,,,,,,,,,,,,,,,,,,,,1,,,,,,,,,,,,,
G4474,0,0,0,0,0,0,0,0,0,0,0,1,0,1,0,0,0,0,0,0,,,,,,,,,,,,,,,,,,,,,,,1,,,,,,,,,,,,,
G4475,0,0,0,0,0,0,0,0,0,0,0,1,0,1,0,0,0,0,0,0,,,,,,,,,,,,,,,,,,,,,,,1,,,,,,,,,,,,,
G4476,0,0,0,0,0,0,0,0,0,0,0,1,1,0,1,0,0,0,0,0,,,,,,,,,,,,,,,,,,,,,,1,,,,,,,,,,,,,,
G4477,0,0,0,0,0,0,0,0,0,0,0,1,1,0,1,0,0,0,0,0,,,,,,,,,,,,,,,,,,,,,,1,,,,,,,,,,,,,,
G4478,0,0,0,0,0,0,0,0,0,0,0,1,1,0,1,0,0,0,0,0,,,,,,,,,,,,,,,,,,,,,,1,,,,,,,,,,,,,,
G4479,0,0,0,0,0,0,0,0,0,0,0,1,1,0,1,0,0,0,0,0,,,,,,,,,,,,,,,,,,,,,,1,,,,,,,,,,,,,,
G4480,0,0,0,0,0,0,0,0,0,0,0,1,0,0,1,0,0,0,0,0,,,,,,,,,,,,,,,,,,,,,,,,,,,,,,,,,,,,
G4481,0,0,0,0,0,0,0,0,0,0,0,1,0,0,1,0,0,0,0,0,,,,,,,,,,,,,,,,,,,,,,,,,,,,,,,,,,,,
G4482,0,0,0,0,0,0,0,0,0,0,0,1,0,0,1,0,0,0,0,0,,,,,,,,,,,,,,,,,,,,,,,,,,,,,,,,,,,,
G4483,0,0,0,0,0,0,0,0,0,0,0,1,0,0,1,0,0,0,0,0,,,,,,,,,,,,,,,,,,,,,,,,,,,,,,,,,,,,
G4484,0,0,0,0,0,0,0,0,0,0,0,1,0,0,1,0,0,0,0,0,,,,,,,,,,,,,,,,,,,,,,,,,,,,,,,,,,,,
G4485,0,0,0,0,0,0,0,0,0,0,0,1,0,0,1,0,0,0,0,0,,,,,,,,,,,,,,,,,,,,,,,,,,,,,,,,,,,,
GB2926,0,0,0,0,0,0,0,0,0,0,0,0,0,0,0,0,0,0,0,0,,,,,,,,,,,,,,,,,,,,,,,,,,,,,,,,,,,,
GB2927,0,0,0,0,0,0,0,0,0,0,0,0,0,0,0,0,0,0,0,0,,,,,,,,,,,,,,,,,,,,,,,,,,,,,,,,,,,,
GB2928,0,0,0,0,0,0,0,0,0,0,0,0,0,0,0,0,0,0,0,0,,,,,,,,,,,,,,,,,,,,,,,,,,,,,,,,,,,,
GB2929,0,0,0,0,0,0,0,0,1,0,0,1,1,0,1,0,0,0,0,0,,,,,,,,,,0,0,,,,,,,,,,,1,,,,,,,,,,,,,,
GB2930,0,0,0,0,0,0,0,0,1,0,0,1,0,0,0,0,0,0,1,0,,,,,,,,,,1,,,,,1,,,,,,,,,,,1,,,,,,,,,,
GB2931,0,0,0,0,0,0,0,0,1,0,0,1,0,0,0,0,0,0,1,0,,,,,,,,,,1,,,,,1,,,,,,,,,,,1,,,,,,,,,,
GB2932,0,0,0,0,0,0,0,0,1,0,0,1,0,0,0,0,0,1,1,0,,,,,,,,,,1,,,,1,1,,,,,,,,,,1,1,,,,,,,,,,0
GB2933,0,0,0,0,0,0,0,0,0,0,0,0,0,0,0,0,0,0,0,0,,,,,,,,,,,,,,,,,,,,,,,,,,,,,,,,,,,,
GB2934,0,0,0,0,0,0,0,0,0,0,0,0,0,0,0,0,0,0,0,0,,,,,,,,,,,,,,,,,,,,,,,,,,,,,,,,,,,,
GB2935,0,0,0,0,0,0,0,0,1,1,0,1,0,0,0,0,0,1,1,0,,,,,,,,,1,0,,,,0,0,0,,,,0,0,,,,1,1,,,,,,,,,,0
GB2936,0,0,0,0,0,0,0,0,1,1,0,1,0,0,0,0,0,1,1,0,,,,,,,,,1,1,,,,1,1,0,,,,0,0,,,,1,1,,,,,,,,,,0
GB2937,0,0,0,0,0,0,0,0,1,0,0,0,0,0,0,0,0,0,0,0,,,,,,,,,,,,,,,,,,,,,,,,,,,,,,,,,,,,
GB2938,0,0,0,0,0,0,0,0,0,0,0,1,0,0,0,0,0,0,0,0,,,,,,,,,,,,,,,,,,,,,,,,,,,,,,,,,,,,
GB2939,0,0,0,0,0,0,0,0,0,0,0,1,0,0,0,0,0,0,0,0,,,,,,,,,,,,,,,,,,,,,,,,,,,,,,,,,,,,
GB2940,0,0,0,0,0,0,0,0,0,0,0,1,0,0,1,0,0,0,0,0,,,,,,,,,,,,,,,,,,,,,,,,,,,,,,,,,,,,
GB2941,0,0,0,0,0,0,0,0,0,0,0,1,0,0,0,0,0,0,0,0,,,,,,,,,,,,,,,,,,,,,,,,,,,,,,,,,,,,
GB2942,0,0,0,0,0,0,0,0,0,0,0,1,0,0,0,0,0,0,0,0,,,,,,,,,,,,,,,,,,,,,,,,,,,,,,,,,,,,
GB2943,0,0,0,0,0,0,0,0,0,0,0,1,0,0,1,0,0,0,0,0,,,,,,,,,,,,,,,,,,,,,,,,,,,,,,,,,,,,
GB2944,0,0,0,0,0,0,0,0,0,0,0,1,0,0,0,0,0,0,0,0,,,,,,,,,,,,,,,,,,,,,,,,,,,,,,,,,,,,
GB2945,0,0,0,0,0,0,0,0,0,0,0,1,0,0,0,0,0,0,0,0,,,,,,,,,,,,,,,,,,,,,,,,,,,,,,,,,,,,
GB2946,0,0,0,0,0,0,0,0,0,0,0,1,0,0,0,0,0,0,0,0,,,,,,,,,,,,,,,,,,,,,,,,,,,,,,,,,,,,
GB2947,0,0,0,0,0,0,0,0,0,0,0,1,0,0,1,0,0,0,0,0,,,,,,,,,,,,,,,,,,,,,,,,,,,,,,,,,,,,
GB2948,0,0,0,0,0,0,0,0,0,0,0,1,0,0,1,0,0,0,0,0,,,,,,,,,,,,,,,,,,,,,,,,,,,,,,,,,,,,
GB2949,0,0,0,0,0,0,0,0,0,0,0,1,0,0,1,0,0,0,0,0,,,,,,,,,,,,,,,,,,,,,,,,,,,,,,,,,,,,
GB2950,0,0,0,0,0,0,0,0,0,0,0,1,1,0,0,0,0,0,0,0,,,,,,,,,,,,,,,,,,,,,,1,,,,,,,,,,,,,,
GB2951,0,0,0,0,0,0,0,0,0,0,0,1,1,0,1,0,0,0,0,0,,,,,,,,,,,,,,,,,,,,,,1,,,,,,,,,,,,,,
GB2952,0,0,0,0,0,0,0,0,0,1,0,1,0,0,1,0,0,0,0,0,,,,,,,,,,,,,,,,0,,,,,,,,,,,,,,,,,,,,
GB2953,0,0,0,0,0,0,0,0,0,0,0,1,1,0,1,0,0,0,0,0,,,,,,,,,,,,,,,,,,,,,,1,,,,,,,,,,,,,,
GB2954,0,0,0,0,0,0,0,0,0,0,0,1,1,0,1,0,0,0,0,0,,,,,,,,,,,,,,,,,,,,,,1,,,,,,,,,,,,,,
GB2955,0,0,0,0,0,0,0,0,0,0,0,1,1,0,1,0,0,0,0,0,,,,,,,,,,,,,,,,,,,,,,1,,,,,,,,,,,,,,
GB2956,0,0,0,0,0,0,0,0,0,0,0,1,0,0,0,0,0,0,0,0,,,,,,,,,,,,,,,,,,,,,,,,,,,,,,,,,,,,
GB2957,0,0,0,0,0,0,0,0,0,0,0,1,0,0,0,0,0,0,0,0,,,,,,,,,,,,,,,,,,,,,,,,,,,,,,,,,,,,
GB2958,0,0,0,0,0,0,0,0,0,0,0,1,0,0,0,0,0,0,0,0,,,,,,,,,,,,,,,,,,,,,,,,,,,,,,,,,,,,
GB2959,0,0,0,0,0,0,0,0,0,0,0,1,0,0,1,0,0,0,0,0,,,,,,,,,,,,,,,,,,,,,,,,,,,,,,,,,,,,
GB2960,0,0,0,0,0,0,0,0,0,0,0,1,0,0,1,0,0,0,0,0,,,,,,,,,,,,,,,,,,,,,,,,,,,,,,,,,,,,
GB2961,0,0,0,0,0,0,0,0,0,0,0,1,0,0,1,0,0,0,0,0,,,,,,,,,,,,,,,,,,,,,,,,,,,,,,,,,,,,
GB2962,0,0,0,0,0,0,0,0,0,0,0,1,0,0,0,0,0,0,0,0,,,,,,,,,,,,,,,,,,,,,,,,,,,,,,,,,,,,
GB2963,0,0,0,0,0,0,0,0,0,0,0,1,0,0,0,0,0,0,0,0,,,,,,,,,,,,,,,,,,,,,,,,,,,,,,,,,,,,
GB2964,0,0,0,0,0,0,0,0,0,0,0,1,0,0,0,0,0,0,0,0,,,,,,,,,,,,,,,,,,,,,,,,,,,,,,,,,,,,
GB2965,0,0,0,0,0,0,0,0,0,0,0,1,0,0,0,0,0,0,0,0,,,,,,,,,,,,,,,,,,,,,,,,,,,,,,,,,,,,
GB2966,0,0,0,0,0,0,0,0,0,0,0,1,0,0,0,0,0,0,0,0,,,,,,,,,,,,,,,,,,,,,,,,,,,,,,,,,,,,
GB2967,0,0,0,0,0,0,0,0,0,0,0,1,0,0,0,0,0,0,0,0,,,,,,,,,,,,,,,,,,,,,,,,,,,,,,,,,,,,
GB2968,0,0,0,0,0,0,0,0,0,0,0,1,0,0,0,0,0,0,0,0,,,,,,,,,,,,,,,,,,,,,,,,,,,,,,,,,,,,
GB2969,0,0,0,0,0,0,0,0,0,0,0,1,0,0,0,0,0,0,0,0,,,,,,,,,,,,,,,,,,,,,,,,,,,,,,,,,,,,
GB2970,0,0,0,0,0,0,0,0,0,0,0,1,0,0,0,0,0,0,0,0,,,,,,,,,,,,,,,,,,,,,,,,,,,,,,,,,,,,
GB2971,0,0,0,0,0,0,0,0,0,0,0,1,0,0,0,0,0,0,0,0,,,,,,,,,,,,,,,,,,,,,,,,,,,,,,,,,,,,
GB2972,0,0,0,0,0,0,0,0,0,0,0,1,0,0,0,0,0,0,0,0,,,,,,,,,,,,,,,,,,,,,,,,,,,,,,,,,,,,
GB2973,0,0,0,0,0,0,0,0,0,0,0,1,0,0,0,0,0,0,0,0,,,,,,,,,,,,,,,,,,,,,,,,,,,,,,,,,,,,
GB2974,0,0,0,0,0,0,0,0,0,0,0,1,0,0,0,0,0,0,0,0,,,,,,,,,,,,,,,,,,,,,,,,,,,,,,,,,,,,
GB2975,0,0,0,0,0,0,0,0,0,0,0,1,0,0,0,0,0,0,0,0,,,,,,,,,,,,,,,,,,,,,,,,,,,,,,,,,,,,
GB2976,0,0,0,0,0,0,0,0,0,0,0,1,0,0,0,0,0,0,0,0,,,,,,,,,,,,,,,,,,,,,,,,,,,,,,,,,,,,
GB2977,0,0,0,0,0,0,0,0,0,0,0,1,0,0,0,0,0,0,0,0,,,,,,,,,,,,,,,,,,,,,,,,,,,,,,,,,,,,
GB2978,0,0,0,0,0,0,0,0,0,0,0,1,0,0,0,0,0,0,0,0,,,,,,,,,,,,,,,,,,,,,,,,,,,,,,,,,,,,
GB2979,0,0,0,0,0,0,0,0,0,0,0,1,0,0,0,0,0,0,0,0,,,,,,,,,,,,,,,,,,,,,,,,,,,,,,,,,,,,
GB2980,0,0,0,0,0,0,0,0,0,0,0,1,0,0,0,0,0,0,0,0,,,,,,,,,,,,,,,,,,,,,,,,,,,,,,,,,,,,
GB2981,0,0,0,0,0,0,0,0,0,0,0,1,0,0,0,0,0,0,0,0,,,,,,,,,,,,,,,,,,,,,,,,,,,,,,,,,,,,
GB2982,0,0,0,0,0,0,0,0,0,0,0,1,0,0,0,0,0,0,0,0,,,,,,,,,,,,,,,,,,,,,,,,,,,,,,,,,,,,
GB2983,0,0,0,0,0,0,0,0,0,0,0,1,0,0,0,0,0,0,0,0,,,,,,,,,,,,,,,,,,,,,,,,,,,,,,,,,,,,
GB2984,0,0,0,0,0,0,0,0,0,0,0,1,0,0,0,0,0,0,0,0,,,,,,,,,,,,,,,,,,,,,,,,,,,,,,,,,,,,
GB2985,0,0,0,0,0,0,0,0,0,0,0,1,0,0,0,0,0,0,0,0,,,,,,,,,,,,,,,,,,,,,,,,,,,,,,,,,,,,
GB2986,0,0,0,0,0,0,0,0,0,0,0,1,0,0,0,0,0,0,0,0,,,,,,,,,,,,,,,,,,,,,,,,,,,,,,,,,,,,
GB2987,0,0,0,0,0,0,0,0,0,0,0,1,0,0,0,0,0,0,0,0,,,,,,,,,,,,,,,,,,,,,,,,,,,,,,,,,,,,
GB2988,0,0,0,0,0,0,0,0,0,0,0,1,0,0,0,0,0,0,0,0,,,,,,,,,,,,,,,,,,,,,,,,,,,,,,,,,,,,
GB2989,0,0,0,0,0,0,0,0,0,0,0,1,0,0,0,0,0,0,0,0,,,,,,,,,,,,,,,,,,,,,,,,,,,,,,,,,,,,
GB2990,0,0,0,0,0,0,0,0,0,0,0,1,0,0,0,0,0,0,0,0,,,,,,,,,,,,,,,,,,,,,,,,,,,,,,,,,,,,
GB2991,0,0,0,0,0,0,0,0,0,0,0,1,0,0,0,0,0,0,0,0,,,,,,,,,,,,,,,,,,,,,,,,,,,,,,,,,,,,
GB2992,0,0,0,0,0,0,0,0,0,0,0,1,0,0,0,0,0,0,0,0,,,,,,,,,,,,,,,,,,,,,,,,,,,,,,,,,,,,
GB2993,0,0,0,0,0,0,0,0,0,0,0,1,0,0,0,0,0,0,0,0,,,,,,,,,,,,,,,,,,,,,,,,,,,,,,,,,,,,
GB2994,0,0,0,0,0,0,0,0,0,0,0,1,0,0,0,0,0,0,0,0,,,,,,,,,,,,,,,,,,,,,,,,,,,,,,,,,,,,
GB2995,0,0,0,0,0,0,0,0,0,0,0,1,0,0,0,0,0,0,0,0,,,,,,,,,,,,,,,,,,,,,,,,,,,,,,,,,,,,
GB2996,0,0,0,0,0,0,0,0,0,0,0,1,0,0,0,0,0,0,0,0,,,,,,,,,,,,,,,,,,,,,,,,,,,,,,,,,,,,
GB2997,0,0,0,0,0,0,0,0,0,0,0,1,0,0,0,0,0,0,0,0,,,,,,,,,,,,,,,,,,,,,,,,,,,,,,,,,,,,
GB2998,0,0,0,0,0,0,0,0,0,0,0,1,0,0,0,0,0,0,0,0,,,,,,,,,,,,,,,,,,,,,,,,,,,,,,,,,,,,
GB2999,0,0,0,0,0,0,0,0,0,0,0,1,0,0,0,0,0,0,0,0,,,,,,,,,,,,,,,,,,,,,,,,,,,,,,,,,,,,
GB3000,0,0,0,0,0,0,0,0,0,0,0,1,0,0,0,0,0,0,0,0,,,,,,,,,,,,,,,,,,,,,,,,,,,,,,,,,,,,
GB3001,0,0,0,0,0,0,0,0,0,0,0,1,0,0,0,0,0,0,0,0,,,,,,,,,,,,,,,,,,,,,,,,,,,,,,,,,,,,
GB3002,0,0,0,0,0,0,0,0,0,0,0,1,0,0,0,0,0,0,0,0,,,,,,,,,,,,,,,,,,,,,,,,,,,,,,,,,,,,
GB3003,0,0,0,0,0,0,0,0,0,0,0,1,1,0,0,0,0,0,0,0,,,,,,,,,,,,,,,,,,,,,,1,,,,,,,,,,,,,,
GB3004,0,0,0,0,0,0,0,0,0,0,0,1,1,0,0,0,0,0,0,0,,,,,,,,,,,,,,,,,,,,,,1,,,,,,,,,,,,,,
GB3005,0,0,0,0,0,0,0,0,0,0,0,1,1,0,0,0,1,0,0,0,,,,,,,,,,,,,,,,,,,,,,1,,1,,,,1,,,,,,,,
GB3006,0,0,0,0,0,0,0,0,0,0,0,1,1,0,0,0,1,0,0,0,,,,,,,,,,,,,,,,,,,,,,1,,1,,,,1,,,,,,,,
GB3007,0,0,0,0,0,0,0,0,0,0,0,1,1,0,0,0,0,0,0,0,,,,,,,,,,,,,,,,,,,,,,1,,,,,,,,,,,,,,
GB3008,0,0,0,0,0,0,0,0,0,0,0,1,1,0,0,0,0,0,0,0,,,,,,,,,,,,,,,,,,,,,,1,,,,,,,,,,,,,,
GB3009,0,0,0,0,0,0,0,0,0,0,0,1,1,0,0,0,0,0,0,0,,,,,,,,,,,,,,,,,,,,,,1,,,,,,,,,,,,,,
GB3010,0,0,0,0,0,0,0,0,0,0,0,1,1,0,0,0,1,0,0,0,,,,,,,,,,,,,,,,,,,,,,1,,1,,,,1,,,,,,,,
GB3011,0,0,0,0,0,0,0,0,0,0,0,1,1,0,0,0,1,0,0,0,,,,,,,,,,,,,,,,,,,,,,1,,1,,,,1,,,,,,,,
GB3012,0,0,0,0,0,0,0,0,0,0,0,1,1,0,0,0,1,0,0,0,,,,,,,,,,,,,,,,,,,,,,1,,1,,,,1,,,,,,,,
GB3013,0,0,0,0,0,0,0,0,0,0,0,1,1,0,0,0,1,0,0,0,,,,,,,,,,,,,,,,,,,,,,1,,1,,,,1,,,,,,,,
GB3014,0,0,0,0,0,0,0,0,0,0,0,1,1,0,0,0,1,0,0,0,,,,,,,,,,,,,,,,,,,,,,1,,1,,,,0,,,,,,,,
GB3015,0,0,0,0,0,0,0,0,0,0,0,1,1,0,0,0,0,0,0,0,,,,,,,,,,,,,,,,,,,,,,1,,,,,,,,,,,,,,
GB3016,0,0,0,0,0,0,0,0,0,0,0,1,1,0,0,0,0,0,0,0,,,,,,,,,,,,,,,,,,,,,,1,,,,,,,,,,,,,,
GB3017,0,0,0,0,0,0,0,0,0,0,0,1,0,0,0,0,0,0,0,0,,,,,,,,,,,,,,,,,,,,,,,,,,,,,,,,,,,,
GB3018,0,0,0,0,0,0,0,0,0,0,0,1,0,0,0,0,0,0,0,0,,,,,,,,,,,,,,,,,,,,,,,,,,,,,,,,,,,,
GB3019,0,0,0,0,0,0,0,0,0,0,0,1,1,0,0,0,0,0,0,0,,,,,,,,,,,,,,,,,,,,,,1,,,,,,,,,,,,,,
GB3020,0,0,0,0,0,0,0,0,0,0,0,1,1,0,0,0,0,0,0,0,,,,,,,,,,,,,,,,,,,,,,1,,,,,,,,,,,,,,
GB3021,0,0,0,0,0,0,0,0,0,0,0,1,1,0,0,0,0,0,0,0,,,,,,,,,,,,,,,,,,,,,,1,,,,,,,,,,,,,,
GB3022,0,0,0,0,0,0,0,0,0,0,0,1,1,0,0,0,0,0,0,0,,,,,,,,,,,,,,,,,,,,,,1,,,,,,,,,,,,,,
GB3023,0,0,0,0,0,0,0,0,0,0,0,1,1,0,0,0,1,0,0,0,,,,,,,,,,,,,,,,,,,,,,1,,1,,,,1,,,,,,,,
GB3024,0,0,0,0,0,0,0,0,0,0,0,1,1,0,0,0,0,0,0,0,,,,,,,,,,,,,,,,,,,,,,1,,,,,,,,,,,,,,
GB3025,0,0,0,0,0,0,0,0,0,0,0,1,1,0,0,0,0,0,0,0,,,,,,,,,,,,,,,,,,,,,,1,,,,,,,,,,,,,,
GB3026,0,0,0,0,0,0,0,0,0,0,0,1,0,0,0,0,0,0,0,0,,,,,,,,,,,,,,,,,,,,,,,,,,,,,,,,,,,,
GB3027,0,0,0,0,0,0,0,0,0,0,0,1,0,0,0,0,0,0,0,0,,,,,,,,,,,,,,,,,,,,,,,,,,,,,,,,,,,,
GB3028,0,0,0,0,0,0,0,0,0,0,0,1,1,0,0,0,0,0,0,0,,,,,,,,,,,,,,,,,,,,,,1,,,,,,,,,,,,,,
GB3029,0,0,0,0,0,0,0,0,0,0,0,1,1,0,0,0,0,0,0,0,,,,,,,,,,,,,,,,,,,,,,1,,,,,,,,,,,,,,
GB3030,0,0,0,0,0,0,0,0,0,0,0,1,1,0,0,0,0,0,0,0,,,,,,,,,,,,,,,,,,,,,,1,,,,,,,,,,,,,,
GB3031,0,0,0,0,0,0,0,0,0,0,0,1,1,0,0,0,0,0,0,0,,,,,,,,,,,,,,,,,,,,,,1,,,,,,,,,,,,,,
GB3032,0,0,0,0,0,0,0,0,0,0,0,1,1,0,0,0,0,0,0,0,,,,,,,,,,,,,,,,,,,,,,1,,,,,,,,,,,,,,
GB3033,0,0,0,0,0,0,0,0,0,0,0,1,1,0,0,0,0,0,0,0,,,,,,,,,,,,,,,,,,,,,,1,,,,,,,,,,,,,,
GB3034,0,0,0,0,0,0,0,0,0,0,0,1,1,0,0,0,0,0,0,0,,,,,,,,,,,,,,,,,,,,,,1,,,,,,,,,,,,,,
GB3035,0,0,0,0,0,0,0,0,0,0,0,1,1,0,0,0,0,0,0,0,,,,,,,,,,,,,,,,,,,,,,1,,,,,,,,,,,,,,
GB3036,0,0,0,0,0,0,0,0,0,0,0,1,1,0,0,0,0,0,0,0,,,,,,,,,,,,,,,,,,,,,,1,,,,,,,,,,,,,,
GB3037,0,0,0,0,0,0,0,0,0,0,0,1,1,0,0,0,0,0,0,0,,,,,,,,,,,,,,,,,,,,,,1,,,,,,,,,,,,,,
GB3038,0,0,0,0,0,0,0,0,0,0,0,1,1,0,0,0,0,0,0,0,,,,,,,,,,,,,,,,,,,,,,1,,,,,,,,,,,,,,
GB3039,0,0,0,0,0,0,0,0,0,0,0,1,1,0,0,0,0,0,0,0,,,,,,,,,,,,,,,,,,,,,,1,,,,,,,,,,,,,,
GB3040,0,0,0,0,0,0,0,0,0,0,0,1,1,0,0,0,0,0,0,0,,,,,,,,,,,,,,,,,,,,,,1,,,,,,,,,,,,,,
GB3041,0,0,0,0,0,0,0,0,0,0,0,1,1,0,0,0,0,0,0,0,,,,,,,,,,,,,,,,,,,,,,1,,,,,,,,,,,,,,
GB3042,0,0,0,0,0,0,0,0,0,0,0,1,1,0,0,0,0,0,0,0,,,,,,,,,,,,,,,,,,,,,,1,,,,,,,,,,,,,,
GB3043,0,0,0,0,0,0,0,0,0,0,0,1,1,0,0,0,0,0,0,0,,,,,,,,,,,,,,,,,,,,,,1,,,,,,,,,,,,,,
GB3044,0,0,0,0,0,0,0,0,0,0,0,1,1,0,0,0,0,0,0,0,,,,,,,,,,,,,,,,,,,,,,1,,,,,,,,,,,,,,
GB3045,0,0,0,0,0,0,0,0,0,0,0,1,1,0,0,0,0,0,0,0,,,,,,,,,,,,,,,,,,,,,,1,,,,,,,,,,,,,,
GB3046,0,0,0,0,0,0,0,0,0,0,0,1,0,0,0,0,0,0,0,0,,,,,,,,,,,,,,,,,,,,,,,,,,,,,,,,,,,,
GB3047,0,0,0,0,0,0,0,0,0,0,0,1,0,0,0,0,0,0,0,0,,,,,,,,,,,,,,,,,,,,,,,,,,,,,,,,,,,,
GB3048,0,0,0,0,0,0,0,0,0,0,0,1,1,0,0,0,0,0,0,0,,,,,,,,,,,,,,,,,,,,,,1,,,,,,,,,,,,,,
GB3049,0,0,0,0,0,0,0,0,0,0,0,1,1,0,0,0,0,0,0,0,,,,,,,,,,,,,,,,,,,,,,1,,,,,,,,,,,,,,
GB3050,0,0,0,0,0,0,0,0,0,0,0,1,1,0,0,0,0,0,0,0,,,,,,,,,,,,,,,,,,,,,,1,,,,,,,,,,,,,,
GB3051,0,0,0,0,0,0,0,0,0,0,0,1,1,0,0,0,0,0,0,0,,,,,,,,,,,,,,,,,,,,,,1,,,,,,,,,,,,,,
GB3052,0,0,0,0,0,0,0,0,0,0,0,1,1,0,0,0,0,0,0,0,,,,,,,,,,,,,,,,,,,,,,1,,,,,,,,,,,,,,
GB3053,0,0,0,0,0,0,0,0,0,0,0,1,1,0,0,0,0,0,0,0,,,,,,,,,,,,,,,,,,,,,,1,,,,,,,,,,,,,,
GB3054,0,0,0,0,0,0,0,0,0,0,0,1,1,0,0,0,0,0,0,0,,,,,,,,,,,,,,,,,,,,,,1,,,,,,,,,,,,,,
GB3055,0,0,0,0,0,0,0,0,0,0,0,1,1,0,0,0,0,0,0,0,,,,,,,,,,,,,,,,,,,,,,1,,,,,,,,,,,,,,
GB3056,0,0,0,0,0,0,0,0,0,0,0,1,1,0,0,0,0,0,0,0,,,,,,,,,,,,,,,,,,,,,,1,,,,,,,,,,,,,,
GB3057,0,0,0,0,0,0,0,0,0,0,0,1,1,0,0,0,0,0,0,0,,,,,,,,,,,,,,,,,,,,,,1,,,,,,,,,,,,,,
GB3058,0,0,0,0,0,0,0,0,0,0,0,1,1,0,0,0,0,0,0,0,,,,,,,,,,,,,,,,,,,,,,1,,,,,,,,,,,,,,
GB3059,0,0,0,0,0,0,0,0,0,0,0,1,1,0,0,0,0,0,0,0,,,,,,,,,,,,,,,,,,,,,,1,,,,,,,,,,,,,,
GB3060,0,0,0,0,0,0,0,0,0,0,0,1,1,0,0,0,0,0,0,0,,,,,,,,,,,,,,,,,,,,,,1,,,,,,,,,,,,,,
GB3061,0,0,0,0,0,0,0,0,0,0,0,1,1,0,0,0,0,0,0,0,,,,,,,,,,,,,,,,,,,,,,1,,,,,,,,,,,,,,
GB3062,0,0,0,0,0,0,0,0,0,0,0,1,1,0,0,0,0,0,0,0,,,,,,,,,,,,,,,,,,,,,,1,,,,,,,,,,,,,,
GB3063,0,0,0,0,0,0,0,0,0,0,0,1,1,0,0,0,0,0,0,0,,,,,,,,,,,,,,,,,,,,,,1,,,,,,,,,,,,,,
GB3064,0,0,0,0,0,0,0,0,0,0,0,1,1,0,0,0,0,0,0,0,,,,,,,,,,,,,,,,,,,,,,1,,,,,,,,,,,,,,
GB3065,0,0,0,0,0,0,0,0,0,0,0,1,1,0,0,0,0,0,0,0,,,,,,,,,,,,,,,,,,,,,,1,,,,,,,,,,,,,,
GB3066,0,0,0,0,0,0,0,0,0,0,0,1,1,0,0,0,0,0,0,0,,,,,,,,,,,,,,,,,,,,,,1,,,,,,,,,,,,,,
GB3067,0,0,0,0,0,0,0,0,0,0,0,1,1,0,0,0,0,0,0,0,,,,,,,,,,,,,,,,,,,,,,1,,,,,,,,,,,,,,
GB3068,0,0,0,0,0,0,0,0,0,0,0,1,1,0,0,0,0,0,0,0,,,,,,,,,,,,,,,,,,,,,,1,,,,,,,,,,,,,,
GB3069,0,0,0,0,0,0,0,0,0,0,0,1,1,0,0,0,0,0,0,0,,,,,,,,,,,,,,,,,,,,,,1,,,,,,,,,,,,,,
GB3070,0,0,0,0,0,0,0,0,0,0,0,1,1,0,0,0,0,0,0,0,,,,,,,,,,,,,,,,,,,,,,1,,,,,,,,,,,,,,
GB3071,0,0,0,0,0,0,0,0,0,0,0,1,1,0,0,0,0,0,0,0,,,,,,,,,,,,,,,,,,,,,,1,,,,,,,,,,,,,,
GB3072,0,0,0,0,0,0,0,0,0,0,0,1,1,0,0,0,0,0,0,0,,,,,,,,,,,,,,,,,,,,,,1,,,,,,,,,,,,,,
GB3073,0,0,0,0,0,0,0,0,0,0,0,1,1,0,0,0,0,0,0,0,,,,,,,,,,,,,,,,,,,,,,1,,,,,,,,,,,,,,
GB3074,0,0,0,0,0,0,0,0,0,0,0,1,0,0,0,0,0,0,0,0,,,,,,,,,,,,,,,,,,,,,,,,,,,,,,,,,,,,
GB3075,0,0,0,0,0,0,0,0,0,0,0,1,0,0,0,0,0,0,0,0,,,,,,,,,,,,,,,,,,,,,,,,,,,,,,,,,,,,
GB3076,0,0,0,0,0,0,0,0,0,0,0,1,0,0,0,0,0,0,0,0,,,,,,,,,,,,,,,,,,,,,,,,,,,,,,,,,,,,
GB3077,0,0,0,0,0,0,0,0,0,0,0,1,0,0,0,0,0,0,0,0,,,,,,,,,,,,,,,,,,,,,,,,,,,,,,,,,,,,
GB3078,0,0,0,0,0,0,0,0,0,0,0,1,1,0,0,0,0,0,0,0,,,,,,,,,,,,,,,,,,,,,,1,,,,,,,,,,,,,,
GB3079,0,0,0,0,0,0,0,0,0,0,0,1,1,0,0,0,0,0,0,0,,,,,,,,,,,,,,,,,,,,,,1,,,,,,,,,,,,,,
GB3080,0,0,0,0,0,0,0,0,0,0,0,1,1,0,0,0,0,0,0,0,,,,,,,,,,,,,,,,,,,,,,1,,,,,,,,,,,,,,
GB3081,0,0,0,0,0,0,0,0,0,0,0,1,1,0,0,0,0,0,0,0,,,,,,,,,,,,,,,,,,,,,,1,,,,,,,,,,,,,,
GB3082,0,0,0,0,0,0,0,0,0,0,0,1,1,0,0,0,0,0,0,0,,,,,,,,,,,,,,,,,,,,,,1,,,,,,,,,,,,,,
GB3083,0,0,0,0,0,0,0,0,0,0,0,1,1,0,0,0,0,0,0,0,,,,,,,,,,,,,,,,,,,,,,1,,,,,,,,,,,,,,
GB3084,0,0,0,0,0,0,0,0,0,0,0,1,1,0,0,0,0,0,0,0,,,,,,,,,,,,,,,,,,,,,,1,,,,,,,,,,,,,,
GB3085,0,0,0,0,0,0,0,0,0,0,0,1,1,0,0,0,0,0,0,0,,,,,,,,,,,,,,,,,,,,,,1,,,,,,,,,,,,,,
GB3086,0,0,0,0,0,0,0,0,0,0,0,1,1,0,0,0,0,0,0,0,,,,,,,,,,,,,,,,,,,,,,1,,,,,,,,,,,,,,
GB3087,0,0,0,0,0,0,0,0,0,0,0,1,1,0,0,0,0,0,0,0,,,,,,,,,,,,,,,,,,,,,,1,,,,,,,,,,,,,,
GB3088,0,0,0,0,0,0,0,0,0,0,0,1,1,0,0,0,0,0,0,0,,,,,,,,,,,,,,,,,,,,,,1,,,,,,,,,,,,,,
GB3089,0,0,0,0,0,0,0,0,0,0,0,1,1,0,0,0,0,0,0,0,,,,,,,,,,,,,,,,,,,,,,1,,,,,,,,,,,,,,
GB3090,0,0,0,0,0,0,0,0,0,0,0,1,1,0,0,0,0,0,0,0,,,,,,,,,,,,,,,,,,,,,,1,,,,,,,,,,,,,,
GB3091,0,0,0,0,0,0,0,0,0,0,0,1,1,0,0,0,0,0,0,0,,,,,,,,,,,,,,,,,,,,,,1,,,,,,,,,,,,,,
GB3092,0,0,0,0,0,0,0,0,0,0,0,1,1,0,0,0,0,0,0,0,,,,,,,,,,,,,,,,,,,,,,1,,,,,,,,,,,,,,
GB3093,0,0,0,0,0,0,0,0,0,0,0,1,1,0,0,0,0,0,0,0,,,,,,,,,,,,,,,,,,,,,,1,,,,,,,,,,,,,,
GB3094,0,0,0,0,0,0,0,0,0,0,0,1,1,0,0,0,0,0,0,0,,,,,,,,,,,,,,,,,,,,,,1,,,,,,,,,,,,,,
GB3095,0,0,0,0,0,0,0,0,0,0,0,1,1,0,0,0,0,0,0,0,,,,,,,,,,,,,,,,,,,,,,1,,,,,,,,,,,,,,
GB3096,0,0,0,0,0,0,0,0,0,0,0,1,1,0,0,0,0,0,0,0,,,,,,,,,,,,,,,,,,,,,,1,,,,,,,,,,,,,,
GB3097,0,0,0,0,0,0,0,0,0,0,0,1,1,0,0,0,0,0,0,0,,,,,,,,,,,,,,,,,,,,,,1,,,,,,,,,,,,,,
GB3098,0,0,0,0,0,0,0,0,0,0,0,1,1,0,0,0,0,0,0,0,,,,,,,,,,,,,,,,,,,,,,1,,,,,,,,,,,,,,
GB3099,0,0,0,0,0,0,0,0,0,0,0,1,1,0,0,0,0,0,0,0,,,,,,,,,,,,,,,,,,,,,,1,,,,,,,,,,,,,,
GB3100,0,0,0,0,0,0,0,0,0,0,0,1,1,0,0,0,0,0,0,0,,,,,,,,,,,,,,,,,,,,,,1,,,,,,,,,,,,,,
GB3101,0,0,0,0,0,0,0,0,0,0,0,1,1,0,0,0,0,0,0,0,,,,,,,,,,,,,,,,,,,,,,1,,,,,,,,,,,,,,
GB3102,0,0,0,0,0,0,0,0,0,0,0,1,0,0,0,0,0,0,0,0,,,,,,,,,,,,,,,,,,,,,,,,,,,,,,,,,,,,
GB3103,0,0,0,0,0,0,0,0,0,0,0,1,1,0,0,0,0,0,0,0,,,,,,,,,,,,,,,,,,,,,,1,,,,,,,,,,,,,,
GB3104,0,0,0,0,0,0,0,0,0,0,0,1,0,0,0,0,0,0,0,0,,,,,,,,,,,,,,,,,,,,,,,,,,,,,,,,,,,,
GB3105,0,0,0,0,0,0,0,0,0,0,0,1,1,0,0,0,0,0,0,0,,,,,,,,,,,,,,,,,,,,,,1,,,,,,,,,,,,,,
GB3106,0,0,0,0,0,0,0,0,0,0,0,1,1,0,0,0,0,0,0,0,,,,,,,,,,,,,,,,,,,,,,1,,,,,,,,,,,,,,
GB3107,0,0,0,0,0,0,0,0,0,0,0,1,1,0,0,0,0,0,0,0,,,,,,,,,,,,,,,,,,,,,,1,,,,,,,,,,,,,,
GB3108,0,0,0,0,0,0,0,0,0,0,0,1,1,0,0,0,0,0,0,0,,,,,,,,,,,,,,,,,,,,,,1,,,,,,,,,,,,,,
GB3109,0,0,0,0,0,0,0,0,0,0,0,1,1,0,0,0,0,0,0,0,,,,,,,,,,,,,,,,,,,,,,1,,,,,,,,,,,,,,
GB3110,0,0,0,0,0,0,0,0,0,0,0,1,1,0,0,0,0,0,0,0,,,,,,,,,,,,,,,,,,,,,,1,,,,,,,,,,,,,,
GB3111,0,0,0,0,0,0,0,0,0,0,0,1,1,0,0,0,0,0,0,0,,,,,,,,,,,,,,,,,,,,,,1,,,,,,,,,,,,,,
GB3112,0,0,0,0,0,0,0,0,0,0,0,1,1,0,0,0,0,0,0,0,,,,,,,,,,,,,,,,,,,,,,1,,,,,,,,,,,,,,
GB3113,0,0,0,0,0,0,0,0,0,0,0,1,1,0,0,0,0,0,0,0,,,,,,,,,,,,,,,,,,,,,,1,,,,,,,,,,,,,,
GB3114,0,0,0,0,0,0,0,0,0,0,0,1,1,0,0,0,0,0,0,0,,,,,,,,,,,,,,,,,,,,,,1,,,,,,,,,,,,,,
GB3115,0,0,0,0,0,0,0,0,0,0,0,1,1,0,0,0,0,0,0,0,,,,,,,,,,,,,,,,,,,,,,1,,,,,,,,,,,,,,
GB3116,0,0,0,0,0,0,0,0,0,0,0,1,1,0,0,0,0,0,0,0,,,,,,,,,,,,,,,,,,,,,,1,,,,,,,,,,,,,,
GB3117,0,0,0,0,0,0,0,0,0,0,0,1,1,0,0,0,0,0,0,0,,,,,,,,,,,,,,,,,,,,,,1,,,,,,,,,,,,,,
GB3118,0,0,0,0,0,0,0,0,0,0,0,1,1,0,0,0,0,0,0,0,,,,,,,,,,,,,,,,,,,,,,1,,,,,,,,,,,,,,
GB3119,0,0,0,0,0,0,0,0,0,0,0,1,1,0,0,0,0,0,0,0,,,,,,,,,,,,,,,,,,,,,,1,,,,,,,,,,,,,,
GB3120,0,0,0,0,0,0,0,0,0,0,0,1,1,0,0,0,0,0,0,0,,,,,,,,,,,,,,,,,,,,,,1,,,,,,,,,,,,,,
GB3121,0,0,0,0,0,0,0,0,0,0,0,1,1,0,0,0,0,0,0,0,,,,,,,,,,,,,,,,,,,,,,1,,,,,,,,,,,,,,
GB3122,0,0,0,0,0,0,0,0,0,0,0,1,1,0,0,0,0,0,0,0,,,,,,,,,,,,,,,,,,,,,,1,,,,,,,,,,,,,,
GB3123,0,0,0,0,0,0,0,0,0,0,0,1,1,0,0,0,0,0,0,0,,,,,,,,,,,,,,,,,,,,,,1,,,,,,,,,,,,,,
GB3124,0,0,0,0,0,0,0,0,0,0,0,1,1,0,0,0,0,0,0,0,,,,,,,,,,,,,,,,,,,,,,1,,,,,,,,,,,,,,
GB3125,0,0,0,0,0,0,0,0,0,0,0,1,1,0,0,0,0,0,0,0,,,,,,,,,,,,,,,,,,,,,,1,,,,,,,,,,,,,,
GB3126,0,0,0,0,0,0,0,0,0,0,0,1,1,0,0,0,0,0,0,0,,,,,,,,,,,,,,,,,,,,,,1,,,,,,,,,,,,,,
GB3127,0,0,0,0,0,0,0,0,0,0,0,1,1,0,0,0,0,0,0,0,,,,,,,,,,,,,,,,,,,,,,1,,,,,,,,,,,,,,
GB3128,0,0,0,0,0,0,0,0,0,0,0,1,1,0,0,0,0,0,0,0,,,,,,,,,,,,,,,,,,,,,,1,,,,,,,,,,,,,,
GB3129,0,0,0,0,0,0,0,0,0,0,0,1,1,0,0,0,0,0,0,0,,,,,,,,,,,,,,,,,,,,,,1,,,,,,,,,,,,,,
GB3130,0,0,0,0,0,0,0,0,0,0,0,1,1,0,0,0,0,0,0,0,,,,,,,,,,,,,,,,,,,,,,1,,,,,,,,,,,,,,
GB3131,0,0,0,0,0,0,0,0,0,0,0,1,1,0,0,0,0,0,0,0,,,,,,,,,,,,,,,,,,,,,,1,,,,,,,,,,,,,,
GB3132,0,0,0,0,0,0,0,0,0,0,0,1,0,0,0,0,0,0,0,0,,,,,,,,,,,,,,,,,,,,,,,,,,,,,,,,,,,,
GB3133,0,0,0,0,0,0,0,0,0,0,0,1,0,0,0,0,0,0,0,0,,,,,,,,,,,,,,,,,,,,,,,,,,,,,,,,,,,,
GB3134,0,0,0,0,0,0,0,0,0,0,0,1,0,0,0,0,0,0,0,0,,,,,,,,,,,,,,,,,,,,,,,,,,,,,,,,,,,,
GB3135,0,0,0,0,0,0,0,0,0,0,0,1,1,0,0,0,0,0,0,0,,,,,,,,,,,,,,,,,,,,,,1,,,,,,,,,,,,,,
GB3136,0,0,0,0,0,0,0,0,0,0,0,1,1,0,0,0,0,0,0,0,,,,,,,,,,,,,,,,,,,,,,1,,,,,,,,,,,,,,
GB3137,0,0,0,0,0,0,0,0,0,0,0,1,1,0,0,0,0,0,0,0,,,,,,,,,,,,,,,,,,,,,,1,,,,,,,,,,,,,,
GB3138,0,0,0,0,0,0,0,0,0,0,0,1,1,0,0,0,0,0,0,0,,,,,,,,,,,,,,,,,,,,,,1,,,,,,,,,,,,,,
GB3139,0,0,0,0,0,0,0,0,0,0,0,1,1,0,0,0,1,0,0,0,,,,,,,,,,,,,,,,,,,,,,1,,1,,,,1,,,,,,,,
GB3140,0,0,0,0,0,0,0,0,0,0,0,1,1,0,0,0,1,0,0,0,,,,,,,,,,,,,,,,,,,,,,1,,1,,,,1,,,,,,,,
GB3141,0,0,0,0,0,0,0,0,0,0,0,1,1,0,0,0,0,0,0,0,,,,,,,,,,,,,,,,,,,,,,1,,,,,,,,,,,,,,
GB3142,0,0,0,0,0,0,0,0,0,0,0,1,1,0,0,0,0,0,0,0,,,,,,,,,,,,,,,,,,,,,,1,,,,,,,,,,,,,,
GB3143,0,0,0,0,0,0,0,0,0,0,0,1,1,0,0,0,0,0,0,0,,,,,,,,,,,,,,,,,,,,,,1,,,,,,,,,,,,,,
GB3144,0,0,0,0,0,0,0,0,0,0,0,1,1,0,0,0,0,0,0,0,,,,,,,,,,,,,,,,,,,,,,1,,,,,,,,,,,,,,
GB3145,0,0,0,0,0,0,0,0,0,0,0,1,1,0,0,0,0,0,0,0,,,,,,,,,,,,,,,,,,,,,,1,,,,,,,,,,,,,,
GB3146,0,0,0,0,0,0,0,0,0,0,0,1,1,0,0,0,1,0,0,0,,,,,,,,,,,,,,,,,,,,,,1,,1,,,,1,,,,,,,,
GB3147,0,0,0,0,0,0,0,0,0,0,0,1,1,0,0,0,1,0,0,0,,,,,,,,,,,,,,,,,,,,,,1,,1,,,,0,,,,,,,,
GB3148,0,0,0,0,0,0,0,0,0,0,0,1,1,0,0,0,0,0,0,0,,,,,,,,,,,,,,,,,,,,,,1,,,,,,,,,,,,,,
GB3149,0,0,0,0,0,0,0,0,0,0,0,1,1,0,0,0,0,0,0,0,,,,,,,,,,,,,,,,,,,,,,1,,,,,,,,,,,,,,
GB3150,0,0,0,0,0,0,0,0,0,0,0,1,0,0,0,0,0,0,0,0,,,,,,,,,,,,,,,,,,,,,,,,,,,,,,,,,,,,
GB3151,0,0,0,0,0,0,0,0,0,0,0,1,0,0,0,0,0,0,0,0,,,,,,,,,,,,,,,,,,,,,,,,,,,,,,,,,,,,
GB3152,0,0,0,0,0,0,0,0,0,0,0,1,0,0,0,0,0,0,0,0,,,,,,,,,,,,,,,,,,,,,,,,,,,,,,,,,,,,
GB3153,0,0,0,0,0,0,0,0,0,0,0,1,0,0,0,0,0,0,0,0,,,,,,,,,,,,,,,,,,,,,,,,,,,,,,,,,,,,
GB3154,0,0,0,0,0,0,0,0,0,0,0,1,1,0,0,0,0,0,0,0,,,,,,,,,,,,,,,,,,,,,,1,,,,,,,,,,,,,,
GB3155,0,0,0,0,0,0,0,0,0,0,0,1,1,0,0,0,0,0,0,0,,,,,,,,,,,,,,,,,,,,,,1,,,,,,,,,,,,,,
GB3156,0,0,0,0,0,0,0,0,0,0,0,1,1,0,0,0,0,0,0,0,,,,,,,,,,,,,,,,,,,,,,1,,,,,,,,,,,,,,
GB3157,0,0,0,0,0,0,0,0,0,0,0,1,1,0,0,0,0,0,0,0,,,,,,,,,,,,,,,,,,,,,,1,,,,,,,,,,,,,,
GB3158,0,0,0,0,0,0,0,0,0,0,0,1,1,0,0,0,0,0,0,0,,,,,,,,,,,,,,,,,,,,,,1,,,,,,,,,,,,,,
GB3159,0,0,0,0,0,0,0,0,0,0,0,1,1,0,0,0,0,0,0,0,,,,,,,,,,,,,,,,,,,,,,1,,,,,,,,,,,,,,
GB3160,0,0,0,0,0,0,0,0,0,0,0,1,1,0,0,0,0,0,0,0,,,,,,,,,,,,,,,,,,,,,,1,,,,,,,,,,,,,,
GB3161,0,0,0,0,0,0,0,0,0,0,0,1,1,0,0,0,0,0,0,0,,,,,,,,,,,,,,,,,,,,,,1,,,,,,,,,,,,,,
GB3162,0,0,0,0,0,0,0,0,0,0,0,1,1,0,0,0,0,0,0,0,,,,,,,,,,,,,,,,,,,,,,1,,,,,,,,,,,,,,
GB3163,0,0,0,0,0,0,0,0,0,0,0,1,0,0,0,0,0,0,0,0,,,,,,,,,,,,,,,,,,,,,,,,,,,,,,,,,,,,
GB3164,0,0,0,0,0,0,0,0,0,0,0,1,0,0,0,0,0,0,0,0,,,,,,,,,,,,,,,,,,,,,,,,,,,,,,,,,,,,
GB3165,0,0,0,0,0,0,0,0,0,0,0,1,0,0,0,0,0,0,0,0,,,,,,,,,,,,,,,,,,,,,,,,,,,,,,,,,,,,
GB3166,0,0,0,0,0,0,0,0,0,0,0,1,0,0,0,0,0,0,0,0,,,,,,,,,,,,,,,,,,,,,,,,,,,,,,,,,,,,
GB3167,0,0,0,0,0,0,0,0,0,0,0,1,0,0,0,0,0,0,0,0,,,,,,,,,,,,,,,,,,,,,,,,,,,,,,,,,,,,
GB3168,0,0,0,0,0,0,0,0,0,0,0,1,0,0,0,0,0,0,0,0,,,,,,,,,,,,,,,,,,,,,,,,,,,,,,,,,,,,
GB3169,0,0,0,0,0,0,0,0,0,0,0,1,0,0,0,0,0,0,0,0,,,,,,,,,,,,,,,,,,,,,,,,,,,,,,,,,,,,
GB3170,0,0,0,0,0,0,0,0,0,0,0,1,0,0,0,0,0,0,0,0,,,,,,,,,,,,,,,,,,,,,,,,,,,,,,,,,,,,
GB3171,0,0,0,0,0,0,0,0,0,0,0,1,0,0,0,0,0,0,0,0,,,,,,,,,,,,,,,,,,,,,,,,,,,,,,,,,,,,
GB3172,0,0,0,0,0,0,0,0,0,0,0,1,0,0,0,0,0,0,0,0,,,,,,,,,,,,,,,,,,,,,,,,,,,,,,,,,,,,
GB3173,0,0,0,0,0,0,0,0,0,0,0,1,0,0,0,0,0,0,0,0,,,,,,,,,,,,,,,,,,,,,,,,,,,,,,,,,,,,
GB3174,0,0,0,0,0,0,0,0,0,0,0,1,0,0,0,0,0,0,0,0,,,,,,,,,,,,,,,,,,,,,,,,,,,,,,,,,,,,
GB3175,0,0,0,0,0,0,0,0,0,0,0,1,0,0,0,0,0,0,0,0,,,,,,,,,,,,,,,,,,,,,,,,,,,,,,,,,,,,
GB3176,0,0,0,0,0,0,0,0,0,0,0,1,0,0,0,0,0,0,0,0,,,,,,,,,,,,,,,,,,,,,,,,,,,,,,,,,,,,
GB3177,0,0,0,0,0,0,0,0,0,0,0,1,0,0,0,0,0,0,0,0,,,,,,,,,,,,,,,,,,,,,,,,,,,,,,,,,,,,
GB3178,0,0,0,0,0,0,0,0,0,0,0,1,0,0,0,0,0,0,0,0,,,,,,,,,,,,,,,,,,,,,,,,,,,,,,,,,,,,
GB3179,0,0,0,0,0,0,0,0,0,0,0,1,0,0,0,0,0,0,0,0,,,,,,,,,,,,,,,,,,,,,,,,,,,,,,,,,,,,
GB3180,0,0,0,0,0,0,0,0,0,0,0,1,0,0,0,0,0,0,0,0,,,,,,,,,,,,,,,,,,,,,,,,,,,,,,,,,,,,
GB3181,0,0,0,0,0,0,0,0,0,0,0,1,0,0,0,0,0,0,0,0,,,,,,,,,,,,,,,,,,,,,,,,,,,,,,,,,,,,
GB3182,0,0,0,0,0,0,0,0,0,0,0,1,0,0,0,0,0,0,0,0,,,,,,,,,,,,,,,,,,,,,,,,,,,,,,,,,,,,
GB3183,0,0,0,0,0,0,0,0,0,0,0,1,0,0,0,0,0,0,0,0,,,,,,,,,,,,,,,,,,,,,,,,,,,,,,,,,,,,
GB3184,0,0,0,0,0,0,0,0,0,0,0,1,0,0,0,0,0,0,0,0,,,,,,,,,,,,,,,,,,,,,,,,,,,,,,,,,,,,
GB3185,0,0,0,0,0,0,0,0,0,0,0,1,0,0,0,0,0,0,0,0,,,,,,,,,,,,,,,,,,,,,,,,,,,,,,,,,,,,
GB3186,0,0,0,0,0,0,0,0,0,0,0,1,0,0,0,0,0,0,0,0,,,,,,,,,,,,,,,,,,,,,,,,,,,,,,,,,,,,
GB3187,0,0,0,0,0,0,0,0,0,0,0,1,0,0,0,0,0,0,0,0,,,,,,,,,,,,,,,,,,,,,,,,,,,,,,,,,,,,
GB3188,0,0,0,0,0,0,0,0,0,0,0,1,0,0,0,0,0,0,0,0,,,,,,,,,,,,,,,,,,,,,,,,,,,,,,,,,,,,
GB3189,0,0,0,0,0,0,0,0,0,0,0,1,0,0,0,0,0,0,0,0,,,,,,,,,,,,,,,,,,,,,,,,,,,,,,,,,,,,
GB3190,0,0,0,0,0,0,0,0,0,0,0,1,0,0,0,0,0,0,0,0,,,,,,,,,,,,,,,,,,,,,,,,,,,,,,,,,,,,
GB3191,0,0,0,0,0,0,0,0,0,0,0,1,0,0,0,0,0,0,0,0,,,,,,,,,,,,,,,,,,,,,,,,,,,,,,,,,,,,
GB3192,0,0,0,0,0,0,0,0,0,0,0,1,0,0,0,0,0,0,0,0,,,,,,,,,,,,,,,,,,,,,,,,,,,,,,,,,,,,
GB3193,0,0,0,0,0,0,0,0,0,0,0,1,0,0,0,0,0,0,0,0,,,,,,,,,,,,,,,,,,,,,,,,,,,,,,,,,,,,
GB3194,0,0,0,0,0,0,0,0,0,0,0,1,0,0,0,0,0,0,0,0,,,,,,,,,,,,,,,,,,,,,,,,,,,,,,,,,,,,
GB3195,0,0,0,0,0,0,0,0,0,0,0,1,0,0,0,0,0,0,0,0,,,,,,,,,,,,,,,,,,,,,,,,,,,,,,,,,,,,
GB3196,0,0,0,0,0,0,0,0,0,0,0,1,0,0,0,0,0,0,0,0,,,,,,,,,,,,,,,,,,,,,,,,,,,,,,,,,,,,
GB3197,0,0,0,0,0,0,0,0,0,0,0,1,0,0,0,0,0,0,0,0,,,,,,,,,,,,,,,,,,,,,,,,,,,,,,,,,,,,
GB3198,0,0,0,0,0,0,0,0,0,0,0,1,0,0,0,0,0,0,0,0,,,,,,,,,,,,,,,,,,,,,,,,,,,,,,,,,,,,
GB3199,0,0,0,0,0,0,0,0,0,0,0,1,0,0,0,0,0,0,0,0,,,,,,,,,,,,,,,,,,,,,,,,,,,,,,,,,,,,
GB3200,0,0,0,0,0,0,0,0,0,0,0,1,0,0,0,0,0,0,0,0,,,,,,,,,,,,,,,,,,,,,,,,,,,,,,,,,,,,
GB3201,0,0,0,0,0,0,0,0,0,0,0,1,0,0,0,0,0,0,0,0,,,,,,,,,,,,,,,,,,,,,,,,,,,,,,,,,,,,
GB3202,0,0,0,0,0,0,0,0,0,0,0,1,0,0,0,0,0,0,0,0,,,,,,,,,,,,,,,,,,,,,,,,,,,,,,,,,,,,
GB3203,0,0,0,0,0,0,0,0,0,0,0,1,0,0,0,0,0,0,0,0,,,,,,,,,,,,,,,,,,,,,,,,,,,,,,,,,,,,
GB3204,0,0,0,0,0,0,0,0,0,0,0,1,0,0,0,0,0,0,0,0,,,,,,,,,,,,,,,,,,,,,,,,,,,,,,,,,,,,
GB3205,0,0,0,0,0,0,0,0,0,0,0,1,0,0,0,0,0,0,0,0,,,,,,,,,,,,,,,,,,,,,,,,,,,,,,,,,,,,
GB3206,0,0,0,0,0,0,0,0,0,0,0,1,0,0,0,0,0,0,0,0,,,,,,,,,,,,,,,,,,,,,,,,,,,,,,,,,,,,
GB3207,0,0,0,0,0,0,0,0,0,0,0,1,0,0,0,0,0,0,0,0,,,,,,,,,,,,,,,,,,,,,,,,,,,,,,,,,,,,
GB3208,0,0,0,0,0,0,0,0,0,0,0,1,0,0,0,0,0,0,0,0,,,,,,,,,,,,,,,,,,,,,,,,,,,,,,,,,,,,
GB3209,0,0,0,0,0,0,0,0,0,0,0,1,0,0,0,0,0,0,0,0,,,,,,,,,,,,,,,,,,,,,,,,,,,,,,,,,,,,
GB3210,0,0,0,0,0,0,0,0,0,0,0,1,0,0,0,0,0,0,0,0,,,,,,,,,,,,,,,,,,,,,,,,,,,,,,,,,,,,
GB3211,0,0,0,0,0,0,0,0,0,0,0,1,0,0,0,0,0,0,0,0,,,,,,,,,,,,,,,,,,,,,,,,,,,,,,,,,,,,
GB3212,0,0,0,0,0,0,0,0,0,0,0,1,0,0,0,0,0,0,0,0,,,,,,,,,,,,,,,,,,,,,,,,,,,,,,,,,,,,
GB3213,0,0,0,0,0,0,0,0,0,0,0,1,0,0,0,0,0,0,0,0,,,,,,,,,,,,,,,,,,,,,,,,,,,,,,,,,,,,
GB3214,0,0,0,0,0,0,0,0,0,0,0,1,0,0,0,0,0,0,0,0,,,,,,,,,,,,,,,,,,,,,,,,,,,,,,,,,,,,
GB3215,0,0,0,0,0,0,0,0,0,0,0,1,0,0,0,0,0,0,0,0,,,,,,,,,,,,,,,,,,,,,,,,,,,,,,,,,,,,
GB3216,0,0,0,0,0,0,0,0,0,0,0,1,0,0,0,0,0,0,0,0,,,,,,,,,,,,,,,,,,,,,,,,,,,,,,,,,,,,
GB3217,0,0,0,0,0,0,0,0,0,0,0,1,0,0,0,0,0,0,0,0,,,,,,,,,,,,,,,,,,,,,,,,,,,,,,,,,,,,
GB3218,0,0,0,0,0,0,0,0,0,0,0,1,0,0,0,0,0,0,0,0,,,,,,,,,,,,,,,,,,,,,,,,,,,,,,,,,,,,
GB3219,0,0,0,0,0,0,0,0,0,0,0,1,0,0,0,0,0,0,0,0,,,,,,,,,,,,,,,,,,,,,,,,,,,,,,,,,,,,
GB3220,0,0,0,0,0,0,0,0,0,0,0,1,0,0,0,0,0,0,0,0,,,,,,,,,,,,,,,,,,,,,,,,,,,,,,,,,,,,
GB3221,0,0,0,0,0,0,0,0,0,0,0,1,0,0,0,0,0,0,0,0,,,,,,,,,,,,,,,,,,,,,,,,,,,,,,,,,,,,
GB3222,0,0,0,0,0,0,0,0,0,0,0,1,0,0,0,0,0,0,0,0,,,,,,,,,,,,,,,,,,,,,,,,,,,,,,,,,,,,
GB3223,0,0,0,0,0,0,0,0,0,0,0,1,0,0,0,0,0,0,0,0,,,,,,,,,,,,,,,,,,,,,,,,,,,,,,,,,,,,
GB3224,0,0,0,0,0,0,0,0,0,0,0,1,0,0,0,0,0,0,0,0,,,,,,,,,,,,,,,,,,,,,,,,,,,,,,,,,,,,
GB3225,0,0,0,0,0,0,0,0,0,0,0,1,0,0,0,0,0,0,0,0,,,,,,,,,,,,,,,,,,,,,,,,,,,,,,,,,,,,
GB3226,0,0,0,0,0,0,0,0,0,0,0,1,0,0,0,0,0,0,0,0,,,,,,,,,,,,,,,,,,,,,,,,,,,,,,,,,,,,
GB3227,0,0,0,0,0,0,0,0,0,0,0,1,0,0,0,0,0,0,0,0,,,,,,,,,,,,,,,,,,,,,,,,,,,,,,,,,,,,
GB3228,0,0,0,0,0,0,0,0,0,0,0,1,0,0,0,0,0,0,0,0,,,,,,,,,,,,,,,,,,,,,,,,,,,,,,,,,,,,
GB3229,0,0,0,0,0,0,0,0,0,0,0,1,0,0,0,0,0,0,0,0,,,,,,,,,,,,,,,,,,,,,,,,,,,,,,,,,,,,
GB3230,0,0,0,0,0,0,0,0,0,0,0,1,0,0,0,0,0,0,0,0,,,,,,,,,,,,,,,,,,,,,,,,,,,,,,,,,,,,
GB3231,0,0,0,0,0,0,0,0,0,0,0,1,0,0,0,0,0,0,0,0,,,,,,,,,,,,,,,,,,,,,,,,,,,,,,,,,,,,
GB3232,0,0,0,0,0,0,0,0,0,0,0,1,0,0,0,0,0,0,0,0,,,,,,,,,,,,,,,,,,,,,,,,,,,,,,,,,,,,
GB3233,0,0,0,0,0,0,0,0,0,0,0,1,0,1,0,0,0,0,0,0,,,,,,,,,,,,,,,,,,,,,,,1,,,,,,,,,,,,,
GB3234,0,0,0,0,0,0,0,0,0,0,0,1,0,1,0,0,0,0,0,0,,,,,,,,,,,,,,,,,,,,,,,1,,,,,,,,,,,,,
GB3235,0,0,0,0,0,0,0,0,0,0,0,1,0,1,0,0,0,0,0,0,,,,,,,,,,,,,,,,,,,,,,,1,,,,,,,,,,,,,
GB3236,0,0,0,0,0,0,0,0,0,0,0,1,0,1,0,0,0,0,0,0,,,,,,,,,,,,,,,,,,,,,,,1,,,,,,,,,,,,,
GB3237,0,0,0,0,0,0,0,0,0,0,0,1,0,1,0,0,0,0,0,0,,,,,,,,,,,,,,,,,,,,,,,1,,,,,,,,,,,,,
GB3238,0,0,0,0,0,0,0,0,0,0,0,1,0,1,0,0,0,0,0,0,,,,,,,,,,,,,,,,,,,,,,,1,,,,,,,,,,,,,
GB3239,0,0,0,0,0,0,0,0,0,0,0,1,0,1,0,0,0,0,0,0,,,,,,,,,,,,,,,,,,,,,,,1,,,,,,,,,,,,,
GB3240,0,0,0,0,0,0,0,0,0,0,0,1,0,1,0,0,0,0,0,0,,,,,,,,,,,,,,,,,,,,,,,1,,,,,,,,,,,,,
GB3241,0,0,0,0,0,0,0,0,0,0,0,1,0,1,0,0,0,0,0,0,,,,,,,,,,,,,,,,,,,,,,,1,,,,,,,,,,,,,
GB3242,0,0,0,0,0,0,0,0,0,0,0,1,0,1,0,0,0,0,0,0,,,,,,,,,,,,,,,,,,,,,,,1,,,,,,,,,,,,,
GB3243,0,0,0,0,0,0,0,0,0,0,0,1,0,1,0,0,0,0,0,0,,,,,,,,,,,,,,,,,,,,,,,1,,,,,,,,,,,,,
GB3244,0,0,0,0,0,0,0,0,0,0,0,1,0,1,0,0,0,0,0,0,,,,,,,,,,,,,,,,,,,,,,,1,,,,,,,,,,,,,
GB3245,0,0,0,0,0,0,0,0,0,0,0,1,0,1,0,0,0,0,0,0,,,,,,,,,,,,,,,,,,,,,,,1,,,,,,,,,,,,,
GB3246,0,0,0,0,0,0,0,0,0,0,0,1,0,1,0,0,0,0,0,0,,,,,,,,,,,,,,,,,,,,,,,1,,,,,,,,,,,,,
GB3247,0,0,0,0,0,0,0,0,0,0,0,1,0,1,0,0,0,0,0,0,,,,,,,,,,,,,,,,,,,,,,,1,,,,,,,,,,,,,
GB3248,0,0,0,0,0,0,0,0,0,0,0,1,0,1,0,0,0,0,0,0,,,,,,,,,,,,,,,,,,,,,,,1,,,,,,,,,,,,,
GB3249,0,0,0,0,0,0,0,0,0,0,0,1,0,1,0,0,0,0,0,0,,,,,,,,,,,,,,,,,,,,,,,1,,,,,,,,,,,,,
GB3250,0,0,0,0,0,0,0,0,0,0,0,1,0,1,0,0,0,0,0,0,,,,,,,,,,,,,,,,,,,,,,,1,,,,,,,,,,,,,
GB3251,0,0,0,0,0,0,0,0,0,0,0,1,0,1,0,0,0,0,0,0,,,,,,,,,,,,,,,,,,,,,,,1,,,,,,,,,,,,,
GB3252,0,0,0,0,0,0,0,0,0,0,0,1,0,1,0,0,0,0,0,0,,,,,,,,,,,,,,,,,,,,,,,1,,,,,,,,,,,,,
GB3253,0,0,0,0,0,0,0,0,0,0,0,1,0,1,0,0,0,0,0,0,,,,,,,,,,,,,,,,,,,,,,,1,,,,,,,,,,,,,
GB3254,0,0,0,0,0,0,0,0,0,0,0,1,0,1,0,0,0,0,0,0,,,,,,,,,,,,,,,,,,,,,,,1,,,,,,,,,,,,,
GB3255,0,0,0,0,0,0,0,0,0,0,0,1,0,1,0,0,0,0,0,0,,,,,,,,,,,,,,,,,,,,,,,1,,,,,,,,,,,,,
GB3256,0,0,0,0,0,0,0,0,0,0,0,1,0,1,0,0,0,0,0,0,,,,,,,,,,,,,,,,,,,,,,,1,,,,,,,,,,,,,
GB3257,0,0,0,0,0,0,0,0,0,0,0,1,0,1,0,0,0,0,0,0,,,,,,,,,,,,,,,,,,,,,,,1,,,,,,,,,,,,,
GB3258,0,0,0,0,0,0,0,0,0,0,0,1,0,1,0,0,0,0,0,0,,,,,,,,,,,,,,,,,,,,,,,1,,,,,,,,,,,,,
GB3259,0,0,0,0,0,0,0,0,0,0,0,1,0,1,0,0,0,0,0,0,,,,,,,,,,,,,,,,,,,,,,,1,,,,,,,,,,,,,
GB3260,0,0,0,0,0,0,0,0,0,0,0,1,0,1,0,0,0,0,0,0,,,,,,,,,,,,,,,,,,,,,,,1,,,,,,,,,,,,,
GB3261,0,0,0,0,0,0,0,0,0,0,0,1,0,1,0,0,0,0,0,0,,,,,,,,,,,,,,,,,,,,,,,1,,,,,,,,,,,,,
GB3262,0,0,0,0,0,0,0,0,0,0,0,1,0,1,0,0,0,0,0,0,,,,,,,,,,,,,,,,,,,,,,,1,,,,,,,,,,,,,
GB3263,0,0,0,0,0,0,0,0,0,0,0,1,0,1,0,0,0,0,0,0,,,,,,,,,,,,,,,,,,,,,,,1,,,,,,,,,,,,,
GB3264,0,0,0,0,0,0,0,0,0,0,0,1,0,1,0,0,0,0,0,0,,,,,,,,,,,,,,,,,,,,,,,1,,,,,,,,,,,,,
GB3265,0,0,0,0,0,0,0,0,0,0,0,1,0,1,0,0,0,0,0,0,,,,,,,,,,,,,,,,,,,,,,,1,,,,,,,,,,,,,
GB3266,0,0,0,0,0,0,0,0,0,0,0,1,0,1,0,0,0,0,0,0,,,,,,,,,,,,,,,,,,,,,,,1,,,,,,,,,,,,,
GB3267,0,0,0,0,0,0,0,0,0,0,0,1,0,1,0,0,0,0,0,0,,,,,,,,,,,,,,,,,,,,,,,1,,,,,,,,,,,,,
GB3268,0,0,0,0,0,0,0,0,0,0,0,1,1,0,0,1,0,0,0,0,,,,,,,,,,,,,,,,,,,,,,1,,,,,,,,,,,,,,
GB3269,0,0,0,0,0,0,0,0,0,0,0,1,1,0,0,1,0,0,0,0,,,,,,,,,,,,,,,,,,,,,,1,,,,,,,,,,,,,,
GB3270,0,0,0,0,0,0,0,0,0,0,0,1,1,0,0,1,0,0,0,0,,,,,,,,,,,,,,,,,,,,,,1,,,,,,,,,,,,,,
GB3271,0,0,0,0,0,0,0,0,0,0,0,1,1,0,0,1,0,0,0,0,,,,,,,,,,,,,,,,,,,,,,1,,,,,,,,,,,,,,
GB3272,0,0,0,0,0,0,0,0,0,0,0,1,1,0,0,1,0,0,0,0,,,,,,,,,,,,,,,,,,,,,,1,,,,,,,,,,,,,,
GB3273,0,0,0,0,0,0,0,0,0,0,0,1,1,0,0,1,0,0,0,0,,,,,,,,,,,,,,,,,,,,,,1,,,,,,,,,,,,,,
GB3274,0,0,0,0,0,0,0,0,0,0,0,1,1,0,0,1,0,0,0,0,,,,,,,,,,,,,,,,,,,,,,1,,,,,,,,,,,,,,
GB3275,0,0,0,0,0,0,0,0,0,0,0,1,1,0,0,1,0,0,0,0,,,,,,,,,,,,,,,,,,,,,,1,,,,,,,,,,,,,,
GB3276,0,0,0,0,0,0,0,0,0,0,0,1,1,0,0,1,0,0,0,0,,,,,,,,,,,,,,,,,,,,,,1,,,,,,,,,,,,,,
GB3277,0,0,0,0,0,0,0,0,0,0,0,1,1,0,0,1,0,0,0,0,,,,,,,,,,,,,,,,,,,,,,1,,,,,,,,,,,,,,
GB3278,0,0,0,0,0,0,0,0,0,0,0,1,1,0,0,1,0,0,0,0,,,,,,,,,,,,,,,,,,,,,,1,,,,,,,,,,,,,,
GB3279,0,0,0,0,0,0,0,0,0,0,0,1,1,0,0,1,0,0,0,0,,,,,,,,,,,,,,,,,,,,,,1,,,,,,,,,,,,,,
GB3280,0,0,0,0,0,0,0,0,0,0,0,1,1,0,0,1,0,0,0,0,,,,,,,,,,,,,,,,,,,,,,1,,,,,,,,,,,,,,
GB3281,0,0,0,0,0,0,0,0,0,0,0,1,1,0,0,1,0,0,0,0,,,,,,,,,,,,,,,,,,,,,,1,,,,,,,,,,,,,,
GB3282,0,0,0,0,0,0,0,0,0,0,0,1,1,0,0,1,0,0,0,0,,,,,,,,,,,,,,,,,,,,,,1,,,,,,,,,,,,,,
GB3283,0,0,0,0,0,0,0,0,0,0,0,1,1,0,0,1,0,0,0,0,,,,,,,,,,,,,,,,,,,,,,1,,,,,,,,,,,,,,
GB3284,0,0,0,0,0,0,0,0,0,0,0,1,1,0,0,1,0,0,0,0,,,,,,,,,,,,,,,,,,,,,,1,,,,,,,,,,,,,,
GB3285,0,0,0,0,0,0,0,0,0,0,0,1,1,0,0,1,0,0,0,0,,,,,,,,,,,,,,,,,,,,,,1,,,,,,,,,,,,,,
GB3286,0,0,0,0,0,0,0,0,0,0,0,1,1,0,0,1,0,0,0,0,,,,,,,,,,,,,,,,,,,,,,1,,,,,,,,,,,,,,
GB3287,0,0,0,0,0,0,0,0,0,0,0,1,1,0,0,1,0,0,0,0,,,,,,,,,,,,,,,,,,,,,,1,,,,,,,,,,,,,,
GB3288,0,0,0,0,0,0,0,0,0,0,0,1,0,0,0,1,0,0,0,0,,,,,,,,,,,,,,,,,,,,,,,,,,,,,,,,,,,,
GB3289,0,0,0,0,0,0,0,0,0,0,0,1,0,0,0,1,0,0,0,0,,,,,,,,,,,,,,,,,,,,,,,,,,,,,,,,,,,,
GB3290,0,0,0,0,0,0,0,0,0,0,0,1,0,0,0,0,0,0,0,0,,,,,,,,,,,,,,,,,,,,,,,,,,,,,,,,,,,,
GB3291,0,0,0,0,0,0,0,0,0,0,0,1,0,0,0,0,0,0,0,0,,,,,,,,,,,,,,,,,,,,,,,,,,,,,,,,,,,,
GB3292,0,0,0,0,0,0,0,0,0,0,0,1,0,0,0,0,0,0,0,0,,,,,,,,,,,,,,,,,,,,,,,,,,,,,,,,,,,,
GB3293,0,0,0,0,0,0,0,0,0,0,0,1,0,0,0,0,0,0,0,0,,,,,,,,,,,,,,,,,,,,,,,,,,,,,,,,,,,,
GB3294,0,0,0,0,0,0,0,0,0,0,0,1,0,0,0,0,0,0,0,0,,,,,,,,,,,,,,,,,,,,,,,,,,,,,,,,,,,,
GB3295,0,0,0,0,0,0,0,0,0,0,0,1,0,0,0,0,0,0,0,0,,,,,,,,,,,,,,,,,,,,,,,,,,,,,,,,,,,,
GB3296,0,0,0,0,0,0,0,0,0,0,0,1,0,0,0,0,0,0,0,0,,,,,,,,,,,,,,,,,,,,,,,,,,,,,,,,,,,,
GB3297,0,0,0,0,0,0,0,0,0,0,0,1,0,0,0,0,0,0,0,0,,,,,,,,,,,,,,,,,,,,,,,,,,,,,,,,,,,,
GB3298,0,0,0,0,0,0,0,0,0,0,0,1,0,0,0,0,0,0,0,0,,,,,,,,,,,,,,,,,,,,,,,,,,,,,,,,,,,,
GB3299,0,0,0,0,0,0,0,0,0,0,0,1,0,0,0,0,0,0,0,0,,,,,,,,,,,,,,,,,,,,,,,,,,,,,,,,,,,,
GB3300,0,0,0,0,0,0,0,0,0,0,0,1,0,0,0,0,0,0,0,0,,,,,,,,,,,,,,,,,,,,,,,,,,,,,,,,,,,,
GB3301,0,0,0,0,0,0,0,0,0,0,0,1,0,0,0,0,0,0,0,0,,,,,,,,,,,,,,,,,,,,,,,,,,,,,,,,,,,,
GB3302,0,0,0,0,0,0,0,0,0,0,0,1,0,0,0,0,0,0,0,0,,,,,,,,,,,,,,,,,,,,,,,,,,,,,,,,,,,,
GB3303,0,0,0,0,0,0,0,0,0,0,0,1,0,0,0,0,0,0,0,0,,,,,,,,,,,,,,,,,,,,,,,,,,,,,,,,,,,,
GB3304,0,0,0,0,0,0,0,0,0,0,0,1,0,0,0,0,0,0,0,0,,,,,,,,,,,,,,,,,,,,,,,,,,,,,,,,,,,,
GB3305,0,0,0,0,0,0,0,0,0,0,0,1,0,0,0,0,0,0,0,0,,,,,,,,,,,,,,,,,,,,,,,,,,,,,,,,,,,,
GB3306,0,0,0,0,0,0,0,0,0,0,0,1,0,0,0,0,0,0,0,0,,,,,,,,,,,,,,,,,,,,,,,,,,,,,,,,,,,,
GB3307,0,0,0,0,0,0,0,0,0,0,0,1,0,0,0,0,0,0,0,0,,,,,,,,,,,,,,,,,,,,,,,,,,,,,,,,,,,,
GB3308,0,0,0,0,0,0,0,0,0,0,0,1,0,0,0,0,0,0,0,0,,,,,,,,,,,,,,,,,,,,,,,,,,,,,,,,,,,,
GB3309,0,0,0,0,0,0,0,0,0,0,0,1,0,0,0,0,0,0,0,0,,,,,,,,,,,,,,,,,,,,,,,,,,,,,,,,,,,,
GB3310,0,0,0,0,0,0,0,0,0,0,0,1,0,0,0,0,0,0,0,0,,,,,,,,,,,,,,,,,,,,,,,,,,,,,,,,,,,,
GB3311,0,0,0,0,0,0,0,0,0,0,0,1,0,0,0,0,0,0,0,0,,,,,,,,,,,,,,,,,,,,,,,,,,,,,,,,,,,,
GB3312,0,0,0,0,0,0,0,0,0,0,0,1,0,0,0,0,0,0,0,0,,,,,,,,,,,,,,,,,,,,,,,,,,,,,,,,,,,,
GB3313,0,0,0,0,0,0,0,0,0,0,0,1,0,0,0,0,0,0,0,0,,,,,,,,,,,,,,,,,,,,,,,,,,,,,,,,,,,,
GB3314,0,0,0,0,0,0,0,0,0,0,0,1,0,0,0,0,0,0,0,0,,,,,,,,,,,,,,,,,,,,,,,,,,,,,,,,,,,,
GB3315,0,0,0,0,0,0,0,0,0,0,0,1,0,0,0,0,0,0,0,0,,,,,,,,,,,,,,,,,,,,,,,,,,,,,,,,,,,,
GB3316,0,0,0,0,0,0,0,0,0,0,0,1,0,0,0,0,0,0,0,0,,,,,,,,,,,,,,,,,,,,,,,,,,,,,,,,,,,,
GB3317,0,0,0,0,0,0,0,0,0,0,0,1,0,0,0,0,0,0,0,0,,,,,,,,,,,,,,,,,,,,,,,,,,,,,,,,,,,,
GB3318,0,0,0,0,0,0,0,0,0,0,0,1,0,0,0,0,0,0,0,0,,,,,,,,,,,,,,,,,,,,,,,,,,,,,,,,,,,,
GB3319,0,0,0,0,0,0,0,0,0,0,0,1,0,0,0,0,0,0,0,0,,,,,,,,,,,,,,,,,,,,,,,,,,,,,,,,,,,,
GB3320,0,0,0,0,0,0,0,0,0,0,0,1,0,0,0,0,0,0,0,0,,,,,,,,,,,,,,,,,,,,,,,,,,,,,,,,,,,,
GB3321,0,0,0,0,0,0,0,0,0,0,0,1,0,0,0,0,0,0,0,0,,,,,,,,,,,,,,,,,,,,,,,,,,,,,,,,,,,,
GB3322,0,0,0,0,0,0,0,0,0,0,0,1,0,0,0,0,0,0,0,0,,,,,,,,,,,,,,,,,,,,,,,,,,,,,,,,,,,,
GB3323,0,0,0,0,0,0,0,0,0,0,0,1,0,0,0,0,0,0,0,0,,,,,,,,,,,,,,,,,,,,,,,,,,,,,,,,,,,,
GB3324,0,0,0,0,0,0,0,0,0,0,0,1,0,0,0,0,0,0,0,0,,,,,,,,,,,,,,,,,,,,,,,,,,,,,,,,,,,,
GB3325,0,0,0,0,0,0,0,0,0,0,0,1,0,0,0,0,0,0,0,0,,,,,,,,,,,,,,,,,,,,,,,,,,,,,,,,,,,,
GB3326,0,0,0,0,0,0,0,0,0,0,0,1,0,0,0,0,0,0,0,0,,,,,,,,,,,,,,,,,,,,,,,,,,,,,,,,,,,,
GB3327,0,0,0,0,0,0,0,0,0,0,0,1,0,0,0,0,0,0,0,0,,,,,,,,,,,,,,,,,,,,,,,,,,,,,,,,,,,,
GB3328,0,0,0,0,0,0,0,0,0,0,0,1,0,0,0,0,0,0,0,0,,,,,,,,,,,,,,,,,,,,,,,,,,,,,,,,,,,,
GB3329,0,0,0,0,0,0,0,0,0,0,0,1,0,0,0,0,0,0,0,0,,,,,,,,,,,,,,,,,,,,,,,,,,,,,,,,,,,,
GB3330,0,0,0,0,0,0,0,0,0,0,0,1,0,0,0,0,0,0,0,0,,,,,,,,,,,,,,,,,,,,,,,,,,,,,,,,,,,,
GB3331,0,0,0,0,0,0,0,0,0,0,0,1,1,0,0,0,0,0,0,0,,,,,,,,,,,,,,,,,,,,,,1,,,,,,,,,,,,,,
GB3332,0,0,0,0,0,0,0,0,0,0,0,1,1,0,0,0,0,0,0,0,,,,,,,,,,,,,,,,,,,,,,1,,,,,,,,,,,,,,
GB3333,0,0,0,0,0,0,0,0,0,0,0,1,1,0,0,0,0,0,0,0,,,,,,,,,,,,,,,,,,,,,,1,,,,,,,,,,,,,,
GB3334,0,0,0,0,0,0,0,0,0,0,0,1,1,0,0,0,0,0,0,0,,,,,,,,,,,,,,,,,,,,,,1,,,,,,,,,,,,,,
GB3335,0,0,0,0,0,0,0,0,0,0,0,1,1,0,0,0,0,0,0,0,,,,,,,,,,,,,,,,,,,,,,1,,,,,,,,,,,,,,
GB3336,0,0,0,0,0,0,0,0,0,0,0,1,1,0,0,0,0,0,0,0,,,,,,,,,,,,,,,,,,,,,,1,,,,,,,,,,,,,,
GB3337,0,0,0,0,0,0,0,0,0,0,0,1,1,0,0,0,0,0,0,0,,,,,,,,,,,,,,,,,,,,,,1,,,,,,,,,,,,,,
GB3338,0,0,0,0,0,0,0,0,0,0,0,1,1,0,0,0,0,0,0,0,,,,,,,,,,,,,,,,,,,,,,1,,,,,,,,,,,,,,
GB3339,0,0,0,0,0,0,0,0,0,0,0,1,1,0,0,0,0,0,0,0,,,,,,,,,,,,,,,,,,,,,,1,,,,,,,,,,,,,,
GB3340,0,0,0,0,0,0,0,0,0,0,0,1,1,0,0,0,0,0,0,0,,,,,,,,,,,,,,,,,,,,,,1,,,,,,,,,,,,,,
GB3341,0,0,0,0,0,0,0,0,0,0,0,1,1,0,0,0,0,0,0,0,,,,,,,,,,,,,,,,,,,,,,1,,,,,,,,,,,,,,
GB3342,0,0,0,0,0,0,0,0,0,0,0,1,1,0,1,0,0,0,0,0,,,,,,,,,,,,,,,,,,,,,,1,,,,,,,,,,,,,,
GB3343,0,0,0,0,0,0,0,0,0,0,0,1,1,0,1,0,0,0,0,0,,,,,,,,,,,,,,,,,,,,,,1,,,,,,,,,,,,,,
GB3344,0,0,0,0,0,0,0,0,0,0,0,1,1,0,1,0,0,0,0,0,,,,,,,,,,,,,,,,,,,,,,1,,,,,,,,,,,,,,
GB3345,0,0,0,0,0,0,0,0,0,0,0,1,1,0,1,0,0,0,0,0,,,,,,,,,,,,,,,,,,,,,,1,,,,,,,,,,,,,,
GB3346,0,0,0,0,0,0,0,0,0,0,0,1,1,0,1,0,0,0,0,0,,,,,,,,,,,,,,,,,,,,,,1,,,,,,,,,,,,,,
GB3347,0,0,0,0,0,0,0,0,0,0,0,1,1,0,1,0,0,0,0,0,,,,,,,,,,,,,,,,,,,,,,1,,,,,,,,,,,,,,
GB3348,0,0,0,0,0,0,0,0,0,0,0,1,1,0,1,0,0,0,0,0,,,,,,,,,,,,,,,,,,,,,,1,,,,,,,,,,,,,,
GB3349,0,0,0,0,0,0,0,0,0,0,0,1,1,0,1,0,0,0,0,0,,,,,,,,,,,,,,,,,,,,,,1,,,,,,,,,,,,,,
GB3350,0,0,0,0,0,0,0,0,0,0,0,1,1,0,1,0,0,0,0,0,,,,,,,,,,,,,,,,,,,,,,1,,,,,,,,,,,,,,
GB3351,0,0,0,0,0,0,0,0,0,0,0,1,0,0,0,0,0,0,0,0,,,,,,,,,,,,,,,,,,,,,,,,,,,,,,,,,,,,
GB3352,0,0,0,0,0,0,0,0,0,0,0,1,0,0,0,0,0,0,0,0,,,,,,,,,,,,,,,,,,,,,,,,,,,,,,,,,,,,
GB3353,0,0,0,0,0,0,0,0,0,0,0,1,0,0,0,0,0,0,0,0,,,,,,,,,,,,,,,,,,,,,,,,,,,,,,,,,,,,
GB3354,0,0,0,0,0,0,0,0,0,0,0,1,0,0,0,0,0,0,0,0,,,,,,,,,,,,,,,,,,,,,,,,,,,,,,,,,,,,
GB3355,0,0,0,0,0,0,0,0,0,0,0,1,0,0,0,0,0,0,0,0,,,,,,,,,,,,,,,,,,,,,,,,,,,,,,,,,,,,
GB3356,0,0,0,0,0,0,0,0,0,0,0,1,0,0,1,0,0,0,0,0,,,,,,,,,,,,,,,,,,,,,,,,,,,,,,,,,,,,
GB3357,0,0,0,0,0,0,0,0,0,0,0,1,0,0,1,0,0,0,0,0,,,,,,,,,,,,,,,,,,,,,,,,,,,,,,,,,,,,
GB3358,0,0,0,0,0,0,0,0,0,0,0,1,0,0,1,0,0,0,0,0,,,,,,,,,,,,,,,,,,,,,,,,,,,,,,,,,,,,
GB3359,0,0,0,0,0,0,0,0,0,0,0,1,0,0,1,0,0,0,0,0,,,,,,,,,,,,,,,,,,,,,,,,,,,,,,,,,,,,
GB3360,0,0,0,0,0,0,0,0,0,0,0,1,0,0,1,0,0,0,0,0,,,,,,,,,,,,,,,,,,,,,,,,,,,,,,,,,,,,
GB3361,0,0,0,0,0,0,0,0,0,0,0,1,0,1,0,0,0,0,0,0,,,,,,,,,,,,,,,,,,,,,,,1,,,,,,,,,,,,,
GB3362,0,0,0,0,0,0,0,0,0,0,0,1,0,1,0,0,0,0,0,0,,,,,,,,,,,,,,,,,,,,,,,1,,,,,,,,,,,,,
GB3363,0,0,0,0,0,0,0,0,0,0,0,1,0,1,0,0,0,0,0,0,,,,,,,,,,,,,,,,,,,,,,,1,,,,,,,,,,,,,
GB3364,0,0,0,0,0,0,0,0,0,0,0,1,0,1,0,0,0,0,0,0,,,,,,,,,,,,,,,,,,,,,,,1,,,,,,,,,,,,,
GB3365,0,0,0,0,0,0,0,0,0,0,0,1,1,0,1,0,0,0,0,0,,,,,,,,,,,,,,,,,,,,,,1,,,,,,,,,,,,,,
GB3366,0,0,0,0,0,0,0,0,0,0,0,1,1,0,1,0,0,0,0,0,,,,,,,,,,,,,,,,,,,,,,1,,,,,,,,,,,,,,
GB3367,0,0,0,0,0,0,0,0,0,0,0,1,1,0,1,0,0,0,0,0,,,,,,,,,,,,,,,,,,,,,,1,,,,,,,,,,,,,,
GB3368,0,0,0,0,0,0,0,0,0,0,0,1,1,0,1,0,0,0,0,0,,,,,,,,,,,,,,,,,,,,,,1,,,,,,,,,,,,,,
GB3369,0,0,0,0,0,0,0,0,0,0,0,1,0,0,1,0,0,0,0,0,,,,,,,,,,,,,,,,,,,,,,,,,,,,,,,,,,,,
GB3370,0,0,0,0,0,0,0,0,0,0,0,1,0,0,1,0,0,0,0,0,,,,,,,,,,,,,,,,,,,,,,,,,,,,,,,,,,,,
GB3371,0,0,0,0,0,0,0,0,0,0,0,1,0,0,1,0,0,0,0,0,,,,,,,,,,,,,,,,,,,,,,,,,,,,,,,,,,,,
GB3372,0,0,0,0,0,0,0,0,0,0,0,1,0,0,0,0,0,0,0,0,,,,,,,,,,,,,,,,,,,,,,,,,,,,,,,,,,,,
GB3373,0,0,0,0,0,0,0,0,0,0,0,1,0,0,0,0,0,0,0,0,,,,,,,,,,,,,,,,,,,,,,,,,,,,,,,,,,,,
GB3374,0,0,0,0,0,0,0,0,0,0,0,1,0,0,0,0,0,0,0,0,,,,,,,,,,,,,,,,,,,,,,,,,,,,,,,,,,,,
GB3375,0,0,0,0,0,0,0,0,0,0,0,1,0,0,0,0,0,0,0,0,,,,,,,,,,,,,,,,,,,,,,,,,,,,,,,,,,,,
GB3376,0,0,0,0,0,0,0,0,0,0,0,1,0,0,0,0,0,0,0,0,,,,,,,,,,,,,,,,,,,,,,,,,,,,,,,,,,,,
GB3377,0,0,0,0,0,0,0,0,0,0,0,1,0,0,0,0,0,0,0,0,,,,,,,,,,,,,,,,,,,,,,,,,,,,,,,,,,,,
GB3378,0,0,0,0,0,0,0,0,0,0,0,1,0,0,0,0,0,0,0,0,,,,,,,,,,,,,,,,,,,,,,,,,,,,,,,,,,,,
GB3379,0,0,0,0,0,0,0,0,0,0,0,1,1,0,0,0,0,0,0,0,,,,,,,,,,,,,,,,,,,,,,1,,,,,,,,,,,,,,
GB3380,0,0,0,0,0,0,0,0,0,0,0,1,1,0,0,0,0,0,0,0,,,,,,,,,,,,,,,,,,,,,,1,,,,,,,,,,,,,,
GB3381,0,0,0,0,0,0,0,0,0,0,0,1,1,0,0,0,0,0,0,0,,,,,,,,,,,,,,,,,,,,,,1,,,,,,,,,,,,,,
GB3382,0,0,0,0,0,0,0,0,0,0,0,1,1,0,0,0,0,0,0,0,,,,,,,,,,,,,,,,,,,,,,1,,,,,,,,,,,,,,
GB3383,0,0,0,0,0,0,0,0,0,0,0,1,1,0,0,0,0,0,0,0,,,,,,,,,,,,,,,,,,,,,,1,,,,,,,,,,,,,,
GB3384,0,0,0,0,0,0,0,0,0,0,0,1,1,0,0,0,0,0,0,0,,,,,,,,,,,,,,,,,,,,,,1,,,,,,,,,,,,,,
GB3385,0,0,0,0,0,0,0,0,0,0,0,1,1,0,0,0,0,0,0,0,,,,,,,,,,,,,,,,,,,,,,1,,,,,,,,,,,,,,
GB3386,0,0,0,0,0,0,0,0,0,0,0,1,1,0,0,0,0,0,0,0,,,,,,,,,,,,,,,,,,,,,,1,,,,,,,,,,,,,,
GB3387,0,0,0,0,0,0,0,0,0,0,0,1,1,0,1,0,0,0,0,0,,,,,,,,,,,,,,,,,,,,,,1,,,,,,,,,,,,,,
GB3388,0,0,0,0,0,0,0,0,0,0,0,1,1,0,1,0,0,0,0,0,,,,,,,,,,,,,,,,,,,,,,1,,,,,,,,,,,,,,
GB3389,0,0,0,0,0,0,0,0,0,0,0,1,1,0,1,0,0,0,0,0,,,,,,,,,,,,,,,,,,,,,,1,,,,,,,,,,,,,,
GB3390,0,0,0,0,0,0,0,0,0,0,0,1,1,0,1,0,0,0,0,0,,,,,,,,,,,,,,,,,,,,,,1,,,,,,,,,,,,,,
GB3391,0,0,0,0,0,0,0,0,0,0,0,1,1,0,1,0,0,0,0,0,,,,,,,,,,,,,,,,,,,,,,1,,,,,,,,,,,,,,
GB3392,0,0,0,0,0,0,0,0,0,0,0,1,1,0,1,0,0,0,0,0,,,,,,,,,,,,,,,,,,,,,,1,,,,,,,,,,,,,,
GB3393,0,0,0,0,0,0,0,0,0,0,0,1,1,0,1,0,0,0,0,0,,,,,,,,,,,,,,,,,,,,,,1,,,,,,,,,,,,,,
GB3394,0,0,0,0,0,0,0,0,0,0,0,1,1,0,1,0,0,0,0,0,,,,,,,,,,,,,,,,,,,,,,1,,,,,,,,,,,,,,
GB3395,0,0,0,0,0,0,0,0,0,0,0,1,1,0,1,0,0,0,0,0,,,,,,,,,,,,,,,,,,,,,,1,,,,,,,,,,,,,,
GB3396,0,0,0,0,0,0,0,0,0,0,0,1,0,0,0,0,0,0,0,0,,,,,,,,,,,,,,,,,,,,,,,,,,,,,,,,,,,,
GB3397,0,0,0,0,0,0,0,0,0,0,0,1,0,0,0,0,0,0,0,0,,,,,,,,,,,,,,,,,,,,,,,,,,,,,,,,,,,,
GB3398,0,0,0,0,0,0,0,0,0,0,0,1,0,0,0,0,0,0,0,0,,,,,,,,,,,,,,,,,,,,,,,,,,,,,,,,,,,,
GB3399,0,0,0,0,0,0,0,0,0,0,0,1,0,0,0,0,0,0,0,0,,,,,,,,,,,,,,,,,,,,,,,,,,,,,,,,,,,,
GB3400,0,0,0,0,0,0,0,0,0,0,0,1,0,0,1,0,0,0,0,0,,,,,,,,,,,,,,,,,,,,,,,,,,,,,,,,,,,,
GB3401,0,0,0,0,0,0,0,0,0,0,0,1,0,0,1,0,0,0,0,0,,,,,,,,,,,,,,,,,,,,,,,,,,,,,,,,,,,,
GB3402,0,0,0,0,0,0,0,0,0,0,0,1,0,0,1,0,0,0,0,0,,,,,,,,,,,,,,,,,,,,,,,,,,,,,,,,,,,,
GB3403,0,0,0,0,0,0,0,0,0,0,0,1,0,0,1,0,0,0,0,0,,,,,,,,,,,,,,,,,,,,,,,,,,,,,,,,,,,,
GB3404,0,0,0,0,0,0,0,0,0,0,0,1,0,0,1,0,0,0,0,0,,,,,,,,,,,,,,,,,,,,,,,,,,,,,,,,,,,,
GB3405,0,0,0,0,0,0,0,0,0,0,0,1,0,0,1,0,0,0,0,0,,,,,,,,,,,,,,,,,,,,,,,,,,,,,,,,,,,,
GB3406,0,0,0,0,0,0,0,0,0,0,0,1,0,0,1,0,0,0,0,0,,,,,,,,,,,,,,,,,,,,,,,,,,,,,,,,,,,,
GB3407,0,0,0,0,0,0,0,0,0,0,0,1,0,1,0,0,0,0,0,0,,,,,,,,,,,,,,,,,,,,,,,1,,,,,,,,,,,,,
GB3408,0,0,0,0,0,0,0,0,0,0,0,1,0,1,0,0,0,0,0,0,,,,,,,,,,,,,,,,,,,,,,,1,,,,,,,,,,,,,
GB3409,0,0,0,0,0,0,0,0,0,0,0,1,0,1,0,0,0,0,0,0,,,,,,,,,,,,,,,,,,,,,,,1,,,,,,,,,,,,,
GB3410,0,0,0,0,0,0,0,0,0,0,0,1,0,1,0,0,0,0,0,0,,,,,,,,,,,,,,,,,,,,,,,1,,,,,,,,,,,,,
GB3411,0,0,0,0,0,0,0,0,0,0,0,1,0,1,0,0,0,0,0,0,,,,,,,,,,,,,,,,,,,,,,,1,,,,,,,,,,,,,
GB3412,0,0,0,0,0,0,0,0,0,0,0,1,1,0,1,0,0,0,0,0,,,,,,,,,,,,,,,,,,,,,,1,,,,,,,,,,,,,,
GB3413,0,0,0,0,0,0,0,0,0,0,0,1,1,0,1,0,0,0,0,0,,,,,,,,,,,,,,,,,,,,,,1,,,,,,,,,,,,,,
GB3414,0,0,0,0,0,0,0,0,0,0,0,1,1,0,1,0,0,0,0,0,,,,,,,,,,,,,,,,,,,,,,1,,,,,,,,,,,,,,
GB3415,0,0,0,0,0,0,0,0,0,0,0,1,1,0,1,0,0,0,0,0,,,,,,,,,,,,,,,,,,,,,,1,,,,,,,,,,,,,,
GB3416,0,0,0,0,0,0,0,0,0,0,0,1,1,0,1,0,0,0,0,0,,,,,,,,,,,,,,,,,,,,,,1,,,,,,,,,,,,,,
GB3417,0,0,0,0,0,0,0,0,0,0,0,1,1,0,1,0,0,0,0,0,,,,,,,,,,,,,,,,,,,,,,1,,,,,,,,,,,,,,
GB3418,0,0,0,0,0,0,0,0,0,0,0,1,0,0,1,0,0,0,0,0,,,,,,,,,,,,,,,,,,,,,,,,,,,,,,,,,,,,
GB3419,0,0,0,0,0,0,0,0,0,0,0,1,0,0,1,0,0,0,0,0,,,,,,,,,,,,,,,,,,,,,,,,,,,,,,,,,,,,
GB3420,0,0,0,0,0,0,0,0,0,0,0,1,0,0,1,0,0,0,0,0,,,,,,,,,,,,,,,,,,,,,,,,,,,,,,,,,,,,
GB3421,0,0,0,0,0,0,0,0,0,0,0,1,0,0,1,0,0,0,0,0,,,,,,,,,,,,,,,,,,,,,,,,,,,,,,,,,,,,
H2408,0,0,0,0,0,0,0,0,0,0,0,0,1,0,0,0,0,0,0,0,,,,,,,,,,,,,,,,,,,,,,,,,,,,,,,,,,,,
H2409,0,0,0,0,0,0,0,0,0,0,0,0,0,0,0,0,1,0,0,0,,,,,,,,,,,,,,,,,,,,,,,,,,,,,,,,,,,,
H2410,0,1,0,0,0,0,0,0,1,1,0,0,0,0,0,0,0,0,0,0,,,,,,,,,0,,,,,,,,,,,,,,,,,,,,,,,,,,,
H2411,0,0,0,0,0,0,0,0,0,0,0,0,0,0,0,0,0,1,0,0,,,,,,,,,,,,,,,,,,,,,,,,,,,,,,,,,,,,
H2412,0,0,0,0,0,0,0,0,1,0,0,0,0,0,0,0,0,0,0,0,,,,,,,,,,,,,,,,,,,,,,,,,,,,,,,,,,,,
H2413,0,0,0,0,0,0,0,0,0,0,0,1,1,0,0,0,0,0,0,0,,,,,,,,,,,,,,,,,,,,,,1,,,,,,,,,,,,,,
H2414,0,0,0,0,0,0,0,0,0,0,0,0,1,0,0,0,0,0,0,0,,,,,,,,,,,,,,,,,,,,,,,,,,,,,,,,,,,,
H2415,0,0,0,0,0,0,0,0,0,0,0,0,0,0,0,0,0,0,0,0,,,,,,,,,,,,,,,,,,,,,,,,,,,,,,,,,,,,
H2416,0,0,0,0,0,0,0,0,0,0,0,1,1,0,0,0,0,0,0,0,,,,,,,,,,,,,,,,,,,,,,1,,,,,,,,,,,,,,
H2417,0,0,0,0,0,0,0,0,0,0,0,0,1,0,0,0,0,0,0,0,,,,,,,,,,,,,,,,,,,,,,,,,,,,,,,,,,,,
H2418,0,0,0,0,0,0,0,0,0,0,0,0,0,0,0,0,0,0,0,0,,,,,,,,,,,,,,,,,,,,,,,,,,,,,,,,,,,,
H2419,0,0,0,0,0,0,0,0,0,0,0,0,1,0,0,0,0,0,0,0,,,,,,,,,,,,,,,,,,,,,,,,,,,,,,,,,,,,
H2420,0,0,0,0,0,0,0,0,0,0,0,0,1,0,0,0,0,0,0,0,,,,,,,,,,,,,,,,,,,,,,,,,,,,,,,,,,,,
H2421,0,0,0,0,0,0,0,0,0,0,0,0,1,0,0,0,0,0,0,0,,,,,,,,,,,,,,,,,,,,,,,,,,,,,,,,,,,,
H2422,0,0,0,0,0,0,0,0,0,0,0,0,1,0,0,0,0,0,0,0,,,,,,,,,,,,,,,,,,,,,,,,,,,,,,,,,,,,
H2423,0,0,0,0,0,0,0,0,0,0,0,0,0,1,0,0,0,0,0,0,,,,,,,,,,,,,,,,,,,,,,,,,,,,,,,,,,,,
H2424,0,0,0,0,0,0,0,0,0,0,0,0,0,0,0,0,0,0,0,0,,,,,,,,,,,,,,,,,,,,,,,,,,,,,,,,,,,,
H2425,0,0,0,0,0,0,0,0,0,0,0,0,0,0,0,0,0,0,0,0,,,,,,,,,,,,,,,,,,,,,,,,,,,,,,,,,,,,
H2426,0,0,0,0,0,0,0,0,0,0,0,0,1,0,0,1,0,0,0,0,,,,,,,,,,,,,,,,,,,,,,,,,,,,,,,,,,,,
H2427,0,0,0,0,0,0,0,0,0,0,0,0,1,0,0,0,0,0,0,0,,,,,,,,,,,,,,,,,,,,,,,,,,,,,,,,,,,,
H2428,0,0,0,0,0,0,0,0,0,0,0,0,1,0,0,0,0,0,0,0,,,,,,,,,,,,,,,,,,,,,,,,,,,,,,,,,,,,
H2429,0,0,0,0,0,0,0,0,0,0,0,0,0,1,0,0,0,0,0,0,,,,,,,,,,,,,,,,,,,,,,,,,,,,,,,,,,,,
H2430,0,0,0,0,0,0,0,0,0,0,0,0,0,1,0,0,0,0,0,0,,,,,,,,,,,,,,,,,,,,,,,,,,,,,,,,,,,,
H2431,0,0,0,0,0,0,0,0,0,0,0,0,0,0,0,0,0,0,0,0,,,,,,,,,,,,,,,,,,,,,,,,,,,,,,,,,,,,
H2432,0,0,0,0,0,0,0,0,0,0,0,0,1,0,0,0,0,0,0,0,,,,,,,,,,,,,,,,,,,,,,,,,,,,,,,,,,,,
H2433,0,0,0,0,0,0,0,0,0,0,0,1,1,0,0,0,0,0,0,0,,,,,,,,,,,,,,,,,,,,,,1,,,,,,,,,,,,,,
H2434,0,0,0,0,0,0,0,0,0,0,0,1,1,0,0,0,0,0,0,0,,,,,,,,,,,,,,,,,,,,,,1,,,,,,,,,,,,,,
H2435,0,0,0,0,0,0,0,0,0,0,0,0,0,0,0,0,0,0,0,0,,,,,,,,,,,,,,,,,,,,,,,,,,,,,,,,,,,,
H2436,0,0,0,0,0,0,0,0,0,0,0,0,1,0,0,0,0,0,0,0,,,,,,,,,,,,,,,,,,,,,,,,,,,,,,,,,,,,
H2437,0,0,0,0,0,0,0,0,0,0,0,0,1,0,0,0,0,0,0,0,,,,,,,,,,,,,,,,,,,,,,,,,,,,,,,,,,,,
H2438,0,0,0,0,0,0,0,0,0,0,0,0,1,1,0,0,0,0,0,0,,,,,,,,,,,,,,,,,,,,,,,,,,,1,,,,,,,,,
H2439,0,0,0,0,0,0,0,0,0,0,0,0,1,1,0,0,1,0,0,0,,,,,,,,,,,,,,,,,,,,,,,,,,,1,1,,,1,,,,,
H2440,0,0,0,0,0,0,0,0,0,0,0,0,1,1,0,0,1,1,0,0,,,,,,,,,,,,,,,,,,,,,,,,,,,1,1,1,,1,1,,1,,
H2441,0,0,0,0,0,0,0,0,1,0,0,0,1,1,0,0,1,1,0,0,,,,,,,,,,,0,0,0,0,,,,,,,,,,,,,1,1,1,,1,1,,1,,
H2442,0,0,0,0,0,0,0,0,0,0,0,0,1,0,0,0,0,0,0,0,,,,,,,,,,,,,,,,,,,,,,,,,,,,,,,,,,,,
H2443,0,0,0,0,0,0,0,0,0,0,0,0,1,0,0,0,0,0,0,0,,,,,,,,,,,,,,,,,,,,,,,,,,,,,,,,,,,,
H2444,0,0,0,0,0,0,0,0,0,0,0,0,1,0,0,0,0,0,0,0,,,,,,,,,,,,,,,,,,,,,,,,,,,,,,,,,,,,
H2445,0,0,0,0,0,0,0,0,1,0,0,1,0,0,1,0,0,0,0,0,,,,,,,,,,0,,,,,,,,,,,,,,,,,,,,,,,,,,
H2446,0,0,0,0,0,0,0,0,1,0,0,0,0,0,0,0,0,0,0,0,,,,,,,,,,,,,,,,,,,,,,,,,,,,,,,,,,,,
H2447,0,0,0,0,0,0,0,0,1,0,0,1,1,0,1,0,0,0,0,0,,,,,,,,,,0,0,,,,,,,,,,,1,,,,,,,,,,,,,,
H2448,0,0,0,0,0,0,0,0,1,0,0,1,0,0,0,0,0,0,0,0,,,,,,,,,,0,,,,,,,,,,,,,,,,,,,,,,,,,,
H2449,0,0,0,0,0,0,0,0,1,0,0,0,0,0,0,0,0,1,1,0,,,,,,,,,,,,,,1,1,,,,,,,,,,,,,,,,,,,,,0
H2450,0,0,0,0,0,0,0,1,1,0,0,0,0,0,0,0,0,1,1,0,0,,,,,,0,0,,,,,,1,1,,,,,,,,,,,,,,,,,,,,,1
H2451,0,0,0,0,0,0,0,0,1,0,0,1,0,0,0,0,0,0,0,0,,,,,,,,,,0,,,,,,,,,,,,,,,,,,,,,,,,,,
H2452,0,0,0,0,0,0,0,0,1,0,0,1,0,0,0,0,0,0,1,0,,,,,,,,,,0,,,,,0,,,,,,,,,,,1,,,,,,,,,,
H2453,0,0,0,0,0,0,0,0,1,0,0,1,1,0,0,0,0,1,1,0,,,,,,,,,,0,0,,,0,0,,,,,,,1,,,1,1,,,0,0,,,,,,1
H2454,0,0,0,0,0,0,0,0,0,0,0,0,0,0,0,0,0,0,0,0,,,,,,,,,,,,,,,,,,,,,,,,,,,,,,,,,,,,
H2455,0,0,0,0,0,0,0,0,0,1,0,0,0,0,0,0,0,0,0,0,,,,,,,,,,,,,,,,,,,,,,,,,,,,,,,,,,,,
H2456,0,0,0,0,0,0,0,0,1,0,0,0,0,0,0,0,0,0,0,0,,,,,,,,,,,,,,,,,,,,,,,,,,,,,,,,,,,,
H2457,0,0,0,0,0,0,0,0,0,0,0,0,0,0,0,0,0,0,0,0,,,,,,,,,,,,,,,,,,,,,,,,,,,,,,,,,,,,
H2458,0,0,0,0,0,0,0,0,1,0,0,1,0,0,0,0,0,0,0,0,,,,,,,,,,0,,,,,,,,,,,,,,,,,,,,,,,,,,
H2459,0,0,0,0,0,0,0,0,1,1,0,1,1,0,1,0,0,1,1,0,,,,,,,,,1,1,1,,,1,1,0,1,,,0,0,1,,,1,1,,,0,0,,,,,,0
H2460,0,0,0,0,0,0,0,0,1,0,0,0,0,0,0,0,0,0,0,0,,,,,,,,,,,,,,,,,,,,,,,,,,,,,,,,,,,,
H2461,0,0,0,0,0,0,0,0,1,1,0,1,0,0,0,0,0,1,1,0,,,,,,,,,1,1,,,,1,1,0,,,,0,0,,,,1,1,,,,,,,,,,0
H2462,0,0,0,0,0,0,0,0,1,0,0,1,1,0,0,0,0,0,0,0,,,,,,,,,,0,0,,,,,,,,,,,1,,,,,,,,,,,,,,
H2463,0,0,0,0,0,0,0,0,1,0,0,0,0,0,0,0,0,0,1,0,,,,,,,,,,,,,,,0,,,,,,,,,,,,,,,,,,,,,
H2464,0,0,0,0,0,0,0,0,1,0,0,0,0,0,1,0,0,0,1,0,,,,,,,,,,,,,,,0,,,,,,,,,,,,,,,,,,,,,
H2465,0,0,0,0,0,0,0,0,1,1,0,1,0,0,0,0,0,1,1,0,,,,,,,,,1,1,,,,1,1,0,,,,0,0,,,,1,1,,,,,,,,,,0
H2466,0,0,0,0,0,0,0,0,1,0,0,1,0,1,0,0,0,0,0,0,,,,,,,,,,0,,0,,,,,,,,,,,1,,,,,,,,,,,,,
H2467,0,0,0,0,0,0,0,1,1,1,0,0,0,0,0,0,0,1,1,0,0,0,,,,,0,0,1,,,,,1,1,,,,,1,1,,,,,,,,,,,,,,,1
H2468,0,0,0,0,0,0,0,0,1,0,0,1,0,0,0,0,0,0,0,0,,,,,,,,,,0,,,,,,,,,,,,,,,,,,,,,,,,,,
H2469,0,0,0,0,0,0,0,0,0,0,0,0,0,0,0,0,0,0,0,0,,,,,,,,,,,,,,,,,,,,,,,,,,,,,,,,,,,,
H2470,0,0,0,0,0,0,0,0,0,0,0,0,1,0,0,0,0,0,0,0,,,,,,,,,,,,,,,,,,,,,,,,,,,,,,,,,,,,
H2471,0,0,0,0,0,0,0,0,0,0,0,0,1,0,0,0,0,0,0,0,,,,,,,,,,,,,,,,,,,,,,,,,,,,,,,,,,,,
H2472,0,0,0,0,0,0,0,0,0,0,0,0,1,0,0,0,0,0,0,0,,,,,,,,,,,,,,,,,,,,,,,,,,,,,,,,,,,,
H2473,0,0,0,0,0,0,0,0,0,0,0,0,1,0,0,0,0,0,0,0,,,,,,,,,,,,,,,,,,,,,,,,,,,,,,,,,,,,
H2474,0,0,0,0,0,0,0,0,0,0,0,1,1,0,0,0,0,0,0,0,,,,,,,,,,,,,,,,,,,,,,1,,,,,,,,,,,,,,
H2475,0,1,0,0,0,0,0,0,1,1,0,0,1,0,0,0,1,1,0,0,,,,,,,,,0,,0,,0,0,,,1,,1,1,,,,,,,,1,1,,,,,1,,
NA2234,0,0,0,0,0,0,0,0,0,0,0,0,0,0,0,0,0,0,0,0,,,,,,,,,,,,,,,,,,,,,,,,,,,,,,,,,,,,
NA2235,0,0,0,0,0,0,0,0,0,0,0,0,0,0,0,0,0,0,0,0,,,,,,,,,,,,,,,,,,,,,,,,,,,,,,,,,,,,
NA2236,0,0,0,0,0,0,0,0,0,0,0,0,0,0,0,0,0,0,0,0,,,,,,,,,,,,,,,,,,,,,,,,,,,,,,,,,,,,
NA2237,0,0,0,0,0,0,0,0,0,0,0,0,0,0,0,0,0,0,0,0,,,,,,,,,,,,,,,,,,,,,,,,,,,,,,,,,,,,
NA2238,0,0,0,0,0,0,0,0,0,0,0,0,0,0,0,0,0,0,0,0,,,,,,,,,,,,,,,,,,,,,,,,,,,,,,,,,,,,
NA2239,0,0,0,0,0,0,0,0,0,0,0,0,0,0,0,0,0,0,0,0,,,,,,,,,,,,,,,,,,,,,,,,,,,,,,,,,,,,
NA2240,0,0,0,0,0,0,0,0,0,0,0,0,0,0,0,0,0,0,0,0,,,,,,,,,,,,,,,,,,,,,,,,,,,,,,,,,,,,
NA2241,0,0,0,0,0,0,0,0,0,0,0,0,0,0,0,0,0,0,0,0,,,,,,,,,,,,,,,,,,,,,,,,,,,,,,,,,,,,
NA2242,0,0,0,0,0,0,0,0,0,0,0,0,0,0,0,0,0,0,0,0,,,,,,,,,,,,,,,,,,,,,,,,,,,,,,,,,,,,
NA2243,0,0,0,0,0,0,0,0,0,0,0,0,0,0,0,0,0,0,0,0,,,,,,,,,,,,,,,,,,,,,,,,,,,,,,,,,,,,
NA2244,0,0,0,0,0,0,0,0,0,0,0,0,0,0,0,0,0,0,0,0,,,,,,,,,,,,,,,,,,,,,,,,,,,,,,,,,,,,
NA2245,0,0,0,0,0,0,0,0,0,0,0,0,0,0,0,0,0,0,0,0,,,,,,,,,,,,,,,,,,,,,,,,,,,,,,,,,,,,
NA2246,0,0,0,0,0,0,0,0,0,0,0,0,0,0,0,0,0,0,0,0,,,,,,,,,,,,,,,,,,,,,,,,,,,,,,,,,,,,
NA2247,0,0,0,0,0,0,0,0,0,0,0,0,0,0,0,0,0,0,0,0,,,,,,,,,,,,,,,,,,,,,,,,,,,,,,,,,,,,
NA2248,0,0,0,0,0,0,0,0,0,0,0,0,0,0,0,0,0,0,0,0,,,,,,,,,,,,,,,,,,,,,,,,,,,,,,,,,,,,
NA2249,0,0,0,0,0,0,0,0,0,0,0,0,0,0,0,0,0,0,0,0,,,,,,,,,,,,,,,,,,,,,,,,,,,,,,,,,,,,
NA2250,0,0,0,0,0,0,0,0,0,0,0,0,0,0,0,0,0,0,0,0,,,,,,,,,,,,,,,,,,,,,,,,,,,,,,,,,,,,
NA2251,0,0,0,0,0,0,0,0,0,0,0,0,0,0,0,0,0,0,0,0,,,,,,,,,,,,,,,,,,,,,,,,,,,,,,,,,,,,
NA2252,0,0,0,0,0,0,0,0,0,0,0,0,0,0,0,0,0,0,0,0,,,,,,,,,,,,,,,,,,,,,,,,,,,,,,,,,,,,
NA2253,0,0,0,0,0,0,0,0,0,0,0,0,0,0,0,0,0,1,1,0,,,,,,,,,,,,,,,,,,,,,,,,,,,,,,,,,,,,0
NA2254,0,0,0,0,0,0,0,0,0,0,0,0,0,0,0,0,0,0,0,0,,,,,,,,,,,,,,,,,,,,,,,,,,,,,,,,,,,,
NA2255,0,0,0,0,0,0,0,0,0,0,0,0,0,0,0,0,0,1,0,0,,,,,,,,,,,,,,,,,,,,,,,,,,,,,,,,,,,,
NA2256,0,0,0,0,0,0,0,0,0,0,0,0,0,0,0,0,0,1,0,0,,,,,,,,,,,,,,,,,,,,,,,,,,,,,,,,,,,,
NA2257,0,0,0,0,0,0,0,0,0,0,0,0,0,0,0,0,0,0,0,0,,,,,,,,,,,,,,,,,,,,,,,,,,,,,,,,,,,,
NA2258,0,0,0,0,0,0,0,0,0,0,0,0,0,0,0,0,0,1,0,0,,,,,,,,,,,,,,,,,,,,,,,,,,,,,,,,,,,,
NA2259,0,0,0,0,0,0,0,0,0,0,0,0,0,0,0,0,0,0,0,0,,,,,,,,,,,,,,,,,,,,,,,,,,,,,,,,,,,,
NA2260,0,0,0,0,0,0,0,0,0,0,0,0,0,0,0,0,0,1,0,0,,,,,,,,,,,,,,,,,,,,,,,,,,,,,,,,,,,,
NA2261,0,0,0,0,0,0,0,0,0,0,0,0,0,0,0,0,0,0,0,0,,,,,,,,,,,,,,,,,,,,,,,,,,,,,,,,,,,,
NA2262,0,0,0,0,0,0,0,0,0,0,0,0,0,0,0,0,0,0,0,0,,,,,,,,,,,,,,,,,,,,,,,,,,,,,,,,,,,,
NA2263,0,0,0,0,0,0,0,0,0,0,0,0,0,0,0,0,0,1,0,0,,,,,,,,,,,,,,,,,,,,,,,,,,,,,,,,,,,,
NA2264,0,0,0,0,0,0,0,0,0,0,0,0,0,0,0,0,0,0,0,0,,,,,,,,,,,,,,,,,,,,,,,,,,,,,,,,,,,,
NA2265,0,0,0,0,0,0,0,0,0,0,0,0,0,0,0,0,0,0,0,0,,,,,,,,,,,,,,,,,,,,,,,,,,,,,,,,,,,,
NA2266,0,0,0,0,0,0,0,0,0,0,0,0,0,0,0,0,0,0,0,0,,,,,,,,,,,,,,,,,,,,,,,,,,,,,,,,,,,,
NA2267,0,0,0,0,0,0,0,0,0,0,0,0,0,0,0,0,0,0,0,0,,,,,,,,,,,,,,,,,,,,,,,,,,,,,,,,,,,,
NA2268,0,0,0,0,0,0,0,0,0,0,0,0,0,0,0,0,0,0,0,0,,,,,,,,,,,,,,,,,,,,,,,,,,,,,,,,,,,,
NA2269,0,0,0,0,0,0,0,0,0,0,0,0,0,0,0,0,0,0,0,0,,,,,,,,,,,,,,,,,,,,,,,,,,,,,,,,,,,,
NA2270,0,0,0,0,0,0,0,0,0,0,0,0,0,0,0,0,0,0,0,0,,,,,,,,,,,,,,,,,,,,,,,,,,,,,,,,,,,,
NA2271,0,0,0,0,0,0,0,0,0,0,0,0,0,0,0,0,0,0,0,0,,,,,,,,,,,,,,,,,,,,,,,,,,,,,,,,,,,,
NA2272,0,0,0,0,0,0,0,0,0,0,0,0,0,0,0,0,0,0,0,0,,,,,,,,,,,,,,,,,,,,,,,,,,,,,,,,,,,,
NA2273,0,0,0,0,0,0,0,0,0,0,0,0,0,0,0,0,0,0,0,0,,,,,,,,,,,,,,,,,,,,,,,,,,,,,,,,,,,,
NA2274,0,0,0,0,0,0,0,0,0,0,0,0,0,0,0,0,0,0,0,0,,,,,,,,,,,,,,,,,,,,,,,,,,,,,,,,,,,,
NA2275,0,0,0,0,0,0,0,0,0,0,0,0,0,0,0,0,0,0,0,0,,,,,,,,,,,,,,,,,,,,,,,,,,,,,,,,,,,,
NA2276,0,0,0,0,0,0,0,0,0,0,0,0,0,0,0,0,0,0,0,0,,,,,,,,,,,,,,,,,,,,,,,,,,,,,,,,,,,,
NA2277,0,0,0,0,0,0,0,0,0,0,0,0,0,0,0,0,0,0,0,0,,,,,,,,,,,,,,,,,,,,,,,,,,,,,,,,,,,,
NA2278,0,0,0,0,0,0,0,0,0,0,0,0,0,0,0,0,0,0,0,0,,,,,,,,,,,,,,,,,,,,,,,,,,,,,,,,,,,,
NA2279,0,0,0,0,0,0,0,0,0,0,0,0,0,0,0,0,0,0,0,0,,,,,,,,,,,,,,,,,,,,,,,,,,,,,,,,,,,,
NA2280,0,0,0,0,0,0,0,0,0,0,0,0,0,0,0,0,0,0,0,0,,,,,,,,,,,,,,,,,,,,,,,,,,,,,,,,,,,,
NA2281,0,0,0,0,0,0,0,0,0,0,0,0,0,0,0,0,0,0,0,0,,,,,,,,,,,,,,,,,,,,,,,,,,,,,,,,,,,,
NA2282,0,0,0,0,0,0,0,0,0,0,0,0,0,0,0,0,0,0,0,0,,,,,,,,,,,,,,,,,,,,,,,,,,,,,,,,,,,,
NA2283,0,0,0,0,0,0,0,0,0,0,0,0,0,0,0,0,0,0,0,0,,,,,,,,,,,,,,,,,,,,,,,,,,,,,,,,,,,,
NA2284,0,0,0,0,0,0,0,0,0,0,0,0,0,0,0,0,0,0,0,0,,,,,,,,,,,,,,,,,,,,,,,,,,,,,,,,,,,,
NA2285,0,0,0,0,0,0,0,0,0,1,0,0,0,0,0,0,0,0,1,0,,,,,,,,,,,,,,,,,,,,,0,,,,,,,,,,,,,,,
NA2286,0,0,0,0,0,0,0,0,0,0,0,0,0,0,0,0,0,0,0,0,,,,,,,,,,,,,,,,,,,,,,,,,,,,,,,,,,,,
NA2287,0,0,0,0,0,0,0,0,0,0,0,0,0,0,0,0,0,0,0,0,,,,,,,,,,,,,,,,,,,,,,,,,,,,,,,,,,,,
NA2288,0,0,0,0,0,0,0,0,0,0,0,0,0,0,0,0,0,0,0,0,,,,,,,,,,,,,,,,,,,,,,,,,,,,,,,,,,,,
NA2289,0,0,0,0,0,0,0,0,0,0,0,0,0,0,0,0,0,0,0,0,,,,,,,,,,,,,,,,,,,,,,,,,,,,,,,,,,,,
NA2290,0,0,0,0,0,0,0,0,0,0,0,0,0,0,0,0,0,0,0,0,,,,,,,,,,,,,,,,,,,,,,,,,,,,,,,,,,,,
NA2291,0,0,0,0,0,0,0,0,0,0,0,0,0,0,0,0,0,0,0,0,,,,,,,,,,,,,,,,,,,,,,,,,,,,,,,,,,,,
NA2292,0,0,0,0,0,0,0,0,0,0,0,0,0,0,0,0,0,0,0,0,,,,,,,,,,,,,,,,,,,,,,,,,,,,,,,,,,,,
NA2293,0,0,0,0,0,0,0,0,0,0,0,0,0,0,0,0,0,0,0,0,,,,,,,,,,,,,,,,,,,,,,,,,,,,,,,,,,,,
NA2294,0,0,0,0,0,0,0,0,0,1,0,0,0,0,0,0,0,1,0,0,,,,,,,,,,,,,,,,,,,,0,,,,,,,,,,,,,,,,
NA2295,0,0,0,0,0,0,0,0,0,0,0,0,0,0,0,0,0,0,0,0,,,,,,,,,,,,,,,,,,,,,,,,,,,,,,,,,,,,
NA2296,0,0,0,0,0,0,0,0,0,0,0,0,0,0,0,0,0,0,0,0,,,,,,,,,,,,,,,,,,,,,,,,,,,,,,,,,,,,
NA2297,0,0,0,0,0,0,0,0,0,0,0,0,0,0,0,0,0,0,0,0,,,,,,,,,,,,,,,,,,,,,,,,,,,,,,,,,,,,
NA2298,0,0,0,0,0,0,0,0,0,0,0,0,0,0,0,0,0,0,0,0,,,,,,,,,,,,,,,,,,,,,,,,,,,,,,,,,,,,
NA2299,0,0,0,0,0,0,0,0,0,0,0,0,0,0,0,0,0,0,0,0,,,,,,,,,,,,,,,,,,,,,,,,,,,,,,,,,,,,
NA2300,0,0,0,0,0,0,0,0,0,0,0,0,0,0,0,0,0,0,0,0,,,,,,,,,,,,,,,,,,,,,,,,,,,,,,,,,,,,
NA2301,0,0,0,0,0,0,0,0,0,0,0,0,0,0,0,0,0,0,0,0,,,,,,,,,,,,,,,,,,,,,,,,,,,,,,,,,,,,
NA2302,0,0,0,0,0,0,0,0,0,0,0,0,0,0,0,0,0,0,0,0,,,,,,,,,,,,,,,,,,,,,,,,,,,,,,,,,,,,
NA2303,0,0,0,0,0,0,0,0,0,0,0,0,0,0,0,0,0,1,0,0,,,,,,,,,,,,,,,,,,,,,,,,,,,,,,,,,,,,
NA2304,0,0,0,0,0,0,0,0,0,0,0,0,0,0,0,0,0,0,0,0,,,,,,,,,,,,,,,,,,,,,,,,,,,,,,,,,,,,
NA2305,0,0,0,0,0,0,0,0,0,0,0,0,0,0,0,0,0,0,0,0,,,,,,,,,,,,,,,,,,,,,,,,,,,,,,,,,,,,
NA2306,0,0,0,0,0,0,0,0,0,0,0,0,0,0,0,0,0,0,0,0,,,,,,,,,,,,,,,,,,,,,,,,,,,,,,,,,,,,
NA2307,0,0,0,0,0,0,0,0,0,0,0,0,0,0,0,0,0,0,0,0,,,,,,,,,,,,,,,,,,,,,,,,,,,,,,,,,,,,
NA2308,0,0,0,0,0,0,0,0,0,0,0,0,0,0,0,0,0,0,0,0,,,,,,,,,,,,,,,,,,,,,,,,,,,,,,,,,,,,
NA2309,0,0,0,0,0,0,0,0,0,0,0,0,0,0,0,0,0,0,0,0,,,,,,,,,,,,,,,,,,,,,,,,,,,,,,,,,,,,
NA2310,0,0,0,0,0,0,0,0,0,0,0,0,0,0,0,0,0,0,0,0,,,,,,,,,,,,,,,,,,,,,,,,,,,,,,,,,,,,
NA2311,0,0,0,0,0,0,0,0,0,0,0,0,0,0,0,0,0,1,0,0,,,,,,,,,,,,,,,,,,,,,,,,,,,,,,,,,,,,
NA2312,0,0,0,0,0,0,0,0,0,0,0,0,0,0,0,0,0,0,0,0,,,,,,,,,,,,,,,,,,,,,,,,,,,,,,,,,,,,
NA2313,0,0,0,0,0,0,0,0,0,0,0,0,0,0,0,0,0,0,0,0,,,,,,,,,,,,,,,,,,,,,,,,,,,,,,,,,,,,
NA2314,0,0,0,0,0,0,0,0,0,0,0,0,0,0,0,0,0,0,0,0,,,,,,,,,,,,,,,,,,,,,,,,,,,,,,,,,,,,
NA2315,0,0,0,0,0,0,0,0,0,0,0,0,0,0,0,0,0,0,0,0,,,,,,,,,,,,,,,,,,,,,,,,,,,,,,,,,,,,
NA2316,0,0,0,0,0,0,0,0,0,0,0,0,0,0,0,0,0,0,0,0,,,,,,,,,,,,,,,,,,,,,,,,,,,,,,,,,,,,
NA2317,0,0,0,0,0,0,0,0,0,0,0,0,0,0,0,0,0,0,0,0,,,,,,,,,,,,,,,,,,,,,,,,,,,,,,,,,,,,
NA2318,0,0,0,0,0,0,0,0,0,0,0,0,0,0,0,0,0,1,0,0,,,,,,,,,,,,,,,,,,,,,,,,,,,,,,,,,,,,
NA2319,0,0,0,0,0,0,0,0,0,0,0,0,0,0,0,0,0,0,0,0,,,,,,,,,,,,,,,,,,,,,,,,,,,,,,,,,,,,
NA2320,0,0,0,0,0,0,0,0,0,0,0,0,0,0,0,0,0,0,0,0,,,,,,,,,,,,,,,,,,,,,,,,,,,,,,,,,,,,
NA2321,0,0,0,0,0,0,0,0,0,0,0,0,0,0,0,0,0,0,0,0,,,,,,,,,,,,,,,,,,,,,,,,,,,,,,,,,,,,
NA2322,0,0,0,0,0,0,0,0,0,0,0,0,0,0,0,0,0,1,0,0,,,,,,,,,,,,,,,,,,,,,,,,,,,,,,,,,,,,
NA2323,0,0,0,0,0,0,0,0,0,0,0,0,0,0,0,0,0,0,0,0,,,,,,,,,,,,,,,,,,,,,,,,,,,,,,,,,,,,
NA2324,0,0,0,0,0,0,0,0,0,0,0,0,0,0,0,0,0,0,0,0,,,,,,,,,,,,,,,,,,,,,,,,,,,,,,,,,,,,
NA2325,0,0,0,0,0,0,0,0,0,0,0,0,0,0,0,0,0,0,0,0,,,,,,,,,,,,,,,,,,,,,,,,,,,,,,,,,,,,
NA2326,0,0,0,0,0,0,0,0,0,0,0,0,0,0,0,0,0,0,0,0,,,,,,,,,,,,,,,,,,,,,,,,,,,,,,,,,,,,
NA2327,0,0,0,0,0,0,0,0,0,0,0,0,0,0,0,0,0,0,0,0,,,,,,,,,,,,,,,,,,,,,,,,,,,,,,,,,,,,
NA2328,0,0,0,0,0,0,0,0,0,0,0,0,0,0,0,0,0,0,0,0,,,,,,,,,,,,,,,,,,,,,,,,,,,,,,,,,,,,
NA2329,0,0,0,0,0,0,0,0,0,0,0,0,0,0,0,0,0,0,0,0,,,,,,,,,,,,,,,,,,,,,,,,,,,,,,,,,,,,
NA2330,0,0,0,0,0,0,0,0,0,0,0,0,0,0,0,0,0,0,0,0,,,,,,,,,,,,,,,,,,,,,,,,,,,,,,,,,,,,
NA2331,0,0,0,0,0,0,0,0,0,0,0,0,0,0,0,0,0,0,0,0,,,,,,,,,,,,,,,,,,,,,,,,,,,,,,,,,,,,
NA2332,0,0,0,0,0,0,0,0,0,0,0,0,0,0,0,0,0,0,0,0,,,,,,,,,,,,,,,,,,,,,,,,,,,,,,,,,,,,
NA2333,0,0,0,0,0,0,0,0,0,0,0,0,0,0,0,0,0,0,0,0,,,,,,,,,,,,,,,,,,,,,,,,,,,,,,,,,,,,
NA2334,0,0,0,0,0,0,0,0,0,0,0,0,0,0,0,0,0,0,0,0,,,,,,,,,,,,,,,,,,,,,,,,,,,,,,,,,,,,
NA2335,0,0,0,0,0,0,0,0,0,0,0,0,0,0,0,0,0,0,0,0,,,,,,,,,,,,,,,,,,,,,,,,,,,,,,,,,,,,
NA2336,0,0,0,0,0,0,0,0,0,0,0,0,0,0,0,0,0,0,0,0,,,,,,,,,,,,,,,,,,,,,,,,,,,,,,,,,,,,
NA2337,0,0,0,0,0,0,0,0,0,0,0,0,0,0,0,0,0,0,0,0,,,,,,,,,,,,,,,,,,,,,,,,,,,,,,,,,,,,
NA2338,0,0,0,0,0,0,0,0,0,0,0,0,0,0,0,0,0,0,0,0,,,,,,,,,,,,,,,,,,,,,,,,,,,,,,,,,,,,
NA2339,0,0,0,0,0,0,0,0,0,0,0,0,0,0,0,0,0,0,0,0,,,,,,,,,,,,,,,,,,,,,,,,,,,,,,,,,,,,
NA2340,0,0,0,0,0,0,0,0,0,0,0,0,0,0,0,0,0,0,0,0,,,,,,,,,,,,,,,,,,,,,,,,,,,,,,,,,,,,
NA2341,0,0,0,0,0,0,0,0,0,1,0,0,0,0,0,0,0,1,1,0,,,,,,,,,,,,,,,,,,,,0,0,,,,,,,,,,,,,,,0
NA2342,0,0,0,0,0,0,0,0,0,0,0,0,0,0,0,0,0,0,0,0,,,,,,,,,,,,,,,,,,,,,,,,,,,,,,,,,,,,
NA2343,0,0,0,0,0,0,0,0,0,0,0,0,0,0,0,0,0,0,0,0,,,,,,,,,,,,,,,,,,,,,,,,,,,,,,,,,,,,
NA2344,0,0,0,0,0,0,0,0,0,0,0,0,0,0,0,0,0,0,0,0,,,,,,,,,,,,,,,,,,,,,,,,,,,,,,,,,,,,
NA2345,0,0,0,0,0,0,0,0,0,1,0,0,0,0,0,0,0,0,0,0,,,,,,,,,,,,,,,,,,,,,,,,,,,,,,,,,,,,
NA2346,0,0,0,0,0,0,0,0,0,0,0,0,0,0,0,0,0,0,0,0,,,,,,,,,,,,,,,,,,,,,,,,,,,,,,,,,,,,
NA2347,0,0,0,0,0,0,0,0,0,0,0,0,0,0,0,0,0,1,1,0,,,,,,,,,,,,,,,,,,,,,,,,,,,,,,,,,,,,0
NA2348,0,0,0,0,0,0,0,0,0,0,0,0,0,0,0,0,0,0,0,0,,,,,,,,,,,,,,,,,,,,,,,,,,,,,,,,,,,,
NA2349,0,0,0,0,0,0,0,0,0,0,0,0,0,0,0,0,0,1,0,0,,,,,,,,,,,,,,,,,,,,,,,,,,,,,,,,,,,,
NA2350,0,0,0,0,0,0,0,0,0,0,0,0,0,0,0,0,0,0,0,0,,,,,,,,,,,,,,,,,,,,,,,,,,,,,,,,,,,,
NA2351,0,0,0,0,0,0,0,0,0,0,0,0,0,0,0,0,0,0,0,0,,,,,,,,,,,,,,,,,,,,,,,,,,,,,,,,,,,,
NA2352,0,0,0,0,0,0,0,0,0,0,0,0,0,0,0,0,0,1,0,0,,,,,,,,,,,,,,,,,,,,,,,,,,,,,,,,,,,,
NA2353,0,0,0,0,0,0,0,0,0,0,0,0,0,0,0,0,0,0,0,0,,,,,,,,,,,,,,,,,,,,,,,,,,,,,,,,,,,,
NA2354,0,0,0,0,0,0,0,0,0,0,0,0,0,0,0,0,0,0,0,0,,,,,,,,,,,,,,,,,,,,,,,,,,,,,,,,,,,,
NA2355,0,0,0,0,0,0,0,0,0,0,0,0,0,0,0,0,0,0,0,0,,,,,,,,,,,,,,,,,,,,,,,,,,,,,,,,,,,,
NA2356,0,0,0,0,0,0,0,0,0,0,0,0,0,0,0,0,0,0,0,0,,,,,,,,,,,,,,,,,,,,,,,,,,,,,,,,,,,,
NA2357,0,0,0,0,0,0,0,0,1,0,0,0,0,0,0,0,0,1,0,0,,,,,,,,,,,,,,1,,,,,,,,,,,,,,,,,,,,,,
NA2358,0,0,0,0,0,0,0,0,0,0,0,0,0,0,0,0,0,1,0,0,,,,,,,,,,,,,,,,,,,,,,,,,,,,,,,,,,,,
NA2359,0,0,0,0,0,0,0,0,0,0,0,0,0,0,0,0,0,1,0,0,,,,,,,,,,,,,,,,,,,,,,,,,,,,,,,,,,,,
NA2360,0,0,0,0,0,0,0,0,0,0,0,0,0,0,0,0,0,0,0,0,,,,,,,,,,,,,,,,,,,,,,,,,,,,,,,,,,,,
NA2361,0,0,0,0,0,0,0,0,0,0,0,0,0,0,0,0,0,0,0,0,,,,,,,,,,,,,,,,,,,,,,,,,,,,,,,,,,,,
NA2362,0,0,0,0,0,0,0,0,0,0,0,0,0,0,0,0,0,0,0,0,,,,,,,,,,,,,,,,,,,,,,,,,,,,,,,,,,,,
NA2363,0,0,0,0,0,0,0,0,0,0,0,0,0,0,0,0,0,0,0,0,,,,,,,,,,,,,,,,,,,,,,,,,,,,,,,,,,,,
NA2364,0,0,0,0,0,0,0,0,0,0,0,0,0,0,0,0,0,0,0,0,,,,,,,,,,,,,,,,,,,,,,,,,,,,,,,,,,,,
NA2365,0,0,0,0,0,0,0,0,0,0,0,0,0,0,0,0,0,0,0,0,,,,,,,,,,,,,,,,,,,,,,,,,,,,,,,,,,,,
NA2366,0,0,0,0,0,0,0,0,0,0,0,0,0,0,0,0,0,0,0,0,,,,,,,,,,,,,,,,,,,,,,,,,,,,,,,,,,,,
NA2367,0,0,0,0,0,0,0,0,0,0,0,0,0,0,0,0,0,0,0,0,,,,,,,,,,,,,,,,,,,,,,,,,,,,,,,,,,,,
NA2368,0,0,0,0,0,0,0,0,0,0,0,0,0,0,0,0,0,0,0,0,,,,,,,,,,,,,,,,,,,,,,,,,,,,,,,,,,,,
NA2369,0,0,0,0,0,0,0,0,0,0,0,0,0,0,0,0,0,0,0,0,,,,,,,,,,,,,,,,,,,,,,,,,,,,,,,,,,,,
NA2370,0,0,0,0,0,0,0,0,0,0,0,0,0,0,0,0,0,0,0,0,,,,,,,,,,,,,,,,,,,,,,,,,,,,,,,,,,,,
NA2371,0,0,0,0,0,0,0,0,0,0,0,0,0,0,0,0,0,0,0,0,,,,,,,,,,,,,,,,,,,,,,,,,,,,,,,,,,,,
NA2372,0,0,0,0,0,0,0,0,0,0,0,0,0,0,0,0,0,0,0,0,,,,,,,,,,,,,,,,,,,,,,,,,,,,,,,,,,,,
NA2373,0,0,0,0,0,0,0,0,0,1,0,0,0,0,0,0,0,0,0,0,,,,,,,,,,,,,,,,,,,,,,,,,,,,,,,,,,,,
NA2374,0,0,0,0,0,0,0,0,0,0,0,0,0,0,0,0,0,0,0,0,,,,,,,,,,,,,,,,,,,,,,,,,,,,,,,,,,,,
NA2375,0,0,0,0,0,0,0,0,0,0,0,0,0,0,0,0,0,1,1,0,,,,,,,,,,,,,,,,,,,,,,,,,,,,,,,,,,,,1
NA2376,0,0,0,0,0,0,0,0,0,0,0,0,0,0,0,0,0,0,0,0,,,,,,,,,,,,,,,,,,,,,,,,,,,,,,,,,,,,
NA2377,0,0,0,0,0,0,0,0,0,0,0,0,0,0,0,0,0,0,0,0,,,,,,,,,,,,,,,,,,,,,,,,,,,,,,,,,,,,
NA2378,0,0,0,0,0,0,0,0,0,0,0,0,0,0,0,0,0,0,0,0,,,,,,,,,,,,,,,,,,,,,,,,,,,,,,,,,,,,
NA2379,0,0,0,0,0,0,0,0,0,0,0,0,0,0,0,0,0,0,0,0,,,,,,,,,,,,,,,,,,,,,,,,,,,,,,,,,,,,
NA2380,0,0,0,0,0,0,0,0,0,0,0,0,0,0,0,0,0,0,0,0,,,,,,,,,,,,,,,,,,,,,,,,,,,,,,,,,,,,
NA3017,0,0,0,0,0,0,0,0,0,0,0,0,0,0,0,0,0,0,0,0,,,,,,,,,,,,,,,,,,,,,,,,,,,,,,,,,,,,
NA3018,0,0,0,0,0,0,0,0,0,0,0,0,0,0,1,0,0,1,1,0,,,,,,,,,,,,,,,,,,,,,,,,,,,,,,,,,,,,0
NA3019,0,0,0,0,0,0,0,0,0,0,0,0,0,0,0,0,0,0,0,0,,,,,,,,,,,,,,,,,,,,,,,,,,,,,,,,,,,,
NA3020,0,0,0,0,0,0,0,0,0,0,0,0,0,0,0,0,0,0,0,0,,,,,,,,,,,,,,,,,,,,,,,,,,,,,,,,,,,,
NA3021,0,0,0,0,0,0,0,0,0,0,0,0,0,0,0,0,0,0,0,1,,,,,,,,,,,,,,,,,,,,,,,,,,,,,,,,,,,,
NA3022,0,0,0,0,0,0,0,0,0,0,0,0,0,0,0,0,0,1,0,0,,,,,,,,,,,,,,,,,,,,,,,,,,,,,,,,,,,,
NA3023,0,0,0,0,0,0,0,0,0,0,0,0,0,0,0,0,0,0,0,0,,,,,,,,,,,,,,,,,,,,,,,,,,,,,,,,,,,,
NA3024,0,0,0,0,0,0,0,0,0,0,0,0,0,0,0,0,0,0,0,0,,,,,,,,,,,,,,,,,,,,,,,,,,,,,,,,,,,,
NA3025,0,0,0,0,0,0,0,0,0,0,0,1,0,0,0,0,0,0,0,0,,,,,,,,,,,,,,,,,,,,,,,,,,,,,,,,,,,,
NA3026,0,0,0,0,0,0,0,0,0,0,0,0,0,0,0,0,0,0,0,0,,,,,,,,,,,,,,,,,,,,,,,,,,,,,,,,,,,,
NA3027,0,0,0,0,0,0,0,0,0,0,0,0,0,0,0,0,0,0,0,0,,,,,,,,,,,,,,,,,,,,,,,,,,,,,,,,,,,,
NA3028,0,0,0,0,0,0,0,0,0,0,0,0,0,0,0,0,0,0,0,0,,,,,,,,,,,,,,,,,,,,,,,,,,,,,,,,,,,,
NA3029,0,0,0,0,0,0,0,0,0,0,0,0,0,0,0,0,0,0,0,0,,,,,,,,,,,,,,,,,,,,,,,,,,,,,,,,,,,,
NA3030,0,0,0,0,0,0,0,0,0,0,0,0,0,0,0,0,0,0,0,0,,,,,,,,,,,,,,,,,,,,,,,,,,,,,,,,,,,,
NA3031,0,0,0,0,0,0,0,0,0,0,0,0,0,0,0,0,0,0,0,0,,,,,,,,,,,,,,,,,,,,,,,,,,,,,,,,,,,,
NA3032,0,0,0,0,0,0,0,0,0,0,0,0,0,0,0,0,0,0,0,0,,,,,,,,,,,,,,,,,,,,,,,,,,,,,,,,,,,,
NA3033,0,0,0,0,0,0,0,0,0,1,0,0,0,0,0,0,0,1,0,0,,,,,,,,,,,,,,,,,,,,0,,,,,,,,,,,,,,,,
NA3034,0,0,0,0,0,0,0,0,0,0,0,0,0,0,0,0,0,0,0,0,,,,,,,,,,,,,,,,,,,,,,,,,,,,,,,,,,,,
NA3035,0,0,0,0,0,0,0,0,0,0,0,0,0,0,0,0,0,0,0,0,,,,,,,,,,,,,,,,,,,,,,,,,,,,,,,,,,,,
NA3036,0,0,0,0,0,0,0,0,0,0,0,0,0,0,0,0,0,0,0,0,,,,,,,,,,,,,,,,,,,,,,,,,,,,,,,,,,,,
NA3037,0,0,0,0,0,0,0,0,0,0,0,0,0,0,0,0,0,0,0,0,,,,,,,,,,,,,,,,,,,,,,,,,,,,,,,,,,,,
NA3038,0,0,0,0,0,0,0,0,0,0,0,0,0,0,0,0,0,0,0,0,,,,,,,,,,,,,,,,,,,,,,,,,,,,,,,,,,,,
NA3039,0,0,0,0,0,0,0,0,0,0,0,0,0,0,0,0,0,0,0,0,,,,,,,,,,,,,,,,,,,,,,,,,,,,,,,,,,,,
NA3040,0,0,0,0,0,0,0,0,0,0,0,0,0,0,0,0,0,0,0,0,,,,,,,,,,,,,,,,,,,,,,,,,,,,,,,,,,,,
NA3041,0,0,0,0,0,0,0,0,0,0,0,0,0,0,0,0,0,0,0,0,,,,,,,,,,,,,,,,,,,,,,,,,,,,,,,,,,,,
NA3042,0,0,0,0,0,0,0,0,0,0,0,0,0,0,0,0,0,0,0,0,,,,,,,,,,,,,,,,,,,,,,,,,,,,,,,,,,,,
NA3043,0,0,0,0,0,0,0,0,0,0,0,0,0,0,0,0,0,0,0,0,,,,,,,,,,,,,,,,,,,,,,,,,,,,,,,,,,,,
NA3044,0,0,0,0,0,0,0,0,0,0,0,0,0,0,0,0,0,0,0,0,,,,,,,,,,,,,,,,,,,,,,,,,,,,,,,,,,,,
NA3045,0,0,0,0,0,0,0,0,0,0,0,0,0,0,0,0,0,0,0,0,,,,,,,,,,,,,,,,,,,,,,,,,,,,,,,,,,,,
NA3046,0,0,0,0,0,0,0,0,0,0,0,0,0,0,0,0,0,0,0,0,,,,,,,,,,,,,,,,,,,,,,,,,,,,,,,,,,,,
NA3047,0,0,0,0,0,0,0,0,0,0,0,0,0,0,0,0,0,0,0,0,,,,,,,,,,,,,,,,,,,,,,,,,,,,,,,,,,,,
NA3048,0,0,0,0,0,0,0,0,0,0,0,0,0,0,0,0,0,1,0,0,,,,,,,,,,,,,,,,,,,,,,,,,,,,,,,,,,,,
NA3049,0,0,0,0,0,0,0,0,0,0,0,0,0,0,0,0,0,1,0,0,,,,,,,,,,,,,,,,,,,,,,,,,,,,,,,,,,,,
NA3050,0,0,0,0,0,0,0,0,0,0,0,0,0,0,0,0,0,0,0,0,,,,,,,,,,,,,,,,,,,,,,,,,,,,,,,,,,,,
NA3051,0,0,0,0,0,0,0,0,0,0,0,0,0,0,0,0,0,0,0,0,,,,,,,,,,,,,,,,,,,,,,,,,,,,,,,,,,,,
NA3052,0,0,0,0,0,0,0,0,0,0,0,0,0,0,0,0,0,0,0,0,,,,,,,,,,,,,,,,,,,,,,,,,,,,,,,,,,,,
NA3053,0,0,0,0,0,0,0,0,0,0,0,0,0,0,0,0,0,0,0,0,,,,,,,,,,,,,,,,,,,,,,,,,,,,,,,,,,,,
NA3054,0,0,0,0,0,0,0,0,0,0,0,0,0,0,0,0,0,0,0,0,,,,,,,,,,,,,,,,,,,,,,,,,,,,,,,,,,,,
NA3055,0,0,0,0,0,0,0,0,0,0,0,0,0,0,0,0,0,0,0,0,,,,,,,,,,,,,,,,,,,,,,,,,,,,,,,,,,,,
NA3056,0,0,0,0,0,0,0,0,0,0,0,0,0,0,0,0,0,0,0,0,,,,,,,,,,,,,,,,,,,,,,,,,,,,,,,,,,,,
NA3057,0,0,0,0,0,0,0,0,0,0,0,0,0,0,0,0,0,0,0,0,,,,,,,,,,,,,,,,,,,,,,,,,,,,,,,,,,,,
NA3058,0,0,0,0,0,0,0,0,0,0,0,0,0,0,0,0,0,0,0,0,,,,,,,,,,,,,,,,,,,,,,,,,,,,,,,,,,,,
NA3059,0,0,0,0,0,0,0,0,0,0,0,0,0,0,0,0,0,0,0,0,,,,,,,,,,,,,,,,,,,,,,,,,,,,,,,,,,,,
NA3060,0,0,0,0,0,0,0,0,0,0,0,0,0,0,0,0,0,0,0,0,,,,,,,,,,,,,,,,,,,,,,,,,,,,,,,,,,,,
NA3061,0,0,0,0,0,0,0,0,0,0,0,0,0,0,0,0,0,1,0,0,,,,,,,,,,,,,,,,,,,,,,,,,,,,,,,,,,,,
NA3062,0,0,0,0,0,0,0,0,0,0,0,0,0,0,0,0,0,0,0,0,,,,,,,,,,,,,,,,,,,,,,,,,,,,,,,,,,,,
NA3063,0,0,0,0,0,0,0,0,0,0,0,0,0,0,0,0,0,1,0,0,,,,,,,,,,,,,,,,,,,,,,,,,,,,,,,,,,,,
NA3064,0,0,0,0,0,0,0,0,0,0,0,0,0,0,0,0,0,0,0,0,,,,,,,,,,,,,,,,,,,,,,,,,,,,,,,,,,,,
NA3065,0,0,0,0,0,0,0,0,0,0,0,0,0,0,0,0,0,0,0,0,,,,,,,,,,,,,,,,,,,,,,,,,,,,,,,,,,,,
NA3066,0,0,0,0,0,0,0,0,0,0,0,0,0,0,0,0,0,0,0,0,,,,,,,,,,,,,,,,,,,,,,,,,,,,,,,,,,,,
NA3067,0,0,0,0,0,0,0,0,0,0,0,0,0,0,0,0,0,0,0,0,,,,,,,,,,,,,,,,,,,,,,,,,,,,,,,,,,,,
NA3068,0,0,0,0,0,0,0,0,0,0,0,0,0,0,0,0,0,0,0,0,,,,,,,,,,,,,,,,,,,,,,,,,,,,,,,,,,,,
NA3069,0,0,0,0,0,0,0,0,0,0,0,0,0,0,0,0,0,0,0,0,,,,,,,,,,,,,,,,,,,,,,,,,,,,,,,,,,,,
NA3070,0,0,0,0,0,0,0,0,0,0,0,0,0,0,0,0,0,0,0,0,,,,,,,,,,,,,,,,,,,,,,,,,,,,,,,,,,,,
NA3071,0,0,0,0,0,0,0,0,0,0,0,0,0,0,0,0,0,0,0,0,,,,,,,,,,,,,,,,,,,,,,,,,,,,,,,,,,,,
NA3072,0,0,0,0,0,0,0,0,0,0,0,0,0,0,0,0,0,0,0,0,,,,,,,,,,,,,,,,,,,,,,,,,,,,,,,,,,,,
NA3073,0,0,0,0,0,0,0,0,0,0,0,0,0,0,0,0,0,0,0,0,,,,,,,,,,,,,,,,,,,,,,,,,,,,,,,,,,,,
NA3074,0,0,0,0,0,0,0,0,0,0,0,0,0,0,0,0,0,0,0,0,,,,,,,,,,,,,,,,,,,,,,,,,,,,,,,,,,,,
NA3075,0,0,0,0,0,0,0,0,0,0,0,0,0,0,0,0,0,1,0,0,,,,,,,,,,,,,,,,,,,,,,,,,,,,,,,,,,,,
NA3076,0,0,0,0,0,0,0,0,0,0,0,0,0,0,0,0,0,0,0,0,,,,,,,,,,,,,,,,,,,,,,,,,,,,,,,,,,,,
NA3077,0,0,0,0,0,0,0,0,0,0,0,0,0,0,0,0,0,0,0,0,,,,,,,,,,,,,,,,,,,,,,,,,,,,,,,,,,,,
NA3078,0,0,0,0,0,0,0,0,0,0,0,0,0,0,0,0,0,1,0,0,,,,,,,,,,,,,,,,,,,,,,,,,,,,,,,,,,,,
NA3079,0,0,0,0,0,0,0,0,0,0,0,0,0,0,0,0,0,0,0,0,,,,,,,,,,,,,,,,,,,,,,,,,,,,,,,,,,,,
NA3080,0,0,0,0,0,0,0,0,0,0,0,0,0,0,0,0,0,0,0,0,,,,,,,,,,,,,,,,,,,,,,,,,,,,,,,,,,,,
NA3081,0,0,0,0,0,0,0,0,0,0,0,0,0,0,0,0,0,0,0,0,,,,,,,,,,,,,,,,,,,,,,,,,,,,,,,,,,,,
NA3082,0,0,0,0,0,0,0,0,0,0,0,0,0,0,0,0,0,0,0,0,,,,,,,,,,,,,,,,,,,,,,,,,,,,,,,,,,,,
NA3083,0,0,0,0,0,0,0,0,0,0,0,0,0,0,0,0,0,0,0,0,,,,,,,,,,,,,,,,,,,,,,,,,,,,,,,,,,,,
NA3084,0,0,0,0,0,0,0,0,0,0,0,0,0,0,0,0,0,0,0,0,,,,,,,,,,,,,,,,,,,,,,,,,,,,,,,,,,,,
NA3085,0,0,0,0,0,0,0,0,0,0,0,0,0,0,0,0,0,0,0,0,,,,,,,,,,,,,,,,,,,,,,,,,,,,,,,,,,,,
NA3086,0,0,0,0,0,0,0,0,0,0,0,0,0,0,0,0,0,0,0,0,,,,,,,,,,,,,,,,,,,,,,,,,,,,,,,,,,,,
NA3087,0,0,0,0,0,0,0,0,0,0,0,0,0,0,0,0,0,0,0,0,,,,,,,,,,,,,,,,,,,,,,,,,,,,,,,,,,,,
NA3088,0,0,0,0,0,0,0,0,0,0,0,0,0,0,0,0,0,0,0,0,,,,,,,,,,,,,,,,,,,,,,,,,,,,,,,,,,,,
NA3089,0,0,0,0,0,0,0,0,0,0,0,0,0,0,0,0,0,0,0,0,,,,,,,,,,,,,,,,,,,,,,,,,,,,,,,,,,,,
NA3090,0,0,0,0,0,0,0,0,0,0,0,0,0,0,0,0,0,0,0,0,,,,,,,,,,,,,,,,,,,,,,,,,,,,,,,,,,,,
NA3091,0,0,0,0,0,0,0,0,0,0,0,0,0,0,0,0,0,0,0,0,,,,,,,,,,,,,,,,,,,,,,,,,,,,,,,,,,,,
NA3092,0,0,0,0,0,0,0,0,0,0,0,0,0,0,0,0,0,0,0,0,,,,,,,,,,,,,,,,,,,,,,,,,,,,,,,,,,,,
NA3093,0,0,0,0,0,0,0,0,0,0,0,0,0,0,0,0,0,0,0,0,,,,,,,,,,,,,,,,,,,,,,,,,,,,,,,,,,,,
NA3094,0,0,0,0,0,0,0,0,0,0,0,0,0,0,0,0,0,0,0,0,,,,,,,,,,,,,,,,,,,,,,,,,,,,,,,,,,,,
NA3095,0,0,0,0,0,0,0,0,0,0,0,0,0,0,0,0,0,0,0,0,,,,,,,,,,,,,,,,,,,,,,,,,,,,,,,,,,,,
NA3096,0,0,0,0,0,0,0,0,0,0,0,0,0,0,0,0,0,0,0,0,,,,,,,,,,,,,,,,,,,,,,,,,,,,,,,,,,,,
NA3097,0,0,0,0,0,0,0,0,0,0,0,0,0,0,0,0,0,0,0,0,,,,,,,,,,,,,,,,,,,,,,,,,,,,,,,,,,,,
NA3098,0,0,0,0,0,0,0,0,0,0,0,0,0,0,0,0,0,0,0,0,,,,,,,,,,,,,,,,,,,,,,,,,,,,,,,,,,,,
NA3099,0,0,0,0,0,0,0,0,0,0,0,0,0,0,0,0,0,0,0,0,,,,,,,,,,,,,,,,,,,,,,,,,,,,,,,,,,,,
NA3100,0,0,0,0,0,0,0,0,0,0,0,0,0,0,0,0,0,1,0,0,,,,,,,,,,,,,,,,,,,,,,,,,,,,,,,,,,,,
NA3101,0,0,0,0,0,0,0,0,0,0,0,0,0,0,0,0,0,0,0,0,,,,,,,,,,,,,,,,,,,,,,,,,,,,,,,,,,,,
NA3102,0,0,0,0,0,0,0,0,0,0,0,0,0,0,0,0,0,0,0,0,,,,,,,,,,,,,,,,,,,,,,,,,,,,,,,,,,,,
NA3103,0,0,0,0,0,0,0,0,0,0,0,0,0,0,0,0,0,0,0,0,,,,,,,,,,,,,,,,,,,,,,,,,,,,,,,,,,,,
NA3104,0,0,0,0,0,0,0,0,0,0,0,0,0,0,0,0,0,1,0,0,,,,,,,,,,,,,,,,,,,,,,,,,,,,,,,,,,,,
NA3105,0,0,0,0,0,0,0,0,0,0,0,0,0,0,0,0,0,0,0,0,,,,,,,,,,,,,,,,,,,,,,,,,,,,,,,,,,,,
NA3106,0,0,0,0,0,0,0,0,0,0,0,0,0,0,0,0,0,0,0,0,,,,,,,,,,,,,,,,,,,,,,,,,,,,,,,,,,,,
NA3107,0,0,0,0,0,0,0,0,0,0,0,0,0,0,0,0,0,0,0,0,,,,,,,,,,,,,,,,,,,,,,,,,,,,,,,,,,,,
NA3108,0,0,0,0,0,0,0,0,0,0,0,0,0,0,0,0,0,0,0,0,,,,,,,,,,,,,,,,,,,,,,,,,,,,,,,,,,,,
NA3109,0,0,0,0,0,0,0,0,0,0,0,0,0,0,0,0,0,1,0,0,,,,,,,,,,,,,,,,,,,,,,,,,,,,,,,,,,,,
NA3110,0,0,0,0,0,0,0,0,0,0,0,0,0,0,0,0,0,0,0,0,,,,,,,,,,,,,,,,,,,,,,,,,,,,,,,,,,,,
NA3111,0,0,0,0,0,0,0,0,0,1,0,0,0,0,0,0,0,0,0,0,,,,,,,,,,,,,,,,,,,,,,,,,,,,,,,,,,,,
NA3112,0,0,0,0,0,0,0,0,0,0,0,0,0,0,0,0,0,0,0,0,,,,,,,,,,,,,,,,,,,,,,,,,,,,,,,,,,,,
NA3113,0,0,0,0,0,0,0,0,0,0,0,0,0,0,0,0,0,0,0,0,,,,,,,,,,,,,,,,,,,,,,,,,,,,,,,,,,,,
NA3114,0,0,0,0,0,0,0,0,0,0,0,0,0,0,0,0,0,0,0,0,,,,,,,,,,,,,,,,,,,,,,,,,,,,,,,,,,,,
NA3115,0,0,0,0,0,0,0,0,0,0,0,0,0,0,0,0,0,0,0,0,,,,,,,,,,,,,,,,,,,,,,,,,,,,,,,,,,,,
NA3116,0,0,0,0,0,0,0,0,0,0,0,0,0,0,0,0,0,0,0,0,,,,,,,,,,,,,,,,,,,,,,,,,,,,,,,,,,,,
NA3117,0,0,0,0,0,0,0,0,0,0,0,0,0,0,0,0,0,0,0,0,,,,,,,,,,,,,,,,,,,,,,,,,,,,,,,,,,,,
NA3118,0,0,0,0,0,0,0,0,0,0,0,0,0,0,0,0,0,0,0,0,,,,,,,,,,,,,,,,,,,,,,,,,,,,,,,,,,,,
NA3119,0,0,0,0,0,0,0,0,0,0,0,0,0,0,0,0,0,0,0,0,,,,,,,,,,,,,,,,,,,,,,,,,,,,,,,,,,,,
NA3120,0,0,0,0,0,0,0,0,0,0,0,0,0,0,0,0,0,0,0,0,,,,,,,,,,,,,,,,,,,,,,,,,,,,,,,,,,,,
NA3121,0,0,0,0,0,0,0,0,0,0,0,0,0,0,0,0,0,0,0,0,,,,,,,,,,,,,,,,,,,,,,,,,,,,,,,,,,,,
NA3122,0,0,0,0,0,0,0,0,0,0,0,0,0,0,0,0,0,0,0,0,,,,,,,,,,,,,,,,,,,,,,,,,,,,,,,,,,,,
NA3123,0,0,0,0,0,0,0,0,0,0,0,0,0,0,0,0,0,0,0,0,,,,,,,,,,,,,,,,,,,,,,,,,,,,,,,,,,,,
NA3124,0,0,0,0,0,0,0,0,0,0,0,0,0,0,0,0,0,0,0,0,,,,,,,,,,,,,,,,,,,,,,,,,,,,,,,,,,,,
NA3125,0,0,0,0,0,0,0,0,0,0,0,0,0,0,0,0,0,0,0,0,,,,,,,,,,,,,,,,,,,,,,,,,,,,,,,,,,,,
NA3126,0,0,0,0,0,0,0,0,0,0,0,0,0,0,0,0,0,0,0,0,,,,,,,,,,,,,,,,,,,,,,,,,,,,,,,,,,,,
NA3127,0,0,0,0,0,0,0,0,0,0,0,0,0,0,0,0,0,0,0,0,,,,,,,,,,,,,,,,,,,,,,,,,,,,,,,,,,,,
NA3128,0,0,0,0,0,0,0,0,0,0,0,0,0,0,0,0,0,1,0,0,,,,,,,,,,,,,,,,,,,,,,,,,,,,,,,,,,,,
NA3129,0,0,0,0,0,0,0,0,0,0,0,0,0,0,0,0,0,0,0,0,,,,,,,,,,,,,,,,,,,,,,,,,,,,,,,,,,,,
NA3130,0,0,0,0,0,0,0,0,0,0,0,0,0,0,0,0,0,0,0,0,,,,,,,,,,,,,,,,,,,,,,,,,,,,,,,,,,,,
NA3131,0,0,0,0,0,0,0,0,0,0,0,0,0,0,0,0,0,0,0,0,,,,,,,,,,,,,,,,,,,,,,,,,,,,,,,,,,,,
NA3132,0,0,0,0,0,0,0,0,0,0,0,0,0,0,0,0,0,1,0,0,,,,,,,,,,,,,,,,,,,,,,,,,,,,,,,,,,,,
NA3133,0,0,0,0,0,0,0,0,0,0,0,0,0,0,0,0,0,0,0,0,,,,,,,,,,,,,,,,,,,,,,,,,,,,,,,,,,,,
NA3134,0,0,0,0,0,0,0,0,0,0,0,0,0,0,0,0,0,0,0,0,,,,,,,,,,,,,,,,,,,,,,,,,,,,,,,,,,,,
NA3135,0,0,0,0,0,0,0,0,0,0,0,0,0,0,0,0,0,0,0,0,,,,,,,,,,,,,,,,,,,,,,,,,,,,,,,,,,,,
NA3136,0,0,0,0,0,0,0,0,0,0,0,0,0,0,0,0,0,0,0,0,,,,,,,,,,,,,,,,,,,,,,,,,,,,,,,,,,,,
NA3137,0,0,0,0,0,0,0,0,0,0,0,0,0,0,0,0,0,0,0,0,,,,,,,,,,,,,,,,,,,,,,,,,,,,,,,,,,,,
NA3138,0,0,0,0,0,0,0,0,0,1,0,0,0,0,0,0,0,0,0,0,,,,,,,,,,,,,,,,,,,,,,,,,,,,,,,,,,,,
NA3139,0,0,0,0,0,0,0,0,0,0,0,0,0,0,0,0,0,0,0,0,,,,,,,,,,,,,,,,,,,,,,,,,,,,,,,,,,,,
NA3140,0,0,0,0,0,0,0,0,0,0,0,0,0,0,0,0,0,0,0,0,,,,,,,,,,,,,,,,,,,,,,,,,,,,,,,,,,,,
NA3141,0,0,0,0,0,0,0,0,0,0,0,0,0,0,0,0,0,1,0,0,,,,,,,,,,,,,,,,,,,,,,,,,,,,,,,,,,,,
NA3142,0,0,0,0,0,0,0,0,0,0,0,0,0,0,0,0,0,0,0,0,,,,,,,,,,,,,,,,,,,,,,,,,,,,,,,,,,,,
NA3143,0,0,0,0,0,0,0,0,0,0,0,0,0,0,0,0,0,0,0,0,,,,,,,,,,,,,,,,,,,,,,,,,,,,,,,,,,,,
NA3144,0,0,0,0,0,0,0,0,0,0,0,0,0,0,0,0,0,0,0,0,,,,,,,,,,,,,,,,,,,,,,,,,,,,,,,,,,,,
NA3145,0,0,0,0,0,0,0,0,0,0,0,0,0,0,0,0,0,0,0,0,,,,,,,,,,,,,,,,,,,,,,,,,,,,,,,,,,,,
NA3146,0,0,0,0,0,0,0,0,0,0,0,0,0,0,0,0,0,0,0,0,,,,,,,,,,,,,,,,,,,,,,,,,,,,,,,,,,,,
NA3147,0,0,0,0,0,0,0,0,0,0,0,0,0,0,0,0,0,0,0,0,,,,,,,,,,,,,,,,,,,,,,,,,,,,,,,,,,,,
NA3148,0,0,0,0,0,0,0,0,0,0,0,0,0,0,0,0,0,0,0,0,,,,,,,,,,,,,,,,,,,,,,,,,,,,,,,,,,,,
NA3149,0,0,0,0,0,0,0,0,0,0,0,0,0,0,0,0,0,0,0,0,,,,,,,,,,,,,,,,,,,,,,,,,,,,,,,,,,,,
NA3150,0,0,0,0,0,0,0,0,0,0,0,0,0,0,0,0,0,0,0,0,,,,,,,,,,,,,,,,,,,,,,,,,,,,,,,,,,,,
NA3151,0,0,0,0,0,0,0,0,0,0,0,0,0,0,0,0,0,0,0,0,,,,,,,,,,,,,,,,,,,,,,,,,,,,,,,,,,,,
NA3152,0,0,0,0,0,0,0,0,0,0,0,0,0,0,0,0,0,0,0,0,,,,,,,,,,,,,,,,,,,,,,,,,,,,,,,,,,,,
NA3153,0,0,0,0,0,0,0,0,0,0,0,0,0,0,0,0,0,0,0,0,,,,,,,,,,,,,,,,,,,,,,,,,,,,,,,,,,,,
NA3154,0,0,0,0,0,0,0,0,0,0,0,0,0,0,0,0,0,0,0,0,,,,,,,,,,,,,,,,,,,,,,,,,,,,,,,,,,,,
NA3155,0,0,0,0,0,0,0,0,0,0,0,0,0,0,0,0,0,0,0,0,,,,,,,,,,,,,,,,,,,,,,,,,,,,,,,,,,,,
NA3156,0,0,0,0,0,0,0,0,0,0,0,0,0,0,0,0,0,0,0,0,,,,,,,,,,,,,,,,,,,,,,,,,,,,,,,,,,,,
NA3157,0,0,0,0,0,0,0,0,0,0,0,0,0,0,0,0,0,0,0,0,,,,,,,,,,,,,,,,,,,,,,,,,,,,,,,,,,,,
NA3158,0,0,0,0,0,0,0,0,0,0,0,0,0,0,0,0,0,0,0,0,,,,,,,,,,,,,,,,,,,,,,,,,,,,,,,,,,,,
NA3159,0,0,0,0,0,0,0,0,0,0,0,0,0,0,0,0,0,0,0,0,,,,,,,,,,,,,,,,,,,,,,,,,,,,,,,,,,,,
NA3160,0,0,0,0,0,0,0,0,0,0,0,0,0,0,0,0,0,1,0,0,,,,,,,,,,,,,,,,,,,,,,,,,,,,,,,,,,,,
NA3161,0,0,0,0,0,0,0,0,0,0,0,0,0,0,0,0,0,0,0,0,,,,,,,,,,,,,,,,,,,,,,,,,,,,,,,,,,,,
NA3162,0,0,0,0,0,0,0,0,0,0,0,0,0,0,0,0,0,0,0,0,,,,,,,,,,,,,,,,,,,,,,,,,,,,,,,,,,,,
NA3163,0,0,0,0,0,0,0,0,0,0,0,0,0,0,0,0,0,0,0,0,,,,,,,,,,,,,,,,,,,,,,,,,,,,,,,,,,,,
NA3164,0,0,0,0,0,0,0,0,0,0,0,0,0,0,0,0,0,0,0,0,,,,,,,,,,,,,,,,,,,,,,,,,,,,,,,,,,,,
NA3165,0,0,0,0,0,0,0,0,0,0,0,0,0,0,0,0,0,0,0,0,,,,,,,,,,,,,,,,,,,,,,,,,,,,,,,,,,,,
NA3166,0,0,0,0,0,0,0,0,0,0,0,0,0,0,0,0,0,0,0,0,,,,,,,,,,,,,,,,,,,,,,,,,,,,,,,,,,,,
NA3167,0,0,0,0,0,0,0,0,0,0,0,0,0,0,0,0,0,0,0,0,,,,,,,,,,,,,,,,,,,,,,,,,,,,,,,,,,,,
NA3168,0,0,0,0,0,0,0,0,0,0,0,0,0,0,0,0,0,0,0,0,,,,,,,,,,,,,,,,,,,,,,,,,,,,,,,,,,,,
NA3169,0,0,0,0,0,0,0,0,0,0,0,0,0,0,0,0,0,0,0,0,,,,,,,,,,,,,,,,,,,,,,,,,,,,,,,,,,,,
NA3170,0,0,0,0,0,0,0,0,0,0,0,0,0,0,0,0,0,0,0,0,,,,,,,,,,,,,,,,,,,,,,,,,,,,,,,,,,,,
NA3171,0,0,0,0,0,0,0,0,0,0,0,0,0,0,0,0,0,0,0,0,,,,,,,,,,,,,,,,,,,,,,,,,,,,,,,,,,,,
NA3172,0,0,0,0,0,0,0,0,0,0,0,0,0,0,0,0,0,0,0,0,,,,,,,,,,,,,,,,,,,,,,,,,,,,,,,,,,,,
NA3173,0,0,0,0,0,0,0,0,0,0,0,0,0,0,0,0,0,0,0,0,,,,,,,,,,,,,,,,,,,,,,,,,,,,,,,,,,,,
NA3174,0,0,0,0,0,0,0,0,0,0,0,0,0,0,0,0,0,0,0,0,,,,,,,,,,,,,,,,,,,,,,,,,,,,,,,,,,,,
NA3175,0,0,0,0,0,0,0,0,0,0,0,0,0,0,0,0,0,0,0,0,,,,,,,,,,,,,,,,,,,,,,,,,,,,,,,,,,,,
NA3176,0,0,0,0,0,0,0,0,0,0,0,0,0,0,0,0,0,0,0,0,,,,,,,,,,,,,,,,,,,,,,,,,,,,,,,,,,,,
NA3177,0,0,0,0,0,0,0,0,0,0,0,0,0,0,0,0,0,0,0,0,,,,,,,,,,,,,,,,,,,,,,,,,,,,,,,,,,,,
NA3178,0,0,0,0,0,0,0,0,0,0,0,0,0,0,0,0,0,0,0,0,,,,,,,,,,,,,,,,,,,,,,,,,,,,,,,,,,,,
NA3179,0,0,0,0,0,0,0,0,0,0,0,0,0,0,0,0,0,1,1,0,,,,,,,,,,,,,,,,,,,,,,,,,,,,,,,,,,,,0
NA3180,0,0,0,0,0,0,0,0,0,0,0,0,0,0,0,0,0,0,0,0,,,,,,,,,,,,,,,,,,,,,,,,,,,,,,,,,,,,
NA3181,0,0,0,0,0,0,0,0,0,0,0,0,0,0,0,0,0,0,0,0,,,,,,,,,,,,,,,,,,,,,,,,,,,,,,,,,,,,
NA3182,0,0,0,0,0,0,0,0,0,0,0,0,0,0,0,0,0,0,0,0,,,,,,,,,,,,,,,,,,,,,,,,,,,,,,,,,,,,
NA3183,0,0,0,0,0,0,0,0,0,0,0,0,0,0,0,0,0,0,0,0,,,,,,,,,,,,,,,,,,,,,,,,,,,,,,,,,,,,
NA3184,0,0,0,0,0,0,0,0,0,0,0,0,0,0,0,0,0,0,0,0,,,,,,,,,,,,,,,,,,,,,,,,,,,,,,,,,,,,
NA3185,0,0,0,0,0,0,0,0,0,0,0,0,0,0,0,0,0,0,0,0,,,,,,,,,,,,,,,,,,,,,,,,,,,,,,,,,,,,
NA3186,0,0,0,0,0,0,0,0,0,0,0,0,0,0,0,0,0,0,0,0,,,,,,,,,,,,,,,,,,,,,,,,,,,,,,,,,,,,
NA3187,0,0,0,0,0,0,0,0,0,0,0,0,0,0,0,0,0,0,0,0,,,,,,,,,,,,,,,,,,,,,,,,,,,,,,,,,,,,
NA3188,0,0,0,0,0,0,0,0,0,1,0,0,0,0,0,0,0,1,1,0,,,,,,,,,,,,,,,,,,,,0,0,,,,,,,,,,,,,,,0
NA3189,0,0,0,0,0,0,0,0,0,0,0,0,0,0,0,0,0,1,0,0,,,,,,,,,,,,,,,,,,,,,,,,,,,,,,,,,,,,
NA3190,0,0,0,0,0,0,0,0,0,0,0,0,0,0,0,0,0,0,0,0,,,,,,,,,,,,,,,,,,,,,,,,,,,,,,,,,,,,
NA3191,0,0,0,0,0,0,0,0,0,0,0,0,0,0,0,0,0,0,0,0,,,,,,,,,,,,,,,,,,,,,,,,,,,,,,,,,,,,
NA3192,0,0,0,0,0,0,0,0,0,0,0,0,0,0,0,0,0,0,0,0,,,,,,,,,,,,,,,,,,,,,,,,,,,,,,,,,,,,
NA3193,0,0,0,0,0,0,0,0,0,0,0,0,0,0,0,0,0,0,0,0,,,,,,,,,,,,,,,,,,,,,,,,,,,,,,,,,,,,
NA3194,0,0,0,0,0,0,0,0,0,0,0,0,0,0,0,0,0,0,0,0,,,,,,,,,,,,,,,,,,,,,,,,,,,,,,,,,,,,
NA3195,0,0,0,0,0,0,0,0,0,0,0,0,0,0,0,0,0,0,0,0,,,,,,,,,,,,,,,,,,,,,,,,,,,,,,,,,,,,
NA3196,0,0,0,0,0,0,0,0,0,0,0,0,0,0,0,0,0,0,0,0,,,,,,,,,,,,,,,,,,,,,,,,,,,,,,,,,,,,
NA3197,0,0,0,0,0,0,0,0,0,0,0,0,0,0,0,0,0,0,0,0,,,,,,,,,,,,,,,,,,,,,,,,,,,,,,,,,,,,
NA3198,0,0,0,0,0,0,0,0,0,0,0,0,0,0,0,0,0,0,0,0,,,,,,,,,,,,,,,,,,,,,,,,,,,,,,,,,,,,
NA3199,0,0,0,0,0,0,0,0,0,0,0,0,0,0,0,0,0,0,0,0,,,,,,,,,,,,,,,,,,,,,,,,,,,,,,,,,,,,
NA3200,0,0,0,0,0,0,0,0,0,0,0,0,0,0,0,0,0,0,0,0,,,,,,,,,,,,,,,,,,,,,,,,,,,,,,,,,,,,
NA3201,0,0,0,0,0,0,0,0,0,0,0,0,0,0,0,0,0,0,0,0,,,,,,,,,,,,,,,,,,,,,,,,,,,,,,,,,,,,
NA3202,0,0,0,0,0,0,0,0,0,0,0,0,0,0,0,0,0,0,0,0,,,,,,,,,,,,,,,,,,,,,,,,,,,,,,,,,,,,
NA3203,0,0,0,0,0,0,0,0,0,0,0,0,0,0,0,0,0,0,0,0,,,,,,,,,,,,,,,,,,,,,,,,,,,,,,,,,,,,
NA3204,0,0,0,0,0,0,0,0,0,0,0,0,0,0,0,0,0,0,0,0,,,,,,,,,,,,,,,,,,,,,,,,,,,,,,,,,,,,
NA3205,0,0,0,0,0,0,0,0,0,0,0,0,0,0,0,0,0,1,0,0,,,,,,,,,,,,,,,,,,,,,,,,,,,,,,,,,,,,
NA3206,0,0,0,0,0,0,0,0,0,0,0,0,0,0,0,0,0,0,0,0,,,,,,,,,,,,,,,,,,,,,,,,,,,,,,,,,,,,
NA3207,0,0,0,0,0,0,0,0,0,0,0,0,0,0,0,0,0,0,0,0,,,,,,,,,,,,,,,,,,,,,,,,,,,,,,,,,,,,
NA3208,0,0,0,0,0,0,0,0,0,0,0,0,0,0,0,0,0,0,0,0,,,,,,,,,,,,,,,,,,,,,,,,,,,,,,,,,,,,
NA3209,0,0,0,0,0,0,0,0,0,0,0,0,0,0,0,0,0,0,0,0,,,,,,,,,,,,,,,,,,,,,,,,,,,,,,,,,,,,
NA3210,0,0,0,0,0,0,0,0,0,0,0,0,0,0,0,0,0,0,0,0,,,,,,,,,,,,,,,,,,,,,,,,,,,,,,,,,,,,
NA3211,0,0,0,0,0,0,0,0,0,0,0,0,0,0,0,0,0,0,0,0,,,,,,,,,,,,,,,,,,,,,,,,,,,,,,,,,,,,
NA3212,0,0,0,0,0,0,0,0,0,0,0,0,0,0,0,0,0,0,0,0,,,,,,,,,,,,,,,,,,,,,,,,,,,,,,,,,,,,
NA3213,0,0,0,0,0,0,0,0,0,0,0,0,0,0,0,0,0,1,0,0,,,,,,,,,,,,,,,,,,,,,,,,,,,,,,,,,,,,
NA3214,0,0,0,0,0,0,0,0,0,0,0,0,0,0,0,0,0,0,0,0,,,,,,,,,,,,,,,,,,,,,,,,,,,,,,,,,,,,
NA3215,0,0,0,0,0,0,0,0,0,0,0,0,0,0,0,0,0,0,0,0,,,,,,,,,,,,,,,,,,,,,,,,,,,,,,,,,,,,
NA3216,0,0,0,0,0,0,0,0,0,0,0,0,0,0,0,0,0,0,0,0,,,,,,,,,,,,,,,,,,,,,,,,,,,,,,,,,,,,
NA3217,0,0,0,0,0,0,0,0,0,0,0,0,0,0,0,0,0,0,0,0,,,,,,,,,,,,,,,,,,,,,,,,,,,,,,,,,,,,
NA3218,0,0,0,0,0,0,0,0,0,0,0,0,0,0,0,0,0,1,0,0,,,,,,,,,,,,,,,,,,,,,,,,,,,,,,,,,,,,
NA3219,0,0,0,0,0,0,0,0,0,0,0,0,0,0,0,0,0,0,0,0,,,,,,,,,,,,,,,,,,,,,,,,,,,,,,,,,,,,
NA3220,0,0,0,0,0,0,0,0,0,0,0,0,0,0,0,0,0,0,0,0,,,,,,,,,,,,,,,,,,,,,,,,,,,,,,,,,,,,
NA3221,0,0,0,0,0,0,0,0,0,0,0,0,0,0,0,0,0,0,0,0,,,,,,,,,,,,,,,,,,,,,,,,,,,,,,,,,,,,
NA3222,0,0,0,0,0,0,0,0,0,0,0,0,0,0,0,0,0,0,0,0,,,,,,,,,,,,,,,,,,,,,,,,,,,,,,,,,,,,
NA3223,0,0,0,0,0,0,0,0,0,0,0,0,0,0,0,0,0,0,0,0,,,,,,,,,,,,,,,,,,,,,,,,,,,,,,,,,,,,
NA3224,0,0,0,0,0,0,0,0,0,0,0,0,0,0,0,0,0,0,0,0,,,,,,,,,,,,,,,,,,,,,,,,,,,,,,,,,,,,
NA3225,0,0,0,0,0,0,0,0,0,0,0,0,0,0,0,0,0,0,0,0,,,,,,,,,,,,,,,,,,,,,,,,,,,,,,,,,,,,
NA3226,0,0,0,0,0,0,0,0,0,0,0,0,0,0,0,0,0,0,0,0,,,,,,,,,,,,,,,,,,,,,,,,,,,,,,,,,,,,
NA3227,0,0,0,0,0,0,0,0,0,0,0,0,0,0,0,0,0,1,0,0,,,,,,,,,,,,,,,,,,,,,,,,,,,,,,,,,,,,
NA3228,0,0,0,0,0,0,0,0,0,0,0,0,0,0,0,0,0,0,0,0,,,,,,,,,,,,,,,,,,,,,,,,,,,,,,,,,,,,
NA3229,0,0,0,0,0,0,0,0,1,0,0,1,0,0,0,0,0,0,0,0,,,,,,,,,,0,,,,,,,,,,,,,,,,,,,,,,,,,,
NA3230,0,0,0,0,0,0,0,0,0,0,0,0,0,0,0,0,0,1,1,0,,,,,,,,,,,,,,,,,,,,,,,,,,,,,,,,,,,,0
NA3231,0,0,0,0,0,0,0,0,0,0,0,0,0,0,0,0,0,0,0,0,,,,,,,,,,,,,,,,,,,,,,,,,,,,,,,,,,,,
NA3232,0,0,0,0,0,0,0,0,0,0,0,0,0,0,0,0,0,0,0,0,,,,,,,,,,,,,,,,,,,,,,,,,,,,,,,,,,,,
NA3233,0,0,0,0,0,0,0,0,0,0,0,0,0,0,0,0,0,0,0,0,,,,,,,,,,,,,,,,,,,,,,,,,,,,,,,,,,,,
NA3234,0,0,0,0,0,0,0,0,0,0,0,0,0,0,0,0,0,0,0,0,,,,,,,,,,,,,,,,,,,,,,,,,,,,,,,,,,,,
NA3235,0,0,0,0,0,0,0,0,0,0,0,0,0,0,0,0,0,0,0,0,,,,,,,,,,,,,,,,,,,,,,,,,,,,,,,,,,,,
NA3236,0,0,0,0,0,0,0,0,0,0,0,0,0,0,0,0,0,0,0,0,,,,,,,,,,,,,,,,,,,,,,,,,,,,,,,,,,,,
NA3237,0,0,0,0,0,0,0,0,0,0,0,0,0,0,0,0,0,0,0,0,,,,,,,,,,,,,,,,,,,,,,,,,,,,,,,,,,,,
NA3238,0,0,0,0,0,0,0,0,0,0,0,0,0,0,0,0,0,0,0,0,,,,,,,,,,,,,,,,,,,,,,,,,,,,,,,,,,,,
NA3239,0,0,0,0,0,0,0,0,0,0,0,0,0,0,0,0,0,0,0,0,,,,,,,,,,,,,,,,,,,,,,,,,,,,,,,,,,,,
NA3240,0,0,0,0,0,0,0,0,0,0,0,0,0,0,0,0,0,1,0,0,,,,,,,,,,,,,,,,,,,,,,,,,,,,,,,,,,,,
NA3241,0,0,0,0,0,0,0,0,0,0,0,0,0,0,0,0,0,0,0,0,,,,,,,,,,,,,,,,,,,,,,,,,,,,,,,,,,,,
NA3242,0,0,0,0,0,0,0,0,0,0,0,0,0,0,0,0,0,0,0,0,,,,,,,,,,,,,,,,,,,,,,,,,,,,,,,,,,,,
NA3243,0,0,0,0,0,0,0,0,0,0,0,0,0,0,0,0,0,0,0,0,,,,,,,,,,,,,,,,,,,,,,,,,,,,,,,,,,,,
NA3244,0,0,0,0,0,0,0,0,0,0,0,0,0,0,0,0,0,0,0,0,,,,,,,,,,,,,,,,,,,,,,,,,,,,,,,,,,,,
NA3245,0,0,0,0,0,0,0,0,0,0,0,0,0,0,0,0,0,0,0,0,,,,,,,,,,,,,,,,,,,,,,,,,,,,,,,,,,,,
NA3246,0,0,0,0,0,0,0,0,0,0,0,0,0,0,0,0,0,0,0,0,,,,,,,,,,,,,,,,,,,,,,,,,,,,,,,,,,,,
NA3247,0,0,0,0,0,0,0,0,0,0,0,0,0,0,0,0,0,1,0,0,,,,,,,,,,,,,,,,,,,,,,,,,,,,,,,,,,,,
NA3248,0,0,0,0,0,0,0,0,0,0,0,0,0,0,0,0,0,0,0,0,,,,,,,,,,,,,,,,,,,,,,,,,,,,,,,,,,,,
NA3249,0,0,0,0,0,0,0,0,0,0,0,0,0,0,0,0,0,0,0,0,,,,,,,,,,,,,,,,,,,,,,,,,,,,,,,,,,,,
NA3250,0,0,0,0,0,0,0,0,0,0,0,0,0,0,0,0,0,0,0,0,,,,,,,,,,,,,,,,,,,,,,,,,,,,,,,,,,,,
NA3251,0,0,0,0,0,0,0,0,0,0,0,0,0,0,0,0,0,0,0,0,,,,,,,,,,,,,,,,,,,,,,,,,,,,,,,,,,,,
NA3252,0,0,0,0,0,0,0,0,0,0,0,0,0,0,0,0,0,0,0,0,,,,,,,,,,,,,,,,,,,,,,,,,,,,,,,,,,,,
NA3253,0,0,0,0,0,0,0,0,0,0,0,0,0,0,0,0,0,0,0,0,,,,,,,,,,,,,,,,,,,,,,,,,,,,,,,,,,,,
NA3254,0,0,0,0,0,0,0,0,0,0,0,0,0,0,0,0,0,0,0,0,,,,,,,,,,,,,,,,,,,,,,,,,,,,,,,,,,,,
NA3255,0,0,0,0,0,0,0,0,0,0,0,0,0,0,0,0,0,1,0,0,,,,,,,,,,,,,,,,,,,,,,,,,,,,,,,,,,,,
NA3256,0,0,0,0,0,0,0,0,0,0,0,0,0,0,0,0,0,0,0,0,,,,,,,,,,,,,,,,,,,,,,,,,,,,,,,,,,,,
NA3257,0,0,0,0,0,0,0,0,0,0,0,0,0,0,0,0,0,0,0,0,,,,,,,,,,,,,,,,,,,,,,,,,,,,,,,,,,,,
NA3258,0,0,0,0,0,0,0,0,0,0,0,0,0,0,0,0,0,0,0,0,,,,,,,,,,,,,,,,,,,,,,,,,,,,,,,,,,,,
NA3259,0,0,0,0,0,0,0,0,0,0,0,0,0,0,0,0,0,0,0,0,,,,,,,,,,,,,,,,,,,,,,,,,,,,,,,,,,,,
NA3260,0,0,0,0,0,0,0,0,0,0,0,0,0,0,0,0,0,0,0,0,,,,,,,,,,,,,,,,,,,,,,,,,,,,,,,,,,,,
NA3261,0,0,0,0,0,0,0,0,0,0,0,0,0,0,0,0,0,0,0,0,,,,,,,,,,,,,,,,,,,,,,,,,,,,,,,,,,,,
NA3262,0,0,0,0,0,0,0,0,0,0,0,0,0,0,0,0,0,0,0,0,,,,,,,,,,,,,,,,,,,,,,,,,,,,,,,,,,,,
NA3263,0,0,0,0,0,0,0,0,0,0,0,0,0,0,0,0,0,0,0,0,,,,,,,,,,,,,,,,,,,,,,,,,,,,,,,,,,,,
NA3264,0,0,0,0,0,0,0,0,0,0,0,0,0,0,0,0,0,0,0,0,,,,,,,,,,,,,,,,,,,,,,,,,,,,,,,,,,,,
NA3265,0,0,0,0,0,0,0,0,0,0,0,0,0,0,0,0,0,1,0,0,,,,,,,,,,,,,,,,,,,,,,,,,,,,,,,,,,,,
NA3266,0,0,0,0,0,0,0,0,0,0,0,0,0,0,0,0,0,0,0,0,,,,,,,,,,,,,,,,,,,,,,,,,,,,,,,,,,,,
NA3267,0,0,0,0,0,0,0,0,0,0,0,0,0,0,0,0,0,0,0,0,,,,,,,,,,,,,,,,,,,,,,,,,,,,,,,,,,,,
NA3268,0,0,0,0,0,0,0,0,0,0,0,0,0,0,0,0,0,0,0,0,,,,,,,,,,,,,,,,,,,,,,,,,,,,,,,,,,,,
NA3269,0,0,0,0,0,0,0,0,0,0,0,0,0,0,0,0,0,0,0,0,,,,,,,,,,,,,,,,,,,,,,,,,,,,,,,,,,,,
NA3270,0,0,0,0,0,0,0,0,0,0,0,0,0,0,0,0,0,0,0,0,,,,,,,,,,,,,,,,,,,,,,,,,,,,,,,,,,,,
NA3271,0,0,0,0,0,0,0,0,0,0,0,0,0,0,0,0,0,0,0,0,,,,,,,,,,,,,,,,,,,,,,,,,,,,,,,,,,,,
NA3272,0,0,0,0,0,0,0,0,0,0,0,0,0,0,0,0,0,0,0,0,,,,,,,,,,,,,,,,,,,,,,,,,,,,,,,,,,,,
NA3273,0,0,0,0,0,0,0,0,0,0,0,0,0,0,0,0,0,0,0,0,,,,,,,,,,,,,,,,,,,,,,,,,,,,,,,,,,,,
NA3274,0,0,0,0,0,0,0,0,0,0,0,0,0,0,0,0,0,0,0,0,,,,,,,,,,,,,,,,,,,,,,,,,,,,,,,,,,,,
NA3275,0,0,0,0,0,0,0,0,0,0,0,0,0,0,0,0,0,0,0,0,,,,,,,,,,,,,,,,,,,,,,,,,,,,,,,,,,,,
NA3276,0,0,0,0,0,0,0,0,0,0,0,0,0,0,0,0,0,1,0,0,,,,,,,,,,,,,,,,,,,,,,,,,,,,,,,,,,,,
NA3277,0,0,0,0,0,0,0,0,0,0,0,0,0,0,0,0,0,0,1,0,,,,,,,,,,,,,,,,,,,,,,,,,,,,,,,,,,,,
NA3278,0,0,0,0,0,0,0,0,0,0,0,0,0,0,0,0,0,0,0,0,,,,,,,,,,,,,,,,,,,,,,,,,,,,,,,,,,,,
NA3279,0,0,0,0,0,0,0,0,0,0,0,0,0,0,0,0,0,0,0,0,,,,,,,,,,,,,,,,,,,,,,,,,,,,,,,,,,,,
NA3280,0,0,0,0,0,0,0,0,0,0,0,0,0,0,0,0,0,0,0,0,,,,,,,,,,,,,,,,,,,,,,,,,,,,,,,,,,,,
NA3281,0,0,0,0,0,0,0,0,0,0,0,0,0,0,0,0,0,0,0,0,,,,,,,,,,,,,,,,,,,,,,,,,,,,,,,,,,,,
NA3282,0,0,0,0,0,0,0,0,0,0,0,0,0,0,0,0,0,0,0,0,,,,,,,,,,,,,,,,,,,,,,,,,,,,,,,,,,,,
NA3283,0,0,0,0,0,0,0,0,0,0,0,0,0,0,0,0,0,0,0,0,,,,,,,,,,,,,,,,,,,,,,,,,,,,,,,,,,,,
NA3284,0,0,0,0,0,0,0,0,0,0,0,0,0,0,0,0,0,0,0,0,,,,,,,,,,,,,,,,,,,,,,,,,,,,,,,,,,,,
NA3285,0,0,0,0,0,0,0,0,0,0,0,0,0,0,0,0,0,0,0,0,,,,,,,,,,,,,,,,,,,,,,,,,,,,,,,,,,,,
NA3286,0,0,0,0,0,0,0,0,0,0,0,0,0,0,0,0,0,0,0,0,,,,,,,,,,,,,,,,,,,,,,,,,,,,,,,,,,,,
NA3287,0,0,0,0,0,0,0,0,0,0,0,0,0,0,0,0,0,0,0,0,,,,,,,,,,,,,,,,,,,,,,,,,,,,,,,,,,,,
NA3288,0,0,0,0,0,0,0,0,0,0,0,0,0,0,0,0,0,0,0,0,,,,,,,,,,,,,,,,,,,,,,,,,,,,,,,,,,,,
NA3289,0,0,0,0,0,0,0,0,0,0,0,0,0,0,0,0,0,1,0,0,,,,,,,,,,,,,,,,,,,,,,,,,,,,,,,,,,,,
NA3290,0,0,0,0,0,0,0,0,0,0,0,0,0,0,0,0,0,0,0,0,,,,,,,,,,,,,,,,,,,,,,,,,,,,,,,,,,,,
NA3291,0,0,0,0,0,0,0,0,0,0,0,0,0,0,0,0,0,0,0,0,,,,,,,,,,,,,,,,,,,,,,,,,,,,,,,,,,,,
NA3292,0,0,0,0,0,0,0,0,0,0,0,0,0,0,0,0,0,1,0,0,,,,,,,,,,,,,,,,,,,,,,,,,,,,,,,,,,,,
NA3293,0,0,0,0,0,0,0,0,0,0,0,0,0,0,0,0,0,0,0,0,,,,,,,,,,,,,,,,,,,,,,,,,,,,,,,,,,,,
NA3294,0,0,0,0,0,0,0,0,0,0,0,0,0,0,0,0,0,0,0,0,,,,,,,,,,,,,,,,,,,,,,,,,,,,,,,,,,,,
NA3295,0,0,0,0,0,0,0,0,0,0,0,0,0,0,0,0,0,0,0,0,,,,,,,,,,,,,,,,,,,,,,,,,,,,,,,,,,,,
NA3296,0,0,0,0,0,0,0,0,0,0,0,0,0,0,0,0,0,0,0,0,,,,,,,,,,,,,,,,,,,,,,,,,,,,,,,,,,,,
NA3297,0,0,0,0,0,0,0,0,0,0,0,0,0,0,0,0,0,0,0,0,,,,,,,,,,,,,,,,,,,,,,,,,,,,,,,,,,,,
NA3298,0,0,0,0,0,0,0,0,0,0,0,0,0,0,0,0,0,0,0,0,,,,,,,,,,,,,,,,,,,,,,,,,,,,,,,,,,,,
NA3299,0,0,0,0,0,0,0,0,0,0,0,0,0,0,0,0,0,0,0,0,,,,,,,,,,,,,,,,,,,,,,,,,,,,,,,,,,,,
NA3300,0,0,0,0,0,0,0,0,0,0,0,0,0,0,0,0,0,1,0,0,,,,,,,,,,,,,,,,,,,,,,,,,,,,,,,,,,,,
NA3301,0,0,0,0,0,0,0,0,0,0,0,0,0,0,0,0,0,0,0,0,,,,,,,,,,,,,,,,,,,,,,,,,,,,,,,,,,,,
NA3302,0,0,0,0,0,0,0,0,0,0,0,0,0,0,0,0,0,0,0,0,,,,,,,,,,,,,,,,,,,,,,,,,,,,,,,,,,,,
NA3303,0,0,0,0,0,0,0,0,0,0,0,0,0,0,0,0,0,0,0,0,,,,,,,,,,,,,,,,,,,,,,,,,,,,,,,,,,,,
NA3304,0,0,0,0,0,0,0,0,0,0,0,0,0,0,0,0,0,0,0,0,,,,,,,,,,,,,,,,,,,,,,,,,,,,,,,,,,,,
NA3305,0,0,0,0,0,0,0,0,0,0,0,0,0,0,0,0,0,1,1,0,,,,,,,,,,,,,,,,,,,,,,,,,,,,,,,,,,,,0
NA3306,0,0,0,0,0,0,0,0,0,0,0,0,0,0,0,0,0,0,0,0,,,,,,,,,,,,,,,,,,,,,,,,,,,,,,,,,,,,
NA3307,0,0,0,0,0,0,0,0,0,0,0,0,0,0,0,0,0,0,0,0,,,,,,,,,,,,,,,,,,,,,,,,,,,,,,,,,,,,
NA3308,0,0,0,0,0,0,0,0,0,0,0,0,0,0,0,0,0,0,0,0,,,,,,,,,,,,,,,,,,,,,,,,,,,,,,,,,,,,
NA3309,0,0,0,0,0,0,0,0,0,0,0,0,0,0,0,0,0,0,0,0,,,,,,,,,,,,,,,,,,,,,,,,,,,,,,,,,,,,
NA3310,0,0,0,0,0,0,0,0,0,0,0,0,0,0,0,0,0,1,0,0,,,,,,,,,,,,,,,,,,,,,,,,,,,,,,,,,,,,
NA3311,0,0,0,0,0,0,0,0,0,0,0,0,0,0,0,0,0,0,0,0,,,,,,,,,,,,,,,,,,,,,,,,,,,,,,,,,,,,
NA3312,0,0,0,0,0,0,0,0,0,0,0,0,0,0,0,0,0,0,0,0,,,,,,,,,,,,,,,,,,,,,,,,,,,,,,,,,,,,
NA3313,0,0,0,0,0,0,0,0,0,0,0,0,0,0,0,0,0,0,0,0,,,,,,,,,,,,,,,,,,,,,,,,,,,,,,,,,,,,
NA3314,0,0,0,0,0,0,0,0,0,0,0,0,0,0,0,0,0,0,0,0,,,,,,,,,,,,,,,,,,,,,,,,,,,,,,,,,,,,
NA3315,0,0,0,0,0,0,0,0,0,0,0,0,0,0,0,0,0,0,0,0,,,,,,,,,,,,,,,,,,,,,,,,,,,,,,,,,,,,
NA3316,0,0,0,0,0,0,0,0,0,0,0,0,0,0,0,0,0,0,0,0,,,,,,,,,,,,,,,,,,,,,,,,,,,,,,,,,,,,
NA3317,0,0,0,0,0,0,0,0,0,0,0,0,0,0,0,0,0,1,0,0,,,,,,,,,,,,,,,,,,,,,,,,,,,,,,,,,,,,
NA3318,0,0,0,0,0,0,0,0,0,1,0,0,0,0,0,0,0,0,1,1,,,,,,,,,,,,,,,,,,,,,0,,,,,,,,,,,,,,,
NA3319,0,0,0,0,0,0,0,0,0,0,0,0,0,0,0,0,0,0,0,0,,,,,,,,,,,,,,,,,,,,,,,,,,,,,,,,,,,,
NA3320,0,0,0,0,0,0,0,0,0,0,0,0,0,0,0,0,0,1,0,0,,,,,,,,,,,,,,,,,,,,,,,,,,,,,,,,,,,,
NA3321,0,0,0,0,0,0,0,0,0,0,0,0,0,0,0,0,0,0,0,0,,,,,,,,,,,,,,,,,,,,,,,,,,,,,,,,,,,,
NA3322,0,0,0,0,0,0,0,0,0,0,0,0,0,0,0,0,0,0,0,0,,,,,,,,,,,,,,,,,,,,,,,,,,,,,,,,,,,,
NA3323,0,0,0,0,0,0,0,0,0,0,0,0,0,0,0,0,0,0,0,0,,,,,,,,,,,,,,,,,,,,,,,,,,,,,,,,,,,,
NA3324,0,0,0,0,0,0,0,0,0,0,0,0,0,0,0,0,0,0,0,0,,,,,,,,,,,,,,,,,,,,,,,,,,,,,,,,,,,,
NA3325,0,0,0,0,0,0,0,0,0,0,0,0,0,0,0,0,0,0,0,0,,,,,,,,,,,,,,,,,,,,,,,,,,,,,,,,,,,,
NA3326,0,0,0,0,0,0,0,0,0,0,0,0,0,0,0,0,0,0,0,0,,,,,,,,,,,,,,,,,,,,,,,,,,,,,,,,,,,,
NA3327,0,0,0,0,0,0,0,0,0,0,0,0,0,0,0,0,0,0,0,0,,,,,,,,,,,,,,,,,,,,,,,,,,,,,,,,,,,,
NA3328,0,0,0,0,0,0,0,0,0,0,0,0,0,0,0,0,0,1,0,0,,,,,,,,,,,,,,,,,,,,,,,,,,,,,,,,,,,,
NA3329,0,0,0,0,0,0,0,0,0,0,0,0,0,0,0,0,0,0,0,0,,,,,,,,,,,,,,,,,,,,,,,,,,,,,,,,,,,,
NA3330,0,0,0,0,0,0,0,0,0,0,0,0,0,0,0,0,0,0,0,0,,,,,,,,,,,,,,,,,,,,,,,,,,,,,,,,,,,,
NA3331,0,0,0,0,0,0,0,0,0,0,0,0,0,0,0,0,0,0,0,0,,,,,,,,,,,,,,,,,,,,,,,,,,,,,,,,,,,,
NA3332,0,0,0,0,0,0,0,0,0,0,0,0,0,0,0,0,0,0,0,0,,,,,,,,,,,,,,,,,,,,,,,,,,,,,,,,,,,,
NA3333,0,0,0,0,0,0,0,0,0,0,0,0,0,0,0,0,0,0,0,0,,,,,,,,,,,,,,,,,,,,,,,,,,,,,,,,,,,,
NA3334,0,0,0,0,0,0,0,0,0,0,0,0,0,0,0,0,0,1,0,0,,,,,,,,,,,,,,,,,,,,,,,,,,,,,,,,,,,,
NA3335,0,0,0,0,0,0,0,0,0,0,0,0,0,0,0,0,0,0,0,0,,,,,,,,,,,,,,,,,,,,,,,,,,,,,,,,,,,,
NA3336,0,0,0,0,0,0,0,0,0,0,0,0,0,0,0,0,0,0,0,0,,,,,,,,,,,,,,,,,,,,,,,,,,,,,,,,,,,,
NA3337,0,0,0,0,0,0,0,0,0,0,0,0,0,0,0,0,0,0,0,0,,,,,,,,,,,,,,,,,,,,,,,,,,,,,,,,,,,,
NA3338,0,0,0,0,0,0,0,0,0,0,0,0,0,0,0,0,0,0,0,0,,,,,,,,,,,,,,,,,,,,,,,,,,,,,,,,,,,,
NA3339,0,0,0,0,0,0,0,0,0,0,0,0,0,0,0,0,0,1,0,0,,,,,,,,,,,,,,,,,,,,,,,,,,,,,,,,,,,,
NA3340,0,0,0,0,0,0,0,0,0,0,0,0,0,0,0,0,0,0,0,0,,,,,,,,,,,,,,,,,,,,,,,,,,,,,,,,,,,,
NA3341,0,0,0,0,0,0,0,0,1,0,0,0,0,0,0,0,0,0,0,0,,,,,,,,,,,,,,,,,,,,,,,,,,,,,,,,,,,,
NA3342,0,0,0,0,0,0,0,0,0,0,0,0,0,0,0,0,0,0,0,0,,,,,,,,,,,,,,,,,,,,,,,,,,,,,,,,,,,,
NA3343,0,0,0,0,0,0,0,0,0,0,0,0,0,0,0,0,0,0,0,0,,,,,,,,,,,,,,,,,,,,,,,,,,,,,,,,,,,,
NA3344,0,0,0,0,0,0,0,0,0,0,0,0,0,0,0,0,0,0,0,0,,,,,,,,,,,,,,,,,,,,,,,,,,,,,,,,,,,,
NA3345,0,0,0,0,0,0,0,0,0,0,0,0,0,0,0,0,0,0,0,0,,,,,,,,,,,,,,,,,,,,,,,,,,,,,,,,,,,,
NA3346,0,0,0,0,0,0,0,0,0,0,0,0,0,0,0,0,0,0,0,0,,,,,,,,,,,,,,,,,,,,,,,,,,,,,,,,,,,,
NA3347,0,0,0,0,0,0,0,0,0,0,0,0,0,0,0,0,0,0,0,0,,,,,,,,,,,,,,,,,,,,,,,,,,,,,,,,,,,,
NA3348,0,0,0,0,0,0,0,0,0,0,0,0,0,0,0,0,0,1,0,0,,,,,,,,,,,,,,,,,,,,,,,,,,,,,,,,,,,,
NA3349,0,0,0,0,0,0,0,0,0,0,0,0,0,0,0,0,0,0,1,0,,,,,,,,,,,,,,,,,,,,,,,,,,,,,,,,,,,,
NA3350,0,0,0,0,0,0,0,0,0,0,0,0,0,0,0,0,0,0,0,0,,,,,,,,,,,,,,,,,,,,,,,,,,,,,,,,,,,,
NA3351,0,0,0,0,0,0,0,0,0,0,0,0,0,0,0,0,0,0,0,0,,,,,,,,,,,,,,,,,,,,,,,,,,,,,,,,,,,,
NA3352,0,0,0,0,0,0,0,0,0,0,0,0,0,0,0,0,0,0,0,0,,,,,,,,,,,,,,,,,,,,,,,,,,,,,,,,,,,,
NA3353,0,0,0,0,0,0,0,0,0,0,0,0,0,0,0,0,0,0,0,0,,,,,,,,,,,,,,,,,,,,,,,,,,,,,,,,,,,,
NA3354,0,0,0,0,0,0,0,0,0,0,0,0,0,0,0,0,0,0,0,0,,,,,,,,,,,,,,,,,,,,,,,,,,,,,,,,,,,,
NA3355,0,0,0,0,0,0,0,0,0,0,0,0,0,0,0,0,0,0,0,0,,,,,,,,,,,,,,,,,,,,,,,,,,,,,,,,,,,,
NA3356,0,0,0,0,0,0,0,0,0,0,0,0,0,0,0,0,0,0,0,0,,,,,,,,,,,,,,,,,,,,,,,,,,,,,,,,,,,,
NA3357,0,0,0,0,0,0,0,0,0,0,0,0,0,0,0,0,0,0,0,0,,,,,,,,,,,,,,,,,,,,,,,,,,,,,,,,,,,,
NA3358,0,0,0,0,0,0,0,0,0,0,0,0,0,0,0,0,0,0,0,0,,,,,,,,,,,,,,,,,,,,,,,,,,,,,,,,,,,,
NA3359,0,0,0,0,0,0,0,0,0,0,0,0,0,0,0,0,0,0,0,0,,,,,,,,,,,,,,,,,,,,,,,,,,,,,,,,,,,,
NA3360,0,0,0,0,0,0,0,0,0,0,0,0,0,0,0,0,0,0,0,0,,,,,,,,,,,,,,,,,,,,,,,,,,,,,,,,,,,,
NA3361,0,0,0,0,0,0,0,0,0,0,0,0,0,0,0,0,0,0,0,0,,,,,,,,,,,,,,,,,,,,,,,,,,,,,,,,,,,,
NA3362,0,0,0,0,0,0,0,0,0,0,0,0,0,0,0,0,0,0,0,0,,,,,,,,,,,,,,,,,,,,,,,,,,,,,,,,,,,,
NA3363,0,0,0,0,0,0,0,0,0,0,0,0,0,0,0,0,0,0,0,0,,,,,,,,,,,,,,,,,,,,,,,,,,,,,,,,,,,,
NA3364,0,0,0,0,0,0,0,0,0,0,0,0,0,0,0,0,0,0,0,0,,,,,,,,,,,,,,,,,,,,,,,,,,,,,,,,,,,,
NA3365,0,0,0,0,0,0,0,0,0,0,0,0,0,0,0,0,0,0,0,0,,,,,,,,,,,,,,,,,,,,,,,,,,,,,,,,,,,,
NA3366,0,0,0,0,0,0,0,0,1,0,0,1,0,0,1,0,0,1,0,0,,,,,,,,,,1,,,,0,,,,,,,,,,,0,,,,,,,,,,,
NA3367,0,0,0,0,0,0,0,0,1,0,0,1,0,0,0,0,0,0,0,0,,,,,,,,,,0,,,,,,,,,,,,,,,,,,,,,,,,,,
NA3368,0,0,0,0,0,0,0,0,0,0,0,0,0,0,0,0,0,0,0,0,,,,,,,,,,,,,,,,,,,,,,,,,,,,,,,,,,,,
NA3369,0,0,0,0,0,0,0,0,0,0,0,0,0,0,0,0,0,0,0,0,,,,,,,,,,,,,,,,,,,,,,,,,,,,,,,,,,,,
NA3370,0,0,0,0,0,0,0,0,0,0,0,0,0,0,0,0,0,0,0,0,,,,,,,,,,,,,,,,,,,,,,,,,,,,,,,,,,,,
NA3371,0,0,0,0,0,0,0,0,0,0,0,0,0,0,0,0,0,1,0,0,,,,,,,,,,,,,,,,,,,,,,,,,,,,,,,,,,,,
NA3372,0,0,0,0,0,0,0,0,0,0,0,0,0,0,0,0,0,1,1,0,,,,,,,,,,,,,,,,,,,,,,,,,,,,,,,,,,,,1
NA3373,0,0,0,0,0,0,0,0,0,0,0,0,0,0,0,0,0,0,0,0,,,,,,,,,,,,,,,,,,,,,,,,,,,,,,,,,,,,
NA3374,0,0,0,0,0,0,0,0,0,0,0,0,0,0,0,0,0,0,0,0,,,,,,,,,,,,,,,,,,,,,,,,,,,,,,,,,,,,
NA3375,0,0,0,0,0,0,0,0,0,0,0,0,0,0,0,0,0,0,0,0,,,,,,,,,,,,,,,,,,,,,,,,,,,,,,,,,,,,
NA3376,0,0,0,0,0,0,0,0,0,0,0,0,0,0,0,0,0,0,1,0,,,,,,,,,,,,,,,,,,,,,,,,,,,,,,,,,,,,
NA3377,0,0,0,0,0,0,0,0,0,0,0,0,0,0,0,0,0,0,0,0,,,,,,,,,,,,,,,,,,,,,,,,,,,,,,,,,,,,
NA3378,0,0,0,0,0,0,0,0,0,0,0,0,0,0,0,0,0,0,0,0,,,,,,,,,,,,,,,,,,,,,,,,,,,,,,,,,,,,
NA3379,0,0,0,0,0,0,0,0,0,0,0,0,0,0,0,0,0,0,0,0,,,,,,,,,,,,,,,,,,,,,,,,,,,,,,,,,,,,
NA3380,0,0,0,0,0,0,0,0,0,0,0,0,0,0,0,0,0,0,0,0,,,,,,,,,,,,,,,,,,,,,,,,,,,,,,,,,,,,
NA3381,0,0,0,0,0,0,0,0,0,0,0,0,0,0,0,0,0,0,0,0,,,,,,,,,,,,,,,,,,,,,,,,,,,,,,,,,,,,
NA3382,0,0,0,0,0,0,0,0,0,0,0,0,0,0,0,0,0,0,0,0,,,,,,,,,,,,,,,,,,,,,,,,,,,,,,,,,,,,
NA3383,0,0,0,0,0,0,0,0,0,0,0,0,0,0,0,0,0,0,0,0,,,,,,,,,,,,,,,,,,,,,,,,,,,,,,,,,,,,
NA3384,0,0,0,0,0,0,0,0,0,0,0,0,0,0,0,0,0,0,0,0,,,,,,,,,,,,,,,,,,,,,,,,,,,,,,,,,,,,
NA3385,0,0,0,0,0,0,0,0,0,0,0,0,0,0,0,0,0,0,0,0,,,,,,,,,,,,,,,,,,,,,,,,,,,,,,,,,,,,
NA3386,0,0,0,0,0,0,0,0,0,0,0,0,0,0,0,0,0,0,0,0,,,,,,,,,,,,,,,,,,,,,,,,,,,,,,,,,,,,
NA3387,0,0,0,0,0,0,0,0,0,0,0,0,0,0,0,0,0,0,0,0,,,,,,,,,,,,,,,,,,,,,,,,,,,,,,,,,,,,
NA3388,0,0,0,0,0,0,0,0,0,0,0,0,0,0,0,0,0,0,0,0,,,,,,,,,,,,,,,,,,,,,,,,,,,,,,,,,,,,
NA3389,0,0,0,0,0,0,0,0,0,0,0,0,0,0,0,0,0,0,0,0,,,,,,,,,,,,,,,,,,,,,,,,,,,,,,,,,,,,
NA3390,0,0,0,0,0,0,0,0,0,0,0,0,0,0,0,0,0,0,0,0,,,,,,,,,,,,,,,,,,,,,,,,,,,,,,,,,,,,
NA3391,0,0,0,0,0,0,0,0,0,0,0,0,0,0,0,0,0,0,0,0,,,,,,,,,,,,,,,,,,,,,,,,,,,,,,,,,,,,
NA3392,0,0,0,0,0,0,0,0,0,0,0,0,0,0,0,0,0,0,0,0,,,,,,,,,,,,,,,,,,,,,,,,,,,,,,,,,,,,
NA3393,0,0,0,0,0,0,0,0,0,0,0,0,0,0,0,0,0,0,0,0,,,,,,,,,,,,,,,,,,,,,,,,,,,,,,,,,,,,
NA3394,0,0,0,0,0,0,0,0,0,0,0,0,0,0,0,0,0,0,0,0,,,,,,,,,,,,,,,,,,,,,,,,,,,,,,,,,,,,
NA3395,0,0,0,0,0,0,0,0,0,1,0,0,0,0,0,0,0,1,1,0,,,,,,,,,,,,,,,,,,,,0,0,,,,,,,,,,,,,,,1
NA3396,0,0,0,0,0,0,0,0,0,0,0,0,0,0,0,0,0,0,0,0,,,,,,,,,,,,,,,,,,,,,,,,,,,,,,,,,,,,
NA3397,0,0,0,0,0,0,0,0,0,0,0,0,0,0,0,0,0,0,0,0,,,,,,,,,,,,,,,,,,,,,,,,,,,,,,,,,,,,
NA3398,0,0,0,0,0,0,0,0,0,0,0,0,0,0,0,0,0,0,0,0,,,,,,,,,,,,,,,,,,,,,,,,,,,,,,,,,,,,
NA3399,0,0,0,0,0,0,0,0,0,0,0,0,0,0,0,0,0,0,0,0,,,,,,,,,,,,,,,,,,,,,,,,,,,,,,,,,,,,
NA3400,0,0,0,0,0,0,0,0,0,0,0,0,0,0,0,0,0,0,0,0,,,,,,,,,,,,,,,,,,,,,,,,,,,,,,,,,,,,
NA3401,0,0,0,0,0,0,0,0,0,0,0,0,0,0,0,0,0,0,0,0,,,,,,,,,,,,,,,,,,,,,,,,,,,,,,,,,,,,
NA3402,0,0,0,0,0,0,0,0,0,0,0,0,0,0,0,0,0,1,0,0,,,,,,,,,,,,,,,,,,,,,,,,,,,,,,,,,,,,
NA3403,0,0,0,0,0,0,0,0,0,0,0,0,0,0,0,0,0,0,0,0,,,,,,,,,,,,,,,,,,,,,,,,,,,,,,,,,,,,
NA3404,0,0,0,0,0,0,0,0,0,0,0,0,0,0,0,0,0,0,0,0,,,,,,,,,,,,,,,,,,,,,,,,,,,,,,,,,,,,
NA3405,0,0,0,0,0,0,0,0,0,0,0,0,0,0,0,0,0,0,0,0,,,,,,,,,,,,,,,,,,,,,,,,,,,,,,,,,,,,
NA3406,0,0,0,0,0,0,0,0,0,0,0,0,0,0,0,0,0,0,0,0,,,,,,,,,,,,,,,,,,,,,,,,,,,,,,,,,,,,
NA3407,0,0,0,0,0,0,0,0,0,0,0,0,0,0,0,0,0,0,0,0,,,,,,,,,,,,,,,,,,,,,,,,,,,,,,,,,,,,
NA3408,0,0,0,0,0,0,0,0,0,0,0,0,0,0,0,0,0,0,0,0,,,,,,,,,,,,,,,,,,,,,,,,,,,,,,,,,,,,
NA3409,0,0,0,0,0,0,0,0,0,0,0,0,0,0,0,0,0,0,0,0,,,,,,,,,,,,,,,,,,,,,,,,,,,,,,,,,,,,
NA3410,0,0,0,0,0,0,0,0,0,0,0,0,0,0,0,0,0,0,0,0,,,,,,,,,,,,,,,,,,,,,,,,,,,,,,,,,,,,
NA3411,0,0,0,0,0,0,0,0,0,0,0,0,0,0,0,0,0,0,0,0,,,,,,,,,,,,,,,,,,,,,,,,,,,,,,,,,,,,
NA3412,0,0,0,0,0,0,0,0,0,0,0,0,0,0,0,0,0,0,0,0,,,,,,,,,,,,,,,,,,,,,,,,,,,,,,,,,,,,
NA3413,0,0,0,0,0,0,0,0,0,0,0,0,0,0,0,0,0,0,0,0,,,,,,,,,,,,,,,,,,,,,,,,,,,,,,,,,,,,
NA3414,0,0,0,0,0,0,0,0,0,0,0,0,0,0,0,0,0,0,0,0,,,,,,,,,,,,,,,,,,,,,,,,,,,,,,,,,,,,
NA3415,0,0,0,0,0,0,0,0,0,0,0,0,0,0,0,0,0,0,0,0,,,,,,,,,,,,,,,,,,,,,,,,,,,,,,,,,,,,
NA3416,0,0,0,0,0,0,0,0,0,0,0,0,0,0,0,0,0,0,0,0,,,,,,,,,,,,,,,,,,,,,,,,,,,,,,,,,,,,
NA3417,0,0,0,0,0,0,0,0,0,0,0,0,0,0,0,0,0,0,0,0,,,,,,,,,,,,,,,,,,,,,,,,,,,,,,,,,,,,
NA3418,0,0,0,0,0,0,0,0,0,0,0,0,0,0,0,0,0,1,0,0,,,,,,,,,,,,,,,,,,,,,,,,,,,,,,,,,,,,
NA3419,0,0,0,0,0,0,0,0,0,0,0,0,0,0,0,0,0,0,0,0,,,,,,,,,,,,,,,,,,,,,,,,,,,,,,,,,,,,
NA3420,0,0,0,0,0,0,0,0,0,0,0,0,0,0,0,0,0,0,0,0,,,,,,,,,,,,,,,,,,,,,,,,,,,,,,,,,,,,
NA3421,0,0,0,0,0,0,0,0,0,0,0,0,0,0,0,0,0,0,0,0,,,,,,,,,,,,,,,,,,,,,,,,,,,,,,,,,,,,
NA3422,0,0,0,0,0,0,0,0,0,0,0,0,0,0,0,0,0,0,0,0,,,,,,,,,,,,,,,,,,,,,,,,,,,,,,,,,,,,
NA3423,0,0,0,0,0,0,0,0,0,0,0,0,0,0,0,0,0,0,0,0,,,,,,,,,,,,,,,,,,,,,,,,,,,,,,,,,,,,
NA3424,0,0,0,0,0,0,0,0,0,0,0,0,0,0,0,0,0,0,0,0,,,,,,,,,,,,,,,,,,,,,,,,,,,,,,,,,,,,
NA3425,0,0,0,0,0,0,0,0,0,0,0,0,0,0,0,0,0,1,0,0,,,,,,,,,,,,,,,,,,,,,,,,,,,,,,,,,,,,
NA3426,0,0,0,0,0,0,0,0,0,0,0,0,0,0,0,0,0,1,0,0,,,,,,,,,,,,,,,,,,,,,,,,,,,,,,,,,,,,
NA3427,0,0,0,0,0,0,0,0,0,0,0,0,0,0,0,0,0,0,0,0,,,,,,,,,,,,,,,,,,,,,,,,,,,,,,,,,,,,
NA3428,0,0,0,0,0,0,0,0,0,0,0,0,0,0,0,0,0,0,0,0,,,,,,,,,,,,,,,,,,,,,,,,,,,,,,,,,,,,
NA3429,0,0,0,0,0,0,0,0,0,0,0,0,0,0,0,0,0,0,0,0,,,,,,,,,,,,,,,,,,,,,,,,,,,,,,,,,,,,
NA3430,0,0,0,0,0,0,0,0,0,0,0,0,0,0,0,0,0,0,0,0,,,,,,,,,,,,,,,,,,,,,,,,,,,,,,,,,,,,
NA3431,0,0,0,0,0,0,0,0,0,0,0,0,0,0,0,0,0,0,0,0,,,,,,,,,,,,,,,,,,,,,,,,,,,,,,,,,,,,
NA3432,0,0,0,0,0,0,0,0,0,0,0,0,0,0,0,0,0,0,0,0,,,,,,,,,,,,,,,,,,,,,,,,,,,,,,,,,,,,
NA3433,0,0,0,0,0,0,0,0,0,0,0,0,0,0,0,0,0,0,0,0,,,,,,,,,,,,,,,,,,,,,,,,,,,,,,,,,,,,
NA3434,0,0,0,0,0,0,0,0,0,0,0,0,0,0,0,0,0,0,0,0,,,,,,,,,,,,,,,,,,,,,,,,,,,,,,,,,,,,
NA3435,0,0,0,0,0,0,0,0,0,0,0,0,0,0,0,0,0,0,0,0,,,,,,,,,,,,,,,,,,,,,,,,,,,,,,,,,,,,
NA3436,0,0,0,0,0,0,0,0,0,0,0,0,0,0,0,0,0,1,0,0,,,,,,,,,,,,,,,,,,,,,,,,,,,,,,,,,,,,
NA3437,0,0,0,0,0,0,0,0,0,0,0,0,0,0,0,0,0,0,0,0,,,,,,,,,,,,,,,,,,,,,,,,,,,,,,,,,,,,
NA3438,0,0,0,0,0,0,0,0,0,0,0,0,0,0,0,0,0,0,0,0,,,,,,,,,,,,,,,,,,,,,,,,,,,,,,,,,,,,
NA3439,0,0,0,0,0,0,0,0,0,0,0,0,0,0,0,0,0,0,0,0,,,,,,,,,,,,,,,,,,,,,,,,,,,,,,,,,,,,
NA3440,0,0,0,0,0,0,0,0,0,0,0,0,0,0,0,0,0,0,0,0,,,,,,,,,,,,,,,,,,,,,,,,,,,,,,,,,,,,
NA3441,0,0,0,0,0,0,0,0,0,0,0,0,0,0,0,0,0,0,0,0,,,,,,,,,,,,,,,,,,,,,,,,,,,,,,,,,,,,
NA3442,0,0,0,0,0,0,0,0,0,0,0,0,0,0,0,0,0,0,0,0,,,,,,,,,,,,,,,,,,,,,,,,,,,,,,,,,,,,
NA3443,0,0,0,0,0,0,0,0,0,0,0,0,0,0,0,0,0,0,0,0,,,,,,,,,,,,,,,,,,,,,,,,,,,,,,,,,,,,
NA3444,0,0,0,0,0,0,0,0,0,0,0,0,0,0,0,0,0,0,0,0,,,,,,,,,,,,,,,,,,,,,,,,,,,,,,,,,,,,
NA3445,0,0,0,0,0,0,0,0,0,0,0,0,0,0,0,0,0,0,0,0,,,,,,,,,,,,,,,,,,,,,,,,,,,,,,,,,,,,
NA3446,0,0,0,0,0,0,0,0,0,0,0,0,0,0,0,0,0,0,0,0,,,,,,,,,,,,,,,,,,,,,,,,,,,,,,,,,,,,
NA3447,0,0,0,0,0,0,0,0,0,0,0,0,0,0,0,0,0,0,0,0,,,,,,,,,,,,,,,,,,,,,,,,,,,,,,,,,,,,
NA3448,0,0,0,0,0,0,0,0,0,0,0,0,0,0,0,0,0,0,0,0,,,,,,,,,,,,,,,,,,,,,,,,,,,,,,,,,,,,
NA3449,0,0,0,0,0,0,0,0,0,0,0,0,0,0,0,0,0,0,0,0,,,,,,,,,,,,,,,,,,,,,,,,,,,,,,,,,,,,
NA3450,0,0,0,0,0,0,0,0,0,0,0,0,0,0,0,0,0,0,0,0,,,,,,,,,,,,,,,,,,,,,,,,,,,,,,,,,,,,
NA3451,0,0,0,0,0,0,0,0,0,0,0,0,0,0,0,0,0,0,0,0,,,,,,,,,,,,,,,,,,,,,,,,,,,,,,,,,,,,
NA3452,0,0,0,0,0,0,0,0,0,0,0,0,0,0,0,0,0,0,0,0,,,,,,,,,,,,,,,,,,,,,,,,,,,,,,,,,,,,
NA3453,0,0,0,0,0,0,0,0,1,0,0,0,0,0,0,0,0,1,1,0,,,,,,,,,,,,,,0,0,,,,,,,,,,,,,,,,,,,,,1
NA3454,0,0,0,0,0,0,0,0,0,0,0,0,0,0,0,0,0,0,0,0,,,,,,,,,,,,,,,,,,,,,,,,,,,,,,,,,,,,
NA3455,0,0,0,0,0,0,0,0,0,0,0,0,0,0,0,0,0,0,0,0,,,,,,,,,,,,,,,,,,,,,,,,,,,,,,,,,,,,
NA3456,0,0,0,0,0,0,0,0,0,0,0,0,0,0,0,0,0,0,0,0,,,,,,,,,,,,,,,,,,,,,,,,,,,,,,,,,,,,
NA3457,0,0,0,0,0,0,0,0,0,0,0,0,0,0,0,0,0,0,0,0,,,,,,,,,,,,,,,,,,,,,,,,,,,,,,,,,,,,
NA3458,0,0,0,0,0,0,0,0,0,0,0,0,0,0,0,0,0,0,0,0,,,,,,,,,,,,,,,,,,,,,,,,,,,,,,,,,,,,
NA3459,0,0,0,0,0,0,0,0,0,0,0,0,0,0,0,0,0,0,0,0,,,,,,,,,,,,,,,,,,,,,,,,,,,,,,,,,,,,
NA3460,0,0,0,0,0,0,0,0,0,0,0,0,0,0,0,0,0,0,0,0,,,,,,,,,,,,,,,,,,,,,,,,,,,,,,,,,,,,
NA3461,0,0,0,0,0,0,0,0,0,0,0,0,0,0,0,0,0,0,0,0,,,,,,,,,,,,,,,,,,,,,,,,,,,,,,,,,,,,
NA3462,0,0,0,0,0,0,0,0,0,0,0,0,0,0,0,0,0,0,0,0,,,,,,,,,,,,,,,,,,,,,,,,,,,,,,,,,,,,
NA3463,0,0,0,0,0,0,0,0,0,0,0,0,0,0,0,0,0,0,0,0,,,,,,,,,,,,,,,,,,,,,,,,,,,,,,,,,,,,
NA3464,0,0,0,0,0,0,0,0,0,0,0,0,0,0,0,0,0,0,0,0,,,,,,,,,,,,,,,,,,,,,,,,,,,,,,,,,,,,
NA3465,0,0,0,0,0,0,0,0,0,0,0,0,0,0,0,0,0,0,0,0,,,,,,,,,,,,,,,,,,,,,,,,,,,,,,,,,,,,
NA3466,0,0,0,0,0,0,0,0,0,0,0,0,0,0,0,0,0,0,0,0,,,,,,,,,,,,,,,,,,,,,,,,,,,,,,,,,,,,
NA3467,0,0,0,0,0,0,0,0,0,0,0,0,0,0,0,0,0,0,0,0,,,,,,,,,,,,,,,,,,,,,,,,,,,,,,,,,,,,
NA3468,0,0,0,0,0,0,0,0,0,0,0,0,0,0,0,0,0,1,0,0,,,,,,,,,,,,,,,,,,,,,,,,,,,,,,,,,,,,
NA3469,0,0,0,0,0,0,0,0,0,0,0,0,0,0,0,0,0,0,0,0,,,,,,,,,,,,,,,,,,,,,,,,,,,,,,,,,,,,
NA3470,0,0,0,0,0,0,0,0,0,0,0,0,0,0,0,0,0,1,0,0,,,,,,,,,,,,,,,,,,,,,,,,,,,,,,,,,,,,
NA3471,0,0,0,0,0,0,0,0,0,0,0,0,0,0,0,0,0,1,0,0,,,,,,,,,,,,,,,,,,,,,,,,,,,,,,,,,,,,
NA3472,0,0,0,0,0,0,0,0,0,0,0,0,0,0,0,0,0,0,0,0,,,,,,,,,,,,,,,,,,,,,,,,,,,,,,,,,,,,
NA3473,0,0,0,0,0,0,0,0,0,0,0,0,0,0,0,0,0,1,0,0,,,,,,,,,,,,,,,,,,,,,,,,,,,,,,,,,,,,
NA3474,0,0,0,0,0,0,0,0,0,0,0,0,0,0,0,0,0,1,0,0,,,,,,,,,,,,,,,,,,,,,,,,,,,,,,,,,,,,
NA3475,0,0,0,0,0,0,0,0,0,0,0,0,0,0,0,0,0,0,0,0,,,,,,,,,,,,,,,,,,,,,,,,,,,,,,,,,,,,
NA3476,0,0,0,0,0,0,0,0,0,0,0,0,0,0,0,0,0,0,0,0,,,,,,,,,,,,,,,,,,,,,,,,,,,,,,,,,,,,
NA3477,0,0,0,0,0,0,0,0,0,0,0,0,0,0,0,0,0,0,0,0,,,,,,,,,,,,,,,,,,,,,,,,,,,,,,,,,,,,
NA3478,0,0,0,0,0,0,0,0,0,0,0,0,0,0,0,0,0,0,0,0,,,,,,,,,,,,,,,,,,,,,,,,,,,,,,,,,,,,
NA3479,0,0,0,0,0,0,0,0,0,0,0,0,0,0,0,0,0,0,0,0,,,,,,,,,,,,,,,,,,,,,,,,,,,,,,,,,,,,
NA3480,0,0,0,0,0,0,0,0,0,0,0,0,0,0,0,0,0,1,0,0,,,,,,,,,,,,,,,,,,,,,,,,,,,,,,,,,,,,
NA3481,0,0,0,0,0,0,0,0,0,0,0,0,0,0,0,0,0,0,0,0,,,,,,,,,,,,,,,,,,,,,,,,,,,,,,,,,,,,
NA3482,0,0,0,0,0,0,0,0,0,0,0,0,0,0,0,0,0,0,0,0,,,,,,,,,,,,,,,,,,,,,,,,,,,,,,,,,,,,
NA3483,0,0,0,0,0,0,0,0,0,0,0,0,0,0,0,0,0,0,0,0,,,,,,,,,,,,,,,,,,,,,,,,,,,,,,,,,,,,
NA3484,0,0,0,0,0,0,0,0,0,0,0,0,0,0,0,0,0,0,0,0,,,,,,,,,,,,,,,,,,,,,,,,,,,,,,,,,,,,
NA3485,0,0,0,0,0,0,0,0,0,0,0,0,0,0,0,0,0,0,0,0,,,,,,,,,,,,,,,,,,,,,,,,,,,,,,,,,,,,
NA3486,0,0,0,0,0,0,0,0,0,0,0,0,0,0,0,0,0,0,0,0,,,,,,,,,,,,,,,,,,,,,,,,,,,,,,,,,,,,
NA3487,0,0,0,0,0,0,0,0,0,0,0,0,0,0,0,0,0,0,0,0,,,,,,,,,,,,,,,,,,,,,,,,,,,,,,,,,,,,
NA3488,0,0,0,0,0,0,0,0,0,0,0,0,0,0,0,0,0,0,0,0,,,,,,,,,,,,,,,,,,,,,,,,,,,,,,,,,,,,
NA3489,0,0,0,0,0,0,0,0,0,0,0,0,0,0,0,0,0,0,0,0,,,,,,,,,,,,,,,,,,,,,,,,,,,,,,,,,,,,
NA3490,0,0,0,0,0,0,0,0,0,0,0,0,0,0,0,0,0,0,0,0,,,,,,,,,,,,,,,,,,,,,,,,,,,,,,,,,,,,
NA3491,0,0,0,0,0,0,0,0,0,0,0,0,0,0,0,0,0,0,0,0,,,,,,,,,,,,,,,,,,,,,,,,,,,,,,,,,,,,
NA3492,0,0,0,0,0,0,0,0,0,0,0,0,0,0,0,0,0,0,0,0,,,,,,,,,,,,,,,,,,,,,,,,,,,,,,,,,,,,
NA3493,0,0,0,0,0,0,0,0,0,0,0,0,0,0,0,0,0,0,0,0,,,,,,,,,,,,,,,,,,,,,,,,,,,,,,,,,,,,
NA3494,0,0,0,0,0,0,0,0,0,0,0,0,0,0,0,0,0,0,0,0,,,,,,,,,,,,,,,,,,,,,,,,,,,,,,,,,,,,
NA3495,0,0,0,0,0,0,0,0,0,0,0,0,0,0,0,0,0,0,0,0,,,,,,,,,,,,,,,,,,,,,,,,,,,,,,,,,,,,
NA3496,0,0,0,0,0,0,0,0,0,0,0,0,0,0,0,0,0,0,0,0,,,,,,,,,,,,,,,,,,,,,,,,,,,,,,,,,,,,
NA3497,0,0,0,0,0,0,0,0,0,0,0,0,0,0,0,0,0,0,0,0,,,,,,,,,,,,,,,,,,,,,,,,,,,,,,,,,,,,
NA3498,0,0,0,0,0,0,0,0,0,0,0,0,0,0,0,0,0,0,0,0,,,,,,,,,,,,,,,,,,,,,,,,,,,,,,,,,,,,
NA3499,0,0,0,0,0,0,0,0,0,1,0,0,0,0,0,0,0,1,1,0,,,,,,,,,,,,,,,,,,,,0,0,,,,,,,,,,,,,,,1
NA3500,0,0,0,0,0,0,0,0,0,0,0,0,0,0,0,0,0,0,0,0,,,,,,,,,,,,,,,,,,,,,,,,,,,,,,,,,,,,
NA3501,0,0,0,0,0,0,0,0,0,0,0,0,0,0,0,0,0,1,1,0,,,,,,,,,,,,,,,,,,,,,,,,,,,,,,,,,,,,1
NA3502,0,0,0,0,0,0,0,0,0,0,0,0,0,0,0,0,0,0,0,0,,,,,,,,,,,,,,,,,,,,,,,,,,,,,,,,,,,,
NA3503,0,0,0,0,0,0,0,0,0,0,0,0,0,0,0,0,0,0,0,0,,,,,,,,,,,,,,,,,,,,,,,,,,,,,,,,,,,,
NA3504,0,0,0,0,0,0,0,0,0,0,0,0,0,0,0,0,0,0,0,0,,,,,,,,,,,,,,,,,,,,,,,,,,,,,,,,,,,,
NA3505,0,0,0,0,0,0,0,0,0,0,0,0,0,0,0,0,0,0,0,0,,,,,,,,,,,,,,,,,,,,,,,,,,,,,,,,,,,,
NA3506,0,0,0,0,0,0,0,0,0,0,0,0,0,0,0,0,0,0,0,0,,,,,,,,,,,,,,,,,,,,,,,,,,,,,,,,,,,,
NA3507,0,0,0,0,0,0,0,0,0,0,0,0,0,0,0,0,0,0,0,0,,,,,,,,,,,,,,,,,,,,,,,,,,,,,,,,,,,,
NA3508,0,0,0,0,0,0,0,0,0,0,0,0,0,0,0,0,0,0,0,0,,,,,,,,,,,,,,,,,,,,,,,,,,,,,,,,,,,,
NA3509,0,0,0,0,0,0,0,0,0,0,0,0,0,0,0,0,0,0,0,0,,,,,,,,,,,,,,,,,,,,,,,,,,,,,,,,,,,,
NA3510,0,0,0,0,0,0,0,0,0,0,0,0,0,0,0,0,0,1,0,0,,,,,,,,,,,,,,,,,,,,,,,,,,,,,,,,,,,,
NA3511,0,0,0,0,0,0,0,0,0,0,0,0,0,0,0,0,0,0,0,0,,,,,,,,,,,,,,,,,,,,,,,,,,,,,,,,,,,,
NA3512,0,0,0,0,0,0,0,0,0,0,0,0,0,0,0,0,0,0,0,0,,,,,,,,,,,,,,,,,,,,,,,,,,,,,,,,,,,,
NA3513,0,0,0,0,0,0,0,0,0,0,0,0,0,0,0,0,0,0,0,0,,,,,,,,,,,,,,,,,,,,,,,,,,,,,,,,,,,,
NA3514,0,0,0,0,0,0,0,0,0,0,0,0,0,0,0,0,0,0,0,0,,,,,,,,,,,,,,,,,,,,,,,,,,,,,,,,,,,,
NA3515,0,0,0,0,0,0,0,0,0,0,0,0,0,0,0,0,0,0,0,0,,,,,,,,,,,,,,,,,,,,,,,,,,,,,,,,,,,,
NA3516,0,0,0,0,0,0,0,0,0,0,0,0,0,0,0,0,0,0,0,0,,,,,,,,,,,,,,,,,,,,,,,,,,,,,,,,,,,,
NA3517,0,0,0,0,0,0,0,0,0,0,0,0,0,0,0,0,0,0,0,0,,,,,,,,,,,,,,,,,,,,,,,,,,,,,,,,,,,,
NA3518,0,0,0,0,0,0,0,0,0,0,0,1,0,0,0,0,0,0,0,0,,,,,,,,,,,,,,,,,,,,,,,,,,,,,,,,,,,,
NA3519,0,0,0,0,0,0,0,0,0,0,0,0,0,0,0,0,0,0,0,0,,,,,,,,,,,,,,,,,,,,,,,,,,,,,,,,,,,,
NA3520,0,0,0,0,0,0,0,0,0,0,0,0,0,0,0,0,0,0,0,0,,,,,,,,,,,,,,,,,,,,,,,,,,,,,,,,,,,,
NA3521,0,0,0,0,0,0,0,0,0,0,0,0,0,0,0,0,0,0,0,0,,,,,,,,,,,,,,,,,,,,,,,,,,,,,,,,,,,,
NA3522,0,0,0,0,0,0,0,0,0,0,0,0,0,0,0,0,0,0,0,0,,,,,,,,,,,,,,,,,,,,,,,,,,,,,,,,,,,,
NA3523,0,0,0,0,0,0,0,0,0,0,0,0,0,0,0,0,0,0,0,0,,,,,,,,,,,,,,,,,,,,,,,,,,,,,,,,,,,,
NA3524,0,0,0,0,0,0,0,0,0,0,0,0,0,0,0,0,0,0,0,0,,,,,,,,,,,,,,,,,,,,,,,,,,,,,,,,,,,,
NA3525,0,0,0,0,0,0,0,0,0,0,0,0,0,0,0,0,0,0,0,0,,,,,,,,,,,,,,,,,,,,,,,,,,,,,,,,,,,,
NA3526,0,0,0,0,0,0,0,0,0,0,0,0,0,0,0,0,0,0,0,0,,,,,,,,,,,,,,,,,,,,,,,,,,,,,,,,,,,,
NA3527,0,0,0,0,0,0,0,0,0,0,0,0,0,0,0,0,0,0,0,0,,,,,,,,,,,,,,,,,,,,,,,,,,,,,,,,,,,,
NA3528,0,0,0,0,0,0,0,0,0,0,0,0,0,0,0,0,0,0,0,0,,,,,,,,,,,,,,,,,,,,,,,,,,,,,,,,,,,,
NA3529,0,0,0,0,0,0,0,0,0,0,0,1,0,0,0,0,0,1,1,0,,,,,,,,,,,,,,,,,,,,,,,,,0,0,,,,,,,,,,1
NA3530,0,0,0,0,0,0,0,0,0,0,0,0,0,0,0,0,0,0,0,0,,,,,,,,,,,,,,,,,,,,,,,,,,,,,,,,,,,,
NA3531,0,0,0,0,0,0,0,0,0,0,0,0,0,0,0,0,0,0,0,0,,,,,,,,,,,,,,,,,,,,,,,,,,,,,,,,,,,,
NA3532,0,0,0,0,0,0,0,0,0,0,0,0,0,0,0,0,0,0,0,0,,,,,,,,,,,,,,,,,,,,,,,,,,,,,,,,,,,,
NA3533,0,0,0,0,0,0,0,0,0,0,0,0,0,0,0,0,0,0,0,0,,,,,,,,,,,,,,,,,,,,,,,,,,,,,,,,,,,,
NA3534,0,0,0,0,0,0,0,0,0,0,0,0,0,0,0,0,0,0,0,0,,,,,,,,,,,,,,,,,,,,,,,,,,,,,,,,,,,,
NA3535,0,0,0,0,0,0,0,0,0,0,0,0,0,0,0,0,0,0,0,0,,,,,,,,,,,,,,,,,,,,,,,,,,,,,,,,,,,,
NA3536,0,0,0,0,0,0,0,0,0,0,0,0,0,0,0,0,0,0,0,0,,,,,,,,,,,,,,,,,,,,,,,,,,,,,,,,,,,,
NA3537,0,0,0,0,0,0,0,0,0,0,0,0,0,0,0,0,0,0,0,0,,,,,,,,,,,,,,,,,,,,,,,,,,,,,,,,,,,,
NA3538,0,0,0,0,0,0,0,0,0,0,0,0,0,0,0,0,0,0,0,0,,,,,,,,,,,,,,,,,,,,,,,,,,,,,,,,,,,,
NA3539,0,0,0,0,0,0,0,0,0,0,0,0,0,0,0,0,0,0,0,0,,,,,,,,,,,,,,,,,,,,,,,,,,,,,,,,,,,,
NA3540,0,0,0,0,0,0,0,0,0,0,0,0,0,0,0,0,0,0,0,0,,,,,,,,,,,,,,,,,,,,,,,,,,,,,,,,,,,,
NA3541,0,0,0,0,0,0,0,0,0,0,0,0,0,0,0,0,0,0,0,0,,,,,,,,,,,,,,,,,,,,,,,,,,,,,,,,,,,,
NA3542,0,0,0,0,0,0,0,0,0,0,0,0,0,0,0,0,0,0,0,0,,,,,,,,,,,,,,,,,,,,,,,,,,,,,,,,,,,,
NA3543,0,0,0,0,0,0,0,0,0,0,0,0,0,0,0,0,0,0,0,0,,,,,,,,,,,,,,,,,,,,,,,,,,,,,,,,,,,,
NA3544,0,0,0,0,0,0,0,0,0,0,0,0,0,0,0,0,0,0,0,0,,,,,,,,,,,,,,,,,,,,,,,,,,,,,,,,,,,,
NA3545,0,0,0,0,0,0,0,0,0,0,0,0,0,0,0,0,0,0,0,0,,,,,,,,,,,,,,,,,,,,,,,,,,,,,,,,,,,,
NA3546,0,0,0,0,0,0,0,0,0,1,0,0,0,0,0,0,0,1,1,0,,,,,,,,,,,,,,,,,,,,0,0,,,,,,,,,,,,,,,0
NA3547,0,0,0,0,0,0,0,0,0,0,0,0,0,0,0,0,0,0,0,0,,,,,,,,,,,,,,,,,,,,,,,,,,,,,,,,,,,,
NA3548,0,0,0,0,0,0,0,0,0,0,0,0,0,0,0,0,0,0,0,0,,,,,,,,,,,,,,,,,,,,,,,,,,,,,,,,,,,,
NA3549,0,0,0,0,0,0,0,0,0,0,0,0,0,0,0,0,0,0,0,0,,,,,,,,,,,,,,,,,,,,,,,,,,,,,,,,,,,,
NA3550,0,0,0,0,0,0,0,0,0,1,0,0,0,0,0,0,0,1,1,0,,,,,,,,,,,,,,,,,,,,0,0,,,,,,,,,,,,,,,0
NA3551,0,0,0,0,0,0,0,0,0,0,0,0,0,0,0,0,0,0,0,0,,,,,,,,,,,,,,,,,,,,,,,,,,,,,,,,,,,,
NA3552,0,0,0,0,0,0,0,0,0,0,0,0,0,0,0,0,0,0,0,0,,,,,,,,,,,,,,,,,,,,,,,,,,,,,,,,,,,,
NA3553,0,0,0,0,0,0,0,0,0,0,0,0,0,0,0,0,0,1,0,0,,,,,,,,,,,,,,,,,,,,,,,,,,,,,,,,,,,,
NA3554,0,0,0,0,0,0,0,0,0,0,0,0,0,0,0,0,0,0,0,0,,,,,,,,,,,,,,,,,,,,,,,,,,,,,,,,,,,,
NA3555,0,0,0,0,0,0,0,0,0,0,0,0,0,0,0,0,0,0,0,0,,,,,,,,,,,,,,,,,,,,,,,,,,,,,,,,,,,,
NA3556,0,0,0,0,0,0,0,0,0,0,0,0,0,0,0,0,0,0,0,0,,,,,,,,,,,,,,,,,,,,,,,,,,,,,,,,,,,,
NA3557,0,0,0,0,0,0,0,0,0,0,0,0,0,0,0,0,0,0,0,0,,,,,,,,,,,,,,,,,,,,,,,,,,,,,,,,,,,,
NA3558,0,0,0,0,0,0,0,0,0,0,0,0,0,0,0,0,0,1,0,0,,,,,,,,,,,,,,,,,,,,,,,,,,,,,,,,,,,,
NA3559,0,0,0,0,0,0,0,0,0,0,0,0,0,0,0,0,0,0,0,0,,,,,,,,,,,,,,,,,,,,,,,,,,,,,,,,,,,,
NA3560,0,0,0,0,0,0,0,0,0,0,0,0,0,0,0,0,0,0,0,0,,,,,,,,,,,,,,,,,,,,,,,,,,,,,,,,,,,,
NA3561,0,0,0,0,0,0,0,0,0,0,0,0,0,0,0,0,0,1,0,0,,,,,,,,,,,,,,,,,,,,,,,,,,,,,,,,,,,,
NA3562,0,0,0,0,0,0,0,0,0,0,0,0,0,0,0,0,0,0,0,0,,,,,,,,,,,,,,,,,,,,,,,,,,,,,,,,,,,,
NA3563,0,0,0,0,0,0,0,0,0,1,0,1,1,0,0,0,0,1,1,0,,,,,,,,,,,,,,,,0,0,,,0,0,1,,,0,1,,,0,1,,,,,,1
NA3564,0,0,0,0,0,0,0,0,0,0,0,0,0,0,0,0,0,1,0,0,,,,,,,,,,,,,,,,,,,,,,,,,,,,,,,,,,,,
NA3565,0,0,0,0,0,0,0,0,0,0,0,0,0,0,0,0,0,0,0,0,,,,,,,,,,,,,,,,,,,,,,,,,,,,,,,,,,,,
NA3566,0,0,0,0,0,0,0,0,0,0,0,0,0,0,0,0,0,0,0,0,,,,,,,,,,,,,,,,,,,,,,,,,,,,,,,,,,,,
NA3567,0,0,0,0,0,0,0,0,0,0,0,0,0,0,0,0,0,0,0,0,,,,,,,,,,,,,,,,,,,,,,,,,,,,,,,,,,,,
NA3568,0,0,0,0,0,0,0,0,0,0,0,0,0,0,0,0,0,0,0,0,,,,,,,,,,,,,,,,,,,,,,,,,,,,,,,,,,,,
NA3569,0,0,0,0,0,0,0,0,0,0,0,0,0,0,0,0,0,0,0,0,,,,,,,,,,,,,,,,,,,,,,,,,,,,,,,,,,,,
NA3570,0,0,0,0,0,0,0,0,0,0,0,0,0,0,0,0,0,0,0,0,,,,,,,,,,,,,,,,,,,,,,,,,,,,,,,,,,,,
NA3571,0,0,0,0,0,0,0,0,0,0,0,0,0,0,0,0,0,1,0,0,,,,,,,,,,,,,,,,,,,,,,,,,,,,,,,,,,,,
NA3572,0,0,0,0,0,0,0,0,0,0,0,0,0,0,0,0,0,0,0,0,,,,,,,,,,,,,,,,,,,,,,,,,,,,,,,,,,,,
NA3573,0,0,0,0,0,0,0,0,0,0,0,0,0,0,0,0,0,0,0,0,,,,,,,,,,,,,,,,,,,,,,,,,,,,,,,,,,,,
NA3574,0,0,0,0,0,0,0,0,0,0,0,0,0,0,0,0,0,0,0,0,,,,,,,,,,,,,,,,,,,,,,,,,,,,,,,,,,,,
NA3575,0,0,0,0,0,0,0,0,0,0,0,0,0,0,0,0,0,0,0,0,,,,,,,,,,,,,,,,,,,,,,,,,,,,,,,,,,,,
NA3576,0,0,0,0,0,0,0,0,0,0,0,0,0,0,0,0,0,0,0,0,,,,,,,,,,,,,,,,,,,,,,,,,,,,,,,,,,,,
NA3577,0,0,0,0,0,0,0,0,0,0,0,0,0,0,0,0,0,1,0,0,,,,,,,,,,,,,,,,,,,,,,,,,,,,,,,,,,,,
NA3578,0,0,0,0,0,0,0,0,0,0,0,0,0,0,0,0,0,0,0,0,,,,,,,,,,,,,,,,,,,,,,,,,,,,,,,,,,,,
NA3579,0,0,0,0,0,0,0,0,0,0,0,0,0,0,0,0,0,0,0,0,,,,,,,,,,,,,,,,,,,,,,,,,,,,,,,,,,,,
NA3580,0,0,0,0,0,0,0,0,0,0,0,0,0,0,0,0,0,0,0,0,,,,,,,,,,,,,,,,,,,,,,,,,,,,,,,,,,,,
NA3581,0,0,0,0,0,0,0,0,0,0,0,0,0,0,0,0,0,0,0,0,,,,,,,,,,,,,,,,,,,,,,,,,,,,,,,,,,,,
NA3582,0,0,0,0,0,0,0,0,0,0,0,0,0,0,0,0,0,0,0,0,,,,,,,,,,,,,,,,,,,,,,,,,,,,,,,,,,,,
NA3583,0,0,0,0,0,0,0,0,0,0,0,0,0,0,0,0,0,0,0,0,,,,,,,,,,,,,,,,,,,,,,,,,,,,,,,,,,,,
NA3584,0,0,0,0,0,0,0,0,0,0,0,0,0,0,0,0,0,1,0,0,,,,,,,,,,,,,,,,,,,,,,,,,,,,,,,,,,,,
NA3585,0,0,0,0,0,0,0,0,0,0,0,0,0,0,0,0,0,0,0,0,,,,,,,,,,,,,,,,,,,,,,,,,,,,,,,,,,,,
NA3586,0,0,0,0,0,0,0,0,0,0,0,0,0,0,0,0,0,0,0,0,,,,,,,,,,,,,,,,,,,,,,,,,,,,,,,,,,,,
NA3587,0,0,0,0,0,0,0,0,0,0,0,0,0,0,0,0,0,0,0,0,,,,,,,,,,,,,,,,,,,,,,,,,,,,,,,,,,,,
NA3588,0,0,0,0,0,0,0,0,0,0,0,0,0,0,0,0,0,0,0,0,,,,,,,,,,,,,,,,,,,,,,,,,,,,,,,,,,,,
NA3589,0,0,0,0,0,0,0,0,0,0,0,0,0,0,0,0,0,0,0,0,,,,,,,,,,,,,,,,,,,,,,,,,,,,,,,,,,,,
NA3590,0,0,0,0,0,0,0,0,0,0,0,0,0,0,0,0,0,0,0,0,,,,,,,,,,,,,,,,,,,,,,,,,,,,,,,,,,,,
NA3591,0,0,0,0,0,0,0,0,0,0,0,0,0,0,0,0,0,0,0,0,,,,,,,,,,,,,,,,,,,,,,,,,,,,,,,,,,,,
NA3592,0,0,0,0,0,0,0,0,0,0,0,0,0,0,0,0,0,0,0,0,,,,,,,,,,,,,,,,,,,,,,,,,,,,,,,,,,,,
NA3593,0,0,0,0,0,0,0,0,0,0,0,0,0,0,0,0,0,1,0,0,,,,,,,,,,,,,,,,,,,,,,,,,,,,,,,,,,,,
NA3594,0,0,0,0,0,0,0,0,0,0,0,0,0,0,0,0,0,0,0,0,,,,,,,,,,,,,,,,,,,,,,,,,,,,,,,,,,,,
NA3595,0,0,0,0,0,0,0,0,0,0,0,0,0,0,0,0,0,0,0,0,,,,,,,,,,,,,,,,,,,,,,,,,,,,,,,,,,,,
NA3596,0,0,0,0,0,0,0,0,0,0,0,0,0,0,0,0,0,0,0,0,,,,,,,,,,,,,,,,,,,,,,,,,,,,,,,,,,,,
NA3597,0,0,0,0,0,0,0,0,0,0,0,0,0,0,0,0,0,1,0,0,,,,,,,,,,,,,,,,,,,,,,,,,,,,,,,,,,,,
NA3598,0,0,0,0,0,0,0,0,0,0,0,0,0,0,0,0,0,0,0,0,,,,,,,,,,,,,,,,,,,,,,,,,,,,,,,,,,,,
NA3599,0,0,0,0,0,0,0,0,0,0,0,0,0,0,0,0,0,0,0,0,,,,,,,,,,,,,,,,,,,,,,,,,,,,,,,,,,,,
NA3600,0,0,0,0,0,0,0,0,0,0,0,0,0,0,0,0,0,0,0,0,,,,,,,,,,,,,,,,,,,,,,,,,,,,,,,,,,,,
NA3601,0,0,0,0,0,0,0,0,0,0,0,0,0,0,0,0,0,0,0,0,,,,,,,,,,,,,,,,,,,,,,,,,,,,,,,,,,,,
NA3602,0,0,0,0,0,0,0,0,0,0,0,0,0,0,0,0,0,1,0,0,,,,,,,,,,,,,,,,,,,,,,,,,,,,,,,,,,,,
NA3603,0,0,0,0,0,0,0,0,0,0,0,0,0,0,0,0,0,0,0,0,,,,,,,,,,,,,,,,,,,,,,,,,,,,,,,,,,,,
NA3604,0,0,0,0,0,0,0,0,0,0,0,0,0,0,0,0,0,1,0,0,,,,,,,,,,,,,,,,,,,,,,,,,,,,,,,,,,,,
NA3605,0,0,0,0,0,0,0,0,0,0,0,0,0,0,0,0,0,0,0,0,,,,,,,,,,,,,,,,,,,,,,,,,,,,,,,,,,,,
NA3606,0,0,0,0,0,0,0,0,0,0,0,0,0,0,0,0,0,0,0,0,,,,,,,,,,,,,,,,,,,,,,,,,,,,,,,,,,,,
NA3607,0,0,0,0,0,0,0,0,0,0,0,0,0,0,0,0,0,0,0,0,,,,,,,,,,,,,,,,,,,,,,,,,,,,,,,,,,,,
NA3608,0,0,0,0,0,0,0,0,0,0,0,0,0,0,0,0,0,0,0,0,,,,,,,,,,,,,,,,,,,,,,,,,,,,,,,,,,,,
NA3609,0,0,0,0,0,0,0,0,0,0,0,0,0,0,0,0,0,0,0,0,,,,,,,,,,,,,,,,,,,,,,,,,,,,,,,,,,,,
NA3610,0,0,0,0,0,0,0,0,0,0,0,0,0,0,0,0,0,0,0,0,,,,,,,,,,,,,,,,,,,,,,,,,,,,,,,,,,,,
NA3611,0,0,0,0,0,0,0,0,0,0,0,0,0,0,0,0,0,1,0,0,,,,,,,,,,,,,,,,,,,,,,,,,,,,,,,,,,,,
NA3612,0,0,0,0,0,0,0,0,0,0,0,0,0,0,0,0,0,0,0,0,,,,,,,,,,,,,,,,,,,,,,,,,,,,,,,,,,,,
NA3613,0,0,0,0,0,0,0,0,0,0,0,0,0,0,0,0,0,0,0,0,,,,,,,,,,,,,,,,,,,,,,,,,,,,,,,,,,,,
NA3614,0,0,0,0,0,0,0,0,0,0,0,0,0,0,0,0,0,0,0,0,,,,,,,,,,,,,,,,,,,,,,,,,,,,,,,,,,,,
NA3615,0,0,0,0,0,0,0,0,0,0,0,0,0,0,0,0,0,0,0,0,,,,,,,,,,,,,,,,,,,,,,,,,,,,,,,,,,,,
NA3616,0,0,0,0,0,0,0,0,0,0,0,0,0,0,0,0,0,0,0,0,,,,,,,,,,,,,,,,,,,,,,,,,,,,,,,,,,,,
NA3617,0,0,0,0,0,0,0,0,0,0,0,0,0,0,0,0,0,1,0,0,,,,,,,,,,,,,,,,,,,,,,,,,,,,,,,,,,,,
NA3618,0,0,0,0,0,0,0,0,0,0,0,0,0,0,0,0,0,0,0,0,,,,,,,,,,,,,,,,,,,,,,,,,,,,,,,,,,,,
NA3619,0,0,0,0,0,0,0,0,0,0,0,0,0,0,0,0,0,0,0,0,,,,,,,,,,,,,,,,,,,,,,,,,,,,,,,,,,,,
NA3620,0,0,0,0,0,0,0,0,0,0,0,0,0,0,0,0,0,0,0,0,,,,,,,,,,,,,,,,,,,,,,,,,,,,,,,,,,,,
NA3621,0,0,0,0,0,0,0,0,0,0,0,0,0,0,0,0,0,0,0,0,,,,,,,,,,,,,,,,,,,,,,,,,,,,,,,,,,,,
NA3622,0,0,0,0,0,0,0,0,0,0,0,0,0,0,0,0,0,0,0,0,,,,,,,,,,,,,,,,,,,,,,,,,,,,,,,,,,,,
NA3623,0,0,0,0,0,0,0,0,0,0,0,0,0,0,0,0,0,0,0,0,,,,,,,,,,,,,,,,,,,,,,,,,,,,,,,,,,,,
NA3624,0,0,0,0,0,0,0,0,0,0,0,0,0,0,0,0,0,0,0,0,,,,,,,,,,,,,,,,,,,,,,,,,,,,,,,,,,,,
NA3625,0,0,0,0,0,0,0,0,0,0,0,0,0,0,0,0,0,0,0,0,,,,,,,,,,,,,,,,,,,,,,,,,,,,,,,,,,,,
NA3626,0,0,0,0,0,0,0,0,0,0,0,0,0,0,0,0,0,0,0,0,,,,,,,,,,,,,,,,,,,,,,,,,,,,,,,,,,,,
NA3627,0,0,0,0,0,0,0,0,0,0,0,0,0,0,0,0,0,0,0,0,,,,,,,,,,,,,,,,,,,,,,,,,,,,,,,,,,,,
NA3628,0,0,0,0,0,0,0,0,0,0,0,0,0,0,0,0,0,0,0,0,,,,,,,,,,,,,,,,,,,,,,,,,,,,,,,,,,,,
NA3629,0,0,0,0,0,0,0,0,0,0,0,0,0,0,0,0,0,0,0,0,,,,,,,,,,,,,,,,,,,,,,,,,,,,,,,,,,,,
NA3630,0,0,0,0,0,0,0,0,0,0,0,0,0,0,0,0,0,0,0,0,,,,,,,,,,,,,,,,,,,,,,,,,,,,,,,,,,,,
NA3631,0,0,0,0,0,0,0,0,0,0,0,0,0,0,0,0,0,0,0,0,,,,,,,,,,,,,,,,,,,,,,,,,,,,,,,,,,,,
NA3632,0,0,0,0,0,0,0,0,0,0,0,0,0,0,0,0,0,0,0,0,,,,,,,,,,,,,,,,,,,,,,,,,,,,,,,,,,,,
NA3633,0,0,0,0,0,0,0,0,0,0,0,0,0,0,0,0,0,0,0,0,,,,,,,,,,,,,,,,,,,,,,,,,,,,,,,,,,,,
NA3634,0,0,0,0,0,0,0,0,0,1,0,0,0,0,0,0,0,0,0,0,,,,,,,,,,,,,,,,,,,,,,,,,,,,,,,,,,,,
NA3635,0,0,0,0,0,0,0,0,0,0,0,0,0,0,0,0,0,0,0,0,,,,,,,,,,,,,,,,,,,,,,,,,,,,,,,,,,,,
NA3636,0,0,0,0,0,0,0,0,0,0,0,0,0,0,0,0,0,1,0,0,,,,,,,,,,,,,,,,,,,,,,,,,,,,,,,,,,,,
NA3637,0,0,0,0,0,0,0,0,0,0,0,0,0,0,0,0,0,0,0,0,,,,,,,,,,,,,,,,,,,,,,,,,,,,,,,,,,,,
NA3638,0,0,0,0,0,0,0,0,0,0,0,0,0,0,0,0,0,0,0,0,,,,,,,,,,,,,,,,,,,,,,,,,,,,,,,,,,,,
NA3639,0,0,0,0,0,0,0,0,0,0,0,0,0,0,0,0,0,0,0,0,,,,,,,,,,,,,,,,,,,,,,,,,,,,,,,,,,,,
NA3640,0,0,0,0,0,0,0,0,0,0,0,0,0,0,0,0,0,0,0,0,,,,,,,,,,,,,,,,,,,,,,,,,,,,,,,,,,,,
NA3641,0,0,0,0,0,0,0,0,0,0,0,0,0,0,0,0,0,0,0,0,,,,,,,,,,,,,,,,,,,,,,,,,,,,,,,,,,,,
NA3642,0,0,0,0,0,0,0,0,0,0,0,0,0,0,0,0,0,0,0,0,,,,,,,,,,,,,,,,,,,,,,,,,,,,,,,,,,,,
NA3643,0,0,0,0,0,0,0,0,0,0,0,0,0,0,0,0,0,0,0,0,,,,,,,,,,,,,,,,,,,,,,,,,,,,,,,,,,,,
NA3644,0,0,0,0,0,0,0,0,0,0,0,0,0,0,0,0,0,1,1,0,,,,,,,,,,,,,,,,,,,,,,,,,,,,,,,,,,,,1
NA3645,0,0,0,0,0,0,0,0,0,0,0,0,0,0,0,0,0,0,0,0,,,,,,,,,,,,,,,,,,,,,,,,,,,,,,,,,,,,
NA3646,0,0,0,0,0,0,0,0,0,0,0,0,0,0,0,0,0,0,0,0,,,,,,,,,,,,,,,,,,,,,,,,,,,,,,,,,,,,
NA3647,0,0,0,0,0,0,0,0,0,0,0,0,0,0,0,0,0,0,0,0,,,,,,,,,,,,,,,,,,,,,,,,,,,,,,,,,,,,
NA3648,0,0,0,0,0,0,0,0,0,0,0,0,0,0,0,0,0,0,0,0,,,,,,,,,,,,,,,,,,,,,,,,,,,,,,,,,,,,
NA3649,0,0,0,0,0,0,0,0,0,0,0,0,0,0,0,0,0,0,0,0,,,,,,,,,,,,,,,,,,,,,,,,,,,,,,,,,,,,
NA3650,0,0,0,0,0,0,0,0,0,0,0,0,0,0,0,0,0,0,0,0,,,,,,,,,,,,,,,,,,,,,,,,,,,,,,,,,,,,
NA3651,0,0,0,0,0,0,0,0,0,0,0,0,0,0,0,0,0,0,0,0,,,,,,,,,,,,,,,,,,,,,,,,,,,,,,,,,,,,
NB1490,0,0,0,0,0,0,0,0,0,0,0,0,0,0,0,0,0,0,0,0,,,,,,,,,,,,,,,,,,,,,,,,,,,,,,,,,,,,
NB1491,0,0,0,0,0,0,0,0,0,0,0,0,0,0,0,0,0,0,0,0,,,,,,,,,,,,,,,,,,,,,,,,,,,,,,,,,,,,
NB1492,0,0,0,0,0,0,0,0,0,0,0,0,0,0,0,0,0,0,0,0,,,,,,,,,,,,,,,,,,,,,,,,,,,,,,,,,,,,
NB1493,0,0,0,0,0,0,0,0,0,0,0,0,0,0,0,0,0,0,0,0,,,,,,,,,,,,,,,,,,,,,,,,,,,,,,,,,,,,
NB1494,0,0,0,0,0,0,0,0,0,1,0,0,0,0,0,0,0,1,0,0,,,,,,,,,,,,,,,,,,,,0,,,,,,,,,,,,,,,,
NB1495,0,0,0,0,0,0,0,0,0,0,0,0,0,0,0,0,0,0,0,0,,,,,,,,,,,,,,,,,,,,,,,,,,,,,,,,,,,,
NB1496,0,0,0,0,0,0,0,0,0,0,0,0,0,0,0,0,0,0,0,0,,,,,,,,,,,,,,,,,,,,,,,,,,,,,,,,,,,,
NB1497,0,0,0,0,0,0,0,0,0,0,0,0,0,0,0,0,0,1,0,0,,,,,,,,,,,,,,,,,,,,,,,,,,,,,,,,,,,,
NB1498,0,0,0,0,0,0,0,0,0,0,0,0,0,0,0,0,0,1,0,0,,,,,,,,,,,,,,,,,,,,,,,,,,,,,,,,,,,,
NB1499,0,0,0,0,0,0,0,0,0,0,0,0,0,0,0,0,0,0,0,0,,,,,,,,,,,,,,,,,,,,,,,,,,,,,,,,,,,,
NB1500,0,0,0,0,0,0,0,0,0,0,0,0,0,0,0,0,0,0,0,0,,,,,,,,,,,,,,,,,,,,,,,,,,,,,,,,,,,,
NB1501,0,0,0,0,0,0,0,0,0,0,0,0,0,0,0,0,0,0,0,0,,,,,,,,,,,,,,,,,,,,,,,,,,,,,,,,,,,,
NB1502,0,0,0,0,0,0,0,0,0,0,0,0,0,0,0,0,0,0,0,0,,,,,,,,,,,,,,,,,,,,,,,,,,,,,,,,,,,,
NB1503,0,0,0,0,0,0,0,0,0,0,0,0,0,0,0,0,0,1,0,0,,,,,,,,,,,,,,,,,,,,,,,,,,,,,,,,,,,,
NB1504,0,0,0,0,0,0,0,0,0,0,0,0,0,0,0,0,0,0,0,0,,,,,,,,,,,,,,,,,,,,,,,,,,,,,,,,,,,,
NB1505,0,0,0,0,0,0,0,0,0,0,0,0,0,0,0,0,0,0,0,0,,,,,,,,,,,,,,,,,,,,,,,,,,,,,,,,,,,,
NB1506,0,0,0,0,0,0,0,0,0,0,0,0,0,0,0,0,0,0,0,0,,,,,,,,,,,,,,,,,,,,,,,,,,,,,,,,,,,,
NB1507,0,0,0,0,0,0,0,0,0,0,0,0,0,0,0,0,0,0,0,0,,,,,,,,,,,,,,,,,,,,,,,,,,,,,,,,,,,,
NB1508,0,0,0,0,0,0,0,0,0,0,0,0,0,0,0,0,0,0,0,0,,,,,,,,,,,,,,,,,,,,,,,,,,,,,,,,,,,,
NB1509,0,0,0,0,0,0,0,0,0,0,0,0,0,0,0,0,0,0,0,0,,,,,,,,,,,,,,,,,,,,,,,,,,,,,,,,,,,,
NB1510,0,0,0,0,0,0,0,0,0,0,0,0,0,0,0,0,0,0,0,0,,,,,,,,,,,,,,,,,,,,,,,,,,,,,,,,,,,,
NB1511,0,0,0,0,0,0,0,0,0,0,0,0,0,0,0,0,0,0,0,0,,,,,,,,,,,,,,,,,,,,,,,,,,,,,,,,,,,,
NB1512,0,0,0,0,0,0,0,0,0,0,0,0,0,0,0,0,0,1,0,0,,,,,,,,,,,,,,,,,,,,,,,,,,,,,,,,,,,,
NB1513,0,0,0,0,0,0,0,0,0,0,0,0,0,0,0,0,0,0,0,0,,,,,,,,,,,,,,,,,,,,,,,,,,,,,,,,,,,,
NB1514,0,0,0,0,0,0,0,0,0,0,0,0,0,0,0,0,0,0,0,0,,,,,,,,,,,,,,,,,,,,,,,,,,,,,,,,,,,,
NB1515,0,0,0,0,0,0,0,0,0,0,0,0,0,0,0,0,0,0,0,0,,,,,,,,,,,,,,,,,,,,,,,,,,,,,,,,,,,,
NB1516,0,0,0,0,0,0,0,0,0,0,0,0,0,0,0,0,0,0,0,0,,,,,,,,,,,,,,,,,,,,,,,,,,,,,,,,,,,,
NB1517,0,0,0,0,0,0,0,0,0,0,0,0,0,0,0,0,0,1,0,0,,,,,,,,,,,,,,,,,,,,,,,,,,,,,,,,,,,,
NB1518,0,0,0,0,0,0,0,0,0,0,0,0,0,0,0,0,0,0,0,0,,,,,,,,,,,,,,,,,,,,,,,,,,,,,,,,,,,,
NB1519,0,0,0,0,0,0,0,0,0,0,0,0,0,0,0,0,0,0,0,0,,,,,,,,,,,,,,,,,,,,,,,,,,,,,,,,,,,,
NB1520,0,0,0,0,0,0,0,0,0,0,0,0,0,0,0,0,0,0,0,0,,,,,,,,,,,,,,,,,,,,,,,,,,,,,,,,,,,,
NB1521,0,0,0,0,0,0,0,0,0,0,0,0,0,0,0,0,0,0,0,0,,,,,,,,,,,,,,,,,,,,,,,,,,,,,,,,,,,,
NB1522,0,0,0,0,0,0,0,0,0,0,0,0,0,0,0,0,0,0,0,0,,,,,,,,,,,,,,,,,,,,,,,,,,,,,,,,,,,,
NB1523,0,0,0,0,0,0,0,0,0,0,0,0,0,0,0,0,0,0,0,0,,,,,,,,,,,,,,,,,,,,,,,,,,,,,,,,,,,,
NB1524,0,0,0,0,0,0,0,0,0,0,0,0,0,0,0,0,0,0,0,0,,,,,,,,,,,,,,,,,,,,,,,,,,,,,,,,,,,,
NB1525,0,0,0,0,0,0,0,0,0,0,0,0,0,0,0,0,0,0,0,0,,,,,,,,,,,,,,,,,,,,,,,,,,,,,,,,,,,,
NB1526,0,0,0,0,0,0,0,0,0,0,0,0,0,0,0,0,0,0,0,0,,,,,,,,,,,,,,,,,,,,,,,,,,,,,,,,,,,,
NB1527,0,0,0,0,0,0,0,0,0,0,0,0,0,0,0,0,0,0,0,0,,,,,,,,,,,,,,,,,,,,,,,,,,,,,,,,,,,,
NB1528,0,0,0,0,0,0,0,0,0,0,0,0,0,0,0,0,0,0,0,0,,,,,,,,,,,,,,,,,,,,,,,,,,,,,,,,,,,,
NB1529,0,0,0,0,0,0,0,0,0,0,0,0,0,0,0,0,0,0,0,0,,,,,,,,,,,,,,,,,,,,,,,,,,,,,,,,,,,,
NB1530,0,0,0,0,0,0,0,0,0,0,0,0,0,0,0,0,0,0,0,0,,,,,,,,,,,,,,,,,,,,,,,,,,,,,,,,,,,,
NB1531,0,0,0,0,0,0,0,0,0,0,0,0,0,0,0,0,0,0,0,0,,,,,,,,,,,,,,,,,,,,,,,,,,,,,,,,,,,,
NB1532,0,0,0,0,0,0,0,0,0,0,0,0,0,0,0,0,0,0,0,0,,,,,,,,,,,,,,,,,,,,,,,,,,,,,,,,,,,,
NB1533,0,0,0,0,0,0,0,0,0,0,0,0,0,0,0,0,0,0,0,0,,,,,,,,,,,,,,,,,,,,,,,,,,,,,,,,,,,,
NB1534,0,0,0,0,0,0,0,0,0,0,0,0,0,0,0,0,0,0,0,0,,,,,,,,,,,,,,,,,,,,,,,,,,,,,,,,,,,,
NB1535,0,0,0,0,0,0,0,0,0,0,0,0,0,0,0,0,0,0,0,0,,,,,,,,,,,,,,,,,,,,,,,,,,,,,,,,,,,,
NB1536,0,0,0,0,0,0,0,0,0,0,0,0,0,0,0,0,0,0,0,0,,,,,,,,,,,,,,,,,,,,,,,,,,,,,,,,,,,,
NB1537,0,0,0,0,0,0,0,0,0,0,0,0,0,0,0,0,0,0,0,0,,,,,,,,,,,,,,,,,,,,,,,,,,,,,,,,,,,,
NB1538,0,0,0,0,0,0,0,0,0,0,0,0,0,0,0,0,0,0,0,0,,,,,,,,,,,,,,,,,,,,,,,,,,,,,,,,,,,,
NB1539,0,0,0,0,0,0,0,0,0,0,0,0,0,0,0,0,0,0,0,0,,,,,,,,,,,,,,,,,,,,,,,,,,,,,,,,,,,,
NB1540,0,0,0,0,0,0,0,0,0,0,0,0,0,0,0,0,0,0,0,0,,,,,,,,,,,,,,,,,,,,,,,,,,,,,,,,,,,,
NB1541,0,0,0,0,0,0,0,0,0,0,0,0,0,0,0,0,0,1,0,0,,,,,,,,,,,,,,,,,,,,,,,,,,,,,,,,,,,,
NB1542,0,0,0,0,0,0,0,0,0,0,0,0,0,0,0,0,0,0,0,0,,,,,,,,,,,,,,,,,,,,,,,,,,,,,,,,,,,,
NB1543,0,0,0,0,0,0,0,0,0,0,0,0,0,0,0,0,0,0,0,0,,,,,,,,,,,,,,,,,,,,,,,,,,,,,,,,,,,,
NB1544,0,0,0,0,0,0,0,0,0,1,0,0,0,0,0,0,0,0,0,0,,,,,,,,,,,,,,,,,,,,,,,,,,,,,,,,,,,,
NB1545,0,0,0,0,0,0,0,0,0,0,0,0,0,0,0,0,0,1,0,0,,,,,,,,,,,,,,,,,,,,,,,,,,,,,,,,,,,,
NB1546,0,0,0,0,0,0,0,0,0,0,0,0,0,0,0,0,0,0,0,0,,,,,,,,,,,,,,,,,,,,,,,,,,,,,,,,,,,,
NB1547,0,0,0,0,0,0,0,0,0,0,0,0,0,0,0,0,0,0,0,0,,,,,,,,,,,,,,,,,,,,,,,,,,,,,,,,,,,,
NB1548,0,0,0,0,0,0,0,0,0,0,0,0,0,0,0,0,0,0,0,0,,,,,,,,,,,,,,,,,,,,,,,,,,,,,,,,,,,,
NB1549,0,0,0,0,0,0,0,0,0,0,0,0,0,0,0,0,0,0,0,0,,,,,,,,,,,,,,,,,,,,,,,,,,,,,,,,,,,,
NB1550,0,0,0,0,0,0,0,0,0,0,0,0,0,0,0,0,0,0,0,0,,,,,,,,,,,,,,,,,,,,,,,,,,,,,,,,,,,,
NB1551,0,0,0,0,0,0,0,0,0,0,0,0,0,0,0,0,0,0,0,0,,,,,,,,,,,,,,,,,,,,,,,,,,,,,,,,,,,,
NB1552,0,0,0,0,0,0,0,0,0,0,0,0,0,0,0,0,0,0,0,0,,,,,,,,,,,,,,,,,,,,,,,,,,,,,,,,,,,,
NB1553,0,0,0,0,0,0,0,0,0,0,0,0,0,0,0,0,0,0,0,0,,,,,,,,,,,,,,,,,,,,,,,,,,,,,,,,,,,,
NB1554,0,0,0,0,0,0,0,0,0,0,0,0,0,0,0,0,0,0,0,0,,,,,,,,,,,,,,,,,,,,,,,,,,,,,,,,,,,,
NB1555,0,0,0,0,0,0,0,0,0,0,0,0,0,0,0,0,0,0,0,0,,,,,,,,,,,,,,,,,,,,,,,,,,,,,,,,,,,,
NB1556,0,0,0,0,0,0,0,0,0,0,0,0,0,0,0,0,0,0,0,0,,,,,,,,,,,,,,,,,,,,,,,,,,,,,,,,,,,,
NB1557,0,0,0,0,0,0,0,0,0,0,0,0,0,0,0,0,0,0,0,0,,,,,,,,,,,,,,,,,,,,,,,,,,,,,,,,,,,,
NB1558,0,0,0,0,0,0,0,0,0,0,0,0,0,0,0,0,0,0,0,0,,,,,,,,,,,,,,,,,,,,,,,,,,,,,,,,,,,,
NB1559,0,0,0,0,0,0,0,0,0,0,0,0,0,0,0,0,0,0,0,0,,,,,,,,,,,,,,,,,,,,,,,,,,,,,,,,,,,,
NB1560,0,0,0,0,0,0,0,0,0,0,0,0,0,0,0,0,0,0,0,0,,,,,,,,,,,,,,,,,,,,,,,,,,,,,,,,,,,,
NB1561,0,0,0,0,0,0,0,0,0,0,0,0,0,0,0,0,0,0,0,0,,,,,,,,,,,,,,,,,,,,,,,,,,,,,,,,,,,,
NB1562,0,0,0,0,0,0,0,0,0,0,0,0,0,0,0,0,0,0,0,0,,,,,,,,,,,,,,,,,,,,,,,,,,,,,,,,,,,,
NB1563,0,0,0,0,0,0,0,0,0,0,0,0,0,0,0,0,0,0,0,0,,,,,,,,,,,,,,,,,,,,,,,,,,,,,,,,,,,,
NB1564,0,0,0,0,0,0,0,0,0,1,0,0,0,0,0,0,0,1,0,0,,,,,,,,,,,,,,,,,,,,0,,,,,,,,,,,,,,,,
NB1565,0,0,0,0,0,0,0,0,0,0,0,0,0,0,0,0,0,0,0,0,,,,,,,,,,,,,,,,,,,,,,,,,,,,,,,,,,,,
NB1566,0,0,0,0,0,0,0,0,0,0,0,0,0,0,0,0,0,0,0,0,,,,,,,,,,,,,,,,,,,,,,,,,,,,,,,,,,,,
NB1567,0,0,0,0,0,0,0,0,0,0,0,0,0,0,0,0,0,0,0,0,,,,,,,,,,,,,,,,,,,,,,,,,,,,,,,,,,,,
NB1568,0,0,0,0,0,0,0,0,0,0,0,0,0,0,0,0,0,0,0,0,,,,,,,,,,,,,,,,,,,,,,,,,,,,,,,,,,,,
NB1569,0,0,0,0,0,0,0,0,0,0,0,0,0,0,0,0,0,0,0,0,,,,,,,,,,,,,,,,,,,,,,,,,,,,,,,,,,,,
NB1570,0,0,0,0,0,0,0,0,0,0,0,0,0,0,0,0,0,0,0,0,,,,,,,,,,,,,,,,,,,,,,,,,,,,,,,,,,,,
NB1571,0,0,0,0,0,0,0,0,0,0,0,0,0,0,0,0,0,0,0,0,,,,,,,,,,,,,,,,,,,,,,,,,,,,,,,,,,,,
NB1572,0,0,0,0,0,0,0,0,0,0,0,0,0,0,0,0,0,0,0,0,,,,,,,,,,,,,,,,,,,,,,,,,,,,,,,,,,,,
NB1573,0,0,0,0,0,0,0,0,0,0,0,0,0,0,0,0,0,0,0,0,,,,,,,,,,,,,,,,,,,,,,,,,,,,,,,,,,,,
NB1574,0,0,0,0,0,0,0,0,0,0,0,0,0,0,0,0,0,0,0,0,,,,,,,,,,,,,,,,,,,,,,,,,,,,,,,,,,,,
NB1575,0,0,0,0,0,0,0,0,0,0,0,0,0,0,0,0,0,0,0,0,,,,,,,,,,,,,,,,,,,,,,,,,,,,,,,,,,,,
NB1576,0,0,0,0,0,0,0,0,0,0,0,0,0,0,0,0,0,0,0,0,,,,,,,,,,,,,,,,,,,,,,,,,,,,,,,,,,,,
NB1577,0,0,0,0,0,0,0,0,0,0,0,0,0,0,0,0,0,0,0,0,,,,,,,,,,,,,,,,,,,,,,,,,,,,,,,,,,,,
NB1578,0,0,0,0,0,0,0,0,0,0,0,0,0,0,0,0,0,0,1,0,,,,,,,,,,,,,,,,,,,,,,,,,,,,,,,,,,,,
NB1579,0,0,0,0,0,0,0,0,0,0,0,0,0,0,0,0,0,0,0,0,,,,,,,,,,,,,,,,,,,,,,,,,,,,,,,,,,,,
NB1580,0,0,0,0,0,0,0,0,0,0,0,0,0,0,0,0,0,0,0,0,,,,,,,,,,,,,,,,,,,,,,,,,,,,,,,,,,,,
NB1581,0,0,0,0,0,0,0,0,0,0,0,0,0,0,0,0,0,0,0,0,,,,,,,,,,,,,,,,,,,,,,,,,,,,,,,,,,,,
NB1582,0,0,0,0,0,0,0,0,0,0,0,0,0,0,0,0,0,0,0,0,,,,,,,,,,,,,,,,,,,,,,,,,,,,,,,,,,,,
NB1583,0,0,0,0,0,0,0,0,0,0,0,0,0,0,0,0,0,0,0,0,,,,,,,,,,,,,,,,,,,,,,,,,,,,,,,,,,,,
NB1584,0,0,0,0,0,0,0,0,0,0,0,0,0,0,0,0,0,0,0,0,,,,,,,,,,,,,,,,,,,,,,,,,,,,,,,,,,,,
NB1585,0,0,0,0,0,0,0,0,0,0,0,0,0,0,0,0,0,0,0,0,,,,,,,,,,,,,,,,,,,,,,,,,,,,,,,,,,,,
NB1586,0,0,0,0,0,0,0,0,0,0,0,0,0,0,0,0,0,0,0,0,,,,,,,,,,,,,,,,,,,,,,,,,,,,,,,,,,,,
NB1587,0,0,0,0,0,0,0,0,0,0,0,0,0,0,0,0,0,0,0,0,,,,,,,,,,,,,,,,,,,,,,,,,,,,,,,,,,,,
NB1588,0,0,0,0,0,0,0,0,0,0,0,0,0,0,0,0,0,0,0,0,,,,,,,,,,,,,,,,,,,,,,,,,,,,,,,,,,,,
NB1589,0,0,0,0,0,0,0,0,0,0,0,0,0,0,0,0,0,0,0,0,,,,,,,,,,,,,,,,,,,,,,,,,,,,,,,,,,,,
NB1590,0,0,0,0,0,0,0,0,0,0,0,0,0,0,0,0,0,0,0,0,,,,,,,,,,,,,,,,,,,,,,,,,,,,,,,,,,,,
NB1591,0,0,0,0,0,0,0,0,0,0,0,0,0,0,0,0,0,0,0,0,,,,,,,,,,,,,,,,,,,,,,,,,,,,,,,,,,,,
NB1592,0,0,0,0,0,0,0,0,0,0,0,0,0,0,0,0,0,0,0,0,,,,,,,,,,,,,,,,,,,,,,,,,,,,,,,,,,,,
NB1593,0,0,0,0,0,0,0,0,0,0,0,0,0,0,0,0,0,0,0,0,,,,,,,,,,,,,,,,,,,,,,,,,,,,,,,,,,,,
NB1594,0,0,0,0,0,0,0,0,0,0,0,0,0,0,0,0,0,0,0,0,,,,,,,,,,,,,,,,,,,,,,,,,,,,,,,,,,,,
NB1595,0,0,0,0,0,0,0,0,0,0,0,0,0,0,0,0,0,0,0,0,,,,,,,,,,,,,,,,,,,,,,,,,,,,,,,,,,,,
NB1596,0,0,0,0,0,0,0,0,0,0,0,0,0,0,0,0,0,0,0,0,,,,,,,,,,,,,,,,,,,,,,,,,,,,,,,,,,,,
NB1597,0,0,0,0,0,0,0,0,0,0,0,0,0,0,0,0,0,0,0,0,,,,,,,,,,,,,,,,,,,,,,,,,,,,,,,,,,,,
NB1598,0,0,0,0,0,0,0,0,0,0,0,0,0,0,0,0,0,0,0,0,,,,,,,,,,,,,,,,,,,,,,,,,,,,,,,,,,,,
NB1599,0,0,0,0,0,0,0,0,0,0,0,0,0,0,0,0,0,1,0,0,,,,,,,,,,,,,,,,,,,,,,,,,,,,,,,,,,,,
NB1600,0,0,0,0,0,0,0,0,0,0,0,0,0,0,0,0,0,0,0,0,,,,,,,,,,,,,,,,,,,,,,,,,,,,,,,,,,,,
NB1601,0,0,0,0,0,0,0,0,0,0,0,0,0,0,0,0,0,0,0,0,,,,,,,,,,,,,,,,,,,,,,,,,,,,,,,,,,,,
NB1602,0,0,0,0,0,0,0,0,0,0,0,0,0,0,0,0,0,0,0,0,,,,,,,,,,,,,,,,,,,,,,,,,,,,,,,,,,,,
NB1603,0,0,0,0,0,0,0,0,0,0,0,0,0,0,0,0,0,1,0,0,,,,,,,,,,,,,,,,,,,,,,,,,,,,,,,,,,,,
NB1604,0,0,0,0,0,0,0,0,0,0,0,0,0,0,0,0,0,0,0,0,,,,,,,,,,,,,,,,,,,,,,,,,,,,,,,,,,,,
NB1605,0,0,0,0,0,0,0,0,0,0,0,0,0,0,0,0,0,0,0,0,,,,,,,,,,,,,,,,,,,,,,,,,,,,,,,,,,,,
NB1606,0,0,0,0,0,0,0,0,0,0,0,0,0,0,0,0,0,1,0,0,,,,,,,,,,,,,,,,,,,,,,,,,,,,,,,,,,,,
NB1607,0,0,0,0,0,0,0,0,0,0,0,0,0,0,0,0,0,0,0,0,,,,,,,,,,,,,,,,,,,,,,,,,,,,,,,,,,,,
NB1608,0,0,0,0,0,0,0,0,0,0,0,0,0,0,0,0,0,0,0,0,,,,,,,,,,,,,,,,,,,,,,,,,,,,,,,,,,,,
NB1609,0,0,0,0,0,0,0,0,0,0,0,0,0,0,0,0,0,0,0,0,,,,,,,,,,,,,,,,,,,,,,,,,,,,,,,,,,,,
NB1610,0,0,0,0,0,0,0,0,0,0,0,0,0,0,0,0,0,0,0,0,,,,,,,,,,,,,,,,,,,,,,,,,,,,,,,,,,,,
NB1611,0,0,0,0,0,0,0,0,0,0,0,0,0,0,0,0,0,0,0,0,,,,,,,,,,,,,,,,,,,,,,,,,,,,,,,,,,,,
NB1612,0,0,0,0,0,0,0,0,0,0,0,0,0,0,0,0,0,1,0,0,,,,,,,,,,,,,,,,,,,,,,,,,,,,,,,,,,,,
NB1613,0,0,0,0,0,0,0,0,0,1,0,0,0,0,0,0,0,0,0,0,,,,,,,,,,,,,,,,,,,,,,,,,,,,,,,,,,,,
NB1614,0,0,0,0,0,0,0,0,0,0,0,0,0,0,0,0,0,0,0,0,,,,,,,,,,,,,,,,,,,,,,,,,,,,,,,,,,,,
NB1615,0,0,0,0,0,0,0,0,0,0,0,0,0,0,0,0,0,0,0,0,,,,,,,,,,,,,,,,,,,,,,,,,,,,,,,,,,,,
NB1616,0,0,0,0,0,0,0,0,0,0,0,0,0,0,0,0,0,0,0,0,,,,,,,,,,,,,,,,,,,,,,,,,,,,,,,,,,,,
NB1617,0,0,0,0,0,0,0,0,0,0,0,0,0,0,0,0,0,0,0,0,,,,,,,,,,,,,,,,,,,,,,,,,,,,,,,,,,,,
NB1618,0,0,0,0,0,0,0,0,0,0,0,0,0,0,0,0,0,0,0,0,,,,,,,,,,,,,,,,,,,,,,,,,,,,,,,,,,,,
NB1619,0,0,0,0,0,0,0,0,0,0,0,0,0,0,0,0,0,0,0,0,,,,,,,,,,,,,,,,,,,,,,,,,,,,,,,,,,,,
NB1620,0,0,0,0,0,0,0,0,0,0,0,0,0,0,0,0,0,0,0,0,,,,,,,,,,,,,,,,,,,,,,,,,,,,,,,,,,,,
NB1621,0,0,0,0,0,0,0,0,0,0,0,0,0,0,0,0,0,0,0,0,,,,,,,,,,,,,,,,,,,,,,,,,,,,,,,,,,,,
NB1622,0,0,0,0,0,0,0,0,0,0,0,0,0,0,0,0,0,0,0,0,,,,,,,,,,,,,,,,,,,,,,,,,,,,,,,,,,,,
NB1623,0,0,0,0,0,0,0,0,0,0,0,0,0,0,0,0,0,0,0,0,,,,,,,,,,,,,,,,,,,,,,,,,,,,,,,,,,,,
NB1624,0,0,0,0,0,0,0,0,0,0,0,0,0,0,0,0,0,0,0,0,,,,,,,,,,,,,,,,,,,,,,,,,,,,,,,,,,,,
NB1625,0,0,0,0,0,0,0,0,0,0,0,0,0,0,0,0,0,0,0,0,,,,,,,,,,,,,,,,,,,,,,,,,,,,,,,,,,,,
NB1626,0,0,0,0,0,0,0,0,0,0,0,0,0,0,0,0,0,0,0,0,,,,,,,,,,,,,,,,,,,,,,,,,,,,,,,,,,,,
NB1627,0,0,0,0,0,0,0,0,0,0,0,0,0,0,0,0,0,0,0,0,,,,,,,,,,,,,,,,,,,,,,,,,,,,,,,,,,,,
NB1628,0,0,0,0,0,0,0,0,0,0,0,0,0,0,0,0,0,0,0,0,,,,,,,,,,,,,,,,,,,,,,,,,,,,,,,,,,,,
NB1629,0,0,0,0,0,0,0,0,0,0,0,0,0,0,0,0,0,0,0,0,,,,,,,,,,,,,,,,,,,,,,,,,,,,,,,,,,,,
NB1630,0,0,0,0,0,0,0,0,0,0,0,0,0,0,0,0,0,0,0,0,,,,,,,,,,,,,,,,,,,,,,,,,,,,,,,,,,,,
NB1631,0,0,0,0,0,0,0,0,0,0,0,0,0,0,0,0,0,0,0,0,,,,,,,,,,,,,,,,,,,,,,,,,,,,,,,,,,,,
NB1632,0,0,0,0,0,0,0,0,0,0,0,0,0,0,0,0,0,1,0,0,,,,,,,,,,,,,,,,,,,,,,,,,,,,,,,,,,,,
NB1633,0,0,0,0,0,0,0,0,0,1,0,0,0,0,0,0,0,1,0,0,,,,,,,,,,,,,,,,,,,,0,,,,,,,,,,,,,,,,
NB1634,0,0,0,0,0,0,0,0,0,0,0,0,0,0,0,0,0,0,0,0,,,,,,,,,,,,,,,,,,,,,,,,,,,,,,,,,,,,
NB1635,0,0,0,0,0,0,0,0,0,0,0,0,0,0,0,0,0,0,0,0,,,,,,,,,,,,,,,,,,,,,,,,,,,,,,,,,,,,
NB1636,0,0,0,0,0,0,0,0,0,0,0,0,0,0,0,0,0,0,0,0,,,,,,,,,,,,,,,,,,,,,,,,,,,,,,,,,,,,
NB1637,0,0,0,0,0,0,0,0,0,0,0,0,0,0,0,0,0,0,0,0,,,,,,,,,,,,,,,,,,,,,,,,,,,,,,,,,,,,
NB1638,0,0,0,0,0,0,0,0,0,0,0,0,0,0,0,0,0,0,0,0,,,,,,,,,,,,,,,,,,,,,,,,,,,,,,,,,,,,
NB1639,0,0,0,0,0,0,0,0,0,0,0,0,0,0,0,0,0,0,0,0,,,,,,,,,,,,,,,,,,,,,,,,,,,,,,,,,,,,
NB1640,0,0,0,0,0,0,0,0,0,0,0,0,0,0,0,0,0,0,0,0,,,,,,,,,,,,,,,,,,,,,,,,,,,,,,,,,,,,
NB1641,0,0,0,0,0,0,0,0,0,0,0,0,0,0,0,0,0,0,0,0,,,,,,,,,,,,,,,,,,,,,,,,,,,,,,,,,,,,
NB1642,0,0,0,0,0,0,0,0,0,0,0,0,0,0,0,0,0,0,0,0,,,,,,,,,,,,,,,,,,,,,,,,,,,,,,,,,,,,
NB1643,0,0,0,0,0,0,0,0,0,0,0,0,0,0,0,0,0,0,0,0,,,,,,,,,,,,,,,,,,,,,,,,,,,,,,,,,,,,
NB1644,0,0,0,0,0,0,0,0,0,0,0,0,0,0,0,0,0,0,0,0,,,,,,,,,,,,,,,,,,,,,,,,,,,,,,,,,,,,
NB1645,0,0,0,0,0,0,0,0,0,0,0,0,0,0,0,0,0,1,0,0,,,,,,,,,,,,,,,,,,,,,,,,,,,,,,,,,,,,
NB1646,0,0,0,0,0,0,0,0,0,0,0,0,0,0,0,0,0,0,0,0,,,,,,,,,,,,,,,,,,,,,,,,,,,,,,,,,,,,
NB1647,0,0,0,0,0,0,0,0,0,0,0,0,0,0,0,0,0,1,0,0,,,,,,,,,,,,,,,,,,,,,,,,,,,,,,,,,,,,
NB1648,0,0,0,0,0,0,0,0,0,0,0,0,0,0,0,0,0,0,0,0,,,,,,,,,,,,,,,,,,,,,,,,,,,,,,,,,,,,
NB1649,0,0,0,0,0,0,0,0,0,0,0,0,0,0,0,0,0,0,0,0,,,,,,,,,,,,,,,,,,,,,,,,,,,,,,,,,,,,
NB1650,0,0,0,0,0,0,0,0,0,0,0,0,0,0,0,0,0,0,0,0,,,,,,,,,,,,,,,,,,,,,,,,,,,,,,,,,,,,
NB1651,0,0,0,0,0,0,0,0,0,0,0,0,0,0,0,0,0,0,0,0,,,,,,,,,,,,,,,,,,,,,,,,,,,,,,,,,,,,
NB1652,0,0,0,0,0,0,0,0,0,0,0,0,0,0,0,0,0,0,0,0,,,,,,,,,,,,,,,,,,,,,,,,,,,,,,,,,,,,
NB1653,0,0,0,0,0,0,0,0,0,0,0,0,0,0,0,0,0,0,0,0,,,,,,,,,,,,,,,,,,,,,,,,,,,,,,,,,,,,
NB1654,0,0,0,0,0,0,0,0,0,0,0,0,0,0,0,0,0,0,0,0,,,,,,,,,,,,,,,,,,,,,,,,,,,,,,,,,,,,
NB1655,0,0,0,0,0,0,0,0,0,0,0,0,0,0,0,0,0,0,0,0,,,,,,,,,,,,,,,,,,,,,,,,,,,,,,,,,,,,
NB1656,0,0,0,0,0,0,0,0,0,0,0,0,0,0,0,0,0,0,0,0,,,,,,,,,,,,,,,,,,,,,,,,,,,,,,,,,,,,
NB1657,0,0,0,0,0,0,0,0,0,0,0,0,0,0,0,0,0,0,0,0,,,,,,,,,,,,,,,,,,,,,,,,,,,,,,,,,,,,
NB1658,0,0,0,0,0,0,0,0,0,0,0,0,0,0,0,0,0,0,0,0,,,,,,,,,,,,,,,,,,,,,,,,,,,,,,,,,,,,
NB1659,0,0,0,0,0,0,0,0,0,0,0,0,0,0,0,0,0,1,0,0,,,,,,,,,,,,,,,,,,,,,,,,,,,,,,,,,,,,
NB1660,0,0,0,0,0,0,0,0,0,0,0,0,0,0,0,0,0,0,0,0,,,,,,,,,,,,,,,,,,,,,,,,,,,,,,,,,,,,
NB1661,0,0,0,0,0,0,0,0,0,0,0,0,0,0,0,0,0,0,0,0,,,,,,,,,,,,,,,,,,,,,,,,,,,,,,,,,,,,
NB1662,0,0,0,0,0,0,0,0,0,0,0,0,0,0,0,0,0,1,0,0,,,,,,,,,,,,,,,,,,,,,,,,,,,,,,,,,,,,
NB1663,0,0,0,0,0,0,0,0,1,1,0,0,0,0,1,0,0,0,0,1,,,,,,,,,0,,,,,,,,,,,,,,,,,,,,,,,,,,,
NB1664,0,0,0,0,0,0,0,0,0,0,0,0,0,0,0,0,0,0,0,0,,,,,,,,,,,,,,,,,,,,,,,,,,,,,,,,,,,,
NB1665,0,0,0,0,0,0,0,0,0,0,0,0,0,0,0,0,0,0,0,0,,,,,,,,,,,,,,,,,,,,,,,,,,,,,,,,,,,,
NB1666,0,0,0,0,0,0,0,0,0,0,0,0,0,0,0,0,0,0,0,0,,,,,,,,,,,,,,,,,,,,,,,,,,,,,,,,,,,,
NB1667,0,0,0,0,0,0,0,0,0,0,0,0,0,0,0,0,0,0,0,0,,,,,,,,,,,,,,,,,,,,,,,,,,,,,,,,,,,,
NB1668,0,0,0,0,0,0,0,0,0,0,0,0,0,0,0,0,0,0,0,0,,,,,,,,,,,,,,,,,,,,,,,,,,,,,,,,,,,,
NB1669,0,0,0,0,0,0,0,0,0,0,0,0,0,0,0,0,0,0,0,0,,,,,,,,,,,,,,,,,,,,,,,,,,,,,,,,,,,,
NB1670,0,0,0,0,0,0,0,0,0,0,0,0,0,0,0,0,0,0,0,0,,,,,,,,,,,,,,,,,,,,,,,,,,,,,,,,,,,,
NB1671,0,0,0,0,0,0,0,0,0,0,0,0,0,0,0,0,0,0,0,0,,,,,,,,,,,,,,,,,,,,,,,,,,,,,,,,,,,,
NB1672,0,0,0,0,0,0,0,0,0,1,0,0,0,0,0,0,0,0,0,0,,,,,,,,,,,,,,,,,,,,,,,,,,,,,,,,,,,,
NB1673,0,0,0,0,0,0,0,0,0,0,0,0,0,0,0,0,0,0,0,0,,,,,,,,,,,,,,,,,,,,,,,,,,,,,,,,,,,,
NB1674,0,0,0,0,0,0,0,0,0,0,0,0,0,0,0,0,0,0,0,0,,,,,,,,,,,,,,,,,,,,,,,,,,,,,,,,,,,,
NB1675,0,0,0,0,0,0,0,0,0,0,0,0,0,0,0,0,0,0,0,0,,,,,,,,,,,,,,,,,,,,,,,,,,,,,,,,,,,,
NB1676,0,0,0,0,0,0,0,0,0,0,0,0,0,0,0,0,0,0,0,0,,,,,,,,,,,,,,,,,,,,,,,,,,,,,,,,,,,,
NB1677,0,0,0,0,0,0,0,0,0,0,0,0,0,0,0,0,0,1,0,0,,,,,,,,,,,,,,,,,,,,,,,,,,,,,,,,,,,,
NB1678,0,0,0,0,0,0,0,0,0,0,0,0,0,0,0,0,0,0,0,0,,,,,,,,,,,,,,,,,,,,,,,,,,,,,,,,,,,,
NB1679,0,0,0,0,0,0,0,0,0,0,0,0,0,0,0,0,0,0,0,0,,,,,,,,,,,,,,,,,,,,,,,,,,,,,,,,,,,,
NB1680,0,0,0,0,0,0,0,0,0,0,0,0,0,0,0,0,0,1,0,0,,,,,,,,,,,,,,,,,,,,,,,,,,,,,,,,,,,,
NB1681,0,0,0,0,0,0,0,0,1,0,0,0,0,0,0,0,0,0,0,0,,,,,,,,,,,,,,,,,,,,,,,,,,,,,,,,,,,,
NB1682,0,0,0,0,0,0,0,0,0,0,0,0,0,0,0,0,0,0,0,0,,,,,,,,,,,,,,,,,,,,,,,,,,,,,,,,,,,,
NB1683,0,0,0,0,0,0,0,0,0,0,0,0,0,0,0,0,0,0,0,0,,,,,,,,,,,,,,,,,,,,,,,,,,,,,,,,,,,,
NB1684,0,0,0,0,0,0,0,0,0,0,0,0,0,0,0,0,0,0,0,0,,,,,,,,,,,,,,,,,,,,,,,,,,,,,,,,,,,,
NB1685,0,0,0,0,0,0,0,0,0,0,0,0,0,0,0,0,0,0,0,0,,,,,,,,,,,,,,,,,,,,,,,,,,,,,,,,,,,,
NB1686,0,0,0,0,0,0,0,0,0,0,0,0,0,0,0,0,0,0,0,0,,,,,,,,,,,,,,,,,,,,,,,,,,,,,,,,,,,,
NB1687,0,0,0,0,0,0,0,0,0,0,0,0,0,0,0,0,0,0,0,0,,,,,,,,,,,,,,,,,,,,,,,,,,,,,,,,,,,,
NB1688,0,0,0,0,0,0,0,0,0,0,0,0,0,0,0,0,0,0,0,0,,,,,,,,,,,,,,,,,,,,,,,,,,,,,,,,,,,,
NB1689,0,0,0,0,0,0,0,0,0,0,0,0,0,0,0,0,0,0,0,0,,,,,,,,,,,,,,,,,,,,,,,,,,,,,,,,,,,,
NB1690,0,0,0,0,0,0,0,0,0,0,0,0,0,0,0,0,0,0,0,0,,,,,,,,,,,,,,,,,,,,,,,,,,,,,,,,,,,,
NB1691,0,0,0,0,0,0,0,0,0,0,0,0,0,0,0,0,0,0,0,0,,,,,,,,,,,,,,,,,,,,,,,,,,,,,,,,,,,,
NB1692,0,0,0,0,0,0,0,0,0,0,0,0,0,0,0,0,0,0,0,0,,,,,,,,,,,,,,,,,,,,,,,,,,,,,,,,,,,,
NB1693,0,0,0,0,0,0,0,0,0,0,0,0,0,0,0,0,0,0,0,1,,,,,,,,,,,,,,,,,,,,,,,,,,,,,,,,,,,,
NB1694,0,0,0,0,0,0,0,0,0,0,0,0,0,0,0,0,0,1,0,0,,,,,,,,,,,,,,,,,,,,,,,,,,,,,,,,,,,,
NB1695,0,0,0,0,0,0,0,0,0,0,0,0,0,0,0,0,0,1,0,0,,,,,,,,,,,,,,,,,,,,,,,,,,,,,,,,,,,,
NB1696,0,0,0,0,0,0,0,0,0,0,0,0,0,0,0,0,0,0,0,0,,,,,,,,,,,,,,,,,,,,,,,,,,,,,,,,,,,,
NB1697,0,0,0,0,0,0,0,0,0,0,0,0,0,0,0,0,0,0,0,0,,,,,,,,,,,,,,,,,,,,,,,,,,,,,,,,,,,,
NB1698,0,0,0,0,0,0,0,0,0,0,0,0,0,0,0,0,0,0,0,0,,,,,,,,,,,,,,,,,,,,,,,,,,,,,,,,,,,,
NB1699,0,0,0,0,0,0,0,0,0,0,0,0,0,0,0,0,0,0,0,0,,,,,,,,,,,,,,,,,,,,,,,,,,,,,,,,,,,,
NB1700,0,0,0,0,0,0,0,0,0,0,0,0,0,0,0,0,0,0,0,0,,,,,,,,,,,,,,,,,,,,,,,,,,,,,,,,,,,,
NB1701,0,0,0,0,0,0,0,0,0,0,0,0,0,0,0,0,0,0,0,0,,,,,,,,,,,,,,,,,,,,,,,,,,,,,,,,,,,,
NB1702,0,0,0,0,0,0,0,0,0,0,0,0,0,0,0,0,0,0,0,0,,,,,,,,,,,,,,,,,,,,,,,,,,,,,,,,,,,,
NB1703,0,0,0,0,0,0,0,0,0,0,0,0,0,0,0,0,0,0,0,0,,,,,,,,,,,,,,,,,,,,,,,,,,,,,,,,,,,,
NB1704,0,0,0,0,0,0,0,0,0,0,0,0,0,0,0,0,0,0,1,0,,,,,,,,,,,,,,,,,,,,,,,,,,,,,,,,,,,,
NB1705,0,0,0,0,0,0,0,0,0,0,0,0,0,0,0,0,0,0,0,0,,,,,,,,,,,,,,,,,,,,,,,,,,,,,,,,,,,,
NB1706,0,0,0,0,0,0,0,0,0,0,0,0,0,0,0,0,0,0,0,0,,,,,,,,,,,,,,,,,,,,,,,,,,,,,,,,,,,,
NB1707,0,0,0,0,0,0,0,0,0,0,0,0,0,0,0,0,0,0,0,0,,,,,,,,,,,,,,,,,,,,,,,,,,,,,,,,,,,,
NB1708,0,0,0,0,0,0,0,0,0,0,0,0,0,0,0,0,0,0,0,0,,,,,,,,,,,,,,,,,,,,,,,,,,,,,,,,,,,,
NB1709,0,0,0,0,0,0,0,0,0,0,0,0,0,0,0,0,0,0,0,0,,,,,,,,,,,,,,,,,,,,,,,,,,,,,,,,,,,,
NB1710,0,0,0,0,0,0,0,0,0,0,0,0,0,0,0,0,0,0,0,0,,,,,,,,,,,,,,,,,,,,,,,,,,,,,,,,,,,,
NB1711,0,0,0,0,0,0,0,0,0,0,0,0,0,0,0,0,0,1,0,0,,,,,,,,,,,,,,,,,,,,,,,,,,,,,,,,,,,,
NB1712,0,0,0,0,0,0,0,0,0,0,0,0,0,0,0,0,0,1,0,0,,,,,,,,,,,,,,,,,,,,,,,,,,,,,,,,,,,,
NB1713,0,0,0,0,0,0,0,0,0,0,0,0,0,0,0,0,0,0,0,0,,,,,,,,,,,,,,,,,,,,,,,,,,,,,,,,,,,,
NB1714,0,0,0,0,0,0,0,0,0,0,0,0,0,0,0,0,0,0,0,0,,,,,,,,,,,,,,,,,,,,,,,,,,,,,,,,,,,,
NB1715,0,0,0,0,0,0,0,0,0,0,0,0,0,0,0,0,0,1,0,0,,,,,,,,,,,,,,,,,,,,,,,,,,,,,,,,,,,,
NB1716,0,0,0,0,0,0,0,0,0,0,0,0,0,0,0,0,0,0,0,0,,,,,,,,,,,,,,,,,,,,,,,,,,,,,,,,,,,,
NB1717,0,0,0,0,0,0,0,0,0,0,0,0,0,0,0,0,0,0,0,0,,,,,,,,,,,,,,,,,,,,,,,,,,,,,,,,,,,,
NB1718,0,0,0,0,0,0,0,0,0,0,0,0,0,0,0,0,0,0,0,0,,,,,,,,,,,,,,,,,,,,,,,,,,,,,,,,,,,,
NB1719,0,0,0,0,0,0,0,0,0,0,0,0,0,0,0,0,0,0,0,0,,,,,,,,,,,,,,,,,,,,,,,,,,,,,,,,,,,,
NB1720,0,0,0,0,0,0,0,0,0,1,0,0,0,0,0,0,0,0,1,0,,,,,,,,,,,,,,,,,,,,,0,,,,,,,,,,,,,,,
NB1721,0,0,0,0,0,0,0,0,0,0,0,0,0,0,0,0,0,0,0,0,,,,,,,,,,,,,,,,,,,,,,,,,,,,,,,,,,,,
NB1722,0,0,0,0,0,0,0,0,0,0,0,0,0,0,0,0,0,0,0,0,,,,,,,,,,,,,,,,,,,,,,,,,,,,,,,,,,,,
NB1723,0,0,0,0,0,0,0,0,0,0,0,0,0,0,0,0,0,0,0,0,,,,,,,,,,,,,,,,,,,,,,,,,,,,,,,,,,,,
NB1724,0,0,0,0,0,0,0,0,0,0,0,0,0,0,0,0,0,0,0,0,,,,,,,,,,,,,,,,,,,,,,,,,,,,,,,,,,,,
NB1725,0,0,0,0,0,0,0,0,0,0,0,0,0,0,0,0,0,0,0,0,,,,,,,,,,,,,,,,,,,,,,,,,,,,,,,,,,,,
NB1726,0,0,0,0,0,0,0,0,0,0,0,0,0,0,0,0,0,0,0,0,,,,,,,,,,,,,,,,,,,,,,,,,,,,,,,,,,,,
NB1727,0,0,0,0,0,0,0,0,0,0,0,0,0,0,0,0,0,0,0,0,,,,,,,,,,,,,,,,,,,,,,,,,,,,,,,,,,,,
NB1728,0,0,0,0,0,0,0,0,0,0,0,0,0,0,0,0,0,0,0,0,,,,,,,,,,,,,,,,,,,,,,,,,,,,,,,,,,,,
NB1729,0,0,0,0,0,0,0,0,0,0,0,0,0,0,0,0,0,0,0,0,,,,,,,,,,,,,,,,,,,,,,,,,,,,,,,,,,,,
NB1730,0,0,0,0,0,0,0,0,0,0,0,0,0,0,0,0,0,0,0,0,,,,,,,,,,,,,,,,,,,,,,,,,,,,,,,,,,,,
NB1731,0,0,0,0,0,0,0,0,0,0,0,0,0,0,0,0,0,0,0,0,,,,,,,,,,,,,,,,,,,,,,,,,,,,,,,,,,,,
NB1732,0,0,0,0,0,0,0,0,0,0,0,0,0,0,0,0,0,0,0,0,,,,,,,,,,,,,,,,,,,,,,,,,,,,,,,,,,,,
NB1733,0,0,0,0,0,0,0,0,0,0,0,0,0,0,0,0,0,0,0,0,,,,,,,,,,,,,,,,,,,,,,,,,,,,,,,,,,,,
NB1734,0,0,0,0,0,0,0,0,0,0,0,0,0,0,0,0,0,0,0,0,,,,,,,,,,,,,,,,,,,,,,,,,,,,,,,,,,,,
NB1735,0,0,0,0,0,0,0,0,0,0,0,0,0,0,0,0,0,0,0,0,,,,,,,,,,,,,,,,,,,,,,,,,,,,,,,,,,,,
NB1736,0,0,0,0,0,0,0,0,0,0,0,0,0,0,0,0,0,0,0,0,,,,,,,,,,,,,,,,,,,,,,,,,,,,,,,,,,,,
NB1737,0,0,0,0,0,0,0,0,0,0,0,0,0,0,0,0,0,0,0,0,,,,,,,,,,,,,,,,,,,,,,,,,,,,,,,,,,,,
NB1738,0,0,0,0,0,0,0,0,0,0,0,0,0,0,0,0,0,0,0,0,,,,,,,,,,,,,,,,,,,,,,,,,,,,,,,,,,,,
NB1739,0,0,0,0,0,0,0,0,0,0,0,0,0,0,0,0,0,1,0,0,,,,,,,,,,,,,,,,,,,,,,,,,,,,,,,,,,,,
NB1740,0,0,0,0,0,0,0,0,0,0,0,0,0,0,0,0,0,0,0,0,,,,,,,,,,,,,,,,,,,,,,,,,,,,,,,,,,,,
NB1741,0,0,0,0,0,0,0,0,0,0,0,0,0,0,0,0,0,0,0,0,,,,,,,,,,,,,,,,,,,,,,,,,,,,,,,,,,,,
NB1742,0,0,0,0,0,0,0,0,0,0,0,0,0,0,0,0,0,0,0,0,,,,,,,,,,,,,,,,,,,,,,,,,,,,,,,,,,,,
NB1743,0,0,0,0,0,0,0,0,0,0,0,0,0,0,0,0,0,0,0,0,,,,,,,,,,,,,,,,,,,,,,,,,,,,,,,,,,,,
NB1744,0,0,0,0,0,0,0,0,0,0,0,0,0,0,0,0,0,1,1,0,,,,,,,,,,,,,,,,,,,,,,,,,,,,,,,,,,,,0
NB1745,0,0,0,0,0,0,0,0,0,0,0,0,0,0,0,0,0,1,0,0,,,,,,,,,,,,,,,,,,,,,,,,,,,,,,,,,,,,
NB1746,0,0,0,0,0,0,0,0,0,0,0,0,0,0,0,0,0,1,0,0,,,,,,,,,,,,,,,,,,,,,,,,,,,,,,,,,,,,
NB1747,0,0,0,0,0,0,0,0,0,0,0,0,0,0,0,0,0,0,0,0,,,,,,,,,,,,,,,,,,,,,,,,,,,,,,,,,,,,
NB1748,0,0,0,0,0,0,0,0,0,0,0,0,0,0,0,0,0,0,0,0,,,,,,,,,,,,,,,,,,,,,,,,,,,,,,,,,,,,
NB1749,0,0,0,0,0,0,0,0,0,0,0,0,0,0,0,0,0,0,0,0,,,,,,,,,,,,,,,,,,,,,,,,,,,,,,,,,,,,
NB1750,0,0,0,0,0,0,0,0,0,0,0,0,0,0,0,0,0,0,0,0,,,,,,,,,,,,,,,,,,,,,,,,,,,,,,,,,,,,
NB1751,0,0,0,0,0,0,0,0,0,0,0,0,0,0,0,0,0,0,0,0,,,,,,,,,,,,,,,,,,,,,,,,,,,,,,,,,,,,
NB1752,0,0,0,0,0,0,0,0,0,0,0,0,0,0,0,0,0,0,0,0,,,,,,,,,,,,,,,,,,,,,,,,,,,,,,,,,,,,
NB1753,0,0,0,0,0,0,0,0,0,0,0,0,0,0,0,0,0,0,0,0,,,,,,,,,,,,,,,,,,,,,,,,,,,,,,,,,,,,
NB1754,0,0,0,0,0,0,0,0,0,0,0,0,0,0,0,0,0,0,0,0,,,,,,,,,,,,,,,,,,,,,,,,,,,,,,,,,,,,
NB1755,0,0,0,0,0,0,0,0,0,0,0,0,0,0,0,0,0,0,0,0,,,,,,,,,,,,,,,,,,,,,,,,,,,,,,,,,,,,
NB1756,0,0,0,0,0,0,0,0,0,0,0,0,0,0,0,0,0,0,0,0,,,,,,,,,,,,,,,,,,,,,,,,,,,,,,,,,,,,
NB1757,0,0,0,0,0,0,0,0,0,0,0,0,0,0,0,0,0,0,0,0,,,,,,,,,,,,,,,,,,,,,,,,,,,,,,,,,,,,
NB1758,0,0,0,0,0,0,0,0,0,0,0,0,0,0,0,0,0,0,0,0,,,,,,,,,,,,,,,,,,,,,,,,,,,,,,,,,,,,
NB1759,0,0,0,0,0,0,0,0,0,0,0,0,0,0,0,0,0,0,0,0,,,,,,,,,,,,,,,,,,,,,,,,,,,,,,,,,,,,
NB1760,0,0,0,0,0,0,0,0,0,0,0,0,0,0,0,0,0,0,0,0,,,,,,,,,,,,,,,,,,,,,,,,,,,,,,,,,,,,
NB1761,0,0,0,0,0,0,0,0,0,0,0,0,0,0,0,0,0,0,0,0,,,,,,,,,,,,,,,,,,,,,,,,,,,,,,,,,,,,
NB1762,0,0,0,0,0,0,0,0,0,0,0,0,0,0,0,0,0,0,0,0,,,,,,,,,,,,,,,,,,,,,,,,,,,,,,,,,,,,
NB1763,0,0,0,0,0,0,0,0,0,0,0,0,0,0,0,0,0,1,0,0,,,,,,,,,,,,,,,,,,,,,,,,,,,,,,,,,,,,
NB1764,0,0,0,0,0,0,0,0,0,0,0,0,0,0,0,0,0,0,0,0,,,,,,,,,,,,,,,,,,,,,,,,,,,,,,,,,,,,
NB1765,0,0,0,0,0,0,0,0,0,0,0,0,0,0,0,0,0,0,0,0,,,,,,,,,,,,,,,,,,,,,,,,,,,,,,,,,,,,
NB1766,0,0,0,0,0,0,0,0,0,0,0,0,0,0,0,0,0,0,0,0,,,,,,,,,,,,,,,,,,,,,,,,,,,,,,,,,,,,
NB1767,0,0,0,0,0,0,0,0,0,0,0,0,0,0,0,0,0,0,0,0,,,,,,,,,,,,,,,,,,,,,,,,,,,,,,,,,,,,
NB1768,0,0,0,0,0,0,0,0,0,0,0,0,0,0,0,0,0,0,0,0,,,,,,,,,,,,,,,,,,,,,,,,,,,,,,,,,,,,
NB1769,0,0,0,0,0,0,0,0,0,0,0,0,0,0,0,0,0,0,0,0,,,,,,,,,,,,,,,,,,,,,,,,,,,,,,,,,,,,
NB1770,0,0,0,0,0,0,0,0,0,0,0,0,0,0,0,0,0,0,0,0,,,,,,,,,,,,,,,,,,,,,,,,,,,,,,,,,,,,
NB1771,0,0,0,0,0,0,0,0,0,0,0,0,0,0,0,0,0,0,0,0,,,,,,,,,,,,,,,,,,,,,,,,,,,,,,,,,,,,
NB1772,0,0,0,0,0,0,0,0,0,0,0,0,0,0,0,0,0,0,0,0,,,,,,,,,,,,,,,,,,,,,,,,,,,,,,,,,,,,
NB1773,0,0,0,0,0,0,0,0,0,0,0,0,0,0,0,0,0,0,0,0,,,,,,,,,,,,,,,,,,,,,,,,,,,,,,,,,,,,
NB1774,0,0,0,0,0,0,0,0,0,0,0,0,0,0,0,0,0,0,0,0,,,,,,,,,,,,,,,,,,,,,,,,,,,,,,,,,,,,
NB1775,0,0,0,0,0,0,0,0,0,0,0,0,0,0,0,0,0,0,0,0,,,,,,,,,,,,,,,,,,,,,,,,,,,,,,,,,,,,
NB1776,0,0,0,0,0,0,0,0,0,0,0,0,0,0,0,0,0,0,1,0,,,,,,,,,,,,,,,,,,,,,,,,,,,,,,,,,,,,
NB1777,0,0,0,0,0,0,0,0,0,0,0,0,0,0,0,0,0,0,0,0,,,,,,,,,,,,,,,,,,,,,,,,,,,,,,,,,,,,
NB1778,0,0,0,0,0,0,0,0,0,0,0,0,0,0,0,0,0,0,0,0,,,,,,,,,,,,,,,,,,,,,,,,,,,,,,,,,,,,
NB1779,0,0,0,0,0,0,0,0,0,0,0,0,0,0,0,0,0,0,0,0,,,,,,,,,,,,,,,,,,,,,,,,,,,,,,,,,,,,
NB1780,0,0,0,0,0,0,0,0,0,0,0,0,0,0,0,0,0,0,0,0,,,,,,,,,,,,,,,,,,,,,,,,,,,,,,,,,,,,
NB1781,0,0,0,0,0,0,0,0,0,0,0,0,0,0,0,0,0,1,0,0,,,,,,,,,,,,,,,,,,,,,,,,,,,,,,,,,,,,
NB1782,0,0,0,0,0,0,0,0,0,0,0,0,0,0,0,0,0,0,0,0,,,,,,,,,,,,,,,,,,,,,,,,,,,,,,,,,,,,
NB1783,0,0,0,0,0,0,0,0,0,0,0,0,0,0,0,0,0,0,0,0,,,,,,,,,,,,,,,,,,,,,,,,,,,,,,,,,,,,
NB1784,0,0,0,0,0,0,0,0,0,0,0,0,0,0,0,0,0,0,0,0,,,,,,,,,,,,,,,,,,,,,,,,,,,,,,,,,,,,
NB1785,0,0,0,0,0,0,0,0,0,0,0,0,0,0,0,0,0,0,0,0,,,,,,,,,,,,,,,,,,,,,,,,,,,,,,,,,,,,
NB1786,0,0,0,0,0,0,0,0,0,0,0,0,0,0,0,0,0,0,0,0,,,,,,,,,,,,,,,,,,,,,,,,,,,,,,,,,,,,
NB1787,0,0,0,0,0,0,0,0,0,0,0,0,0,0,0,0,0,1,0,0,,,,,,,,,,,,,,,,,,,,,,,,,,,,,,,,,,,,
NB1788,0,0,0,0,0,0,0,0,0,0,0,0,0,0,0,0,0,0,0,0,,,,,,,,,,,,,,,,,,,,,,,,,,,,,,,,,,,,
NB1789,0,0,0,0,0,0,0,0,0,0,0,0,0,0,0,0,0,1,0,0,,,,,,,,,,,,,,,,,,,,,,,,,,,,,,,,,,,,
NB1790,0,0,0,0,0,0,0,0,0,0,0,0,0,0,0,0,0,0,0,0,,,,,,,,,,,,,,,,,,,,,,,,,,,,,,,,,,,,
NB1791,0,0,0,0,0,0,0,0,0,0,0,0,0,0,0,0,0,0,0,0,,,,,,,,,,,,,,,,,,,,,,,,,,,,,,,,,,,,
NB1792,0,0,0,0,0,0,0,0,0,0,0,0,0,0,0,0,0,0,1,0,,,,,,,,,,,,,,,,,,,,,,,,,,,,,,,,,,,,
NB1793,0,0,0,0,0,0,0,0,0,0,0,0,0,0,0,0,0,1,0,0,,,,,,,,,,,,,,,,,,,,,,,,,,,,,,,,,,,,
NB1794,0,0,0,0,0,0,0,0,0,0,0,0,0,0,0,0,0,0,0,0,,,,,,,,,,,,,,,,,,,,,,,,,,,,,,,,,,,,
NB1795,0,0,0,0,0,0,0,0,0,0,0,0,0,0,0,0,0,0,0,0,,,,,,,,,,,,,,,,,,,,,,,,,,,,,,,,,,,,
NB1796,0,0,0,0,0,0,0,0,0,0,0,0,0,0,0,0,0,1,0,0,,,,,,,,,,,,,,,,,,,,,,,,,,,,,,,,,,,,
NB1797,0,0,0,0,0,0,0,0,0,0,0,0,0,0,0,0,0,0,0,0,,,,,,,,,,,,,,,,,,,,,,,,,,,,,,,,,,,,
NB1798,0,0,0,0,0,0,0,0,0,0,0,0,0,0,0,0,0,0,0,0,,,,,,,,,,,,,,,,,,,,,,,,,,,,,,,,,,,,
NB1799,0,0,0,0,0,0,0,0,0,0,0,0,0,0,0,0,0,0,0,0,,,,,,,,,,,,,,,,,,,,,,,,,,,,,,,,,,,,
NB1800,0,0,0,0,0,0,0,0,0,0,0,0,0,0,0,0,0,0,0,0,,,,,,,,,,,,,,,,,,,,,,,,,,,,,,,,,,,,
NB1801,0,0,0,0,0,0,0,0,0,0,0,0,0,0,0,0,0,0,0,0,,,,,,,,,,,,,,,,,,,,,,,,,,,,,,,,,,,,
NB1802,0,0,0,0,0,0,0,0,0,0,0,0,0,0,0,0,0,0,0,0,,,,,,,,,,,,,,,,,,,,,,,,,,,,,,,,,,,,
NB1803,0,0,0,0,0,0,0,0,0,0,0,0,0,0,0,0,0,0,0,0,,,,,,,,,,,,,,,,,,,,,,,,,,,,,,,,,,,,
NB1804,0,0,0,0,0,0,0,0,0,0,0,0,0,0,0,0,0,0,0,0,,,,,,,,,,,,,,,,,,,,,,,,,,,,,,,,,,,,
NB1805,0,0,0,0,0,0,0,0,0,0,0,0,0,0,0,0,0,0,0,0,,,,,,,,,,,,,,,,,,,,,,,,,,,,,,,,,,,,
NB1806,0,0,0,0,0,0,0,0,0,0,0,0,0,0,0,0,0,0,0,0,,,,,,,,,,,,,,,,,,,,,,,,,,,,,,,,,,,,
NB1807,0,0,0,0,0,0,0,0,0,0,0,0,0,0,0,0,0,0,0,0,,,,,,,,,,,,,,,,,,,,,,,,,,,,,,,,,,,,
NB1808,0,0,0,0,0,0,0,0,0,0,0,0,0,0,0,0,0,1,0,0,,,,,,,,,,,,,,,,,,,,,,,,,,,,,,,,,,,,
NB1809,0,0,0,0,0,0,0,0,0,0,0,0,0,0,0,0,0,1,1,0,,,,,,,,,,,,,,,,,,,,,,,,,,,,,,,,,,,,1
NB1810,0,0,0,0,0,0,0,0,0,0,0,0,0,0,0,0,0,0,0,0,,,,,,,,,,,,,,,,,,,,,,,,,,,,,,,,,,,,
NB1811,0,0,0,0,0,0,0,0,0,0,0,0,0,0,0,0,0,0,0,0,,,,,,,,,,,,,,,,,,,,,,,,,,,,,,,,,,,,
NB1812,0,0,0,0,0,0,0,0,0,0,0,0,0,0,0,0,0,0,0,0,,,,,,,,,,,,,,,,,,,,,,,,,,,,,,,,,,,,
NB1813,0,0,0,0,0,0,0,0,0,0,0,0,0,0,0,0,0,0,0,0,,,,,,,,,,,,,,,,,,,,,,,,,,,,,,,,,,,,
NB1814,0,0,0,0,0,0,0,0,0,0,0,0,0,0,0,0,0,0,0,0,,,,,,,,,,,,,,,,,,,,,,,,,,,,,,,,,,,,
NB1815,0,0,0,0,0,0,0,0,0,0,0,0,0,0,0,0,0,0,0,0,,,,,,,,,,,,,,,,,,,,,,,,,,,,,,,,,,,,
NB1816,0,0,0,0,0,0,0,0,0,0,0,0,0,0,0,0,0,0,0,0,,,,,,,,,,,,,,,,,,,,,,,,,,,,,,,,,,,,
NB1817,0,0,0,0,0,0,0,0,0,0,0,0,0,0,0,0,0,0,0,0,,,,,,,,,,,,,,,,,,,,,,,,,,,,,,,,,,,,
NB1818,0,0,0,0,0,0,0,0,0,0,0,0,0,0,0,0,0,1,0,0,,,,,,,,,,,,,,,,,,,,,,,,,,,,,,,,,,,,
NB1819,0,0,0,0,0,0,0,0,0,0,0,0,0,0,0,0,0,0,0,0,,,,,,,,,,,,,,,,,,,,,,,,,,,,,,,,,,,,
NB1820,0,0,0,0,0,0,0,0,0,0,0,0,0,0,0,0,0,0,0,0,,,,,,,,,,,,,,,,,,,,,,,,,,,,,,,,,,,,
NB1821,0,0,0,0,0,0,0,0,0,0,0,0,0,0,0,0,0,0,0,0,,,,,,,,,,,,,,,,,,,,,,,,,,,,,,,,,,,,
NB1822,0,0,0,0,0,0,0,0,0,0,0,0,0,0,0,0,0,1,0,0,,,,,,,,,,,,,,,,,,,,,,,,,,,,,,,,,,,,
NB1823,0,0,0,0,0,0,0,0,0,0,0,0,0,0,0,0,0,0,0,0,,,,,,,,,,,,,,,,,,,,,,,,,,,,,,,,,,,,
NB1824,0,0,0,0,0,0,0,0,0,0,0,0,0,0,0,0,0,0,0,0,,,,,,,,,,,,,,,,,,,,,,,,,,,,,,,,,,,,
NB1825,0,0,0,0,0,0,0,0,0,0,0,0,0,0,0,0,0,0,0,0,,,,,,,,,,,,,,,,,,,,,,,,,,,,,,,,,,,,
NB1826,0,0,0,0,0,0,0,0,0,0,0,0,0,0,0,0,0,0,0,0,,,,,,,,,,,,,,,,,,,,,,,,,,,,,,,,,,,,
NB1827,0,0,0,0,0,0,0,0,0,0,0,0,0,0,0,0,0,0,0,0,,,,,,,,,,,,,,,,,,,,,,,,,,,,,,,,,,,,
NB1828,0,0,0,0,0,0,0,0,0,0,0,0,0,0,0,0,0,0,0,0,,,,,,,,,,,,,,,,,,,,,,,,,,,,,,,,,,,,
NB1829,0,0,0,0,0,0,0,0,0,0,0,0,0,0,0,0,0,0,0,0,,,,,,,,,,,,,,,,,,,,,,,,,,,,,,,,,,,,
NB1830,0,0,0,0,0,0,0,0,0,0,0,0,0,0,0,0,0,0,0,0,,,,,,,,,,,,,,,,,,,,,,,,,,,,,,,,,,,,
NB1831,0,0,0,0,0,0,0,0,0,0,0,0,0,0,0,0,0,0,0,0,,,,,,,,,,,,,,,,,,,,,,,,,,,,,,,,,,,,
NB1832,0,0,0,0,0,0,0,0,0,0,0,0,0,0,0,0,0,0,0,0,,,,,,,,,,,,,,,,,,,,,,,,,,,,,,,,,,,,
NB1833,0,0,0,0,0,0,0,0,0,0,0,0,0,0,0,0,0,0,0,0,,,,,,,,,,,,,,,,,,,,,,,,,,,,,,,,,,,,
NB1834,0,0,0,0,0,0,0,0,0,1,0,0,0,0,0,0,0,1,0,0,,,,,,,,,,,,,,,,,,,,0,,,,,,,,,,,,,,,,
NB1835,0,0,0,0,0,0,0,0,0,0,0,0,0,0,0,0,0,0,0,0,,,,,,,,,,,,,,,,,,,,,,,,,,,,,,,,,,,,
NB1836,0,0,0,0,0,0,0,0,0,0,0,0,0,0,0,0,0,0,0,0,,,,,,,,,,,,,,,,,,,,,,,,,,,,,,,,,,,,
NB1837,0,0,0,0,0,0,0,0,0,0,0,0,0,0,0,0,0,0,0,0,,,,,,,,,,,,,,,,,,,,,,,,,,,,,,,,,,,,
NB1838,0,0,0,0,0,0,0,0,0,0,0,0,0,0,0,0,0,0,0,0,,,,,,,,,,,,,,,,,,,,,,,,,,,,,,,,,,,,
NB1839,0,0,0,0,0,0,0,0,0,0,0,0,0,0,0,0,0,0,0,0,,,,,,,,,,,,,,,,,,,,,,,,,,,,,,,,,,,,
NB1840,0,0,0,0,0,0,0,0,0,0,0,0,0,0,0,0,0,0,0,0,,,,,,,,,,,,,,,,,,,,,,,,,,,,,,,,,,,,
NB1841,0,0,0,0,0,0,0,0,0,0,0,0,0,0,0,0,0,0,0,0,,,,,,,,,,,,,,,,,,,,,,,,,,,,,,,,,,,,
NB1842,0,0,0,0,0,0,0,0,0,0,0,0,0,0,0,0,0,0,1,0,,,,,,,,,,,,,,,,,,,,,,,,,,,,,,,,,,,,
NB1843,0,0,0,0,0,0,0,0,0,0,0,0,0,0,0,0,0,0,0,0,,,,,,,,,,,,,,,,,,,,,,,,,,,,,,,,,,,,
NB1844,0,0,0,0,0,0,0,0,0,0,0,0,0,0,0,0,0,0,0,0,,,,,,,,,,,,,,,,,,,,,,,,,,,,,,,,,,,,
NB1845,0,0,0,0,0,0,0,0,0,0,0,0,0,0,0,0,0,0,0,0,,,,,,,,,,,,,,,,,,,,,,,,,,,,,,,,,,,,
NB1846,0,0,0,0,0,0,0,0,0,0,0,0,0,0,0,0,0,0,0,0,,,,,,,,,,,,,,,,,,,,,,,,,,,,,,,,,,,,
NB1847,0,0,0,0,0,0,0,0,0,0,0,0,0,0,0,0,0,0,0,0,,,,,,,,,,,,,,,,,,,,,,,,,,,,,,,,,,,,
NB1848,0,0,0,0,0,0,0,0,0,0,0,0,0,0,0,0,0,0,0,0,,,,,,,,,,,,,,,,,,,,,,,,,,,,,,,,,,,,
NB1849,0,0,0,0,0,0,0,0,0,0,0,0,0,0,0,0,0,1,0,0,,,,,,,,,,,,,,,,,,,,,,,,,,,,,,,,,,,,
NB1850,0,0,0,0,0,0,0,0,0,0,0,0,0,0,0,0,0,0,0,0,,,,,,,,,,,,,,,,,,,,,,,,,,,,,,,,,,,,
NB1851,0,0,0,0,0,0,0,0,0,0,0,0,0,0,0,0,0,0,0,0,,,,,,,,,,,,,,,,,,,,,,,,,,,,,,,,,,,,
NB1852,0,0,0,0,0,0,0,0,0,0,0,0,0,0,0,0,0,1,0,0,,,,,,,,,,,,,,,,,,,,,,,,,,,,,,,,,,,,
NB1853,0,0,0,0,0,0,0,0,0,0,0,0,0,0,0,0,0,0,0,0,,,,,,,,,,,,,,,,,,,,,,,,,,,,,,,,,,,,
NB1854,0,0,0,0,0,0,0,0,0,0,0,0,0,0,0,0,0,0,0,0,,,,,,,,,,,,,,,,,,,,,,,,,,,,,,,,,,,,
NB1855,0,0,0,0,0,0,0,0,0,0,0,0,0,0,0,0,0,0,0,0,,,,,,,,,,,,,,,,,,,,,,,,,,,,,,,,,,,,
NB1856,0,0,0,0,0,0,0,0,0,0,0,0,0,0,0,0,0,0,0,0,,,,,,,,,,,,,,,,,,,,,,,,,,,,,,,,,,,,
NB1857,0,0,0,0,0,0,0,0,0,0,0,0,0,0,0,0,0,0,0,0,,,,,,,,,,,,,,,,,,,,,,,,,,,,,,,,,,,,
NB1858,0,0,0,0,0,0,0,0,0,0,0,0,0,0,0,0,0,0,0,0,,,,,,,,,,,,,,,,,,,,,,,,,,,,,,,,,,,,
NB1859,0,0,0,0,0,0,0,0,0,0,0,0,0,0,0,0,0,1,0,0,,,,,,,,,,,,,,,,,,,,,,,,,,,,,,,,,,,,
NB1860,0,0,0,0,0,0,0,0,0,0,0,0,0,0,0,0,0,0,0,0,,,,,,,,,,,,,,,,,,,,,,,,,,,,,,,,,,,,
NB1861,0,0,0,0,0,0,0,0,0,0,0,0,0,0,0,0,0,1,0,0,,,,,,,,,,,,,,,,,,,,,,,,,,,,,,,,,,,,
NB1862,0,0,0,0,0,0,0,0,0,0,0,0,0,0,0,0,0,0,0,0,,,,,,,,,,,,,,,,,,,,,,,,,,,,,,,,,,,,
NB1863,0,0,0,0,0,0,0,0,0,0,0,0,0,0,0,0,0,1,0,0,,,,,,,,,,,,,,,,,,,,,,,,,,,,,,,,,,,,
NB1864,0,0,0,0,0,0,0,0,0,0,0,0,0,0,0,0,0,1,0,0,,,,,,,,,,,,,,,,,,,,,,,,,,,,,,,,,,,,
NB1865,0,0,0,0,0,0,0,0,0,0,0,0,0,0,0,0,0,0,0,0,,,,,,,,,,,,,,,,,,,,,,,,,,,,,,,,,,,,
NB1866,0,0,0,0,0,0,0,0,1,1,0,0,0,0,1,0,0,1,0,1,,,,,,,,,1,,,,,0,,,,,,0,,,,,,,,,,,,,,,,
NB1867,0,0,0,0,0,0,0,0,0,0,0,0,0,0,0,0,0,0,0,0,,,,,,,,,,,,,,,,,,,,,,,,,,,,,,,,,,,,
NB1868,0,0,0,0,0,0,0,0,0,0,0,0,0,0,0,0,0,0,0,0,,,,,,,,,,,,,,,,,,,,,,,,,,,,,,,,,,,,
NB1869,0,0,0,0,0,0,0,0,0,0,0,0,0,0,0,0,0,0,0,0,,,,,,,,,,,,,,,,,,,,,,,,,,,,,,,,,,,,
NB1870,0,0,0,0,0,0,0,0,0,0,0,0,0,0,0,0,0,0,0,0,,,,,,,,,,,,,,,,,,,,,,,,,,,,,,,,,,,,
NB1871,0,0,0,0,0,0,0,0,0,0,0,0,0,0,0,0,0,1,0,0,,,,,,,,,,,,,,,,,,,,,,,,,,,,,,,,,,,,
NB1872,0,0,0,0,0,0,0,0,0,0,0,0,0,0,0,0,0,0,0,0,,,,,,,,,,,,,,,,,,,,,,,,,,,,,,,,,,,,
NB1873,0,0,0,0,0,0,0,0,0,0,0,0,0,0,0,0,0,0,0,0,,,,,,,,,,,,,,,,,,,,,,,,,,,,,,,,,,,,
NB1874,0,0,0,0,0,0,0,0,0,0,0,0,0,0,0,0,0,0,0,0,,,,,,,,,,,,,,,,,,,,,,,,,,,,,,,,,,,,
NB1875,0,0,0,0,0,0,0,0,0,0,0,0,0,0,0,0,0,0,0,0,,,,,,,,,,,,,,,,,,,,,,,,,,,,,,,,,,,,
NB1876,0,0,0,0,0,0,0,0,0,0,0,0,0,0,0,0,0,0,0,0,,,,,,,,,,,,,,,,,,,,,,,,,,,,,,,,,,,,
NB1877,0,0,0,0,0,0,0,0,0,0,0,0,0,0,0,0,0,0,0,0,,,,,,,,,,,,,,,,,,,,,,,,,,,,,,,,,,,,
NB1878,0,0,0,0,0,0,0,0,0,0,0,0,0,0,0,0,0,0,0,0,,,,,,,,,,,,,,,,,,,,,,,,,,,,,,,,,,,,
NB1879,0,0,0,0,0,0,0,0,0,0,0,0,0,0,0,0,0,1,0,0,,,,,,,,,,,,,,,,,,,,,,,,,,,,,,,,,,,,
NB1880,0,0,0,0,0,0,0,0,0,0,0,0,0,0,0,0,0,0,0,0,,,,,,,,,,,,,,,,,,,,,,,,,,,,,,,,,,,,
NB1881,0,0,0,0,0,0,0,0,0,0,0,0,0,0,0,0,0,0,0,0,,,,,,,,,,,,,,,,,,,,,,,,,,,,,,,,,,,,
NB1882,0,0,0,0,0,0,0,0,0,0,0,1,0,0,0,0,0,0,1,0,,,,,,,,,,,,,,,,,,,,,,,,,,1,,,,,,,,,,
NB1883,0,0,0,0,0,0,0,0,0,0,0,0,0,0,0,0,0,0,0,0,,,,,,,,,,,,,,,,,,,,,,,,,,,,,,,,,,,,
NB1884,0,0,0,0,0,0,0,0,0,0,0,0,0,0,0,0,0,0,0,0,,,,,,,,,,,,,,,,,,,,,,,,,,,,,,,,,,,,
NB1885,0,0,0,0,0,0,0,0,0,0,0,0,0,0,0,0,0,0,0,0,,,,,,,,,,,,,,,,,,,,,,,,,,,,,,,,,,,,
NB1886,0,0,0,0,0,0,0,0,0,0,0,0,0,0,0,0,0,0,0,0,,,,,,,,,,,,,,,,,,,,,,,,,,,,,,,,,,,,
NB1887,0,0,0,0,0,0,0,0,0,0,0,0,0,0,0,0,0,0,0,0,,,,,,,,,,,,,,,,,,,,,,,,,,,,,,,,,,,,
NB1888,0,0,0,0,0,0,0,0,0,0,0,0,0,0,0,0,0,0,0,0,,,,,,,,,,,,,,,,,,,,,,,,,,,,,,,,,,,,
NB1889,0,0,0,0,0,0,0,0,0,0,0,0,0,0,0,0,0,0,0,0,,,,,,,,,,,,,,,,,,,,,,,,,,,,,,,,,,,,
NB1890,0,0,0,0,0,0,0,0,0,0,0,0,0,0,0,0,0,0,0,0,,,,,,,,,,,,,,,,,,,,,,,,,,,,,,,,,,,,
NB1891,0,0,0,0,0,0,0,0,0,0,0,0,0,0,0,0,0,0,0,0,,,,,,,,,,,,,,,,,,,,,,,,,,,,,,,,,,,,
NB1892,0,0,0,0,0,0,0,0,0,0,0,0,0,0,0,0,0,0,0,0,,,,,,,,,,,,,,,,,,,,,,,,,,,,,,,,,,,,
NB1893,0,0,0,0,0,0,0,0,0,0,0,0,0,0,0,0,0,0,0,0,,,,,,,,,,,,,,,,,,,,,,,,,,,,,,,,,,,,
NB1894,0,0,0,0,0,0,0,0,0,0,0,0,0,0,0,0,0,0,0,0,,,,,,,,,,,,,,,,,,,,,,,,,,,,,,,,,,,,
NB1895,0,0,0,0,0,0,0,0,0,0,0,0,0,0,0,0,0,0,0,0,,,,,,,,,,,,,,,,,,,,,,,,,,,,,,,,,,,,
NB1896,0,0,0,0,0,0,0,0,0,0,0,1,0,0,0,0,0,1,1,0,,,,,,,,,,,,,,,,,,,,,,,,,0,1,,,,,,,,,,1
NB1897,0,0,0,0,0,0,0,0,0,0,0,0,0,0,0,0,0,0,0,0,,,,,,,,,,,,,,,,,,,,,,,,,,,,,,,,,,,,
NB1898,0,0,0,0,0,0,0,0,0,0,0,0,0,0,0,0,0,0,0,0,,,,,,,,,,,,,,,,,,,,,,,,,,,,,,,,,,,,
NB1899,0,0,0,0,0,0,0,0,0,0,0,1,0,0,0,0,0,0,1,0,,,,,,,,,,,,,,,,,,,,,,,,,,0,,,,,,,,,,
NB1900,0,0,0,0,0,0,0,0,0,0,0,0,0,0,0,0,0,0,0,0,,,,,,,,,,,,,,,,,,,,,,,,,,,,,,,,,,,,
NB1901,0,0,0,0,0,0,0,0,0,0,0,0,0,0,0,0,0,0,0,0,,,,,,,,,,,,,,,,,,,,,,,,,,,,,,,,,,,,
NB1902,0,0,0,0,0,0,0,0,0,0,0,0,0,0,0,0,0,0,0,0,,,,,,,,,,,,,,,,,,,,,,,,,,,,,,,,,,,,
NB1903,0,0,0,0,0,0,0,0,0,0,0,0,0,0,0,0,0,1,0,0,,,,,,,,,,,,,,,,,,,,,,,,,,,,,,,,,,,,
NB1904,0,0,0,0,0,0,0,0,0,0,0,0,0,0,0,0,0,1,0,0,,,,,,,,,,,,,,,,,,,,,,,,,,,,,,,,,,,,
NB1905,0,0,0,0,0,0,0,0,0,0,0,0,0,0,0,0,0,0,0,0,,,,,,,,,,,,,,,,,,,,,,,,,,,,,,,,,,,,
NB1906,0,0,0,0,0,0,0,0,0,0,0,0,0,0,0,0,0,0,0,0,,,,,,,,,,,,,,,,,,,,,,,,,,,,,,,,,,,,
NB1907,0,0,0,0,0,0,0,0,0,0,0,0,0,0,0,0,0,0,0,0,,,,,,,,,,,,,,,,,,,,,,,,,,,,,,,,,,,,
NB1908,0,0,0,0,0,0,0,0,0,0,0,1,0,0,0,0,0,1,0,0,,,,,,,,,,,,,,,,,,,,,,,,,0,,,,,,,,,,,
NB1909,0,0,0,0,0,0,0,0,0,0,0,0,0,0,0,0,0,0,0,0,,,,,,,,,,,,,,,,,,,,,,,,,,,,,,,,,,,,
NB1910,0,0,0,0,0,0,0,0,0,0,0,0,0,0,0,0,0,0,0,0,,,,,,,,,,,,,,,,,,,,,,,,,,,,,,,,,,,,
NB1911,0,0,0,0,0,0,0,0,0,0,0,0,0,0,0,0,0,0,0,0,,,,,,,,,,,,,,,,,,,,,,,,,,,,,,,,,,,,
NB1912,0,0,0,0,0,0,0,0,0,0,0,0,0,0,0,0,0,0,0,0,,,,,,,,,,,,,,,,,,,,,,,,,,,,,,,,,,,,
NB1913,0,0,0,0,0,0,0,0,0,0,0,0,0,0,0,0,0,0,0,0,,,,,,,,,,,,,,,,,,,,,,,,,,,,,,,,,,,,
NB1914,0,0,0,0,0,0,0,0,0,0,0,0,0,0,0,0,0,0,0,0,,,,,,,,,,,,,,,,,,,,,,,,,,,,,,,,,,,,
NB1915,0,0,0,0,0,0,0,0,0,0,0,0,0,0,0,0,0,0,0,0,,,,,,,,,,,,,,,,,,,,,,,,,,,,,,,,,,,,
NB1916,0,0,0,0,0,0,0,0,0,0,0,0,0,0,0,0,0,0,0,0,,,,,,,,,,,,,,,,,,,,,,,,,,,,,,,,,,,,
NB1917,0,0,0,0,0,0,0,0,0,0,0,0,0,0,0,0,0,0,0,0,,,,,,,,,,,,,,,,,,,,,,,,,,,,,,,,,,,,
NB1918,0,0,0,0,0,0,0,0,0,0,0,0,0,0,0,0,0,0,0,0,,,,,,,,,,,,,,,,,,,,,,,,,,,,,,,,,,,,
NB1919,0,0,0,0,0,0,0,0,0,0,0,0,0,0,0,0,0,0,0,0,,,,,,,,,,,,,,,,,,,,,,,,,,,,,,,,,,,,
NB1920,0,0,0,0,0,0,0,0,0,0,0,0,0,0,0,0,0,0,0,0,,,,,,,,,,,,,,,,,,,,,,,,,,,,,,,,,,,,
NB1921,0,0,0,0,0,0,0,0,0,0,0,0,0,0,0,0,0,1,0,0,,,,,,,,,,,,,,,,,,,,,,,,,,,,,,,,,,,,
NB1922,0,0,0,0,0,0,0,0,0,0,0,0,0,0,0,0,0,0,0,0,,,,,,,,,,,,,,,,,,,,,,,,,,,,,,,,,,,,
NB1923,0,0,0,0,0,0,0,0,0,0,0,0,0,0,0,0,0,0,0,0,,,,,,,,,,,,,,,,,,,,,,,,,,,,,,,,,,,,
NB1924,0,0,0,0,0,0,0,0,0,0,0,0,0,0,0,0,0,0,0,0,,,,,,,,,,,,,,,,,,,,,,,,,,,,,,,,,,,,
NB1925,0,0,0,0,0,0,0,0,0,0,0,0,0,0,0,0,0,0,0,0,,,,,,,,,,,,,,,,,,,,,,,,,,,,,,,,,,,,
NB1926,0,0,0,0,0,0,0,0,0,0,0,0,0,0,0,0,0,0,0,0,,,,,,,,,,,,,,,,,,,,,,,,,,,,,,,,,,,,
NB1927,0,0,0,0,0,0,0,0,0,0,0,0,0,0,0,0,0,0,0,0,,,,,,,,,,,,,,,,,,,,,,,,,,,,,,,,,,,,
NB1928,0,0,0,0,0,0,0,0,0,0,0,0,0,0,0,0,0,0,0,0,,,,,,,,,,,,,,,,,,,,,,,,,,,,,,,,,,,,
NB1929,0,0,0,0,0,0,0,0,0,0,0,0,0,0,0,0,0,0,0,0,,,,,,,,,,,,,,,,,,,,,,,,,,,,,,,,,,,,
NB1930,0,0,0,0,0,0,0,0,0,0,0,0,0,0,0,0,0,0,0,0,,,,,,,,,,,,,,,,,,,,,,,,,,,,,,,,,,,,
NB1931,0,0,0,0,0,0,0,0,0,0,0,0,0,0,0,0,0,0,0,0,,,,,,,,,,,,,,,,,,,,,,,,,,,,,,,,,,,,
NB1932,0,0,0,0,0,0,0,0,0,0,0,0,0,0,0,0,0,0,0,0,,,,,,,,,,,,,,,,,,,,,,,,,,,,,,,,,,,,
NB1933,0,0,0,0,0,0,0,0,0,0,0,0,0,0,0,0,0,0,0,0,,,,,,,,,,,,,,,,,,,,,,,,,,,,,,,,,,,,
NB1934,0,0,0,0,0,0,0,0,0,0,0,0,0,0,0,0,0,1,0,0,,,,,,,,,,,,,,,,,,,,,,,,,,,,,,,,,,,,
NB1935,0,0,0,0,0,0,0,0,0,0,0,0,0,0,0,0,0,0,0,0,,,,,,,,,,,,,,,,,,,,,,,,,,,,,,,,,,,,
NB1936,0,0,0,0,0,0,0,0,0,0,0,0,0,0,0,0,0,1,0,0,,,,,,,,,,,,,,,,,,,,,,,,,,,,,,,,,,,,
NB1937,0,0,0,0,0,0,0,0,0,0,0,0,0,0,0,0,0,0,0,0,,,,,,,,,,,,,,,,,,,,,,,,,,,,,,,,,,,,
NB1938,0,0,0,0,0,0,0,0,0,0,0,0,0,0,0,0,0,0,0,0,,,,,,,,,,,,,,,,,,,,,,,,,,,,,,,,,,,,
NB1939,0,0,0,0,0,0,0,0,0,0,0,0,0,0,0,0,0,0,0,0,,,,,,,,,,,,,,,,,,,,,,,,,,,,,,,,,,,,
NB1940,0,0,0,0,0,0,0,0,0,0,0,0,0,0,0,0,0,1,0,0,,,,,,,,,,,,,,,,,,,,,,,,,,,,,,,,,,,,
NB1941,0,0,0,0,0,0,0,0,0,0,0,0,0,0,0,0,0,0,0,0,,,,,,,,,,,,,,,,,,,,,,,,,,,,,,,,,,,,
NB1942,0,0,0,0,0,0,0,0,0,0,0,0,0,0,0,0,0,0,0,0,,,,,,,,,,,,,,,,,,,,,,,,,,,,,,,,,,,,
NB1943,0,0,0,0,0,0,0,0,0,0,0,0,0,0,0,0,0,0,0,0,,,,,,,,,,,,,,,,,,,,,,,,,,,,,,,,,,,,
NB1944,0,0,0,0,0,0,0,0,0,0,0,0,0,0,0,0,0,0,0,0,,,,,,,,,,,,,,,,,,,,,,,,,,,,,,,,,,,,
NB1945,0,0,0,0,0,0,0,0,0,0,0,0,0,0,0,0,0,0,0,0,,,,,,,,,,,,,,,,,,,,,,,,,,,,,,,,,,,,
NB1946,0,0,0,0,0,0,0,0,0,0,0,0,0,0,0,0,0,0,0,0,,,,,,,,,,,,,,,,,,,,,,,,,,,,,,,,,,,,
NB1947,0,0,0,0,0,0,0,0,0,0,0,0,0,0,0,0,0,0,0,0,,,,,,,,,,,,,,,,,,,,,,,,,,,,,,,,,,,,
NB1948,0,0,0,0,0,0,0,0,0,1,0,0,0,0,0,0,0,1,0,0,,,,,,,,,,,,,,,,,,,,0,,,,,,,,,,,,,,,,
NB1949,0,0,0,0,0,0,0,0,0,0,0,0,0,0,0,0,0,0,0,0,,,,,,,,,,,,,,,,,,,,,,,,,,,,,,,,,,,,
NB1950,0,0,0,0,0,0,0,0,0,0,0,0,0,0,0,0,0,1,0,0,,,,,,,,,,,,,,,,,,,,,,,,,,,,,,,,,,,,
NB1951,0,0,0,0,0,0,0,0,0,1,0,0,0,0,0,0,0,0,0,0,,,,,,,,,,,,,,,,,,,,,,,,,,,,,,,,,,,,
NB1952,0,0,0,0,0,0,0,0,0,0,0,0,0,0,0,0,0,0,0,0,,,,,,,,,,,,,,,,,,,,,,,,,,,,,,,,,,,,
NB1953,0,0,0,0,0,0,0,0,0,0,0,0,0,0,0,0,0,0,0,0,,,,,,,,,,,,,,,,,,,,,,,,,,,,,,,,,,,,
NB1954,0,0,0,0,0,0,0,0,0,0,0,0,0,0,0,0,0,0,0,0,,,,,,,,,,,,,,,,,,,,,,,,,,,,,,,,,,,,
NB1955,0,0,0,0,0,0,0,0,0,0,0,0,0,0,0,0,0,0,0,0,,,,,,,,,,,,,,,,,,,,,,,,,,,,,,,,,,,,
NB1956,0,0,0,0,0,0,0,0,0,0,0,0,0,0,0,0,0,0,0,0,,,,,,,,,,,,,,,,,,,,,,,,,,,,,,,,,,,,
NB1957,0,0,0,0,0,0,0,0,0,0,0,0,0,0,0,0,0,0,0,0,,,,,,,,,,,,,,,,,,,,,,,,,,,,,,,,,,,,
NB1958,0,0,0,0,0,0,0,0,0,0,0,0,0,0,0,0,0,0,0,0,,,,,,,,,,,,,,,,,,,,,,,,,,,,,,,,,,,,
NB1959,0,0,0,0,0,0,0,0,0,0,0,0,0,0,0,0,0,1,0,0,,,,,,,,,,,,,,,,,,,,,,,,,,,,,,,,,,,,
NB1960,0,0,0,0,0,0,0,0,0,0,0,0,0,0,0,0,0,0,0,0,,,,,,,,,,,,,,,,,,,,,,,,,,,,,,,,,,,,
NB1961,0,0,0,0,0,0,0,0,0,0,0,0,0,0,0,0,0,1,0,0,,,,,,,,,,,,,,,,,,,,,,,,,,,,,,,,,,,,
NB1962,0,0,0,0,0,0,0,0,0,0,0,0,0,0,0,0,0,0,0,0,,,,,,,,,,,,,,,,,,,,,,,,,,,,,,,,,,,,
NB1963,0,0,0,0,0,0,0,0,0,0,0,0,0,0,0,0,0,1,0,0,,,,,,,,,,,,,,,,,,,,,,,,,,,,,,,,,,,,
NB1964,0,0,0,0,0,0,0,0,0,0,0,0,0,0,0,0,0,0,0,0,,,,,,,,,,,,,,,,,,,,,,,,,,,,,,,,,,,,
NB1965,0,0,0,0,0,0,0,0,0,0,0,0,0,0,0,0,0,0,0,0,,,,,,,,,,,,,,,,,,,,,,,,,,,,,,,,,,,,
NB1966,0,0,0,0,0,0,0,0,0,0,0,0,0,0,0,0,0,1,1,0,,,,,,,,,,,,,,,,,,,,,,,,,,,,,,,,,,,,1
NB1967,0,0,0,0,0,0,0,0,0,0,0,0,0,0,0,0,0,0,0,0,,,,,,,,,,,,,,,,,,,,,,,,,,,,,,,,,,,,
NB1968,0,0,0,0,0,0,0,0,0,0,0,0,0,0,0,0,0,0,0,0,,,,,,,,,,,,,,,,,,,,,,,,,,,,,,,,,,,,
NB1969,0,0,0,0,0,0,0,0,0,0,0,0,0,0,0,0,0,0,0,0,,,,,,,,,,,,,,,,,,,,,,,,,,,,,,,,,,,,
NB1970,0,0,0,0,0,0,0,0,0,0,0,0,0,0,0,0,0,0,0,0,,,,,,,,,,,,,,,,,,,,,,,,,,,,,,,,,,,,
NB1971,0,0,0,0,0,0,0,0,0,0,0,0,0,0,0,0,0,0,0,0,,,,,,,,,,,,,,,,,,,,,,,,,,,,,,,,,,,,
NB1972,0,0,0,0,0,0,0,0,0,0,0,0,0,0,0,0,0,0,0,0,,,,,,,,,,,,,,,,,,,,,,,,,,,,,,,,,,,,
NB1973,0,0,0,0,0,0,0,0,1,0,0,0,0,0,0,0,0,0,0,0,,,,,,,,,,,,,,,,,,,,,,,,,,,,,,,,,,,,
NB1974,0,0,0,0,0,0,0,0,0,0,0,0,0,0,0,0,0,0,0,0,,,,,,,,,,,,,,,,,,,,,,,,,,,,,,,,,,,,
NB1975,0,0,0,0,0,0,0,0,0,0,0,0,0,0,0,0,0,0,0,0,,,,,,,,,,,,,,,,,,,,,,,,,,,,,,,,,,,,
NB1976,0,0,0,0,0,0,0,0,0,0,0,0,0,0,0,0,0,0,0,0,,,,,,,,,,,,,,,,,,,,,,,,,,,,,,,,,,,,
NB1977,0,0,0,0,0,0,0,0,0,0,0,0,0,0,0,0,0,0,0,0,,,,,,,,,,,,,,,,,,,,,,,,,,,,,,,,,,,,
NB1978,0,0,0,0,0,0,0,0,0,0,0,0,0,0,0,0,0,1,0,0,,,,,,,,,,,,,,,,,,,,,,,,,,,,,,,,,,,,
NB1979,0,0,0,0,0,0,0,0,0,0,0,0,0,0,0,0,0,0,0,0,,,,,,,,,,,,,,,,,,,,,,,,,,,,,,,,,,,,
NB1980,0,0,0,0,0,0,0,0,0,0,0,0,0,0,0,0,0,0,0,0,,,,,,,,,,,,,,,,,,,,,,,,,,,,,,,,,,,,
NB1981,0,0,0,0,0,0,0,0,0,0,0,0,0,0,0,0,0,0,0,0,,,,,,,,,,,,,,,,,,,,,,,,,,,,,,,,,,,,
NB1982,0,0,0,0,0,0,0,0,0,0,0,0,0,0,0,0,0,0,0,0,,,,,,,,,,,,,,,,,,,,,,,,,,,,,,,,,,,,
NB1983,0,0,0,0,0,0,0,0,0,0,0,0,0,0,0,0,0,0,0,0,,,,,,,,,,,,,,,,,,,,,,,,,,,,,,,,,,,,
NB1984,0,0,0,0,0,0,0,0,0,0,0,0,0,0,0,0,0,0,0,0,,,,,,,,,,,,,,,,,,,,,,,,,,,,,,,,,,,,
NB1985,0,0,0,0,0,0,0,0,0,0,0,0,0,0,0,0,0,0,0,0,,,,,,,,,,,,,,,,,,,,,,,,,,,,,,,,,,,,
NB1986,0,0,0,0,0,0,0,0,0,0,0,0,0,0,0,0,0,0,0,0,,,,,,,,,,,,,,,,,,,,,,,,,,,,,,,,,,,,
NB1987,0,0,0,0,0,0,0,0,0,0,0,0,0,0,0,0,0,0,0,0,,,,,,,,,,,,,,,,,,,,,,,,,,,,,,,,,,,,
NB1988,0,0,0,0,0,0,0,0,0,0,0,0,0,0,0,0,0,0,0,0,,,,,,,,,,,,,,,,,,,,,,,,,,,,,,,,,,,,
NB1989,0,0,0,0,0,0,0,0,0,0,0,0,0,0,0,0,0,0,0,0,,,,,,,,,,,,,,,,,,,,,,,,,,,,,,,,,,,,
NB1990,0,0,0,0,0,0,0,0,0,0,0,0,0,0,0,0,0,0,0,0,,,,,,,,,,,,,,,,,,,,,,,,,,,,,,,,,,,,
NB1991,0,0,0,0,0,0,0,0,0,0,0,0,0,0,0,0,0,0,0,0,,,,,,,,,,,,,,,,,,,,,,,,,,,,,,,,,,,,
NB1992,0,0,0,0,0,0,0,0,0,0,0,0,0,0,0,0,0,0,0,0,,,,,,,,,,,,,,,,,,,,,,,,,,,,,,,,,,,,
NB1993,0,0,0,0,0,0,0,0,0,0,0,0,0,0,0,0,0,0,0,0,,,,,,,,,,,,,,,,,,,,,,,,,,,,,,,,,,,,
NB1994,0,0,0,0,0,0,0,0,0,0,0,0,0,0,0,0,0,0,0,0,,,,,,,,,,,,,,,,,,,,,,,,,,,,,,,,,,,,
NB1995,0,0,0,0,0,0,0,0,0,0,0,0,0,0,0,0,0,0,0,0,,,,,,,,,,,,,,,,,,,,,,,,,,,,,,,,,,,,
NB1996,0,0,0,0,0,0,0,0,0,0,0,0,0,0,0,0,0,0,0,0,,,,,,,,,,,,,,,,,,,,,,,,,,,,,,,,,,,,
NB1997,0,0,0,0,0,0,0,0,0,0,0,0,0,0,0,0,0,0,0,0,,,,,,,,,,,,,,,,,,,,,,,,,,,,,,,,,,,,
NB1998,0,0,0,0,0,0,0,0,0,0,0,0,0,0,0,0,0,0,0,0,,,,,,,,,,,,,,,,,,,,,,,,,,,,,,,,,,,,
NB1999,0,0,0,0,0,0,0,0,0,0,0,0,0,0,0,0,0,0,0,0,,,,,,,,,,,,,,,,,,,,,,,,,,,,,,,,,,,,
NB2000,0,0,0,0,0,0,0,0,0,0,0,0,0,0,0,0,0,0,0,0,,,,,,,,,,,,,,,,,,,,,,,,,,,,,,,,,,,,
NB2001,0,0,0,0,0,0,0,0,0,0,0,0,0,0,0,0,0,0,0,0,,,,,,,,,,,,,,,,,,,,,,,,,,,,,,,,,,,,
NB2002,0,0,0,0,0,0,0,0,0,0,0,0,0,0,0,0,0,0,0,0,,,,,,,,,,,,,,,,,,,,,,,,,,,,,,,,,,,,
NB2003,0,0,0,0,0,0,0,0,0,0,0,0,0,0,0,0,0,0,0,0,,,,,,,,,,,,,,,,,,,,,,,,,,,,,,,,,,,,
NB2004,0,0,0,0,0,0,0,0,0,0,0,0,0,0,0,0,0,1,0,0,,,,,,,,,,,,,,,,,,,,,,,,,,,,,,,,,,,,
NB2005,0,0,0,0,0,0,0,0,0,0,0,0,0,0,0,0,0,1,1,0,,,,,,,,,,,,,,,,,,,,,,,,,,,,,,,,,,,,0
NB2006,0,0,0,0,0,0,0,0,0,0,0,0,0,0,0,0,0,0,0,0,,,,,,,,,,,,,,,,,,,,,,,,,,,,,,,,,,,,
NB2007,0,0,0,0,0,0,0,0,0,0,0,0,0,0,0,0,0,0,0,0,,,,,,,,,,,,,,,,,,,,,,,,,,,,,,,,,,,,
NB2008,0,0,0,0,0,0,0,0,0,0,0,0,0,0,0,0,0,0,0,0,,,,,,,,,,,,,,,,,,,,,,,,,,,,,,,,,,,,
NB2009,0,0,0,0,0,0,0,0,0,0,0,0,0,0,0,0,0,0,0,0,,,,,,,,,,,,,,,,,,,,,,,,,,,,,,,,,,,,
NB2010,0,0,0,0,0,0,0,0,0,0,0,0,0,0,0,0,0,0,0,0,,,,,,,,,,,,,,,,,,,,,,,,,,,,,,,,,,,,
NB2011,0,0,0,0,0,0,0,0,0,0,0,0,0,0,0,0,0,0,0,0,,,,,,,,,,,,,,,,,,,,,,,,,,,,,,,,,,,,
NB2012,0,0,0,0,0,0,0,0,0,0,0,0,0,0,0,0,0,0,0,0,,,,,,,,,,,,,,,,,,,,,,,,,,,,,,,,,,,,
NB2013,0,0,0,0,0,0,0,0,0,0,0,0,0,0,0,0,0,0,0,0,,,,,,,,,,,,,,,,,,,,,,,,,,,,,,,,,,,,
NB2014,0,0,0,0,0,0,0,0,0,0,0,0,0,0,0,0,0,0,0,0,,,,,,,,,,,,,,,,,,,,,,,,,,,,,,,,,,,,
NB2015,0,0,0,0,0,0,0,0,0,0,0,0,0,0,0,0,0,0,0,0,,,,,,,,,,,,,,,,,,,,,,,,,,,,,,,,,,,,
NB2016,0,0,0,0,0,0,0,0,0,0,0,0,0,0,0,0,0,0,0,0,,,,,,,,,,,,,,,,,,,,,,,,,,,,,,,,,,,,
NB2017,0,0,0,0,0,0,0,0,0,0,0,0,0,0,0,0,0,0,0,0,,,,,,,,,,,,,,,,,,,,,,,,,,,,,,,,,,,,
NB2018,0,0,0,0,0,0,0,0,0,0,0,0,0,0,0,0,0,0,0,0,,,,,,,,,,,,,,,,,,,,,,,,,,,,,,,,,,,,
NB2019,0,0,0,0,0,0,0,0,0,0,0,0,0,0,0,0,0,0,0,0,,,,,,,,,,,,,,,,,,,,,,,,,,,,,,,,,,,,
NB2020,0,0,0,0,0,0,0,0,0,0,0,0,0,0,0,0,0,0,0,0,,,,,,,,,,,,,,,,,,,,,,,,,,,,,,,,,,,,
NB2021,0,0,0,0,0,0,0,0,0,0,0,0,0,0,0,0,0,0,0,0,,,,,,,,,,,,,,,,,,,,,,,,,,,,,,,,,,,,
NB2022,0,0,0,0,0,0,0,0,0,0,0,0,0,0,0,0,0,0,0,0,,,,,,,,,,,,,,,,,,,,,,,,,,,,,,,,,,,,
NB2023,0,0,0,0,0,0,0,0,0,0,0,0,0,0,0,0,0,0,0,0,,,,,,,,,,,,,,,,,,,,,,,,,,,,,,,,,,,,
NB2024,0,0,0,0,0,0,0,0,0,0,0,0,0,0,0,0,0,0,0,0,,,,,,,,,,,,,,,,,,,,,,,,,,,,,,,,,,,,
NB2025,0,0,0,0,0,0,0,0,0,0,0,0,0,0,0,0,0,0,0,0,,,,,,,,,,,,,,,,,,,,,,,,,,,,,,,,,,,,
NB2026,0,0,0,0,0,0,0,0,0,0,0,0,0,0,0,0,0,0,0,0,,,,,,,,,,,,,,,,,,,,,,,,,,,,,,,,,,,,
NB2027,0,0,0,0,0,0,0,0,0,0,0,0,0,0,0,0,0,0,0,0,,,,,,,,,,,,,,,,,,,,,,,,,,,,,,,,,,,,
NB2028,0,0,0,0,0,0,0,0,0,0,0,0,0,0,0,0,0,0,0,0,,,,,,,,,,,,,,,,,,,,,,,,,,,,,,,,,,,,
NB2029,0,0,0,0,0,0,0,0,0,0,0,0,0,0,0,0,0,0,1,0,,,,,,,,,,,,,,,,,,,,,,,,,,,,,,,,,,,,
NB2030,0,0,0,0,0,0,0,0,0,0,0,0,0,0,0,0,0,0,0,0,,,,,,,,,,,,,,,,,,,,,,,,,,,,,,,,,,,,
NB2031,0,0,0,0,0,0,0,0,0,0,0,0,0,0,0,0,0,0,0,0,,,,,,,,,,,,,,,,,,,,,,,,,,,,,,,,,,,,
NB2032,0,0,0,0,0,0,0,0,0,0,0,0,0,0,0,0,0,0,0,0,,,,,,,,,,,,,,,,,,,,,,,,,,,,,,,,,,,,
NB2033,0,0,0,0,0,0,0,0,0,0,0,0,0,0,0,0,0,0,0,0,,,,,,,,,,,,,,,,,,,,,,,,,,,,,,,,,,,,
NB2034,0,0,0,0,0,0,0,0,0,0,0,0,0,0,0,0,0,0,0,0,,,,,,,,,,,,,,,,,,,,,,,,,,,,,,,,,,,,
NB2035,0,0,0,0,0,0,0,0,0,0,0,0,0,0,0,0,0,0,0,0,,,,,,,,,,,,,,,,,,,,,,,,,,,,,,,,,,,,
NB2036,0,0,0,0,0,0,0,0,0,0,0,0,0,0,0,0,0,0,0,0,,,,,,,,,,,,,,,,,,,,,,,,,,,,,,,,,,,,
NB2037,0,0,0,0,0,0,0,0,0,0,0,0,0,0,0,0,0,0,0,0,,,,,,,,,,,,,,,,,,,,,,,,,,,,,,,,,,,,
NB2038,0,0,0,0,0,0,0,0,0,1,0,1,1,0,0,0,0,1,1,0,,,,,,,,,,,,,,,,0,1,,,0,0,1,,,0,1,,,0,0,,,,,,1
NB2039,0,0,0,0,0,0,0,0,0,0,0,0,0,0,0,0,0,0,0,0,,,,,,,,,,,,,,,,,,,,,,,,,,,,,,,,,,,,
NB2040,0,0,0,0,0,0,0,0,0,0,0,0,0,0,0,0,0,0,0,0,,,,,,,,,,,,,,,,,,,,,,,,,,,,,,,,,,,,
NB2041,0,0,0,0,0,0,0,0,0,0,0,0,0,0,0,0,0,0,0,0,,,,,,,,,,,,,,,,,,,,,,,,,,,,,,,,,,,,
NB2042,0,0,0,0,0,0,0,0,0,0,0,0,0,0,0,0,0,0,0,0,,,,,,,,,,,,,,,,,,,,,,,,,,,,,,,,,,,,
NB2043,0,0,0,0,0,0,0,0,0,0,0,0,0,0,0,0,0,0,0,0,,,,,,,,,,,,,,,,,,,,,,,,,,,,,,,,,,,,
NB2044,0,0,0,0,0,0,0,0,0,0,0,0,0,0,0,0,0,0,0,0,,,,,,,,,,,,,,,,,,,,,,,,,,,,,,,,,,,,
NB2045,0,0,0,0,0,0,0,0,0,0,0,0,0,0,0,0,0,0,0,0,,,,,,,,,,,,,,,,,,,,,,,,,,,,,,,,,,,,
NB2046,0,0,0,0,0,0,0,0,0,0,0,0,0,0,0,0,0,0,0,1,,,,,,,,,,,,,,,,,,,,,,,,,,,,,,,,,,,,
NB2047,0,0,0,0,0,0,0,0,0,0,0,0,0,0,0,0,0,0,0,0,,,,,,,,,,,,,,,,,,,,,,,,,,,,,,,,,,,,
NB2048,0,0,0,0,0,0,0,0,0,0,0,0,0,0,0,0,0,0,0,0,,,,,,,,,,,,,,,,,,,,,,,,,,,,,,,,,,,,
NB2049,0,0,0,0,0,0,0,0,0,0,0,0,0,0,0,0,0,0,0,0,,,,,,,,,,,,,,,,,,,,,,,,,,,,,,,,,,,,
NB2050,0,0,0,0,0,0,0,0,0,0,0,0,0,0,0,0,0,0,0,0,,,,,,,,,,,,,,,,,,,,,,,,,,,,,,,,,,,,
NB2051,0,0,0,0,0,0,0,0,0,0,0,0,0,0,0,0,0,0,0,0,,,,,,,,,,,,,,,,,,,,,,,,,,,,,,,,,,,,
NB2052,0,0,0,0,0,0,0,0,1,0,0,0,0,0,0,0,0,1,0,0,,,,,,,,,,,,,,0,,,,,,,,,,,,,,,,,,,,,,
NB2053,0,0,0,0,0,0,0,0,0,0,0,0,0,0,0,0,0,0,0,0,,,,,,,,,,,,,,,,,,,,,,,,,,,,,,,,,,,,
NB2054,0,0,0,0,0,0,0,0,0,0,0,0,0,0,0,0,0,0,0,0,,,,,,,,,,,,,,,,,,,,,,,,,,,,,,,,,,,,
NB2055,0,0,0,0,0,0,0,0,0,0,0,0,0,0,0,0,0,0,0,0,,,,,,,,,,,,,,,,,,,,,,,,,,,,,,,,,,,,
NB2056,0,0,0,0,0,0,0,0,0,0,0,0,0,0,0,0,0,0,0,0,,,,,,,,,,,,,,,,,,,,,,,,,,,,,,,,,,,,
NB2057,0,0,0,0,0,0,0,0,0,0,0,0,0,0,0,0,0,0,0,0,,,,,,,,,,,,,,,,,,,,,,,,,,,,,,,,,,,,
NB2058,0,0,0,0,0,0,0,0,0,0,0,0,0,0,0,0,0,0,0,0,,,,,,,,,,,,,,,,,,,,,,,,,,,,,,,,,,,,
NB2059,0,0,0,0,0,0,0,0,0,1,0,0,0,0,0,0,0,1,0,0,,,,,,,,,,,,,,,,,,,,0,,,,,,,,,,,,,,,,
NB2060,0,0,0,0,0,0,0,0,0,0,0,0,0,0,0,0,0,0,0,0,,,,,,,,,,,,,,,,,,,,,,,,,,,,,,,,,,,,
NB2061,0,0,0,0,0,0,0,0,0,0,0,0,0,0,0,0,0,0,0,0,,,,,,,,,,,,,,,,,,,,,,,,,,,,,,,,,,,,
NB2062,0,0,0,0,0,0,0,0,0,0,0,0,0,0,0,0,0,0,0,0,,,,,,,,,,,,,,,,,,,,,,,,,,,,,,,,,,,,
NB2063,0,0,0,0,0,0,0,0,0,0,0,0,0,0,0,0,0,0,0,0,,,,,,,,,,,,,,,,,,,,,,,,,,,,,,,,,,,,
NB2064,0,0,0,0,0,0,0,0,0,0,0,0,0,0,0,0,0,0,0,0,,,,,,,,,,,,,,,,,,,,,,,,,,,,,,,,,,,,
NB2065,0,0,0,0,0,0,0,0,0,0,0,0,0,0,0,0,0,0,0,0,,,,,,,,,,,,,,,,,,,,,,,,,,,,,,,,,,,,
NB2066,0,0,0,0,0,0,0,0,0,0,0,0,0,0,0,0,0,0,0,0,,,,,,,,,,,,,,,,,,,,,,,,,,,,,,,,,,,,
NB2067,0,0,0,0,0,0,0,0,0,0,0,0,0,0,0,0,0,0,0,0,,,,,,,,,,,,,,,,,,,,,,,,,,,,,,,,,,,,
NB2068,0,0,0,0,0,0,0,0,0,0,0,0,0,0,0,0,0,1,0,0,,,,,,,,,,,,,,,,,,,,,,,,,,,,,,,,,,,,
NB2069,0,0,0,0,0,0,0,0,0,0,0,0,0,0,0,0,0,0,0,0,,,,,,,,,,,,,,,,,,,,,,,,,,,,,,,,,,,,
NB2070,0,0,0,0,0,0,0,0,0,0,0,0,0,0,0,0,0,0,0,0,,,,,,,,,,,,,,,,,,,,,,,,,,,,,,,,,,,,
NB2071,0,0,0,0,0,0,0,0,0,0,0,0,0,0,0,0,0,0,0,0,,,,,,,,,,,,,,,,,,,,,,,,,,,,,,,,,,,,
NB2072,0,0,0,0,0,0,0,0,0,0,0,0,0,0,0,0,0,0,0,0,,,,,,,,,,,,,,,,,,,,,,,,,,,,,,,,,,,,
NB2073,0,0,0,0,0,0,0,0,0,0,0,0,0,0,0,0,0,0,0,0,,,,,,,,,,,,,,,,,,,,,,,,,,,,,,,,,,,,
NB2074,0,0,0,0,0,0,0,0,0,0,0,0,0,0,0,0,0,0,0,0,,,,,,,,,,,,,,,,,,,,,,,,,,,,,,,,,,,,
NB2075,0,0,0,0,0,0,0,0,0,0,0,0,0,0,0,0,0,0,0,0,,,,,,,,,,,,,,,,,,,,,,,,,,,,,,,,,,,,
NB2076,0,0,0,0,0,0,0,0,1,0,0,0,0,0,0,0,0,0,0,0,,,,,,,,,,,,,,,,,,,,,,,,,,,,,,,,,,,,
NB2077,0,0,0,0,0,0,0,0,0,0,0,0,0,0,0,0,0,1,0,0,,,,,,,,,,,,,,,,,,,,,,,,,,,,,,,,,,,,
NB2078,0,0,0,0,0,0,0,0,0,0,0,0,0,0,0,0,0,0,0,0,,,,,,,,,,,,,,,,,,,,,,,,,,,,,,,,,,,,
NB2079,0,0,0,0,0,0,0,0,0,0,0,0,0,0,0,0,0,0,0,0,,,,,,,,,,,,,,,,,,,,,,,,,,,,,,,,,,,,
NB2080,0,0,0,0,0,0,0,0,0,0,0,0,0,0,0,0,0,0,0,0,,,,,,,,,,,,,,,,,,,,,,,,,,,,,,,,,,,,
NB2081,0,0,0,0,0,0,0,0,0,0,0,0,0,0,0,0,0,0,0,0,,,,,,,,,,,,,,,,,,,,,,,,,,,,,,,,,,,,
NB2082,0,0,0,0,0,0,0,0,0,0,0,0,0,0,0,0,0,0,0,0,,,,,,,,,,,,,,,,,,,,,,,,,,,,,,,,,,,,
NB2083,0,0,0,0,0,0,0,0,0,0,0,0,0,0,0,0,0,0,0,0,,,,,,,,,,,,,,,,,,,,,,,,,,,,,,,,,,,,
NB2084,0,0,0,0,0,0,0,0,0,0,0,0,0,0,0,0,0,0,0,0,,,,,,,,,,,,,,,,,,,,,,,,,,,,,,,,,,,,
NB2085,0,0,0,0,0,0,0,0,0,0,0,0,0,0,0,0,0,0,0,0,,,,,,,,,,,,,,,,,,,,,,,,,,,,,,,,,,,,
NB2086,0,0,0,0,0,0,0,0,0,0,0,0,0,0,0,0,0,0,0,0,,,,,,,,,,,,,,,,,,,,,,,,,,,,,,,,,,,,
NB2087,0,0,0,0,0,0,0,0,0,0,0,0,0,0,0,0,0,0,0,0,,,,,,,,,,,,,,,,,,,,,,,,,,,,,,,,,,,,
NB2088,0,0,0,0,0,0,0,0,0,0,0,0,0,0,0,0,0,0,0,0,,,,,,,,,,,,,,,,,,,,,,,,,,,,,,,,,,,,
NB2089,0,0,0,0,0,0,0,0,0,0,0,0,0,0,0,0,0,0,0,0,,,,,,,,,,,,,,,,,,,,,,,,,,,,,,,,,,,,
NB2090,0,0,0,0,0,0,0,0,0,0,0,0,0,0,0,0,0,0,0,0,,,,,,,,,,,,,,,,,,,,,,,,,,,,,,,,,,,,
NB2091,0,0,0,0,0,0,0,0,0,1,0,0,0,0,0,0,0,0,1,0,,,,,,,,,,,,,,,,,,,,,0,,,,,,,,,,,,,,,
NB2092,0,0,0,0,0,0,0,0,0,0,0,0,0,0,0,0,0,1,0,0,,,,,,,,,,,,,,,,,,,,,,,,,,,,,,,,,,,,
NB2093,0,0,0,0,0,0,0,0,0,0,0,0,0,0,0,0,0,0,0,0,,,,,,,,,,,,,,,,,,,,,,,,,,,,,,,,,,,,
NB2094,0,0,0,0,0,0,0,0,0,0,0,0,0,0,0,0,0,0,0,0,,,,,,,,,,,,,,,,,,,,,,,,,,,,,,,,,,,,
NB2095,0,0,0,0,0,0,0,0,0,0,0,0,0,0,0,0,0,0,0,0,,,,,,,,,,,,,,,,,,,,,,,,,,,,,,,,,,,,
NB2096,0,0,0,0,0,0,0,0,0,0,0,0,0,0,0,0,0,0,0,0,,,,,,,,,,,,,,,,,,,,,,,,,,,,,,,,,,,,
NB2097,0,0,0,0,0,0,0,0,0,0,0,0,0,0,0,0,0,0,0,0,,,,,,,,,,,,,,,,,,,,,,,,,,,,,,,,,,,,
NB2098,0,0,0,0,0,0,0,0,0,0,0,0,0,0,0,0,0,1,0,0,,,,,,,,,,,,,,,,,,,,,,,,,,,,,,,,,,,,
NB2099,0,0,0,0,0,0,0,0,0,0,0,0,0,0,0,0,0,0,0,0,,,,,,,,,,,,,,,,,,,,,,,,,,,,,,,,,,,,
NB2100,0,0,0,0,0,0,0,0,0,0,0,0,0,0,0,0,0,0,0,0,,,,,,,,,,,,,,,,,,,,,,,,,,,,,,,,,,,,
NB2101,0,0,0,0,0,0,0,0,0,0,0,0,0,0,0,0,0,0,0,0,,,,,,,,,,,,,,,,,,,,,,,,,,,,,,,,,,,,
NB2102,0,0,0,0,0,0,0,0,0,0,0,0,0,0,0,0,0,0,0,0,,,,,,,,,,,,,,,,,,,,,,,,,,,,,,,,,,,,
NB2103,0,0,0,0,0,0,0,0,0,0,0,0,0,0,0,0,0,0,0,0,,,,,,,,,,,,,,,,,,,,,,,,,,,,,,,,,,,,
NB2104,0,0,0,0,0,0,0,0,0,0,0,0,0,0,0,0,0,0,0,0,,,,,,,,,,,,,,,,,,,,,,,,,,,,,,,,,,,,
NB2105,0,0,0,0,0,0,0,0,0,0,0,0,0,0,0,0,0,0,0,0,,,,,,,,,,,,,,,,,,,,,,,,,,,,,,,,,,,,
NB2106,0,0,0,0,0,0,0,0,0,0,0,0,0,0,0,0,0,0,0,0,,,,,,,,,,,,,,,,,,,,,,,,,,,,,,,,,,,,
NB2107,0,0,0,0,0,0,0,0,0,0,0,0,0,0,0,0,0,0,0,0,,,,,,,,,,,,,,,,,,,,,,,,,,,,,,,,,,,,
NB2108,0,0,0,0,0,0,0,0,0,0,0,0,0,0,0,0,0,0,0,0,,,,,,,,,,,,,,,,,,,,,,,,,,,,,,,,,,,,
NB2109,0,0,0,0,0,0,0,0,0,0,0,0,0,0,0,0,0,0,0,0,,,,,,,,,,,,,,,,,,,,,,,,,,,,,,,,,,,,
NB2110,0,0,0,0,0,0,0,0,0,0,0,0,0,0,0,0,0,0,0,0,,,,,,,,,,,,,,,,,,,,,,,,,,,,,,,,,,,,
NB2111,0,0,0,0,0,0,0,0,0,0,0,0,0,0,0,0,0,0,0,0,,,,,,,,,,,,,,,,,,,,,,,,,,,,,,,,,,,,
NB2112,0,0,0,0,0,0,0,0,0,1,0,0,0,0,0,0,0,0,0,0,,,,,,,,,,,,,,,,,,,,,,,,,,,,,,,,,,,,
NB2113,0,0,0,0,0,0,0,0,0,0,0,0,0,0,0,0,0,0,0,0,,,,,,,,,,,,,,,,,,,,,,,,,,,,,,,,,,,,
NB2114,0,0,0,0,0,0,0,0,0,0,0,0,0,0,0,0,0,0,0,0,,,,,,,,,,,,,,,,,,,,,,,,,,,,,,,,,,,,
NB2115,0,0,0,0,0,0,0,0,0,1,0,0,0,0,0,0,0,0,0,0,,,,,,,,,,,,,,,,,,,,,,,,,,,,,,,,,,,,
NB2116,0,0,0,0,0,0,0,0,0,0,0,0,0,0,0,0,0,0,0,0,,,,,,,,,,,,,,,,,,,,,,,,,,,,,,,,,,,,
NB2117,0,0,0,0,0,0,0,0,0,0,0,0,0,0,0,0,0,0,0,0,,,,,,,,,,,,,,,,,,,,,,,,,,,,,,,,,,,,
NB2118,0,0,0,0,0,0,0,0,0,0,0,0,0,0,0,0,0,0,0,0,,,,,,,,,,,,,,,,,,,,,,,,,,,,,,,,,,,,
NB2119,0,0,0,0,0,0,0,0,0,0,0,0,0,0,0,0,0,0,0,0,,,,,,,,,,,,,,,,,,,,,,,,,,,,,,,,,,,,
NB2120,0,0,0,0,0,0,0,0,0,0,0,0,0,0,0,0,0,1,0,0,,,,,,,,,,,,,,,,,,,,,,,,,,,,,,,,,,,,
NB2121,0,0,0,0,0,0,0,0,0,0,0,0,0,0,0,0,0,0,0,0,,,,,,,,,,,,,,,,,,,,,,,,,,,,,,,,,,,,
NB2122,0,0,0,0,0,0,0,0,0,0,0,0,0,0,0,0,0,0,0,0,,,,,,,,,,,,,,,,,,,,,,,,,,,,,,,,,,,,
NB2123,0,0,0,0,0,0,0,0,0,0,0,0,0,0,0,0,0,0,0,0,,,,,,,,,,,,,,,,,,,,,,,,,,,,,,,,,,,,
NB2124,0,0,0,0,0,0,0,0,0,0,0,0,0,0,0,0,0,1,0,0,,,,,,,,,,,,,,,,,,,,,,,,,,,,,,,,,,,,
NB2125,0,0,0,0,0,0,0,0,0,0,0,0,0,0,0,0,0,1,0,0,,,,,,,,,,,,,,,,,,,,,,,,,,,,,,,,,,,,
NB2126,0,0,0,0,0,0,0,0,1,1,0,1,1,0,0,0,0,1,1,0,,,,,,,,,1,1,1,,,1,1,0,1,,,0,0,1,,,0,1,,,0,0,,,,,,1
NB2127,0,0,0,0,0,0,0,0,0,0,0,0,0,0,0,0,0,1,0,0,,,,,,,,,,,,,,,,,,,,,,,,,,,,,,,,,,,,
NB2128,0,0,0,0,0,0,0,0,0,0,0,0,0,0,0,0,0,0,0,0,,,,,,,,,,,,,,,,,,,,,,,,,,,,,,,,,,,,
NB2129,0,0,0,0,0,0,0,0,0,0,0,0,0,0,0,0,0,0,0,0,,,,,,,,,,,,,,,,,,,,,,,,,,,,,,,,,,,,
NB2130,0,0,0,0,0,0,0,0,0,0,0,0,0,0,0,0,0,0,0,0,,,,,,,,,,,,,,,,,,,,,,,,,,,,,,,,,,,,
NB2131,0,0,0,0,0,0,0,0,0,0,0,0,0,0,0,0,0,1,0,0,,,,,,,,,,,,,,,,,,,,,,,,,,,,,,,,,,,,
NB2132,0,0,0,0,0,0,0,0,0,0,0,0,0,0,0,0,0,0,0,0,,,,,,,,,,,,,,,,,,,,,,,,,,,,,,,,,,,,
NB2133,0,0,0,0,0,0,0,0,0,0,0,0,0,0,0,0,0,0,0,0,,,,,,,,,,,,,,,,,,,,,,,,,,,,,,,,,,,,
NB2134,0,0,0,0,0,0,0,0,0,0,0,0,0,0,0,0,0,0,0,0,,,,,,,,,,,,,,,,,,,,,,,,,,,,,,,,,,,,
NB2135,0,0,0,0,0,0,0,0,0,0,0,0,0,0,0,0,0,1,0,0,,,,,,,,,,,,,,,,,,,,,,,,,,,,,,,,,,,,
NB2136,0,0,0,0,0,0,0,0,0,0,0,0,0,0,0,0,0,0,0,0,,,,,,,,,,,,,,,,,,,,,,,,,,,,,,,,,,,,
NB2137,0,0,0,0,0,0,0,0,0,0,0,0,0,0,0,0,0,0,0,0,,,,,,,,,,,,,,,,,,,,,,,,,,,,,,,,,,,,
NB2138,0,0,0,0,0,0,0,0,0,0,0,0,0,0,0,0,0,0,0,0,,,,,,,,,,,,,,,,,,,,,,,,,,,,,,,,,,,,
NB2139,0,0,0,0,0,0,0,0,0,0,0,0,0,0,0,0,0,0,0,0,,,,,,,,,,,,,,,,,,,,,,,,,,,,,,,,,,,,
NB2140,0,0,0,0,0,0,0,0,1,0,0,0,0,0,0,0,0,1,1,0,,,,,,,,,,,,,,1,1,,,,,,,,,,,,,,,,,,,,,1
NB2141,0,0,0,0,0,0,0,0,0,0,0,0,0,0,0,0,0,0,0,0,,,,,,,,,,,,,,,,,,,,,,,,,,,,,,,,,,,,
NB2142,0,0,0,0,0,0,0,0,0,0,0,0,0,0,0,0,0,0,0,0,,,,,,,,,,,,,,,,,,,,,,,,,,,,,,,,,,,,
NB2143,0,0,0,0,0,0,0,0,0,0,0,0,0,0,0,0,0,0,0,0,,,,,,,,,,,,,,,,,,,,,,,,,,,,,,,,,,,,
NB2144,0,0,0,0,0,0,0,0,0,0,0,0,0,0,0,0,0,0,0,0,,,,,,,,,,,,,,,,,,,,,,,,,,,,,,,,,,,,
NB2145,0,0,0,0,0,0,0,0,0,0,0,0,0,0,0,0,0,0,0,0,,,,,,,,,,,,,,,,,,,,,,,,,,,,,,,,,,,,
NB2146,0,0,0,0,0,0,0,0,0,0,0,0,0,0,0,0,0,0,0,0,,,,,,,,,,,,,,,,,,,,,,,,,,,,,,,,,,,,
NB2147,0,0,0,0,0,0,0,0,0,0,0,0,0,0,0,0,0,0,0,0,,,,,,,,,,,,,,,,,,,,,,,,,,,,,,,,,,,,
NB2148,0,0,0,0,0,0,0,0,0,0,0,0,0,0,0,0,0,0,0,1,,,,,,,,,,,,,,,,,,,,,,,,,,,,,,,,,,,,
NB2149,0,0,0,0,0,0,0,0,0,0,0,0,0,0,0,0,0,0,0,0,,,,,,,,,,,,,,,,,,,,,,,,,,,,,,,,,,,,
NB2150,0,0,0,0,0,0,0,0,0,0,0,0,0,0,0,0,0,0,0,0,,,,,,,,,,,,,,,,,,,,,,,,,,,,,,,,,,,,
NB2151,0,0,0,0,0,0,0,0,0,0,0,0,0,0,0,0,0,0,0,0,,,,,,,,,,,,,,,,,,,,,,,,,,,,,,,,,,,,
NB2152,0,0,0,0,0,0,0,0,0,0,0,0,0,0,0,0,0,0,0,0,,,,,,,,,,,,,,,,,,,,,,,,,,,,,,,,,,,,
NB2153,0,0,0,0,0,0,0,0,0,0,0,0,0,0,0,0,0,0,0,0,,,,,,,,,,,,,,,,,,,,,,,,,,,,,,,,,,,,
NB2154,0,0,0,0,0,0,0,0,0,0,0,0,0,0,0,0,0,0,0,0,,,,,,,,,,,,,,,,,,,,,,,,,,,,,,,,,,,,
NB2155,0,0,0,0,0,0,0,0,0,0,0,0,0,0,0,0,0,0,0,0,,,,,,,,,,,,,,,,,,,,,,,,,,,,,,,,,,,,
NB2156,0,0,0,0,0,0,0,0,0,0,0,0,0,0,0,0,0,0,0,0,,,,,,,,,,,,,,,,,,,,,,,,,,,,,,,,,,,,
NB2157,0,0,0,0,0,0,0,0,0,0,0,0,0,0,0,0,0,0,0,0,,,,,,,,,,,,,,,,,,,,,,,,,,,,,,,,,,,,
NB2158,0,0,0,0,0,0,0,0,0,0,0,0,0,0,0,0,0,0,0,0,,,,,,,,,,,,,,,,,,,,,,,,,,,,,,,,,,,,
NB2159,0,0,0,0,0,0,0,0,0,0,0,0,0,0,0,0,0,0,0,0,,,,,,,,,,,,,,,,,,,,,,,,,,,,,,,,,,,,
NB2160,0,0,0,0,0,0,0,0,0,0,0,0,0,0,0,0,0,0,0,0,,,,,,,,,,,,,,,,,,,,,,,,,,,,,,,,,,,,
NB2161,0,0,0,0,0,0,0,0,0,0,0,0,0,0,0,0,0,0,0,0,,,,,,,,,,,,,,,,,,,,,,,,,,,,,,,,,,,,
NB2162,0,0,0,0,0,0,0,0,0,0,0,0,0,0,0,0,0,0,0,0,,,,,,,,,,,,,,,,,,,,,,,,,,,,,,,,,,,,
NB2163,0,0,0,0,0,0,0,0,0,0,0,0,0,0,0,0,0,0,0,0,,,,,,,,,,,,,,,,,,,,,,,,,,,,,,,,,,,,
NB2164,0,0,0,0,0,0,0,0,0,0,0,0,0,0,0,0,0,1,1,0,,,,,,,,,,,,,,,,,,,,,,,,,,,,,,,,,,,,0
NB2165,0,0,0,0,0,0,0,0,0,0,0,0,0,0,0,0,0,0,0,0,,,,,,,,,,,,,,,,,,,,,,,,,,,,,,,,,,,,
NB2166,0,0,0,0,0,0,0,0,0,1,0,0,0,0,0,0,0,1,1,0,,,,,,,,,,,,,,,,,,,,0,0,,,,,,,,,,,,,,,1
NB2167,0,0,0,0,0,0,0,0,0,0,0,0,0,0,0,0,0,0,0,0,,,,,,,,,,,,,,,,,,,,,,,,,,,,,,,,,,,,
NB2168,0,0,0,0,0,0,0,0,0,0,0,0,0,0,0,0,0,0,0,0,,,,,,,,,,,,,,,,,,,,,,,,,,,,,,,,,,,,
NB2169,0,0,0,0,0,0,0,0,0,0,0,0,0,0,0,0,0,0,0,0,,,,,,,,,,,,,,,,,,,,,,,,,,,,,,,,,,,,
NB2170,0,0,0,0,0,0,0,0,0,0,0,0,0,0,0,0,0,0,0,0,,,,,,,,,,,,,,,,,,,,,,,,,,,,,,,,,,,,
NB2171,0,0,0,0,0,0,0,0,0,0,0,0,0,0,0,0,0,0,0,0,,,,,,,,,,,,,,,,,,,,,,,,,,,,,,,,,,,,
NB2172,0,0,0,0,0,0,0,0,0,0,0,0,0,0,0,0,0,0,0,0,,,,,,,,,,,,,,,,,,,,,,,,,,,,,,,,,,,,
NB2173,0,0,0,0,0,0,0,0,0,0,0,0,0,0,0,0,0,1,0,0,,,,,,,,,,,,,,,,,,,,,,,,,,,,,,,,,,,,
NB2174,0,0,0,0,0,0,0,0,0,0,0,0,0,0,0,0,0,0,0,0,,,,,,,,,,,,,,,,,,,,,,,,,,,,,,,,,,,,
NB2175,0,0,0,0,0,0,0,0,0,0,0,0,0,0,0,0,0,1,0,0,,,,,,,,,,,,,,,,,,,,,,,,,,,,,,,,,,,,
NB2176,0,0,0,0,0,0,0,0,0,0,0,0,0,0,0,0,0,0,0,0,,,,,,,,,,,,,,,,,,,,,,,,,,,,,,,,,,,,
NB2177,0,0,0,0,0,0,0,0,0,0,0,0,0,0,0,0,0,0,0,0,,,,,,,,,,,,,,,,,,,,,,,,,,,,,,,,,,,,
NB2178,0,0,0,0,0,0,0,0,0,0,0,0,0,0,0,0,0,0,0,0,,,,,,,,,,,,,,,,,,,,,,,,,,,,,,,,,,,,
NB2179,0,0,0,0,0,0,0,0,0,0,0,0,0,0,0,0,0,0,0,0,,,,,,,,,,,,,,,,,,,,,,,,,,,,,,,,,,,,
NB2180,0,0,0,0,0,0,0,0,0,0,0,0,0,0,0,0,0,0,0,0,,,,,,,,,,,,,,,,,,,,,,,,,,,,,,,,,,,,
NB2181,0,0,0,0,0,0,0,0,0,0,0,0,0,0,0,0,0,0,0,0,,,,,,,,,,,,,,,,,,,,,,,,,,,,,,,,,,,,
NB2182,0,0,0,0,0,0,0,0,0,0,0,0,0,0,0,0,0,0,0,0,,,,,,,,,,,,,,,,,,,,,,,,,,,,,,,,,,,,
NB2183,0,0,0,0,0,0,0,0,0,0,0,0,0,0,0,0,0,1,0,0,,,,,,,,,,,,,,,,,,,,,,,,,,,,,,,,,,,,
NB2184,0,0,0,0,0,0,0,0,0,0,0,0,0,0,0,0,0,0,0,0,,,,,,,,,,,,,,,,,,,,,,,,,,,,,,,,,,,,
NB2185,0,0,0,0,0,0,0,0,0,0,0,0,0,0,0,0,0,0,0,0,,,,,,,,,,,,,,,,,,,,,,,,,,,,,,,,,,,,
NB2186,0,0,0,0,0,0,0,0,0,0,0,0,0,0,0,0,0,0,0,0,,,,,,,,,,,,,,,,,,,,,,,,,,,,,,,,,,,,
NB2187,0,0,0,0,0,0,0,0,0,0,0,0,0,0,0,0,0,0,0,0,,,,,,,,,,,,,,,,,,,,,,,,,,,,,,,,,,,,
NB2188,0,0,0,0,0,0,0,0,0,0,0,0,0,0,0,0,0,0,0,0,,,,,,,,,,,,,,,,,,,,,,,,,,,,,,,,,,,,
NB2189,0,0,0,0,0,0,0,0,0,0,0,0,0,0,0,0,0,0,0,0,,,,,,,,,,,,,,,,,,,,,,,,,,,,,,,,,,,,
NB2190,0,0,0,0,0,0,0,0,0,0,0,0,0,0,0,0,0,0,0,0,,,,,,,,,,,,,,,,,,,,,,,,,,,,,,,,,,,,
NB2191,0,0,0,0,0,0,0,0,0,0,0,0,0,0,0,0,0,0,0,0,,,,,,,,,,,,,,,,,,,,,,,,,,,,,,,,,,,,
NB2192,0,0,0,0,0,0,0,0,0,0,0,0,0,0,0,0,0,0,0,0,,,,,,,,,,,,,,,,,,,,,,,,,,,,,,,,,,,,
NB2193,0,0,0,0,0,0,0,0,0,0,0,0,0,0,0,0,0,0,0,0,,,,,,,,,,,,,,,,,,,,,,,,,,,,,,,,,,,,
NB2194,0,0,0,0,0,0,0,0,0,1,0,1,0,0,0,0,0,1,0,0,,,,,,,,,,,,,,,,1,,,,0,,,,,0,,,,,,,,,,,
NB2195,0,0,0,0,0,0,0,0,0,0,0,0,0,0,0,0,0,0,0,0,,,,,,,,,,,,,,,,,,,,,,,,,,,,,,,,,,,,
NB2196,0,0,0,0,0,0,0,0,0,0,0,0,0,0,0,0,0,0,0,0,,,,,,,,,,,,,,,,,,,,,,,,,,,,,,,,,,,,
NB2197,0,0,0,0,0,0,0,0,0,0,0,0,0,0,0,0,0,0,0,0,,,,,,,,,,,,,,,,,,,,,,,,,,,,,,,,,,,,
NB2198,0,0,0,0,0,0,0,0,0,0,0,0,0,0,0,0,0,0,0,0,,,,,,,,,,,,,,,,,,,,,,,,,,,,,,,,,,,,
NB2199,0,0,0,0,0,0,0,0,0,0,0,0,0,0,0,0,0,0,0,0,,,,,,,,,,,,,,,,,,,,,,,,,,,,,,,,,,,,
NB2200,0,0,0,0,0,0,0,0,0,0,0,0,0,0,0,0,0,0,0,0,,,,,,,,,,,,,,,,,,,,,,,,,,,,,,,,,,,,
NB2201,0,0,0,0,0,0,0,0,0,0,0,0,0,0,0,0,0,0,0,0,,,,,,,,,,,,,,,,,,,,,,,,,,,,,,,,,,,,
NB2202,0,0,0,0,0,0,0,0,0,0,0,0,0,0,0,0,0,0,0,0,,,,,,,,,,,,,,,,,,,,,,,,,,,,,,,,,,,,
NB2203,0,0,0,0,0,0,0,0,0,0,0,0,0,0,0,0,0,0,0,0,,,,,,,,,,,,,,,,,,,,,,,,,,,,,,,,,,,,
NB2204,0,0,0,0,0,0,0,0,0,0,0,0,0,0,0,0,0,0,0,0,,,,,,,,,,,,,,,,,,,,,,,,,,,,,,,,,,,,
NB2205,0,0,0,0,0,0,0,0,0,0,0,0,0,0,0,0,0,0,0,0,,,,,,,,,,,,,,,,,,,,,,,,,,,,,,,,,,,,
NB2206,0,0,0,0,0,0,0,0,0,0,0,0,0,0,0,0,0,0,0,0,,,,,,,,,,,,,,,,,,,,,,,,,,,,,,,,,,,,
NB2207,0,0,0,0,0,0,0,0,0,0,0,0,0,0,0,0,0,0,0,0,,,,,,,,,,,,,,,,,,,,,,,,,,,,,,,,,,,,
NB2208,0,0,0,0,0,0,0,0,0,0,0,0,0,0,0,0,0,0,0,0,,,,,,,,,,,,,,,,,,,,,,,,,,,,,,,,,,,,
NB2209,0,0,0,0,0,0,0,0,0,0,0,0,0,0,0,0,0,0,0,0,,,,,,,,,,,,,,,,,,,,,,,,,,,,,,,,,,,,
NB2210,0,0,0,0,0,0,0,0,0,0,0,0,0,0,0,0,0,0,0,0,,,,,,,,,,,,,,,,,,,,,,,,,,,,,,,,,,,,
NB2211,0,0,0,0,0,0,0,0,0,0,0,0,0,0,0,0,0,0,0,0,,,,,,,,,,,,,,,,,,,,,,,,,,,,,,,,,,,,
NB2212,0,0,0,0,0,0,0,0,0,0,0,0,0,0,0,0,0,0,0,0,,,,,,,,,,,,,,,,,,,,,,,,,,,,,,,,,,,,
NB2213,0,0,0,0,0,0,0,0,0,0,0,0,0,0,0,0,0,0,0,0,,,,,,,,,,,,,,,,,,,,,,,,,,,,,,,,,,,,
NB2214,0,0,0,0,0,0,0,0,0,0,0,0,0,0,0,0,0,1,0,0,,,,,,,,,,,,,,,,,,,,,,,,,,,,,,,,,,,,
NB2215,0,0,0,0,0,0,0,0,0,0,0,0,0,0,0,0,0,0,0,0,,,,,,,,,,,,,,,,,,,,,,,,,,,,,,,,,,,,
NB2216,0,0,0,0,0,0,0,0,0,0,0,0,0,0,0,0,0,0,0,0,,,,,,,,,,,,,,,,,,,,,,,,,,,,,,,,,,,,
NB2217,0,0,0,0,0,0,0,0,0,0,0,0,0,0,0,0,0,0,0,0,,,,,,,,,,,,,,,,,,,,,,,,,,,,,,,,,,,,
NB2218,0,0,0,0,0,0,0,0,0,0,0,0,0,0,0,0,0,0,0,0,,,,,,,,,,,,,,,,,,,,,,,,,,,,,,,,,,,,
NB2219,0,0,0,0,0,0,0,0,0,0,0,0,0,0,0,0,0,0,0,0,,,,,,,,,,,,,,,,,,,,,,,,,,,,,,,,,,,,
NB2220,0,0,0,0,0,0,0,0,0,0,0,0,0,0,0,0,0,0,0,0,,,,,,,,,,,,,,,,,,,,,,,,,,,,,,,,,,,,
NB2221,0,0,0,0,0,0,0,0,0,0,0,0,0,0,0,0,0,0,0,0,,,,,,,,,,,,,,,,,,,,,,,,,,,,,,,,,,,,
NB2222,0,0,0,0,0,0,0,0,0,0,0,0,0,0,0,0,0,0,0,0,,,,,,,,,,,,,,,,,,,,,,,,,,,,,,,,,,,,
NB2223,0,0,0,0,0,0,0,0,0,0,0,0,0,0,0,0,0,0,0,0,,,,,,,,,,,,,,,,,,,,,,,,,,,,,,,,,,,,
NB2224,0,0,0,0,0,0,0,0,0,0,0,0,0,0,0,0,0,0,0,0,,,,,,,,,,,,,,,,,,,,,,,,,,,,,,,,,,,,
NB2225,0,0,0,0,0,0,0,0,0,0,0,0,0,0,0,0,0,0,0,0,,,,,,,,,,,,,,,,,,,,,,,,,,,,,,,,,,,,
NB2226,0,0,0,0,0,0,0,0,0,0,0,0,0,0,0,0,0,0,0,0,,,,,,,,,,,,,,,,,,,,,,,,,,,,,,,,,,,,
NB2227,0,0,0,0,0,0,0,0,0,0,0,0,0,0,0,0,0,0,0,0,,,,,,,,,,,,,,,,,,,,,,,,,,,,,,,,,,,,
NB2228,0,0,0,0,0,0,0,0,0,0,0,0,0,0,0,0,0,0,0,0,,,,,,,,,,,,,,,,,,,,,,,,,,,,,,,,,,,,
NB2229,0,0,0,0,0,0,0,0,0,0,0,0,0,0,0,0,0,0,0,0,,,,,,,,,,,,,,,,,,,,,,,,,,,,,,,,,,,,
NB2230,0,0,0,0,0,0,0,0,0,0,0,0,0,0,0,0,0,0,0,0,,,,,,,,,,,,,,,,,,,,,,,,,,,,,,,,,,,,
NB2231,0,0,0,0,0,0,0,0,0,0,0,0,0,0,0,0,0,0,0,0,,,,,,,,,,,,,,,,,,,,,,,,,,,,,,,,,,,,
NB2232,0,0,0,0,0,0,0,0,0,0,0,0,0,0,0,0,0,0,0,0,,,,,,,,,,,,,,,,,,,,,,,,,,,,,,,,,,,,
NB2233,0,0,0,0,0,0,0,0,0,0,0,0,0,0,0,0,0,0,0,0,,,,,,,,,,,,,,,,,,,,,,,,,,,,,,,,,,,,
NB2234,0,0,0,0,0,0,0,0,0,0,0,0,0,0,0,0,0,0,0,0,,,,,,,,,,,,,,,,,,,,,,,,,,,,,,,,,,,,
NB2235,0,0,0,0,0,0,0,0,0,0,0,0,0,0,0,0,0,0,0,0,,,,,,,,,,,,,,,,,,,,,,,,,,,,,,,,,,,,
NB2236,0,0,0,0,0,0,0,0,0,0,0,0,0,0,0,0,0,0,0,0,,,,,,,,,,,,,,,,,,,,,,,,,,,,,,,,,,,,
NB2237,0,0,0,0,0,0,0,0,0,0,0,0,0,0,0,0,0,0,0,0,,,,,,,,,,,,,,,,,,,,,,,,,,,,,,,,,,,,
NB2238,0,0,0,0,0,0,0,0,0,0,0,0,0,0,0,0,0,0,0,0,,,,,,,,,,,,,,,,,,,,,,,,,,,,,,,,,,,,
NB2239,0,0,0,0,0,0,0,0,0,0,0,0,0,0,0,0,0,0,0,0,,,,,,,,,,,,,,,,,,,,,,,,,,,,,,,,,,,,
NB2240,0,0,0,0,0,0,0,0,0,0,0,0,0,0,0,0,0,0,0,0,,,,,,,,,,,,,,,,,,,,,,,,,,,,,,,,,,,,
NB2241,0,0,0,0,0,0,0,0,0,0,0,0,0,0,0,0,0,1,1,0,,,,,,,,,,,,,,,,,,,,,,,,,,,,,,,,,,,,1
NB2242,0,0,0,0,0,0,0,0,0,0,0,0,0,0,0,0,0,0,0,0,,,,,,,,,,,,,,,,,,,,,,,,,,,,,,,,,,,,
NB2243,0,0,0,0,0,0,0,0,0,0,0,0,0,0,0,0,0,0,0,0,,,,,,,,,,,,,,,,,,,,,,,,,,,,,,,,,,,,
NB2244,0,0,0,0,0,0,0,0,0,0,0,0,0,0,0,0,0,0,0,0,,,,,,,,,,,,,,,,,,,,,,,,,,,,,,,,,,,,
NB2245,0,0,0,0,0,0,0,0,0,0,0,0,0,0,0,0,0,0,0,0,,,,,,,,,,,,,,,,,,,,,,,,,,,,,,,,,,,,
NB2246,0,0,0,0,0,0,0,0,0,1,0,1,0,0,0,0,0,1,1,0,,,,,,,,,,,,,,,,0,,,,0,0,,,,1,1,,,,,,,,,,0
NB2247,0,0,0,0,0,0,0,0,0,0,0,0,0,0,0,0,0,0,0,0,,,,,,,,,,,,,,,,,,,,,,,,,,,,,,,,,,,,
NB2248,0,0,0,0,0,0,0,0,0,0,0,0,0,0,0,0,0,1,0,0,,,,,,,,,,,,,,,,,,,,,,,,,,,,,,,,,,,,
NB2249,0,0,0,0,0,0,0,0,0,0,0,0,0,0,0,0,0,0,0,0,,,,,,,,,,,,,,,,,,,,,,,,,,,,,,,,,,,,
NB2250,0,0,0,0,0,0,0,0,0,0,0,0,0,0,0,0,0,0,0,0,,,,,,,,,,,,,,,,,,,,,,,,,,,,,,,,,,,,
NB2251,0,0,0,0,0,0,0,0,0,0,0,0,0,0,0,0,0,0,0,0,,,,,,,,,,,,,,,,,,,,,,,,,,,,,,,,,,,,
NB2252,0,0,0,0,0,0,0,0,0,0,0,0,0,0,0,0,0,0,0,0,,,,,,,,,,,,,,,,,,,,,,,,,,,,,,,,,,,,
NB2253,0,0,0,0,0,0,0,0,0,0,0,0,0,0,0,0,0,0,0,0,,,,,,,,,,,,,,,,,,,,,,,,,,,,,,,,,,,,
NB2254,0,0,0,0,0,0,0,0,0,0,0,0,0,0,0,0,0,0,0,0,,,,,,,,,,,,,,,,,,,,,,,,,,,,,,,,,,,,
NB2255,0,0,0,0,0,0,0,0,0,0,0,0,0,0,0,0,0,0,0,0,,,,,,,,,,,,,,,,,,,,,,,,,,,,,,,,,,,,
NB2256,0,0,0,0,0,0,0,0,0,0,0,0,0,0,0,0,0,0,0,0,,,,,,,,,,,,,,,,,,,,,,,,,,,,,,,,,,,,
NB2257,0,0,0,0,0,0,0,0,0,0,0,0,0,0,0,0,0,0,0,0,,,,,,,,,,,,,,,,,,,,,,,,,,,,,,,,,,,,
NB2258,0,0,0,0,0,0,0,0,0,0,0,0,0,0,0,0,0,0,0,0,,,,,,,,,,,,,,,,,,,,,,,,,,,,,,,,,,,,
NB2259,0,0,0,0,0,0,0,0,0,0,0,0,0,0,0,0,0,1,0,0,,,,,,,,,,,,,,,,,,,,,,,,,,,,,,,,,,,,
NB2260,0,0,0,0,0,0,0,0,0,0,0,0,0,0,0,0,0,0,0,0,,,,,,,,,,,,,,,,,,,,,,,,,,,,,,,,,,,,
NB2261,0,0,0,0,0,0,0,0,0,0,0,0,0,0,0,0,0,0,0,0,,,,,,,,,,,,,,,,,,,,,,,,,,,,,,,,,,,,
NB2262,0,0,0,0,0,0,0,0,0,0,0,0,0,0,0,0,0,0,0,0,,,,,,,,,,,,,,,,,,,,,,,,,,,,,,,,,,,,
NB2263,0,0,0,0,0,0,0,0,0,0,0,0,0,0,0,0,0,1,0,0,,,,,,,,,,,,,,,,,,,,,,,,,,,,,,,,,,,,
NB2264,0,0,0,0,0,0,0,0,0,0,0,0,0,0,0,0,0,0,0,0,,,,,,,,,,,,,,,,,,,,,,,,,,,,,,,,,,,,
NB2265,0,0,0,0,0,0,0,0,0,0,0,0,0,0,0,0,0,0,0,0,,,,,,,,,,,,,,,,,,,,,,,,,,,,,,,,,,,,
NB2266,0,0,0,0,0,0,0,0,0,0,0,0,0,0,0,0,0,0,0,0,,,,,,,,,,,,,,,,,,,,,,,,,,,,,,,,,,,,
NB2267,0,0,0,0,0,0,0,0,0,0,0,0,0,0,0,0,0,0,0,0,,,,,,,,,,,,,,,,,,,,,,,,,,,,,,,,,,,,
NB2268,0,0,0,0,0,0,0,0,0,0,0,0,0,0,0,0,0,0,0,0,,,,,,,,,,,,,,,,,,,,,,,,,,,,,,,,,,,,
NB2269,0,0,0,0,0,0,0,0,0,0,0,0,0,0,0,0,0,0,0,0,,,,,,,,,,,,,,,,,,,,,,,,,,,,,,,,,,,,
NB2270,0,0,0,0,0,0,0,0,0,0,0,0,0,0,0,0,0,0,0,0,,,,,,,,,,,,,,,,,,,,,,,,,,,,,,,,,,,,
O4486,0,0,0,0,0,0,0,0,0,0,0,1,0,0,0,0,0,0,0,0,,,,,,,,,,,,,,,,,,,,,,,,,,,,,,,,,,,,
O4487,0,0,0,0,0,0,0,0,0,0,0,1,0,0,0,0,0,0,0,0,,,,,,,,,,,,,,,,,,,,,,,,,,,,,,,,,,,,
O4488,0,0,0,0,0,0,0,0,0,0,0,1,0,0,0,0,0,0,0,0,,,,,,,,,,,,,,,,,,,,,,,,,,,,,,,,,,,,
O4489,0,0,0,0,0,0,0,0,0,0,0,1,0,0,0,0,0,0,0,0,,,,,,,,,,,,,,,,,,,,,,,,,,,,,,,,,,,,
O4490,0,0,0,0,0,0,0,0,0,0,0,1,0,0,0,0,0,0,0,0,,,,,,,,,,,,,,,,,,,,,,,,,,,,,,,,,,,,
O4491,0,0,0,0,0,0,0,0,0,0,0,1,0,0,0,0,0,0,0,0,,,,,,,,,,,,,,,,,,,,,,,,,,,,,,,,,,,,
O4492,0,0,0,0,0,0,0,0,0,0,0,1,0,0,0,0,0,0,0,0,,,,,,,,,,,,,,,,,,,,,,,,,,,,,,,,,,,,
O4493,0,0,0,0,0,0,0,0,0,0,0,1,0,0,0,0,0,0,0,0,,,,,,,,,,,,,,,,,,,,,,,,,,,,,,,,,,,,
O4494,0,0,0,0,0,0,0,0,0,0,0,1,0,0,0,0,0,0,0,0,,,,,,,,,,,,,,,,,,,,,,,,,,,,,,,,,,,,
O4495,0,0,0,0,0,0,0,0,0,0,0,1,0,0,0,0,0,0,0,0,,,,,,,,,,,,,,,,,,,,,,,,,,,,,,,,,,,,
O4496,0,0,0,0,0,0,0,0,0,0,0,1,0,0,0,0,0,0,0,0,,,,,,,,,,,,,,,,,,,,,,,,,,,,,,,,,,,,
O4497,0,0,0,0,0,0,0,0,0,0,0,1,0,0,0,0,0,0,0,0,,,,,,,,,,,,,,,,,,,,,,,,,,,,,,,,,,,,
O4498,0,0,0,0,0,0,0,0,0,0,0,1,1,0,0,0,0,0,0,0,,,,,,,,,,,,,,,,,,,,,,1,,,,,,,,,,,,,,
O4499,0,0,0,0,0,0,0,0,0,0,0,1,1,0,0,0,0,0,0,0,,,,,,,,,,,,,,,,,,,,,,1,,,,,,,,,,,,,,
O4500,0,0,0,0,0,0,0,0,0,0,0,1,1,0,0,0,0,0,0,0,,,,,,,,,,,,,,,,,,,,,,1,,,,,,,,,,,,,,
O4501,0,0,0,0,0,0,0,0,0,0,0,1,1,0,0,0,0,0,0,0,,,,,,,,,,,,,,,,,,,,,,1,,,,,,,,,,,,,,
O4502,0,0,0,0,0,0,0,0,0,0,0,1,1,0,0,0,0,0,0,0,,,,,,,,,,,,,,,,,,,,,,1,,,,,,,,,,,,,,
O4503,0,0,0,0,0,0,0,0,0,0,0,1,1,0,0,0,0,0,0,0,,,,,,,,,,,,,,,,,,,,,,1,,,,,,,,,,,,,,
O4504,0,0,0,0,0,0,0,0,0,0,0,1,1,0,0,0,0,0,0,0,,,,,,,,,,,,,,,,,,,,,,1,,,,,,,,,,,,,,
O4505,0,0,0,0,0,0,0,0,0,0,0,1,1,0,0,0,0,0,0,0,,,,,,,,,,,,,,,,,,,,,,1,,,,,,,,,,,,,,
O4506,0,0,0,0,0,0,0,0,0,0,0,1,1,0,0,0,0,0,0,0,,,,,,,,,,,,,,,,,,,,,,1,,,,,,,,,,,,,,
O4507,0,0,0,0,0,0,0,0,0,0,0,1,1,0,0,0,0,0,0,0,,,,,,,,,,,,,,,,,,,,,,1,,,,,,,,,,,,,,
O4508,0,0,0,0,0,0,0,0,0,0,0,1,1,0,0,0,0,0,0,0,,,,,,,,,,,,,,,,,,,,,,1,,,,,,,,,,,,,,
O4509,0,0,0,0,0,0,0,0,0,0,0,1,1,0,0,0,0,0,0,0,,,,,,,,,,,,,,,,,,,,,,1,,,,,,,,,,,,,,
O4510,0,0,0,0,0,0,0,0,0,0,0,1,1,0,0,0,0,0,0,0,,,,,,,,,,,,,,,,,,,,,,1,,,,,,,,,,,,,,
O4511,0,0,0,0,0,0,0,0,0,0,0,1,1,0,0,0,0,0,0,0,,,,,,,,,,,,,,,,,,,,,,1,,,,,,,,,,,,,,
O4512,0,0,0,0,0,0,0,0,0,0,0,1,1,0,0,0,0,0,0,0,,,,,,,,,,,,,,,,,,,,,,1,,,,,,,,,,,,,,
O4513,0,0,0,0,0,0,0,0,0,0,0,1,1,0,0,0,0,0,0,0,,,,,,,,,,,,,,,,,,,,,,1,,,,,,,,,,,,,,
O4514,0,0,0,0,0,0,0,0,0,0,0,1,1,0,0,0,0,0,0,0,,,,,,,,,,,,,,,,,,,,,,1,,,,,,,,,,,,,,
O4515,0,0,0,0,0,0,0,0,0,0,0,1,1,0,0,0,0,0,0,0,,,,,,,,,,,,,,,,,,,,,,1,,,,,,,,,,,,,,
O4516,0,0,0,0,0,0,0,0,0,0,0,1,1,0,0,0,0,0,0,0,,,,,,,,,,,,,,,,,,,,,,1,,,,,,,,,,,,,,
O4517,0,0,0,0,0,0,0,0,0,0,0,1,1,0,0,0,0,0,0,0,,,,,,,,,,,,,,,,,,,,,,1,,,,,,,,,,,,,,
O4518,0,0,0,0,0,0,0,0,0,0,0,1,1,0,0,0,0,0,0,0,,,,,,,,,,,,,,,,,,,,,,1,,,,,,,,,,,,,,
O4519,0,0,0,0,0,0,0,0,0,0,0,1,1,0,0,0,0,0,0,0,,,,,,,,,,,,,,,,,,,,,,1,,,,,,,,,,,,,,
O4520,0,0,0,0,0,0,0,0,0,0,0,1,1,0,0,0,0,0,0,0,,,,,,,,,,,,,,,,,,,,,,1,,,,,,,,,,,,,,
O4521,0,0,0,0,0,0,0,0,0,0,0,1,1,0,0,0,0,0,0,0,,,,,,,,,,,,,,,,,,,,,,1,,,,,,,,,,,,,,
O4522,0,0,0,0,0,0,0,0,0,0,0,1,1,0,0,0,0,0,0,0,,,,,,,,,,,,,,,,,,,,,,1,,,,,,,,,,,,,,
O4523,0,0,0,0,0,0,0,0,0,0,0,1,1,0,0,0,0,0,0,0,,,,,,,,,,,,,,,,,,,,,,1,,,,,,,,,,,,,,
O4524,0,0,0,0,0,0,0,0,0,0,0,1,1,0,0,0,0,0,0,0,,,,,,,,,,,,,,,,,,,,,,1,,,,,,,,,,,,,,
O4525,0,0,0,0,0,0,0,0,0,0,0,1,1,0,0,0,0,0,0,0,,,,,,,,,,,,,,,,,,,,,,1,,,,,,,,,,,,,,
O4526,0,0,0,0,0,0,0,0,0,0,0,1,1,0,0,0,0,0,0,0,,,,,,,,,,,,,,,,,,,,,,1,,,,,,,,,,,,,,
O4527,0,0,0,0,0,0,0,0,0,0,0,1,1,0,0,0,0,0,0,0,,,,,,,,,,,,,,,,,,,,,,1,,,,,,,,,,,,,,
O4528,0,0,0,0,0,0,0,0,0,0,0,1,1,0,0,0,0,0,0,0,,,,,,,,,,,,,,,,,,,,,,1,,,,,,,,,,,,,,
O4529,0,0,0,0,0,0,0,0,0,0,0,1,1,0,0,0,0,0,0,0,,,,,,,,,,,,,,,,,,,,,,1,,,,,,,,,,,,,,
O4530,0,0,0,0,0,0,0,0,0,0,0,1,1,0,0,0,0,0,0,0,,,,,,,,,,,,,,,,,,,,,,1,,,,,,,,,,,,,,
O4531,0,0,0,0,0,0,0,0,0,0,0,1,1,0,0,0,0,0,0,0,,,,,,,,,,,,,,,,,,,,,,1,,,,,,,,,,,,,,
O4532,0,0,0,0,0,0,0,0,0,0,0,1,1,0,0,0,0,0,0,0,,,,,,,,,,,,,,,,,,,,,,1,,,,,,,,,,,,,,
O4533,0,0,0,0,0,0,0,0,0,0,0,1,1,0,0,0,0,0,0,0,,,,,,,,,,,,,,,,,,,,,,1,,,,,,,,,,,,,,
O4534,0,0,0,0,0,0,0,0,0,0,0,1,1,0,0,0,0,0,0,0,,,,,,,,,,,,,,,,,,,,,,1,,,,,,,,,,,,,,
O4535,0,0,0,0,0,0,0,0,0,0,0,1,1,0,0,0,0,0,0,0,,,,,,,,,,,,,,,,,,,,,,1,,,,,,,,,,,,,,
O4536,0,0,0,0,0,0,0,0,0,0,0,1,1,0,0,0,0,0,0,0,,,,,,,,,,,,,,,,,,,,,,1,,,,,,,,,,,,,,
O4537,0,0,0,0,0,0,0,0,0,0,0,1,1,0,0,0,0,0,0,0,,,,,,,,,,,,,,,,,,,,,,1,,,,,,,,,,,,,,
O4538,0,0,0,0,0,0,0,0,0,0,0,1,1,0,0,0,0,0,0,0,,,,,,,,,,,,,,,,,,,,,,1,,,,,,,,,,,,,,
O4539,0,0,0,0,0,0,0,0,0,0,0,1,1,0,0,0,0,0,0,0,,,,,,,,,,,,,,,,,,,,,,1,,,,,,,,,,,,,,
O4540,0,0,0,0,0,0,0,0,0,0,0,1,1,0,0,0,0,0,0,0,,,,,,,,,,,,,,,,,,,,,,1,,,,,,,,,,,,,,
O4541,0,0,0,0,0,0,0,0,0,0,0,1,1,0,0,0,0,0,0,0,,,,,,,,,,,,,,,,,,,,,,1,,,,,,,,,,,,,,
O4542,0,0,0,0,0,0,0,0,0,0,0,1,1,0,0,0,0,0,0,0,,,,,,,,,,,,,,,,,,,,,,1,,,,,,,,,,,,,,
O4543,0,0,0,0,0,0,0,0,0,0,0,1,1,0,0,0,0,0,0,0,,,,,,,,,,,,,,,,,,,,,,1,,,,,,,,,,,,,,
O4544,0,0,0,0,0,0,0,0,0,0,0,1,1,0,0,0,0,0,0,0,,,,,,,,,,,,,,,,,,,,,,1,,,,,,,,,,,,,,
O4545,0,0,0,0,0,0,0,0,0,0,0,1,1,0,0,0,0,0,0,0,,,,,,,,,,,,,,,,,,,,,,1,,,,,,,,,,,,,,
O4546,0,0,0,0,0,0,0,0,0,0,0,1,1,0,0,0,0,0,0,0,,,,,,,,,,,,,,,,,,,,,,1,,,,,,,,,,,,,,
O4547,0,0,0,0,0,0,0,0,0,0,0,1,1,0,0,0,0,0,0,0,,,,,,,,,,,,,,,,,,,,,,1,,,,,,,,,,,,,,
O4548,0,0,0,0,0,0,0,0,0,0,0,1,1,0,0,0,0,0,0,0,,,,,,,,,,,,,,,,,,,,,,1,,,,,,,,,,,,,,
O4549,0,0,0,0,0,0,0,0,0,0,0,1,1,0,0,0,0,0,0,0,,,,,,,,,,,,,,,,,,,,,,1,,,,,,,,,,,,,,
O4550,0,0,0,0,0,0,0,0,0,0,0,1,1,0,0,0,0,0,0,0,,,,,,,,,,,,,,,,,,,,,,1,,,,,,,,,,,,,,
O4551,0,0,0,0,0,0,0,0,0,0,0,1,1,0,0,0,0,0,0,0,,,,,,,,,,,,,,,,,,,,,,1,,,,,,,,,,,,,,
O4552,0,0,0,0,0,0,0,0,0,0,0,1,1,0,0,0,0,0,0,0,,,,,,,,,,,,,,,,,,,,,,1,,,,,,,,,,,,,,
O4553,0,0,0,0,0,0,0,0,0,0,0,1,1,0,0,0,0,0,0,0,,,,,,,,,,,,,,,,,,,,,,1,,,,,,,,,,,,,,
O4554,0,0,0,0,0,0,0,0,0,0,0,1,0,0,0,0,0,0,0,0,,,,,,,,,,,,,,,,,,,,,,,,,,,,,,,,,,,,
O4555,0,0,0,0,0,0,0,0,0,0,0,1,0,0,0,0,0,0,0,0,,,,,,,,,,,,,,,,,,,,,,,,,,,,,,,,,,,,
O4556,0,0,0,0,0,0,0,0,0,0,0,1,0,0,0,0,0,0,0,0,,,,,,,,,,,,,,,,,,,,,,,,,,,,,,,,,,,,
O4557,0,0,0,0,0,0,0,0,0,0,0,1,0,0,0,0,0,0,0,0,,,,,,,,,,,,,,,,,,,,,,,,,,,,,,,,,,,,
O4558,0,0,0,0,0,0,0,0,0,0,0,1,0,0,0,0,0,0,0,0,,,,,,,,,,,,,,,,,,,,,,,,,,,,,,,,,,,,
O4559,0,0,0,0,0,0,0,0,0,0,0,1,0,0,0,0,0,0,0,0,,,,,,,,,,,,,,,,,,,,,,,,,,,,,,,,,,,,
O4560,0,0,0,0,0,0,0,0,0,0,0,1,0,0,0,0,0,0,0,0,,,,,,,,,,,,,,,,,,,,,,,,,,,,,,,,,,,,
O4561,0,0,0,0,0,0,0,0,0,0,0,1,0,0,0,0,0,0,0,0,,,,,,,,,,,,,,,,,,,,,,,,,,,,,,,,,,,,
O4562,0,0,0,0,0,0,0,0,0,0,0,1,0,0,0,0,0,0,0,0,,,,,,,,,,,,,,,,,,,,,,,,,,,,,,,,,,,,
O4563,0,0,0,0,0,0,0,0,0,0,0,1,0,0,0,0,0,0,0,0,,,,,,,,,,,,,,,,,,,,,,,,,,,,,,,,,,,,
O4564,0,0,0,0,0,0,0,0,0,0,0,1,0,0,0,0,0,0,0,0,,,,,,,,,,,,,,,,,,,,,,,,,,,,,,,,,,,,
O4565,0,0,0,0,0,0,0,0,0,0,0,1,0,0,0,0,0,0,0,0,,,,,,,,,,,,,,,,,,,,,,,,,,,,,,,,,,,,
O4566,0,0,0,0,0,0,0,0,0,0,0,1,0,0,0,0,0,0,0,0,,,,,,,,,,,,,,,,,,,,,,,,,,,,,,,,,,,,
O4567,0,0,0,0,0,0,0,0,0,0,0,1,0,0,0,0,0,0,0,0,,,,,,,,,,,,,,,,,,,,,,,,,,,,,,,,,,,,
O4568,0,0,0,0,0,0,0,0,0,0,0,1,0,0,0,0,0,0,0,0,,,,,,,,,,,,,,,,,,,,,,,,,,,,,,,,,,,,
O4569,0,0,0,0,0,0,0,0,0,0,0,1,0,0,0,0,0,0,0,0,,,,,,,,,,,,,,,,,,,,,,,,,,,,,,,,,,,,
O4570,0,0,0,0,0,0,0,0,0,0,0,1,0,0,0,0,0,0,0,0,,,,,,,,,,,,,,,,,,,,,,,,,,,,,,,,,,,,
O4571,0,0,0,0,0,0,0,0,0,0,0,1,0,0,0,0,0,0,0,0,,,,,,,,,,,,,,,,,,,,,,,,,,,,,,,,,,,,
O4572,0,0,0,0,0,0,0,0,0,0,0,1,0,0,0,0,0,0,0,0,,,,,,,,,,,,,,,,,,,,,,,,,,,,,,,,,,,,
O4573,0,0,0,0,0,0,0,0,0,0,0,1,0,0,0,0,0,0,0,0,,,,,,,,,,,,,,,,,,,,,,,,,,,,,,,,,,,,
O4574,0,0,0,0,0,0,0,0,0,0,0,1,0,0,0,0,0,0,0,0,,,,,,,,,,,,,,,,,,,,,,,,,,,,,,,,,,,,
O4575,0,0,0,0,0,0,0,0,0,0,0,1,0,0,0,0,0,0,0,0,,,,,,,,,,,,,,,,,,,,,,,,,,,,,,,,,,,,
O4576,0,0,0,0,0,0,0,0,0,0,0,1,0,0,0,0,0,0,0,0,,,,,,,,,,,,,,,,,,,,,,,,,,,,,,,,,,,,
O4577,0,0,0,0,0,0,0,0,0,0,0,1,0,0,0,0,0,0,0,0,,,,,,,,,,,,,,,,,,,,,,,,,,,,,,,,,,,,
O4578,0,0,0,0,0,0,0,0,0,0,0,1,0,0,0,0,0,0,0,0,,,,,,,,,,,,,,,,,,,,,,,,,,,,,,,,,,,,
O4579,0,0,0,0,0,0,0,0,0,0,0,1,0,0,0,0,0,0,0,0,,,,,,,,,,,,,,,,,,,,,,,,,,,,,,,,,,,,
O4580,0,0,0,0,0,0,0,0,0,0,0,1,0,0,0,0,0,0,0,0,,,,,,,,,,,,,,,,,,,,,,,,,,,,,,,,,,,,
O4581,0,0,0,0,0,0,0,0,0,0,0,1,0,0,0,0,0,0,0,0,,,,,,,,,,,,,,,,,,,,,,,,,,,,,,,,,,,,
O4582,0,0,0,0,0,0,0,0,0,0,0,1,0,0,0,0,0,0,0,0,,,,,,,,,,,,,,,,,,,,,,,,,,,,,,,,,,,,
O4583,0,0,0,0,0,0,0,0,0,0,0,1,0,0,0,0,0,0,0,0,,,,,,,,,,,,,,,,,,,,,,,,,,,,,,,,,,,,
O4584,0,0,0,0,0,0,0,0,0,0,0,1,0,0,0,0,0,0,0,0,,,,,,,,,,,,,,,,,,,,,,,,,,,,,,,,,,,,
O4585,0,0,0,0,0,0,0,0,0,0,0,1,0,0,0,0,0,0,0,0,,,,,,,,,,,,,,,,,,,,,,,,,,,,,,,,,,,,
O4586,0,0,0,0,0,0,0,0,0,0,0,1,0,0,0,0,0,0,0,0,,,,,,,,,,,,,,,,,,,,,,,,,,,,,,,,,,,,
O4587,0,0,0,0,0,0,0,0,0,0,0,1,0,0,0,0,0,0,0,0,,,,,,,,,,,,,,,,,,,,,,,,,,,,,,,,,,,,
O4588,0,0,0,0,0,0,0,0,0,0,0,1,0,0,0,0,0,0,0,0,,,,,,,,,,,,,,,,,,,,,,,,,,,,,,,,,,,,
O4589,0,0,0,0,0,0,0,0,0,0,0,1,0,0,0,0,0,0,0,0,,,,,,,,,,,,,,,,,,,,,,,,,,,,,,,,,,,,
O4590,0,0,0,0,0,0,0,0,0,0,0,1,0,0,0,0,0,0,0,0,,,,,,,,,,,,,,,,,,,,,,,,,,,,,,,,,,,,
O4591,0,0,0,0,0,0,0,0,0,0,0,1,0,0,0,0,0,0,0,0,,,,,,,,,,,,,,,,,,,,,,,,,,,,,,,,,,,,
O4592,0,0,0,0,0,0,0,0,0,0,0,1,0,0,0,0,0,0,0,0,,,,,,,,,,,,,,,,,,,,,,,,,,,,,,,,,,,,
O4593,0,0,0,0,0,0,0,0,0,0,0,1,0,1,0,0,0,0,0,0,,,,,,,,,,,,,,,,,,,,,,,1,,,,,,,,,,,,,
O4594,0,0,0,0,0,0,0,0,0,0,0,1,0,1,0,0,0,0,0,0,,,,,,,,,,,,,,,,,,,,,,,1,,,,,,,,,,,,,
O4595,0,0,0,0,0,0,0,0,0,0,0,1,0,1,0,0,0,0,0,0,,,,,,,,,,,,,,,,,,,,,,,1,,,,,,,,,,,,,
O4596,0,0,0,0,0,0,0,0,0,0,0,1,0,1,0,0,0,0,0,0,,,,,,,,,,,,,,,,,,,,,,,1,,,,,,,,,,,,,
O4597,0,0,0,0,0,0,0,0,0,0,0,1,0,1,0,0,0,0,0,0,,,,,,,,,,,,,,,,,,,,,,,1,,,,,,,,,,,,,
O4598,0,0,0,0,0,0,0,0,0,0,0,1,0,1,0,0,0,0,0,0,,,,,,,,,,,,,,,,,,,,,,,1,,,,,,,,,,,,,
O4599,0,0,0,0,0,0,0,0,0,0,0,1,0,1,0,0,0,0,0,0,,,,,,,,,,,,,,,,,,,,,,,1,,,,,,,,,,,,,
O4600,0,0,0,0,0,0,0,0,0,0,0,1,0,1,0,0,0,0,0,0,,,,,,,,,,,,,,,,,,,,,,,1,,,,,,,,,,,,,
O4601,0,0,0,0,0,0,0,0,0,0,0,1,0,1,0,0,0,0,0,0,,,,,,,,,,,,,,,,,,,,,,,1,,,,,,,,,,,,,
O4602,0,0,0,0,0,0,0,0,0,0,0,1,0,1,0,0,0,0,0,0,,,,,,,,,,,,,,,,,,,,,,,1,,,,,,,,,,,,,
O4603,0,0,0,0,0,0,0,0,0,0,0,1,0,1,0,0,0,0,0,0,,,,,,,,,,,,,,,,,,,,,,,1,,,,,,,,,,,,,
O4604,0,0,0,0,0,0,0,0,0,0,0,1,0,1,0,0,0,0,0,0,,,,,,,,,,,,,,,,,,,,,,,1,,,,,,,,,,,,,
O4605,0,0,0,0,0,0,0,0,0,0,0,1,0,1,0,0,0,0,0,0,,,,,,,,,,,,,,,,,,,,,,,1,,,,,,,,,,,,,
O4606,0,0,0,0,0,0,0,0,0,0,0,1,0,1,0,0,0,0,0,0,,,,,,,,,,,,,,,,,,,,,,,1,,,,,,,,,,,,,
O4607,0,0,0,0,0,0,0,0,0,0,0,1,1,0,0,1,0,0,0,0,,,,,,,,,,,,,,,,,,,,,,1,,,,,,,,,,,,,,
O4608,0,0,0,0,0,0,0,0,0,0,0,1,1,0,0,1,0,0,0,0,,,,,,,,,,,,,,,,,,,,,,1,,,,,,,,,,,,,,
O4609,0,0,0,0,0,0,0,0,0,0,0,1,1,0,0,1,0,0,0,0,,,,,,,,,,,,,,,,,,,,,,1,,,,,,,,,,,,,,
O4610,0,0,0,0,0,0,0,0,0,0,0,1,1,0,0,1,0,0,0,0,,,,,,,,,,,,,,,,,,,,,,1,,,,,,,,,,,,,,
O4611,0,0,0,0,0,0,0,0,0,0,0,1,1,0,0,1,0,0,0,0,,,,,,,,,,,,,,,,,,,,,,1,,,,,,,,,,,,,,
O4612,0,0,0,0,0,0,0,0,0,0,0,1,1,0,0,1,0,0,0,0,,,,,,,,,,,,,,,,,,,,,,1,,,,,,,,,,,,,,
O4613,0,0,0,0,0,0,0,0,0,0,0,1,1,0,0,1,0,0,0,0,,,,,,,,,,,,,,,,,,,,,,1,,,,,,,,,,,,,,
O4614,0,0,0,0,0,0,0,0,0,0,0,1,1,0,0,1,0,0,0,0,,,,,,,,,,,,,,,,,,,,,,1,,,,,,,,,,,,,,
O4615,0,0,0,0,0,0,0,0,0,0,0,1,1,0,0,1,0,0,0,0,,,,,,,,,,,,,,,,,,,,,,1,,,,,,,,,,,,,,
O4616,0,0,0,0,0,0,0,0,0,0,0,1,1,0,0,1,0,0,0,0,,,,,,,,,,,,,,,,,,,,,,1,,,,,,,,,,,,,,
O4617,0,0,0,0,0,0,0,0,0,0,0,1,1,0,0,1,0,0,0,0,,,,,,,,,,,,,,,,,,,,,,1,,,,,,,,,,,,,,
O4618,0,0,0,0,0,0,0,0,0,0,0,1,1,0,0,1,0,0,0,0,,,,,,,,,,,,,,,,,,,,,,1,,,,,,,,,,,,,,
O4619,0,0,0,0,0,0,0,0,0,0,0,1,1,0,0,1,0,0,0,0,,,,,,,,,,,,,,,,,,,,,,1,,,,,,,,,,,,,,
O4620,0,0,0,0,0,0,0,0,0,0,0,1,0,0,0,0,0,0,0,0,,,,,,,,,,,,,,,,,,,,,,,,,,,,,,,,,,,,
O4621,0,0,0,0,0,0,0,0,0,0,0,1,0,0,0,0,0,0,0,0,,,,,,,,,,,,,,,,,,,,,,,,,,,,,,,,,,,,
O4622,0,0,0,0,0,0,0,0,0,0,0,1,0,0,0,0,0,0,0,0,,,,,,,,,,,,,,,,,,,,,,,,,,,,,,,,,,,,
O4623,0,0,0,0,0,0,0,0,0,0,0,1,0,0,0,0,0,0,0,0,,,,,,,,,,,,,,,,,,,,,,,,,,,,,,,,,,,,
O4624,0,0,0,0,0,0,0,0,0,0,0,1,0,0,0,0,0,0,0,0,,,,,,,,,,,,,,,,,,,,,,,,,,,,,,,,,,,,
O4625,0,0,0,0,0,0,0,0,0,0,0,1,0,0,0,0,0,0,0,0,,,,,,,,,,,,,,,,,,,,,,,,,,,,,,,,,,,,
O4626,0,0,0,0,0,0,0,0,0,0,0,1,0,0,0,0,0,0,0,0,,,,,,,,,,,,,,,,,,,,,,,,,,,,,,,,,,,,
O4627,0,0,0,0,0,0,0,0,0,0,0,1,0,0,0,0,0,0,0,0,,,,,,,,,,,,,,,,,,,,,,,,,,,,,,,,,,,,
O4628,0,0,0,0,0,0,0,0,0,0,0,1,0,0,0,0,0,0,0,0,,,,,,,,,,,,,,,,,,,,,,,,,,,,,,,,,,,,
O4629,0,0,0,0,0,0,0,0,0,0,0,1,0,0,0,0,0,0,0,0,,,,,,,,,,,,,,,,,,,,,,,,,,,,,,,,,,,,
O4630,0,0,0,0,0,0,0,0,0,0,0,1,0,0,0,0,0,0,0,0,,,,,,,,,,,,,,,,,,,,,,,,,,,,,,,,,,,,
O4631,0,0,0,0,0,0,0,0,0,0,0,1,0,0,0,0,0,0,0,0,,,,,,,,,,,,,,,,,,,,,,,,,,,,,,,,,,,,
O4632,0,0,0,0,0,0,0,0,0,0,0,1,0,0,0,0,0,0,0,0,,,,,,,,,,,,,,,,,,,,,,,,,,,,,,,,,,,,
O4633,0,0,0,0,0,0,0,0,0,0,0,1,0,0,0,0,0,0,0,0,,,,,,,,,,,,,,,,,,,,,,,,,,,,,,,,,,,,
O4634,0,0,0,0,0,0,0,0,0,0,0,1,0,0,0,0,0,0,0,0,,,,,,,,,,,,,,,,,,,,,,,,,,,,,,,,,,,,
O4635,0,0,0,0,0,0,0,0,0,0,0,1,0,0,0,0,0,0,0,0,,,,,,,,,,,,,,,,,,,,,,,,,,,,,,,,,,,,
OB3422,0,0,0,0,0,0,0,0,0,0,0,1,0,0,0,0,0,0,0,0,,,,,,,,,,,,,,,,,,,,,,,,,,,,,,,,,,,,
OB3423,0,0,0,0,0,0,0,0,0,0,0,1,0,0,0,0,0,0,0,0,,,,,,,,,,,,,,,,,,,,,,,,,,,,,,,,,,,,
OB3424,0,0,0,0,0,0,0,0,0,0,0,1,0,0,0,0,0,0,0,0,,,,,,,,,,,,,,,,,,,,,,,,,,,,,,,,,,,,
OB3425,0,0,0,0,0,0,0,0,0,0,0,1,0,0,0,0,0,0,0,0,,,,,,,,,,,,,,,,,,,,,,,,,,,,,,,,,,,,
OB3426,0,0,0,0,0,0,0,0,0,0,0,1,0,0,0,0,0,0,0,0,,,,,,,,,,,,,,,,,,,,,,,,,,,,,,,,,,,,
OB3427,0,0,0,0,0,0,0,0,0,0,0,1,0,0,0,0,0,0,0,0,,,,,,,,,,,,,,,,,,,,,,,,,,,,,,,,,,,,
OB3428,0,0,0,0,0,0,0,0,0,0,0,1,0,0,0,0,0,0,0,0,,,,,,,,,,,,,,,,,,,,,,,,,,,,,,,,,,,,
OB3429,0,0,0,0,0,0,0,0,0,0,0,1,0,0,0,0,0,0,0,0,,,,,,,,,,,,,,,,,,,,,,,,,,,,,,,,,,,,
OB3430,0,0,0,0,0,0,0,0,0,0,0,1,0,0,0,0,0,0,0,0,,,,,,,,,,,,,,,,,,,,,,,,,,,,,,,,,,,,
OB3431,0,0,0,0,0,0,0,0,0,0,0,1,0,0,0,0,0,0,0,0,,,,,,,,,,,,,,,,,,,,,,,,,,,,,,,,,,,,
OB3432,0,0,0,0,0,0,0,0,0,0,0,1,0,0,0,0,0,0,0,0,,,,,,,,,,,,,,,,,,,,,,,,,,,,,,,,,,,,
OB3433,0,0,0,0,0,0,0,0,0,0,0,1,0,0,0,0,0,0,0,0,,,,,,,,,,,,,,,,,,,,,,,,,,,,,,,,,,,,
OB3434,0,0,0,0,0,0,0,0,0,0,0,1,0,0,0,0,0,0,0,0,,,,,,,,,,,,,,,,,,,,,,,,,,,,,,,,,,,,
OB3435,0,0,0,0,0,0,0,0,0,0,0,1,0,0,0,0,0,0,0,0,,,,,,,,,,,,,,,,,,,,,,,,,,,,,,,,,,,,
OB3436,0,0,0,0,0,0,0,0,0,0,0,1,0,0,0,0,0,0,0,0,,,,,,,,,,,,,,,,,,,,,,,,,,,,,,,,,,,,
OB3437,0,0,0,0,0,0,0,0,0,0,0,1,0,0,0,0,0,0,0,0,,,,,,,,,,,,,,,,,,,,,,,,,,,,,,,,,,,,
OB3438,0,0,0,0,0,0,0,0,0,0,0,1,0,0,0,0,0,0,0,0,,,,,,,,,,,,,,,,,,,,,,,,,,,,,,,,,,,,
OB3439,0,0,0,0,0,0,0,0,0,0,0,1,0,0,0,0,0,0,0,0,,,,,,,,,,,,,,,,,,,,,,,,,,,,,,,,,,,,
OB3440,0,0,0,0,0,0,0,0,0,0,0,1,1,0,0,0,0,0,0,0,,,,,,,,,,,,,,,,,,,,,,1,,,,,,,,,,,,,,
OB3441,0,0,0,0,0,0,0,0,0,0,0,1,1,0,0,0,0,0,0,0,,,,,,,,,,,,,,,,,,,,,,1,,,,,,,,,,,,,,
OB3442,0,0,0,0,0,0,0,0,0,0,0,1,1,0,0,0,0,0,0,0,,,,,,,,,,,,,,,,,,,,,,1,,,,,,,,,,,,,,
OB3443,0,0,0,0,0,0,0,0,0,0,0,1,1,0,0,0,0,0,0,0,,,,,,,,,,,,,,,,,,,,,,1,,,,,,,,,,,,,,
OB3444,0,0,0,0,0,0,0,0,0,0,0,1,1,0,0,0,0,0,0,0,,,,,,,,,,,,,,,,,,,,,,1,,,,,,,,,,,,,,
OB3445,0,0,0,0,0,0,0,0,0,0,0,1,1,0,0,0,0,0,0,0,,,,,,,,,,,,,,,,,,,,,,1,,,,,,,,,,,,,,
OB3446,0,0,0,0,0,0,0,0,0,0,0,1,1,0,0,0,0,0,0,0,,,,,,,,,,,,,,,,,,,,,,1,,,,,,,,,,,,,,
OB3447,0,0,0,0,0,0,0,0,0,0,0,1,1,0,0,0,0,0,0,0,,,,,,,,,,,,,,,,,,,,,,1,,,,,,,,,,,,,,
OB3448,0,0,0,0,0,0,0,0,0,0,0,1,1,0,0,0,0,0,0,0,,,,,,,,,,,,,,,,,,,,,,1,,,,,,,,,,,,,,
OB3449,0,0,0,0,0,0,0,0,0,0,0,1,1,0,0,0,0,0,0,0,,,,,,,,,,,,,,,,,,,,,,1,,,,,,,,,,,,,,
OB3450,0,0,0,0,0,0,0,0,0,0,0,1,1,0,0,0,0,0,0,0,,,,,,,,,,,,,,,,,,,,,,1,,,,,,,,,,,,,,
OB3451,0,0,0,0,0,0,0,0,0,0,0,1,1,0,0,0,0,0,0,0,,,,,,,,,,,,,,,,,,,,,,1,,,,,,,,,,,,,,
OB3452,0,0,0,0,0,0,0,0,0,0,0,1,1,0,0,0,0,0,0,0,,,,,,,,,,,,,,,,,,,,,,1,,,,,,,,,,,,,,
OB3453,0,0,0,0,0,0,0,0,0,0,0,1,1,0,0,0,0,0,0,0,,,,,,,,,,,,,,,,,,,,,,1,,,,,,,,,,,,,,
OB3454,0,0,0,0,0,0,0,0,0,0,0,1,1,0,0,0,0,0,0,0,,,,,,,,,,,,,,,,,,,,,,1,,,,,,,,,,,,,,
OB3455,0,0,0,0,0,0,0,0,0,0,0,1,1,0,0,0,0,0,0,0,,,,,,,,,,,,,,,,,,,,,,1,,,,,,,,,,,,,,
OB3456,0,0,0,0,0,0,0,0,0,0,0,1,1,0,0,0,0,0,0,0,,,,,,,,,,,,,,,,,,,,,,1,,,,,,,,,,,,,,
OB3457,0,0,0,0,0,0,0,0,0,0,0,1,1,0,0,0,0,0,0,0,,,,,,,,,,,,,,,,,,,,,,1,,,,,,,,,,,,,,
OB3458,0,0,0,0,0,0,0,0,0,0,0,1,1,0,0,0,0,0,0,0,,,,,,,,,,,,,,,,,,,,,,1,,,,,,,,,,,,,,
OB3459,0,0,0,0,0,0,0,0,0,0,0,1,1,0,0,0,0,0,0,0,,,,,,,,,,,,,,,,,,,,,,1,,,,,,,,,,,,,,
OB3460,0,0,0,0,0,0,0,0,0,0,0,1,1,0,0,0,0,0,0,0,,,,,,,,,,,,,,,,,,,,,,1,,,,,,,,,,,,,,
OB3461,0,0,0,0,0,0,0,0,0,0,0,1,1,0,0,0,0,0,0,0,,,,,,,,,,,,,,,,,,,,,,1,,,,,,,,,,,,,,
OB3462,0,0,0,0,0,0,0,0,0,0,0,1,1,0,0,0,0,0,0,0,,,,,,,,,,,,,,,,,,,,,,1,,,,,,,,,,,,,,
OB3463,0,0,0,0,0,0,0,0,0,0,0,1,1,0,0,0,0,0,0,0,,,,,,,,,,,,,,,,,,,,,,1,,,,,,,,,,,,,,
OB3464,0,0,0,0,0,0,0,0,0,0,0,1,1,0,0,0,0,0,0,0,,,,,,,,,,,,,,,,,,,,,,1,,,,,,,,,,,,,,
OB3465,0,0,0,0,0,0,0,0,0,0,0,1,1,0,0,0,0,0,0,0,,,,,,,,,,,,,,,,,,,,,,1,,,,,,,,,,,,,,
OB3466,0,0,0,0,0,0,0,0,0,0,0,1,1,0,0,0,0,0,0,0,,,,,,,,,,,,,,,,,,,,,,1,,,,,,,,,,,,,,
OB3467,0,0,0,0,0,0,0,0,0,0,0,1,1,0,0,0,0,0,0,0,,,,,,,,,,,,,,,,,,,,,,1,,,,,,,,,,,,,,
OB3468,0,0,0,0,0,0,0,0,0,0,0,1,1,0,0,0,0,0,0,0,,,,,,,,,,,,,,,,,,,,,,1,,,,,,,,,,,,,,
OB3469,0,0,0,0,0,0,0,0,0,0,0,1,1,0,0,0,0,0,0,0,,,,,,,,,,,,,,,,,,,,,,1,,,,,,,,,,,,,,
OB3470,0,0,0,0,0,0,0,0,0,0,0,1,1,0,0,0,0,0,0,0,,,,,,,,,,,,,,,,,,,,,,1,,,,,,,,,,,,,,
OB3471,0,0,0,0,0,0,0,0,0,0,0,1,1,0,0,0,0,0,0,0,,,,,,,,,,,,,,,,,,,,,,1,,,,,,,,,,,,,,
OB3472,0,0,0,0,0,0,0,0,0,0,0,1,1,0,0,0,0,0,0,0,,,,,,,,,,,,,,,,,,,,,,1,,,,,,,,,,,,,,
OB3473,0,0,0,0,0,0,0,0,0,0,0,1,1,0,0,0,0,0,0,0,,,,,,,,,,,,,,,,,,,,,,1,,,,,,,,,,,,,,
OB3474,0,0,0,0,0,0,0,0,0,0,0,1,1,0,0,0,0,0,0,0,,,,,,,,,,,,,,,,,,,,,,1,,,,,,,,,,,,,,
OB3475,0,0,0,0,0,0,0,0,0,0,0,1,1,0,0,0,0,0,0,0,,,,,,,,,,,,,,,,,,,,,,1,,,,,,,,,,,,,,
OB3476,0,0,0,0,0,0,0,0,0,0,0,1,1,0,0,0,0,0,0,0,,,,,,,,,,,,,,,,,,,,,,1,,,,,,,,,,,,,,
OB3477,0,0,0,0,0,0,0,0,0,0,0,1,1,0,0,0,0,0,0,0,,,,,,,,,,,,,,,,,,,,,,1,,,,,,,,,,,,,,
OB3478,0,0,0,0,0,0,0,0,0,0,0,1,1,0,0,0,0,0,0,0,,,,,,,,,,,,,,,,,,,,,,1,,,,,,,,,,,,,,
OB3479,0,0,0,0,0,0,0,0,0,0,0,1,1,0,0,0,0,0,0,0,,,,,,,,,,,,,,,,,,,,,,1,,,,,,,,,,,,,,
OB3480,0,0,0,0,0,0,0,0,0,0,0,1,1,0,0,0,0,0,0,0,,,,,,,,,,,,,,,,,,,,,,1,,,,,,,,,,,,,,
OB3481,0,0,0,0,0,0,0,0,0,0,0,1,1,0,0,0,0,0,0,0,,,,,,,,,,,,,,,,,,,,,,1,,,,,,,,,,,,,,
OB3482,0,0,0,0,0,0,0,0,0,0,0,1,1,0,0,0,0,0,0,0,,,,,,,,,,,,,,,,,,,,,,1,,,,,,,,,,,,,,
OB3483,0,0,0,0,0,0,0,0,0,0,0,1,1,0,0,0,0,0,0,0,,,,,,,,,,,,,,,,,,,,,,1,,,,,,,,,,,,,,
OB3484,0,0,0,0,0,0,0,0,0,0,0,1,1,0,0,0,0,0,0,0,,,,,,,,,,,,,,,,,,,,,,1,,,,,,,,,,,,,,
OB3485,0,0,0,0,0,0,0,0,0,0,0,1,1,0,0,0,0,0,0,0,,,,,,,,,,,,,,,,,,,,,,1,,,,,,,,,,,,,,
OB3486,0,0,0,0,0,0,0,0,0,0,0,1,1,0,0,0,0,0,0,0,,,,,,,,,,,,,,,,,,,,,,1,,,,,,,,,,,,,,
OB3487,0,0,0,0,0,0,0,0,0,0,0,1,1,0,0,0,0,0,0,0,,,,,,,,,,,,,,,,,,,,,,1,,,,,,,,,,,,,,
OB3488,0,0,0,0,0,0,0,0,0,0,0,1,1,0,0,0,0,0,0,0,,,,,,,,,,,,,,,,,,,,,,1,,,,,,,,,,,,,,
OB3489,0,0,0,0,0,0,0,0,0,0,0,1,1,0,0,0,0,0,0,0,,,,,,,,,,,,,,,,,,,,,,1,,,,,,,,,,,,,,
OB3490,0,0,0,0,0,0,0,0,0,0,0,1,1,0,0,0,0,0,0,0,,,,,,,,,,,,,,,,,,,,,,1,,,,,,,,,,,,,,
OB3491,0,0,0,0,0,0,0,0,0,0,0,1,1,0,0,0,0,0,0,0,,,,,,,,,,,,,,,,,,,,,,1,,,,,,,,,,,,,,
OB3492,0,0,0,0,0,0,0,0,0,0,0,1,1,0,0,0,0,0,0,0,,,,,,,,,,,,,,,,,,,,,,1,,,,,,,,,,,,,,
OB3493,0,0,0,0,0,0,0,0,0,0,0,1,1,0,0,0,0,0,0,0,,,,,,,,,,,,,,,,,,,,,,1,,,,,,,,,,,,,,
OB3494,0,0,0,0,0,0,0,0,0,0,0,1,1,0,0,0,0,0,0,0,,,,,,,,,,,,,,,,,,,,,,1,,,,,,,,,,,,,,
OB3495,0,0,0,0,0,0,0,0,0,0,0,1,1,0,0,0,0,0,0,0,,,,,,,,,,,,,,,,,,,,,,1,,,,,,,,,,,,,,
OB3496,0,0,0,0,0,0,0,0,0,0,0,1,1,0,0,0,0,0,0,0,,,,,,,,,,,,,,,,,,,,,,1,,,,,,,,,,,,,,
OB3497,0,0,0,0,0,0,0,0,0,0,0,1,1,0,0,0,0,0,0,0,,,,,,,,,,,,,,,,,,,,,,1,,,,,,,,,,,,,,
OB3498,0,0,0,0,0,0,0,0,0,0,0,1,1,0,0,0,0,0,0,0,,,,,,,,,,,,,,,,,,,,,,1,,,,,,,,,,,,,,
OB3499,0,0,0,0,0,0,0,0,0,0,0,1,1,0,0,0,0,0,0,0,,,,,,,,,,,,,,,,,,,,,,1,,,,,,,,,,,,,,
OB3500,0,0,0,0,0,0,0,0,0,0,0,1,1,0,0,0,0,0,0,0,,,,,,,,,,,,,,,,,,,,,,1,,,,,,,,,,,,,,
OB3501,0,0,0,0,0,0,0,0,0,0,0,1,1,0,0,0,0,0,0,0,,,,,,,,,,,,,,,,,,,,,,1,,,,,,,,,,,,,,
OB3502,0,0,0,0,0,0,0,0,0,0,0,1,1,0,0,0,0,0,0,0,,,,,,,,,,,,,,,,,,,,,,1,,,,,,,,,,,,,,
OB3503,0,0,0,0,0,0,0,0,0,0,0,1,1,0,0,0,0,0,0,0,,,,,,,,,,,,,,,,,,,,,,1,,,,,,,,,,,,,,
OB3504,0,0,0,0,0,0,0,0,0,0,0,1,0,0,0,0,0,0,0,0,,,,,,,,,,,,,,,,,,,,,,,,,,,,,,,,,,,,
OB3505,0,0,0,0,0,0,0,0,0,0,0,1,0,0,0,0,0,0,0,0,,,,,,,,,,,,,,,,,,,,,,,,,,,,,,,,,,,,
OB3506,0,0,0,0,0,0,0,0,0,0,0,1,0,0,0,0,0,0,0,0,,,,,,,,,,,,,,,,,,,,,,,,,,,,,,,,,,,,
OB3507,0,0,0,0,0,0,0,0,0,0,0,1,0,0,0,0,0,0,0,0,,,,,,,,,,,,,,,,,,,,,,,,,,,,,,,,,,,,
OB3508,0,0,0,0,0,0,0,0,0,0,0,1,0,0,0,0,0,0,0,0,,,,,,,,,,,,,,,,,,,,,,,,,,,,,,,,,,,,
OB3509,0,0,0,0,0,0,0,0,0,0,0,1,0,0,0,0,0,0,0,0,,,,,,,,,,,,,,,,,,,,,,,,,,,,,,,,,,,,
OB3510,0,0,0,0,0,0,0,0,0,0,0,1,0,0,0,0,0,0,0,0,,,,,,,,,,,,,,,,,,,,,,,,,,,,,,,,,,,,
OB3511,0,0,0,0,0,0,0,0,0,0,0,1,0,0,0,0,0,0,0,0,,,,,,,,,,,,,,,,,,,,,,,,,,,,,,,,,,,,
OB3512,0,0,0,0,0,0,0,0,0,0,0,1,0,0,0,0,0,0,0,0,,,,,,,,,,,,,,,,,,,,,,,,,,,,,,,,,,,,
OB3513,0,0,0,0,0,0,0,0,0,0,0,1,0,0,0,0,0,0,0,0,,,,,,,,,,,,,,,,,,,,,,,,,,,,,,,,,,,,
OB3514,0,0,0,0,0,0,0,0,0,0,0,1,0,0,0,0,0,0,0,0,,,,,,,,,,,,,,,,,,,,,,,,,,,,,,,,,,,,
OB3515,0,0,0,0,0,0,0,0,0,0,0,1,0,0,0,0,0,0,0,0,,,,,,,,,,,,,,,,,,,,,,,,,,,,,,,,,,,,
OB3516,0,0,0,0,0,0,0,0,0,0,0,1,0,0,0,0,0,0,0,0,,,,,,,,,,,,,,,,,,,,,,,,,,,,,,,,,,,,
OB3517,0,0,0,0,0,0,0,0,0,0,0,1,0,0,0,0,0,0,0,0,,,,,,,,,,,,,,,,,,,,,,,,,,,,,,,,,,,,
OB3518,0,0,0,0,0,0,0,0,0,0,0,1,0,0,0,0,0,0,0,0,,,,,,,,,,,,,,,,,,,,,,,,,,,,,,,,,,,,
OB3519,0,0,0,0,0,0,0,0,0,0,0,1,0,0,0,0,0,0,0,0,,,,,,,,,,,,,,,,,,,,,,,,,,,,,,,,,,,,
OB3520,0,0,0,0,0,0,0,0,0,0,0,1,0,0,0,0,0,0,0,0,,,,,,,,,,,,,,,,,,,,,,,,,,,,,,,,,,,,
OB3521,0,0,0,0,0,0,0,0,0,0,0,1,0,0,0,0,0,0,0,0,,,,,,,,,,,,,,,,,,,,,,,,,,,,,,,,,,,,
OB3522,0,0,0,0,0,0,0,0,0,0,0,1,0,0,0,0,0,0,0,0,,,,,,,,,,,,,,,,,,,,,,,,,,,,,,,,,,,,
OB3523,0,0,0,0,0,0,0,0,0,0,0,1,0,0,0,0,0,0,0,0,,,,,,,,,,,,,,,,,,,,,,,,,,,,,,,,,,,,
OB3524,0,0,0,0,0,0,0,0,0,0,0,1,0,0,0,0,0,0,0,0,,,,,,,,,,,,,,,,,,,,,,,,,,,,,,,,,,,,
OB3525,0,0,0,0,0,0,0,0,0,0,0,1,0,1,0,0,0,0,0,0,,,,,,,,,,,,,,,,,,,,,,,1,,,,,,,,,,,,,
OB3526,0,0,0,0,0,0,0,0,0,0,0,1,0,1,0,0,0,0,0,0,,,,,,,,,,,,,,,,,,,,,,,1,,,,,,,,,,,,,
OB3527,0,0,0,0,0,0,0,0,0,0,0,1,0,1,0,0,0,0,0,0,,,,,,,,,,,,,,,,,,,,,,,1,,,,,,,,,,,,,
OB3528,0,0,0,0,0,0,0,0,0,0,0,1,0,1,0,0,0,0,0,0,,,,,,,,,,,,,,,,,,,,,,,1,,,,,,,,,,,,,
OB3529,0,0,0,0,0,0,0,0,0,0,0,1,0,1,0,0,0,0,0,0,,,,,,,,,,,,,,,,,,,,,,,1,,,,,,,,,,,,,
OB3530,0,0,0,0,0,0,0,0,0,0,0,1,0,1,0,0,0,0,0,0,,,,,,,,,,,,,,,,,,,,,,,1,,,,,,,,,,,,,
OB3531,0,0,0,0,0,0,0,0,0,0,0,1,0,1,0,0,0,0,0,0,,,,,,,,,,,,,,,,,,,,,,,1,,,,,,,,,,,,,
OB3532,0,0,0,0,0,0,0,0,0,0,0,1,0,1,0,0,0,0,0,0,,,,,,,,,,,,,,,,,,,,,,,1,,,,,,,,,,,,,
OB3533,0,0,0,0,0,0,0,0,0,0,0,1,0,1,0,0,0,0,0,0,,,,,,,,,,,,,,,,,,,,,,,1,,,,,,,,,,,,,
OB3534,0,0,0,0,0,0,0,0,0,0,0,1,0,1,0,0,0,0,0,0,,,,,,,,,,,,,,,,,,,,,,,1,,,,,,,,,,,,,
OB3535,0,0,0,0,0,0,0,0,0,0,0,1,0,1,0,0,0,0,0,0,,,,,,,,,,,,,,,,,,,,,,,1,,,,,,,,,,,,,
OB3536,0,0,0,0,0,0,0,0,0,0,0,1,0,1,0,0,0,0,0,0,,,,,,,,,,,,,,,,,,,,,,,1,,,,,,,,,,,,,
OB3537,0,0,0,0,0,0,0,0,0,0,0,1,0,1,0,0,0,0,0,0,,,,,,,,,,,,,,,,,,,,,,,1,,,,,,,,,,,,,
OB3538,0,0,0,0,0,0,0,0,0,0,0,1,0,1,0,0,0,0,0,0,,,,,,,,,,,,,,,,,,,,,,,1,,,,,,,,,,,,,
OB3539,0,0,0,0,0,0,0,0,0,0,0,1,0,1,0,0,0,0,0,0,,,,,,,,,,,,,,,,,,,,,,,1,,,,,,,,,,,,,
OB3540,0,0,0,0,0,0,0,0,0,0,0,1,0,1,0,0,0,0,0,0,,,,,,,,,,,,,,,,,,,,,,,1,,,,,,,,,,,,,
OB3541,0,0,0,0,0,0,0,0,0,0,0,1,1,0,0,1,0,0,0,0,,,,,,,,,,,,,,,,,,,,,,1,,,,,,,,,,,,,,
OB3542,0,0,0,0,0,0,0,0,0,0,0,1,1,0,0,1,0,0,0,0,,,,,,,,,,,,,,,,,,,,,,1,,,,,,,,,,,,,,
OB3543,0,0,0,0,0,0,0,0,0,0,0,1,1,0,0,1,0,0,0,0,,,,,,,,,,,,,,,,,,,,,,1,,,,,,,,,,,,,,
OB3544,0,0,0,0,0,0,0,0,0,0,0,1,1,0,0,1,0,0,0,0,,,,,,,,,,,,,,,,,,,,,,1,,,,,,,,,,,,,,
OB3545,0,0,0,0,0,0,0,0,0,0,0,1,1,0,0,1,0,0,0,0,,,,,,,,,,,,,,,,,,,,,,1,,,,,,,,,,,,,,
OB3546,0,0,0,0,0,0,0,0,0,0,0,1,1,0,0,1,0,0,0,0,,,,,,,,,,,,,,,,,,,,,,1,,,,,,,,,,,,,,
OB3547,0,0,0,0,0,0,0,0,0,0,0,1,1,0,0,1,0,0,0,0,,,,,,,,,,,,,,,,,,,,,,1,,,,,,,,,,,,,,
OB3548,0,0,0,0,0,0,0,0,0,0,0,1,1,0,0,1,0,0,0,0,,,,,,,,,,,,,,,,,,,,,,1,,,,,,,,,,,,,,
OB3549,0,0,0,0,0,0,0,0,0,0,0,1,1,0,0,1,0,0,0,0,,,,,,,,,,,,,,,,,,,,,,1,,,,,,,,,,,,,,
OB3550,0,0,0,0,0,0,0,0,0,0,0,1,1,0,0,1,0,0,0,0,,,,,,,,,,,,,,,,,,,,,,1,,,,,,,,,,,,,,
OB3551,0,0,0,0,0,0,0,0,0,0,0,1,1,0,0,1,0,0,0,0,,,,,,,,,,,,,,,,,,,,,,1,,,,,,,,,,,,,,
OB3552,0,0,0,0,0,0,0,0,0,0,0,1,1,0,0,1,0,0,0,0,,,,,,,,,,,,,,,,,,,,,,1,,,,,,,,,,,,,,
OB3553,0,0,0,0,0,0,0,0,0,0,0,1,1,0,0,1,0,0,0,0,,,,,,,,,,,,,,,,,,,,,,1,,,,,,,,,,,,,,
OB3554,0,0,0,0,0,0,0,0,0,0,0,1,1,0,0,1,0,0,0,0,,,,,,,,,,,,,,,,,,,,,,1,,,,,,,,,,,,,,
OB3555,0,0,0,0,0,0,0,0,0,0,0,1,1,0,0,1,0,0,0,0,,,,,,,,,,,,,,,,,,,,,,1,,,,,,,,,,,,,,
OB3556,0,0,0,0,0,0,0,0,0,0,0,1,1,0,0,1,0,0,0,0,,,,,,,,,,,,,,,,,,,,,,1,,,,,,,,,,,,,,
OB3557,0,0,0,0,0,0,0,0,0,0,0,1,1,0,0,1,0,0,0,0,,,,,,,,,,,,,,,,,,,,,,1,,,,,,,,,,,,,,
OB3558,0,0,0,0,0,0,0,0,0,0,0,1,0,0,0,0,0,0,0,0,,,,,,,,,,,,,,,,,,,,,,,,,,,,,,,,,,,,
OB3559,0,0,0,0,0,0,0,0,0,0,0,1,0,0,0,0,0,0,0,0,,,,,,,,,,,,,,,,,,,,,,,,,,,,,,,,,,,,
OB3560,0,0,0,0,0,0,0,0,0,0,0,1,0,0,0,0,0,0,0,0,,,,,,,,,,,,,,,,,,,,,,,,,,,,,,,,,,,,
OB3561,0,0,0,0,0,0,0,0,0,0,0,1,0,0,0,0,0,0,0,0,,,,,,,,,,,,,,,,,,,,,,,,,,,,,,,,,,,,
OB3562,0,0,0,0,0,0,0,0,0,0,0,1,0,0,0,0,0,0,0,0,,,,,,,,,,,,,,,,,,,,,,,,,,,,,,,,,,,,
OB3563,0,0,0,0,0,0,0,0,0,0,0,1,0,0,0,0,0,0,0,0,,,,,,,,,,,,,,,,,,,,,,,,,,,,,,,,,,,,
OB3564,0,0,0,0,0,0,0,0,0,0,0,1,0,0,0,0,0,0,0,0,,,,,,,,,,,,,,,,,,,,,,,,,,,,,,,,,,,,
OB3565,0,0,0,0,0,0,0,0,0,0,0,1,0,0,0,0,0,0,0,0,,,,,,,,,,,,,,,,,,,,,,,,,,,,,,,,,,,,
OB3566,0,0,0,0,0,0,0,0,0,0,0,1,0,0,0,0,0,0,0,0,,,,,,,,,,,,,,,,,,,,,,,,,,,,,,,,,,,,
OB3567,0,0,0,0,0,0,0,0,0,0,0,1,0,0,0,0,0,0,0,0,,,,,,,,,,,,,,,,,,,,,,,,,,,,,,,,,,,,
OB3568,0,0,0,0,0,0,0,0,0,0,0,1,0,0,0,0,0,0,0,0,,,,,,,,,,,,,,,,,,,,,,,,,,,,,,,,,,,,
OB3569,0,0,0,0,0,0,0,0,0,0,0,1,0,0,0,0,0,0,0,0,,,,,,,,,,,,,,,,,,,,,,,,,,,,,,,,,,,,
OB3570,0,0,0,0,0,0,0,0,0,0,0,1,0,0,0,0,0,0,0,0,,,,,,,,,,,,,,,,,,,,,,,,,,,,,,,,,,,,
OB3571,0,0,0,0,0,0,0,0,0,0,0,1,0,0,0,0,0,0,0,0,,,,,,,,,,,,,,,,,,,,,,,,,,,,,,,,,,,,
W4636,0,0,0,0,0,0,0,0,1,0,0,1,0,0,0,0,0,0,0,0,,,,,,,,,,0,,,,,,,,,,,,,,,,,,,,,,,,,,
W4637,0,0,0,0,0,0,0,0,1,0,0,1,0,0,0,0,0,0,0,0,,,,,,,,,,0,,,,,,,,,,,,,,,,,,,,,,,,,,
W4638,0,0,0,0,0,0,0,0,1,0,0,1,0,0,0,0,0,1,0,0,,,,,,,,,,0,,,,0,,,,,,,,,,,1,,,,,,,,,,,
W4639,0,0,0,0,0,0,0,0,1,0,0,1,0,0,0,0,0,1,0,0,,,,,,,,,,0,,,,0,,,,,,,,,,,1,,,,,,,,,,,
W4640,0,0,0,0,0,0,0,0,0,1,0,0,0,0,0,0,0,0,0,0,,,,,,,,,,,,,,,,,,,,,,,,,,,,,,,,,,,,
W4641,0,0,0,0,0,0,0,0,0,0,0,0,0,0,0,0,0,0,0,0,,,,,,,,,,,,,,,,,,,,,,,,,,,,,,,,,,,,
W4642,0,0,0,0,0,0,0,0,0,0,0,1,0,0,0,0,0,0,0,0,,,,,,,,,,,,,,,,,,,,,,,,,,,,,,,,,,,,
W4643,0,0,0,0,0,0,0,0,0,0,0,1,0,0,0,0,0,0,0,0,,,,,,,,,,,,,,,,,,,,,,,,,,,,,,,,,,,,
W4644,0,0,0,0,0,0,0,0,0,0,0,1,0,0,0,0,0,0,0,0,,,,,,,,,,,,,,,,,,,,,,,,,,,,,,,,,,,,
W4645,0,0,0,0,0,0,0,0,1,0,0,1,0,0,0,0,0,0,0,0,,,,,,,,,,0,,,,,,,,,,,,,,,,,,,,,,,,,,
W4646,0,0,0,0,0,0,0,0,0,0,0,1,0,0,0,0,0,0,0,0,,,,,,,,,,,,,,,,,,,,,,,,,,,,,,,,,,,,
W4647,0,0,0,0,0,0,0,0,1,0,0,1,0,0,0,0,0,0,0,0,,,,,,,,,,0,,,,,,,,,,,,,,,,,,,,,,,,,,
W4648,0,0,0,0,0,0,0,0,0,0,0,1,0,0,0,0,0,0,0,0,,,,,,,,,,,,,,,,,,,,,,,,,,,,,,,,,,,,
W4649,0,0,0,0,0,0,0,0,0,0,0,0,0,1,0,0,0,0,0,0,,,,,,,,,,,,,,,,,,,,,,,,,,,,,,,,,,,,
W4650,0,0,0,0,0,0,0,0,0,0,0,1,0,1,0,0,0,0,0,0,,,,,,,,,,,,,,,,,,,,,,,1,,,,,,,,,,,,,
W4651,0,0,0,0,0,0,0,0,0,0,0,1,0,0,0,0,0,0,1,0,,,,,,,,,,,,,,,,,,,,,,,,,,1,,,,,,,,,,
W4652,0,0,0,0,0,0,0,0,0,0,0,1,0,0,0,0,0,0,1,0,,,,,,,,,,,,,,,,,,,,,,,,,,1,,,,,,,,,,
W4653,0,0,0,0,0,0,0,0,0,0,0,0,0,0,1,0,0,0,1,0,,,,,,,,,,,,,,,,,,,,,,,,,,,,,,,,,,,,
W4654,0,0,0,0,0,0,0,0,0,0,0,1,0,0,0,0,0,0,1,0,,,,,,,,,,,,,,,,,,,,,,,,,,1,,,,,,,,,,
W4655,0,0,0,0,0,0,0,0,1,0,0,1,0,0,0,0,0,0,1,0,,,,,,,,,,0,,,,,0,,,,,,,,,,,1,,,,,,,,,,
W4656,0,0,0,0,0,0,0,0,0,0,0,1,0,0,0,0,0,0,0,0,,,,,,,,,,,,,,,,,,,,,,,,,,,,,,,,,,,,
W4657,0,0,0,0,0,0,0,0,0,0,0,0,0,0,0,0,0,0,0,0,,,,,,,,,,,,,,,,,,,,,,,,,,,,,,,,,,,,
W4658,0,0,0,0,0,0,0,0,0,0,0,1,0,0,0,0,0,0,0,0,,,,,,,,,,,,,,,,,,,,,,,,,,,,,,,,,,,,
W4659,0,0,0,0,0,0,0,0,0,0,0,0,0,0,0,0,0,0,0,0,,,,,,,,,,,,,,,,,,,,,,,,,,,,,,,,,,,,
W4660,0,0,0,0,0,0,0,0,0,0,0,1,0,0,0,0,0,0,0,0,,,,,,,,,,,,,,,,,,,,,,,,,,,,,,,,,,,,
W4661,0,0,0,0,0,0,0,0,0,0,0,1,0,0,0,0,0,0,0,0,,,,,,,,,,,,,,,,,,,,,,,,,,,,,,,,,,,,
W4662,0,0,0,0,0,0,0,0,0,0,0,1,0,0,0,0,0,0,0,0,,,,,,,,,,,,,,,,,,,,,,,,,,,,,,,,,,,,
I4663,0,0,0,0,0,0,0,0,0,0,0,0,0,0,0,0,0,0,0,0,,,,,,,,,,,,,,,,,,,,,,,,,,,,,,,,,,,,
I4664,0,0,0,0,0,0,0,0,1,1,1,1,0,1,0,0,0,1,1,1,,,,,,,,,0,0,,0,,0,0,0,,1,,0,0,,1,,0,1,,,,,,0,0,,,1
I4665,0,0,0,0,0,0,0,0,1,0,1,1,0,1,0,0,0,1,1,0,,,,,,,,,,0,,0,,0,0,,,,,,,,1,,0,1,,,,,,0,0,,,1
I4666,0,0,0,0,0,0,0,0,1,0,0,0,1,0,0,0,0,1,1,0,,,,,,,,,,,0,,,0,0,,,,,,,,,,,,,,0,1,,,,,,1
I4667,0,0,0,0,0,0,0,0,0,0,0,0,0,0,0,0,0,1,0,0,,,,,,,,,,,,,,,,,,,,,,,,,,,,,,,,,,,,
I4668,0,0,0,0,0,0,0,0,1,0,1,0,0,1,0,0,0,1,1,0,,,,,,,,,,,,0,,0,0,,,,,,,,,,,,,,,,,0,0,,,1
I4669,0,0,0,0,0,0,0,1,0,0,0,0,1,0,0,0,0,1,1,0,,,,0,,,0,1,,,,,,,,,,,,,,,,,,,,,0,1,,,,,,1
I4670,0,0,0,0,0,0,0,0,1,1,0,1,0,0,0,0,0,1,1,1,,,,,,,,,1,0,,,,0,0,0,,,,0,0,,,,0,1,,,,,,,,,,1
I4671,0,0,0,0,0,0,0,0,0,0,0,0,0,0,0,0,0,1,0,0,,,,,,,,,,,,,,,,,,,,,,,,,,,,,,,,,,,,
I4672,0,0,0,0,0,0,0,0,0,0,0,0,0,0,0,0,0,1,0,1,,,,,,,,,,,,,,,,,,,,,,,,,,,,,,,,,,,,
I4673,0,0,0,0,0,0,0,0,0,0,0,0,0,0,0,0,0,1,0,0,,,,,,,,,,,,,,,,,,,,,,,,,,,,,,,,,,,,
I4674,0,0,0,0,0,0,0,0,0,0,0,0,0,0,0,0,0,1,0,0,,,,,,,,,,,,,,,,,,,,,,,,,,,,,,,,,,,,
I4675,0,0,0,0,0,0,0,0,0,0,0,0,1,0,0,0,0,1,0,0,,,,,,,,,,,,,,,,,,,,,,,,,,,,,0,,,,,,,
I4676,0,0,0,0,0,0,0,0,0,0,0,0,0,0,0,0,0,0,0,0,,,,,,,,,,,,,,,,,,,,,,,,,,,,,,,,,,,,
I4677,0,0,0,0,0,0,0,0,0,0,0,0,0,0,0,0,0,0,0,0,,,,,,,,,,,,,,,,,,,,,,,,,,,,,,,,,,,,
I4678,0,0,0,0,0,0,0,0,1,0,1,0,0,1,0,0,0,1,1,0,,,,,,,,,,,,0,,0,0,,,,,,,,,,,,,,,,,0,0,,,1
I4679,0,0,0,0,0,0,0,0,1,0,1,0,0,1,0,0,0,1,1,0,,,,,,,,,,,,0,,0,0,,,,,,,,,,,,,,,,,0,0,,,1
I4680,0,0,0,0,0,0,0,0,0,0,0,0,0,0,0,0,0,1,0,0,,,,,,,,,,,,,,,,,,,,,,,,,,,,,,,,,,,,
I4681,0,0,0,0,0,0,0,0,0,0,0,0,0,0,0,0,0,1,1,0,,,,,,,,,,,,,,,,,,,,,,,,,,,,,,,,,,,,1
I4682,0,0,0,0,0,0,0,0,0,0,0,1,1,0,0,0,0,1,1,0,,,,,,,,,,,,,,,,,,,,,,0,,,0,1,,,0,1,,,,,,1
I4683,0,0,0,0,0,0,0,1,0,0,0,0,0,0,0,0,0,0,0,0,,,,,,,,,,,,,,,,,,,,,,,,,,,,,,,,,,,,
I4684,0,0,0,0,0,0,0,1,0,0,0,0,1,0,0,0,0,1,1,0,,,,0,,,0,1,,,,,,,,,,,,,,,,,,,,,0,1,,,,,,1
I4685,0,0,0,0,0,0,0,0,0,0,0,0,0,0,0,0,0,0,1,0,,,,,,,,,,,,,,,,,,,,,,,,,,,,,,,,,,,,
I4686,0,0,0,0,0,0,0,0,0,0,0,0,0,0,0,0,0,0,0,0,,,,,,,,,,,,,,,,,,,,,,,,,,,,,,,,,,,,
I4687,0,0,0,0,0,0,0,1,0,0,0,0,0,0,0,0,0,0,0,0,,,,,,,,,,,,,,,,,,,,,,,,,,,,,,,,,,,,
I4688,0,0,0,0,0,0,0,1,1,1,0,1,1,0,1,0,0,1,0,1,0,1,0,0,,,0,,1,0,0,,,0,,0,0,,,0,,1,,,0,,,,0,,,,,,,
I4689,0,0,0,0,0,0,0,0,1,0,0,1,1,1,1,0,0,1,1,0,,,,,,,,,,0,1,1,,0,1,,,,,,,1,1,,0,1,0,,0,0,,0,1,,,1
I4690,0,0,0,0,0,0,0,1,1,0,0,1,1,0,1,0,0,1,1,0,1,,0,0,,,0,1,,0,0,,,0,0,,,,,,,1,,,0,1,,,0,1,,,,,,1
I4691,0,0,0,0,0,0,0,0,0,1,0,0,0,0,0,0,0,1,1,0,,,,,,,,,,,,,,,,,,,,0,0,,,,,,,,,,,,,,,1
I4692,0,0,0,0,0,0,0,1,0,0,0,1,0,0,0,0,0,1,0,0,,,0,,,,0,,,,,,,,,,,,,,,,,,0,,,,,,,,,,,
I4693,0,0,0,0,0,0,0,0,1,0,1,0,0,1,0,0,0,1,1,0,,,,,,,,,,,,0,,0,0,,,,,,,,,,,,,,,,,0,0,,,1
I4694,0,0,0,0,0,0,0,0,0,0,0,0,0,0,0,0,0,1,1,0,,,,,,,,,,,,,,,,,,,,,,,,,,,,,,,,,,,,1
I4695,0,0,0,0,0,0,0,0,0,0,0,0,0,0,0,0,0,1,0,0,,,,,,,,,,,,,,,,,,,,,,,,,,,,,,,,,,,,
I4696,0,0,0,0,0,0,0,0,1,1,0,1,1,0,0,0,0,1,1,0,,,,,,,,,0,0,1,,,0,0,0,1,,,0,1,1,,,0,1,,,0,0,,,,,,1
I4697,0,0,0,0,0,0,0,1,0,0,0,1,0,0,0,0,0,1,1,0,,,0,,,,0,1,,,,,,,,,,,,,,,,,0,1,,,,,,,,,,1
I4698,0,0,0,0,0,0,0,0,1,0,0,1,1,0,1,0,1,1,1,0,,,,,,,,,,0,0,,0,0,0,,,,,,,1,,1,0,1,,1,0,1,,,,0,0,1
I4699,0,0,0,0,0,0,0,1,1,0,0,1,1,0,1,0,0,1,1,0,1,,0,0,,,0,1,,0,0,,,0,0,,,,,,,1,,,0,1,,,0,1,,,,,,1
I4700,0,0,0,0,0,0,0,0,0,0,0,0,0,0,0,0,0,1,1,0,,,,,,,,,,,,,,,,,,,,,,,,,,,,,,,,,,,,1
I4701,0,0,0,0,0,0,0,1,1,0,0,1,1,0,1,0,0,1,1,0,1,,0,0,,,0,1,,0,0,,,0,0,,,,,,,1,,,0,1,,,0,1,,,,,,1
I4702,0,0,0,0,0,0,0,0,0,0,0,0,1,0,0,0,0,0,0,1,,,,,,,,,,,,,,,,,,,,,,,,,,,,,,,,,,,,
I4703,0,0,0,0,0,0,0,0,0,0,0,0,0,0,0,0,0,1,0,0,,,,,,,,,,,,,,,,,,,,,,,,,,,,,,,,,,,,
I4704,0,0,0,0,0,0,0,0,1,0,1,0,0,1,0,0,0,1,1,0,,,,,,,,,,,,0,,0,0,,,,,,,,,,,,,,,,,0,0,,,1
I4708,0,0,0,0,0,0,0,0,0,0,0,1,0,0,0,0,0,1,1,0,,,,,,,,,,,,,,,,,,,,,,,,,0,1,,,,,,,,,,1
I4710,0,0,0,0,0,0,0,1,0,0,0,1,0,0,0,0,0,1,1,0,,,0,,,,0,1,,,,,,,,,,,,,,,,,0,1,,,,,,,,,,1
I4711,0,0,0,0,0,0,0,0,0,0,0,0,0,0,0,0,0,1,0,0,,,,,,,,,,,,,,,,,,,,,,,,,,,,,,,,,,,,
I4731,0,0,0,0,0,0,0,0,1,0,1,0,0,1,0,0,0,1,1,0,,,,,,,,,,,,0,,0,0,,,,,,,,,,,,,,,,,0,0,,,1
I4732,0,0,0,0,0,0,0,1,1,0,0,1,0,0,1,0,0,1,1,0,1,,0,,,,0,1,,0,,,,0,0,,,,,,,,,,0,1,,,,,,,,,,1
I4733,0,0,0,0,0,0,0,0,0,0,0,0,0,0,0,0,0,1,0,0,,,,,,,,,,,,,,,,,,,,,,,,,,,,,,,,,,,,
I4734,0,0,0,0,0,0,0,1,1,0,0,1,1,0,0,0,0,1,0,0,0,,0,0,,,0,,,0,0,,,0,,,,,,,,1,,,0,,,,0,,,,,,,
I4735,0,0,0,0,0,0,0,0,1,1,1,0,0,1,0,0,0,1,1,0,,,,,,,,,0,,,0,,0,0,,,1,,0,1,,,,,,,,,,,0,0,,,1
I4736,0,0,0,0,0,0,0,0,0,0,0,0,0,0,0,0,0,1,0,0,,,,,,,,,,,,,,,,,,,,,,,,,,,,,,,,,,,,
I4737,0,0,0,0,0,0,0,0,0,0,0,0,0,0,0,0,0,1,0,0,,,,,,,,,,,,,,,,,,,,,,,,,,,,,,,,,,,,
I4738,0,0,0,0,0,0,0,0,1,1,1,0,0,1,0,0,0,1,1,0,,,,,,,,,0,,,0,,0,0,,,1,,0,1,,,,,,,,,,,0,0,,,1
I4739,0,0,0,0,0,0,0,1,0,0,0,0,0,0,0,0,0,0,0,0,,,,,,,,,,,,,,,,,,,,,,,,,,,,,,,,,,,,
I4740,0,0,0,0,0,0,0,1,1,0,0,1,0,0,1,0,0,1,1,0,1,,0,,,,0,1,,0,,,,0,0,,,,,,,,,,0,1,,,,,,,,,,1
I4741,0,0,0,0,0,0,0,0,1,1,1,0,0,1,0,0,0,1,1,0,,,,,,,,,0,,,0,,0,0,,,1,,0,0,,,,,,,,,,,0,0,,,1
I4742,0,0,0,0,0,0,0,1,0,0,0,1,0,0,1,0,0,1,1,0,,,0,,,,0,1,,,,,,,,,,,,,,,,,0,1,,,,,,,,,,1
I4743,0,0,0,0,0,0,0,1,1,0,0,1,1,0,1,0,1,1,1,0,0,,0,0,,1,0,1,,1,1,,1,1,1,,,,,,,1,,1,0,1,,1,0,1,,,,0,1,1
I4744,0,0,0,0,0,0,0,0,1,1,1,1,0,1,0,0,0,1,1,0,,,,,,,,,0,0,,0,,0,0,0,,1,,0,1,,1,,0,1,,,,,,0,0,,,1
I4745,0,0,0,0,0,0,0,1,1,0,0,1,1,0,1,0,1,1,1,0,1,,0,0,,1,0,1,,0,0,,0,0,0,,,,,,,1,,1,0,1,,1,0,1,,,,0,1,1
I4746,0,0,0,0,0,0,0,0,1,0,1,0,0,0,0,0,0,1,0,0,,,,,,,,,,,,,,0,,,,,,,,,,,,,,,,,,,,,,
I4747,0,0,0,0,0,0,0,0,0,0,0,0,0,0,0,0,0,1,0,0,,,,,,,,,,,,,,,,,,,,,,,,,,,,,,,,,,,,
I4748,0,0,0,0,0,0,0,0,0,0,0,0,0,0,0,0,0,1,0,0,,,,,,,,,,,,,,,,,,,,,,,,,,,,,,,,,,,,
I4749,0,0,0,0,0,0,0,0,1,0,1,1,1,1,1,0,0,1,1,0,,,,,,,,,,0,0,0,,0,0,,,,,,,1,1,,0,1,1,,0,1,,0,0,,,1
I4750,0,0,0,0,0,0,0,1,0,0,0,1,0,0,0,0,0,1,1,0,,,0,,,,0,1,,,,,,,,,,,,,,,,,0,1,,,,,,,,,,1
I4751,0,0,0,0,0,0,0,0,0,0,0,0,0,0,0,0,0,1,0,0,,,,,,,,,,,,,,,,,,,,,,,,,,,,,,,,,,,,
I4752,0,0,0,0,0,0,0,1,1,0,0,1,1,0,0,0,0,1,0,1,1,,0,1,,,0,,,0,0,,,0,,,,,,,,1,,,0,,,,0,,,,,,,
I4753,0,0,0,0,0,0,0,1,1,0,0,1,1,0,1,0,0,1,1,0,1,,0,0,,,0,1,,0,0,,,0,0,,,,,,,1,,,0,1,,,0,1,,,,,,1
IB3572,0,0,0,0,0,0,0,1,0,0,0,0,1,0,0,0,0,1,1,0,,,,0,,,0,1,,,,,,,,,,,,,,,,,,,,,0,1,,,,,,1
IB3573,0,0,0,0,0,0,0,0,0,0,0,0,0,0,0,0,0,1,1,0,,,,,,,,,,,,,,,,,,,,,,,,,,,,,,,,,,,,1
IB3574,0,0,0,0,0,0,0,0,1,0,0,0,0,0,1,0,0,0,0,0,,,,,,,,,,,,,,,,,,,,,,,,,,,,,,,,,,,,
IB3575,0,0,0,0,0,0,0,0,1,1,1,1,0,1,1,0,0,1,1,0,,,,,,,,,0,0,,0,,0,0,0,,1,,0,1,,1,,0,1,,,,,,0,1,,,1
IB3576,0,0,0,0,0,0,0,1,0,0,0,1,1,0,0,0,0,1,1,0,,,0,0,,,0,1,,,,,,,,,,,,,,1,,,0,1,,,0,1,,,,,,1
IB3577,0,0,0,0,0,0,0,0,0,0,0,0,0,0,0,0,0,0,0,0,,,,,,,,,,,,,,,,,,,,,,,,,,,,,,,,,,,,
IB3578,0,0,0,0,0,0,0,0,1,1,0,1,0,1,0,0,0,1,1,1,,,,,,,,,1,0,,0,,0,0,0,,0,,0,0,,1,,1,0,,,,,,0,0,,,0
IB3579,0,0,0,0,0,0,0,1,0,0,0,0,1,0,0,0,0,1,1,0,,,,0,,,0,1,,,,,,,,,,,,,,,,,,,,,0,1,,,,,,1
IB3580,0,0,0,0,0,0,0,0,1,0,1,0,0,1,0,0,0,1,1,0,,,,,,,,,,,,0,,0,0,,,,,,,,,,,,,,,,,0,0,,,1
IB3581,0,0,0,0,0,0,0,0,0,0,0,0,0,0,0,0,0,1,0,0,,,,,,,,,,,,,,,,,,,,,,,,,,,,,,,,,,,,
IB3582,0,0,0,0,0,0,0,1,0,0,0,0,1,0,0,0,0,1,1,0,,,,0,,,0,1,,,,,,,,,,,,,,,,,,,,,0,1,,,,,,1
IB3583,0,0,0,0,0,0,0,0,1,0,1,0,0,1,0,0,0,1,1,0,,,,,,,,,,,,0,,0,0,,,,,,,,,,,,,,,,,0,0,,,1
IB3584,0,0,0,0,0,0,0,0,1,0,0,1,1,0,0,0,1,1,1,0,,,,,,,,,,0,0,,0,0,0,,,,,,,0,,1,0,1,,1,0,1,,,,0,1,1
IB3585,0,0,0,0,0,0,0,0,0,0,0,0,0,0,0,0,0,1,0,0,,,,,,,,,,,,,,,,,,,,,,,,,,,,,,,,,,,,
IB3586,0,0,0,0,0,0,0,0,0,0,0,0,0,0,0,0,0,0,0,0,,,,,,,,,,,,,,,,,,,,,,,,,,,,,,,,,,,,
IB3587,0,0,0,0,0,0,0,0,1,0,1,0,0,0,0,0,0,1,1,0,,,,,,,,,,,,,,0,0,,,,,,,,,,,,,,,,,,,,,1
IB3588,0,0,0,0,0,0,0,0,0,0,0,0,0,0,0,0,0,1,0,0,,,,,,,,,,,,,,,,,,,,,,,,,,,,,,,,,,,,
IB3589,0,0,0,0,0,0,0,1,0,0,0,0,1,0,0,0,0,1,1,0,,,,0,,,0,1,,,,,,,,,,,,,,,,,,,,,0,1,,,,,,1
IB3590,0,0,0,0,0,0,0,0,1,0,1,1,0,0,1,0,0,1,1,0,,,,,,,,,,0,,,,0,0,,,,,,,,,,0,1,,,,,,,,,,1
IB3591,0,0,0,0,0,0,0,1,0,0,0,0,1,0,0,0,0,1,1,0,,,,0,,,0,1,,,,,,,,,,,,,,,,,,,,,0,1,,,,,,1
IB3592,0,0,0,0,0,0,0,0,0,0,0,0,0,0,0,0,0,0,0,0,,,,,,,,,,,,,,,,,,,,,,,,,,,,,,,,,,,,
IB3593,0,0,0,0,0,0,0,0,0,1,0,1,1,0,0,0,0,1,1,0,,,,,,,,,,,,,,,,0,0,,,0,1,0,,,0,1,,,0,1,,,,,,1
IB3594,0,0,0,0,0,0,0,0,0,0,0,0,0,0,0,0,0,1,0,0,,,,,,,,,,,,,,,,,,,,,,,,,,,,,,,,,,,,
IB3595,0,0,0,0,0,0,0,0,1,0,1,0,0,1,0,0,0,1,1,0,,,,,,,,,,,,0,,0,0,,,,,,,,,,,,,,,,,0,0,,,1
IB3596,0,0,0,0,0,0,0,0,0,1,0,0,0,0,0,0,0,1,0,0,,,,,,,,,,,,,,,,,,,,0,,,,,,,,,,,,,,,,
IB3597,0,0,0,0,0,0,0,1,0,0,0,0,1,0,0,0,0,1,1,0,,,,0,,,0,1,,,,,,,,,,,,,,,,,,,,,0,1,,,,,,1
IB3598,0,0,0,0,0,0,0,0,0,0,0,0,0,0,0,0,0,1,0,0,,,,,,,,,,,,,,,,,,,,,,,,,,,,,,,,,,,,
IB3599,0,0,0,0,0,0,0,0,1,0,1,0,0,1,0,0,0,1,1,0,,,,,,,,,,,,0,,0,0,,,,,,,,,,,,,,,,,0,0,,,1
IB3600,0,0,0,0,0,0,0,0,1,0,0,1,0,0,0,0,0,0,0,0,,,,,,,,,,0,,,,,,,,,,,,,,,,,,,,,,,,,,
IB3601,0,0,0,0,0,0,0,1,1,0,0,1,1,0,1,0,0,1,1,0,1,,0,0,,,0,1,,0,0,,,0,0,,,,,,,1,,,0,1,,,0,1,,,,,,1
IB3602,0,0,0,0,0,0,0,0,0,0,0,0,0,0,0,0,0,1,0,0,,,,,,,,,,,,,,,,,,,,,,,,,,,,,,,,,,,,
IB3603,0,0,0,0,0,0,0,0,0,0,0,0,0,0,0,0,1,1,1,0,,,,,,,,,,,,,,,,,,,,,,,,,,,,,,,,,,0,1,1
IB3604,0,0,0,0,0,0,0,1,1,0,0,1,1,0,1,0,0,1,1,0,1,,0,0,,,0,1,,0,0,,,0,0,,,,,,,1,,,0,1,,,0,1,,,,,,1
IB3605,0,0,0,0,0,0,0,1,0,0,0,1,0,0,1,0,0,1,1,0,,,0,,,,0,1,,,,,,,,,,,,,,,,,0,1,,,,,,,,,,1
IB3606,0,0,0,0,0,0,0,0,1,0,1,0,0,0,0,0,0,1,1,0,,,,,,,,,,,,,,0,0,,,,,,,,,,,,,,,,,,,,,1
IB3607,0,0,0,0,0,0,0,1,1,0,0,1,0,0,1,0,0,1,1,0,1,,0,,,,0,1,,0,,,,0,0,,,,,,,,,,0,1,,,,,,,,,,1
IB3608,0,0,0,0,0,0,0,1,1,0,0,1,0,0,1,0,1,1,1,0,0,,0,,,1,0,1,,1,,,1,1,1,,,,,,,,,1,0,1,,,,,,,,0,1,1
IB3609,0,0,0,0,0,0,0,1,1,0,1,0,0,1,0,0,0,1,1,0,0,,,,0,,0,0,,,,0,,0,0,,,,,,,,,,,,,,,,,0,0,,,1
IB3610,0,0,0,0,0,0,0,0,1,1,1,0,0,1,0,0,0,1,1,0,,,,,,,,,0,,,0,,0,0,,,1,,0,1,,,,,,,,,,,0,0,,,1
IB3611,0,0,0,0,0,0,0,0,1,0,1,0,0,1,0,0,0,1,1,0,,,,,,,,,,,,0,,0,0,,,,,,,,,,,,,,,,,0,0,,,1
IB3612,0,0,0,0,0,0,0,1,0,0,0,1,0,0,1,0,0,1,1,0,,,0,,,,0,1,,,,,,,,,,,,,,,,,0,1,,,,,,,,,,1
IB3613,0,0,0,0,0,0,0,1,1,0,0,1,1,0,1,0,0,1,1,0,1,,0,0,,,0,1,,0,0,,,0,0,,,,,,,1,,,0,1,,,0,1,,,,,,1
IB3614,0,0,0,0,0,0,0,1,1,0,0,1,1,0,1,0,0,1,1,0,1,,0,0,,,0,1,,0,0,,,0,0,,,,,,,1,,,0,1,,,0,1,,,,,,1
IB3615,0,0,0,0,0,0,0,0,1,1,0,1,0,0,0,0,0,1,1,0,,,,,,,,,0,0,,,,0,0,0,,,,0,0,,,,0,1,,,,,,,,,,1
IB3616,0,0,0,0,0,0,0,0,0,0,0,0,0,0,0,0,0,1,0,0,,,,,,,,,,,,,,,,,,,,,,,,,,,,,,,,,,,,
IB3617,0,0,0,0,0,0,0,0,1,0,1,0,0,1,0,0,0,1,1,0,,,,,,,,,,,,0,,0,0,,,,,,,,,,,,,,,,,0,0,,,1
IB3618,0,0,0,0,0,0,0,0,1,0,1,1,0,0,0,0,0,1,1,0,,,,,,,,,,0,,,,0,0,,,,,,,,,,0,1,,,,,,,,,,1
IB3619,0,0,0,0,0,0,0,0,1,0,1,0,0,1,0,0,0,1,1,0,,,,,,,,,,,,0,,0,0,,,,,,,,,,,,,,,,,0,0,,,1
IB3620,0,0,0,0,0,0,0,0,1,0,1,0,0,1,0,0,1,1,1,0,,,,,,,,,,,,0,0,0,0,,,,,,,,,,,,,,,,1,0,0,0,0,1
IB3621,0,0,0,0,0,0,0,1,0,0,0,0,0,0,0,0,0,0,0,0,,,,,,,,,,,,,,,,,,,,,,,,,,,,,,,,,,,,
IB3622,0,0,0,0,0,0,0,1,0,0,0,0,1,0,0,0,0,1,1,0,,,,0,,,0,1,,,,,,,,,,,,,,,,,,,,,0,1,,,,,,1
IB3623,0,0,0,0,0,0,0,0,1,0,1,0,0,1,0,0,0,1,1,0,,,,,,,,,,,,0,,0,0,,,,,,,,,,,,,,,,,0,0,,,1
IB3624,0,0,0,0,0,0,0,0,1,0,1,0,0,1,0,0,0,1,1,0,,,,,,,,,,,,0,,0,0,,,,,,,,,,,,,,,,,0,0,,,1
IB3625,0,0,0,0,0,0,0,0,0,0,0,0,0,0,0,0,0,1,0,0,,,,,,,,,,,,,,,,,,,,,,,,,,,,,,,,,,,,
IB3626,0,0,0,0,0,0,0,0,1,1,1,1,0,1,1,0,0,1,1,0,,,,,,,,,0,0,,0,,0,0,0,,1,,0,1,,1,,0,1,,,,,,0,1,,,1
IB3627,0,0,0,0,0,0,0,1,1,0,0,1,0,0,1,0,0,1,1,0,1,,0,,,,0,1,,0,,,,0,0,,,,,,,,,,0,1,,,,,,,,,,1
IB3628,0,0,0,0,0,0,0,1,1,0,0,1,1,0,1,0,0,1,1,0,1,,0,0,,,0,1,,0,0,,,0,0,,,,,,,1,,,0,1,,,0,1,,,,,,1
IB3629,0,0,0,0,0,0,0,0,1,0,1,0,0,1,0,0,0,1,1,0,,,,,,,,,,,,0,,0,0,,,,,,,,,,,,,,,,,0,0,,,1
IB3630,0,0,0,0,0,0,0,0,1,0,0,1,1,0,1,0,0,1,1,1,,,,,,,,,,0,1,,,0,0,,,,,,,1,,,0,1,,,0,0,,,,,,1
IB3631,0,0,0,0,0,0,0,0,1,0,0,1,1,0,0,0,0,1,0,1,,,,,,,,,,0,0,,,0,,,,,,,,1,,,0,,,,0,,,,,,,
IB3632,0,0,0,0,0,0,0,0,1,0,1,0,0,0,0,0,0,1,1,0,,,,,,,,,,,,,,0,0,,,,,,,,,,,,,,,,,,,,,1
IB3633,0,0,0,0,0,0,0,0,1,0,0,1,1,1,1,0,0,0,1,0,,,,,,,,,,0,0,0,,,0,,,,,,,0,1,,,0,1,,,1,,,0,,,
IB3634,0,0,0,0,0,0,0,0,1,0,0,1,1,0,1,0,0,1,0,0,,,,,,,,,,1,0,,,0,,,,,,,,0,,,0,,,,0,,,,,,,
IB3635,0,0,0,0,0,0,0,0,1,0,1,0,0,1,0,0,0,1,1,0,,,,,,,,,,,,0,,0,0,,,,,,,,,,,,,,,,,0,0,,,1
IB3636,0,0,0,0,0,0,0,0,0,0,0,0,0,0,0,0,1,1,1,0,,,,,,,,,,,,,,,,,,,,,,,,,,,,,,,,,,0,0,1
IB3637,0,0,0,0,0,0,0,0,1,1,0,1,1,1,0,0,0,1,1,1,,,,,,,,,0,0,1,0,,0,0,0,1,0,,0,0,1,1,,0,1,0,,0,0,,0,1,,,1
IB3638,0,0,0,0,0,0,0,0,1,0,1,0,0,0,0,0,0,1,1,0,,,,,,,,,,,,,,0,0,,,,,,,,,,,,,,,,,,,,,1
