sample_id,sha256,label,verdict,family,source,coverage,static_readable,malscore,cape_family,n_file_writes,n_crypto_calls,write_crypto_pearson,crypto_buffer_entropy_mean,crypto_buffer_entropy_max,n_read,n_write,n_delete,n_move,n_copy,n_execute,delete_to_write_ratio,move_to_write_ratio,destructive_extension_variety,active_windows,destructive_chain_windows,write_only_nondestructive_windows,other_windows,total_imports,imp_crypto,imp_random,imp_file_ops,imp_volume_enum,imp_network_spread,imp_file_unlock,imp_process_enum,imp_shadow_service,imp_anti_analysis,indicative_category_count,static_crypto_libs,unpacked_total_imports,unpacked_indicative_category_count,categories_revealed_by_unpacking,crypto_imported_not_called,crypto_called_not_imported,static_dynamic_agreement,n_executed_commands,n_shadow_delete,n_recovery_disable,n_service_stop,n_process_kill,n_log_clear,n_services_created,n_services_started,n_service_events,n_registry_writes,n_registry_deletes,prep_to_destroy_delay_sec,n_prep_processes,n_prep_categories,n_prep_before_destroy,prep_precedes_destroy,prep_to_first_destroy_sec,n_destroy_after_prep,destroy_span_after_prep_sec,n_prep_during_destroy,prep_overlaps_destroy,prep_position_in_destroy
H2408,ec5b6d4494d7dac409d8e48ac5f0296095369a9f30c7db6ffbb0f5ff399cdb68,hardneg,TRUE_ENCRYPTION,,crafted,full,1,7.0,,304,0,,,,188,304,94,0,0,0,0.3092105263157895,0.0,17,29,18,7,4,59,0,0,3,0,0,0,0,0,1,0,,0,,,0,0,1,0,0,0,0,0,0,0,0,0,0,0,,0,0,,,,,,,,
H2409,b9bd4986b9426a4d885a30cde93f7525966054a0411c9b0ea6824ab1693975e8,hardneg,TRUE_ENCRYPTION,,crafted,full,1,2.0,,188,0,,,,0,188,0,0,0,0,0.0,0.0,0,15,0,15,0,57,0,0,2,0,0,0,0,0,1,0,,0,,,0,0,1,0,0,0,0,0,0,0,0,0,0,0,,0,0,,,,,,,,
H2410,92f29b7f84be97882fc5ee6e3548295e2000eb2b0387c4a90280f9a3c663468c,hardneg,NO_VICTIM_ACTIVITY,,crafted,full,1,9.0,,214,0,,,,0,214,0,0,0,7,0.0,0.0,0,19,0,12,7,57,0,0,0,0,0,0,0,0,1,0,,0,,,0,0,1,7,2,2,1,0,0,0,0,3,1,1,-78.4,4,3,0,,,,,,,
H2411,bf08d4c117064518e57e6a68d5d2250a56e7e6f699df497deffef58b793f6a61,hardneg,FAILED,,crafted,full,1,8.0,,158,0,,,,0,158,0,0,0,0,0.0,0.0,0,5,0,5,0,58,0,0,2,0,0,0,0,0,1,0,,0,,,0,0,1,0,0,0,0,0,0,0,0,0,0,0,,0,0,,,,,,,,
H2412,79302c760a0d88a4d334b8911dc1fc2baf58bb193ff440dc8373d9b6d907adf2,hardneg,NO_VICTIM_ACTIVITY,,crafted,full,1,9.0,,159,0,,,,0,159,0,0,0,2,0.0,0.0,0,6,0,5,1,57,0,0,0,0,0,0,0,0,1,0,,0,,,0,0,1,2,2,0,0,0,0,0,0,0,0,0,,1,1,0,,,,,,,
H2413,72de8354d0ca26b74769cfa046bdfc6a5822429d2d32e8e2930c88f3c0d47881,hardneg,TRUE_ENCRYPTION,,crafted,full,1,9.0,,628,0,,,,2000,628,452,0,0,0,0.7197452229299363,0.0,32,33,14,2,17,58,0,0,3,0,0,0,0,0,1,0,,1231,2,2,0,0,1,0,0,0,0,0,0,0,0,0,0,0,,0,0,,,,,,,,
H2414,2cd33c5ea3d70cf16817f1a86f549d6cea92ea779a6c7a71609dbf8a3a1251fd,hardneg,TRUE_ENCRYPTION,,crafted,full,1,7.0,,222,0,,,,53,222,53,0,0,0,0.23873873873873874,0.0,6,12,7,5,0,60,0,0,3,0,0,0,0,0,1,0,,0,,,0,0,1,0,0,0,0,0,0,0,0,0,0,0,,0,0,,,,,,,,
H2415,7fff7f4404e869bf60159999c80b469144ebeb9b5fdda260420cda0bb4feb654,hardneg,FAILED,,crafted,full,1,2.0,,164,0,,,,0,164,0,0,0,0,0.0,0.0,0,5,0,5,0,60,0,0,3,0,0,0,0,0,1,0,,0,,,0,0,1,0,0,0,0,0,0,0,0,0,0,0,,0,0,,,,,,,,
H2416,04836b900c0ffc0d591065e9122dc398b919f24c68fcd135d11b9cb10d447c9b,hardneg,TRUE_ENCRYPTION,,crafted,full,1,9.0,,398,0,,,,2000,398,222,0,0,0,0.5577889447236181,0.0,2,40,14,3,23,59,0,0,3,0,0,0,0,0,1,0,,12165,4,4,0,0,1,0,0,0,0,0,0,0,0,0,0,0,,0,0,,,,,,,,
H2417,ea15b1279f43174534eb6a01efb47e0ed7b9912003b3966ebeb066e338dda2b9,hardneg,TRUE_ENCRYPTION,,crafted,full,1,7.0,,405,0,,,,100,405,100,0,0,0,0.24691358024691357,0.0,1,13,4,9,0,57,0,0,3,0,0,0,0,0,1,0,,0,,,0,0,1,0,0,0,0,0,0,0,0,0,0,0,,0,0,,,,,,,,
H2418,3757d228723796b79dc3919480a96df42078d2fe3345848f362ad9690b47ae4a,hardneg,FAILED,,crafted,static_only,1,1.0,,,,,,,,,,,,,,,,,,,,57,0,0,3,0,0,0,0,0,1,0,,0,,,,,,,,,,,,,,,,,,,,,,,,,,,
H2419,cfe271bc37e26195fc35e5ca1388d13af4781e7319a8cfb44d38a20d6a2264b6,hardneg,TRUE_ENCRYPTION,,crafted,full,1,7.0,,3211,0,,,,1500,3211,1500,0,0,0,0.4671441918405481,0.0,1,43,24,19,0,57,0,0,3,0,0,0,0,0,1,0,,0,,,0,0,1,0,0,0,0,0,0,0,0,0,0,0,,0,0,,,,,,,,
H2420,50cdba3decd6fcedee28ca99b2e5db9dc09bf5b61c9e01d4bedbc700b95c9dc4,hardneg,TRUE_ENCRYPTION,,crafted,full,1,8.0,Scarab-Dharma,258,0,,,,94,258,0,0,0,0,0.0,0.0,0,10,0,10,0,58,0,0,3,0,0,0,0,0,1,0,,76,1,1,0,0,1,0,0,0,0,0,0,0,0,0,0,0,,0,0,,,,,,,,
H2421,f7d7adc7b1ddcc9990b0211cba90546928f542e31c705b567721105c3988a472,hardneg,TRUE_ENCRYPTION,,crafted,full,1,7.0,,263,0,,,,94,263,94,0,0,0,0.3574144486692015,0.0,17,8,7,1,0,59,0,0,3,0,0,0,0,0,1,0,,0,,,0,0,1,0,0,0,0,0,0,0,0,0,0,0,,0,0,,,,,,,,
H2422,eaf7bb21f72019f63d7b824dc6e730fbf45e69c77c00b3949407819dc57b6315,hardneg,TRUE_ENCRYPTION,,crafted,full,1,7.0,,263,0,,,,94,263,94,0,0,0,0.3574144486692015,0.0,17,12,7,5,0,59,0,0,3,0,0,0,0,0,1,0,,0,,,0,0,1,0,0,0,0,0,0,0,0,0,0,0,,0,0,,,,,,,,
H2423,c9686d1bd663d1effd4021061998d0ae75193bd8988310c0bdf7281ecce40a7c,hardneg,TRUE_ENCRYPTION,,crafted,full,1,2.0,,168,0,,,,94,168,0,94,0,0,0.0,0.5595238095238095,17,11,2,4,5,58,0,0,2,0,0,0,0,0,1,0,,0,,,0,0,1,0,0,0,0,0,0,0,0,0,0,0,,0,0,,,,,,,,
H2424,818154cdaebf9acac95b0b90bcd16672b3a934800bf83a24da5ae47ee083b85c,hardneg,TRUE_ENCRYPTION,,crafted,full,1,7.0,,217,0,,,,94,217,94,0,0,0,0.43317972350230416,0.0,17,10,6,2,2,59,0,0,3,0,0,0,0,0,1,0,,633,2,2,0,0,1,0,0,0,0,0,0,0,0,0,0,0,,0,0,,,,,,,,
H2425,c6d06ff0ec4100627282338982a338a1c967fa1f2ec8ca524a121e00f78561c5,hardneg,TRUE_ENCRYPTION,,crafted,full,1,2.0,,261,0,,,,0,261,0,0,0,0,0.0,0.0,0,10,0,10,0,57,0,0,2,0,0,0,0,0,1,0,,0,,,0,0,1,0,0,0,0,0,0,0,0,0,0,0,,0,0,,,,,,,,
H2426,dda9a37f1b1574ed8610862dd4712c81b90044379ee1d84de726dc2919d9f571,hardneg,TRUE_ENCRYPTION,,crafted,full,1,7.0,,263,658,0.1295387553757498,4.592032077878074,7.276724548843471,94,263,94,0,0,0,0.3574144486692015,0.0,17,16,13,3,0,67,4,0,3,0,0,0,0,0,1,1,,0,,,0,0,1,0,0,0,0,0,0,0,0,0,0,0,,0,0,,,,,,,,
H2427,72ffa3f46fa3d0260d752a6d18b24157bcf6e7d64d61650d433fea85bba471c1,hardneg,TRUE_ENCRYPTION,,crafted,full,1,9.0,Scarab-Dharma,259,0,,,,94,259,90,0,0,0,0.3474903474903475,0.0,16,10,8,2,0,60,0,0,3,0,0,0,0,0,1,0,,0,,,0,0,1,0,0,0,0,0,0,0,0,0,0,0,,0,0,,,,,,,,
H2428,2baab26ed3cfacba1376730c1f46201fe5221222c94549a0397af97b436d6fd7,hardneg,TRUE_ENCRYPTION,,crafted,full,1,2.0,,262,0,,,,94,262,0,0,0,0,0.0,0.0,0,11,0,11,0,58,0,0,3,0,0,0,0,0,1,0,,76,1,1,0,0,1,0,0,0,0,0,0,0,0,0,0,0,,0,0,,,,,,,,
H2429,cf10fd4fbf605739d87f1432947495733692b3cbf37a6de1c58f89f4afa243ca,hardneg,TRUE_ENCRYPTION,,crafted,full,1,8.0,Scarab-Dharma,167,0,,,,0,167,0,94,0,0,0.0,0.562874251497006,17,5,0,2,3,57,0,0,0,0,0,0,0,0,1,0,,0,,,0,0,1,0,0,0,0,0,0,0,0,0,0,0,,0,0,,,,,,,,
H2430,8c34f7df6b45bece4b7cd4e81f05e9118e7bb09c58334c8c8735638a27b9a0d1,hardneg,TRUE_ENCRYPTION,,crafted,full,1,2.0,,168,0,,,,94,168,0,94,0,0,0.0,0.5595238095238095,17,8,2,2,4,60,0,0,2,0,0,0,0,0,1,0,,0,,,0,0,1,0,0,0,0,0,0,0,0,0,0,0,,0,0,,,,,,,,
H2431,0d24b49d5fb2ceff121eead9860d71bf75bcbf4d7b66e369507ab71386d3d3bd,hardneg,TRUE_ENCRYPTION,,crafted,full,1,7.0,,263,0,,,,94,263,94,0,0,0,0.3574144486692015,0.0,17,9,7,2,0,61,0,0,3,0,0,0,0,0,1,0,,0,,,0,0,1,0,0,0,0,0,0,0,0,0,0,0,,0,0,,,,,,,,
H2432,a5dea539b78b3890bd89f2016c1cf684c9aaeb33c78c84f259b1898fef813fdc,hardneg,TRUE_ENCRYPTION,,crafted,full,1,7.0,,263,0,,,,94,263,94,0,0,0,0.3574144486692015,0.0,17,11,8,3,0,59,0,0,3,0,0,0,0,0,1,0,,0,,,0,0,1,0,0,0,0,0,0,0,0,0,0,0,,0,0,,,,,,,,
H2433,79fa30175b6616fe0f463c49926aa766afa1eb5969fbf4c196d57abb9e21f010,hardneg,TRUE_ENCRYPTION,,crafted,full,1,9.0,,627,0,,,,2000,627,452,0,0,0,0.7208931419457735,0.0,32,38,16,4,18,58,0,0,3,0,0,0,0,0,1,0,,1231,2,2,0,0,1,0,0,0,0,0,0,0,0,0,0,0,,0,0,,,,,,,,
H2434,04a858517733a9c1b368fcf66b341cf9c335ac9795a60314dc0ed758e2ea5611,hardneg,TRUE_ENCRYPTION,,crafted,full,1,7.0,,758,0,,,,1998,758,582,0,0,0,0.7678100263852242,0.0,40,39,21,5,13,58,0,0,3,0,0,0,0,0,1,0,,4552,4,4,0,0,1,0,0,0,0,0,0,0,0,0,0,0,,0,0,,,,,,,,
H2435,063afb15cecdb55e172bf27c699d7c915db6b9b7c0c1a004e4af116002de65e1,hardneg,NO_VICTIM_ACTIVITY,,crafted,full,1,2.0,,93,0,,,,94,93,0,0,0,0,0.0,0.0,0,4,0,3,1,57,0,0,2,0,0,0,0,0,1,0,,0,,,0,0,1,0,0,0,0,0,0,0,0,0,0,0,,0,0,,,,,,,,
H2436,b5b4f7b937a0d8f6c91f2e7b92c75e46c99d46e6d25ab1e167cb62db98ea5a11,hardneg,TRUE_ENCRYPTION,,crafted,full,1,8.0,Scarab-Dharma,196,0,,,,94,196,0,0,0,0,0.0,0.0,0,12,0,12,0,58,0,0,3,0,0,0,0,0,1,0,,76,1,1,0,0,1,0,0,0,0,0,0,0,0,0,0,0,,0,0,,,,,,,,
H2437,f34778be49fd766b63876f1e358b3223bc9df5fab97f19c5594bf5e7969445c1,hardneg,TRUE_ENCRYPTION,,crafted,full,1,7.0,,225,0,,,,94,225,94,0,0,0,0.4177777777777778,0.0,17,10,7,3,0,59,0,0,3,0,0,0,0,0,1,0,,0,,,0,0,1,0,0,0,0,0,0,0,0,0,0,0,,0,0,,,,,,,,
H2438,5937b4473f8bef7e76567deefef4be10fea10a9a000d390c9ca08b24c2074b32,hardneg,TRUE_ENCRYPTION,,crafted,full,1,7.0,,253,0,,,,94,253,94,94,0,0,0.3715415019762846,0.3715415019762846,18,13,9,4,0,60,0,0,3,0,0,0,0,0,1,0,,0,,,0,0,1,0,0,0,0,0,0,0,0,0,0,0,,0,0,,,,,,,,
H2439,d8791a482419d4d8472bf3c4b6d036b0d211a733c765a61d6d3a8c1e48d0b8bd,hardneg,TRUE_ENCRYPTION,,crafted,full,1,7.0,,302,0,,,,94,302,94,94,0,0,0.31125827814569534,0.31125827814569534,18,13,8,5,0,60,0,0,3,0,0,0,0,0,1,0,,0,,,0,0,1,0,0,0,0,0,0,0,0,0,0,0,,0,0,,,,,,,,
H2440,b3546eb58957c5532cd8de4b91dc19235c67377ec7f08493e76fba850bd6ce64,hardneg,TRUE_ENCRYPTION,,crafted,full,1,9.0,,379,0,,,,94,379,94,94,0,0,0.24802110817941952,0.24802110817941952,18,15,8,7,0,61,0,0,3,0,0,0,0,0,1,0,,0,,,0,0,1,0,0,0,0,0,0,0,0,0,0,0,,0,0,,,,,,,,
H2441,d7c28759da79232e8a0e5e73577e84db13c046ae47b328380d144342d7a21c20,hardneg,TRUE_ENCRYPTION,,crafted,full,1,9.0,,414,0,,,,94,414,94,94,0,2,0.22705314009661837,0.22705314009661837,18,17,8,7,2,63,0,0,3,0,0,0,0,0,1,0,,0,,,0,0,1,2,2,0,0,0,0,0,0,0,0,0,,1,1,0,0,,0,6.8,0,0,
H2442,e8e3194141881c8fb4ce734ea99aad8cc21b7887531c8158de1706b68701a57e,hardneg,TRUE_ENCRYPTION,,crafted,full,1,7.0,,263,0,,,,94,263,94,0,0,0,0.3574144486692015,0.0,17,10,8,2,0,59,0,0,3,0,0,0,0,0,1,0,,0,,,0,0,1,0,0,0,0,0,0,0,0,0,0,0,,0,0,,,,,,,,
H2443,1cd39404d7a5d04623dc33e522983ced77ce3c31a5c3263782a69db404d3b307,hardneg,TRUE_ENCRYPTION,,crafted,full,1,8.0,,263,0,,,,94,263,94,0,0,0,0.3574144486692015,0.0,17,103,90,8,5,59,0,0,3,0,0,0,0,0,1,0,,0,,,0,0,1,0,0,0,0,0,0,0,0,0,0,0,,0,0,,,,,,,,
H2444,150221c5fd58fe577ea9ba5118dbae8a8d386b1e9bef4e228722f7872d73a93a,hardneg,TRUE_ENCRYPTION,,crafted,full,1,7.0,,263,0,,,,94,263,94,0,0,0,0.3574144486692015,0.0,17,14,10,3,1,59,0,0,3,0,0,0,0,0,1,0,,0,,,0,0,1,0,0,0,0,0,0,0,0,0,0,0,,0,0,,,,,,,,
H2445,0979d27b319a5c02578a19c710ac901f987fee0de4fea7d968f968d8c4189ed6,hardneg,TRUE_ENCRYPTION,,crafted,full,1,7.0,,241,0,,,,86,241,57,0,0,1,0.23651452282157676,0.0,16,19,0,14,5,54,0,0,0,0,0,0,0,0,1,0,,0,,,0,0,1,1,0,0,0,0,0,0,0,0,0,0,,0,0,,,,,,,,
H2446,b19887ebe767314eb936de766664a2e56b90f93438a7d007f17b7e79e9970c0a,hardneg,NO_VICTIM_ACTIVITY,,crafted,full,1,3.0,,183,0,,,,80,183,0,0,0,1,0.0,0.0,0,13,0,12,1,54,0,0,0,0,0,0,0,0,1,0,,0,,,0,0,1,1,0,0,0,0,0,0,0,0,0,0,,0,0,,,,,,,,
H2447,4ee04ef3cbe131f431cd7060dec061cd62d54a8fb480b4fd6498b666e4d82300,hardneg,TRUE_ENCRYPTION,,crafted,full,1,7.0,,3096,0,,,,218,3096,67,0,0,75,0.021640826873385012,0.0,16,317,37,178,102,57,0,0,0,0,0,0,0,0,1,0,,0,,,0,0,1,76,0,0,0,0,0,0,0,0,0,0,,0,0,,,,,,,,
H2448,00a3c8c1040c3ff50856dd0050905eff5d9e84db84c97ffee36f586ec59d6cab,hardneg,NO_VICTIM_ACTIVITY,,crafted,full,1,6.0,,59,0,,,,0,59,0,0,0,4,0.0,0.0,0,8,0,5,3,54,0,0,0,0,0,0,0,0,1,0,,0,,,0,0,1,4,0,0,0,0,0,0,0,0,0,0,,0,0,,,,,,,,
H2449,aeb679e3872cfb074afc93d1816e4fb3a9950aac2638e7bda24394cf3de91cba,hardneg,NO_VICTIM_ACTIVITY,,crafted,full,1,6.0,,186,0,,,,30,186,9,2,5,16,0.04838709677419355,0.010752688172043012,3,60,1,36,23,60,0,0,0,0,0,0,0,0,1,0,,0,,,0,0,1,18,0,0,0,2,0,0,1,1,24,8,-368.8,1,1,1,1,96.0,11,47.2,0,1,
H2450,f785a2082de72f148015d3b04b7ad046db7f4acec0bbf14d6a44763c3dde495a,hardneg,NO_VICTIM_ACTIVITY,,crafted,full,1,9.0,,126,0,,,,78,126,24,16,0,25,0.19047619047619047,0.12698412698412698,4,95,0,25,70,54,0,0,0,0,0,0,0,0,1,0,,0,,,0,0,1,20,0,0,0,2,0,0,4,8,29,0,-23.3,1,1,1,1,50.0,40,289.1,0,1,
H2451,51ef1115c3f64f6419cdd12e260ab0bd523daa63ec1c9b754ce1b29529c6f0e5,hardneg,NO_VICTIM_ACTIVITY,,crafted,full,1,5.8,,40,0,,,,0,40,0,0,0,2,0.0,0.0,0,5,0,3,2,54,0,0,0,0,0,0,0,0,1,0,,0,,,0,0,1,2,0,0,0,0,0,0,0,0,0,0,,0,0,,,,,,,,
H2452,801d782ab4421960f913a7f11dfb01816b47559c33bef4e1c19c18d6d96da338,hardneg,NO_VICTIM_ACTIVITY,,crafted,full,1,8.0,Scarab-Dharma,156,0,,,,0,156,0,0,0,61,0.0,0.0,0,68,0,7,61,54,0,0,0,0,0,0,0,0,1,0,,0,,,0,0,1,119,0,0,0,0,0,0,0,0,4,0,,0,0,,,,,,,,
H2453,4b38e766f069388db60626456b160696316f175d8a64cb702491e743f7d70fad,hardneg,NO_VICTIM_ACTIVITY,,crafted,full,1,8.0,,469,101,0.13738199771812842,,,32,469,0,0,0,71,0.0,0.0,0,185,0,96,89,57,0,0,0,0,0,0,0,0,1,0,,0,,,0,1,0,72,0,0,0,0,0,0,0,0,6,0,,0,0,,,,,,,,
H2454,82a2b66a841a4a1b75b470c5a13cbc05ba35a17658d71385dd0508a7edeacec9,hardneg,NO_VICTIM_ACTIVITY,,crafted,full,1,8.0,,174,0,,,,0,174,0,0,0,18,0.0,0.0,0,26,0,10,16,54,0,0,0,0,0,0,0,0,1,0,,0,,,0,0,1,18,0,0,0,0,0,0,0,0,0,0,,0,0,,,,,,,,
H2455,d7d330b660215421a32edc16e4f2bb4b06c186943056839948a6577b211f0dd2,hardneg,NO_VICTIM_ACTIVITY,,crafted,full,1,9.0,,62,0,,,,0,62,0,0,0,4,0.0,0.0,0,7,0,4,3,54,0,0,0,0,0,0,0,0,1,0,,0,,,0,0,1,4,0,0,0,0,0,0,1,28,0,0,-39.5,0,0,,,,,,,,
H2456,a4fa713cd587e5dcf7504641558e147a48416ddc9483cac7b093c5b80d7dd1de,hardneg,NO_VICTIM_ACTIVITY,,crafted,full,1,8.0,Scarab-Dharma,38,0,,,,0,38,0,0,0,2,0.0,0.0,0,5,0,3,2,54,0,0,0,0,0,0,0,0,1,0,,0,,,0,0,1,2,0,0,0,0,0,0,0,0,0,0,,0,0,,,,,,,,
H2457,efeef552f420908c17332c83a36f4327a77df06775516865c64722b707d19f58,hardneg,NO_VICTIM_ACTIVITY,,crafted,full,1,3.8,,60,0,,,,0,60,0,0,0,1,0.0,0.0,0,7,0,6,1,54,0,0,0,0,0,0,0,0,1,0,,0,,,0,0,1,1,0,0,0,0,0,0,0,0,0,0,,0,0,,,,,,,,
H2458,773bcda1b79737399dff97eb2c2c46b363d6e42681de277cdb702b4c10e4acb3,hardneg,NO_VICTIM_ACTIVITY,,crafted,full,1,8.0,,173,0,,,,0,173,0,0,0,2,0.0,0.0,0,32,0,30,2,54,0,0,0,0,0,0,0,0,1,0,,0,,,0,0,1,2,0,0,0,0,0,0,0,0,0,0,,0,0,,,,,,,,
H2459,e4969daad70ff8afd8ddca1e99f455bebbe30794e0c697c415dd5c935d0ead96,hardneg,NO_VICTIM_ACTIVITY,,crafted,full,1,9.0,,250,3,-0.009068840827607815,4.0,4.0,91,250,21,0,6,34,0.084,0.0,5,115,0,40,75,59,0,0,0,0,0,0,0,0,1,0,,0,,,0,1,0,35,0,0,0,2,0,0,2,2,81,6,-186.6,1,1,0,0,,0,335.0,1,1,0.374
H2460,ac48f435ab59d813f4b74c904418feda77cc362e4cda9c55318fa82d258a7587,hardneg,NO_VICTIM_ACTIVITY,,crafted,full,1,6.0,,116,0,,,,23,116,9,2,5,6,0.07758620689655173,0.017241379310344827,3,28,1,15,12,59,0,0,0,0,0,0,0,0,1,0,,0,,,0,0,1,7,0,0,0,2,0,0,2,2,25,8,-42.3,1,1,1,1,239.1,11,55.6,0,1,
H2461,9c0586a09282a6497ef137fb79dd6e0a739560133fa8bfafb50767c7ae5cd29b,hardneg,NO_VICTIM_ACTIVITY,,crafted,full,1,9.0,,539,84,-0.011699596510680069,3.1254698361877105,6.470135338820018,799,539,18,3,0,48,0.03339517625231911,0.0055658627087198514,3,208,4,95,109,59,0,0,0,0,0,0,0,0,1,0,,0,,,0,1,0,49,0,0,0,2,0,0,2,2,161,241,-22.4,0,0,,,,,,,,
H2462,f0fd13fda9af095e25c97f4c6d505a8fcbb102aa4b1a23011bdc3f08ae0ab29d,hardneg,WEAK_VICTIM_ACTIVITY,,crafted,full,1,6.0,,244,594,-0.041665048954746646,6.297759484032213,6.476157391559539,293,244,0,0,0,8,0.0,0.0,0,100,0,11,89,54,0,0,0,0,0,0,0,0,1,0,,0,,,0,1,0,5,0,0,0,0,0,0,2,2,2,0,-30.2,0,0,,,,,,,,
H2463,64925c1003789576cd7f6078c1d80ff1824e01607e0d6e5ad6da2273bc62230c,hardneg,NO_VICTIM_ACTIVITY,,crafted,full,1,8.0,Scarab-Dharma,152,0,,,,0,152,0,0,0,2,0.0,0.0,0,7,0,5,2,54,0,0,0,0,0,0,0,0,1,0,,0,,,0,0,1,3,0,0,0,0,0,0,0,0,4,0,,0,0,,,,,,,,
H2464,65352e5647c773a732a7f3b21f24589e5422d9df7a834040d6c8d73d92ff0ee7,hardneg,TRUE_ENCRYPTION,,crafted,full,1,9.0,Scarab-Dharma,265,0,,,,0,265,61,0,0,2,0.23018867924528302,0.0,16,41,0,7,34,54,0,0,0,0,0,0,0,0,1,0,,0,,,0,0,1,3,0,0,0,0,0,0,0,0,4,0,,0,0,,,,,,,,
H2465,be9aaa9f2f3a239ec96cf70754e3b9c81590c8402ecf958258510daa70d82a88,hardneg,NO_VICTIM_ACTIVITY,,crafted,full,1,9.0,,498,100,-0.016107674018590087,3.1199836619042713,6.526376151004428,1028,498,18,3,0,46,0.03614457831325301,0.006024096385542169,3,263,3,101,159,59,0,0,0,0,0,0,0,0,1,0,,0,,,0,1,0,36,0,0,0,2,0,0,5,5,151,240,-25.9,2,1,0,0,,0,633.7,2,1,0.284
H2466,506fb5feb389ead983dcf481f9dcaecde37f6cd20a08b0acfa3db61e643287e9,hardneg,TRUE_ENCRYPTION,,crafted,full,1,6.0,,43,0,,,,0,43,0,56,0,1,0.0,1.302325581395349,15,23,0,4,19,54,0,0,0,0,0,0,0,0,1,0,,0,,,0,0,1,1,0,0,0,0,0,0,0,0,0,0,,0,0,,,,,,,,
H2467,f127ba1d64d1ebc3a85838ae89eb76cec8f5b12e421992c509a64740766a28d2,hardneg,NO_VICTIM_ACTIVITY,,crafted,full,1,6.0,,184,0,,,,26,184,9,2,5,18,0.04891304347826087,0.010869565217391304,3,48,2,21,25,54,0,0,0,0,0,0,0,0,1,0,,0,,,0,0,1,19,0,0,2,2,0,0,3,4,37,8,-39.3,5,2,5,1,192.2,11,108.5,0,1,
H2468,6c7dee8bb45f2a681c42c5dd13469b1bc2e3a458b3ad0809e8e5fd4ec608ec41,hardneg,NO_VICTIM_ACTIVITY,,crafted,full,1,8.0,Scarab-Dharma,29,0,,,,0,29,0,0,0,2,0.0,0.0,0,4,0,2,2,54,0,0,0,0,0,0,0,0,1,0,,0,,,0,0,1,2,0,0,0,0,0,0,0,0,0,0,,0,0,,,,,,,,
H2469,1979601e7bb3c66af9dcf46bafec7e90112ee8159ef35568e565c7749d7c8d95,hardneg,TRUE_ENCRYPTION,,crafted,full,1,2.0,,180,0,,,,10,180,10,0,0,0,0.05555555555555555,0.0,7,10,2,8,0,59,0,0,3,0,0,0,0,0,1,0,,0,,,0,0,1,0,0,0,0,0,0,0,0,0,0,0,,0,0,,,,,,,,
H2470,12f14b5979b81274ad663b6c07e13da12d013eec821fb0bab1888611f637c903,hardneg,TRUE_ENCRYPTION,,crafted,full,1,7.0,,220,0,,,,50,220,50,0,0,0,0.22727272727272727,0.0,16,21,13,8,0,59,0,0,3,0,0,0,0,0,1,0,,0,,,0,0,1,0,0,0,0,0,0,0,0,0,0,0,,0,0,,,,,,,,
H2471,018ecf042dd3fade970450500d6985e7bb7dd9f0c124a4e0d684fe6cbe98b4db,hardneg,TRUE_ENCRYPTION,,crafted,full,1,7.0,,265,0,,,,94,265,94,0,0,0,0.35471698113207545,0.0,17,23,16,7,0,59,0,0,3,0,0,0,0,0,1,0,,0,,,0,0,1,0,0,0,0,0,0,0,0,0,0,0,,0,0,,,,,,,,
H2472,1e16b0fbc6b7f1cac618629a8b59e944b77ba8b24aeb9fd1b51ceee8b90c964c,hardneg,TRUE_ENCRYPTION,,crafted,full,1,7.0,,265,0,,,,94,265,94,0,0,0,0.35471698113207545,0.0,17,23,15,8,0,59,0,0,3,0,0,0,0,0,1,0,,0,,,0,0,1,0,0,0,0,0,0,0,0,0,0,0,,0,0,,,,,,,,
H2473,e063bf37ba105a3a9fdef90d73f3fc398673ff151741689e76f389b6abc57661,hardneg,TRUE_ENCRYPTION,,crafted,full,1,7.0,,263,0,,,,94,263,94,0,0,0,0.3574144486692015,0.0,17,20,14,5,1,59,0,0,3,0,0,0,0,0,1,0,,0,,,0,0,1,0,0,0,0,0,0,0,0,0,0,0,,0,0,,,,,,,,
H2474,6bc6201a0c9a6dafb286410b30f14f15533dbbdb3b4369fbb9d1551ac89e5949,hardneg,NO_VICTIM_ACTIVITY,,crafted,full,1,2.0,,626,0,,,,2000,626,0,0,0,0,0.0,0.0,0,76,0,39,37,57,0,0,3,0,0,0,0,0,1,0,,82,0,0,0,0,1,0,0,0,0,0,0,0,0,0,0,0,,0,0,,,,,,,,
H2475,0e2d8531b66d8d7a004a2f583b1d43330e5588983a5f3bf88bd44aa4c2fbaf0d,hardneg,TRUE_ENCRYPTION,,crafted,full,1,9.0,,418,0,,,,94,418,94,0,0,7,0.22488038277511962,0.0,17,42,23,13,6,62,0,0,3,0,0,0,0,0,1,0,,0,,,0,0,1,7,2,2,1,0,0,0,0,3,1,1,-78.8,4,3,0,0,,0,22.5,0,0,
HN23652,843b6b1d275946f2c4569169c10c50eec0968c4b2f0bed68c50e79f828fab9f3,hardneg,NO_VICTIM_ACTIVITY,,real,full,1,0.0,,49,0,,,,2,49,0,0,0,0,0.0,0.0,0,5,0,3,2,198,0,0,6,0,0,0,5,2,2,1,,0,,,0,0,1,0,0,0,0,0,0,0,0,0,2,0,,0,0,,,,,,,,
HN23653,69bd46e5dba2767a63408731b0c7842b9ac37aeb67586682efce4cc51057d793,hardneg,NO_VICTIM_ACTIVITY,,real,full,1,0.0,,49,0,,,,2,49,0,0,0,0,0.0,0.0,0,4,0,2,2,194,0,0,6,0,0,0,5,2,2,1,,0,,,0,0,1,0,0,0,0,0,0,0,0,0,2,0,,0,0,,,,,,,,
HN23654,b8a8524de389e244b57baa72e8878869436e8addffaf11621ec7a572dbf5c602,hardneg,NO_VICTIM_ACTIVITY,,real,full,1,0.0,,0,0,,,,2,0,0,0,0,0,,,0,2,0,0,2,231,0,0,7,0,0,0,0,1,2,0,,0,,,0,0,1,0,0,0,0,0,0,0,0,0,2,0,,0,0,,,,,,,,
HN23655,e451287843b3927c6046eaabd3e22b929bc1f445eec23a73b1398b115d02e4fb,hardneg,NO_VICTIM_ACTIVITY,,real,full,1,7.0,,1,2,-0.5000000000000001,2.0,2.0,2,1,0,0,0,0,0.0,0.0,0,3,0,1,2,314,0,0,7,0,0,0,2,1,2,1,,0,,,0,1,0,0,0,0,0,0,0,0,0,0,3,0,,0,0,,,,,,,,
HN23656,c5c5363d675d1bd6797081b8b7afd7fb209960a45fe18202d64d36b72a013866,hardneg,NO_VICTIM_ACTIVITY,,real,full,1,0.0,,3,2,-0.07214791053658227,2.0,2.0,3,3,1,0,0,1,0.3333333333333333,0.0,1,5,0,2,3,313,0,0,7,0,0,0,2,1,2,1,,314,1,0,0,1,0,1,0,0,0,0,0,0,0,0,4,0,,0,0,,,,,,,,
HN23657,38ff6bcb91bd6cbceec26bc60007c60031d9f35181fbae851bd239f361cf38db,hardneg,NO_VICTIM_ACTIVITY,,real,full,1,7.0,,0,0,,,,4,0,1,1,0,0,,,2,5,0,0,5,333,0,0,6,0,0,0,1,1,2,1,,0,,,0,0,1,0,0,0,0,0,0,0,0,0,8,0,,0,0,,,,,,,,
HN23658,032dc03fa3e7b3df5714aea96ddacc0da1e4d41ef4d24de2f2103ad03932f194,hardneg,NO_VICTIM_ACTIVITY,,real,full,1,9.0,,58,0,,,,68,58,4,3,0,1,0.06896551724137931,0.05172413793103448,3,21,1,12,8,331,0,0,6,0,0,0,1,1,2,1,,0,,,0,0,1,1,0,0,0,0,0,0,0,0,14,0,,0,0,,,,,,,,
HN23659,ee55c681013d173edd53f5add0f964f8242ed0783f42bd1b5c4168b27594745f,hardneg,NO_VICTIM_ACTIVITY,,real,full,1,7.0,,7,4,0.06962503450169977,2.0,2.0,2,7,0,0,0,0,0.0,0.0,0,5,0,4,1,126,0,0,6,0,0,0,0,0,2,0,,0,,,0,1,0,0,0,0,0,0,0,0,0,0,2,0,,0,0,,,,,,,,
HN23660,903caf518c94a78b21b9a8d53920bc3a2a21b223ea5929ebc790eff2e23c843e,hardneg,NO_VICTIM_ACTIVITY,,real,full,1,0.0,,7,4,6.251147050848765e-18,2.0,2.0,2,7,0,0,0,0,0.0,0.0,0,5,0,4,1,122,0,0,6,0,0,0,0,0,2,0,,0,,,0,1,0,0,0,0,0,0,0,0,0,0,2,0,,0,0,,,,,,,,
HN23661,d8deb836731fdf760898b377347ca4ff57e750c09f07e2cbaab43b0060a89dce,hardneg,NO_VICTIM_ACTIVITY,,real,full,1,9.0,,108,3642,0.021617246784094137,6.72678064967855,7.382942079319545,125,108,9,2,5,3,0.08333333333333333,0.018518518518518517,3,60,1,19,40,487,2,0,7,0,0,0,2,4,2,2,,0,,,0,0,1,4,0,0,0,0,0,0,1,1,35,8,-333.4,0,0,,,,,,,,
HN23662,093d1c6b91d280c9644635c667753e0aa0e78c656eb4082147bf30364787d96f,hardneg,NO_VICTIM_ACTIVITY,,real,full,1,0.0,,1,0,,,,2,1,0,0,0,0,0.0,0.0,0,2,0,1,1,229,2,0,6,0,0,0,2,2,2,2,,0,,,1,0,0,0,0,0,0,0,0,0,0,0,2,0,,0,0,,,,,,,,
HN23663,a2394a11272ae38e7fb6ea862e783daa6d704a3d9c73a51dfe978b7692df6b1f,hardneg,NO_VICTIM_ACTIVITY,,real,full,1,7.0,,1,0,,,,2,1,0,0,0,0,0.0,0.0,0,2,0,1,1,221,2,0,6,0,0,0,2,2,2,2,,0,,,1,0,0,0,0,0,0,0,0,0,0,0,2,0,,0,0,,,,,,,,
HN23664,38519c3ae945f678261327d05efe8fb0be44afb91236bd71199e20e1151ff157,hardneg,NO_VICTIM_ACTIVITY,,real,full,1,9.0,,113,2882,0.19988543841179962,6.839240024909816,7.382942079319545,140,113,9,2,5,21,0.07964601769911504,0.017699115044247787,3,63,2,22,39,477,2,0,7,0,0,0,2,4,2,2,,0,,,0,0,1,12,0,0,0,0,0,0,3,9,40,10,-10.2,0,0,,,,,,,,
HN23665,ee2c4850e62277e5efded460afd708af22007ef5f2c2c9dae7a699fc3de346d0,hardneg,NO_VICTIM_ACTIVITY,,real,full,1,9.0,,105,0,,,,213,105,26,16,5,7,0.24761904761904763,0.1523809523809524,4,81,2,16,63,710,0,0,8,1,0,0,1,3,2,2,,0,,,0,0,1,7,0,0,0,0,0,0,2,2,79,14,-16.7,0,0,,,,,,,,
HN23666,599b391980a5c9cbadd6c70ba3d5a5258db8b9d87c68b3fe587d9dc84effdf63,hardneg,NO_VICTIM_ACTIVITY,,real,full,1,9.0,,88,0,,,,82,88,10,2,5,7,0.11363636363636363,0.022727272727272728,3,39,2,15,22,697,0,0,8,1,0,0,1,3,2,2,,0,,,0,0,1,8,0,0,0,0,0,0,2,2,88,17,0.1,0,0,,,,,,,,
HN23667,60420a39645573437fb0e085361ef2d23c08e75b85d7836213d959a4904e9bd8,hardneg,NO_VICTIM_ACTIVITY,,real,full,1,0.0,,0,0,,,,2,0,0,0,0,0,,,0,2,0,0,2,142,0,0,6,0,0,0,2,0,2,1,,0,,,0,0,1,0,0,0,0,0,0,0,0,0,2,0,,0,0,,,,,,,,
HN23668,43203ae51a144e4ff92d4110c93af12b7c9525a1f5435efedfd3499dc12d16c2,hardneg,NO_VICTIM_ACTIVITY,,real,full,1,7.0,,0,0,,,,2,0,0,0,0,0,,,0,2,0,0,2,138,0,0,6,0,0,0,2,0,2,1,,0,,,0,0,1,0,0,0,0,0,0,0,0,0,2,0,,0,0,,,,,,,,
HN23669,b594b8b9e5d6a706a33ae2e4c7b37c5aafee9bef0b3e156205f65ecdaab94fcd,hardneg,NO_VICTIM_ACTIVITY,,real,full,1,0.0,,4,0,,,,2,4,0,0,0,0,0.0,0.0,0,3,0,2,1,128,0,0,6,0,0,0,0,0,2,0,,0,,,0,0,1,0,0,0,0,0,0,0,0,0,2,0,,0,0,,,,,,,,
HN23670,4db4539c62f448c5cf563cdd02cd6d349e9a5f66ba1d757a66c28c51effeb0a5,hardneg,NO_VICTIM_ACTIVITY,,real,full,1,7.0,,4,0,,,,2,4,0,0,0,0,0.0,0.0,0,3,0,2,1,124,0,0,6,0,0,0,0,0,2,0,,0,,,0,0,1,0,0,0,0,0,0,0,0,0,2,0,,0,0,,,,,,,,
HN23671,063473719cdffa94ef10c380dee3eacf148cc6643a3a8c2c7cc214a180ed2826,hardneg,NO_VICTIM_ACTIVITY,,real,full,1,0.0,,28,0,,,,2,28,0,0,0,0,0.0,0.0,0,3,0,2,1,123,0,0,7,0,0,0,2,1,2,1,,0,,,0,0,1,0,0,0,0,0,0,0,0,0,2,0,,0,0,,,,,,,,
HN23672,261a8e5e9c08e835c42aec964ca27ae63357a4ae435cc91a6c024ea6a8a55d74,hardneg,NO_VICTIM_ACTIVITY,,real,full,1,7.0,,28,0,,,,2,28,0,0,0,0,0.0,0.0,0,4,0,2,2,115,0,0,7,0,0,0,2,1,2,1,,0,,,0,0,1,0,0,0,0,0,0,0,0,0,2,0,,0,0,,,,,,,,
HN23673,4be1e87e17499e1237d0a444aae8e775ca876f983862c5fe27e376cd4bce4030,hardneg,NO_VICTIM_ACTIVITY,,real,full,1,0.0,,3,0,,,,2,3,1,0,0,0,0.3333333333333333,0.0,1,3,0,1,2,153,0,0,7,0,0,0,2,1,2,1,,0,,,0,0,1,0,0,0,0,0,0,0,0,0,7,0,,0,0,,,,,,,,
HN23674,50e3237737208c97248449042739c25c5b80c92dfd648743f04e50676aa2c82e,hardneg,NO_VICTIM_ACTIVITY,,real,full,1,0.0,,62,0,,,,25,62,9,2,5,6,0.14516129032258066,0.03225806451612903,3,19,2,6,11,184,0,0,7,0,0,0,2,1,2,1,,0,,,0,0,1,6,0,0,0,0,0,0,3,3,40,11,225.3,0,0,,,,,,,,
HN23675,a8ad5cbd2d57979b370053ebedb4508eb8da3c9c423f6989b3ac07d231c73ea5,hardneg,NO_VICTIM_ACTIVITY,,real,full,1,0.0,,5,0,,,,2,5,2,0,0,1,0.4,0.0,2,7,0,3,4,148,0,0,7,0,0,0,2,1,2,1,,153,1,0,0,0,1,1,0,0,0,0,0,0,0,0,5,0,,0,0,,,,,,,,
HN23676,5b2168c9b541d3cc492e0a1deae11249ccbdb721306a0e0c47fe8e6254264a42,hardneg,NO_VICTIM_ACTIVITY,,real,full,1,8.0,,114,0,,,,738,114,9,2,5,6,0.07894736842105263,0.017543859649122806,3,60,3,18,39,178,0,0,7,0,0,0,2,1,2,1,,184,1,0,0,0,1,7,0,0,0,0,0,0,3,3,29,8,-14.8,0,0,,,,,,,,
HN23677,5144e08b5e54005a42d98fe0c87fb4c35201f5606944d85b5c649a53b0aef09c,hardneg,NO_VICTIM_ACTIVITY,,real,full,1,7.0,,0,0,,,,2,0,0,0,0,0,,,0,2,0,0,2,386,0,0,7,0,1,0,2,2,2,2,,0,,,0,0,1,0,0,0,0,0,0,0,0,0,3,0,,0,0,,,,,,,,
HN23678,7954a8bbeb1f650bb5d2b8c4c6b642fd4585319d2092433ca841c7d672a4634b,hardneg,FAILED,,real,full,1,0.0,,3,0,,,,0,3,0,0,0,0,0.0,0.0,0,1,0,1,0,145,0,0,7,0,0,0,2,0,2,1,,0,,,0,0,1,0,0,0,0,0,0,0,0,0,0,0,,0,0,,,,,,,,
HN23679,2d3128bf2338fa25873173f265504515801d1e76d6215efa511e00dc825c3cf7,hardneg,FAILED,,real,full,1,0.0,,3,0,,,,0,3,0,0,0,0,0.0,0.0,0,1,0,1,0,138,0,0,7,0,0,0,2,0,2,1,,0,,,0,0,1,0,0,0,0,0,0,0,0,0,0,0,,0,0,,,,,,,,
HN23680,4c70c68cddb2ba533540a83078aadb814a14c94f3297f7c46bc58ca158b3a3a4,hardneg,NO_VICTIM_ACTIVITY,,real,full,1,0.0,,0,0,,,,2,0,0,0,0,0,,,0,2,0,0,2,377,0,0,7,0,1,0,2,2,2,2,,0,,,0,0,1,0,0,0,0,0,0,0,0,0,2,0,,0,0,,,,,,,,
HN23681,cd88a57f574aa040d9e5dec01b35bd06cf8ac6c0456c47c16bcb380e87ca3565,hardneg,NO_VICTIM_ACTIVITY,,real,full,1,7.0,,0,0,,,,2,0,0,0,0,0,,,0,2,0,0,2,178,0,0,5,0,0,0,0,0,2,0,,0,,,0,0,1,0,0,0,0,0,0,0,0,0,5,1,,0,0,,,,,,,,
HN23682,dcdc6ec773103d01ec77cc18e4014a907a3c118743191cad71aad3c659e29ba7,hardneg,NO_VICTIM_ACTIVITY,,real,full,1,0.0,,0,0,,,,2,0,0,0,0,0,,,0,2,0,0,2,175,0,0,5,0,0,0,0,0,2,0,,0,,,0,0,1,0,0,0,0,0,0,0,0,0,3,1,,0,0,,,,,,,,
HN23683,f916c910116a497d80b443a11a10c4ec12ddfe060f29912e3c913b36fe7c4f2c,hardneg,NO_VICTIM_ACTIVITY,,real,full,1,9.0,,26,0,,,,2,26,0,0,0,0,0.0,0.0,0,4,0,2,2,134,0,0,7,0,0,0,0,0,2,0,,0,,,0,0,1,0,0,0,0,0,0,0,0,0,2,0,,0,0,,,,,,,,
HN23684,21ac7976db678484dc7823e58d5200aabb01df3556be54d7dbdb5427d7b87ccd,hardneg,NO_VICTIM_ACTIVITY,,real,full,1,8.0,,26,0,,,,2,26,0,0,0,0,0.0,0.0,0,4,0,2,2,130,0,0,7,0,0,0,0,0,2,0,,0,,,0,0,1,0,0,0,0,0,0,0,0,0,2,0,,0,0,,,,,,,,
HN23685,5c30df87f397e06aec59af95a0c2606401a81983295f0978fdc2afc2de9859cd,hardneg,NO_VICTIM_ACTIVITY,,real,full,1,9.0,,62,0,,,,25,62,9,2,5,4,0.14516129032258066,0.03225806451612903,3,20,2,8,10,258,0,0,7,0,0,0,2,0,2,1,,0,,,0,0,1,5,0,0,0,0,0,0,1,1,27,8,-123.7,0,0,,,,,,,,
HN23686,b9b8d53e1c52fa35b9d761acdaa64316683c3143f89de7ee1ad47c5c4a2074e1,hardneg,NO_VICTIM_ACTIVITY,,real,full,1,9.0,,62,0,,,,25,62,9,2,5,5,0.14516129032258066,0.03225806451612903,3,20,2,8,10,254,0,0,7,0,0,0,2,0,2,1,,0,,,0,0,1,6,0,0,0,0,0,0,2,2,27,8,248.8,0,0,,,,,,,,
HN23687,120ba05e5447a2d51589ab7d53c57ed769bfcf10a3f3a83e2c9740776da37ede,hardneg,NO_VICTIM_ACTIVITY,,real,full,1,0.0,,0,0,,,,2,0,0,0,0,0,,,0,2,0,0,2,245,0,0,6,1,0,0,0,0,2,1,,0,,,0,0,1,0,0,0,0,0,0,0,0,0,2,0,,0,0,,,,,,,,
HN23688,e0cfcb1f7037a43dc02b4a75b957b1aa866fce57a34c7441a65dd503ff8f8f52,hardneg,NO_VICTIM_ACTIVITY,,real,full,1,0.0,,2,0,,,,2,2,0,0,0,1,0.0,0.0,0,3,0,1,2,251,0,0,7,1,0,0,0,1,2,1,,245,1,0,0,0,1,1,0,0,0,0,0,0,0,0,2,0,,0,0,,,,,,,,
HN23689,84d4b083a25d9365a969b7de20a0bdc7f1ae04f5ce3eefc4517ca1b13c308d1d,hardneg,FAILED,,real,full,1,0.0,,13,0,,,,0,13,0,0,0,0,0.0,0.0,0,1,0,1,0,140,0,0,6,0,0,0,0,0,2,0,,0,,,0,0,1,0,0,0,0,0,0,0,0,0,0,0,,0,0,,,,,,,,
HN23690,f23c10c525f2273d53293c56821b7095732ace091b7825ed7b21bf79b05d52a9,hardneg,FAILED,,real,full,1,0.0,,13,0,,,,0,13,0,0,0,0,0.0,0.0,0,1,0,1,0,137,0,0,6,0,0,0,0,0,2,0,,0,,,0,0,1,0,0,0,0,0,0,0,0,0,0,0,,0,0,,,,,,,,
HN23691,b78823c9c7a52b043f5fa6de376df685d6d8308c89973b667792987953ce3191,hardneg,NO_VICTIM_ACTIVITY,,real,full,1,0.0,,6,0,,,,2,6,0,0,0,0,0.0,0.0,0,3,0,2,1,117,0,0,6,0,0,0,0,0,2,0,,0,,,0,0,1,0,0,0,0,0,0,0,0,0,2,0,,0,0,,,,,,,,
HN23692,b1bc5a3660c922506be7f8db3ce6e229d530bca8e58ee37fa762b9a9d806854b,hardneg,NO_VICTIM_ACTIVITY,,real,full,1,7.0,,5,0,,,,2,5,0,0,0,0,0.0,0.0,0,4,0,2,2,108,0,0,6,0,0,0,0,0,2,0,,0,,,0,0,1,0,0,0,0,0,0,0,0,0,2,0,,0,0,,,,,,,,
HN23693,eb74645b56a4eb4306de0d0456dc764b58590d6c9a0e0f912b10a4f1db63ba69,hardneg,NO_VICTIM_ACTIVITY,,real,full,1,7.0,,5,0,,,,2,5,0,0,0,0,0.0,0.0,0,4,0,2,2,106,0,0,6,0,0,0,0,0,2,0,,0,,,0,0,1,0,0,0,0,0,0,0,0,0,2,0,,0,0,,,,,,,,
HN23694,24bafcc570cc9bbb6b6e6652a57a519e0464e3996891aaba6f55299cce20b04f,hardneg,NO_VICTIM_ACTIVITY,,real,full,1,7.0,,1972,0,,,,2,1972,1,0,0,0,0.0005070993914807302,0.0,1,38,0,35,3,148,0,0,7,1,0,0,2,1,2,2,,0,,,0,0,1,0,0,0,0,0,0,0,0,0,7,0,,0,0,,,,,,,,
HN23695,84c22579ca09f4fd8a8d9f56a6348c4ad2a92d4722c9f1213dd73c2f68a381e3,hardneg,NO_VICTIM_ACTIVITY,,real,full,1,0.0,,1964,0,,,,2,1964,2,0,0,1,0.0010183299389002036,0.0,2,58,0,54,4,139,0,0,7,1,0,0,2,1,2,2,,148,2,0,0,0,1,1,0,0,0,0,0,0,0,0,7,0,,0,0,,,,,,,,
HN23696,786d92b9457a1122dec26bcd4354e79af03eb7678a00d4dd930c32662a7d7209,hardneg,NO_VICTIM_ACTIVITY,,real,full,1,0.0,,7,0,,,,2,7,0,0,0,0,0.0,0.0,0,3,0,2,1,128,0,0,6,0,0,0,0,0,2,0,,0,,,0,0,1,0,0,0,0,0,0,0,0,0,2,0,,0,0,,,,,,,,
HN23697,3e57cc1d455a7c33e74124888bff4c73501c8b1993a8c1e896f4d995ec93bc53,hardneg,NO_VICTIM_ACTIVITY,,real,full,1,7.0,,7,0,,,,2,7,0,0,0,0,0.0,0.0,0,3,0,2,1,124,0,0,6,0,0,0,0,0,2,0,,0,,,0,0,1,0,0,0,0,0,0,0,0,0,2,0,,0,0,,,,,,,,
HN23698,98720d8675036560545db93da0427b46361f565f7f517f77c11db7f72d9c8cdd,hardneg,NO_VICTIM_ACTIVITY,,real,full,1,7.0,,11,0,,,,2,11,0,0,0,0,0.0,0.0,0,4,0,2,2,131,0,0,6,0,0,0,0,0,2,0,,0,,,0,0,1,0,0,0,0,0,0,0,0,0,2,0,,0,0,,,,,,,,
HN23699,6fb4df6555a69c2f3c117764d33b48803ae19a8ba40b12f3211195247d9c508f,hardneg,NO_VICTIM_ACTIVITY,,real,full,1,0.0,,11,0,,,,2,11,0,0,0,0,0.0,0.0,0,3,0,2,1,127,0,0,6,0,0,0,0,0,2,0,,0,,,0,0,1,0,0,0,0,0,0,0,0,0,2,0,,0,0,,,,,,,,
HN23700,980e64020cfceb02652a2a08270b84b974f18f290e9cb798f5d46d3aa3a0ec94,hardneg,NO_VICTIM_ACTIVITY,,real,full,1,7.0,,4,0,,,,2,4,0,0,0,0,0.0,0.0,0,3,0,2,1,71,0,0,3,0,0,0,0,0,0,0,,0,,,0,0,1,0,0,0,0,0,0,0,0,0,2,0,,0,0,,,,,,,,
HN23701,29d23bc492e48a5ae68444302d3430e07d08e04278d53aa70d9367d9cf8bceb7,hardneg,NO_VICTIM_ACTIVITY,,real,full,1,0.0,,4999,0,,,,2414,4999,0,0,0,0,0.0,0.0,0,348,0,332,16,128,0,0,5,0,0,0,2,0,2,1,,0,,,0,0,1,0,0,0,0,0,0,0,0,0,2,0,,0,0,,,,,,,,
HN23702,b0f6800b2bb4c86e091120e9087c75f9b1b3e46b89cf65744d65cf5ab01fd385,hardneg,NO_VICTIM_ACTIVITY,,real,full,1,7.0,,5001,0,,,,2564,5001,0,0,0,1,0.0,0.0,0,316,0,303,13,132,0,0,5,0,0,0,2,0,2,1,,128,1,0,0,0,1,1,0,0,0,0,0,0,0,0,2,0,,0,0,,,,,,,,
HN23703,6d260ed82396f6ea290e61c9f67ebaf0af0f3a8015d35dc878ce41bdf13ff798,hardneg,NO_VICTIM_ACTIVITY,,real,full,1,7.0,,0,0,,,,2,0,0,0,0,0,,,0,2,0,0,2,163,0,0,6,0,0,0,0,0,2,0,,0,,,0,0,1,0,0,0,0,0,0,0,0,0,2,0,,0,0,,,,,,,,
HN23704,17b5ed2dde571fb0b56e3f4ff48f58d2e2f0b136087046048c461a70b6051bd1,hardneg,NO_VICTIM_ACTIVITY,,real,full,1,0.0,,2614,0,,,,2,2614,0,0,0,0,0.0,0.0,0,20,0,19,1,125,0,0,6,0,0,0,0,0,2,0,,0,,,0,0,1,0,0,0,0,0,0,0,0,0,2,0,,0,0,,,,,,,,
HN23705,aac9fd7fed5bd1fe0bc11321ef08e792f220905ff66ccd2e4bfdff6d9e848e40,hardneg,NO_VICTIM_ACTIVITY,,real,full,1,0.0,,312,0,,,,2,312,0,0,0,0,0.0,0.0,0,3,0,2,1,121,0,0,6,0,0,0,0,0,2,0,,0,,,0,0,1,0,0,0,0,0,0,0,0,0,2,0,,0,0,,,,,,,,
HN23706,49ea240a4965e0cb2f994530df4f4993a1b91eef3b172e1eb74a1af2972c5c93,hardneg,NO_VICTIM_ACTIVITY,,real,full,1,0.0,,0,0,,,,2,0,0,0,0,0,,,0,2,0,0,2,159,0,0,6,0,0,0,0,0,2,0,,0,,,0,0,1,0,0,0,0,0,0,0,0,0,2,0,,0,0,,,,,,,,
HN23707,7b646dbccb20d5eb8c977735d3d69ea449395f8d79fdbe28bf8988b46e0ede80,hardneg,NO_VICTIM_ACTIVITY,,real,full,1,7.0,,91,0,,,,2,91,0,0,0,0,0.0,0.0,0,4,0,3,1,155,0,0,6,0,0,0,5,0,2,1,,0,,,0,0,1,0,0,0,0,0,0,0,0,0,7,0,,0,0,,,,,,,,
HN23708,8b3f67426e578bd17608d2bb9855774cfb44dcfdc4793e30de884c54fbb8bb10,hardneg,NO_VICTIM_ACTIVITY,,real,full,1,0.0,,91,0,,,,2,91,0,0,0,0,0.0,0.0,0,4,0,2,2,153,0,0,6,0,0,0,5,0,2,1,,63,1,0,0,0,1,0,0,0,0,0,0,0,0,0,7,0,,0,0,,,,,,,,
HN23709,beba5a12b0c1a941baa1427656fc1da9a2674dbd6c336b0870c960e65c43a87e,hardneg,NO_VICTIM_ACTIVITY,,real,full,1,7.0,,4,0,,,,2,4,0,0,0,0,0.0,0.0,0,3,0,2,1,129,0,0,6,0,0,0,0,0,2,0,,0,,,0,0,1,0,0,0,0,0,0,0,0,0,2,0,,0,0,,,,,,,,
HN23710,b1778554bee9c009176a3fe3c69c5f72b2addd7a439f6cce9851d4f631235b25,hardneg,NO_VICTIM_ACTIVITY,,real,full,1,7.0,,4,0,,,,2,4,0,0,0,0,0.0,0.0,0,3,0,2,1,125,0,0,6,0,0,0,0,0,2,0,,0,,,0,0,1,0,0,0,0,0,0,0,0,0,2,0,,0,0,,,,,,,,
HN23711,e2837be10257ee5b1441c7056aa5f92c46fb5ac24d1e4e00ffc0a2d1cfe637bc,hardneg,NO_VICTIM_ACTIVITY,,real,full,1,7.0,,3,0,,,,2,3,0,0,0,0,0.0,0.0,0,4,0,2,2,104,0,0,5,0,0,0,0,0,2,0,,0,,,0,0,1,0,0,0,0,0,0,0,0,0,2,0,,0,0,,,,,,,,
HN23712,a0d29465c4ef4b6c7e146545b50228e5c08ab8888980577f907058757bdae6de,hardneg,NO_VICTIM_ACTIVITY,,real,full,1,0.0,,3,0,,,,2,3,0,0,0,0,0.0,0.0,0,3,0,2,1,101,0,0,5,0,0,0,0,0,2,0,,0,,,0,0,1,0,0,0,0,0,0,0,0,0,2,0,,0,0,,,,,,,,
HN23713,3e7b1fcd9e8c0cca2bfc1140a8ceaa1e319487ac1f466eab01648443b80d9108,hardneg,NO_VICTIM_ACTIVITY,,real,full,1,0.0,,3,0,,,,2,3,0,0,0,0,0.0,0.0,0,3,0,2,1,135,0,0,6,0,0,0,0,0,2,0,,0,,,0,0,1,0,0,0,0,0,0,0,0,0,2,0,,0,0,,,,,,,,
HN23714,e6fb98119483d466c62eb3d51e557fb561595764d3ba474d13591d5c7aa940f6,hardneg,NO_VICTIM_ACTIVITY,,real,full,1,0.0,,3,0,,,,2,3,0,0,0,0,0.0,0.0,0,3,0,2,1,131,0,0,6,0,0,0,0,0,2,0,,0,,,0,0,1,0,0,0,0,0,0,0,0,0,2,0,,0,0,,,,,,,,
HN23715,c7c3e2e7b729891141f5a7cb172390e57072783187edc92db95d4b7b7fe8cc4c,hardneg,NO_VICTIM_ACTIVITY,,real,full,1,7.0,,53,0,,,,2,53,0,0,0,0,0.0,0.0,0,3,0,2,1,130,0,0,7,0,0,0,0,0,2,0,,0,,,0,0,1,0,0,0,0,0,0,0,0,0,2,0,,0,0,,,,,,,,
HN23716,2156d7d3158ea589e8187c5cb82442ee6c37ee982bc0d728edc8a50a2a1c4281,hardneg,NO_VICTIM_ACTIVITY,,real,full,1,0.0,,53,0,,,,2,53,0,0,0,0,0.0,0.0,0,3,0,2,1,126,0,0,7,0,0,0,0,0,2,0,,0,,,0,0,1,0,0,0,0,0,0,0,0,0,2,0,,0,0,,,,,,,,
HN23717,0e848a3911070945cb71803d466ba5a02804957b51b177c52a09ac55280ba6dd,hardneg,NO_VICTIM_ACTIVITY,,real,full,1,0.0,,2,0,,,,2,2,0,0,0,0,0.0,0.0,0,2,0,1,1,290,0,0,3,0,1,0,0,2,2,1,,33,0,0,0,0,1,0,0,0,0,0,0,1,1,1,4,0,-3.5,0,0,,,,,,,,
HN23718,d1fc99ae304bd1d2bf28abeb62531da959e2431916194981b88c958fd713a8e6,hardneg,NO_VICTIM_ACTIVITY,,real,full,1,7.0,,1,0,,,,2,1,0,0,0,0,0.0,0.0,0,3,0,1,2,210,0,0,7,0,0,0,5,2,2,1,,0,,,0,0,1,0,0,0,0,0,0,0,0,0,2,0,,0,0,,,,,,,,
HN23719,264e7ab0e27dc1545e70d14c9db8c11d1e402d7e4e2863ebf66964fee6644f1c,hardneg,NO_VICTIM_ACTIVITY,,real,full,1,0.0,,1,0,,,,2,1,0,0,0,0,0.0,0.0,0,2,0,1,1,201,0,0,7,0,0,0,5,2,2,1,,0,,,0,0,1,0,0,0,0,0,0,0,0,0,2,0,,0,0,,,,,,,,
HN23720,917b5d71f732bf5b5423cd212c004b2433a63e9dfe02a2a27ea421252c815690,hardneg,NO_VICTIM_ACTIVITY,,real,full,1,9.0,,77,11998,-0.03809820929442444,2.4209006140767992,7.382942079319545,943,77,2,1,0,4,0.025974025974025976,0.012987012987012988,2,385,1,22,362,682,2,0,7,1,0,0,5,4,3,3,,0,,,0,0,1,5,0,0,0,0,0,0,1,1,98,28,-396.6,0,0,,,,,,,,
HN23721,6a26da49b2de1c70705918f8805192f7dfe43234c59a06a55145b35d46a8e660,hardneg,NO_VICTIM_ACTIVITY,,real,full,1,9.0,,92,12062,-0.02747993195222835,6.677162952848099,7.382942079319545,937,92,4,1,0,5,0.043478260869565216,0.010869565217391304,4,364,1,18,345,671,2,0,7,1,0,0,5,4,3,3,,682,3,0,0,0,1,6,0,0,0,0,0,0,1,1,37,7,-415.8,0,0,,,,,,,,
HN23722,edfae1a69522f87b12c6dac3225d930e4848832e3c551ee1e7d31736bf4525ef,hardneg,NO_VICTIM_ACTIVITY,,real,full,1,0.0,,57,0,,,,2,57,0,0,0,0,0.0,0.0,0,3,0,1,2,202,8,0,8,0,1,0,1,4,2,3,,0,,,1,0,0,0,0,0,0,0,0,0,0,0,2,0,,0,0,,,,,,,,
HN23723,078163d5c16f64caa5a14784323fd51451b8c831c73396b967b4e35e6879937b,hardneg,NO_VICTIM_ACTIVITY,,real,full,1,7.0,,58,0,,,,2,58,0,0,0,0,0.0,0.0,0,3,0,2,1,181,8,0,8,0,1,0,1,4,2,3,,0,,,1,0,0,0,0,0,0,0,0,0,0,0,2,0,,0,0,,,,,,,,
HN23724,be922312978a53c92a49fefd2c9f9cc098767b36f0e4d2e829d24725df65bc21,hardneg,FAILED,,real,full,1,0.0,,0,0,,,,0,0,0,0,0,0,,,0,0,0,0,0,107,0,0,6,0,1,0,0,0,2,1,,0,,,0,0,1,0,0,0,0,0,0,0,0,0,0,0,,0,0,,,,,,,,
HN23725,4243dc8b991f5f8b3c0f233ca2110a1e03a1d716c3f51e88faf1d59b8242d329,hardneg,NO_VICTIM_ACTIVITY,,real,full,1,0.0,,3,0,,,,3,3,0,0,0,0,0.0,0.0,0,3,0,2,1,98,0,0,6,0,1,0,0,0,2,1,,0,,,0,0,1,0,0,0,0,0,0,0,0,0,2,0,,0,0,,,,,,,,
HN23726,201d8e77ccc2575d910d47042a986480b1da28cf0033e7ee726ad9d45ccf4daa,hardneg,NO_VICTIM_ACTIVITY,,real,full,1,0.0,,6,0,,,,2,6,0,0,0,0,0.0,0.0,0,5,0,3,2,154,0,0,7,0,1,0,0,2,2,1,,0,,,0,0,1,0,0,0,0,0,0,0,0,0,2,0,,0,0,,,,,,,,
HN23727,a48ac157609888471bf8578fb8b2aef6b0068f7e0742fccf2e0e288b0b2cfdfb,hardneg,NO_VICTIM_ACTIVITY,,real,full,1,0.0,,6,0,,,,2,6,0,0,0,0,0.0,0.0,0,4,0,2,2,145,0,0,7,0,1,0,0,2,2,1,,0,,,0,0,1,0,0,0,0,0,0,0,0,0,2,0,,0,0,,,,,,,,
HN23728,de73b73eeb156f877de61f4a6975d06759292ed69f31aaf06c9811f3311e03e7,hardneg,NO_VICTIM_ACTIVITY,,real,full,1,0.0,,99,0,,,,25,99,9,2,5,5,0.09090909090909091,0.020202020202020204,3,25,2,12,11,159,0,0,7,1,1,0,0,4,2,2,,0,,,0,0,1,6,0,0,0,0,0,0,2,2,27,8,-12.0,0,0,,,,,,,,
HN23729,951b1b5fd5cb13cde159cebc7c60465587e2061363d1d8847ab78b6c4fba7501,hardneg,NO_VICTIM_ACTIVITY,,real,full,1,7.0,,99,0,,,,28,99,9,2,5,8,0.09090909090909091,0.020202020202020204,3,26,2,9,15,150,0,0,7,1,1,0,0,4,2,2,,0,,,0,0,1,7,0,0,0,0,0,0,2,2,40,11,-114.9,0,0,,,,,,,,
HN23730,7ba47558c99e18c2c6449be804b5e765c48d3a70ceaa04c1e0fae67ff1d7178d,hardneg,NO_VICTIM_ACTIVITY,,real,full,1,0.0,,8,0,,,,2,8,0,0,0,0,0.0,0.0,0,4,0,2,2,142,0,0,7,0,1,0,2,2,2,2,,0,,,0,0,1,0,0,0,0,0,0,0,0,0,2,0,,0,0,,,,,,,,
HN23731,5ef168f83b55d2cbd2426afc5e6fa8161270fa6a2a312831332dc472c95dfa42,hardneg,NO_VICTIM_ACTIVITY,,real,full,1,0.0,,8,0,,,,2,8,0,0,0,0,0.0,0.0,0,3,0,2,1,133,0,0,7,0,1,0,2,2,2,2,,0,,,0,0,1,0,0,0,0,0,0,0,0,0,2,0,,0,0,,,,,,,,
HN23732,d3247f03dcd7b9335344ebba76a0b92370f32f1cb0e480c734da52db2bd8df60,hardneg,NO_VICTIM_ACTIVITY,,real,full,1,0.0,,147,0,,,,2,147,0,0,0,0,0.0,0.0,0,4,0,3,1,126,0,0,6,0,1,0,0,0,2,1,,0,,,0,0,1,0,0,0,0,0,0,0,0,0,2,0,,0,0,,,,,,,,
HN23733,ed05f5d462767b3986583188000143f0eb24f7d89605523a28950e72e6b9039a,hardneg,NO_VICTIM_ACTIVITY,,real,full,1,0.0,,147,0,,,,2,147,0,0,0,0,0.0,0.0,0,3,0,2,1,118,0,0,6,0,1,0,0,0,2,1,,0,,,0,0,1,0,0,0,0,0,0,0,0,0,2,0,,0,0,,,,,,,,
HN23734,fdadb6e15c52c41a31e3c22659dd490d5b616e017d1b1aa6070008ce09ed27ea,hardneg,NO_VICTIM_ACTIVITY,,real,full,1,7.0,,6,0,,,,3,6,0,0,0,0,0.0,0.0,0,4,0,3,1,99,0,0,4,0,0,0,0,0,2,0,,0,,,0,0,1,0,0,0,0,0,0,0,0,0,2,0,,0,0,,,,,,,,
HN23735,d689cb1dbd2e4c06cd15e51a6871c406c595790ddcdcd7dc8d0401c7183720ef,hardneg,NO_VICTIM_ACTIVITY,,real,full,1,7.0,,6,0,,,,3,6,0,0,0,0,0.0,0.0,0,3,0,2,1,96,0,0,4,0,0,0,0,0,2,0,,0,,,0,0,1,0,0,0,0,0,0,0,0,0,2,0,,0,0,,,,,,,,
HN23736,5e55b4caf47a248a10abd009617684e969dbe5c448d087ee8178262aaab68636,hardneg,NO_VICTIM_ACTIVITY,,real,full,1,0.0,,2292,0,,,,2,2292,0,0,0,0,0.0,0.0,0,40,0,39,1,143,0,0,6,0,1,0,0,0,2,1,,0,,,0,0,1,0,0,0,0,0,0,0,0,0,2,0,,0,0,,,,,,,,
HN23737,dcdb9bd39b6014434190a9949dedf633726fdb470e95cc47cdaa47c1964b969f,hardneg,NO_VICTIM_ACTIVITY,,real,full,1,7.0,,307,0,,,,2,307,0,0,0,0,0.0,0.0,0,4,0,3,1,134,0,0,6,0,1,0,0,0,2,1,,0,,,0,0,1,0,0,0,0,0,0,0,0,0,2,0,,0,0,,,,,,,,
HN23738,8d950068f46a04e77ad6637c680cccf5d703a1828fbd6bdca513268af4f2170f,hardneg,NO_VICTIM_ACTIVITY,,real,full,1,7.0,,20,0,,,,2,20,0,0,0,0,0.0,0.0,0,3,0,2,1,123,0,0,6,0,1,0,0,0,2,1,,0,,,0,0,1,0,0,0,0,0,0,0,0,0,2,0,,0,0,,,,,,,,
HN23739,6ed5d50cf9d07db73eaa92c5405f6b1bf670028c602c605dfa7d4fcb80ef0801,hardneg,NO_VICTIM_ACTIVITY,,real,full,1,7.0,,20,0,,,,2,20,0,0,0,0,0.0,0.0,0,3,0,2,1,103,0,0,6,0,1,0,0,0,2,1,,0,,,0,0,1,0,0,0,0,0,0,0,0,0,2,0,,0,0,,,,,,,,
HN23740,356448f935bac37b1c71bf4289b3e74345842202523dd50140fc75c6b3338751,hardneg,NO_VICTIM_ACTIVITY,,real,full,1,0.0,,1,0,,,,2,1,0,0,0,0,0.0,0.0,0,2,0,1,1,166,2,2,6,0,0,0,0,0,2,1,,0,,,1,0,0,0,0,0,0,0,0,0,0,0,2,0,,0,0,,,,,,,,
HN23741,26249b06420a6f96f361645545d6caa9209eaeb25e832900dcfc190baaf19c37,hardneg,NO_VICTIM_ACTIVITY,,real,full,1,0.0,,1,0,,,,2,1,0,0,0,0,0.0,0.0,0,2,0,1,1,146,2,2,6,0,0,0,0,0,2,1,,0,,,1,0,0,0,0,0,0,0,0,0,0,0,2,0,,0,0,,,,,,,,
HN23742,554f523914cdbaed8b17527170502199c185bd69a41c81102c50dbb0e5e5a78d,hardneg,NO_VICTIM_ACTIVITY,,real,full,1,0.0,,4695,0,,,,2,4695,0,0,0,0,0.0,0.0,0,25,0,23,2,132,0,0,6,0,1,0,0,3,2,1,,0,,,0,0,1,0,0,0,0,0,0,0,0,0,2,0,,0,0,,,,,,,,
HN23743,d3a816fe5d545a80e4639b34b90d92d1039eb71ef59e6e81b3c0e043a45b751c,hardneg,NO_VICTIM_ACTIVITY,,real,full,1,0.0,,3811,0,,,,2,3811,0,0,0,0,0.0,0.0,0,8,0,6,2,123,0,0,6,0,1,0,0,3,2,1,,0,,,0,0,1,0,0,0,0,0,0,0,0,0,2,0,,0,0,,,,,,,,
HN23744,4bf8fbb7db583e1aacbf36c5f740d012c8321f221066cc68107031bd8b6bc1ee,hardneg,NO_VICTIM_ACTIVITY,,real,full,1,0.0,,9,0,,,,2,9,0,0,0,0,0.0,0.0,0,3,0,2,1,142,0,0,7,0,1,0,2,2,2,2,,0,,,0,0,1,0,0,0,0,0,0,0,0,0,2,0,,0,0,,,,,,,,
HN23745,95a922e178075fb771066db4ab1bd70c7016f794709d514ab1c7f11500f016cd,hardneg,NO_VICTIM_ACTIVITY,,real,full,1,7.0,,9,0,,,,2,9,0,0,0,0,0.0,0.0,0,4,0,2,2,133,0,0,7,0,1,0,2,2,2,2,,0,,,0,0,1,0,0,0,0,0,0,0,0,0,2,0,,0,0,,,,,,,,
HN23746,e970913798481432cd590991577089e68510b861dc669dcab24feb06aae0df52,hardneg,NO_VICTIM_ACTIVITY,,real,full,1,7.0,,0,0,,,,2,0,0,0,0,0,,,0,2,0,0,2,266,0,0,6,0,0,0,2,4,2,1,,0,,,0,0,1,0,0,0,0,0,0,0,0,0,2,0,,0,0,,,,,,,,
HN23747,29c9675e41224bedf1501f4bc84de6ae5107f49e8ad46707ea6bed5c61deceef,hardneg,NO_VICTIM_ACTIVITY,,real,full,1,8.0,,75,0,,,,113,75,9,2,5,8,0.12,0.02666666666666667,3,61,2,12,47,272,0,0,7,0,0,0,2,4,2,1,,266,1,0,0,0,1,9,0,0,0,0,0,0,2,2,58,11,-95.8,0,0,,,,,,,,
HN23748,f80d7e9727a1be93dfa035bf0427fb2deacd01cbe97cd75e218e1e772e21df10,hardneg,NO_VICTIM_ACTIVITY,,real,full,1,0.0,,3,0,,,,2,3,0,0,0,0,0.0,0.0,0,4,0,2,2,136,0,0,6,0,0,0,2,0,2,1,,0,,,0,0,1,0,0,0,0,0,0,0,0,0,2,0,,0,0,,,,,,,,
HN23749,e39da31d87c447cfa9c5b1251df92ff418f9e873997e76ccab1ccca72c9d65d9,hardneg,NO_VICTIM_ACTIVITY,,real,full,1,0.0,,3,0,,,,2,3,0,0,0,0,0.0,0.0,0,4,0,2,2,132,0,0,6,0,0,0,2,0,2,1,,0,,,0,0,1,0,0,0,0,0,0,0,0,0,2,0,,0,0,,,,,,,,
HN23750,d9b8b767e7dd8253d4eb6883ed168f0c6ac89a7ea589a67d9fad1d04fb9acbab,hardneg,NO_VICTIM_ACTIVITY,,real,full,1,7.0,,4,0,,,,2,4,0,0,0,0,0.0,0.0,0,3,0,2,1,136,0,0,6,0,0,0,1,0,2,1,,0,,,0,0,1,0,0,0,0,0,0,0,0,0,2,0,,0,0,,,,,,,,
HN23751,c48a4859ac614ed008bec1cee58e85ec23272538a4ed73823a2050e2e048e0fc,hardneg,NO_VICTIM_ACTIVITY,,real,full,1,0.0,,12,0,,,,2,12,0,0,0,0,0.0,0.0,0,3,0,2,1,138,0,0,8,0,0,0,2,1,2,1,,0,,,0,0,1,0,0,0,0,0,0,0,0,0,2,0,,0,0,,,,,,,,
HN23752,85aa361ef398b441d0b95e46ad354ec734a2cf2b482acf163807641d596a94ae,hardneg,NO_VICTIM_ACTIVITY,,real,full,1,0.0,,14,0,,,,2,14,0,0,0,0,0.0,0.0,0,3,0,2,1,134,0,0,8,0,0,0,2,1,2,1,,0,,,0,0,1,0,0,0,0,0,0,0,0,0,2,0,,0,0,,,,,,,,
HN23753,a371980f5893f4ecf3b06b6cde388dc9c6ac2d311b7b5708d61eafa84c5c0b41,hardneg,NO_VICTIM_ACTIVITY,,real,full,1,7.0,,1,0,,,,2,1,0,0,0,0,0.0,0.0,0,2,0,1,1,128,2,2,8,0,0,0,0,1,2,1,,0,,,1,0,0,0,0,0,0,0,0,0,0,0,2,0,,0,0,,,,,,,,
HN23754,04e86e1a3db487ce85091448b0a4c6ef3a3bb4e9da2032f0e8f5fdcab28d3ea7,hardneg,NO_VICTIM_ACTIVITY,,real,full,1,7.0,,1,0,,,,2,1,0,0,0,0,0.0,0.0,0,3,0,1,2,121,2,2,8,0,0,0,0,1,2,1,,0,,,1,0,0,0,0,0,0,0,0,0,0,0,2,0,,0,0,,,,,,,,
HN23755,5de2fe59bbc844d958bed9ad27c4bf09d92342b3607059d5598bfe9d86f9395a,hardneg,NO_VICTIM_ACTIVITY,,real,full,1,0.0,,1,0,,,,3,1,0,0,0,0,0.0,0.0,0,3,0,1,2,251,0,0,7,0,3,0,1,1,2,2,,0,,,0,0,1,0,0,0,0,0,0,0,0,0,3,0,,0,0,,,,,,,,
HN23756,24193daf52407a536f63e2c74eb6fc590e8502b059ce14d7d79584cae5a00940,hardneg,NO_VICTIM_ACTIVITY,,real,full,1,0.0,,1,0,,,,3,1,0,0,0,0,0.0,0.0,0,3,0,1,2,247,0,0,7,0,3,0,1,1,2,2,,0,,,0,0,1,0,0,0,0,0,0,0,0,0,3,0,,0,0,,,,,,,,
HN23757,d7d1ebac76fd713759b996e9b8724fad508717a6c385dd8e04d0d756dc9a3dc5,hardneg,NO_VICTIM_ACTIVITY,,real,full,1,7.0,,0,0,,,,2,0,0,0,0,0,,,0,2,0,0,2,139,0,0,5,0,0,0,0,0,2,0,,0,,,0,0,1,0,0,0,0,0,0,0,0,0,2,0,,0,0,,,,,,,,
HN23758,a2efff8d5bce9db4b899d38afaa706bdfd822711f929616a51b0dbc9f76c6281,hardneg,NO_VICTIM_ACTIVITY,,real,full,1,0.0,,1,0,,,,2,1,0,0,0,0,0.0,0.0,0,2,0,1,1,207,2,0,8,0,0,0,1,1,2,2,,0,,,1,0,0,0,0,0,0,0,0,0,0,0,2,0,,0,0,,,,,,,,
HN23759,b0506ade6699089afb32350a5a08814c9c0f49f440d0102a8a3c7baed2656d55,hardneg,NO_VICTIM_ACTIVITY,,real,full,1,0.0,,1,0,,,,2,1,0,0,0,0,0.0,0.0,0,2,0,1,1,198,2,0,8,0,0,0,1,1,2,2,,0,,,1,0,0,0,0,0,0,0,0,0,0,0,2,0,,0,0,,,,,,,,
HN23760,a243c44fe32d9afafb7fec5c6da2f133bf605563e068a95cc5043de2d9e50257,hardneg,NO_VICTIM_ACTIVITY,,real,full,1,7.0,,7,0,,,,2,7,0,0,0,0,0.0,0.0,0,4,0,3,1,131,0,0,7,0,0,0,2,1,2,1,,0,,,0,0,1,0,0,0,0,0,0,0,0,0,2,0,,0,0,,,,,,,,
HN23761,f0e8bdbf4f75c13fa55eb983ca9380ce5da0ac0fdc9a8f02d82446fab664fe96,hardneg,NO_VICTIM_ACTIVITY,,real,full,1,0.0,,7,0,,,,2,7,0,0,0,0,0.0,0.0,0,3,0,2,1,127,0,0,7,0,0,0,2,1,2,1,,0,,,0,0,1,0,0,0,0,0,0,0,0,0,2,0,,0,0,,,,,,,,
HN23762,05dbb43499bcff44424c7ac2d987ea9e9742cd90afe360e84ba0bccade17f71b,hardneg,NO_VICTIM_ACTIVITY,,real,full,1,7.0,,12,0,,,,2,12,0,0,0,0,0.0,0.0,0,3,0,2,1,131,0,0,7,0,0,0,0,0,2,0,,0,,,0,0,1,0,0,0,0,0,0,0,0,0,2,0,,0,0,,,,,,,,
HN23763,a7553d77edca85bec980e38e69bf0e9f36962f20be0ee759e9a96030d519c5a0,hardneg,NO_VICTIM_ACTIVITY,,real,full,1,0.0,,12,0,,,,2,12,0,0,0,0,0.0,0.0,0,3,0,2,1,127,0,0,7,0,0,0,0,0,2,0,,0,,,0,0,1,0,0,0,0,0,0,0,0,0,2,0,,0,0,,,,,,,,
HN23764,27038cb10080d92915c08d08f3ec37a85bed87bdb05d47b90425917b00f4654f,hardneg,NO_VICTIM_ACTIVITY,,real,full,1,7.0,,4,0,,,,2,4,0,0,0,0,0.0,0.0,0,4,0,3,1,137,0,0,7,0,0,0,0,0,2,0,,0,,,0,0,1,0,0,0,0,0,0,0,0,0,2,0,,0,0,,,,,,,,
HN23765,2cd0a14d50ec5c989627df57cafb78f0c43d7bfbcda1d59f2199e5d6ce053ecd,hardneg,NO_VICTIM_ACTIVITY,,real,full,1,7.0,,4,0,,,,2,4,0,0,0,0,0.0,0.0,0,4,0,3,1,133,0,0,7,0,0,0,0,0,2,0,,0,,,0,0,1,0,0,0,0,0,0,0,0,0,2,0,,0,0,,,,,,,,
HN23766,f9fdc027050d59608062a95c41e3965e3800fd5a91f35de080a432d62bd129c1,hardneg,NO_VICTIM_ACTIVITY,,real,full,1,0.0,,559,0,,,,1922,559,0,0,0,0,0.0,0.0,0,50,0,35,15,142,0,0,7,0,0,0,2,0,2,1,,0,,,0,0,1,0,0,0,0,0,0,0,0,0,2,0,,0,0,,,,,,,,
HN23767,37621bdac3ced1103278e8c0ef7b73dfa1cbe9becfbaff421a46fbc78d636b5f,hardneg,NO_VICTIM_ACTIVITY,,real,full,1,0.0,,577,0,,,,1924,577,0,0,0,0,0.0,0.0,0,28,0,22,6,134,0,0,7,0,0,0,2,0,2,1,,0,,,0,0,1,0,0,0,0,0,0,0,0,0,2,0,,0,0,,,,,,,,
HN23768,0cbcb7ec4a042622b0d9d91b18f908e4208e4725ee1fa74a3555c4dcb622cfc1,hardneg,NO_VICTIM_ACTIVITY,,real,full,1,7.0,,7,0,,,,2,7,1,1,0,20,0.14285714285714285,0.14285714285714285,1,25,0,3,22,389,0,0,6,0,0,0,4,1,2,1,,0,,,0,0,1,8,0,0,0,0,0,0,2,7,4,0,-28.6,0,0,,,,,,,,
HN23776,9775b4bbe23b8eb93727efe0a6d0b160ae5132a10b223f43200499cf0051a18f,hardneg,NO_VICTIM_ACTIVITY,,real,full,1,7.0,,4,0,,,,2,4,1,1,0,16,0.25,0.25,1,21,0,2,19,378,0,0,6,0,0,0,4,1,2,1,,0,,,0,0,1,8,0,0,0,0,0,0,4,9,4,0,-127.1,0,0,,,,,,,,
HN23777,0b3731c524e6ba716f15087d85eae7e6225b6b51d4ae2fa6c142ff1523f57046,hardneg,NO_VICTIM_ACTIVITY,,real,full,1,9.0,,8,2,-0.02743654598371212,,,67,8,0,0,0,30,0.0,0.0,0,53,0,2,51,378,0,0,7,0,0,0,5,2,2,1,,0,,,0,1,0,10,0,0,0,0,0,0,2,5,24,0,-204.4,0,0,,,,,,,,
HN23778,a834987f7b6098027e3392366f3985f5644bbe7396406e2a43e5688ddc00bbdf,hardneg,NO_VICTIM_ACTIVITY,,real,full,1,9.0,,26,2,-0.03533326266687867,,,78,26,16,14,0,5,0.6153846153846154,0.5384615384615384,2,57,0,4,53,371,0,0,7,0,0,0,5,2,2,1,,378,1,0,0,1,0,5,0,0,0,0,0,0,2,2,25,0,-59.4,0,0,,,,,,,,
HN23779,0797b9f6e0281d8f31791d8f92b375d1074ff7c68266f9372ab54f26b9dcdd3c,hardneg,NO_VICTIM_ACTIVITY,,real,full,1,0.0,,5,0,,,,2,5,0,0,0,0,0.0,0.0,0,3,0,2,1,141,0,0,6,0,0,0,0,0,2,0,,0,,,0,0,1,0,0,0,0,0,0,0,0,0,2,0,,0,0,,,,,,,,
HN23780,ea845b43c323e35df041b8914a520f1d9643e3689454ab3049c2103458a0142d,hardneg,NO_VICTIM_ACTIVITY,,real,full,1,7.0,,5,0,,,,2,5,0,0,0,0,0.0,0.0,0,3,0,2,1,137,0,0,6,0,0,0,0,0,2,0,,0,,,0,0,1,0,0,0,0,0,0,0,0,0,2,0,,0,0,,,,,,,,
HN23781,e2a2a818ab71c388fa2e4d4af6a1abbeb32c9fcbaa22ec7e7c0cc8a044639662,hardneg,NO_VICTIM_ACTIVITY,,real,full,1,7.0,,5,0,,,,12,5,0,0,0,0,0.0,0.0,0,7,0,1,6,402,0,0,6,0,0,0,1,0,2,1,,0,,,0,0,1,0,0,0,0,0,0,0,0,0,2,0,,0,0,,,,,,,,
HN23782,c8313c8ea55733451a27dd43b66f90b27ff7cee5ab207c6826387a9b79c8f8a7,hardneg,NO_VICTIM_ACTIVITY,,real,full,1,7.0,,0,0,,,,7,0,0,0,0,0,,,0,6,0,0,6,394,0,0,6,0,0,0,1,0,2,1,,0,,,0,0,1,0,0,0,0,0,0,0,0,0,2,0,,0,0,,,,,,,,
HN23783,84d4b083a25d9365a969b7de20a0bdc7f1ae04f5ce3eefc4517ca1b13c308d1d,hardneg,NO_VICTIM_ACTIVITY,,real,full,1,0.0,,2404,0,,,,0,2404,0,0,0,0,0.0,0.0,0,71,0,71,0,140,0,0,6,0,0,0,0,0,2,0,,0,,,0,0,1,0,0,0,0,0,0,0,0,0,2,0,,0,0,,,,,,,,
HN23784,a2efff8d5bce9db4b899d38afaa706bdfd822711f929616a51b0dbc9f76c6281,hardneg,NO_VICTIM_ACTIVITY,,real,full,1,8.0,,119,2625,0.18011698232425094,4.74551150518432,7.920230559572816,3329,119,0,0,0,0,0.0,0.0,0,558,0,76,482,207,2,0,8,0,0,0,1,1,2,2,,0,,,0,0,1,0,0,0,0,0,0,0,0,0,2,0,,0,0,,,,,,,,
HN23785,05dbb43499bcff44424c7ac2d987ea9e9742cd90afe360e84ba0bccade17f71b,hardneg,NO_VICTIM_ACTIVITY,,real,full,1,0.0,,4654,0,,,,56,4654,0,0,0,0,0.0,0.0,0,65,0,32,33,131,0,0,7,0,0,0,0,0,2,0,,0,,,0,0,1,0,0,0,0,0,0,0,0,0,2,0,,0,0,,,,,,,,
HN23786,a243c44fe32d9afafb7fec5c6da2f133bf605563e068a95cc5043de2d9e50257,hardneg,NO_VICTIM_ACTIVITY,,real,full,1,0.0,,4999,0,,,,0,4999,0,0,0,0,0.0,0.0,0,82,0,82,0,131,0,0,7,0,0,0,2,1,2,1,,0,,,0,0,1,0,0,0,0,0,0,0,0,0,2,0,,0,0,,,,,,,,
HN23787,b0506ade6699089afb32350a5a08814c9c0f49f440d0102a8a3c7baed2656d55,hardneg,NO_VICTIM_ACTIVITY,,real,full,1,0.0,,0,0,,,,0,0,0,0,0,0,,,0,0,0,0,0,198,2,0,8,0,0,0,1,1,2,2,,0,,,1,0,0,0,0,0,0,0,0,0,0,0,2,0,,0,0,,,,,,,,
HN23788,063473719cdffa94ef10c380dee3eacf148cc6643a3a8c2c7cc214a180ed2826,hardneg,NO_VICTIM_ACTIVITY,,real,full,1,0.0,,162,0,,,,0,162,0,0,0,0,0.0,0.0,0,20,0,20,0,123,0,0,7,0,0,0,2,1,2,1,,0,,,0,0,1,0,0,0,0,0,0,0,0,0,2,0,,0,0,,,,,,,,
HN23789,261a8e5e9c08e835c42aec964ca27ae63357a4ae435cc91a6c024ea6a8a55d74,hardneg,NO_VICTIM_ACTIVITY,,real,full,1,0.0,,142,0,,,,0,142,0,0,0,0,0.0,0.0,0,14,0,14,0,115,0,0,7,0,0,0,2,1,2,1,,0,,,0,0,1,0,0,0,0,0,0,0,0,0,2,0,,0,0,,,,,,,,
HN23790,a371980f5893f4ecf3b06b6cde388dc9c6ac2d311b7b5708d61eafa84c5c0b41,hardneg,TRUE_ENCRYPTION,,real,full,1,9.0,Scarab-Dharma,684,0,,,,0,684,57,1482,0,0,0.08333333333333333,2.1666666666666665,119,61,0,4,57,128,2,2,8,0,0,0,0,1,2,1,,0,,,1,0,0,0,0,0,0,0,0,0,0,0,2,0,,0,0,,,,,,,,
HN23791,04e86e1a3db487ce85091448b0a4c6ef3a3bb4e9da2032f0e8f5fdcab28d3ea7,hardneg,TRUE_ENCRYPTION,,real,full,1,9.0,Scarab-Dharma,342,0,,,,0,342,57,1482,0,0,0.16666666666666666,4.333333333333333,120,20,0,0,20,121,2,2,8,0,0,0,0,1,2,1,,0,,,1,0,0,0,0,0,0,0,0,0,0,0,2,0,,0,0,,,,,,,,
HN23792,a371980f5893f4ecf3b06b6cde388dc9c6ac2d311b7b5708d61eafa84c5c0b41,hardneg,TRUE_ENCRYPTION,,real,full,1,7.0,,93,0,,,,0,93,15,390,0,0,0.16129032258064516,4.193548387096774,87,20,0,1,19,128,2,2,8,0,0,0,0,1,2,1,,0,,,1,0,0,0,0,0,0,0,0,0,0,0,2,0,,0,0,,,,,,,,
HN23793,84d4b083a25d9365a969b7de20a0bdc7f1ae04f5ce3eefc4517ca1b13c308d1d,hardneg,NO_VICTIM_ACTIVITY,,real,full,1,0.0,,4970,0,,,,0,4970,0,0,0,0,0.0,0.0,0,166,0,166,0,140,0,0,6,0,0,0,0,0,2,0,,0,,,0,0,1,0,0,0,0,0,0,0,0,0,2,0,,0,0,,,,,,,,
HN23794,f23c10c525f2273d53293c56821b7095732ace091b7825ed7b21bf79b05d52a9,hardneg,NO_VICTIM_ACTIVITY,,real,full,1,0.0,,4898,0,,,,0,4898,0,0,0,0,0.0,0.0,0,75,0,75,0,137,0,0,6,0,0,0,0,0,2,0,,0,,,0,0,1,0,0,0,0,0,0,0,0,0,0,0,,0,0,,,,,,,,
HN23795,843b6b1d275946f2c4569169c10c50eec0968c4b2f0bed68c50e79f828fab9f3,hardneg,NO_VICTIM_ACTIVITY,,real,full,1,8.0,,4999,0,,,,1,4999,0,0,0,0,0.0,0.0,0,131,0,131,0,198,0,0,6,0,0,0,5,2,2,1,,0,,,0,0,1,0,0,0,0,0,0,0,0,0,2,0,,0,0,,,,,,,,
HN23796,b1bc5a3660c922506be7f8db3ce6e229d530bca8e58ee37fa762b9a9d806854b,hardneg,FAILED,,real,full,1,0.0,,3,0,,,,0,3,0,0,0,0,0.0,0.0,0,1,0,1,0,108,0,0,6,0,0,0,0,0,2,0,,0,,,0,0,1,0,0,0,0,0,0,0,0,0,2,0,,0,0,,,,,,,,
HN23797,c48a4859ac614ed008bec1cee58e85ec23272538a4ed73823a2050e2e048e0fc,hardneg,NO_VICTIM_ACTIVITY,,real,full,1,0.0,,4,0,,,,0,4,0,0,0,0,0.0,0.0,0,1,0,1,0,138,0,0,8,0,0,0,2,1,2,1,,0,,,0,0,1,0,0,0,0,0,0,0,0,0,2,0,,0,0,,,,,,,,
HN23798,85aa361ef398b441d0b95e46ad354ec734a2cf2b482acf163807641d596a94ae,hardneg,NO_VICTIM_ACTIVITY,,real,full,1,7.0,,4,0,,,,0,4,0,0,0,0,0.0,0.0,0,1,0,1,0,134,0,0,8,0,0,0,2,1,2,1,,0,,,0,0,1,0,0,0,0,0,0,0,0,0,2,0,,0,0,,,,,,,,
HN23799,24bafcc570cc9bbb6b6e6652a57a519e0464e3996891aaba6f55299cce20b04f,hardneg,NO_VICTIM_ACTIVITY,,real,full,1,0.0,,4999,0,,,,0,4999,1,0,0,0,0.00020004000800160032,0.0,1,74,0,73,1,148,0,0,7,1,0,0,2,1,2,2,,0,,,0,0,1,0,0,0,0,0,0,0,0,0,7,0,,0,0,,,,,,,,
HN23800,29d23bc492e48a5ae68444302d3430e07d08e04278d53aa70d9367d9cf8bceb7,hardneg,NO_VICTIM_ACTIVITY,,real,full,1,0.0,,4999,0,,,,2692,4999,0,0,0,0,0.0,0.0,0,287,0,276,11,128,0,0,5,0,0,0,2,0,2,1,,0,,,0,0,1,0,0,0,0,0,0,0,0,0,0,0,,0,0,,,,,,,,
HN23801,5e55b4caf47a248a10abd009617684e969dbe5c448d087ee8178262aaab68636,hardneg,NO_VICTIM_ACTIVITY,,real,full,1,0.0,,1840,0,,,,0,1840,0,0,0,0,0.0,0.0,0,37,0,37,0,143,0,0,6,0,1,0,0,0,2,1,,0,,,0,0,1,0,0,0,0,0,0,0,0,0,2,0,,0,0,,,,,,,,
HN23802,c30e4e525a4c5680d01df3431ecdac27aaabaa572d53cdd4934994f6210e2776,hardneg,NO_VICTIM_ACTIVITY,,real,full,0,10.0,,25,108,-0.10523981464737378,3.0372236615871877,6.501310538652876,1085,25,3,1,0,2,0.12,0.04,2,84,3,4,77,0,0,0,0,0,0,0,0,0,0,0,,0,,,,,,2,0,0,0,0,0,0,2,2,257,128,-19.6,0,0,,,,,,,,
HN23803,1a508c600a52823cd6a15b0c58388494ef6e15fd8bbadf32484a803b3136135e,hardneg,NO_VICTIM_ACTIVITY,,real,full,0,10.0,,17,104,-0.12244606380257511,2.9695431460786663,3.1841251211136345,812,17,3,1,0,1,0.17647058823529413,0.058823529411764705,3,64,2,7,55,0,0,0,0,0,0,0,0,0,0,0,,0,,,,,,1,0,0,0,0,0,0,2,2,242,128,-14.8,0,0,,,,,,,,
HN23804,89b61bf16eea43fb9a247bae977a1909918175287c20db5b5a1567c3785ccac4,hardneg,NO_VICTIM_ACTIVITY,,real,full,0,5.3,,0,0,,,,13,0,0,0,0,4,,,0,6,0,0,6,0,0,0,0,0,0,0,0,0,0,0,,0,,,,,,5,0,0,0,0,0,0,1,1,8,0,,0,0,,,,,,,,
HN23932,73b24d3892c733aa16997de6f30b7ee1919525268b112ddc3d12667086011c6a,hardneg,TRUE_ENCRYPTION,,real,full,0,10.0,,116,522,-0.004667655549606792,6.289780314433494,6.476157391559539,128,116,68,2,117,7,0.5862068965517241,0.017241379310344827,19,119,3,13,103,0,0,0,0,0,0,0,0,0,0,0,,0,,,,,,7,0,0,0,0,0,0,2,2,46,11,-20.2,0,0,,,,,,,,
HN23933,90ee046ba884718fb9808a7d798b78db180ffa1d776a12683a985463c96b7a60,hardneg,NO_VICTIM_ACTIVITY,,real,full,0,10.0,,16,108,-0.12744456328526285,3.038029213002272,6.544004763652342,863,16,4,1,0,1,0.25,0.0625,3,63,2,8,53,0,0,0,0,0,0,0,0,0,0,0,,0,,,,,,1,0,0,0,0,0,0,2,2,256,128,-20.3,0,0,,,,,,,,
HN23934,c9c8bdf5de1d15c521ee6332a1d972ff47f3a28d3568ab184850545ab6e327f4,hardneg,NO_VICTIM_ACTIVITY,,real,full,0,10.0,,15,0,,,,974,15,4,1,0,1,0.26666666666666666,0.06666666666666667,3,71,3,6,62,0,0,0,0,0,0,0,0,0,0,0,,0,,,,,,1,0,0,0,0,0,0,2,2,239,128,-18.5,0,0,,,,,,,,
HN23935,29bd7ed30e1d77fa71eee9696bff26a2afd335ba2b7868768ab7c30d50f8a6d3,hardneg,NO_VICTIM_ACTIVITY,,real,full,0,10.0,,28,108,-0.007343021794325332,3.0377312756706676,6.528214085077277,1185,28,4,1,0,21,0.14285714285714285,0.03571428571428571,3,89,2,10,77,0,0,0,0,0,0,0,0,0,0,0,,0,,,,,,10,0,0,0,0,0,0,4,4,245,127,-17.1,0,0,,,,,,,,
HN23936,5a5cdd05702273b23b957f27e43a84730935c05b471bd7129c021f8cb2a77770,hardneg,NO_VICTIM_ACTIVITY,,real,full,0,10.0,,49,3,-0.005140397243154948,,,1545,49,4,1,0,1,0.08163265306122448,0.02040816326530612,3,77,1,9,67,0,0,0,0,0,0,0,0,0,0,0,,0,,,,,,1,0,0,0,0,0,0,2,2,262,131,-22.3,0,0,,,,,,,,
HN23937,c7f2792de443a6f6fe4f58cb04d10c6f6568824c8544a667cc9206c0cf2200bc,hardneg,NO_VICTIM_ACTIVITY,,real,full,0,10.0,,13,104,-0.00837454457568525,3.051833686126533,6.405545070284603,510,13,3,1,0,21,0.23076923076923078,0.07692307692307693,3,76,2,5,69,0,0,0,0,0,0,0,0,0,0,0,,0,,,,,,8,0,0,0,0,0,0,4,8,29,55,-13.5,0,0,,,,,,,,
HN23938,26507cf912a99c27b2210a4601d84a3cb4e2a5eca893ba3b3fb614b81e7e7dbc,hardneg,NO_VICTIM_ACTIVITY,,real,full,0,10.0,,14,108,0.6767253231509642,3.0407084258286416,6.644167681510022,63,14,3,1,0,1,0.21428571428571427,0.07142857142857142,3,14,2,4,8,0,0,0,0,0,0,0,0,0,0,0,,0,,,,,,1,0,0,0,0,0,0,1,1,57,126,-11.9,0,0,,,,,,,,
HN23939,1d11768bf0b843a765c36fe5f8ae233054191262a3579ad91e1401b2bb06775c,hardneg,NO_VICTIM_ACTIVITY,,real,full,0,10.0,,12,103,0.48269434661280347,3.045665962261298,6.544167681510022,165,12,3,1,0,20,0.25,0.08333333333333333,3,37,2,4,31,0,0,0,0,0,0,0,0,0,0,0,,0,,,,,,9,0,0,0,0,0,0,3,6,84,131,-12.3,0,0,,,,,,,,
HN23940,cc7dd702fafc83020b9fa064448bb7fd967c1cb74d2f49a71ac388b9261e3d94,hardneg,NO_VICTIM_ACTIVITY,,real,full,0,10.0,,12,108,0.007130678400662343,3.0366652991440053,6.429881967224306,79,12,3,1,0,21,0.25,0.08333333333333333,3,34,2,5,27,0,0,0,0,0,0,0,0,0,0,0,,0,,,,,,9,0,0,0,0,0,0,3,4,52,126,-13.5,0,0,,,,,,,,
HN23941,ad4bd72d0307e80c88bd37031b719c0badd29eca254a681591ea86d40a3d894a,hardneg,NO_VICTIM_ACTIVITY,,real,full,0,10.0,,11,108,-0.12450614185424995,3.041058871438439,6.609219742728887,540,11,4,1,0,22,0.36363636363636365,0.09090909090909091,3,80,2,4,74,0,0,0,0,0,0,0,0,0,0,0,,0,,,,,,11,0,0,0,0,0,0,5,6,37,5,-3.8,0,0,,,,,,,,
HN23942,972e22a0d377b1ef805914db5da2682ce7fb5c727fb852003a4163b3e2cc2698,hardneg,NO_VICTIM_ACTIVITY,,real,full,0,10.0,,10,108,0.3412377070677387,3.038233321691732,6.459465606153422,612,10,4,1,0,22,0.4,0.1,3,79,1,5,73,0,0,0,0,0,0,0,0,0,0,0,,0,,,,,,11,0,0,0,0,0,0,5,6,37,5,-3.0,0,0,,,,,,,,
HN23943,eaa6f90cd5e130d981b111dcfbb5b593e36cc9d62e075f106e2736af9af2f801,hardneg,NO_VICTIM_ACTIVITY,,real,full,0,10.0,,11,84,-0.11580531788354748,3.039998666002285,6.538775627923138,646,11,2,1,0,2,0.18181818181818182,0.09090909090909091,2,54,2,4,48,0,0,0,0,0,0,0,0,0,0,0,,0,,,,,,2,0,0,0,0,0,0,3,3,31,3,-4.0,0,0,,,,,,,,
HN23944,749c9a58420af720f4e45a8802d550add30f0b55a0e969f284a42ddb53b82702,hardneg,NO_VICTIM_ACTIVITY,,real,full,0,10.0,,6,108,-0.31165604628207905,3.036750465511357,6.434395784693943,39,6,3,1,0,0,0.5,0.16666666666666666,3,9,2,0,7,0,0,0,0,0,0,0,0,0,0,0,,0,,,,,,0,0,0,0,0,0,0,1,1,40,126,-17.2,0,0,,,,,,,,
HN23945,d24a009beff0c5892f81f33a1aa430e5c3b6980a2d5e5e3ad80d3d73b07066b0,hardneg,NO_VICTIM_ACTIVITY,,real,full,0,10.0,,7,108,0.03192339611372538,3.037521851643739,6.475279249710196,40,7,3,1,0,0,0.42857142857142855,0.14285714285714285,3,13,1,2,10,0,0,0,0,0,0,0,0,0,0,0,,0,,,,,,0,0,0,0,0,0,0,1,1,41,126,-21.6,0,0,,,,,,,,
HN23946,0609da185826a3dfc5b6e0a38aea048a1aaf7b9bc75548c95ff5f47af7abb549,hardneg,NO_VICTIM_ACTIVITY,,real,full,0,10.0,,6,108,-0.005794422662939651,3.038348617876576,6.519097860050543,493,6,3,1,0,5,0.5,0.16666666666666666,3,53,2,1,50,0,0,0,0,0,0,0,0,0,0,0,,0,,,,,,4,0,0,0,0,0,0,2,2,53,126,-15.2,0,0,,,,,,,,
HN23947,617192bbe03ed089d93a6267621480db17b9e96b08df47697bea495bb5e11f81,hardneg,NO_VICTIM_ACTIVITY,,real,full,0,10.0,,57,108,-0.009631250694738764,3.0366019394777424,6.468359266852255,3501,57,2,1,1,22,0.03508771929824561,0.017543859649122806,2,119,2,8,109,0,0,0,0,0,0,0,0,0,0,0,,0,,,,,,10,0,0,0,0,0,0,4,8,251,127,-14.5,0,0,,,,,,,,
HN23948,1a508c600a52823cd6a15b0c58388494ef6e15fd8bbadf32484a803b3136135e,hardneg,NO_VICTIM_ACTIVITY,,real,full,0,10.0,,16,108,-0.02896348800602925,3.0379800476299232,6.541398998917845,1997,16,3,1,0,1,0.1875,0.0625,3,68,1,8,59,0,0,0,0,0,0,0,0,0,0,0,,0,,,,,,1,0,0,0,0,0,0,2,2,243,128,-17.5,0,0,,,,,,,,
HN23949,483f5850d441a3ef034c5c316354a355a59aa3d2e09805251f1907cb0fcd6f7f,hardneg,NO_VICTIM_ACTIVITY,,real,full,0,10.0,,26,82,-0.007357030497505903,3.0694330259121747,6.489927481199781,1409,26,3,1,0,20,0.11538461538461539,0.038461538461538464,3,102,2,7,93,0,0,0,0,0,0,0,0,0,0,0,,0,,,,,,11,0,0,0,0,0,0,3,3,263,128,-57.0,0,0,,,,,,,,
HN23950,074a5f7842000c1ceaacb28529e3fc03369f113f81d24881b9dc69468e415d21,hardneg,NO_VICTIM_ACTIVITY,,real,full,0,5.3,,0,0,,,,13,0,0,0,0,4,,,0,5,0,0,5,0,0,0,0,0,0,0,0,0,0,0,,0,,,,,,5,0,0,0,0,0,0,1,1,8,0,,0,0,,,,,,,,
HN23951,89b61bf16eea43fb9a247bae977a1909918175287c20db5b5a1567c3785ccac4,hardneg,NO_VICTIM_ACTIVITY,,real,full,0,5.3,,0,0,,,,13,0,0,0,0,4,,,0,6,0,0,6,0,0,0,0,0,0,0,0,0,0,0,,0,,,,,,5,0,0,0,0,0,0,1,1,8,0,,0,0,,,,,,,,
HN23952,8eab175c40b3448540515fd6a2890d7d9f0e30974ca0dec77d74e6600617ed43,hardneg,NO_VICTIM_ACTIVITY,,real,full,0,6.299999999999999,,4,0,,,,13,4,1,1,0,6,0.25,0.25,1,11,0,1,10,0,0,0,0,0,0,0,0,0,0,0,,0,,,,,,8,0,0,0,0,0,0,1,1,21,3,228.5,0,0,,,,,,,,
HN23953,2599a5dba98653e01be3d375a4b2d288f58e41ced8754039b386892d70b69297,hardneg,NO_VICTIM_ACTIVITY,,real,full,1,9.0,,5,0,,,,19,5,3,0,0,0,0.6,0.0,2,2,1,0,1,154,0,0,3,0,0,0,0,0,0,0,,19,0,0,0,0,1,0,0,0,0,0,0,0,0,0,0,0,,0,0,,,,,,,,
HN23954,2599a5dba98653e01be3d375a4b2d288f58e41ced8754039b386892d70b69297,hardneg,NO_VICTIM_ACTIVITY,,real,full,1,9.0,,28,0,,,,98,28,2,0,0,0,0.07142857142857142,0.0,1,4,1,3,0,154,0,0,3,0,0,0,0,0,0,0,,91,0,0,0,0,1,0,0,0,0,0,0,0,0,0,0,0,,0,0,,,,,,,,
HN23955,8370b1f64ab68aa7c542db1dce20ca5d2cb0f3672bcfe7b98a80c7a2aaef487d,hardneg,NO_VICTIM_ACTIVITY,,real,full,1,9.0,,23,0,,,,11,23,1,0,0,0,0.043478260869565216,0.0,1,1,1,0,0,163,0,0,8,0,0,0,2,1,0,1,,0,,,0,0,1,0,0,0,0,0,0,0,0,0,0,0,,0,0,,,,,,,,
HN23956,e0da12e815e7d1b20b2832ba37998e97ccccc74ffed483942ae5ef3d2032351c,hardneg,NO_VICTIM_ACTIVITY,,real,full,1,9.0,,111,0,,,,80,111,2,0,0,0,0.018018018018018018,0.0,1,3,1,2,0,165,0,0,8,0,0,0,2,1,0,1,,110,0,0,0,0,1,0,0,0,0,0,0,0,0,0,0,0,,0,0,,,,,,,,
HN23957,4a6d77f023c0209a396fcf2f3c7c04e240b6ba9897b3231a6ed18e14c10caa16,hardneg,TRUE_ENCRYPTION,,real,full,1,9.0,,1323,0,,,,376,1323,11,270,0,4,0.008314436885865457,0.20408163265306123,5,74,4,4,66,150,0,0,5,1,0,0,2,1,0,2,,13373,3,1,0,0,1,4,0,0,0,0,0,0,1,1,50,5,-376.4,0,0,,,,,,,,
HN23958,2bf1b89b1047136490fc321d2fdc988b42dd86f693eea7872746ac6adf722bc3,hardneg,NO_VICTIM_ACTIVITY,,real,full,0,3.1999999999999997,,0,0,,,,1,0,0,0,0,0,,,0,1,0,0,1,19,0,0,0,0,0,0,0,0,0,0,,0,,,0,0,1,0,0,0,0,0,0,0,0,0,0,0,,0,0,,,,,,,,
HN23959,0c9248e1a2de5f09d5cc49ac9ea2f8a680fcdc165c292c732cee68a13af1e892,hardneg,NO_VICTIM_ACTIVITY,,real,full,1,9.0,,91,0,,,,72,91,2,0,0,0,0.02197802197802198,0.0,1,2,1,1,0,164,0,0,8,0,0,0,2,1,0,1,,73,0,0,0,0,1,0,0,0,0,0,0,0,0,0,0,0,,0,0,,,,,,,,
HN23960,1b38ff824dc06974ef61038c236a44e9410e2a39a2174f114f8f00d6f91fb416,hardneg,NO_VICTIM_ACTIVITY,,real,full,1,9.0,,50,0,,,,114,50,2,0,0,0,0.04,0.0,1,4,1,3,0,154,0,0,3,0,0,0,0,0,0,0,,184,0,0,0,0,1,0,0,0,0,0,0,0,0,0,0,0,,0,0,,,,,,,,
HN23961,2301f98fe5516720528606318b6a05f9f5d142eaaca9e0e397337015d288b415,hardneg,NO_VICTIM_ACTIVITY,,real,full,1,9.0,,144,0,,,,257,144,12,13,0,34,0.08333333333333333,0.09027777777777778,5,51,2,5,44,150,0,0,5,1,0,0,2,1,0,2,,2846,4,2,0,0,1,11,0,0,0,0,0,0,2,4,33,5,-237.0,0,0,,,,,,,,
HN23962,fc512c667fc9960a94a62fa590f20b0e42d4b1f354a2cfdbdde24101f867b8dc,hardneg,TRUE_ENCRYPTION,,real,full,1,9.0,,591,10,0.22461918445037934,,,5227,591,45,116,6,10,0.07614213197969544,0.19627749576988154,14,83,1,22,60,149,0,0,5,1,0,0,2,1,0,2,,1138,4,2,0,1,0,12,0,0,0,1,0,0,1,1,58,13,-388.0,1,1,0,0,,0,367.2,1,1,0.085
HN23963,9bb4971e729a2ad1612e8aa2fa490b69c33af7f42515f9b642c7d0f80f8c0fd3,hardneg,TRUE_ENCRYPTION,,real,full,1,9.0,,292,33,-0.013358624089154015,4.84492181346527,6.337733567445685,321,292,24,93,0,17,0.0821917808219178,0.3184931506849315,6,111,8,17,86,142,0,0,4,0,0,0,2,1,0,1,,583,3,2,0,1,0,14,0,0,0,0,0,0,2,2,87,8,-109.8,0,0,,,,,,,,
HN23964,6becb8e5a041941d5f2fd6fe83c66fc15b2b16190e2e79f5ad47eb4cd18df8cd,hardneg,NO_VICTIM_ACTIVITY,,real,full,1,9.0,,247,0,,,,465,247,18,2,5,9,0.0728744939271255,0.008097165991902834,5,105,3,23,79,162,0,0,8,0,0,0,2,1,0,1,,935,2,1,0,0,1,8,0,0,0,0,0,0,4,4,42,10,-119.6,0,0,,,,,,,,
HN23965,275fb3921aff59d2d73b6d2e4eea1ba545949c7f1b16f5e8564562b227079d47,hardneg,TRUE_ENCRYPTION,,real,full,1,9.0,,614,0,,,,598,614,16,232,5,20,0.026058631921824105,0.3778501628664495,7,100,13,12,75,138,0,0,4,0,0,0,2,1,0,1,,1957,4,3,0,0,1,10,0,0,0,0,0,0,3,7,72,15,-134.4,0,0,,,,,,,,
HN23966,e2bc9b3c2ff1feffdf5b17bf10ce211fefae199278824f5240f4e7d3b643b0e3,hardneg,NO_VICTIM_ACTIVITY,,real,full,1,9.0,,42,0,,,,94,42,2,0,0,0,0.047619047619047616,0.0,1,4,1,3,0,171,0,0,7,0,0,0,0,1,0,0,,138,0,0,0,0,1,0,0,0,0,0,0,0,0,0,0,0,,0,0,,,,,,,,
HN23967,bd2cc4ed5309adbae88ef6e401b33ee922e088d9fbca95d4c9d1b2a440d5cd80,hardneg,TRUE_ENCRYPTION,,real,full,1,9.0,,151,0,,,,267,151,9,0,0,0,0.059602649006622516,0.0,4,11,2,8,1,171,0,0,7,0,0,0,0,1,0,0,,159,0,0,0,0,1,0,0,0,0,0,0,0,0,0,0,0,,0,0,,,,,,,,
HN23968,40e837a28998a5100a1fb50c46cc0f4145db83e77d769a1fcd57349f45fa38a8,hardneg,NO_VICTIM_ACTIVITY,,real,full,1,9.0,,18,0,,,,11,18,1,0,0,0,0.05555555555555555,0.0,1,1,1,0,0,164,0,0,8,0,0,0,2,1,0,1,,0,,,0,0,1,0,0,0,0,0,0,0,0,0,0,0,,0,0,,,,,,,,
HN23969,3b43a268d855b70bfc398c138c9e1acb78f9c7892867e32a8b09d2b19203d56d,hardneg,NO_VICTIM_ACTIVITY,,real,full,1,9.0,,57,0,,,,103,57,2,0,0,0,0.03508771929824561,0.0,1,5,1,3,1,167,0,0,7,0,0,0,0,1,0,0,,158,0,0,0,0,1,0,0,0,0,0,0,0,0,0,0,0,,0,0,,,,,,,,
HN23970,6f249951a67bc54ab9292364b84eb1bc8c8a2f2f4a9e10e63034c86fc7e73119,hardneg,NO_VICTIM_ACTIVITY,,real,full,1,9.0,,451,0,,,,4965,451,10,0,1,2,0.022172949002217297,0.0,8,24,0,13,11,237,2,0,10,0,0,0,2,4,2,2,,674,2,0,1,0,0,3,0,0,0,0,0,0,0,0,3,0,,0,0,,,,,,,,
HN23971,bd344d08c8cf0f6b6fc1d393b8d28e9f087df67d6e41527f5c9fb1719773e212,hardneg,NO_VICTIM_ACTIVITY,,real,full,1,9.0,,13,0,,,,10,13,5,0,0,0,0.38461538461538464,0.0,2,2,1,0,1,162,0,0,8,0,0,0,2,1,0,1,,118,1,0,0,0,1,0,0,0,0,0,0,0,0,0,0,0,,0,0,,,,,,,,
HN23972,1884e093bae261c4942210334e1f2eae71354913e4ded3cc1a4a18c5320741ec,hardneg,TRUE_ENCRYPTION,,real,full,1,9.0,,892,0,,,,857,892,123,0,0,4,0.13789237668161436,0.0,4,54,2,10,42,162,0,0,8,0,0,0,2,1,0,1,,573,2,1,0,0,1,4,0,0,0,0,0,0,1,1,243,0,-393.8,0,0,,,,,,,,
HN23973,d535278e0bc5ceb18c1caabdc2dc81075603eac58faa13cf097462c7465c128a,hardneg,TRUE_ENCRYPTION,,real,full,1,9.0,,360,0,,,,340,360,4,0,0,4,0.011111111111111112,0.0,2,41,0,10,31,152,0,0,3,0,0,0,0,0,0,0,,1088,3,3,0,0,1,4,0,0,0,0,0,0,2,2,32,0,-27.4,0,0,,,,,,,,
HN23974,dcbfda9ceecd1f776cba0b68fd1139444e699372d80578f56e15cbed3f88651d,hardneg,TRUE_ENCRYPTION,,real,full,1,9.0,,1188,12,-0.058461112337936806,3.558967338148128,3.619861894671392,214,1188,81,474,0,12,0.06818181818181818,0.398989898989899,5,88,8,14,66,122,0,0,4,0,0,0,2,1,0,1,,4793,3,2,0,1,0,9,0,0,0,0,0,0,2,2,614,7,-26.4,1,1,0,0,,0,166.4,1,1,0.834
HN23975,20f73676a929a5261d5af3e26730e75cd827b3f1a223b0abf25e510014460d41,hardneg,TRUE_ENCRYPTION,,real,full,1,9.0,,137,0,,,,225,137,10,0,0,0,0.072992700729927,0.0,4,13,2,10,1,171,0,0,7,0,0,0,0,1,0,0,,475,0,0,0,0,1,0,0,0,0,0,0,0,0,0,0,0,,0,0,,,,,,,,
HN23976,20e1345715aff4aebf016839f721390882201a2b5d00655424c4ca38cb919576,hardneg,NO_VICTIM_ACTIVITY,,real,full,0,9.0,,6,8,-0.014561734277683964,,,85,6,0,0,0,0,0.0,0.0,0,47,0,2,45,6,0,0,0,0,0,0,0,0,0,0,,352,2,2,0,1,0,0,0,0,0,0,0,0,0,0,74,0,,0,0,,,,,,,,
HN23977,28e89fc56598978799b87b3d177464a112da174fceb61512919c514a7e90ea20,hardneg,NO_VICTIM_ACTIVITY,,real,full,1,8.0,,75,0,,,,25,75,9,3,6,7,0.12,0.04,4,27,0,14,13,183,2,2,7,0,0,0,0,1,2,1,,1470,3,2,1,0,0,8,0,0,0,1,0,0,2,2,25,8,-19.4,1,1,1,1,35.4,12,382.2,0,1,
HN23978,b6e52e76400b8cbbf194da54b86358afe1241c1b4abc92b71888d3de159b88e0,hardneg,NO_VICTIM_ACTIVITY,,real,full,1,9.0,,19,0,,,,11,19,1,0,0,0,0.05263157894736842,0.0,1,1,1,0,0,164,0,0,8,0,0,0,2,1,0,1,,0,,,0,0,1,0,0,0,0,0,0,0,0,0,0,0,,0,0,,,,,,,,
HN23979,224d9024222dd9680ba8de0b5e8b678d89e6c6a511591a60cc64d71d26153aff,hardneg,TRUE_ENCRYPTION,,real,full,1,9.0,,187,0,,,,270,187,9,0,0,0,0.0481283422459893,0.0,4,9,2,7,0,171,0,0,7,0,0,0,0,1,0,0,,1408,0,0,0,0,1,0,0,0,0,0,0,0,0,0,0,0,,0,0,,,,,,,,
HN23980,146f9b79f1280c86edac99a483d5c12f497a1f4e8536bf17fe8e848408c1a72c,hardneg,TRUE_ENCRYPTION,,real,full,1,9.0,,739,0,,,,757,739,9,0,0,0,0.012178619756427604,0.0,4,16,2,14,0,171,0,0,7,0,0,0,0,1,0,0,,4310,0,0,0,0,1,0,0,0,0,0,0,0,0,0,0,0,,0,0,,,,,,,,
HN23981,7f899b7853af1504bfafcfc7d610851577aeab3198fad0e95528f94af74a73ec,hardneg,TRUE_ENCRYPTION,,real,full,1,9.0,,1205,0,,,,321,1205,20,336,0,9,0.016597510373443983,0.27883817427385893,6,99,7,6,86,122,0,0,4,0,0,0,2,1,0,1,,1279,3,2,0,0,1,8,0,0,0,0,0,0,1,1,194,6,-379.3,0,0,,,,,,,,
HN23982,d023d54b3a5db10c7e896089bb3dbe6e7f4bc4eaa9bbecb34ca414be5970f688,hardneg,NO_VICTIM_ACTIVITY,,real,full,0,2.1999999999999997,,182,0,,,,1,182,0,0,0,6,0.0,0.0,0,15,0,9,6,0,0,0,0,0,0,0,0,0,0,0,openssl,0,,,,,,5,0,0,0,0,0,0,3,3,2,0,-7.3,0,0,,,,,,,,
HN23983,b3c38680c792410812e787d48ac1825c771fb044380d45789719b9e8373327ea,hardneg,NO_VICTIM_ACTIVITY,,real,full,0,5.699999999999999,,63,0,,,,24,63,9,2,5,8,0.14285714285714285,0.031746031746031744,3,24,1,9,14,0,0,0,0,0,0,0,0,0,0,0,,0,,,,,,8,0,0,0,0,0,0,3,3,38,11,-6.3,0,0,,,,,,,,
HN23984,942865de5f19c42fdae32b77988f8d68e72ff78deef26b93d970b494bc2c7e87,hardneg,NO_VICTIM_ACTIVITY,,real,full,0,2.1999999999999997,,1,0,,,,1,1,0,0,0,4,0.0,0.0,0,5,0,1,4,0,0,0,0,0,0,0,0,0,0,0,,0,,,,,,4,0,0,0,0,0,0,3,3,2,0,-6.2,0,0,,,,,,,,
HN23985,32b9a9997bb36b36d14c9fe06c9a7a521b8234280dc21e19c22db29fcaf0cbbe,hardneg,NO_VICTIM_ACTIVITY,,real,full,0,6.0,,63,4,-0.0030663815226877234,3.219539785312086,3.219539785312086,47,63,9,2,5,10,0.14285714285714285,0.031746031746031744,3,27,2,7,18,0,0,0,0,0,0,0,0,0,0,0,,0,,,,,,9,0,0,0,0,0,0,3,3,40,11,-6.9,0,0,,,,,,,,
HN23986,feee096c1d5d0d7bb7b36b18174818f7bac889be7668c550ff0e5ef9206ea9a5,hardneg,NO_VICTIM_ACTIVITY,,real,full,0,5.699999999999999,,63,0,,,,24,63,9,2,5,8,0.14285714285714285,0.031746031746031744,3,25,0,10,15,0,0,0,0,0,0,0,0,0,0,0,openssl,0,,,,,,7,0,0,0,0,0,0,3,3,38,11,-5.7,0,0,,,,,,,,
HN23987,37985e9d393f45e478ba704e2dcd631db1df28b3addbd99d0263413a5f64a0ce,hardneg,NO_VICTIM_ACTIVITY,,real,full,0,4.6,,1,4,-0.125,3.219539785312086,3.219539785312086,24,1,0,0,0,6,0.0,0.0,0,9,0,1,8,0,0,0,0,0,0,0,0,0,0,0,,0,,,,,,6,0,0,0,0,0,0,3,3,4,0,-7.3,0,0,,,,,,,,
HN23988,782040475407a22a9f4efa4140046da22281310744b6c7ed1b3f7b8db14c5a63,hardneg,NO_VICTIM_ACTIVITY,,real,full,0,5.5,,1,4,-0.11111111111111113,3.219539785312086,3.219539785312086,24,1,0,0,0,17,0.0,0.0,0,20,0,1,19,0,0,0,0,0,0,0,0,0,0,0,openssl,0,,,,,,8,0,0,0,0,0,0,4,8,4,0,-6.1,0,0,,,,,,,,
HN32476,12078e613307428db8b5bad90eaf71fe77eb1407f0d3f3709e654ea813f96f3e,hardneg,TRUE_ENCRYPTION,,crafted,full,1,9.0,,478,0,,,,0,478,282,0,0,2,0.5899581589958159,0.0,3,16,0,5,11,60,0,0,2,0,0,0,0,0,1,0,,0,,,0,0,1,2,2,0,0,0,0,0,0,0,0,0,,1,1,0,0,,0,9.5,0,0,
HN32477,99b1eeba1ef8adfdcb10257834aa7d0944a93ef69bdf0a20e53d54219c63f72b,hardneg,TRUE_ENCRYPTION,,crafted,full,1,9.0,,421,0,,,,53,421,159,0,0,3,0.37767220902612825,0.0,3,16,0,7,9,63,0,0,3,0,0,0,0,0,1,0,,0,,,0,0,1,3,0,0,1,0,0,0,0,1,0,0,-17.0,2,1,0,0,,0,5.8,0,0,
HN32478,2fb4daac04d9d7b36e2b076c0995fc7470dc88ee036483fb1e840ae0d23d1839,hardneg,NO_VICTIM_ACTIVITY,,crafted,full,1,9.0,,284,0,,,,0,284,0,0,0,7,0.0,0.0,0,16,0,11,5,61,0,0,2,0,0,0,0,0,1,0,,0,,,0,0,1,7,2,2,1,0,0,0,0,3,1,1,-24.9,4,3,0,,,,,,,
HN32479,2bca5183b59022bdf0949cde4595a63c767e3ae66eab5dc6b340b14c452f4bfb,hardneg,NO_VICTIM_ACTIVITY,,crafted,full,1,6.0,,192,0,,,,0,192,0,0,0,2,0.0,0.0,0,8,0,6,2,61,0,0,2,0,0,0,0,0,1,0,,0,,,0,0,1,2,0,2,0,0,0,0,0,0,1,1,,1,1,0,,,,,,,
HN32480,00d2039c975a80cc745f25662537bfdc88ac8e4f9d43a039afbe809b1b18105b,hardneg,FAILED,,crafted,full,1,2.0,,167,0,,,,0,167,0,0,0,0,0.0,0.0,0,3,0,3,0,59,0,0,2,0,0,0,0,0,1,0,,0,,,0,0,1,0,0,0,0,0,0,0,0,0,0,0,,0,0,,,,,,,,
HN32481,0267e5fd86141446f268223d8dcf967a6a2ce1876f3a86b978a996d7026ca179,hardneg,NO_VICTIM_ACTIVITY,,crafted,full,1,6.0,,194,0,,,,0,194,0,0,0,3,0.0,0.0,0,10,0,8,2,61,0,0,2,0,0,0,0,0,1,0,,0,,,0,0,1,3,0,0,1,0,0,0,0,1,0,0,-11.5,2,1,0,,,,,,,
HN32482,b09b9f2ab267636b55129cd286def8a8a3e6b9ca4f1f153fb10d5118258911de,hardneg,TRUE_ENCRYPTION,,crafted,full,1,9.0,,560,0,,,,0,560,282,0,0,5,0.5035714285714286,0.0,3,117,0,10,107,60,0,0,2,0,0,0,0,0,1,0,,0,,,0,0,1,5,2,0,1,0,0,0,0,3,0,0,-508.7,3,2,0,0,,0,487.1,0,0,
HN32483,a85977043f6765a5934f0c932b515460a6f701203c325c7ac303d147b28a85ac,hardneg,TRUE_ENCRYPTION,,crafted,full,1,9.0,,507,0,,,,0,507,282,0,0,4,0.5562130177514792,0.0,3,19,0,5,14,60,0,0,2,0,0,0,0,0,1,0,,0,,,0,0,1,4,2,2,0,0,0,0,0,0,1,1,,2,2,0,0,,0,66.8,0,0,
HN32484,3d6eb700049088cb2a2f1a678266c4a586aae27b93251456d63b1c760f6b8154,hardneg,NO_VICTIM_ACTIVITY,,crafted,full,1,7.0,,200,0,,,,0,200,30,0,0,0,0.15,0.0,3,7,0,4,3,59,0,0,2,0,0,0,0,0,1,0,,0,,,0,0,1,0,0,0,0,0,0,0,0,0,0,0,,0,0,,,,,,,,
HN32485,02937563af1d8c4bf4fd381e849e5141719ba82e3588880ad7d548aff7e8a892,hardneg,NO_VICTIM_ACTIVITY,,crafted,full,1,7.0,,227,0,,,,0,227,30,0,0,2,0.13215859030837004,0.0,3,9,0,4,5,61,0,0,2,0,0,0,0,0,1,0,,0,,,0,0,1,2,0,2,0,0,0,0,0,0,1,1,,1,1,0,0,,0,2.7,0,0,
HN32486,4d7de53afd6dab4f6a48dad01cbfa95b9afdc4827b9f6b140e98864e9631498c,hardneg,FAILED,,crafted,full,1,2.0,,165,0,,,,0,165,0,0,0,0,0.0,0.0,0,5,0,5,0,59,0,0,2,0,0,0,0,0,1,0,,0,,,0,0,1,0,0,0,0,0,0,0,0,0,0,0,,0,0,,,,,,,,
HN32487,b6b4b08e7ff61c30bae752933cab4de2d6978542dfad0438033813bc3bf142a7,hardneg,NO_VICTIM_ACTIVITY,,crafted,full,1,9.0,,294,0,,,,0,294,0,0,0,2,0.0,0.0,0,10,0,9,1,57,0,0,2,0,0,0,0,0,1,0,,0,,,0,0,1,2,2,0,0,0,0,0,0,0,0,0,,1,1,0,,,,,,,
HN32488,0e6f2db5baf67d32716623951f5b0f627a0f88cce753505030102ba03b80d45e,hardneg,TRUE_ENCRYPTION,,crafted,full,1,9.0,,478,0,,,,53,478,159,0,0,4,0.33263598326359833,0.0,3,67,1,8,58,62,0,0,3,0,0,0,0,0,1,0,,0,,,0,0,1,4,2,2,0,0,0,0,0,0,1,1,,2,2,0,0,,0,476.3,0,0,
HN32489,0ac4da426effbf2859dedf7c51302f2d6dacb2c56c4ba08d18d1e7d89e4a2adc,hardneg,TRUE_ENCRYPTION,,crafted,full,1,7.0,,349,0,,,,0,349,150,0,0,3,0.4297994269340974,0.0,3,13,0,6,7,61,0,0,2,0,0,0,0,0,1,0,,0,,,0,0,1,3,0,0,1,0,0,0,0,1,0,0,-13.9,2,1,0,0,,0,4.5,0,0,
HN32490,94ae83a3b694db32fb0307c66c38009726a6f8bad26788a071d41cc8c88e9a02,hardneg,TRUE_ENCRYPTION,,crafted,full,1,8.0,,349,0,,,,0,349,150,0,0,2,0.4297994269340974,0.0,3,59,0,7,52,61,0,0,2,0,0,0,0,0,1,0,,0,,,0,0,1,2,0,2,0,0,0,0,0,0,1,1,,1,1,0,0,,0,475.2,0,0,
HN32491,1b50182d4d41b31972322f7049604ec3244657ecf13a10b1741dc9f006ad1d19,hardneg,NO_VICTIM_ACTIVITY,,crafted,full,1,9.0,,239,0,,,,0,239,0,0,0,7,0.0,0.0,0,14,0,9,5,61,0,0,2,0,0,0,0,0,1,0,,0,,,0,0,1,7,2,2,1,0,0,0,0,3,1,1,-22.5,4,3,0,,,,,,,
HN32492,c279d9788bd76b6b522af010863359c7e4cf73ce40c71e4f833a106cd0857a57,hardneg,NO_VICTIM_ACTIVITY,,crafted,full,1,7.0,,362,0,,,,50,362,150,0,0,0,0.4143646408839779,0.0,3,13,0,4,9,59,0,0,3,0,0,0,0,0,1,0,,0,,,0,0,1,0,0,0,0,0,0,0,0,0,0,0,,0,0,,,,,,,,
HN32493,a09801f8bd5fcd55a307b2875298459dfc41f8cc3eb8058467a77606df83a0cc,hardneg,NO_VICTIM_ACTIVITY,,crafted,full,1,9.0,,629,0,,,,0,629,300,0,0,2,0.4769475357710652,0.0,3,15,0,9,6,58,0,0,2,0,0,0,0,0,1,0,,0,,,0,0,1,2,2,0,0,0,0,0,0,0,0,0,,1,1,0,0,,0,3.5,0,0,
HN32494,6ac80bed381e18e1f44e173bebff4bfa13db42df128e82b05b6906182c886c45,hardneg,NO_VICTIM_ACTIVITY,,crafted,full,1,9.0,,631,0,,,,137,631,363,0,0,4,0.5752773375594294,0.0,3,16,1,6,9,61,0,0,3,0,0,0,0,0,1,0,,0,,,0,0,1,4,2,2,0,0,0,0,0,0,1,1,,2,2,0,0,,0,4.6,0,0,
HN32495,09c02d2943ae46b398f10573f791a86a33c0fd3107ed012618d00b59a15c7a36,hardneg,NO_VICTIM_ACTIVITY,,crafted,full,1,9.0,,278,0,,,,2000,278,39,0,0,0,0.14028776978417265,0.0,3,27,0,7,20,61,0,0,3,0,0,0,0,0,1,0,,0,,,0,0,1,0,0,0,0,0,0,0,0,0,0,0,,0,0,,,,,,,,
HN32496,3cbdf8be17eeb79ae8f421cbc2bb8f8fd0c92bf43cd51433d531dadbbf4294a9,hardneg,NO_VICTIM_ACTIVITY,,crafted,full,1,9.0,,262,0,,,,0,262,39,0,0,5,0.14885496183206107,0.0,3,14,0,5,9,60,0,0,2,0,0,0,0,0,1,0,,0,,,0,0,1,5,2,0,1,0,0,0,0,3,0,0,-566.5,3,2,0,0,,0,4.7,0,0,
HN32497,7deae86367ccad6470f83656421b592c8f4336da353bd98e11aef3f8e695e586,hardneg,NO_VICTIM_ACTIVITY,,crafted,full,1,8.0,,172,0,,,,0,172,39,0,0,0,0.22674418604651161,0.0,3,5,0,2,3,60,0,0,2,0,0,0,0,0,1,0,,0,,,0,0,1,0,0,0,0,0,0,0,0,0,0,0,,0,0,,,,,,,,
HN32498,95f5689dd1c0a7dae99b15a73b51c6ada38e4963820ef94a4c0712a71a29cd03,hardneg,NO_VICTIM_ACTIVITY,,crafted,full,1,9.0,,253,0,,,,0,253,30,0,0,4,0.11857707509881422,0.0,3,11,0,5,6,60,0,0,2,0,0,0,0,0,1,0,,0,,,0,0,1,4,2,2,0,0,0,0,0,0,1,1,,2,2,0,0,,0,1.2,0,0,
HN32499,9012ca9a98c9a6139cc402cb36b29dc0e8d0d1da9cc7c72598908b039928e63d,hardneg,NO_VICTIM_ACTIVITY,,crafted,full,1,7.0,,200,0,,,,0,200,30,0,0,0,0.15,0.0,3,7,0,5,2,58,0,0,2,0,0,0,0,0,1,0,,0,,,0,0,1,0,0,0,0,0,0,0,0,0,0,0,,0,0,,,,,,,,
HN32500,88b9db60f470b664f525be52aa9f1ee0c1f8097b940af2a2034df74013136411,hardneg,NO_VICTIM_ACTIVITY,,crafted,full,1,8.0,,227,0,,,,0,227,30,0,0,3,0.13215859030837004,0.0,3,19,0,6,13,60,0,0,2,0,0,0,0,0,1,0,,0,,,0,0,1,3,0,0,1,0,0,0,0,1,0,0,-500.4,2,1,0,0,,0,433.2,0,0,
HN32501,a0d8140533d38d58bbec660bef442f6007328a249fb211fa5cf210b8545a7551,hardneg,TRUE_ENCRYPTION,,crafted,full,1,7.0,,326,0,,,,0,326,30,0,0,5,0.09202453987730061,0.0,3,14,0,6,8,60,0,0,2,0,0,0,0,0,1,0,,0,,,0,0,1,5,0,2,1,0,0,0,0,1,1,1,-26.3,3,2,0,0,,0,1.5,0,0,
HN32502,35a41168c7e5a5100705924a4893789af322c8a90a871cbfe1bc7efd7cdb644b,hardneg,NO_VICTIM_ACTIVITY,,crafted,full,1,7.0,,201,0,,,,0,201,30,0,0,0,0.14925373134328357,0.0,3,7,0,5,2,58,0,0,2,0,0,0,0,0,1,0,,0,,,0,0,1,0,0,0,0,0,0,0,0,0,0,0,,0,0,,,,,,,,
HN32503,d170d2dddaf8140c6aa438850de6c9a70be7246863bc9c0722bd78750d819982,hardneg,NO_VICTIM_ACTIVITY,,crafted,full,1,9.0,,276,0,,,,0,276,30,0,0,4,0.10869565217391304,0.0,3,20,0,7,13,62,0,0,2,0,0,0,0,0,1,0,,0,,,0,0,1,4,2,2,0,0,0,0,0,0,1,1,,2,2,0,0,,0,433.5,0,0,
HN32504,8a868614baa5bcf29c9c9f84c2a1def7c87f725949ff501c2ed100ab8fb49d7b,hardneg,NO_VICTIM_ACTIVITY,,crafted,full,1,7.0,,591,0,,,,0,591,363,0,0,5,0.6142131979695431,0.0,3,15,0,4,11,60,0,0,2,0,0,0,0,0,1,0,,0,,,0,0,1,5,0,2,1,0,0,0,0,1,1,1,-32.1,3,2,0,0,,0,5.2,0,0,
HN32505,c28ec8e3b0827d75ff37d2b181afacc17b99a0234995bc6d6da0e8eec745d01c,hardneg,NO_VICTIM_ACTIVITY,,crafted,full,1,9.0,,796,0,,,,200,796,528,0,0,2,0.6633165829145728,0.0,3,25,1,5,19,63,0,0,3,0,0,0,0,0,1,0,,0,,,0,0,1,2,0,2,0,0,0,0,0,0,1,1,,1,1,0,0,,0,140.8,0,0,
HN32506,688e03df39efa5df596ed748f98aceaa4e5be8c9bcb5512758baec1cc05f8b17,hardneg,NO_VICTIM_ACTIVITY,,crafted,full,1,9.0,,375,0,,,,0,375,150,0,0,4,0.4,0.0,3,14,0,5,9,60,0,0,2,0,0,0,0,0,1,0,,0,,,0,0,1,4,2,2,0,0,0,0,0,0,1,1,,2,2,0,0,,0,33.3,0,0,
HN32507,3ad3185b9269c10ed73e1da6b8225de317a8c17ba75c3be5fd20813904cf07e0,hardneg,NO_VICTIM_ACTIVITY,,crafted,full,1,9.0,,347,0,,,,0,347,150,0,0,2,0.4322766570605187,0.0,3,10,0,3,7,60,0,0,2,0,0,0,0,0,1,0,,0,,,0,0,1,2,2,0,0,0,0,0,0,0,0,0,,1,1,0,0,,0,32.8,0,0,
HN32508,8159ef1a370fa045ebf380b45290a076a39d8cd2f25ceefda2408127d37965d5,hardneg,TRUE_ENCRYPTION,,crafted,full,1,7.0,,280,0,,,,0,280,39,0,0,3,0.1392857142857143,0.0,3,9,0,6,3,60,0,0,2,0,0,0,0,0,1,0,,0,,,0,0,1,3,0,0,1,0,0,0,0,1,0,0,-50.0,2,1,0,0,,0,1.6,0,0,
HN32509,d204719b4a49758f058063d8294cbc73390b8fa9a713fe0c4011b2db2ee94dd0,hardneg,NO_VICTIM_ACTIVITY,,crafted,full,1,7.0,,277,0,,,,50,277,39,0,0,2,0.1407942238267148,0.0,3,9,0,6,3,61,0,0,3,0,0,0,0,0,1,0,,0,,,0,0,1,2,0,2,0,0,0,0,0,0,1,1,,1,1,0,0,,0,1.5,0,0,
HN32510,64d07e4663169f59489061b3d69975ea1719146d4b1805eeabc92deba6437830,hardneg,NO_VICTIM_ACTIVITY,,crafted,full,1,9.0,,348,0,,,,0,348,150,0,0,2,0.43103448275862066,0.0,3,9,0,3,6,60,0,0,2,0,0,0,0,0,1,0,,0,,,0,0,1,2,2,0,0,0,0,0,0,0,0,0,,1,1,0,0,,0,3.7,0,0,
HN32511,881b89668ef8d951e0302e5db7c92c9cf75e802747c34e9769fdf63e81eac38c,hardneg,NO_VICTIM_ACTIVITY,,crafted,full,1,8.0,,161,0,,,,0,161,0,0,0,0,0.0,0.0,0,4,0,4,0,59,0,0,2,0,0,0,0,0,1,0,,0,,,0,0,1,0,0,0,0,0,0,0,0,0,0,0,,0,0,,,,,,,,
HN32512,d65f29233ba71c2a6d4ba78c711e502909167868b87ad28be2e5163c84ced8d8,hardneg,NO_VICTIM_ACTIVITY,,crafted,full,1,8.0,,364,0,,,,50,364,150,0,0,0,0.41208791208791207,0.0,3,57,1,5,51,58,0,0,3,0,0,0,0,0,1,0,,0,,,0,0,1,0,0,0,0,0,0,0,0,0,0,0,,0,0,,,,,,,,
HN32513,5fa88f53262da7cacce601ec9f63c18313f8bbbd42fe3eeee40222110aeb12c1,hardneg,NO_VICTIM_ACTIVITY,,crafted,full,1,9.0,,1996,0,,,,1998,1996,1752,0,0,0,0.8777555110220441,0.0,3,34,1,5,28,60,0,0,3,0,0,0,0,0,1,0,,0,,,0,0,1,0,0,0,0,0,0,0,0,0,0,0,,0,0,,,,,,,,
HN32514,d9c548218408ce7c61eb682d2150d9138f11b846052768857f14bed95c7995a4,hardneg,NO_VICTIM_ACTIVITY,,crafted,full,1,7.0,,1928,0,,,,0,1928,1752,0,0,0,0.9087136929460581,0.0,3,18,0,3,15,57,0,0,2,0,0,0,0,0,1,0,,0,,,0,0,1,0,0,0,0,0,0,0,0,0,0,0,,0,0,,,,,,,,
HN32515,0697ad0af6e2ca7e8c0c7f32ffd22880c16a7c997d59dadbf4da805ed010d9f9,hardneg,NO_VICTIM_ACTIVITY,,crafted,full,1,7.0,,255,0,,,,2000,255,39,0,0,0,0.15294117647058825,0.0,3,25,1,4,20,59,0,0,3,0,0,0,0,0,1,0,,0,,,0,0,1,0,0,0,0,0,0,0,0,0,0,0,,0,0,,,,,,,,
HN32516,8a4d25ff70a2ffc773d49d89dd48a69257853c044d21d62ab1e770f6db149b05,hardneg,NO_VICTIM_ACTIVITY,,crafted,full,1,7.0,,502,0,,,,0,502,300,0,0,3,0.5976095617529881,0.0,3,11,0,3,8,59,0,0,2,0,0,0,0,0,1,0,,0,,,0,0,1,3,0,0,1,0,0,0,0,1,0,0,-16.3,2,1,0,0,,0,5.6,0,0,
HN32517,8f39bafe2582285bf33515c5e516737facc377a4be7ecc4845a2b7da94fe191a,hardneg,NO_VICTIM_ACTIVITY,,crafted,full,1,7.0,,475,0,,,,100,475,300,0,0,3,0.631578947368421,0.0,3,15,1,4,10,61,0,0,3,0,0,0,0,0,1,0,,0,,,0,0,1,3,0,0,1,0,0,0,0,1,0,0,-283.6,2,1,0,0,,0,64.2,0,0,
HN32518,716310bcf0d4e812dc797421700761a3128c94b2c875e0a88fae4544b9bdd6a0,hardneg,NO_VICTIM_ACTIVITY,,crafted,full,1,8.0,,211,0,,,,0,211,39,0,0,0,0.1848341232227488,0.0,3,19,0,5,14,58,0,0,2,0,0,0,0,0,1,0,,0,,,0,0,1,0,0,0,0,0,0,0,0,0,0,0,,0,0,,,,,,,,
HN32519,faaee89de508e092bbeabad6d8eb71d4ef79232979b61ce0f9cfb058a90a00fe,hardneg,NO_VICTIM_ACTIVITY,,crafted,full,1,8.0,,161,0,,,,0,161,27,0,0,0,0.16770186335403728,0.0,3,12,0,3,9,60,0,0,2,0,0,0,0,0,1,0,,0,,,0,0,1,0,0,0,0,0,0,0,0,0,0,0,,0,0,,,,,,,,
HN32520,a994fc4cffab5925135df4e6d1c7f69b55b6b8216611e34ed969906688dd1ef4,hardneg,TRUE_ENCRYPTION,,crafted,full,1,7.0,,271,0,,,,0,271,30,0,0,2,0.11070110701107011,0.0,3,8,0,5,3,60,0,0,2,0,0,0,0,0,1,0,,0,,,0,0,1,2,0,2,0,0,0,0,0,0,1,1,,1,1,0,0,,0,1.3,0,0,
HN32521,b702416febdf7e16060a5e1255a88b7e5d6099e85553df6c89e8156335c97f5c,hardneg,NO_VICTIM_ACTIVITY,,crafted,full,1,8.0,,200,0,,,,0,200,30,0,0,0,0.15,0.0,3,15,0,5,10,58,0,0,2,0,0,0,0,0,1,0,,0,,,0,0,1,0,0,0,0,0,0,0,0,0,0,0,,0,0,,,,,,,,
HN32522,a2561b7d19074293fd813b9fcab756fe2988aa6c40d3ae8d11fb91e41f7259e1,hardneg,TRUE_ENCRYPTION,,crafted,full,1,9.0,,629,0,,,,0,629,549,0,0,0,0.8728139904610492,0.0,3,12,0,3,9,60,0,0,2,0,0,0,0,0,1,0,,0,,,0,0,1,0,0,0,0,0,0,0,0,0,0,0,,0,0,,,,,,,,
HN32523,18429be660765ad7d6f11c957defe58418aac8784eb458c44428f7bbfd79dcbe,hardneg,NO_VICTIM_ACTIVITY,,crafted,full,1,8.0,,190,0,,,,0,190,0,0,0,2,0.0,0.0,0,7,0,6,1,61,0,0,2,0,0,0,0,0,1,0,,0,,,0,0,1,2,0,2,0,0,0,0,0,0,1,1,,1,1,0,,,,,,,
HN32524,c181fa9ac6880d34493154f66784ec1efcae3558b0fc205c2bbea469f905f997,hardneg,NO_VICTIM_ACTIVITY,,crafted,full,1,8.0,,211,0,,,,0,211,39,0,0,0,0.1848341232227488,0.0,3,18,0,3,15,58,0,0,2,0,0,0,0,0,1,0,,0,,,0,0,1,0,0,0,0,0,0,0,0,0,0,0,,0,0,,,,,,,,
HN32525,e59f7e4f374a7c8398ee669e83a9ce1c90f725b6e8d94e31c01f24f9224e759b,hardneg,NO_VICTIM_ACTIVITY,,crafted,full,1,9.0,,841,0,,,,198,841,600,0,0,0,0.713436385255648,0.0,3,22,0,4,18,60,0,0,3,0,0,0,0,0,1,0,,0,,,0,0,1,0,0,0,0,0,0,0,0,0,0,0,,0,0,,,,,,,,
HN32526,1285be9e2fe8103f81ac5f97b167f4cfeef5eaddfcfeef38c3965112b65872c0,hardneg,TRUE_ENCRYPTION,,crafted,full,1,7.0,,385,0,,,,0,385,150,0,0,0,0.38961038961038963,0.0,3,11,0,4,7,58,0,0,2,0,0,0,0,0,1,0,,0,,,0,0,1,0,0,0,0,0,0,0,0,0,0,0,,0,0,,,,,,,,
HN32527,665bcafe67da69a5e92a93bd2c434a9f9f19e1da0fc2747c22f3f87f673cae53,hardneg,NO_VICTIM_ACTIVITY,,crafted,full,1,8.0,,323,0,,,,0,323,150,0,0,0,0.46439628482972134,0.0,3,57,0,6,51,57,0,0,2,0,0,0,0,0,1,0,,0,,,0,0,1,0,0,0,0,0,0,0,0,0,0,0,,0,0,,,,,,,,
HN32528,0e4295222e3e576605ccb9836a57e5089d405e40de9a0cb1f655badd16f237e9,hardneg,TRUE_ENCRYPTION,,crafted,full,1,9.0,Scarab-Dharma,363,0,,,,94,363,0,0,0,5,0.0,0.0,0,16,0,12,4,60,0,0,3,0,0,0,0,0,1,0,,76,1,1,0,0,1,5,2,0,1,0,0,0,0,3,0,0,-20.9,3,2,0,,,,,,,
HN32529,28904ca060be180761959603834366d499f38c69db740bc61dac7f239f9b8335,hardneg,TRUE_ENCRYPTION,,crafted,full,1,9.0,Scarab-Dharma,248,0,,,,53,248,0,0,0,3,0.0,0.0,0,61,0,59,2,61,0,0,3,0,0,0,0,0,1,0,,0,,,0,0,1,3,0,0,1,0,0,0,0,1,0,0,-491.2,2,1,0,,,,,,,
HN32530,1b884a51e9070cc45175520b3f371078b0a239e716f5163c982a1b7bd12a9098,hardneg,TRUE_ENCRYPTION,,crafted,full,1,9.0,Scarab-Dharma,339,0,,,,106,339,0,0,0,2,0.0,0.0,0,11,0,10,1,61,0,0,3,0,0,0,0,0,1,0,,0,,,0,0,1,2,2,0,0,0,0,0,0,0,0,0,,1,1,0,,,,,,,
HN32531,168ed034e15fd043798a5bab993654eca56a0dd0f4ad5c2b5f4b2f908c6645e7,hardneg,TRUE_ENCRYPTION,,crafted,full,1,8.0,Scarab-Dharma,221,0,,,,53,221,0,0,0,0,0.0,0.0,0,8,0,8,0,59,0,0,3,0,0,0,0,0,1,0,,0,,,0,0,1,0,0,0,0,0,0,0,0,0,0,0,,0,0,,,,,,,,
HN32532,390d5c87144f8beca2cfa3d5d84dac3b9e75c570c5f61054aca47e3b8bf61f5c,hardneg,NO_VICTIM_ACTIVITY,,crafted,full,1,8.0,,187,0,,,,0,187,0,0,0,0,0.0,0.0,0,4,0,4,0,60,0,0,3,0,0,0,0,0,1,0,,0,,,0,0,1,0,0,0,0,0,0,0,0,0,0,0,,0,0,,,,,,,,
HN32533,b2c929d4177478a5d416643b3baeb048b9a0a6bd52b1e6db9363f7904078e61f,hardneg,FAILED,,crafted,full,1,2.0,,164,0,,,,0,164,0,0,0,0,0.0,0.0,0,4,0,4,0,59,0,0,3,0,0,0,0,0,1,0,,0,,,0,0,1,0,0,0,0,0,0,0,0,0,0,0,,0,0,,,,,,,,
HN32534,d6090aa02d9a1b700399ff375fab187376f79f1c4f9dbd4699095e8fc688dc2f,hardneg,FAILED,,crafted,full,1,2.0,,164,0,,,,0,164,0,0,0,0,0.0,0.0,0,4,0,4,0,59,0,0,3,0,0,0,0,0,1,0,,0,,,0,0,1,0,0,0,0,0,0,0,0,0,0,0,,0,0,,,,,,,,
HN32535,2e756ad8549e89395eef2b9ef7e279b9af621e994141f63eddefeabd1ed73678,hardneg,TRUE_ENCRYPTION,,crafted,full,1,6.0,,1230,0,,,,500,1230,0,0,0,2,0.0,0.0,0,19,0,17,2,58,0,0,3,0,0,0,0,0,1,0,,0,,,0,0,1,2,0,2,0,0,0,0,0,0,1,1,,1,1,0,,,,,,,
HN32536,bc84ba0b0d46a3a62f6a7e6ede816e0918116cd3839d4c9a8fc2afed787e0e7c,hardneg,TRUE_ENCRYPTION,,crafted,full,1,9.0,Scarab-Dharma,283,0,,,,94,283,0,0,0,0,0.0,0.0,0,11,0,11,0,59,0,0,3,0,0,0,0,0,1,0,,76,1,1,0,0,1,0,0,0,0,0,0,0,0,0,0,0,,0,0,,,,,,,,
HN32537,ec04b874bf1334028837fea41fa6abcdec103eec3114dc7570b267af6da404c5,hardneg,TRUE_ENCRYPTION,,crafted,full,1,8.0,Scarab-Dharma,277,0,,,,53,277,0,0,0,5,0.0,0.0,0,14,0,10,4,61,0,0,3,0,0,0,0,0,1,0,,0,,,0,0,1,5,0,2,1,0,0,0,0,1,1,1,-44.4,3,2,0,,,,,,,
HN32538,797a1426a78e607776543c2df440b95329f57d3c9c4c7a038d8933e1d7956c45,hardneg,FAILED,,crafted,full,1,2.0,,175,0,,,,0,175,0,0,0,0,0.0,0.0,0,4,0,4,0,58,0,0,2,0,0,0,0,0,1,0,,0,,,0,0,1,0,0,0,0,0,0,0,0,0,0,0,,0,0,,,,,,,,
HN32539,4ecf9d93d59041b41f3378c968dddbc59675ee47f3b8854e89e2dd31a91d7c3d,hardneg,TRUE_ENCRYPTION,,crafted,full,1,9.0,Scarab-Dharma,326,0,,,,188,326,0,0,0,2,0.0,0.0,0,103,0,97,6,60,0,0,3,0,0,0,0,0,1,0,,76,1,1,0,0,1,2,2,0,0,0,0,0,0,0,0,0,,1,1,0,,,,,,,
HN32540,8d8e7e475a1fa61679ab08010a31f646fee968c04b1862dfa161bf551c8af763,hardneg,TRUE_ENCRYPTION,,crafted,full,1,9.0,Scarab-Dharma,314,0,,,,94,314,0,0,0,5,0.0,0.0,0,108,0,97,11,60,0,0,3,0,0,0,0,0,1,0,,76,1,1,0,0,1,5,0,2,1,0,0,0,0,1,1,1,-499.9,3,2,0,,,,,,,
HN32541,bc5a23caa48a2ba669cd82bc9120dbd44de17c95d5d0c79672e89f6da3b7c33b,hardneg,TRUE_ENCRYPTION,,crafted,full,1,2.0,,219,0,,,,20,219,0,0,0,0,0.0,0.0,0,11,0,11,0,58,0,0,3,0,0,0,0,0,1,0,,0,,,0,0,1,0,0,0,0,0,0,0,0,0,0,0,,0,0,,,,,,,,
HN32542,73736f6c62f1ae975faa861f7d1272c01e318f40c1ae847a25d47e1bf808a3cb,hardneg,TRUE_ENCRYPTION,,crafted,full,1,9.0,,204,0,,,,10,204,0,0,0,2,0.0,0.0,0,15,0,13,2,60,0,0,3,0,0,0,0,0,1,0,,0,,,0,0,1,2,2,0,0,0,0,0,0,0,0,0,,1,1,0,,,,,,,
HN32543,b9e393af79f64ed8549ba18decf531c39ee01f55e0b6195149b1222091673f12,hardneg,FAILED,,crafted,full,1,8.0,,160,0,,,,0,160,0,0,0,0,0.0,0.0,0,9,0,9,0,59,0,0,2,0,0,0,0,0,1,0,,0,,,0,0,1,0,0,0,0,0,0,0,0,0,0,0,,0,0,,,,,,,,
HN32544,51a6af9a156dec27ca38b79e97b199a0817a6d18528cf66500543208a757f8df,hardneg,NO_VICTIM_ACTIVITY,,crafted,full,1,6.0,,233,0,,,,0,233,0,0,0,3,0.0,0.0,0,13,0,10,3,61,0,0,3,0,0,0,0,0,1,0,,0,,,0,0,1,3,0,0,1,0,0,0,0,1,0,0,-18.4,2,1,0,,,,,,,
HN32545,ae4d815f349f3fe55ef31d72ebfdb066e3c448d536f97a956d519b147bd5bd26,hardneg,TRUE_ENCRYPTION,,crafted,full,1,8.0,,928,0,,,,200,928,0,0,0,0,0.0,0.0,0,25,0,25,0,57,0,0,3,0,0,0,0,0,1,0,,0,,,0,0,1,0,0,0,0,0,0,0,0,0,0,0,,0,0,,,,,,,,
HN32546,3c03934693c95de42d8553536b49355fc34fed79f422610e5e09f50a715f2443,hardneg,NO_VICTIM_ACTIVITY,,crafted,full,1,6.0,,192,0,,,,0,192,0,0,0,2,0.0,0.0,0,11,0,9,2,61,0,0,3,0,0,0,0,0,1,0,,0,,,0,0,1,2,0,2,0,0,0,0,0,0,1,1,,1,1,0,,,,,,,
HN32547,9fa1d2ae1ee3d5ad0b42b505434433417f29c57b0736013b9f7d9ede6d63dd7c,hardneg,TRUE_ENCRYPTION,,crafted,full,1,9.0,Scarab-Dharma,269,0,,,,50,269,0,0,0,2,0.0,0.0,0,64,0,61,3,61,0,0,3,0,0,0,0,0,1,0,,0,,,0,0,1,2,0,2,0,0,0,0,0,0,1,1,,1,1,0,,,,,,,
HN32548,0038bdd656ff7e80176914455d33249d62a534864b18c885314c5931c28db5cc,hardneg,TRUE_ENCRYPTION,,crafted,full,1,8.0,Scarab-Dharma,245,0,,,,50,245,0,0,0,2,0.0,0.0,0,20,0,19,1,60,0,0,3,0,0,0,0,0,1,0,,0,,,0,0,1,2,0,2,0,0,0,0,0,0,1,1,,1,1,0,,,,,,,
HN32549,2832597b1221c01c5d05e4d4fa12f23a0886919692a83b663c370150368e9aab,hardneg,TRUE_ENCRYPTION,,crafted,full,1,9.0,Scarab-Dharma,338,0,,,,94,338,0,0,0,2,0.0,0.0,0,107,0,99,8,60,0,0,3,0,0,0,0,0,1,0,,76,1,1,0,0,1,2,0,2,0,0,0,0,0,0,1,1,,1,1,0,,,,,,,
HN32550,d5f4a50132519fbd94f2780977c3411dfd0800a02ade6b7883b51ea7c9628f0c,hardneg,TRUE_ENCRYPTION,,crafted,full,1,8.0,Scarab-Dharma,312,0,,,,94,312,0,0,0,5,0.0,0.0,0,26,0,22,4,60,0,0,3,0,0,0,0,0,1,0,,76,1,1,0,0,1,5,0,2,1,0,0,0,0,1,1,1,-89.5,3,2,0,,,,,,,
HN32551,426ce62d79538e38f93849aa6643d311cfecb6fcc068d4b7185bb9ac4e7566b4,hardneg,NO_VICTIM_ACTIVITY,,crafted,full,1,9.0,,197,0,,,,100,197,0,0,0,2,0.0,0.0,0,14,0,11,3,60,0,0,3,0,0,0,0,0,1,0,,0,,,0,0,1,2,2,0,0,0,0,0,0,0,0,0,,1,1,0,,,,,,,
HN32552,53c7a96a83f9666438d8fe8d0d032eea7dab6859ffce1a3e60e6628318f6a229,hardneg,NO_VICTIM_ACTIVITY,,crafted,full,1,8.0,,270,0,,,,100,270,0,0,0,0,0.0,0.0,0,16,0,16,0,60,0,0,3,0,0,0,0,0,1,0,,740,0,0,0,0,1,0,0,0,0,0,0,0,0,0,0,0,,0,0,,,,,,,,
HN32553,33c3b3bd27a1a7c79848d79711ddffc2080a1e3f6140cb998a69263a2963cdee,hardneg,NO_VICTIM_ACTIVITY,,crafted,full,1,2.0,,288,0,,,,200,288,0,0,0,0,0.0,0.0,0,17,0,14,3,58,0,0,3,0,0,0,0,0,1,0,,740,0,0,0,0,1,0,0,0,0,0,0,0,0,0,0,0,,0,0,,,,,,,,
HN32554,0f05d3310072082004df37e3db45cfee58301f00e8ba46307597d5dcaef40000,hardneg,NO_VICTIM_ACTIVITY,,crafted,full,1,2.0,,247,0,,,,100,247,0,0,0,0,0.0,0.0,0,19,0,19,0,58,0,0,3,0,0,0,0,0,1,0,,740,0,0,0,0,1,0,0,0,0,0,0,0,0,0,0,0,,0,0,,,,,,,,
HN32555,6aef3318f53cb5f837147883c34088081dc66ed67099f19f25aab2136c092473,hardneg,NO_VICTIM_ACTIVITY,,crafted,full,1,7.0,,282,0,,,,200,282,0,0,0,0,0.0,0.0,0,209,0,116,93,58,0,0,3,0,0,0,0,0,1,0,,1527,1,1,0,0,1,0,0,0,0,0,0,0,0,0,0,0,,0,0,,,,,,,,
HN32556,9d31f0120e73f31cf9c3909667a0b1931759745d49c1f4286558519b6dee7c1c,hardneg,NO_VICTIM_ACTIVITY,,crafted,full,1,9.0,,286,0,,,,100,286,0,0,0,2,0.0,0.0,0,63,0,60,3,59,0,0,3,0,0,0,0,0,1,0,,82,0,0,0,0,1,2,2,0,0,0,0,0,0,0,0,0,,1,1,0,,,,,,,
HN32557,fc588473b900b31f2c9a02eddb6e2a3d2253826e7ec85cfb653136e7882a36d7,hardneg,NO_VICTIM_ACTIVITY,,crafted,full,1,7.0,,220,0,,,,50,220,0,0,0,0,0.0,0.0,0,59,0,57,2,57,0,0,3,0,0,0,0,0,1,0,,82,0,0,0,0,1,0,0,0,0,0,0,0,0,0,0,0,,0,0,,,,,,,,
HN32558,222bd6cab042c1e285214f7b4b378a4c4a0be3793284936034b5aec9be1a24b2,hardneg,TRUE_ENCRYPTION,,crafted,full,1,9.0,Scarab-Dharma,299,0,,,,320,299,0,0,0,0,0.0,0.0,0,256,0,137,119,58,0,0,3,0,0,0,0,0,1,0,,0,,,0,0,1,0,0,0,0,0,0,0,0,0,0,0,,0,0,,,,,,,,
HN32559,10f42e244201d926fe159cd23ec57271941608e668ece945956a3bdead194c15,hardneg,NO_VICTIM_ACTIVITY,,crafted,full,1,6.0,,337,0,,,,182,337,0,0,0,3,0.0,0.0,0,10,0,8,2,60,0,0,3,0,0,0,0,0,1,0,,0,,,0,0,1,3,0,0,1,0,0,0,0,1,0,0,-265.8,2,1,0,,,,,,,
HN32560,0630154f38366febe898522183f61ed7bba5e68e58fbefbd7490877011508bf0,hardneg,TRUE_ENCRYPTION,,crafted,full,1,3.3,,304,0,,,,20,304,0,0,0,0,0.0,0.0,0,4,0,4,0,58,0,0,3,0,0,0,0,0,1,0,,0,,,0,0,1,0,0,0,0,0,0,0,0,0,0,0,,0,0,,,,,,,,
HN32561,aeabbe46d0ba31fa9837d6370c5f0f7f1c024280e2a9e2118cc906da26880323,hardneg,NO_VICTIM_ACTIVITY,,crafted,full,1,9.0,,141,0,,,,8,141,0,0,0,0,0.0,0.0,0,12,0,12,0,60,0,0,3,0,0,0,0,0,1,0,,0,,,0,0,1,0,0,0,0,0,0,0,0,0,0,0,,0,0,,,,,,,,
HN32562,f9b1c57f2a674f507566f48abaaffb06d311d1b1de55bc8f4853121425ff52c3,hardneg,NO_VICTIM_ACTIVITY,,crafted,full,1,6.0,,196,0,,,,10,196,0,0,0,2,0.0,0.0,0,6,0,5,1,60,0,0,3,0,0,0,0,0,1,0,,0,,,0,0,1,2,0,2,0,0,0,0,0,0,1,1,,1,1,0,,,,,,,
HN32563,874ef4f725449edc193b5c4d292ed1cf3a0ea0af43cc3ee3d161e4c8df7e9b80,hardneg,TRUE_ENCRYPTION,,crafted,full,1,7.0,,297,0,,,,10,297,0,0,0,3,0.0,0.0,0,17,0,15,2,60,0,0,3,0,0,0,0,0,1,0,,0,,,0,0,1,3,0,0,1,0,0,0,0,1,0,0,-499.9,2,1,0,,,,,,,
HN32564,7a2bce77b7848ebaae8ca327d4487a741564a1f472eda6dbe3f351198bcc746d,hardneg,NO_VICTIM_ACTIVITY,,crafted,full,1,6.0,,334,0,,,,199,334,0,0,0,3,0.0,0.0,0,20,0,17,3,60,0,0,3,0,0,0,0,0,1,0,,671,0,0,0,0,1,3,0,0,1,0,0,0,0,1,0,0,-158.5,2,1,0,,,,,,,
HN32565,d231759e70a138acbf83792b3f84b3d577c1f53a2ac9a02675354a6bd1103dee,hardneg,NO_VICTIM_ACTIVITY,,crafted,full,1,9.0,,191,0,,,,0,191,0,0,0,5,0.0,0.0,0,11,0,7,4,56,0,0,0,0,0,0,0,0,1,0,,0,,,0,0,1,5,2,0,1,0,0,0,0,3,0,0,-18.8,3,2,0,,,,,,,
HN32566,052896e04dbf9fee9bfc4f076d81b4d50e3fea494f717e66085db1f984fda479,hardneg,NO_VICTIM_ACTIVITY,,crafted,full,1,7.0,,171,0,,,,39,171,0,0,0,0,0.0,0.0,0,41,0,41,0,58,0,0,3,0,0,0,0,0,1,0,,0,,,0,0,1,0,0,0,0,0,0,0,0,0,0,0,,0,0,,,,,,,,
HN32567,9ec1f5ca5a3c9f95aa1b618fc7bf0bc7eb1895d13d670850d88b4d2d6004953a,hardneg,NO_VICTIM_ACTIVITY,,crafted,full,1,6.0,,561,0,,,,1998,561,0,0,0,2,0.0,0.0,0,37,0,19,18,59,0,0,3,0,0,0,0,0,1,0,,267,0,0,0,0,1,2,0,2,0,0,0,0,0,0,1,1,,1,1,0,,,,,,,
HN32568,b7c4a90129d0e0f86a1d77663c10a0f859283d3f29030395f066d2627343df5e,hardneg,TRUE_ENCRYPTION,,crafted,full,1,8.0,,221,0,,,,53,221,53,0,0,0,0.2398190045248869,0.0,6,59,51,6,2,61,0,0,3,0,0,0,0,0,1,0,,0,,,0,0,1,0,0,0,0,0,0,0,0,0,0,0,,0,0,,,,,,,,
HN32569,cc8d82a79a66d58065211cadc36ec2fc250eb9f602d6e1cc1a2ece4bad22326e,hardneg,NO_VICTIM_ACTIVITY,,crafted,full,1,8.0,,227,0,,,,0,227,0,0,0,0,0.0,0.0,0,5,0,5,0,62,0,0,3,0,0,0,0,0,1,0,,0,,,0,0,1,0,0,0,0,0,0,0,0,0,0,0,,0,0,,,,,,,,
HN32570,e454c735d08d29598ae1be27daaaa2c9efaf52f40660749266645f0bba5b4a38,hardneg,NO_VICTIM_ACTIVITY,,crafted,full,1,9.0,,230,0,,,,0,230,0,0,0,2,0.0,0.0,0,6,0,5,1,63,0,0,3,0,0,0,0,0,1,0,,0,,,0,0,1,2,2,0,0,0,0,0,0,0,0,0,,1,1,0,,,,,,,
HN32571,f4d53c6349bb7e456cb7948c2bb67caf3c953a3145db19cb2cb4e9882d4c71a8,hardneg,TRUE_ENCRYPTION,,crafted,full,1,8.0,,1850,0,,,,100,1850,100,0,0,0,0.05405405405405406,0.0,1,119,99,18,2,57,0,0,3,0,0,0,0,0,1,0,,0,,,0,0,1,0,0,0,0,0,0,0,0,0,0,0,,0,0,,,,,,,,
HN32572,01f1792cd295c6e244f58301484fcbca05e809da1bd59ee1f830c7eb3895132e,hardneg,TRUE_ENCRYPTION,,crafted,full,1,9.0,,830,0,,,,100,830,100,0,0,0,0.12048192771084337,0.0,1,15,7,8,0,58,0,0,3,0,0,0,0,0,1,0,,0,,,0,0,1,0,0,0,0,0,0,0,0,0,0,0,,0,0,,,,,,,,
HN32573,acd332822ebe51873de51485f2e1cd36c283f981fb2787ba190d6c518920e581,hardneg,NO_VICTIM_ACTIVITY,,crafted,full,1,8.0,,227,0,,,,0,227,0,0,0,0,0.0,0.0,0,5,0,5,0,61,0,0,3,0,0,0,0,0,1,0,,0,,,0,0,1,0,0,0,0,0,0,0,0,0,0,0,,0,0,,,,,,,,
HN32574,ca38652a9b2c1434679f3f68ac7dc81c2957664b2f675adfbe37280a7ab7bfda,hardneg,NO_VICTIM_ACTIVITY,,crafted,full,1,6.0,,192,0,,,,0,192,0,0,0,3,0.0,0.0,0,7,0,6,1,63,0,0,3,0,0,0,0,0,1,0,,0,,,0,0,1,3,0,0,1,0,0,0,0,1,0,0,-7.3,2,1,0,,,,,,,
HN32575,f7aeb9fb7f0c18bf86a5a8bea4a6a1d30adad36d92f8a5b6db36b44ec4fac1a4,hardneg,NO_VICTIM_ACTIVITY,,crafted,full,1,6.0,,231,0,,,,0,231,0,0,0,2,0.0,0.0,0,7,0,6,1,63,0,0,3,0,0,0,0,0,1,0,,0,,,0,0,1,2,0,2,0,0,0,0,0,0,1,1,,1,1,0,,,,,,,
HN32576,87678a5869c2c5ffe02febaddf93da2db98661e3f4bc19c47369703f11ce1e83,hardneg,TRUE_ENCRYPTION,,crafted,full,1,6.0,,216,0,,,,0,216,0,0,0,3,0.0,0.0,0,9,0,7,2,59,0,0,2,0,0,0,0,0,1,0,,0,,,0,0,1,3,0,0,1,0,0,0,0,1,0,0,-8.1,2,1,0,,,,,,,
HN32577,1b2b621aea3948bc20741339517054fcf6244de09fe1ca5a2489c48b32bf4b4d,hardneg,TRUE_ENCRYPTION,,crafted,full,1,9.0,,1934,0,,,,200,1934,200,0,0,2,0.10341261633919338,0.0,1,24,3,20,1,61,0,0,3,0,0,0,0,0,1,0,,0,,,0,0,1,2,2,0,0,0,0,0,0,0,0,0,,1,1,0,0,,0,2.2,0,0,
HN32578,0db9bb45b153a4e9641f75b1f5a269bf020fcc150cb410a5bbe6a2d205189ee1,hardneg,TRUE_ENCRYPTION,,crafted,full,1,9.0,,430,0,,,,100,430,100,0,0,0,0.23255813953488372,0.0,1,108,98,7,3,60,0,0,3,0,0,0,0,0,1,0,,0,,,0,0,1,0,0,0,0,0,0,0,0,0,0,0,,0,0,,,,,,,,
HN32579,4fc0e24dd84363b5b0aa9cfa2c247abdffaf7c4ee3fbbf07568466a241ad0759,hardneg,TRUE_ENCRYPTION,,crafted,full,1,9.0,,245,0,,,,50,245,50,0,0,2,0.20408163265306123,0.0,6,57,48,6,3,62,0,0,3,0,0,0,0,0,1,0,,0,,,0,0,1,2,2,0,0,0,0,0,0,0,0,0,,1,1,0,0,,0,475.2,0,0,
HN32580,a1e8c1433a2099c80561d2562435b5d1f08330bc92035431ef88ef3923cf6a78,hardneg,TRUE_ENCRYPTION,,crafted,full,1,8.0,,261,0,,,,100,261,50,0,0,0,0.19157088122605365,0.0,6,58,46,7,5,61,0,0,3,0,0,0,0,0,1,0,,0,,,0,0,1,0,0,0,0,0,0,0,0,0,0,0,,0,0,,,,,,,,
HN32581,057c152be02495bf520c01e41482bfed7671cdfccb9411f68a2d417ee41557d3,hardneg,TRUE_ENCRYPTION,,crafted,full,1,9.0,,271,0,,,,50,271,50,0,0,2,0.18450184501845018,0.0,16,13,4,6,3,64,0,0,3,0,0,0,0,0,1,0,,0,,,0,0,1,2,0,2,0,0,0,0,0,0,1,1,,1,1,0,0,,0,4.0,0,0,
HN32582,34dddfc3fdb6d9e8fb780422d5d34d7c5fb28c0259c03b715783f4e6e0db62e1,hardneg,TRUE_ENCRYPTION,,crafted,full,1,9.0,,243,0,,,,50,243,50,0,0,0,0.205761316872428,0.0,16,11,6,5,0,62,0,0,3,0,0,0,0,0,1,0,,0,,,0,0,1,0,0,0,0,0,0,0,0,0,0,0,,0,0,,,,,,,,
HN32583,4d26d2585e8c84c3060c84f36645fbfdf639010c0182aa74507f0415f668a10f,hardneg,TRUE_ENCRYPTION,,crafted,full,1,9.0,,317,0,,,,137,317,121,0,0,0,0.38170347003154576,0.0,5,144,118,7,19,61,0,0,3,0,0,0,0,0,1,0,,0,,,0,0,1,0,0,0,0,0,0,0,0,0,0,0,,0,0,,,,,,,,
HN32584,7d5779e5043ddd55555d51304f3c7b61f5c94f563316309cb53aab467e44f50d,hardneg,TRUE_ENCRYPTION,,crafted,full,1,9.0,,206,0,,,,0,206,0,0,0,2,0.0,0.0,0,7,0,6,1,59,0,0,2,0,0,0,0,0,1,0,,0,,,0,0,1,2,2,0,0,0,0,0,0,0,0,0,,1,1,0,,,,,,,
HN32585,153df2e335aca8f1b0f666892ab046d615cdbd29a158129afdf0a57a7150c1ae,hardneg,TRUE_ENCRYPTION,,crafted,full,1,9.0,,421,0,,,,2000,421,222,0,0,0,0.5273159144893111,0.0,2,34,13,3,18,61,0,0,3,0,0,0,0,0,1,0,,12165,4,4,0,0,1,0,0,0,0,0,0,0,0,0,0,0,,0,0,,,,,,,,
HN32586,85a754f158f461e85f77b4816cac5c3a40ef6e2c019574166305da4a594719cc,hardneg,TRUE_ENCRYPTION,,crafted,full,1,9.0,,356,0,,,,741,356,222,0,0,0,0.6235955056179775,0.0,2,63,27,3,33,63,0,0,3,0,0,0,0,0,1,0,,12165,4,4,0,0,1,0,0,0,0,0,0,0,0,0,0,0,,0,0,,,,,,,,
HN32587,78ef71102bc1d8d27b0fe87c7f1226fb02cc3f04c97bcc178c02c2f934773086,hardneg,TRUE_ENCRYPTION,,crafted,full,1,7.0,,225,0,,,,200,225,13,0,0,0,0.057777777777777775,0.0,3,12,2,5,5,59,0,0,3,0,0,0,0,0,1,0,,0,,,0,0,1,0,0,0,0,0,0,0,0,0,0,0,,0,0,,,,,,,,
HN32588,38446bea64683b498bbf2099471b698c6cc73e32724a888dc5b6eb1bc160de7c,hardneg,NO_VICTIM_ACTIVITY,,crafted,full,1,9.0,,302,0,,,,100,302,100,0,0,3,0.33112582781456956,0.0,2,115,91,10,14,62,0,0,3,0,0,0,0,0,1,0,,12165,4,4,0,0,1,3,0,0,1,0,0,0,0,1,0,0,-511.8,2,1,0,0,,0,488.2,0,0,
HN32589,3752761801a7c6ced09bab53c7c2534ad84275f69919f40003bdb147daf54a99,hardneg,TRUE_ENCRYPTION,,crafted,full,1,9.0,,300,0,,,,100,300,100,0,0,2,0.3333333333333333,0.0,2,25,17,6,2,61,0,0,3,0,0,0,0,0,1,0,,12165,4,4,0,0,1,2,2,0,0,0,0,0,0,0,0,0,,1,1,0,0,,0,77.7,0,0,
HN32590,913c0d182b84c0a20a09d111ff7528711c40042070a62ea61c4f732d1c1b5506,hardneg,TRUE_ENCRYPTION,,crafted,full,1,7.0,,247,0,,,,20,247,10,0,0,3,0.04048582995951417,0.0,1,17,8,6,3,61,0,0,3,0,0,0,0,0,1,0,,0,,,0,0,1,3,0,0,1,0,0,0,0,1,0,0,-511.1,2,1,0,0,,0,433.0,0,0,
HN32591,0b83a9c01acb7157adcc66f07eea50a66515c33bdbe61f2290c1f55c603e4d62,hardneg,TRUE_ENCRYPTION,,crafted,full,1,8.0,,181,0,,,,10,181,10,0,0,0,0.055248618784530384,0.0,2,6,1,4,1,59,0,0,3,0,0,0,0,0,1,0,,2996,3,3,0,0,1,0,0,0,0,0,0,0,0,0,0,0,,0,0,,,,,,,,
HN32592,e0c754a5b979ae87c40eb9fbf7d33e18291c78b5d7d3454fc9eb16a6de5b07c6,hardneg,TRUE_ENCRYPTION,,crafted,full,1,9.0,,504,0,,,,400,504,200,0,0,0,0.3968253968253968,0.0,19,23,9,6,8,58,0,0,3,0,0,0,0,0,1,0,,1231,2,2,0,0,1,0,0,0,0,0,0,0,0,0,0,0,,0,0,,,,,,,,
HN32593,eea8ce6e73d2b3e9c625cb72194ed2a475cb8451912430ea3a274944fb87c8fc,hardneg,TRUE_ENCRYPTION,,crafted,full,1,8.0,,256,0,,,,200,256,13,0,0,2,0.05078125,0.0,3,208,12,7,189,62,0,0,3,0,0,0,0,0,1,0,,0,,,0,0,1,2,0,2,0,0,0,0,0,0,1,1,,1,1,0,0,,0,29.6,0,0,
HN32594,96e6dcdcb3069a3c2573019726c50e6182f251d9df973606e37cb8f31d0a0eb1,hardneg,TRUE_ENCRYPTION,,crafted,full,1,9.0,,490,0,,,,400,490,176,0,0,2,0.35918367346938773,0.0,2,21,11,5,5,61,0,0,3,0,0,0,0,0,1,0,,12165,4,4,0,0,1,2,0,2,0,0,0,0,0,0,1,1,,1,1,0,0,,0,10.9,0,0,
HN32595,9961dad0aa421432b1af6a331365f2c9a1378d0e224295c49b2f07e2ac16045a,hardneg,TRUE_ENCRYPTION,,crafted,full,1,9.0,,450,0,,,,200,450,176,0,0,2,0.39111111111111113,0.0,2,218,164,14,40,61,0,0,3,0,0,0,0,0,1,0,,12165,4,4,0,0,1,2,0,2,0,0,0,0,0,0,1,1,,1,1,0,0,,0,500.1,0,0,
HN32596,0d78d6568da93be66d7034a3eca2fb7f2e0712ddee5a7eb8ab942af283a32d5a,hardneg,TRUE_ENCRYPTION,,crafted,full,1,9.0,,489,0,,,,400,489,176,0,0,2,0.35991820040899797,0.0,2,34,22,5,7,61,0,0,3,0,0,0,0,0,1,0,,12165,4,4,0,0,1,2,2,0,0,0,0,0,0,0,0,0,,1,1,0,0,,0,151.9,0,0,
HN32597,9bd18382ba7bc98689126fa7e1cae05fc244c38abc4ddb7ce07e8c799b085b89,hardneg,TRUE_ENCRYPTION,,crafted,full,1,9.0,,423,0,,,,200,423,176,0,0,0,0.4160756501182033,0.0,2,29,26,3,0,60,0,0,3,0,0,0,0,0,1,0,,12165,4,4,0,0,1,0,0,0,0,0,0,0,0,0,0,0,,0,0,,,,,,,,
HN32598,8c264a15bc098bd55e95f936d5476bd1cc9ea9de2cf2ed022021db95ef9ad258,hardneg,TRUE_ENCRYPTION,,crafted,full,1,9.0,,401,0,,,,200,401,200,0,0,2,0.49875311720698257,0.0,19,216,193,10,13,60,0,0,3,0,0,0,0,0,1,0,,1231,2,2,0,0,1,2,2,0,0,0,0,0,0,0,0,0,,1,1,0,0,,0,491.0,0,0,
HN32599,a1cf41700f20ea0d3c711f71f5290c9a899433287bc721b52a2169445b004ac8,hardneg,TRUE_ENCRYPTION,,crafted,full,1,2.0,,208,0,,,,0,208,0,0,0,0,0.0,0.0,0,4,0,4,0,57,0,0,2,0,0,0,0,0,1,0,,0,,,0,0,1,0,0,0,0,0,0,0,0,0,0,0,,0,0,,,,,,,,
HN32600,9fc67df9a861ac08cdc91de698ecdbbaaf12e59923fc6cc43857590af3fb225d,hardneg,TRUE_ENCRYPTION,,crafted,full,1,9.0,,208,0,,,,2000,208,13,0,0,0,0.0625,0.0,3,555,5,6,544,61,0,0,3,0,0,0,0,0,1,0,,0,,,0,0,1,0,0,0,0,0,0,0,0,0,0,0,,0,0,,,,,,,,
HN32601,ee2ac783a1f6f2f674c55bbbf35ac77fcbc52158ef6e2bc9b6b23e55f06db3f8,hardneg,TRUE_ENCRYPTION,,crafted,full,1,8.0,,212,0,,,,2000,212,13,0,0,2,0.06132075471698113,0.0,3,544,5,4,535,61,0,0,3,0,0,0,0,0,1,0,,0,,,0,0,1,2,0,2,0,0,0,0,0,0,1,1,,1,1,0,0,,0,3.8,0,0,
HN32602,fb9a6c7f296311327a6b29a41688982d89f3667d18b7282ca85d5516b142df93,hardneg,TRUE_ENCRYPTION,,crafted,full,1,8.0,,145,0,,,,781,145,13,0,0,0,0.0896551724137931,0.0,3,50,2,2,46,61,0,0,3,0,0,0,0,0,1,0,,0,,,0,0,1,0,0,0,0,0,0,0,0,0,0,0,,0,0,,,,,,,,
HN32603,f9c004f12486694abe3129620b6284076335d561e02cf1abbc72721361ca7761,hardneg,TRUE_ENCRYPTION,,crafted,full,1,3.0,,229,0,,,,0,229,0,0,0,0,0.0,0.0,0,6,0,6,0,57,0,0,2,0,0,0,0,0,1,0,,0,,,0,0,1,0,0,0,0,0,0,0,0,0,0,0,,0,0,,,,,,,,
HN32604,0317c7afe3b433917f57de1b7aeccf56dbb29a6c722372e233b0e7e82355ecde,hardneg,NO_VICTIM_ACTIVITY,,crafted,full,1,9.0,,458,0,,,,1999,458,255,0,0,3,0.5567685589519651,0.0,3,575,80,7,488,62,0,0,3,0,0,0,0,0,1,0,,8213,4,4,0,0,1,3,0,0,1,0,0,0,0,1,0,0,-586.4,2,1,0,0,,0,89.1,0,0,
HN32605,d8eb7d46bc4c055b17681a56e9ba5faad4a0ea292671f81545613f18ceae2987,hardneg,TRUE_ENCRYPTION,,crafted,full,1,9.0,,317,0,,,,187,317,100,0,0,0,0.31545741324921134,0.0,3,9,5,4,0,59,0,0,3,0,0,0,0,0,1,0,,0,,,0,0,1,0,0,0,0,0,0,0,0,0,0,0,,0,0,,,,,,,,
HN32606,6555e07b5e9154aa346fd3ef00679347612a3ab75fa4a234bda3ee839047ea43,hardneg,TRUE_ENCRYPTION,,crafted,full,1,9.0,,303,0,,,,100,303,100,0,0,3,0.33003300330033003,0.0,3,14,9,4,1,61,0,0,3,0,0,0,0,0,1,0,,0,,,0,0,1,3,0,0,1,0,0,0,0,1,0,0,-292.9,2,1,0,0,,0,64.5,0,0,
HN32607,b65bfbeff4fa819b154d15ef565b3c36c26590cca7a17d36ed5a2602effd18bd,hardneg,TRUE_ENCRYPTION,,crafted,full,1,7.0,,437,0,,,,99,437,99,0,0,5,0.22654462242562928,0.0,14,24,12,9,3,60,0,0,3,0,0,0,0,0,1,0,,4552,4,4,0,0,1,5,0,2,1,0,0,0,0,1,1,1,-88.8,3,2,0,0,,0,68.5,0,0,
HN32608,aef2a3dc93eddfd97a0cca4d7d5e1c0b5e3e434cd00fd72b01db933f3b815444,hardneg,TRUE_ENCRYPTION,,crafted,full,1,7.0,,185,0,,,,200,185,13,0,0,0,0.07027027027027027,0.0,3,7,2,3,2,59,0,0,3,0,0,0,0,0,1,0,,0,,,0,0,1,0,0,0,0,0,0,0,0,0,0,0,,0,0,,,,,,,,
HN32609,ba9eea616ec010c5de50c32cbbd1d636e4b90934aabd56ff4ac2b8a443fa37ae,hardneg,TRUE_ENCRYPTION,,crafted,full,1,8.0,,226,0,,,,400,226,13,0,0,0,0.05752212389380531,0.0,3,207,13,5,189,59,0,0,3,0,0,0,0,0,1,0,,0,,,0,0,1,0,0,0,0,0,0,0,0,0,0,0,,0,0,,,,,,,,
HN32610,cbff0a8c785a5da6f87d25ca01856da33bc0302b33ed455c50d4b0d00cb0a58c,hardneg,NO_VICTIM_ACTIVITY,,crafted,full,1,8.0,,185,0,,,,200,185,13,0,0,0,0.07027027027027027,0.0,3,204,13,4,187,60,0,0,3,0,0,0,0,0,1,0,,0,,,0,0,1,0,0,0,0,0,0,0,0,0,0,0,,0,0,,,,,,,,
HN32611,ae530b6062e433fe0a89009cdfa2daa96ae9debe9ac8b045138c5414b20d9fc7,hardneg,TRUE_ENCRYPTION,,crafted,full,1,9.0,,220,0,,,,49,220,49,0,0,0,0.22272727272727272,0.0,3,60,42,11,7,59,0,0,3,0,0,0,0,0,1,0,,7833,4,4,0,0,1,0,0,0,0,0,0,0,0,0,0,0,,0,0,,,,,,,,
HN32612,e88812670698e45fe5ff6c237a448a6f84ff6172a1d205b0194de8cf833fcc84,hardneg,TRUE_ENCRYPTION,,crafted,full,1,8.0,,260,0,,,,98,260,49,0,0,0,0.18846153846153846,0.0,13,59,45,10,4,58,0,0,3,0,0,0,0,0,1,0,,4552,4,4,0,0,1,0,0,0,0,0,0,0,0,0,0,0,,0,0,,,,,,,,
HN32613,05eb95917fea8cb98fddb44655237b19dde6546b4bf5018e7b8bab212b83cd1f,hardneg,TRUE_ENCRYPTION,,crafted,full,1,6.0,,195,0,,,,53,195,0,53,0,2,0.0,0.2717948717948718,6,12,2,8,2,61,0,0,2,0,0,0,0,0,1,0,,0,,,0,0,1,2,0,2,0,0,0,0,0,0,1,1,,1,1,0,0,,0,2.5,0,0,
HN32614,3eecfa6fc35e7939572c1a83dfac2f73c4aee0696b2ba70311a7437e4b23e48d,hardneg,TRUE_ENCRYPTION,,crafted,full,1,2.0,,168,0,,,,53,168,0,53,0,0,0.0,0.31547619047619047,6,8,2,2,4,60,0,0,2,0,0,0,0,0,1,0,,0,,,0,0,1,0,0,0,0,0,0,0,0,0,0,0,,0,0,,,,,,,,
HN32615,75ccafd9b3251eb5c37cbcb1aaf29c7bb90282afe5ad83e0346478c63042893c,hardneg,NO_VICTIM_ACTIVITY,,crafted,full,1,6.0,,191,0,,,,0,191,0,0,0,2,0.0,0.0,0,7,0,6,1,61,0,0,2,0,0,0,0,0,1,0,,0,,,0,0,1,2,0,2,0,0,0,0,0,0,1,1,,1,1,0,,,,,,,
HN32616,f41470ef689e0cdc8bbda806fc2f39f4ff577d8c4e23d0a941a97c9dd70dfb5d,hardneg,TRUE_ENCRYPTION,,crafted,full,1,7.0,,223,0,,,,94,223,0,94,0,0,0.0,0.42152466367713004,17,99,1,5,93,59,0,0,3,0,0,0,0,0,1,0,,0,,,0,0,1,0,0,0,0,0,0,0,0,0,0,0,,0,0,,,,,,,,
HN32617,1f69b88a0452f623c29382e9e0c88f3438d3c8b153f43a9adafde1c18b10e334,hardneg,TRUE_ENCRYPTION,,crafted,full,1,7.0,,170,0,,,,94,170,0,94,0,0,0.0,0.5529411764705883,17,100,1,6,93,58,0,0,2,0,0,0,0,0,1,0,,0,,,0,0,1,0,0,0,0,0,0,0,0,0,0,0,,0,0,,,,,,,,
HN32618,0bee77853180af8ccd74a3c173dfc6eeaa631cb3c548940787367f961b5badfb,hardneg,TRUE_ENCRYPTION,,crafted,full,1,2.0,,305,0,,,,100,305,0,100,0,0,0.0,0.32786885245901637,1,13,2,6,5,57,0,0,3,0,0,0,0,0,1,0,,0,,,0,0,1,0,0,0,0,0,0,0,0,0,0,0,,0,0,,,,,,,,
HN32619,00b2e91bb1553ec3abe83289a7daa60a24164aa0afff21af43c1647bc285812b,hardneg,TRUE_ENCRYPTION,,crafted,full,1,6.0,,248,0,,,,10,248,0,10,0,2,0.0,0.04032258064516129,3,7,2,4,1,62,0,0,3,0,0,0,0,0,1,0,,0,,,0,0,1,2,0,2,0,0,0,0,0,0,1,1,,1,1,0,0,,0,0.4,0,0,
HN32620,20cf8bdec65c0e0442736da3e4f46b9d1c5d62efbaa582f3bbb130483ec681ee,hardneg,TRUE_ENCRYPTION,,crafted,full,1,2.0,,221,0,,,,10,221,0,10,0,0,0.0,0.04524886877828054,7,6,2,4,0,59,0,0,3,0,0,0,0,0,1,0,,0,,,0,0,1,0,0,0,0,0,0,0,0,0,0,0,,0,0,,,,,,,,
HN32621,3a14d42d3c3b55fd028aafbc9d0c72b0c198f3ef682783c29bca50d0807d080d,hardneg,NO_VICTIM_ACTIVITY,,crafted,full,1,9.0,,231,0,,,,0,231,0,0,0,2,0.0,0.0,0,7,0,6,1,62,0,0,3,0,0,0,0,0,1,0,,0,,,0,0,1,2,2,0,0,0,0,0,0,0,0,0,,1,1,0,,,,,,,
HN32622,0acd0ecea842aa647017ce0c43c711b388bef48506a3307248f37102b7446db4,hardneg,NO_VICTIM_ACTIVITY,,crafted,full,1,6.0,,193,0,,,,0,193,0,0,0,3,0.0,0.0,0,5,0,3,2,62,0,0,2,0,0,0,0,0,1,0,,0,,,0,0,1,3,0,0,1,0,0,0,0,1,0,0,-6.7,2,1,0,,,,,,,
HN32623,3f9e206090dc242384f9241b119f3d964e69b75d5032ae7a530ce551ce988f22,hardneg,TRUE_ENCRYPTION,,crafted,full,1,1.8,,705,0,,,,200,705,0,200,0,0,0.0,0.28368794326241137,1,14,2,11,1,57,0,0,3,0,0,0,0,0,1,0,,0,,,0,0,1,0,0,0,0,0,0,0,0,0,0,0,,0,0,,,,,,,,
HN32624,86b5911fb3be03b02f74cf66913cedc32dfff39ae4fba814044c162e217ffdbf,hardneg,TRUE_ENCRYPTION,,crafted,full,1,9.0,,276,0,,,,94,276,0,94,0,4,0.0,0.34057971014492755,17,106,1,9,96,61,0,0,3,0,0,0,0,0,1,0,,0,,,0,0,1,4,2,2,0,0,0,0,0,0,1,1,,2,2,0,0,,0,480.2,0,0,
HN32625,28fd478e0c5f3cb08c8fe893c258d518df435ad96ea04327962c6b477b1991c8,hardneg,TRUE_ENCRYPTION,,crafted,full,1,7.0,,197,0,,,,94,197,0,94,0,2,0.0,0.47715736040609136,17,101,1,5,95,60,0,0,2,0,0,0,0,0,1,0,,0,,,0,0,1,2,0,2,0,0,0,0,0,0,1,1,,1,1,0,0,,0,480.1,0,0,
HN32626,73c62619f2404bf3c6f1a05b309ae7e0d50b184594062bbb886e47423d36267c,hardneg,TRUE_ENCRYPTION,,crafted,full,1,7.0,,170,0,,,,94,170,0,94,0,0,0.0,0.5529411764705883,17,98,1,4,93,58,0,0,2,0,0,0,0,0,1,0,,0,,,0,0,1,0,0,0,0,0,0,0,0,0,0,0,,0,0,,,,,,,,
HN32627,9e34a9c9bed7c8cb8f47cd750dba5297503071816b4a9e7511d0de5176fd383c,hardneg,NO_VICTIM_ACTIVITY,,crafted,full,1,9.0,,229,0,,,,0,229,0,0,0,2,0.0,0.0,0,9,0,8,1,62,0,0,3,0,0,0,0,0,1,0,,0,,,0,0,1,2,2,0,0,0,0,0,0,0,0,0,,1,1,0,,,,,,,
HN32628,bd2dd51f1f1e896aa92d526f4a704dd1b92c20d56f1ddeff0cf39e3011b3c9c6,hardneg,NO_VICTIM_ACTIVITY,,crafted,full,1,6.0,,192,0,,,,0,192,0,0,0,2,0.0,0.0,0,7,0,6,1,61,0,0,2,0,0,0,0,0,1,0,,0,,,0,0,1,2,0,2,0,0,0,0,0,0,1,1,,1,1,0,,,,,,,
HN32629,1372e874f526acad10dbd5a2e47ec8a2dcf88c2d729497662026095b662885ca,hardneg,TRUE_ENCRYPTION,,crafted,full,1,9.0,,191,0,,,,94,191,0,94,0,0,0.0,0.49214659685863876,17,100,1,5,94,62,0,0,3,0,0,0,0,0,1,0,,0,,,0,0,1,0,0,0,0,0,0,0,0,0,0,0,,0,0,,,,,,,,
HN32630,d7666b1a8eca9df62149d4a6b0af51cdd0ba327b49b5c971c6b804b5b838e8a0,hardneg,TRUE_ENCRYPTION,,crafted,full,1,8.0,,191,0,,,,94,191,0,94,0,0,0.0,0.49214659685863876,17,13,2,4,7,60,0,0,3,0,0,0,0,0,1,0,,0,,,0,0,1,0,0,0,0,0,0,0,0,0,0,0,,0,0,,,,,,,,
HN32631,da123d525e92d043f72975c4c6b0e8d774c4474751d3ca434052cac72b5b55ed,hardneg,TRUE_ENCRYPTION,,crafted,full,1,9.0,,241,0,,,,4000,241,0,2000,0,2,0.0,8.298755186721992,46,46,2,4,40,59,0,0,2,0,0,0,0,0,1,0,,0,,,0,0,1,2,2,0,0,0,0,0,0,0,0,0,,1,1,0,0,,0,15.1,0,0,
HN32632,c3ed0cd3613b86fa079627e14b25275c7b578321da8968e8868d8d2165602093,hardneg,TRUE_ENCRYPTION,,crafted,full,1,7.0,,133,0,,,,781,133,0,781,0,0,0.0,5.87218045112782,2,48,1,2,45,58,0,0,2,0,0,0,0,0,1,0,,0,,,0,0,1,0,0,0,0,0,0,0,0,0,0,0,,0,0,,,,,,,,
HN32633,0848e56ae2edcda33c838f88b658ce2daf7140840e9357c5661f0ba45d3fc3bc,hardneg,TRUE_ENCRYPTION,,crafted,full,1,6.0,,254,0,,,,100,254,0,100,0,2,0.0,0.3937007874015748,2,9,2,4,3,61,0,0,3,0,0,0,0,0,1,0,,0,,,0,0,1,2,0,2,0,0,0,0,0,0,1,1,,1,1,0,0,,0,3.2,0,0,
HN32634,8cea6a5ececcce127b95ce20336b87d3bba6b1fa072e81d2d1d48ab596a8b6ad,hardneg,TRUE_ENCRYPTION,,crafted,full,1,2.0,,213,0,,,,200,213,0,100,0,0,0.0,0.4694835680751174,2,6,2,3,1,59,0,0,2,0,0,0,0,0,1,0,,0,,,0,0,1,0,0,0,0,0,0,0,0,0,0,0,,0,0,,,,,,,,
HN32635,842c9c02b1a3b102c56590151debec17b64939ea8a168128a1eefc2ba3fa5969,hardneg,TRUE_ENCRYPTION,,crafted,full,1,2.0,,172,0,,,,100,172,0,100,0,0,0.0,0.5813953488372093,2,10,2,2,6,59,0,0,2,0,0,0,0,0,1,0,,0,,,0,0,1,0,0,0,0,0,0,0,0,0,0,0,,0,0,,,,,,,,
HN32636,7b4b775a5e3655f31166503917ed7236f1d43ae5ab3b8ae87eaa8a94dde3bb08,hardneg,TRUE_ENCRYPTION,,crafted,full,1,9.0,,354,0,,,,200,354,0,100,0,5,0.0,0.2824858757062147,7,19,2,7,10,60,0,0,3,0,0,0,0,0,1,0,,0,,,0,0,1,5,2,0,1,0,0,0,0,3,0,0,-83.0,3,2,0,0,,0,62.3,0,0,
HN32637,3b90ecffe0459a478cef7b153c70637e30289cd683e7a5a9aa188b07f11bc8e9,hardneg,TRUE_ENCRYPTION,,crafted,full,1,9.0,,249,0,,,,10,249,0,10,0,2,0.0,0.040160642570281124,1,8,1,6,1,61,0,0,3,0,0,0,0,0,1,0,,0,,,0,0,1,2,2,0,0,0,0,0,0,0,0,0,,1,1,0,0,,0,0.2,0,0,
HN32638,3ba4984cc22940cc53e163d80e70d8303943cf09fbce7d59c9c3a53b5011c0fd,hardneg,NO_VICTIM_ACTIVITY,,crafted,full,1,8.0,,221,0,,,,10,221,0,10,0,2,0.0,0.04524886877828054,5,8,1,6,1,64,0,0,3,0,0,0,0,0,1,0,,0,,,0,0,1,2,0,2,0,0,0,0,0,0,1,1,,1,1,0,0,,0,0.6,0,0,
HN32639,552ca9e58638c0441335a769c9a53f8bddfe29bf97aaf2252986c1c65553ea0e,hardneg,TRUE_ENCRYPTION,,crafted,full,1,9.0,,197,0,,,,137,197,0,137,0,2,0.0,0.6954314720812182,6,144,1,6,137,60,0,0,2,0,0,0,0,0,1,0,,0,,,0,0,1,2,2,0,0,0,0,0,0,0,0,0,,1,1,0,0,,0,482.3,0,0,
HN32640,ee4bfb0cd7d312e77550c8ad26798ec11348a708e53191860d2b29e71534bbff,hardneg,TRUE_ENCRYPTION,,crafted,full,1,2.0,,174,0,,,,200,174,0,200,0,0,0.0,1.1494252873563218,2,16,2,3,11,59,0,0,2,0,0,0,0,0,1,0,,0,,,0,0,1,0,0,0,0,0,0,0,0,0,0,0,,0,0,,,,,,,,
HN32641,5dc09db1adf63528a969146b7e1c39ba13941b251eb9b0cb7af32f392b26138f,hardneg,TRUE_ENCRYPTION,,crafted,full,1,2.0,,210,0,,,,100,210,0,50,0,0,0.0,0.23809523809523808,1,7,1,4,2,58,0,0,2,0,0,0,0,0,1,0,,0,,,0,0,1,0,0,0,0,0,0,0,0,0,0,0,,0,0,,,,,,,,
HN32642,26155e762a5df563ab9c570344e419328fbaa069c75bc4e1d365b7aa07c4b24f,hardneg,TRUE_ENCRYPTION,,crafted,full,1,9.0,,176,0,,,,2761,176,0,761,0,0,0.0,4.323863636363637,41,69,1,4,64,61,0,0,2,0,0,0,0,0,1,0,,0,,,0,0,1,0,0,0,0,0,0,0,0,0,0,0,,0,0,,,,,,,,
HN32643,859b5781c7f632d0bca0efdebe56a371848c5adb99b1b9ec65819cbf605410a5,hardneg,TRUE_ENCRYPTION,,crafted,full,1,6.0,,201,0,,,,1998,201,0,1998,0,2,0.0,9.940298507462687,50,32,2,4,26,59,0,0,2,0,0,0,0,0,1,0,,0,,,0,0,1,2,0,2,0,0,0,0,0,0,1,1,,1,1,0,0,,0,26.1,0,0,
HN32644,4fa3dba087fe63b6bcfd54194a5f251b8ee414c2d6a61679a7399148c373a02f,hardneg,TRUE_ENCRYPTION,,crafted,full,1,9.0,,196,0,,,,502,196,0,644,0,2,0.0,3.2857142857142856,11,14,2,4,8,61,0,0,2,0,0,0,0,0,1,0,,0,,,0,0,1,2,2,0,0,0,0,0,0,0,0,0,,1,1,0,0,,0,8.5,0,0,
HN32645,1a7207b04be2d20aa56918bfa90068f9b162b67b4d478b6a58e550e69f179a1a,hardneg,TRUE_ENCRYPTION,,crafted,full,1,7.0,,171,0,,,,2000,171,0,2000,0,0,0.0,11.695906432748538,6,550,1,2,547,59,0,0,2,0,0,0,0,0,1,0,,0,,,0,0,1,0,0,0,0,0,0,0,0,0,0,0,,0,0,,,,,,,,
HN32646,e0cf103c14f7fc0eb7ada866b203d1c3560772943239b0772046d349c4504adb,hardneg,TRUE_ENCRYPTION,,crafted,full,1,9.0,,174,0,,,,2761,174,0,761,0,0,0.0,4.373563218390805,6,63,1,4,58,61,0,0,3,0,0,0,0,0,1,0,,0,,,0,0,1,0,0,0,0,0,0,0,0,0,0,0,,0,0,,,,,,,,
HN32647,e7754f404826b7f0a29ccdba4dbe460da019a6a1afe904a7c2e0afe70c26704a,hardneg,TRUE_ENCRYPTION,,crafted,full,1,9.0,,276,0,,,,0,276,0,0,0,4,0.0,0.0,0,9,0,6,3,59,0,0,2,0,0,0,0,0,1,0,,0,,,0,0,1,4,2,2,0,0,0,0,0,0,1,1,,2,2,0,,,,,,,
HN32648,7fb80a81c9190ea9e27439ba3f857b28e46e0271a266168c0ea6fe178531cfaf,hardneg,TRUE_ENCRYPTION,,crafted,full,1,6.0,,201,0,,,,100,201,0,100,0,2,0.0,0.4975124378109453,3,8,2,4,2,61,0,0,2,0,0,0,0,0,1,0,,0,,,0,0,1,2,0,2,0,0,0,0,0,0,1,1,,1,1,0,0,,0,1.8,0,0,
HN32649,d23fb018eb861d346bb12f8540577c5a99080206218e849a58a1f2fa0202b7ee,hardneg,TRUE_ENCRYPTION,,crafted,full,1,7.0,,134,0,,,,78,134,0,78,0,0,0.0,0.582089552238806,2,81,1,3,77,60,0,0,2,0,0,0,0,0,1,0,,0,,,0,0,1,0,0,0,0,0,0,0,0,0,0,0,,0,0,,,,,,,,
HN32650,79d502bb539692a78003f32f5c785a1e52fddf2a13cfd4e372bbcb0253689af7,hardneg,TRUE_ENCRYPTION,,crafted,full,1,7.0,,239,0,,,,200,239,0,100,0,2,0.0,0.41841004184100417,3,108,1,7,100,60,0,0,2,0,0,0,0,0,1,0,,0,,,0,0,1,2,0,2,0,0,0,0,0,0,1,1,,1,1,0,0,,0,477.9,0,0,
HN32651,b95adb9eb680d9b5ed97337b7fefa6c7435c7186752b1aa48c53ce402b9a8ebd,hardneg,TRUE_ENCRYPTION,,crafted,full,1,3.0,,213,0,,,,198,213,0,99,0,0,0.0,0.4647887323943662,3,9,2,4,3,58,0,0,2,0,0,0,0,0,1,0,,0,,,0,0,1,0,0,0,0,0,0,0,0,0,0,0,,0,0,,,,,,,,
HN32652,6fa0f77090e571500c6e9aa1c30824444bf0c763b0f3fe230936ee844f249fde,hardneg,NO_VICTIM_ACTIVITY,,crafted,full,1,7.0,,170,0,,,,10,170,0,10,0,0,0.0,0.058823529411764705,3,13,1,3,9,59,0,0,2,0,0,0,0,0,1,0,,0,,,0,0,1,0,0,0,0,0,0,0,0,0,0,0,,0,0,,,,,,,,
HN32653,ae6f65a1b0412c69c5df6eac4e18b67c728823c09b6b648c25ae6b2c3e6fad7f,hardneg,TRUE_ENCRYPTION,,crafted,full,1,1.8,,215,0,,,,200,215,0,200,0,0,0.0,0.9302325581395349,3,9,2,4,3,59,0,0,3,0,0,0,0,0,1,0,,0,,,0,0,1,0,0,0,0,0,0,0,0,0,0,0,,0,0,,,,,,,,
HN32654,45182efdd9a93e06b2e59d4ea14b6a7df792203bd79df293387387988130ecdc,hardneg,TRUE_ENCRYPTION,,crafted,full,1,6.0,,198,0,,,,200,198,0,200,0,3,0.0,1.0101010101010102,3,10,2,4,4,61,0,0,2,0,0,0,0,0,1,0,,0,,,0,0,1,3,0,0,1,0,0,0,0,0,0,0,,2,1,0,0,,0,2.8,0,0,
HN32655,42ee1d74f77566ec56b2c4221063db72195323a024a8798cac7867894ca86025,hardneg,TRUE_ENCRYPTION,,crafted,full,1,7.0,,198,0,,,,200,198,0,200,0,2,0.0,1.0101010101010102,3,206,1,4,201,60,0,0,2,0,0,0,0,0,1,0,,0,,,0,0,1,2,0,2,0,0,0,0,0,0,1,1,,1,1,0,0,,0,484.2,0,0,
HN32656,e38924aae64d9714d47b8dc63cb5305318c9b96149bd2c7a60ca5781f9bf99db,hardneg,TRUE_ENCRYPTION,,crafted,full,1,7.0,,171,0,,,,200,171,0,200,0,0,0.0,1.1695906432748537,3,207,1,5,201,58,0,0,2,0,0,0,0,0,1,0,,0,,,0,0,1,0,0,0,0,0,0,0,0,0,0,0,,0,0,,,,,,,,
HN32657,5348b8eae289743fcb56b74bcc2597a9fc584be5ed8a646ccd51492a424fa1d4,hardneg,TRUE_ENCRYPTION,,crafted,full,1,3.5,,211,0,,,,100,211,0,50,0,0,0.0,0.23696682464454977,2,6,2,4,0,58,0,0,2,0,0,0,0,0,1,0,,0,,,0,0,1,0,0,0,0,0,0,0,0,0,0,0,,0,0,,,,,,,,
HN32658,7f77ef079af8a3b732089d3cfbe69cc357fc34835baba324500654efeab26eda,hardneg,TRUE_ENCRYPTION,,crafted,full,1,3.0,,210,0,,,,98,210,0,49,0,0,0.0,0.23333333333333334,3,8,2,4,2,58,0,0,2,0,0,0,0,0,1,0,,0,,,0,0,1,0,0,0,0,0,0,0,0,0,0,0,,0,0,,,,,,,,
HN32659,65330dde61e23b4e2aba6f4f441cf0182ea1ef4349e3825ef26c96d19f7bfdf1,hardneg,TRUE_ENCRYPTION,,crafted,full,1,7.0,,218,0,,,,53,218,53,0,0,0,0.24311926605504589,0.0,6,9,6,3,0,60,0,0,3,0,0,0,0,0,1,0,,0,,,0,0,1,0,0,0,0,0,0,0,0,0,0,0,,0,0,,,,,,,,
HN32660,297f7f8c109d4ef8d9bad51eae8ee9c44624c706eb41b74d806992b75cb7e639,hardneg,TRUE_ENCRYPTION,,crafted,full,1,9.0,,270,0,,,,53,270,53,0,0,3,0.1962962962962963,0.0,6,65,46,9,10,63,0,0,3,0,0,0,0,0,1,0,,0,,,0,0,1,3,0,0,1,0,0,0,0,1,0,0,-492.8,2,1,0,0,,0,475.4,0,0,
HN32661,fea4a981103433a14518cbee58dce432b15c2047164b7816593138acc6d0cf6e,hardneg,TRUE_ENCRYPTION,,crafted,full,1,7.0,,220,0,,,,53,220,53,0,0,0,0.2409090909090909,0.0,6,10,7,3,0,60,0,0,3,0,0,0,0,0,1,0,,0,,,0,0,1,0,0,0,0,0,0,0,0,0,0,0,,0,0,,,,,,,,
HN32662,777675aed9f6c3cf6b0a52ec7012af8bd1e363e082b49471195b732a700bc784,hardneg,TRUE_ENCRYPTION,,crafted,full,1,7.0,,220,0,,,,53,220,53,0,0,0,0.2409090909090909,0.0,6,11,6,5,0,60,0,0,3,0,0,0,0,0,1,0,,0,,,0,0,1,0,0,0,0,0,0,0,0,0,0,0,,0,0,,,,,,,,
HN32663,037ba1e8e92878f954967ac3d457d069e4ac1c04928c92f4751e68870a058011,hardneg,NO_VICTIM_ACTIVITY,,crafted,full,1,9.0,,161,0,,,,0,161,0,0,0,2,0.0,0.0,0,6,0,5,1,58,0,0,0,0,0,0,0,0,1,0,,0,,,0,0,1,2,2,0,0,0,0,0,0,0,0,0,,1,1,0,,,,,,,
HN32664,0e63a85137330bc6cccb1272c3e3c01696093c9ca002daea45757a15f385658f,hardneg,TRUE_ENCRYPTION,,crafted,full,1,9.0,,244,0,,,,50,244,50,0,0,2,0.20491803278688525,0.0,6,12,7,4,1,62,0,0,3,0,0,0,0,0,1,0,,0,,,0,0,1,2,2,0,0,0,0,0,0,0,0,0,,1,1,0,0,,0,34.2,0,0,
HN32665,222fa7f51b83c7b744333388f0e9e250a5ea0d74c9616c59752404f7dae9d24e,hardneg,NO_VICTIM_ACTIVITY,,crafted,full,1,9.0,,224,0,,,,2000,224,2000,0,0,0,8.928571428571429,0.0,46,32,6,3,23,59,0,0,3,0,0,0,0,0,1,0,,1149,2,2,0,0,1,0,0,0,0,0,0,0,0,0,0,0,,0,0,,,,,,,,
HN32666,4b210b1a0c2be70d569111d92c6c18521e97de41c824b5d6d34841e062a63024,hardneg,TRUE_ENCRYPTION,,crafted,full,1,9.0,,303,0,,,,137,303,137,0,0,3,0.4521452145214521,0.0,6,145,49,6,90,62,0,0,3,0,0,0,0,0,1,0,,0,,,0,0,1,3,0,0,1,0,0,0,0,1,0,0,-506.0,2,1,0,0,,0,484.1,0,0,
HN32667,63b4311a7f7a72d32eb2c2a585bb168c80cee0b11012da903433a3b9f4a0301b,hardneg,TRUE_ENCRYPTION,,crafted,full,1,9.0,,317,0,,,,274,317,137,0,0,0,0.43217665615141954,0.0,6,15,6,3,6,60,0,0,3,0,0,0,0,0,1,0,,0,,,0,0,1,0,0,0,0,0,0,0,0,0,0,0,,0,0,,,,,,,,
HN32668,32df144177790595b9f6a53abf3b12a0147956d6fc30c350719a6eaea4c02eb2,hardneg,TRUE_ENCRYPTION,,crafted,full,1,9.0,,276,0,,,,137,276,137,0,0,0,0.4963768115942029,0.0,6,14,6,2,6,60,0,0,3,0,0,0,0,0,1,0,,0,,,0,0,1,0,0,0,0,0,0,0,0,0,0,0,,0,0,,,,,,,,
HN32669,acfd096f6f0498efb1adf8eafa553b4e2601d2fb5d5f425f9414b62a75b6e1de,hardneg,NO_VICTIM_ACTIVITY,,crafted,full,1,9.0,,276,0,,,,100,276,100,0,0,5,0.36231884057971014,0.0,2,114,46,8,60,62,0,0,3,0,0,0,0,0,1,0,,0,,,0,0,1,5,0,2,1,0,0,0,0,1,1,1,-512.8,3,2,0,0,,0,482.2,0,0,
HN32670,090f3e358e171249869b3fbacc11fd18ebde8c51c305e71db4e240160095203a,hardneg,NO_VICTIM_ACTIVITY,,crafted,full,1,9.0,,224,0,,,,100,224,100,0,0,0,0.44642857142857145,0.0,7,15,7,5,3,59,0,0,3,0,0,0,0,0,1,0,,1149,2,2,0,0,1,0,0,0,0,0,0,0,0,0,0,0,,0,0,,,,,,,,
HN32671,c2b721d178d2197b345f69c92e762bf6ddb3a1b99129d1c4ae4190acb5ad0446,hardneg,NO_VICTIM_ACTIVITY,,crafted,full,1,8.0,,262,0,,,,400,262,200,0,0,0,0.7633587786259542,0.0,3,213,47,9,157,60,0,0,3,0,0,0,0,0,1,0,,0,,,0,0,1,0,0,0,0,0,0,0,0,0,0,0,,0,0,,,,,,,,
HN32672,700069421ad96303ccf1df0875121d8371cd17db7e3c23820ef49c4b776b899f,hardneg,NO_VICTIM_ACTIVITY,,crafted,full,1,10.0,WinosStager,223,0,,,,200,223,200,0,0,0,0.8968609865470852,0.0,2,29,12,4,13,60,0,0,3,0,0,0,0,0,1,0,,22939,4,4,0,0,1,0,0,0,0,0,0,0,0,0,0,0,,0,0,,,,,,,,
HN32673,577951d286521e7b126b796443d001b957cc18be286f8f0bf4784794f73aa948,hardneg,NO_VICTIM_ACTIVITY,,crafted,full,1,7.0,,287,0,,,,100,287,50,0,0,3,0.17421602787456447,0.0,1,15,6,6,3,62,0,0,3,0,0,0,0,0,1,0,,0,,,0,0,1,3,0,0,1,0,0,0,0,1,0,0,-59.3,2,1,0,0,,0,33.3,0,0,
HN32674,0593a716cb7f50acb4d149e1633367398977943d7c113c8b8b7590be10877df2,hardneg,NO_VICTIM_ACTIVITY,,crafted,full,1,8.0,,218,0,,,,50,218,50,0,0,0,0.22935779816513763,0.0,3,56,48,6,2,60,0,0,3,0,0,0,0,0,1,0,,0,,,0,0,1,0,0,0,0,0,0,0,0,0,0,0,,0,0,,,,,,,,
HN32675,a3e5d1be871a47c427af72c6ed39705e88a0e37914849a1396d059ff6dbb5968,hardneg,NO_VICTIM_ACTIVITY,,crafted,full,1,7.0,,245,0,,,,50,245,50,0,0,3,0.20408163265306123,0.0,3,10,6,3,1,62,0,0,3,0,0,0,0,0,1,0,,0,,,0,0,1,3,0,0,1,0,0,0,0,1,0,0,-51.3,2,1,0,0,,0,32.4,0,0,
HN32676,9c5aa3d8ae6c37242cf7bc9b3eba42a5c718ccffe70ad25970508fe727881f65,hardneg,NO_VICTIM_ACTIVITY,,crafted,full,1,9.0,,259,0,,,,100,259,50,0,0,0,0.19305019305019305,0.0,2,15,10,5,0,60,0,0,3,0,0,0,0,0,1,0,,12075,4,4,0,0,1,0,0,0,0,0,0,0,0,0,0,0,,0,0,,,,,,,,
HN32677,fde786c44857d503d23a6709f35b8b399b285e0cb17bfbc7f340523172aa87e7,hardneg,NO_VICTIM_ACTIVITY,,crafted,full,1,9.0,,293,0,,,,4000,293,2000,0,0,2,6.825938566552901,0.0,46,582,17,6,559,61,0,0,3,0,0,0,0,0,1,0,,1149,2,2,0,0,1,2,0,2,0,0,0,0,0,0,1,1,,1,1,0,0,,0,542.8,0,0,
HN32678,9b96a328bf772a4359de0be25b1a65f004c410985ebb7ed857e115357d5f3a86,hardneg,NO_VICTIM_ACTIVITY,,crafted,full,1,9.0,,244,0,,,,2000,244,2000,0,0,0,8.19672131147541,0.0,6,555,16,4,535,61,0,0,3,0,0,0,0,0,1,0,,0,,,0,0,1,0,0,0,0,0,0,0,0,0,0,0,,0,0,,,,,,,,
HN32679,4207920f758ef28b824c7e092332440453e8147f216f02ec7c641db9482fe90c,hardneg,NO_VICTIM_ACTIVITY,,crafted,full,1,10.0,WinosStager,249,0,,,,1999,249,1999,0,0,2,8.028112449799197,0.0,3,572,22,5,545,62,0,0,3,0,0,0,0,0,1,0,,17624,4,4,0,0,1,2,2,0,0,0,0,0,0,0,0,0,,1,1,0,0,,0,567.2,0,0,
HN32680,9d1e4728de5f743ef8337938dcf5886843f39be676a4818f1bb15182f85f42d3,hardneg,NO_VICTIM_ACTIVITY,,crafted,full,1,7.0,,247,0,,,,100,247,100,0,0,2,0.4048582995951417,0.0,3,16,8,4,4,62,0,0,3,0,0,0,0,0,1,0,,0,,,0,0,1,2,0,2,0,0,0,0,0,0,1,1,,1,1,0,0,,0,66.3,0,0,
HN32681,790e6d6ef5cfb473d04e346c505635351d55c3efe8d8a003b25fc867457e3cb8,hardneg,NO_VICTIM_ACTIVITY,,crafted,full,1,10.0,WinosStager,276,0,,,,99,276,99,0,0,5,0.358695652173913,0.0,3,125,41,14,70,62,0,0,3,0,0,0,0,0,1,0,,17010,4,4,0,0,1,5,0,2,1,0,0,0,0,1,1,1,-521.4,3,2,0,0,,0,488.3,0,0,
HN32682,a96502072855ec093cdc8b6af2d77e3f6565b79df37038c524ec75201638a9bc,hardneg,TRUE_ENCRYPTION,,crafted,full,1,9.0,,374,0,,,,198,374,99,0,0,0,0.2647058823529412,0.0,14,31,10,7,14,59,0,0,3,0,0,0,0,0,1,0,,4697,4,4,0,0,1,0,0,0,0,0,0,0,0,0,0,0,,0,0,,,,,,,,
HN32683,f0ecb920c291895958431586a85bd539a37a4fe3537beaac06bf81e4ecab680d,hardneg,NO_VICTIM_ACTIVITY,,crafted,full,1,9.0,,201,0,,,,10,201,10,0,0,0,0.04975124378109453,0.0,3,16,9,6,1,61,0,0,3,0,0,0,0,0,1,0,,0,,,0,0,1,0,0,0,0,0,0,0,0,0,0,0,,0,0,,,,,,,,
HN32684,21eeda54ed317167c48047c0ae3f6dacd95d27a75c09463022ff6a8ff1473c70,hardneg,NO_VICTIM_ACTIVITY,,crafted,full,1,9.0,,251,0,,,,198,251,198,0,0,3,0.7888446215139442,0.0,20,25,7,4,14,61,0,0,3,0,0,0,0,0,1,0,,4697,4,4,0,0,1,3,0,0,1,0,0,0,0,1,0,0,-34.7,2,1,0,0,,0,23.3,0,0,
HN32685,99bb8a03441eac2e14b3c7894c12d3432a797053a784760a0ef6b35e7addd6a6,hardneg,TRUE_ENCRYPTION,,crafted,full,1,9.0,,303,0,,,,199,303,199,0,0,0,0.6567656765676567,0.0,11,17,6,2,9,60,0,0,3,0,0,0,0,0,1,0,,0,,,0,0,1,0,0,0,0,0,0,0,0,0,0,0,,0,0,,,,,,,,
HN32686,051c913c7d42301c2d864afc436e5c825e7f310d906d12a8608723b3d4e76195,hardneg,NO_VICTIM_ACTIVITY,,crafted,full,1,6.0,,165,0,,,,0,165,0,0,0,3,0.0,0.0,0,8,0,5,3,57,0,0,0,0,0,0,0,0,1,0,,0,,,0,0,1,3,0,0,1,0,0,0,0,1,0,0,-19.9,2,1,0,,,,,,,
HN32687,ef520c3ce0feeb92435e696c39b373266b16565a0055fd329fc642304471bfe9,hardneg,NO_VICTIM_ACTIVITY,,crafted,full,1,9.0,,249,0,,,,198,249,198,0,0,2,0.7951807228915663,0.0,20,221,46,12,163,61,0,0,3,0,0,0,0,0,1,0,,4697,4,4,0,0,1,2,2,0,0,0,0,0,0,0,0,0,,1,1,0,0,,0,498.7,0,0,
HN32688,620df755cb62ef095a582cd3c4357b5e09e5c930a78e1ea1c9e74545ef2e5980,hardneg,NO_VICTIM_ACTIVITY,,crafted,full,1,9.0,,246,0,,,,49,246,49,0,0,3,0.1991869918699187,0.0,13,15,8,5,2,61,0,0,3,0,0,0,0,0,1,0,,4473,4,4,0,0,1,3,0,0,1,0,0,0,0,1,0,0,-20.0,2,1,0,0,,0,6.8,0,0,
HN32689,70a784c6dd7fd9b17dc0cc447595700e497a65a7499a8aa95cc2a97bb2219d57,hardneg,NO_VICTIM_ACTIVITY,,crafted,full,1,7.0,,217,0,,,,50,217,50,0,0,0,0.2304147465437788,0.0,3,5,4,1,0,60,0,0,3,0,0,0,0,0,1,0,,0,,,0,0,1,0,0,0,0,0,0,0,0,0,0,0,,0,0,,,,,,,,
HN32690,3953cdf1ee3b1b9c35260b02a944a29f2698f25e7806a45edc22c7a022d2e64e,hardneg,TRUE_ENCRYPTION,,crafted,full,1,9.0,,355,0,,,,49,355,49,0,0,2,0.13802816901408452,0.0,13,15,8,6,1,61,0,0,3,0,0,0,0,0,1,0,,4473,4,4,0,0,1,2,2,0,0,0,0,0,0,0,0,0,,1,1,0,0,,0,36.0,0,0,
HN32691,9cad22a85dd29a647a219ac6fdaa4512612d4ac213bb2b7cd19e9222aeb55c55,hardneg,NO_VICTIM_ACTIVITY,,crafted,full,1,9.0,,291,0,,,,3996,291,1998,0,0,2,6.865979381443299,0.0,50,65,6,6,53,61,0,0,3,0,0,0,0,0,1,0,,4697,4,4,0,0,1,2,2,0,0,0,0,0,0,0,0,0,,1,1,0,0,,0,32.3,0,0,
HN32692,74db7d608510989553ffb3ff54878d5565d82bc02647847d529d03d6e1cab047,hardneg,NO_VICTIM_ACTIVITY,,crafted,full,1,9.0,,245,0,,,,0,245,0,0,0,2,0.0,0.0,0,11,0,10,1,61,0,0,2,0,0,0,0,0,1,0,,0,,,0,0,1,2,2,0,0,0,0,0,0,0,0,0,,1,1,0,,,,,,,
HN32693,5dbb8a35c93a60441a6c77912fa18002a24f33feb41bdeff8a9716d65ee91d8f,hardneg,NO_VICTIM_ACTIVITY,,crafted,full,1,9.0,,279,0,,,,0,279,0,0,0,5,0.0,0.0,0,14,0,11,3,61,0,0,2,0,0,0,0,0,1,0,,0,,,0,0,1,5,2,0,1,0,0,0,0,3,0,0,-18.9,3,2,0,,,,,,,
HN32694,a26c192523e8f88bf0fb632a60bfd043653cba1d85c397328ac7b39636a52ae8,hardneg,NO_VICTIM_ACTIVITY,,crafted,full,1,8.0,,216,0,,,,0,216,0,0,0,3,0.0,0.0,0,8,0,6,2,61,0,0,2,0,0,0,0,0,1,0,,0,,,0,0,1,3,0,0,1,0,0,0,0,1,0,0,-9.4,2,1,0,,,,,,,
HN32695,74c57a955902973c7749361ea1a25a1bf0c076179ecce12e6a09ad4eda69384a,hardneg,TRUE_ENCRYPTION,,crafted,full,1,8.0,,253,0,,,,0,253,0,0,0,0,0.0,0.0,0,5,0,5,0,59,0,0,2,0,0,0,0,0,1,0,,0,,,0,0,1,0,0,0,0,0,0,0,0,0,0,0,,0,0,,,,,,,,
HN32696,01e6b8becc6df9bd58360544da151ce3c5f9625132cd7fd01b6a94c17ee73735,hardneg,FAILED,,crafted,full,1,2.0,,165,0,,,,0,165,0,0,0,0,0.0,0.0,0,4,0,4,0,59,0,0,2,0,0,0,0,0,1,0,,0,,,0,0,1,0,0,0,0,0,0,0,0,0,0,0,,0,0,,,,,,,,
HN32697,0010ff9fe0960cdceffc838a53150f6dae464890d1efaf565e27936a46c3aa28,hardneg,NO_VICTIM_ACTIVITY,,crafted,full,1,9.0,,201,0,,,,0,201,0,0,0,0,0.0,0.0,0,15,0,15,0,58,0,0,2,0,0,0,0,0,1,0,,0,,,0,0,1,0,0,0,0,0,0,0,0,0,0,0,,0,0,,,,,,,,
HN32698,abc4664a472dbcde347c1660601124783a3502f11c8a370a444c8f96c9a7827f,hardneg,NO_VICTIM_ACTIVITY,,crafted,full,1,6.0,,228,0,,,,0,228,0,0,0,5,0.0,0.0,0,12,0,8,4,60,0,0,2,0,0,0,0,0,1,0,,0,,,0,0,1,5,0,2,1,0,0,0,0,1,1,1,-17.1,3,2,0,,,,,,,
HN32699,3dc8d1408c3d2d7f3ae4cd87d2a28c0fde51be114dd87e968f6289dcab400f3a,hardneg,NO_VICTIM_ACTIVITY,,crafted,full,1,9.0,,1928,0,,,,0,1928,0,0,0,0,0.0,0.0,0,222,0,222,0,56,0,0,2,0,0,0,0,0,1,0,,0,,,0,0,1,0,0,0,0,0,0,0,0,0,0,0,,0,0,,,,,,,,
HN32700,1c1a610e68bd1b9adcd7ea12a839723ff37c1a5acf4741c567c5e9b470de1ac4,hardneg,NO_VICTIM_ACTIVITY,,crafted,full,1,9.0,,271,0,,,,0,271,0,0,0,4,0.0,0.0,0,11,0,8,3,59,0,0,2,0,0,0,0,0,1,0,,0,,,0,0,1,4,2,2,0,0,0,0,0,0,1,1,,2,2,0,,,,,,,
HN32701,71e1e354614be9bcf32571ef9bb82f5dec1e5ef8a5beb3290dfab4cad6d9126d,hardneg,NO_VICTIM_ACTIVITY,,crafted,full,1,9.0,,190,0,,,,0,190,0,0,0,2,0.0,0.0,0,8,0,6,2,61,0,0,2,0,0,0,0,0,1,0,,0,,,0,0,1,2,2,0,0,0,0,0,0,0,0,0,,1,1,0,,,,,,,
HN32702,44629fb40e3eab0a708d45147a1b8fc52e3f9e7c321a2baf61ce22e1de7bf301,hardneg,NO_VICTIM_ACTIVITY,,crafted,full,1,9.0,,1800,0,,,,0,1800,0,0,0,2,0.0,0.0,0,20,0,19,1,60,0,0,2,0,0,0,0,0,1,0,,0,,,0,0,1,2,2,0,0,0,0,0,0,0,0,0,,1,1,0,,,,,,,
HN32703,92f49ff7a2ed679d858a19f36c78c8db44de80aacbb63f45be40a24cb6c94dbe,hardneg,NO_VICTIM_ACTIVITY,,crafted,full,1,7.0,,259,0,,,,50,259,0,0,0,0,0.0,0.0,0,55,0,54,1,60,0,0,3,0,0,0,0,0,1,0,,0,,,0,0,1,0,0,0,0,0,0,0,0,0,0,0,,0,0,,,,,,,,
HN32704,4f1b772b8b75611e1f4473597a72027dae85625998c84decc5f05341dc03ffcb,hardneg,NO_VICTIM_ACTIVITY,,crafted,full,1,6.0,,316,0,,,,0,316,0,0,0,2,0.0,0.0,0,13,0,12,1,60,0,0,2,0,0,0,0,0,1,0,,0,,,0,0,1,2,0,2,0,0,0,0,0,0,1,1,,1,1,0,,,,,,,
HN32705,5bee26eeb4a61faca1fa7e3d6bd3dbb18b52582193ffc372271576bc0e5fc0a1,hardneg,NO_VICTIM_ACTIVITY,,crafted,full,1,6.0,,210,0,,,,0,210,0,0,0,3,0.0,0.0,0,6,0,4,2,59,0,0,2,0,0,0,0,0,1,0,,0,,,0,0,1,3,0,0,1,0,0,0,0,1,0,0,-15.0,2,1,0,,,,,,,
HN32706,d8fc53191620dcca06e26eb77bd70013292b52ba07c895cbc58bd04a9947b216,hardneg,NO_VICTIM_ACTIVITY,,crafted,full,1,6.0,,297,0,,,,0,297,0,0,0,2,0.0,0.0,0,12,0,11,1,59,0,0,2,0,0,0,0,0,1,0,,0,,,0,0,1,2,0,2,0,0,0,0,0,0,1,1,,1,1,0,,,,,,,
HN32707,8ec03c758fa01fc1b4d604c5661745bffa09e06a2767d7569124da11dd7c3ead,hardneg,NO_VICTIM_ACTIVITY,,crafted,full,1,6.0,,326,0,,,,0,326,0,0,0,5,0.0,0.0,0,15,0,13,2,60,0,0,2,0,0,0,0,0,1,0,,0,,,0,0,1,5,0,2,1,0,0,0,0,1,1,1,-83.0,3,2,0,,,,,,,
HN32708,0a9474adf8a477fd08d2c6a03e623300c9e14cfac162ad2933c0e8b2e889f172,hardneg,NO_VICTIM_ACTIVITY,,crafted,full,1,2.0,,219,0,,,,10,219,0,0,0,0,0.0,0.0,0,4,0,4,0,58,0,0,3,0,0,0,0,0,1,0,,0,,,0,0,1,0,0,0,0,0,0,0,0,0,0,0,,0,0,,,,,,,,
HN32709,4ecb111a8e08463898c6da98326dee59d26cc3c264a87b898f188abaec80d268,hardneg,TRUE_ENCRYPTION,,crafted,full,1,2.0,,290,0,,,,10,290,0,0,0,0,0.0,0.0,0,5,0,5,0,58,0,0,3,0,0,0,0,0,1,0,,0,,,0,0,1,0,0,0,0,0,0,0,0,0,0,0,,0,0,,,,,,,,
HN32710,0cd852d03df41b3f4c49869ccddf675281f3e03094c366499646509c457f1e34,hardneg,NO_VICTIM_ACTIVITY,,crafted,full,1,2.0,,179,0,,,,0,179,0,0,0,0,0.0,0.0,0,4,0,4,0,57,0,0,2,0,0,0,0,0,1,0,,0,,,0,0,1,0,0,0,0,0,0,0,0,0,0,0,,0,0,,,,,,,,
HN32711,bd9e34d03c24934c1359512ec7bf6e2be0381a14108d67932bbf9e0858fd44b3,hardneg,TRUE_ENCRYPTION,,crafted,full,1,2.0,,307,0,,,,10,307,0,0,0,0,0.0,0.0,0,7,0,7,0,59,0,0,3,0,0,0,0,0,1,0,,0,,,0,0,1,0,0,0,0,0,0,0,0,0,0,0,,0,0,,,,,,,,
HN32712,d4fcda54316932fc6803fdad5043f27684495de3a7365f21b16a4482eb89f8d3,hardneg,NO_VICTIM_ACTIVITY,,crafted,full,1,6.0,,237,0,,,,0,237,0,0,0,5,0.0,0.0,0,11,0,8,3,59,0,0,2,0,0,0,0,0,1,0,,0,,,0,0,1,5,0,2,1,0,0,0,0,1,1,1,-26.4,3,2,0,,,,,,,
HN32713,0bca19373e6bc0e5743bfe3ed8b56a02969a82f14aad53ce422833921a7049a0,hardneg,TRUE_ENCRYPTION,,crafted,full,1,6.0,,254,0,,,,0,254,0,0,0,3,0.0,0.0,0,9,0,7,2,60,0,0,2,0,0,0,0,0,1,0,,0,,,0,0,1,3,0,0,1,0,0,0,0,1,0,0,-20.7,2,1,0,,,,,,,
HN32714,e1ce18e60902441b1fb4a9485aafa0fa6b3913dda7cb5951f886103024bf3bbc,hardneg,TRUE_ENCRYPTION,,crafted,full,1,6.0,,297,0,,,,200,297,0,0,0,3,0.0,0.0,0,12,0,7,5,60,0,0,3,0,0,0,0,0,1,0,,0,,,0,0,1,3,0,0,1,0,0,0,0,1,0,0,-158.8,2,1,0,,,,,,,
HN32715,999f7e79b219a4b9ffa2fc942f46b08b9ea2d29f2ab95362e4e51186997e47f1,hardneg,NO_VICTIM_ACTIVITY,,crafted,full,1,9.0,,427,0,,,,0,427,0,0,0,7,0.0,0.0,0,189,0,184,5,59,0,0,2,0,0,0,0,0,1,0,,0,,,0,0,1,7,2,2,1,0,0,0,0,3,1,1,-513.5,4,3,0,,,,,,,
HN32716,6d54b3f5dec640d4072aaeb1c02e39827e4666d07e55eddd85542591f195e7bc,hardneg,NO_VICTIM_ACTIVITY,,crafted,full,1,8.0,,395,0,,,,0,395,0,0,0,0,0.0,0.0,0,15,0,15,0,58,0,0,2,0,0,0,0,0,1,0,,0,,,0,0,1,0,0,0,0,0,0,0,0,0,0,0,,0,0,,,,,,,,
HN32717,c86bbd4a9d99380eb6a9bdd0a7282ae57deb90d1613ae3c7dc90ebc9be6ed5e4,hardneg,NO_VICTIM_ACTIVITY,,crafted,full,1,2.0,,258,0,,,,50,258,0,0,0,0,0.0,0.0,0,6,0,6,0,58,0,0,3,0,0,0,0,0,1,0,,0,,,0,0,1,0,0,0,0,0,0,0,0,0,0,0,,0,0,,,,,,,,
HN32718,86f99d6110df53d08221650cd3b8fac9850864cc9901b363925021e2de0ab9e2,hardneg,TRUE_ENCRYPTION,,crafted,full,1,6.0,,300,0,,,,0,300,0,0,0,3,0.0,0.0,0,9,0,7,2,60,0,0,2,0,0,0,0,0,1,0,,0,,,0,0,1,3,0,0,1,0,0,0,0,1,0,0,-52.3,2,1,0,,,,,,,
HN32719,582f419e4f727d4e6bb4506645b0cb8f4333d195789216d30d8e231589eee7c2,hardneg,NO_VICTIM_ACTIVITY,,crafted,full,1,9.0,,247,0,,,,50,247,0,0,0,2,0.0,0.0,0,8,0,7,1,60,0,0,3,0,0,0,0,0,1,0,,0,,,0,0,1,2,2,0,0,0,0,0,0,0,0,0,,1,1,0,,,,,,,
HN32720,282976d14c35a2b82f0ef43e7128917b69eb49d7c39c38b75884c582aec9b40f,hardneg,NO_VICTIM_ACTIVITY,,crafted,full,1,9.0,,285,0,,,,50,285,0,0,0,2,0.0,0.0,0,10,0,10,0,60,0,0,3,0,0,0,0,0,1,0,,0,,,0,0,1,2,2,0,0,0,0,0,0,0,0,0,,1,1,0,,,,,,,
HN32721,99f0e8cf189f403fc4e54540f365dd9f5ff885bd30d5421a0194368a869a47f1,hardneg,NO_VICTIM_ACTIVITY,,crafted,full,1,7.0,,585,0,,,,0,585,0,0,0,0,0.0,0.0,0,32,0,32,0,56,0,0,2,0,0,0,0,0,1,0,,0,,,0,0,1,0,0,0,0,0,0,0,0,0,0,0,,0,0,,,,,,,,
HN32722,f31ecf8d5905d4ad0083b4b458ee0b0d0b0bfa2e7b053f77fc0eebecd6ac410b,hardneg,NO_VICTIM_ACTIVITY,,crafted,full,1,6.0,,206,0,,,,0,206,0,0,0,2,0.0,0.0,0,4,0,3,1,59,0,0,2,0,0,0,0,0,1,0,,0,,,0,0,1,2,0,2,0,0,0,0,0,0,1,1,,1,1,0,,,,,,,
HN32723,f28be01e21cd679edff062dbfe153e025e721a2ffc8055902876e67af8914060,hardneg,NO_VICTIM_ACTIVITY,,crafted,full,1,9.0,,204,0,,,,0,204,0,0,0,2,0.0,0.0,0,16,0,15,1,59,0,0,2,0,0,0,0,0,1,0,,0,,,0,0,1,2,2,0,0,0,0,0,0,0,0,0,,1,1,0,,,,,,,
HN32724,050552162d1834ba765d0e964259a1bf6cc2d94cac378446519669ae1e56d854,hardneg,NO_VICTIM_ACTIVITY,,crafted,full,1,9.0,,273,0,,,,10,273,0,0,0,4,0.0,0.0,0,10,0,8,2,60,0,0,3,0,0,0,0,0,1,0,,0,,,0,0,1,4,2,2,0,0,0,0,0,0,1,1,,2,2,0,,,,,,,
HN32725,d3613be0fe7e14430f8bf452333ed50aca2dd08a0e4b10e29159645f209d8d7d,hardneg,NO_VICTIM_ACTIVITY,,crafted,full,1,8.0,,346,0,,,,195,346,0,0,0,0,0.0,0.0,0,7,0,6,1,61,0,0,3,0,0,0,0,0,1,0,,0,,,0,0,1,0,0,0,0,0,0,0,0,0,0,0,,0,0,,,,,,,,
HN32726,3b0bbf6bf3a85c49d382f45d62472061df9a343ae31c75ad9e070f743ce07d91,hardneg,TRUE_ENCRYPTION,,crafted,full,1,9.0,,427,0,,,,173,427,0,0,0,5,0.0,0.0,0,19,0,16,3,60,0,0,3,0,0,0,0,0,1,0,,0,,,0,0,1,5,2,0,1,0,0,0,0,3,0,0,-368.9,3,2,0,,,,,,,
HN32727,b880b0cc91fc987f51db52883edbd0a02bc3c5bbd48f37bb7d9266018e45454b,hardneg,TRUE_ENCRYPTION,,crafted,full,1,3.0,,483,0,,,,0,483,0,0,0,0,0.0,0.0,0,7,0,7,0,58,0,0,2,0,0,0,0,0,1,0,,0,,,0,0,1,0,0,0,0,0,0,0,0,0,0,0,,0,0,,,,,,,,
HN32728,ddb59570a3407d377a8d1fbe6f2d620554b2c4aaf1ae296ad1ca406f8cfc332a,hardneg,NO_VICTIM_ACTIVITY,,crafted,full,1,6.0,,399,0,,,,0,399,0,0,0,2,0.0,0.0,0,10,0,9,1,60,0,0,2,0,0,0,0,0,1,0,,0,,,0,0,1,2,0,2,0,0,0,0,0,0,1,1,,1,1,0,,,,,,,
HN32729,deb25be14f957c65bdd8a05ceba4e6ef43aa6230d81db24fc13257eec58dd167,hardneg,NO_VICTIM_ACTIVITY,,crafted,full,1,6.0,,398,0,,,,0,398,0,0,0,2,0.0,0.0,0,17,0,16,1,58,0,0,2,0,0,0,0,0,1,0,,0,,,0,0,1,2,0,2,0,0,0,0,0,0,1,1,,1,1,0,,,,,,,
HN32730,27b3833974be4009ea4575552c5f09d658ee3e5b48c018dbb0ff99a8a1288584,hardneg,TRUE_ENCRYPTION,,crafted,full,1,6.0,,247,0,,,,0,247,0,0,0,3,0.0,0.0,0,5,0,4,1,59,0,0,2,0,0,0,0,0,1,0,,0,,,0,0,1,3,0,0,1,0,0,0,0,1,0,0,-232.2,2,1,0,,,,,,,
HN32731,292c8b6ccb256050d0e9ba53be3607fa9632b256144898a5af2849c65292fc0b,hardneg,TRUE_ENCRYPTION,,crafted,full,1,9.0,,315,0,,,,0,315,0,0,0,2,0.0,0.0,0,8,0,8,0,59,0,0,2,0,0,0,0,0,1,0,,0,,,0,0,1,2,2,0,0,0,0,0,0,0,0,0,,1,1,0,,,,,,,
HN32732,0e9bc7a13847c948ca76952eecaaf9d9c08e4d28b3cbf17ca3aea877ab61673b,hardneg,NO_VICTIM_ACTIVITY,,crafted,full,1,7.0,,827,0,,,,1998,827,0,0,0,3,0.0,0.0,0,190,0,165,25,59,0,0,3,0,0,0,0,0,1,0,,0,,,0,0,1,3,0,0,1,0,0,0,0,1,0,0,-565.5,2,1,0,,,,,,,
HN32733,063d058e35e88fd3ee622cb3d17fa1d7e7dc4e292227ac7f488ba43b977c1953,hardneg,NO_VICTIM_ACTIVITY,,crafted,full,1,9.0,,830,0,,,,0,830,0,0,0,5,0.0,0.0,0,172,0,168,4,62,0,0,2,0,0,0,0,0,1,0,,0,,,0,0,1,5,2,0,1,0,0,0,0,3,0,0,-550.1,3,2,0,,,,,,,
HN32734,3d6e3bd68cc270c889b8bf0e231c508047c4a4bb1b36664c6ec0567370d3b0e0,hardneg,NO_VICTIM_ACTIVITY,,crafted,full,1,7.0,,717,0,,,,0,717,0,0,0,0,0.0,0.0,0,38,0,38,0,56,0,0,2,0,0,0,0,0,1,0,,0,,,0,0,1,0,0,0,0,0,0,0,0,0,0,0,,0,0,,,,,,,,
HN32735,2aef9ea57815fc4ce98618495b637642263caa8066f0bd0c9f13de91b73a8cf3,hardneg,TRUE_ENCRYPTION,,crafted,full,1,8.0,,222,371,0.09640084692188712,4.320468911988431,7.272098193198805,53,222,53,0,0,0,0.23873873873873874,0.0,6,62,47,6,9,68,4,0,3,0,0,0,0,0,1,1,,0,,,0,0,1,0,0,0,0,0,0,0,0,0,0,0,,0,0,,,,,,,,
HN32736,4efd4b4ab57c606db84831ad95ba8c90c3161b1dc95ad35ea7d41e79bbdab495,hardneg,NO_VICTIM_ACTIVITY,,crafted,full,1,9.0,,212,0,,,,0,212,0,0,0,2,0.0,0.0,0,9,0,7,2,71,4,0,3,0,0,0,0,0,1,1,,0,,,1,0,0,2,2,0,0,0,0,0,0,0,0,0,,1,1,0,,,,,,,
HN32737,45b7238fcd15dbd3b148cc784396ac6d84dc7f8320aeec8eb93fe87d78ff6419,hardneg,TRUE_ENCRYPTION,,crafted,full,1,7.0,,1205,3500,0.13074709773712873,5.36981712846791,7.2996977865380135,500,1205,500,0,0,0,0.4149377593360996,0.0,1,23,11,11,1,65,4,0,3,0,0,0,0,0,1,1,,0,,,0,0,1,0,0,0,0,0,0,0,0,0,0,0,,0,0,,,,,,,,
HN32738,1faf2eced8ad7e11a40fbf7562fa9e0db36c225a43bc26afbda8be96cd1b45a2,hardneg,TRUE_ENCRYPTION,,crafted,full,1,9.0,,290,658,0.11418039910594495,4.592032077878074,7.276724548843471,94,290,94,0,0,2,0.32413793103448274,0.0,17,15,8,5,2,71,4,0,3,0,0,0,0,0,1,1,,0,,,0,0,1,2,2,0,0,0,0,0,0,0,0,0,,1,1,0,0,,0,7.2,0,0,
HN32739,5a6efef24321f13e09b23e2fe64606ba1df0621e8cd348e87c369e62b3d8b0cf,hardneg,TRUE_ENCRYPTION,,crafted,full,1,9.0,,470,700,0.39682201621556934,5.369817128467911,7.2996977865380135,100,470,100,0,0,0,0.2127659574468085,0.0,1,15,8,7,0,66,4,0,3,0,0,0,0,0,1,1,,0,,,0,0,1,0,0,0,0,0,0,0,0,0,0,0,,0,0,,,,,,,,
HN32740,25b0cf4816f3a6fa3995668727d8b91a9a46c923585280aa4e2576114acf7b18,hardneg,TRUE_ENCRYPTION,,crafted,full,1,6.0,,207,70,0.17363601481835428,4.421760989554142,7.166818859139164,10,207,10,0,0,2,0.04830917874396135,0.0,3,7,2,4,1,70,4,0,3,0,0,0,0,0,1,1,,0,,,0,0,1,2,0,2,0,0,0,0,0,0,1,1,,1,1,0,0,,0,0.9,0,0,
HN32741,2816b22b35a188d17e342b7d62a8494f41e3968957863dadc4f33e95adabeb3a,hardneg,TRUE_ENCRYPTION,,crafted,full,1,6.0,,215,0,,,,0,215,0,0,0,2,0.0,0.0,0,5,0,3,2,60,0,0,2,0,0,0,0,0,1,0,,0,,,0,0,1,2,0,2,0,0,0,0,0,0,1,1,,1,1,0,,,,,,,
HN32742,abefde8c6e85526c88b35b0c3d0d13f85ac69a4bf63d8fd426f93d5b65cb4ff2,hardneg,TRUE_ENCRYPTION,,crafted,full,1,7.0,,224,371,-0.4750255751241448,4.320468911988431,7.272098193198805,53,224,53,0,0,0,0.23660714285714285,0.0,6,10,7,3,0,69,4,0,3,0,0,0,0,0,1,1,,0,,,0,0,1,0,0,0,0,0,0,0,0,0,0,0,,0,0,,,,,,,,
HN32743,31677171e0dc5e1a0fd43eedd1eab32c02a6608bcb85688494b763766263df74,hardneg,NO_VICTIM_ACTIVITY,,crafted,full,1,6.0,,232,0,,,,0,232,0,0,0,3,0.0,0.0,0,8,0,6,2,70,4,0,3,0,0,0,0,0,1,1,,0,,,1,0,0,3,0,0,1,0,0,0,0,1,0,0,-9.4,2,1,0,,,,,,,
HN32744,d824251613be7a8a9737c6ecc3e598f00e003c0e6dd98bb846648b01bf6fad06,hardneg,TRUE_ENCRYPTION,,crafted,full,1,7.0,,247,350,-0.05927768320357927,4.625199685828799,7.276724548843471,50,247,50,0,0,2,0.20242914979757085,0.0,16,11,7,3,1,69,4,0,3,0,0,0,0,0,1,1,,0,,,0,0,1,2,0,2,0,0,0,0,0,0,1,1,,1,1,0,0,,0,5.7,0,0,
HN32745,e4d9294a507e7ff1cc70675f347846a9f7648c73e33d398c53ba74a9f04f20eb,hardneg,TRUE_ENCRYPTION,,crafted,full,1,6.0,,214,0,,,,0,214,0,0,0,3,0.0,0.0,0,10,0,7,3,60,0,0,2,0,0,0,0,0,1,0,,0,,,0,0,1,3,0,0,1,0,0,0,0,1,0,0,-9.7,2,1,0,,,,,,,
HN32746,05eadf2574a776b99b39fa11f1c9703870aaf6eb1634fe3599f3fbeaf5a906e2,hardneg,TRUE_ENCRYPTION,,crafted,full,1,8.0,,751,350,0.02834921526414133,5.369817128467911,7.2996977865380135,50,751,50,0,0,0,0.06657789613848203,0.0,1,64,49,13,2,65,4,0,3,0,0,0,0,0,1,1,,0,,,0,0,1,0,0,0,0,0,0,0,0,0,0,0,,0,0,,,,,,,,
HN32747,48ef0956cea6890bf0ee01aecbaa19e8309a596f8f8f20fa28dfcc58a9fb71ba,hardneg,TRUE_ENCRYPTION,,crafted,full,1,8.0,,1205,3500,-0.7147775576993527,5.36981712846791,7.2996977865380135,500,1205,500,0,0,0,0.4149377593360996,0.0,1,512,500,12,0,65,4,0,3,0,0,0,0,0,1,1,,0,,,0,0,1,0,0,0,0,0,0,0,0,0,0,0,,0,0,,,,,,,,
HN32748,710715d6423db7fa58c3613d1265889b7d98d3897e9539b634e162df8a413083,hardneg,TRUE_ENCRYPTION,,crafted,full,1,9.0,,627,14000,-0.4286508378799512,4.767507965519207,7.3122239122406505,2000,627,452,0,0,0,0.7208931419457735,0.0,32,55,22,4,29,66,4,0,3,0,0,0,0,0,1,1,,1231,2,1,0,0,1,0,0,0,0,0,0,0,0,0,0,0,,0,0,,,,,,,,
G3989,e51247c5f31e05276eafd33c86a3d1a7127a81b7df76fceb2564eb7d9f8d9e94,hardneg,NO_VICTIM_ACTIVITY,,grid,full,0,4.2,,7,0,,,,10,7,0,0,0,2,0.0,0.0,0,6,0,2,4,0,0,0,0,0,0,0,0,0,0,0,,0,,,,,,2,0,0,0,0,0,0,0,0,0,0,,0,0,,,,,,,,
G3990,8700a627deb2b5f9760f477dafc3fb40237974ca1a77b08353f27583e24f3810,hardneg,NO_VICTIM_ACTIVITY,,grid,full,0,3.0999999999999996,,1770,0,,,,2583,1770,0,0,0,2,0.0,0.0,0,274,0,188,86,0,0,0,0,0,0,0,0,0,0,0,,3010,2,2,,,,2,0,0,0,0,0,0,0,0,0,0,,0,0,,,,,,,,
G3991,ebe500e934c9f2a2387f7e139a67b84b623c2d7a1f2a5598e9e284c6f23f3cc9,hardneg,TRUE_ENCRYPTION,,grid,full,0,10.0,,1849,0,,,,302,1849,66,0,0,90,0.03569497025419145,0.0,21,283,24,127,132,0,0,0,0,0,0,0,0,0,0,0,,0,,,,,,91,0,0,0,0,0,0,0,0,0,0,,0,0,,,,,,,,
G3992,f2505c8884e61d7184ccdf80f7ee74a852b466f0ae3feabd7032398b87cb3c71,hardneg,NO_VICTIM_ACTIVITY,,grid,full,0,10.0,,105,0,,,,301,105,1,1,0,19,0.009523809523809525,0.009523809523809525,1,108,0,55,53,0,0,0,0,0,0,0,0,0,0,0,,0,,,,,,21,0,0,0,1,0,0,2,2,18,3,-92.7,1,1,1,1,144.1,2,0.0,0,1,
G3993,367fb24ddece2e52c8dfe8bcaf78aa4659e2e06689e94482bf35abaf2fd2f933,hardneg,NO_VICTIM_ACTIVITY,,grid,full,0,4.6,,0,0,,,,10,0,0,0,0,18,,,0,20,0,0,20,0,0,0,0,0,0,0,0,0,0,0,,0,,,,,,18,0,0,0,0,0,0,0,0,0,0,,0,0,,,,,,,,
G3994,7420183b353bd6cb17062c714e7786667259d2251d2600c99cc15612b4e9565e,hardneg,NO_VICTIM_ACTIVITY,,grid,full,0,4.6,,0,0,,,,10,0,0,0,0,18,,,0,21,0,0,21,0,0,0,0,0,0,0,0,0,0,0,,0,,,,,,18,0,0,0,0,0,0,0,0,0,0,,0,0,,,,,,,,
G3995,0fb1a1d40f7aefb00019284c042a0a5c6528639c4c8e26753d0303bd8861409e,hardneg,TRUE_ENCRYPTION,,grid,full,0,10.0,,130,216,-0.035048527108144524,3.0388778449703846,6.598821141898614,1788,130,9,2,0,18,0.06923076923076923,0.015384615384615385,3,222,3,54,165,0,0,0,0,0,0,0,0,0,0,0,,0,,,,,,18,0,0,0,1,0,0,3,3,76,133,-4.2,1,1,0,0,,0,181.3,1,1,0.975
G3996,0f949432a8b778a9422288ca31a9908746685ede9677f20d9bd2522b08fbf64f,hardneg,TRUE_ENCRYPTION,,grid,full,0,10.0,,114,324,-0.03620895220868437,3.037682007476936,6.538775627923136,1700,114,12,5,0,30,0.10526315789473684,0.043859649122807015,4,203,6,50,147,0,0,0,0,0,0,0,0,0,0,0,,0,,,,,,27,0,0,0,0,0,0,4,4,133,239,-7.9,0,0,,,,,,,,
G3997,4c1e8ad0281756142c95162fa92fde93615330abeea9d5c1efbc0bda254fc81f,hardneg,NO_VICTIM_ACTIVITY,,grid,full,0,2.3,,125,2,-0.775202183591594,4.501629167387823,4.501629167387823,1,125,0,0,0,1,0.0,0.0,0,5,0,3,2,0,0,0,0,0,0,0,0,0,0,0,,0,,,,,,1,0,0,0,0,0,0,0,0,0,0,,0,0,,,,,,,,
G3998,9d15ab1c193d87725b2cc5c759b9261eaa75e580168776dfca4a73f455f26421,hardneg,NO_VICTIM_ACTIVITY,,grid,full,0,1.5,,125,2,-1.0,4.501629167387823,4.501629167387823,1,125,0,0,0,1,0.0,0.0,0,4,0,2,2,0,0,0,0,0,0,0,0,0,0,0,,0,,,,,,1,0,0,0,0,0,0,0,0,0,0,,0,0,,,,,,,,
G3999,e5c81ac5027e0c1f7423c289c2d9867e8b376dffd9c2b0241077cf31005a9635,hardneg,NO_VICTIM_ACTIVITY,,grid,full,0,1.5,,125,2,-0.7207275062725663,4.584962500721156,4.584962500721156,1,125,0,0,0,1,0.0,0.0,0,6,0,4,2,0,0,0,0,0,0,0,0,0,0,0,,0,,,,,,1,0,0,0,0,0,0,0,0,0,0,,0,0,,,,,,,,
G4000,8a2d818d7d4cf23f19ad1f713b40f2be7471d358cfd6a419cbbe619db71ac38e,hardneg,NO_VICTIM_ACTIVITY,,grid,full,0,1.5,,125,2,-0.6255867627641856,4.584962500721156,4.584962500721156,1,125,0,0,0,1,0.0,0.0,0,4,0,2,2,0,0,0,0,0,0,0,0,0,0,0,,0,,,,,,1,0,0,0,0,0,0,0,0,0,0,,0,0,,,,,,,,
G4001,0e6ad1cd99ff4e37f49c93237876cd9872adf0bb12a0ba9e1d50cee28276a994,hardneg,NO_VICTIM_ACTIVITY,,grid,full,0,1.5,,125,2,-0.42592613392199485,4.584962500721156,4.584962500721156,1,125,0,0,0,1,0.0,0.0,0,4,0,2,2,0,0,0,0,0,0,0,0,0,0,0,,0,,,,,,1,0,0,0,0,0,0,0,0,0,0,,0,0,,,,,,,,
G4002,608b7c0e929d784a2280141339388e8f11275e4456b2ae2074a9bd17cc85c97a,hardneg,NO_VICTIM_ACTIVITY,,grid,full,0,3.2,,334,0,,,,406,334,0,0,0,1,0.0,0.0,0,6,0,3,3,0,0,0,0,0,0,0,0,0,0,0,,0,,,,,,1,0,0,0,0,0,0,0,0,0,0,,0,0,,,,,,,,
G4003,dfa6a0afcf9906b0a8c16f91a024338c71521ea4c7d56100346acd81e28e7a0d,hardneg,NO_VICTIM_ACTIVITY,,grid,full,0,3.2,,67,0,,,,406,67,0,0,0,1,0.0,0.0,0,4,0,1,3,0,0,0,0,0,0,0,0,0,0,0,,0,,,,,,1,0,0,0,0,0,0,0,0,0,0,,0,0,,,,,,,,
G4004,4572faa3d768932d35d2f6705734b477e61c6f779fc3d395366c232d6f0506ef,hardneg,NO_VICTIM_ACTIVITY,,grid,full,0,5.2,,67,0,,,,406,67,0,0,0,1,0.0,0.0,0,6,0,2,4,0,0,0,0,0,0,0,0,0,0,0,,0,,,,,,1,0,0,0,0,0,0,0,0,0,0,,0,0,,,,,,,,
G4005,cb2bc68ee8db8e43068bf047d8b4abc042406690f6b7f552aa4dd40a716f03be,hardneg,NO_VICTIM_ACTIVITY,,grid,full,0,3.2,,50,0,,,,63,50,0,0,50,1,0.0,0.0,0,9,0,7,2,0,0,0,0,0,0,0,0,0,0,0,,0,,,,,,1,0,0,0,0,0,0,0,0,0,0,,0,0,,,,,,,,
G4006,9332eb28802eb2735f0f1b4ad341e411f18b1b7f758ea6583efecbbfba816a66,hardneg,NO_VICTIM_ACTIVITY,,grid,full,0,3.2,,206,0,,,,213,206,6,0,200,1,0.02912621359223301,0.0,3,21,2,17,2,0,0,0,0,0,0,0,0,0,0,0,,0,,,,,,1,0,0,0,0,0,0,0,0,0,0,,0,0,,,,,,,,
G4007,8cfef6f0fb8cffd4f1a01d41149ea8653b7019517938bc27d5a51b9deb8150d4,hardneg,NO_VICTIM_ACTIVITY,,grid,full,0,3.2,,56,0,,,,63,56,6,0,50,1,0.10714285714285714,0.0,3,10,2,6,2,0,0,0,0,0,0,0,0,0,0,0,,0,,,,,,1,0,0,0,0,0,0,0,0,0,0,,0,0,,,,,,,,
G4008,b51afc40794cf78deaa8a55f0c76b404a48d7adbfa86074bf93f5cc912a412ba,hardneg,NO_VICTIM_ACTIVITY,,grid,full,0,9.8,,62,0,,,,59,62,9,2,5,7,0.14516129032258066,0.03225806451612903,3,26,2,8,16,0,0,0,0,0,0,0,0,0,0,0,,0,,,,,,7,0,0,0,0,0,0,2,2,41,11,215.6,0,0,,,,,,,,
G4009,a03e5df82254e16daddca571a733a871280c3a116775c465f9dca489623c1650,hardneg,NO_VICTIM_ACTIVITY,,grid,full,0,9.8,,62,0,,,,59,62,9,2,5,6,0.14516129032258066,0.03225806451612903,3,25,1,8,16,0,0,0,0,0,0,0,0,0,0,0,,0,,,,,,7,0,0,0,0,0,0,2,2,27,11,206.5,0,0,,,,,,,,
G4010,709dfe7db4ec115c3136ce3317b99152b2fba573aea54a236d0a590e566e8eb9,hardneg,NO_VICTIM_ACTIVITY,,grid,full,0,6.800000000000001,,0,0,,,,23,0,0,0,200,4,,,0,32,0,0,32,0,0,0,0,0,0,0,0,0,0,0,,0,,,,,,4,0,0,0,0,0,0,2,2,5,0,,0,0,,,,,,,,
G4011,23b86066e9971f76dfa39faa93a262015cb003071bf26f9bcf260aab4d5bf967,hardneg,TRUE_ENCRYPTION,,grid,full,0,10.0,,4,0,,,,23,4,5000,1,4999,21,1250.0,0.25,106,340,0,0,340,0,0,0,0,0,0,0,0,0,0,0,,0,,,,,,9,0,0,0,0,0,0,3,7,16,3,-50.0,0,0,,,,,,,,
G4012,b7bf2d038c5a4f8dc87d60e0b0d801e36c7f1c39940a6fd85e36a113339075b4,hardneg,NO_VICTIM_ACTIVITY,,grid,full,0,8.8,,0,4,,3.219539785312086,3.219539785312086,60,0,167,0,0,5,,,27,53,0,0,53,0,0,0,0,0,0,0,0,0,0,0,,0,,,,,,5,0,0,0,0,0,0,2,2,7,0,-30.8,0,0,,,,,,,,
G4013,fc88ba62ab883e03ceaf87093afb28a8c4eb7d25374ff0b2dc6dee8bb026503f,hardneg,NO_VICTIM_ACTIVITY,,grid,full,0,10.0,,4,4,-0.004411969851983541,3.219539785312086,3.219539785312086,56,4,5000,1,0,27,1250.0,0.25,113,389,0,1,388,0,0,0,0,0,0,0,0,0,0,0,,0,,,,,,11,0,0,0,0,0,0,3,9,20,3,-75.6,0,0,,,,,,,,
G4014,a5bc4080acb9882d793ad163adfef5dc2e5efe6be9ed8da5b19b32f5b2efda1b,hardneg,NO_VICTIM_ACTIVITY,,grid,full,0,10.0,,50,491,-0.006768235178995195,6.289205183235873,6.476157391559539,211,50,2,0,0,25,0.04,0.0,2,112,0,5,107,0,0,0,0,0,0,0,0,0,0,0,,0,,,,,,12,0,0,0,0,0,0,3,5,13,0,7.2,0,0,,,,,,,,
G4015,4afe07695da2c1c5c0be5536a111413d6f26a558006fa6e011ed9802ac4bf8ed,hardneg,NO_VICTIM_ACTIVITY,,grid,full,0,10.0,,50,543,-0.022056333707167076,6.297480403292019,6.476157391559539,154,50,3,0,0,3,0.06,0.0,3,76,0,5,71,0,0,0,0,0,0,0,0,0,0,0,,0,,,,,,3,0,0,0,0,0,0,2,2,8,0,0.2,0,0,,,,,,,,
G4016,d66e22bff377805bb410b23e1c4b486b058af7d872c07fb1b83c0c2f8a498d92,hardneg,NO_VICTIM_ACTIVITY,,grid,full,0,10.0,,50,498,-0.0017789987624737824,6.287518512196404,6.476157391559539,212,50,3,0,0,3,0.06,0.0,3,91,0,3,88,0,0,0,0,0,0,0,0,0,0,0,,0,,,,,,3,0,0,0,0,0,0,2,2,7,0,7.7,0,0,,,,,,,,
G4017,f1990c3795066b28ca4453bf80cbb20b7e6595676402418ccf7f4784de21229e,hardneg,NO_VICTIM_ACTIVITY,,grid,full,0,10.0,,50,526,-0.016134710396275842,6.289321598837164,6.476157391559539,212,50,6,0,252,5,0.12,0.0,4,129,0,5,124,0,0,0,0,0,0,0,0,0,0,0,,0,,,,,,5,0,0,0,0,0,0,2,2,13,0,-11.6,0,0,,,,,,,,
G4018,9b40071c4266adc39f496c1ec31920e3ce0e4985ec88773c01db8edfd7c3c4a0,hardneg,NO_VICTIM_ACTIVITY,,grid,full,0,10.0,,65,558,-0.04273524944286132,6.296757197241428,6.476157391559539,177,65,22,15,100,5,0.3384615384615385,0.23076923076923078,4,125,0,6,119,0,0,0,0,0,0,0,0,0,0,0,,0,,,,,,4,0,0,0,0,0,0,2,2,14,0,-1.3,0,0,,,,,,,,
G4019,0d5fba4fe3a912a8fcb01f53021499c2b29585a5dcd0139c38f09cb0dc78cdbf,hardneg,TRUE_ENCRYPTION,,grid,full,0,10.0,,50,499,-0.0032602290990468644,6.287518512196404,6.476157391559539,228,50,129,0,0,35,2.58,0.0,21,142,0,4,138,0,0,0,0,0,0,0,0,0,0,0,,0,,,,,,10,0,0,0,0,0,0,3,6,11,0,11.6,0,0,,,,,,,,
G4020,8850b25333daeccb1fa6ebc33fa7445eab7c92b7caec04732b063fb323da6c64,hardneg,NO_VICTIM_ACTIVITY,,grid,full,0,3.3,,0,0,,,,35,0,0,0,0,0,,,0,4,0,0,4,0,0,0,0,0,0,0,0,0,0,0,,0,,,,,,0,0,0,0,0,0,0,0,0,1,0,,0,0,,,,,,,,
G4021,36d15a5c9b4646ffdf432ad46d5871d2a89f424e9414643437e9a677300d130f,hardneg,NO_VICTIM_ACTIVITY,,grid,full,0,3.3,,0,0,,,,23,0,0,0,20,0,,,0,4,0,0,4,0,0,0,0,0,0,0,0,0,0,0,,0,,,,,,0,0,0,0,0,0,0,0,0,1,0,,0,0,,,,,,,,
G4022,10f44eacaf7938145498edac8eaea80e7b104ec60b73e3508329a6e421a59739,hardneg,NO_VICTIM_ACTIVITY,,grid,full,0,3.3,,0,0,,,,23,0,0,0,20,0,,,0,3,0,0,3,0,0,0,0,0,0,0,0,0,0,0,,0,,,,,,0,0,0,0,0,0,0,0,0,1,0,,0,0,,,,,,,,
G4023,0d850fe98ad4835ce6cc7f2ef44e7771980e9b193dd15d6cd0096818e826a793,hardneg,NO_VICTIM_ACTIVITY,,grid,full,0,3.0999999999999996,,0,0,,,,23,0,0,0,1,0,,,0,2,0,0,2,0,0,0,0,0,0,0,0,0,0,0,,0,,,,,,0,0,0,0,0,0,0,0,0,1,0,,0,0,,,,,,,,
G4024,b3480d0499e1114fc999f8025eb3f455d20392cd88763df752179c564dce1bd2,hardneg,NO_VICTIM_ACTIVITY,,grid,full,0,4.3,,0,0,,,,36,0,20,0,0,0,,,10,8,0,0,8,0,0,0,0,0,0,0,0,0,0,0,,0,,,,,,0,0,0,0,0,0,0,0,0,1,0,,0,0,,,,,,,,
G4025,9b4ccb44ac68e5e021afa300f8fa9c1fc60ca01b865ceeb20ecfa2448385edd8,hardneg,NO_VICTIM_ACTIVITY,,grid,full,0,4.1,,0,0,,,,35,0,20,0,0,0,,,10,6,0,0,6,0,0,0,0,0,0,0,0,0,0,0,,0,,,,,,0,0,0,0,0,0,0,0,0,1,0,,0,0,,,,,,,,
G4026,38a492fc6eb7a968709eaabe8524ff17d70aa048d675d1cbc4d9d1ff7530e4b0,hardneg,NO_VICTIM_ACTIVITY,,grid,full,1,2.0,,189,0,,,,1000,189,0,0,0,0,0.0,0.0,0,35,0,6,29,60,0,0,2,0,0,0,0,0,1,0,,0,,,0,0,1,0,0,0,0,0,0,0,0,0,0,0,,0,0,,,,,,,,
G4027,0717b9961a8cc3eeba52bb9608468fe4f4366450bae59d0a164d02d0ac19fc74,hardneg,NO_VICTIM_ACTIVITY,,grid,full,1,2.0,,189,0,,,,1000,189,0,0,0,0,0.0,0.0,0,36,0,11,25,60,0,0,2,0,0,0,0,0,1,0,,0,,,0,0,1,0,0,0,0,0,0,0,0,0,0,0,,0,0,,,,,,,,
G4028,01b7106f8709e8ad6ab64528d0642e91b38d134310bcee574bd5d69c9fec9b77,hardneg,NO_VICTIM_ACTIVITY,,grid,full,1,2.0,,189,0,,,,1000,189,0,0,0,0,0.0,0.0,0,39,0,9,30,60,0,0,2,0,0,0,0,0,1,0,,0,,,0,0,1,0,0,0,0,0,0,0,0,0,0,0,,0,0,,,,,,,,
G4029,dda756958aba4238faa890cebb33250b68052b2f6aa38e682a85d07b6c5e5748,hardneg,NO_VICTIM_ACTIVITY,,grid,full,1,2.0,,184,0,,,,1000,184,0,0,0,0,0.0,0.0,0,37,0,5,32,62,0,0,2,0,0,0,0,0,1,0,,0,,,0,0,1,0,0,0,0,0,0,0,0,0,0,0,,0,0,,,,,,,,
G4030,f3b4f96e22dc07dd28deab830ee83e593e9289f030056c840438f98c69c29957,hardneg,NO_VICTIM_ACTIVITY,,grid,full,1,2.1999999999999997,,189,0,,,,2000,189,0,0,0,0,0.0,0.0,0,66,0,6,60,74,2,0,2,0,0,0,1,1,3,2,,0,,,1,0,0,0,0,0,0,0,0,0,0,0,0,0,,0,0,,,,,,,,
G4031,2cc8075fc0f29da52f3420a10df7cd6a2f022cbc3172f028f631e347107091fe,hardneg,NO_VICTIM_ACTIVITY,,grid,full,1,2.0,,189,0,,,,2000,189,0,0,0,0,0.0,0.0,0,68,0,11,57,60,0,0,2,0,0,0,0,0,1,0,,0,,,0,0,1,0,0,0,0,0,0,0,0,0,0,0,,0,0,,,,,,,,
G4032,5092f3a16720c21866e3050fa97391bf7733e101a1fb8075a18463e96b5910ff,hardneg,NO_VICTIM_ACTIVITY,,grid,full,1,2.0,,189,0,,,,2000,189,0,0,0,0,0.0,0.0,0,67,0,9,58,60,0,0,2,0,0,0,0,0,1,0,,0,,,0,0,1,0,0,0,0,0,0,0,0,0,0,0,,0,0,,,,,,,,
G4033,3bc34766805ab5377bbe5b7f79b47296f387c92a094b90de64e580cb9cabc4e0,hardneg,NO_VICTIM_ACTIVITY,,grid,full,1,2.0,,189,0,,,,2000,189,0,0,0,0,0.0,0.0,0,65,0,9,56,60,0,0,2,0,0,0,0,0,1,0,,0,,,0,0,1,0,0,0,0,0,0,0,0,0,0,0,,0,0,,,,,,,,
G4034,b3ce47df44a31e5f17059315ea8be8dc55ca7c931ab9b33de77d20d4ba0bce69,hardneg,NO_VICTIM_ACTIVITY,,grid,full,1,2.0,,184,0,,,,2000,184,0,0,0,0,0.0,0.0,0,72,0,9,63,62,0,0,2,0,0,0,0,0,1,0,,0,,,0,0,1,0,0,0,0,0,0,0,0,0,0,0,,0,0,,,,,,,,
G4035,94e8418f8a4020f79fd255a90194ca15eeec60d96def2df239544f4a6c6feb49,hardneg,NO_VICTIM_ACTIVITY,,grid,full,1,2.0,,184,0,,,,2000,184,0,0,0,0,0.0,0.0,0,69,0,10,59,62,0,0,2,0,0,0,0,0,1,0,,0,,,0,0,1,0,0,0,0,0,0,0,0,0,0,0,,0,0,,,,,,,,
G4036,799bc46e0b923bc19a7e4427feea8538101cf46f76811a09c020c2c906c96af6,hardneg,NO_VICTIM_ACTIVITY,,grid,full,1,2.0,,184,0,,,,2000,184,0,0,0,0,0.0,0.0,0,72,0,10,62,62,0,0,2,0,0,0,0,0,1,0,,0,,,0,0,1,0,0,0,0,0,0,0,0,0,0,0,,0,0,,,,,,,,
G4037,42e0fa43538bfdad2c709378a4f4d5d758e6a1f01ab994f4b6afb11dd1182e6d,hardneg,NO_VICTIM_ACTIVITY,,grid,full,1,2.0,,184,0,,,,2000,184,0,0,0,0,0.0,0.0,0,71,0,9,62,62,0,0,2,0,0,0,0,0,1,0,,0,,,0,0,1,0,0,0,0,0,0,0,0,0,0,0,,0,0,,,,,,,,
G4038,f85f6fc6becb6048bce68e26db116479778bb79163efe2327aad6fa59c85d075,hardneg,NO_VICTIM_ACTIVITY,,grid,full,1,2.1999999999999997,,186,0,,,,200,186,0,0,0,0,0.0,0.0,0,18,0,8,10,74,2,0,2,0,0,0,1,1,3,2,,0,,,1,0,0,0,0,0,0,0,0,0,0,0,0,0,,0,0,,,,,,,,
G4039,10cb1b64baf70f2d5edffad9a4d4955f2fa2c068b0274709717f737f89e3cfd5,hardneg,NO_VICTIM_ACTIVITY,,grid,full,1,2.1999999999999997,,186,0,,,,200,186,0,0,0,0,0.0,0.0,0,17,0,8,9,74,2,0,2,0,0,0,1,1,3,2,,0,,,1,0,0,0,0,0,0,0,0,0,0,0,0,0,,0,0,,,,,,,,
G4040,498a9a2dd5514a149f2753fdbf4697e7bb9848f5ac6b6c66538a0cd7f893a6c3,hardneg,NO_VICTIM_ACTIVITY,,grid,full,1,2.0,,186,0,,,,200,186,0,0,0,0,0.0,0.0,0,19,0,10,9,60,0,0,2,0,0,0,0,0,1,0,,0,,,0,0,1,0,0,0,0,0,0,0,0,0,0,0,,0,0,,,,,,,,
G4041,d8fd3f44159260bdcb9085cfcd6d0281e1bdf53bb11aeeec1de100f104d651bb,hardneg,NO_VICTIM_ACTIVITY,,grid,full,1,1.8,,186,0,,,,200,186,0,0,0,0,0.0,0.0,0,14,0,8,6,60,0,0,2,0,0,0,0,0,1,0,,0,,,0,0,1,0,0,0,0,0,0,0,0,0,0,0,,0,0,,,,,,,,
G4042,45ca428329075f703070a0d7a55cdd26db8cb839a599ac370cf4cf33390802ab,hardneg,NO_VICTIM_ACTIVITY,,grid,full,1,2.0,,186,0,,,,200,186,0,0,0,0,0.0,0.0,0,17,0,10,7,60,0,0,2,0,0,0,0,0,1,0,,0,,,0,0,1,0,0,0,0,0,0,0,0,0,0,0,,0,0,,,,,,,,
G4043,aefc08947662cb22b4c6868251eac682bc6299880843f3368ed09852ef6351dc,hardneg,NO_VICTIM_ACTIVITY,,grid,full,1,2.0,,186,0,,,,200,186,0,0,0,0,0.0,0.0,0,18,0,8,10,60,0,0,2,0,0,0,0,0,1,0,,0,,,0,0,1,0,0,0,0,0,0,0,0,0,0,0,,0,0,,,,,,,,
G4044,9a99b416eeae66b7d94a05973b9de1fcbadd4945a3c64178358713784f9cc694,hardneg,NO_VICTIM_ACTIVITY,,grid,full,1,2.0,,186,0,,,,200,186,0,0,0,0,0.0,0.0,0,18,0,7,11,60,0,0,2,0,0,0,0,0,1,0,,0,,,0,0,1,0,0,0,0,0,0,0,0,0,0,0,,0,0,,,,,,,,
G4045,e4278355b7df47842c84168a5d48d03d47cf14eb07ff940ba088ea8a261852df,hardneg,NO_VICTIM_ACTIVITY,,grid,full,1,2.0,,186,0,,,,200,186,0,0,0,0,0.0,0.0,0,21,0,9,12,60,0,0,2,0,0,0,0,0,1,0,,0,,,0,0,1,0,0,0,0,0,0,0,0,0,0,0,,0,0,,,,,,,,
G4046,7023f6554c0db4dab09fafbd0d5e54258dc732e41c316ee11546890b55251a01,hardneg,NO_VICTIM_ACTIVITY,,grid,full,1,2.0,,181,0,,,,200,181,0,0,0,0,0.0,0.0,0,19,0,8,11,62,0,0,2,0,0,0,0,0,1,0,,0,,,0,0,1,0,0,0,0,0,0,0,0,0,0,0,,0,0,,,,,,,,
G4047,b624cd3f168bd9b1eecffb180ae6a990148446c33b46aa9d3611c609becf3f6c,hardneg,FAILED,,grid,static_only,1,1.3,,,,,,,,,,,,,,,,,,,,62,0,0,2,0,0,0,0,0,1,0,,0,,,,,,,,,,,,,,,,,,,,,,,,,,,
G4048,4ce7e5f16e1409844f6554a3dadbeda64d854abea64de775f591ed7dfc59f469,hardneg,NO_VICTIM_ACTIVITY,,grid,full,1,2.0,,181,0,,,,200,181,0,0,0,0,0.0,0.0,0,17,0,8,9,62,0,0,2,0,0,0,0,0,1,0,,0,,,0,0,1,0,0,0,0,0,0,0,0,0,0,0,,0,0,,,,,,,,
G4049,84603771dfa17e9fb866f5adfd8665a7bca983e04047d8d0ae8e7217ffd1bbcd,hardneg,NO_VICTIM_ACTIVITY,,grid,full,1,2.0,,186,0,,,,200,186,0,0,0,0,0.0,0.0,0,19,0,9,10,60,0,0,2,0,0,0,0,0,1,0,,0,,,0,0,1,0,0,0,0,0,0,0,0,0,0,0,,0,0,,,,,,,,
G4050,f434809f71215df813c203f6d8663735988a8c649d4aff50dc10120d45d3bbaa,hardneg,NO_VICTIM_ACTIVITY,,grid,full,1,2.0,,186,0,,,,200,186,0,0,0,0,0.0,0.0,0,19,0,9,10,60,0,0,2,0,0,0,0,0,1,0,,0,,,0,0,1,0,0,0,0,0,0,0,0,0,0,0,,0,0,,,,,,,,
G4051,a91b9541b646a0aa63f123594daf7db1050db4cea3d4ccee7004a2ad9472cdf3,hardneg,NO_VICTIM_ACTIVITY,,grid,full,1,2.0,,186,0,,,,200,186,0,0,0,0,0.0,0.0,0,209,0,10,199,60,0,0,2,0,0,0,0,0,1,0,,0,,,0,0,1,0,0,0,0,0,0,0,0,0,0,0,,0,0,,,,,,,,
G4052,c9d499b3ac7db036bdcd2daf22b487fe2dbafa2852943c59f2b56f09fcc39a53,hardneg,NO_VICTIM_ACTIVITY,,grid,full,1,2.0,,186,0,,,,200,186,0,0,0,0,0.0,0.0,0,205,0,6,199,60,0,0,2,0,0,0,0,0,1,0,,0,,,0,0,1,0,0,0,0,0,0,0,0,0,0,0,,0,0,,,,,,,,
G4053,129c17b5acbb352b38a8cb0c03f48014d29acac18f56ebbf6b921416331942f3,hardneg,NO_VICTIM_ACTIVITY,,grid,full,1,2.0,,186,0,,,,200,186,0,0,0,0,0.0,0.0,0,209,0,10,199,60,0,0,2,0,0,0,0,0,1,0,,0,,,0,0,1,0,0,0,0,0,0,0,0,0,0,0,,0,0,,,,,,,,
G4054,1456a1c051102a24b9044daf39d4e9ce744ceff152f550cae179d7d2fd8163e9,hardneg,NO_VICTIM_ACTIVITY,,grid,full,1,2.0,,185,0,,,,200,185,0,0,0,0,0.0,0.0,0,22,0,6,16,60,0,0,2,0,0,0,0,0,1,0,,0,,,0,0,1,0,0,0,0,0,0,0,0,0,0,0,,0,0,,,,,,,,
G4055,1016bf6f55794213c242a06896263238d1254c8fd214622a39705bf08b4c142f,hardneg,NO_VICTIM_ACTIVITY,,grid,full,1,2.0,,186,0,,,,200,186,0,0,0,0,0.0,0.0,0,23,0,7,16,60,0,0,2,0,0,0,0,0,1,0,,0,,,0,0,1,0,0,0,0,0,0,0,0,0,0,0,,0,0,,,,,,,,
G4056,dcb8b81339c1d8fd3622108e3c78b5a9601e6e4667c20ef1770d18655bca8abb,hardneg,NO_VICTIM_ACTIVITY,,grid,full,1,7.0,,186,0,,,,200,186,0,0,0,0,0.0,0.0,0,180,0,9,171,61,0,0,2,0,0,0,0,0,1,0,,0,,,0,0,1,0,0,0,0,0,0,0,0,0,0,0,,0,0,,,,,,,,
G4057,4365d7186d6d0683058631f5ada367c16d72cc5ade8a5b37d62f55160bd316d0,hardneg,NO_VICTIM_ACTIVITY,,grid,full,1,7.0,,185,0,,,,200,185,0,0,0,0,0.0,0.0,0,178,0,7,171,61,0,0,2,0,0,0,0,0,1,0,,0,,,0,0,1,0,0,0,0,0,0,0,0,0,0,0,,0,0,,,,,,,,
G4058,5d97df3398900e72e6b3fe84b8ceb617a8917e6910e511730c03f8fcc08dee44,hardneg,NO_VICTIM_ACTIVITY,,grid,full,1,7.0,,186,0,,,,200,186,0,0,0,0,0.0,0.0,0,180,0,9,171,61,0,0,2,0,0,0,0,0,1,0,,0,,,0,0,1,0,0,0,0,0,0,0,0,0,0,0,,0,0,,,,,,,,
G4059,4f282f027482fea4e10e4990f39ba3367cac705b36e38ec2bd0d3cb780461265,hardneg,NO_VICTIM_ACTIVITY,,grid,full,1,2.1999999999999997,,186,0,,,,500,186,0,0,0,0,0.0,0.0,0,22,0,6,16,74,2,0,2,0,0,0,1,1,3,2,,0,,,1,0,0,0,0,0,0,0,0,0,0,0,0,0,,0,0,,,,,,,,
G4060,df493ecb472eea0bae77087ec26bc36228d58db1f2157b66f6a33ffa1967c525,hardneg,NO_VICTIM_ACTIVITY,,grid,full,1,2.0,,186,0,,,,500,186,0,0,0,0,0.0,0.0,0,23,0,8,15,60,0,0,2,0,0,0,0,0,1,0,,0,,,0,0,1,0,0,0,0,0,0,0,0,0,0,0,,0,0,,,,,,,,
G4061,80ba7877826a6de2d37c99b30f092e00e61b56d49ed4e48a65332c5ecb01e1cd,hardneg,NO_VICTIM_ACTIVITY,,grid,full,1,2.0,,186,0,,,,500,186,0,0,0,0,0.0,0.0,0,20,0,6,14,60,0,0,2,0,0,0,0,0,1,0,,0,,,0,0,1,0,0,0,0,0,0,0,0,0,0,0,,0,0,,,,,,,,
G4062,a00e485fbdb1f64cf7aaffaf059d877897542b81e323b7db195ef856de9b62bf,hardneg,NO_VICTIM_ACTIVITY,,grid,full,1,2.0,,181,0,,,,500,181,0,0,0,0,0.0,0.0,0,23,0,8,15,62,0,0,2,0,0,0,0,0,1,0,,0,,,0,0,1,0,0,0,0,0,0,0,0,0,0,0,,0,0,,,,,,,,
G4063,dcbaba5fe1498c2f6ab524dc2dd7def73ee960574f45a56bc405dd4e9151bdf4,hardneg,NO_VICTIM_ACTIVITY,,grid,full,1,2.0,,181,0,,,,500,181,0,0,0,0,0.0,0.0,0,21,0,7,14,62,0,0,2,0,0,0,0,0,1,0,,0,,,0,0,1,0,0,0,0,0,0,0,0,0,0,0,,0,0,,,,,,,,
G4064,5931281ce23b3658f1e17f42d4283ceab8e79945b42500e5f605eff71bf9a952,hardneg,NO_VICTIM_ACTIVITY,,grid,full,1,2.0,,181,0,,,,500,181,0,0,0,0,0.0,0.0,0,23,0,9,14,62,0,0,2,0,0,0,0,0,1,0,,0,,,0,0,1,0,0,0,0,0,0,0,0,0,0,0,,0,0,,,,,,,,
G4065,3a81c4419d40b09723c9bbff959b74c8194e95513ca4c6ecbd46653613d6e8cb,hardneg,NO_VICTIM_ACTIVITY,,grid,full,1,2.0,,181,0,,,,500,181,0,0,0,0,0.0,0.0,0,21,0,6,15,62,0,0,2,0,0,0,0,0,1,0,,0,,,0,0,1,0,0,0,0,0,0,0,0,0,0,0,,0,0,,,,,,,,
G4066,572e026df6482d2d93cbd2e3ac55722fbfeb1c0e86cc9ca9daf6fff2fd6fdd9d,hardneg,NO_VICTIM_ACTIVITY,,grid,full,1,2.0,,183,0,,,,50,183,0,0,0,0,0.0,0.0,0,8,0,8,0,60,0,0,2,0,0,0,0,0,1,0,,0,,,0,0,1,0,0,0,0,0,0,0,0,0,0,0,,0,0,,,,,,,,
G4067,59f5e7fafb4335399d4a80bcc66352f3d1ce1d235e7d76948fe66e1a342305bf,hardneg,NO_VICTIM_ACTIVITY,,grid,full,1,2.0,,183,0,,,,50,183,0,0,0,0,0.0,0.0,0,7,0,7,0,60,0,0,2,0,0,0,0,0,1,0,,0,,,0,0,1,0,0,0,0,0,0,0,0,0,0,0,,0,0,,,,,,,,
G4068,3628222a514b6345c271ab758db7efbdf02f2460967fff3b9627ef29715bf72c,hardneg,NO_VICTIM_ACTIVITY,,grid,full,1,2.0,,182,0,,,,50,182,0,0,0,0,0.0,0.0,0,8,0,6,2,60,0,0,2,0,0,0,0,0,1,0,,0,,,0,0,1,0,0,0,0,0,0,0,0,0,0,0,,0,0,,,,,,,,
G4069,475dfd391a9cfd1b685f9025de0e4a84f0a723ae4854d575897c0eb657382709,hardneg,NO_VICTIM_ACTIVITY,,grid,full,1,2.0,,183,0,,,,50,183,0,0,0,0,0.0,0.0,0,4,0,4,0,60,0,0,2,0,0,0,0,0,1,0,,0,,,0,0,1,0,0,0,0,0,0,0,0,0,0,0,,0,0,,,,,,,,
G4070,db3310dbbe7b9ed11b348a3b2e080ad02812bf55c704434b37f820d1c721252a,hardneg,NO_VICTIM_ACTIVITY,,grid,full,1,2.0,,178,0,,,,50,178,0,0,0,0,0.0,0.0,0,8,0,7,1,62,0,0,2,0,0,0,0,0,1,0,,0,,,0,0,1,0,0,0,0,0,0,0,0,0,0,0,,0,0,,,,,,,,
G4071,f6d1c57c1ca495729467389d14ca7e020abc572728b5d683987d6993dee107b6,hardneg,NO_VICTIM_ACTIVITY,,grid,full,1,2.0,,178,0,,,,50,178,0,0,0,0,0.0,0.0,0,9,0,8,1,62,0,0,2,0,0,0,0,0,1,0,,0,,,0,0,1,0,0,0,0,0,0,0,0,0,0,0,,0,0,,,,,,,,
G4072,92eb52a34b99b6f132fa31a34c97975feda97129f989de76741d0f2472762a7c,hardneg,NO_VICTIM_ACTIVITY,,grid,full,1,2.0,,178,0,,,,50,178,0,0,0,0,0.0,0.0,0,7,0,6,1,62,0,0,2,0,0,0,0,0,1,0,,0,,,0,0,1,0,0,0,0,0,0,0,0,0,0,0,,0,0,,,,,,,,
G4073,55b72fe478c12110e00017cab724bef130cc72cadfd154ebfc9f8966a9f297db,hardneg,NO_VICTIM_ACTIVITY,,grid,full,1,2.0,,178,0,,,,50,178,0,0,0,0,0.0,0.0,0,9,0,8,1,62,0,0,2,0,0,0,0,0,1,0,,0,,,0,0,1,0,0,0,0,0,0,0,0,0,0,0,,0,0,,,,,,,,
G4074,3b6f79eefc2e60a66567e519b2d3647e43c5aa8fe15184ca2dafa93aa0e705a9,hardneg,NO_VICTIM_ACTIVITY,,grid,full,1,2.0,,178,0,,,,50,178,0,0,0,0,0.0,0.0,0,7,0,6,1,62,0,0,2,0,0,0,0,0,1,0,,0,,,0,0,1,0,0,0,0,0,0,0,0,0,0,0,,0,0,,,,,,,,
G4075,6de780df1a839c425b1aff78d66fd8df46960fd9e9c4ef6ec842eb658f92f6f9,hardneg,NO_VICTIM_ACTIVITY,,grid,full,1,2.0,,424,0,,,,1000,424,0,0,0,0,0.0,0.0,0,37,0,22,15,61,0,0,3,0,0,0,0,0,1,0,,82,0,0,0,0,1,0,0,0,0,0,0,0,0,0,0,0,,0,0,,,,,,,,
G4076,a65c3ea224600e9437162b56257e408d8410bc1fa3c4af4705335c7c2ad1db17,hardneg,NO_VICTIM_ACTIVITY,,grid,full,1,2.0,,424,0,,,,1000,424,0,0,0,0,0.0,0.0,0,39,0,24,15,61,0,0,3,0,0,0,0,0,1,0,,82,0,0,0,0,1,0,0,0,0,0,0,0,0,0,0,0,,0,0,,,,,,,,
G4077,52f34533ce25f8b8bb36675599072f02c42a18924c9c6c0836f4e185c523d3e6,hardneg,NO_VICTIM_ACTIVITY,,grid,full,1,2.0,,424,0,,,,1000,424,0,0,0,0,0.0,0.0,0,44,0,26,18,61,0,0,3,0,0,0,0,0,1,0,,82,0,0,0,0,1,0,0,0,0,0,0,0,0,0,0,0,,0,0,,,,,,,,
G4078,efa97899fc90df065e22629d07b51cfb00c3ad5a0cc64a390c84405f48fe7161,hardneg,NO_VICTIM_ACTIVITY,,grid,full,1,2.0,,423,0,,,,1000,423,0,0,0,0,0.0,0.0,0,41,0,26,15,61,0,0,3,0,0,0,0,0,1,0,,82,0,0,0,0,1,0,0,0,0,0,0,0,0,0,0,0,,0,0,,,,,,,,
G4079,54be95c537cfe89e0e1acf91463959e666215478b08e427a1ce55d5709dbf311,hardneg,NO_VICTIM_ACTIVITY,,grid,full,1,2.0,,246,0,,,,1000,246,0,0,0,0,0.0,0.0,0,47,0,37,10,63,0,0,3,0,0,0,0,0,1,0,,371,0,0,0,0,1,0,0,0,0,0,0,0,0,0,0,0,,0,0,,,,,,,,
G4080,2dfe51be2deadde86e1e413df2735b0d835ab24a5687c4ca555adddd053a2f79,hardneg,NO_VICTIM_ACTIVITY,,grid,full,1,2.0,,237,0,,,,1000,237,0,0,0,0,0.0,0.0,0,42,0,35,7,63,0,0,3,0,0,0,0,0,1,0,,207,0,0,0,0,1,0,0,0,0,0,0,0,0,0,0,0,,0,0,,,,,,,,
G4081,e670f63a63f8235ba56c5a2f3b4019b760af4980d5c40c1c78a13b52d22679cd,hardneg,NO_VICTIM_ACTIVITY,,grid,full,1,2.0,,252,0,,,,1000,252,0,0,0,0,0.0,0.0,0,36,0,30,6,63,0,0,3,0,0,0,0,0,1,0,,350,0,0,0,0,1,0,0,0,0,0,0,0,0,0,0,0,,0,0,,,,,,,,
G4082,804c244f6ad39dc14f836f6d55e49f6023c5ef9699854ebe934dfe2635c87c57,hardneg,NO_VICTIM_ACTIVITY,,grid,full,1,2.0,,239,0,,,,1000,239,0,0,0,0,0.0,0.0,0,38,0,32,6,63,0,0,3,0,0,0,0,0,1,0,,200,1,1,0,0,1,0,0,0,0,0,0,0,0,0,0,0,,0,0,,,,,,,,
G4083,45518e192019b780b5441169e2855474824fe85e32d073520bafa3754c458c8e,hardneg,NO_VICTIM_ACTIVITY,,grid,full,1,2.0,,424,0,,,,2000,424,0,0,0,0,0.0,0.0,0,58,0,24,34,61,0,0,3,0,0,0,0,0,1,0,,82,0,0,0,0,1,0,0,0,0,0,0,0,0,0,0,0,,0,0,,,,,,,,
G4084,85c1a6ec1aed6907c478fb4a1e3d569ab1685bd99189a056d29809186a865eeb,hardneg,NO_VICTIM_ACTIVITY,,grid,full,1,2.0,,424,0,,,,2000,424,0,0,0,0,0.0,0.0,0,67,0,23,44,61,0,0,3,0,0,0,0,0,1,0,,82,0,0,0,0,1,0,0,0,0,0,0,0,0,0,0,0,,0,0,,,,,,,,
G4085,6af83b9ce964f3aee3f972b9da119631100fcdb34d8720bf375956a4dc937d6f,hardneg,NO_VICTIM_ACTIVITY,,grid,full,1,1.8,,421,0,,,,2000,421,0,0,0,0,0.0,0.0,0,59,0,21,38,61,0,0,3,0,0,0,0,0,1,0,,82,0,0,0,0,1,0,0,0,0,0,0,0,0,0,0,0,,0,0,,,,,,,,
G4086,50d95ce739fde2a42230198dd1ee1ab4a6a51b6ed036bbbb553661997957eee3,hardneg,NO_VICTIM_ACTIVITY,,grid,full,1,2.0,,310,0,,,,2000,310,0,0,0,0,0.0,0.0,0,66,0,60,6,63,0,0,3,0,0,0,0,0,1,0,,942,0,0,0,0,1,0,0,0,0,0,0,0,0,0,0,0,,0,0,,,,,,,,
G4087,e34255af47c94f8c7714369415f967610d19dd86bfdd33fdc78b767556ecf466,hardneg,NO_VICTIM_ACTIVITY,,grid,full,1,2.0,,375,0,,,,200,375,0,0,0,0,0.0,0.0,0,21,0,21,0,61,0,0,3,0,0,0,0,0,1,0,,82,0,0,0,0,1,0,0,0,0,0,0,0,0,0,0,0,,0,0,,,,,,,,
G4088,6ca0a904d5aa200cbde3534675a9f9d7b7967417bbd6c1f0954d07f3a925eba6,hardneg,NO_VICTIM_ACTIVITY,,grid,full,1,2.0,,375,0,,,,200,375,0,0,0,0,0.0,0.0,0,21,0,21,0,61,0,0,3,0,0,0,0,0,1,0,,82,0,0,0,0,1,0,0,0,0,0,0,0,0,0,0,0,,0,0,,,,,,,,
G4089,caabc706fcc0664d5ee5e1d04debe0c5502a7e915cce6d53423b990638e1be15,hardneg,NO_VICTIM_ACTIVITY,,grid,full,1,2.0,,375,0,,,,200,375,0,0,0,0,0.0,0.0,0,17,0,17,0,61,0,0,3,0,0,0,0,0,1,0,,82,0,0,0,0,1,0,0,0,0,0,0,0,0,0,0,0,,0,0,,,,,,,,
G4090,3270308826d9d72b4b0eedfd79eb7e49cda0b255dcfcbec57fd73575050b81bf,hardneg,NO_VICTIM_ACTIVITY,,grid,full,1,2.0,,375,0,,,,200,375,0,0,0,0,0.0,0.0,0,19,0,19,0,61,0,0,3,0,0,0,0,0,1,0,,82,0,0,0,0,1,0,0,0,0,0,0,0,0,0,0,0,,0,0,,,,,,,,
G4091,ef579755cfa94a46b90ee273ac4b04f4c1a1d688b0db212bb0f0a51b967701c5,hardneg,NO_VICTIM_ACTIVITY,,grid,full,1,2.0,,194,0,,,,200,194,0,0,0,0,0.0,0.0,0,15,0,13,2,63,0,0,3,0,0,0,0,0,1,0,,96,0,0,0,0,1,0,0,0,0,0,0,0,0,0,0,0,,0,0,,,,,,,,
G4092,5479967ba1d042a3c2d2de0304636d0f001c1bddc520a09fe7028c40ff7d4e83,hardneg,NO_VICTIM_ACTIVITY,,grid,full,1,2.0,,195,0,,,,200,195,0,0,0,0,0.0,0.0,0,16,0,15,1,63,0,0,3,0,0,0,0,0,1,0,,0,,,0,0,1,0,0,0,0,0,0,0,0,0,0,0,,0,0,,,,,,,,
G4093,29919b47150f40b411a80e65f6418e5a9f577f6ceec3bdc6fab297b0b6591a03,hardneg,NO_VICTIM_ACTIVITY,,grid,full,1,2.0,,189,0,,,,200,189,0,0,0,0,0.0,0.0,0,14,0,13,1,63,0,0,3,0,0,0,0,0,1,0,,109,0,0,0,0,1,0,0,0,0,0,0,0,0,0,0,0,,0,0,,,,,,,,
G4094,8a31310a1e9af59dbf7ebcaa1a59efb86290f0f2834f9e99175a1fe5d609d241,hardneg,NO_VICTIM_ACTIVITY,,grid,full,1,2.0,,200,0,,,,200,200,0,0,0,0,0.0,0.0,0,16,0,15,1,63,0,0,3,0,0,0,0,0,1,0,,101,0,0,0,0,1,0,0,0,0,0,0,0,0,0,0,0,,0,0,,,,,,,,
G4095,21addecbb00d76eae0bdc37d3d21d817cff6e6c2469121acfb0c713ad6fffdf4,hardneg,NO_VICTIM_ACTIVITY,,grid,full,1,2.0,,419,0,,,,500,419,0,0,0,0,0.0,0.0,0,29,0,26,3,61,0,0,3,0,0,0,0,0,1,0,,82,0,0,0,0,1,0,0,0,0,0,0,0,0,0,0,0,,0,0,,,,,,,,
G4096,3b043cdfd4e1833d7083c958eaec8c7fcac8435317c4a733b699a3f809691183,hardneg,NO_VICTIM_ACTIVITY,,grid,full,1,2.0,,421,0,,,,500,421,0,0,0,0,0.0,0.0,0,24,0,21,3,61,0,0,3,0,0,0,0,0,1,0,,82,0,0,0,0,1,0,0,0,0,0,0,0,0,0,0,0,,0,0,,,,,,,,
G4097,809969fe95538d22875a9e1348dd7c77c1cdc9b5dbde75a80b650e06e47b1047,hardneg,NO_VICTIM_ACTIVITY,,grid,full,1,2.0,,216,0,,,,500,216,0,0,0,0,0.0,0.0,0,27,0,25,2,63,0,0,3,0,0,0,0,0,1,0,,149,0,0,0,0,1,0,0,0,0,0,0,0,0,0,0,0,,0,0,,,,,,,,
G4098,2578ef4030299cf48adb073c0095678676f474f2e548c7e6bfdb2247a945f7ee,hardneg,NO_VICTIM_ACTIVITY,,grid,full,1,8.0,,210,0,,,,500,210,0,0,0,0,0.0,0.0,0,23,0,17,6,63,0,0,3,0,0,0,0,0,1,0,,178,1,1,0,0,1,0,0,0,0,0,0,0,0,0,0,0,,0,0,,,,,,,,
G4099,64db2e558a70f375bbd2f6cb7e39a9fb1523533b05307ec85ac5ee41145165a8,hardneg,NO_VICTIM_ACTIVITY,,grid,full,1,2.0,,215,0,,,,500,215,0,0,0,0,0.0,0.0,0,24,0,21,3,63,0,0,3,0,0,0,0,0,1,0,,255,0,0,0,0,1,0,0,0,0,0,0,0,0,0,0,0,,0,0,,,,,,,,
G4100,8fdba2e43c8e1897ebb49f3cd06b2286a7654c1c1dc9dab8dc988403bbfdcfac,hardneg,NO_VICTIM_ACTIVITY,,grid,full,1,2.0,,224,0,,,,500,224,0,0,0,0,0.0,0.0,0,26,0,25,1,63,0,0,3,0,0,0,0,0,1,0,,103,0,0,0,0,1,0,0,0,0,0,0,0,0,0,0,0,,0,0,,,,,,,,
G4101,f66676529108ad04137f2137b9e2b0b7bcc6d71f02640e8c797d2074629481ce,hardneg,NO_VICTIM_ACTIVITY,,grid,full,1,2.0,,209,0,,,,500,209,0,0,0,0,0.0,0.0,0,25,0,19,6,63,0,0,3,0,0,0,0,0,1,0,,254,0,0,0,0,1,0,0,0,0,0,0,0,0,0,0,0,,0,0,,,,,,,,
G4102,59e6c9309de583d80a34cc295bf2d9d9e370fd4f6e9bdb6b0e45ecbdafe58865,hardneg,NO_VICTIM_ACTIVITY,,grid,full,1,2.0,,234,0,,,,50,234,0,0,0,0,0.0,0.0,0,10,0,10,0,61,0,0,3,0,0,0,0,0,1,0,,82,0,0,0,0,1,0,0,0,0,0,0,0,0,0,0,0,,0,0,,,,,,,,
G4103,d14a17bc1387ce10ec9fad40ba0acfe40a86b73e92b92293d75f1d121efbbb9f,hardneg,NO_VICTIM_ACTIVITY,,grid,full,1,2.0,,234,0,,,,50,234,0,0,0,0,0.0,0.0,0,11,0,11,0,61,0,0,3,0,0,0,0,0,1,0,,82,0,0,0,0,1,0,0,0,0,0,0,0,0,0,0,0,,0,0,,,,,,,,
G4104,3247080c78746a321457ebcb93c7469795acc8ec2fd7b6190b8d4882044b1e0b,hardneg,NO_VICTIM_ACTIVITY,,grid,full,1,2.0,,234,0,,,,50,234,0,0,0,0,0.0,0.0,0,9,0,9,0,61,0,0,3,0,0,0,0,0,1,0,,82,0,0,0,0,1,0,0,0,0,0,0,0,0,0,0,0,,0,0,,,,,,,,
G4105,320f29ff3fa4f6133ae91d50d0a072b8b6e3761b70aa7ab08607c76ab3f7022c,hardneg,NO_VICTIM_ACTIVITY,,grid,full,1,2.0,,234,0,,,,50,234,0,0,0,0,0.0,0.0,0,12,0,12,0,61,0,0,3,0,0,0,0,0,1,0,,82,0,0,0,0,1,0,0,0,0,0,0,0,0,0,0,0,,0,0,,,,,,,,
G4106,e0e8dfa6ee0b49184832a882d8d2b1ee6bd8e53e742b2dbb1be61517d271246b,hardneg,NO_VICTIM_ACTIVITY,,grid,full,1,2.0,,179,0,,,,50,179,0,0,0,0,0.0,0.0,0,11,0,11,0,63,0,0,3,0,0,0,0,0,1,0,,0,,,0,0,1,0,0,0,0,0,0,0,0,0,0,0,,0,0,,,,,,,,
G4107,7ccd2d1fc68df80185a5bcf7d794420045ad66bf14f62090d7f5071486c4861f,hardneg,NO_VICTIM_ACTIVITY,,grid,full,1,2.0,,183,0,,,,50,183,0,0,0,0,0.0,0.0,0,13,0,12,1,63,0,0,3,0,0,0,0,0,1,0,,0,,,0,0,1,0,0,0,0,0,0,0,0,0,0,0,,0,0,,,,,,,,
G4108,8ab03ed85f3d2c66b22d343bde5e1098bed653c03dae4e9e73b7fd7503545cb8,hardneg,NO_VICTIM_ACTIVITY,,grid,full,1,2.0,,180,0,,,,50,180,0,0,0,0,0.0,0.0,0,8,0,6,2,63,0,0,3,0,0,0,0,0,1,0,,0,,,0,0,1,0,0,0,0,0,0,0,0,0,0,0,,0,0,,,,,,,,
G4109,5361c79812909b7bb293c5d3fe15cbaa35d597b991261896bce41b172a2c7410,hardneg,NO_VICTIM_ACTIVITY,,grid,full,1,2.0,,179,0,,,,50,179,0,0,0,0,0.0,0.0,0,8,0,7,1,63,0,0,3,0,0,0,0,0,1,0,,0,,,0,0,1,0,0,0,0,0,0,0,0,0,0,0,,0,0,,,,,,,,
G4110,f3598b38228214c4cc2b7228745539af57cbe2d114e070aa5bc2e49f575cd163,hardneg,NO_VICTIM_ACTIVITY,,grid,full,1,2.1999999999999997,,643,0,,,,1000,643,0,0,0,0,0.0,0.0,0,47,0,33,14,75,2,0,3,0,0,0,1,1,3,2,,82,0,0,1,0,0,0,0,0,0,0,0,0,0,0,0,0,,0,0,,,,,,,,
G4111,9ff3a773df70ff611d0e9e817eb5e693ea4d3ece8c4a7dbcc56647e5f337457f,hardneg,NO_VICTIM_ACTIVITY,,grid,full,1,2.0,,643,0,,,,1000,643,0,0,0,0,0.0,0.0,0,44,0,31,13,61,0,0,3,0,0,0,0,0,1,0,,82,0,0,0,0,1,0,0,0,0,0,0,0,0,0,0,0,,0,0,,,,,,,,
G4112,16e5537f0758f055353e6618b86f56a83e4100cd20ea69807df56cc62f3412d9,hardneg,NO_VICTIM_ACTIVITY,,grid,full,1,2.0,,643,0,,,,1000,643,0,0,0,0,0.0,0.0,0,43,0,30,13,61,0,0,3,0,0,0,0,0,1,0,,82,0,0,0,0,1,0,0,0,0,0,0,0,0,0,0,0,,0,0,,,,,,,,
G4113,914c94ea96ac8a84d31173e1e2e1ef7f1453db2c5ce70232235b29a169e3bb28,hardneg,NO_VICTIM_ACTIVITY,,grid,full,1,2.0,,300,0,,,,1000,300,0,0,0,0,0.0,0.0,0,47,0,42,5,63,0,0,3,0,0,0,0,0,1,0,,435,0,0,0,0,1,0,0,0,0,0,0,0,0,0,0,0,,0,0,,,,,,,,
G4114,38a4384cf05f97447528adcecbf5c145c40466928e83ca355f17cb705908ad81,hardneg,NO_VICTIM_ACTIVITY,,grid,full,1,8.0,,302,0,,,,1000,302,0,0,0,0,0.0,0.0,0,48,0,44,4,63,0,0,3,0,0,0,0,0,1,0,,967,0,0,0,0,1,0,0,0,0,0,0,0,0,0,0,0,,0,0,,,,,,,,
G4115,da1b45fd41d98bdd32ceacfa90a0d0845cf4ee9986250d42028aa4b7245bc415,hardneg,NO_VICTIM_ACTIVITY,,grid,full,1,2.0,,282,0,,,,1000,282,0,0,0,0,0.0,0.0,0,45,0,44,1,63,0,0,3,0,0,0,0,0,1,0,,662,1,1,0,0,1,0,0,0,0,0,0,0,0,0,0,0,,0,0,,,,,,,,
G4116,d328f140033c2b55e97e14655a10802dcb88bf1fccf5c11c82d4e9e17c77f38a,hardneg,NO_VICTIM_ACTIVITY,,grid,full,1,2.1999999999999997,,643,0,,,,2000,643,0,0,0,0,0.0,0.0,0,68,0,34,34,75,2,0,3,0,0,0,1,1,3,2,,82,0,0,1,0,0,0,0,0,0,0,0,0,0,0,0,0,,0,0,,,,,,,,
G4117,095e23b9973419763eb821fe4a39f920f1ce611dcf627b45715d8988a52960ec,hardneg,NO_VICTIM_ACTIVITY,,grid,full,1,2.0,,643,0,,,,2000,643,0,0,0,0,0.0,0.0,0,64,0,30,34,61,0,0,3,0,0,0,0,0,1,0,,82,0,0,0,0,1,0,0,0,0,0,0,0,0,0,0,0,,0,0,,,,,,,,
G4118,af16ccc61d433f18b59a5977b25b5375ddec475805f29b511caebf621732ad34,hardneg,NO_VICTIM_ACTIVITY,,grid,full,1,2.0,,643,0,,,,2000,643,0,0,0,0,0.0,0.0,0,64,0,30,34,61,0,0,3,0,0,0,0,0,1,0,,82,0,0,0,0,1,0,0,0,0,0,0,0,0,0,0,0,,0,0,,,,,,,,
G4119,806c52ffbe9bbfc8fa192a22c9bf0a535893f236a66f36184324d1d720605976,hardneg,NO_VICTIM_ACTIVITY,,grid,full,1,2.0,,643,0,,,,2000,643,0,0,0,0,0.0,0.0,0,62,0,30,32,61,0,0,3,0,0,0,0,0,1,0,,82,0,0,0,0,1,0,0,0,0,0,0,0,0,0,0,0,,0,0,,,,,,,,
G4120,0d0dbae49b4dc5e4c3d5aef03c4eca24f0ca6906f75e66f349224f7c1d0b77ab,hardneg,NO_VICTIM_ACTIVITY,,grid,full,1,2.0,,421,0,,,,2000,421,0,0,0,0,0.0,0.0,0,74,0,69,5,63,0,0,3,0,0,0,0,0,1,0,,887,1,1,0,0,1,0,0,0,0,0,0,0,0,0,0,0,,0,0,,,,,,,,
G4121,dd0d36741fe9c41d181ac6329162d242516a1e9b8c93095f04c8480792215749,hardneg,NO_VICTIM_ACTIVITY,,grid,full,1,2.0,,389,0,,,,2000,389,0,0,0,0,0.0,0.0,0,75,0,72,3,63,0,0,3,0,0,0,0,0,1,0,,362,0,0,0,0,1,0,0,0,0,0,0,0,0,0,0,0,,0,0,,,,,,,,
G4122,462c020b28dfcea6bf26ceadc4e1fc81ad67d5cc9d16bca137676b28f152e0ed,hardneg,NO_VICTIM_ACTIVITY,,grid,full,1,2.0,,412,0,,,,2000,412,0,0,0,0,0.0,0.0,0,73,0,70,3,63,0,0,3,0,0,0,0,0,1,0,,658,0,0,0,0,1,0,0,0,0,0,0,0,0,0,0,0,,0,0,,,,,,,,
G4123,2ed43e902a5f2013b133b0c96fb409ae4d371391d57c4a7a74589c80b041443e,hardneg,NO_VICTIM_ACTIVITY,,grid,full,1,2.1999999999999997,,388,0,,,,200,388,0,0,0,0,0.0,0.0,0,22,0,22,0,75,2,0,3,0,0,0,1,1,3,2,,82,0,0,1,0,0,0,0,0,0,0,0,0,0,0,0,0,,0,0,,,,,,,,
G4124,54de5d649e344688240a012b12511101df83a831ee5098beba990626a83f5be0,hardneg,NO_VICTIM_ACTIVITY,,grid,full,1,2.0,,388,0,,,,200,388,0,0,0,0,0.0,0.0,0,19,0,19,0,61,0,0,3,0,0,0,0,0,1,0,,82,0,0,0,0,1,0,0,0,0,0,0,0,0,0,0,0,,0,0,,,,,,,,
G4125,1f1620cd9c5ea0aad9e00aed591b991fddfc8c25116ded9ddca5a701d73932bb,hardneg,NO_VICTIM_ACTIVITY,,grid,full,1,2.0,,388,0,,,,200,388,0,0,0,0,0.0,0.0,0,24,0,24,0,61,0,0,3,0,0,0,0,0,1,0,,82,0,0,0,0,1,0,0,0,0,0,0,0,0,0,0,0,,0,0,,,,,,,,
G4126,a7725bb80dcf95d9cc25b552f5eaa8ecc6e1c37619fe1da8e451be1d1e8e9b0d,hardneg,NO_VICTIM_ACTIVITY,,grid,full,1,2.0,,388,0,,,,200,388,0,0,0,0,0.0,0.0,0,19,0,19,0,61,0,0,3,0,0,0,0,0,1,0,,82,0,0,0,0,1,0,0,0,0,0,0,0,0,0,0,0,,0,0,,,,,,,,
G4127,995fb9f07b43fad941568f4621b37150d82eeace5329f8d9c2158d5a1d174506,hardneg,NO_VICTIM_ACTIVITY,,grid,full,1,2.0,,388,0,,,,200,388,0,0,0,0,0.0,0.0,0,20,0,20,0,61,0,0,3,0,0,0,0,0,1,0,,82,0,0,0,0,1,0,0,0,0,0,0,0,0,0,0,0,,0,0,,,,,,,,
G4128,6113de508c79bae6b300648f2f9fe16590a11d08cc1f5a7b1aae45702bf97d4c,hardneg,NO_VICTIM_ACTIVITY,,grid,full,1,2.0,,205,0,,,,200,205,0,0,0,0,0.0,0.0,0,16,0,15,1,63,0,0,3,0,0,0,0,0,1,0,,297,0,0,0,0,1,0,0,0,0,0,0,0,0,0,0,0,,0,0,,,,,,,,
G4129,ccc7d2871c8a50f44b2c48445b585918aa930649b4802854b59035d5db2d8860,hardneg,NO_VICTIM_ACTIVITY,,grid,full,1,8.0,,208,0,,,,200,208,0,0,0,0,0.0,0.0,0,17,0,16,1,63,0,0,3,0,0,0,0,0,1,0,,186,0,0,0,0,1,0,0,0,0,0,0,0,0,0,0,0,,0,0,,,,,,,,
G4130,6935faf83201e0fd6ab051d569819d22a4d7196375efbe8a732176c592476feb,hardneg,NO_VICTIM_ACTIVITY,,grid,full,1,2.0,,209,0,,,,200,209,0,0,0,0,0.0,0.0,0,14,0,14,0,63,0,0,3,0,0,0,0,0,1,0,,71,0,0,0,0,1,0,0,0,0,0,0,0,0,0,0,0,,0,0,,,,,,,,
G4131,c7a1e0d42ccf53e80d928677b93bfa65f59151fef217c572d6c11e74f6c31dea,hardneg,NO_VICTIM_ACTIVITY,,grid,full,1,2.0,,388,0,,,,200,388,0,0,0,0,0.0,0.0,0,18,0,18,0,61,0,0,3,0,0,0,0,0,1,0,,82,0,0,0,0,1,0,0,0,0,0,0,0,0,0,0,0,,0,0,,,,,,,,
G4132,3926f409a7f00ddd42f6b987f02036383a203cc7b84c9b55305597c67ff76678,hardneg,NO_VICTIM_ACTIVITY,,grid,full,1,2.0,,388,0,,,,200,388,0,0,0,0,0.0,0.0,0,18,0,18,0,61,0,0,3,0,0,0,0,0,1,0,,82,0,0,0,0,1,0,0,0,0,0,0,0,0,0,0,0,,0,0,,,,,,,,
G4133,a91a223fc21c6ce37639a134bb705058a1b140b3d5217ebb3dd0c965cff0f05b,hardneg,NO_VICTIM_ACTIVITY,,grid,full,1,2.0,,388,0,,,,200,388,0,0,0,0,0.0,0.0,0,20,0,20,0,61,0,0,3,0,0,0,0,0,1,0,,82,0,0,0,0,1,0,0,0,0,0,0,0,0,0,0,0,,0,0,,,,,,,,
G4134,a8a9ac9888720b4c32b36136306d2b7484a1419cdb5eb4b66ea895b1ffabdbf2,hardneg,NO_VICTIM_ACTIVITY,,grid,full,1,2.0,,388,0,,,,200,388,0,0,0,0,0.0,0.0,0,17,0,17,0,61,0,0,3,0,0,0,0,0,1,0,,82,0,0,0,0,1,0,0,0,0,0,0,0,0,0,0,0,,0,0,,,,,,,,
G4135,f89a3c26600c5c7637700996b28141d051addc75eda8e122eabd2e72592b6ced,hardneg,NO_VICTIM_ACTIVITY,,grid,full,1,2.0,,388,0,,,,200,388,0,0,0,0,0.0,0.0,0,212,0,204,8,61,0,0,3,0,0,0,0,0,1,0,,82,0,0,0,0,1,0,0,0,0,0,0,0,0,0,0,0,,0,0,,,,,,,,
G4136,47f199c3b6c3e25fec4baf08c0ceadc90bd1bfdd98487cbc34807afdd870a09a,hardneg,NO_VICTIM_ACTIVITY,,grid,full,1,2.0,,388,0,,,,200,388,0,0,0,0,0.0,0.0,0,28,0,28,0,61,0,0,3,0,0,0,0,0,1,0,,82,0,0,0,0,1,0,0,0,0,0,0,0,0,0,0,0,,0,0,,,,,,,,
G4137,4be20db56c5054539767cb49d62e215b05913756a8eaf50073bf243f4e8ef60c,hardneg,NO_VICTIM_ACTIVITY,,grid,full,1,2.0,,388,0,,,,200,388,0,0,0,0,0.0,0.0,0,27,0,27,0,61,0,0,3,0,0,0,0,0,1,0,,82,0,0,0,0,1,0,0,0,0,0,0,0,0,0,0,0,,0,0,,,,,,,,
G4138,2291dade4cf1d38f12d2f7ce811614cbfd00f74a7815a873126fa2de02850c04,hardneg,NO_VICTIM_ACTIVITY,,grid,full,1,7.0,,388,0,,,,200,388,0,0,0,0,0.0,0.0,0,178,0,176,2,62,0,0,3,0,0,0,0,0,1,0,,82,0,0,0,0,1,0,0,0,0,0,0,0,0,0,0,0,,0,0,,,,,,,,
G4139,8e79469fc976fa1dba4226c1c2e189723703e4825fa6676b1b4d0401120d7ff3,hardneg,NO_VICTIM_ACTIVITY,,grid,full,1,2.0,,388,0,,,,200,388,0,0,0,0,0.0,0.0,0,173,0,171,2,62,0,0,3,0,0,0,0,0,1,0,,82,0,0,0,0,1,0,0,0,0,0,0,0,0,0,0,0,,0,0,,,,,,,,
G4140,1096d58a354b3d0ff3a30594376a584395664089d710eccffc6df8bad6f1418f,hardneg,NO_VICTIM_ACTIVITY,,grid,full,1,7.0,,388,0,,,,200,388,0,0,0,0,0.0,0.0,0,182,0,181,1,62,0,0,3,0,0,0,0,0,1,0,,82,0,0,0,0,1,0,0,0,0,0,0,0,0,0,0,0,,0,0,,,,,,,,
G4141,5ea9cf36a5955acced3003210e8cd9fb98220bfb618bd99119a9c3379c820ccf,hardneg,NO_VICTIM_ACTIVITY,,grid,full,1,2.1999999999999997,,640,0,,,,500,640,0,0,0,0,0.0,0.0,0,30,0,30,0,75,2,0,3,0,0,0,1,1,3,2,,82,0,0,1,0,0,0,0,0,0,0,0,0,0,0,0,0,,0,0,,,,,,,,
G4142,741958b9434ed765eb011afa37eafd8ee69a7e583d827359dd75a0f215a1e782,hardneg,NO_VICTIM_ACTIVITY,,grid,full,1,2.0,,640,0,,,,500,640,0,0,0,0,0.0,0.0,0,31,0,31,0,61,0,0,3,0,0,0,0,0,1,0,,82,0,0,0,0,1,0,0,0,0,0,0,0,0,0,0,0,,0,0,,,,,,,,
G4143,6230200c80135620e4f1acccd9046ae032efb4c03883c0749dcdd6fe6e611d1e,hardneg,NO_VICTIM_ACTIVITY,,grid,full,1,8.0,,233,0,,,,500,233,0,0,0,0,0.0,0.0,0,28,0,25,3,63,0,0,3,0,0,0,0,0,1,0,,220,0,0,0,0,1,0,0,0,0,0,0,0,0,0,0,0,,0,0,,,,,,,,
G4144,3fcaeb1d7c8b0531febaa2423f545607af442b285404c5c01359184cbefed42e,hardneg,NO_VICTIM_ACTIVITY,,grid,full,1,2.0,,238,0,,,,500,238,0,0,0,0,0.0,0.0,0,29,0,28,1,63,0,0,3,0,0,0,0,0,1,0,,328,0,0,0,0,1,0,0,0,0,0,0,0,0,0,0,0,,0,0,,,,,,,,
G4145,b913f7fa77449d611839381ca7480445fc5e2f6928c23c0c2ac31d8c707a123e,hardneg,NO_VICTIM_ACTIVITY,,grid,full,1,2.1999999999999997,,234,0,,,,50,234,0,0,0,0,0.0,0.0,0,10,0,10,0,75,2,0,3,0,0,0,1,1,3,2,,82,0,0,1,0,0,0,0,0,0,0,0,0,0,0,0,0,,0,0,,,,,,,,
G4146,c3114415733682573de1e9f6edfb7ae8f706d3e8641a532ff59318ad91cc4649,hardneg,NO_VICTIM_ACTIVITY,,grid,full,1,2.0,,234,0,,,,50,234,0,0,0,0,0.0,0.0,0,10,0,10,0,61,0,0,3,0,0,0,0,0,1,0,,82,0,0,0,0,1,0,0,0,0,0,0,0,0,0,0,0,,0,0,,,,,,,,
G4147,7a622e325d6ac308291c041118bc07d51c0520d3d8bb770de0e6fff288c497a3,hardneg,NO_VICTIM_ACTIVITY,,grid,full,1,2.0,,234,0,,,,50,234,0,0,0,0,0.0,0.0,0,8,0,8,0,61,0,0,3,0,0,0,0,0,1,0,,82,0,0,0,0,1,0,0,0,0,0,0,0,0,0,0,0,,0,0,,,,,,,,
G4148,78a19f6e9a1fb9f692ddcbd2d52094de2b32a3a94413af3323c61c022eb76b3d,hardneg,NO_VICTIM_ACTIVITY,,grid,full,1,2.0,,186,0,,,,50,186,0,0,0,0,0.0,0.0,0,11,0,10,1,63,0,0,3,0,0,0,0,0,1,0,,0,,,0,0,1,0,0,0,0,0,0,0,0,0,0,0,,0,0,,,,,,,,
G4149,1c0d65f9dad73e9d724a4938d5c093c2ea70d45084730bc460d56a41daa4db5a,hardneg,NO_VICTIM_ACTIVITY,,grid,full,1,2.0,,185,0,,,,50,185,0,0,0,0,0.0,0.0,0,8,0,8,0,63,0,0,3,0,0,0,0,0,1,0,,97,0,0,0,0,1,0,0,0,0,0,0,0,0,0,0,0,,0,0,,,,,,,,
G4150,cea46392a2ac406caf160971f3233fb4b4962f4c8795c4915d86ae4d77081ac1,hardneg,TRUE_ENCRYPTION,,grid,full,1,9.0,,645,0,,,,1000,645,452,0,0,0,0.7007751937984497,0.0,32,52,27,9,16,76,2,0,3,0,0,0,1,1,3,2,,1231,2,0,1,0,0,0,0,0,0,0,0,0,0,0,0,0,,0,0,,,,,,,,
G4151,e5eea311d04a958abff373257d5d8a5cd202589d59407de396530a08a72dd4a8,hardneg,TRUE_ENCRYPTION,,grid,full,1,9.0,,645,0,,,,1000,645,452,0,0,0,0.7007751937984497,0.0,32,46,25,7,14,62,0,0,3,0,0,0,0,0,1,0,,1231,2,2,0,0,1,0,0,0,0,0,0,0,0,0,0,0,,0,0,,,,,,,,
G4152,bcd7c55e68e5ff097085158211b754dae71cb4f1643f8a18caa81d7674625d43,hardneg,TRUE_ENCRYPTION,,grid,full,1,9.0,,645,0,,,,2000,645,452,0,0,0,0.7007751937984497,0.0,32,74,28,5,41,76,2,0,3,0,0,0,1,1,3,2,,1231,2,0,1,0,0,0,0,0,0,0,0,0,0,0,0,0,,0,0,,,,,,,,
G4153,65d461ce3ba735b5372a5de43093c0b933f2c3815c49a7413b3664ec1072474b,hardneg,TRUE_ENCRYPTION,,grid,full,1,9.0,,645,0,,,,2000,645,452,0,0,0,0.7007751937984497,0.0,32,65,25,6,34,62,0,0,3,0,0,0,0,0,1,0,,1231,2,2,0,0,1,0,0,0,0,0,0,0,0,0,0,0,,0,0,,,,,,,,
G4154,7f74885f3e6790cfb3c4817e9ebd9eaae783b004adba8c10c15e6eff06a8f44b,hardneg,TRUE_ENCRYPTION,,grid,full,1,9.0,,645,0,,,,2000,645,452,0,0,0,0.7007751937984497,0.0,32,68,24,6,38,62,0,0,3,0,0,0,0,0,1,0,,1231,2,2,0,0,1,0,0,0,0,0,0,0,0,0,0,0,,0,0,,,,,,,,
G4155,ca4f374adffbbe0311aaff4bb34933859a32830865cc1b35a414998e0e14bea5,hardneg,TRUE_ENCRYPTION,,grid,full,1,9.0,,645,0,,,,2000,645,452,0,0,0,0.7007751937984497,0.0,32,66,26,8,32,62,0,0,3,0,0,0,0,0,1,0,,1231,2,2,0,0,1,0,0,0,0,0,0,0,0,0,0,0,,0,0,,,,,,,,
G4156,00c17859185b3c867de34bdd7751e74795c9b6668bda9d5bd54c2275dacf564d,hardneg,TRUE_ENCRYPTION,,grid,full,1,7.0,,407,0,,,,2000,407,219,0,0,0,0.538083538083538,0.0,25,73,61,7,5,64,0,0,3,0,0,0,0,0,1,0,,5210,3,3,0,0,1,0,0,0,0,0,0,0,0,0,0,0,,0,0,,,,,,,,
G4157,6681435891ba86c898d2a320dc4db5f8934ff3c6a0241cf611a92f2ce79bc445,hardneg,TRUE_ENCRYPTION,,grid,full,1,9.0,,409,0,,,,2000,409,221,0,0,0,0.5403422982885085,0.0,24,78,71,5,2,64,0,0,3,0,0,0,0,0,1,0,,5828,3,3,0,0,1,0,0,0,0,0,0,0,0,0,0,0,,0,0,,,,,,,,
G4158,bde101581569f531f6ef1f2ed030e87b2bbbb60f3a133014227de21e3d71915d,hardneg,TRUE_ENCRYPTION,,grid,full,1,9.0,,413,0,,,,2000,413,225,0,0,0,0.5447941888619855,0.0,21,76,70,6,0,64,0,0,3,0,0,0,0,0,1,0,,4147,3,3,0,0,1,0,0,0,0,0,0,0,0,0,0,0,,0,0,,,,,,,,
G4159,ba632d11c9ab704347cc6fdfeae8b7fd5083a7c16bf81a8511585417a13467c7,hardneg,TRUE_ENCRYPTION,,grid,full,1,9.0,,402,0,,,,2000,402,214,0,0,0,0.5323383084577115,0.0,21,75,66,5,4,64,0,0,3,0,0,0,0,0,1,0,,3675,3,3,0,0,1,0,0,0,0,0,0,0,0,0,0,0,,0,0,,,,,,,,
G4160,eb98e34939fdbdb94e575bbb26034d349f56fc2040c0a496dc1a1a001a2140bc,hardneg,TRUE_ENCRYPTION,,grid,full,1,9.0,,390,0,,,,200,390,200,0,0,0,0.5128205128205128,0.0,19,20,15,5,0,76,2,0,3,0,0,0,1,1,3,2,,1231,2,0,1,0,0,0,0,0,0,0,0,0,0,0,0,0,,0,0,,,,,,,,
G4161,e425d4f10b5c5e0fead61e45a79f2a15c74b5f351147d2dba0227cec1acaf9ac,hardneg,TRUE_ENCRYPTION,,grid,full,1,9.0,,390,0,,,,200,390,200,0,0,0,0.5128205128205128,0.0,19,20,16,4,0,62,0,0,3,0,0,0,0,0,1,0,,1231,2,2,0,0,1,0,0,0,0,0,0,0,0,0,0,0,,0,0,,,,,,,,
G4162,5ee7f133b613fb0fe9ec77e9300d810c1ca3b8499aefff58aac814f7dc9bb4bc,hardneg,TRUE_ENCRYPTION,,grid,full,1,9.0,,390,0,,,,200,390,200,0,0,0,0.5128205128205128,0.0,19,22,16,6,0,62,0,0,3,0,0,0,0,0,1,0,,1231,2,2,0,0,1,0,0,0,0,0,0,0,0,0,0,0,,0,0,,,,,,,,
G4163,0f7e650e0e0711f89a786984ca6588c84f3767e72100354796b13f8011eb6d9d,hardneg,TRUE_ENCRYPTION,,grid,full,1,7.0,,209,0,,,,200,209,26,0,0,0,0.12440191387559808,0.0,7,19,11,6,2,64,0,0,3,0,0,0,0,0,1,0,,1954,3,3,0,0,1,0,0,0,0,0,0,0,0,0,0,0,,0,0,,,,,,,,
G4164,72b3495e7d3b2e9c77a06e0bf95c99107a6bbac6cf20caccc1b77769b2ab8f57,hardneg,TRUE_ENCRYPTION,,grid,full,1,9.0,,390,0,,,,200,390,200,0,0,0,0.5128205128205128,0.0,19,30,24,6,0,62,0,0,3,0,0,0,0,0,1,0,,1231,2,2,0,0,1,0,0,0,0,0,0,0,0,0,0,0,,0,0,,,,,,,,
G4165,a25faa368e416558b0ea4fb3b2d8d9cb865258cb919f4a8976f9d4eeae087e44,hardneg,TRUE_ENCRYPTION,,grid,full,1,9.0,,390,0,,,,200,390,200,0,0,0,0.5128205128205128,0.0,19,28,23,5,0,62,0,0,3,0,0,0,0,0,1,0,,1231,2,2,0,0,1,0,0,0,0,0,0,0,0,0,0,0,,0,0,,,,,,,,
G4166,0617bcc8a239392550b35a3bae68b5289af327758f3b0593bdbfb6278e7072c6,hardneg,TRUE_ENCRYPTION,,grid,full,1,9.0,,390,0,,,,200,390,200,0,0,0,0.5128205128205128,0.0,19,27,21,5,1,62,0,0,3,0,0,0,0,0,1,0,,1231,2,2,0,0,1,0,0,0,0,0,0,0,0,0,0,0,,0,0,,,,,,,,
G4167,d0dc108a6af6623a0fdd7dcce5cd8c5a89319b83671e9586e2ee7906391d3374,hardneg,TRUE_ENCRYPTION,,grid,full,1,9.0,,390,0,,,,200,390,200,0,0,0,0.5128205128205128,0.0,19,174,156,8,10,63,0,0,3,0,0,0,0,0,1,0,,1231,2,2,0,0,1,0,0,0,0,0,0,0,0,0,0,0,,0,0,,,,,,,,
G4168,a25664395165b00a090d81da000aacecbc361ddf38c8cbab5e4f0e676f58dc69,hardneg,TRUE_ENCRYPTION,,grid,full,1,9.0,,389,0,,,,200,389,200,0,0,0,0.5141388174807198,0.0,19,187,173,7,7,63,0,0,3,0,0,0,0,0,1,0,,1231,2,2,0,0,1,0,0,0,0,0,0,0,0,0,0,0,,0,0,,,,,,,,
G4169,a8c1b6daab24d26bbbeac7ae2ad546b693752e10c8ad28842b96ff398675bdb3,hardneg,TRUE_ENCRYPTION,,grid,full,1,9.0,,642,0,,,,500,642,452,0,0,0,0.7040498442367601,0.0,32,28,24,4,0,62,0,0,3,0,0,0,0,0,1,0,,1231,2,2,0,0,1,0,0,0,0,0,0,0,0,0,0,0,,0,0,,,,,,,,
G4170,49aa75831f8b297cdcea8ec190ad23a9ff2e66bfaba984f865c0c2482d63c582,hardneg,TRUE_ENCRYPTION,,grid,full,1,9.0,,642,0,,,,500,642,452,0,0,0,0.7040498442367601,0.0,32,30,24,6,0,62,0,0,3,0,0,0,0,0,1,0,,1231,2,2,0,0,1,0,0,0,0,0,0,0,0,0,0,0,,0,0,,,,,,,,
G4171,dfcf464c2c8cfebd9e62500ecf40c3769f2e039c911ed815a4e85b78ebc925cd,hardneg,TRUE_ENCRYPTION,,grid,full,1,9.0,,642,0,,,,500,642,452,0,0,0,0.7040498442367601,0.0,32,31,27,4,0,62,0,0,3,0,0,0,0,0,1,0,,1231,2,2,0,0,1,0,0,0,0,0,0,0,0,0,0,0,,0,0,,,,,,,,
G4172,63e270b6538091665cba6366bfd4acacf45145d40b3bfcf2ed49428b16b5299f,hardneg,TRUE_ENCRYPTION,,grid,full,1,9.0,,642,0,,,,500,642,452,0,0,0,0.7040498442367601,0.0,32,32,26,6,0,62,0,0,3,0,0,0,0,0,1,0,,1231,2,2,0,0,1,0,0,0,0,0,0,0,0,0,0,0,,0,0,,,,,,,,
G4173,550c3ad01d2df18a55d641523c753cbee583dbef260a3f0632743b5517da2743,hardneg,TRUE_ENCRYPTION,,grid,full,1,9.0,,642,0,,,,500,642,452,0,0,0,0.7040498442367601,0.0,32,31,25,6,0,62,0,0,3,0,0,0,0,0,1,0,,1231,2,2,0,0,1,0,0,0,0,0,0,0,0,0,0,0,,0,0,,,,,,,,
G4174,d5f113db139b0a54f1d6864611a2ee5e62027af1533fd8ee66b02d65a34a4a87,hardneg,TRUE_ENCRYPTION,,grid,full,1,9.0,,242,0,,,,500,242,59,0,0,0,0.24380165289256198,0.0,11,30,23,7,0,64,0,0,3,0,0,0,0,0,1,0,,4074,3,3,0,0,1,0,0,0,0,0,0,0,0,0,0,0,,0,0,,,,,,,,
G4175,74dd305cc082a6f1795ef7d32d591adf31817ef5c69d03a0fe91d5d7f37e987d,hardneg,TRUE_ENCRYPTION,,grid,full,1,9.0,,237,0,,,,500,237,54,0,0,0,0.22784810126582278,0.0,13,32,26,3,3,64,0,0,3,0,0,0,0,0,1,0,,6540,4,4,0,0,1,0,0,0,0,0,0,0,0,0,0,0,,0,0,,,,,,,,
G4176,2e8775cb22bc853481fb00df0c5e08131fda84fd6642b045629a59f537b6066a,hardneg,TRUE_ENCRYPTION,,grid,full,1,9.0,,247,0,,,,500,247,64,0,0,0,0.2591093117408907,0.0,9,32,23,9,0,64,0,0,3,0,0,0,0,0,1,0,,5054,3,3,0,0,1,0,0,0,0,0,0,0,0,0,0,0,,0,0,,,,,,,,
G4177,652e1634a70f250aec046489933019f0c1bc3e7a489265d84af624f5e30e1f71,hardneg,TRUE_ENCRYPTION,,grid,full,1,7.0,,244,0,,,,500,244,61,0,0,0,0.25,0.0,7,35,26,8,1,64,0,0,3,0,0,0,0,0,1,0,,3355,3,3,0,0,1,0,0,0,0,0,0,0,0,0,0,0,,0,0,,,,,,,,
G4178,00bcd47af9e5620b9f2a310cbe0c3170f2d1788b54b53115d554d23c323bf702,hardneg,TRUE_ENCRYPTION,,grid,full,1,9.0,,235,0,,,,50,235,50,0,0,0,0.2127659574468085,0.0,7,13,9,4,0,76,2,0,3,0,0,0,1,1,3,2,,1231,2,0,1,0,0,0,0,0,0,0,0,0,0,0,0,0,,0,0,,,,,,,,
G4179,43f31cddaa8555073be2b73d7afd8158dfce6b350709837b428fee597009565f,hardneg,TRUE_ENCRYPTION,,grid,full,1,9.0,,235,0,,,,50,235,50,0,0,0,0.2127659574468085,0.0,7,15,7,7,1,62,0,0,3,0,0,0,0,0,1,0,,1231,2,2,0,0,1,0,0,0,0,0,0,0,0,0,0,0,,0,0,,,,,,,,
G4180,ae15c16d8e0772f0f92a9cd8f76c3759f20f6489792ff46f1f52dee4b9137d5d,hardneg,NO_VICTIM_ACTIVITY,,grid,full,1,2.0,,179,0,,,,50,179,1,0,0,0,0.00558659217877095,0.0,1,10,1,8,1,64,0,0,3,0,0,0,0,0,1,0,,0,,,0,0,1,0,0,0,0,0,0,0,0,0,0,0,,0,0,,,,,,,,
G4181,4df906e653ff2c9be6baa534955f9bed46be6ac2352f178b5825ac2106582fdc,hardneg,NO_VICTIM_ACTIVITY,,grid,full,1,2.0,,185,0,,,,50,185,7,0,0,0,0.03783783783783784,0.0,4,8,3,5,0,64,0,0,3,0,0,0,0,0,1,0,,144,1,1,0,0,1,0,0,0,0,0,0,0,0,0,0,0,,0,0,,,,,,,,
G4182,eba8484654f4dfda3137dc915a1d259a8cdbca042e3cfdf87afae6af0d074cfb,hardneg,TRUE_ENCRYPTION,,grid,full,1,2.0,,185,0,,,,50,185,8,0,0,0,0.043243243243243246,0.0,6,9,3,6,0,64,0,0,3,0,0,0,0,0,1,0,,456,2,2,0,0,1,0,0,0,0,0,0,0,0,0,0,0,,0,0,,,,,,,,
G4183,84238551a0f9591f851d4d9e4a183c779d82420a27a42809cbe7b4671bcd9d14,hardneg,NO_VICTIM_ACTIVITY,,grid,full,1,7.0,,426,0,,,,1000,426,233,0,0,0,0.5469483568075117,0.0,23,40,19,6,15,62,0,0,3,0,0,0,0,0,1,0,,82,0,0,0,0,1,0,0,0,0,0,0,0,0,0,0,0,,0,0,,,,,,,,
G4184,e19d67eba2ff00b81266c9b79e335d09c31b7b1752013cd65cae4f167bcecc1d,hardneg,NO_VICTIM_ACTIVITY,,grid,full,1,7.0,,426,0,,,,1000,426,233,0,0,0,0.5469483568075117,0.0,23,38,18,6,14,62,0,0,3,0,0,0,0,0,1,0,,82,0,0,0,0,1,0,0,0,0,0,0,0,0,0,0,0,,0,0,,,,,,,,
G4185,b202c13619de543a742a365a0d1b395c44e033031b414b72fffc7a60e4e5c914,hardneg,NO_VICTIM_ACTIVITY,,grid,full,1,7.0,,241,0,,,,1000,241,55,0,0,0,0.22821576763485477,0.0,7,41,26,7,8,64,0,0,3,0,0,0,0,0,1,0,,453,0,0,0,0,1,0,0,0,0,0,0,0,0,0,0,0,,0,0,,,,,,,,
G4186,1573869809efb31d6f178f8e6779a6bf5dd5926f34f8d680cd2f32198120b5c7,hardneg,NO_VICTIM_ACTIVITY,,grid,full,1,7.0,,241,0,,,,1000,241,55,0,0,0,0.22821576763485477,0.0,9,38,26,4,8,64,0,0,3,0,0,0,0,0,1,0,,267,0,0,0,0,1,0,0,0,0,0,0,0,0,0,0,0,,0,0,,,,,,,,
G4187,e97fe0c2522e3b954f9e1c4793fc0c71866b24737838729110b7fa35b61eaf26,hardneg,NO_VICTIM_ACTIVITY,,grid,full,1,7.0,,247,0,,,,1000,247,61,0,0,0,0.24696356275303644,0.0,8,46,32,6,8,64,0,0,3,0,0,0,0,0,1,0,,305,0,0,0,0,1,0,0,0,0,0,0,0,0,0,0,0,,0,0,,,,,,,,
G4188,3627b53af6ef59fb529cf9cb4eaf505e2087792aa959988631530894629a1c2b,hardneg,NO_VICTIM_ACTIVITY,,grid,full,1,7.0,,250,0,,,,1000,250,64,0,0,0,0.256,0.0,10,41,31,8,2,64,0,0,3,0,0,0,0,0,1,0,,513,0,0,0,0,1,0,0,0,0,0,0,0,0,0,0,0,,0,0,,,,,,,,
G4189,6409e1af34e2891141b8ac7a1021d0c830a9148fe32c1129379dc6b2ace6e7cd,hardneg,NO_VICTIM_ACTIVITY,,grid,full,1,7.0,,426,0,,,,2000,426,233,0,0,0,0.5469483568075117,0.0,23,62,19,6,37,62,0,0,3,0,0,0,0,0,1,0,,82,0,0,0,0,1,0,0,0,0,0,0,0,0,0,0,0,,0,0,,,,,,,,
G4190,841620eddd3c511ba8d17f83cd14c8335783f98f7002716f6278bf5141ea52e6,hardneg,NO_VICTIM_ACTIVITY,,grid,full,1,9.0,,304,0,,,,2000,304,116,0,0,0,0.3815789473684211,0.0,11,70,56,8,6,64,0,0,3,0,0,0,0,0,1,0,,199,0,0,0,0,1,0,0,0,0,0,0,0,0,0,0,0,,0,0,,,,,,,,
G4191,25263e8f76aa4fb979ba9e677064f8a1f00736f2ae14e34af142bce4c780f87d,hardneg,NO_VICTIM_ACTIVITY,,grid,full,1,9.0,,301,0,,,,2000,301,113,0,0,0,0.3754152823920266,0.0,14,64,52,5,7,64,0,0,3,0,0,0,0,0,1,0,,108,0,0,0,0,1,0,0,0,0,0,0,0,0,0,0,0,,0,0,,,,,,,,
G4192,d8c185190be0a8e16b05aae812869950c0b582ac38da4aff98e21ee5cde13459,hardneg,NO_VICTIM_ACTIVITY,,grid,full,1,7.0,,303,0,,,,2000,303,115,0,0,0,0.3795379537953795,0.0,18,67,54,6,7,64,0,0,3,0,0,0,0,0,1,0,,167,0,0,0,0,1,0,0,0,0,0,0,0,0,0,0,0,,0,0,,,,,,,,
G4193,2cee33b0b21830262ad4f600a9d1198df4f4cd7c31560f13099eb28d30cb6623,hardneg,NO_VICTIM_ACTIVITY,,grid,full,1,7.0,,308,0,,,,2000,308,120,0,0,0,0.38961038961038963,0.0,15,66,50,8,8,64,0,0,3,0,0,0,0,0,1,0,,559,0,0,0,0,1,0,0,0,0,0,0,0,0,0,0,0,,0,0,,,,,,,,
G4194,dbaca5de29b023cbd1a15e0b139d5082bf382710819f06962be72cb59059d194,hardneg,NO_VICTIM_ACTIVITY,,grid,full,1,7.0,,377,0,,,,200,377,187,0,0,0,0.4960212201591512,0.0,17,19,14,5,0,62,0,0,3,0,0,0,0,0,1,0,,82,0,0,0,0,1,0,0,0,0,0,0,0,0,0,0,0,,0,0,,,,,,,,
G4195,f15049263980a7daa24a7fabdcd2acc1feabee5d2e7e0a3fd707a735229b379b,hardneg,NO_VICTIM_ACTIVITY,,grid,full,1,7.0,,377,0,,,,200,377,187,0,0,0,0.4960212201591512,0.0,17,18,13,5,0,62,0,0,3,0,0,0,0,0,1,0,,82,0,0,0,0,1,0,0,0,0,0,0,0,0,0,0,0,,0,0,,,,,,,,
G4196,fb5c1e471745a5662ccfc59644ffee7592a00dc91958d12391db13f0b65299eb,hardneg,NO_VICTIM_ACTIVITY,,grid,full,1,7.0,,377,0,,,,200,377,187,0,0,0,0.4960212201591512,0.0,17,18,14,4,0,62,0,0,3,0,0,0,0,0,1,0,,82,0,0,0,0,1,0,0,0,0,0,0,0,0,0,0,0,,0,0,,,,,,,,
G4197,2f79bb5716c9805844e980cebe12cdf8564d5bc66148dadbabf93dd052145141,hardneg,NO_VICTIM_ACTIVITY,,grid,full,1,7.0,,377,0,,,,200,377,187,0,0,0,0.4960212201591512,0.0,17,19,15,4,0,62,0,0,3,0,0,0,0,0,1,0,,82,0,0,0,0,1,0,0,0,0,0,0,0,0,0,0,0,,0,0,,,,,,,,
G4198,a97112ade40eead9930dc7eaf45de90d4afe5980d50f17d5e6e68b6adf0702fb,hardneg,NO_VICTIM_ACTIVITY,,grid,full,1,7.0,,198,0,,,,200,198,15,0,0,0,0.07575757575757576,0.0,5,18,9,8,1,64,0,0,3,0,0,0,0,0,1,0,,0,,,0,0,1,0,0,0,0,0,0,0,0,0,0,0,,0,0,,,,,,,,
G4199,82a7ab3d7416b36df25b58dc35124eed293a3b1bc46cd07e02895ea5c866dc74,hardneg,NO_VICTIM_ACTIVITY,,grid,full,1,7.0,,198,0,,,,200,198,15,0,0,0,0.07575757575757576,0.0,6,14,7,4,3,64,0,0,3,0,0,0,0,0,1,0,,218,0,0,0,0,1,0,0,0,0,0,0,0,0,0,0,0,,0,0,,,,,,,,
G4200,91bc4466ffd9aac5d1fc5509d1b3ed760f356cad047ece1c0e304e9360d065ef,hardneg,NO_VICTIM_ACTIVITY,,grid,full,1,7.0,,423,0,,,,500,423,233,0,0,0,0.5508274231678487,0.0,23,26,18,5,3,62,0,0,3,0,0,0,0,0,1,0,,82,0,0,0,0,1,0,0,0,0,0,0,0,0,0,0,0,,0,0,,,,,,,,
G4201,22c548bbdd15d5199fe74d2d1cf0f08c5e306db98579250bdd1a77ef00f6c1bd,hardneg,NO_VICTIM_ACTIVITY,,grid,full,1,7.0,,423,0,,,,500,423,233,0,0,0,0.5508274231678487,0.0,23,27,16,7,4,62,0,0,3,0,0,0,0,0,1,0,,82,0,0,0,0,1,0,0,0,0,0,0,0,0,0,0,0,,0,0,,,,,,,,
G4202,3d97bea9de4f9b1fd2aa7e97d71edf90eec65ead24d25541785ac47055dd09a3,hardneg,NO_VICTIM_ACTIVITY,,grid,full,1,7.0,,211,0,,,,500,211,28,0,0,0,0.13270142180094788,0.0,4,25,14,4,7,64,0,0,3,0,0,0,0,0,1,0,,60,0,0,0,0,1,0,0,0,0,0,0,0,0,0,0,0,,0,0,,,,,,,,
G4203,045e7279f901d67f452beedd8563ba07a025d9c075e1d5f43fb22b03e54287a2,hardneg,NO_VICTIM_ACTIVITY,,grid,full,1,7.0,,210,0,,,,500,210,27,0,0,0,0.12857142857142856,0.0,6,26,16,7,3,64,0,0,3,0,0,0,0,0,1,0,,182,0,0,0,0,1,0,0,0,0,0,0,0,0,0,0,0,,0,0,,,,,,,,
G4204,1c258471af5a883bd294862f444e629da2f7dd40e24e00225f0d0bbc4464f068,hardneg,NO_VICTIM_ACTIVITY,,grid,full,1,7.0,,209,0,,,,500,209,26,0,0,0,0.12440191387559808,0.0,4,26,14,6,6,64,0,0,3,0,0,0,0,0,1,0,,124,0,0,0,0,1,0,0,0,0,0,0,0,0,0,0,0,,0,0,,,,,,,,
G4205,5786cd647cbe3e6f7c0cb2ebcdb31d1cf09f95052ffa915c56b53d86d4dec11d,hardneg,NO_VICTIM_ACTIVITY,,grid,full,1,7.0,,235,0,,,,50,235,50,0,0,0,0.2127659574468085,0.0,7,12,9,3,0,62,0,0,3,0,0,0,0,0,1,0,,82,0,0,0,0,1,0,0,0,0,0,0,0,0,0,0,0,,0,0,,,,,,,,
G4206,38629af0e5432a51247f14dd8f1faa01182376be843b4f4caaaebd7fd3ed41f6,hardneg,NO_VICTIM_ACTIVITY,,grid,full,1,7.0,,235,0,,,,50,235,50,0,0,0,0.2127659574468085,0.0,7,14,7,6,1,62,0,0,3,0,0,0,0,0,1,0,,82,0,0,0,0,1,0,0,0,0,0,0,0,0,0,0,0,,0,0,,,,,,,,
G4207,51f1e4e37c17bee2cabdc314c99fa529348d76701d0b8488c176cb1fb199d6b9,hardneg,NO_VICTIM_ACTIVITY,,grid,full,1,7.0,,235,0,,,,50,235,50,0,0,0,0.2127659574468085,0.0,7,11,9,2,0,62,0,0,3,0,0,0,0,0,1,0,,82,0,0,0,0,1,0,0,0,0,0,0,0,0,0,0,0,,0,0,,,,,,,,
G4208,a0baca4061fba0be9f67a9d47801bfa627c11b83f0d77ea93adcab276ba55fe3,hardneg,NO_VICTIM_ACTIVITY,,grid,full,1,7.0,,235,0,,,,50,235,50,0,0,0,0.2127659574468085,0.0,7,14,8,6,0,62,0,0,3,0,0,0,0,0,1,0,,82,0,0,0,0,1,0,0,0,0,0,0,0,0,0,0,0,,0,0,,,,,,,,
G4209,b7a15c2dc3edb5abf910d1a61b9536d94238d65b20706b73a0b1c56b12f06c18,hardneg,NO_VICTIM_ACTIVITY,,grid,full,1,2.0,,181,0,,,,50,181,3,0,0,0,0.016574585635359115,0.0,2,8,2,6,0,64,0,0,3,0,0,0,0,0,1,0,,0,,,0,0,1,0,0,0,0,0,0,0,0,0,0,0,,0,0,,,,,,,,
G4210,effc7780a27b74da1f96bb3a1aac2a1c2dcfc7fd105a7bf77cddcd49ad64efd6,hardneg,NO_VICTIM_ACTIVITY,,grid,full,1,2.0,,181,0,,,,50,181,3,0,0,0,0.016574585635359115,0.0,2,11,3,8,0,64,0,0,3,0,0,0,0,0,1,0,,69,0,0,0,0,1,0,0,0,0,0,0,0,0,0,0,0,,0,0,,,,,,,,
G4211,d59503c75684572b829e30ecae11a19c7640136b2b90fa41dd1eedcc8fca5644,hardneg,NO_VICTIM_ACTIVITY,,grid,full,1,8.0,,239,0,,,,1000,239,0,0,0,0,0.0,0.0,0,31,0,7,24,61,0,0,3,0,0,0,0,0,1,0,,0,,,0,0,1,0,0,0,0,0,0,0,0,0,0,0,,0,0,,,,,,,,
G4212,1d16a75c290a57a1d115da64066a7dd244745b15973e305ee8c209de33333b7c,hardneg,NO_VICTIM_ACTIVITY,,grid,full,1,8.0,,239,0,,,,1000,239,0,0,0,0,0.0,0.0,0,32,0,8,24,61,0,0,3,0,0,0,0,0,1,0,,0,,,0,0,1,0,0,0,0,0,0,0,0,0,0,0,,0,0,,,,,,,,
G4213,c97aec3aeac027231448cf6cde4640e73c8fc35c4ecbd2f32c2fd24740aedb66,hardneg,NO_VICTIM_ACTIVITY,,grid,full,1,8.0,,239,0,,,,1000,239,0,0,0,0,0.0,0.0,0,33,0,9,24,61,0,0,3,0,0,0,0,0,1,0,,0,,,0,0,1,0,0,0,0,0,0,0,0,0,0,0,,0,0,,,,,,,,
G4214,f78cf9216a47888e3dfe1baf2b08e45596ff1c5a24da20b017386af95d5ed658,hardneg,NO_VICTIM_ACTIVITY,,grid,full,1,8.0,,234,0,,,,1000,234,0,0,0,0,0.0,0.0,0,37,0,10,27,63,0,0,3,0,0,0,0,0,1,0,,1,0,0,0,0,1,0,0,0,0,0,0,0,0,0,0,0,,0,0,,,,,,,,
G4215,00cb894bd220d10a6a598cfa592e46038bc966ff98f096780ea9f31ee6ce68c7,hardneg,NO_VICTIM_ACTIVITY,,grid,full,1,8.0,,239,0,,,,2000,239,0,0,0,0,0.0,0.0,0,55,0,8,47,61,0,0,3,0,0,0,0,0,1,0,,0,,,0,0,1,0,0,0,0,0,0,0,0,0,0,0,,0,0,,,,,,,,
G4216,ba11b8b474c04ac41d2f48ab3ce5763fb6984df14e74431a5980ecf052a4f054,hardneg,NO_VICTIM_ACTIVITY,,grid,full,1,8.0,,239,0,,,,2000,239,0,0,0,0,0.0,0.0,0,51,0,6,45,61,0,0,3,0,0,0,0,0,1,0,,0,,,0,0,1,0,0,0,0,0,0,0,0,0,0,0,,0,0,,,,,,,,
G4217,6c2b434ba18d48ca2008185173112d0806a0efc60254bc114fef0b0d58c5b9ac,hardneg,NO_VICTIM_ACTIVITY,,grid,full,1,8.0,,239,0,,,,2000,239,0,0,0,0,0.0,0.0,0,50,0,7,43,61,0,0,3,0,0,0,0,0,1,0,,0,,,0,0,1,0,0,0,0,0,0,0,0,0,0,0,,0,0,,,,,,,,
G4218,dfac7969caa2181273202f887f12a12aeb29a7335f139157f968529dde4c0e8c,hardneg,NO_VICTIM_ACTIVITY,,grid,full,1,8.0,,234,0,,,,2000,234,0,0,0,0,0.0,0.0,0,54,0,9,45,63,0,0,3,0,0,0,0,0,1,0,,0,,,0,0,1,0,0,0,0,0,0,0,0,0,0,0,,0,0,,,,,,,,
G4219,28449464785104eb2049c36e63d3b9531d76081943c839b0edb45ddec3dd59a0,hardneg,NO_VICTIM_ACTIVITY,,grid,full,1,8.0,,234,0,,,,2000,234,0,0,0,0,0.0,0.0,0,60,0,12,48,63,0,0,3,0,0,0,0,0,1,0,,0,,,0,0,1,0,0,0,0,0,0,0,0,0,0,0,,0,0,,,,,,,,
G4220,e05010d6709cb433351b8c9eb772ec755127bd5f377eccbb875b7e44bd6c64bd,hardneg,NO_VICTIM_ACTIVITY,,grid,full,1,8.0,,234,0,,,,2000,234,0,0,0,0,0.0,0.0,0,56,0,10,46,63,0,0,3,0,0,0,0,0,1,0,,0,,,0,0,1,0,0,0,0,0,0,0,0,0,0,0,,0,0,,,,,,,,
G4221,0a87794cc2d60f2a99100c60cd4d1e9fe951bd0479d92e3361f2ba4fce48990a,hardneg,NO_VICTIM_ACTIVITY,,grid,full,1,8.0,,235,0,,,,200,235,0,0,0,0,0.0,0.0,0,16,0,11,5,61,0,0,3,0,0,0,0,0,1,0,,0,,,0,0,1,0,0,0,0,0,0,0,0,0,0,0,,0,0,,,,,,,,
G4222,385fd69f7d7a204777ce7f497fc7776e28ad2205deb3450cb0b4b5222f1ab13e,hardneg,NO_VICTIM_ACTIVITY,,grid,full,1,8.0,,231,0,,,,200,231,0,0,0,0,0.0,0.0,0,13,0,9,4,63,0,0,3,0,0,0,0,0,1,0,,0,,,0,0,1,0,0,0,0,0,0,0,0,0,0,0,,0,0,,,,,,,,
G4223,5e9985cdedbd739c758b2397062b8369187401ee23c945ea82088db07c14b8a9,hardneg,NO_VICTIM_ACTIVITY,,grid,full,1,8.0,,231,0,,,,200,231,0,0,0,0,0.0,0.0,0,14,0,9,5,63,0,0,3,0,0,0,0,0,1,0,,0,,,0,0,1,0,0,0,0,0,0,0,0,0,0,0,,0,0,,,,,,,,
G4224,0625fb3ac44766539cbacf28be41fc0dd3422c9d80d6cc9f5726dc039da0be35,hardneg,NO_VICTIM_ACTIVITY,,grid,full,1,8.0,,236,0,,,,500,236,0,0,0,0,0.0,0.0,0,21,0,8,13,61,0,0,3,0,0,0,0,0,1,0,,0,,,0,0,1,0,0,0,0,0,0,0,0,0,0,0,,0,0,,,,,,,,
G4225,00adea71a8edfc4f30db206732e4b1aaa11d97f364dd12d4bf6cf009c0b65e17,hardneg,NO_VICTIM_ACTIVITY,,grid,full,1,8.0,,236,0,,,,500,236,0,0,0,0,0.0,0.0,0,21,0,10,11,61,0,0,3,0,0,0,0,0,1,0,,0,,,0,0,1,0,0,0,0,0,0,0,0,0,0,0,,0,0,,,,,,,,
G4226,725b71c1cc0ee253e1ded6ad893215af4c60653b54db5d315b68b9f0eced55d5,hardneg,NO_VICTIM_ACTIVITY,,grid,full,1,8.0,,236,0,,,,500,236,0,0,0,0,0.0,0.0,0,21,0,8,13,61,0,0,3,0,0,0,0,0,1,0,,0,,,0,0,1,0,0,0,0,0,0,0,0,0,0,0,,0,0,,,,,,,,
G4227,4c297471367b609864994a98595ea794441a949df46641ef5be212b232a364e3,hardneg,NO_VICTIM_ACTIVITY,,grid,full,1,8.0,,236,0,,,,500,236,0,0,0,0,0.0,0.0,0,23,0,10,13,61,0,0,3,0,0,0,0,0,1,0,,0,,,0,0,1,0,0,0,0,0,0,0,0,0,0,0,,0,0,,,,,,,,
G4228,386f017ad058e58e9530d0661995f9f19d9929b050e9680ee6b418411d0eb20a,hardneg,NO_VICTIM_ACTIVITY,,grid,full,1,8.0,,236,0,,,,500,236,0,0,0,0,0.0,0.0,0,20,0,7,13,61,0,0,3,0,0,0,0,0,1,0,,0,,,0,0,1,0,0,0,0,0,0,0,0,0,0,0,,0,0,,,,,,,,
G4229,b48ad85a83045e147d25c28956bc2b52aac7a22e72219fee49abd6374ed64fa9,hardneg,NO_VICTIM_ACTIVITY,,grid,full,1,8.0,,236,0,,,,500,236,0,0,0,0,0.0,0.0,0,21,0,8,13,61,0,0,3,0,0,0,0,0,1,0,,0,,,0,0,1,0,0,0,0,0,0,0,0,0,0,0,,0,0,,,,,,,,
G4230,f1279581765a0060e1b5a8fd0848a4aa4dc4af76d50f6530838286600cba5c62,hardneg,NO_VICTIM_ACTIVITY,,grid,full,1,8.0,,231,0,,,,500,231,0,0,0,0,0.0,0.0,0,21,0,8,13,63,0,0,3,0,0,0,0,0,1,0,,0,,,0,0,1,0,0,0,0,0,0,0,0,0,0,0,,0,0,,,,,,,,
G4231,4c2386af9924dfca971308705e0872fda3fd01ecd7a5e7013232b0d557cb3ef3,hardneg,NO_VICTIM_ACTIVITY,,grid,full,1,8.0,,231,0,,,,500,231,0,0,0,0,0.0,0.0,0,23,0,9,14,63,0,0,3,0,0,0,0,0,1,0,,1,0,0,0,0,1,0,0,0,0,0,0,0,0,0,0,0,,0,0,,,,,,,,
G4232,3b56f1b20c281f7b7b330cb3e903fc2707c2dea569f5fdab9042a32c74d7a54a,hardneg,NO_VICTIM_ACTIVITY,,grid,full,1,8.0,,231,0,,,,500,231,0,0,0,0,0.0,0.0,0,23,0,8,15,63,0,0,3,0,0,0,0,0,1,0,,0,,,0,0,1,0,0,0,0,0,0,0,0,0,0,0,,0,0,,,,,,,,
G4233,42f34626532149b2274bee224d8567875557b7091f2850d080ce0cd6ff2d8bc5,hardneg,NO_VICTIM_ACTIVITY,,grid,full,1,2.0,,233,0,,,,50,233,0,0,0,0,0.0,0.0,0,7,0,7,0,61,0,0,3,0,0,0,0,0,1,0,,0,,,0,0,1,0,0,0,0,0,0,0,0,0,0,0,,0,0,,,,,,,,
G4234,ccda2f5ad2dca1840d5ac90b9ee674fde8545ea2c3f4c5f84c094f8aad252608,hardneg,NO_VICTIM_ACTIVITY,,grid,full,1,2.0,,233,0,,,,50,233,0,0,0,0,0.0,0.0,0,10,0,10,0,61,0,0,3,0,0,0,0,0,1,0,,0,,,0,0,1,0,0,0,0,0,0,0,0,0,0,0,,0,0,,,,,,,,
G4235,b28370dddcc5840c0fa7f2720070195088578051ace31282749f64c9043cb3a7,hardneg,NO_VICTIM_ACTIVITY,,grid,full,1,2.0,,233,0,,,,50,233,0,0,0,0,0.0,0.0,0,7,0,7,0,61,0,0,3,0,0,0,0,0,1,0,,0,,,0,0,1,0,0,0,0,0,0,0,0,0,0,0,,0,0,,,,,,,,
G4236,ae27c13aba0d8b8279bf335aac5cb08589240b34fc29764057acc783efe09eb8,hardneg,NO_VICTIM_ACTIVITY,,grid,full,1,2.0,,233,0,,,,50,233,0,0,0,0,0.0,0.0,0,8,0,8,0,61,0,0,3,0,0,0,0,0,1,0,,0,,,0,0,1,0,0,0,0,0,0,0,0,0,0,0,,0,0,,,,,,,,
G4237,67ea00773b43d42cd25a3e4290bf0f200293c59dd5d6eece38ebea3ebdcc7768,hardneg,NO_VICTIM_ACTIVITY,,grid,full,1,2.0,,228,0,,,,50,228,0,0,0,0,0.0,0.0,0,12,0,12,0,63,0,0,3,0,0,0,0,0,1,0,,1,0,0,0,0,1,0,0,0,0,0,0,0,0,0,0,0,,0,0,,,,,,,,
G4238,9e6d7e3731b8ee142f0679125dd21151c4315c5bc3f0f77e1255c2757a3785f9,hardneg,NO_VICTIM_ACTIVITY,,grid,full,1,2.0,,228,0,,,,50,228,0,0,0,0,0.0,0.0,0,7,0,7,0,63,0,0,3,0,0,0,0,0,1,0,,21,0,0,0,0,1,0,0,0,0,0,0,0,0,0,0,0,,0,0,,,,,,,,
G4239,2d3d2a6a2a8f8bfb77f41ff8579bd27999936b981a5be683d2e95245cf87cb72,hardneg,NO_VICTIM_ACTIVITY,,grid,full,1,7.0,,1548,0,,,,0,1548,1356,0,0,0,0.875968992248062,0.0,3,29,0,7,22,75,2,0,2,0,0,0,1,1,3,2,,0,,,1,0,0,0,0,0,0,0,0,0,0,0,0,0,,0,0,,,,,,,,
G4240,1def4e90033c5ddd924336ea4530d106472fc2930beede8bc3afd8778f7a6011,hardneg,NO_VICTIM_ACTIVITY,,grid,full,1,7.0,,1548,0,,,,0,1548,1356,0,0,0,0.875968992248062,0.0,3,27,0,4,23,75,2,0,2,0,0,0,1,1,3,2,,0,,,1,0,0,0,0,0,0,0,0,0,0,0,0,0,,0,0,,,,,,,,
G4241,3a06c01c364ac2123e7786764af80f2a323565ed1cd4c9d9a297bc1a52dd1354,hardneg,NO_VICTIM_ACTIVITY,,grid,full,1,7.0,,1548,0,,,,0,1548,1356,0,0,0,0.875968992248062,0.0,3,27,0,4,23,61,0,0,2,0,0,0,0,0,1,0,,0,,,0,0,1,0,0,0,0,0,0,0,0,0,0,0,,0,0,,,,,,,,
G4242,1096cc8271f2b22f73b59fe33b4ed73444a93966ea0a90de065bdaea5221512d,hardneg,NO_VICTIM_ACTIVITY,,grid,full,1,7.0,,1548,0,,,,0,1548,1356,0,0,0,0.875968992248062,0.0,3,27,0,6,21,61,0,0,2,0,0,0,0,0,1,0,,0,,,0,0,1,0,0,0,0,0,0,0,0,0,0,0,,0,0,,,,,,,,
G4243,15e450a51249a95a5424d18ca51d6c665e370aed12d57e19e60e80bdfa7f5f22,hardneg,NO_VICTIM_ACTIVITY,,grid,full,1,7.0,,482,0,,,,0,482,297,0,0,0,0.6161825726141079,0.0,3,26,0,6,20,63,0,0,2,0,0,0,0,0,1,0,,0,,,0,0,1,0,0,0,0,0,0,0,0,0,0,0,,0,0,,,,,,,,
G4244,7d52c3b76c2220c9acc848f23090cd0be74530af673ae09ee819d1aef46d2b8b,hardneg,NO_VICTIM_ACTIVITY,,grid,full,1,7.0,,503,0,,,,0,503,318,0,0,0,0.6322067594433399,0.0,3,25,0,5,20,63,0,0,2,0,0,0,0,0,1,0,,0,,,0,0,1,0,0,0,0,0,0,0,0,0,0,0,,0,0,,,,,,,,
G4245,0e3c30a2e0faaaa124993092448976c4579cd127e9a72606b4acfe4332b46008,hardneg,NO_VICTIM_ACTIVITY,,grid,full,1,7.0,,497,0,,,,0,497,312,0,0,0,0.6277665995975855,0.0,3,25,0,5,20,63,0,0,2,0,0,0,0,0,1,0,,0,,,0,0,1,0,0,0,0,0,0,0,0,0,0,0,,0,0,,,,,,,,
G4246,744244cc822a8ce34b045851c32d657e76fb21db4458d9beff3c4219346d3157,hardneg,NO_VICTIM_ACTIVITY,,grid,full,1,7.0,,481,0,,,,0,481,297,0,0,0,0.6174636174636174,0.0,3,28,0,7,21,63,0,0,2,0,0,0,0,0,1,0,,0,,,0,0,1,0,0,0,0,0,0,0,0,0,0,0,,0,0,,,,,,,,
G4247,e72f04729a6d8a68ae801072e330cc9c0d8c32ae5016c3a50bdf427ad453c521,hardneg,NO_VICTIM_ACTIVITY,,grid,full,1,7.0,,491,0,,,,0,491,306,0,0,0,0.6232179226069247,0.0,3,28,0,6,22,63,0,0,2,0,0,0,0,0,1,0,,0,,,0,0,1,0,0,0,0,0,0,0,0,0,0,0,,0,0,,,,,,,,
G4248,ef98b1e24acdd4dfd4ac0281bb24f0f25b65fa94903527c2911b6f20f2669962,hardneg,NO_VICTIM_ACTIVITY,,grid,full,1,7.0,,1548,0,,,,0,1548,1356,0,0,0,0.875968992248062,0.0,3,25,0,4,21,75,2,0,2,0,0,0,1,1,3,2,,0,,,1,0,0,0,0,0,0,0,0,0,0,0,0,0,,0,0,,,,,,,,
G4249,f7ba61ddcc7b39b674f6ae117e71b54edfab3ce2cecdaad013cb6597aea23a64,hardneg,NO_VICTIM_ACTIVITY,,grid,full,1,7.0,,1548,0,,,,0,1548,1356,0,0,0,0.875968992248062,0.0,3,25,0,5,20,61,0,0,2,0,0,0,0,0,1,0,,0,,,0,0,1,0,0,0,0,0,0,0,0,0,0,0,,0,0,,,,,,,,
G4250,8c12d03417dd5e2a869a4f9c95a825282fec6f871137a99b2dc15b700259b1d4,hardneg,NO_VICTIM_ACTIVITY,,grid,full,1,7.0,,1548,0,,,,0,1548,1356,0,0,0,0.875968992248062,0.0,3,27,0,5,22,61,0,0,2,0,0,0,0,0,1,0,,0,,,0,0,1,0,0,0,0,0,0,0,0,0,0,0,,0,0,,,,,,,,
G4251,08d70a70e9baa6d46ce646d959bd647f113077aa39a8b926eacedc9e99152829,hardneg,NO_VICTIM_ACTIVITY,,grid,full,1,7.0,,1548,0,,,,0,1548,1356,0,0,0,0.875968992248062,0.0,3,29,0,6,23,61,0,0,2,0,0,0,0,0,1,0,,0,,,0,0,1,0,0,0,0,0,0,0,0,0,0,0,,0,0,,,,,,,,
G4252,f2ded2481590462b8a7dcbdc3b91f81f1f346efac05d8dcc8a35cc756e454165,hardneg,NO_VICTIM_ACTIVITY,,grid,full,1,7.0,,1548,0,,,,0,1548,1356,0,0,0,0.875968992248062,0.0,3,26,0,4,22,61,0,0,2,0,0,0,0,0,1,0,,0,,,0,0,1,0,0,0,0,0,0,0,0,0,0,0,,0,0,,,,,,,,
G4253,6934b852654539f5730552482682046392fac6f63143f18d58c57d107d92ebd2,hardneg,NO_VICTIM_ACTIVITY,,grid,full,1,7.0,,1548,0,,,,0,1548,1356,0,0,0,0.875968992248062,0.0,3,27,0,6,21,61,0,0,2,0,0,0,0,0,1,0,,0,,,0,0,1,0,0,0,0,0,0,0,0,0,0,0,,0,0,,,,,,,,
G4254,08efba007244859cfd2f91449fb31d8bd803717690a51f5d0bd81a997c6f1782,hardneg,NO_VICTIM_ACTIVITY,,grid,full,1,7.0,,863,0,,,,0,863,678,0,0,0,0.7856315179606026,0.0,3,34,0,6,28,63,0,0,2,0,0,0,0,0,1,0,,0,,,0,0,1,0,0,0,0,0,0,0,0,0,0,0,,0,0,,,,,,,,
G4255,9817a1e360efae166211cb54e6e07f5183d299a4baa94f2848ba46da02aee267,hardneg,NO_VICTIM_ACTIVITY,,grid,full,1,7.0,,866,0,,,,0,866,681,0,0,0,0.7863741339491916,0.0,3,35,0,4,31,63,0,0,2,0,0,0,0,0,1,0,,0,,,0,0,1,0,0,0,0,0,0,0,0,0,0,0,,0,0,,,,,,,,
G4256,39770e0b6953d19df69cdb60844d6783c32b5bfb95fc0f13984d003af95914e9,hardneg,NO_VICTIM_ACTIVITY,,grid,full,1,7.0,,890,0,,,,0,890,705,0,0,0,0.7921348314606742,0.0,3,40,0,6,34,63,0,0,2,0,0,0,0,0,1,0,,0,,,0,0,1,0,0,0,0,0,0,0,0,0,0,0,,0,0,,,,,,,,
G4257,fde2318c930cb9c9e4242775ec9f86151973d98d0fcb26140fd8b2777eb3097a,hardneg,NO_VICTIM_ACTIVITY,,grid,full,1,7.0,,788,0,,,,0,788,600,0,0,0,0.7614213197969543,0.0,3,18,0,4,14,75,2,0,2,0,0,0,1,1,3,2,,0,,,1,0,0,0,0,0,0,0,0,0,0,0,0,0,,0,0,,,,,,,,
G4258,39e6765f6fb6970fcda096c895dad1eda5c102a8978aaaa95d9c4405ef531cd7,hardneg,NO_VICTIM_ACTIVITY,,grid,full,1,7.0,,788,0,,,,0,788,600,0,0,0,0.7614213197969543,0.0,3,18,0,6,12,61,0,0,2,0,0,0,0,0,1,0,,0,,,0,0,1,0,0,0,0,0,0,0,0,0,0,0,,0,0,,,,,,,,
G4259,80dcd4e20a957665d80eee81ebe5cfcafdba785e031bacf468d24ac91f490144,hardneg,NO_VICTIM_ACTIVITY,,grid,full,1,7.0,,788,0,,,,0,788,600,0,0,0,0.7614213197969543,0.0,3,18,0,4,14,61,0,0,2,0,0,0,0,0,1,0,,0,,,0,0,1,0,0,0,0,0,0,0,0,0,0,0,,0,0,,,,,,,,
G4260,9a4e169c0e4b18da735fb411f0d21d2bc29e3b19814333d9b97c5d87539f20be,hardneg,NO_VICTIM_ACTIVITY,,grid,full,1,7.0,,265,0,,,,0,265,84,0,0,0,0.3169811320754717,0.0,3,14,0,4,10,63,0,0,2,0,0,0,0,0,1,0,,0,,,0,0,1,0,0,0,0,0,0,0,0,0,0,0,,0,0,,,,,,,,
G4261,4aa7a14d941dfdafc3ea2b9e306805d45d1ed576ade4365a218ab2fbb9945656,hardneg,NO_VICTIM_ACTIVITY,,grid,full,1,7.0,,274,0,,,,0,274,93,0,0,0,0.33941605839416056,0.0,3,14,0,4,10,63,0,0,2,0,0,0,0,0,1,0,,0,,,0,0,1,0,0,0,0,0,0,0,0,0,0,0,,0,0,,,,,,,,
G4262,18668e452623e3230101ed47776846a41fcbb2f303176879224873b3c25c9ad4,hardneg,NO_VICTIM_ACTIVITY,,grid,full,1,7.0,,253,0,,,,0,253,72,0,0,0,0.2845849802371542,0.0,3,16,0,6,10,63,0,0,2,0,0,0,0,0,1,0,,0,,,0,0,1,0,0,0,0,0,0,0,0,0,0,0,,0,0,,,,,,,,
G4263,ae62eb1446b02687716502a9085d0586681422c55351ae88fbeebd5e8b00315b,hardneg,NO_VICTIM_ACTIVITY,,grid,full,1,7.0,,788,0,,,,0,788,600,0,0,0,0.7614213197969543,0.0,3,18,0,5,13,61,0,0,2,0,0,0,0,0,1,0,,0,,,0,0,1,0,0,0,0,0,0,0,0,0,0,0,,0,0,,,,,,,,
G4264,70fa3a6973c8faf31825759c20cdfc8e49efe07e007fe4adc6014da9c79bf66a,hardneg,NO_VICTIM_ACTIVITY,,grid,full,1,7.0,,788,0,,,,0,788,600,0,0,0,0.7614213197969543,0.0,3,18,0,4,14,61,0,0,2,0,0,0,0,0,1,0,,0,,,0,0,1,0,0,0,0,0,0,0,0,0,0,0,,0,0,,,,,,,,
G4265,9951120a76f3d15f5494070be26816586ea1fdadf9cdf7521490c1fc00b978c1,hardneg,NO_VICTIM_ACTIVITY,,grid,full,1,7.0,,788,0,,,,0,788,600,0,0,0,0.7614213197969543,0.0,3,19,0,5,14,61,0,0,2,0,0,0,0,0,1,0,,0,,,0,0,1,0,0,0,0,0,0,0,0,0,0,0,,0,0,,,,,,,,
G4266,425983d33fad99980a62a0ac3c5ad70d0eb333d2eb6abf17ce879b4364c800c7,hardneg,NO_VICTIM_ACTIVITY,,grid,full,1,7.0,,788,0,,,,0,788,600,0,0,0,0.7614213197969543,0.0,3,21,0,6,15,61,0,0,2,0,0,0,0,0,1,0,,0,,,0,0,1,0,0,0,0,0,0,0,0,0,0,0,,0,0,,,,,,,,
G4267,a6e33df3002511e71ecf0a60cf4e3ef15f9e7f1dcc7d0de8c1319ea30cdd09b1,hardneg,NO_VICTIM_ACTIVITY,,grid,full,1,7.0,,788,0,,,,0,788,600,0,0,0,0.7614213197969543,0.0,3,211,0,4,207,61,0,0,2,0,0,0,0,0,1,0,,0,,,0,0,1,0,0,0,0,0,0,0,0,0,0,0,,0,0,,,,,,,,
G4268,7e176041ce0e3bbc669873f78a25e0aeebea7bb3d83233c6fd5daa9ed0d7d725,hardneg,NO_VICTIM_ACTIVITY,,grid,full,1,7.0,,788,0,,,,0,788,600,0,0,0,0.7614213197969543,0.0,3,214,0,7,207,61,0,0,2,0,0,0,0,0,1,0,,0,,,0,0,1,0,0,0,0,0,0,0,0,0,0,0,,0,0,,,,,,,,
G4269,4d82e1a6df53cf35a0e45ce56854685536f6976c272d63529dce9ca724a93e58,hardneg,NO_VICTIM_ACTIVITY,,grid,full,1,7.0,,788,0,,,,0,788,600,0,0,0,0.7614213197969543,0.0,3,218,0,10,208,61,0,0,2,0,0,0,0,0,1,0,,0,,,0,0,1,0,0,0,0,0,0,0,0,0,0,0,,0,0,,,,,,,,
G4270,13d4a09c561553ea158402b6352da1f31f67ccbbeece67ea1d3e266d8ecacdd0,hardneg,NO_VICTIM_ACTIVITY,,grid,full,1,7.0,,788,0,,,,0,788,600,0,0,0,0.7614213197969543,0.0,3,28,0,5,23,61,0,0,2,0,0,0,0,0,1,0,,0,,,0,0,1,0,0,0,0,0,0,0,0,0,0,0,,0,0,,,,,,,,
G4271,bce8813c004dac89b8ffd64f970556e9b90be04355c2acf58ea78cd1ef2f4a66,hardneg,NO_VICTIM_ACTIVITY,,grid,full,1,7.0,,788,0,,,,0,788,600,0,0,0,0.7614213197969543,0.0,3,26,0,5,21,61,0,0,2,0,0,0,0,0,1,0,,0,,,0,0,1,0,0,0,0,0,0,0,0,0,0,0,,0,0,,,,,,,,
G4272,7f27556806ac5facd939a92c7a97629521d5edc59b266b8903ee3005cc47319f,hardneg,NO_VICTIM_ACTIVITY,,grid,full,1,7.0,,788,0,,,,0,788,600,0,0,0,0.7614213197969543,0.0,3,29,0,6,23,61,0,0,2,0,0,0,0,0,1,0,,0,,,0,0,1,0,0,0,0,0,0,0,0,0,0,0,,0,0,,,,,,,,
G4273,a117999b30e6152cd94251e252840b211ae0486fcf9aa7a1af4caf359bee73be,hardneg,NO_VICTIM_ACTIVITY,,grid,full,1,7.0,,788,0,,,,0,788,600,0,0,0,0.7614213197969543,0.0,3,28,0,5,23,61,0,0,2,0,0,0,0,0,1,0,,0,,,0,0,1,0,0,0,0,0,0,0,0,0,0,0,,0,0,,,,,,,,
G4274,e4071ceba96150f69407d3468410ce96214dc1a4ccf3229f60872e58a9738c0b,hardneg,NO_VICTIM_ACTIVITY,,grid,full,1,8.0,,788,0,,,,0,788,600,0,0,0,0.7614213197969543,0.0,3,186,0,8,178,62,0,0,2,0,0,0,0,0,1,0,,0,,,0,0,1,0,0,0,0,0,0,0,0,0,0,0,,0,0,,,,,,,,
G4275,5732d1ea83e9dd4d745cf470cc361aa85b0003f416c7372e77e92247e41d6d72,hardneg,NO_VICTIM_ACTIVITY,,grid,full,1,8.0,,788,0,,,,0,788,600,0,0,0,0.7614213197969543,0.0,3,178,0,4,174,62,0,0,2,0,0,0,0,0,1,0,,0,,,0,0,1,0,0,0,0,0,0,0,0,0,0,0,,0,0,,,,,,,,
G4276,6dfe1ce82d5738e0cb182938ab48de467e9adf0f473c1c635218c19705cb1b11,hardneg,NO_VICTIM_ACTIVITY,,grid,full,1,8.0,,788,0,,,,0,788,600,0,0,0,0.7614213197969543,0.0,3,190,0,7,183,62,0,0,2,0,0,0,0,0,1,0,,0,,,0,0,1,0,0,0,0,0,0,0,0,0,0,0,,0,0,,,,,,,,
G4277,44d5af766fbf7aeeea4d4aa4f1c5465bbf1535a11410cd3a34f17c871eaff4af,hardneg,NO_VICTIM_ACTIVITY,,grid,full,1,7.0,,1546,0,,,,0,1546,1356,0,0,0,0.8771021992238034,0.0,3,28,0,5,23,75,2,0,2,0,0,0,1,1,3,2,,0,,,1,0,0,0,0,0,0,0,0,0,0,0,0,0,,0,0,,,,,,,,
G4278,a2046785fcaa77e4162bae6249533eec7077c7c413f998e51fdf4419e4859560,hardneg,NO_VICTIM_ACTIVITY,,grid,full,1,7.0,,1546,0,,,,0,1546,1356,0,0,0,0.8771021992238034,0.0,3,33,0,6,27,75,2,0,2,0,0,0,1,1,3,2,,0,,,1,0,0,0,0,0,0,0,0,0,0,0,0,0,,0,0,,,,,,,,
G4279,208919d079ea4ebd83e8a882b9732228208f89499f8b21d9e5b6c6c833b6475a,hardneg,NO_VICTIM_ACTIVITY,,grid,full,1,7.0,,1546,0,,,,0,1546,1356,0,0,0,0.8771021992238034,0.0,3,29,0,4,25,61,0,0,2,0,0,0,0,0,1,0,,0,,,0,0,1,0,0,0,0,0,0,0,0,0,0,0,,0,0,,,,,,,,
G4280,c5aec21cf2c89bf53240f0161b5045a35f3e4bd70cf7e042ca1cf9266a56de3c,hardneg,NO_VICTIM_ACTIVITY,,grid,full,1,7.0,,1546,0,,,,0,1546,1356,0,0,0,0.8771021992238034,0.0,3,28,0,4,24,61,0,0,2,0,0,0,0,0,1,0,,0,,,0,0,1,0,0,0,0,0,0,0,0,0,0,0,,0,0,,,,,,,,
G4281,16e4b99eb9daed49bd2e366c131a123c31f81f24e9d05320ad2d60c7eed91551,hardneg,NO_VICTIM_ACTIVITY,,grid,full,1,7.0,,1546,0,,,,0,1546,1356,0,0,0,0.8771021992238034,0.0,3,27,0,5,22,61,0,0,2,0,0,0,0,0,1,0,,0,,,0,0,1,0,0,0,0,0,0,0,0,0,0,0,,0,0,,,,,,,,
G4282,9a2e60a8830216ce22cbb11f2317384a4bc15c24e36a02148b292bcfd3e70e7d,hardneg,NO_VICTIM_ACTIVITY,,grid,full,1,7.0,,1546,0,,,,0,1546,1356,0,0,0,0.8771021992238034,0.0,3,28,0,7,21,61,0,0,2,0,0,0,0,0,1,0,,0,,,0,0,1,0,0,0,0,0,0,0,0,0,0,0,,0,0,,,,,,,,
G4283,9714943e0d99c838619e3e41af6bcad2b4da75363505779931cee72b1e9bd2c7,hardneg,NO_VICTIM_ACTIVITY,,grid,full,1,7.0,,372,0,,,,0,372,189,0,0,0,0.5080645161290323,0.0,3,28,0,7,21,63,0,0,2,0,0,0,0,0,1,0,,0,,,0,0,1,0,0,0,0,0,0,0,0,0,0,0,,0,0,,,,,,,,
G4284,17c808075bdf8ee21526d5b9a611b43bf5001a195fb55fa06ac7bb88df46970b,hardneg,NO_VICTIM_ACTIVITY,,grid,full,1,7.0,,381,0,,,,0,381,198,0,0,0,0.5196850393700787,0.0,3,21,0,5,16,63,0,0,2,0,0,0,0,0,1,0,,0,,,0,0,1,0,0,0,0,0,0,0,0,0,0,0,,0,0,,,,,,,,
G4285,93b6af20784dfb49775f4fce939aa0c3b2c8b2a6ac7bbb5abc9a49f486f952c0,hardneg,NO_VICTIM_ACTIVITY,,grid,full,1,7.0,,336,0,,,,0,336,150,0,0,0,0.44642857142857145,0.0,3,14,0,5,9,75,2,0,2,0,0,0,1,1,3,2,,0,,,1,0,0,0,0,0,0,0,0,0,0,0,0,0,,0,0,,,,,,,,
G4286,87976d766412f046ab6cae4f15ff16c9d227e81ca990c570d0af7d8ce19d003b,hardneg,NO_VICTIM_ACTIVITY,,grid,full,1,7.0,,336,0,,,,0,336,150,0,0,0,0.44642857142857145,0.0,3,11,0,5,6,61,0,0,2,0,0,0,0,0,1,0,,0,,,0,0,1,0,0,0,0,0,0,0,0,0,0,0,,0,0,,,,,,,,
G4287,5d80502e0711f152175f59bb2a8a05b33f16fc45aa427d70ace0cdbe8e3685bd,hardneg,NO_VICTIM_ACTIVITY,,grid,full,1,7.0,,336,0,,,,0,336,150,0,0,0,0.44642857142857145,0.0,3,11,0,3,8,61,0,0,2,0,0,0,0,0,1,0,,0,,,0,0,1,0,0,0,0,0,0,0,0,0,0,0,,0,0,,,,,,,,
G4288,72af8672f2fbf368b516c218f139ccb0b1e72db17a18f06a63eef311c696c060,hardneg,NO_VICTIM_ACTIVITY,,grid,full,1,7.0,,336,0,,,,0,336,150,0,0,0,0.44642857142857145,0.0,3,12,0,4,8,61,0,0,2,0,0,0,0,0,1,0,,0,,,0,0,1,0,0,0,0,0,0,0,0,0,0,0,,0,0,,,,,,,,
G4289,ab7bfe45a4e68ee73b4055343bd1643cab9e3f8754e79e11ea9a2fea3cebd19d,hardneg,NO_VICTIM_ACTIVITY,,grid,full,1,7.0,,336,0,,,,0,336,150,0,0,0,0.44642857142857145,0.0,3,11,0,3,8,61,0,0,2,0,0,0,0,0,1,0,,0,,,0,0,1,0,0,0,0,0,0,0,0,0,0,0,,0,0,,,,,,,,
G4290,4b03724739efb4ec46d09f2655727bb7247c916ef62474ea76587e0c2767ce3c,hardneg,NO_VICTIM_ACTIVITY,,grid,full,1,7.0,,197,0,,,,0,197,18,0,0,0,0.09137055837563451,0.0,3,9,0,6,3,63,0,0,2,0,0,0,0,0,1,0,,0,,,0,0,1,0,0,0,0,0,0,0,0,0,0,0,,0,0,,,,,,,,
G4291,bfec24a3ded5a8b6aebe3f91869de419683bed196d28eecbfeb359435efec398,hardneg,NO_VICTIM_ACTIVITY,,grid,full,1,2.0,,186,0,,,,0,186,9,0,0,0,0.04838709677419355,0.0,3,11,0,9,2,63,0,0,2,0,0,0,0,0,1,0,,0,,,0,0,1,0,0,0,0,0,0,0,0,0,0,0,,0,0,,,,,,,,
G4292,7c49456c7e0c20edad285ac59f2f2863ead88ba58dad6cea045eeb7a57b19bc3,hardneg,NO_VICTIM_ACTIVITY,,grid,full,1,7.0,,209,0,,,,0,209,30,0,0,0,0.14354066985645933,0.0,3,11,0,6,5,63,0,0,2,0,0,0,0,0,1,0,,0,,,0,0,1,0,0,0,0,0,0,0,0,0,0,0,,0,0,,,,,,,,
G4293,f764be8e903a2f06b8c77c32087e7c977b9e4a2e4a1d4e5bf840eeccd8a0d57e,hardneg,NO_VICTIM_ACTIVITY,,grid,full,1,2.0,,186,0,,,,0,186,9,0,0,0,0.04838709677419355,0.0,3,8,0,5,3,63,0,0,2,0,0,0,0,0,1,0,,0,,,0,0,1,0,0,0,0,0,0,0,0,0,0,0,,0,0,,,,,,,,
G4294,6a832de0736073e7bfe7934d27b36d993176f6054e1fa3292eafd84869d16120,hardneg,NO_VICTIM_ACTIVITY,,grid,full,1,7.0,,199,0,,,,0,199,21,0,0,0,0.10552763819095477,0.0,3,9,0,5,4,63,0,0,2,0,0,0,0,0,1,0,,0,,,0,0,1,0,0,0,0,0,0,0,0,0,0,0,,0,0,,,,,,,,
G4295,f0f16a00d5c62b39ebe519b96125c7011db25d160a249d3d85c3ffd2e4dffaaf,hardneg,TRUE_ENCRYPTION,,grid,full,1,2.0,,188,0,,,,0,188,0,1000,0,0,0.0,5.319148936170213,41,15,0,4,11,58,0,0,0,0,0,0,0,0,1,0,,0,,,0,0,1,0,0,0,0,0,0,0,0,0,0,0,,0,0,,,,,,,,
G4296,add81ec0b60d2f1c8ce89a402674cba81c8b873754c8ff33e14ec8606dbcaf3e,hardneg,TRUE_ENCRYPTION,,grid,full,1,2.0,,188,0,,,,0,188,0,1000,0,0,0.0,5.319148936170213,41,18,0,4,14,58,0,0,0,0,0,0,0,0,1,0,,0,,,0,0,1,0,0,0,0,0,0,0,0,0,0,0,,0,0,,,,,,,,
G4297,6e62ad4541c56eb3f0398270e96b4ee23e2a7ec4e80c18e1e7f9025053dadc58,hardneg,TRUE_ENCRYPTION,,grid,full,1,2.0,,188,0,,,,0,188,0,1000,0,0,0.0,5.319148936170213,41,18,0,4,14,58,0,0,0,0,0,0,0,0,1,0,,0,,,0,0,1,0,0,0,0,0,0,0,0,0,0,0,,0,0,,,,,,,,
G4298,3463376d08af1972c196a979c96d3c0605f2eadb3a05d5db92ed5c3cd1bee01e,hardneg,TRUE_ENCRYPTION,,grid,full,1,2.0,,188,0,,,,0,188,0,1000,0,0,0.0,5.319148936170213,41,15,0,3,12,58,0,0,0,0,0,0,0,0,1,0,,0,,,0,0,1,0,0,0,0,0,0,0,0,0,0,0,,0,0,,,,,,,,
G4299,695ff3e96fbb7924e2aebb3e57135972c78aec03a9248c139648df6e358aae69,hardneg,TRUE_ENCRYPTION,,grid,full,1,2.0,,188,0,,,,0,188,0,1000,0,0,0.0,5.319148936170213,41,16,0,3,13,58,0,0,0,0,0,0,0,0,1,0,,0,,,0,0,1,0,0,0,0,0,0,0,0,0,0,0,,0,0,,,,,,,,
G4300,996b9c6982c157ff34a9d69152b4d7f497d1e36e285816859cf7af206598ea28,hardneg,TRUE_ENCRYPTION,,grid,full,1,2.0,,182,0,,,,0,182,0,1000,0,0,0.0,5.4945054945054945,45,19,0,4,15,60,0,0,0,0,0,0,0,0,1,0,,0,,,0,0,1,0,0,0,0,0,0,0,0,0,0,0,,0,0,,,,,,,,
G4301,7891be72318fbf2656bf0012defbb8d9b4d28763492b7378114a1cdda9f330f7,hardneg,TRUE_ENCRYPTION,,grid,full,1,2.0,,182,0,,,,0,182,0,1000,0,0,0.0,5.4945054945054945,42,22,0,6,16,60,0,0,0,0,0,0,0,0,1,0,,0,,,0,0,1,0,0,0,0,0,0,0,0,0,0,0,,0,0,,,,,,,,
G4302,9369dc5bb991c21bc4aa2fb96a28318d373a39a7569cf187412f706feabfd7b4,hardneg,TRUE_ENCRYPTION,,grid,full,1,2.0,,182,0,,,,0,182,0,1000,0,0,0.0,5.4945054945054945,45,19,0,4,15,60,0,0,0,0,0,0,0,0,1,0,,0,,,0,0,1,0,0,0,0,0,0,0,0,0,0,0,,0,0,,,,,,,,
G4303,f0954f811f0b76ff9b5eb251362d91785690092ea518d93c00f5899dd563372c,hardneg,TRUE_ENCRYPTION,,grid,full,1,2.0,,188,0,,,,0,188,0,2000,0,0,0.0,10.638297872340425,46,23,0,5,18,58,0,0,0,0,0,0,0,0,1,0,,0,,,0,0,1,0,0,0,0,0,0,0,0,0,0,0,,0,0,,,,,,,,
G4304,cacb850bd589de401e6ed3e53c80572db616e2182ba7b821ccfed3015baf8745,hardneg,TRUE_ENCRYPTION,,grid,full,1,2.0,,188,0,,,,0,188,0,2000,0,0,0.0,10.638297872340425,46,18,0,3,15,58,0,0,0,0,0,0,0,0,1,0,,0,,,0,0,1,0,0,0,0,0,0,0,0,0,0,0,,0,0,,,,,,,,
G4305,812ab5a6a535f81ed82cabb42435d887e35a58ef746cc697b19195781604bf73,hardneg,TRUE_ENCRYPTION,,grid,full,1,2.0,,183,0,,,,0,183,0,2000,0,0,0.0,10.92896174863388,49,25,0,4,21,60,0,0,0,0,0,0,0,0,1,0,,0,,,0,0,1,0,0,0,0,0,0,0,0,0,0,0,,0,0,,,,,,,,
G4306,f199e5b1a5c0391c917979713607b0c4a12b59c2362dcc2f4767f50aac75a714,hardneg,TRUE_ENCRYPTION,,grid,full,1,2.0,,183,0,,,,0,183,0,2000,0,0,0.0,10.92896174863388,50,25,0,5,20,60,0,0,0,0,0,0,0,0,1,0,,0,,,0,0,1,0,0,0,0,0,0,0,0,0,0,0,,0,0,,,,,,,,
G4307,6e019518046ba1a80f28270518073304b3d37e0614bb6cc546c97e397abd3fe7,hardneg,TRUE_ENCRYPTION,,grid,full,1,2.0,,186,0,,,,0,186,0,200,0,0,0.0,1.075268817204301,19,13,0,6,7,58,0,0,0,0,0,0,0,0,1,0,,0,,,0,0,1,0,0,0,0,0,0,0,0,0,0,0,,0,0,,,,,,,,
G4308,beb847044b23a4ca9491722fbe0c3c8bedcb3b593968295dda6f648a6d49d886,hardneg,TRUE_ENCRYPTION,,grid,full,1,2.0,,186,0,,,,0,186,0,200,0,0,0.0,1.075268817204301,19,9,0,3,6,58,0,0,0,0,0,0,0,0,1,0,,0,,,0,0,1,0,0,0,0,0,0,0,0,0,0,0,,0,0,,,,,,,,
G4309,33a09e6495e08dc3d9f3a758868b67a3efbde1d0ebc49ac0632bbe7c2425ce67,hardneg,TRUE_ENCRYPTION,,grid,full,1,2.0,,186,0,,,,0,186,0,200,0,0,0.0,1.075268817204301,19,12,0,4,8,58,0,0,0,0,0,0,0,0,1,0,,0,,,0,0,1,0,0,0,0,0,0,0,0,0,0,0,,0,0,,,,,,,,
G4310,85512b0d51ca31e42014c408cb74606243acd5c63fe4dbd42d53308ecba1c1ad,hardneg,TRUE_ENCRYPTION,,grid,full,1,2.0,,180,0,,,,0,180,0,200,0,0,0.0,1.1111111111111112,16,10,0,5,5,60,0,0,0,0,0,0,0,0,1,0,,0,,,0,0,1,0,0,0,0,0,0,0,0,0,0,0,,0,0,,,,,,,,
G4311,983f573a0d3b14f3d001be9f06a64e5d4db25c60b7a67a8689fd2eb178c6d52b,hardneg,TRUE_ENCRYPTION,,grid,full,1,2.0,,180,0,,,,0,180,0,200,0,0,0.0,1.1111111111111112,20,14,0,7,7,60,0,0,0,0,0,0,0,0,1,0,,0,,,0,0,1,0,0,0,0,0,0,0,0,0,0,0,,0,0,,,,,,,,
G4312,3f6edb70ab2e8652440b61ee4a2b95ad9f486d5780249e457bc57c6969fca81f,hardneg,TRUE_ENCRYPTION,,grid,full,1,2.0,,186,0,,,,0,186,0,500,0,0,0.0,2.6881720430107525,35,14,0,6,8,58,0,0,0,0,0,0,0,0,1,0,,0,,,0,0,1,0,0,0,0,0,0,0,0,0,0,0,,0,0,,,,,,,,
G4313,b71d02934ee06f29be5a6b26647a4b393126acb1b38a25f6f618131dc6e895fa,hardneg,TRUE_ENCRYPTION,,grid,full,1,2.0,,180,0,,,,0,180,0,500,0,0,0.0,2.7777777777777777,28,13,0,3,10,60,0,0,0,0,0,0,0,0,1,0,,0,,,0,0,1,0,0,0,0,0,0,0,0,0,0,0,,0,0,,,,,,,,
G4314,2c245d991f0a1b1e8275dcdfada8741ff1b87fc36345524e753f9bec7b2cd361,hardneg,TRUE_ENCRYPTION,,grid,full,1,2.0,,180,0,,,,0,180,0,500,0,0,0.0,2.7777777777777777,29,18,0,5,13,60,0,0,0,0,0,0,0,0,1,0,,0,,,0,0,1,0,0,0,0,0,0,0,0,0,0,0,,0,0,,,,,,,,
G4315,bcee7eab378d9271da9517b1cc1394690c46fa19252aa083df0e1cab991765cf,hardneg,FAILED,,grid,static_only,1,2.0,,,,,,,,,,,,,,,,,,,,60,0,0,0,0,0,0,0,0,1,0,,0,,,,,,,,,,,,,,,,,,,,,,,,,,,
G4316,0b1506db1a1a96db02a9612749edb1efb42cffc9bc1c196383ff279ace2cedd5,hardneg,TRUE_ENCRYPTION,,grid,full,1,2.0,,183,0,,,,0,183,0,50,0,0,0.0,0.273224043715847,7,8,0,5,3,58,0,0,0,0,0,0,0,0,1,0,,0,,,0,0,1,0,0,0,0,0,0,0,0,0,0,0,,0,0,,,,,,,,
G4317,29bc90e1424a7f633f5873b45ed953fed3199ec26fb88ec0574a9c6f15026d9b,hardneg,TRUE_ENCRYPTION,,grid,full,1,2.0,,183,0,,,,0,183,0,50,0,0,0.0,0.273224043715847,7,8,0,4,4,58,0,0,0,0,0,0,0,0,1,0,,0,,,0,0,1,0,0,0,0,0,0,0,0,0,0,0,,0,0,,,,,,,,
G4318,b8d75f5160b00b74ad0a63007b442c57cc1e63d30232f8d5d7a1b341d9d83bd3,hardneg,TRUE_ENCRYPTION,,grid,full,1,2.0,,177,0,,,,0,177,0,50,0,0,0.0,0.2824858757062147,10,7,0,5,2,60,0,0,0,0,0,0,0,0,1,0,,0,,,0,0,1,0,0,0,0,0,0,0,0,0,0,0,,0,0,,,,,,,,
G4319,5b63fe92aa211cdfdadc11aeb310ce5d12c224f74666d6f7751f730d9a00f713,hardneg,TRUE_ENCRYPTION,,grid,full,1,2.0,,177,0,,,,0,177,0,50,0,0,0.0,0.2824858757062147,12,6,0,4,2,60,0,0,0,0,0,0,0,0,1,0,,0,,,0,0,1,0,0,0,0,0,0,0,0,0,0,0,,0,0,,,,,,,,
G4320,504a9b36ed29f1809a44dad5eedf6b0eaf942b470055dd6009ccedede2a4c4cb,hardneg,TRUE_ENCRYPTION,,grid,full,1,9.0,,646,7000,-0.013239330157697363,4.714616897137164,7.3122239122406505,1000,646,452,0,0,0,0.6996904024767802,0.0,32,52,30,6,16,70,4,0,3,0,0,0,0,0,1,1,,1231,2,1,0,0,1,0,0,0,0,0,0,0,0,0,0,0,,0,0,,,,,,,,
G4321,2c322611480620f39e5e166e2db3fb16692833d4a969805c3c541c3d300b2c87,hardneg,TRUE_ENCRYPTION,,grid,full,1,9.0,,646,7000,-0.04102642606916518,4.714616897137164,7.3122239122406505,1000,646,452,0,0,0,0.6996904024767802,0.0,32,59,34,6,19,70,4,0,3,0,0,0,0,0,1,1,,1231,2,1,0,0,1,0,0,0,0,0,0,0,0,0,0,0,,0,0,,,,,,,,
G4322,b7bfcddd9b792eef280aa984748610228ea0a2248f60e982b321e7150f9b5972,hardneg,TRUE_ENCRYPTION,,grid,full,1,9.0,,646,7000,0.016534669120016433,4.714616897137164,7.3122239122406505,1000,646,452,0,0,0,0.6996904024767802,0.0,32,56,32,5,19,70,4,0,3,0,0,0,0,0,1,1,,1231,2,1,0,0,1,0,0,0,0,0,0,0,0,0,0,0,,0,0,,,,,,,,
G4323,85e8cd55e5b53c1f99f46b74229641e831a8e36091e6305bcf35472ba1421c53,hardneg,TRUE_ENCRYPTION,,grid,full,1,10.0,WinosStager,299,6993,-0.11317609374101865,4.8711326951687495,7.332662764826717,1000,299,112,0,0,0,0.3745819397993311,0.0,18,66,50,12,4,72,4,0,3,0,0,0,0,0,1,1,,3923,3,2,0,0,1,0,0,0,0,0,0,0,0,0,0,0,,0,0,,,,,,,,
G4324,b3f33de009d3cbac39c67f00c2e3423c6c7971de42a6b9483eb9331c1da2f766,hardneg,TRUE_ENCRYPTION,,grid,full,1,9.0,,290,7000,-0.18666451923345714,4.884175751029098,7.342563427641414,1000,290,102,0,0,0,0.35172413793103446,0.0,17,72,49,8,15,72,4,0,3,0,0,0,0,0,1,1,,4692,3,2,0,0,1,0,0,0,0,0,0,0,0,0,0,0,,0,0,,,,,,,,
G4325,e48af7e134506bc37f200300a08e9634702e5fff2f329061838d4e243f07b41d,hardneg,TRUE_ENCRYPTION,,grid,full,1,9.0,,302,6993,-0.1443234057502224,4.883136198532341,7.3122239122406505,1000,302,115,0,0,0,0.38079470198675497,0.0,21,70,50,9,11,72,4,0,3,0,0,0,0,0,1,1,,5828,4,3,0,0,1,0,0,0,0,0,0,0,0,0,0,0,,0,0,,,,,,,,
G4326,38e0f9482792872810bbc0b4542ea9d76afb6ad32a32c282526c721102628da2,hardneg,TRUE_ENCRYPTION,,grid,full,1,9.0,,307,7000,-0.13562403694851996,4.8986038502520435,7.3122239122406505,1000,307,119,0,0,0,0.38762214983713356,0.0,13,75,55,12,8,72,4,0,3,0,0,0,0,0,1,1,,5365,3,2,0,0,1,0,0,0,0,0,0,0,0,0,0,0,,0,0,,,,,,,,
G4327,cae8918dad6e2927df6b547a75c6345d22cc9313a76e5e3ca63abd3af678b734,hardneg,TRUE_ENCRYPTION,,grid,full,1,9.0,,646,14000,-0.23399896527356734,4.767507965519207,7.3122239122406505,2000,646,452,0,0,0,0.6996904024767802,0.0,32,102,38,8,56,70,4,0,3,0,0,0,0,0,1,1,,1231,2,1,0,0,1,0,0,0,0,0,0,0,0,0,0,0,,0,0,,,,,,,,
G4328,4d59dd397e9905675df5711a8b4cefcb5c0763db1debc5dd27f1b9a40fbe23fe,hardneg,TRUE_ENCRYPTION,,grid,full,1,9.0,,645,13993,-0.2410125679302834,4.767831051822134,7.3122239122406505,1999,645,451,0,0,0,0.6992248062015504,0.0,31,105,40,8,57,70,4,0,3,0,0,0,0,0,1,1,,1231,2,1,0,0,1,0,0,0,0,0,0,0,0,0,0,0,,0,0,,,,,,,,
G4329,1bd190c9052fc5057d1cdf6a011910d0991c3eadc7177271eda204492e87f54a,hardneg,TRUE_ENCRYPTION,,grid,full,1,9.0,,646,14000,-0.2217554773801136,4.767507965519207,7.3122239122406505,2000,646,452,0,0,0,0.6996904024767802,0.0,32,91,36,5,50,70,4,0,3,0,0,0,0,0,1,1,,1231,2,1,0,0,1,0,0,0,0,0,0,0,0,0,0,0,,0,0,,,,,,,,
G4330,afa4bfbb4e02087f7f6d14517aa083621494ed352b78b08902e823ca8d20a221,hardneg,TRUE_ENCRYPTION,,grid,full,1,9.0,,646,14000,-0.16262790222892018,4.767507965519207,7.3122239122406505,2000,646,452,0,0,0,0.6996904024767802,0.0,32,97,37,6,54,70,4,0,3,0,0,0,0,0,1,1,,1231,2,1,0,0,1,0,0,0,0,0,0,0,0,0,0,0,,0,0,,,,,,,,
G4331,b8388097452586b680ff4a657c1c8d22ce6a27036664f5569a3644275418d07e,hardneg,TRUE_ENCRYPTION,,grid,full,1,9.0,,421,13993,-0.14440323314185632,4.846089414941753,7.342563427641414,2000,421,232,0,0,0,0.5510688836104513,0.0,24,108,93,7,8,72,4,0,3,0,0,0,0,0,1,1,,5101,3,2,0,0,1,0,0,0,0,0,0,0,0,0,0,0,,0,0,,,,,,,,
G4332,ce03cd5cbb8a899e317444a637d07a5cf1986535d6cea05b214e5121bac11ec8,hardneg,TRUE_ENCRYPTION,,grid,full,1,9.0,,421,13993,-0.08368911085377023,4.867634343578198,7.342563427641414,2000,421,232,0,0,0,0.5510688836104513,0.0,23,108,88,8,12,72,4,0,3,0,0,0,0,0,1,1,,6877,3,2,0,0,1,0,0,0,0,0,0,0,0,0,0,0,,0,0,,,,,,,,
G4333,618a092ada09760721f60a311bd62bb7382e2e6cd625f741cdcdbf0868d7eabf,hardneg,TRUE_ENCRYPTION,,grid,full,1,9.0,,414,14000,-0.09414294890187803,4.877113215044213,7.332416230900158,2000,414,225,0,0,0,0.5434782608695652,0.0,23,116,95,8,13,72,4,0,3,0,0,0,0,0,1,1,,4707,3,2,0,0,1,0,0,0,0,0,0,0,0,0,0,0,,0,0,,,,,,,,
G4334,200dfd4a794f5b05055bc9046eeaee012eb335da69b59da7e1be21866653ddd3,hardneg,TRUE_ENCRYPTION,,grid,full,1,9.0,,391,1400,0.3455036639651351,4.83448903257657,7.308733485734245,200,391,200,0,0,0,0.5115089514066496,0.0,19,27,20,6,1,70,4,0,3,0,0,0,0,0,1,1,,1231,2,1,0,0,1,0,0,0,0,0,0,0,0,0,0,0,,0,0,,,,,,,,
G4335,6eed444db1db126b759e0f20835a90c0ce4ea87b60cb5cd6f234f06e17d047aa,hardneg,TRUE_ENCRYPTION,,grid,full,1,9.0,,391,1400,0.25377516242595943,4.83448903257657,7.308733485734245,200,391,200,0,0,0,0.5115089514066496,0.0,19,27,21,6,0,70,4,0,3,0,0,0,0,0,1,1,,1231,2,1,0,0,1,0,0,0,0,0,0,0,0,0,0,0,,0,0,,,,,,,,
G4336,14e1818ad78a0cc75f588721dffddb454a6eb2f8633f275d89e60ac2959cded6,hardneg,TRUE_ENCRYPTION,,grid,full,1,9.0,,391,1400,0.35066417514210285,4.83448903257657,7.308733485734245,200,391,200,0,0,0,0.5115089514066496,0.0,19,25,20,5,0,70,4,0,3,0,0,0,0,0,1,1,,1231,2,1,0,0,1,0,0,0,0,0,0,0,0,0,0,0,,0,0,,,,,,,,
G4337,7cfb4047ec4e779e0977dfb5aa76829a9b78624c8e7a0b5a0671a17c0a5428b3,hardneg,TRUE_ENCRYPTION,,grid,full,1,7.0,,212,1400,-0.14596820565220373,4.888866059599589,7.258714319059093,200,212,28,0,0,0,0.1320754716981132,0.0,6,23,15,6,2,72,4,0,3,0,0,0,0,0,1,1,,4121,3,2,0,0,1,0,0,0,0,0,0,0,0,0,0,0,,0,0,,,,,,,,
G4338,0789363bbc616c918d996632d7aed7382f94a5f2322e4429831ef1bd2ed66a2e,hardneg,TRUE_ENCRYPTION,,grid,full,1,7.0,,205,1400,-0.030009161578875915,4.957348176597791,7.309398486252066,200,205,21,0,0,0,0.1024390243902439,0.0,6,25,12,10,3,72,4,0,3,0,0,0,0,0,1,1,,1878,4,3,0,0,1,0,0,0,0,0,0,0,0,0,0,0,,0,0,,,,,,,,
G4339,74bebc2773d7dde8b2cba8311f2637bff8afb4580272ec2d6b10923559f52ee9,hardneg,TRUE_ENCRYPTION,,grid,full,1,9.0,,203,1400,-0.18373580835692607,4.804682103893199,7.310323815358196,200,203,19,0,0,0,0.09359605911330049,0.0,8,20,10,6,4,72,4,0,3,0,0,0,0,0,1,1,,958,0,0,0,0,1,0,0,0,0,0,0,0,0,0,0,0,,0,0,,,,,,,,
G4340,1c5d1fd6082b46bfcba19f23864126f72e0a16db6d5adafaf45505bf3aa9a99b,hardneg,TRUE_ENCRYPTION,,grid,full,1,9.0,,643,3500,0.4951949356396334,4.71761021958928,7.308733485734245,500,643,452,0,0,0,0.702954898911353,0.0,32,37,29,8,0,70,4,0,3,0,0,0,0,0,1,1,,1231,2,1,0,0,1,0,0,0,0,0,0,0,0,0,0,0,,0,0,,,,,,,,
G4341,70d410d714848845383513d830d5127cf1cf6e3993ac225254ee240517cb415e,hardneg,TRUE_ENCRYPTION,,grid,full,1,9.0,,643,3500,0.38111221513772847,4.71761021958928,7.308733485734245,500,643,452,0,0,0,0.702954898911353,0.0,32,35,32,3,0,70,4,0,3,0,0,0,0,0,1,1,,1231,2,1,0,0,1,0,0,0,0,0,0,0,0,0,0,0,,0,0,,,,,,,,
G4342,fb9f94834aece25d3cf7cf61dde253bcbbf9facde44d86979277b10faf2fd9a4,hardneg,TRUE_ENCRYPTION,,grid,full,1,9.0,,643,3500,0.5209111497513016,4.71761021958928,7.308733485734245,500,643,452,0,0,0,0.702954898911353,0.0,32,37,31,6,0,70,4,0,3,0,0,0,0,0,1,1,,1231,2,1,0,0,1,0,0,0,0,0,0,0,0,0,0,0,,0,0,,,,,,,,
G4343,d3218ecaecdefba896913562a7510e833746177151de8c0fd2e71a13a62da839,hardneg,TRUE_ENCRYPTION,,grid,full,1,9.0,,643,3500,0.447748877296199,4.71761021958928,7.308733485734245,500,643,452,0,0,0,0.702954898911353,0.0,32,37,30,6,1,70,4,0,3,0,0,0,0,0,1,1,,1231,2,1,0,0,1,0,0,0,0,0,0,0,0,0,0,0,,0,0,,,,,,,,
G4344,66277619bec6e6b46e6f2c44c5f5fe31a4d8a3a5812262147a8aa719ca2e468c,hardneg,TRUE_ENCRYPTION,,grid,full,1,9.0,,643,3500,0.4440440288157807,4.71761021958928,7.308733485734245,500,643,452,0,0,0,0.702954898911353,0.0,32,41,34,6,1,70,4,0,3,0,0,0,0,0,1,1,,1231,2,1,0,0,1,0,0,0,0,0,0,0,0,0,0,0,,0,0,,,,,,,,
G4345,7560f673618daaaf5609b51b5284d36ec3a808504bc26e59bb538b8a5529bf9f,hardneg,TRUE_ENCRYPTION,,grid,full,1,7.0,,235,3500,-0.2515976588610681,4.861488323771787,7.285167904522252,500,235,51,0,0,0,0.2170212765957447,0.0,9,44,30,11,3,72,4,0,3,0,0,0,0,0,1,1,,5111,3,2,0,0,1,0,0,0,0,0,0,0,0,0,0,0,,0,0,,,,,,,,
G4346,bed8242873e4b61964a38acc02171e9cd35bd4cc7f68aea95c9d7e08737e2a6a,hardneg,TRUE_ENCRYPTION,,grid,full,1,10.0,WinosStager,236,3500,-0.12512759157116632,4.874229381670305,7.3122239122406505,500,236,52,0,0,0,0.22033898305084745,0.0,9,44,28,11,5,72,4,0,3,0,0,0,0,0,1,1,,4825,3,2,0,0,1,0,0,0,0,0,0,0,0,0,0,0,,0,0,,,,,,,,
G4347,ca3f89c2d873bf611c21d6f54fa4719da8e244fd0136b4a530bbd0edb5b5b639,hardneg,TRUE_ENCRYPTION,,grid,full,1,7.0,,248,3500,-0.17886186822592665,4.8564246873955845,7.3122239122406505,500,248,65,0,0,0,0.2620967741935484,0.0,11,44,30,5,9,72,4,0,3,0,0,0,0,0,1,1,,7516,3,2,0,0,1,0,0,0,0,0,0,0,0,0,0,0,,0,0,,,,,,,,
G4348,af3dcba7d0af0471d1ff9c0479cef967150ff74798b338357235f52953a1145a,hardneg,TRUE_ENCRYPTION,,grid,full,1,7.0,,236,3500,-0.20809479764126415,4.874110342578167,7.332416230900158,500,236,52,0,0,0,0.22033898305084745,0.0,11,59,32,13,14,72,4,0,3,0,0,0,0,0,1,1,,4638,3,2,0,0,1,0,0,0,0,0,0,0,0,0,0,0,,0,0,,,,,,,,
G4349,2d8859af614dfaebf671820711ddb0f3cf5b4d57ee99ecbce4295086670d5e5f,hardneg,TRUE_ENCRYPTION,,grid,full,1,7.0,,231,3500,-0.10813037326634646,4.888637176513123,7.30944954214431,500,231,47,0,0,0,0.20346320346320346,0.0,9,40,25,11,4,72,4,0,3,0,0,0,0,0,1,1,,3967,3,2,0,0,1,0,0,0,0,0,0,0,0,0,0,0,,0,0,,,,,,,,
G4350,9cdb09b4216fad0b18e908141fc6ae3e755238bb739886c0a76578f11536dc38,hardneg,TRUE_ENCRYPTION,,grid,full,1,9.0,,236,350,0.017014522698445646,5.07577598275318,7.308733485734245,50,236,50,0,0,0,0.211864406779661,0.0,7,18,11,7,0,70,4,0,3,0,0,0,0,0,1,1,,1231,2,1,0,0,1,0,0,0,0,0,0,0,0,0,0,0,,0,0,,,,,,,,
G4351,d6d1d172ca50029f5e0ba8bfceb784e050d569af2059c9d570691ce8e6080adb,hardneg,TRUE_ENCRYPTION,,grid,full,1,9.0,,236,350,0.08832856355584863,5.07577598275318,7.308733485734245,50,236,50,0,0,0,0.211864406779661,0.0,7,14,9,5,0,70,4,0,3,0,0,0,0,0,1,1,,1231,2,1,0,0,1,0,0,0,0,0,0,0,0,0,0,0,,0,0,,,,,,,,
G4352,90924d0ae3f9798c2143326615e9d37b28beb384d5cd61d47ffefde5cc493f61,hardneg,TRUE_ENCRYPTION,,grid,full,1,9.0,,235,350,-0.0583855232417534,5.07577598275318,7.308733485734245,50,235,50,0,0,0,0.2127659574468085,0.0,7,18,12,5,1,70,4,0,3,0,0,0,0,0,1,1,,1231,2,1,0,0,1,0,0,0,0,0,0,0,0,0,0,0,,0,0,,,,,,,,
G4353,e2977a2631f87185c8df36f836f545d0ca8187e012c802c5da99e5f6555b3bcb,hardneg,TRUE_ENCRYPTION,,grid,full,1,9.0,,236,350,0.041779274537283334,5.07577598275318,7.308733485734245,50,236,50,0,0,0,0.211864406779661,0.0,7,17,12,5,0,70,4,0,3,0,0,0,0,0,1,1,,1231,2,1,0,0,1,0,0,0,0,0,0,0,0,0,0,0,,0,0,,,,,,,,
G4354,94107e6b0eba2c78168b4e3378fc7aeb5d53b270f9241f5778ab209972d2cb4a,hardneg,NO_VICTIM_ACTIVITY,,grid,full,1,2.1999999999999997,,182,350,-0.0476197555418459,4.935871410088975,7.25669899766975,50,182,3,0,0,0,0.016483516483516484,0.0,3,16,3,11,2,72,4,0,3,0,0,0,0,0,1,1,,0,,,0,0,1,0,0,0,0,0,0,0,0,0,0,0,,0,0,,,,,,,,
G4355,563b68188513db937b27dee2f380486db3982a699c59553e1f90f057076fbfcf,hardneg,NO_VICTIM_ACTIVITY,,grid,full,1,2.1999999999999997,,184,350,-0.09355111500105981,4.824393829408233,7.249694531114784,50,184,5,0,0,0,0.02717391304347826,0.0,5,12,3,8,1,72,4,0,3,0,0,0,0,0,1,1,,307,1,0,0,0,1,0,0,0,0,0,0,0,0,0,0,0,,0,0,,,,,,,,
G4356,4da854202027bece4e221b1a0ddc1917f6009616191030a2ff920468fc9cacb7,hardneg,TRUE_ENCRYPTION,,grid,full,1,7.0,,192,350,0.031246820316966645,4.837910899726114,7.269517799459734,50,192,12,0,0,0,0.0625,0.0,6,14,6,8,0,72,4,0,3,0,0,0,0,0,1,1,,795,3,2,0,0,1,0,0,0,0,0,0,0,0,0,0,0,,0,0,,,,,,,,
G4357,a5e17e5a54c8a8f21b93a5a61cdfd66e8a77d3f2d7428303d3d866259abb890b,hardneg,NO_VICTIM_ACTIVITY,,grid,full,1,2.1999999999999997,,183,350,-0.03335867749085502,4.8990693189931696,7.285641370637554,50,183,4,0,0,0,0.02185792349726776,0.0,2,13,4,7,2,72,4,0,3,0,0,0,0,0,1,1,,0,,,0,0,1,0,0,0,0,0,0,0,0,0,0,0,,0,0,,,,,,,,
G4358,0fe7e77ab8d0e1c1036cf16a9d92fc636f2392ec6805a7128aba8c7407f586cd,hardneg,NO_VICTIM_ACTIVITY,,grid,full,1,9.0,,191,0,,,,1000,191,1000,0,0,0,5.2356020942408374,0.0,41,41,2,7,32,61,0,0,2,0,0,0,0,0,1,0,,1149,2,2,0,0,1,0,0,0,0,0,0,0,0,0,0,0,,0,0,,,,,,,,
G4359,aede12c46365949b5ce491d566a10cd5ff881452677b417c64363d780996f67c,hardneg,NO_VICTIM_ACTIVITY,,grid,full,1,9.0,,191,0,,,,1000,191,1000,0,0,0,5.2356020942408374,0.0,41,41,2,5,34,61,0,0,2,0,0,0,0,0,1,0,,1149,2,2,0,0,1,0,0,0,0,0,0,0,0,0,0,0,,0,0,,,,,,,,
G4360,5df97777f387d03185d7fc090453e47953c170530d2811a01f65927891b1a02f,hardneg,NO_VICTIM_ACTIVITY,,grid,full,1,9.0,,191,0,,,,1000,191,1000,0,0,0,5.2356020942408374,0.0,41,40,2,5,33,61,0,0,2,0,0,0,0,0,1,0,,1149,2,2,0,0,1,0,0,0,0,0,0,0,0,0,0,0,,0,0,,,,,,,,
G4361,fc39a91242d146ce93a92d757f9bd81681016e96c4d92fca26fcce0b165fd72c,hardneg,NO_VICTIM_ACTIVITY,,grid,full,1,9.0,,189,0,,,,1000,189,1000,0,0,0,5.291005291005291,0.0,41,40,2,5,33,61,0,0,2,0,0,0,0,0,1,0,,1149,2,2,0,0,1,0,0,0,0,0,0,0,0,0,0,0,,0,0,,,,,,,,
G4362,c2e90ea093cb550bdbe0ffbc9b203303affa181f94ff2eec47d0e4bf7c1345d1,hardneg,NO_VICTIM_ACTIVITY,,grid,full,1,9.0,,185,0,,,,1000,185,1000,0,0,0,5.405405405405405,0.0,40,53,2,6,45,63,0,0,2,0,0,0,0,0,1,0,,1924,3,3,0,0,1,0,0,0,0,0,0,0,0,0,0,0,,0,0,,,,,,,,
G4363,8b4e206473b370d9df0121c6a3d6b47f6384d8e5a059f749489d280ee1b5c279,hardneg,NO_VICTIM_ACTIVITY,,grid,full,1,9.0,,191,0,,,,2000,191,2000,0,0,0,10.471204188481675,0.0,46,83,1,8,74,61,0,0,2,0,0,0,0,0,1,0,,1149,2,2,0,0,1,0,0,0,0,0,0,0,0,0,0,0,,0,0,,,,,,,,
G4364,135ef33c518d3496497842a77a9f27b6cc1781ae2426546db9b68e083e7c887b,hardneg,NO_VICTIM_ACTIVITY,,grid,full,1,9.0,,191,0,,,,2000,191,2000,0,0,0,10.471204188481675,0.0,46,66,2,7,57,61,0,0,2,0,0,0,0,0,1,0,,1149,2,2,0,0,1,0,0,0,0,0,0,0,0,0,0,0,,0,0,,,,,,,,
G4365,f61dee5d1ca74a8b2bea31a1a11b2ab1c48826248c9a4dec52b6b287fdec9029,hardneg,NO_VICTIM_ACTIVITY,,grid,full,1,9.0,,191,0,,,,2000,191,2000,0,0,0,10.471204188481675,0.0,46,66,2,4,60,61,0,0,2,0,0,0,0,0,1,0,,1149,2,2,0,0,1,0,0,0,0,0,0,0,0,0,0,0,,0,0,,,,,,,,
G4366,0d8b3bbdf6f375176876d27e121bf48d65d4f8b142430f427ecc77d215365ebf,hardneg,NO_VICTIM_ACTIVITY,,grid,full,1,9.0,,191,0,,,,2000,191,2000,0,0,0,10.471204188481675,0.0,46,64,2,4,58,61,0,0,2,0,0,0,0,0,1,0,,1149,2,2,0,0,1,0,0,0,0,0,0,0,0,0,0,0,,0,0,,,,,,,,
G4367,c65c87f9d6eda06b1b33374bf49fad65f71c1de376e545b5367d7d68c11e05fb,hardneg,NO_VICTIM_ACTIVITY,,grid,full,1,9.0,,191,0,,,,2000,191,2000,0,0,0,10.471204188481675,0.0,46,60,2,5,53,61,0,0,2,0,0,0,0,0,1,0,,1149,2,2,0,0,1,0,0,0,0,0,0,0,0,0,0,0,,0,0,,,,,,,,
G4368,ff0adc79f826e8c12a6651318bcc13b6d35d92334d4a04c1412f36bd65167008,hardneg,NO_VICTIM_ACTIVITY,,grid,full,1,10.0,WinosStager,186,0,,,,2000,186,1999,0,0,0,10.74731182795699,0.0,58,70,2,7,61,63,0,0,2,0,0,0,0,0,1,0,,1765,1,1,0,0,1,0,0,0,0,0,0,0,0,0,0,0,,0,0,,,,,,,,
G4369,d7fac8bfa6ff603e6a5a028a7081b0d4e6140b7301a0a5a4df76dd5cd91cce31,hardneg,NO_VICTIM_ACTIVITY,,grid,full,1,9.0,,186,0,,,,2000,186,1999,0,0,0,10.74731182795699,0.0,55,72,2,6,64,63,0,0,2,0,0,0,0,0,1,0,,2278,3,3,0,0,1,0,0,0,0,0,0,0,0,0,0,0,,0,0,,,,,,,,
G4370,86e62c384b8ae6a80ad76b39f1f0a375d686550cfde9f65ceaa84daf064fa945,hardneg,NO_VICTIM_ACTIVITY,,grid,full,1,9.0,,186,0,,,,2000,186,1999,0,0,0,10.74731182795699,0.0,50,76,2,5,69,63,0,0,2,0,0,0,0,0,1,0,,2355,3,3,0,0,1,0,0,0,0,0,0,0,0,0,0,0,,0,0,,,,,,,,
G4371,4e8f4af7c3a6aaa6a2e87e3fa0c7796015ba505fea76c8fafc1742703931c769,hardneg,NO_VICTIM_ACTIVITY,,grid,full,1,9.0,,186,0,,,,2000,186,2000,0,0,0,10.75268817204301,0.0,55,76,2,7,67,63,0,0,2,0,0,0,0,0,1,0,,2780,4,4,0,0,1,0,0,0,0,0,0,0,0,0,0,0,,0,0,,,,,,,,
G4372,5907690edc9801622119d7308c1932bc5af1be933ba38d151ea24704bf142b4a,hardneg,NO_VICTIM_ACTIVITY,,grid,full,1,9.0,,188,0,,,,200,188,200,0,0,0,1.0638297872340425,0.0,19,22,0,6,16,61,0,0,2,0,0,0,0,0,1,0,,1149,2,2,0,0,1,0,0,0,0,0,0,0,0,0,0,0,,0,0,,,,,,,,
G4373,cc71c04bd0512996cf5b1e50b02cb58d828fd750b8e8bdf4d6c922a19386da29,hardneg,NO_VICTIM_ACTIVITY,,grid,full,1,9.0,,188,0,,,,200,188,200,0,0,0,1.0638297872340425,0.0,19,20,2,4,14,61,0,0,2,0,0,0,0,0,1,0,,1149,2,2,0,0,1,0,0,0,0,0,0,0,0,0,0,0,,0,0,,,,,,,,
G4374,c1e536b7f082fcde0f6840bc94b2710befdcc3b9b3d55723a5ce7850e9125d5f,hardneg,NO_VICTIM_ACTIVITY,,grid,full,1,9.0,,188,0,,,,200,188,200,0,0,0,1.0638297872340425,0.0,19,19,2,2,15,61,0,0,2,0,0,0,0,0,1,0,,1149,2,2,0,0,1,0,0,0,0,0,0,0,0,0,0,0,,0,0,,,,,,,,
G4375,e8da939767332cbe16cdf7abdb0612aafcdb8c54352d9e958f7f8b4a5825a48a,hardneg,NO_VICTIM_ACTIVITY,,grid,full,1,9.0,,181,0,,,,200,181,200,0,0,0,1.1049723756906078,0.0,21,24,1,5,18,63,0,0,2,0,0,0,0,0,1,0,,3194,2,2,0,0,1,0,0,0,0,0,0,0,0,0,0,0,,0,0,,,,,,,,
G4376,6d9f407f129cfeae9cb055d776cc44b69764c1d64b7359fc7cdfb408b4b8bd55,hardneg,NO_VICTIM_ACTIVITY,,grid,full,1,9.0,,188,0,,,,500,188,500,0,0,0,2.6595744680851063,0.0,35,31,2,4,25,61,0,0,2,0,0,0,0,0,1,0,,1149,2,2,0,0,1,0,0,0,0,0,0,0,0,0,0,0,,0,0,,,,,,,,
G4377,89d5960e341222228f5d7b1ea549ed3ff1b7ad8f4ef58049c3600466b99352f4,hardneg,NO_VICTIM_ACTIVITY,,grid,full,1,9.0,,188,0,,,,500,188,500,0,0,0,2.6595744680851063,0.0,35,27,1,5,21,61,0,0,2,0,0,0,0,0,1,0,,1149,2,2,0,0,1,0,0,0,0,0,0,0,0,0,0,0,,0,0,,,,,,,,
G4378,dcf752365e5bd8259646952cbcf46aa6676c55a67d00ddc79bdaa80941109be4,hardneg,NO_VICTIM_ACTIVITY,,grid,full,1,7.0,,182,0,,,,500,182,500,0,0,0,2.7472527472527473,0.0,32,32,1,6,25,63,0,0,2,0,0,0,0,0,1,0,,3301,3,3,0,0,1,0,0,0,0,0,0,0,0,0,0,0,,0,0,,,,,,,,
G4379,344fa684097353d9f41b774f7c8cc87d08669acb1723dc48c819376518bb7166,hardneg,NO_VICTIM_ACTIVITY,,grid,full,1,9.0,,182,0,,,,500,182,500,0,0,0,2.7472527472527473,0.0,28,33,2,5,26,63,0,0,2,0,0,0,0,0,1,0,,1650,3,3,0,0,1,0,0,0,0,0,0,0,0,0,0,0,,0,0,,,,,,,,
G4380,2698e126e10fca38cf8e8d104909cb247591802914d65939004098fa2c804d77,hardneg,NO_VICTIM_ACTIVITY,,grid,full,1,9.0,,182,0,,,,500,182,500,0,0,0,2.7472527472527473,0.0,31,35,2,5,28,63,0,0,2,0,0,0,0,0,1,0,,3208,3,3,0,0,1,0,0,0,0,0,0,0,0,0,0,0,,0,0,,,,,,,,
G4381,fb52b94e6c6cb548b90b7b99ee74c3994598edf0ec1b6973b10c11f446c9f4ee,hardneg,NO_VICTIM_ACTIVITY,,grid,full,1,9.0,,184,0,,,,50,184,50,0,0,0,0.2717391304347826,0.0,7,13,2,4,7,61,0,0,2,0,0,0,0,0,1,0,,1149,2,2,0,0,1,0,0,0,0,0,0,0,0,0,0,0,,0,0,,,,,,,,
G4382,0819274efe55f2accd0534ba098f4e458ea2aeb6d47370e26ad7654cd9a7cd8d,hardneg,NO_VICTIM_ACTIVITY,,grid,full,1,7.0,,178,0,,,,50,178,50,0,0,0,0.2808988764044944,0.0,12,14,1,5,8,63,0,0,2,0,0,0,0,0,1,0,,1884,3,3,0,0,1,0,0,0,0,0,0,0,0,0,0,0,,0,0,,,,,,,,
G4383,c578fd572961fa217ea042e4bc06adaf2db42c54ff9839bdd281ee9db3e85238,hardneg,NO_VICTIM_ACTIVITY,,grid,full,1,7.0,,178,0,,,,50,178,50,0,0,0,0.2808988764044944,0.0,10,15,2,7,6,63,0,0,2,0,0,0,0,0,1,0,,701,0,0,0,0,1,0,0,0,0,0,0,0,0,0,0,0,,0,0,,,,,,,,
G4384,39c5d423e4a9608e1617bd63863dec852102704c96cf96a62570b005681af7a2,hardneg,NO_VICTIM_ACTIVITY,,grid,full,1,7.0,,178,0,,,,50,178,50,0,0,0,0.2808988764044944,0.0,7,12,2,4,6,63,0,0,2,0,0,0,0,0,1,0,,1335,2,2,0,0,1,0,0,0,0,0,0,0,0,0,0,0,,0,0,,,,,,,,
G4385,6f639605a2553b94723fe0ee763bcde4693537a5460527893303b7a67882cfd7,hardneg,NO_VICTIM_ACTIVITY,,grid,full,1,7.0,,178,0,,,,50,178,50,0,0,0,0.2808988764044944,0.0,8,13,2,3,8,63,0,0,2,0,0,0,0,0,1,0,,891,0,0,0,0,1,0,0,0,0,0,0,0,0,0,0,0,,0,0,,,,,,,,
G4386,036f12264fb106e82dd2544c84e2c62bb6e2218916ab5a982073dafaa38740c7,hardneg,NO_VICTIM_ACTIVITY,,grid,full,1,0.3,,0,0,,,,500,0,0,0,0,0,,,0,12,0,0,12,47,0,0,2,0,0,0,0,0,0,0,boost,0,,,0,0,1,0,0,0,0,0,0,0,0,0,0,0,,0,0,,,,,,,,
G4387,7e2ecd5636c3b83a51ed54f8cd79d61046004006756a3ff81889e09378744338,hardneg,NO_VICTIM_ACTIVITY,,grid,full,1,0.3,,233,0,,,,2000,233,0,0,0,0,0.0,0.0,0,63,0,16,47,47,0,0,2,0,0,0,0,0,0,0,boost,0,,,0,0,1,0,0,0,0,0,0,0,0,0,0,0,,0,0,,,,,,,,
G4388,01538b4c6a287d6f68034ca53f3b4d116c3db04ba285e83a674653ef17329344,hardneg,NO_VICTIM_ACTIVITY,,grid,full,1,0.3,,180,0,,,,196,180,0,0,0,0,0.0,0.0,0,12,0,11,1,47,0,0,2,0,0,0,0,0,0,0,boost,82,0,0,0,0,1,0,0,0,0,0,0,0,0,0,0,0,,0,0,,,,,,,,
G4389,d6d20542d256afb3a4d108ac0cfbd1426a49f522622ca9d043ed8595f4faa4c7,hardneg,NO_VICTIM_ACTIVITY,,grid,full,1,0.3,,233,0,,,,498,233,0,0,0,0,0.0,0.0,0,18,0,15,3,47,0,0,2,0,0,0,0,0,0,0,boost,82,0,0,0,0,1,0,0,0,0,0,0,0,0,0,0,0,,0,0,,,,,,,,
G4390,16a9fb5f5444ee6853437b532bc972281405ba9e033c6cb8335134797b71f15f,hardneg,NO_VICTIM_ACTIVITY,,grid,full,1,0.3,,49,0,,,,50,49,0,0,0,0,0.0,0.0,0,4,0,4,0,47,0,0,2,0,0,0,0,0,0,0,boost,82,0,0,0,0,1,0,0,0,0,0,0,0,0,0,0,0,,0,0,,,,,,,,
G4391,fd6e563a3c623b8b3706201d654f4b4eba33b1c4d2099d86721a73484c48a4d2,hardneg,NO_VICTIM_ACTIVITY,,grid,full,1,0.3,,450,0,,,,1997,450,0,0,0,0,0.0,0.0,0,65,0,23,42,47,0,0,2,0,0,0,0,0,0,0,boost,82,0,0,0,0,1,0,0,0,0,0,0,0,0,0,0,0,,0,0,,,,,,,,
G4392,4538eedfac66ceb6cccdf5bf4cd9384ca0eebddc13bd3610e86d868ee3645ef4,hardneg,NO_VICTIM_ACTIVITY,,grid,full,1,0.3,,449,0,,,,1997,449,0,0,0,0,0.0,0.0,0,66,0,21,45,47,0,0,2,0,0,0,0,0,0,0,boost,82,0,0,0,0,1,0,0,0,0,0,0,0,0,0,0,0,,0,0,,,,,,,,
G4393,9b14e41faae0a68f9d2016a99ffd15ca7df490c69c7478f41f94f05e5c4c57b3,hardneg,NO_VICTIM_ACTIVITY,,grid,full,1,0.3,,200,0,,,,200,200,0,0,0,0,0.0,0.0,0,14,0,14,0,47,0,0,2,0,0,0,0,0,0,0,boost,82,0,0,0,0,1,0,0,0,0,0,0,0,0,0,0,0,,0,0,,,,,,,,
G4394,63d85216bb96e6a463b38146b7e46edc76808e6a4460452662fd2a2dd4560880,hardneg,NO_VICTIM_ACTIVITY,,grid,full,1,0.3,,50,0,,,,50,50,0,0,0,0,0.0,0.0,0,4,0,4,0,47,0,0,2,0,0,0,0,0,0,0,boost,82,0,0,0,0,1,0,0,0,0,0,0,0,0,0,0,0,,0,0,,,,,,,,
G4395,0b92d5e7758dad9a9bdf8d4e14af4fe0011d9143166d2fa3a2b4abc79fe290d0,hardneg,NO_VICTIM_ACTIVITY,,grid,full,1,0.3,,50,0,,,,50,50,0,0,0,0,0.0,0.0,0,3,0,3,0,47,0,0,2,0,0,0,0,0,0,0,boost,82,0,0,0,0,1,0,0,0,0,0,0,0,0,0,0,0,,0,0,,,,,,,,
G4396,0ba379890b91c31d8516ba5923374aaded7d0927ba4ea80eec72d812ff33e226,hardneg,TRUE_ENCRYPTION,,grid,full,1,9.0,,451,0,,,,997,451,451,0,0,0,1.0,0.0,32,42,27,0,15,47,0,0,2,0,0,0,0,0,0,0,boost,1231,2,2,0,0,1,0,0,0,0,0,0,0,0,0,0,0,,0,0,,,,,,,,
G4397,7a237f734f822c2df95ff9d86afad058212824152106144915f7de9c9f9b1534,hardneg,TRUE_ENCRYPTION,,grid,full,1,9.0,,451,0,,,,1000,451,451,0,0,0,1.0,0.0,32,38,25,0,13,47,0,0,2,0,0,0,0,0,0,0,boost,1231,2,2,0,0,1,0,0,0,0,0,0,0,0,0,0,0,,0,0,,,,,,,,
G4398,3d99bb261a4324ec8eef898af39c1eaedadd376ebbfa610a785f08bf8739b40e,hardneg,TRUE_ENCRYPTION,,grid,full,1,9.0,,450,0,,,,1997,450,449,0,0,0,0.9977777777777778,0.0,32,71,28,0,43,47,0,0,2,0,0,0,0,0,0,0,boost,1231,2,2,0,0,1,0,0,0,0,0,0,0,0,0,0,0,,0,0,,,,,,,,
G4399,ac2cf1a6dfbfa6559fc8e6d39d24d7c0b40cd55702649424f3692f60922e46c6,hardneg,TRUE_ENCRYPTION,,grid,full,1,9.0,,200,0,,,,200,200,200,0,0,0,1.0,0.0,19,15,15,0,0,47,0,0,2,0,0,0,0,0,0,0,boost,1231,2,2,0,0,1,0,0,0,0,0,0,0,0,0,0,0,,0,0,,,,,,,,
G4400,ac64eeffcdfaf0b7514df36221af8e258c8ea837ff5dcdb3df70ea826c1f0bca,hardneg,TRUE_ENCRYPTION,,grid,full,1,9.0,,50,0,,,,50,50,50,0,0,0,1.0,0.0,6,8,8,0,0,47,0,0,2,0,0,0,0,0,0,0,boost,1231,2,2,0,0,1,0,0,0,0,0,0,0,0,0,0,0,,0,0,,,,,,,,
G4401,ddcc84d26ef468b97d3dabedee526e9649e0486cf482e0ddc2d042a0b2277c57,hardneg,TRUE_ENCRYPTION,,grid,full,1,9.0,,50,0,,,,50,50,50,0,0,0,1.0,0.0,6,7,7,0,0,47,0,0,2,0,0,0,0,0,0,0,boost,1231,2,2,0,0,1,0,0,0,0,0,0,0,0,0,0,0,,0,0,,,,,,,,
G4402,0481919404daa728fe259f2443564ff47bd86ad755a2fb2643e2cd0536220cfb,hardneg,NO_VICTIM_ACTIVITY,,grid,full,1,7.0,,231,0,,,,1000,231,232,0,0,0,1.0043290043290043,0.0,23,35,18,0,17,47,0,0,2,0,0,0,0,0,0,0,boost,82,0,0,0,0,1,0,0,0,0,0,0,0,0,0,0,0,,0,0,,,,,,,,
G4403,0fcdbab9c2a8c2b6013c9a68a23288f926cc577771d35b1fd70feecf12341b04,hardneg,NO_VICTIM_ACTIVITY,,grid,full,1,7.0,,232,0,,,,1994,232,232,0,0,0,1.0,0.0,23,73,20,0,53,47,0,0,2,0,0,0,0,0,0,0,boost,82,0,0,0,0,1,0,0,0,0,0,0,0,0,0,0,0,,0,0,,,,,,,,
G4404,be552ed909ca660a10de5621acf9d72d5f173560bc73a749a6f05ebcf857423a,hardneg,NO_VICTIM_ACTIVITY,,grid,full,1,7.0,,183,0,,,,200,183,183,0,0,0,1.0,0.0,17,14,13,0,1,47,0,0,2,0,0,0,0,0,0,0,boost,82,0,0,0,0,1,0,0,0,0,0,0,0,0,0,0,0,,0,0,,,,,,,,
G4405,0810550bcab5905410e7d38001cdae774695c56f1691dd8a88f643c2046673e2,hardneg,NO_VICTIM_ACTIVITY,,grid,full,1,7.0,,181,0,,,,200,181,182,0,0,0,1.0055248618784531,0.0,17,15,14,0,1,47,0,0,2,0,0,0,0,0,0,0,boost,82,0,0,0,0,1,0,0,0,0,0,0,0,0,0,0,0,,0,0,,,,,,,,
G4406,64041e19758a639154bb2eb439e0ba5d2609fcc6cc6d7c6f3bea2bca2e9228a0,hardneg,NO_VICTIM_ACTIVITY,,grid,full,1,7.0,,233,0,,,,499,233,233,0,0,0,1.0,0.0,23,25,18,0,7,47,0,0,2,0,0,0,0,0,0,0,boost,82,0,0,0,0,1,0,0,0,0,0,0,0,0,0,0,0,,0,0,,,,,,,,
G4407,11a296eb00d93646a48667dfc423ac9d8f3587eb3ce3bd3337ada0ee496e2863,hardneg,NO_VICTIM_ACTIVITY,,grid,full,1,8.0,,50,0,,,,998,50,0,0,0,0,0.0,0.0,0,26,0,3,23,47,0,0,2,0,0,0,0,0,0,0,boost,0,,,0,0,1,0,0,0,0,0,0,0,0,0,0,0,,0,0,,,,,,,,
G4408,8b702261f8496c72765898043b3428fc3546a41f0257fade0a8b0e9dd12895f3,hardneg,NO_VICTIM_ACTIVITY,,grid,full,1,8.0,,50,0,,,,997,50,0,0,0,0,0.0,0.0,0,23,0,2,21,47,0,0,2,0,0,0,0,0,0,0,boost,0,,,0,0,1,0,0,0,0,0,0,0,0,0,0,0,,0,0,,,,,,,,
G4409,b1be6abc17b54407c3f7a8b189b0f68d0322035660dd975c788f485f5df3eb99,hardneg,NO_VICTIM_ACTIVITY,,grid,full,1,8.0,,50,0,,,,1998,50,0,0,0,0,0.0,0.0,0,46,0,2,44,47,0,0,2,0,0,0,0,0,0,0,boost,0,,,0,0,1,0,0,0,0,0,0,0,0,0,0,0,,0,0,,,,,,,,
G4410,a3d41563f32e433019e25856aecdbf9e31edcd76c27af66e481f7cc4a74f7d7e,hardneg,NO_VICTIM_ACTIVITY,,grid,full,1,8.0,,50,0,,,,198,50,0,0,0,0,0.0,0.0,0,6,0,2,4,47,0,0,2,0,0,0,0,0,0,0,boost,0,,,0,0,1,0,0,0,0,0,0,0,0,0,0,0,,0,0,,,,,,,,
G4411,5821cdb5068b97015ba100998498fbe9e4fa8d8e69ffd591ef668b3df51c532e,hardneg,NO_VICTIM_ACTIVITY,,grid,full,1,0.3,,50,0,,,,50,50,0,0,0,0,0.0,0.0,0,2,0,2,0,47,0,0,2,0,0,0,0,0,0,0,boost,0,,,0,0,1,0,0,0,0,0,0,0,0,0,0,0,,0,0,,,,,,,,
G4412,f08036528130133d62284a2c065ad1abeac6a5bd479b541ca7cc9746f90b8c2c,hardneg,NO_VICTIM_ACTIVITY,,grid,full,1,7.0,,1346,0,,,,0,1346,1347,0,0,0,1.00074294205052,0.0,3,32,0,0,32,47,0,0,2,0,0,0,0,0,0,0,boost,0,,,0,0,1,0,0,0,0,0,0,0,0,0,0,0,,0,0,,,,,,,,
G4413,1522b74ce2025f0c10f8ea3f54d4b623e8c6978d29698b58219520f477bc5e09,hardneg,NO_VICTIM_ACTIVITY,,grid,full,1,7.0,,1351,0,,,,0,1351,1352,0,0,0,1.000740192450037,0.0,3,27,0,0,27,47,0,0,2,0,0,0,0,0,0,0,boost,0,,,0,0,1,0,0,0,0,0,0,0,0,0,0,0,,0,0,,,,,,,,
G4414,e17d41687b426193ddb4ee0be14f7d8fe61a464177f9cd6eed664b495b585f40,hardneg,NO_VICTIM_ACTIVITY,,grid,full,1,7.0,,598,0,,,,0,598,599,0,0,0,1.0016722408026757,0.0,3,11,0,0,11,47,0,0,2,0,0,0,0,0,0,0,boost,0,,,0,0,1,0,0,0,0,0,0,0,0,0,0,0,,0,0,,,,,,,,
G4415,f5fb180170aaf58fa7b42dae9e61fb9d3d36824ec21989351ae0aa59c2fd5c5f,hardneg,NO_VICTIM_ACTIVITY,,grid,full,1,7.0,,1350,0,,,,0,1350,1351,0,0,0,1.0007407407407407,0.0,3,22,0,0,22,47,0,0,2,0,0,0,0,0,0,0,boost,0,,,0,0,1,0,0,0,0,0,0,0,0,0,0,0,,0,0,,,,,,,,
G4416,1c0985561d8542b0f8ee34ea1690550f2f79c1c23f5265e30139b0f445db0eb4,hardneg,NO_VICTIM_ACTIVITY,,grid,full,1,7.0,,150,0,,,,0,150,150,0,0,0,1.0,0.0,3,5,0,0,5,47,0,0,2,0,0,0,0,0,0,0,boost,0,,,0,0,1,0,0,0,0,0,0,0,0,0,0,0,,0,0,,,,,,,,
G4417,256540d85f671dd9263a03b13670f7b8c9d5269dea404452877d9262e9ae74d2,hardneg,TRUE_ENCRYPTION,,grid,full,1,0.3,,0,0,,,,0,0,0,1979,0,0,,,47,11,0,0,11,47,0,0,2,0,0,0,0,0,0,0,boost,0,,,0,0,1,0,0,0,0,0,0,0,0,0,0,0,,0,0,,,,,,,,
G4418,70e85cc206626e9393c03e943646b67506bd279ec6b96442e9a88ca9598ffe5d,hardneg,TRUE_ENCRYPTION,,grid,full,1,0.3,,0,0,,,,0,0,0,200,0,0,,,19,3,0,0,3,47,0,0,2,0,0,0,0,0,0,0,boost,0,,,0,0,1,0,0,0,0,0,0,0,0,0,0,0,,0,0,,,,,,,,
G4419,f7df158b1515b9d58dd00332c613727ba27370c3fd6e1f5adc3e76514d6b1d50,hardneg,TRUE_ENCRYPTION,,grid,full,1,0.3,,0,0,,,,0,0,0,197,0,0,,,19,3,0,0,3,47,0,0,2,0,0,0,0,0,0,0,boost,0,,,0,0,1,0,0,0,0,0,0,0,0,0,0,0,,0,0,,,,,,,,
G4420,9c744c0207eab266805c36f887ff0f24cd12f8bab7a8b498610344b8cbc4c531,hardneg,TRUE_ENCRYPTION,,grid,full,1,0.3,,0,0,,,,0,0,0,500,0,0,,,35,6,0,0,6,47,0,0,2,0,0,0,0,0,0,0,boost,0,,,0,0,1,0,0,0,0,0,0,0,0,0,0,0,,0,0,,,,,,,,
G4421,fc706f20dcb2c3b6d97fb909e26750e9073b96917d11e9db422ec86ff9b963b3,hardneg,TRUE_ENCRYPTION,,grid,full,1,0.3,,0,0,,,,0,0,0,50,0,0,,,6,2,0,0,2,47,0,0,2,0,0,0,0,0,0,0,boost,0,,,0,0,1,0,0,0,0,0,0,0,0,0,0,0,,0,0,,,,,,,,
G4422,b33b4ec391f1f43771e9317b00c6e6b0a8b29867583d9ede1df9e692650367e3,hardneg,TRUE_ENCRYPTION,,grid,full,1,0.3,,0,0,,,,0,0,0,50,0,0,,,6,2,0,0,2,47,0,0,2,0,0,0,0,0,0,0,boost,0,,,0,0,1,0,0,0,0,0,0,0,0,0,0,0,,0,0,,,,,,,,
G4423,e434c3fa3cbe341c0c2e88b88893a8dfa97ff7a356a8364eaaddde6a09a12b8c,hardneg,TRUE_ENCRYPTION,,grid,full,1,9.0,,450,0,,,,998,450,449,0,0,0,0.9977777777777778,0.0,32,29,20,0,9,47,0,0,2,0,0,0,0,0,0,0,boost,1149,2,2,0,0,1,0,0,0,0,0,0,0,0,0,0,0,,0,0,,,,,,,,
G4424,8212a8a25b6c3834fbc6111a8c3399e57d179def8c1ae591864170b76af92e07,hardneg,TRUE_ENCRYPTION,,grid,full,1,9.0,,448,0,,,,1993,448,449,0,0,0,1.0022321428571428,0.0,32,51,21,0,30,47,0,0,2,0,0,0,0,0,0,0,boost,1149,2,2,0,0,1,0,0,0,0,0,0,0,0,0,0,0,,0,0,,,,,,,,
G4425,9da1b6d4120219d8ade727f958e44cec3ef31666a8f340322a909159f7aa3586,hardneg,TRUE_ENCRYPTION,,grid,full,1,9.0,,199,0,,,,199,199,199,0,0,0,1.0,0.0,19,14,14,0,0,47,0,0,2,0,0,0,0,0,0,0,boost,1149,2,2,0,0,1,0,0,0,0,0,0,0,0,0,0,0,,0,0,,,,,,,,
G4426,9312bc9a38b7a612f1f575ddde955d5b5761b39ef32670635a225e016b133fc7,hardneg,TRUE_ENCRYPTION,,grid,full,1,9.0,,450,0,,,,499,450,449,0,0,0,0.9977777777777778,0.0,32,20,20,0,0,47,0,0,2,0,0,0,0,0,0,0,boost,1149,2,2,0,0,1,0,0,0,0,0,0,0,0,0,0,0,,0,0,,,,,,,,
G4427,3c5271a6d28f402bf73c75695427d4d9309ac42b265fd76da755869600ee3c90,hardneg,TRUE_ENCRYPTION,,grid,full,1,9.0,,50,0,,,,50,50,50,0,0,0,1.0,0.0,6,6,6,0,0,47,0,0,2,0,0,0,0,0,0,0,boost,1149,2,2,0,0,1,0,0,0,0,0,0,0,0,0,0,0,,0,0,,,,,,,,
G4428,86e321f7fea2a3a61bdcd003a0099514048c9530c3d2874d8dd8a3919c7a8562,hardneg,TRUE_ENCRYPTION,,grid,full,1,9.0,,50,0,,,,50,50,50,0,0,0,1.0,0.0,6,6,5,0,1,47,0,0,2,0,0,0,0,0,0,0,boost,1149,2,2,0,0,1,0,0,0,0,0,0,0,0,0,0,0,,0,0,,,,,,,,
G4429,2076808c9e9a9828a081dde978de0e7970e7307c8e13a2fcdcaa7664e85f5c5f,hardneg,NO_VICTIM_ACTIVITY,,grid,full,1,9.0,,0,0,,,,1000,0,1000,0,0,0,,,46,25,0,0,25,47,0,0,2,0,0,0,0,0,0,0,boost,1149,2,2,0,0,1,0,0,0,0,0,0,0,0,0,0,0,,0,0,,,,,,,,
G4430,3558489e6e20d1c59cbcf0af63df15bf9159edba6d7b6c9f672ebd1b649304e0,hardneg,NO_VICTIM_ACTIVITY,,grid,full,1,9.0,,0,0,,,,995,0,997,0,0,0,,,46,27,0,0,27,47,0,0,2,0,0,0,0,0,0,0,boost,1149,2,2,0,0,1,0,0,0,0,0,0,0,0,0,0,0,,0,0,,,,,,,,
G4431,ad106d844bcb37ddd68f048e484d18d328c5db24bcbf3ea22eb6994726df46b1,hardneg,NO_VICTIM_ACTIVITY,,grid,full,1,9.0,,0,0,,,,1997,0,1998,0,0,0,,,47,42,0,0,42,47,0,0,2,0,0,0,0,0,0,0,boost,1149,2,2,0,0,1,0,0,0,0,0,0,0,0,0,0,0,,0,0,,,,,,,,
G4432,2380bd20457e07f6e52cfcc037eae005f70b8a858a47dc69afa7bdfced0830b5,hardneg,NO_VICTIM_ACTIVITY,,grid,full,1,9.0,,0,0,,,,200,0,200,0,0,0,,,19,11,0,0,11,47,0,0,2,0,0,0,0,0,0,0,boost,1149,2,2,0,0,1,0,0,0,0,0,0,0,0,0,0,0,,0,0,,,,,,,,
G4433,11f12f82bf6ee5566ae86f214927b0a2e7acc4a9eab981a89abdd6b1ae3cee56,hardneg,NO_VICTIM_ACTIVITY,,grid,full,1,9.0,,0,0,,,,498,0,500,0,0,0,,,35,19,0,0,19,47,0,0,2,0,0,0,0,0,0,0,boost,1149,2,2,0,0,1,0,0,0,0,0,0,0,0,0,0,0,,0,0,,,,,,,,
G4434,afbf7328b031be4fdfb3270fcaeef0bb8ad422133ca7e94467c718a0633191c2,hardneg,NO_VICTIM_ACTIVITY,,grid,full,1,9.0,,0,0,,,,498,0,498,0,0,0,,,35,17,0,0,17,47,0,0,2,0,0,0,0,0,0,0,boost,1149,2,2,0,0,1,0,0,0,0,0,0,0,0,0,0,0,,0,0,,,,,,,,
G4435,46b7614064cfab4cabc2ecf7edd45cf40088ca04f09a0a4e4c7037793df284a0,hardneg,NO_VICTIM_ACTIVITY,,grid,full,1,9.0,,0,0,,,,50,0,50,0,0,0,,,6,6,0,0,6,47,0,0,2,0,0,0,0,0,0,0,boost,1149,2,2,0,0,1,0,0,0,0,0,0,0,0,0,0,0,,0,0,,,,,,,,
G4436,9e77d6e61f127d82d875466b363f0f5daeb0f5971bac84d9d3421ea82d077613,hardneg,NO_VICTIM_ACTIVITY,,grid,full,1,2.0,,0,0,,,,1000,0,0,0,0,0,,,0,17,0,0,17,181,0,0,8,0,0,0,1,1,1,1,,0,,,0,0,1,0,0,0,0,0,0,0,0,0,0,0,,0,0,,,,,,,,
G4437,26e0316d385f429c23681bc8be5eac489f8e02446228fcc33fd682a95621071e,hardneg,NO_VICTIM_ACTIVITY,,grid,full,1,2.0,,0,0,,,,200,0,0,0,0,0,,,0,5,0,0,5,181,0,0,8,0,0,0,1,1,1,1,,0,,,0,0,1,0,0,0,0,0,0,0,0,0,0,0,,0,0,,,,,,,,
G4438,a3ff837ed5ad0a8beef18e4a81cfc952a489fe6459e43c4960aa920ab7c9b8ec,hardneg,NO_VICTIM_ACTIVITY,,grid,full,1,2.0,,0,0,,,,50,0,0,0,0,0,,,0,1,0,0,1,181,0,0,8,0,0,0,1,1,1,1,,0,,,0,0,1,0,0,0,0,0,0,0,0,0,0,0,,0,0,,,,,,,,
G4439,f68dee6c56e4b2d641e8fea498a8982dfd49341864b9785c8ca71f93fcda7d55,hardneg,NO_VICTIM_ACTIVITY,,grid,full,1,2.0,,233,0,,,,1000,233,0,0,0,0,0.0,0.0,0,21,0,13,8,181,0,0,8,0,0,0,1,1,1,1,,82,0,0,0,0,1,0,0,0,0,0,0,0,0,0,0,0,,0,0,,,,,,,,
G4440,2185e796e8111b5e208df7760d6dac925538ee16e67c50c4e20db7a3499e25b3,hardneg,NO_VICTIM_ACTIVITY,,grid,full,1,2.0,,233,0,,,,1000,233,0,0,0,0,0.0,0.0,0,28,0,19,9,181,0,0,8,0,0,0,1,1,1,1,,82,0,0,0,0,1,0,0,0,0,0,0,0,0,0,0,0,,0,0,,,,,,,,
G4441,c2a3d322cbd15fada0d67fcdc3e3c6d9135edb5dffa0b66b8d32a5ec58ea3248,hardneg,NO_VICTIM_ACTIVITY,,grid,full,1,2.0,,187,0,,,,200,187,0,0,0,0,0.0,0.0,0,12,0,11,1,181,0,0,8,0,0,0,1,1,1,1,,82,0,0,0,0,1,0,0,0,0,0,0,0,0,0,0,0,,0,0,,,,,,,,
G4442,b10fbeb16fabc59dc9cc536e5e812fe70edc335a7b1dc8784dbc492eb452d1bb,hardneg,NO_VICTIM_ACTIVITY,,grid,full,1,1.8,,233,0,,,,500,233,0,0,0,0,0.0,0.0,0,20,0,16,4,181,0,0,8,0,0,0,1,1,1,1,,82,0,0,0,0,1,0,0,0,0,0,0,0,0,0,0,0,,0,0,,,,,,,,
G4443,312d3458c837179bbd675c73fc9eb1d4215459e7282c56731df03ca52047dfe5,hardneg,NO_VICTIM_ACTIVITY,,grid,full,1,2.0,,233,0,,,,500,233,0,0,0,0,0.0,0.0,0,16,0,13,3,181,0,0,8,0,0,0,1,1,1,1,,82,0,0,0,0,1,0,0,0,0,0,0,0,0,0,0,0,,0,0,,,,,,,,
G4444,05449b2dfde250cf382b2b993cda3309fa5f45d96d584a445655f87ec1b736c9,hardneg,NO_VICTIM_ACTIVITY,,grid,full,1,2.0,,452,0,,,,1000,452,0,0,0,0,0.0,0.0,0,29,0,19,10,181,0,0,8,0,0,0,1,1,1,1,,82,0,0,0,0,1,0,0,0,0,0,0,0,0,0,0,0,,0,0,,,,,,,,
G4445,677bf323879283cf3b233f89559792bd917cbd0cebdcab9fe669c142b0c9066c,hardneg,NO_VICTIM_ACTIVITY,,grid,full,1,2.0,,452,0,,,,1000,452,0,0,0,0,0.0,0.0,0,30,0,19,11,181,0,0,8,0,0,0,1,1,1,1,,82,0,0,0,0,1,0,0,0,0,0,0,0,0,0,0,0,,0,0,,,,,,,,
G4446,eb83da33d52158585baf39560a7c49a779aa79c592339610b2bdbd66adaf7de5,hardneg,NO_VICTIM_ACTIVITY,,grid,full,1,2.0,,452,0,,,,2000,452,0,0,0,0,0.0,0.0,0,45,0,17,28,181,0,0,8,0,0,0,1,1,1,1,,82,0,0,0,0,1,0,0,0,0,0,0,0,0,0,0,0,,0,0,,,,,,,,
G4447,acbba3a73bc979969494cbc190c01da5077748127cda26d6f85a51adf7ad761a,hardneg,NO_VICTIM_ACTIVITY,,grid,full,1,2.0,,452,0,,,,2000,452,0,0,0,0,0.0,0.0,0,50,0,20,30,181,0,0,8,0,0,0,1,1,1,1,,82,0,0,0,0,1,0,0,0,0,0,0,0,0,0,0,0,,0,0,,,,,,,,
G4448,cbf6b0f85de14cdac4b4eea887719fba2b586b394ab35c2315840bd508821b5e,hardneg,NO_VICTIM_ACTIVITY,,grid,full,1,2.0,,200,0,,,,200,200,0,0,0,0,0.0,0.0,0,12,0,12,0,181,0,0,8,0,0,0,1,1,1,1,,82,0,0,0,0,1,0,0,0,0,0,0,0,0,0,0,0,,0,0,,,,,,,,
G4449,0c4f9288321146d405733d4c03a892cf75744f8e2d335f0553edbba2a81543cb,hardneg,NO_VICTIM_ACTIVITY,,grid,full,1,2.0,,200,0,,,,200,200,0,0,0,0,0.0,0.0,0,11,0,11,0,181,0,0,8,0,0,0,1,1,1,1,,82,0,0,0,0,1,0,0,0,0,0,0,0,0,0,0,0,,0,0,,,,,,,,
G4450,b6b27e663063399659b8f8d2f09c7dba86d82f2c2210720914bc40d5744b20bd,hardneg,NO_VICTIM_ACTIVITY,,grid,full,1,2.0,,50,0,,,,50,50,0,0,0,0,0.0,0.0,0,4,0,4,0,181,0,0,8,0,0,0,1,1,1,1,,82,0,0,0,0,1,0,0,0,0,0,0,0,0,0,0,0,,0,0,,,,,,,,
G4451,8a94f2bc97149eb4442864618f5a627dcc05b9b394c807deb9f2d7eaf0d9ffe8,hardneg,TRUE_ENCRYPTION,,grid,full,1,9.0,,452,0,,,,1000,452,452,0,0,0,1.0,0.0,32,29,20,0,9,181,0,0,8,0,0,0,1,1,1,1,,1231,2,1,0,0,1,0,0,0,0,0,0,0,0,0,0,0,,0,0,,,,,,,,
G4452,0148161994c98be4a8916d1303b66d9b1fa01b4b4c4f36d3bcec014dc82958bc,hardneg,TRUE_ENCRYPTION,,grid,full,1,9.0,,452,0,,,,2000,452,452,0,0,0,1.0,0.0,32,46,21,0,25,181,0,0,8,0,0,0,1,1,1,1,,1231,2,1,0,0,1,0,0,0,0,0,0,0,0,0,0,0,,0,0,,,,,,,,
G4453,0628382a01ebcd436a968cfe97fd3041b240907c39475ab7bb4e6313d6116ffd,hardneg,TRUE_ENCRYPTION,,grid,full,1,9.0,,200,0,,,,200,200,200,0,0,0,1.0,0.0,19,16,16,0,0,181,0,0,8,0,0,0,1,1,1,1,,1231,2,1,0,0,1,0,0,0,0,0,0,0,0,0,0,0,,0,0,,,,,,,,
G4454,d1bc8800cdc2be4485c8b33ee02aaea970f2a9ceab58dff5cfca0d5f94fb90d4,hardneg,TRUE_ENCRYPTION,,grid,full,1,9.0,,452,0,,,,500,452,452,0,0,0,1.0,0.0,32,23,23,0,0,181,0,0,8,0,0,0,1,1,1,1,,1231,2,1,0,0,1,0,0,0,0,0,0,0,0,0,0,0,,0,0,,,,,,,,
G4455,6f879563e7c203f3074abc2b6b6de4edf64661adb58b234c5729f4b5fd9c5935,hardneg,TRUE_ENCRYPTION,,grid,full,1,9.0,,50,0,,,,50,50,50,0,0,0,1.0,0.0,7,8,8,0,0,181,0,0,8,0,0,0,1,1,1,1,,1231,2,1,0,0,1,0,0,0,0,0,0,0,0,0,0,0,,0,0,,,,,,,,
G4456,230e838a9bfc9865d4238070da38c19306471b6fefb7fe6db1b6206812269226,hardneg,TRUE_ENCRYPTION,,grid,full,1,9.0,,50,0,,,,50,50,50,0,0,0,1.0,0.0,7,8,8,0,0,181,0,0,8,0,0,0,1,1,1,1,,1231,2,1,0,0,1,0,0,0,0,0,0,0,0,0,0,0,,0,0,,,,,,,,
G4457,585d5d37061f054f82feefe01007ed5202ab2af36de7cab8f1be1bccc76a1bd6,hardneg,NO_VICTIM_ACTIVITY,,grid,full,1,7.0,,233,0,,,,2000,233,233,0,0,0,1.0,0.0,23,39,15,0,24,181,0,0,8,0,0,0,1,1,1,1,,82,0,0,0,0,1,0,0,0,0,0,0,0,0,0,0,0,,0,0,,,,,,,,
G4458,46f842a6139109898ee2dd65eff6ce0cb3df19bfc06fc4a6e7fd66e0f0ace877,hardneg,NO_VICTIM_ACTIVITY,,grid,full,1,7.0,,234,0,,,,2000,234,234,0,0,0,1.0,0.0,23,46,16,0,30,181,0,0,8,0,0,0,1,1,1,1,,82,0,0,0,0,1,0,0,0,0,0,0,0,0,0,0,0,,0,0,,,,,,,,
G4459,6f307e24e83e576d3fb62864716ecef97f3f12810c5aeb4dfa45a23e0732883e,hardneg,NO_VICTIM_ACTIVITY,,grid,full,1,7.0,,187,0,,,,200,187,187,0,0,0,1.0,0.0,17,9,9,0,0,181,0,0,8,0,0,0,1,1,1,1,,82,0,0,0,0,1,0,0,0,0,0,0,0,0,0,0,0,,0,0,,,,,,,,
G4460,815f2a0db999bc29751ec6d80c7f1c3c728868569640559879bef5eef79920f8,hardneg,NO_VICTIM_ACTIVITY,,grid,full,1,7.0,,232,0,,,,500,232,232,0,0,0,1.0,0.0,23,17,14,0,3,181,0,0,8,0,0,0,1,1,1,1,,82,0,0,0,0,1,0,0,0,0,0,0,0,0,0,0,0,,0,0,,,,,,,,
G4461,6418906864647869749d2ea7cff679cb1316b61cc93a34d2244cc6b6d0be8e26,hardneg,NO_VICTIM_ACTIVITY,,grid,full,1,7.0,,50,0,,,,50,50,50,0,0,0,1.0,0.0,7,6,6,0,0,181,0,0,8,0,0,0,1,1,1,1,,82,0,0,0,0,1,0,0,0,0,0,0,0,0,0,0,0,,0,0,,,,,,,,
G4462,890c3536f39a0e1a8179ed701aff4d234e287c59315bf3a270ac99677fd6c276,hardneg,NO_VICTIM_ACTIVITY,,grid,full,1,8.0,,50,0,,,,1000,50,0,0,0,0,0.0,0.0,0,13,0,2,11,181,0,0,8,0,0,0,1,1,1,1,,0,,,0,0,1,0,0,0,0,0,0,0,0,0,0,0,,0,0,,,,,,,,
G4463,a3c7acf67d129cee40f51636c21b1df91517e548d92cf63eb98fd6686ea6a4f5,hardneg,NO_VICTIM_ACTIVITY,,grid,full,1,8.0,,50,0,,,,2000,50,0,0,0,0,0.0,0.0,0,28,0,2,26,181,0,0,8,0,0,0,1,1,1,1,,0,,,0,0,1,0,0,0,0,0,0,0,0,0,0,0,,0,0,,,,,,,,
G4464,fb811accaec2ca0e0b10c4a378a236925030b940444a6c9334cc9e4eabd48dc8,hardneg,NO_VICTIM_ACTIVITY,,grid,full,1,8.0,,50,0,,,,2000,50,0,0,0,0,0.0,0.0,0,30,0,2,28,181,0,0,8,0,0,0,1,1,1,1,,0,,,0,0,1,0,0,0,0,0,0,0,0,0,0,0,,0,0,,,,,,,,
G4465,f31a3bc06fe1da7ac8d1907ae9f41f4ddc173b977c5aee6c949847afe5b4d7da,hardneg,NO_VICTIM_ACTIVITY,,grid,full,1,8.0,,50,0,,,,200,50,0,0,0,0,0.0,0.0,0,6,0,3,3,181,0,0,8,0,0,0,1,1,1,1,,0,,,0,0,1,0,0,0,0,0,0,0,0,0,0,0,,0,0,,,,,,,,
G4466,fca343a4ff129b3c76949283122f262c5695e2f19a30e3c416c0b9d751d1b4d5,hardneg,NO_VICTIM_ACTIVITY,,grid,full,1,8.0,,50,0,,,,200,50,0,0,0,0,0.0,0.0,0,6,0,2,4,181,0,0,8,0,0,0,1,1,1,1,,0,,,0,0,1,0,0,0,0,0,0,0,0,0,0,0,,0,0,,,,,,,,
G4467,a6bc62e57fa188acc5e924ca0a71b11418300b3467eb87a99cd505706a0acf91,hardneg,NO_VICTIM_ACTIVITY,,grid,full,1,1.8,,50,0,,,,50,50,0,0,0,0,0.0,0.0,0,3,0,3,0,181,0,0,8,0,0,0,1,1,1,1,,0,,,0,0,1,0,0,0,0,0,0,0,0,0,0,0,,0,0,,,,,,,,
G4468,d439143212b29963c2697d92c30c95dc481eb491476406a13b56af51c32d2008,hardneg,NO_VICTIM_ACTIVITY,,grid,full,1,7.0,,1356,0,,,,0,1356,1356,0,0,0,1.0,0.0,3,19,0,0,19,181,0,0,8,0,0,0,1,1,1,1,,0,,,0,0,1,0,0,0,0,0,0,0,0,0,0,0,,0,0,,,,,,,,
G4469,4d115c47722df04adbecb839a4cf73b5a9ad67b4ba40425a2c9f600730441ee5,hardneg,NO_VICTIM_ACTIVITY,,grid,full,1,7.0,,1356,0,,,,0,1356,1356,0,0,0,1.0,0.0,3,19,0,0,19,181,0,0,8,0,0,0,1,1,1,1,,0,,,0,0,1,0,0,0,0,0,0,0,0,0,0,0,,0,0,,,,,,,,
G4470,024388886b1f77e8af16e238565408744c2c3c45489236f90c09a83745c51263,hardneg,NO_VICTIM_ACTIVITY,,grid,full,1,7.0,,1356,0,,,,0,1356,1356,0,0,0,1.0,0.0,3,16,0,0,16,181,0,0,8,0,0,0,1,1,1,1,,0,,,0,0,1,0,0,0,0,0,0,0,0,0,0,0,,0,0,,,,,,,,
G4471,e72f9583f6e2b8f769c112656fe1f84f52a030d3bef78e1f96f895cc7e5806e1,hardneg,TRUE_ENCRYPTION,,grid,full,1,2.0,,0,0,,,,0,0,0,200,0,0,,,19,4,0,0,4,181,0,0,8,0,0,0,1,1,1,1,,0,,,0,0,1,0,0,0,0,0,0,0,0,0,0,0,,0,0,,,,,,,,
G4472,f2db27dd2b667c7aa60fd579fe17d65ab8e84fde7a6524eaa6aec614dc615191,hardneg,TRUE_ENCRYPTION,,grid,full,1,2.0,,0,0,,,,0,0,0,200,0,0,,,19,4,0,0,4,181,0,0,8,0,0,0,1,1,1,1,,0,,,0,0,1,0,0,0,0,0,0,0,0,0,0,0,,0,0,,,,,,,,
G4473,b2a06b875432427b6c589b51ede378523793f7aeb3f471730ea3be0d61fe5b13,hardneg,TRUE_ENCRYPTION,,grid,full,1,2.0,,0,0,,,,0,0,0,500,0,0,,,35,8,0,0,8,181,0,0,8,0,0,0,1,1,1,1,,0,,,0,0,1,0,0,0,0,0,0,0,0,0,0,0,,0,0,,,,,,,,
G4474,2d09dac0aba11fd58c397544e0e2599586cb332e18fbdf852637443863f9689c,hardneg,TRUE_ENCRYPTION,,grid,full,1,1.8,,0,0,,,,0,0,0,50,0,0,,,7,2,0,0,2,181,0,0,8,0,0,0,1,1,1,1,,0,,,0,0,1,0,0,0,0,0,0,0,0,0,0,0,,0,0,,,,,,,,
G4475,4281fac2455b7635d1bdea284a1e4d55cf2dd2aa2a0bf74650bc808f0b4a0983,hardneg,TRUE_ENCRYPTION,,grid,full,1,2.0,,0,0,,,,0,0,0,50,0,0,,,7,10,0,0,10,181,0,0,8,0,0,0,1,1,1,1,,0,,,0,0,1,0,0,0,0,0,0,0,0,0,0,0,,0,0,,,,,,,,
G4476,eb01c612aed242e00b2f8d2b418ad7fd04ec8ed961404f58c2fd731f31c339ea,hardneg,TRUE_ENCRYPTION,,grid,full,1,9.0,,452,0,,,,1000,452,452,0,0,0,1.0,0.0,32,76,50,4,22,181,0,0,8,0,0,0,1,1,1,1,,1149,2,1,0,0,1,0,0,0,0,0,0,0,0,0,0,0,,0,0,,,,,,,,
G4477,81413a620d83d89977bb3545363be0aa7bb2e638b795936299891befa901d140,hardneg,TRUE_ENCRYPTION,,grid,full,1,9.0,,200,0,,,,200,200,200,0,0,0,1.0,0.0,19,21,21,0,0,181,0,0,8,0,0,0,1,1,1,1,,1149,2,1,0,0,1,0,0,0,0,0,0,0,0,0,0,0,,0,0,,,,,,,,
G4478,f2db7387071edc67165df5559458b85a5396d97a708119b2ed24b6fa0636ea0d,hardneg,TRUE_ENCRYPTION,,grid,full,1,9.0,,452,0,,,,500,452,452,0,0,0,1.0,0.0,32,33,32,0,1,181,0,0,8,0,0,0,1,1,1,1,,1149,2,1,0,0,1,0,0,0,0,0,0,0,0,0,0,0,,0,0,,,,,,,,
G4479,53ea926a078007b45af3ed8a8f4aa67e8c3864051af18359d2eaa09fdacaa847,hardneg,TRUE_ENCRYPTION,,grid,full,1,9.0,,50,0,,,,50,50,50,0,0,0,1.0,0.0,7,10,10,0,0,181,0,0,8,0,0,0,1,1,1,1,,1149,2,1,0,0,1,0,0,0,0,0,0,0,0,0,0,0,,0,0,,,,,,,,
G4480,7cf39db3fb203dd165f3a4714c0a1c7ea1ecb5a2af94f76be670beb4e245f37b,hardneg,NO_VICTIM_ACTIVITY,,grid,full,1,9.0,,0,0,,,,1000,0,1000,0,0,0,,,41,42,0,0,42,181,0,0,8,0,0,0,1,1,1,1,,1149,2,1,0,0,1,0,0,0,0,0,0,0,0,0,0,0,,0,0,,,,,,,,
G4481,5a678204b3c1c7ecf61130cb45f2085b787e479c966bc4fb05c9577308de9d29,hardneg,NO_VICTIM_ACTIVITY,,grid,full,1,9.0,,0,0,,,,1000,0,1000,0,0,0,,,41,45,0,0,45,181,0,0,8,0,0,0,1,1,1,1,,1149,2,1,0,0,1,0,0,0,0,0,0,0,0,0,0,0,,0,0,,,,,,,,
G4482,07b231171db2aa6b70a0ac3bc51744885ed89262c8c04c5d7029007f1109cddc,hardneg,NO_VICTIM_ACTIVITY,,grid,full,1,9.0,,0,0,,,,2000,0,2000,0,0,0,,,46,67,0,0,67,181,0,0,8,0,0,0,1,1,1,1,,1149,2,1,0,0,1,0,0,0,0,0,0,0,0,0,0,0,,0,0,,,,,,,,
G4483,83c748004cbce4a9306c63e77b4ada96637607c66907717c64c134aeec3d295f,hardneg,NO_VICTIM_ACTIVITY,,grid,full,1,9.0,,0,0,,,,500,0,500,0,0,0,,,35,26,0,0,26,181,0,0,8,0,0,0,1,1,1,1,,1149,2,1,0,0,1,0,0,0,0,0,0,0,0,0,0,0,,0,0,,,,,,,,
G4484,9139699c453142888eb382b06531e5cebe2e81c3f3fa2512ef8970274bb74eeb,hardneg,NO_VICTIM_ACTIVITY,,grid,full,1,9.0,,0,0,,,,50,0,50,0,0,0,,,7,6,0,0,6,181,0,0,8,0,0,0,1,1,1,1,,1149,2,1,0,0,1,0,0,0,0,0,0,0,0,0,0,0,,0,0,,,,,,,,
G4485,19f060fc7a6385543c61711f1bdc06a597976704b0cd24a749af9d4a0bf5b285,hardneg,NO_VICTIM_ACTIVITY,,grid,full,1,9.0,,0,0,,,,50,0,50,0,0,0,,,7,6,0,0,6,181,0,0,8,0,0,0,1,1,1,1,,1149,2,1,0,0,1,0,0,0,0,0,0,0,0,0,0,0,,0,0,,,,,,,,
GB2926,25368ba47d5c007b85a6a459f27498b913f5649da20f75676fcd502e04c1630c,hardneg,NO_VICTIM_ACTIVITY,,grid,full,0,4.2,,7,0,,,,10,7,0,0,0,2,0.0,0.0,0,6,0,1,5,0,0,0,0,0,0,0,0,0,0,0,,0,,,,,,2,0,0,0,0,0,0,0,0,0,0,,0,0,,,,,,,,
GB2927,cbbd2e02b34af054aa32b69f78bf71510721fdc64a9546d823de0912903847c0,hardneg,NO_VICTIM_ACTIVITY,,grid,full,0,2.6,,7,0,,,,10,7,0,0,0,2,0.0,0.0,0,5,0,1,4,0,0,0,0,0,0,0,0,0,0,0,,0,,,,,,2,0,0,0,0,0,0,0,0,0,0,,0,0,,,,,,,,
GB2928,c1eb9f3892f745844613ff0c5671455bc096bc3da269022b97be862fb266c2a3,hardneg,NO_VICTIM_ACTIVITY,,grid,full,0,2.6,,7,0,,,,10,7,0,0,0,2,0.0,0.0,0,5,0,1,4,0,0,0,0,0,0,0,0,0,0,0,,0,,,,,,2,0,0,0,0,0,0,0,0,0,0,,0,0,,,,,,,,
GB2929,87deaa5daf53825dbd869867c9370f9632c1a0c4a4c987e1b9923a9dfb05ea8b,hardneg,TRUE_ENCRYPTION,,grid,full,0,7.699999999999999,,1198,0,,,,123,1198,46,0,0,48,0.038397328881469114,0.0,12,209,12,111,86,0,0,0,0,0,0,0,0,0,0,0,,0,,,,,,48,0,0,0,0,0,0,0,0,0,0,,0,0,,,,,,,,
GB2930,65110f0594b225d340aea76c73aedaf36667839136ad4e6916c76b9188504c34,hardneg,NO_VICTIM_ACTIVITY,,grid,full,0,10.0,,50,0,,,,14,50,0,0,0,16,0.0,0.0,0,54,0,36,18,0,0,0,0,0,0,0,0,0,0,0,,0,,,,,,19,0,0,0,1,0,0,1,1,3,0,13.0,0,0,,,,,,,,
GB2931,d7bb079cd04fcdae99da5b7ee4a98a0880b636b9974b7fa2467e12ff9d303b3b,hardneg,NO_VICTIM_ACTIVITY,,grid,full,0,10.0,,50,0,,,,10,50,0,0,0,17,0.0,0.0,0,57,0,38,19,0,0,0,0,0,0,0,0,0,0,0,,0,,,,,,18,0,0,0,1,0,0,1,1,3,0,4.1,1,1,0,,,,,,,
GB2932,1e748085ee2f541ee12f347894128133ee75aa1dbe9484a394cb59b1138e3d8b,hardneg,NO_VICTIM_ACTIVITY,,grid,full,0,10.0,,61,0,,,,15,61,1,1,0,17,0.01639344262295082,0.01639344262295082,1,58,0,42,16,0,0,0,0,0,0,0,0,0,0,0,,0,,,,,,19,0,0,0,1,0,0,1,1,3,0,-33.3,1,1,1,1,171.7,2,0.0,0,1,
GB2933,367fb24ddece2e52c8dfe8bcaf78aa4659e2e06689e94482bf35abaf2fd2f933,hardneg,NO_VICTIM_ACTIVITY,,grid,full,0,4.6,,0,0,,,,10,0,0,0,0,18,,,0,19,0,0,19,0,0,0,0,0,0,0,0,0,0,0,,0,,,,,,18,0,0,0,0,0,0,0,0,0,0,,0,0,,,,,,,,
GB2934,7420183b353bd6cb17062c714e7786667259d2251d2600c99cc15612b4e9565e,hardneg,NO_VICTIM_ACTIVITY,,grid,full,0,4.6,,0,0,,,,10,0,0,0,0,15,,,0,17,0,0,17,0,0,0,0,0,0,0,0,0,0,0,,0,,,,,,15,0,0,0,0,0,0,0,0,0,0,,0,0,,,,,,,,
GB2935,234eeed5cd2b60196cababf525891046039c5d06cb47d4e640803516e5be71cd,hardneg,TRUE_ENCRYPTION,,grid,full,0,10.0,,250,414,0.13831266521863617,3.0430645556997193,6.660343842270667,2689,250,18,4,0,24,0.072,0.016,3,192,10,68,114,0,0,0,0,0,0,0,0,0,0,0,,0,,,,,,21,0,0,0,0,0,0,3,3,535,241,2.6,0,0,,,,,,,,
GB2936,dc36c4ffe20b0e711268d331b19d6fcd0d7b708cff4649a31492bee134b9083d,hardneg,NO_VICTIM_ACTIVITY,,grid,full,0,10.0,,140,216,0.014158801377937428,3.037924899589652,6.587024824367163,1572,140,13,5,0,16,0.09285714285714286,0.03571428571428571,5,148,8,54,86,0,0,0,0,0,0,0,0,0,0,0,,0,,,,,,18,0,0,0,1,0,0,2,2,79,139,-63.1,1,1,0,0,,0,299.7,1,1,0.359
GB2937,c7137e4bcb696a354c3acc723bda2a2376b3dd95fd9c388d32b820274367f3c6,hardneg,NO_VICTIM_ACTIVITY,,grid,full,0,2.3,,125,2,-0.9928717723842146,4.418295834054489,4.418295834054489,1,125,0,0,0,1,0.0,0.0,0,4,0,2,2,0,0,0,0,0,0,0,0,0,0,0,,0,,,,,,1,0,0,0,0,0,0,0,0,0,0,,0,0,,,,,,,,
GB2938,d524391861dd728426524db7fbcf3687ee9e1dd129841829c95c99cc84b46e92,hardneg,NO_VICTIM_ACTIVITY,,grid,full,0,3.2,,200,0,,,,213,200,0,0,200,1,0.0,0.0,0,18,0,16,2,0,0,0,0,0,0,0,0,0,0,0,,0,,,,,,1,0,0,0,0,0,0,0,0,0,0,,0,0,,,,,,,,
GB2939,25e91141bfbba4c52f70c24802d6106ef844df82158db8515e6ae755808081a9,hardneg,NO_VICTIM_ACTIVITY,,grid,full,0,6.199999999999999,,2184,0,,,,3868,2184,15,0,4999,1,0.006868131868131868,0.0,1,148,3,83,62,0,0,0,0,0,0,0,0,0,0,0,,0,,,,,,1,0,0,0,0,0,0,0,0,0,0,,0,0,,,,,,,,
GB2940,38b74d5243d27679faab1b50898fcf85735695d500c351c1c13a64d934a559e7,hardneg,TRUE_ENCRYPTION,,grid,full,0,7.199999999999999,,1521,0,,,,3160,1521,179,0,4999,1,0.11768573307034845,0.0,15,232,17,78,137,0,0,0,0,0,0,0,0,0,0,0,,0,,,,,,1,0,0,0,0,0,0,0,0,0,0,,0,0,,,,,,,,
GB2941,4ca27ab9d5438472565c615926bd089a6e3f91963688f8c46303a873af342b12,hardneg,NO_VICTIM_ACTIVITY,,grid,full,0,3.2,,334,0,,,,400,334,6,0,0,1,0.017964071856287425,0.0,3,10,0,4,6,0,0,0,0,0,0,0,0,0,0,0,,0,,,,,,1,0,0,0,0,0,0,0,0,0,0,,0,0,,,,,,,,
GB2942,138499592eb0a48b310a906257226b27c748bd665c50cb8550159e42dd7d1cc0,hardneg,NO_VICTIM_ACTIVITY,,grid,full,0,3.2,,67,0,,,,400,67,6,0,0,1,0.08955223880597014,0.0,3,8,0,2,6,0,0,0,0,0,0,0,0,0,0,0,,0,,,,,,1,0,0,0,0,0,0,0,0,0,0,,0,0,,,,,,,,
GB2943,5dd0ffdb62a9ccc5c09b26482dd1c2d54cfdecfb56cf9475c6afed3248bb75e6,hardneg,NO_VICTIM_ACTIVITY,,grid,full,0,9.2,,117,0,,,,400,117,181,0,0,1,1.547008547008547,0.0,14,45,0,2,43,0,0,0,0,0,0,0,0,0,0,0,,0,,,,,,1,0,0,0,0,0,0,0,0,0,0,,0,0,,,,,,,,
GB2944,1d8aa9f2dff17f42e91a7956a5eb601e17277bbb921c9d9ba9dcd4b05f0b808e,hardneg,NO_VICTIM_ACTIVITY,,grid,full,0,4.2,,0,0,,,,35,0,0,0,0,4,,,0,7,0,0,7,0,0,0,0,0,0,0,0,0,0,0,,0,,,,,,4,0,0,0,0,0,0,2,2,5,0,,0,0,,,,,,,,
GB2945,1f183d415dac89cc32b5757e82054f169b6579fe36bbf492b99f9b39a40429be,hardneg,NO_VICTIM_ACTIVITY,,grid,full,0,4.2,,0,0,,,,23,0,0,0,50,3,,,0,8,0,0,8,0,0,0,0,0,0,0,0,0,0,0,,0,,,,,,3,0,0,0,0,0,0,2,2,5,0,,0,0,,,,,,,,
GB2946,450f92268b42b6caec5986b49e54268132f7ecc27a6074990d5208656941844a,hardneg,NO_VICTIM_ACTIVITY,,grid,full,0,9.8,,62,0,,,,46,62,9,2,5004,7,0.14516129032258066,0.03225806451612903,3,146,2,7,137,0,0,0,0,0,0,0,0,0,0,0,,0,,,,,,7,0,0,0,0,0,0,2,2,28,8,239.6,0,0,,,,,,,,
GB2947,839c392a579378035689dad48eb2081ee9aeae95eb7a9fd618be0d4c996aec33,hardneg,TRUE_ENCRYPTION,,grid,full,0,8.8,,0,0,,,,23,0,197,0,200,3,,,29,20,0,0,20,0,0,0,0,0,0,0,0,0,0,0,,0,,,,,,3,0,0,0,0,0,0,2,2,5,0,-3.3,0,0,,,,,,,,
GB2948,76ab3d6fea165169439c78059effb8b8b6f798c354cf428f95d5b7bb66cf0d71,hardneg,TRUE_ENCRYPTION,,grid,full,0,5.2,,0,0,,,,23,0,47,0,50,3,,,22,10,0,0,10,0,0,0,0,0,0,0,0,0,0,0,,0,,,,,,3,0,0,0,0,0,0,2,2,5,0,-0.5,0,0,,,,,,,,
GB2949,eec97e81edb48c1d2009869bae08b2063dac336e6a75f237b2ee53b0bfbd93ce,hardneg,NO_VICTIM_ACTIVITY,,grid,full,0,5.2,,0,0,,,,33,0,46,0,0,3,,,22,10,0,0,10,0,0,0,0,0,0,0,0,0,0,0,,0,,,,,,3,0,0,0,0,0,0,2,2,5,0,-1.4,0,0,,,,,,,,
GB2950,ab2d5d3dee791659f0cf8e21b5a27e8985c42acf39aca18a6e011be192455239,hardneg,NO_VICTIM_ACTIVITY,,grid,full,0,10.0,,50,492,-0.028035337695817085,6.284709703567583,6.476157391559539,270,50,6,0,251,4,0.12,0.0,4,100,0,4,96,0,0,0,0,0,0,0,0,0,0,0,,0,,,,,,4,0,0,0,0,0,0,1,1,11,0,-375.3,0,0,,,,,,,,
GB2951,7a9ad5f50b7f308cb3c1b69bfa3e6af18554c549068d68a1c2189c07d6c4386c,hardneg,TRUE_ENCRYPTION,,grid,full,0,10.0,,50,509,-0.01473232830312396,6.289203555380716,6.476157391559539,147,50,131,0,251,3,2.62,0.0,22,87,0,4,83,0,0,0,0,0,0,0,0,0,0,0,,0,,,,,,3,0,0,0,0,0,0,1,1,12,0,-372.6,0,0,,,,,,,,
GB2952,ebe386e0959c49c227fe4a4582f5803a6e2e3d5546e761f2d3d51fdc62ecd4e6,hardneg,TRUE_ENCRYPTION,,grid,full,0,10.0,,49,638,-0.05961172159940048,6.329149349555456,6.476157391559539,81,49,52,0,99,29,1.0612244897959184,0.0,16,76,1,2,73,0,0,0,0,0,0,0,0,0,0,0,,0,,,,,,10,0,0,0,0,0,0,3,5,9,0,5.2,0,0,,,,,,,,
GB2953,6d2ed9747660e4ef75fb6ce306bfb39fc441f4500831e9450bfb16a061277152,hardneg,TRUE_ENCRYPTION,,grid,full,0,10.0,,54,526,-0.02097791512037805,6.292389818856508,6.476157391559539,115,54,129,0,252,4,2.388888888888889,0.0,21,107,0,4,103,0,0,0,0,0,0,0,0,0,0,0,,0,,,,,,4,0,0,0,0,0,0,2,2,10,0,3.2,0,0,,,,,,,,
GB2954,aef70d408317bc9573baadf8067c0e5f8d12821c7c010ecb34d01652adeb6787,hardneg,TRUE_ENCRYPTION,,grid,full,0,10.0,,52,534,-0.010867290312691843,6.293150503380008,6.476157391559539,341,52,53,0,0,7,1.0192307692307692,0.0,17,98,2,6,90,0,0,0,0,0,0,0,0,0,0,0,,0,,,,,,7,0,0,0,0,0,0,2,2,12,1,-370.4,0,0,,,,,,,,
GB2955,644ae072d9a1a46e0dd47707cf2e8f0f35092e95e497f3dd60d3122e93a67c3c,hardneg,TRUE_ENCRYPTION,,grid,full,0,10.0,,112,530,-0.010863782867494197,6.290571637038326,6.476157391559539,258,112,137,2,5,9,1.2232142857142858,0.017857142857142856,22,121,2,11,108,0,0,0,0,0,0,0,0,0,0,0,,0,,,,,,7,0,0,0,0,0,0,2,2,47,11,-156.9,0,0,,,,,,,,
GB2956,e651fc3043d9af004a2650c6a3d24a4f883c15821e1dc7ca21289c32578a9ebc,hardneg,NO_VICTIM_ACTIVITY,,grid,full,0,3.0999999999999996,,0,0,,,,36,0,0,0,0,0,,,0,4,0,0,4,0,0,0,0,0,0,0,0,0,0,0,,0,,,,,,0,0,0,0,0,0,0,0,0,1,0,,0,0,,,,,,,,
GB2957,eda3151a0054bef5b0cb4c48a1b84b6d9139d309877d16cf6a244ecbb9cfa199,hardneg,NO_VICTIM_ACTIVITY,,grid,full,0,3.3,,0,0,,,,33,0,0,0,0,0,,,0,3,0,0,3,0,0,0,0,0,0,0,0,0,0,0,,0,,,,,,0,0,0,0,0,0,0,0,0,1,0,,0,0,,,,,,,,
GB2958,ed94f2c90b2abc962b01b12d9fe579c8acce1f325a0eb89e2cd9a318bf4e0387,hardneg,NO_VICTIM_ACTIVITY,,grid,full,0,3.3,,0,0,,,,23,0,0,0,20,0,,,0,2,0,0,2,0,0,0,0,0,0,0,0,0,0,0,,0,,,,,,0,0,0,0,0,0,0,0,0,1,0,,0,0,,,,,,,,
GB2959,fdc7e6a4847e0a220df4ef6e65e3a9fbd7df2632563ffde6431fa4cd2ff8e7a1,hardneg,TRUE_ENCRYPTION,,grid,full,0,4.1,,0,0,,,,23,0,20,0,20,0,,,10,4,0,0,4,0,0,0,0,0,0,0,0,0,0,0,,0,,,,,,0,0,0,0,0,0,0,0,0,1,0,,0,0,,,,,,,,
GB2960,1f53357d7f084ee18c5494e4637b93fc3c53ba62a6ac93b4e48bb2814f7cca9c,hardneg,TRUE_ENCRYPTION,,grid,full,0,4.3,,0,0,,,,23,0,20,0,20,0,,,10,3,0,0,3,0,0,0,0,0,0,0,0,0,0,0,,0,,,,,,0,0,0,0,0,0,0,0,0,1,0,,0,0,,,,,,,,
GB2961,0ab67c8cae59b177ed4a4b7eb5e22ffed2ec92a17a59744f8b2b0bc5f3bf627c,hardneg,NO_VICTIM_ACTIVITY,,grid,full,0,4.3,,0,0,,,,36,0,20,0,0,0,,,10,7,0,0,7,0,0,0,0,0,0,0,0,0,0,0,,0,,,,,,0,0,0,0,0,0,0,0,0,1,0,,0,0,,,,,,,,
GB2962,d15b10be36a5e452d4e68f030e7b7d87f4ffe27cfe389c86b3b4ff6c17bc569e,hardneg,NO_VICTIM_ACTIVITY,,grid,full,1,2.1999999999999997,,189,0,,,,1000,189,0,0,0,0,0.0,0.0,0,19,0,5,14,74,2,0,2,0,0,0,1,1,3,2,,0,,,1,0,0,0,0,0,0,0,0,0,0,0,0,0,,0,0,,,,,,,,
GB2963,8f9760b669de344f48e0660ddc7e0887c50ef72dc17903783807a78e2197800b,hardneg,NO_VICTIM_ACTIVITY,,grid,full,1,2.0,,189,0,,,,1000,189,0,0,0,0,0.0,0.0,0,16,0,3,13,74,2,0,2,0,0,0,1,1,3,2,,0,,,1,0,0,0,0,0,0,0,0,0,0,0,0,0,,0,0,,,,,,,,
GB2964,b9fc322c9ea0d95c306234e9169c89cb2294f31fd10306572b86e39a8048b7f2,hardneg,NO_VICTIM_ACTIVITY,,grid,full,1,2.0,,189,0,,,,1000,189,0,0,0,0,0.0,0.0,0,20,0,6,14,60,0,0,2,0,0,0,0,0,1,0,,0,,,0,0,1,0,0,0,0,0,0,0,0,0,0,0,,0,0,,,,,,,,
GB2965,98c02439b64210664c3149e1220085c50fde0d319c67f078b61880d3e0ede057,hardneg,NO_VICTIM_ACTIVITY,,grid,full,1,2.0,,188,0,,,,1000,188,0,0,0,0,0.0,0.0,0,20,0,7,13,60,0,0,2,0,0,0,0,0,1,0,,0,,,0,0,1,0,0,0,0,0,0,0,0,0,0,0,,0,0,,,,,,,,
GB2966,407ba0b2016ca9b6e50b72b08c56fd50ca59857c719ee776208f3b647924a9a0,hardneg,NO_VICTIM_ACTIVITY,,grid,full,1,2.0,,189,0,,,,1000,189,0,0,0,0,0.0,0.0,0,16,0,4,12,60,0,0,2,0,0,0,0,0,1,0,,0,,,0,0,1,0,0,0,0,0,0,0,0,0,0,0,,0,0,,,,,,,,
GB2967,5f8c17154f675444da606ce537671e6ff5238e357699cc7c817ca2c73ca97d0d,hardneg,NO_VICTIM_ACTIVITY,,grid,full,1,2.0,,183,0,,,,1000,183,0,0,0,0,0.0,0.0,0,16,0,4,12,62,0,0,2,0,0,0,0,0,1,0,,0,,,0,0,1,0,0,0,0,0,0,0,0,0,0,0,,0,0,,,,,,,,
GB2968,8c87d739b8bdaaf53dfd1dd704634a19ed81e6b77051441dba9f14bb1606cfb4,hardneg,NO_VICTIM_ACTIVITY,,grid,full,1,2.0,,184,0,,,,1000,184,0,0,0,0,0.0,0.0,0,18,0,4,14,62,0,0,2,0,0,0,0,0,1,0,,0,,,0,0,1,0,0,0,0,0,0,0,0,0,0,0,,0,0,,,,,,,,
GB2969,719559377f98b4f9b3048f805d1973b757c0a3944bb53e80fd1e8ad2cac0fcc3,hardneg,NO_VICTIM_ACTIVITY,,grid,full,1,2.0,,183,0,,,,1000,183,0,0,0,0,0.0,0.0,0,17,0,4,13,62,0,0,2,0,0,0,0,0,1,0,,0,,,0,0,1,0,0,0,0,0,0,0,0,0,0,0,,0,0,,,,,,,,
GB2970,0790e61774a0ac267112edcad862d7426c1548c5a1b56365191ec48a0b658964,hardneg,NO_VICTIM_ACTIVITY,,grid,full,1,2.0,,184,0,,,,1000,184,0,0,0,0,0.0,0.0,0,19,0,5,14,62,0,0,2,0,0,0,0,0,1,0,,0,,,0,0,1,0,0,0,0,0,0,0,0,0,0,0,,0,0,,,,,,,,
GB2971,a389f860902d8c0a0efd701d40729bfa9a54f463e810bb7cc0fd515d1b529ece,hardneg,NO_VICTIM_ACTIVITY,,grid,full,1,2.0,,182,0,,,,1000,182,0,0,0,0,0.0,0.0,0,21,0,7,14,62,0,0,2,0,0,0,0,0,1,0,,0,,,0,0,1,0,0,0,0,0,0,0,0,0,0,0,,0,0,,,,,,,,
GB2972,9b544645fd2159d11405894f7bc22317183f504f9f264f26f41a55e30d426192,hardneg,NO_VICTIM_ACTIVITY,,grid,full,1,2.1999999999999997,,189,0,,,,2000,189,0,0,0,0,0.0,0.0,0,28,0,5,23,74,2,0,2,0,0,0,1,1,3,2,,0,,,1,0,0,0,0,0,0,0,0,0,0,0,0,0,,0,0,,,,,,,,
GB2973,8199094de8c7c19dbf3f672622e3ef13352c6ababd73b2269726a6049c7dde8a,hardneg,NO_VICTIM_ACTIVITY,,grid,full,1,2.0,,188,0,,,,2000,188,0,0,0,0,0.0,0.0,0,28,0,5,23,60,0,0,2,0,0,0,0,0,1,0,,0,,,0,0,1,0,0,0,0,0,0,0,0,0,0,0,,0,0,,,,,,,,
GB2974,380e1bc064996cf501685c0dfdb4698db92b87fff62ea6f3a67ebeb9ed0bf428,hardneg,NO_VICTIM_ACTIVITY,,grid,full,1,2.0,,189,0,,,,2000,189,0,0,0,0,0.0,0.0,0,29,0,5,24,60,0,0,2,0,0,0,0,0,1,0,,0,,,0,0,1,0,0,0,0,0,0,0,0,0,0,0,,0,0,,,,,,,,
GB2975,dc387ec226f927fd055bfd43c7f9d3f694c71e204d4b76c9e2051594d2aa294e,hardneg,NO_VICTIM_ACTIVITY,,grid,full,1,2.0,,189,0,,,,2000,189,0,0,0,0,0.0,0.0,0,26,0,5,21,60,0,0,2,0,0,0,0,0,1,0,,0,,,0,0,1,0,0,0,0,0,0,0,0,0,0,0,,0,0,,,,,,,,
GB2976,6e5ad8671065fdec38cf989c8fa205d385495b3193a8693d8a72447e574049ca,hardneg,NO_VICTIM_ACTIVITY,,grid,full,1,2.0,,184,0,,,,2000,184,0,0,0,0,0.0,0.0,0,29,0,5,24,62,0,0,2,0,0,0,0,0,1,0,,0,,,0,0,1,0,0,0,0,0,0,0,0,0,0,0,,0,0,,,,,,,,
GB2977,f256b091e27b98150f26e48bb4074a8df5cadcd9952fa3d8d9001eb6a7a14c4f,hardneg,NO_VICTIM_ACTIVITY,,grid,full,1,2.0,,184,0,,,,2000,184,0,0,0,0,0.0,0.0,0,35,0,5,30,62,0,0,2,0,0,0,0,0,1,0,,0,,,0,0,1,0,0,0,0,0,0,0,0,0,0,0,,0,0,,,,,,,,
GB2978,ff53591a9e47997331050697c01725ab267e19a60cb1f5e6ca46670a61786eb9,hardneg,NO_VICTIM_ACTIVITY,,grid,full,1,2.0,,181,0,,,,200,181,0,0,0,0,0.0,0.0,0,7,0,4,3,62,0,0,2,0,0,0,0,0,1,0,,0,,,0,0,1,0,0,0,0,0,0,0,0,0,0,0,,0,0,,,,,,,,
GB2979,ed6bf740449d7c54e5def6ac0453d9065c6d0594e1dc2b229cd84d57544d0dc1,hardneg,NO_VICTIM_ACTIVITY,,grid,full,1,2.0,,181,0,,,,200,181,0,0,0,0,0.0,0.0,0,10,0,6,4,62,0,0,2,0,0,0,0,0,1,0,,0,,,0,0,1,0,0,0,0,0,0,0,0,0,0,0,,0,0,,,,,,,,
GB2980,c4ae8701e4143dcf1ab9a29655e7cebbd91944190100d49a4a16095cad4d5e77,hardneg,NO_VICTIM_ACTIVITY,,grid,full,1,2.0,,180,0,,,,200,180,0,0,0,0,0.0,0.0,0,7,0,5,2,62,0,0,2,0,0,0,0,0,1,0,,0,,,0,0,1,0,0,0,0,0,0,0,0,0,0,0,,0,0,,,,,,,,
GB2981,2f5178c921af953770a249a72480e963c96bf18fa4972bd036a394a16fbded9d,hardneg,NO_VICTIM_ACTIVITY,,grid,full,1,2.0,,186,0,,,,200,186,0,0,0,0,0.0,0.0,0,7,0,5,2,60,0,0,2,0,0,0,0,0,1,0,,0,,,0,0,1,0,0,0,0,0,0,0,0,0,0,0,,0,0,,,,,,,,
GB2982,0977a054dcd669d39baabcb62e78eab3f1c07fad68664df62805a40923555cd2,hardneg,NO_VICTIM_ACTIVITY,,grid,full,1,2.0,,186,0,,,,200,186,0,0,0,0,0.0,0.0,0,7,0,4,3,60,0,0,2,0,0,0,0,0,1,0,,0,,,0,0,1,0,0,0,0,0,0,0,0,0,0,0,,0,0,,,,,,,,
GB2983,27b4b5b186d6c9487f61be182b79824b3bef1ceb0833f955800d994e401855fc,hardneg,NO_VICTIM_ACTIVITY,,grid,full,1,2.0,,186,0,,,,200,186,0,0,0,0,0.0,0.0,0,10,0,7,3,60,0,0,2,0,0,0,0,0,1,0,,0,,,0,0,1,0,0,0,0,0,0,0,0,0,0,0,,0,0,,,,,,,,
GB2984,52307ca97a58225423bec10159fdbac23d361e7531faae811de49cac74e7617d,hardneg,NO_VICTIM_ACTIVITY,,grid,full,1,2.0,,186,0,,,,200,186,0,0,0,0,0.0,0.0,0,203,0,4,199,60,0,0,2,0,0,0,0,0,1,0,,0,,,0,0,1,0,0,0,0,0,0,0,0,0,0,0,,0,0,,,,,,,,
GB2985,e6426f3c30ac7b7a5642d54d581e6871b59b1b1eebaefcb4d1db12e81adcaa56,hardneg,NO_VICTIM_ACTIVITY,,grid,full,1,2.0,,186,0,,,,200,186,0,0,0,0,0.0,0.0,0,207,0,8,199,60,0,0,2,0,0,0,0,0,1,0,,0,,,0,0,1,0,0,0,0,0,0,0,0,0,0,0,,0,0,,,,,,,,
GB2986,b209fbbf4da18db3602f7c8ac3752ca2f09f0db20b9d2df5b31fcf7d34f4a6f9,hardneg,NO_VICTIM_ACTIVITY,,grid,full,1,2.0,,186,0,,,,200,186,0,0,0,0,0.0,0.0,0,16,0,5,11,60,0,0,2,0,0,0,0,0,1,0,,0,,,0,0,1,0,0,0,0,0,0,0,0,0,0,0,,0,0,,,,,,,,
GB2987,f25b9416a378fdeb1ed8ace95941ee461b70085a2a5b0a05707d60c0170c8821,hardneg,NO_VICTIM_ACTIVITY,,grid,full,1,2.0,,186,0,,,,200,186,0,0,0,0,0.0,0.0,0,16,0,4,12,60,0,0,2,0,0,0,0,0,1,0,,0,,,0,0,1,0,0,0,0,0,0,0,0,0,0,0,,0,0,,,,,,,,
GB2988,2c0996d623223257e87b69c8702b6757322a7f7b3eb8d2e2a3acd186e6b89301,hardneg,NO_VICTIM_ACTIVITY,,grid,full,1,2.0,,186,0,,,,200,186,0,0,0,0,0.0,0.0,0,17,0,5,12,60,0,0,2,0,0,0,0,0,1,0,,0,,,0,0,1,0,0,0,0,0,0,0,0,0,0,0,,0,0,,,,,,,,
GB2989,2b9992f499ebc0d77ee18954fa5c6bddf98d171c41b2c4b09bdf7b9523842eba,hardneg,NO_VICTIM_ACTIVITY,,grid,full,1,2.0,,186,0,,,,200,186,0,0,0,0,0.0,0.0,0,159,0,6,153,61,0,0,2,0,0,0,0,0,1,0,,0,,,0,0,1,0,0,0,0,0,0,0,0,0,0,0,,0,0,,,,,,,,
GB2990,452356692413e3a4df980fcdd87730ad8363764a527d512059a8adb1725eca60,hardneg,NO_VICTIM_ACTIVITY,,grid,full,1,7.0,,186,0,,,,200,186,0,0,0,0,0.0,0.0,0,162,0,5,157,61,0,0,2,0,0,0,0,0,1,0,,0,,,0,0,1,0,0,0,0,0,0,0,0,0,0,0,,0,0,,,,,,,,
GB2991,26136b21227ee4e694f59c4b616d701fe32a61c0ab37fb4dc4f0f2f7d01152ac,hardneg,NO_VICTIM_ACTIVITY,,grid,full,1,2.1999999999999997,,186,0,,,,500,186,0,0,0,0,0.0,0.0,0,15,0,6,9,74,2,0,2,0,0,0,1,1,3,2,,0,,,1,0,0,0,0,0,0,0,0,0,0,0,0,0,,0,0,,,,,,,,
GB2992,bfd0fee07c7b6d55ed50cbe1438b1f94cb3f58f71e824f11d1cd11e7287e6a92,hardneg,NO_VICTIM_ACTIVITY,,grid,full,1,2.0,,186,0,,,,500,186,0,0,0,0,0.0,0.0,0,10,0,4,6,60,0,0,2,0,0,0,0,0,1,0,,0,,,0,0,1,0,0,0,0,0,0,0,0,0,0,0,,0,0,,,,,,,,
GB2993,5704abc43d3fc76d653b19211f38ca582183988240ea970007c2abac59e88479,hardneg,NO_VICTIM_ACTIVITY,,grid,full,1,2.0,,186,0,,,,500,186,0,0,0,0,0.0,0.0,0,14,0,5,9,60,0,0,2,0,0,0,0,0,1,0,,0,,,0,0,1,0,0,0,0,0,0,0,0,0,0,0,,0,0,,,,,,,,
GB2994,a959da0a8dee4ae95af6dfacdbd1e57cd5c0140949be220c0184b174177f0deb,hardneg,NO_VICTIM_ACTIVITY,,grid,full,1,2.0,,186,0,,,,500,186,0,0,0,0,0.0,0.0,0,13,0,4,9,60,0,0,2,0,0,0,0,0,1,0,,0,,,0,0,1,0,0,0,0,0,0,0,0,0,0,0,,0,0,,,,,,,,
GB2995,0fa61ee2763f86887bc707a4a51e40313379860347eab965abeeab68b2922532,hardneg,NO_VICTIM_ACTIVITY,,grid,full,1,2.0,,186,0,,,,500,186,0,0,0,0,0.0,0.0,0,10,0,3,7,60,0,0,2,0,0,0,0,0,1,0,,0,,,0,0,1,0,0,0,0,0,0,0,0,0,0,0,,0,0,,,,,,,,
GB2996,ca651ce465c8b06aacb75622c25bad9222fa72d84145e2286f9fc843461730f2,hardneg,NO_VICTIM_ACTIVITY,,grid,full,1,2.0,,181,0,,,,500,181,0,0,0,0,0.0,0.0,0,34,0,7,27,62,0,0,2,0,0,0,0,0,1,0,,0,,,0,0,1,0,0,0,0,0,0,0,0,0,0,0,,0,0,,,,,,,,
GB2997,700bff173bccad999d3f45fce2a8cbc728f0ed38fdc562b35764750bb7a1b88b,hardneg,NO_VICTIM_ACTIVITY,,grid,full,1,2.0,,181,0,,,,500,181,0,0,0,0,0.0,0.0,0,37,0,7,30,62,0,0,2,0,0,0,0,0,1,0,,0,,,0,0,1,0,0,0,0,0,0,0,0,0,0,0,,0,0,,,,,,,,
GB2998,63aad15cfff33789a877fc776a8e43aa1c938fd64ce6c2d63bd61c098fa393bf,hardneg,NO_VICTIM_ACTIVITY,,grid,full,1,2.1999999999999997,,183,0,,,,50,183,0,0,0,0,0.0,0.0,0,21,0,19,2,74,2,0,2,0,0,0,1,1,3,2,,0,,,1,0,0,0,0,0,0,0,0,0,0,0,0,0,,0,0,,,,,,,,
GB2999,345363022221ac0dc2b1366bdf39919e5bc429305379018b364099bab064ca2f,hardneg,NO_VICTIM_ACTIVITY,,grid,full,1,2.1999999999999997,,183,0,,,,50,183,0,0,0,0,0.0,0.0,0,11,0,8,3,74,2,0,2,0,0,0,1,1,3,2,,0,,,1,0,0,0,0,0,0,0,0,0,0,0,0,0,,0,0,,,,,,,,
GB3000,d8879e35c4a5aca337cdf6db34b689e2c1bf806f8dd0f1e0fed064f6f714cfb4,hardneg,NO_VICTIM_ACTIVITY,,grid,full,1,2.0,,183,0,,,,50,183,0,0,0,0,0.0,0.0,0,13,0,11,2,60,0,0,2,0,0,0,0,0,1,0,,0,,,0,0,1,0,0,0,0,0,0,0,0,0,0,0,,0,0,,,,,,,,
GB3001,b69b63b9c774fbfb157d8396f1549547ccd823d4d2bee8426d4d58ae17bc487d,hardneg,NO_VICTIM_ACTIVITY,,grid,full,1,2.0,,183,0,,,,50,183,0,0,0,0,0.0,0.0,0,8,0,7,1,60,0,0,2,0,0,0,0,0,1,0,,0,,,0,0,1,0,0,0,0,0,0,0,0,0,0,0,,0,0,,,,,,,,
GB3002,e092bb0555483fde721e6daf3e783735a40a859293fa604bd16670405b8fa6ad,hardneg,NO_VICTIM_ACTIVITY,,grid,full,1,2.0,,178,0,,,,50,178,0,0,0,0,0.0,0.0,0,9,0,7,2,62,0,0,2,0,0,0,0,0,1,0,,0,,,0,0,1,0,0,0,0,0,0,0,0,0,0,0,,0,0,,,,,,,,
GB3003,14824e941f2919ca699b09f9e17220dba2b14474483dad07c0da48b9b45ffa6f,hardneg,NO_VICTIM_ACTIVITY,,grid,full,1,2.0,,424,0,,,,1000,424,0,0,0,0,0.0,0.0,0,57,0,33,24,61,0,0,3,0,0,0,0,0,1,0,,82,0,0,0,0,1,0,0,0,0,0,0,0,0,0,0,0,,0,0,,,,,,,,
GB3004,5954f54168830c7bb9f13024dac419fabfbb2d8748ba46159825eaf434ca8a07,hardneg,NO_VICTIM_ACTIVITY,,grid,full,1,2.0,,424,0,,,,1000,424,0,0,0,0,0.0,0.0,0,65,0,35,30,61,0,0,3,0,0,0,0,0,1,0,,82,0,0,0,0,1,0,0,0,0,0,0,0,0,0,0,0,,0,0,,,,,,,,
GB3005,786841216c158ba854cc1ff03c426b4acfa125ca31f317d56f35047f5661fce4,hardneg,NO_VICTIM_ACTIVITY,,grid,full,1,2.0,,242,0,,,,1000,242,0,0,0,0,0.0,0.0,0,67,0,46,21,63,0,0,3,0,0,0,0,0,1,0,,481,0,0,0,0,1,0,0,0,0,0,0,0,0,0,0,0,,0,0,,,,,,,,
GB3006,f0adafe4a98fa131c1155f43d2b2a61090fca39e2f6d4503013a90ae22afa9d9,hardneg,NO_VICTIM_ACTIVITY,,grid,full,1,2.0,,247,0,,,,1000,247,0,0,0,0,0.0,0.0,0,60,0,42,18,63,0,0,3,0,0,0,0,0,1,0,,487,0,0,0,0,1,0,0,0,0,0,0,0,0,0,0,0,,0,0,,,,,,,,
GB3007,3cfe958f3a75612924cae6c0a1018e8f3808dbcaba292051ab08181f460e4330,hardneg,NO_VICTIM_ACTIVITY,,grid,full,1,2.0,,424,0,,,,2000,424,0,0,0,0,0.0,0.0,0,91,0,36,55,61,0,0,3,0,0,0,0,0,1,0,,82,0,0,0,0,1,0,0,0,0,0,0,0,0,0,0,0,,0,0,,,,,,,,
GB3008,a5837d60c5bb42d8282ebfa2ffc25aafa7d94476bbcdf0ab4643ed026ece00e1,hardneg,NO_VICTIM_ACTIVITY,,grid,full,1,2.0,,424,0,,,,2000,424,0,0,0,0,0.0,0.0,0,92,0,37,55,61,0,0,3,0,0,0,0,0,1,0,,82,0,0,0,0,1,0,0,0,0,0,0,0,0,0,0,0,,0,0,,,,,,,,
GB3009,23c843917d176c9236630897d2d77397b15c9b6271d29b7cb0820d1e438d6661,hardneg,NO_VICTIM_ACTIVITY,,grid,full,1,2.0,,423,0,,,,2000,423,0,0,0,0,0.0,0.0,0,57,0,24,33,61,0,0,3,0,0,0,0,0,1,0,,82,0,0,0,0,1,0,0,0,0,0,0,0,0,0,0,0,,0,0,,,,,,,,
GB3010,91fdefd18ceafe800071625385c65ca7fd9914b7432fb7c8f6bd9db77f7821e9,hardneg,NO_VICTIM_ACTIVITY,,grid,full,1,8.0,,304,0,,,,2000,304,0,0,0,0,0.0,0.0,0,73,0,59,14,63,0,0,3,0,0,0,0,0,1,0,,599,1,1,0,0,1,0,0,0,0,0,0,0,0,0,0,0,,0,0,,,,,,,,
GB3011,9fc59808bd1c372f36bb4ab7218ffb37b66d1d83ccf9de34889e5d14e5a56a0d,hardneg,NO_VICTIM_ACTIVITY,,grid,full,1,2.0,,296,0,,,,2000,296,0,0,0,0,0.0,0.0,0,87,0,58,29,63,0,0,3,0,0,0,0,0,1,0,,1025,1,1,0,0,1,0,0,0,0,0,0,0,0,0,0,0,,0,0,,,,,,,,
GB3012,4c3e458b035c9ef26f4c7f44ead660ce269f2f3f37d21e9ff1c005a502dc5160,hardneg,NO_VICTIM_ACTIVITY,,grid,full,1,8.0,,306,0,,,,2000,306,0,0,0,0,0.0,0.0,0,77,0,65,12,63,0,0,3,0,0,0,0,0,1,0,,551,1,1,0,0,1,0,0,0,0,0,0,0,0,0,0,0,,0,0,,,,,,,,
GB3013,caa1953c60b87b33f3cf68a5ea19ca9b0675d1575f4930e1b306265a8aad3350,hardneg,NO_VICTIM_ACTIVITY,,grid,full,1,8.0,,294,0,,,,2000,294,0,0,0,0,0.0,0.0,0,79,0,65,14,63,0,0,3,0,0,0,0,0,1,0,,718,0,0,0,0,1,0,0,0,0,0,0,0,0,0,0,0,,0,0,,,,,,,,
GB3014,e8cf33be33582d689d0fd44893e31516d2bebb8629432c58f6b89793b106579b,hardneg,NO_VICTIM_ACTIVITY,,grid,full,1,8.0,,308,0,,,,2000,308,0,0,0,0,0.0,0.0,0,75,0,61,14,63,0,0,3,0,0,0,0,0,1,0,,528,0,0,0,0,1,0,0,0,0,0,0,0,0,0,0,0,,0,0,,,,,,,,
GB3015,627cefe9cfa3c0a2dce0aca6cb4bf2ef8e16f5ccc046b6675cb8da3dbad8ce1b,hardneg,NO_VICTIM_ACTIVITY,,grid,full,1,2.0,,375,0,,,,200,375,0,0,0,0,0.0,0.0,0,23,0,23,0,61,0,0,3,0,0,0,0,0,1,0,,82,0,0,0,0,1,0,0,0,0,0,0,0,0,0,0,0,,0,0,,,,,,,,
GB3016,c3b89388cd359f908d1b2f625eb265acb7ed681282e4d3c8ec23cff66133a223,hardneg,NO_VICTIM_ACTIVITY,,grid,full,1,2.0,,375,0,,,,200,375,0,0,0,0,0.0,0.0,0,22,0,22,0,61,0,0,3,0,0,0,0,0,1,0,,82,0,0,0,0,1,0,0,0,0,0,0,0,0,0,0,0,,0,0,,,,,,,,
GB3017,e71bec877d3eadea493cbded9930472fec6fdadcd9ea6d7ec151ca88acecc829,hardneg,NO_VICTIM_ACTIVITY,,grid,full,1,2.0,,192,0,,,,200,192,0,0,0,0,0.0,0.0,0,23,0,15,8,63,0,0,3,0,0,0,0,0,1,0,,0,,,0,0,1,0,0,0,0,0,0,0,0,0,0,0,,0,0,,,,,,,,
GB3018,ded9fc86530e5beb92ba4084013b183515e3808e23e42a7b83765a1ad086fa51,hardneg,NO_VICTIM_ACTIVITY,,grid,full,1,2.0,,196,0,,,,200,196,0,0,0,0,0.0,0.0,0,20,0,15,5,63,0,0,3,0,0,0,0,0,1,0,,111,0,0,0,0,1,0,0,0,0,0,0,0,0,0,0,0,,0,0,,,,,,,,
GB3019,d4a157e622693bbaa58b3a811c89f07d133c7365298c5ecbe168d4d5d7b97500,hardneg,NO_VICTIM_ACTIVITY,,grid,full,1,2.0,,420,0,,,,500,420,0,0,0,0,0.0,0.0,0,23,0,19,4,61,0,0,3,0,0,0,0,0,1,0,,82,0,0,0,0,1,0,0,0,0,0,0,0,0,0,0,0,,0,0,,,,,,,,
GB3020,a959b9b62a8d2fe950886d5c8acfa0779af7bc9966a6f8fe3ed0987017869e83,hardneg,NO_VICTIM_ACTIVITY,,grid,full,1,2.0,,421,0,,,,500,421,0,0,0,0,0.0,0.0,0,34,0,31,3,61,0,0,3,0,0,0,0,0,1,0,,82,0,0,0,0,1,0,0,0,0,0,0,0,0,0,0,0,,0,0,,,,,,,,
GB3021,9ffa0125026149419b947faa46e04f951fc278fdefcd7c654d718266419faadd,hardneg,NO_VICTIM_ACTIVITY,,grid,full,1,2.0,,421,0,,,,500,421,0,0,0,0,0.0,0.0,0,26,0,22,4,61,0,0,3,0,0,0,0,0,1,0,,82,0,0,0,0,1,0,0,0,0,0,0,0,0,0,0,0,,0,0,,,,,,,,
GB3022,dbfae20392ed9caf01aef4c9c8af569d5abc80bce94ed6b69a005f32976e678b,hardneg,NO_VICTIM_ACTIVITY,,grid,full,1,2.0,,421,0,,,,500,421,0,0,0,0,0.0,0.0,0,32,0,26,6,61,0,0,3,0,0,0,0,0,1,0,,82,0,0,0,0,1,0,0,0,0,0,0,0,0,0,0,0,,0,0,,,,,,,,
GB3023,e274eb1b9cd108ef4aaa529fd04d05753adab57ccee42c781da1c90c796ec7eb,hardneg,NO_VICTIM_ACTIVITY,,grid,full,1,2.0,,204,0,,,,500,204,0,0,0,0,0.0,0.0,0,43,0,27,16,63,0,0,3,0,0,0,0,0,1,0,,464,0,0,0,0,1,0,0,0,0,0,0,0,0,0,0,0,,0,0,,,,,,,,
GB3024,b0e4ab5e86c2557f82fdfa38d73dbd36b96daf5ba03db0dd9a18a0e6263e97ea,hardneg,NO_VICTIM_ACTIVITY,,grid,full,1,2.0,,234,0,,,,50,234,0,0,0,0,0.0,0.0,0,16,0,16,0,61,0,0,3,0,0,0,0,0,1,0,,82,0,0,0,0,1,0,0,0,0,0,0,0,0,0,0,0,,0,0,,,,,,,,
GB3025,a2a5588cdf45646ce573d72e58ef82fe41df43c2d322e58b4ad53bac77dca504,hardneg,NO_VICTIM_ACTIVITY,,grid,full,1,2.0,,234,0,,,,50,234,0,0,0,0,0.0,0.0,0,10,0,10,0,61,0,0,3,0,0,0,0,0,1,0,,82,0,0,0,0,1,0,0,0,0,0,0,0,0,0,0,0,,0,0,,,,,,,,
GB3026,f1f0fb52eb6afabf097bb2cded2568570c52713893cc942f43c4fc7a8c2b302e,hardneg,NO_VICTIM_ACTIVITY,,grid,full,1,2.0,,181,0,,,,50,181,0,0,0,0,0.0,0.0,0,8,0,7,1,63,0,0,3,0,0,0,0,0,1,0,,0,,,0,0,1,0,0,0,0,0,0,0,0,0,0,0,,0,0,,,,,,,,
GB3027,b4dcda4787f69feeb1493de7e6cac939d01564f37e58ea054d093ecb97121821,hardneg,NO_VICTIM_ACTIVITY,,grid,full,1,2.0,,179,0,,,,50,179,0,0,0,0,0.0,0.0,0,10,0,9,1,63,0,0,3,0,0,0,0,0,1,0,,0,,,0,0,1,0,0,0,0,0,0,0,0,0,0,0,,0,0,,,,,,,,
GB3028,8880741dd8202ac79d4fc7cbe579a803eda5c247c96323af5b62e2810a024354,hardneg,NO_VICTIM_ACTIVITY,,grid,full,1,2.1999999999999997,,643,0,,,,1000,643,0,0,0,0,0.0,0.0,0,49,0,35,14,75,2,0,3,0,0,0,1,1,3,2,,82,0,0,1,0,0,0,0,0,0,0,0,0,0,0,0,0,,0,0,,,,,,,,
GB3029,b3ab0b84686b28f2f6a821a82a72b122f41baf8cd39776010d21a1e3294cf41a,hardneg,NO_VICTIM_ACTIVITY,,grid,full,1,2.0,,643,0,,,,1000,643,0,0,0,0,0.0,0.0,0,47,0,36,11,61,0,0,3,0,0,0,0,0,1,0,,82,0,0,0,0,1,0,0,0,0,0,0,0,0,0,0,0,,0,0,,,,,,,,
GB3030,d0d8ff0a675ebfe835b8ab024aa72c33526b1e7968cb87c9cd0f09827eb3103f,hardneg,NO_VICTIM_ACTIVITY,,grid,full,1,2.0,,643,0,,,,1000,643,0,0,0,0,0.0,0.0,0,49,0,37,12,61,0,0,3,0,0,0,0,0,1,0,,82,0,0,0,0,1,0,0,0,0,0,0,0,0,0,0,0,,0,0,,,,,,,,
GB3031,d5f5aa509cf8addfd4a035aae0be3900cb1c8cdcb85de1725db0355e11f8356f,hardneg,NO_VICTIM_ACTIVITY,,grid,full,1,2.0,,643,0,,,,1000,643,0,0,0,0,0.0,0.0,0,54,0,41,13,61,0,0,3,0,0,0,0,0,1,0,,82,0,0,0,0,1,0,0,0,0,0,0,0,0,0,0,0,,0,0,,,,,,,,
GB3032,52ab383d177043a01e7b0605d8c8a7b47f387530a0d406ecc9386ac42fba7e69,hardneg,NO_VICTIM_ACTIVITY,,grid,full,1,2.0,,643,0,,,,1000,643,0,0,0,0,0.0,0.0,0,52,0,34,18,61,0,0,3,0,0,0,0,0,1,0,,82,0,0,0,0,1,0,0,0,0,0,0,0,0,0,0,0,,0,0,,,,,,,,
GB3033,c0a847a08b11b1451bfe9fd829af30f4e36975dcc1e5e392baf7b12a1d49eb7c,hardneg,NO_VICTIM_ACTIVITY,,grid,full,1,2.0,,305,0,,,,1000,305,0,0,0,0,0.0,0.0,0,48,0,45,3,63,0,0,3,0,0,0,0,0,1,0,,1098,0,0,0,0,1,0,0,0,0,0,0,0,0,0,0,0,,0,0,,,,,,,,
GB3034,9d23fad4dcefc8389850b15742a97a52ce38a3a215a849c5dc7e6a600101efe1,hardneg,NO_VICTIM_ACTIVITY,,grid,full,1,8.0,,300,0,,,,1000,300,0,0,0,0,0.0,0.0,0,63,0,52,11,63,0,0,3,0,0,0,0,0,1,0,,696,0,0,0,0,1,0,0,0,0,0,0,0,0,0,0,0,,0,0,,,,,,,,
GB3035,39eac1d636cddd0172797db7b5f8c42bdbdddb2072fd2e447163866d1bc958f6,hardneg,NO_VICTIM_ACTIVITY,,grid,full,1,2.0,,309,0,,,,1000,309,0,0,0,0,0.0,0.0,0,54,0,49,5,63,0,0,3,0,0,0,0,0,1,0,,773,1,1,0,0,1,0,0,0,0,0,0,0,0,0,0,0,,0,0,,,,,,,,
GB3036,b46d64dc294caea64d83d7f362eb28d914b9fc64dcb092675520adb890ffcdcb,hardneg,NO_VICTIM_ACTIVITY,,grid,full,1,2.1999999999999997,,643,0,,,,2000,643,0,0,0,0,0.0,0.0,0,84,0,44,40,75,2,0,3,0,0,0,1,1,3,2,,82,0,0,1,0,0,0,0,0,0,0,0,0,0,0,0,0,,0,0,,,,,,,,
GB3037,0a5b6dbc8a191720c80e5e87f4c1984571bf0607a678454b255de3b132729886,hardneg,NO_VICTIM_ACTIVITY,,grid,full,1,2.0,,643,0,,,,2000,643,0,0,0,0,0.0,0.0,0,64,0,34,30,61,0,0,3,0,0,0,0,0,1,0,,82,0,0,0,0,1,0,0,0,0,0,0,0,0,0,0,0,,0,0,,,,,,,,
GB3038,5d9fd9755934e398a162c777acfc0cbeeb5a2f10a402b035f25df220599cf366,hardneg,NO_VICTIM_ACTIVITY,,grid,full,1,2.0,,643,0,,,,2000,643,0,0,0,0,0.0,0.0,0,86,0,42,44,61,0,0,3,0,0,0,0,0,1,0,,82,0,0,0,0,1,0,0,0,0,0,0,0,0,0,0,0,,0,0,,,,,,,,
GB3039,c158b0afb01eb78a26e0e36a10ec65474a4b1533b133b74a3d9d6194b9d7d425,hardneg,NO_VICTIM_ACTIVITY,,grid,full,1,2.0,,643,0,,,,2000,643,0,0,0,0,0.0,0.0,0,76,0,45,31,61,0,0,3,0,0,0,0,0,1,0,,82,0,0,0,0,1,0,0,0,0,0,0,0,0,0,0,0,,0,0,,,,,,,,
GB3040,c5b202fa97aed8edd68d005e1dd70680abab2882b33b2ded87edc1723bc93e48,hardneg,NO_VICTIM_ACTIVITY,,grid,full,1,2.0,,420,0,,,,2000,420,0,0,0,0,0.0,0.0,0,79,0,77,2,63,0,0,3,0,0,0,0,0,1,0,,988,2,2,0,0,1,0,0,0,0,0,0,0,0,0,0,0,,0,0,,,,,,,,
GB3041,00592136e624410ba3d437da9364135b5bb5d5248921a908ce48e255a2096a31,hardneg,NO_VICTIM_ACTIVITY,,grid,full,1,2.0,,415,0,,,,1999,415,0,0,0,0,0.0,0.0,0,85,0,77,8,63,0,0,3,0,0,0,0,0,1,0,,601,0,0,0,0,1,0,0,0,0,0,0,0,0,0,0,0,,0,0,,,,,,,,
GB3042,f4b562be0849aa6c84626694296d766ba5ae397f911bbeed439de4fc4dfde105,hardneg,NO_VICTIM_ACTIVITY,,grid,full,1,2.0,,414,0,,,,2000,414,0,0,0,0,0.0,0.0,0,83,0,76,7,63,0,0,3,0,0,0,0,0,1,0,,748,0,0,0,0,1,0,0,0,0,0,0,0,0,0,0,0,,0,0,,,,,,,,
GB3043,7d1c9f960abc65f61c85c55dd9887966243084a54f9d61683e7a25f5a23e4272,hardneg,NO_VICTIM_ACTIVITY,,grid,full,1,2.1999999999999997,,388,0,,,,200,388,0,0,0,0,0.0,0.0,0,27,0,27,0,75,2,0,3,0,0,0,1,1,3,2,,82,0,0,1,0,0,0,0,0,0,0,0,0,0,0,0,0,,0,0,,,,,,,,
GB3044,559bfc7d7e6c4ca7925ef9a9194491b4c12a6cba6e6b8a3bb6a22695fdff7ce5,hardneg,NO_VICTIM_ACTIVITY,,grid,full,1,2.0,,388,0,,,,200,388,0,0,0,0,0.0,0.0,0,24,0,24,0,61,0,0,3,0,0,0,0,0,1,0,,82,0,0,0,0,1,0,0,0,0,0,0,0,0,0,0,0,,0,0,,,,,,,,
GB3045,2d5da10c927d6428e343e6e32383933bf5cd1d15abcbb53744742c190aa6492d,hardneg,NO_VICTIM_ACTIVITY,,grid,full,1,2.0,,388,0,,,,200,388,0,0,0,0,0.0,0.0,0,24,0,24,0,61,0,0,3,0,0,0,0,0,1,0,,82,0,0,0,0,1,0,0,0,0,0,0,0,0,0,0,0,,0,0,,,,,,,,
GB3046,24a6aa8478089e69478b7b7ac564eeb12c8064a01a6d467697e9b83d2c2d8b30,hardneg,NO_VICTIM_ACTIVITY,,grid,full,1,2.0,,197,0,,,,200,197,0,0,0,0,0.0,0.0,0,20,0,15,5,63,0,0,3,0,0,0,0,0,1,0,,220,1,1,0,0,1,0,0,0,0,0,0,0,0,0,0,0,,0,0,,,,,,,,
GB3047,674ef3465a02f898984e70756b7cc3f488818fc16cb22539acfbf573a267d2d3,hardneg,NO_VICTIM_ACTIVITY,,grid,full,1,8.0,,201,0,,,,200,201,0,0,0,0,0.0,0.0,0,16,0,12,4,63,0,0,3,0,0,0,0,0,1,0,,136,0,0,0,0,1,0,0,0,0,0,0,0,0,0,0,0,,0,0,,,,,,,,
GB3048,fd1c5b61c91f46bb218779865cbf0c7e9b8638691a111cd535bd801b3bc2b629,hardneg,NO_VICTIM_ACTIVITY,,grid,full,1,2.0,,206,0,,,,200,206,0,0,0,0,0.0,0.0,0,17,0,16,1,63,0,0,3,0,0,0,0,0,1,0,,0,,,0,0,1,0,0,0,0,0,0,0,0,0,0,0,,0,0,,,,,,,,
GB3049,1806290b0939aa76fddaa3305c97d781a80fd7724e545d5407aa7b27ee574471,hardneg,NO_VICTIM_ACTIVITY,,grid,full,1,2.0,,388,0,,,,200,388,0,0,0,0,0.0,0.0,0,22,0,22,0,61,0,0,3,0,0,0,0,0,1,0,,82,0,0,0,0,1,0,0,0,0,0,0,0,0,0,0,0,,0,0,,,,,,,,
GB3050,81f8bae8feb06ec8aa5d7907e2464e2b6713d2c65e96f9dfe2eeba7d7869b183,hardneg,NO_VICTIM_ACTIVITY,,grid,full,1,2.0,,388,0,,,,200,388,0,0,0,0,0.0,0.0,0,209,0,205,4,61,0,0,3,0,0,0,0,0,1,0,,82,0,0,0,0,1,0,0,0,0,0,0,0,0,0,0,0,,0,0,,,,,,,,
GB3051,40a415da4a8b03bcd0c0f0ffd8bb63af751f9bd3574a6624adfa8d7786370536,hardneg,NO_VICTIM_ACTIVITY,,grid,full,1,2.0,,388,0,,,,200,388,0,0,0,0,0.0,0.0,0,212,0,206,6,61,0,0,3,0,0,0,0,0,1,0,,82,0,0,0,0,1,0,0,0,0,0,0,0,0,0,0,0,,0,0,,,,,,,,
GB3052,d4340127b1ed91d4fdaf87c8fdbbfb411d59008b2dfc1c75a3ec0ae659fb2db7,hardneg,NO_VICTIM_ACTIVITY,,grid,full,1,2.0,,388,0,,,,200,388,0,0,0,0,0.0,0.0,0,211,0,205,6,61,0,0,3,0,0,0,0,0,1,0,,82,0,0,0,0,1,0,0,0,0,0,0,0,0,0,0,0,,0,0,,,,,,,,
GB3053,bf9ad017a3a74015ef6482f564cd6d66f4b2e3216a763dcca24bb33c05cea410,hardneg,NO_VICTIM_ACTIVITY,,grid,full,1,2.0,,388,0,,,,200,388,0,0,0,0,0.0,0.0,0,214,0,209,5,61,0,0,3,0,0,0,0,0,1,0,,82,0,0,0,0,1,0,0,0,0,0,0,0,0,0,0,0,,0,0,,,,,,,,
GB3054,2beff52d5b791be233ccc221d9c07173dd8611db25def421e742dc508d8948ee,hardneg,NO_VICTIM_ACTIVITY,,grid,full,1,2.0,,388,0,,,,200,388,0,0,0,0,0.0,0.0,0,36,0,36,0,61,0,0,3,0,0,0,0,0,1,0,,82,0,0,0,0,1,0,0,0,0,0,0,0,0,0,0,0,,0,0,,,,,,,,
GB3055,47bbe59cd77286ad79e3309da58cc26594c3a8bb3670f6180fb5a11aa55712b8,hardneg,NO_VICTIM_ACTIVITY,,grid,full,1,2.0,,388,0,,,,200,388,0,0,0,0,0.0,0.0,0,26,0,26,0,61,0,0,3,0,0,0,0,0,1,0,,82,0,0,0,0,1,0,0,0,0,0,0,0,0,0,0,0,,0,0,,,,,,,,
GB3056,88f60505b8e508fe0c75516c5bdc0e7c4cd76ac7b73f732d9bbb411cad8ae700,hardneg,NO_VICTIM_ACTIVITY,,grid,full,1,2.0,,388,0,,,,200,388,0,0,0,0,0.0,0.0,0,29,0,29,0,61,0,0,3,0,0,0,0,0,1,0,,82,0,0,0,0,1,0,0,0,0,0,0,0,0,0,0,0,,0,0,,,,,,,,
GB3057,ef83878b50b128cc17d913c1d16f971f2e3f6c2275d0dd047b239b888361f87d,hardneg,NO_VICTIM_ACTIVITY,,grid,full,1,7.0,,387,0,,,,200,387,0,0,0,0,0.0,0.0,0,179,0,179,0,62,0,0,3,0,0,0,0,0,1,0,,82,0,0,0,0,1,0,0,0,0,0,0,0,0,0,0,0,,0,0,,,,,,,,
GB3058,79c2edeeb4ad2d746d347fea9bbd2edfaddc9fc475df41c78cff9d905e88bf25,hardneg,NO_VICTIM_ACTIVITY,,grid,full,1,7.0,,388,0,,,,200,388,0,0,0,0,0.0,0.0,0,183,0,182,1,62,0,0,3,0,0,0,0,0,1,0,,82,0,0,0,0,1,0,0,0,0,0,0,0,0,0,0,0,,0,0,,,,,,,,
GB3059,4867b0ac296b0f2f45cde25ccd0736b3a63ed55abc5b0cdf2b1ac2a45ed5d900,hardneg,NO_VICTIM_ACTIVITY,,grid,full,1,2.1999999999999997,,640,0,,,,500,640,0,0,0,0,0.0,0.0,0,36,0,36,0,75,2,0,3,0,0,0,1,1,3,2,,82,0,0,1,0,0,0,0,0,0,0,0,0,0,0,0,0,,0,0,,,,,,,,
GB3060,f3c4b5ecfc7fd1d6657922531899892372d022d84e5d6bdcc0a377177231a484,hardneg,NO_VICTIM_ACTIVITY,,grid,full,1,2.0,,640,0,,,,500,640,0,0,0,0,0.0,0.0,0,33,0,32,1,61,0,0,3,0,0,0,0,0,1,0,,82,0,0,0,0,1,0,0,0,0,0,0,0,0,0,0,0,,0,0,,,,,,,,
GB3061,00ea90de9d21e95c7fbc5fbe9096469cd35419f4069329ece6295305d5b2f527,hardneg,NO_VICTIM_ACTIVITY,,grid,full,1,2.0,,640,0,,,,500,640,0,0,0,0,0.0,0.0,0,26,0,25,1,61,0,0,3,0,0,0,0,0,1,0,,82,0,0,0,0,1,0,0,0,0,0,0,0,0,0,0,0,,0,0,,,,,,,,
GB3062,71a25fe23e8035d8bf37716761b1190e13fd14618deaae050e52602b3cffbc6d,hardneg,NO_VICTIM_ACTIVITY,,grid,full,1,2.0,,640,0,,,,500,640,0,0,0,0,0.0,0.0,0,33,0,32,1,61,0,0,3,0,0,0,0,0,1,0,,82,0,0,0,0,1,0,0,0,0,0,0,0,0,0,0,0,,0,0,,,,,,,,
GB3063,6fa22c79fb27a1222208f5d147ff42e83e963b4e2b02d263cb4850fefbb23a87,hardneg,NO_VICTIM_ACTIVITY,,grid,full,1,2.0,,640,0,,,,500,640,0,0,0,0,0.0,0.0,0,35,0,35,0,61,0,0,3,0,0,0,0,0,1,0,,82,0,0,0,0,1,0,0,0,0,0,0,0,0,0,0,0,,0,0,,,,,,,,
GB3064,a2f6df01afdaac20f968e9c52ee7b7b94bdfad61bcd8bdbc651e0436bc53b660,hardneg,NO_VICTIM_ACTIVITY,,grid,full,1,2.0,,640,0,,,,500,640,0,0,0,0,0.0,0.0,0,34,0,33,1,61,0,0,3,0,0,0,0,0,1,0,,82,0,0,0,0,1,0,0,0,0,0,0,0,0,0,0,0,,0,0,,,,,,,,
GB3065,4ba652c45e4e40495f1db461cd97eb8709310a1b899d2666f24b5a65f995a14b,hardneg,NO_VICTIM_ACTIVITY,,grid,full,1,2.0,,224,0,,,,500,224,0,0,0,0,0.0,0.0,0,30,0,24,6,63,0,0,3,0,0,0,0,0,1,0,,274,0,0,0,0,1,0,0,0,0,0,0,0,0,0,0,0,,0,0,,,,,,,,
GB3066,da6f1db3055e1b346b1dc04be106f3c2a8ce3b1ea6f0beb175954ee0eadbefda,hardneg,NO_VICTIM_ACTIVITY,,grid,full,1,2.0,,233,0,,,,500,233,0,0,0,0,0.0,0.0,0,30,0,29,1,63,0,0,3,0,0,0,0,0,1,0,,649,1,1,0,0,1,0,0,0,0,0,0,0,0,0,0,0,,0,0,,,,,,,,
GB3067,4d0facd7d112f0322c744687760cb75920b9cddaeed9733b012422a7c5a171e4,hardneg,NO_VICTIM_ACTIVITY,,grid,full,1,8.0,,237,0,,,,500,237,0,0,0,0,0.0,0.0,0,31,0,29,2,63,0,0,3,0,0,0,0,0,1,0,,455,0,0,0,0,1,0,0,0,0,0,0,0,0,0,0,0,,0,0,,,,,,,,
GB3068,e2efb65a62b44920ed2ac93a80ffb888e7e653d5b01408131c4f5dec8d171b23,hardneg,NO_VICTIM_ACTIVITY,,grid,full,1,2.0,,233,0,,,,500,233,0,0,0,0,0.0,0.0,0,32,0,30,2,63,0,0,3,0,0,0,0,0,1,0,,193,0,0,0,0,1,0,0,0,0,0,0,0,0,0,0,0,,0,0,,,,,,,,
GB3069,75246d6c70df540e431756a7d89171d33df023bab7f2278df2d9cd9a93a5018f,hardneg,NO_VICTIM_ACTIVITY,,grid,full,1,2.1999999999999997,,234,0,,,,50,234,0,0,0,0,0.0,0.0,0,13,0,13,0,75,2,0,3,0,0,0,1,1,3,2,,82,0,0,1,0,0,0,0,0,0,0,0,0,0,0,0,0,,0,0,,,,,,,,
GB3070,ab132302a5ded9639777e265feb8c5e26735c01223790addf2f66657b14c1014,hardneg,NO_VICTIM_ACTIVITY,,grid,full,1,2.0,,234,0,,,,50,234,0,0,0,0,0.0,0.0,0,13,0,13,0,61,0,0,3,0,0,0,0,0,1,0,,82,0,0,0,0,1,0,0,0,0,0,0,0,0,0,0,0,,0,0,,,,,,,,
GB3071,47226b7430c965e3686790d0654475b709f1774436a41e18f2b4f89e9e1db898,hardneg,NO_VICTIM_ACTIVITY,,grid,full,1,2.0,,234,0,,,,50,234,0,0,0,0,0.0,0.0,0,12,0,12,0,61,0,0,3,0,0,0,0,0,1,0,,82,0,0,0,0,1,0,0,0,0,0,0,0,0,0,0,0,,0,0,,,,,,,,
GB3072,1d574bb3e3b6301350e18ed1ebd7559ff2a9badff6442fa375ea69cd7f6078bd,hardneg,NO_VICTIM_ACTIVITY,,grid,full,1,2.0,,234,0,,,,50,234,0,0,0,0,0.0,0.0,0,11,0,11,0,61,0,0,3,0,0,0,0,0,1,0,,82,0,0,0,0,1,0,0,0,0,0,0,0,0,0,0,0,,0,0,,,,,,,,
GB3073,1de027f100842b3d264f891fe4a27adfd8299421ad489accd0a61fc30a897d0e,hardneg,NO_VICTIM_ACTIVITY,,grid,full,1,2.0,,234,0,,,,50,234,0,0,0,0,0.0,0.0,0,17,0,17,0,61,0,0,3,0,0,0,0,0,1,0,,82,0,0,0,0,1,0,0,0,0,0,0,0,0,0,0,0,,0,0,,,,,,,,
GB3074,12c004008daaa3c218d19caa94f912542a2349e79636953f2583e2289b801d54,hardneg,NO_VICTIM_ACTIVITY,,grid,full,1,2.0,,184,0,,,,50,184,0,0,0,0,0.0,0.0,0,10,0,10,0,63,0,0,3,0,0,0,0,0,1,0,,0,,,0,0,1,0,0,0,0,0,0,0,0,0,0,0,,0,0,,,,,,,,
GB3075,d80ece39f89e68ac2c81e30a3c3068bf6817ce374616c3e55f1cf68614211439,hardneg,NO_VICTIM_ACTIVITY,,grid,full,1,1.8,,180,0,,,,50,180,0,0,0,0,0.0,0.0,0,11,0,10,1,63,0,0,3,0,0,0,0,0,1,0,,156,0,0,0,0,1,0,0,0,0,0,0,0,0,0,0,0,,0,0,,,,,,,,
GB3076,b594f15065fb6dfd69a13ef24f4caa828ad619ecef19e1c5aa288f048bec283d,hardneg,NO_VICTIM_ACTIVITY,,grid,full,1,2.0,,190,0,,,,50,190,0,0,0,0,0.0,0.0,0,11,0,11,0,63,0,0,3,0,0,0,0,0,1,0,,0,,,0,0,1,0,0,0,0,0,0,0,0,0,0,0,,0,0,,,,,,,,
GB3077,6f066b5d3c264d4b441aa44a81f87744976a2ccdea058dceba533f2b38a31b00,hardneg,NO_VICTIM_ACTIVITY,,grid,full,1,2.0,,183,0,,,,50,183,0,0,0,0,0.0,0.0,0,9,0,9,0,63,0,0,3,0,0,0,0,0,1,0,,78,0,0,0,0,1,0,0,0,0,0,0,0,0,0,0,0,,0,0,,,,,,,,
GB3078,bc26c7fb64ffbc4767527c91af925517619c889ea04448de9b0b006ce451cf36,hardneg,TRUE_ENCRYPTION,,grid,full,1,9.0,,645,0,,,,1000,645,452,0,0,0,0.7007751937984497,0.0,32,44,27,4,13,76,2,0,3,0,0,0,1,1,3,2,,1231,2,0,1,0,0,0,0,0,0,0,0,0,0,0,0,0,,0,0,,,,,,,,
GB3079,d23b1b0064e5ded99b453881a809f475d5f4d3a18f1f442ad84a14ca31dba2cc,hardneg,TRUE_ENCRYPTION,,grid,full,1,9.0,,645,0,,,,1000,645,452,0,0,0,0.7007751937984497,0.0,32,46,26,6,14,62,0,0,3,0,0,0,0,0,1,0,,1231,2,2,0,0,1,0,0,0,0,0,0,0,0,0,0,0,,0,0,,,,,,,,
GB3080,083487d8dcdce9ff98896d64cd86990ecd489a7a99f428f7150560690f492b2b,hardneg,TRUE_ENCRYPTION,,grid,full,1,9.0,,645,0,,,,1000,645,452,0,0,0,0.7007751937984497,0.0,32,47,27,7,13,62,0,0,3,0,0,0,0,0,1,0,,1231,2,2,0,0,1,0,0,0,0,0,0,0,0,0,0,0,,0,0,,,,,,,,
GB3081,af56da9f6133d906d61c746e52610faaa3adfa6a1bf43ba2c7426edd3230283e,hardneg,TRUE_ENCRYPTION,,grid,full,1,9.0,,645,0,,,,1000,645,452,0,0,0,0.7007751937984497,0.0,32,50,28,9,13,62,0,0,3,0,0,0,0,0,1,0,,1231,2,2,0,0,1,0,0,0,0,0,0,0,0,0,0,0,,0,0,,,,,,,,
GB3082,52886037a1ca9a066d7cd53614eb56825318a7bc9022bffba30eae2aa182b9e5,hardneg,TRUE_ENCRYPTION,,grid,full,1,9.0,,645,0,,,,1000,645,452,0,0,0,0.7007751937984497,0.0,32,45,28,7,10,62,0,0,3,0,0,0,0,0,1,0,,1231,2,2,0,0,1,0,0,0,0,0,0,0,0,0,0,0,,0,0,,,,,,,,
GB3083,a5169286185e5a2c0bf2a6b1f8c0bfbafbd6f00b2b1bb616eaeaf495ed47d1eb,hardneg,TRUE_ENCRYPTION,,grid,full,1,9.0,,645,0,,,,1000,645,452,0,0,0,0.7007751937984497,0.0,32,51,28,9,14,62,0,0,3,0,0,0,0,0,1,0,,1231,2,2,0,0,1,0,0,0,0,0,0,0,0,0,0,0,,0,0,,,,,,,,
GB3084,b9049aed304219c584d8e50db44d9e609fb2e4cd17c220c5c3b84ced029c8baf,hardneg,TRUE_ENCRYPTION,,grid,full,1,10.0,WinosStager,288,0,,,,1000,288,101,0,0,0,0.3506944444444444,0.0,12,53,42,7,4,64,0,0,3,0,0,0,0,0,1,0,,6960,3,3,0,0,1,0,0,0,0,0,0,0,0,0,0,0,,0,0,,,,,,,,
GB3085,d5e579b775137c2de2e1b649edb2a43ce8126f511f223635053387065ef841b1,hardneg,TRUE_ENCRYPTION,,grid,full,1,9.0,,293,0,,,,1000,293,106,0,0,0,0.36177474402730375,0.0,14,69,50,9,10,64,0,0,3,0,0,0,0,0,1,0,,4271,4,4,0,0,1,0,0,0,0,0,0,0,0,0,0,0,,0,0,,,,,,,,
GB3086,d42a59b1bec684092690b0792f2970785fdf0423d86063c7218fe8c9016a8d7e,hardneg,TRUE_ENCRYPTION,,grid,full,1,9.0,,297,0,,,,1000,297,111,0,0,0,0.37373737373737376,0.0,18,55,44,8,3,64,0,0,3,0,0,0,0,0,1,0,,4598,3,3,0,0,1,0,0,0,0,0,0,0,0,0,0,0,,0,0,,,,,,,,
GB3087,092a0d4481d4b3031779a7c4f2f4c51a5c6d711127f608a1b07cc801d4f59459,hardneg,TRUE_ENCRYPTION,,grid,full,1,9.0,,308,0,,,,1000,308,122,0,0,0,0.3961038961038961,0.0,22,30,24,4,2,64,0,0,3,0,0,0,0,0,1,0,,3598,4,4,0,0,1,0,0,0,0,0,0,0,0,0,0,0,,0,0,,,,,,,,
GB3088,f4b67a2ded8be389872f79ad7bb9532805edc922b116dc3b0a0dbc94e907352b,hardneg,TRUE_ENCRYPTION,,grid,full,1,7.0,,290,0,,,,1000,290,103,0,0,0,0.35517241379310344,0.0,15,27,23,4,0,64,0,0,3,0,0,0,0,0,1,0,,3455,3,3,0,0,1,0,0,0,0,0,0,0,0,0,0,0,,0,0,,,,,,,,
GB3089,9d6c03321359aa0eea77bca4b285c3bdbd831e2ecb1f724a01c331a46418bae4,hardneg,TRUE_ENCRYPTION,,grid,full,1,10.0,WinosStager,299,0,,,,1000,299,112,0,0,0,0.3745819397993311,0.0,16,32,26,5,1,64,0,0,3,0,0,0,0,0,1,0,,4599,4,4,0,0,1,0,0,0,0,0,0,0,0,0,0,0,,0,0,,,,,,,,
GB3090,b046948cbdcd2af617728ae8b0926d3196d0561d1ec5e478ad263ab1d0ce9ad1,hardneg,TRUE_ENCRYPTION,,grid,full,1,9.0,,645,0,,,,2000,645,452,0,0,0,0.7007751937984497,0.0,32,53,20,6,27,76,2,0,3,0,0,0,1,1,3,2,,1231,2,0,1,0,0,0,0,0,0,0,0,0,0,0,0,0,,0,0,,,,,,,,
GB3091,bf98e4f4cb53a7e65f0cc2f170cf064ac3bbfaee6730aa47b5374fb48f0f64ff,hardneg,TRUE_ENCRYPTION,,grid,full,1,9.0,,645,0,,,,2000,645,452,0,0,0,0.7007751937984497,0.0,32,43,20,4,19,62,0,0,3,0,0,0,0,0,1,0,,1231,2,2,0,0,1,0,0,0,0,0,0,0,0,0,0,0,,0,0,,,,,,,,
GB3092,adbee015310e984d2304674a82697815de5afd757a08a965f1df08effb2e89c7,hardneg,TRUE_ENCRYPTION,,grid,full,1,9.0,,645,0,,,,2000,645,452,0,0,0,0.7007751937984497,0.0,32,45,20,5,20,62,0,0,3,0,0,0,0,0,1,0,,1231,2,2,0,0,1,0,0,0,0,0,0,0,0,0,0,0,,0,0,,,,,,,,
GB3093,b5aa4d8e08100c54a84486db838de4509161d1e29904b3e51ebcbfb759fa8f27,hardneg,TRUE_ENCRYPTION,,grid,full,1,9.0,,645,0,,,,2000,645,452,0,0,0,0.7007751937984497,0.0,32,40,19,4,17,62,0,0,3,0,0,0,0,0,1,0,,1231,2,2,0,0,1,0,0,0,0,0,0,0,0,0,0,0,,0,0,,,,,,,,
GB3094,0dbcc1a61e0bdb9f1daa8234d17105a0622649c51496eb40b277f1dd93db1e26,hardneg,TRUE_ENCRYPTION,,grid,full,1,9.0,,420,0,,,,2000,420,232,0,0,0,0.5523809523809524,0.0,22,41,39,2,0,64,0,0,3,0,0,0,0,0,1,0,,3679,2,2,0,0,1,0,0,0,0,0,0,0,0,0,0,0,,0,0,,,,,,,,
GB3095,b0e8137ee7d5a5e8934505c27681414a867c1e5d9adc5dc6d10b86f2d41f96ec,hardneg,TRUE_ENCRYPTION,,grid,full,1,9.0,,426,0,,,,2000,426,238,0,0,0,0.5586854460093896,0.0,19,55,49,5,1,64,0,0,3,0,0,0,0,0,1,0,,6722,4,4,0,0,1,0,0,0,0,0,0,0,0,0,0,0,,0,0,,,,,,,,
GB3096,cc9cd46214e24eeb2855e7149163ea2f476fc9fa1bf944c5986c2368a910c5b4,hardneg,TRUE_ENCRYPTION,,grid,full,1,9.0,,390,0,,,,200,390,200,0,0,0,0.5128205128205128,0.0,19,17,13,4,0,76,2,0,3,0,0,0,1,1,3,2,,1231,2,0,1,0,0,0,0,0,0,0,0,0,0,0,0,0,,0,0,,,,,,,,
GB3097,12d3a17698058aaee721fcf5df3665f01cfb15364bd141c018608fd3293fe3d0,hardneg,TRUE_ENCRYPTION,,grid,full,1,9.0,,390,0,,,,200,390,200,0,0,0,0.5128205128205128,0.0,19,19,14,5,0,62,0,0,3,0,0,0,0,0,1,0,,1231,2,2,0,0,1,0,0,0,0,0,0,0,0,0,0,0,,0,0,,,,,,,,
GB3098,0a4b77b7e1b086457e66c9e7b1e0b84ff1702261e2c310625cfd6ad55b3e3a28,hardneg,TRUE_ENCRYPTION,,grid,full,1,9.0,,390,0,,,,200,390,200,0,0,0,0.5128205128205128,0.0,19,12,10,2,0,62,0,0,3,0,0,0,0,0,1,0,,1231,2,2,0,0,1,0,0,0,0,0,0,0,0,0,0,0,,0,0,,,,,,,,
GB3099,805a33c65461ceec85c031dd3fd90476100d5933732ac5f2ac947dd0473df69e,hardneg,TRUE_ENCRYPTION,,grid,full,1,9.0,,390,0,,,,200,390,200,0,0,0,0.5128205128205128,0.0,19,14,11,3,0,62,0,0,3,0,0,0,0,0,1,0,,1231,2,2,0,0,1,0,0,0,0,0,0,0,0,0,0,0,,0,0,,,,,,,,
GB3100,b9e58792dfbc853d2a7bf3ffed1d44d5deb4696c62a1497632bf5d0f87b69438,hardneg,TRUE_ENCRYPTION,,grid,full,1,9.0,,390,0,,,,200,390,200,0,0,0,0.5128205128205128,0.0,19,15,13,2,0,62,0,0,3,0,0,0,0,0,1,0,,1231,2,2,0,0,1,0,0,0,0,0,0,0,0,0,0,0,,0,0,,,,,,,,
GB3101,1d32e2110b25c4a913b5bd24a87770a48b29bda7f53df5ead5fd97725d235f9d,hardneg,TRUE_ENCRYPTION,,grid,full,1,9.0,,206,0,,,,200,206,23,0,0,0,0.11165048543689321,0.0,6,10,7,2,1,64,0,0,3,0,0,0,0,0,1,0,,2742,3,3,0,0,1,0,0,0,0,0,0,0,0,0,0,0,,0,0,,,,,,,,
GB3102,b2b705f92252b04bc0dd67b6db626da491621dd98a4edfb32085f521c21c39d5,hardneg,TRUE_ENCRYPTION,,grid,full,1,7.0,,198,0,,,,200,198,16,0,0,0,0.08080808080808081,0.0,8,12,7,4,1,64,0,0,3,0,0,0,0,0,1,0,,1591,3,3,0,0,1,0,0,0,0,0,0,0,0,0,0,0,,0,0,,,,,,,,
GB3103,fd2a578ebac3671ffa0045425cb553eb698fe22a06b454af707bd920c7ffe678,hardneg,TRUE_ENCRYPTION,,grid,full,1,9.0,,208,0,,,,200,208,25,0,0,0,0.1201923076923077,0.0,8,12,8,4,0,64,0,0,3,0,0,0,0,0,1,0,,2595,3,3,0,0,1,0,0,0,0,0,0,0,0,0,0,0,,0,0,,,,,,,,
GB3104,febb34af7e8ddab06cf32974d24f7acf8c9d0a8517c9b355583a78cb68d833bf,hardneg,TRUE_ENCRYPTION,,grid,full,1,9.0,,194,0,,,,200,194,12,0,0,0,0.061855670103092786,0.0,5,8,5,3,0,64,0,0,3,0,0,0,0,0,1,0,,1332,1,1,0,0,1,0,0,0,0,0,0,0,0,0,0,0,,0,0,,,,,,,,
GB3105,da1cccf2460dde9837b9d417fd24592e99f9ce460f71abd95cd971cfc00f8cff,hardneg,TRUE_ENCRYPTION,,grid,full,1,7.0,,204,0,,,,200,204,21,0,0,0,0.10294117647058823,0.0,11,12,7,5,0,64,0,0,3,0,0,0,0,0,1,0,,1933,2,2,0,0,1,0,0,0,0,0,0,0,0,0,0,0,,0,0,,,,,,,,
GB3106,5a2ac24de014befa0c5c66532337284fb3fc9d57482203592540a7d1efb21b7f,hardneg,TRUE_ENCRYPTION,,grid,full,1,9.0,,390,0,,,,200,390,200,0,0,0,0.5128205128205128,0.0,19,12,9,3,0,62,0,0,3,0,0,0,0,0,1,0,,1231,2,2,0,0,1,0,0,0,0,0,0,0,0,0,0,0,,0,0,,,,,,,,
GB3107,4ba523fd741eac1d559c59d74ed4c3381c6056a6fcaf15a32c0fd4442d1990a5,hardneg,TRUE_ENCRYPTION,,grid,full,1,9.0,,390,0,,,,200,390,200,0,0,0,0.5128205128205128,0.0,19,12,10,2,0,62,0,0,3,0,0,0,0,0,1,0,,1231,2,2,0,0,1,0,0,0,0,0,0,0,0,0,0,0,,0,0,,,,,,,,
GB3108,ee46a29abf598ca387c757cec806aa6c2c475c7a5fa9914ce5aff6d1375e9301,hardneg,TRUE_ENCRYPTION,,grid,full,1,9.0,,390,0,,,,200,390,200,0,0,0,0.5128205128205128,0.0,19,15,11,4,0,62,0,0,3,0,0,0,0,0,1,0,,1231,2,2,0,0,1,0,0,0,0,0,0,0,0,0,0,0,,0,0,,,,,,,,
GB3109,66fff8c7784152beb207586f5c15cd9d81fdf3308922507c49d20ab418c1a813,hardneg,TRUE_ENCRYPTION,,grid,full,1,9.0,,390,0,,,,200,390,200,0,0,0,0.5128205128205128,0.0,19,16,12,4,0,62,0,0,3,0,0,0,0,0,1,0,,1231,2,2,0,0,1,0,0,0,0,0,0,0,0,0,0,0,,0,0,,,,,,,,
GB3110,8c6c9ae4f29470f986760c4640b3d9cb3437eda0e4a3d35877d1cc36e829afdc,hardneg,TRUE_ENCRYPTION,,grid,full,1,9.0,,390,0,,,,200,390,200,0,0,0,0.5128205128205128,0.0,19,15,11,4,0,62,0,0,3,0,0,0,0,0,1,0,,1231,2,2,0,0,1,0,0,0,0,0,0,0,0,0,0,0,,0,0,,,,,,,,
GB3111,9566c18b7892124650b1a1c57aaf0bb84a7902c8422a126173cb1f8bfd875d6a,hardneg,TRUE_ENCRYPTION,,grid,full,1,9.0,,390,0,,,,200,390,200,0,0,0,0.5128205128205128,0.0,19,208,195,4,9,62,0,0,3,0,0,0,0,0,1,0,,1231,2,2,0,0,1,0,0,0,0,0,0,0,0,0,0,0,,0,0,,,,,,,,
GB3112,6f69fca828195855e3aba452e46d067d81973749260918d79088d7c7f791ecfe,hardneg,TRUE_ENCRYPTION,,grid,full,1,9.0,,390,0,,,,200,390,200,0,0,0,0.5128205128205128,0.0,19,205,198,4,3,62,0,0,3,0,0,0,0,0,1,0,,1231,2,2,0,0,1,0,0,0,0,0,0,0,0,0,0,0,,0,0,,,,,,,,
GB3113,2319b64460345d5b30ff9ac828bfeb057a605bc48a9b4e8d51fb38e091b8bf88,hardneg,TRUE_ENCRYPTION,,grid,full,1,9.0,,390,0,,,,200,390,200,0,0,0,0.5128205128205128,0.0,19,207,196,6,5,62,0,0,3,0,0,0,0,0,1,0,,1231,2,2,0,0,1,0,0,0,0,0,0,0,0,0,0,0,,0,0,,,,,,,,
GB3114,cd854f5a3ee3888efcf485403e5bef841e799f721fb8d5f930b3ee9fe694357b,hardneg,TRUE_ENCRYPTION,,grid,full,1,9.0,,390,0,,,,200,390,200,0,0,0,0.5128205128205128,0.0,19,209,194,6,9,62,0,0,3,0,0,0,0,0,1,0,,1231,2,2,0,0,1,0,0,0,0,0,0,0,0,0,0,0,,0,0,,,,,,,,
GB3115,3bf6f3e24189151e2a75c8089e39ba62cc6259d82ab1fe941bf5428b26039ba9,hardneg,TRUE_ENCRYPTION,,grid,full,1,9.0,,390,0,,,,200,390,200,0,0,0,0.5128205128205128,0.0,19,208,197,7,4,62,0,0,3,0,0,0,0,0,1,0,,1231,2,2,0,0,1,0,0,0,0,0,0,0,0,0,0,0,,0,0,,,,,,,,
GB3116,c3ffabdff2cf57e3e4ec9a93a84d72296742f34bfa6124ec9aed15b78e3a4a3b,hardneg,TRUE_ENCRYPTION,,grid,full,1,9.0,,390,0,,,,200,390,200,0,0,0,0.5128205128205128,0.0,19,20,17,3,0,62,0,0,3,0,0,0,0,0,1,0,,1231,2,2,0,0,1,0,0,0,0,0,0,0,0,0,0,0,,0,0,,,,,,,,
GB3117,06ca8ecf19c70aa9b138e6285d5d1215f373a06e19158695d8497f0e23faa8d2,hardneg,TRUE_ENCRYPTION,,grid,full,1,9.0,,390,0,,,,200,390,200,0,0,0,0.5128205128205128,0.0,19,21,18,2,1,62,0,0,3,0,0,0,0,0,1,0,,1231,2,2,0,0,1,0,0,0,0,0,0,0,0,0,0,0,,0,0,,,,,,,,
GB3118,056b88d95a74ab69162825f8356a5921e42fd8939632b8ad95bd84d73ae4ba76,hardneg,TRUE_ENCRYPTION,,grid,full,1,9.0,,390,0,,,,200,390,200,0,0,0,0.5128205128205128,0.0,19,175,163,8,4,63,0,0,3,0,0,0,0,0,1,0,,1231,2,2,0,0,1,0,0,0,0,0,0,0,0,0,0,0,,0,0,,,,,,,,
GB3119,e93559579111429fdc61a34659a94c95b4001b599463024e854dc44ce1e95bc4,hardneg,TRUE_ENCRYPTION,,grid,full,1,9.0,,390,0,,,,200,390,200,0,0,0,0.5128205128205128,0.0,19,176,170,4,2,63,0,0,3,0,0,0,0,0,1,0,,1231,2,2,0,0,1,0,0,0,0,0,0,0,0,0,0,0,,0,0,,,,,,,,
GB3120,e7c7347c93831ca4803d734407b93d2f7acf8860285808a1426e13cb8fb72bf7,hardneg,TRUE_ENCRYPTION,,grid,full,1,9.0,,389,0,,,,200,389,200,0,0,0,0.5141388174807198,0.0,19,174,166,5,3,63,0,0,3,0,0,0,0,0,1,0,,1231,2,2,0,0,1,0,0,0,0,0,0,0,0,0,0,0,,0,0,,,,,,,,
GB3121,50c0d8a756ce6b40068c96d974bc77cc1f4ca797c61d3d6072a07878e4b36e36,hardneg,TRUE_ENCRYPTION,,grid,full,1,9.0,,642,0,,,,500,642,452,0,0,0,0.7040498442367601,0.0,32,21,19,2,0,76,2,0,3,0,0,0,1,1,3,2,,1231,2,0,1,0,0,0,0,0,0,0,0,0,0,0,0,0,,0,0,,,,,,,,
GB3122,fa6eaa7babc3ad1c6cb157c3478f866d62893e40fb587e005bdcd07a8572f593,hardneg,TRUE_ENCRYPTION,,grid,full,1,9.0,,642,0,,,,500,642,452,0,0,0,0.7040498442367601,0.0,32,23,18,5,0,76,2,0,3,0,0,0,1,1,3,2,,1231,2,0,1,0,0,0,0,0,0,0,0,0,0,0,0,0,,0,0,,,,,,,,
GB3123,a80eaefc7ae8d8ef8f474b19ddc977b618f908ada44ede0d4dd093f83fbd1a66,hardneg,TRUE_ENCRYPTION,,grid,full,1,9.0,,642,0,,,,500,642,452,0,0,0,0.7040498442367601,0.0,32,19,18,1,0,62,0,0,3,0,0,0,0,0,1,0,,1231,2,2,0,0,1,0,0,0,0,0,0,0,0,0,0,0,,0,0,,,,,,,,
GB3124,2d1c31da0496c6231c523b0a11b63aa7bd70d2fceb6b99aef08c890d6a247fb8,hardneg,TRUE_ENCRYPTION,,grid,full,1,9.0,,237,0,,,,500,237,56,0,0,0,0.23628691983122363,0.0,12,19,15,4,0,64,0,0,3,0,0,0,0,0,1,0,,5934,3,3,0,0,1,0,0,0,0,0,0,0,0,0,0,0,,0,0,,,,,,,,
GB3125,8c374cf6b5a83cb1891beac26f60f0dd645af24311718e99b7092ae815a0c4f1,hardneg,TRUE_ENCRYPTION,,grid,full,1,7.0,,240,0,,,,500,240,57,0,0,0,0.2375,0.0,9,21,17,3,1,64,0,0,3,0,0,0,0,0,1,0,,5850,4,4,0,0,1,0,0,0,0,0,0,0,0,0,0,0,,0,0,,,,,,,,
GB3126,7a50b8421bee90bc8a4fb5842487411ff90ed556f4384ffa036cf7a7884c83fc,hardneg,TRUE_ENCRYPTION,,grid,full,1,9.0,,235,0,,,,50,235,50,0,0,0,0.2127659574468085,0.0,7,10,6,4,0,76,2,0,3,0,0,0,1,1,3,2,,1231,2,0,1,0,0,0,0,0,0,0,0,0,0,0,0,0,,0,0,,,,,,,,
GB3127,1b2b9c0ba7fe0c637dc092904bc1b0e2f1dff7ea7cc5394327651959aa6af32c,hardneg,TRUE_ENCRYPTION,,grid,full,1,9.0,,235,0,,,,50,235,50,0,0,0,0.2127659574468085,0.0,7,9,5,4,0,62,0,0,3,0,0,0,0,0,1,0,,1231,2,2,0,0,1,0,0,0,0,0,0,0,0,0,0,0,,0,0,,,,,,,,
GB3128,a022125f7a0b7b64effc4380e0c89a48134c33c52f715323bd8777531cff7d7a,hardneg,TRUE_ENCRYPTION,,grid,full,1,9.0,,235,0,,,,50,235,50,0,0,0,0.2127659574468085,0.0,7,8,6,2,0,62,0,0,3,0,0,0,0,0,1,0,,1231,2,2,0,0,1,0,0,0,0,0,0,0,0,0,0,0,,0,0,,,,,,,,
GB3129,2e8640a64a24fedfd47cec6145c8d6e0f325f14a77534ae8d748ad52965d45b9,hardneg,TRUE_ENCRYPTION,,grid,full,1,9.0,,235,0,,,,50,235,50,0,0,0,0.2127659574468085,0.0,7,10,6,4,0,62,0,0,3,0,0,0,0,0,1,0,,1231,2,2,0,0,1,0,0,0,0,0,0,0,0,0,0,0,,0,0,,,,,,,,
GB3130,6349849eb4e39b5043ea1ad921be8a5f48ff892423598656ae452795b6cf4dae,hardneg,TRUE_ENCRYPTION,,grid,full,1,9.0,,235,0,,,,50,235,50,0,0,0,0.2127659574468085,0.0,7,12,8,4,0,62,0,0,3,0,0,0,0,0,1,0,,1231,2,2,0,0,1,0,0,0,0,0,0,0,0,0,0,0,,0,0,,,,,,,,
GB3131,d077a1a01c50e4b0fd680a25efe0322339f07691b5c85a08471d9806d4597608,hardneg,TRUE_ENCRYPTION,,grid,full,1,9.0,,235,0,,,,50,235,50,0,0,0,0.2127659574468085,0.0,7,10,6,4,0,62,0,0,3,0,0,0,0,0,1,0,,1231,2,2,0,0,1,0,0,0,0,0,0,0,0,0,0,0,,0,0,,,,,,,,
GB3132,61a692817931dfaf35e9a15b63257d1b14a804e4110a3b62b82458facbbd43b4,hardneg,NO_VICTIM_ACTIVITY,,grid,full,1,2.0,,185,0,,,,50,185,7,0,0,0,0.03783783783783784,0.0,5,7,3,4,0,64,0,0,3,0,0,0,0,0,1,0,,1110,3,3,0,0,1,0,0,0,0,0,0,0,0,0,0,0,,0,0,,,,,,,,
GB3133,d0862e3aabc56933a622ca955d1bf6196ac9317048b3c92b4ac4180bef7de16f,hardneg,NO_VICTIM_ACTIVITY,,grid,full,1,2.0,,184,0,,,,50,184,6,0,0,0,0.03260869565217391,0.0,5,7,2,5,0,64,0,0,3,0,0,0,0,0,1,0,,519,1,1,0,0,1,0,0,0,0,0,0,0,0,0,0,0,,0,0,,,,,,,,
GB3134,02fd7662368e593c1cbc4f47b69de83a466183600b940fe853f1925ddc061ebe,hardneg,TRUE_ENCRYPTION,,grid,full,1,8.0,,189,0,,,,50,189,10,0,0,0,0.05291005291005291,0.0,3,6,3,3,0,64,0,0,3,0,0,0,0,0,1,0,,402,0,0,0,0,1,0,0,0,0,0,0,0,0,0,0,0,,0,0,,,,,,,,
GB3135,70cdff06aae04c85a455c0126e7fe5e6d1ca620d74253e114779ee65303117d0,hardneg,NO_VICTIM_ACTIVITY,,grid,full,1,7.0,,425,0,,,,1000,425,233,0,0,0,0.548235294117647,0.0,23,26,14,4,8,62,0,0,3,0,0,0,0,0,1,0,,82,0,0,0,0,1,0,0,0,0,0,0,0,0,0,0,0,,0,0,,,,,,,,
GB3136,8ae8c64a337c6dfa409bb5e0665cd1d035d21d796dd2c05535028d8d4743efdc,hardneg,NO_VICTIM_ACTIVITY,,grid,full,1,7.0,,426,0,,,,1000,426,233,0,0,0,0.5469483568075117,0.0,23,21,10,4,7,62,0,0,3,0,0,0,0,0,1,0,,82,0,0,0,0,1,0,0,0,0,0,0,0,0,0,0,0,,0,0,,,,,,,,
GB3137,730fe5af3ec9e2c51ab15452f3c01f583c35bde1ae1f905b867b94c5d13e2c08,hardneg,NO_VICTIM_ACTIVITY,,grid,full,1,7.0,,426,0,,,,1000,426,233,0,0,0,0.5469483568075117,0.0,23,24,12,5,7,62,0,0,3,0,0,0,0,0,1,0,,82,0,0,0,0,1,0,0,0,0,0,0,0,0,0,0,0,,0,0,,,,,,,,
GB3138,0a2841168e0744cebe03d4078ec9225675d3efcb1b46d4ec6b78ff72a8acff89,hardneg,NO_VICTIM_ACTIVITY,,grid,full,1,7.0,,425,0,,,,1000,425,232,0,0,0,0.5458823529411765,0.0,23,22,11,4,7,62,0,0,3,0,0,0,0,0,1,0,,82,0,0,0,0,1,0,0,0,0,0,0,0,0,0,0,0,,0,0,,,,,,,,
GB3139,24991284b95fb851e7dad12362f2c519168fc70ba1815eaae8d1437f8bcd4947,hardneg,NO_VICTIM_ACTIVITY,,grid,full,1,7.0,,253,0,,,,1000,253,67,0,0,0,0.2648221343873518,0.0,12,24,20,4,0,64,0,0,3,0,0,0,0,0,1,0,,83,0,0,0,0,1,0,0,0,0,0,0,0,0,0,0,0,,0,0,,,,,,,,
GB3140,e91b5bb3db87a5caa8dfc2902b1aac4468b857e66ceae96b63d3b950ceec797a,hardneg,NO_VICTIM_ACTIVITY,,grid,full,1,7.0,,254,0,,,,1000,254,68,0,0,0,0.2677165354330709,0.0,11,25,20,4,1,64,0,0,3,0,0,0,0,0,1,0,,734,1,1,0,0,1,0,0,0,0,0,0,0,0,0,0,0,,0,0,,,,,,,,
GB3141,5efc5093d6747376796597d34e43e64c0539bc8e88b13bf51948bf83ea5ca8ee,hardneg,NO_VICTIM_ACTIVITY,,grid,full,1,7.0,,426,0,,,,2000,426,233,0,0,0,0.5469483568075117,0.0,23,36,14,5,17,62,0,0,3,0,0,0,0,0,1,0,,82,0,0,0,0,1,0,0,0,0,0,0,0,0,0,0,0,,0,0,,,,,,,,
GB3142,490976913e847e36e9727f31c7b5ea54ec9c27727cb848e24b694799470c97f3,hardneg,NO_VICTIM_ACTIVITY,,grid,full,1,7.0,,426,0,,,,2000,426,233,0,0,0,0.5469483568075117,0.0,23,34,12,4,18,62,0,0,3,0,0,0,0,0,1,0,,82,0,0,0,0,1,0,0,0,0,0,0,0,0,0,0,0,,0,0,,,,,,,,
GB3143,6f8a33e4f43da7217b7df9725ea88d6ea86811215fb0d16cbd4eac524371ec56,hardneg,NO_VICTIM_ACTIVITY,,grid,full,1,7.0,,426,0,,,,2000,426,233,0,0,0,0.5469483568075117,0.0,23,33,12,4,17,62,0,0,3,0,0,0,0,0,1,0,,82,0,0,0,0,1,0,0,0,0,0,0,0,0,0,0,0,,0,0,,,,,,,,
GB3144,b198759c1dfe4d310a8c215b2140679cd6e75e61bad3fafda85defcc6ff91c37,hardneg,NO_VICTIM_ACTIVITY,,grid,full,1,7.0,,424,0,,,,2000,424,233,0,0,0,0.5495283018867925,0.0,23,34,14,3,17,62,0,0,3,0,0,0,0,0,1,0,,82,0,0,0,0,1,0,0,0,0,0,0,0,0,0,0,0,,0,0,,,,,,,,
GB3145,0d61e2036ecc96109a850aebbea51333a80f18623307f14b5f8905220adea66e,hardneg,NO_VICTIM_ACTIVITY,,grid,full,1,7.0,,425,0,,,,2000,425,232,0,0,0,0.5458823529411765,0.0,23,34,12,4,18,62,0,0,3,0,0,0,0,0,1,0,,82,0,0,0,0,1,0,0,0,0,0,0,0,0,0,0,0,,0,0,,,,,,,,
GB3146,ffce14bf0a1233fcab97be25eaf49ecea772cac5193f8f6e56802aec3c5c9b21,hardneg,NO_VICTIM_ACTIVITY,,grid,full,1,7.0,,305,0,,,,2000,305,117,0,0,0,0.3836065573770492,0.0,18,37,33,2,2,64,0,0,3,0,0,0,0,0,1,0,,150,0,0,0,0,1,0,0,0,0,0,0,0,0,0,0,0,,0,0,,,,,,,,
GB3147,686091b7af7d532132b00a1c1712b5615e69f92645b557b6d07e2ab1252ef875,hardneg,NO_VICTIM_ACTIVITY,,grid,full,1,7.0,,315,0,,,,2000,315,127,0,0,0,0.4031746031746032,0.0,15,42,36,6,0,64,0,0,3,0,0,0,0,0,1,0,,235,0,0,0,0,1,0,0,0,0,0,0,0,0,0,0,0,,0,0,,,,,,,,
GB3148,d92a209fc261e8340ee03ced1809a90655326ebb2ee1798785c52369d463065c,hardneg,NO_VICTIM_ACTIVITY,,grid,full,1,7.0,,377,0,,,,200,377,187,0,0,0,0.4960212201591512,0.0,17,15,10,5,0,62,0,0,3,0,0,0,0,0,1,0,,82,0,0,0,0,1,0,0,0,0,0,0,0,0,0,0,0,,0,0,,,,,,,,
GB3149,fec830a931ee41d1dfed4713726636dd1b1613a0d08ccf5eb53ea7d2dddb9dee,hardneg,NO_VICTIM_ACTIVITY,,grid,full,1,7.0,,377,0,,,,200,377,187,0,0,0,0.4960212201591512,0.0,17,12,9,3,0,62,0,0,3,0,0,0,0,0,1,0,,82,0,0,0,0,1,0,0,0,0,0,0,0,0,0,0,0,,0,0,,,,,,,,
GB3150,fa03e72ae6d6c092dab2ff9b9140553e845747a9425dbf5efcf65c7c9fc4b40f,hardneg,NO_VICTIM_ACTIVITY,,grid,full,1,2.0,,188,0,,,,200,188,7,0,0,0,0.03723404255319149,0.0,3,16,5,5,6,64,0,0,3,0,0,0,0,0,1,0,,60,0,0,0,0,1,0,0,0,0,0,0,0,0,0,0,0,,0,0,,,,,,,,
GB3151,035c41cf55fc2b14ec72f47b5b78d83b8ef2f3500191e5a4a26d69871bb2ced9,hardneg,NO_VICTIM_ACTIVITY,,grid,full,1,2.0,,188,0,,,,200,188,7,0,0,0,0.03723404255319149,0.0,2,10,5,4,1,64,0,0,3,0,0,0,0,0,1,0,,0,,,0,0,1,0,0,0,0,0,0,0,0,0,0,0,,0,0,,,,,,,,
GB3152,a4f8ee6d3c78e1dfc501422a880d28becdf74af291ec9ee908af25914a912ce4,hardneg,NO_VICTIM_ACTIVITY,,grid,full,1,7.0,,199,0,,,,200,199,16,0,0,0,0.08040201005025126,0.0,4,7,6,1,0,64,0,0,3,0,0,0,0,0,1,0,,22,0,0,0,0,1,0,0,0,0,0,0,0,0,0,0,0,,0,0,,,,,,,,
GB3153,45ca0a395b50b0ac14265c128a82e2384d5ec618d7c113eae3b83d270ce42d17,hardneg,NO_VICTIM_ACTIVITY,,grid,full,1,2.0,,188,0,,,,200,188,7,0,0,0,0.03723404255319149,0.0,3,9,5,3,1,64,0,0,3,0,0,0,0,0,1,0,,177,0,0,0,0,1,0,0,0,0,0,0,0,0,0,0,0,,0,0,,,,,,,,
GB3154,eba60e5ced18426d1502e01e3a9dc606e0de321963a11a6ddff8f560cde47376,hardneg,NO_VICTIM_ACTIVITY,,grid,full,1,7.0,,423,0,,,,500,423,233,0,0,0,0.5508274231678487,0.0,23,18,13,5,0,62,0,0,3,0,0,0,0,0,1,0,,82,0,0,0,0,1,0,0,0,0,0,0,0,0,0,0,0,,0,0,,,,,,,,
GB3155,41c5ad9a0d988caf52a1f4f972548d5ad834c55cbe81c2f32c32b8ef5dd7a8b8,hardneg,NO_VICTIM_ACTIVITY,,grid,full,1,7.0,,423,0,,,,500,423,233,0,0,0,0.5508274231678487,0.0,23,18,13,4,1,62,0,0,3,0,0,0,0,0,1,0,,82,0,0,0,0,1,0,0,0,0,0,0,0,0,0,0,0,,0,0,,,,,,,,
GB3156,f8b7561f0ea1ee4a85cadaed42f784e95dba7a45ed34a953ecef6d4b88e891cf,hardneg,NO_VICTIM_ACTIVITY,,grid,full,1,7.0,,423,0,,,,500,423,233,0,0,0,0.5508274231678487,0.0,23,16,11,4,1,62,0,0,3,0,0,0,0,0,1,0,,82,0,0,0,0,1,0,0,0,0,0,0,0,0,0,0,0,,0,0,,,,,,,,
GB3157,6091913d59b8cffd27cb7aceab9c682580651d4faf37c95d21f695c2e2c3b09c,hardneg,NO_VICTIM_ACTIVITY,,grid,full,1,7.0,,423,0,,,,500,423,233,0,0,0,0.5508274231678487,0.0,23,15,11,3,1,62,0,0,3,0,0,0,0,0,1,0,,82,0,0,0,0,1,0,0,0,0,0,0,0,0,0,0,0,,0,0,,,,,,,,
GB3158,89b44e55a798d254601ff64592ba27f34bd0057f73de8bf482811d973d1a6473,hardneg,NO_VICTIM_ACTIVITY,,grid,full,1,9.0,,211,0,,,,500,211,28,0,0,0,0.13270142180094788,0.0,7,14,11,3,0,64,0,0,3,0,0,0,0,0,1,0,,83,0,0,0,0,1,0,0,0,0,0,0,0,0,0,0,0,,0,0,,,,,,,,
GB3159,99110bb2260c6771c654016ff689123ea5834b578a69b760584ab91ea99bf870,hardneg,NO_VICTIM_ACTIVITY,,grid,full,1,7.0,,207,0,,,,500,207,24,0,0,0,0.11594202898550725,0.0,5,15,10,4,1,64,0,0,3,0,0,0,0,0,1,0,,166,0,0,0,0,1,0,0,0,0,0,0,0,0,0,0,0,,0,0,,,,,,,,
GB3160,d3a554f87108db4d69e9394b29d890932e723fe9e6b6de3f14395878b5b51973,hardneg,NO_VICTIM_ACTIVITY,,grid,full,1,9.0,,213,0,,,,500,213,30,0,0,0,0.14084507042253522,0.0,4,15,11,3,1,64,0,0,3,0,0,0,0,0,1,0,,183,1,1,0,0,1,0,0,0,0,0,0,0,0,0,0,0,,0,0,,,,,,,,
GB3161,90bef707045253f69a2bbfaf80113faa0270cc77864c73422ddafd9a186c9659,hardneg,NO_VICTIM_ACTIVITY,,grid,full,1,7.0,,235,0,,,,50,235,50,0,0,0,0.2127659574468085,0.0,7,8,5,3,0,62,0,0,3,0,0,0,0,0,1,0,,82,0,0,0,0,1,0,0,0,0,0,0,0,0,0,0,0,,0,0,,,,,,,,
GB3162,2644da3a2af638f8bd28c0e9ffa60f13bd9a10a3ccb6e59b89c481efa073ad1a,hardneg,NO_VICTIM_ACTIVITY,,grid,full,1,7.0,,235,0,,,,50,235,50,0,0,0,0.2127659574468085,0.0,7,8,5,3,0,62,0,0,3,0,0,0,0,0,1,0,,82,0,0,0,0,1,0,0,0,0,0,0,0,0,0,0,0,,0,0,,,,,,,,
GB3163,100a6872188fdc0ee0d70474f51f0cf2aab8b27a8747fc918e598f3448c6cba2,hardneg,NO_VICTIM_ACTIVITY,,grid,full,1,2.0,,182,0,,,,50,182,4,0,0,0,0.02197802197802198,0.0,2,6,2,4,0,64,0,0,3,0,0,0,0,0,1,0,,101,0,0,0,0,1,0,0,0,0,0,0,0,0,0,0,0,,0,0,,,,,,,,
GB3164,0ff3c1b2df659981d383ea166d42f8a041b045b25ef54e0ed1b4c547f180d1a5,hardneg,NO_VICTIM_ACTIVITY,,grid,full,1,2.0,,178,0,,,,50,178,0,0,0,0,0.0,0.0,0,8,0,8,0,64,0,0,3,0,0,0,0,0,1,0,,0,,,0,0,1,0,0,0,0,0,0,0,0,0,0,0,,0,0,,,,,,,,
GB3165,f2a9e333fa08d583d8156bb434ec5b1b422d2b0fe50d2f6528b0a778f4b66d26,hardneg,NO_VICTIM_ACTIVITY,,grid,full,1,2.0,,181,0,,,,50,181,3,0,0,0,0.016574585635359115,0.0,3,6,2,4,0,64,0,0,3,0,0,0,0,0,1,0,,0,,,0,0,1,0,0,0,0,0,0,0,0,0,0,0,,0,0,,,,,,,,
GB3166,4b5c926b61e5ae191679464c244a0efc73c41a805549222c6f6922e757950f1b,hardneg,NO_VICTIM_ACTIVITY,,grid,full,1,2.0,,178,0,,,,50,178,0,0,0,0,0.0,0.0,0,4,0,4,0,64,0,0,3,0,0,0,0,0,1,0,,0,,,0,0,1,0,0,0,0,0,0,0,0,0,0,0,,0,0,,,,,,,,
GB3167,5ee9802099b2799750389294dc4d94b82d54535465ae48fba55fb19982280eb4,hardneg,NO_VICTIM_ACTIVITY,,grid,full,1,8.0,,239,0,,,,1000,239,0,0,0,0,0.0,0.0,0,18,0,6,12,61,0,0,3,0,0,0,0,0,1,0,,0,,,0,0,1,0,0,0,0,0,0,0,0,0,0,0,,0,0,,,,,,,,
GB3168,5fe5fa1e7e7c1981c14034e6a84e334f32a69c91c4367e712fc680d1345001d2,hardneg,NO_VICTIM_ACTIVITY,,grid,full,1,8.0,,239,0,,,,1000,239,0,0,0,0,0.0,0.0,0,17,0,6,11,61,0,0,3,0,0,0,0,0,1,0,,0,,,0,0,1,0,0,0,0,0,0,0,0,0,0,0,,0,0,,,,,,,,
GB3169,93dca405d6a8d35b8bb3c73e951a380e0486a6e3fa75db4d8580728aaaed7799,hardneg,NO_VICTIM_ACTIVITY,,grid,full,1,8.0,,239,0,,,,1000,239,0,0,0,0,0.0,0.0,0,18,0,6,12,61,0,0,3,0,0,0,0,0,1,0,,0,,,0,0,1,0,0,0,0,0,0,0,0,0,0,0,,0,0,,,,,,,,
GB3170,80875720c5e4c267ab1c3fa09015b43f05ae9bc2135e2f0170b21f39f3e08ca6,hardneg,NO_VICTIM_ACTIVITY,,grid,full,1,8.0,,234,0,,,,1000,234,0,0,0,0,0.0,0.0,0,20,0,7,13,63,0,0,3,0,0,0,0,0,1,0,,0,,,0,0,1,0,0,0,0,0,0,0,0,0,0,0,,0,0,,,,,,,,
GB3171,bf90c66d5cdbd05e0b4789526c685d38a733d6f0e1db798034b5c33f26e4be2a,hardneg,NO_VICTIM_ACTIVITY,,grid,full,1,8.0,,234,0,,,,1000,234,0,0,0,0,0.0,0.0,0,21,0,8,13,63,0,0,3,0,0,0,0,0,1,0,,0,,,0,0,1,0,0,0,0,0,0,0,0,0,0,0,,0,0,,,,,,,,
GB3172,d78f2df5ce630939cc08e2ad1a2ff1b6f77c68e65951d89d61d59158cd61f1dd,hardneg,NO_VICTIM_ACTIVITY,,grid,full,1,8.0,,234,0,,,,1000,234,0,0,0,0,0.0,0.0,0,19,0,8,11,63,0,0,3,0,0,0,0,0,1,0,,0,,,0,0,1,0,0,0,0,0,0,0,0,0,0,0,,0,0,,,,,,,,
GB3173,609dff0c55451c4341ab2d34f5038c69ca49db3cfdfe53622c6ac6cb2727715d,hardneg,NO_VICTIM_ACTIVITY,,grid,full,1,2.0,,234,0,,,,1000,234,0,0,0,0,0.0,0.0,0,20,0,7,13,63,0,0,3,0,0,0,0,0,1,0,,0,,,0,0,1,0,0,0,0,0,0,0,0,0,0,0,,0,0,,,,,,,,
GB3174,9a27b8ebfc5924d3d7c4b16e1cf697fc8f049a55780e14e9e30dd2a5926274f3,hardneg,NO_VICTIM_ACTIVITY,,grid,full,1,8.0,,233,0,,,,1000,233,0,0,0,0,0.0,0.0,0,20,0,7,13,63,0,0,3,0,0,0,0,0,1,0,,0,,,0,0,1,0,0,0,0,0,0,0,0,0,0,0,,0,0,,,,,,,,
GB3175,118c92914f2f76c18ebb9755058b9a123bd23bcd6275a4c0ae6468dc95192dce,hardneg,NO_VICTIM_ACTIVITY,,grid,full,1,8.0,,239,0,,,,2000,239,0,0,0,0,0.0,0.0,0,30,0,7,23,61,0,0,3,0,0,0,0,0,1,0,,0,,,0,0,1,0,0,0,0,0,0,0,0,0,0,0,,0,0,,,,,,,,
GB3176,adf971e64d72ffe773d8874c24a3509f27f8c3b20150e8d87af8d0e716fe6a9d,hardneg,NO_VICTIM_ACTIVITY,,grid,full,1,8.0,,239,0,,,,2000,239,0,0,0,0,0.0,0.0,0,30,0,7,23,61,0,0,3,0,0,0,0,0,1,0,,0,,,0,0,1,0,0,0,0,0,0,0,0,0,0,0,,0,0,,,,,,,,
GB3177,d23ed50f0729587b5e13ee149e1e807e42a5bb563edaf3e3cb8e80dd07d3b968,hardneg,NO_VICTIM_ACTIVITY,,grid,full,1,8.0,,239,0,,,,2000,239,0,0,0,0,0.0,0.0,0,29,0,6,23,61,0,0,3,0,0,0,0,0,1,0,,0,,,0,0,1,0,0,0,0,0,0,0,0,0,0,0,,0,0,,,,,,,,
GB3178,ac2306e44269a2a22fa37a61c08ca966aef1dbbc3df701e9f5ea98f192283d7e,hardneg,NO_VICTIM_ACTIVITY,,grid,full,1,8.0,,234,0,,,,2000,234,0,0,0,0,0.0,0.0,0,32,0,7,25,63,0,0,3,0,0,0,0,0,1,0,,0,,,0,0,1,0,0,0,0,0,0,0,0,0,0,0,,0,0,,,,,,,,
GB3179,baae18290c646cb8a03ecd0e01050878b18422432876a59bf782df3a320e40d7,hardneg,NO_VICTIM_ACTIVITY,,grid,full,1,8.0,,234,0,,,,2000,234,0,0,0,0,0.0,0.0,0,33,0,9,24,63,0,0,3,0,0,0,0,0,1,0,,0,,,0,0,1,0,0,0,0,0,0,0,0,0,0,0,,0,0,,,,,,,,
GB3180,e7f61d3e56b2858294e3e77f95bc4851805217513ac917a44fbf7218b397ad50,hardneg,NO_VICTIM_ACTIVITY,,grid,full,1,8.0,,234,0,,,,2000,234,0,0,0,0,0.0,0.0,0,31,0,6,25,63,0,0,3,0,0,0,0,0,1,0,,0,,,0,0,1,0,0,0,0,0,0,0,0,0,0,0,,0,0,,,,,,,,
GB3181,d090f47423dde413cf82e0ef6ec44d23e22d8cad9bf38a94a918be7f309a2022,hardneg,NO_VICTIM_ACTIVITY,,grid,full,1,8.0,,236,0,,,,200,236,0,0,0,0,0.0,0.0,0,9,0,7,2,61,0,0,3,0,0,0,0,0,1,0,,0,,,0,0,1,0,0,0,0,0,0,0,0,0,0,0,,0,0,,,,,,,,
GB3182,db2dcf4d510e514ba936b889a8fb1fe027995680cce8ba2db050af8b1fd2f2f6,hardneg,NO_VICTIM_ACTIVITY,,grid,full,1,8.0,,236,0,,,,200,236,0,0,0,0,0.0,0.0,0,8,0,6,2,61,0,0,3,0,0,0,0,0,1,0,,0,,,0,0,1,0,0,0,0,0,0,0,0,0,0,0,,0,0,,,,,,,,
GB3183,638624a59053096e8aa5b8b767d6b5d9f38499e3328b59a6049fac394ba04f22,hardneg,NO_VICTIM_ACTIVITY,,grid,full,1,8.0,,236,0,,,,200,236,0,0,0,0,0.0,0.0,0,8,0,7,1,61,0,0,3,0,0,0,0,0,1,0,,0,,,0,0,1,0,0,0,0,0,0,0,0,0,0,0,,0,0,,,,,,,,
GB3184,5299323fba6c86480886886ed2092d0719dac45858160ca95c9c43b301443b13,hardneg,NO_VICTIM_ACTIVITY,,grid,full,1,8.0,,236,0,,,,200,236,0,0,0,0,0.0,0.0,0,10,0,8,2,61,0,0,3,0,0,0,0,0,1,0,,0,,,0,0,1,0,0,0,0,0,0,0,0,0,0,0,,0,0,,,,,,,,
GB3185,6626e3c5a4895667695dbc739362758ca3458f1a82370d5dcd93034197f10d57,hardneg,NO_VICTIM_ACTIVITY,,grid,full,1,8.0,,236,0,,,,200,236,0,0,0,0,0.0,0.0,0,8,0,6,2,61,0,0,3,0,0,0,0,0,1,0,,0,,,0,0,1,0,0,0,0,0,0,0,0,0,0,0,,0,0,,,,,,,,
GB3186,580c95e4b3f7d7d6a06e759b20554e766d5c08c9e88debdd43b57dcba28bcdad,hardneg,NO_VICTIM_ACTIVITY,,grid,full,1,8.0,,231,0,,,,200,231,0,0,0,0,0.0,0.0,0,10,0,7,3,63,0,0,3,0,0,0,0,0,1,0,,0,,,0,0,1,0,0,0,0,0,0,0,0,0,0,0,,0,0,,,,,,,,
GB3187,b2cc31ac662079ce781d78889388520a418f2f818d07b126176ac9d60ab48c7d,hardneg,NO_VICTIM_ACTIVITY,,grid,full,1,2.0,,231,0,,,,200,231,0,0,0,0,0.0,0.0,0,10,0,8,2,63,0,0,3,0,0,0,0,0,1,0,,1,0,0,0,0,1,0,0,0,0,0,0,0,0,0,0,0,,0,0,,,,,,,,
GB3188,3c867739d471a90d5113dd551776ff966af740c57a59e0d3a356f95a8dae6e21,hardneg,NO_VICTIM_ACTIVITY,,grid,full,1,2.0,,231,0,,,,200,231,0,0,0,0,0.0,0.0,0,10,0,8,2,63,0,0,3,0,0,0,0,0,1,0,,0,,,0,0,1,0,0,0,0,0,0,0,0,0,0,0,,0,0,,,,,,,,
GB3189,0c921b92f69ebd6b32335448891ebbba15401c0c521893cbb5c2d180af942215,hardneg,NO_VICTIM_ACTIVITY,,grid,full,1,8.0,,231,0,,,,200,231,0,0,0,0,0.0,0.0,0,9,0,7,2,63,0,0,3,0,0,0,0,0,1,0,,0,,,0,0,1,0,0,0,0,0,0,0,0,0,0,0,,0,0,,,,,,,,
GB3190,5f1334514c998aad38409bd5ca91afe97366eda5917e3bd307600ba8b6546af7,hardneg,NO_VICTIM_ACTIVITY,,grid,full,1,8.0,,230,0,,,,500,230,0,0,0,0,0.0,0.0,0,14,0,8,6,63,0,0,3,0,0,0,0,0,1,0,,0,,,0,0,1,0,0,0,0,0,0,0,0,0,0,0,,0,0,,,,,,,,
GB3191,9e0e6ef81cf0d48bd4f2d86c113519e2c082feaf2a04da0118dfd4826d21fdad,hardneg,NO_VICTIM_ACTIVITY,,grid,full,1,8.0,,231,0,,,,500,231,0,0,0,0,0.0,0.0,0,13,0,6,7,63,0,0,3,0,0,0,0,0,1,0,,7,0,0,0,0,1,0,0,0,0,0,0,0,0,0,0,0,,0,0,,,,,,,,
GB3192,918fa00cfd89915c834540bab7933583b20c0621ddca5a82973aebebb5e40a30,hardneg,NO_VICTIM_ACTIVITY,,grid,full,1,2.0,,231,0,,,,500,231,0,0,0,0,0.0,0.0,0,13,0,6,7,63,0,0,3,0,0,0,0,0,1,0,,0,,,0,0,1,0,0,0,0,0,0,0,0,0,0,0,,0,0,,,,,,,,
GB3193,95ba2fb1b4b86a2b282acf6c996848e7e68cd469d49db7c6bb8e9bee4b5e9c31,hardneg,NO_VICTIM_ACTIVITY,,grid,full,1,2.0,,233,0,,,,50,233,0,0,0,0,0.0,0.0,0,5,0,5,0,61,0,0,3,0,0,0,0,0,1,0,,0,,,0,0,1,0,0,0,0,0,0,0,0,0,0,0,,0,0,,,,,,,,
GB3194,03cd1cce3aa30ab16a620e31387b6884d96f875922d7fc877b6763ed3dacd1ab,hardneg,NO_VICTIM_ACTIVITY,,grid,full,1,2.0,,233,0,,,,50,233,0,0,0,0,0.0,0.0,0,3,0,3,0,61,0,0,3,0,0,0,0,0,1,0,,0,,,0,0,1,0,0,0,0,0,0,0,0,0,0,0,,0,0,,,,,,,,
GB3195,befe86de7be18fc3f42338c64603514283c8c836230564a8f0923f4913866347,hardneg,NO_VICTIM_ACTIVITY,,grid,full,1,2.0,,228,0,,,,50,228,0,0,0,0,0.0,0.0,0,7,0,7,0,63,0,0,3,0,0,0,0,0,1,0,,0,,,0,0,1,0,0,0,0,0,0,0,0,0,0,0,,0,0,,,,,,,,
GB3196,c89dc773ce3b20ccdac0e4bbe39beebded329e5158aa9093a67f90ef711a0cbe,hardneg,NO_VICTIM_ACTIVITY,,grid,full,1,2.0,,228,0,,,,50,228,0,0,0,0,0.0,0.0,0,7,0,7,0,63,0,0,3,0,0,0,0,0,1,0,,0,,,0,0,1,0,0,0,0,0,0,0,0,0,0,0,,0,0,,,,,,,,
GB3197,ae31a5e6eeef3f87747b0b838bc65622a5997d2939f8f6871d3f1051220d4f72,hardneg,NO_VICTIM_ACTIVITY,,grid,full,1,8.0,,228,0,,,,50,228,0,0,0,0,0.0,0.0,0,5,0,5,0,63,0,0,3,0,0,0,0,0,1,0,,0,,,0,0,1,0,0,0,0,0,0,0,0,0,0,0,,0,0,,,,,,,,
GB3198,f2475aa202f4a435de083286b874053d28078318e66f367c7e8512fa102d0a00,hardneg,NO_VICTIM_ACTIVITY,,grid,full,1,2.0,,228,0,,,,50,228,0,0,0,0,0.0,0.0,0,4,0,4,0,63,0,0,3,0,0,0,0,0,1,0,,0,,,0,0,1,0,0,0,0,0,0,0,0,0,0,0,,0,0,,,,,,,,
GB3199,bd6c45039e245015403890d99fa01f3c80ffcadc0fa7b9309b363e20dbc298d6,hardneg,NO_VICTIM_ACTIVITY,,grid,full,1,7.0,,1548,0,,,,0,1548,1356,0,0,0,0.875968992248062,0.0,3,18,0,4,14,61,0,0,2,0,0,0,0,0,1,0,,0,,,0,0,1,0,0,0,0,0,0,0,0,0,0,0,,0,0,,,,,,,,
GB3200,6ef8897c9327d03d136e07324a576d27924aef2941a60d4f90e992df5502a1dc,hardneg,NO_VICTIM_ACTIVITY,,grid,full,1,7.0,,1547,0,,,,0,1547,1356,0,0,0,0.8765352294764059,0.0,3,21,0,5,16,61,0,0,2,0,0,0,0,0,1,0,,0,,,0,0,1,0,0,0,0,0,0,0,0,0,0,0,,0,0,,,,,,,,
GB3201,9296c048a5c0fec22d33ea368c0b8305dd3087e66c461d5d4c1210c86ff3e3e7,hardneg,NO_VICTIM_ACTIVITY,,grid,full,1,7.0,,1548,0,,,,0,1548,1356,0,0,0,0.875968992248062,0.0,3,18,0,4,14,61,0,0,2,0,0,0,0,0,1,0,,0,,,0,0,1,0,0,0,0,0,0,0,0,0,0,0,,0,0,,,,,,,,
GB3202,2b2ed3ac57f6f8a7f1a7aaf0721ef9fbacce6adf06ab8d4bf4e5539601a186c3,hardneg,NO_VICTIM_ACTIVITY,,grid,full,1,7.0,,1547,0,,,,0,1547,1356,0,0,0,0.8765352294764059,0.0,3,18,0,3,15,61,0,0,2,0,0,0,0,0,1,0,,0,,,0,0,1,0,0,0,0,0,0,0,0,0,0,0,,0,0,,,,,,,,
GB3203,12ea0f468dc7ffda429486bfe41530a7ba3c51713d0079d63fbe8a36dd863a16,hardneg,NO_VICTIM_ACTIVITY,,grid,full,1,7.0,,563,0,,,,0,563,378,0,0,0,0.6714031971580817,0.0,3,20,0,3,17,63,0,0,2,0,0,0,0,0,1,0,,0,,,0,0,1,0,0,0,0,0,0,0,0,0,0,0,,0,0,,,,,,,,
GB3204,2a9ea272d7778f4d4280d748418ccbfe999b52d529c76b3d5a6ed1ee9e1174b0,hardneg,NO_VICTIM_ACTIVITY,,grid,full,1,7.0,,1548,0,,,,0,1548,1356,0,0,0,0.875968992248062,0.0,3,17,0,3,14,75,2,0,2,0,0,0,1,1,3,2,,0,,,1,0,0,0,0,0,0,0,0,0,0,0,0,0,,0,0,,,,,,,,
GB3205,18fb31d7fca6ae15dae26e50484dc804c91a7b542d5af760c63554cf7fb8af08,hardneg,NO_VICTIM_ACTIVITY,,grid,full,1,7.0,,1548,0,,,,0,1548,1356,0,0,0,0.875968992248062,0.0,3,18,0,4,14,61,0,0,2,0,0,0,0,0,1,0,,0,,,0,0,1,0,0,0,0,0,0,0,0,0,0,0,,0,0,,,,,,,,
GB3206,d37a98732dc03cd4634c42da9c55de222dab8cacd0be7007ba2e2b03b33bf540,hardneg,NO_VICTIM_ACTIVITY,,grid,full,1,7.0,,869,0,,,,0,869,684,0,0,0,0.7871116225546605,0.0,3,29,0,3,26,63,0,0,2,0,0,0,0,0,1,0,,0,,,0,0,1,0,0,0,0,0,0,0,0,0,0,0,,0,0,,,,,,,,
GB3207,3efeeede6bbbd4d7f02f8c48d52c560fc417394da652e3c6d3899520f6976320,hardneg,NO_VICTIM_ACTIVITY,,grid,full,1,7.0,,932,0,,,,0,932,747,0,0,0,0.8015021459227468,0.0,3,28,0,5,23,63,0,0,2,0,0,0,0,0,1,0,,0,,,0,0,1,0,0,0,0,0,0,0,0,0,0,0,,0,0,,,,,,,,
GB3208,2d8cfdc2dc8aa7ed7c5e93beee900ae758af488e0bb6ce1d45d4167ae0969cd0,hardneg,NO_VICTIM_ACTIVITY,,grid,full,1,7.0,,917,0,,,,0,917,732,0,0,0,0.7982551799345693,0.0,3,24,0,2,22,63,0,0,2,0,0,0,0,0,1,0,,0,,,0,0,1,0,0,0,0,0,0,0,0,0,0,0,,0,0,,,,,,,,
GB3209,0ec9bfd9cc017e65f77204bc55af5868255850c6e310558846a07ffc8c78fe83,hardneg,NO_VICTIM_ACTIVITY,,grid,full,1,7.0,,788,0,,,,0,788,600,0,0,0,0.7614213197969543,0.0,3,13,0,3,10,75,2,0,2,0,0,0,1,1,3,2,,0,,,1,0,0,0,0,0,0,0,0,0,0,0,0,0,,0,0,,,,,,,,
GB3210,d4572d5bc59628d8d243720464f69d7aec6bd56e77187b6f0dbd72b2beffc47f,hardneg,NO_VICTIM_ACTIVITY,,grid,full,1,7.0,,788,0,,,,0,788,600,0,0,0,0.7614213197969543,0.0,3,13,0,3,10,61,0,0,2,0,0,0,0,0,1,0,,0,,,0,0,1,0,0,0,0,0,0,0,0,0,0,0,,0,0,,,,,,,,
GB3211,9f0469426ed6e891b44bd8299620641391a7af26672878bd006702fb77df44fd,hardneg,NO_VICTIM_ACTIVITY,,grid,full,1,7.0,,788,0,,,,0,788,600,0,0,0,0.7614213197969543,0.0,3,13,0,3,10,61,0,0,2,0,0,0,0,0,1,0,,0,,,0,0,1,0,0,0,0,0,0,0,0,0,0,0,,0,0,,,,,,,,
GB3212,f0a5572dcbad0aff24d15f69a6318df69bcb662f6065e832ffcbb7dd67b8acac,hardneg,NO_VICTIM_ACTIVITY,,grid,full,1,7.0,,788,0,,,,0,788,600,0,0,0,0.7614213197969543,0.0,3,12,0,3,9,61,0,0,2,0,0,0,0,0,1,0,,0,,,0,0,1,0,0,0,0,0,0,0,0,0,0,0,,0,0,,,,,,,,
GB3213,d27a5eb5f68d3fbade30e3509c26eabba0d2728dd81819b46f0c975aca795532,hardneg,NO_VICTIM_ACTIVITY,,grid,full,1,7.0,,788,0,,,,0,788,600,0,0,0,0.7614213197969543,0.0,3,12,0,3,9,61,0,0,2,0,0,0,0,0,1,0,,0,,,0,0,1,0,0,0,0,0,0,0,0,0,0,0,,0,0,,,,,,,,
GB3214,780e99deb9d4a03f53f68621ce8c501a437bd4c9270f4ca75f4b02e1b61f4484,hardneg,NO_VICTIM_ACTIVITY,,grid,full,1,7.0,,247,0,,,,0,247,66,0,0,0,0.26720647773279355,0.0,3,9,0,3,6,63,0,0,2,0,0,0,0,0,1,0,,0,,,0,0,1,0,0,0,0,0,0,0,0,0,0,0,,0,0,,,,,,,,
GB3215,b51de583c896accc783c4f5fb5dde7591b300eaaf0b1341ab37010ab9e8cf837,hardneg,NO_VICTIM_ACTIVITY,,grid,full,1,7.0,,235,0,,,,0,235,54,0,0,0,0.2297872340425532,0.0,3,10,0,3,7,63,0,0,2,0,0,0,0,0,1,0,,0,,,0,0,1,0,0,0,0,0,0,0,0,0,0,0,,0,0,,,,,,,,
GB3216,8eff436a2ad5a6d120158f67dbdbf9663c79083baa156297764c9623812fea3a,hardneg,NO_VICTIM_ACTIVITY,,grid,full,1,7.0,,232,0,,,,0,232,51,0,0,0,0.21982758620689655,0.0,3,9,0,2,7,63,0,0,2,0,0,0,0,0,1,0,,0,,,0,0,1,0,0,0,0,0,0,0,0,0,0,0,,0,0,,,,,,,,
GB3217,7ee45beff3cbf750d9e0d50e7ae87d1edcf77c3e9b9726659d9c377ddc502a94,hardneg,NO_VICTIM_ACTIVITY,,grid,full,1,7.0,,788,0,,,,0,788,600,0,0,0,0.7614213197969543,0.0,3,12,0,3,9,61,0,0,2,0,0,0,0,0,1,0,,0,,,0,0,1,0,0,0,0,0,0,0,0,0,0,0,,0,0,,,,,,,,
GB3218,d4a9ccb64b1ade2982f5c2ddba4986f28d6409cf6a27aaddc5f7e83ecf0b7f6c,hardneg,NO_VICTIM_ACTIVITY,,grid,full,1,7.0,,788,0,,,,0,788,600,0,0,0,0.7614213197969543,0.0,3,212,0,5,207,61,0,0,2,0,0,0,0,0,1,0,,0,,,0,0,1,0,0,0,0,0,0,0,0,0,0,0,,0,0,,,,,,,,
GB3219,50f45c16fbfce1cc00d41dd590a708189e3530a625a10b2508d6a8e55e1e2773,hardneg,NO_VICTIM_ACTIVITY,,grid,full,1,7.0,,788,0,,,,0,788,600,0,0,0,0.7614213197969543,0.0,3,208,0,4,204,61,0,0,2,0,0,0,0,0,1,0,,0,,,0,0,1,0,0,0,0,0,0,0,0,0,0,0,,0,0,,,,,,,,
GB3220,6467dae398365ad51e893b04be767b42b399c71159eb7ae1190c076e929e052d,hardneg,NO_VICTIM_ACTIVITY,,grid,full,1,7.0,,788,0,,,,0,788,600,0,0,0,0.7614213197969543,0.0,3,22,0,3,19,61,0,0,2,0,0,0,0,0,1,0,,0,,,0,0,1,0,0,0,0,0,0,0,0,0,0,0,,0,0,,,,,,,,
GB3221,a82b6e83e7d050be8ee79bb84a6eaf420fb9d0ea4a655cb80c30765bbe16ce8f,hardneg,NO_VICTIM_ACTIVITY,,grid,full,1,8.0,,788,0,,,,0,788,600,0,0,0,0.7614213197969543,0.0,3,171,0,5,166,62,0,0,2,0,0,0,0,0,1,0,,0,,,0,0,1,0,0,0,0,0,0,0,0,0,0,0,,0,0,,,,,,,,
GB3222,71e4f7ef41e083e84ecc3deab185e0eb9f3736ecdf046c2d65984e6d0ce0314e,hardneg,NO_VICTIM_ACTIVITY,,grid,full,1,8.0,,788,0,,,,0,788,600,0,0,0,0.7614213197969543,0.0,3,183,0,5,178,62,0,0,2,0,0,0,0,0,1,0,,0,,,0,0,1,0,0,0,0,0,0,0,0,0,0,0,,0,0,,,,,,,,
GB3223,8fd392644d5fa3df5c54db5c5a20d047932ecf5b804b03019998f1d216ff5c07,hardneg,NO_VICTIM_ACTIVITY,,grid,full,1,7.0,,1546,0,,,,0,1546,1356,0,0,0,0.8771021992238034,0.0,3,17,0,2,15,61,0,0,2,0,0,0,0,0,1,0,,0,,,0,0,1,0,0,0,0,0,0,0,0,0,0,0,,0,0,,,,,,,,
GB3224,132fc2aa09d3d4eb49b72966b6a7be4adbadce2816e242cc1474c84419e98b6a,hardneg,NO_VICTIM_ACTIVITY,,grid,full,1,7.0,,1546,0,,,,0,1546,1356,0,0,0,0.8771021992238034,0.0,3,18,0,4,14,61,0,0,2,0,0,0,0,0,1,0,,0,,,0,0,1,0,0,0,0,0,0,0,0,0,0,0,,0,0,,,,,,,,
GB3225,e658d09fbcea5cd68c21fdd08b8dbc0466254f9350368259ba41a2a6be756d31,hardneg,NO_VICTIM_ACTIVITY,,grid,full,1,7.0,,375,0,,,,0,375,192,0,0,0,0.512,0.0,3,13,0,3,10,63,0,0,2,0,0,0,0,0,1,0,,0,,,0,0,1,0,0,0,0,0,0,0,0,0,0,0,,0,0,,,,,,,,
GB3226,fbd582efe49550f4a4e62c4b3c89d954f49b9101a1c74ccf9d347782284d36a0,hardneg,NO_VICTIM_ACTIVITY,,grid,full,1,7.0,,345,0,,,,0,345,162,0,0,0,0.46956521739130436,0.0,3,11,0,3,8,63,0,0,2,0,0,0,0,0,1,0,,0,,,0,0,1,0,0,0,0,0,0,0,0,0,0,0,,0,0,,,,,,,,
GB3227,8f67284de1d916639a7af0c8c07d7b53777e94a8123b7dbc6900251781f594a2,hardneg,NO_VICTIM_ACTIVITY,,grid,full,1,7.0,,354,0,,,,0,354,171,0,0,0,0.4830508474576271,0.0,3,11,0,2,9,63,0,0,2,0,0,0,0,0,1,0,,0,,,0,0,1,0,0,0,0,0,0,0,0,0,0,0,,0,0,,,,,,,,
GB3228,93f89ed68187898ddb46032bc0f8554d3bb2deb91883e7fa00b740c9c6494fbf,hardneg,NO_VICTIM_ACTIVITY,,grid,full,1,7.0,,318,0,,,,0,318,135,0,0,0,0.42452830188679247,0.0,3,13,0,2,11,63,0,0,2,0,0,0,0,0,1,0,,0,,,0,0,1,0,0,0,0,0,0,0,0,0,0,0,,0,0,,,,,,,,
GB3229,45fd62653777d02f9151e7beb316a7d294347d8b4a63464bbc3a4b6ffaae4a0b,hardneg,NO_VICTIM_ACTIVITY,,grid,full,1,7.0,,336,0,,,,0,336,150,0,0,0,0.44642857142857145,0.0,3,7,0,2,5,75,2,0,2,0,0,0,1,1,3,2,,0,,,1,0,0,0,0,0,0,0,0,0,0,0,0,0,,0,0,,,,,,,,
GB3230,c6b958786da82fb1c8a82c1986c8d234d66709032e28cd3a60714d5e19c70d07,hardneg,NO_VICTIM_ACTIVITY,,grid,full,1,7.0,,336,0,,,,0,336,150,0,0,0,0.44642857142857145,0.0,3,8,0,3,5,61,0,0,2,0,0,0,0,0,1,0,,0,,,0,0,1,0,0,0,0,0,0,0,0,0,0,0,,0,0,,,,,,,,
GB3231,e9100c0d25c874410023cd98be19f70eba831729ed79a1c1a50793bc0f1ae160,hardneg,NO_VICTIM_ACTIVITY,,grid,full,1,7.0,,336,0,,,,0,336,150,0,0,0,0.44642857142857145,0.0,3,8,0,3,5,61,0,0,2,0,0,0,0,0,1,0,,0,,,0,0,1,0,0,0,0,0,0,0,0,0,0,0,,0,0,,,,,,,,
GB3232,f560849c6aa85863f05a09046040d971697b6538658e9b2e7b2c32df5af9e19a,hardneg,NO_VICTIM_ACTIVITY,,grid,full,1,7.0,,205,0,,,,0,205,27,0,0,0,0.13170731707317074,0.0,3,7,0,4,3,63,0,0,2,0,0,0,0,0,1,0,,0,,,0,0,1,0,0,0,0,0,0,0,0,0,0,0,,0,0,,,,,,,,
GB3233,8d984e5eba36096533433ba6ca09ed184f557748b3b72a409322b648c55417a1,hardneg,TRUE_ENCRYPTION,,grid,full,1,2.0,,188,0,,,,0,188,0,1000,0,0,0.0,5.319148936170213,41,10,0,3,7,58,0,0,0,0,0,0,0,0,1,0,,0,,,0,0,1,0,0,0,0,0,0,0,0,0,0,0,,0,0,,,,,,,,
GB3234,912546d38ff82953edea637169079db2c36afc2c52b116fda47b19cc420f4934,hardneg,TRUE_ENCRYPTION,,grid,full,1,2.0,,182,0,,,,0,182,0,1000,0,0,0.0,5.4945054945054945,39,12,0,5,7,60,0,0,0,0,0,0,0,0,1,0,,0,,,0,0,1,0,0,0,0,0,0,0,0,0,0,0,,0,0,,,,,,,,
GB3235,56aa19681d9f016470e5d9ea6b4f8bb850055045ca09f9ae55a4bffcdcd8c42f,hardneg,TRUE_ENCRYPTION,,grid,full,1,2.0,,182,0,,,,0,182,0,1000,0,0,0.0,5.4945054945054945,35,12,0,4,8,60,0,0,0,0,0,0,0,0,1,0,,0,,,0,0,1,0,0,0,0,0,0,0,0,0,0,0,,0,0,,,,,,,,
GB3236,99dd4d7bc7818ec4f0837f8788285db4640bfe9b7ab17a2e8bac8aad727862a7,hardneg,TRUE_ENCRYPTION,,grid,full,1,2.0,,182,0,,,,0,182,0,1000,0,0,0.0,5.4945054945054945,33,13,0,3,10,60,0,0,0,0,0,0,0,0,1,0,,0,,,0,0,1,0,0,0,0,0,0,0,0,0,0,0,,0,0,,,,,,,,
GB3237,cdba72b24957dfc964a9bc2bc6263f0135feec65aa8ccf3cb47d3c956237dbd8,hardneg,TRUE_ENCRYPTION,,grid,full,1,2.0,,188,0,,,,0,188,0,2000,0,0,0.0,10.638297872340425,46,13,0,3,10,58,0,0,0,0,0,0,0,0,1,0,,0,,,0,0,1,0,0,0,0,0,0,0,0,0,0,0,,0,0,,,,,,,,
GB3238,9ebba045050f3c94dfbfe0cf9399e8a457026b373190f3541e6e618c11f7fadb,hardneg,TRUE_ENCRYPTION,,grid,full,1,2.0,,188,0,,,,0,188,0,2000,0,0,0.0,10.638297872340425,46,12,0,3,9,58,0,0,0,0,0,0,0,0,1,0,,0,,,0,0,1,0,0,0,0,0,0,0,0,0,0,0,,0,0,,,,,,,,
GB3239,8777ca31edcb3c81318c9f8061d5dbe790cb16ef6b57add38f6d63af9ce66d6a,hardneg,TRUE_ENCRYPTION,,grid,full,1,2.0,,188,0,,,,0,188,0,2000,0,0,0.0,10.638297872340425,46,16,0,4,12,58,0,0,0,0,0,0,0,0,1,0,,0,,,0,0,1,0,0,0,0,0,0,0,0,0,0,0,,0,0,,,,,,,,
GB3240,053249ddd22473bb95d56dcb139c47dca8e86dd94f2baabb9ff0638eb93825d2,hardneg,TRUE_ENCRYPTION,,grid,full,1,2.0,,188,0,,,,0,188,0,2000,0,0,0.0,10.638297872340425,46,11,0,1,10,58,0,0,0,0,0,0,0,0,1,0,,0,,,0,0,1,0,0,0,0,0,0,0,0,0,0,0,,0,0,,,,,,,,
GB3241,4e66d8395a51276066f250eaeace0b113346031b132ef539af40c5591edf1c38,hardneg,TRUE_ENCRYPTION,,grid,full,1,2.0,,182,0,,,,0,182,0,2000,0,0,0.0,10.989010989010989,55,16,0,4,12,60,0,0,0,0,0,0,0,0,1,0,,0,,,0,0,1,0,0,0,0,0,0,0,0,0,0,0,,0,0,,,,,,,,
GB3242,1426e8579530ebbc568802d4bc825ba5755d36bb48e76f31bc44c722a31244fa,hardneg,TRUE_ENCRYPTION,,grid,full,1,2.0,,183,0,,,,0,183,0,2000,0,0,0.0,10.92896174863388,57,14,0,3,11,60,0,0,0,0,0,0,0,0,1,0,,0,,,0,0,1,0,0,0,0,0,0,0,0,0,0,0,,0,0,,,,,,,,
GB3243,d61aca5a2ce18e33384f76b308a72a0096ce0ef503e6bb9040c68c011decd628,hardneg,TRUE_ENCRYPTION,,grid,full,1,2.0,,183,0,,,,0,183,0,2000,0,0,0.0,10.92896174863388,54,13,0,2,11,60,0,0,0,0,0,0,0,0,1,0,,0,,,0,0,1,0,0,0,0,0,0,0,0,0,0,0,,0,0,,,,,,,,
GB3244,2a9e49a77b5c844ca303e405357b0021dcb69ed4a8242feff53d8c65dc51a314,hardneg,TRUE_ENCRYPTION,,grid,full,1,2.0,,182,0,,,,0,182,0,2000,0,0,0.0,10.989010989010989,51,15,0,2,13,60,0,0,0,0,0,0,0,0,1,0,,0,,,0,0,1,0,0,0,0,0,0,0,0,0,0,0,,0,0,,,,,,,,
GB3245,b885a1a1873d1d6c3aba2b47e9523d50d9b13effbb567b295efee9d12942ad41,hardneg,TRUE_ENCRYPTION,,grid,full,1,2.0,,186,0,,,,0,186,0,200,0,0,0.0,1.075268817204301,19,7,0,3,4,58,0,0,0,0,0,0,0,0,1,0,,0,,,0,0,1,0,0,0,0,0,0,0,0,0,0,0,,0,0,,,,,,,,
GB3246,cd8527ad97963f2901070d288a5ade98256c8d35db3364fdab9cbc52bef001da,hardneg,TRUE_ENCRYPTION,,grid,full,1,2.0,,186,0,,,,0,186,0,200,0,0,0.0,1.075268817204301,19,6,0,2,4,58,0,0,0,0,0,0,0,0,1,0,,0,,,0,0,1,0,0,0,0,0,0,0,0,0,0,0,,0,0,,,,,,,,
GB3247,631aab9fd10f9795063ce0cd9f0a497ef055a8ab031309fa6f70e04ccf4bb80a,hardneg,TRUE_ENCRYPTION,,grid,full,1,2.0,,186,0,,,,0,186,0,200,0,0,0.0,1.075268817204301,19,6,0,3,3,58,0,0,0,0,0,0,0,0,1,0,,0,,,0,0,1,0,0,0,0,0,0,0,0,0,0,0,,0,0,,,,,,,,
GB3248,14f7bb30837de690a2df25139860e27a152067a365155fbd4bc3eb64293eb141,hardneg,TRUE_ENCRYPTION,,grid,full,1,2.0,,180,0,,,,0,180,0,200,0,0,0.0,1.1111111111111112,17,5,0,2,3,60,0,0,0,0,0,0,0,0,1,0,,0,,,0,0,1,0,0,0,0,0,0,0,0,0,0,0,,0,0,,,,,,,,
GB3249,ef22ae1499b99146f3ed94d1ad54a3c8483f7e27f09438ad87d665b48f7ef02d,hardneg,TRUE_ENCRYPTION,,grid,full,1,2.0,,179,0,,,,0,179,0,200,0,0,0.0,1.1173184357541899,15,6,0,3,3,60,0,0,0,0,0,0,0,0,1,0,,0,,,0,0,1,0,0,0,0,0,0,0,0,0,0,0,,0,0,,,,,,,,
GB3250,80fb6cf1d1c3ad675bfcabad281fd1718b038bd43bc6c5e22702f873f266cd4d,hardneg,TRUE_ENCRYPTION,,grid,full,1,2.0,,179,0,,,,0,179,0,200,0,0,0.0,1.1173184357541899,19,6,0,2,4,60,0,0,0,0,0,0,0,0,1,0,,0,,,0,0,1,0,0,0,0,0,0,0,0,0,0,0,,0,0,,,,,,,,
GB3251,884668fa88dac8d0fd120d2023d8216021efb069b192298a813834774f501cb0,hardneg,TRUE_ENCRYPTION,,grid,full,1,2.0,,180,0,,,,0,180,0,200,0,0,0.0,1.1111111111111112,19,7,0,3,4,60,0,0,0,0,0,0,0,0,1,0,,0,,,0,0,1,0,0,0,0,0,0,0,0,0,0,0,,0,0,,,,,,,,
GB3252,5211ce851b756964dbdfc7bee19ae4fe484060b7c6b9c26db5e3ececabf7220f,hardneg,TRUE_ENCRYPTION,,grid,full,1,2.0,,186,0,,,,0,186,0,500,0,0,0.0,2.6881720430107525,35,9,0,3,6,58,0,0,0,0,0,0,0,0,1,0,,0,,,0,0,1,0,0,0,0,0,0,0,0,0,0,0,,0,0,,,,,,,,
GB3253,13bc3e6fd0b693abf8022310d9f45c8da282733d02b162e6dc190db2cfe4cfdf,hardneg,TRUE_ENCRYPTION,,grid,full,1,2.0,,186,0,,,,0,186,0,500,0,0,0.0,2.6881720430107525,35,8,0,4,4,58,0,0,0,0,0,0,0,0,1,0,,0,,,0,0,1,0,0,0,0,0,0,0,0,0,0,0,,0,0,,,,,,,,
GB3254,ab09adca69a2c6215c34e7ead0ee515b548a561410965cf1ceeb69e5e8a07bf9,hardneg,TRUE_ENCRYPTION,,grid,full,1,2.0,,186,0,,,,0,186,0,500,0,0,0.0,2.6881720430107525,35,9,0,3,6,58,0,0,0,0,0,0,0,0,1,0,,0,,,0,0,1,0,0,0,0,0,0,0,0,0,0,0,,0,0,,,,,,,,
GB3255,c802d6478eeba762cb9b48ae909f5e27cd3cb957cb50dff89a60ea861f6048f5,hardneg,TRUE_ENCRYPTION,,grid,full,1,2.0,,186,0,,,,0,186,0,500,0,0,0.0,2.6881720430107525,35,8,0,3,5,58,0,0,0,0,0,0,0,0,1,0,,0,,,0,0,1,0,0,0,0,0,0,0,0,0,0,0,,0,0,,,,,,,,
GB3256,150da67e02bd95ee6118056ed71a8f7598682b05858fe2b8ac98c176f4d53e2f,hardneg,TRUE_ENCRYPTION,,grid,full,1,2.0,,186,0,,,,0,186,0,500,0,0,0.0,2.6881720430107525,35,8,0,3,5,58,0,0,0,0,0,0,0,0,1,0,,0,,,0,0,1,0,0,0,0,0,0,0,0,0,0,0,,0,0,,,,,,,,
GB3257,5c50e0716d2e8481c4410af329a650bcd7565e7f8065d46a4cd2705bc97428e6,hardneg,TRUE_ENCRYPTION,,grid,full,1,2.0,,180,0,,,,0,180,0,500,0,0,0.0,2.7777777777777777,28,6,0,1,5,60,0,0,0,0,0,0,0,0,1,0,,0,,,0,0,1,0,0,0,0,0,0,0,0,0,0,0,,0,0,,,,,,,,
GB3258,88a95a164b47bd5d8a2fe70dfde7081d22f23a360491a3d14c6ed2006abc2195,hardneg,TRUE_ENCRYPTION,,grid,full,1,2.0,,180,0,,,,0,180,0,500,0,0,0.0,2.7777777777777777,27,7,0,2,5,60,0,0,0,0,0,0,0,0,1,0,,0,,,0,0,1,0,0,0,0,0,0,0,0,0,0,0,,0,0,,,,,,,,
GB3259,70d2a681605c7fac2ac47f29a89f5c3c23a7a197dd2b253af8f9dae7552d8f8d,hardneg,TRUE_ENCRYPTION,,grid,full,1,1.8,,180,0,,,,0,180,0,500,0,0,0.0,2.7777777777777777,28,8,0,3,5,60,0,0,0,0,0,0,0,0,1,0,,0,,,0,0,1,0,0,0,0,0,0,0,0,0,0,0,,0,0,,,,,,,,
GB3260,c9101e87ba0e7a030843d95730cbef47ffe8121928a4100f9b16c20b7b7190db,hardneg,TRUE_ENCRYPTION,,grid,full,1,1.8,,183,0,,,,0,183,0,50,0,0,0.0,0.273224043715847,7,6,0,4,2,58,0,0,0,0,0,0,0,0,1,0,,0,,,0,0,1,0,0,0,0,0,0,0,0,0,0,0,,0,0,,,,,,,,
GB3261,78a4e06b663ef867c13b24d77fb1bddfabee840029951638e3f4da0301bfdf21,hardneg,TRUE_ENCRYPTION,,grid,full,1,2.0,,183,0,,,,0,183,0,50,0,0,0.0,0.273224043715847,7,6,0,4,2,58,0,0,0,0,0,0,0,0,1,0,,0,,,0,0,1,0,0,0,0,0,0,0,0,0,0,0,,0,0,,,,,,,,
GB3262,55f16e5b18333c515c3ce6d052ad061212372961a3684de4e500929bb795a6fa,hardneg,TRUE_ENCRYPTION,,grid,full,1,2.0,,183,0,,,,0,183,0,50,0,0,0.0,0.273224043715847,7,6,0,4,2,58,0,0,0,0,0,0,0,0,1,0,,0,,,0,0,1,0,0,0,0,0,0,0,0,0,0,0,,0,0,,,,,,,,
GB3263,037bb5ac1ba6a15ea592ceb998df0727e2ab505d600f67bc401d5f965c755fdc,hardneg,TRUE_ENCRYPTION,,grid,full,1,2.0,,183,0,,,,0,183,0,50,0,0,0.0,0.273224043715847,7,5,0,3,2,58,0,0,0,0,0,0,0,0,1,0,,0,,,0,0,1,0,0,0,0,0,0,0,0,0,0,0,,0,0,,,,,,,,
GB3264,1aa0be7fe71cdae3953a91376ee403720d1e5ba89417363b7acb2d589f7b4da7,hardneg,TRUE_ENCRYPTION,,grid,full,1,2.0,,177,0,,,,0,177,0,50,0,0,0.0,0.2824858757062147,9,6,0,4,2,60,0,0,0,0,0,0,0,0,1,0,,0,,,0,0,1,0,0,0,0,0,0,0,0,0,0,0,,0,0,,,,,,,,
GB3265,5fa9308111a01a00903b1c87d81f39e49da5eeaa597226184cbb8f5482fcca6d,hardneg,TRUE_ENCRYPTION,,grid,full,1,2.0,,177,0,,,,0,177,0,50,0,0,0.0,0.2824858757062147,7,5,0,4,1,60,0,0,0,0,0,0,0,0,1,0,,0,,,0,0,1,0,0,0,0,0,0,0,0,0,0,0,,0,0,,,,,,,,
GB3266,e652b8cacb311b95f91968bfa4c5b373ca559fc4f1cfa8dc0d2f1dcf062be775,hardneg,TRUE_ENCRYPTION,,grid,full,1,2.0,,177,0,,,,0,177,0,50,0,0,0.0,0.2824858757062147,7,4,0,3,1,60,0,0,0,0,0,0,0,0,1,0,,0,,,0,0,1,0,0,0,0,0,0,0,0,0,0,0,,0,0,,,,,,,,
GB3267,838969d8ded36d8333c9a94a0629d220b0c3bfef658b4c3157af0eda7a224b19,hardneg,TRUE_ENCRYPTION,,grid,full,1,2.0,,177,0,,,,0,177,0,50,0,0,0.0,0.2824858757062147,11,5,0,4,1,60,0,0,0,0,0,0,0,0,1,0,,0,,,0,0,1,0,0,0,0,0,0,0,0,0,0,0,,0,0,,,,,,,,
GB3268,30bacadfe32419c22ef7b21e3a88c915d1c4e32153a1840ba7a3dd11af81fa16,hardneg,TRUE_ENCRYPTION,,grid,full,1,9.0,,646,7000,0.07294069525771175,4.714616897137164,7.3122239122406505,1000,646,452,0,0,0,0.6996904024767802,0.0,32,30,18,4,8,70,4,0,3,0,0,0,0,0,1,1,,1231,2,1,0,0,1,0,0,0,0,0,0,0,0,0,0,0,,0,0,,,,,,,,
GB3269,bd21f1da6e3bfbe6da307bc253e566a14dfeacbe86c7d155cfecae468013ba38,hardneg,TRUE_ENCRYPTION,,grid,full,1,9.0,,646,7000,0.07085454528092917,4.714616897137164,7.3122239122406505,1000,646,452,0,0,0,0.6996904024767802,0.0,32,37,22,4,11,70,4,0,3,0,0,0,0,0,1,1,,1231,2,1,0,0,1,0,0,0,0,0,0,0,0,0,0,0,,0,0,,,,,,,,
GB3270,9006ddbe6250cc12f57eae26c198875f762ecb6955ca788817f48c6e74b669be,hardneg,TRUE_ENCRYPTION,,grid,full,1,9.0,,646,7000,0.12464224189046688,4.714616897137164,7.3122239122406505,1000,646,452,0,0,0,0.6996904024767802,0.0,32,32,18,4,10,70,4,0,3,0,0,0,0,0,1,1,,1231,2,1,0,0,1,0,0,0,0,0,0,0,0,0,0,0,,0,0,,,,,,,,
GB3271,5189e936a6ab55a8dd84a2799d7b54f602160889c97a2ce6c3738753d1a0b08a,hardneg,TRUE_ENCRYPTION,,grid,full,1,9.0,,281,7000,-0.3054033987912253,4.832934823459626,7.332416230900158,1000,281,94,0,0,0,0.33451957295373663,0.0,11,34,31,3,0,72,4,0,3,0,0,0,0,0,1,1,,5730,4,3,0,0,1,0,0,0,0,0,0,0,0,0,0,0,,0,0,,,,,,,,
GB3272,789244a9e5e11e9878434a029c170a74d3d16fde2b34771df60514059e4ae4bd,hardneg,TRUE_ENCRYPTION,,grid,full,1,9.0,,292,7000,-0.18113471849771726,4.880401244154324,7.332662764826717,1000,292,104,0,0,0,0.3561643835616438,0.0,13,38,32,4,2,72,4,0,3,0,0,0,0,0,1,1,,3685,3,2,0,0,1,0,0,0,0,0,0,0,0,0,0,0,,0,0,,,,,,,,
GB3273,796c73cb781b896aae7408dad8c44f1f6d2fe2bd6006a4d4a9ecf83ee009f628,hardneg,TRUE_ENCRYPTION,,grid,full,1,9.0,,646,14000,-0.2290110097992855,4.767507965519207,7.3122239122406505,2000,646,452,0,0,0,0.6996904024767802,0.0,32,65,21,4,40,70,4,0,3,0,0,0,0,0,1,1,,1231,2,1,0,0,1,0,0,0,0,0,0,0,0,0,0,0,,0,0,,,,,,,,
GB3274,8fd167ba8e58c0b65288cb4b7e89c3a9bad07ccabd6cb62f286db169d58766bd,hardneg,TRUE_ENCRYPTION,,grid,full,1,9.0,,646,14000,0.05737393986408862,4.767507965519207,7.3122239122406505,2000,646,452,0,0,0,0.6996904024767802,0.0,32,97,21,4,72,70,4,0,3,0,0,0,0,0,1,1,,1231,2,1,0,0,1,0,0,0,0,0,0,0,0,0,0,0,,0,0,,,,,,,,
GB3275,f31d1adc144b72cfd9c0ce1f3ea646fbaa93c1054332572e7427fb95410e553b,hardneg,TRUE_ENCRYPTION,,grid,full,1,7.0,,408,13993,-0.04422823569674671,4.885571201166086,7.342563427641414,2000,408,219,0,0,0,0.5367647058823529,0.0,24,130,95,10,25,72,4,0,3,0,0,0,0,0,1,1,,4068,3,2,0,0,1,0,0,0,0,0,0,0,0,0,0,0,,0,0,,,,,,,,
GB3276,e4d1e057b8c5281562fed796d879e85b61900f4205cf06cc104a4e03c1ef72c3,hardneg,TRUE_ENCRYPTION,,grid,full,1,9.0,,416,14000,0.16452342731244005,4.880192371737041,7.332416230900158,2000,416,227,0,0,0,0.5456730769230769,0.0,23,83,58,11,14,72,4,0,3,0,0,0,0,0,1,1,,3587,2,1,0,0,1,0,0,0,0,0,0,0,0,0,0,0,,0,0,,,,,,,,
GB3277,96c40088001ec64d63e345e566c64248147670f27ec9c1dfe8b8f0e1604b3137,hardneg,TRUE_ENCRYPTION,,grid,full,1,9.0,,406,14000,-0.18233057631215846,4.856186416203738,7.342563427641414,2000,406,218,0,0,0,0.5369458128078818,0.0,26,66,60,4,2,72,4,0,3,0,0,0,0,0,1,1,,7937,3,2,0,0,1,0,0,0,0,0,0,0,0,0,0,0,,0,0,,,,,,,,
GB3278,75adcad666ef4f8883094d872353ee50b43da48970fd0097777a22555fbc530a,hardneg,TRUE_ENCRYPTION,,grid,full,1,9.0,,391,1400,0.36362134069660856,4.83448903257657,7.308733485734245,200,391,200,0,0,0,0.5115089514066496,0.0,19,17,13,4,0,70,4,0,3,0,0,0,0,0,1,1,,1231,2,1,0,0,1,0,0,0,0,0,0,0,0,0,0,0,,0,0,,,,,,,,
GB3279,e9dda5761808d3e870c69530645ca2db4bec4f0ad884d668b152d1f8e4de9839,hardneg,TRUE_ENCRYPTION,,grid,full,1,9.0,,391,1400,0.37684980693585995,4.83448903257657,7.308733485734245,200,391,200,0,0,0,0.5115089514066496,0.0,19,17,12,5,0,70,4,0,3,0,0,0,0,0,1,1,,1231,2,1,0,0,1,0,0,0,0,0,0,0,0,0,0,0,,0,0,,,,,,,,
GB3280,77795ba104cad33d2111ca1078ec705bd9b9132259f0d3859c507f47a7b76ea4,hardneg,TRUE_ENCRYPTION,,grid,full,1,9.0,,391,1400,0.3402149042695611,4.83448903257657,7.308733485734245,200,391,200,0,0,0,0.5115089514066496,0.0,19,13,10,3,0,70,4,0,3,0,0,0,0,0,1,1,,1231,2,1,0,0,1,0,0,0,0,0,0,0,0,0,0,0,,0,0,,,,,,,,
GB3281,5b6f44fb2c1c44535f73dcffa21be32ff6a00ff523e7fb3420614aface1ca528,hardneg,TRUE_ENCRYPTION,,grid,full,1,7.0,,217,1400,-0.170865144664664,4.876434004899788,7.3211532243483965,200,217,33,0,0,0,0.15207373271889402,0.0,9,14,10,4,0,72,4,0,3,0,0,0,0,0,1,1,,3547,3,2,0,0,1,0,0,0,0,0,0,0,0,0,0,0,,0,0,,,,,,,,
GB3282,7e15e88401059ffbcbce42884ea95ba65125d87070443733255985531190f076,hardneg,TRUE_ENCRYPTION,,grid,full,1,7.0,,206,1400,-0.14105753249212324,4.901898636334269,7.332662764826717,200,206,22,0,0,0,0.10679611650485436,0.0,7,13,8,5,0,72,4,0,3,0,0,0,0,0,1,1,,1459,2,1,0,0,1,0,0,0,0,0,0,0,0,0,0,0,,0,0,,,,,,,,
GB3283,b14ace5aba0dd25a7e6f956e29f6d3425df51b4b7dc5eb279cce85f2946aeb47,hardneg,TRUE_ENCRYPTION,,grid,full,1,7.0,,205,1400,-0.16087884107418554,4.832213267590046,7.309398486252066,200,205,22,0,0,0,0.1073170731707317,0.0,9,12,8,3,1,72,4,0,3,0,0,0,0,0,1,1,,4521,3,2,0,0,1,0,0,0,0,0,0,0,0,0,0,0,,0,0,,,,,,,,
GB3284,42a833f89d3811e2dd816c5e80ff3508a6b85090ff56fc0889fa5f2541f8cd05,hardneg,TRUE_ENCRYPTION,,grid,full,1,9.0,,643,3500,0.5818279062675872,4.71761021958928,7.308733485734245,500,643,452,0,0,0,0.702954898911353,0.0,32,23,20,3,0,70,4,0,3,0,0,0,0,0,1,1,,1231,2,1,0,0,1,0,0,0,0,0,0,0,0,0,0,0,,0,0,,,,,,,,
GB3285,37056b54820c33397b0e0015f436f9644154d16ef2e29fdbae4b0b029f49a370,hardneg,TRUE_ENCRYPTION,,grid,full,1,9.0,,251,3500,-0.1338064648467618,4.876273101542763,7.309398486252066,500,251,67,0,0,0,0.26693227091633465,0.0,12,24,20,3,1,72,4,0,3,0,0,0,0,0,1,1,,5548,4,3,0,0,1,0,0,0,0,0,0,0,0,0,0,0,,0,0,,,,,,,,
GB3286,e10b3d6a9fcb0bc9fae12d356e6468e38ae2e5771a2de4147d9f321ef84ce474,hardneg,TRUE_ENCRYPTION,,grid,full,1,9.0,,236,350,0.0681638794565188,5.07577598275318,7.308733485734245,50,236,50,0,0,0,0.211864406779661,0.0,7,13,7,6,0,70,4,0,3,0,0,0,0,0,1,1,,1231,2,1,0,0,1,0,0,0,0,0,0,0,0,0,0,0,,0,0,,,,,,,,
GB3287,edc0524a9595b6d424fdb116ec23835bbe8a53620403560724ae326ac5bb21c5,hardneg,TRUE_ENCRYPTION,,grid,full,1,9.0,,236,350,0.24093646179551348,5.07577598275318,7.308733485734245,50,236,50,0,0,0,0.211864406779661,0.0,7,10,6,4,0,70,4,0,3,0,0,0,0,0,1,1,,1231,2,1,0,0,1,0,0,0,0,0,0,0,0,0,0,0,,0,0,,,,,,,,
GB3288,1487185d82a6558ee9f2c170ab7193385ccdd3e83606bbdc860cd76913c51a1d,hardneg,NO_VICTIM_ACTIVITY,,grid,full,1,2.1999999999999997,,184,350,0.03573581963108604,4.930970013216445,7.2798994213750134,50,184,5,0,0,0,0.02717391304347826,0.0,4,7,2,5,0,72,4,0,3,0,0,0,0,0,1,1,,596,2,1,0,0,1,0,0,0,0,0,0,0,0,0,0,0,,0,0,,,,,,,,
GB3289,c8069c0bc39d7f6e6c3f3e4559dde4bf79bfd52f01c1d18cdb600b4ae6e910ec,hardneg,NO_VICTIM_ACTIVITY,,grid,full,1,2.1999999999999997,,183,350,-0.17321256111585992,4.956805063661733,7.247282487813661,50,183,4,0,0,0,0.02185792349726776,0.0,2,5,2,3,0,72,4,0,3,0,0,0,0,0,1,1,,640,1,0,0,0,1,0,0,0,0,0,0,0,0,0,0,0,,0,0,,,,,,,,
GB3290,6788b0dd625b49ddbcc8a9ca7600a6126991852130806b0cbae2a44b7c77a185,hardneg,NO_VICTIM_ACTIVITY,,grid,full,1,9.0,,191,0,,,,1000,191,1000,0,0,0,5.2356020942408374,0.0,41,21,2,3,16,61,0,0,2,0,0,0,0,0,1,0,,1149,2,2,0,0,1,0,0,0,0,0,0,0,0,0,0,0,,0,0,,,,,,,,
GB3291,749d844a34b3bf81adf648630bb3d67f03f4715176cac71ef68b42a93ecddc7f,hardneg,NO_VICTIM_ACTIVITY,,grid,full,1,9.0,,191,0,,,,1000,191,1000,0,0,0,5.2356020942408374,0.0,41,24,2,4,18,61,0,0,2,0,0,0,0,0,1,0,,1149,2,2,0,0,1,0,0,0,0,0,0,0,0,0,0,0,,0,0,,,,,,,,
GB3292,40ebff95b2b471a0fe4172dad4a564f1d036cb84aa70113db779b2848dee5daa,hardneg,NO_VICTIM_ACTIVITY,,grid,full,1,9.0,,185,0,,,,1000,185,1000,0,0,0,5.405405405405405,0.0,44,29,2,3,24,63,0,0,2,0,0,0,0,0,1,0,,1447,2,2,0,0,1,0,0,0,0,0,0,0,0,0,0,0,,0,0,,,,,,,,
GB3293,5cee8217e33f480ad7a7fcb6c505f777e4b760fb4cd3adc72a3a04650a8d03c3,hardneg,NO_VICTIM_ACTIVITY,,grid,full,1,9.0,,185,0,,,,1000,185,1000,0,0,0,5.405405405405405,0.0,40,28,2,3,23,63,0,0,2,0,0,0,0,0,1,0,,1801,3,3,0,0,1,0,0,0,0,0,0,0,0,0,0,0,,0,0,,,,,,,,
GB3294,cd212bf66a3e843d3f6da63cf3ab7e41196461eac1fa3d1ffd92fb345ce11ddb,hardneg,NO_VICTIM_ACTIVITY,,grid,full,1,9.0,,184,0,,,,1000,184,999,0,0,0,5.429347826086956,0.0,41,28,2,4,22,63,0,0,2,0,0,0,0,0,1,0,,1526,0,0,0,0,1,0,0,0,0,0,0,0,0,0,0,0,,0,0,,,,,,,,
GB3295,5944ba4de9cbeac27e6cec049c3c8d025febb0b8d2317235488c40403758fe97,hardneg,NO_VICTIM_ACTIVITY,,grid,full,1,7.0,,185,0,,,,1000,185,1000,0,0,0,5.405405405405405,0.0,41,30,2,4,24,63,0,0,2,0,0,0,0,0,1,0,,2854,2,2,0,0,1,0,0,0,0,0,0,0,0,0,0,0,,0,0,,,,,,,,
GB3296,85069c70b14d68f3a685352221334232b609aad39a186d0d0bbcf768336da60c,hardneg,NO_VICTIM_ACTIVITY,,grid,full,1,7.0,,185,0,,,,1000,185,1000,0,0,0,5.405405405405405,0.0,36,28,2,5,21,63,0,0,2,0,0,0,0,0,1,0,,2308,3,3,0,0,1,0,0,0,0,0,0,0,0,0,0,0,,0,0,,,,,,,,
GB3297,e3b7f030c2fa3881dd2eba6b821e5a410cbe62b90af0a8342623fa6c3db15d28,hardneg,NO_VICTIM_ACTIVITY,,grid,full,1,9.0,,190,0,,,,2000,190,2000,0,0,0,10.526315789473685,0.0,46,46,2,4,40,61,0,0,2,0,0,0,0,0,1,0,,1149,2,2,0,0,1,0,0,0,0,0,0,0,0,0,0,0,,0,0,,,,,,,,
GB3298,48d4f0ff7268a7f37906229553e54fd67bb665f959f8bbe5d52f9418fa17188a,hardneg,NO_VICTIM_ACTIVITY,,grid,full,1,9.0,,184,0,,,,2000,184,1999,0,0,0,10.86413043478261,0.0,57,40,2,3,35,63,0,0,2,0,0,0,0,0,1,0,,3254,3,3,0,0,1,0,0,0,0,0,0,0,0,0,0,0,,0,0,,,,,,,,
GB3299,d136dbccc9771a68207d881765e9b0f04d68d1eb5da5e7b4e302f0e66bc89d00,hardneg,NO_VICTIM_ACTIVITY,,grid,full,1,7.0,,186,0,,,,2000,186,2000,0,0,0,10.75268817204301,0.0,50,45,2,1,42,63,0,0,2,0,0,0,0,0,1,0,,1084,3,3,0,0,1,0,0,0,0,0,0,0,0,0,0,0,,0,0,,,,,,,,
GB3300,6cbe944b6d458e23995318202d1e723e104e6f546de583a11b552c0247cea743,hardneg,NO_VICTIM_ACTIVITY,,grid,full,1,9.0,,187,0,,,,200,187,200,0,0,0,1.0695187165775402,0.0,19,14,1,2,11,61,0,0,2,0,0,0,0,0,1,0,,1149,2,2,0,0,1,0,0,0,0,0,0,0,0,0,0,0,,0,0,,,,,,,,
GB3301,3c83b16be6a2a89eb56866fec74c41d48ffc73a8224f327e70bb7945c632f0d7,hardneg,NO_VICTIM_ACTIVITY,,grid,full,1,9.0,,188,0,,,,200,188,200,0,0,0,1.0638297872340425,0.0,19,14,2,3,9,61,0,0,2,0,0,0,0,0,1,0,,1149,2,2,0,0,1,0,0,0,0,0,0,0,0,0,0,0,,0,0,,,,,,,,
GB3302,ce87517ba9937c4b2ff5d1c70c7a966c0ccc77ec31275738d3145a1b856c8512,hardneg,NO_VICTIM_ACTIVITY,,grid,full,1,9.0,,188,0,,,,200,188,200,0,0,0,1.0638297872340425,0.0,19,14,2,4,8,61,0,0,2,0,0,0,0,0,1,0,,1149,2,2,0,0,1,0,0,0,0,0,0,0,0,0,0,0,,0,0,,,,,,,,
GB3303,c6bee58ba00ffeafa8102b99b22e9996b677576648176b1293431a03da1a9eed,hardneg,NO_VICTIM_ACTIVITY,,grid,full,1,9.0,,182,0,,,,200,182,200,0,0,0,1.098901098901099,0.0,20,16,2,3,11,63,0,0,2,0,0,0,0,0,1,0,,3379,4,4,0,0,1,0,0,0,0,0,0,0,0,0,0,0,,0,0,,,,,,,,
GB3304,d88bad7f7a4f6dca88f92739ca2be47a2c732aa2071bce27191896a763ac02ba,hardneg,NO_VICTIM_ACTIVITY,,grid,full,1,9.0,,181,0,,,,200,181,200,0,0,0,1.1049723756906078,0.0,22,15,2,2,11,63,0,0,2,0,0,0,0,0,1,0,,1632,3,3,0,0,1,0,0,0,0,0,0,0,0,0,0,0,,0,0,,,,,,,,
GB3305,21d36fe60bffc3011b37a3b72a41ae3205cf7ca1247e871c3a5875dc1cec7a52,hardneg,NO_VICTIM_ACTIVITY,,grid,full,1,9.0,,182,0,,,,200,182,200,0,0,0,1.098901098901099,0.0,18,14,1,3,10,63,0,0,2,0,0,0,0,0,1,0,,1627,1,1,0,0,1,0,0,0,0,0,0,0,0,0,0,0,,0,0,,,,,,,,
GB3306,1ee5c170a972c856be8b598ed6f396fa4039fe51b1a812c40241d4c4aa4563e4,hardneg,NO_VICTIM_ACTIVITY,,grid,full,1,7.0,,181,0,,,,200,181,200,0,0,0,1.1049723756906078,0.0,17,16,2,4,10,63,0,0,2,0,0,0,0,0,1,0,,1419,2,2,0,0,1,0,0,0,0,0,0,0,0,0,0,0,,0,0,,,,,,,,
GB3307,cfefcf326f2773838ba42187506dcb8c5cafa16524f16c0e1d77233e479f8124,hardneg,NO_VICTIM_ACTIVITY,,grid,full,1,9.0,,182,0,,,,200,182,199,0,0,0,1.0934065934065933,0.0,17,14,2,4,8,63,0,0,2,0,0,0,0,0,1,0,,2659,2,2,0,0,1,0,0,0,0,0,0,0,0,0,0,0,,0,0,,,,,,,,
GB3308,6ab2a44d523808bb9ec9ecfda08f9e3dec6bf5fb6469101d1c3d38b0c2d3246d,hardneg,NO_VICTIM_ACTIVITY,,grid,full,1,9.0,,188,0,,,,500,188,500,0,0,0,2.6595744680851063,0.0,35,17,2,3,12,61,0,0,2,0,0,0,0,0,1,0,,1149,2,2,0,0,1,0,0,0,0,0,0,0,0,0,0,0,,0,0,,,,,,,,
GB3309,0968e4e17ad758781dd0211c221a8f9945c3a436c12591fef8e80b0a3b95de63,hardneg,NO_VICTIM_ACTIVITY,,grid,full,1,9.0,,188,0,,,,500,188,500,0,0,0,2.6595744680851063,0.0,35,16,2,3,11,61,0,0,2,0,0,0,0,0,1,0,,1149,2,2,0,0,1,0,0,0,0,0,0,0,0,0,0,0,,0,0,,,,,,,,
GB3310,db6138a9ce13eda828152dd4c4b662e79dd2557e2114e2c90e4e7b88c47a48e7,hardneg,NO_VICTIM_ACTIVITY,,grid,full,1,9.0,,188,0,,,,500,188,500,0,0,0,2.6595744680851063,0.0,35,15,2,3,10,61,0,0,2,0,0,0,0,0,1,0,,1149,2,2,0,0,1,0,0,0,0,0,0,0,0,0,0,0,,0,0,,,,,,,,
GB3311,53b760ffed5cd7bdea7d49ee37fcb2a9097972f20d00d6f70050611206f2ad43,hardneg,NO_VICTIM_ACTIVITY,,grid,full,1,9.0,,188,0,,,,500,188,500,0,0,0,2.6595744680851063,0.0,35,17,2,3,12,61,0,0,2,0,0,0,0,0,1,0,,1149,2,2,0,0,1,0,0,0,0,0,0,0,0,0,0,0,,0,0,,,,,,,,
GB3312,26d54aeab1388faa3cb3ab339a2a79a362961e7e501859d636f3ee8cbe87828a,hardneg,NO_VICTIM_ACTIVITY,,grid,full,1,7.0,,182,0,,,,500,182,500,0,0,0,2.7472527472527473,0.0,27,17,2,2,13,63,0,0,2,0,0,0,0,0,1,0,,2644,1,1,0,0,1,0,0,0,0,0,0,0,0,0,0,0,,0,0,,,,,,,,
GB3313,732a9d3df0f31042d465b5a592568a4aec335ce3898652ebd207e40016530260,hardneg,NO_VICTIM_ACTIVITY,,grid,full,1,7.0,,182,0,,,,500,182,499,0,0,0,2.741758241758242,0.0,25,20,1,4,15,63,0,0,2,0,0,0,0,0,1,0,,1954,1,1,0,0,1,0,0,0,0,0,0,0,0,0,0,0,,0,0,,,,,,,,
GB3314,97e9a074fe8bf6479a804376bd25f51790bd327ba0536afc714a1cc29cd8a073,hardneg,NO_VICTIM_ACTIVITY,,grid,full,1,7.0,,182,0,,,,500,182,499,0,0,0,2.741758241758242,0.0,27,27,1,5,21,63,0,0,2,0,0,0,0,0,1,0,,1925,1,1,0,0,1,0,0,0,0,0,0,0,0,0,0,0,,0,0,,,,,,,,
GB3315,0f992a3b8df811be29c78f578928d06de2d5cf38eb2818f32c0f589be6d48804,hardneg,NO_VICTIM_ACTIVITY,,grid,full,1,9.0,,184,0,,,,50,184,50,0,0,0,0.2717391304347826,0.0,7,8,2,4,2,61,0,0,2,0,0,0,0,0,1,0,,1149,2,2,0,0,1,0,0,0,0,0,0,0,0,0,0,0,,0,0,,,,,,,,
GB3316,ec7ce6f11dfe23f25bd851b44787ec768d7379e2d6e51ad3c29e34434233c9e5,hardneg,NO_VICTIM_ACTIVITY,,grid,full,1,9.0,,184,0,,,,50,184,50,0,0,0,0.2717391304347826,0.0,7,11,2,6,3,61,0,0,2,0,0,0,0,0,1,0,,1149,2,2,0,0,1,0,0,0,0,0,0,0,0,0,0,0,,0,0,,,,,,,,
GB3317,37058cfd8ba84acec4a34c091ceb0187ff40ed7b6d91045efc92121ddfbff635,hardneg,NO_VICTIM_ACTIVITY,,grid,full,1,9.0,,184,0,,,,50,184,50,0,0,0,0.2717391304347826,0.0,7,5,2,1,2,61,0,0,2,0,0,0,0,0,1,0,,1149,2,2,0,0,1,0,0,0,0,0,0,0,0,0,0,0,,0,0,,,,,,,,
GB3318,2e7d5ae8758c4a9bde137bbe7eba8b925da2cc15d966ae79b5e9169bf539bf0c,hardneg,NO_VICTIM_ACTIVITY,,grid,full,1,9.0,,184,0,,,,50,184,50,0,0,0,0.2717391304347826,0.0,7,6,1,3,2,61,0,0,2,0,0,0,0,0,1,0,,1149,2,2,0,0,1,0,0,0,0,0,0,0,0,0,0,0,,0,0,,,,,,,,
GB3319,acd9c4cb70c2654411eeb17f15c705dfea5ad03ed9b1a8f1615fb2d399aed33b,hardneg,NO_VICTIM_ACTIVITY,,grid,full,1,9.0,,184,0,,,,50,184,50,0,0,0,0.2717391304347826,0.0,7,5,2,1,2,61,0,0,2,0,0,0,0,0,1,0,,1149,2,2,0,0,1,0,0,0,0,0,0,0,0,0,0,0,,0,0,,,,,,,,
GB3320,45e08f7236492061fa0b0975ee5c24ba12cc5425b2004bfe5559a3bdea2795eb,hardneg,NO_VICTIM_ACTIVITY,,grid,full,1,9.0,,177,0,,,,50,177,50,0,0,0,0.2824858757062147,0.0,11,6,1,3,2,63,0,0,2,0,0,0,0,0,1,0,,992,2,2,0,0,1,0,0,0,0,0,0,0,0,0,0,0,,0,0,,,,,,,,
GB3321,5e90d4d816f7b795bee8e8092ced0858c767de5edeaa9d03e3905c2f1fc94f2c,hardneg,NO_VICTIM_ACTIVITY,,grid,full,1,7.0,,178,0,,,,50,178,50,0,0,0,0.2808988764044944,0.0,8,8,2,3,3,63,0,0,2,0,0,0,0,0,1,0,,647,1,1,0,0,1,0,0,0,0,0,0,0,0,0,0,0,,0,0,,,,,,,,
GB3322,efd16621c4abea0d64ec0daa9fd3d65dd5b453822eae81a1610d8a94706c19f0,hardneg,NO_VICTIM_ACTIVITY,,grid,full,1,0.3,,0,0,,,,998,0,0,0,0,0,,,0,12,0,0,12,47,0,0,2,0,0,0,0,0,0,0,boost,0,,,0,0,1,0,0,0,0,0,0,0,0,0,0,0,,0,0,,,,,,,,
GB3323,d3056f2f9a9ceca583e37bf878fe59f758072d4c5658ca38c53855453db95561,hardneg,NO_VICTIM_ACTIVITY,,grid,full,1,0.3,,0,0,,,,999,0,0,0,0,0,,,0,13,0,0,13,47,0,0,2,0,0,0,0,0,0,0,boost,0,,,0,0,1,0,0,0,0,0,0,0,0,0,0,0,,0,0,,,,,,,,
GB3324,eb2edc93aa00015df7d73c7f601ba35ae8b58aed15df1167c73a4444ab02fc64,hardneg,NO_VICTIM_ACTIVITY,,grid,full,1,0.3,,0,0,,,,1997,0,0,0,0,0,,,0,24,0,0,24,47,0,0,2,0,0,0,0,0,0,0,boost,0,,,0,0,1,0,0,0,0,0,0,0,0,0,0,0,,0,0,,,,,,,,
GB3325,dd373a85a5f09d0a87e9a0e45fd6a1c80443e2a344dfd9f0805826c657c62e1b,hardneg,NO_VICTIM_ACTIVITY,,grid,full,1,0.3,,0,0,,,,1999,0,0,0,0,0,,,0,29,0,0,29,47,0,0,2,0,0,0,0,0,0,0,boost,0,,,0,0,1,0,0,0,0,0,0,0,0,0,0,0,,0,0,,,,,,,,
GB3326,42084ca5eea13761db52bc79f84f978dbbc1b06c2bc3b760de01abf44bd2ade9,hardneg,NO_VICTIM_ACTIVITY,,grid,full,1,0.3,,0,0,,,,200,0,0,0,0,0,,,0,3,0,0,3,47,0,0,2,0,0,0,0,0,0,0,boost,0,,,0,0,1,0,0,0,0,0,0,0,0,0,0,0,,0,0,,,,,,,,
GB3327,53f0ebd03eb984e3568468382a3671f0067236b745119a52c5a0b1d0209ff8d7,hardneg,NO_VICTIM_ACTIVITY,,grid,full,1,0.3,,0,0,,,,199,0,0,0,0,0,,,0,4,0,0,4,47,0,0,2,0,0,0,0,0,0,0,boost,0,,,0,0,1,0,0,0,0,0,0,0,0,0,0,0,,0,0,,,,,,,,
GB3328,4f6f490cdf0f11792a9c5682dcea3fb8589a32865e06889b12635640a7808f2e,hardneg,NO_VICTIM_ACTIVITY,,grid,full,1,0.3,,0,0,,,,498,0,0,0,0,0,,,0,7,0,0,7,47,0,0,2,0,0,0,0,0,0,0,boost,0,,,0,0,1,0,0,0,0,0,0,0,0,0,0,0,,0,0,,,,,,,,
GB3329,f26208a98805883d69eb860ff3e9ee7774f13eafb131c978f4a3073aaa3476b4,hardneg,NO_VICTIM_ACTIVITY,,grid,full,1,0.3,,0,0,,,,50,0,0,0,0,0,,,0,2,0,0,2,47,0,0,2,0,0,0,0,0,0,0,boost,0,,,0,0,1,0,0,0,0,0,0,0,0,0,0,0,,0,0,,,,,,,,
GB3330,d6b1c34a69bd18cacd4eb0edc61bb17b45d01ac3ef710ed9839c5552c6a1c172,hardneg,NO_VICTIM_ACTIVITY,,grid,full,1,0.3,,0,0,,,,50,0,0,0,0,0,,,0,1,0,0,1,47,0,0,2,0,0,0,0,0,0,0,boost,0,,,0,0,1,0,0,0,0,0,0,0,0,0,0,0,,0,0,,,,,,,,
GB3331,b3d392578dd96b32c4f8cbfe84090d1054a833aeba0aaf001fcac47f44364b75,hardneg,NO_VICTIM_ACTIVITY,,grid,full,1,0.3,,232,0,,,,993,232,0,0,0,0,0.0,0.0,0,20,0,10,10,47,0,0,2,0,0,0,0,0,0,0,boost,82,0,0,0,0,1,0,0,0,0,0,0,0,0,0,0,0,,0,0,,,,,,,,
GB3332,de92661d2bbb7060aff8bedf79b4e8bc4235c3fbe3ea41916e7982612f5e594c,hardneg,NO_VICTIM_ACTIVITY,,grid,full,1,0.3,,232,0,,,,1000,232,0,0,0,0,0.0,0.0,0,22,0,13,9,47,0,0,2,0,0,0,0,0,0,0,boost,82,0,0,0,0,1,0,0,0,0,0,0,0,0,0,0,0,,0,0,,,,,,,,
GB3333,05947d820a38bda937c974293c04d643468ab84a25596aaf2eafcc7e2e2e828d,hardneg,NO_VICTIM_ACTIVITY,,grid,full,1,0.3,,233,0,,,,1998,233,0,0,0,0,0.0,0.0,0,37,0,12,25,47,0,0,2,0,0,0,0,0,0,0,boost,82,0,0,0,0,1,0,0,0,0,0,0,0,0,0,0,0,,0,0,,,,,,,,
GB3334,2497798c4d4eb28acbaa9668f95a36bb193f148c8fade6e3b5ccd5312d72084a,hardneg,NO_VICTIM_ACTIVITY,,grid,full,1,0.3,,183,0,,,,199,183,0,0,0,0,0.0,0.0,0,8,0,8,0,47,0,0,2,0,0,0,0,0,0,0,boost,82,0,0,0,0,1,0,0,0,0,0,0,0,0,0,0,0,,0,0,,,,,,,,
GB3335,ee35716ae520840eff2e9f07092b9688fd9e3ad78ababbc0038d37468a64b0e4,hardneg,NO_VICTIM_ACTIVITY,,grid,full,1,0.3,,232,0,,,,499,232,0,0,0,0,0.0,0.0,0,15,0,12,3,47,0,0,2,0,0,0,0,0,0,0,boost,82,0,0,0,0,1,0,0,0,0,0,0,0,0,0,0,0,,0,0,,,,,,,,
GB3336,3946aa28f014c7869e66bbc2c6e014b7a49a38dd004a2c703f37d99da560a6ea,hardneg,NO_VICTIM_ACTIVITY,,grid,full,1,0.3,,50,0,,,,50,50,0,0,0,0,0.0,0.0,0,3,0,3,0,47,0,0,2,0,0,0,0,0,0,0,boost,82,0,0,0,0,1,0,0,0,0,0,0,0,0,0,0,0,,0,0,,,,,,,,
GB3337,02dd67c96080b1c1a674d900cf8a9b258b28c0c983e52c33743ee77be9d24cef,hardneg,NO_VICTIM_ACTIVITY,,grid,full,1,0.3,,451,0,,,,999,451,0,0,0,0,0.0,0.0,0,21,0,13,8,47,0,0,2,0,0,0,0,0,0,0,boost,82,0,0,0,0,1,0,0,0,0,0,0,0,0,0,0,0,,0,0,,,,,,,,
GB3338,442ffa2deae4f64b7ae38e66d86a8b0e081785ac96d8d51dde4ee7a1a0342d5a,hardneg,NO_VICTIM_ACTIVITY,,grid,full,1,0.3,,450,0,,,,996,450,0,0,0,0,0.0,0.0,0,24,0,14,10,47,0,0,2,0,0,0,0,0,0,0,boost,82,0,0,0,0,1,0,0,0,0,0,0,0,0,0,0,0,,0,0,,,,,,,,
GB3339,79aa963d8ae38439e7e4d7905a27623c814b0648379cbc638f3bd845f47ba2cb,hardneg,NO_VICTIM_ACTIVITY,,grid,full,1,0.3,,200,0,,,,200,200,0,0,0,0,0.0,0.0,0,8,0,8,0,47,0,0,2,0,0,0,0,0,0,0,boost,82,0,0,0,0,1,0,0,0,0,0,0,0,0,0,0,0,,0,0,,,,,,,,
GB3340,13b7cdb442cbc663d2ea79d08a23f570f916f36814aecc1d7257a21e908085d3,hardneg,NO_VICTIM_ACTIVITY,,grid,full,1,0.3,,450,0,,,,500,450,0,0,0,0,0.0,0.0,0,15,0,15,0,47,0,0,2,0,0,0,0,0,0,0,boost,82,0,0,0,0,1,0,0,0,0,0,0,0,0,0,0,0,,0,0,,,,,,,,
GB3341,228d902d306c170b7f2a1675232848c67261db4a20b18b321d84adda4bf1b7c1,hardneg,NO_VICTIM_ACTIVITY,,grid,full,1,0.3,,451,0,,,,499,451,0,0,0,0,0.0,0.0,0,17,0,16,1,47,0,0,2,0,0,0,0,0,0,0,boost,82,0,0,0,0,1,0,0,0,0,0,0,0,0,0,0,0,,0,0,,,,,,,,
GB3342,34fd01ba96b98cbd54efdd10550d6394931edca178b97815fbf68b83658bfb5c,hardneg,TRUE_ENCRYPTION,,grid,full,1,9.0,,450,0,,,,1990,450,449,0,0,0,0.9977777777777778,0.0,32,43,20,0,23,47,0,0,2,0,0,0,0,0,0,0,boost,1231,2,2,0,0,1,0,0,0,0,0,0,0,0,0,0,0,,0,0,,,,,,,,
GB3343,a8b77edac3dcde962f1ab194588081145b187dfd7a80814bbaf4c3819e49841c,hardneg,TRUE_ENCRYPTION,,grid,full,1,9.0,,199,0,,,,199,199,200,0,0,0,1.0050251256281406,0.0,19,9,9,0,0,47,0,0,2,0,0,0,0,0,0,0,boost,1231,2,2,0,0,1,0,0,0,0,0,0,0,0,0,0,0,,0,0,,,,,,,,
GB3344,f33e1850515d850d61aea6ce0a6dfa84110b8a759b709f9d0d64e4b16ca0ac03,hardneg,TRUE_ENCRYPTION,,grid,full,1,9.0,,451,0,,,,500,451,451,0,0,0,1.0,0.0,32,16,16,0,0,47,0,0,2,0,0,0,0,0,0,0,boost,1231,2,2,0,0,1,0,0,0,0,0,0,0,0,0,0,0,,0,0,,,,,,,,
GB3345,9f1e3578e8e2ba98a2e4c39a09083cfa9a51e7196253b997a7f91999e66ec44a,hardneg,TRUE_ENCRYPTION,,grid,full,1,9.0,,451,0,,,,499,451,451,0,0,0,1.0,0.0,32,17,17,0,0,47,0,0,2,0,0,0,0,0,0,0,boost,1231,2,2,0,0,1,0,0,0,0,0,0,0,0,0,0,0,,0,0,,,,,,,,
GB3346,39c1b27b5178e81186f3e5f364cfd9e42ce49aeb23640365090266c4b825f680,hardneg,NO_VICTIM_ACTIVITY,,grid,full,1,7.0,,232,0,,,,999,232,233,0,0,0,1.0043103448275863,0.0,23,20,12,0,8,47,0,0,2,0,0,0,0,0,0,0,boost,82,0,0,0,0,1,0,0,0,0,0,0,0,0,0,0,0,,0,0,,,,,,,,
GB3347,1458d61a21f2b058eadf7689b589b57e754546a8f63fc8f77e289db04a9e3743,hardneg,NO_VICTIM_ACTIVITY,,grid,full,1,7.0,,233,0,,,,1998,233,233,0,0,0,1.0,0.0,23,33,12,0,21,47,0,0,2,0,0,0,0,0,0,0,boost,82,0,0,0,0,1,0,0,0,0,0,0,0,0,0,0,0,,0,0,,,,,,,,
GB3348,f4594913e47239a9a318ddaf38b0a1100ea5f4a12d0c7cd3075dea395d8a953d,hardneg,NO_VICTIM_ACTIVITY,,grid,full,1,7.0,,233,0,,,,500,233,233,0,0,0,1.0,0.0,23,14,12,0,2,47,0,0,2,0,0,0,0,0,0,0,boost,82,0,0,0,0,1,0,0,0,0,0,0,0,0,0,0,0,,0,0,,,,,,,,
GB3349,f95243354e81806149c818e4ba340986769acccbb9a32e21de52a646d6ce32c4,hardneg,NO_VICTIM_ACTIVITY,,grid,full,1,7.0,,50,0,,,,50,50,50,0,0,0,1.0,0.0,6,4,4,0,0,47,0,0,2,0,0,0,0,0,0,0,boost,82,0,0,0,0,1,0,0,0,0,0,0,0,0,0,0,0,,0,0,,,,,,,,
GB3350,0362c47e314113ffe07cdf1bb059e9d04a8c71660008b433bda1d900a6548421,hardneg,NO_VICTIM_ACTIVITY,,grid,full,1,7.0,,50,0,,,,50,50,50,0,0,0,1.0,0.0,6,5,4,0,1,47,0,0,2,0,0,0,0,0,0,0,boost,82,0,0,0,0,1,0,0,0,0,0,0,0,0,0,0,0,,0,0,,,,,,,,
GB3351,040dd61f5b56bd0c61c5c2007a78ef316950507b51c8722d73ebadf0fa2ecdbf,hardneg,NO_VICTIM_ACTIVITY,,grid,full,1,8.0,,49,0,,,,1995,49,0,0,0,0,0.0,0.0,0,26,0,2,24,47,0,0,2,0,0,0,0,0,0,0,boost,0,,,0,0,1,0,0,0,0,0,0,0,0,0,0,0,,0,0,,,,,,,,
GB3352,f3e0888ec0d623f9fee6855709b75cf3244a894efcfcb65248d9295b57f32c6e,hardneg,NO_VICTIM_ACTIVITY,,grid,full,1,8.0,,50,0,,,,200,50,0,0,0,0,0.0,0.0,0,4,0,1,3,47,0,0,2,0,0,0,0,0,0,0,boost,0,,,0,0,1,0,0,0,0,0,0,0,0,0,0,0,,0,0,,,,,,,,
GB3353,6e05bed76357e72131ebb0ee1ee59a798d5ed3a5d02009588786ff42dc80136a,hardneg,NO_VICTIM_ACTIVITY,,grid,full,1,8.0,,50,0,,,,499,50,0,0,0,0,0.0,0.0,0,8,0,2,6,47,0,0,2,0,0,0,0,0,0,0,boost,0,,,0,0,1,0,0,0,0,0,0,0,0,0,0,0,,0,0,,,,,,,,
GB3354,effad1d09fe64265c8ca6e4ab319b66221c1ff70188364d3b1936aa272aa1f13,hardneg,NO_VICTIM_ACTIVITY,,grid,full,1,8.0,,50,0,,,,500,50,0,0,0,0,0.0,0.0,0,8,0,2,6,47,0,0,2,0,0,0,0,0,0,0,boost,0,,,0,0,1,0,0,0,0,0,0,0,0,0,0,0,,0,0,,,,,,,,
GB3355,d3b12638b2698e18ef98b99b32fe35f206518d8a1fe257dbd001d8e39d277479,hardneg,NO_VICTIM_ACTIVITY,,grid,full,1,0.3,,49,0,,,,50,49,0,0,0,0,0.0,0.0,0,1,0,1,0,47,0,0,2,0,0,0,0,0,0,0,boost,0,,,0,0,1,0,0,0,0,0,0,0,0,0,0,0,,0,0,,,,,,,,
GB3356,28b96dd9157303e8b5c706101aa1fb18f8c62da2909c294c01e0024ebdd305f0,hardneg,NO_VICTIM_ACTIVITY,,grid,full,1,7.0,,1353,0,,,,0,1353,1352,0,0,0,0.9992609016999261,0.0,3,20,0,0,20,47,0,0,2,0,0,0,0,0,0,0,boost,0,,,0,0,1,0,0,0,0,0,0,0,0,0,0,0,,0,0,,,,,,,,
GB3357,511d72a839993d3e38706b9d621217f19a870a1dc9e38757d0c0835dc4c52688,hardneg,NO_VICTIM_ACTIVITY,,grid,full,1,7.0,,1346,0,,,,0,1346,1346,0,0,0,1.0,0.0,3,23,0,0,23,47,0,0,2,0,0,0,0,0,0,0,boost,0,,,0,0,1,0,0,0,0,0,0,0,0,0,0,0,,0,0,,,,,,,,
GB3358,6b3d9fc4ccc1734a590224c2eefbfc71e456af449f1513c477d02ef41cd49b16,hardneg,NO_VICTIM_ACTIVITY,,grid,full,1,7.0,,600,0,,,,0,600,599,0,0,0,0.9983333333333333,0.0,3,11,0,0,11,47,0,0,2,0,0,0,0,0,0,0,boost,0,,,0,0,1,0,0,0,0,0,0,0,0,0,0,0,,0,0,,,,,,,,
GB3359,5b7d07dfd20780f941403264917c1a012917675f6a5c14c1795d2317c21bf707,hardneg,NO_VICTIM_ACTIVITY,,grid,full,1,7.0,,1349,0,,,,0,1349,1347,0,0,0,0.9985174203113417,0.0,3,20,0,0,20,47,0,0,2,0,0,0,0,0,0,0,boost,0,,,0,0,1,0,0,0,0,0,0,0,0,0,0,0,,0,0,,,,,,,,
GB3360,273930fee45a931747bde08d3616cef625091210f88e9d0ef77d42e23a492281,hardneg,NO_VICTIM_ACTIVITY,,grid,full,1,7.0,,149,0,,,,0,149,150,0,0,0,1.0067114093959733,0.0,3,4,0,0,4,47,0,0,2,0,0,0,0,0,0,0,boost,0,,,0,0,1,0,0,0,0,0,0,0,0,0,0,0,,0,0,,,,,,,,
GB3361,b226334b4970346075e99c3cca1234b183bc21c195aa1bc49650b0aeaf0496b2,hardneg,TRUE_ENCRYPTION,,grid,full,1,0.3,,0,0,,,,0,0,0,991,0,0,,,46,5,0,0,5,47,0,0,2,0,0,0,0,0,0,0,boost,0,,,0,0,1,0,0,0,0,0,0,0,0,0,0,0,,0,0,,,,,,,,
GB3362,e52b9170f59407e07e925f09f49dc1d01c289a543acd3fdc1ff98dc92e95930d,hardneg,TRUE_ENCRYPTION,,grid,full,1,0.3,,0,0,,,,0,0,0,993,0,0,,,46,5,0,0,5,47,0,0,2,0,0,0,0,0,0,0,boost,0,,,0,0,1,0,0,0,0,0,0,0,0,0,0,0,,0,0,,,,,,,,
GB3363,1c9068892d52ec223ef84515484c24a1d598d9c134657d9c0c97d214fcfefb2d,hardneg,TRUE_ENCRYPTION,,grid,full,1,0.3,,0,0,,,,0,0,0,1992,0,0,,,47,8,0,0,8,47,0,0,2,0,0,0,0,0,0,0,boost,0,,,0,0,1,0,0,0,0,0,0,0,0,0,0,0,,0,0,,,,,,,,
GB3364,5d5fb0d01aed2be6e8c76882502ef994128e2aca20a3f9942c9058794a1f8e68,hardneg,TRUE_ENCRYPTION,,grid,full,1,0.3,,0,0,,,,0,0,0,497,0,0,,,35,4,0,0,4,47,0,0,2,0,0,0,0,0,0,0,boost,0,,,0,0,1,0,0,0,0,0,0,0,0,0,0,0,,0,0,,,,,,,,
GB3365,c25231a9487ff53c12729b7cb3cfc113bb20939f69f0603c338555c619ec61e2,hardneg,TRUE_ENCRYPTION,,grid,full,1,9.0,,450,0,,,,998,450,450,0,0,0,1.0,0.0,32,24,17,0,7,47,0,0,2,0,0,0,0,0,0,0,boost,1149,2,2,0,0,1,0,0,0,0,0,0,0,0,0,0,0,,0,0,,,,,,,,
GB3366,6c146f1794b3ef6c3949fea2b8ff0c52eede9831f73e7263d55511b4fd172457,hardneg,TRUE_ENCRYPTION,,grid,full,1,9.0,,449,0,,,,1997,449,450,0,0,0,1.0022271714922049,0.0,31,44,18,0,26,47,0,0,2,0,0,0,0,0,0,0,boost,1149,2,2,0,0,1,0,0,0,0,0,0,0,0,0,0,0,,0,0,,,,,,,,
GB3367,27ff51f41924e74faf4b07be8529567892e9792d681652fab954ecd02ac35e48,hardneg,TRUE_ENCRYPTION,,grid,full,1,9.0,,200,0,,,,200,200,200,0,0,0,1.0,0.0,19,9,9,0,0,47,0,0,2,0,0,0,0,0,0,0,boost,1149,2,2,0,0,1,0,0,0,0,0,0,0,0,0,0,0,,0,0,,,,,,,,
GB3368,4ecf90a14ab1b3f4777aae8cf571b2c407872d50732ba881f4e1784468a6d4f4,hardneg,TRUE_ENCRYPTION,,grid,full,1,9.0,,449,0,,,,499,449,450,0,0,0,1.0022271714922049,0.0,32,19,19,0,0,47,0,0,2,0,0,0,0,0,0,0,boost,1149,2,2,0,0,1,0,0,0,0,0,0,0,0,0,0,0,,0,0,,,,,,,,
GB3369,9734c8e5b2c488cf6f9fdb10ecae84ea72a240eb23da3f8c4b643e719be80af4,hardneg,NO_VICTIM_ACTIVITY,,grid,full,1,9.0,,0,0,,,,1999,0,2000,0,0,0,,,47,38,0,0,38,47,0,0,2,0,0,0,0,0,0,0,boost,1149,2,2,0,0,1,0,0,0,0,0,0,0,0,0,0,0,,0,0,,,,,,,,
GB3370,6450246745df74626863409373dd30e0aa0c7b3279d34f6d799968825e7fda87,hardneg,NO_VICTIM_ACTIVITY,,grid,full,1,9.0,,0,0,,,,199,0,197,0,0,0,,,18,8,0,0,8,47,0,0,2,0,0,0,0,0,0,0,boost,1149,2,2,0,0,1,0,0,0,0,0,0,0,0,0,0,0,,0,0,,,,,,,,
GB3371,1f781577fbd24dc1b34d3404cbe06e05249c34a33529aff888366218775321d7,hardneg,NO_VICTIM_ACTIVITY,,grid,full,1,9.0,,0,0,,,,50,0,50,0,0,0,,,6,4,0,0,4,47,0,0,2,0,0,0,0,0,0,0,boost,1149,2,2,0,0,1,0,0,0,0,0,0,0,0,0,0,0,,0,0,,,,,,,,
GB3372,8ec42c5bc0e0b57c77c8212c488cd9b366175a893bb36e399b9d109554c8f6e9,hardneg,NO_VICTIM_ACTIVITY,,grid,full,1,1.8,,0,0,,,,1000,0,0,0,0,0,,,0,15,0,0,15,181,0,0,8,0,0,0,1,1,1,1,,0,,,0,0,1,0,0,0,0,0,0,0,0,0,0,0,,0,0,,,,,,,,
GB3373,8e4a93de13b68ea99160931f066737aa220637fc920222e82300667b28f00889,hardneg,NO_VICTIM_ACTIVITY,,grid,full,1,2.0,,0,0,,,,2000,0,0,0,0,0,,,0,24,0,0,24,181,0,0,8,0,0,0,1,1,1,1,,0,,,0,0,1,0,0,0,0,0,0,0,0,0,0,0,,0,0,,,,,,,,
GB3374,8218947b3eab838cf218df747f2516efc3f1e6a59c7b8bddc7fc92cfdd580c9b,hardneg,NO_VICTIM_ACTIVITY,,grid,full,1,2.0,,0,0,,,,2000,0,0,0,0,0,,,0,26,0,0,26,181,0,0,8,0,0,0,1,1,1,1,,0,,,0,0,1,0,0,0,0,0,0,0,0,0,0,0,,0,0,,,,,,,,
GB3375,e3e328d392611c237a158c677662eb30b02418a48af19dec8504f61e0c943204,hardneg,NO_VICTIM_ACTIVITY,,grid,full,1,2.0,,0,0,,,,200,0,0,0,0,0,,,0,6,0,0,6,181,0,0,8,0,0,0,1,1,1,1,,0,,,0,0,1,0,0,0,0,0,0,0,0,0,0,0,,0,0,,,,,,,,
GB3376,d11b6e9140251fb355a701935f1839869aa8020ba65006ec68fdd9a04e44cbe4,hardneg,NO_VICTIM_ACTIVITY,,grid,full,1,2.0,,0,0,,,,500,0,0,0,0,0,,,0,10,0,0,10,181,0,0,8,0,0,0,1,1,1,1,,0,,,0,0,1,0,0,0,0,0,0,0,0,0,0,0,,0,0,,,,,,,,
GB3377,4d48f86fcfda3a3bb4162c98887673a552c508d11682b29c890bc54b1b52e51d,hardneg,NO_VICTIM_ACTIVITY,,grid,full,1,2.0,,0,0,,,,500,0,0,0,0,0,,,0,9,0,0,9,181,0,0,8,0,0,0,1,1,1,1,,0,,,0,0,1,0,0,0,0,0,0,0,0,0,0,0,,0,0,,,,,,,,
GB3378,8634fad493640210d94ff7851eec3c1bdd04b45f6bcac95685debe51dfa5adc9,hardneg,NO_VICTIM_ACTIVITY,,grid,full,1,2.0,,0,0,,,,50,0,0,0,0,0,,,0,2,0,0,2,181,0,0,8,0,0,0,1,1,1,1,,0,,,0,0,1,0,0,0,0,0,0,0,0,0,0,0,,0,0,,,,,,,,
GB3379,677e0fb337248f786a3620521cf8dee805b5e33ddd00705c85765e579b0395ca,hardneg,NO_VICTIM_ACTIVITY,,grid,full,1,2.0,,234,0,,,,2000,234,0,0,0,0,0.0,0.0,0,32,0,14,18,181,0,0,8,0,0,0,1,1,1,1,,82,0,0,0,0,1,0,0,0,0,0,0,0,0,0,0,0,,0,0,,,,,,,,
GB3380,de2845c5df48f8fbb247e9eed012304e03767d23b7ddf241121cfa42ce03805f,hardneg,NO_VICTIM_ACTIVITY,,grid,full,1,2.0,,234,0,,,,2000,234,0,0,0,0,0.0,0.0,0,37,0,13,24,181,0,0,8,0,0,0,1,1,1,1,,82,0,0,0,0,1,0,0,0,0,0,0,0,0,0,0,0,,0,0,,,,,,,,
GB3381,0a2902731a48c526e18f33e23445ff1185f97f681bd506c701e19cd80e707b7a,hardneg,NO_VICTIM_ACTIVITY,,grid,full,1,2.0,,187,0,,,,200,187,0,0,0,0,0.0,0.0,0,10,0,10,0,181,0,0,8,0,0,0,1,1,1,1,,82,0,0,0,0,1,0,0,0,0,0,0,0,0,0,0,0,,0,0,,,,,,,,
GB3382,29289b954d4d79db3d17215399b246977c28ccbe4180e0717aa3def9bc9afbcd,hardneg,NO_VICTIM_ACTIVITY,,grid,full,1,2.0,,50,0,,,,50,50,0,0,0,0,0.0,0.0,0,4,0,4,0,181,0,0,8,0,0,0,1,1,1,1,,82,0,0,0,0,1,0,0,0,0,0,0,0,0,0,0,0,,0,0,,,,,,,,
GB3383,f017982ae7ca26d24067e6a37f8bb0c208693091ff5f6d4ef5de4c19fc24aa89,hardneg,NO_VICTIM_ACTIVITY,,grid,full,1,2.0,,50,0,,,,50,50,0,0,0,0,0.0,0.0,0,4,0,4,0,181,0,0,8,0,0,0,1,1,1,1,,82,0,0,0,0,1,0,0,0,0,0,0,0,0,0,0,0,,0,0,,,,,,,,
GB3384,8a2249817c14c0758fe3ca398903faed3d044c095e81808ccee6d656a708c85a,hardneg,NO_VICTIM_ACTIVITY,,grid,full,1,2.0,,452,0,,,,500,452,0,0,0,0,0.0,0.0,0,15,0,15,0,181,0,0,8,0,0,0,1,1,1,1,,82,0,0,0,0,1,0,0,0,0,0,0,0,0,0,0,0,,0,0,,,,,,,,
GB3385,143e1bb7767b74ecc86814525bf2fa33cdbebe79b6f935838d49ddbe52a0999c,hardneg,NO_VICTIM_ACTIVITY,,grid,full,1,2.0,,452,0,,,,500,452,0,0,0,0,0.0,0.0,0,17,0,17,0,181,0,0,8,0,0,0,1,1,1,1,,82,0,0,0,0,1,0,0,0,0,0,0,0,0,0,0,0,,0,0,,,,,,,,
GB3386,e387fd50ccac7bd13d7d67f75db728f6b98e42704fc32cce404185a8f8479d11,hardneg,NO_VICTIM_ACTIVITY,,grid,full,1,2.0,,50,0,,,,50,50,0,0,0,0,0.0,0.0,0,3,0,3,0,181,0,0,8,0,0,0,1,1,1,1,,82,0,0,0,0,1,0,0,0,0,0,0,0,0,0,0,0,,0,0,,,,,,,,
GB3387,02064268792284b7dc5a662804f5bc8d8652122d2dc7908a6ddc435cee15c608,hardneg,TRUE_ENCRYPTION,,grid,full,1,9.0,,452,0,,,,1000,452,452,0,0,0,1.0,0.0,32,24,16,0,8,181,0,0,8,0,0,0,1,1,1,1,,1231,2,1,0,0,1,0,0,0,0,0,0,0,0,0,0,0,,0,0,,,,,,,,
GB3388,ff6d69471e60cf5ebaf1ff04875795e7c332434840ff0158ae81c786e753074a,hardneg,TRUE_ENCRYPTION,,grid,full,1,9.0,,452,0,,,,2000,452,452,0,0,0,1.0,0.0,32,42,19,0,23,181,0,0,8,0,0,0,1,1,1,1,,1231,2,1,0,0,1,0,0,0,0,0,0,0,0,0,0,0,,0,0,,,,,,,,
GB3389,75e7a404864acd2d8c4310fedc37bca47a993e459909f8723a6bb44be7c66373,hardneg,TRUE_ENCRYPTION,,grid,full,1,9.0,,200,0,,,,200,200,200,0,0,0,1.0,0.0,19,11,11,0,0,181,0,0,8,0,0,0,1,1,1,1,,1231,2,1,0,0,1,0,0,0,0,0,0,0,0,0,0,0,,0,0,,,,,,,,
GB3390,119ec52fd918c016090a2e2e8add89200519b91194d4c5413b861f20b81e8b4f,hardneg,TRUE_ENCRYPTION,,grid,full,1,9.0,,452,0,,,,500,452,452,0,0,0,1.0,0.0,32,18,18,0,0,181,0,0,8,0,0,0,1,1,1,1,,1231,2,1,0,0,1,0,0,0,0,0,0,0,0,0,0,0,,0,0,,,,,,,,
GB3391,f1bc07d50ecfed1d321b7d26db211c08cd4e61edac62622a0e5e3ea44341b574,hardneg,NO_VICTIM_ACTIVITY,,grid,full,1,7.0,,234,0,,,,1000,234,234,0,0,0,1.0,0.0,23,24,15,0,9,181,0,0,8,0,0,0,1,1,1,1,,82,0,0,0,0,1,0,0,0,0,0,0,0,0,0,0,0,,0,0,,,,,,,,
GB3392,26b13d7acff0e90d6de81ef0fc999c4e8756491660c4bedcbc770012df290f92,hardneg,NO_VICTIM_ACTIVITY,,grid,full,1,7.0,,234,0,,,,1000,234,234,0,0,0,1.0,0.0,23,20,12,0,8,181,0,0,8,0,0,0,1,1,1,1,,82,0,0,0,0,1,0,0,0,0,0,0,0,0,0,0,0,,0,0,,,,,,,,
GB3393,3d5674bb64b5bcbe0ddafc0678acd437af812d8c77aedc3e4e603289656b8ff3,hardneg,NO_VICTIM_ACTIVITY,,grid,full,1,7.0,,187,0,,,,200,187,187,0,0,0,1.0,0.0,17,11,11,0,0,181,0,0,8,0,0,0,1,1,1,1,,82,0,0,0,0,1,0,0,0,0,0,0,0,0,0,0,0,,0,0,,,,,,,,
GB3394,7d4e9655b00a7369bec7ada3c39866d0ad2e72029a12cf7fb9bd3400b768d50d,hardneg,NO_VICTIM_ACTIVITY,,grid,full,1,7.0,,234,0,,,,500,234,234,0,0,0,1.0,0.0,23,13,12,0,1,181,0,0,8,0,0,0,1,1,1,1,,82,0,0,0,0,1,0,0,0,0,0,0,0,0,0,0,0,,0,0,,,,,,,,
GB3395,90ea8b63e6a94733b70f8b66e363876b66087d8d874997bb13a159d13ed6f1ad,hardneg,NO_VICTIM_ACTIVITY,,grid,full,1,7.0,,50,0,,,,50,50,50,0,0,0,1.0,0.0,7,7,7,0,0,181,0,0,8,0,0,0,1,1,1,1,,82,0,0,0,0,1,0,0,0,0,0,0,0,0,0,0,0,,0,0,,,,,,,,
GB3396,9c06f53a9bcded35a93f4be03261bde1cf749dd38175717262d0fc9d49a90f52,hardneg,NO_VICTIM_ACTIVITY,,grid,full,1,8.0,,50,0,,,,1000,50,0,0,0,0,0.0,0.0,0,15,0,2,13,181,0,0,8,0,0,0,1,1,1,1,,0,,,0,0,1,0,0,0,0,0,0,0,0,0,0,0,,0,0,,,,,,,,
GB3397,64d1f2b61d0fc6cf2c92246627618062707cd5f28fc877fd20f9b40b46023932,hardneg,NO_VICTIM_ACTIVITY,,grid,full,1,8.0,,50,0,,,,500,50,0,0,0,0,0.0,0.0,0,9,0,2,7,181,0,0,8,0,0,0,1,1,1,1,,0,,,0,0,1,0,0,0,0,0,0,0,0,0,0,0,,0,0,,,,,,,,
GB3398,5d32bbec149b5664b2ab6ecedd4b8b1c1cf000d15fd14bae1241187dcdcd66e5,hardneg,NO_VICTIM_ACTIVITY,,grid,full,1,8.0,,50,0,,,,500,50,0,0,0,0,0.0,0.0,0,10,0,2,8,181,0,0,8,0,0,0,1,1,1,1,,0,,,0,0,1,0,0,0,0,0,0,0,0,0,0,0,,0,0,,,,,,,,
GB3399,f689083c207707df0d190ccbc03fa67f7d813707a6e87f751f9d78620d6c149e,hardneg,NO_VICTIM_ACTIVITY,,grid,full,1,2.0,,50,0,,,,50,50,0,0,0,0,0.0,0.0,0,2,0,2,0,181,0,0,8,0,0,0,1,1,1,1,,0,,,0,0,1,0,0,0,0,0,0,0,0,0,0,0,,0,0,,,,,,,,
GB3400,a8ba69d4ff94fc91061c4c8827a0ffc742c4f56e22d9c1134298320c08248a39,hardneg,NO_VICTIM_ACTIVITY,,grid,full,1,7.0,,1356,0,,,,0,1356,1356,0,0,0,1.0,0.0,3,15,0,0,15,181,0,0,8,0,0,0,1,1,1,1,,0,,,0,0,1,0,0,0,0,0,0,0,0,0,0,0,,0,0,,,,,,,,
GB3401,7c8648d0971eed0e34e41624b02fcc742a392fe38ffda2275258e41600244285,hardneg,NO_VICTIM_ACTIVITY,,grid,full,1,7.0,,1356,0,,,,0,1356,1356,0,0,0,1.0,0.0,3,16,0,0,16,181,0,0,8,0,0,0,1,1,1,1,,0,,,0,0,1,0,0,0,0,0,0,0,0,0,0,0,,0,0,,,,,,,,
GB3402,9ce4a54de3f38272eb39f8423781236d1b55699e37c3ebe66eaa7c85bcc67b4b,hardneg,NO_VICTIM_ACTIVITY,,grid,full,1,7.0,,600,0,,,,0,600,600,0,0,0,1.0,0.0,3,10,0,0,10,181,0,0,8,0,0,0,1,1,1,1,,0,,,0,0,1,0,0,0,0,0,0,0,0,0,0,0,,0,0,,,,,,,,
GB3403,7c7ce39ddf025235fbda0706e94d6c06e357792497c891340e935e9e1981c3e4,hardneg,NO_VICTIM_ACTIVITY,,grid,full,1,7.0,,600,0,,,,0,600,600,0,0,0,1.0,0.0,3,10,0,0,10,181,0,0,8,0,0,0,1,1,1,1,,0,,,0,0,1,0,0,0,0,0,0,0,0,0,0,0,,0,0,,,,,,,,
GB3404,e24b6933d94ada44118fb28fe911666d26f2a728153a30781bc559b281f31886,hardneg,NO_VICTIM_ACTIVITY,,grid,full,1,7.0,,1356,0,,,,0,1356,1356,0,0,0,1.0,0.0,3,15,0,0,15,181,0,0,8,0,0,0,1,1,1,1,,0,,,0,0,1,0,0,0,0,0,0,0,0,0,0,0,,0,0,,,,,,,,
GB3405,894005946b77f8eb931b34982e5a1631059cf0b1d5d9a664468e8c846c04177d,hardneg,NO_VICTIM_ACTIVITY,,grid,full,1,7.0,,150,0,,,,0,150,150,0,0,0,1.0,0.0,3,6,0,0,6,181,0,0,8,0,0,0,1,1,1,1,,0,,,0,0,1,0,0,0,0,0,0,0,0,0,0,0,,0,0,,,,,,,,
GB3406,b0866440fc6b3ddeee61150944049df75b18ba27f82f491495304df5f755f499,hardneg,NO_VICTIM_ACTIVITY,,grid,full,1,7.0,,150,0,,,,0,150,150,0,0,0,1.0,0.0,3,6,0,0,6,181,0,0,8,0,0,0,1,1,1,1,,0,,,0,0,1,0,0,0,0,0,0,0,0,0,0,0,,0,0,,,,,,,,
GB3407,4274c699cbc69b7753cc0da3fa0cb4480151a3b3645d722970a9c46b0b57f7ea,hardneg,TRUE_ENCRYPTION,,grid,full,1,2.0,,0,0,,,,0,0,0,1000,0,0,,,41,10,0,0,10,181,0,0,8,0,0,0,1,1,1,1,,0,,,0,0,1,0,0,0,0,0,0,0,0,0,0,0,,0,0,,,,,,,,
GB3408,59aafe617be6e1435ea054613eebaab377ea99ac94aa2dfae73e0f862bf1f4f3,hardneg,TRUE_ENCRYPTION,,grid,full,1,2.0,,0,0,,,,0,0,0,1000,0,0,,,41,8,0,0,8,181,0,0,8,0,0,0,1,1,1,1,,0,,,0,0,1,0,0,0,0,0,0,0,0,0,0,0,,0,0,,,,,,,,
GB3409,e0823a0991834efb1b10fd3d2ee4d44f7ac651c492a0a93a76a404a064d51073,hardneg,TRUE_ENCRYPTION,,grid,full,1,2.0,,0,0,,,,0,0,0,2000,0,0,,,46,14,0,0,14,181,0,0,8,0,0,0,1,1,1,1,,0,,,0,0,1,0,0,0,0,0,0,0,0,0,0,0,,0,0,,,,,,,,
GB3410,bc79998eaaeefe3804179285b1755090c78d473beedf40b794e03c26e8b6baef,hardneg,TRUE_ENCRYPTION,,grid,full,1,2.0,,0,0,,,,0,0,0,2000,0,0,,,46,12,0,0,12,181,0,0,8,0,0,0,1,1,1,1,,0,,,0,0,1,0,0,0,0,0,0,0,0,0,0,0,,0,0,,,,,,,,
GB3411,ca5b48f0e8ce796e4cf610c2e967ada875c4485f5313a71e8fd79623fd5924b4,hardneg,TRUE_ENCRYPTION,,grid,full,1,2.0,,0,0,,,,0,0,0,500,0,0,,,35,7,0,0,7,181,0,0,8,0,0,0,1,1,1,1,,0,,,0,0,1,0,0,0,0,0,0,0,0,0,0,0,,0,0,,,,,,,,
GB3412,1d37e51426f3b52e0ba50ec1cd42f69688db04260db960fd7cf4a131b9ebc7c2,hardneg,TRUE_ENCRYPTION,,grid,full,1,9.0,,452,0,,,,1000,452,452,0,0,0,1.0,0.0,32,27,18,0,9,181,0,0,8,0,0,0,1,1,1,1,,1149,2,1,0,0,1,0,0,0,0,0,0,0,0,0,0,0,,0,0,,,,,,,,
GB3413,da36301da64ecee7b4911b183e6bba0cd9ebc02d5b7afd7b69fd811bccc3dd56,hardneg,TRUE_ENCRYPTION,,grid,full,1,9.0,,452,0,,,,2000,452,452,0,0,0,1.0,0.0,32,44,19,0,25,181,0,0,8,0,0,0,1,1,1,1,,1149,2,1,0,0,1,0,0,0,0,0,0,0,0,0,0,0,,0,0,,,,,,,,
GB3414,d18ad383e4701643efa48f75f1b960aeb58c3318f4bb4688ab161b4dfcaabc22,hardneg,TRUE_ENCRYPTION,,grid,full,1,9.0,,452,0,,,,2000,452,452,0,0,0,1.0,0.0,32,47,21,0,26,181,0,0,8,0,0,0,1,1,1,1,,1149,2,1,0,0,1,0,0,0,0,0,0,0,0,0,0,0,,0,0,,,,,,,,
GB3415,3e84a5e2c18d084183ccf153c8bd76e5a045b24bfe220a9d2dbefffa1e7de659,hardneg,TRUE_ENCRYPTION,,grid,full,1,9.0,,200,0,,,,200,200,200,0,0,0,1.0,0.0,19,12,12,0,0,181,0,0,8,0,0,0,1,1,1,1,,1149,2,1,0,0,1,0,0,0,0,0,0,0,0,0,0,0,,0,0,,,,,,,,
GB3416,9dc1aebb37c6f367161e517da4c9ba75edc80e908f207147332202411f950991,hardneg,TRUE_ENCRYPTION,,grid,full,1,9.0,,452,0,,,,500,452,452,0,0,0,1.0,0.0,32,19,19,0,0,181,0,0,8,0,0,0,1,1,1,1,,1149,2,1,0,0,1,0,0,0,0,0,0,0,0,0,0,0,,0,0,,,,,,,,
GB3417,2c6cdf2ee2226eadceb059140a74e43c54ff276b0ae4cd6ebd0c0251d2c0b3ad,hardneg,TRUE_ENCRYPTION,,grid,full,1,9.0,,50,0,,,,50,50,50,0,0,0,1.0,0.0,7,5,5,0,0,181,0,0,8,0,0,0,1,1,1,1,,1149,2,1,0,0,1,0,0,0,0,0,0,0,0,0,0,0,,0,0,,,,,,,,
GB3418,27729f0c07f643d9b5a831c446d94fb1376ecf8cf993939571c27c4ac1bef79a,hardneg,NO_VICTIM_ACTIVITY,,grid,full,1,9.0,,0,0,,,,2000,0,2000,0,0,0,,,46,38,0,0,38,181,0,0,8,0,0,0,1,1,1,1,,1149,2,1,0,0,1,0,0,0,0,0,0,0,0,0,0,0,,0,0,,,,,,,,
GB3419,bc44bfdf032f33f937f81ddd2f7fff72672081473ed8e03a20db16287eefa772,hardneg,NO_VICTIM_ACTIVITY,,grid,full,1,9.0,,0,0,,,,200,0,200,0,0,0,,,19,9,0,0,9,181,0,0,8,0,0,0,1,1,1,1,,1149,2,1,0,0,1,0,0,0,0,0,0,0,0,0,0,0,,0,0,,,,,,,,
GB3420,727a387d3719d1abfc70aaa741f15d485505268cd48299f2847f61f2aa896af2,hardneg,NO_VICTIM_ACTIVITY,,grid,full,1,9.0,,0,0,,,,200,0,200,0,0,0,,,19,10,0,0,10,181,0,0,8,0,0,0,1,1,1,1,,1149,2,1,0,0,1,0,0,0,0,0,0,0,0,0,0,0,,0,0,,,,,,,,
GB3421,6f3256dd38e3a64c082cd898c58912824a0fe9ff89e9676ef050224efe14b372,hardneg,NO_VICTIM_ACTIVITY,,grid,full,1,9.0,,0,0,,,,500,0,500,0,0,0,,,35,16,0,0,16,181,0,0,8,0,0,0,1,1,1,1,,1149,2,1,0,0,1,0,0,0,0,0,0,0,0,0,0,0,,0,0,,,,,,,,
O4486,a20b16326501de54f74f367c71b29c07c41b101d8239fb47f1abf47493260a53,hardneg,NO_VICTIM_ACTIVITY,,order,full,1,2.0,,230,0,,,,2000,230,0,0,0,0,0.0,0.0,0,61,0,8,53,60,0,0,2,0,0,0,0,0,1,0,,0,,,0,0,1,0,0,0,0,0,0,0,0,0,0,0,,0,0,,,,,,,,
O4487,122fb1ec30bbf47f87d81743b05937c414358e01b0134dca1af3ac4a1feaf2a0,hardneg,NO_VICTIM_ACTIVITY,,order,full,1,2.0,,230,0,,,,2000,230,0,0,0,0,0.0,0.0,0,82,0,6,76,60,0,0,2,0,0,0,0,0,1,0,,0,,,0,0,1,0,0,0,0,0,0,0,0,0,0,0,,0,0,,,,,,,,
O4488,bf184280187e6180b53778e365318e64c227055a41cdba247fa2d249859b2957,hardneg,NO_VICTIM_ACTIVITY,,order,full,1,2.0,,230,0,,,,2000,230,0,0,0,0,0.0,0.0,0,75,0,9,66,60,0,0,2,0,0,0,0,0,1,0,,0,,,0,0,1,0,0,0,0,0,0,0,0,0,0,0,,0,0,,,,,,,,
O4489,0c6799e5f0a3b247e1b2103742f243515281bd17e4548b99f9fb2d92ccd0f1b0,hardneg,NO_VICTIM_ACTIVITY,,order,full,1,2.0,,225,0,,,,2000,225,0,0,0,0,0.0,0.0,0,57,0,9,48,62,0,0,2,0,0,0,0,0,1,0,,0,,,0,0,1,0,0,0,0,0,0,0,0,0,0,0,,0,0,,,,,,,,
O4490,2ca8c2f1ed879c095ee4325820a0b0dc6518290ae92852226dc8ed21e3d32925,hardneg,NO_VICTIM_ACTIVITY,,order,full,1,2.0,,226,0,,,,200,226,0,0,0,0,0.0,0.0,0,17,0,10,7,60,0,0,2,0,0,0,0,0,1,0,,0,,,0,0,1,0,0,0,0,0,0,0,0,0,0,0,,0,0,,,,,,,,
O4491,f1d1801432e1c01532f84c59ea3ce3f1c8f3091fe5ed38a48d3bdf7e7d413991,hardneg,NO_VICTIM_ACTIVITY,,order,full,1,2.0,,221,0,,,,200,221,0,0,0,0,0.0,0.0,0,17,0,10,7,62,0,0,2,0,0,0,0,0,1,0,,0,,,0,0,1,0,0,0,0,0,0,0,0,0,0,0,,0,0,,,,,,,,
O4492,e03585b0e59f0b6f9c68b2154f35020f9a12382aa50edab246798f952b4e01cd,hardneg,NO_VICTIM_ACTIVITY,,order,full,1,2.0,,221,0,,,,200,221,0,0,0,0,0.0,0.0,0,17,0,9,8,62,0,0,2,0,0,0,0,0,1,0,,0,,,0,0,1,0,0,0,0,0,0,0,0,0,0,0,,0,0,,,,,,,,
O4493,99ec1b6787d620e157eda5f2c8e9529c838cf4bb6bfd4f988da1fa5f9c89b134,hardneg,NO_VICTIM_ACTIVITY,,order,full,1,2.0,,221,0,,,,200,221,0,0,0,0,0.0,0.0,0,17,0,10,7,62,0,0,2,0,0,0,0,0,1,0,,0,,,0,0,1,0,0,0,0,0,0,0,0,0,0,0,,0,0,,,,,,,,
O4494,dc02a6a7f52e3b6f28adf8ac86c662994717574f045ad13bc7432a395e69bd28,hardneg,NO_VICTIM_ACTIVITY,,order,full,1,2.0,,226,0,,,,500,226,0,0,0,0,0.0,0.0,0,23,0,8,15,60,0,0,2,0,0,0,0,0,1,0,,0,,,0,0,1,0,0,0,0,0,0,0,0,0,0,0,,0,0,,,,,,,,
O4495,85e05a23859caba84e5b7d2e74a277289b9486fc4394a8e3de48c71bae4ab6a1,hardneg,NO_VICTIM_ACTIVITY,,order,full,1,2.0,,221,0,,,,500,221,0,0,0,0,0.0,0.0,0,17,0,6,11,62,0,0,2,0,0,0,0,0,1,0,,0,,,0,0,1,0,0,0,0,0,0,0,0,0,0,0,,0,0,,,,,,,,
O4496,829e781b92a34dfd57eb887551fd6bc012c8cabbce0da056ebf1e805e7065778,hardneg,NO_VICTIM_ACTIVITY,,order,full,1,2.0,,221,0,,,,500,221,0,0,0,0,0.0,0.0,0,25,0,9,16,62,0,0,2,0,0,0,0,0,1,0,,0,,,0,0,1,0,0,0,0,0,0,0,0,0,0,0,,0,0,,,,,,,,
O4497,a0ddc85357aa8db362f77270913e3e362d1bc94023a44446a7ed2da23a46ffcc,hardneg,NO_VICTIM_ACTIVITY,,order,full,1,2.0,,221,0,,,,500,221,0,0,0,0,0.0,0.0,0,20,0,7,13,62,0,0,2,0,0,0,0,0,1,0,,0,,,0,0,1,0,0,0,0,0,0,0,0,0,0,0,,0,0,,,,,,,,
O4498,e6886e2b8080c700c94bb127a31ff67b9ee0cc543cd0e00bf9d345876a0d5012,hardneg,NO_VICTIM_ACTIVITY,,order,full,1,2.0,,464,0,,,,2000,464,0,0,0,0,0.0,0.0,0,70,0,27,43,61,0,0,3,0,0,0,0,0,1,0,,82,0,0,0,0,1,0,0,0,0,0,0,0,0,0,0,0,,0,0,,,,,,,,
O4499,281b2c9c493b4ab28949dfeb168882e6ff5475d49b63c159b776d020c962a7cd,hardneg,NO_VICTIM_ACTIVITY,,order,full,1,2.0,,465,0,,,,2000,465,0,0,0,0,0.0,0.0,0,78,0,35,43,61,0,0,3,0,0,0,0,0,1,0,,82,0,0,0,0,1,0,0,0,0,0,0,0,0,0,0,0,,0,0,,,,,,,,
O4500,ffb1a9fa9a9aefcac41f2c12c90c80b6daa1fcc3190221629b16132de6a9564f,hardneg,NO_VICTIM_ACTIVITY,,order,full,1,2.0,,460,0,,,,2000,460,0,0,0,0,0.0,0.0,0,82,0,76,6,63,0,0,3,0,0,0,0,0,1,0,,691,0,0,0,0,1,0,0,0,0,0,0,0,0,0,0,0,,0,0,,,,,,,,
O4501,4926ac659b5c081eee2ff6b0e597b687e8b03f55c0df6343d5537677b65b6f95,hardneg,NO_VICTIM_ACTIVITY,,order,full,1,2.0,,459,0,,,,2000,459,0,0,0,0,0.0,0.0,0,70,0,69,1,63,0,0,3,0,0,0,0,0,1,0,,424,0,0,0,0,1,0,0,0,0,0,0,0,0,0,0,0,,0,0,,,,,,,,
O4502,3d0728ddf418cf1756ab16d0150b5760d7e4f785a47bbc071b3df7702ddad69c,hardneg,NO_VICTIM_ACTIVITY,,order,full,1,2.0,,415,0,,,,200,415,0,0,0,0,0.0,0.0,0,20,0,20,0,61,0,0,3,0,0,0,0,0,1,0,,82,0,0,0,0,1,0,0,0,0,0,0,0,0,0,0,0,,0,0,,,,,,,,
O4503,3ec7ed1f899de2bd634b7c60186b5b023fdd983d4cb4bc3391a75b6d8b28a2d3,hardneg,NO_VICTIM_ACTIVITY,,order,full,1,2.0,,415,0,,,,200,415,0,0,0,0,0.0,0.0,0,21,0,21,0,61,0,0,3,0,0,0,0,0,1,0,,82,0,0,0,0,1,0,0,0,0,0,0,0,0,0,0,0,,0,0,,,,,,,,
O4504,5af426603565b2afcec48db6ab51dd835eddf855447a446cf44d13cf9a714425,hardneg,NO_VICTIM_ACTIVITY,,order,full,1,2.0,,415,0,,,,200,415,0,0,0,0,0.0,0.0,0,20,0,20,0,61,0,0,3,0,0,0,0,0,1,0,,82,0,0,0,0,1,0,0,0,0,0,0,0,0,0,0,0,,0,0,,,,,,,,
O4505,6eb0a1a10d4d7124e8e49ec3aea82cfa1442773f018d6fdbc380a8527227d159,hardneg,NO_VICTIM_ACTIVITY,,order,full,1,2.0,,415,0,,,,200,415,0,0,0,0,0.0,0.0,0,18,0,18,0,61,0,0,3,0,0,0,0,0,1,0,,82,0,0,0,0,1,0,0,0,0,0,0,0,0,0,0,0,,0,0,,,,,,,,
O4506,92f012bcc4673af054929dd23b3f85278a3c5968db6499287814b6d425493363,hardneg,NO_VICTIM_ACTIVITY,,order,full,1,1.8,,415,0,,,,200,415,0,0,0,0,0.0,0.0,0,20,0,20,0,61,0,0,3,0,0,0,0,0,1,0,,82,0,0,0,0,1,0,0,0,0,0,0,0,0,0,0,0,,0,0,,,,,,,,
O4507,9dd14dac48fdcf62bf7cda9eb6f41cc27672c1225f36d2915a1335a5d7bc1c4b,hardneg,NO_VICTIM_ACTIVITY,,order,full,1,8.0,,410,0,,,,200,410,0,0,0,0,0.0,0.0,0,19,0,19,0,63,0,0,3,0,0,0,0,0,1,0,,69,0,0,0,0,1,0,0,0,0,0,0,0,0,0,0,0,,0,0,,,,,,,,
O4508,2f6b659e22ee16529f87c54016b84bc9bff57bff1d4d11faf6967bc28a7da977,hardneg,NO_VICTIM_ACTIVITY,,order,full,1,2.0,,410,0,,,,200,410,0,0,0,0,0.0,0.0,0,21,0,21,0,63,0,0,3,0,0,0,0,0,1,0,,403,0,0,0,0,1,0,0,0,0,0,0,0,0,0,0,0,,0,0,,,,,,,,
O4509,3b2beb6b0a515baa7121958e6c616cf35b0269fbce3cbcb95d97e59404843cbc,hardneg,NO_VICTIM_ACTIVITY,,order,full,1,8.0,,410,0,,,,200,410,0,0,0,0,0.0,0.0,0,20,0,20,0,63,0,0,3,0,0,0,0,0,1,0,,414,0,0,0,0,1,0,0,0,0,0,0,0,0,0,0,0,,0,0,,,,,,,,
O4510,7294bdb23c9129ad9b3e747749e49471c21a8a8a803306809559964250b535ac,hardneg,NO_VICTIM_ACTIVITY,,order,full,1,2.0,,460,0,,,,500,460,0,0,0,0,0.0,0.0,0,30,0,26,4,61,0,0,3,0,0,0,0,0,1,0,,82,0,0,0,0,1,0,0,0,0,0,0,0,0,0,0,0,,0,0,,,,,,,,
O4511,447a0c324822a01ffd5d8899a899bef2c04cd7db1631bbf1516ec29d4e0a72d7,hardneg,NO_VICTIM_ACTIVITY,,order,full,1,2.0,,461,0,,,,500,461,0,0,0,0,0.0,0.0,0,28,0,25,3,61,0,0,3,0,0,0,0,0,1,0,,82,0,0,0,0,1,0,0,0,0,0,0,0,0,0,0,0,,0,0,,,,,,,,
O4512,0b628ff04b64b29bfbabc66916c19f0d24a5ccc8ca57804221023ca7bf4ac491,hardneg,NO_VICTIM_ACTIVITY,,order,full,1,8.0,,456,0,,,,500,456,0,0,0,0,0.0,0.0,0,28,0,28,0,63,0,0,3,0,0,0,0,0,1,0,,539,0,0,0,0,1,0,0,0,0,0,0,0,0,0,0,0,,0,0,,,,,,,,
O4513,46536928e281ceead01e430e3324d1013e5ea25675d49e7d575bc6c2a668c5f3,hardneg,NO_VICTIM_ACTIVITY,,order,full,1,1.8,,456,0,,,,500,456,0,0,0,0,0.0,0.0,0,29,0,29,0,63,0,0,3,0,0,0,0,0,1,0,,648,1,1,0,0,1,0,0,0,0,0,0,0,0,0,0,0,,0,0,,,,,,,,
O4514,37dd837b13e2a24bfd319bb65475e8d8916d9d70112479dd294bcd613ad80195,hardneg,NO_VICTIM_ACTIVITY,,order,full,1,8.0,,456,0,,,,500,456,0,0,0,0,0.0,0.0,0,30,0,30,0,63,0,0,3,0,0,0,0,0,1,0,,645,1,1,0,0,1,0,0,0,0,0,0,0,0,0,0,0,,0,0,,,,,,,,
O4515,c018d0df8c0c6bf6893522f4483b3cd44bbfe05601ea5d9ac2bbe73097f528e7,hardneg,NO_VICTIM_ACTIVITY,,order,full,1,2.0,,684,0,,,,2000,684,0,0,0,0,0.0,0.0,0,63,0,31,32,61,0,0,3,0,0,0,0,0,1,0,,82,0,0,0,0,1,0,0,0,0,0,0,0,0,0,0,0,,0,0,,,,,,,,
O4516,c4bd154e9a3961f108e9e1bc287f1df1649ef48db34f0dce8f2d0e4093f7afcb,hardneg,NO_VICTIM_ACTIVITY,,order,full,1,2.0,,684,0,,,,2000,684,0,0,0,0,0.0,0.0,0,65,0,33,32,61,0,0,3,0,0,0,0,0,1,0,,82,0,0,0,0,1,0,0,0,0,0,0,0,0,0,0,0,,0,0,,,,,,,,
O4517,a4fb872891b84d5b279e42100d4575a53b7c872b4b447662c515b472f3c04a2a,hardneg,NO_VICTIM_ACTIVITY,,order,full,1,2.0,,684,0,,,,2000,684,0,0,0,0,0.0,0.0,0,62,0,28,34,61,0,0,3,0,0,0,0,0,1,0,,82,0,0,0,0,1,0,0,0,0,0,0,0,0,0,0,0,,0,0,,,,,,,,
O4518,0bec387c960dcecc8feec2ed8510459a71890c4a5904661b07df1463e0461080,hardneg,NO_VICTIM_ACTIVITY,,order,full,1,2.0,,684,0,,,,2000,684,0,0,0,0,0.0,0.0,0,63,0,30,33,61,0,0,3,0,0,0,0,0,1,0,,82,0,0,0,0,1,0,0,0,0,0,0,0,0,0,0,0,,0,0,,,,,,,,
O4519,1f1ad33d2e2e4f8879a70ce8237847945b045f0fb00deba7ba50f9c881db5959,hardneg,NO_VICTIM_ACTIVITY,,order,full,1,2.0,,684,0,,,,2000,684,0,0,0,0,0.0,0.0,0,63,0,32,31,61,0,0,3,0,0,0,0,0,1,0,,82,0,0,0,0,1,0,0,0,0,0,0,0,0,0,0,0,,0,0,,,,,,,,
O4520,991ad1eaf8df7eea140557befe22cdcd09feec3dfbcc4cae739ea4b7875fccf3,hardneg,NO_VICTIM_ACTIVITY,,order,full,1,2.0,,679,0,,,,2000,679,0,0,0,0,0.0,0.0,0,77,0,77,0,63,0,0,3,0,0,0,0,0,1,0,,987,0,0,0,0,1,0,0,0,0,0,0,0,0,0,0,0,,0,0,,,,,,,,
O4521,de9c973af9bf04612b6a219844d4daac45b57669a37c6dc06f11eae90c816ae1,hardneg,NO_VICTIM_ACTIVITY,,order,full,1,2.0,,679,0,,,,2000,679,0,0,0,0,0.0,0.0,0,74,0,72,2,63,0,0,3,0,0,0,0,0,1,0,,1150,0,0,0,0,1,0,0,0,0,0,0,0,0,0,0,0,,0,0,,,,,,,,
O4522,fe3f429f7d7fd83602a21e6cc8426892e29185bba021a416e03783461939d536,hardneg,NO_VICTIM_ACTIVITY,,order,full,1,2.0,,428,0,,,,200,428,0,0,0,0,0.0,0.0,0,20,0,20,0,61,0,0,3,0,0,0,0,0,1,0,,82,0,0,0,0,1,0,0,0,0,0,0,0,0,0,0,0,,0,0,,,,,,,,
O4523,f1a6e3e9b818f49d1d611d1a58f14956f7d0c676dfbb32fc25dd347eb97cfa23,hardneg,NO_VICTIM_ACTIVITY,,order,full,1,2.0,,423,0,,,,200,423,0,0,0,0,0.0,0.0,0,20,0,20,0,63,0,0,3,0,0,0,0,0,1,0,,440,0,0,0,0,1,0,0,0,0,0,0,0,0,0,0,0,,0,0,,,,,,,,
O4524,9df597ede5ad8203a07fa39aa4a5ab303ff6b555fbc12b736242d9967d2ee5da,hardneg,NO_VICTIM_ACTIVITY,,order,full,1,2.0,,680,0,,,,500,680,0,0,0,0,0.0,0.0,0,28,0,27,1,61,0,0,3,0,0,0,0,0,1,0,,82,0,0,0,0,1,0,0,0,0,0,0,0,0,0,0,0,,0,0,,,,,,,,
O4525,d67e697cd375b4ccb76f36cea97182026a64fe70b6abafae28f84d278ad57dd0,hardneg,NO_VICTIM_ACTIVITY,,order,full,1,2.0,,675,0,,,,500,675,0,0,0,0,0.0,0.0,0,29,0,29,0,63,0,0,3,0,0,0,0,0,1,0,,781,0,0,0,0,1,0,0,0,0,0,0,0,0,0,0,0,,0,0,,,,,,,,
O4526,d31dcd3f2db4548b2bfe5847711c8e3763036ab11f71ba167294400cfeb982cb,hardneg,NO_VICTIM_ACTIVITY,,order,full,1,2.0,,675,0,,,,500,675,0,0,0,0,0.0,0.0,0,33,0,33,0,63,0,0,3,0,0,0,0,0,1,0,,1158,0,0,0,0,1,0,0,0,0,0,0,0,0,0,0,0,,0,0,,,,,,,,
O4527,a9b09ef7d613818a163fd6747ad8923ceac2b17e4a171044883aff0c5dc69dc3,hardneg,TRUE_ENCRYPTION,,order,full,1,9.0,,686,0,,,,2000,686,452,0,0,0,0.6588921282798834,0.0,32,70,26,6,38,62,0,0,3,0,0,0,0,0,1,0,,1231,2,2,0,0,1,0,0,0,0,0,0,0,0,0,0,0,,0,0,,,,,,,,
O4528,410a597fbd3dd8404d67bd1cae253b6c7528d4edf79383e32ca764895be8f73e,hardneg,TRUE_ENCRYPTION,,order,full,1,9.0,,686,0,,,,2000,686,452,0,0,0,0.6588921282798834,0.0,32,72,27,6,39,62,0,0,3,0,0,0,0,0,1,0,,1231,2,2,0,0,1,0,0,0,0,0,0,0,0,0,0,0,,0,0,,,,,,,,
O4529,6d72b6d1be63e9ed34e6f393cde0b7a113827ab9742e9364c4c71030d1600d8a,hardneg,TRUE_ENCRYPTION,,order,full,1,9.0,,686,0,,,,2000,686,452,0,0,0,0.6588921282798834,0.0,32,63,25,5,33,62,0,0,3,0,0,0,0,0,1,0,,1231,2,2,0,0,1,0,0,0,0,0,0,0,0,0,0,0,,0,0,,,,,,,,
O4530,d09e4c6941f3629c0154feee71b257d627d13df2d2590d70ef0322e71d2af38a,hardneg,TRUE_ENCRYPTION,,order,full,1,9.0,,681,0,,,,2000,681,452,0,0,0,0.6637298091042585,0.0,32,75,69,6,0,64,0,0,3,0,0,0,0,0,1,0,,3701,4,4,0,0,1,0,0,0,0,0,0,0,0,0,0,0,,0,0,,,,,,,,
O4531,70be746404689119a250aefa469b6577f66ce5f2efd876e44dd563181b5eca48,hardneg,TRUE_ENCRYPTION,,order,full,1,9.0,,681,0,,,,2000,681,452,0,0,0,0.6637298091042585,0.0,32,76,70,6,0,64,0,0,3,0,0,0,0,0,1,0,,4696,3,3,0,0,1,0,0,0,0,0,0,0,0,0,0,0,,0,0,,,,,,,,
O4532,d5ba1413a1f8812a4345fb137ef3b443f8ecaa9a58f5b344fe4b9cc8b34de842,hardneg,TRUE_ENCRYPTION,,order,full,1,7.0,,681,0,,,,2000,681,452,0,0,0,0.6637298091042585,0.0,32,79,71,7,1,64,0,0,3,0,0,0,0,0,1,0,,3617,2,2,0,0,1,0,0,0,0,0,0,0,0,0,0,0,,0,0,,,,,,,,
O4533,78ecdc347b94e851f380779d1feb28da684dad38dbb7732f3cd15e16ed837d75,hardneg,TRUE_ENCRYPTION,,order,full,1,7.0,,681,0,,,,2000,681,452,0,0,0,0.6637298091042585,0.0,32,80,72,8,0,64,0,0,3,0,0,0,0,0,1,0,,3947,4,4,0,0,1,0,0,0,0,0,0,0,0,0,0,0,,0,0,,,,,,,,
O4534,896209c761ae5970977cfdbe897065963bd0238dd92814aac2cdcd1b446b4e4c,hardneg,TRUE_ENCRYPTION,,order,full,1,9.0,,430,0,,,,200,430,200,0,0,0,0.46511627906976744,0.0,19,22,16,6,0,62,0,0,3,0,0,0,0,0,1,0,,1231,2,2,0,0,1,0,0,0,0,0,0,0,0,0,0,0,,0,0,,,,,,,,
O4535,7ce15fbb4ae89041878d4b4a407bf05ebf80f082f0b6a70ffc2861d3ae684109,hardneg,TRUE_ENCRYPTION,,order,full,1,9.0,,425,0,,,,200,425,200,0,0,0,0.47058823529411764,0.0,19,23,18,5,0,64,0,0,3,0,0,0,0,0,1,0,,4256,3,3,0,0,1,0,0,0,0,0,0,0,0,0,0,0,,0,0,,,,,,,,
O4536,1fb94f275466b36e2a5d0987e4657fef540f818dd3becd11894253be38bbb10e,hardneg,TRUE_ENCRYPTION,,order,full,1,10.0,WinosStager,425,0,,,,200,425,200,0,0,0,0.47058823529411764,0.0,19,24,19,5,0,64,0,0,3,0,0,0,0,0,1,0,,4056,4,4,0,0,1,0,0,0,0,0,0,0,0,0,0,0,,0,0,,,,,,,,
O4537,4e4bb1b02870b2ce71bbaac04da043addf897038b2e0a49453a8fc7eeae9399c,hardneg,TRUE_ENCRYPTION,,order,full,1,10.0,WinosStager,425,0,,,,200,425,200,0,0,0,0.47058823529411764,0.0,19,26,17,9,0,64,0,0,3,0,0,0,0,0,1,0,,6077,4,4,0,0,1,0,0,0,0,0,0,0,0,0,0,0,,0,0,,,,,,,,
O4538,b03faa89cfda9d8daa11836cdd6e36bb4f298bb09093f60892ed7d5da132750d,hardneg,TRUE_ENCRYPTION,,order,full,1,9.0,,682,0,,,,500,682,452,0,0,0,0.6627565982404692,0.0,32,36,28,8,0,62,0,0,3,0,0,0,0,0,1,0,,1231,2,2,0,0,1,0,0,0,0,0,0,0,0,0,0,0,,0,0,,,,,,,,
O4539,58e9876a91ecd3ab42f9169b1bc25b8bdaa3b94c9df79747ab46ac68dc2c1330,hardneg,TRUE_ENCRYPTION,,order,full,1,9.0,,682,0,,,,500,682,452,0,0,0,0.6627565982404692,0.0,32,32,26,6,0,62,0,0,3,0,0,0,0,0,1,0,,1231,2,2,0,0,1,0,0,0,0,0,0,0,0,0,0,0,,0,0,,,,,,,,
O4540,3ce3660f4fd89114f12b37fe3f1f93382886669ffe559255ee5cf99b67a916c5,hardneg,TRUE_ENCRYPTION,,order,full,1,9.0,,682,0,,,,500,682,452,0,0,0,0.6627565982404692,0.0,32,33,27,6,0,62,0,0,3,0,0,0,0,0,1,0,,1231,2,2,0,0,1,0,0,0,0,0,0,0,0,0,0,0,,0,0,,,,,,,,
O4541,515c4bc5bfacc88e7439f0dd2404efb8ed7f257a0dfc5deaddf300ba8f4fca5f,hardneg,TRUE_ENCRYPTION,,order,full,1,9.0,,677,0,,,,500,677,452,0,0,0,0.6676514032496307,0.0,32,34,27,7,0,64,0,0,3,0,0,0,0,0,1,0,,5100,3,3,0,0,1,0,0,0,0,0,0,0,0,0,0,0,,0,0,,,,,,,,
O4542,fdd94a1a74190b701af609c930419ba5b508c8f12e1f444772f9a60d0fbb87e3,hardneg,TRUE_ENCRYPTION,,order,full,1,7.0,,677,0,,,,500,677,452,0,0,0,0.6676514032496307,0.0,32,36,31,4,1,64,0,0,3,0,0,0,0,0,1,0,,4230,3,3,0,0,1,0,0,0,0,0,0,0,0,0,0,0,,0,0,,,,,,,,
O4543,c138ab0f7b3c4a99d9c7eb9afb8e1921d0a1c0507ac6cad7ab897167b6adc7e6,hardneg,TRUE_ENCRYPTION,,order,full,1,9.0,,677,0,,,,500,677,452,0,0,0,0.6676514032496307,0.0,32,39,32,7,0,64,0,0,3,0,0,0,0,0,1,0,,7384,3,3,0,0,1,0,0,0,0,0,0,0,0,0,0,0,,0,0,,,,,,,,
O4544,e75be19b11455b6549d43eec267749555f9fe80f3c6f91556406fa928a211b5b,hardneg,NO_VICTIM_ACTIVITY,,order,full,1,7.0,,462,0,,,,2000,462,233,0,0,0,0.5043290043290043,0.0,23,75,61,9,5,64,0,0,3,0,0,0,0,0,1,0,,195,1,1,0,0,1,0,0,0,0,0,0,0,0,0,0,0,,0,0,,,,,,,,
O4545,afafa79666040f8177f185e8e86abf50685a91b36f727158f0a2b41cd8dc09e4,hardneg,NO_VICTIM_ACTIVITY,,order,full,1,7.0,,417,0,,,,200,417,187,0,0,0,0.44844124700239807,0.0,17,18,13,5,0,62,0,0,3,0,0,0,0,0,1,0,,82,0,0,0,0,1,0,0,0,0,0,0,0,0,0,0,0,,0,0,,,,,,,,
O4546,6c08cc61bedf5777c3ed06673054ac1c30c1670f2575eb59e654a56394741b58,hardneg,NO_VICTIM_ACTIVITY,,order,full,1,7.0,,462,0,,,,500,462,232,0,0,0,0.5021645021645021,0.0,23,29,19,7,3,62,0,0,3,0,0,0,0,0,1,0,,82,0,0,0,0,1,0,0,0,0,0,0,0,0,0,0,0,,0,0,,,,,,,,
O4547,e92c5aae3c0a7bd4bf14a1fb634c11c5e7e21cbf2290f1c1e0dbecf197a897c0,hardneg,NO_VICTIM_ACTIVITY,,order,full,1,7.0,,462,0,,,,500,462,232,0,0,0,0.5021645021645021,0.0,23,29,18,7,4,62,0,0,3,0,0,0,0,0,1,0,,82,0,0,0,0,1,0,0,0,0,0,0,0,0,0,0,0,,0,0,,,,,,,,
O4548,4e6f311c3b4479c1bed2cc28fabc2c7f74b17e31f81ac284936e7fdedcdeda5f,hardneg,NO_VICTIM_ACTIVITY,,order,full,1,7.0,,462,0,,,,500,462,232,0,0,0,0.5021645021645021,0.0,23,29,19,6,4,62,0,0,3,0,0,0,0,0,1,0,,82,0,0,0,0,1,0,0,0,0,0,0,0,0,0,0,0,,0,0,,,,,,,,
O4549,7503c34f7575792fa3133c7459213209651b6d84e8ad461704e909af1ab633ef,hardneg,NO_VICTIM_ACTIVITY,,order,full,1,7.0,,463,0,,,,500,463,233,0,0,0,0.5032397408207343,0.0,23,25,16,6,3,62,0,0,3,0,0,0,0,0,1,0,,82,0,0,0,0,1,0,0,0,0,0,0,0,0,0,0,0,,0,0,,,,,,,,
O4550,20f2b9409d1660dca194ce60ade34ecb6ce2a87ce61ab08c6d0686cfaad2f71b,hardneg,NO_VICTIM_ACTIVITY,,order,full,1,7.0,,463,0,,,,500,463,233,0,0,0,0.5032397408207343,0.0,23,30,17,8,5,62,0,0,3,0,0,0,0,0,1,0,,82,0,0,0,0,1,0,0,0,0,0,0,0,0,0,0,0,,0,0,,,,,,,,
O4551,698b0461c88f24b35cfa7cade6fb99913112d3a74275985a9f91414eb1fa3347,hardneg,NO_VICTIM_ACTIVITY,,order,full,1,7.0,,458,0,,,,500,458,233,0,0,0,0.5087336244541485,0.0,23,35,29,6,0,64,0,0,3,0,0,0,0,0,1,0,,208,1,1,0,0,1,0,0,0,0,0,0,0,0,0,0,0,,0,0,,,,,,,,
O4552,8e53c11bb19b7d9f56a9026baa80edddc1fdb3efb260ab5fc5f8c10af5065e55,hardneg,NO_VICTIM_ACTIVITY,,order,full,1,7.0,,458,0,,,,500,458,233,0,0,0,0.5087336244541485,0.0,23,30,25,5,0,64,0,0,3,0,0,0,0,0,1,0,,327,0,0,0,0,1,0,0,0,0,0,0,0,0,0,0,0,,0,0,,,,,,,,
O4553,ec1c483729c24a25fbe893c13fc53b978bb510e4c61939abc3a54f3014c18704,hardneg,NO_VICTIM_ACTIVITY,,order,full,1,9.0,,457,0,,,,500,457,232,0,0,0,0.5076586433260394,0.0,23,30,25,5,0,64,0,0,3,0,0,0,0,0,1,0,,444,0,0,0,0,1,0,0,0,0,0,0,0,0,0,0,0,,0,0,,,,,,,,
O4554,344fd39f9612713814b52989c3756097d079381c566b6ff7bc12595771734081,hardneg,NO_VICTIM_ACTIVITY,,order,full,1,8.0,,280,0,,,,2000,280,0,0,0,0,0.0,0.0,0,59,0,10,49,61,0,0,3,0,0,0,0,0,1,0,,0,,,0,0,1,0,0,0,0,0,0,0,0,0,0,0,,0,0,,,,,,,,
O4555,1d344111ff05bbbe2cb0496de6ffe3d5acca2f4f89c082b96f9e12bbad26f5dd,hardneg,NO_VICTIM_ACTIVITY,,order,full,1,8.0,,280,0,,,,2000,280,0,0,0,0,0.0,0.0,0,58,0,10,48,61,0,0,3,0,0,0,0,0,1,0,,0,,,0,0,1,0,0,0,0,0,0,0,0,0,0,0,,0,0,,,,,,,,
O4556,5e86c952769da9fcda0ecf30fbe76051df2b0d3c5c89d7117d3acad5d92a7ba2,hardneg,NO_VICTIM_ACTIVITY,,order,full,1,8.0,,280,0,,,,2000,280,0,0,0,0,0.0,0.0,0,61,0,15,46,61,0,0,3,0,0,0,0,0,1,0,,0,,,0,0,1,0,0,0,0,0,0,0,0,0,0,0,,0,0,,,,,,,,
O4557,295af42b7f73b7461bf55b5e7e96647c7dd6f4348460f7bcc54b849cf071153c,hardneg,NO_VICTIM_ACTIVITY,,order,full,1,8.0,,280,0,,,,2000,280,0,0,0,0,0.0,0.0,0,54,0,9,45,61,0,0,3,0,0,0,0,0,1,0,,0,,,0,0,1,0,0,0,0,0,0,0,0,0,0,0,,0,0,,,,,,,,
O4558,73179453b5ae3583680439544a058eadfe82d349f50e88d326e7fa758450a765,hardneg,NO_VICTIM_ACTIVITY,,order,full,1,8.0,,275,0,,,,2000,275,0,0,0,0,0.0,0.0,0,55,0,9,46,63,0,0,3,0,0,0,0,0,1,0,,0,,,0,0,1,0,0,0,0,0,0,0,0,0,0,0,,0,0,,,,,,,,
O4559,e4caf5a0ad6d7aafcb18f11af2358d97fa878c0128e166cfd493d69a85b45877,hardneg,NO_VICTIM_ACTIVITY,,order,full,1,8.0,,275,0,,,,2000,275,0,0,0,0,0.0,0.0,0,55,0,11,44,63,0,0,3,0,0,0,0,0,1,0,,0,,,0,0,1,0,0,0,0,0,0,0,0,0,0,0,,0,0,,,,,,,,
O4560,ee2f2e0f54832244230ef93677890abf07fb89c221805d84fcbdf47fb28bfd60,hardneg,NO_VICTIM_ACTIVITY,,order,full,1,10.0,AgentRacoon,275,0,,,,2000,275,0,0,0,0,0.0,0.0,0,63,0,13,50,63,0,0,3,0,0,0,0,0,1,0,,0,,,0,0,1,0,0,0,0,0,0,0,0,0,0,0,,0,0,,,,,,,,
O4561,7cab31abe314e20f12665fbe26485a0d812ba4fe11e11f00dfae19970a102e3a,hardneg,NO_VICTIM_ACTIVITY,,order,full,1,8.0,,276,0,,,,200,276,0,0,0,0,0.0,0.0,0,17,0,12,5,61,0,0,3,0,0,0,0,0,1,0,,0,,,0,0,1,0,0,0,0,0,0,0,0,0,0,0,,0,0,,,,,,,,
O4562,497fcd38d3bb708485356bfb55dc6b779e8ddbc92cd4f36492d2c51b71e7b545,hardneg,NO_VICTIM_ACTIVITY,,order,full,1,8.0,,276,0,,,,200,276,0,0,0,0,0.0,0.0,0,16,0,11,5,61,0,0,3,0,0,0,0,0,1,0,,0,,,0,0,1,0,0,0,0,0,0,0,0,0,0,0,,0,0,,,,,,,,
O4563,36962776be53833a8585ebb985720856da11609f224790e1de702c28faa0ef53,hardneg,NO_VICTIM_ACTIVITY,,order,full,1,8.0,,276,0,,,,200,276,0,0,0,0,0.0,0.0,0,16,0,10,6,61,0,0,3,0,0,0,0,0,1,0,,0,,,0,0,1,0,0,0,0,0,0,0,0,0,0,0,,0,0,,,,,,,,
O4564,8117dcc7e55802f64f2ec2295cb77f45f4426d58d1f4eea6163402e36a2d0f78,hardneg,NO_VICTIM_ACTIVITY,,order,full,1,8.0,,276,0,,,,200,276,0,0,0,0,0.0,0.0,0,17,0,12,5,61,0,0,3,0,0,0,0,0,1,0,,0,,,0,0,1,0,0,0,0,0,0,0,0,0,0,0,,0,0,,,,,,,,
O4565,d765761d5ba20c8f48a39478ed883a5b85754d1f2db7ad5844d614ce9aaf243f,hardneg,NO_VICTIM_ACTIVITY,,order,full,1,8.0,,276,0,,,,200,276,0,0,0,0,0.0,0.0,0,15,0,11,4,61,0,0,3,0,0,0,0,0,1,0,,0,,,0,0,1,0,0,0,0,0,0,0,0,0,0,0,,0,0,,,,,,,,
O4566,556adec1a3f040fb5765be9ee3a3830065d40f13cde62a2c9042102985a10941,hardneg,NO_VICTIM_ACTIVITY,,order,full,1,8.0,,271,0,,,,200,271,0,0,0,0,0.0,0.0,0,18,0,13,5,63,0,0,3,0,0,0,0,0,1,0,,0,,,0,0,1,0,0,0,0,0,0,0,0,0,0,0,,0,0,,,,,,,,
O4567,912bf717eabca96f0a1b1c249ffe92c379b86f9becac3446df34acc2e77d0389,hardneg,NO_VICTIM_ACTIVITY,,order,full,1,2.0,,271,0,,,,200,271,0,0,0,0,0.0,0.0,0,14,0,9,5,63,0,0,3,0,0,0,0,0,1,0,,0,,,0,0,1,0,0,0,0,0,0,0,0,0,0,0,,0,0,,,,,,,,
O4568,6ff5721e030ff9b33f7849ee6e18720c2c92e97d0e347aa460c24f15eb59bac7,hardneg,NO_VICTIM_ACTIVITY,,order,full,1,8.0,,276,0,,,,500,276,0,0,0,0,0.0,0.0,0,25,0,12,13,61,0,0,3,0,0,0,0,0,1,0,,0,,,0,0,1,0,0,0,0,0,0,0,0,0,0,0,,0,0,,,,,,,,
O4569,df8a8ce4f573466261885f5a9d015bdf295a0b867cf3c03ef3cf99cbafcde2ab,hardneg,NO_VICTIM_ACTIVITY,,order,full,1,8.0,,276,0,,,,500,276,0,0,0,0,0.0,0.0,0,25,0,13,12,61,0,0,3,0,0,0,0,0,1,0,,0,,,0,0,1,0,0,0,0,0,0,0,0,0,0,0,,0,0,,,,,,,,
O4570,7f0fdc5f1c212a6f30e4fdfcc160503047f7f720598bc888eac22db45acdef7c,hardneg,NO_VICTIM_ACTIVITY,,order,full,1,8.0,,276,0,,,,500,276,0,0,0,0,0.0,0.0,0,23,0,10,13,61,0,0,3,0,0,0,0,0,1,0,,0,,,0,0,1,0,0,0,0,0,0,0,0,0,0,0,,0,0,,,,,,,,
O4571,f87deead43812a3b933e5164cc802429ad4d92740dfc167b4d0e30836e896487,hardneg,NO_VICTIM_ACTIVITY,,order,full,1,8.0,,276,0,,,,500,276,0,0,0,0,0.0,0.0,0,25,0,11,14,61,0,0,3,0,0,0,0,0,1,0,,0,,,0,0,1,0,0,0,0,0,0,0,0,0,0,0,,0,0,,,,,,,,
O4572,d4c89c8cffd8f5e0fa75af5ca1f637889b478b582c48634f1f547b1d62836413,hardneg,NO_VICTIM_ACTIVITY,,order,full,1,8.0,,275,0,,,,500,275,0,0,0,0,0.0,0.0,0,23,0,11,12,61,0,0,3,0,0,0,0,0,1,0,,0,,,0,0,1,0,0,0,0,0,0,0,0,0,0,0,,0,0,,,,,,,,
O4573,738074bf3a3fb10f549a7bfacbe385626f196e89e87fa1fa0266834e6671826e,hardneg,NO_VICTIM_ACTIVITY,,order,full,1,8.0,,271,0,,,,500,271,0,0,0,0,0.0,0.0,0,25,0,12,13,63,0,0,3,0,0,0,0,0,1,0,,0,,,0,0,1,0,0,0,0,0,0,0,0,0,0,0,,0,0,,,,,,,,
O4574,00c0e877566c7094bbf2d5c7e2b54611140be04e3a8672d4d62831e0a1859780,hardneg,NO_VICTIM_ACTIVITY,,order,full,1,8.0,,271,0,,,,500,271,0,0,0,0,0.0,0.0,0,24,0,11,13,63,0,0,3,0,0,0,0,0,1,0,,0,,,0,0,1,0,0,0,0,0,0,0,0,0,0,0,,0,0,,,,,,,,
O4575,74cd07ee0f41cfdaab59184590a00c1dad12491e0ba10f21b7333e7c99867315,hardneg,NO_VICTIM_ACTIVITY,,order,full,1,8.0,,271,0,,,,500,271,0,0,0,0,0.0,0.0,0,25,0,12,13,63,0,0,3,0,0,0,0,0,1,0,,0,,,0,0,1,0,0,0,0,0,0,0,0,0,0,0,,0,0,,,,,,,,
O4576,cc211672ea04fbd0bd61aa4154e672b8808bd2b8f38d3d1b7b03af7c7e32b03e,hardneg,NO_VICTIM_ACTIVITY,,order,full,1,7.0,,1589,0,,,,0,1589,1356,0,0,0,0.8533668974197609,0.0,3,30,0,9,21,61,0,0,2,0,0,0,0,0,1,0,,0,,,0,0,1,0,0,0,0,0,0,0,0,0,0,0,,0,0,,,,,,,,
O4577,cdd50335661436503bb14357fa8adfde90377ea56383a1c8f09e270f824109b4,hardneg,NO_VICTIM_ACTIVITY,,order,full,1,7.0,,1589,0,,,,0,1589,1356,0,0,0,0.8533668974197609,0.0,3,30,0,7,23,61,0,0,2,0,0,0,0,0,1,0,,0,,,0,0,1,0,0,0,0,0,0,0,0,0,0,0,,0,0,,,,,,,,
O4578,94d7dc6cfc13691f263f750d074d4643f0c342386249b80d7005d8b2ca14283a,hardneg,NO_VICTIM_ACTIVITY,,order,full,1,7.0,,1589,0,,,,0,1589,1356,0,0,0,0.8533668974197609,0.0,3,31,0,9,22,61,0,0,2,0,0,0,0,0,1,0,,0,,,0,0,1,0,0,0,0,0,0,0,0,0,0,0,,0,0,,,,,,,,
O4579,fedf5df4566b8539d94e5b854e419fbe8f39b627352dbfb734c6c7eff811cd44,hardneg,NO_VICTIM_ACTIVITY,,order,full,1,7.0,,1584,0,,,,0,1584,1356,0,0,0,0.8560606060606061,0.0,3,47,0,5,42,63,0,0,2,0,0,0,0,0,1,0,,0,,,0,0,1,0,0,0,0,0,0,0,0,0,0,0,,0,0,,,,,,,,
O4580,58769490d42adc27e177dc82be3993471ef17f0f437154361d2ad02323e777c7,hardneg,NO_VICTIM_ACTIVITY,,order,full,1,7.0,,1584,0,,,,0,1584,1356,0,0,0,0.8560606060606061,0.0,3,48,0,5,43,63,0,0,2,0,0,0,0,0,1,0,,0,,,0,0,1,0,0,0,0,0,0,0,0,0,0,0,,0,0,,,,,,,,
O4581,eebcc3cd8466ab9905aa8d153670554e971334a589fe8bdbec6206628159fbbd,hardneg,NO_VICTIM_ACTIVITY,,order,full,1,7.0,,1583,0,,,,0,1583,1356,0,0,0,0.8566013897662665,0.0,3,43,0,6,37,63,0,0,2,0,0,0,0,0,1,0,,0,,,0,0,1,0,0,0,0,0,0,0,0,0,0,0,,0,0,,,,,,,,
O4582,d284e4e9bcad6e24a9537de5bdaedfd76720c2e790407eaa2167654c01d38bfa,hardneg,NO_VICTIM_ACTIVITY,,order,full,1,7.0,,828,0,,,,0,828,600,0,0,0,0.7246376811594203,0.0,3,20,0,7,13,61,0,0,2,0,0,0,0,0,1,0,,0,,,0,0,1,0,0,0,0,0,0,0,0,0,0,0,,0,0,,,,,,,,
O4583,3b37b10557f9b48f8a849887a8338ae01812ccd05617535667fa595e1208c9a8,hardneg,NO_VICTIM_ACTIVITY,,order,full,1,7.0,,828,0,,,,0,828,600,0,0,0,0.7246376811594203,0.0,3,22,0,6,16,61,0,0,2,0,0,0,0,0,1,0,,0,,,0,0,1,0,0,0,0,0,0,0,0,0,0,0,,0,0,,,,,,,,
O4584,2576e385a8e5efbcef501f4d449fdf282ae6f4393909c0334bf9acf1eb489f40,hardneg,NO_VICTIM_ACTIVITY,,order,full,1,7.0,,828,0,,,,0,828,600,0,0,0,0.7246376811594203,0.0,3,22,0,6,16,61,0,0,2,0,0,0,0,0,1,0,,0,,,0,0,1,0,0,0,0,0,0,0,0,0,0,0,,0,0,,,,,,,,
O4585,6831d4f4c3ee2ad7c0c1ef4b0de3ab9500543cc46e5b7e74585aa870667af578,hardneg,NO_VICTIM_ACTIVITY,,order,full,1,7.0,,823,0,,,,0,823,600,0,0,0,0.7290400972053463,0.0,3,18,0,4,14,63,0,0,2,0,0,0,0,0,1,0,,0,,,0,0,1,0,0,0,0,0,0,0,0,0,0,0,,0,0,,,,,,,,
O4586,19a2930388d74f420806bbc26311c1fc064162668626a9ef7a40b18c9d945f2c,hardneg,NO_VICTIM_ACTIVITY,,order,full,1,7.0,,823,0,,,,0,823,600,0,0,0,0.7290400972053463,0.0,3,21,0,5,16,63,0,0,2,0,0,0,0,0,1,0,,0,,,0,0,1,0,0,0,0,0,0,0,0,0,0,0,,0,0,,,,,,,,
O4587,9720be1e531e8c8c8c04a8f9e9095f7e9537b4d1557f3d3e2776dcc60c1faaba,hardneg,NO_VICTIM_ACTIVITY,,order,full,1,7.0,,1586,0,,,,0,1586,1356,0,0,0,0.8549810844892812,0.0,3,28,0,6,22,61,0,0,2,0,0,0,0,0,1,0,,0,,,0,0,1,0,0,0,0,0,0,0,0,0,0,0,,0,0,,,,,,,,
O4588,5287073ff0c461ef66170de4dd23260a66a94aacd4dbec11d94e9f0388713b3d,hardneg,NO_VICTIM_ACTIVITY,,order,full,1,7.0,,1586,0,,,,0,1586,1356,0,0,0,0.8549810844892812,0.0,3,29,0,5,24,61,0,0,2,0,0,0,0,0,1,0,,0,,,0,0,1,0,0,0,0,0,0,0,0,0,0,0,,0,0,,,,,,,,
O4589,b2e57d56bb576e3f6877ae6d29b1826884f464ea6c7eece197e622eed7a98891,hardneg,NO_VICTIM_ACTIVITY,,order,full,1,7.0,,1586,0,,,,0,1586,1356,0,0,0,0.8549810844892812,0.0,3,29,0,5,24,61,0,0,2,0,0,0,0,0,1,0,,0,,,0,0,1,0,0,0,0,0,0,0,0,0,0,0,,0,0,,,,,,,,
O4590,db20900f273072898f62862189f50cd75f9b3f2b64ff098e9d2654e527f1a430,hardneg,NO_VICTIM_ACTIVITY,,order,full,1,7.0,,1581,0,,,,0,1581,1356,0,0,0,0.857685009487666,0.0,3,33,0,6,27,63,0,0,2,0,0,0,0,0,1,0,,0,,,0,0,1,0,0,0,0,0,0,0,0,0,0,0,,0,0,,,,,,,,
O4591,c50e7f2a9ff5485baac52510820e6c3d9f0c7a9fd510d51bb99a1deb7764501b,hardneg,NO_VICTIM_ACTIVITY,,order,full,1,7.0,,1581,0,,,,0,1581,1356,0,0,0,0.857685009487666,0.0,3,28,0,5,23,63,0,0,2,0,0,0,0,0,1,0,,0,,,0,0,1,0,0,0,0,0,0,0,0,0,0,0,,0,0,,,,,,,,
O4592,368e508b02ebad8a188b8a51f38dae35e73619f8d664586c6de536ee116b552f,hardneg,NO_VICTIM_ACTIVITY,,order,full,1,7.0,,1581,0,,,,0,1581,1356,0,0,0,0.857685009487666,0.0,3,25,0,5,20,63,0,0,2,0,0,0,0,0,1,0,,0,,,0,0,1,0,0,0,0,0,0,0,0,0,0,0,,0,0,,,,,,,,
O4593,97fe72c9f6f5d3bcb78096dc9ec2eabab7287f5421d00a291b3b7dd7d4a82a1c,hardneg,TRUE_ENCRYPTION,,order,full,1,2.0,,229,0,,,,0,229,0,2000,0,0,0.0,8.733624454148472,46,23,0,5,18,58,0,0,0,0,0,0,0,0,1,0,,0,,,0,0,1,0,0,0,0,0,0,0,0,0,0,0,,0,0,,,,,,,,
O4594,158ad1c38cb1c9d139484335d972637e123fcf94b89cae70abbb4f58790b8acb,hardneg,TRUE_ENCRYPTION,,order,full,1,2.0,,224,0,,,,0,224,0,2000,0,0,0.0,8.928571428571429,46,28,0,5,23,60,0,0,0,0,0,0,0,0,1,0,,0,,,0,0,1,0,0,0,0,0,0,0,0,0,0,0,,0,0,,,,,,,,
O4595,77a80722ad48ce3cf2e98c8ec49323d6df9437a868c2c93a983715085f97a1c2,hardneg,TRUE_ENCRYPTION,,order,full,1,1.8,,224,0,,,,0,224,0,2000,0,0,0.0,8.928571428571429,46,25,0,6,19,60,0,0,0,0,0,0,0,0,1,0,,0,,,0,0,1,0,0,0,0,0,0,0,0,0,0,0,,0,0,,,,,,,,
O4596,e463959a9d0da20d2c67611b0474dcd736c6288cd2ba69cce49641b001173f2d,hardneg,TRUE_ENCRYPTION,,order,full,1,2.0,,224,0,,,,0,224,0,2000,0,0,0.0,8.928571428571429,46,22,0,5,17,60,0,0,0,0,0,0,0,0,1,0,,0,,,0,0,1,0,0,0,0,0,0,0,0,0,0,0,,0,0,,,,,,,,
O4597,afca1c7b3c6082c1bce15d3a59edacef96652ae600603ac2d43ffbe08fc1fb02,hardneg,TRUE_ENCRYPTION,,order,full,1,2.0,,224,0,,,,0,224,0,2000,0,0,0.0,8.928571428571429,46,21,0,6,15,60,0,0,0,0,0,0,0,0,1,0,,0,,,0,0,1,0,0,0,0,0,0,0,0,0,0,0,,0,0,,,,,,,,
O4598,125028dbd9fea9a8f5a8930136f1521a2385f89a3f86174aad6c927e3810378e,hardneg,TRUE_ENCRYPTION,,order,full,1,2.0,,226,0,,,,0,226,0,200,0,0,0.0,0.8849557522123894,19,14,0,8,6,58,0,0,0,0,0,0,0,0,1,0,,0,,,0,0,1,0,0,0,0,0,0,0,0,0,0,0,,0,0,,,,,,,,
O4599,33001abb29cf041da73ef6bc7ff604783faaa09d59850162ed30b623b6eccf52,hardneg,TRUE_ENCRYPTION,,order,full,1,2.0,,226,0,,,,0,226,0,200,0,0,0.0,0.8849557522123894,19,14,0,7,7,58,0,0,0,0,0,0,0,0,1,0,,0,,,0,0,1,0,0,0,0,0,0,0,0,0,0,0,,0,0,,,,,,,,
O4600,bb8ebc26457728163c9352a22a6bb075a717008615a38be0f3aacb9dae78bf31,hardneg,TRUE_ENCRYPTION,,order,full,1,2.0,,226,0,,,,0,226,0,200,0,0,0.0,0.8849557522123894,19,13,0,6,7,58,0,0,0,0,0,0,0,0,1,0,,0,,,0,0,1,0,0,0,0,0,0,0,0,0,0,0,,0,0,,,,,,,,
O4601,bac46444e5a8611727c6d3eab2a25b6a019e72d3f0684120a2b32fb9fd35b939,hardneg,TRUE_ENCRYPTION,,order,full,1,2.0,,221,0,,,,0,221,0,200,0,0,0.0,0.9049773755656109,19,11,0,6,5,60,0,0,0,0,0,0,0,0,1,0,,0,,,0,0,1,0,0,0,0,0,0,0,0,0,0,0,,0,0,,,,,,,,
O4602,c6f76b0fcb01960e9603c0acd9c31155dff1f4e31e034251f956150466e7c1ee,hardneg,TRUE_ENCRYPTION,,order,full,1,2.0,,226,0,,,,0,226,0,500,0,0,0.0,2.2123893805309733,35,14,0,5,9,58,0,0,0,0,0,0,0,0,1,0,,0,,,0,0,1,0,0,0,0,0,0,0,0,0,0,0,,0,0,,,,,,,,
O4603,a6c39d71006e62d757ae662491beab802b1d689a08dcd53d777cfb616e03345b,hardneg,TRUE_ENCRYPTION,,order,full,1,2.0,,221,0,,,,0,221,0,500,0,0,0.0,2.262443438914027,35,12,0,4,8,60,0,0,0,0,0,0,0,0,1,0,,0,,,0,0,1,0,0,0,0,0,0,0,0,0,0,0,,0,0,,,,,,,,
O4604,927f55adf89a912903337f0b87aac7a3c5a0d7de8bcef7a7d757fcdbdad467f5,hardneg,TRUE_ENCRYPTION,,order,full,1,2.0,,221,0,,,,0,221,0,500,0,0,0.0,2.262443438914027,35,15,0,6,9,60,0,0,0,0,0,0,0,0,1,0,,0,,,0,0,1,0,0,0,0,0,0,0,0,0,0,0,,0,0,,,,,,,,
O4605,33a3f056ed48e5125abb7835d0d00da461291ae2e1197a96e4400d9b028f5f0d,hardneg,TRUE_ENCRYPTION,,order,full,1,2.0,,221,0,,,,0,221,0,500,0,0,0.0,2.262443438914027,35,16,0,7,9,60,0,0,0,0,0,0,0,0,1,0,,0,,,0,0,1,0,0,0,0,0,0,0,0,0,0,0,,0,0,,,,,,,,
O4606,399ef7b53f052e511c0ea4280464585ad4f2f4a0f03527b7fc2e3cf16410b333,hardneg,TRUE_ENCRYPTION,,order,full,1,2.0,,221,0,,,,0,221,0,500,0,0,0.0,2.262443438914027,35,19,0,9,10,60,0,0,0,0,0,0,0,0,1,0,,0,,,0,0,1,0,0,0,0,0,0,0,0,0,0,0,,0,0,,,,,,,,
O4607,caa8cfcfe69ed29a35a6808e6890140f1efb6869f4ecaeb76c801a4334b55f53,hardneg,TRUE_ENCRYPTION,,order,full,1,9.0,,688,14000,-0.30119200768244286,4.767507965519207,7.3122239122406505,2000,688,452,0,0,0,0.6569767441860465,0.0,32,93,31,7,55,70,4,0,3,0,0,0,0,0,1,1,,1231,2,1,0,0,1,0,0,0,0,0,0,0,0,0,0,0,,0,0,,,,,,,,
O4608,f7d81010f43f1fe314aa70d705a2fcb7637036a7a77001796b4c64a7d8d695f4,hardneg,TRUE_ENCRYPTION,,order,full,1,9.0,,688,14000,-0.2978258125329787,4.767507965519207,7.3122239122406505,2000,688,452,0,0,0,0.6569767441860465,0.0,32,95,35,9,51,70,4,0,3,0,0,0,0,0,1,1,,1231,2,1,0,0,1,0,0,0,0,0,0,0,0,0,0,0,,0,0,,,,,,,,
O4609,10eebcba8a84d2c2d3c03ebdf3042f1b436eb82cf42d1cf138edfeb34592b980,hardneg,TRUE_ENCRYPTION,,order,full,1,9.0,,688,14000,-0.23725976629480072,4.767507965519207,7.3122239122406505,2000,688,452,0,0,0,0.6569767441860465,0.0,32,87,32,6,49,70,4,0,3,0,0,0,0,0,1,1,,1231,2,1,0,0,1,0,0,0,0,0,0,0,0,0,0,0,,0,0,,,,,,,,
O4610,3561efcf32a38ed0be9729031217f995c379264acaa1423607a32e57d367a0d4,hardneg,TRUE_ENCRYPTION,,order,full,1,9.0,,687,14000,-0.2472935069329566,4.767507965519207,7.3122239122406505,2000,687,452,0,0,0,0.6579330422125182,0.0,32,99,37,8,54,70,4,0,3,0,0,0,0,0,1,1,,1231,2,1,0,0,1,0,0,0,0,0,0,0,0,0,0,0,,0,0,,,,,,,,
O4611,606c1525bf03492dc77581cfff01b7bcd7beb87b5dc06971ff966835f1b048ef,hardneg,TRUE_ENCRYPTION,,order,full,1,9.0,,683,14000,-0.035648352578745476,4.767697573388422,7.3122239122406505,2000,683,452,0,0,0,0.6617862371888726,0.0,32,100,90,8,2,72,4,0,3,0,0,0,0,0,1,1,,3567,3,2,0,0,1,0,0,0,0,0,0,0,0,0,0,0,,0,0,,,,,,,,
O4612,1d9d5c9c27caaf003a41004a5f78e9dcdbe5cb81e7bc78738067158f1a93d2fd,hardneg,TRUE_ENCRYPTION,,order,full,1,9.0,,683,14000,0.004888480629237858,4.767459454102828,7.3122239122406505,2000,683,452,0,0,0,0.6617862371888726,0.0,32,104,97,6,1,72,4,0,3,0,0,0,0,0,1,1,,7533,3,2,0,0,1,0,0,0,0,0,0,0,0,0,0,0,,0,0,,,,,,,,
O4613,aff12fd673317e1e0c2b60523dfaa87ff94947f43fb48b1beb334d2712109771,hardneg,TRUE_ENCRYPTION,,order,full,1,9.0,,432,1400,0.3215615394141009,4.83448903257657,7.308733485734245,200,432,200,0,0,0,0.46296296296296297,0.0,19,26,20,6,0,70,4,0,3,0,0,0,0,0,1,1,,1231,2,1,0,0,1,0,0,0,0,0,0,0,0,0,0,0,,0,0,,,,,,,,
O4614,adab66f0b84655c1787528f862f244f84460e5797e3fd58a3678a0c9a6349b75,hardneg,TRUE_ENCRYPTION,,order,full,1,9.0,,432,1400,0.17362763344988016,4.83448903257657,7.308733485734245,200,432,200,0,0,0,0.46296296296296297,0.0,19,30,24,6,0,70,4,0,3,0,0,0,0,0,1,1,,1231,2,1,0,0,1,0,0,0,0,0,0,0,0,0,0,0,,0,0,,,,,,,,
O4615,bd55520af358e8a9fbea36d3f918cbcaf674213d79ecab41d0198bb2a8a9f506,hardneg,TRUE_ENCRYPTION,,order,full,1,9.0,,427,1400,0.39657210843192187,4.83448903257657,7.308733485734245,200,427,200,0,0,0,0.468384074941452,0.0,19,28,19,9,0,72,4,0,3,0,0,0,0,0,1,1,,4328,3,2,0,0,1,0,0,0,0,0,0,0,0,0,0,0,,0,0,,,,,,,,
O4616,5cb4b25bc7e7e36de3788cdcc47325dba8bb0dd319269c54553e6d848369413c,hardneg,TRUE_ENCRYPTION,,order,full,1,9.0,,427,1400,0.33865542342645183,4.83448903257657,7.308733485734245,200,427,200,0,0,0,0.468384074941452,0.0,19,26,21,5,0,72,4,0,3,0,0,0,0,0,1,1,,3708,4,3,0,0,1,0,0,0,0,0,0,0,0,0,0,0,,0,0,,,,,,,,
O4617,a5638e6d2ad8ec1fb369c3dd1911063249f01595af34256cbe0b98a37e64f69d,hardneg,TRUE_ENCRYPTION,,order,full,1,9.0,,427,1400,0.516960047790555,4.83448903257657,7.308733485734245,200,427,200,0,0,0,0.468384074941452,0.0,19,30,19,11,0,72,4,0,3,0,0,0,0,0,1,1,,4550,4,3,0,0,1,0,0,0,0,0,0,0,0,0,0,0,,0,0,,,,,,,,
O4618,c6f73d06ecfcdd989d8ef5b9407916f462fb29ac306b266559902a0e8f2a5235,hardneg,TRUE_ENCRYPTION,,order,full,1,9.0,,684,3500,0.40678346834599327,4.71761021958928,7.308733485734245,500,684,452,0,0,0,0.6608187134502924,0.0,32,48,38,10,0,70,4,0,3,0,0,0,0,0,1,1,,1231,2,1,0,0,1,0,0,0,0,0,0,0,0,0,0,0,,0,0,,,,,,,,
O4619,e24d406a451e8791f5032f7fce781bc84dbc50d4b4cb6653fda81c446ae1e4af,hardneg,TRUE_ENCRYPTION,,order,full,1,9.0,,679,3500,0.5545559565561314,4.719296400088925,7.308733485734245,500,679,452,0,0,0,0.6656848306332842,0.0,32,43,34,9,0,72,4,0,3,0,0,0,0,0,1,1,,5974,3,2,0,0,1,0,0,0,0,0,0,0,0,0,0,0,,0,0,,,,,,,,
O4620,1fffb8a6ef5ae36c77b1582a9710f20ec481d05779164d9da941d47358720b65,hardneg,NO_VICTIM_ACTIVITY,,order,full,1,9.0,,232,0,,,,2000,232,2000,0,0,0,8.620689655172415,0.0,46,67,2,8,57,61,0,0,2,0,0,0,0,0,1,0,,1149,2,2,0,0,1,0,0,0,0,0,0,0,0,0,0,0,,0,0,,,,,,,,
O4621,0f4d0939580da61846019df52677334144c21b6ad827c617bb63e5dcdedadf91,hardneg,NO_VICTIM_ACTIVITY,,order,full,1,9.0,,232,0,,,,2000,232,2000,0,0,0,8.620689655172415,0.0,46,57,1,6,50,61,0,0,2,0,0,0,0,0,1,0,,1149,2,2,0,0,1,0,0,0,0,0,0,0,0,0,0,0,,0,0,,,,,,,,
O4622,c446689052cb9676713e1ed077eea58fc753ce586e100fb2f816e0c2a44acab9,hardneg,NO_VICTIM_ACTIVITY,,order,full,1,9.0,,232,0,,,,2000,232,2000,0,0,0,8.620689655172415,0.0,46,59,1,7,51,61,0,0,2,0,0,0,0,0,1,0,,1149,2,2,0,0,1,0,0,0,0,0,0,0,0,0,0,0,,0,0,,,,,,,,
O4623,063f4ff333504318f6173fca9d9e173fc6557caa354a03d26d712a82a8a566a8,hardneg,NO_VICTIM_ACTIVITY,,order,full,1,9.0,,231,0,,,,2000,231,2000,0,0,0,8.658008658008658,0.0,46,65,2,8,55,61,0,0,2,0,0,0,0,0,1,0,,1149,2,2,0,0,1,0,0,0,0,0,0,0,0,0,0,0,,0,0,,,,,,,,
O4624,ad03b4d217e7890e0dbe28af72b5af089decf0adbfab42da5257eb4c5bdc60c9,hardneg,NO_VICTIM_ACTIVITY,,order,full,1,9.0,,227,0,,,,2000,227,2000,0,0,0,8.810572687224669,0.0,46,64,2,6,56,63,0,0,2,0,0,0,0,0,1,0,,2670,2,2,0,0,1,0,0,0,0,0,0,0,0,0,0,0,,0,0,,,,,,,,
O4625,82bf99fdd803af69c1ed5ca22448772741c481e4612e8412b99c2a67a6a79d74,hardneg,NO_VICTIM_ACTIVITY,,order,full,1,9.0,,227,0,,,,2000,227,2000,0,0,0,8.810572687224669,0.0,46,64,2,4,58,63,0,0,2,0,0,0,0,0,1,0,,2289,4,4,0,0,1,0,0,0,0,0,0,0,0,0,0,0,,0,0,,,,,,,,
O4626,ce5f02346f0c5f99d8df5c7af264139dae20c021a4e3c1e7cba5e4f8f6c8c6fb,hardneg,NO_VICTIM_ACTIVITY,,order,full,1,9.0,,228,0,,,,200,228,200,0,0,0,0.8771929824561403,0.0,19,27,1,12,14,61,0,0,2,0,0,0,0,0,1,0,,1149,2,2,0,0,1,0,0,0,0,0,0,0,0,0,0,0,,0,0,,,,,,,,
O4627,e5acc7acc7b164402c3f82e3a6c0a22fe3302c745f14aa826e6c98cd6bdcaeb7,hardneg,NO_VICTIM_ACTIVITY,,order,full,1,9.0,,228,0,,,,200,228,200,0,0,0,0.8771929824561403,0.0,19,27,2,9,16,61,0,0,2,0,0,0,0,0,1,0,,1149,2,2,0,0,1,0,0,0,0,0,0,0,0,0,0,0,,0,0,,,,,,,,
O4628,002ffea1e43c74a5fc95c5e35e842b542628a4058fff8bbdc3b07291d585e059,hardneg,NO_VICTIM_ACTIVITY,,order,full,1,9.0,,228,0,,,,200,228,200,0,0,0,0.8771929824561403,0.0,19,26,2,8,16,61,0,0,2,0,0,0,0,0,1,0,,1149,2,2,0,0,1,0,0,0,0,0,0,0,0,0,0,0,,0,0,,,,,,,,
O4629,2c7073c4e1c9707713d0333f4b2a9bfbf7d076a0e1f4877d7076fee6e7e1ac33,hardneg,NO_VICTIM_ACTIVITY,,order,full,1,9.0,,223,0,,,,200,223,200,0,0,0,0.8968609865470852,0.0,19,26,1,5,20,63,0,0,2,0,0,0,0,0,1,0,,10128,3,3,0,0,1,0,0,0,0,0,0,0,0,0,0,0,,0,0,,,,,,,,
O4630,4ff9f8d2ade0e0df851238817265f105ca378726cd5fc442a4fff2d5e769e857,hardneg,NO_VICTIM_ACTIVITY,,order,full,1,9.0,,223,0,,,,200,223,200,0,0,0,0.8968609865470852,0.0,19,30,2,6,22,63,0,0,2,0,0,0,0,0,1,0,,6516,3,3,0,0,1,0,0,0,0,0,0,0,0,0,0,0,,0,0,,,,,,,,
O4631,da7392985e9dc2419e02b6c9e0d9134d64247dc9d28715bfbbc99baeabff8fb8,hardneg,NO_VICTIM_ACTIVITY,,order,full,1,9.0,,228,0,,,,500,228,500,0,0,0,2.192982456140351,0.0,35,42,2,12,28,61,0,0,2,0,0,0,0,0,1,0,,1149,2,2,0,0,1,0,0,0,0,0,0,0,0,0,0,0,,0,0,,,,,,,,
O4632,00a3305183de818d4ddba6b339345035a9751e2c01ed678dedbdbbac449d34ac,hardneg,NO_VICTIM_ACTIVITY,,order,full,1,9.0,,228,0,,,,500,228,500,0,0,0,2.192982456140351,0.0,35,28,2,7,19,61,0,0,2,0,0,0,0,0,1,0,,1149,2,2,0,0,1,0,0,0,0,0,0,0,0,0,0,0,,0,0,,,,,,,,
O4633,18217f964da372ec7e44e790531630dbdbfed9b80e8207350c61c191545d96a1,hardneg,NO_VICTIM_ACTIVITY,,order,full,1,9.0,,228,0,,,,500,228,500,0,0,0,2.192982456140351,0.0,35,27,2,6,19,61,0,0,2,0,0,0,0,0,1,0,,1149,2,2,0,0,1,0,0,0,0,0,0,0,0,0,0,0,,0,0,,,,,,,,
O4634,c5bcd53f1400cce3d3880a077dfb3d2c709054f1755289f2effd4092a0cfeb0d,hardneg,NO_VICTIM_ACTIVITY,,order,full,1,9.0,,223,0,,,,500,223,500,0,0,0,2.242152466367713,0.0,35,33,2,4,27,63,0,0,2,0,0,0,0,0,1,0,,7986,3,3,0,0,1,0,0,0,0,0,0,0,0,0,0,0,,0,0,,,,,,,,
O4635,bcef14f5a3a7e357f8181efdf8e9b0d51576046b46b82e1cbc8c8a824b3177e6,hardneg,NO_VICTIM_ACTIVITY,,order,full,1,9.0,,223,0,,,,500,223,500,0,0,0,2.242152466367713,0.0,35,34,2,7,25,63,0,0,2,0,0,0,0,0,1,0,,8683,3,3,0,0,1,0,0,0,0,0,0,0,0,0,0,0,,0,0,,,,,,,,
OB3422,a4753a2c64845400cbd75ab79ee14c03d5b15a08224c56d5381262d6d5d07a2f,hardneg,NO_VICTIM_ACTIVITY,,order,full,1,2.0,,230,0,,,,2000,230,0,0,0,0,0.0,0.0,0,149,0,12,137,60,0,0,2,0,0,0,0,0,1,0,,0,,,0,0,1,0,0,0,0,0,0,0,0,0,0,0,,0,0,,,,,,,,
OB3423,28ef8e88f44f73520459e32467f69130187435395f968bead4f05bb74515c762,hardneg,NO_VICTIM_ACTIVITY,,order,full,1,2.0,,230,0,,,,2000,230,0,0,0,0,0.0,0.0,0,133,0,12,121,60,0,0,2,0,0,0,0,0,1,0,,0,,,0,0,1,0,0,0,0,0,0,0,0,0,0,0,,0,0,,,,,,,,
OB3424,42b2d302b1fc338895a34539b3f5740200704c18305d0cdf06298e89efe56a4c,hardneg,NO_VICTIM_ACTIVITY,,order,full,1,2.0,,225,0,,,,2000,225,0,0,0,0,0.0,0.0,0,68,0,7,61,62,0,0,2,0,0,0,0,0,1,0,,0,,,0,0,1,0,0,0,0,0,0,0,0,0,0,0,,0,0,,,,,,,,
OB3425,ff93686575e5ef8f3e833e8c1e65b139728ed8f464f400a20f25c133773694a1,hardneg,NO_VICTIM_ACTIVITY,,order,full,1,2.0,,225,0,,,,2000,225,0,0,0,0,0.0,0.0,0,70,0,10,60,62,0,0,2,0,0,0,0,0,1,0,,0,,,0,0,1,0,0,0,0,0,0,0,0,0,0,0,,0,0,,,,,,,,
OB3426,a908db0662be769ceee8e15273b623775ebc61a4b31181be222c2c41484f4c2a,hardneg,NO_VICTIM_ACTIVITY,,order,full,1,1.8,,225,0,,,,2000,225,0,0,0,0,0.0,0.0,0,70,0,10,60,62,0,0,2,0,0,0,0,0,1,0,,0,,,0,0,1,0,0,0,0,0,0,0,0,0,0,0,,0,0,,,,,,,,
OB3427,764e56ea5d0a90f30755ac2a817383e630f9fe1e286467c038535a281feca249,hardneg,NO_VICTIM_ACTIVITY,,order,full,1,2.0,,225,0,,,,2000,225,0,0,0,0,0.0,0.0,0,66,0,9,57,62,0,0,2,0,0,0,0,0,1,0,,0,,,0,0,1,0,0,0,0,0,0,0,0,0,0,0,,0,0,,,,,,,,
OB3428,a9f13031a0f040ced8b745b95d41c94f6f17057a42f0da5d733a0eca953ea7ba,hardneg,NO_VICTIM_ACTIVITY,,order,full,1,2.0,,226,0,,,,200,226,0,0,0,0,0.0,0.0,0,21,0,12,9,60,0,0,2,0,0,0,0,0,1,0,,0,,,0,0,1,0,0,0,0,0,0,0,0,0,0,0,,0,0,,,,,,,,
OB3429,e2b11ee35dab8f26ed2ac4d7695f7cfb662d298f14e43642b0e5d9ec4b9b3948,hardneg,NO_VICTIM_ACTIVITY,,order,full,1,2.0,,226,0,,,,200,226,0,0,0,0,0.0,0.0,0,25,0,13,12,60,0,0,2,0,0,0,0,0,1,0,,0,,,0,0,1,0,0,0,0,0,0,0,0,0,0,0,,0,0,,,,,,,,
OB3430,ebf9a9e25f472576106217377174f6fc638d4cea0ae739a3b4f89f33ce0ff898,hardneg,NO_VICTIM_ACTIVITY,,order,full,1,2.0,,226,0,,,,200,226,0,0,0,0,0.0,0.0,0,22,0,12,10,60,0,0,2,0,0,0,0,0,1,0,,0,,,0,0,1,0,0,0,0,0,0,0,0,0,0,0,,0,0,,,,,,,,
OB3431,b4bc7918d8f22125abe1d83e3c9c2889a4db6ea82ad352dbe9539870f256a439,hardneg,NO_VICTIM_ACTIVITY,,order,full,1,2.0,,226,0,,,,200,226,0,0,0,0,0.0,0.0,0,20,0,11,9,60,0,0,2,0,0,0,0,0,1,0,,0,,,0,0,1,0,0,0,0,0,0,0,0,0,0,0,,0,0,,,,,,,,
OB3432,c67e092ebdde9a73f8c3efab04c2a703420c333f9644f65e3f0ffd3486bad0c7,hardneg,NO_VICTIM_ACTIVITY,,order,full,1,2.0,,221,0,,,,200,221,0,0,0,0,0.0,0.0,0,23,0,11,12,62,0,0,2,0,0,0,0,0,1,0,,0,,,0,0,1,0,0,0,0,0,0,0,0,0,0,0,,0,0,,,,,,,,
OB3433,cf07f6c55b2df0deb90fdcc0cec9e48d1f8903a8454440cdae09197cba536281,hardneg,NO_VICTIM_ACTIVITY,,order,full,1,2.0,,221,0,,,,200,221,0,0,0,0,0.0,0.0,0,19,0,10,9,62,0,0,2,0,0,0,0,0,1,0,,0,,,0,0,1,0,0,0,0,0,0,0,0,0,0,0,,0,0,,,,,,,,
OB3434,b5280ace71caf31fabbd3704648495b16cc3682cefc79bd1ca26a1e3e81a1501,hardneg,NO_VICTIM_ACTIVITY,,order,full,1,2.0,,226,0,,,,500,226,0,0,0,0,0.0,0.0,0,28,0,7,21,60,0,0,2,0,0,0,0,0,1,0,,0,,,0,0,1,0,0,0,0,0,0,0,0,0,0,0,,0,0,,,,,,,,
OB3435,7498746a26e800caf93dc826437666511c15e184104d6219b7d8676092b848de,hardneg,NO_VICTIM_ACTIVITY,,order,full,1,2.0,,226,0,,,,500,226,0,0,0,0,0.0,0.0,0,30,0,9,21,60,0,0,2,0,0,0,0,0,1,0,,0,,,0,0,1,0,0,0,0,0,0,0,0,0,0,0,,0,0,,,,,,,,
OB3436,583b3efdbc15bed363294f85a2bf90cb56ee296429d9c72a07a3a6d8e2fd87b4,hardneg,NO_VICTIM_ACTIVITY,,order,full,1,2.0,,226,0,,,,500,226,0,0,0,0,0.0,0.0,0,33,0,10,23,60,0,0,2,0,0,0,0,0,1,0,,0,,,0,0,1,0,0,0,0,0,0,0,0,0,0,0,,0,0,,,,,,,,
OB3437,658dc5a0c3a9e82cb6122012c349f7abcefbd15f303d651a849e41fe722e28b2,hardneg,NO_VICTIM_ACTIVITY,,order,full,1,2.0,,226,0,,,,500,226,0,0,0,0,0.0,0.0,0,30,0,8,22,60,0,0,2,0,0,0,0,0,1,0,,0,,,0,0,1,0,0,0,0,0,0,0,0,0,0,0,,0,0,,,,,,,,
OB3438,9dde766dc810000b9085807ab96f63fdeecfcd08680188275a3275fe6f23b45b,hardneg,NO_VICTIM_ACTIVITY,,order,full,1,2.0,,221,0,,,,500,221,0,0,0,0,0.0,0.0,0,27,0,9,18,62,0,0,2,0,0,0,0,0,1,0,,0,,,0,0,1,0,0,0,0,0,0,0,0,0,0,0,,0,0,,,,,,,,
OB3439,738c61b618649c297950b30e7c91fb808ab34cb1d5b7ad8b4f9f176ff0c50c6e,hardneg,NO_VICTIM_ACTIVITY,,order,full,1,2.0,,221,0,,,,500,221,0,0,0,0,0.0,0.0,0,36,0,11,25,62,0,0,2,0,0,0,0,0,1,0,,0,,,0,0,1,0,0,0,0,0,0,0,0,0,0,0,,0,0,,,,,,,,
OB3440,c6667db391afd57c034f60c83da22c07f2be9559de84dd95f8e0a6cf8c4e831f,hardneg,NO_VICTIM_ACTIVITY,,order,full,1,2.0,,465,0,,,,2000,465,0,0,0,0,0.0,0.0,0,79,0,36,43,61,0,0,3,0,0,0,0,0,1,0,,82,0,0,0,0,1,0,0,0,0,0,0,0,0,0,0,0,,0,0,,,,,,,,
OB3441,df3210e5f2602e059aa6c269f1775dd91b21b71766a8d4d80eeed3e84c569923,hardneg,NO_VICTIM_ACTIVITY,,order,full,1,2.0,,465,0,,,,2000,465,0,0,0,0,0.0,0.0,0,95,0,37,58,61,0,0,3,0,0,0,0,0,1,0,,82,0,0,0,0,1,0,0,0,0,0,0,0,0,0,0,0,,0,0,,,,,,,,
OB3442,72f7d95c5bc581990b76df42952ef0fb2a9db6437ea1c3be815deb069b8132af,hardneg,NO_VICTIM_ACTIVITY,,order,full,1,2.0,,465,0,,,,2000,465,0,0,0,0,0.0,0.0,0,77,0,30,47,61,0,0,3,0,0,0,0,0,1,0,,82,0,0,0,0,1,0,0,0,0,0,0,0,0,0,0,0,,0,0,,,,,,,,
OB3443,dc2cbf261ef5e4d41dbba81bdc4d54c3af81c83b2e63dd055b48f126f8fa639f,hardneg,NO_VICTIM_ACTIVITY,,order,full,1,8.0,,460,0,,,,2000,460,0,0,0,0,0.0,0.0,0,90,0,82,8,63,0,0,3,0,0,0,0,0,1,0,,734,0,0,0,0,1,0,0,0,0,0,0,0,0,0,0,0,,0,0,,,,,,,,
OB3444,b5db30636cd070e99cd4783299184b0a3439e9c7ed6c9c4957f7a8316bdcc52c,hardneg,NO_VICTIM_ACTIVITY,,order,full,1,2.0,,460,0,,,,2000,460,0,0,0,0,0.0,0.0,0,95,0,83,12,63,0,0,3,0,0,0,0,0,1,0,,818,0,0,0,0,1,0,0,0,0,0,0,0,0,0,0,0,,0,0,,,,,,,,
OB3445,26dcab94bebf13e00f220930b2b177d86ec1aa7d9436f11905bd9130522e738b,hardneg,NO_VICTIM_ACTIVITY,,order,full,1,2.0,,460,0,,,,2000,460,0,0,0,0,0.0,0.0,0,97,0,87,10,63,0,0,3,0,0,0,0,0,1,0,,854,1,1,0,0,1,0,0,0,0,0,0,0,0,0,0,0,,0,0,,,,,,,,
OB3446,e30137335a8acce2fdece04a657d2afa99f2ad8671480e472425882491c72932,hardneg,NO_VICTIM_ACTIVITY,,order,full,1,8.0,,410,0,,,,200,410,0,0,0,0,0.0,0.0,0,28,0,28,0,63,0,0,3,0,0,0,0,0,1,0,,158,0,0,0,0,1,0,0,0,0,0,0,0,0,0,0,0,,0,0,,,,,,,,
OB3447,5901b8fa9218ec41389d98791414dad5bef21b09b40839cef7c5376b23f4e389,hardneg,NO_VICTIM_ACTIVITY,,order,full,1,8.0,,395,0,,,,200,395,0,0,0,0,0.0,0.0,0,33,0,33,0,63,0,0,3,0,0,0,0,0,1,0,,528,0,0,0,0,1,0,0,0,0,0,0,0,0,0,0,0,,0,0,,,,,,,,
OB3448,ea777881b5b1b942b807236af2106d510014489590c485e490a2ea1c4da2269d,hardneg,NO_VICTIM_ACTIVITY,,order,full,1,2.0,,461,0,,,,500,461,0,0,0,0,0.0,0.0,0,40,0,35,5,61,0,0,3,0,0,0,0,0,1,0,,82,0,0,0,0,1,0,0,0,0,0,0,0,0,0,0,0,,0,0,,,,,,,,
OB3449,0d9c110008cd2ac79eb7c21e5f7d666ac76e8a5db1dc2e5d114f8b365586eb5e,hardneg,NO_VICTIM_ACTIVITY,,order,full,1,2.0,,461,0,,,,500,461,0,0,0,0,0.0,0.0,0,41,0,35,6,61,0,0,3,0,0,0,0,0,1,0,,82,0,0,0,0,1,0,0,0,0,0,0,0,0,0,0,0,,0,0,,,,,,,,
OB3450,b54a84d619c6868e638955c3401e0df486ce5e868c6f50c2a943e7faf6479e9f,hardneg,NO_VICTIM_ACTIVITY,,order,full,1,2.0,,460,0,,,,500,460,0,0,0,0,0.0,0.0,0,38,0,33,5,61,0,0,3,0,0,0,0,0,1,0,,82,0,0,0,0,1,0,0,0,0,0,0,0,0,0,0,0,,0,0,,,,,,,,
OB3451,893a9bb3c7be1f2ddbc126296a0b99c0ef664b30266f6046f522af2859a92272,hardneg,NO_VICTIM_ACTIVITY,,order,full,1,8.0,,456,0,,,,500,456,0,0,0,0,0.0,0.0,0,42,0,42,0,63,0,0,3,0,0,0,0,0,1,0,,918,1,1,0,0,1,0,0,0,0,0,0,0,0,0,0,0,,0,0,,,,,,,,
OB3452,b2f285a4838dad358ced227a921d00aa20578e540078b46bcd8638f3a5d85876,hardneg,NO_VICTIM_ACTIVITY,,order,full,1,8.0,,456,0,,,,500,456,0,0,0,0,0.0,0.0,0,40,0,38,2,63,0,0,3,0,0,0,0,0,1,0,,451,0,0,0,0,1,0,0,0,0,0,0,0,0,0,0,0,,0,0,,,,,,,,
OB3453,b218a37b64a6d186bffc9640dfb2aac496a63eb290f6293ad3c7b15451db77cc,hardneg,NO_VICTIM_ACTIVITY,,order,full,1,8.0,,679,0,,,,2000,679,0,0,0,0,0.0,0.0,0,73,0,73,0,63,0,0,3,0,0,0,0,0,1,0,,1060,1,1,0,0,1,0,0,0,0,0,0,0,0,0,0,0,,0,0,,,,,,,,
OB3454,6def8e6f0da5fe0561ec69bdea6f559db3835de752f63002f3ba4f5d077dfb34,hardneg,NO_VICTIM_ACTIVITY,,order,full,1,8.0,,679,0,,,,2000,679,0,0,0,0,0.0,0.0,0,111,0,107,4,63,0,0,3,0,0,0,0,0,1,0,,1113,2,2,0,0,1,0,0,0,0,0,0,0,0,0,0,0,,0,0,,,,,,,,
OB3455,3cedfc3c171c491273416f4121b2148c5d66d50e357dbd4ef7ec76e090a3cc1f,hardneg,NO_VICTIM_ACTIVITY,,order,full,1,2.0,,679,0,,,,2000,679,0,0,0,0,0.0,0.0,0,82,0,81,1,63,0,0,3,0,0,0,0,0,1,0,,696,0,0,0,0,1,0,0,0,0,0,0,0,0,0,0,0,,0,0,,,,,,,,
OB3456,b4305b8cb5b096378a522bba1cd9ca6939d2b3ef1e0ae32d30f278891cfb29a5,hardneg,NO_VICTIM_ACTIVITY,,order,full,1,2.0,,428,0,,,,200,428,0,0,0,0,0.0,0.0,0,26,0,26,0,61,0,0,3,0,0,0,0,0,1,0,,82,0,0,0,0,1,0,0,0,0,0,0,0,0,0,0,0,,0,0,,,,,,,,
OB3457,07e46cda48a163102bb846c8f75c83333b22a6f0953b3ee1536114dcae765a3e,hardneg,NO_VICTIM_ACTIVITY,,order,full,1,2.0,,428,0,,,,200,428,0,0,0,0,0.0,0.0,0,24,0,24,0,61,0,0,3,0,0,0,0,0,1,0,,82,0,0,0,0,1,0,0,0,0,0,0,0,0,0,0,0,,0,0,,,,,,,,
OB3458,d80382cbde84e38fe0d6224bd074f8a2fc6295da1373ef69133f76e6c123e5a5,hardneg,NO_VICTIM_ACTIVITY,,order,full,1,2.0,,428,0,,,,200,428,0,0,0,0,0.0,0.0,0,23,0,23,0,61,0,0,3,0,0,0,0,0,1,0,,82,0,0,0,0,1,0,0,0,0,0,0,0,0,0,0,0,,0,0,,,,,,,,
OB3459,0b4f76801af48efcb1b498cf4f0182965274eef60ba863cc6a004f716057c705,hardneg,NO_VICTIM_ACTIVITY,,order,full,1,2.0,,428,0,,,,200,428,0,0,0,0,0.0,0.0,0,23,0,23,0,61,0,0,3,0,0,0,0,0,1,0,,82,0,0,0,0,1,0,0,0,0,0,0,0,0,0,0,0,,0,0,,,,,,,,
OB3460,ae0720783f21fb417966d0ff6729f326995f0a12fc21445f0b953b00b54099fb,hardneg,NO_VICTIM_ACTIVITY,,order,full,1,2.0,,423,0,,,,200,423,0,0,0,0,0.0,0.0,0,25,0,25,0,63,0,0,3,0,0,0,0,0,1,0,,276,0,0,0,0,1,0,0,0,0,0,0,0,0,0,0,0,,0,0,,,,,,,,
OB3461,94fcd0e331413a01619b1cf6c290754820ed2f034bd701b8c5fb728d917e1f17,hardneg,NO_VICTIM_ACTIVITY,,order,full,1,2.0,,423,0,,,,200,423,0,0,0,0,0.0,0.0,0,28,0,28,0,63,0,0,3,0,0,0,0,0,1,0,,219,0,0,0,0,1,0,0,0,0,0,0,0,0,0,0,0,,0,0,,,,,,,,
OB3462,9e2b3b6fd63f319db2bcb44e4713bb5a850bc6abdc29316565b21df3b740e8d7,hardneg,NO_VICTIM_ACTIVITY,,order,full,1,2.0,,423,0,,,,200,423,0,0,0,0,0.0,0.0,0,28,0,28,0,63,0,0,3,0,0,0,0,0,1,0,,338,0,0,0,0,1,0,0,0,0,0,0,0,0,0,0,0,,0,0,,,,,,,,
OB3463,fa4ca2bc0fd0535fbce0f2c393bf530fbf1ece2d9669f7b025b0d54f4f5b01af,hardneg,NO_VICTIM_ACTIVITY,,order,full,1,2.0,,423,0,,,,200,423,0,0,0,0,0.0,0.0,0,28,0,28,0,63,0,0,3,0,0,0,0,0,1,0,,458,0,0,0,0,1,0,0,0,0,0,0,0,0,0,0,0,,0,0,,,,,,,,
OB3464,ca991fde5ede1f0be35cf050fb41eacb61d06c5a15e8a84143fdabe137715d24,hardneg,NO_VICTIM_ACTIVITY,,order,full,1,2.0,,680,0,,,,500,680,0,0,0,0,0.0,0.0,0,31,0,31,0,61,0,0,3,0,0,0,0,0,1,0,,82,0,0,0,0,1,0,0,0,0,0,0,0,0,0,0,0,,0,0,,,,,,,,
OB3465,de65cb6b2195ac7c664915e4a0df8bdf67a87884acc901c834b10fcb274503b5,hardneg,NO_VICTIM_ACTIVITY,,order,full,1,2.0,,680,0,,,,500,680,0,0,0,0,0.0,0.0,0,28,0,28,0,61,0,0,3,0,0,0,0,0,1,0,,82,0,0,0,0,1,0,0,0,0,0,0,0,0,0,0,0,,0,0,,,,,,,,
OB3466,70abc6d9f657c5e3f56b5392749dfb9f2437f155780a6c55528ca2a570e2734d,hardneg,NO_VICTIM_ACTIVITY,,order,full,1,2.0,,680,0,,,,500,680,0,0,0,0,0.0,0.0,0,34,0,34,0,61,0,0,3,0,0,0,0,0,1,0,,82,0,0,0,0,1,0,0,0,0,0,0,0,0,0,0,0,,0,0,,,,,,,,
OB3467,a7731a08677e9b50bdd886a9fcf690f2e8553437d45d0c15accbcec26f10ff8e,hardneg,NO_VICTIM_ACTIVITY,,order,full,1,2.0,,680,0,,,,500,680,0,0,0,0,0.0,0.0,0,30,0,30,0,61,0,0,3,0,0,0,0,0,1,0,,82,0,0,0,0,1,0,0,0,0,0,0,0,0,0,0,0,,0,0,,,,,,,,
OB3468,8f23b0538e262e57f9d5939b6322edd765a93625799c8bd32181350222e632b7,hardneg,NO_VICTIM_ACTIVITY,,order,full,1,2.0,,675,0,,,,500,675,0,0,0,0,0.0,0.0,0,29,0,29,0,63,0,0,3,0,0,0,0,0,1,0,,978,1,1,0,0,1,0,0,0,0,0,0,0,0,0,0,0,,0,0,,,,,,,,
OB3469,73b81e18603942d9fb042c5e09ad492b35b9d6dca3253553a08d0ede7f94f530,hardneg,NO_VICTIM_ACTIVITY,,order,full,1,2.0,,675,0,,,,500,675,0,0,0,0,0.0,0.0,0,35,0,35,0,63,0,0,3,0,0,0,0,0,1,0,,524,0,0,0,0,1,0,0,0,0,0,0,0,0,0,0,0,,0,0,,,,,,,,
OB3470,7af272a3c1d60f603355488acbb2b85748f7b964c33c61a300abb9fce0cd4e48,hardneg,NO_VICTIM_ACTIVITY,,order,full,1,8.0,,675,0,,,,500,675,0,0,0,0,0.0,0.0,0,32,0,32,0,63,0,0,3,0,0,0,0,0,1,0,,643,1,1,0,0,1,0,0,0,0,0,0,0,0,0,0,0,,0,0,,,,,,,,
OB3471,e3969d6d68b189f2e2b42dbae0cab7710247cfcfdd4e19b8bcf331aec0c47ebf,hardneg,TRUE_ENCRYPTION,,order,full,1,9.0,,686,0,,,,2000,686,452,0,0,0,0.6588921282798834,0.0,32,65,26,7,32,62,0,0,3,0,0,0,0,0,1,0,,1231,2,2,0,0,1,0,0,0,0,0,0,0,0,0,0,0,,0,0,,,,,,,,
OB3472,206475d4038f708b433cf78cc91ec7030f91802245d97862378bccf53dbad29a,hardneg,TRUE_ENCRYPTION,,order,full,1,9.0,,686,0,,,,2000,686,452,0,0,0,0.6588921282798834,0.0,32,62,27,4,31,62,0,0,3,0,0,0,0,0,1,0,,1231,2,2,0,0,1,0,0,0,0,0,0,0,0,0,0,0,,0,0,,,,,,,,
OB3473,0f65aa36dd87858f4fde35ab79ca1986fdcdefd37a4224c0b998731d5a3f6db5,hardneg,TRUE_ENCRYPTION,,order,full,1,9.0,,681,0,,,,2000,681,452,0,0,0,0.6637298091042585,0.0,32,66,58,6,2,64,0,0,3,0,0,0,0,0,1,0,,6152,4,4,0,0,1,0,0,0,0,0,0,0,0,0,0,0,,0,0,,,,,,,,
OB3474,d445b85c41078e9d4171ef2f6b7800153e2ecadb77aee685eaa6577d28fc0e53,hardneg,TRUE_ENCRYPTION,,order,full,1,9.0,,430,0,,,,200,430,200,0,0,0,0.46511627906976744,0.0,19,32,22,10,0,62,0,0,3,0,0,0,0,0,1,0,,1231,2,2,0,0,1,0,0,0,0,0,0,0,0,0,0,0,,0,0,,,,,,,,
OB3475,6e604164108f62f902c477d9aab2ca34159d4eb29535f3ed9b34e369c2db48fa,hardneg,TRUE_ENCRYPTION,,order,full,1,9.0,,430,0,,,,200,430,200,0,0,0,0.46511627906976744,0.0,19,22,15,7,0,62,0,0,3,0,0,0,0,0,1,0,,1231,2,2,0,0,1,0,0,0,0,0,0,0,0,0,0,0,,0,0,,,,,,,,
OB3476,8b0935485321dc54ae279a2b7f92887e523e74776f94195ad25197b811a46495,hardneg,TRUE_ENCRYPTION,,order,full,1,9.0,,430,0,,,,200,430,200,0,0,0,0.46511627906976744,0.0,19,19,14,5,0,62,0,0,3,0,0,0,0,0,1,0,,1231,2,2,0,0,1,0,0,0,0,0,0,0,0,0,0,0,,0,0,,,,,,,,
OB3477,de882a8d2d52a6499ec885aab2f745bae818e382520f7813c982763df585792f,hardneg,TRUE_ENCRYPTION,,order,full,1,9.0,,430,0,,,,200,430,200,0,0,0,0.46511627906976744,0.0,19,23,19,4,0,62,0,0,3,0,0,0,0,0,1,0,,1231,2,2,0,0,1,0,0,0,0,0,0,0,0,0,0,0,,0,0,,,,,,,,
OB3478,b64c5552bbd07a501423d9f93191aa50f9c9b47562dc82d8aabf6ac51cb7ea4f,hardneg,TRUE_ENCRYPTION,,order,full,1,9.0,,425,0,,,,200,425,200,0,0,0,0.47058823529411764,0.0,19,15,11,4,0,64,0,0,3,0,0,0,0,0,1,0,,3914,4,4,0,0,1,0,0,0,0,0,0,0,0,0,0,0,,0,0,,,,,,,,
OB3479,4fc6d02b69646f5102509153d12efc02dd809e7b43df037fad8a519adcdb2608,hardneg,TRUE_ENCRYPTION,,order,full,1,9.0,,425,0,,,,200,425,200,0,0,0,0.47058823529411764,0.0,19,18,14,4,0,64,0,0,3,0,0,0,0,0,1,0,,4465,3,3,0,0,1,0,0,0,0,0,0,0,0,0,0,0,,0,0,,,,,,,,
OB3480,50599c0f2d0672ff33a7070c45d035ba07903b9ad152ea498ead09f5cde16d97,hardneg,TRUE_ENCRYPTION,,order,full,1,9.0,,682,0,,,,500,682,452,0,0,0,0.6627565982404692,0.0,32,26,22,4,0,62,0,0,3,0,0,0,0,0,1,0,,1231,2,2,0,0,1,0,0,0,0,0,0,0,0,0,0,0,,0,0,,,,,,,,
OB3481,66f14dc1000e1fc45424840b88c39ff9a9557eb0a3518d554c94cc9956584658,hardneg,TRUE_ENCRYPTION,,order,full,1,9.0,,682,0,,,,500,682,452,0,0,0,0.6627565982404692,0.0,32,24,15,9,0,62,0,0,3,0,0,0,0,0,1,0,,1231,2,2,0,0,1,0,0,0,0,0,0,0,0,0,0,0,,0,0,,,,,,,,
OB3482,02c1684dc3dff2459ddbd5003df9b4d652c3200df1a9c466f179d8579fdadd80,hardneg,TRUE_ENCRYPTION,,order,full,1,9.0,,677,0,,,,500,677,452,0,0,0,0.6676514032496307,0.0,32,19,17,2,0,64,0,0,3,0,0,0,0,0,1,0,,5042,3,3,0,0,1,0,0,0,0,0,0,0,0,0,0,0,,0,0,,,,,,,,
OB3483,e7ac6181b7082d506ca3197812b761c0cd7c024337991436b798be1404daa524,hardneg,TRUE_ENCRYPTION,,order,full,1,9.0,,677,0,,,,500,677,452,0,0,0,0.6676514032496307,0.0,32,22,19,3,0,64,0,0,3,0,0,0,0,0,1,0,,5704,3,3,0,0,1,0,0,0,0,0,0,0,0,0,0,0,,0,0,,,,,,,,
OB3484,e656a4931b38b4c42b6308215c5874ec913fb8b36c0c4944b205ce7f34e2c173,hardneg,NO_VICTIM_ACTIVITY,,order,full,1,7.0,,467,0,,,,2000,467,233,0,0,0,0.4989293361884368,0.0,23,33,11,3,19,62,0,0,3,0,0,0,0,0,1,0,,82,0,0,0,0,1,0,0,0,0,0,0,0,0,0,0,0,,0,0,,,,,,,,
OB3485,befb7bd96d81d0deede9854bcb4e9bd80c247e145e18c84a6dbb7934c7be11af,hardneg,NO_VICTIM_ACTIVITY,,order,full,1,7.0,,466,0,,,,2000,466,232,0,0,0,0.4978540772532189,0.0,23,30,10,4,16,62,0,0,3,0,0,0,0,0,1,0,,82,0,0,0,0,1,0,0,0,0,0,0,0,0,0,0,0,,0,0,,,,,,,,
OB3486,c82a468c3174c482824c2af619e90bcb54e46eddfadbc596dc96ab5bebb07daa,hardneg,NO_VICTIM_ACTIVITY,,order,full,1,7.0,,467,0,,,,2000,467,233,0,0,0,0.4989293361884368,0.0,23,34,11,6,17,62,0,0,3,0,0,0,0,0,1,0,,82,0,0,0,0,1,0,0,0,0,0,0,0,0,0,0,0,,0,0,,,,,,,,
OB3487,9cdaa2a8dc08226771c17424400cb8d7d3f86b9a6fb79f8514e3967940b94b4b,hardneg,NO_VICTIM_ACTIVITY,,order,full,1,7.0,,466,0,,,,2000,466,232,0,0,0,0.4978540772532189,0.0,23,31,11,5,15,62,0,0,3,0,0,0,0,0,1,0,,82,0,0,0,0,1,0,0,0,0,0,0,0,0,0,0,0,,0,0,,,,,,,,
OB3488,644d108d84558fd13b59fc322a8603f876f7ad81e546dec412658029379a0e92,hardneg,NO_VICTIM_ACTIVITY,,order,full,1,7.0,,467,0,,,,2000,467,233,0,0,0,0.4989293361884368,0.0,23,31,12,3,16,62,0,0,3,0,0,0,0,0,1,0,,82,0,0,0,0,1,0,0,0,0,0,0,0,0,0,0,0,,0,0,,,,,,,,
OB3489,e52dda7887a25685b35b5a5b2e5ece9d37e41af7bdd4120a6e537613b6b6f2c6,hardneg,NO_VICTIM_ACTIVITY,,order,full,1,9.0,,461,0,,,,2000,461,232,0,0,0,0.5032537960954447,0.0,23,35,33,2,0,64,0,0,3,0,0,0,0,0,1,0,,132,0,0,0,0,1,0,0,0,0,0,0,0,0,0,0,0,,0,0,,,,,,,,
OB3490,9fb889ee710ba3db8baa46a45811f4b9e433ee1b4eae20d2b9f6607d80c1c255,hardneg,NO_VICTIM_ACTIVITY,,order,full,1,9.0,,461,0,,,,2000,461,232,0,0,0,0.5032537960954447,0.0,23,37,31,5,1,64,0,0,3,0,0,0,0,0,1,0,,273,0,0,0,0,1,0,0,0,0,0,0,0,0,0,0,0,,0,0,,,,,,,,
OB3491,d27bc5f48ad24abd5e597d007a73f7703ebbd8fcc19462205f288a8fb7606e03,hardneg,NO_VICTIM_ACTIVITY,,order,full,1,9.0,,462,0,,,,2000,462,233,0,0,0,0.5043290043290043,0.0,23,37,34,3,0,64,0,0,3,0,0,0,0,0,1,0,,346,0,0,0,0,1,0,0,0,0,0,0,0,0,0,0,0,,0,0,,,,,,,,
OB3492,5251fe9d612d463dccdf5130841a339524f00c4856c27be346a841262b360f5b,hardneg,NO_VICTIM_ACTIVITY,,order,full,1,7.0,,462,0,,,,2000,462,233,0,0,0,0.5043290043290043,0.0,23,34,31,3,0,64,0,0,3,0,0,0,0,0,1,0,,421,0,0,0,0,1,0,0,0,0,0,0,0,0,0,0,0,,0,0,,,,,,,,
OB3493,bcc4365098709c2bff8482490b435dc91a35ae29ce0b7007b7921c60c3afd41e,hardneg,NO_VICTIM_ACTIVITY,,order,full,1,7.0,,417,0,,,,200,417,187,0,0,0,0.44844124700239807,0.0,17,14,10,4,0,62,0,0,3,0,0,0,0,0,1,0,,82,0,0,0,0,1,0,0,0,0,0,0,0,0,0,0,0,,0,0,,,,,,,,
OB3494,17079d2acf6c409215b16999350e3672da847b9b6caa48ad0d0c0d9b74fa4220,hardneg,NO_VICTIM_ACTIVITY,,order,full,1,7.0,,417,0,,,,200,417,187,0,0,0,0.44844124700239807,0.0,17,11,8,3,0,62,0,0,3,0,0,0,0,0,1,0,,82,0,0,0,0,1,0,0,0,0,0,0,0,0,0,0,0,,0,0,,,,,,,,
OB3495,509b643a8cd0ec4a57802f9ac7de6c180339167c59b0b927e03c67fa6335e058,hardneg,NO_VICTIM_ACTIVITY,,order,full,1,7.0,,417,0,,,,200,417,187,0,0,0,0.44844124700239807,0.0,17,12,8,4,0,62,0,0,3,0,0,0,0,0,1,0,,82,0,0,0,0,1,0,0,0,0,0,0,0,0,0,0,0,,0,0,,,,,,,,
OB3496,6c97daeec4d976a074ab7258b30d78c99b488847e44adc143eaeff8bfde0389f,hardneg,NO_VICTIM_ACTIVITY,,order,full,1,7.0,,417,0,,,,200,417,187,0,0,0,0.44844124700239807,0.0,17,13,9,4,0,62,0,0,3,0,0,0,0,0,1,0,,82,0,0,0,0,1,0,0,0,0,0,0,0,0,0,0,0,,0,0,,,,,,,,
OB3497,b1e659e2370fca04e38ee536120d63ba0f62b9588e697dbf9ae8d6ddb248983f,hardneg,NO_VICTIM_ACTIVITY,,order,full,1,7.0,,412,0,,,,200,412,187,0,0,0,0.4538834951456311,0.0,17,13,10,3,0,64,0,0,3,0,0,0,0,0,1,0,,163,0,0,0,0,1,0,0,0,0,0,0,0,0,0,0,0,,0,0,,,,,,,,
OB3498,5453e78c8c9e6a5f355ccbcdadc5e42c53c5e14ebb663b88e944b6cdf819b16b,hardneg,NO_VICTIM_ACTIVITY,,order,full,1,7.0,,412,0,,,,200,412,187,0,0,0,0.4538834951456311,0.0,17,12,10,2,0,64,0,0,3,0,0,0,0,0,1,0,,312,0,0,0,0,1,0,0,0,0,0,0,0,0,0,0,0,,0,0,,,,,,,,
OB3499,7ef9e58b9cc27dc5f23fd36a354218d73e66f02a37118062d5f69ec9adff45c6,hardneg,NO_VICTIM_ACTIVITY,,order,full,1,7.0,,412,0,,,,200,412,187,0,0,0,0.4538834951456311,0.0,17,13,9,4,0,64,0,0,3,0,0,0,0,0,1,0,,265,0,0,0,0,1,0,0,0,0,0,0,0,0,0,0,0,,0,0,,,,,,,,
OB3500,a61d1da9f4b661df55bd2604f7f3b3f6118e383b6872defb372a1f42b9dd3c38,hardneg,NO_VICTIM_ACTIVITY,,order,full,1,7.0,,412,0,,,,200,412,187,0,0,0,0.4538834951456311,0.0,17,13,10,3,0,64,0,0,3,0,0,0,0,0,1,0,,176,0,0,0,0,1,0,0,0,0,0,0,0,0,0,0,0,,0,0,,,,,,,,
OB3501,f773d388f66797679f46de1ec5ac9067c101ea6fce5cf6ceaa11c7e157c7f16e,hardneg,NO_VICTIM_ACTIVITY,,order,full,1,7.0,,412,0,,,,200,412,187,0,0,0,0.4538834951456311,0.0,17,12,9,3,0,64,0,0,3,0,0,0,0,0,1,0,,60,0,0,0,0,1,0,0,0,0,0,0,0,0,0,0,0,,0,0,,,,,,,,
OB3502,3d15492d3bbce3c4da4545ce2b96762b5993ba511181b4ba68bf39a4313f85ec,hardneg,NO_VICTIM_ACTIVITY,,order,full,1,7.0,,457,0,,,,500,457,232,0,0,0,0.5076586433260394,0.0,23,16,12,4,0,64,0,0,3,0,0,0,0,0,1,0,,239,0,0,0,0,1,0,0,0,0,0,0,0,0,0,0,0,,0,0,,,,,,,,
OB3503,afd366c1d9be335d0263e320f513bee583629c9e6aef9424cf4314b91a29c721,hardneg,NO_VICTIM_ACTIVITY,,order,full,1,9.0,,458,0,,,,500,458,233,0,0,0,0.5087336244541485,0.0,23,17,15,2,0,64,0,0,3,0,0,0,0,0,1,0,,119,0,0,0,0,1,0,0,0,0,0,0,0,0,0,0,0,,0,0,,,,,,,,
OB3504,f6e9ed84fb64eb6e207da2c5d7dfbbe14fa149cc906616c1d60e51f6348455cf,hardneg,NO_VICTIM_ACTIVITY,,order,full,1,8.0,,280,0,,,,2000,280,0,0,0,0,0.0,0.0,0,32,0,7,25,61,0,0,3,0,0,0,0,0,1,0,,0,,,0,0,1,0,0,0,0,0,0,0,0,0,0,0,,0,0,,,,,,,,
OB3505,dd16ec231feb6b0919b94ad5d0ecebe8a43ec72577122ae1331e7de34c6100c0,hardneg,NO_VICTIM_ACTIVITY,,order,full,1,8.0,,275,0,,,,2000,275,0,0,0,0,0.0,0.0,0,28,0,6,22,63,0,0,3,0,0,0,0,0,1,0,,0,,,0,0,1,0,0,0,0,0,0,0,0,0,0,0,,0,0,,,,,,,,
OB3506,1fa4a0b785cda46e6c2fb90f119ffd8485dccfda24832d423de4b9a17d28d842,hardneg,NO_VICTIM_ACTIVITY,,order,full,1,8.0,,275,0,,,,2000,275,0,0,0,0,0.0,0.0,0,32,0,9,23,63,0,0,3,0,0,0,0,0,1,0,,0,,,0,0,1,0,0,0,0,0,0,0,0,0,0,0,,0,0,,,,,,,,
OB3507,30bfcd7f3aceec5653834f54629136474fc7cce50b2bbde379f78dd686e570bd,hardneg,NO_VICTIM_ACTIVITY,,order,full,1,8.0,,271,0,,,,200,271,0,0,0,0,0.0,0.0,0,8,0,7,1,63,0,0,3,0,0,0,0,0,1,0,,0,,,0,0,1,0,0,0,0,0,0,0,0,0,0,0,,0,0,,,,,,,,
OB3508,d820893031f885a9215abc57d6e43cadfe4bbab220c61f30452d0615662743b7,hardneg,NO_VICTIM_ACTIVITY,,order,full,1,2.0,,271,0,,,,200,271,0,0,0,0,0.0,0.0,0,9,0,7,2,63,0,0,3,0,0,0,0,0,1,0,,0,,,0,0,1,0,0,0,0,0,0,0,0,0,0,0,,0,0,,,,,,,,
OB3509,993e1c6ac9a782cad670b6d28924a270dc7a024b718f9f204340b935257a37ad,hardneg,NO_VICTIM_ACTIVITY,,order,full,1,8.0,,271,0,,,,200,271,0,0,0,0,0.0,0.0,0,9,0,7,2,63,0,0,3,0,0,0,0,0,1,0,,0,,,0,0,1,0,0,0,0,0,0,0,0,0,0,0,,0,0,,,,,,,,
OB3510,50dc544ef87217dd1c82e8de56fcb6300c040e3eb6e437eb48ae0a9d69305bd8,hardneg,NO_VICTIM_ACTIVITY,,order,full,1,8.0,,271,0,,,,500,271,0,0,0,0,0.0,0.0,0,14,0,7,7,63,0,0,3,0,0,0,0,0,1,0,,0,,,0,0,1,0,0,0,0,0,0,0,0,0,0,0,,0,0,,,,,,,,
OB3511,388adfef2009f1aad1d98ab2f35dc00bdd9fef94aae9337183b1e4dcd3e814c7,hardneg,NO_VICTIM_ACTIVITY,,order,full,1,8.0,,271,0,,,,500,271,0,0,0,0,0.0,0.0,0,11,0,6,5,63,0,0,3,0,0,0,0,0,1,0,,0,,,0,0,1,0,0,0,0,0,0,0,0,0,0,0,,0,0,,,,,,,,
OB3512,2ad7d2abbb0b165b44d7296b5c33b93148f2ed795de5348c1517d0f055c7bc30,hardneg,NO_VICTIM_ACTIVITY,,order,full,1,7.0,,1589,0,,,,0,1589,1356,0,0,0,0.8533668974197609,0.0,3,20,0,4,16,61,0,0,2,0,0,0,0,0,1,0,,0,,,0,0,1,0,0,0,0,0,0,0,0,0,0,0,,0,0,,,,,,,,
OB3513,2a04399bdf6fa8616737ebb7459fcb103aaac5dc250d05d98a100fce1b2a48ec,hardneg,NO_VICTIM_ACTIVITY,,order,full,1,7.0,,1589,0,,,,0,1589,1356,0,0,0,0.8533668974197609,0.0,3,18,0,4,14,61,0,0,2,0,0,0,0,0,1,0,,0,,,0,0,1,0,0,0,0,0,0,0,0,0,0,0,,0,0,,,,,,,,
OB3514,a7c8983c89f70d0c741ff3ecb1215904603790bfa0271fd7de203645095b70e6,hardneg,NO_VICTIM_ACTIVITY,,order,full,1,7.0,,1584,0,,,,0,1584,1356,0,0,0,0.8560606060606061,0.0,3,29,0,3,26,63,0,0,2,0,0,0,0,0,1,0,,0,,,0,0,1,0,0,0,0,0,0,0,0,0,0,0,,0,0,,,,,,,,
OB3515,344eb95d9ec2ad37f41a0b4e9c3d633934c30cac2d25b2d0edfa0a9d627da629,hardneg,NO_VICTIM_ACTIVITY,,order,full,1,7.0,,1584,0,,,,0,1584,1356,0,0,0,0.8560606060606061,0.0,3,28,0,2,26,63,0,0,2,0,0,0,0,0,1,0,,0,,,0,0,1,0,0,0,0,0,0,0,0,0,0,0,,0,0,,,,,,,,
OB3516,c2c6538b19923ef30b93a9443f0b9a2288e8c6eff8ee16bbbcdc32d173b80997,hardneg,NO_VICTIM_ACTIVITY,,order,full,1,7.0,,828,0,,,,0,828,600,0,0,0,0.7246376811594203,0.0,3,13,0,3,10,61,0,0,2,0,0,0,0,0,1,0,,0,,,0,0,1,0,0,0,0,0,0,0,0,0,0,0,,0,0,,,,,,,,
OB3517,96fb50f7cfa0bd5f88c7e4cd494c06bed4d6cf77fc114f627868bd1e2115daa3,hardneg,NO_VICTIM_ACTIVITY,,order,full,1,7.0,,828,0,,,,0,828,600,0,0,0,0.7246376811594203,0.0,3,15,0,6,9,61,0,0,2,0,0,0,0,0,1,0,,0,,,0,0,1,0,0,0,0,0,0,0,0,0,0,0,,0,0,,,,,,,,
OB3518,7d01dda5c82bab3d3b33e46bf5fbc90248e910d1a9338337b7657866fa4dae0a,hardneg,NO_VICTIM_ACTIVITY,,order,full,1,7.0,,823,0,,,,0,823,600,0,0,0,0.7290400972053463,0.0,3,13,0,4,9,63,0,0,2,0,0,0,0,0,1,0,,0,,,0,0,1,0,0,0,0,0,0,0,0,0,0,0,,0,0,,,,,,,,
OB3519,3381acdf2864037dafbb0d38d2cbbaf2f00f243e67a623ffdd1313c20fa6786a,hardneg,NO_VICTIM_ACTIVITY,,order,full,1,7.0,,823,0,,,,0,823,600,0,0,0,0.7290400972053463,0.0,3,13,0,5,8,63,0,0,2,0,0,0,0,0,1,0,,0,,,0,0,1,0,0,0,0,0,0,0,0,0,0,0,,0,0,,,,,,,,
OB3520,30b1bd9d989c12252d79f013b9e2d7c1ffd6227a041d52b74438f1ee3d763990,hardneg,NO_VICTIM_ACTIVITY,,order,full,1,7.0,,823,0,,,,0,823,600,0,0,0,0.7290400972053463,0.0,3,13,0,3,10,63,0,0,2,0,0,0,0,0,1,0,,0,,,0,0,1,0,0,0,0,0,0,0,0,0,0,0,,0,0,,,,,,,,
OB3521,a0b16608278d1c1cdd4cdd368c1923354ae00dc885dd8e962e45b34e5328a6d6,hardneg,NO_VICTIM_ACTIVITY,,order,full,1,7.0,,1586,0,,,,0,1586,1356,0,0,0,0.8549810844892812,0.0,3,17,0,2,15,61,0,0,2,0,0,0,0,0,1,0,,0,,,0,0,1,0,0,0,0,0,0,0,0,0,0,0,,0,0,,,,,,,,
OB3522,83fad4aaa12ff6dabecfb0b1bfe48aafe682babd3e0bd7b77e3d7de96d28f663,hardneg,NO_VICTIM_ACTIVITY,,order,full,1,7.0,,1585,0,,,,0,1585,1356,0,0,0,0.8555205047318613,0.0,3,18,0,3,15,61,0,0,2,0,0,0,0,0,1,0,,0,,,0,0,1,0,0,0,0,0,0,0,0,0,0,0,,0,0,,,,,,,,
OB3523,a93d0e7d5554bd0d8be10d5d081cc011eb23ddbf1f2b9129519dfd4e46909fe9,hardneg,NO_VICTIM_ACTIVITY,,order,full,1,7.0,,1581,0,,,,0,1581,1356,0,0,0,0.857685009487666,0.0,3,18,0,4,14,63,0,0,2,0,0,0,0,0,1,0,,0,,,0,0,1,0,0,0,0,0,0,0,0,0,0,0,,0,0,,,,,,,,
OB3524,0587de6a686fee17cd87cf7d44f62d4ed97bed2178a50986b6ac628cd20836b8,hardneg,NO_VICTIM_ACTIVITY,,order,full,1,7.0,,1581,0,,,,0,1581,1356,0,0,0,0.857685009487666,0.0,3,14,0,2,12,63,0,0,2,0,0,0,0,0,1,0,,0,,,0,0,1,0,0,0,0,0,0,0,0,0,0,0,,0,0,,,,,,,,
OB3525,6cd20b7c80007bb67ae1c625c3983ea2c6e8090c4e520c887ccd6eaf10f7dd7a,hardneg,TRUE_ENCRYPTION,,order,full,1,2.0,,229,0,,,,0,229,0,2000,0,0,0.0,8.733624454148472,46,9,0,1,8,58,0,0,0,0,0,0,0,0,1,0,,0,,,0,0,1,0,0,0,0,0,0,0,0,0,0,0,,0,0,,,,,,,,
OB3526,c04cd72bacd1053985e87d06a15ee37d74663ce2a321510c12e7dc608ee593a9,hardneg,TRUE_ENCRYPTION,,order,full,1,2.0,,229,0,,,,0,229,0,2000,0,0,0.0,8.733624454148472,46,13,0,4,9,58,0,0,0,0,0,0,0,0,1,0,,0,,,0,0,1,0,0,0,0,0,0,0,0,0,0,0,,0,0,,,,,,,,
OB3527,b856af3183e3005684c3b8c8f6c708aac3541dd6f7d7171ab338755107698fff,hardneg,TRUE_ENCRYPTION,,order,full,1,2.0,,229,0,,,,0,229,0,2000,0,0,0.0,8.733624454148472,46,12,0,2,10,58,0,0,0,0,0,0,0,0,1,0,,0,,,0,0,1,0,0,0,0,0,0,0,0,0,0,0,,0,0,,,,,,,,
OB3528,8075a9e1936644bd291b438ede7e6341f8574a1ce60f8a326b04f5f538206932,hardneg,TRUE_ENCRYPTION,,order,full,1,2.0,,229,0,,,,0,229,0,2000,0,0,0.0,8.733624454148472,46,13,0,3,10,58,0,0,0,0,0,0,0,0,1,0,,0,,,0,0,1,0,0,0,0,0,0,0,0,0,0,0,,0,0,,,,,,,,
OB3529,404149544e80ab8ddaf94f15bf822600b118bf50ef7648083c5265c6c1c40257,hardneg,TRUE_ENCRYPTION,,order,full,1,2.0,,224,0,,,,0,224,0,2000,0,0,0.0,8.928571428571429,46,13,0,2,11,60,0,0,0,0,0,0,0,0,1,0,,0,,,0,0,1,0,0,0,0,0,0,0,0,0,0,0,,0,0,,,,,,,,
OB3530,221bbbf2983eccc053ffe181ad3371e2a12e1c70d9ae84a7699f3ff9e9c0573d,hardneg,TRUE_ENCRYPTION,,order,full,1,2.0,,226,0,,,,0,226,0,200,0,0,0.0,0.8849557522123894,19,7,0,4,3,58,0,0,0,0,0,0,0,0,1,0,,0,,,0,0,1,0,0,0,0,0,0,0,0,0,0,0,,0,0,,,,,,,,
OB3531,bc57026d4c92d668cdd25a9dcb7220fa688215b96fb8ee8c2355345bf3e9cca0,hardneg,TRUE_ENCRYPTION,,order,full,1,2.0,,226,0,,,,0,226,0,200,0,0,0.0,0.8849557522123894,19,6,0,3,3,58,0,0,0,0,0,0,0,0,1,0,,0,,,0,0,1,0,0,0,0,0,0,0,0,0,0,0,,0,0,,,,,,,,
OB3532,c22fd6ec5708bbde231e5b1542b80418784d9ab1c232e507ce61b998344a72f6,hardneg,TRUE_ENCRYPTION,,order,full,1,2.0,,219,0,,,,0,219,0,200,0,0,0.0,0.91324200913242,19,6,0,3,3,60,0,0,0,0,0,0,0,0,1,0,,0,,,0,0,1,0,0,0,0,0,0,0,0,0,0,0,,0,0,,,,,,,,
OB3533,31332539041d3d2a79eacbb8a4607b20f4fd8d960cbc7dc7a34c4f5e82bd81fa,hardneg,TRUE_ENCRYPTION,,order,full,1,2.0,,221,0,,,,0,221,0,200,0,0,0.0,0.9049773755656109,19,8,0,4,4,60,0,0,0,0,0,0,0,0,1,0,,0,,,0,0,1,0,0,0,0,0,0,0,0,0,0,0,,0,0,,,,,,,,
OB3534,a916578f5fa0eb60da50ead67d1b1067de3f1d4fad81673711729b84725e5659,hardneg,TRUE_ENCRYPTION,,order,full,1,2.0,,221,0,,,,0,221,0,200,0,0,0.0,0.9049773755656109,19,6,0,2,4,60,0,0,0,0,0,0,0,0,1,0,,0,,,0,0,1,0,0,0,0,0,0,0,0,0,0,0,,0,0,,,,,,,,
OB3535,dc2f68c2cea887e74aee09b8419ab45bc02de388231baf73939037f9cb77fcc6,hardneg,TRUE_ENCRYPTION,,order,full,1,2.0,,221,0,,,,0,221,0,200,0,0,0.0,0.9049773755656109,19,7,0,3,4,60,0,0,0,0,0,0,0,0,1,0,,0,,,0,0,1,0,0,0,0,0,0,0,0,0,0,0,,0,0,,,,,,,,
OB3536,982f048eace04d78a611a15e0bd83cd51743b32d427b2c12bcfd013337b0b1bb,hardneg,TRUE_ENCRYPTION,,order,full,1,2.0,,226,0,,,,0,226,0,500,0,0,0.0,2.2123893805309733,35,8,0,3,5,58,0,0,0,0,0,0,0,0,1,0,,0,,,0,0,1,0,0,0,0,0,0,0,0,0,0,0,,0,0,,,,,,,,
OB3537,4b7f4962040033578a48df1a7f3cb51fd66d01162f7b82dd363d10bd55b44f6e,hardneg,TRUE_ENCRYPTION,,order,full,1,2.0,,226,0,,,,0,226,0,500,0,0,0.0,2.2123893805309733,35,9,0,4,5,58,0,0,0,0,0,0,0,0,1,0,,0,,,0,0,1,0,0,0,0,0,0,0,0,0,0,0,,0,0,,,,,,,,
OB3538,7a09ebae619f8f0fc9eee4ab273615688aaa4ecf29397fe03200c01de8496fbe,hardneg,TRUE_ENCRYPTION,,order,full,1,2.0,,226,0,,,,0,226,0,500,0,0,0.0,2.2123893805309733,35,9,0,3,6,58,0,0,0,0,0,0,0,0,1,0,,0,,,0,0,1,0,0,0,0,0,0,0,0,0,0,0,,0,0,,,,,,,,
OB3539,a3744cf9862ffed37970d8798de7f78064e6ce6134becc3dffae7a8214ab6597,hardneg,TRUE_ENCRYPTION,,order,full,1,2.0,,226,0,,,,0,226,0,500,0,0,0.0,2.2123893805309733,35,10,0,4,6,58,0,0,0,0,0,0,0,0,1,0,,0,,,0,0,1,0,0,0,0,0,0,0,0,0,0,0,,0,0,,,,,,,,
OB3540,850b83e090762fc978d90ddc87595f700207a9fe12429af26d5a7884fe7574c4,hardneg,TRUE_ENCRYPTION,,order,full,1,2.0,,221,0,,,,0,221,0,500,0,0,0.0,2.262443438914027,35,10,0,4,6,60,0,0,0,0,0,0,0,0,1,0,,0,,,0,0,1,0,0,0,0,0,0,0,0,0,0,0,,0,0,,,,,,,,
OB3541,347571693f5be475e2cd80ea3218fea58ef880952dd29293e1bc529e743adf9a,hardneg,TRUE_ENCRYPTION,,order,full,1,9.0,,688,14000,-0.21332355014995258,4.767507965519207,7.3122239122406505,2000,688,452,0,0,0,0.6569767441860465,0.0,32,45,16,4,25,70,4,0,3,0,0,0,0,0,1,1,,1231,2,1,0,0,1,0,0,0,0,0,0,0,0,0,0,0,,0,0,,,,,,,,
OB3542,429be684285faedf494db6b1ea5d6311e7aba48dd34f1373bfb1badb02b5b354,hardneg,TRUE_ENCRYPTION,,order,full,1,9.0,,683,14000,-0.09572384235173542,4.768492155667604,7.3122239122406505,2000,683,452,0,0,0,0.6617862371888726,0.0,32,57,53,4,0,72,4,0,3,0,0,0,0,0,1,1,,4475,3,2,0,0,1,0,0,0,0,0,0,0,0,0,0,0,,0,0,,,,,,,,
OB3543,fca75f8c8ae29f8f281c43f5c18ed609a3f09b87a022653c2195549180669a0e,hardneg,TRUE_ENCRYPTION,,order,full,1,7.0,,683,14000,-0.004303127662169473,4.7676521247991,7.3122239122406505,2000,683,452,0,0,0,0.6617862371888726,0.0,32,62,57,5,0,72,4,0,3,0,0,0,0,0,1,1,,5022,3,2,0,0,1,0,0,0,0,0,0,0,0,0,0,0,,0,0,,,,,,,,
OB3544,43dd765cc9acf2d6f596fa5d939aca14fe9e76cf921b73efb225ec53c4b10c15,hardneg,TRUE_ENCRYPTION,,order,full,1,9.0,,683,14000,-0.08378422504361213,4.76660620330677,7.3122239122406505,2000,683,452,0,0,0,0.6617862371888726,0.0,32,60,58,2,0,72,4,0,3,0,0,0,0,0,1,1,,7529,3,2,0,0,1,0,0,0,0,0,0,0,0,0,0,0,,0,0,,,,,,,,
OB3545,781ec3aa89b84ad4ac2e11eedbc9f53b4f8281ed17a84bdd68dbbe2a42537958,hardneg,TRUE_ENCRYPTION,,order,full,1,9.0,,432,1400,0.39575605874534364,4.83448903257657,7.308733485734245,200,432,200,0,0,0,0.46296296296296297,0.0,19,19,13,6,0,70,4,0,3,0,0,0,0,0,1,1,,1231,2,1,0,0,1,0,0,0,0,0,0,0,0,0,0,0,,0,0,,,,,,,,
OB3546,76c1a27eb51153bffea3f5b0e602ad39789099e51a6843280d6cb7709fb58f59,hardneg,TRUE_ENCRYPTION,,order,full,1,9.0,,432,1400,0.2981261211738495,4.83448903257657,7.308733485734245,200,432,200,0,0,0,0.46296296296296297,0.0,19,13,10,3,0,70,4,0,3,0,0,0,0,0,1,1,,1231,2,1,0,0,1,0,0,0,0,0,0,0,0,0,0,0,,0,0,,,,,,,,
OB3547,9a54b0ee27dcc6d579cc34af0196542a003fed667ff917fdf4e2e3d28e41843c,hardneg,TRUE_ENCRYPTION,,order,full,1,9.0,,432,1400,0.3670584063120895,4.83448903257657,7.308733485734245,200,432,200,0,0,0,0.46296296296296297,0.0,19,14,10,4,0,70,4,0,3,0,0,0,0,0,1,1,,1231,2,1,0,0,1,0,0,0,0,0,0,0,0,0,0,0,,0,0,,,,,,,,
OB3548,1098fbfd6db10894cf1d8fdd68901a8f30e10fcc53fbab414c1ffa9003d58e29,hardneg,TRUE_ENCRYPTION,,order,full,1,9.0,,427,1400,0.4014396921950632,4.83448903257657,7.308733485734245,200,427,200,0,0,0,0.468384074941452,0.0,19,15,11,4,0,72,4,0,3,0,0,0,0,0,1,1,,3380,3,2,0,0,1,0,0,0,0,0,0,0,0,0,0,0,,0,0,,,,,,,,
OB3549,e74b606e79d1226acff191971398daa9613f7fb12c14f5f3d885ca94521b3c75,hardneg,TRUE_ENCRYPTION,,order,full,1,7.0,,427,1400,0.3771329298499515,4.83448903257657,7.308733485734245,200,427,200,0,0,0,0.468384074941452,0.0,19,16,12,4,0,72,4,0,3,0,0,0,0,0,1,1,,4384,3,2,0,0,1,0,0,0,0,0,0,0,0,0,0,0,,0,0,,,,,,,,
OB3550,0de2b1ee2901bc0a2aa9482706820489c15c1047a65bd50592b731c56d44ba89,hardneg,TRUE_ENCRYPTION,,order,full,1,9.0,,684,3500,0.30580981160847454,4.71761021958928,7.308733485734245,500,684,452,0,0,0,0.6608187134502924,0.0,32,23,20,3,0,70,4,0,3,0,0,0,0,0,1,1,,1231,2,1,0,0,1,0,0,0,0,0,0,0,0,0,0,0,,0,0,,,,,,,,
OB3551,01c4b1559a2041f23f7a6d29996d5d21fac29c4e2e740d603d839649c04305f2,hardneg,TRUE_ENCRYPTION,,order,full,1,9.0,,684,3500,0.5092139347668537,4.71761021958928,7.308733485734245,500,684,452,0,0,0,0.6608187134502924,0.0,32,23,19,4,0,70,4,0,3,0,0,0,0,0,1,1,,1231,2,1,0,0,1,0,0,0,0,0,0,0,0,0,0,0,,0,0,,,,,,,,
OB3552,c5881ec8e720a74ef9a810bde8d8f5c298911e4d34ff574fbe0dcc6be44542d3,hardneg,TRUE_ENCRYPTION,,order,full,1,9.0,,684,3500,0.5332805967065095,4.71761021958928,7.308733485734245,500,684,452,0,0,0,0.6608187134502924,0.0,32,22,17,5,0,70,4,0,3,0,0,0,0,0,1,1,,1231,2,1,0,0,1,0,0,0,0,0,0,0,0,0,0,0,,0,0,,,,,,,,
OB3553,a939780e83da43d6c005cf7218bf048bdd215d0400943712262f635ca93940fc,hardneg,TRUE_ENCRYPTION,,order,full,1,9.0,,684,3500,0.46965647771367525,4.71761021958928,7.308733485734245,500,684,452,0,0,0,0.6608187134502924,0.0,32,23,19,4,0,70,4,0,3,0,0,0,0,0,1,1,,1231,2,1,0,0,1,0,0,0,0,0,0,0,0,0,0,0,,0,0,,,,,,,,
OB3554,7cb56d0519aefa88002599c2559a6e48788de1890c529fd4f946548d73a8b14d,hardneg,TRUE_ENCRYPTION,,order,full,1,9.0,,679,3500,0.5813659818624265,4.721487165120287,7.308733485734245,500,679,452,0,0,0,0.6656848306332842,0.0,32,25,21,4,0,72,4,0,3,0,0,0,0,0,1,1,,4189,3,2,0,0,1,0,0,0,0,0,0,0,0,0,0,0,,0,0,,,,,,,,
OB3555,89aae367d7ca7e3ef70fc3c24bb01b3e12e7d114afe2fd691d628848dbca48e0,hardneg,TRUE_ENCRYPTION,,order,full,1,7.0,,679,3500,0.36499268148709235,4.7205433898633276,7.308733485734245,500,679,452,0,0,0,0.6656848306332842,0.0,32,27,23,4,0,72,4,0,3,0,0,0,0,0,1,1,,8740,3,2,0,0,1,0,0,0,0,0,0,0,0,0,0,0,,0,0,,,,,,,,
OB3556,a6572670a00ddab1e7cd332c05dcf348d4e95cd213c4a21f345818b2489d1875,hardneg,TRUE_ENCRYPTION,,order,full,1,10.0,WinosStager,678,3500,0.5756087674091033,4.720499307600074,7.308733485734245,500,678,452,0,0,0,0.6666666666666666,0.0,32,30,24,6,0,72,4,0,3,0,0,0,0,0,1,1,,5569,3,2,0,0,1,0,0,0,0,0,0,0,0,0,0,0,,0,0,,,,,,,,
OB3557,b6322c635044a065e3a7619c6b647bda49a53115bba3cfcbe5284a19a1818327,hardneg,TRUE_ENCRYPTION,,order,full,1,9.0,,679,3500,0.46468224576631784,4.719405201604068,7.308733485734245,500,679,452,0,0,0,0.6656848306332842,0.0,32,32,27,4,1,72,4,0,3,0,0,0,0,0,1,1,,3677,4,3,0,0,1,0,0,0,0,0,0,0,0,0,0,0,,0,0,,,,,,,,
OB3558,11935b12bb5b73b7c979ab138d949df4e7667a63437f850b8c0689a897329c26,hardneg,NO_VICTIM_ACTIVITY,,order,full,1,9.0,,232,0,,,,2000,232,2000,0,0,0,8.620689655172415,0.0,46,39,2,3,34,61,0,0,2,0,0,0,0,0,1,0,,1149,2,2,0,0,1,0,0,0,0,0,0,0,0,0,0,0,,0,0,,,,,,,,
OB3559,9dd6af01bae42df72293728cd7780621b34d6700ac6713b338107fc49a5a798d,hardneg,NO_VICTIM_ACTIVITY,,order,full,1,9.0,,227,0,,,,2000,227,2000,0,0,0,8.810572687224669,0.0,46,35,2,5,28,63,0,0,2,0,0,0,0,0,1,0,,4535,3,3,0,0,1,0,0,0,0,0,0,0,0,0,0,0,,0,0,,,,,,,,
OB3560,c55069dc41d2303e30d2aef1f6d0ef3b540f211647894469a3f50559d5293475,hardneg,NO_VICTIM_ACTIVITY,,order,full,1,10.0,WinosStager,227,0,,,,2000,227,2000,0,0,0,8.810572687224669,0.0,46,38,2,5,31,63,0,0,2,0,0,0,0,0,1,0,,1811,3,3,0,0,1,0,0,0,0,0,0,0,0,0,0,0,,0,0,,,,,,,,
OB3561,191ad7710b49e945e09e378602e79267fcd9b17dc8fd00590737fbdbd7972c91,hardneg,NO_VICTIM_ACTIVITY,,order,full,1,9.0,,227,0,,,,2000,227,2000,0,0,0,8.810572687224669,0.0,46,39,2,5,32,63,0,0,2,0,0,0,0,0,1,0,,4838,3,3,0,0,1,0,0,0,0,0,0,0,0,0,0,0,,0,0,,,,,,,,
OB3562,198634f2fe1d613b855fb995ba3fe64ef67a60cc743bd5d95b6c8305614c9d66,hardneg,NO_VICTIM_ACTIVITY,,order,full,1,9.0,,228,0,,,,200,228,200,0,0,0,0.8771929824561403,0.0,19,18,2,6,10,61,0,0,2,0,0,0,0,0,1,0,,1149,2,2,0,0,1,0,0,0,0,0,0,0,0,0,0,0,,0,0,,,,,,,,
OB3563,62c8d925afec9cd555ec48d5758fda918e56b537a8213e5b317f9f069f54c167,hardneg,NO_VICTIM_ACTIVITY,,order,full,1,9.0,,228,0,,,,200,228,200,0,0,0,0.8771929824561403,0.0,19,16,2,7,7,61,0,0,2,0,0,0,0,0,1,0,,1149,2,2,0,0,1,0,0,0,0,0,0,0,0,0,0,0,,0,0,,,,,,,,
OB3564,9a4f1bd5d1051dd670f46791169136f09cc88baef8a5b74dfa8e691651a25c3a,hardneg,NO_VICTIM_ACTIVITY,,order,full,1,9.0,,223,0,,,,200,223,200,0,0,0,0.8968609865470852,0.0,19,17,2,4,11,63,0,0,2,0,0,0,0,0,1,0,,11165,3,3,0,0,1,0,0,0,0,0,0,0,0,0,0,0,,0,0,,,,,,,,
OB3565,9ebd79056b0a4ad85b42faee0de062b1a9077e906e5032737bd1a7979486bcc2,hardneg,NO_VICTIM_ACTIVITY,,order,full,1,9.0,,223,0,,,,200,223,200,0,0,0,0.8968609865470852,0.0,19,20,2,4,14,63,0,0,2,0,0,0,0,0,1,0,,9655,3,3,0,0,1,0,0,0,0,0,0,0,0,0,0,0,,0,0,,,,,,,,
OB3566,6c131333bb668ad2ee4a32b8847ac883344a1904ba10cebad5428d164b22eb8f,hardneg,NO_VICTIM_ACTIVITY,,order,full,1,9.0,,223,0,,,,200,223,200,0,0,0,0.8968609865470852,0.0,19,25,2,6,17,63,0,0,2,0,0,0,0,0,1,0,,11966,4,4,0,0,1,0,0,0,0,0,0,0,0,0,0,0,,0,0,,,,,,,,
OB3567,8c125b8cf1b81817994316f541ca78fa00d2d4d96a5fae165c4b7d35feb35850,hardneg,NO_VICTIM_ACTIVITY,,order,full,1,9.0,,228,0,,,,500,228,500,0,0,0,2.192982456140351,0.0,35,24,2,5,17,61,0,0,2,0,0,0,0,0,1,0,,1149,2,2,0,0,1,0,0,0,0,0,0,0,0,0,0,0,,0,0,,,,,,,,
OB3568,dc0ade6898b0b11990e10ee064de02ba4e695844d8f7617dbb61ece16b92a0ea,hardneg,NO_VICTIM_ACTIVITY,,order,full,1,9.0,,228,0,,,,500,228,500,0,0,0,2.192982456140351,0.0,35,20,2,6,12,61,0,0,2,0,0,0,0,0,1,0,,1149,2,2,0,0,1,0,0,0,0,0,0,0,0,0,0,0,,0,0,,,,,,,,
OB3569,6677e3a4c36e48e5df93b409d1e99d574e6ca052828ef12f12067ac799e2be34,hardneg,NO_VICTIM_ACTIVITY,,order,full,1,10.0,WinosStager,223,0,,,,500,223,500,0,0,0,2.242152466367713,0.0,35,21,2,4,15,63,0,0,2,0,0,0,0,0,1,0,,10131,4,4,0,0,1,0,0,0,0,0,0,0,0,0,0,0,,0,0,,,,,,,,
OB3570,21f13643fba461d8798099ede032b57ae7e40f3429359567e4fdd5f3757d2e99,hardneg,NO_VICTIM_ACTIVITY,,order,full,1,9.0,,223,0,,,,500,223,500,0,0,0,2.242152466367713,0.0,35,23,2,4,17,63,0,0,2,0,0,0,0,0,1,0,,9912,3,3,0,0,1,0,0,0,0,0,0,0,0,0,0,0,,0,0,,,,,,,,
OB3571,a3ab8414bf9e7b3a2952083e02635843d0d9873b557cb5aa6fc1cd26772e807f,hardneg,NO_VICTIM_ACTIVITY,,order,full,1,9.0,,223,0,,,,500,223,500,0,0,0,2.242152466367713,0.0,35,33,1,5,27,63,0,0,2,0,0,0,0,0,1,0,,10864,4,4,0,0,1,0,0,0,0,0,0,0,0,0,0,0,,0,0,,,,,,,,
I4663,ce8459f83dfd4384be00b980a3d0a8f753fd058b8bbe3775b97a1daaa27472d2,hardneg,NO_VICTIM_ACTIVITY,,installer,full,1,0.6,,0,0,,,,6,0,0,0,0,0,,,0,1,0,0,1,46,0,0,1,0,0,0,0,0,0,0,boost,0,,,0,0,1,0,0,0,0,0,0,0,0,0,0,0,,0,0,,,,,,,,
I4664,ad8f3666fe79a9dbcade28c065abcc89e73082a678652a9b17a3b23016df8498,hardneg,NO_VICTIM_ACTIVITY,,installer,full,1,9.0,,716,133,0.00865934720368753,3.479333157514386,3.479333157514386,288,716,9,64,0,6,0.012569832402234637,0.0893854748603352,6,54,5,13,36,142,0,0,4,0,0,0,2,1,0,1,,15101,4,3,0,1,0,6,0,0,0,0,0,0,1,1,74,8,-74.0,0,0,,,,,,,,
I4665,23d77a8e53130e250909e66851a34e1e208c8087999c89ba210d45889349f87d,hardneg,NO_VICTIM_ACTIVITY,,installer,full,1,9.0,,252,0,,,,163,252,10,91,0,4,0.03968253968253968,0.3611111111111111,5,48,4,3,41,122,0,0,4,0,0,0,2,1,0,1,,1079,3,2,0,0,1,4,0,0,0,0,0,0,1,1,35,5,-392.3,0,0,,,,,,,,
I4666,6f3a92048c66804bb47d904907126d54abdb9b6d62798e944ca6bc328cac3c46,hardneg,NO_VICTIM_ACTIVITY,,installer,full,1,9.0,,638,3,-0.004159746537751827,3.557928661356703,3.557928661356703,257,638,10,0,0,6,0.01567398119122257,0.0,3,54,2,7,45,162,0,0,8,0,0,0,2,1,0,1,,846,2,1,0,1,0,8,0,0,0,0,0,0,2,2,32,0,-19.0,0,0,,,,,,,,
I4667,9696143759d85cc6d5ecf14453f6d4754ae465515023d7fedd0291f73f51a1e4,hardneg,NO_VICTIM_ACTIVITY,,installer,full,1,7.0,,0,0,,,,1,0,0,0,0,0,,,0,1,0,0,1,124,0,0,2,0,0,0,0,0,2,0,,0,,,0,0,1,0,0,0,0,0,0,0,0,0,0,0,,0,0,,,,,,,,
I4668,f271a1467589ca55cd56d1faf727a4bc34e686b4965ac742854a93be4b186f82,hardneg,TRUE_ENCRYPTION,,installer,full,1,9.0,,816,3,-0.12977382819866554,3.597445885645626,3.597445885645626,258,816,8,138,0,33,0.00980392156862745,0.16911764705882354,5,64,8,5,51,150,0,0,5,1,0,0,2,1,0,2,,4689,3,1,0,1,0,10,0,0,0,0,0,0,2,4,37,5,-178.2,0,0,,,,,,,,
I4669,722b007a932d17b0e8e9cc908b98b46e4962e9e23d785d5c89f5d2e2d6e88e35,hardneg,TRUE_ENCRYPTION,,installer,full,1,9.0,,113,0,,,,116,113,11,0,0,6,0.09734513274336283,0.0,3,46,1,9,36,162,0,0,8,0,0,0,2,1,0,1,,658,2,1,0,0,1,5,0,0,0,0,0,0,2,2,25,0,-70.4,0,0,,,,,,,,
I4670,2df178dc775d90b94d6c3c50dcb2b26536d6e1651449021663993ac7e5a2207e,hardneg,TRUE_ENCRYPTION,,installer,full,1,9.0,,123,30,-0.03258822745183785,3.4805015770584857,3.4805015770584857,206,123,16,0,1,4,0.13008130081300814,0.0,6,59,0,10,49,280,0,0,6,1,0,0,2,1,0,2,,221,0,0,0,1,0,4,0,0,0,0,0,0,1,1,32,0,-96.0,0,0,,,,,,,,
I4671,16d53df3c3609d6eaa5fa1990549c6a7962bda76a33c6cff9474322c061ef3bb,hardneg,NO_VICTIM_ACTIVITY,,installer,full,0,6.0,,63,4,-0.0036978179017512886,3.219539785312086,3.219539785312086,47,63,9,2,5,9,0.14285714285714285,0.031746031746031744,3,29,1,11,17,0,0,0,0,0,0,0,0,0,0,0,,0,,,,,,9,0,0,0,0,0,0,3,3,40,11,-6.4,0,0,,,,,,,,
I4672,d960cee1ef5535379ae0cd73d4e00c7bf4f91e78ecbaa1fa210275c19e35dcfa,hardneg,TRUE_ENCRYPTION,,installer,full,1,8.0,,207,0,,,,70,207,0,2,1,0,0.0,0.00966183574879227,2,43,1,22,20,369,2,2,8,0,0,0,0,1,2,1,openssl,0,,,1,0,0,0,0,0,0,0,0,0,0,0,0,0,,0,0,,,,,,,,
I4673,e70cbcc64c966d333940779bf4c5a041bfd9d093a47bb48b48933033ee76fdfc,hardneg,NO_VICTIM_ACTIVITY,,installer,full,0,5.699999999999999,,63,0,,,,24,63,9,2,5,8,0.14285714285714285,0.031746031746031744,3,24,2,8,14,0,0,0,0,0,0,0,0,0,0,0,,0,,,,,,8,0,0,0,0,0,0,3,3,38,11,-7.7,0,0,,,,,,,,
I4674,a0049fd974f1a1e7e133ec31fbd420843e75d49459391ec343b6e7883bfcb895,hardneg,NO_VICTIM_ACTIVITY,,installer,full,0,6.0,,63,4,-0.0028656591909094788,3.219539785312086,3.219539785312086,47,63,9,2,5,7,0.14285714285714285,0.031746031746031744,3,25,0,10,15,0,0,0,0,0,0,0,0,0,0,0,,0,,,,,,8,0,0,0,0,0,0,3,3,40,11,-7.0,0,0,,,,,,,,
I4675,3bdede611004fef492685a2bbdc97d4c6d31a81be54d8e6392d9e027bb490afa,hardneg,NO_VICTIM_ACTIVITY,,installer,full,1,9.0,,45,0,,,,15,45,5,0,0,0,0.1111111111111111,0.0,2,3,2,0,1,162,0,0,8,0,0,0,2,1,0,1,,118,1,0,0,0,1,0,0,0,0,0,0,0,0,0,0,0,,0,0,,,,,,,,
I4676,fd6005e5a98e54fc37201d39550c74e9f6ca9f31c1544408ab5618681608a68a,hardneg,FAILED,,installer,full,1,2.0,,0,0,,,,0,0,0,0,0,0,,,0,0,0,0,0,198,0,0,8,0,0,0,1,1,1,1,,0,,,0,0,1,0,0,0,0,0,0,0,0,0,0,0,,0,0,,,,,,,,
I4677,71d927dd15c4756b42fc8bb2349b2c2b5681b052f43dd826c211583710b2707b,hardneg,FAILED,,installer,full,1,2.0,,27,0,,,,0,27,0,0,0,0,0.0,0.0,0,1,0,1,0,121,0,0,4,0,0,0,0,0,2,0,,0,,,0,0,1,0,0,0,0,0,0,0,0,0,0,0,,0,0,,,,,,,,
I4678,d4633e06f4145ef8ede7438d42b856b822cd5aa23a4ce9d80839111c8d1479f3,hardneg,TRUE_ENCRYPTION,,installer,full,1,9.0,,217,0,,,,223,217,15,89,0,28,0.06912442396313365,0.41013824884792627,5,59,5,5,49,146,0,0,4,1,0,0,2,1,0,2,,1552,3,1,0,0,1,12,0,0,0,0,0,0,2,4,54,5,-233.5,0,0,,,,,,,,
I4679,d9ad12a9bc007576506eb632bef0d79389eb0c25d113ab4e22dcb75e386b81d7,hardneg,NO_VICTIM_ACTIVITY,,installer,full,1,9.0,,237,0,,,,310,237,9,27,0,7,0.0379746835443038,0.11392405063291139,6,58,5,5,48,142,0,0,4,0,0,0,2,1,0,1,,1443,3,2,0,0,1,6,0,0,0,0,0,0,1,1,32,5,-382.8,0,0,,,,,,,,
I4680,ddec9c53864280759cf9f74791cefd387100e3946aa849a1c138a4ed1b96b7d9,hardneg,NO_VICTIM_ACTIVITY,,installer,full,0,6.0,,63,4,-0.0032961839946264886,3.219539785312086,3.219539785312086,48,63,9,2,5,8,0.14285714285714285,0.031746031746031744,3,25,1,9,15,0,0,0,0,0,0,0,0,0,0,0,openssl,0,,,,,,8,0,0,0,0,0,0,3,3,40,11,-7.9,0,0,,,,,,,,
I4681,81bbdffb92181a11692ec6651cc1831483ec6041266eb12eba9c71200248a8c4,hardneg,NO_VICTIM_ACTIVITY,,installer,full,0,3.3,,1,0,,,,2,1,0,0,0,0,0.0,0.0,0,2,0,1,1,19,0,0,0,0,0,0,0,0,0,0,,325,0,0,0,0,1,0,0,0,0,0,0,0,0,0,15,0,,0,0,,,,,,,,
I4682,ff508e2f912d59c9eabaf03633ebacfd45c2049f38dcac027b8a7d7ad867ab2f,hardneg,NO_VICTIM_ACTIVITY,,installer,full,1,9.0,,156,0,,,,288,156,12,0,0,16,0.07692307692307693,0.0,3,90,1,3,86,162,0,0,8,0,0,0,2,1,0,1,,1072,3,2,0,0,1,6,0,0,0,0,0,0,3,7,53,0,-69.7,0,0,,,,,,,,
I4683,e0852f32ffb77db7ce97ae81ae50acc1bf2f51729735bb3686b7d76a156dda7c,hardneg,NO_VICTIM_ACTIVITY,,installer,full,1,2.3,,0,0,,,,0,0,0,0,0,0,,,0,0,0,0,0,46,0,0,1,0,0,0,0,0,0,0,boost,0,,,0,0,1,0,0,0,0,0,0,0,0,0,0,0,,0,0,,,,,,,,
I4684,1deb6a2672e5c98f3160f8b626afb2ae178c37a8b42a543c73a30e75c467ceeb,hardneg,TRUE_ENCRYPTION,,installer,full,1,9.0,,113,0,,,,120,113,11,0,0,39,0.09734513274336283,0.0,3,66,2,6,58,162,0,0,8,0,0,0,2,1,0,1,,708,3,2,0,0,1,11,0,0,0,0,0,0,3,8,26,0,-42.0,0,0,,,,,,,,
I4685,57c9f80875a080b49a778e3244f93cf214140818afe3174a5147c0ef7a24a3e1,hardneg,NO_VICTIM_ACTIVITY,,installer,full,0,9.0,,30,6,-0.0948873091650102,4.003258334775645,4.169925001442312,22,30,0,0,0,1,0.0,0.0,0,17,0,7,10,0,0,0,0,0,0,0,0,0,0,0,,1,0,0,,,,1,0,0,0,0,0,0,0,0,38,0,,0,0,,,,,,,,
I4686,ca1cc15e0a7e57799bb22f5307a1546662c6ad1e8dcf9831df0ad1f2a4c6e242,hardneg,NO_VICTIM_ACTIVITY,,installer,full,1,0.3,,0,0,,,,0,0,0,0,0,0,,,0,0,0,0,0,46,0,0,1,0,0,0,0,0,0,0,boost,0,,,0,0,1,0,0,0,0,0,0,0,0,0,0,0,,0,0,,,,,,,,
I4687,3070dfb895630fc01b4deabeffc3574681bb63f1dbd82f959aa663a6e09891fe,hardneg,NO_VICTIM_ACTIVITY,,installer,full,1,2.3,,0,0,,,,0,0,0,0,0,0,,,0,0,0,0,0,46,0,0,1,0,0,0,0,0,0,0,boost,0,,,0,0,1,0,0,0,0,0,0,0,0,0,0,0,,0,0,,,,,,,,
I4688,b8edd18bec9791aa9068c6a2baa74346437fa1eb7587393325a6473c00442c71,hardneg,NO_VICTIM_ACTIVITY,,installer,full,1,9.0,,257,2643,-0.0012047165862253736,6.027046666207991,6.37849034503095,780,257,116,2,5,8,0.45136186770428016,0.007782101167315175,6,143,6,15,122,164,0,0,8,0,0,0,2,1,0,1,,255,0,0,0,1,0,8,0,0,0,0,0,0,2,2,29,8,-20.5,0,0,,,,,,,,
I4689,0cbc0b34a74b3aff3ace0910328549155a770e228331b19cb1498218a120e7ff,hardneg,TRUE_ENCRYPTION,,installer,full,1,9.0,,4456,6,-0.014730377317320964,3.530319144488584,3.5456514217882757,555,4456,36,4999,0,37,0.00807899461400359,1.1218581687612208,10,294,12,37,245,150,0,0,5,1,0,0,2,1,0,2,,1424,3,1,0,1,0,30,0,0,0,0,0,0,1,1,121,0,-380.3,2,1,2,1,5.1,5035,542.2,0,1,
I4690,a46e74cbb167df6968b6ca26313713c32e129925cfe164aef31743a9d46d3dac,hardneg,NO_VICTIM_ACTIVITY,,installer,full,0,9.0,,234,1619,0.06660672896598321,6.030901988225169,6.37849034503095,1112,234,141,1,0,37,0.6025641025641025,0.004273504273504274,23,189,4,15,170,0,0,0,0,0,0,0,0,0,0,0,,0,,,,,,15,0,0,0,0,0,0,3,5,79,5,-204.2,0,0,,,,,,,,
I4691,1a022a489fe27cbac40f74811665b324630512eb0b9d9b850cfb1192d8309ccf,hardneg,TRUE_ENCRYPTION,,installer,full,0,9.0,,1725,7810,-0.04272939600357142,7.892837953830421,7.930842994837945,2365,1725,6,1,4,9,0.0034782608695652175,0.0005797101449275362,6,156,0,66,90,0,0,0,0,0,0,0,0,0,0,0,,0,,,,,,9,0,0,0,0,0,0,2,2,36,0,-346.1,0,0,,,,,,,,
I4692,a8f3df0ac57c6b74aa1b1d22e5f202dc5ddb46663579d4e5108a69cc99b6f823,hardneg,NO_VICTIM_ACTIVITY,,installer,full,0,9.0,,61,0,,,,376,61,2,0,0,10,0.03278688524590164,0.0,1,51,1,1,49,0,0,0,0,0,0,0,0,0,0,0,,373,1,1,,,,3,0,0,0,0,0,0,1,1,6,0,-374.0,0,0,,,,,,,,
I4693,89bcc3d49f87a5f7dfd245fa366ea426039111fed7e3de44b5cbfc1c2871508a,hardneg,TRUE_ENCRYPTION,,installer,full,0,9.0,,3052,0,,,,387,3052,8,904,0,12,0.002621231979030144,0.2961992136304063,5,111,10,7,94,0,0,0,0,0,0,0,0,0,0,0,,3054,4,4,,,,8,0,0,0,0,0,0,3,4,38,8,-378.5,0,0,,,,,,,,
I4694,1233f6c1c240c290faed1d08825808bd4ef5d006b752e6c5a7336c64fa5c1d08,hardneg,NO_VICTIM_ACTIVITY,,installer,full,0,9.0,,50,0,,,,4,50,3,0,0,0,0.06,0.0,2,7,0,2,5,0,0,0,0,0,0,0,0,0,0,0,,202,1,1,,,,0,0,0,0,0,0,0,0,0,10,0,,0,0,,,,,,,,
I4695,e303cced835e1a8a1041580eeaea3b7b3658c348d77ea53a108a95926625c41a,hardneg,NO_VICTIM_ACTIVITY,,installer,full,0,5.699999999999999,JavaDropper,63,0,,,,24,63,9,2,5,8,0.14285714285714285,0.031746031746031744,3,24,1,10,13,0,0,0,0,0,0,0,0,0,0,0,,0,,,,,,8,0,0,0,0,0,0,3,3,38,11,-6.4,0,0,,,,,,,,
I4696,fae25a7c9ea72c51aa7591fe1487b4d1c2d51153e306cbf4c9f87620868bf7e1,hardneg,TRUE_ENCRYPTION,,installer,full,0,9.0,,3074,3043,-0.014144981558003615,7.825391185240584,7.92771252992597,2554,3074,51,29,4,36,0.016590761223162005,0.009433962264150943,13,277,3,73,201,0,0,0,0,0,0,0,0,0,0,0,,1,0,0,,,,14,0,0,0,0,0,0,4,8,221,1,-18.6,0,0,,,,,,,,
I4697,52e6525f43c6f5679fd147ef346a84c7d4643106966e4b0ef6173e304ccac008,hardneg,NO_VICTIM_ACTIVITY,,installer,full,1,9.0,,410,0,,,,230,410,12,0,0,33,0.02926829268292683,0.0,4,79,1,19,59,164,0,0,8,0,0,0,2,1,0,1,,0,,,0,0,1,10,0,0,0,0,0,0,3,4,41,0,-31.7,0,0,,,,,,,,
I4698,2dc44e339e2a50d96827e199a234713604ac04a5cec2e07bd452cc92e8d6f81b,hardneg,TRUE_ENCRYPTION,,installer,full,1,9.0,,2084,3,-0.03337593022451575,3.7889140178520204,3.7889140178520204,3516,2084,52,0,1,37,0.02495201535508637,0.0,10,124,1,40,83,162,0,0,8,0,0,0,2,1,0,1,,436,2,1,0,1,0,15,0,0,0,0,0,0,3,5,37,0,-386.9,0,0,,,,,,,,
I4699,a945db629e4456d6616595a9b9fda4bc0407fc02a8d18fbce8f7f89390307c13,hardneg,NO_VICTIM_ACTIVITY,,installer,full,0,9.0,,283,1603,0.05627122397128269,6.024491632626783,6.37849034503095,911,283,112,2,5,9,0.3957597173144876,0.007067137809187279,19,128,6,18,104,0,0,0,0,0,0,0,0,0,0,0,,0,,,,,,8,0,0,0,0,0,0,1,1,40,8,-359.2,0,0,,,,,,,,
I4700,738912fea40aca934689444af9c5cd281572417983cc081c204fe6c779f6941d,hardneg,NO_VICTIM_ACTIVITY,,installer,full,1,9.0,,1546,0,,,,372,1546,9,0,0,4,0.005821474773609315,0.0,3,68,0,16,52,162,0,0,8,0,0,0,2,1,0,1,,16759,3,2,0,0,1,3,0,0,0,0,0,0,1,1,32,0,-382.3,0,0,,,,,,,,
I4701,0de6c0aa854728f3e5c21d74b4138f0a515d70cd80921eb3aed6b8e975838a2f,hardneg,TRUE_ENCRYPTION,,installer,full,0,9.0,,643,1591,-0.040157377078576445,6.024878273406546,6.37849034503095,881,643,135,13,0,31,0.2099533437013997,0.02021772939346812,35,157,3,39,115,0,0,0,0,0,0,0,0,0,0,0,,0,,,,,,18,0,0,0,0,0,0,2,3,85,3,-133.5,0,0,,,,,,,,
I4702,1c242ec430f222346c26eb0971bea5d70f748d5ed10cd7b1c40fb00df51aca86,hardneg,NO_VICTIM_ACTIVITY,,installer,full,0,2.5,,36,64,0.07358412461880354,,,47,36,0,1,0,0,0.0,0.027777777777777776,1,22,0,4,18,0,0,0,0,0,0,0,0,0,0,0,,0,,,,,,0,0,0,0,0,0,0,0,0,0,0,,0,0,,,,,,,,
I4703,64fe70e5cb9ffe159d047d1e88db567bd101f60d36b0de28feb674716929a378,hardneg,NO_VICTIM_ACTIVITY,,installer,full,0,3.8,,1,0,,,,1,1,0,0,0,6,0.0,0.0,0,7,0,1,6,0,0,0,0,0,0,0,0,0,0,0,,0,,,,,,5,0,0,0,0,0,0,3,3,2,0,-7.0,0,0,,,,,,,,
I4704,91671757471a08addd3bbcb06feefce9434cda5de3f9501e40762be91e9525cb,hardneg,TRUE_ENCRYPTION,,installer,full,1,9.0,,410,0,,,,1210,410,9,1592,0,33,0.02195121951219512,3.8829268292682926,6,113,3,4,106,142,0,0,4,0,0,0,2,1,0,1,,1826,4,3,0,0,1,10,0,0,0,0,0,0,2,4,34,5,-194.5,0,0,,,,,,,,
I4708,32e635854e028b365a28ebef879fa8fa2bdf2e5bf238f094f89da813b6b02620,hardneg,TRUE_ENCRYPTION,,installer,full,1,9.0,,3368,3,-0.11289794348926546,3.7446697402006293,3.7446697402006293,837,3368,20,7,0,15,0.0059382422802850355,0.0020783847980997625,7,116,1,27,88,164,0,0,8,0,0,0,2,1,0,1,,0,,,0,1,0,6,0,0,0,0,0,0,4,7,24,0,-356.3,0,0,,,,,,,,
I4710,a121fdcf14bb772b6d77452bc5c4cd220224ac8c15714ffa656e588c474ed748,hardneg,TRUE_ENCRYPTION,,installer,full,1,9.0,,394,0,,,,254,394,11,2,0,5,0.027918781725888325,0.005076142131979695,5,77,1,17,59,164,0,0,8,0,0,0,2,1,0,1,,23,0,0,0,0,1,4,0,0,0,0,0,0,2,2,24,0,-40.5,0,0,,,,,,,,
I4711,3a87c24e044ec792047d734c841917ee4323a535e25f645ae6c33141a35fca8d,hardneg,NO_VICTIM_ACTIVITY,,installer,full,0,2.1999999999999997,,1,0,,,,1,1,0,0,0,3,0.0,0.0,0,4,0,1,3,0,0,0,0,0,0,0,0,0,0,0,,0,,,,,,3,0,0,0,0,0,0,2,2,2,0,-7.0,0,0,,,,,,,,
I4731,eb7638b749b012c611e3be1076333a00bdbf2079b795cf93b880ef3f829c976d,hardneg,TRUE_ENCRYPTION,,installer,full,0,9.0,,3434,0,,,,344,3434,9,1381,0,31,0.0026208503203261502,0.4021549213744904,6,111,8,4,99,0,0,0,0,0,0,0,0,0,0,0,,5639,4,4,,,,11,0,0,0,0,0,0,3,7,47,5,-198.4,0,0,,,,,,,,
I4732,88ce6b5ec85fb971c65b2403f984cf20d1647c3a6f3501c31b125fd9d1753656,hardneg,NO_VICTIM_ACTIVITY,,installer,full,0,9.0,,122,223,0.005672877137291073,6.170594905027577,6.376825800964972,331,122,309,2,5,10,2.5327868852459017,0.01639344262295082,34,85,2,8,75,0,0,0,0,0,0,0,0,0,0,0,,0,,,,,,9,0,0,0,0,0,0,1,1,37,8,-356.8,0,0,,,,,,,,
I4733,9c6c1fcea58acdf06edba13148b2246e00c2658143fa51e61ecd370db8c39f63,hardneg,NO_VICTIM_ACTIVITY,,installer,full,0,0.8,,0,0,,,,1,0,0,0,0,0,,,0,1,0,0,1,0,0,0,0,0,0,0,0,0,0,0,,0,,,,,,0,0,0,0,0,0,0,0,0,0,0,,0,0,,,,,,,,
I4734,7765f7f085d04b7fe662ec664825fedd81427dd586023f945182a46e0a0cf5be,hardneg,NO_VICTIM_ACTIVITY,,installer,full,0,9.0,,223,1602,0.015666247744757486,6.03122745817455,6.37849034503095,1050,223,15,1,0,15,0.06726457399103139,0.004484304932735426,4,127,2,8,117,0,0,0,0,0,0,0,0,0,0,0,,291,1,1,,,,8,0,0,0,0,0,0,1,1,10,0,-404.6,0,0,,,,,,,,
I4735,6919356874dcff36d25a65fe204409bf069a31c6ad9f6366e47b20551427375b,hardneg,TRUE_ENCRYPTION,,installer,full,1,9.0,,1395,3,-0.013871827131161502,3.532537401529577,3.532537401529577,395,1395,14,828,0,14,0.01003584229390681,0.5935483870967742,6,144,4,29,111,150,0,0,5,1,0,0,2,1,0,2,,2834,4,2,0,1,0,14,0,0,1,0,0,1,2,2,41,7,-381.4,8,1,3,1,10.4,842,405.4,5,1,0.833
I4736,bd04bfffc53abd624a700bb609df7b2beaefee2b7ac848e3f77e80d1a61418f8,hardneg,NO_VICTIM_ACTIVITY,,installer,full,0,7.0,,0,107,,6.235786217656348,6.404221297782495,13,0,0,0,0,4,,,0,8,0,0,8,1,0,0,0,0,0,0,0,0,0,0,,0,,,0,1,0,4,0,0,0,0,0,0,2,2,2,0,,0,0,,,,,,,,
I4737,8956c0614fcea863730559109e9787ccce37034d72a7faf954945361e58ec48d,hardneg,NO_VICTIM_ACTIVITY,,installer,full,0,9.0,,21,0,,,,36,21,5,0,0,0,0.23809523809523808,0.0,2,7,2,0,5,0,0,0,0,0,0,0,0,0,0,0,,118,1,1,,,,0,0,0,0,0,0,0,0,0,0,0,,0,0,,,,,,,,
I4738,6a7a3ede0e49918024caac63633177ec9634a2eb3dc27dbf0c66828684e8e204,hardneg,TRUE_ENCRYPTION,,installer,full,1,9.0,,1291,3,-0.009211433015864244,3.4149245437191666,3.4149245437191666,433,1291,20,841,0,19,0.015491866769945779,0.65143299767622,7,172,4,37,131,150,0,0,5,1,0,0,2,1,0,2,,3047,4,2,0,1,0,18,0,0,1,0,0,1,3,3,58,10,-157.1,8,1,3,1,7.4,861,582.0,5,1,0.895
I4739,416037f3de4ac24939b1b9eb5b5fccacaa84c29f79ec5afda1e006911dea26e0,hardneg,NO_VICTIM_ACTIVITY,,installer,full,1,2.5999999999999996,,0,0,,,,8,0,0,0,0,0,,,0,1,0,0,1,46,0,0,1,0,0,0,0,0,0,0,boost,0,,,0,0,1,0,0,0,0,0,0,0,0,0,0,0,,0,0,,,,,,,,
I4740,8ce01874553da96add5631b25be10bb9968ef67da7ce8832bbabe2da60159e87,hardneg,TRUE_ENCRYPTION,,installer,full,0,9.0,,528,0,,,,177,528,107,2,5,9,0.20265151515151514,0.003787878787878788,17,106,2,44,60,0,0,0,0,0,0,0,0,0,0,0,,0,,,,,,9,0,0,0,0,0,0,2,2,73,8,-11.8,0,0,,,,,,,,
I4741,f213aca04d30e0e2dc7c43bc79acae8622be291cee6014a90962ed87ea5f10cc,hardneg,TRUE_ENCRYPTION,,installer,full,0,9.0,,2865,69,-0.01957086030619006,,,511,2865,25,1164,0,37,0.008726003490401396,0.406282722513089,7,167,14,31,122,0,0,0,0,0,0,0,0,0,0,0,,3317,4,4,,,,15,0,0,0,0,0,0,3,6,84,10,-123.6,0,0,,,,,,,,
I4742,769f6df020a30f7a298d1aa062719c70f18a26bfe2473a6a6459ff7ca53feb08,hardneg,TRUE_ENCRYPTION,,installer,full,0,9.0,,374,0,,,,170,374,86,0,0,5,0.22994652406417113,0.0,13,68,1,16,51,0,0,0,0,0,0,0,0,0,0,0,,0,,,,,,3,0,0,0,0,0,0,1,1,24,0,-371.2,0,0,,,,,,,,
I4743,50df27aa899491323035aee59b2b9b55df174e13b8dc3694f7c46d7f82770787,hardneg,NO_VICTIM_ACTIVITY,,installer,full,0,9.0,,243,1603,0.01567991414426493,6.029640718618614,6.37849034503095,1026,243,1276,3,0,18,5.251028806584362,0.012345679012345678,37,162,2,15,145,0,0,0,0,0,0,0,0,0,0,0,,248,1,1,,,,13,0,0,0,2,0,0,2,2,33,0,-16.4,2,1,0,0,,0,647.2,2,1,0.009
I4744,a154132c26fd437b2a9b9d983f62dd62398f8601e6428f1655fc83ec510075dd,hardneg,TRUE_ENCRYPTION,,installer,full,1,9.0,,1099,3,-0.01316258284732509,3.5085678670945915,3.5085678670945915,326,1099,24,858,0,10,0.02183803457688808,0.7807097361237488,7,143,5,17,121,96,0,0,3,0,0,0,2,0,0,1,,1188,2,1,0,1,0,9,0,0,1,0,0,0,1,1,41,7,-392.5,3,1,3,1,12.4,882,379.4,0,1,
I4745,8a3ae251c4d3ea1e612c6afd659f2e4ff08122b8e377280edfc3e60cce3b77b1,hardneg,NO_VICTIM_ACTIVITY,,installer,full,0,9.0,,228,1609,0.027728052297726128,6.02751130741062,6.37849034503095,884,228,291,1,0,9,1.2763157894736843,0.0043859649122807015,43,119,4,14,101,0,0,0,0,0,0,0,0,0,0,0,,0,,,,,,8,0,0,0,0,0,0,1,1,31,0,-362.9,0,0,,,,,,,,
I4746,7d7f7dc728d8ef69b2a23a9d237119f4fe18d22ad386121e8649182eedc4fe40,hardneg,NO_VICTIM_ACTIVITY,,installer,full,1,9.0,,3,0,,,,14,3,3,0,0,10,1.0,0.0,2,17,0,3,14,150,0,0,5,1,0,0,2,1,0,2,,644,3,1,0,0,1,8,0,0,0,0,0,0,1,8,6,3,-72.2,0,0,,,,,,,,
I4747,659c55896c32a5e019dc7bde1713d0e5c73186a2c653bed84c4480fa1795b722,hardneg,NO_VICTIM_ACTIVITY,,installer,full,0,0.8,,0,0,,,,1,0,0,0,0,0,,,0,1,0,0,1,0,0,0,0,0,0,0,0,0,0,0,,0,,,,,,0,0,0,0,0,0,0,0,0,0,0,,0,0,,,,,,,,
I4748,5ba6426983123cfb92bc1f09bd888fdbc0f53f300d0d9c5da52ce3aee8d474f0,hardneg,NO_VICTIM_ACTIVITY,,installer,full,0,2.1999999999999997,,1,0,,,,1,1,0,0,0,3,0.0,0.0,0,4,0,1,3,0,0,0,0,0,0,0,0,0,0,0,openssl,0,,,,,,3,0,0,0,0,0,0,3,3,2,0,-5.9,0,0,,,,,,,,
I4749,7b378893e2b3b9a2504eae848f19a6544e475519fd791c32459a42bb0601f5fe,hardneg,TRUE_ENCRYPTION,,installer,full,0,9.0,,3370,328,-0.046808920795372945,6.2100694567859005,6.376825800964972,829,3370,41,4743,0,22,0.012166172106824925,1.4074183976261128,13,387,9,65,313,0,0,0,0,0,0,0,0,0,0,0,,2103,4,4,,,,21,0,0,0,0,0,0,2,3,1622,16,-12.5,0,0,,,,,,,,
I4750,bce4558bbcf695ae30e4f24f3eddc2c14440ab176d453e642581ec83159556bd,hardneg,TRUE_ENCRYPTION,,installer,full,0,9.0,,353,0,,,,169,353,31,17,0,3,0.08781869688385269,0.04815864022662889,5,70,1,12,57,0,0,0,0,0,0,0,0,0,0,0,,23,0,0,,,,3,0,0,0,0,0,0,1,1,25,0,-367.9,0,0,,,,,,,,
I4751,dce85ee5d7d38894c7dc2b4042d94dc087814dbbdb00d0995149a5ecc481d25c,hardneg,NO_VICTIM_ACTIVITY,,installer,full,0,2.1999999999999997,AlienSpy,1,0,,,,1,1,0,0,0,6,0.0,0.0,0,7,0,1,6,0,0,0,0,0,0,0,0,0,0,0,,0,,,,,,5,0,0,0,0,0,0,3,3,2,0,-7.4,0,0,,,,,,,,
I4752,00fb21baab7233f38c93f6dec4ead72472b62f81a6798bfaa0c5f7c0c8558e32,hardneg,NO_VICTIM_ACTIVITY,,installer,full,1,9.0,,1099,84,0.12970140928702728,3.7273362304425235,3.7273362304425235,902,1099,5,8,0,11,0.004549590536851683,0.007279344858962694,3,150,5,64,81,164,0,0,8,0,0,0,2,1,0,1,,318,2,1,0,1,0,12,0,0,0,0,0,0,1,1,9,3,-102.9,0,0,,,,,,,,
I4753,70354eaeeaea7d0592eed91e030a35461cbb3ec73165d96bfde8a9423b43330c,hardneg,NO_VICTIM_ACTIVITY,,installer,full,0,9.0,,280,1602,-0.005277235589721514,6.029326058917042,6.37849034503095,922,280,114,2,5,10,0.40714285714285714,0.007142857142857143,17,129,7,12,110,0,0,0,0,0,0,0,0,0,0,0,,0,,,,,,9,0,0,0,0,0,0,1,1,89,8,-372.7,0,0,,,,,,,,
IB3572,ea0e46e8d8276e188222df19f9bf0f78154bb473076914f872600bd5b6ad237a,hardneg,NO_VICTIM_ACTIVITY,,installer,full,1,9.0,,154,0,,,,210,154,9,0,0,36,0.05844155844155844,0.0,3,65,1,6,58,162,0,0,8,0,0,0,2,1,0,1,,514,2,1,0,0,1,12,0,0,0,0,0,0,3,9,121,0,-143.3,0,0,,,,,,,,
IB3573,c84fa1bef4de48249bbdd5ecf7f6f24b0c1d9fcc1fb7644885af69d2cdee0446,hardneg,NO_VICTIM_ACTIVITY,,installer,full,1,9.0,,118,0,,,,62,118,12,0,0,5,0.1016949152542373,0.0,2,77,0,31,46,114,0,0,8,0,0,0,2,1,2,1,,1675,2,1,0,0,1,4,0,0,0,0,0,0,1,1,52,0,-385.7,0,0,,,,,,,,
IB3574,e8c8de4018ae3ef876f2781edb36af93e6de948a84cf1b0050425261a5350141,hardneg,NO_VICTIM_ACTIVITY,,installer,full,1,7.0,,208,6,-0.17366124090645924,6.2085923530505465,7.252253210927494,1595,208,121,0,0,1,0.5817307692307693,0.0,20,117,0,26,91,96,0,0,7,1,0,0,0,1,2,1,openssl,0,,,0,1,0,1,0,0,0,0,0,0,0,0,0,0,,0,0,,,,,,,,
IB3575,f0a28736925efb89146a1259ecdd08904a92d2d8ee42a3aed1f9b3ccbf0cd28a,hardneg,TRUE_ENCRYPTION,,installer,full,1,9.0,,549,10,0.30793334706561903,,,6564,549,119,278,1,13,0.2167577413479053,0.5063752276867031,18,142,0,20,122,149,0,0,5,1,0,0,2,1,0,2,,1369,4,2,0,1,0,12,0,0,0,0,0,0,4,4,67,5,-413.3,0,0,,,,,,,,
IB3576,27fd73b8691a1fc8407dc93866becf2ece69d15c3efa9edaffb44c7e4c0d9b46,hardneg,TRUE_ENCRYPTION,,installer,full,1,9.0,,156,0,,,,201,156,22,0,0,14,0.14102564102564102,0.0,3,71,1,11,59,164,0,0,8,0,0,0,2,1,0,1,,738,2,1,0,0,1,9,0,0,0,0,0,0,3,3,39,3,-188.4,0,0,,,,,,,,
IB3577,4a7e6a40cce0ce7e917a412483e6733ab3050c72429d4f2ecdf33cb40ffa8bef,hardneg,FAILED,,installer,full,1,1.0,,0,0,,,,0,0,0,0,0,0,,,0,0,0,0,0,162,0,0,7,0,0,0,0,1,2,0,openssl,0,,,0,0,1,0,0,0,0,0,0,0,0,0,0,0,,0,0,,,,,,,,
IB3578,77c5ea192ca11110df6e16578369669c723f407c035f48a4a25bb8e078afd7cf,hardneg,TRUE_ENCRYPTION,,installer,full,1,9.0,,119,524,0.008013470021532307,3.6829491584263745,3.6829491584263745,213,119,31,71,73,17,0.2605042016806723,0.5966386554621849,6,78,6,22,50,113,0,0,8,0,0,0,0,1,2,0,,3278,2,2,0,1,0,16,0,0,0,0,0,2,1,1,770,17,-424.2,0,0,,,,,,,,
IB3579,2e60596eca13ce54333c268d51ef97b841c6c696aaf694ea236ed727ac6fd4c0,hardneg,NO_VICTIM_ACTIVITY,,installer,full,1,9.0,,103,0,,,,92,103,11,0,0,31,0.10679611650485436,0.0,3,56,1,2,53,164,0,0,8,0,0,0,2,1,0,1,,685,2,1,0,0,1,10,0,0,0,0,0,0,3,4,24,0,-72.7,0,0,,,,,,,,
IB3580,975df890e20706185ae140f6b9e3ad63c53230a64dd9742339ef9bfbb5f52b81,hardneg,TRUE_ENCRYPTION,,installer,full,1,9.0,,1918,0,,,,174,1918,23,1351,0,5,0.011991657977059436,0.7043795620437956,5,109,3,7,99,122,0,0,4,0,0,0,2,1,0,1,,1896,4,3,0,0,1,4,0,0,0,0,0,0,1,1,36,5,-402.6,0,0,,,,,,,,
IB3581,3d2641b436f9a09f7721d4270aa9af15a89b8a884fe26eb051a3e677a8cf0430,hardneg,NO_VICTIM_ACTIVITY,,installer,full,0,5.699999999999999,,63,0,,,,24,63,9,2,5,9,0.14285714285714285,0.031746031746031744,3,25,1,9,15,0,0,0,0,0,0,0,0,0,0,0,,0,,,,,,7,0,0,0,0,0,0,3,3,38,11,-5.6,0,0,,,,,,,,
IB3582,f369b46fca9da1653af513c4b07c6d926582897b0e402f2c8c306df32be44e2e,hardneg,TRUE_ENCRYPTION,,installer,full,1,9.0,,114,0,,,,136,114,9,0,0,6,0.07894736842105263,0.0,3,43,2,7,34,164,0,0,8,0,0,0,2,1,0,1,,562,2,1,0,0,1,5,0,0,0,0,0,0,2,2,25,0,-60.3,0,0,,,,,,,,
IB3583,295910ed2a6a6de0818929c7f856f067ee26422571f9af51468835bb675e9577,hardneg,NO_VICTIM_ACTIVITY,,installer,full,1,10.0,DLAgent02,426,1,-0.13990226998848346,,,187,426,2,53,0,2,0.004694835680751174,0.12441314553990611,1,15,4,3,8,146,0,0,4,1,0,0,2,1,0,2,,1768,4,2,0,1,0,2,0,0,0,0,0,0,0,0,31,5,,0,0,,,,,,,,
IB3584,50c7835b31bc736d0b5e5f894aa8ec08a95185873fb64d29a95727d2859107d8,hardneg,TRUE_ENCRYPTION,,installer,full,1,9.0,,2232,0,,,,1533,2232,36,11,0,9,0.016129032258064516,0.00492831541218638,4,195,16,135,44,165,0,0,8,0,0,0,2,1,0,1,,1855,1,0,0,0,1,4,0,0,0,0,0,0,1,1,42,0,-393.8,0,0,,,,,,,,
IB3585,78ab7f5f2ab1101f8f901f6abe6823e14bef3fdfed4bbb5e9a18c1a1fce8e481,hardneg,NO_VICTIM_ACTIVITY,,installer,full,1,9.0,,3,0,,,,16,3,3,0,0,0,1.0,0.0,2,1,1,0,0,159,0,0,3,0,0,0,2,0,0,1,,19,0,0,0,0,1,0,0,0,0,0,0,0,0,0,0,0,,0,0,,,,,,,,
IB3586,a836238b19cc072909c325738cab7d6fae6745a1ede135dbee1be22a173a9b8c,hardneg,FAILED,,installer,full,1,0.3,,0,0,,,,0,0,0,0,0,0,,,0,0,0,0,0,46,0,0,1,0,0,0,0,0,0,0,boost,0,,,0,0,1,0,0,0,0,0,0,0,0,0,0,0,,0,0,,,,,,,,
IB3587,068c1c3917cf56f0e91ac4c57978ebe1cd94c7f119f03b538ebb3e08f76f0416,hardneg,NO_VICTIM_ACTIVITY,,installer,full,1,8.0,,254,0,,,,160,254,8,7,0,5,0.031496062992125984,0.027559055118110236,5,47,4,5,38,98,0,0,3,0,0,0,2,0,0,1,,9259,3,2,0,0,1,5,0,0,0,0,0,0,2,2,31,5,-31.4,0,0,,,,,,,,
IB3588,1c80a3fbeaafa6577d01b9072ea043c3e1d98d2e7bad774d399fa711de8b736b,hardneg,NO_VICTIM_ACTIVITY,,installer,full,0,5.699999999999999,,63,0,,,,24,63,9,2,5,8,0.14285714285714285,0.031746031746031744,3,24,1,10,13,0,0,0,0,0,0,0,0,0,0,0,,0,,,,,,8,0,0,0,0,0,0,3,3,38,11,-6.3,0,0,,,,,,,,
IB3589,99c8099809150c37f15ca58415a76d5d8a37216462958c6bfc8f0bff6a29d1e9,hardneg,NO_VICTIM_ACTIVITY,,installer,full,1,9.0,,105,0,,,,134,105,11,0,0,5,0.10476190476190476,0.0,3,45,1,3,41,162,0,0,8,0,0,0,2,1,0,1,,669,2,1,0,0,1,4,0,0,0,0,0,0,1,1,26,0,-430.0,0,0,,,,,,,,
IB3590,2d5ad523aa6182205da77c0eb8210638aaa8792f4e6a4bc12e1ac854c5455a68,hardneg,NO_VICTIM_ACTIVITY,,installer,full,1,9.0,,207,18,0.03378973193797551,,,266,207,30,16,0,23,0.14492753623188406,0.07729468599033816,7,89,19,10,60,138,0,0,4,0,0,0,2,1,0,1,,1203,3,2,0,1,0,7,0,0,0,0,0,0,1,4,52,5,-233.2,0,0,,,,,,,,
IB3591,8b2fd4237ffd5c6b1b1cdc7ad15f9b3f714b3fd6ca3868046fd31a8bcf8e0500,hardneg,TRUE_ENCRYPTION,,installer,full,1,9.0,,111,0,,,,111,111,10,0,0,31,0.09009009009009009,0.0,3,49,2,4,43,162,0,0,8,0,0,0,2,1,0,1,,625,3,2,0,0,1,10,0,0,0,0,0,0,3,7,26,0,-22.8,0,0,,,,,,,,
IB3592,1133cde2e4cf3448b5fa6facd2883391d88957057da625a5ab910e7d7c15c36e,hardneg,FAILED,,installer,full,1,8.0,,0,0,,,,0,0,0,0,0,0,,,0,0,0,0,0,114,0,0,5,4,0,0,0,0,2,1,,0,,,0,0,1,0,0,0,0,0,0,0,0,0,0,0,,0,0,,,,,,,,
IB3593,045a00237803083d4c9854eb2b8a4d9a216657235ab383bec4fcf731103148a7,hardneg,TRUE_ENCRYPTION,,installer,full,1,9.0,,810,3,-0.05008744575670616,3.5784070882907986,3.5784070882907986,683,810,12,0,0,6,0.014814814814814815,0.0,3,56,1,9,46,162,0,0,8,0,0,0,2,1,0,1,,5896,3,2,0,1,0,3,0,0,0,0,0,0,1,1,51,0,-465.3,0,0,,,,,,,,
IB3594,37aa0a58daeafbb068ed5039d93892399a25568610b63b7d1e6c3f007d10b8cc,hardneg,NO_VICTIM_ACTIVITY,,installer,full,0,2.6999999999999997,,1,0,,,,1,1,0,0,0,8,0.0,0.0,0,9,0,1,8,0,0,0,0,0,0,0,0,0,0,0,,0,,,,,,5,0,0,0,0,0,0,4,4,15,3,-10.2,0,0,,,,,,,,
IB3595,32fb7eb4534942a1f958de4914eeb79d87d9dd7686e4df5361277bf85922c3b5,hardneg,NO_VICTIM_ACTIVITY,,installer,full,1,9.0,,326,0,,,,338,326,8,32,0,32,0.024539877300613498,0.09815950920245399,5,71,5,4,62,150,0,0,5,1,0,0,2,1,0,2,,2357,4,2,0,0,1,10,0,0,0,0,0,0,2,4,369,5,-232.1,0,0,,,,,,,,
IB3596,7612d5e44a5a392ab9f0d1b5b8a79bda3cdbe19848e8ee9ec23909aaf3daad45,hardneg,TRUE_ENCRYPTION,,installer,full,1,9.0,,160,0,,,,143,160,12,2,5,7,0.075,0.0125,4,62,2,15,45,153,0,0,7,0,0,0,1,0,3,1,,3653,3,2,0,0,1,7,0,0,0,0,0,0,3,3,60,11,-103.1,0,0,,,,,,,,
IB3597,c9afa6bfa3e8d8c8e6110c60894f5f70ee3bf69c921f440163feb402f3db2819,hardneg,NO_VICTIM_ACTIVITY,,installer,full,1,9.0,,100,0,,,,140,100,11,0,0,3,0.11,0.0,3,51,1,3,47,162,0,0,8,0,0,0,2,1,0,1,,645,2,1,0,0,1,3,0,0,0,0,0,0,1,1,29,0,-387.0,0,0,,,,,,,,
IB3598,f5f19e870163c20ec63a656d6f5d0c123e07c4254899380ebeec51b00766e615,hardneg,NO_VICTIM_ACTIVITY,,installer,full,0,2.1999999999999997,,1,0,,,,1,1,0,0,0,5,0.0,0.0,0,6,0,1,5,0,0,0,0,0,0,0,0,0,0,0,,0,,,,,,4,0,0,0,0,0,0,3,3,2,0,-6.8,0,0,,,,,,,,
IB3599,f99fbca8aaeb63bbe2015ef47c64a2a64e7293ff60140a0589987bea7e4cdf6c,hardneg,TRUE_ENCRYPTION,,installer,full,1,9.0,,3465,0,,,,902,3465,12,4752,0,4,0.003463203463203463,1.3714285714285714,6,87,3,3,81,148,0,0,5,1,0,0,2,1,0,2,,5771,4,2,0,0,1,4,0,0,0,0,0,0,1,1,33,5,-388.9,0,0,,,,,,,,
IB3600,8543bdf746394c4c12527b05f9c2a62491854f8a22491f607ca5b730011a3b6f,hardneg,NO_VICTIM_ACTIVITY,,installer,full,0,10.0,WinosStager,10031,942,-0.06462847313984622,6.281469438835011,6.476157391559539,218,10031,15,2,5,6,0.0014953643704516,0.00019938191606021333,5,204,2,140,62,0,0,0,0,0,0,0,0,0,0,0,,0,,,,,,6,0,0,0,0,0,0,1,2,31,8,-38.8,0,0,,,,,,,,
IB3601,3a1b264989a112c51f546ed07d4219541f2522573dcbab27973842fdf3b8f9b4,hardneg,NO_VICTIM_ACTIVITY,,installer,full,0,9.0,,321,1603,0.2038369733544083,6.0289656031073475,6.37849034503095,1155,321,106,2,5,13,0.3302180685358255,0.006230529595015576,17,127,7,23,97,0,0,0,0,0,0,0,0,0,0,0,,0,,,,,,11,0,0,0,0,0,0,4,4,117,11,-121.0,0,0,,,,,,,,
IB3602,a6fa0865ca7d3e4f94a6db30c7974a0bae8ec7d3586c28ca889a73ff390dba4e,hardneg,NO_VICTIM_ACTIVITY,,installer,full,0,2.6999999999999997,,1,0,,,,1,1,0,0,0,6,0.0,0.0,0,7,0,1,6,0,0,0,0,0,0,0,0,0,0,0,openssl,0,,,,,,5,0,0,0,0,0,0,4,4,15,3,-4.0,0,0,,,,,,,,
IB3603,a0bf7ce9b0ce59f0e1c6f57a14b859e2f05235a08ba8a5ee5351b106a06648eb,hardneg,TRUE_ENCRYPTION,,installer,full,0,9.0,,1247,0,,,,128,1247,7,0,0,3,0.0056134723336006415,0.0,2,53,0,6,47,0,0,0,0,0,0,0,0,0,0,0,,252,0,0,,,,3,0,0,0,0,0,0,1,1,18,0,-370.9,0,0,,,,,,,,
IB3604,8b1cd75531cfe461fe8a0700c4967c5a1c17837e01e31cf02fd36bd3aa52ae20,hardneg,NO_VICTIM_ACTIVITY,,installer,full,0,9.0,,300,1603,0.039241602880713086,6.028549294310491,6.37849034503095,920,300,160,15,5,9,0.5333333333333333,0.05,22,117,5,13,99,0,0,0,0,0,0,0,0,0,0,0,,0,,,,,,8,0,0,0,0,0,0,1,1,57,8,-370.0,0,0,,,,,,,,
IB3605,724a656c92d77d74650efd18fd60b1f11840bfe4531321b2bcd6cf27c9bc7865,hardneg,NO_VICTIM_ACTIVITY,,installer,full,0,9.0,,46,0,,,,309,46,534,0,0,5,11.608695652173912,0.0,22,73,1,1,71,0,0,0,0,0,0,0,0,0,0,0,,0,,,,,,3,0,0,0,0,0,0,1,1,22,0,-381.0,0,0,,,,,,,,
IB3606,3bbbe6bbae9f89107e4927d16359118c4ac5438e6f2fa86db06edf07f3c2082b,hardneg,NO_VICTIM_ACTIVITY,,installer,full,1,9.0,,213,0,,,,305,213,12,5,0,4,0.056338028169014086,0.023474178403755867,5,54,4,3,47,150,0,0,5,1,0,0,2,1,0,2,,1747,4,2,0,0,1,4,0,0,0,0,0,0,1,1,36,5,-381.9,0,0,,,,,,,,
IB3607,99e0741977f82132a9bf6c6593a57ab9c686a1c8355338d0ac1e1ea622ecc96b,hardneg,NO_VICTIM_ACTIVITY,,installer,full,0,9.0,,59,0,,,,225,59,139,0,0,38,2.3559322033898304,0.0,21,75,0,3,72,0,0,0,0,0,0,0,0,0,0,0,,0,,,,,,13,0,0,0,0,0,0,3,7,37,3,-14.1,0,0,,,,,,,,
IB3608,bcf9e9192890df139ea392c10e2350201cafa3860fadcbfefbf8fd225dba7ac8,hardneg,NO_VICTIM_ACTIVITY,,installer,full,0,9.0,,107,0,,,,241,107,441,2,5,37,4.121495327102804,0.018691588785046728,51,98,3,10,85,0,0,0,0,0,0,0,0,0,0,0,,0,,,,,,15,0,0,0,1,0,0,2,5,161,8,-221.6,1,1,0,0,,0,526.3,1,1,0.26
IB3609,9bf0748e248a93cf3e1a42e6bdcc9cfba41fa5247cf78331561df8f72fea1d7c,hardneg,TRUE_ENCRYPTION,,installer,full,1,10.0,WinosStager,1404,31,-0.006839546526258969,4.444831593339712,5.769454882778696,325,1404,24,74,5,39,0.017094017094017096,0.05270655270655271,7,99,14,14,71,122,0,0,4,0,0,0,2,1,0,1,,6750,4,3,0,1,0,16,0,0,0,0,0,0,4,8,72,16,-118.8,0,0,,,,,,,,
IB3610,ae5938cf752eaa409591fb280663fe5d5ce976a0ff404874f420b849d9c80b90,hardneg,TRUE_ENCRYPTION,,installer,full,1,9.0,,1319,3,-0.017809434004846476,3.5281757102318463,3.5281757102318463,395,1319,16,840,0,14,0.012130401819560273,0.6368460955269143,6,130,4,24,102,138,0,0,4,0,0,0,2,1,0,1,,2979,4,3,0,1,0,14,0,0,1,0,0,1,2,2,43,7,-283.7,8,1,3,1,4.8,856,277.4,5,1,0.876
IB3611,d3e019e8471e459983c01b23b0b6e07e7af309146a2e1f9337a8189116c06e51,hardneg,NO_VICTIM_ACTIVITY,,installer,full,1,9.0,,885,0,,,,410,885,16,105,0,4,0.01807909604519774,0.11864406779661017,5,61,12,3,46,150,0,0,5,1,0,0,2,1,0,2,,2723,3,1,0,0,1,4,0,0,0,0,0,0,1,1,37,5,-386.0,0,0,,,,,,,,
IB3612,fb88e4ecb8c3bd31781da0b396bd8b91e5ad04f7a0e73f95ae4eac0a3a7a9ff2,hardneg,NO_VICTIM_ACTIVITY,,installer,full,1,9.0,,353,0,,,,175,353,115,28,0,4,0.32577903682719545,0.07932011331444759,14,78,2,13,63,164,0,0,8,0,0,0,2,1,0,1,,23,0,0,0,0,1,4,0,0,0,0,0,0,1,1,27,0,-380.0,0,0,,,,,,,,
IB3613,01c98d98aa9895027de3fe2f698c3d042b8cc6256504e94eca119bfaaacca88f,hardneg,NO_VICTIM_ACTIVITY,,installer,full,0,9.0,,266,1603,0.18673484968917137,6.027935545694311,6.37849034503095,927,266,118,2,5,37,0.44360902255639095,0.007518796992481203,22,115,5,14,96,0,0,0,0,0,0,0,0,0,0,0,,0,,,,,,14,0,0,0,0,0,0,2,6,44,8,-215.4,0,0,,,,,,,,
IB3614,d811dc140e8837f0337b1284030ee5fc01e62b0e890e7cb4f286604cdfa4c676,hardneg,TRUE_ENCRYPTION,,installer,full,1,9.0,,563,1598,0.12120985496503021,6.027382641988633,6.37849034503095,897,563,114,2,5,36,0.2024866785079929,0.003552397868561279,18,129,7,29,93,164,0,0,8,0,0,0,2,1,0,1,,0,,,0,1,0,14,0,0,0,0,0,0,2,6,41,8,-222.6,0,0,,,,,,,,
IB3615,0b4e511fe881f8202cc75f0c461c7bdc666f8d87b25dae6137740384e2e00f76,hardneg,NO_VICTIM_ACTIVITY,,installer,full,0,10.0,HijackLoader,1183,7795,-0.02714720203882335,7.874465427868826,7.930635294984247,2364,1183,12,8,6,19,0.01014370245139476,0.006762468300929839,9,133,1,40,92,0,0,0,0,0,0,0,0,0,0,0,,815,2,2,,,,18,0,0,0,0,0,0,2,2,78,3,-204.8,3,1,0,0,,0,286.4,2,1,0.756
IB3616,2c4d1efb90124f885215f88304c9ecc8bbeecc9cca285f6d17baae43b49f6227,hardneg,NO_VICTIM_ACTIVITY,,installer,full,0,2.1999999999999997,,69,0,,,,1,69,0,0,0,5,0.0,0.0,0,16,0,12,4,0,0,0,0,0,0,0,0,0,0,0,,0,,,,,,4,0,0,0,0,0,0,3,3,2,0,-3.9,0,0,,,,,,,,
IB3617,c059fbf1b754f8b4ba13d05151428629fc5aff43c5ac3ad71edfcb4b55a8c90f,hardneg,TRUE_ENCRYPTION,,installer,full,1,9.0,,1070,0,,,,357,1070,11,246,0,4,0.010280373831775701,0.22990654205607478,5,60,7,7,46,150,0,0,5,1,0,0,2,1,0,2,,2472,4,2,0,0,1,4,0,0,0,0,0,0,0,0,753,5,,0,0,,,,,,,,
IB3618,c3a0b880adbe64dc4bcb68f93016916ab5b55ae43fd227115287bf80257d92dc,hardneg,TRUE_ENCRYPTION,,installer,full,0,9.0,,3117,0,,,,80,3117,8,0,0,7,0.0025665704202759063,0.0,4,66,1,13,52,0,0,0,0,0,0,0,0,0,0,0,,0,,,,,,7,0,0,0,0,0,0,1,1,42,5,-367.7,0,0,,,,,,,,
IB3619,6a3ee3d4d1df9c35af30073977ad44365637fb930969920b0554e7cf874bbae4,hardneg,TRUE_ENCRYPTION,,installer,full,1,7.0,,3757,0,,,,247,3757,6,4999,0,1,0.0015970188980569604,1.3305829118977908,5,74,5,2,67,122,0,0,4,0,0,0,2,1,0,1,,1453,4,3,0,0,1,1,0,0,0,0,0,0,0,0,796,8,,0,0,,,,,,,,
IB3620,1f022c5fd36fcf968edbf311eb4b87f84988f526d8fe3babda8e07a3dce38171,hardneg,TRUE_ENCRYPTION,,installer,full,1,9.0,,1633,0,,,,688,1633,18,238,0,6,0.011022657685241886,0.14574402939375383,6,74,6,12,56,150,0,0,5,1,0,0,2,1,0,2,,19414,4,2,0,0,1,6,0,0,0,0,0,0,1,1,40,5,-389.2,0,0,,,,,,,,
IB3621,6060b2c1d0513855248bdd8b8e1f9278e6417d5f6e3c4e88414851e576e2c959,hardneg,NO_VICTIM_ACTIVITY,,installer,full,1,10.0,WinosStager,0,0,,,,2,0,0,0,0,0,,,0,1,0,0,1,395,7,2,9,1,0,0,4,0,2,3,boost;openssl,0,,,1,0,0,0,0,0,0,0,0,0,0,0,0,0,,0,0,,,,,,,,
IB3622,f759ab19dcc1be5df734d84fae7c71de9321fe9bf50dfcf35c91015f6b0a1dcc,hardneg,NO_VICTIM_ACTIVITY,,installer,full,1,9.0,,166,0,,,,177,166,21,2,5,7,0.12650602409638553,0.012048192771084338,5,70,3,7,60,162,0,0,8,0,0,0,2,1,0,1,,312,1,0,0,0,1,7,0,0,0,0,0,0,3,3,207,11,-117.7,0,0,,,,,,,,
IB3623,9a53b0f5415d153dfd64f022b3731d02b9e4e87bc0093ef96682e7ead895f52b,hardneg,TRUE_ENCRYPTION,,installer,full,0,9.0,,2775,0,,,,1728,2775,22,3868,5,10,0.007927927927927928,1.3938738738738738,8,150,4,25,121,0,0,0,0,0,0,0,0,0,0,0,,1556,4,4,,,,9,0,0,0,0,0,0,4,4,70,16,-117.0,0,0,,,,,,,,
IB3624,74ff2c36948c0673c71909a38500b5ea85090473a6ff7dcf6cbb5a7fae3cb47c,hardneg,TRUE_ENCRYPTION,,installer,full,1,9.0,,1145,0,,,,1028,1145,12,658,0,31,0.010480349344978166,0.5746724890829694,5,81,11,3,67,150,0,0,5,1,0,0,2,1,0,2,,1257,3,1,0,0,1,10,0,0,0,0,0,0,2,4,29,6,-225.3,0,0,,,,,,,,
IB3625,0238532f899fdd152e15508aa72f512c3b41faf58be7600a625737fcfce999e8,hardneg,NO_VICTIM_ACTIVITY,,installer,full,0,2.1999999999999997,,1,0,,,,1,1,0,0,0,5,0.0,0.0,0,6,0,1,5,0,0,0,0,0,0,0,0,0,0,0,,0,,,,,,5,0,0,0,0,0,0,3,3,2,0,-6.2,0,0,,,,,,,,
IB3626,e5641f3841ec724fcb5e00a22d980f410ee507fdd00669b86db0c29f9b741162,hardneg,TRUE_ENCRYPTION,,installer,full,1,9.0,,1072,20,-0.09463533692795174,,,4061,1072,40,522,1,33,0.03731343283582089,0.4869402985074627,11,92,8,14,70,150,0,0,5,1,0,0,2,1,0,2,,1058,4,2,0,1,0,16,0,0,0,0,0,0,2,4,41,5,-226.3,0,0,,,,,,,,
IB3627,da034509c6fbfdd05f0ad7c4106ba7d8e562cca680486af7edcbcc1ab81f148e,hardneg,TRUE_ENCRYPTION,,installer,full,0,9.0,,438,0,,,,193,438,96,2,5,8,0.2191780821917808,0.0045662100456621,15,90,3,36,51,0,0,0,0,0,0,0,0,0,0,0,,0,,,,,,9,0,0,0,0,0,0,2,2,49,8,-11.5,0,0,,,,,,,,
IB3628,d77a6e2d1262073830a7bb5e5d935ba8cf18d9234942635e6ff042c718951f43,hardneg,NO_VICTIM_ACTIVITY,,installer,full,0,9.0,,154,1249,0.15303487112808953,5.969040288643455,6.37849034503095,720,154,101,0,0,7,0.6558441558441559,0.0,15,85,3,6,76,0,0,0,0,0,0,0,0,0,0,0,,0,,,,,,6,0,0,0,0,0,0,1,1,34,0,-367.9,0,0,,,,,,,,
IB3629,bd9631c18b6b0bede73fdb80481784d2e21820e9dbb1d3d7f1b98b5d89745209,hardneg,TRUE_ENCRYPTION,,installer,full,1,9.0,,1011,0,,,,276,1011,24,136,5,36,0.02373887240356083,0.13452027695351138,9,75,5,9,61,138,0,0,4,0,0,0,2,1,0,1,,1787,3,2,0,0,1,14,0,0,0,0,0,0,4,5,59,16,-116.4,0,0,,,,,,,,
IB3630,6a1c374ee1e8d72b2b066fde3a9ae78378266c486b62f8d503d3817827888e4b,hardneg,TRUE_ENCRYPTION,,installer,full,1,9.0,,2911,74,-0.007801225303420692,,,2558,2911,63,4,5,37,0.02164204740638956,0.0013740982480247338,10,179,17,35,127,162,0,0,8,0,0,0,2,1,0,1,,2718,2,1,0,1,0,15,0,0,0,0,0,0,2,4,30,8,-234.7,0,0,,,,,,,,
IB3631,427784024d73bb197e25cc82a1c33ae0e61eee3f48ceb1f3862e91b7cd839218,hardneg,TRUE_ENCRYPTION,,installer,full,0,9.0,,1122,71,-0.011729056131099608,5.716122941810377,6.376825800964972,836,1122,6,11,0,13,0.0053475935828877,0.00980392156862745,3,181,9,80,92,0,0,0,0,0,0,0,0,0,0,0,,144,1,1,,,,11,0,0,0,0,0,0,1,1,8,3,-119.8,0,0,,,,,,,,
IB3632,ad3cb06ad5444b5c599ba3b4023974e1da7630cd392b7e6fc9b6e6fed1e7e404,hardneg,TRUE_ENCRYPTION,,installer,full,1,9.0,,282,0,,,,797,282,27,6,5,10,0.09574468085106383,0.02127659574468085,7,113,5,20,88,146,0,0,4,1,0,0,2,1,0,2,,802,4,2,0,0,1,9,0,0,0,0,0,0,4,5,78,16,-118.8,0,0,,,,,,,,
IB3633,8a396ed3b09057a14d87b8d7f5764f3f1d5096f14cd87170aebfb954d6270d1a,hardneg,TRUE_ENCRYPTION,,installer,full,0,9.0,,431,0,,,,188,431,9,28,2,7,0.02088167053364269,0.06496519721577726,8,103,0,38,65,0,0,0,0,0,0,0,0,0,0,0,,0,,,,,,6,0,0,0,0,0,0,1,1,155,0,-372.9,0,0,,,,,,,,
IB3634,bd4c0d29b6b81b58dddf36d4770088459c06d1270d1ce150bba0598464f87446,hardneg,NO_VICTIM_ACTIVITY,,installer,full,1,9.0,,677,746,-0.04172481512405317,6.264605330388094,6.476157391559539,177,677,39,0,0,4,0.05760709010339734,0.0,3,92,11,51,30,356,0,0,5,0,0,0,0,1,1,0,boost;openssl,0,,,0,1,0,5,0,0,0,0,0,0,0,0,4,0,,1,1,0,0,,0,78.9,0,0,
IB3635,b7ebc44f49d7534835c02743fdad18fda4962eac4a33953b16685b9ec40cfcce,hardneg,TRUE_ENCRYPTION,,installer,full,1,9.0,,2662,0,,,,297,2662,11,690,0,4,0.004132231404958678,0.25920360631104433,5,78,7,5,66,142,0,0,4,0,0,0,2,1,0,1,,2381,4,3,0,0,1,4,0,0,0,0,0,0,1,1,35,5,-376.6,0,0,,,,,,,,
IB3636,603dd64187ff6f0029c4acc3eea175a67aa9cc202ca0e749ad12fa70e5b3262a,hardneg,NO_VICTIM_ACTIVITY,,installer,full,0,9.0,,1916,0,,,,449,1916,10,0,0,3,0.005219206680584551,0.0,3,61,1,5,55,0,0,0,0,0,0,0,0,0,0,0,,20748,3,3,,,,3,0,0,0,0,0,0,1,1,93,0,-378.3,0,0,,,,,,,,
IB3637,2ae04db2e1b95bfeeed5e2ffbfd58ce1d5eb3b35711c8d92a8547a09d53c671d,hardneg,NO_VICTIM_ACTIVITY,,installer,full,0,10.0,HijackLoader,1733,8513,-0.024955758219413825,7.877108844570585,7.930785720388744,2384,1733,16,30,6,15,0.009232544720138488,0.017311021350259664,19,221,16,108,97,0,0,0,0,0,0,0,0,0,0,0,,1071,3,3,,,,16,0,0,0,0,0,0,2,2,43,5,-197.8,0,0,,,,,,,,
IB3638,cfb4a1d9dd2e7959c4ebe29bb7436487a8766c4c3e086111fde5bb6fcf19766c,hardneg,NO_VICTIM_ACTIVITY,,installer,full,1,9.0,,102,0,,,,303,102,15,9,0,32,0.14705882352941177,0.08823529411764706,5,80,1,2,77,150,0,0,4,1,0,0,2,1,0,2,,1844,4,2,0,0,1,11,0,0,0,0,0,0,3,7,1333,9,-223.8,0,0,,,,,,,,
W4636,159de6ae13bbd03ff95e85e9b9d97c6e45e73dd1f11a66fd9f72f2ba2f4dd212,hardneg,NO_VICTIM_ACTIVITY,,wintool,full,0,2.8,,4,0,,,,9,4,0,0,0,3,0.0,0.0,0,7,0,2,5,0,0,0,0,0,0,0,0,0,0,0,,0,,,,,,3,0,0,0,0,0,0,0,0,0,0,,0,0,,,,,,,,
W4637,490b6a726b1918b818c21f64de611dfa2ef8df2143d22dc075f6c611bebe5597,hardneg,NO_VICTIM_ACTIVITY,,wintool,full,0,2.8,,5762,0,,,,10,5762,0,0,0,3,0.0,0.0,0,23,0,19,4,0,0,0,0,0,0,0,0,0,0,0,,0,,,,,,3,0,0,0,0,0,0,0,0,0,0,,0,0,,,,,,,,
W4638,0c32d20aa60b488c9dd28880af80ce85b700d221dadcdcfd08979432583a008e,hardneg,NO_VICTIM_ACTIVITY,,wintool,full,0,4.9,,280,0,,,,9,280,0,0,0,57,0.0,0.0,0,97,0,56,41,0,0,0,0,0,0,0,0,0,0,0,,0,,,,,,57,0,0,0,0,0,0,0,0,6,0,,0,0,,,,,,,,
W4639,032393741f859359f0b05b553cac1700163ad916b4e47ac5f529830e92039ab3,hardneg,NO_VICTIM_ACTIVITY,,wintool,full,0,5.699999999999999,,884,0,,,,5,884,0,0,0,208,0.0,0.0,0,359,0,190,169,0,0,0,0,0,0,0,0,0,0,0,,0,,,,,,209,0,0,0,0,0,0,0,0,6,0,,0,0,,,,,,,,
W4640,657afc0bc5f6e609deae30bd67ca57d607a4b9b6a19ee5c28146c9dc89024793,hardneg,NO_VICTIM_ACTIVITY,,wintool,full,0,4.8,,115,0,,,,5,115,0,0,0,2,0.0,0.0,0,41,0,38,3,0,0,0,0,0,0,0,0,0,0,0,,0,,,,,,2,0,0,0,0,0,0,1,37,0,0,-32.5,0,0,,,,,,,,
W4641,c0f2ff001afd96e607b0acdcd43228270b9b052433301c5b2b0268ad8066344d,hardneg,NO_VICTIM_ACTIVITY,,wintool,full,0,8.6,Scarab-Dharma,10,0,,,,8,10,0,0,0,2,0.0,0.0,0,6,0,4,2,0,0,0,0,0,0,0,0,0,0,0,,0,,,,,,2,0,0,0,0,0,0,0,0,0,0,,0,0,,,,,,,,
W4642,3f882328eecac4f70ca8ef8877e1e92a8c551fc7a86469d02a07f00463daa88e,hardneg,NO_VICTIM_ACTIVITY,,wintool,full,0,10.0,,28,596,-0.09670167893908597,5.7676909031337775,6.37849034503095,326,28,4,0,0,5,0.14285714285714285,0.0,2,28,0,3,25,0,0,0,0,0,0,0,0,0,0,0,,0,,,,,,5,0,0,0,0,0,0,1,1,6,0,-364.7,0,0,,,,,,,,
W4643,5fd8da0b8fa1df1f2184b8171ebb6f84e4e765d3dc6dcef6d1563c68d67582d4,hardneg,NO_VICTIM_ACTIVITY,,wintool,full,0,8.6,Scarab-Dharma,56,0,,,,65,56,0,0,56,1,0.0,0.0,0,7,0,6,1,0,0,0,0,0,0,0,0,0,0,0,,0,,,,,,1,0,0,0,0,0,0,0,0,0,0,,0,0,,,,,,,,
W4644,b2b1a265decdd036a65cb62ea59583a99956c07ca98b211f4d37166fef1a2a58,hardneg,NO_VICTIM_ACTIVITY,,wintool,full,0,2.6,,50,0,,,,8,50,0,0,0,1,0.0,0.0,0,3,0,1,2,0,0,0,0,0,0,0,0,0,0,0,,0,,,,,,1,0,0,0,0,0,0,0,0,0,0,,0,0,,,,,,,,
W4645,087e48a18c0d87d00423d1a8c055fe493dfc93fe3551eab7830caeb325e7d26a,hardneg,NO_VICTIM_ACTIVITY,,wintool,full,0,10.0,Scarab-Dharma,335,0,,,,10,335,0,0,0,58,0.0,0.0,0,109,0,58,51,0,0,0,0,0,0,0,0,0,0,0,,0,,,,,,58,0,0,0,0,0,0,0,0,0,0,,0,0,,,,,,,,
W4646,b2699b1a1931279daf2dc7cfa818eb25fc963c85f647788be984ce81a919274d,hardneg,NO_VICTIM_ACTIVITY,,wintool,full,0,5.4,,173,0,,,,8,173,0,0,0,2,0.0,0.0,0,34,0,30,4,0,0,0,0,0,0,0,0,0,0,0,,0,,,,,,2,0,0,0,0,0,0,0,0,0,0,,0,0,,,,,,,,
W4647,b8a8e48624ca9bbc17a4d4cce92e5d23a1b728257cfc2a1bb909cf0cae381420,hardneg,NO_VICTIM_ACTIVITY,,wintool,full,0,3.5,,2738,0,,,,2199,2738,0,0,0,59,0.0,0.0,0,132,0,61,71,0,0,0,0,0,0,0,0,0,0,0,,0,,,,,,59,0,0,0,0,0,0,0,0,0,0,,0,0,,,,,,,,
W4648,7683e2d7e78f797de2af7acdc3d8ee89bd506c948c2bbbca73ccce26bc57d787,hardneg,NO_VICTIM_ACTIVITY,,wintool,full,0,4.2,,4,0,,,,8,4,0,0,0,2,0.0,0.0,0,4,0,1,3,0,0,0,0,0,0,0,0,0,0,0,,0,,,,,,2,0,0,0,0,0,0,0,0,0,0,,0,0,,,,,,,,
W4649,9817f364d48654d36c3f85a45cc747cb46d7e0fbe888d77ad42d9e802ced8c43,hardneg,TRUE_ENCRYPTION,,wintool,full,0,8.6,Scarab-Dharma,38,0,,,,10,38,0,36,0,1,0.0,0.9473684210526315,9,6,2,0,4,0,0,0,0,0,0,0,0,0,0,0,,0,,,,,,1,0,0,0,0,0,0,0,0,0,0,,0,0,,,,,,,,
W4650,87ec73d69661aff7cebb7ec8b7f716da8985696a80d3a62bf8b34e7b2278b2b1,hardneg,TRUE_ENCRYPTION,,wintool,full,0,9.6,Scarab-Dharma,0,0,,,,9,0,0,108,0,1,,,14,10,0,0,10,0,0,0,0,0,0,0,0,0,0,0,,0,,,,,,1,0,0,0,0,0,0,0,0,0,0,,0,0,,,,,,,,
W4651,cb79b99ab9f267dd5ffeaf6d9db96b7118bd00f5177bde1d76baa2c8e41197de,hardneg,NO_VICTIM_ACTIVITY,,wintool,full,0,10.0,Scarab-Dharma,0,0,,,,10,0,0,0,0,2,,,0,4,0,0,4,0,0,0,0,0,0,0,0,0,0,0,,0,,,,,,2,0,0,0,0,0,0,0,0,4,0,,0,0,,,,,,,,
W4652,873fc6da0e47bfbdf6078cd1c1daad180fa81b59b9811239ebcb398ed8743459,hardneg,NO_VICTIM_ACTIVITY,,wintool,full,0,10.0,Scarab-Dharma,1396,0,,,,9,1396,0,0,0,2,0.0,0.0,0,26,0,20,6,0,0,0,0,0,0,0,0,0,0,0,,0,,,,,,2,0,0,0,0,0,0,0,0,4,0,,0,0,,,,,,,,
W4653,a86e98a1f79ee5e9adcc60814fe739ff99eea464b0777e2ec4746c730d959157,hardneg,NO_VICTIM_ACTIVITY,,wintool,full,0,5.0,,3466,0,,,,10,3466,400,0,0,2,0.1154068090017311,0.0,1,57,0,11,46,0,0,0,0,0,0,0,0,0,0,0,,0,,,,,,2,0,0,0,0,0,0,0,0,4,0,,0,0,,,,,,,,
W4654,671f5d7f552f9ddb2ef504122d9b3370c0c52482857bc31f1f122caceaf78dcc,hardneg,NO_VICTIM_ACTIVITY,,wintool,full,0,3.0,,4837,0,,,,8,4837,0,0,0,2,0.0,0.0,0,18,0,15,3,0,0,0,0,0,0,0,0,0,0,0,,0,,,,,,2,0,0,0,0,0,0,0,0,4,0,,0,0,,,,,,,,
W4655,c96ca7bd0b3dd97e4a24ea549bdcf4ee2e7cb092ed236c60ceceb9e7fa6b79de,hardneg,NO_VICTIM_ACTIVITY,,wintool,full,0,10.0,Scarab-Dharma,1906,0,,,,10,1906,5,0,0,3,0.0026232948583420775,0.0,2,23,0,16,7,0,0,0,0,0,0,0,0,0,0,0,,0,,,,,,3,0,0,0,0,0,0,0,0,4,0,,0,0,,,,,,,,
W4656,9a97d968a82c4fd6a56a7759dacddbc5b375d29197f8f0786fcab9326c31baab,hardneg,NO_VICTIM_ACTIVITY,,wintool,full,0,2.6,,56,0,,,,8,56,0,0,0,1,0.0,0.0,0,6,0,4,2,0,0,0,0,0,0,0,0,0,0,0,,0,,,,,,1,0,0,0,0,0,0,0,0,0,0,,0,0,,,,,,,,
W4657,3cfeed82fd868981b3eb89f0db8fbb817be53730a281d1ac1330219d4c5a580b,hardneg,NO_VICTIM_ACTIVITY,,wintool,full,0,3.6,,1000,0,,,,10,1000,0,0,0,1,0.0,0.0,0,17,0,15,2,0,0,0,0,0,0,0,0,0,0,0,,0,,,,,,1,0,0,0,0,0,0,0,0,0,0,,0,0,,,,,,,,
W4658,ef1f1f092ce77e3f316e7da213895642da5a73ede8c12ac8a323cade19237dd3,hardneg,NO_VICTIM_ACTIVITY,,wintool,full,0,4.699999999999999,,4999,0,,,,8,4999,0,0,0,2,0.0,0.0,0,46,0,44,2,0,0,0,0,0,0,0,0,0,0,0,,0,,,,,,2,0,0,0,0,0,0,0,0,0,0,,0,0,,,,,,,,
W4659,3ff35d70d2761004b542b4b54edcbc9d966372b22922c9da608495e73090865d,hardneg,NO_VICTIM_ACTIVITY,,wintool,full,0,2.6,,50,0,,,,92,50,0,0,0,2,0.0,0.0,0,8,0,1,7,0,0,0,0,0,0,0,0,0,0,0,,0,,,,,,2,0,0,0,0,0,0,0,0,0,0,,0,0,,,,,,,,
W4660,47539fbc51ac4bcfe0482d072253eb1cac1a9cb382c7dc22d84e8ed492fc26ec,hardneg,NO_VICTIM_ACTIVITY,,wintool,full,0,2.6,,100,0,,,,298,100,0,0,0,1,0.0,0.0,0,5,0,1,4,0,0,0,0,0,0,0,0,0,0,0,,0,,,,,,1,0,0,0,0,0,0,0,0,0,0,,0,0,,,,,,,,
W4661,3bc2041c9e391147ccaebeb61dfec8241ab63208e4fbc49e9f15f861f8e7c8d6,hardneg,NO_VICTIM_ACTIVITY,,wintool,full,0,10.0,Scarab-Dharma,0,0,,,,9,0,0,0,0,2,,,0,3,0,0,3,0,0,0,0,0,0,0,0,0,0,0,,0,,,,,,2,0,0,0,0,0,0,0,0,0,0,,0,0,,,,,,,,
W4662,2415f74d0afe4bc70f4ab0cea519a053d548b20173ccb63bf06691364b826cbe,hardneg,NO_VICTIM_ACTIVITY,,wintool,full,0,10.0,Scarab-Dharma,0,0,,,,10,0,0,0,0,2,,,0,3,0,0,3,0,0,0,0,0,0,0,0,0,0,0,,0,,,,,,2,0,0,0,0,0,0,0,0,0,0,,0,0,,,,,,,,
