sha256,original_filename,family,source,label,added_date,status,cape_task_id,result,notes
183e9d0d23ee006d5172ba32d0237b853adf1ed98bc318dc5ee5e1f8fb62b334,183e9d0d23ee006d5172ba32d0237b853adf1ed98bc318dc5ee5e1f8fb62b334,MedusaLocker,malwarebazaar,ransomware,2026-07-28 14:43:24 UTC,analyzed,74,TRUE_ENCRYPTION,file_type=exe
ea32d0b279d1f93cef18512a54cbf0a2d4a87368ad516682bea55356701a23ad,ea32d0b279d1f93cef18512a54cbf0a2d4a87368ad516682bea55356701a23ad,MedusaLocker,malwarebazaar,ransomware,2026-07-28 14:43:26 UTC,analyzed,75,TRUE_ENCRYPTION,file_type=exe
1bc0575b3fc6486cb2510dac1ac6ae4889b94a955d3eade53d3ba3a92d133281,Medusa1.bin,MedusaLocker,malwarebazaar,ransomware,2026-07-28 14:43:28 UTC,analyzed,77,TRUE_ENCRYPTION,file_type=exe
8a99353662ccae117d2bb22efd8c43d7169060450be413af763e8ad7522d2451,chisel.exe,Hive,malwarebazaar,ransomware,2026-07-28 14:43:33 UTC,analyzed,73,FAILED,file_type=exe
977403e8a424d1a029369b715867c3056a4d0d8a1c75dcf9d84d9c56f9bcf802,2025-03-29_158c2e6b90ab30f6fdf653255a2beba0_frostygoop_ghostlocker_luca-stealer_sliver_snatch.exe,Hive,malwarebazaar,ransomware,2026-07-28 14:43:45 UTC,analyzed,78,NO_VICTIM_ACTIVITY,file_type=exe;submit_failed
81b9fd825b7d6aa23c6bd641662d4dd2e1b0fbcf3a35efb61331f17e6fff1618,SecuriteInfo.com.Win32.DisBalancer-A.8213.20204,Hive,malwarebazaar,ransomware,2026-07-28 14:43:49 UTC,analyzed,76,NO_VICTIM_ACTIVITY,file_type=exe
dde3c98b6a370fb8d1785f3134a76cb465cd663db20dffe011da57a4de37aa95,Medusa.bin,MedusaLocker,malwarebazaar,ransomware,2026-07-28 16:01:47 UTC,analyzed,79,TRUE_ENCRYPTION,file_type=exe
add2850732c42683ee92ba555bbffb88bf5a4eee7c51e24f15a898f2d5aff66b,LFm.bin,MedusaLocker,malwarebazaar,ransomware,2026-07-28 16:01:49 UTC,analyzed,80,TRUE_ENCRYPTION,file_type=exe
f6586d00b0f766288921d926922c8ad7c2d925e708eacc9925058bd49337db9f,f6586.bin,MedusaLocker,malwarebazaar,ransomware,2026-07-28 16:01:51 UTC,analyzed,81,NO_VICTIM_ACTIVITY,file_type=exe
26af2222204fca27c0fdabf9eefbfdb638a8a9322b297119f85cce3c708090f0,26af2222204fca27c0fdabf9eefbfdb638a8a9322b297119f85cce3c708090f0,MedusaLocker,malwarebazaar,ransomware,2026-07-28 16:01:52 UTC,analyzed,82,TRUE_ENCRYPTION,file_type=exe
f0c2c9663215a97b04f1f97cb34c99c2cf06ba502fd1f1ad4922ead45fa442a6,f0c2c9663215a97b04f1f97cb34c99c2cf06ba502fd1f1ad4922ead45fa442a6,MedusaLocker,malwarebazaar,ransomware,2026-07-28 16:01:54 UTC,analyzed,83,TRUE_ENCRYPTION,file_type=exe
05b51b5f41e483020d14126522a13c69b75e5cbb093a78980877bb60cf778873,05b51b5f41e483020d14126522a13c69b75e5cbb093a78980877bb60cf778873,MedusaLocker,malwarebazaar,ransomware,2026-07-28 16:01:56 UTC,analyzed,84,TRUE_ENCRYPTION,file_type=exe
8e797fff8fae9afb216b81ae341aac9f05f419061075b0f6ce4c0c7a67f458a4,8e797fff8fae9afb216b81ae341aac9f05f419061075b0f6ce4c0c7a67f458a4,MedusaLocker,malwarebazaar,ransomware,2026-07-28 16:01:57 UTC,analyzed,85,TRUE_ENCRYPTION,file_type=exe
860154eb48c722136e8c84b14a528be602aa6bc3de77523ea4d9490f280f69d7,860154eb48c722136e8c84b14a528be602aa6bc3de77523ea4d9490f280f69d7,MedusaLocker,malwarebazaar,ransomware,2026-07-28 16:01:59 UTC,analyzed,86,TRUE_ENCRYPTION,file_type=exe
fb1fc5323853e3289c41b4df3851cda88462ce954c2b9c7102c5a363dfa8166d,fb1fc5323853e3289c41b4df3851cda88462ce954c2b9c7102c5a363dfa8166d,MedusaLocker,malwarebazaar,ransomware,2026-07-28 16:02:01 UTC,analyzed,87,TRUE_ENCRYPTION,file_type=exe
fc0f65213e7ad5960378433efc55642c116c750e10cb881ed7297f361b6be7dd,fc0f65213e7ad5960378433efc55642c116c750e10cb881ed7297f361b6be7dd,MedusaLocker,malwarebazaar,ransomware,2026-07-28 16:02:02 UTC,analyzed,88,TRUE_ENCRYPTION,file_type=exe
2e9fceb91d4378a4e67250f0cb633a020be6eb1c57237272a50cb4db36997db7,2e9fceb91d4378a4e67250f0cb633a020be6eb1c57237272a50cb4db36997db7,MedusaLocker,malwarebazaar,ransomware,2026-07-28 16:02:04 UTC,analyzed,89,TRUE_ENCRYPTION,file_type=exe
a533f9ae8f269f97eeb35ddac6d1d955924f6eea1794b8a227457e95cf524d44,a533f9ae8f269f97eeb35ddac6d1d955924f6eea1794b8a227457e95cf524d44,MedusaLocker,malwarebazaar,ransomware,2026-07-28 16:02:06 UTC,analyzed,90,TRUE_ENCRYPTION,file_type=exe
f064dfde1338a45c76c9cbbe9d7c8b358884c32c21510df14ab9b72df9ead1ba,f064dfde1338a45c76c9cbbe9d7c8b358884c32c21510df14ab9b72df9ead1ba,MedusaLocker,malwarebazaar,ransomware,2026-07-28 16:02:07 UTC,analyzed,91,TRUE_ENCRYPTION,file_type=exe
aa4cd5e9ff8ef8e4a72601c03154231631a5179167400a5478ca4282188b1163,aa4cd5e9ff8ef8e4a72601c03154231631a5179167400a5478ca4282188b1163,MedusaLocker,malwarebazaar,ransomware,2026-07-28 16:02:09 UTC,analyzed,92,TRUE_ENCRYPTION,file_type=exe
bdadf73a531421f832714078c438267a76fd5085596c86f2fa4b7341cb336da1,bdadf73a531421f832714078c438267a76fd5085596c86f2fa4b7341cb336da1,MedusaLocker,malwarebazaar,ransomware,2026-07-28 16:02:10 UTC,analyzed,93,TRUE_ENCRYPTION,file_type=exe
9555810647200a6eda75dfe1527c1d8720e929b19a6086e536fb4fce4d9db485,9555810647200a6eda75dfe1527c1d8720e929b19a6086e536fb4fce4d9db485,MedusaLocker,malwarebazaar,ransomware,2026-07-28 16:02:12 UTC,analyzed,94,TRUE_ENCRYPTION,file_type=exe
e5d819fd969d6bc913698c44beb5c8f763a6d6f07b7cdb3514c4b61a68a1d747,e5d819fd969d6bc913698c44beb5c8f763a6d6f07b7cdb3514c4b61a68a1d747,MedusaLocker,malwarebazaar,ransomware,2026-07-28 16:02:14 UTC,analyzed,95,TRUE_ENCRYPTION,file_type=exe
abbaff145b18d26db84d52669d1279e928d51f1f571f686cb100d7893cb69295,abbaff145b18d26db84d52669d1279e928d51f1f571f686cb100d7893cb69295,MedusaLocker,malwarebazaar,ransomware,2026-07-28 16:02:15 UTC,analyzed,96,TRUE_ENCRYPTION,file_type=exe
6a973119a7c1cb0151cd94b34d24e963260a000da3e3a8df4b96e2430ffa409e,6a973119a7c1cb0151cd94b34d24e963260a000da3e3a8df4b96e2430ffa409e,MedusaLocker,malwarebazaar,ransomware,2026-07-28 16:02:17 UTC,analyzed,97,TRUE_ENCRYPTION,file_type=exe
61c26b20a2b291252ccf1b2ae4319542df526e820f96ad4667478ab101b6ee1f,61c26b20a2b291252ccf1b2ae4319542df526e820f96ad4667478ab101b6ee1f,MedusaLocker,malwarebazaar,ransomware,2026-07-28 16:02:19 UTC,analyzed,98,TRUE_ENCRYPTION,file_type=exe
3f5a5dd7c93418534cc11d16e3e8154b3574a1cec2544fdb13894129a906ea9a,3f5a5dd7c93418534cc11d16e3e8154b3574a1cec2544fdb13894129a906ea9a,MedusaLocker,malwarebazaar,ransomware,2026-07-28 16:02:20 UTC,analyzed,99,FAILED,file_type=exe
e89cea4d336dd9896fe0e7b72636ec0d9caa861cff329d7ac3d4f3149a7e237f,e89cea4d336dd9896fe0e7b72636ec0d9caa861cff329d7ac3d4f3149a7e237f,MedusaLocker,malwarebazaar,ransomware,2026-07-28 16:02:22 UTC,analyzed,100,FAILED,file_type=exe
2ab345e3a6dcc64bd66b3b8f88e1e7be4456e3b441d4eeba67e821902b11a579,2ab345e3a6dcc64bd66b3b8f88e1e7be4456e3b441d4eeba67e821902b11a579,MedusaLocker,malwarebazaar,ransomware,2026-07-28 16:02:24 UTC,analyzed,101,FAILED,file_type=exe
ba87d97a4c7dec4e2eef997190f5f875c8564395bf3c95bd95055f447c495387,ba87d97a4c7dec4e2eef997190f5f875c8564395bf3c95bd95055f447c495387,MedusaLocker,malwarebazaar,ransomware,2026-07-28 16:02:26 UTC,analyzed,102,TRUE_ENCRYPTION,file_type=exe
a5fdfacc22914d12eec28fb085f026401db10ae51d4e549dfec6160501be0dcf,a5fdfacc22914d12eec28fb085f026401db10ae51d4e549dfec6160501be0dcf,MedusaLocker,malwarebazaar,ransomware,2026-07-28 16:02:28 UTC,analyzed,103,TRUE_ENCRYPTION,file_type=exe
6066e91a9b651a9061d3f0941e6686ff476e5e84e11a51ec3bcae049d84b366b,6066e91a9b651a9061d3f0941e6686ff476e5e84e11a51ec3bcae049d84b366b,MedusaLocker,malwarebazaar,ransomware,2026-07-28 16:02:29 UTC,analyzed,104,TRUE_ENCRYPTION,file_type=exe
54b8ca90cd5c6b8053a612d2e8d99bf05f427b36e7fccc0f63427e1f386db186,54b8ca90cd5c6b8053a612d2e8d99bf05f427b36e7fccc0f63427e1f386db186,MedusaLocker,malwarebazaar,ransomware,2026-07-28 16:02:31 UTC,analyzed,105,TRUE_ENCRYPTION,file_type=exe
e26b2ffb2ee711fc7b04d62911580560794ee4fa9b7fcfade65ee6ff2eed0274,z7w3x.exe,MedusaLocker,malwarebazaar,ransomware,2026-07-28 16:02:33 UTC,analyzed,106,TRUE_ENCRYPTION,file_type=exe
f7c089881a717bd8e9c57f8d5935c8e663e12afb0246b12b24e7a0e055153897,Decr1.exe,MedusaLocker,malwarebazaar,ransomware,2026-07-28 16:02:34 UTC,analyzed,107,NO_VICTIM_ACTIVITY,file_type=exe
dbac4f2fffcb4e09aad772895647e8f161b1ac713592fe47c5e8207c85722f13,dbac4f2fffcb4e09aad772895647e8f161b1ac713592fe47c5e8207c85722f13,MedusaLocker,malwarebazaar,ransomware,2026-07-28 16:02:36 UTC,analyzed,108,TRUE_ENCRYPTION,file_type=exe
a3fe92224060ec183a25296999c18d4f86149649f1a701ac91b04d73e8678495,a3fe92224060ec183a25296999c18d4f86149649f1a701ac91b04d73e8678495,MedusaLocker,malwarebazaar,ransomware,2026-07-28 16:02:37 UTC,analyzed,109,TRUE_ENCRYPTION,file_type=exe
66a13e8102f809e23e0ad0ba88ced5eecfa319797c9f709d090994a7143d858a,66a13e8102f809e23e0ad0ba88ced5eecfa319797c9f709d090994a7143d858a,MedusaLocker,malwarebazaar,ransomware,2026-07-28 16:02:40 UTC,analyzed,110,TRUE_ENCRYPTION,file_type=exe
58a0db1ae0d7d8c5cb5db5e5a24fd1088b8029a4e51c02e7b77d400c17bcb39a,58a0db1ae0d7d8c5cb5db5e5a24fd1088b8029a4e51c02e7b77d400c17bcb39a,MedusaLocker,malwarebazaar,ransomware,2026-07-28 16:02:42 UTC,analyzed,111,TRUE_ENCRYPTION,file_type=exe
c79c6b680a2caa71b3ad052f60ce6da463eb576b8196bb3bbdccd003853769d4,c79c6b680a2caa71b3ad052f60ce6da463eb576b8196bb3bbdccd003853769d4,MedusaLocker,malwarebazaar,ransomware,2026-07-28 16:02:43 UTC,analyzed,112,TRUE_ENCRYPTION,file_type=exe
19e31469f150f69bda363c8a3454113236620aa44155dbe845e7689522724b0b,19e31469f150f69bda363c8a3454113236620aa44155dbe845e7689522724b0b,MedusaLocker,malwarebazaar,ransomware,2026-07-28 16:02:45 UTC,analyzed,113,TRUE_ENCRYPTION,file_type=exe
99a72b56725196298391f3d52b8536b018aa8b60d97c443161e912430079ed30,99a72b56725196298391f3d52b8536b018aa8b60d97c443161e912430079ed30,MedusaLocker,malwarebazaar,ransomware,2026-07-28 16:02:47 UTC,analyzed,114,TRUE_ENCRYPTION,file_type=exe
b15840fb0547fc774f371166adb89cd7a58647d4e379256a2f9806dd5a338627,b15840fb0547fc774f371166adb89cd7a58647d4e379256a2f9806dd5a338627,MedusaLocker,malwarebazaar,ransomware,2026-07-28 16:02:48 UTC,analyzed,115,TRUE_ENCRYPTION,file_type=exe
465ab4311a7db9f0bc10921cf6a0da7a746c4023dd78fdcec1c253eee69e5b9d,465ab4311a7db9f0bc10921cf6a0da7a746c4023dd78fdcec1c253eee69e5b9d,MedusaLocker,malwarebazaar,ransomware,2026-07-28 16:02:50 UTC,analyzed,116,TRUE_ENCRYPTION,file_type=exe
f1c361bb3b649918bc5b3ad3fc5cbd1bbd7c585fbe2557410e267d161d3bb998,f1c361bb3b649918bc5b3ad3fc5cbd1bbd7c585fbe2557410e267d161d3bb998,MedusaLocker,malwarebazaar,ransomware,2026-07-28 16:02:51 UTC,analyzed,117,TRUE_ENCRYPTION,file_type=exe
fbe10da8d483a0db6686b1f03f18b00dbc60c69fb9a9f4a941764c2c3426367c,fbe10da8d483a0db6686b1f03f18b00dbc60c69fb9a9f4a941764c2c3426367c,MedusaLocker,malwarebazaar,ransomware,2026-07-28 16:02:53 UTC,analyzed,118,TRUE_ENCRYPTION,file_type=exe
cb12325d13acb03ad4f9977f426baf8b4688af04d4ffe23aa5f1bbd747a147c0,cb12325d13acb03ad4f9977f426baf8b4688af04d4ffe23aa5f1bbd747a147c0,MedusaLocker,malwarebazaar,ransomware,2026-07-28 16:02:55 UTC,analyzed,119,TRUE_ENCRYPTION,file_type=exe
6c51f28a6ab35c91e789a4b1a05032c87a3f03006019ba4997dc092ad1c8a625,6c51f28a6ab35c91e789a4b1a05032c87a3f03006019ba4997dc092ad1c8a625,MedusaLocker,malwarebazaar,ransomware,2026-07-28 16:02:56 UTC,analyzed,120,TRUE_ENCRYPTION,file_type=exe
ec2ec1c316045d5e2e43cc0f1df738e6367b520310a4b7a644717d3aebda43f4,ec2ec1c316045d5e2e43cc0f1df738e6367b520310a4b7a644717d3aebda43f4,MedusaLocker,malwarebazaar,ransomware,2026-07-28 16:02:58 UTC,analyzed,121,TRUE_ENCRYPTION,file_type=exe
8939141fb565c044895627bbeb522d840d24899dec53545e4a925012dbf83230,8939141fb565c044895627bbeb522d840d24899dec53545e4a925012dbf83230,MedusaLocker,malwarebazaar,ransomware,2026-07-28 16:03:00 UTC,analyzed,122,TRUE_ENCRYPTION,file_type=exe
98c9e56cba271bf7b32fc17d7966d067d9b549594f8dc60c941f93346e376c00,98c9e56cba271bf7b32fc17d7966d067d9b549594f8dc60c941f93346e376c00,MedusaLocker,malwarebazaar,ransomware,2026-07-28 16:03:01 UTC,analyzed,123,NO_VICTIM_ACTIVITY,file_type=exe
634d84758d8d922bbfb0ad3c904c38fc7989f11503877acf02ad5dad3775df7a,winlogin.exe,MedusaLocker,malwarebazaar,ransomware,2026-07-28 16:03:03 UTC,analyzed,124,TRUE_ENCRYPTION,file_type=exe
c41926a4e667a38bd712cd8fff2c555c51d7f719a949c9be8c1f74232100444b,scpvss.exe,MedusaLocker,malwarebazaar,ransomware,2026-07-28 16:03:05 UTC,analyzed,125,FAILED,file_type=exe
0abb4a302819cdca6c9f56893ca2b52856b55a0aa68a3cb8bdcd55dcc1fad9ad,0abb4a302819cdca6c9f56893ca2b52856b55a0aa68a3cb8bdcd55dcc1fad9ad.bin,MedusaLocker,malwarebazaar,ransomware,2026-07-28 16:03:07 UTC,analyzed,126,TRUE_ENCRYPTION,file_type=exe
c2a0a317d73c96428ab088a8f0636ec4ccace7ca691c84ed66a83a70183f40dc,c2a0a317d73c96428ab088a8f0636ec4ccace7ca691c84ed66a83a70183f40dc.bin,MedusaLocker,malwarebazaar,ransomware,2026-07-28 16:03:08 UTC,analyzed,127,TRUE_ENCRYPTION,file_type=exe
f5fb7fa5231c18f0951c755c4cb0ec07b0889b5e320f42213cbf6bbbe499ad31,f5fb7fa5231c18f0951c755c4cb0ec07b0889b5e320f42213cbf6bbbe499ad31.bin,MedusaLocker,malwarebazaar,ransomware,2026-07-28 16:03:10 UTC,analyzed,128,TRUE_ENCRYPTION,file_type=exe
c5bef2a489740192a0b2c34cdc2fd954d0b8d5fabcbe0ecb8b78f9301e5a30a6,c5bef2a489740192a0b2c34cdc2fd954d0b8d5fabcbe0ecb8b78f9301e5a30a6.bin,MedusaLocker,malwarebazaar,ransomware,2026-07-28 16:03:12 UTC,analyzed,129,TRUE_ENCRYPTION,file_type=exe
d595339cbbf415eca195eb3a0d9a8b6c9ff82a0cf36e4e867f5cef24503bb532,d595339cbbf415eca195eb3a0d9a8b6c9ff82a0cf36e4e867f5cef24503bb532.bin,MedusaLocker,malwarebazaar,ransomware,2026-07-28 16:03:14 UTC,analyzed,130,TRUE_ENCRYPTION,file_type=exe
a25c0227728878c386ab6dba139976cb10e853dd3cd1eb3623f236ee8e1df212,a25c0227728878c386ab6dba139976cb10e853dd3cd1eb3623f236ee8e1df212.bin,MedusaLocker,malwarebazaar,ransomware,2026-07-28 16:03:15 UTC,analyzed,131,TRUE_ENCRYPTION,file_type=exe
461f8a55ea2eecfcc26562326af4b56fbaf8e4957a4a6e0b75bec8ee90ace078,461f8a55ea2eecfcc26562326af4b56fbaf8e4957a4a6e0b75bec8ee90ace078.bin,MedusaLocker,malwarebazaar,ransomware,2026-07-28 16:03:17 UTC,analyzed,132,TRUE_ENCRYPTION,file_type=exe
212e7f5ed4a581b4d778dfef226738c6db56b4b4006526259392d03062587887,212e7f5ed4a581b4d778dfef226738c6db56b4b4006526259392d03062587887.bin,MedusaLocker,malwarebazaar,ransomware,2026-07-28 16:03:18 UTC,analyzed,133,TRUE_ENCRYPTION,file_type=exe
45f0bb5539b7ce29c74f11c46b1f1199eae518af04ff7bb499e10f4780dc7530,45f0bb5539b7ce29c74f11c46b1f1199eae518af04ff7bb499e10f4780dc7530.bin,MedusaLocker,malwarebazaar,ransomware,2026-07-28 16:03:20 UTC,analyzed,134,TRUE_ENCRYPTION,file_type=exe
4f9a833e79092006c06203a66b41fc9250bcebcee148fea404db75d52035131c,4f9a833e79092006c06203a66b41fc9250bcebcee148fea404db75d52035131c.bin,MedusaLocker,malwarebazaar,ransomware,2026-07-28 16:03:22 UTC,analyzed,135,NO_VICTIM_ACTIVITY,file_type=exe
1e2335fef46f7320069623fff6702acb41c2877aff5fec83d94a561af37c3c7a,1e2335fef46f7320069623fff6702acb41c2877aff5fec83d94a561af37c3c7a.bin,MedusaLocker,malwarebazaar,ransomware,2026-07-28 16:03:23 UTC,analyzed,136,TRUE_ENCRYPTION,file_type=exe
591153a47beb8f657b0209eaf8a0aa91721965645cbffba13c7991d6591331cb,64RA.exe,MedusaLocker,malwarebazaar,ransomware,2026-07-28 16:03:25 UTC,analyzed,137,NO_VICTIM_ACTIVITY,file_type=exe
033b4950a8f249b20eb86ec6f8f2ea0a1567bb164289d1aa7fb0ba51f9bbe46c,64CO.exe,MedusaLocker,malwarebazaar,ransomware,2026-07-28 16:03:27 UTC,analyzed,138,TRUE_ENCRYPTION,file_type=exe
4dd950fcdcd8483ec9346b4a5214931134975c439cf463daa3a0518cfc5db9a6,4dd950fcdcd8483ec9346b4a5214931134975c439cf463daa3a0518cfc5db9a6.bin,MedusaLocker,malwarebazaar,ransomware,2026-07-28 16:03:29 UTC,analyzed,139,TRUE_ENCRYPTION,file_type=exe
4ae110bb89ddcc45bb2c4e980794195ee5eb85b5261799caedef7334f0f57cc4,4ae110bb89ddcc45bb2c4e980794195ee5eb85b5261799caedef7334f0f57cc4,MedusaLocker,malwarebazaar,ransomware,2026-07-28 16:03:31 UTC,analyzed,140,TRUE_ENCRYPTION,file_type=exe
0dd34e1326f18ab113be5ec91003577845f62ce25bbed8f92bff0b4077fe45da,2.exe,MedusaLocker,malwarebazaar,ransomware,2026-07-28 16:03:33 UTC,analyzed,141,TRUE_ENCRYPTION,file_type=exe
fbf6c8f0857d888385f6bc0d46523ebcc1634e06d0e96411fc43a8ae4213d1f3,skynet.exe,MedusaLocker,malwarebazaar,ransomware,2026-07-28 16:03:34 UTC,analyzed,142,TRUE_ENCRYPTION,file_type=exe
8b9bdc5cf5534d377a6201d1803a5aa0915b93c9df524307118fd61f361bdba2,svhost.exe,MedusaLocker,malwarebazaar,ransomware,2026-07-28 16:03:36 UTC,analyzed,143,TRUE_ENCRYPTION,file_type=exe
58290a95e1795ec7312e4ce26bfff7e0fb7a620a3aac2627d3ae6c83f5a4bf60,ransomware,MedusaLocker,malwarebazaar,ransomware,2026-07-28 16:03:37 UTC,analyzed,144,TRUE_ENCRYPTION,file_type=exe
8597f458f1dcc5ecdf209d9c98b1f72c2fce2486236a3ae73adbe26fb6f9c671,svhost.bin,MedusaLocker,malwarebazaar,ransomware,2026-07-28 16:03:41 UTC,analyzed,145,TRUE_ENCRYPTION,file_type=exe
982d910b04625e284fc6ff5217f6708433af0939d6ac2301cd88ceea3e362b87,1.bin,MedusaLocker,malwarebazaar,ransomware,2026-07-28 16:03:43 UTC,analyzed,146,TRUE_ENCRYPTION,file_type=exe
2520b15068fa108c947db179377c6b462f2c4f47037168bf8c69fcb668cb11a8,2520b15068fa108c947db179377c6b462f2c4f47037168bf8c69fcb668cb11a8,NetWalker,malwarebazaar,ransomware,2026-07-29 14:25:25 UTC,analyzed,147,TRUE_ENCRYPTION,file_type=exe
1707f8647515bc7a686e7aed380ab06dd6b853b908ae98252c1e8eefa1e1d540,netwalkerX64.bin,NetWalker,malwarebazaar,ransomware,2026-07-29 14:25:27 UTC,analyzed,148,FAILED,file_type=exe
d7c7947d060da8f4207e7e919e8f777f6f8ea475085291d5a547546a39a096fc,nt.bin,NetWalker,malwarebazaar,ransomware,2026-07-29 14:25:29 UTC,analyzed,149,NO_VICTIM_ACTIVITY,file_type=exe
62df5824be844b16d99bf4a59e6bf51bcaa7a2c2f4852d983bc33eaf60a9c5ca,62df5824be844b16d99bf4a59e6bf51bcaa7a2c2f4852d983bc33eaf60a9c5ca.bin.exe,NetWalker,malwarebazaar,ransomware,2026-07-29 14:25:30 UTC,analyzed,150,NO_VICTIM_ACTIVITY,file_type=exe
57cf4470348e3b5da0fa3152be84a81a5e2ce5d794976387be290f528fa419fd,57cf4470348e3b5da0fa3152be84a81a5e2ce5d794976387be290f528fa419fd.bin,NetWalker,malwarebazaar,ransomware,2026-07-29 14:25:35 UTC,analyzed,151,TRUE_ENCRYPTION,file_type=exe
46dbb7709411b1429233e0d8d33a02cccd54005a2b4015dcfa8a890252177df9,46dbb7709411b1429233e0d8d33a02cccd54005a2b4015dcfa8a890252177df9.bin,NetWalker,malwarebazaar,ransomware,2026-07-29 14:25:36 UTC,analyzed,152,TRUE_ENCRYPTION,file_type=exe
5d869c0e077596bf0834f08dce062af1477bf09c8f6aa0a45d6a080478e45512,5d869c0e077596bf0834f08dce062af1477bf09c8f6aa0a45d6a080478e45512.bin,NetWalker,malwarebazaar,ransomware,2026-07-29 14:25:38 UTC,analyzed,500,TRUE_ENCRYPTION,file_type=exe;retry_after_host_oom
6c39c5f5d143700d4ad43b0aa7fb6a51e77817060467cf3462ef037176e1f50f,6c39c5f5d143700d4ad43b0aa7fb6a51e77817060467cf3462ef037176e1f50f.bin,NetWalker,malwarebazaar,ransomware,2026-07-29 14:25:39 UTC,analyzed,154,NO_VICTIM_ACTIVITY,file_type=exe
44b5d24e5e8fd8e8ee7141f970f76a13c89dd26c44b336dc9d6b61fda3abf335,44b5d24e5e8fd8e8ee7141f970f76a13c89dd26c44b336dc9d6b61fda3abf335,NetWalker,malwarebazaar,ransomware,2026-07-29 14:25:41 UTC,analyzed,155,NO_VICTIM_ACTIVITY,file_type=exe
27319e75c23693399977e92b9a7ba5680a7a9db448f93b3221840c61301604d5,27319e75c23693399977e92b9a7ba5680a7a9db448f93b3221840c61301604d5,NetWalker,malwarebazaar,ransomware,2026-07-29 14:25:42 UTC,analyzed,156,TRUE_ENCRYPTION,file_type=exe
fd3489f6067ef7ca3999776205839424cb7349134baaeb693abcecaa2c5bf913,fd3489f6067ef7ca3999776205839424cb7349134baaeb693abcecaa2c5bf913,NetWalker,malwarebazaar,ransomware,2026-07-29 14:25:44 UTC,analyzed,157,TRUE_ENCRYPTION,file_type=exe
ee531cd7011cb5c2625d40892b70cf7e3860dbb92648391068e1f340e5d6c47f,ee531cd7011cb5c2625d40892b70cf7e3860dbb92648391068e1f340e5d6c47f,NetWalker,malwarebazaar,ransomware,2026-07-29 14:25:46 UTC,analyzed,158,TRUE_ENCRYPTION,file_type=exe
e7dfaf7ac518e174e42e59d45c179d083ad53eead79ed4420e311441e1af79d4,e7dfaf7ac518e174e42e59d45c179d083ad53eead79ed4420e311441e1af79d4,NetWalker,malwarebazaar,ransomware,2026-07-29 14:25:47 UTC,analyzed,201,TRUE_ENCRYPTION,file_type=exe;cape_machine_unavailable
e01691e3b7d9d1c6de7e0ef902bf609543cdf084e600fd0a3833deaa501464ee,e01691e3b7d9d1c6de7e0ef902bf609543cdf084e600fd0a3833deaa501464ee,NetWalker,malwarebazaar,ransomware,2026-07-29 14:25:50 UTC,analyzed,202,TRUE_ENCRYPTION,file_type=exe;cape_machine_unavailable
d5c106719e9c8878795899bede78505796659b1b347fe9374d8b2061fcc6a84c,d5c106719e9c8878795899bede78505796659b1b347fe9374d8b2061fcc6a84c,NetWalker,malwarebazaar,ransomware,2026-07-29 14:25:51 UTC,analyzed,203,TRUE_ENCRYPTION,file_type=exe;cape_machine_unavailable
ce399a2d07c0851164bd8cc9e940b84b88c43ef564846ca654df4abf36c278e6,ce399a2d07c0851164bd8cc9e940b84b88c43ef564846ca654df4abf36c278e6,NetWalker,malwarebazaar,ransomware,2026-07-29 14:25:53 UTC,analyzed,204,NO_VICTIM_ACTIVITY,file_type=exe;cape_machine_unavailable
bde6a59a4611aba5862ce66aef2fb12d841ad0ba0ad0a590b26eaddb7ad52a9e,bde6a59a4611aba5862ce66aef2fb12d841ad0ba0ad0a590b26eaddb7ad52a9e,NetWalker,malwarebazaar,ransomware,2026-07-29 14:25:55 UTC,analyzed,205,TRUE_ENCRYPTION,file_type=exe;cape_machine_unavailable
bd3fdf1b50911d537a97cb93db13f2b4026f109ed23a393f262621faed81dae1,bd3fdf1b50911d537a97cb93db13f2b4026f109ed23a393f262621faed81dae1,NetWalker,malwarebazaar,ransomware,2026-07-29 14:25:56 UTC,analyzed,206,NO_VICTIM_ACTIVITY,file_type=exe;cape_machine_unavailable
b96ee4a55d59836de7851f99a18324c6aa8bc223fb581f1875db631d0c914425,b96ee4a55d59836de7851f99a18324c6aa8bc223fb581f1875db631d0c914425,NetWalker,malwarebazaar,ransomware,2026-07-29 14:25:58 UTC,analyzed,207,TRUE_ENCRYPTION,file_type=exe;cape_machine_unavailable
ac0882d87027ac22fc79cfe2d55d9a9d097d0f8eb425cf182de1b872080930ec,ac0882d87027ac22fc79cfe2d55d9a9d097d0f8eb425cf182de1b872080930ec,NetWalker,malwarebazaar,ransomware,2026-07-29 14:26:00 UTC,analyzed,208,NO_VICTIM_ACTIVITY,file_type=exe;cape_machine_unavailable
a8c4b8096fd12078acf5f08230e561381fe8d0859a5949825ab411f6312f5da5,a8c4b8096fd12078acf5f08230e561381fe8d0859a5949825ab411f6312f5da5,NetWalker,malwarebazaar,ransomware,2026-07-29 14:26:01 UTC,analyzed,209,TRUE_ENCRYPTION,file_type=exe;cape_machine_unavailable
98cf38865117a3e333df1fb0a538b97f66fea568746fefb697e76ca8c686a3e3,98cf38865117a3e333df1fb0a538b97f66fea568746fefb697e76ca8c686a3e3,NetWalker,malwarebazaar,ransomware,2026-07-29 14:26:03 UTC,analyzed,210,TRUE_ENCRYPTION,file_type=exe;cape_machine_unavailable
8f06645838d3d75e44d4527e2928c71af0a7214254867379359eb3e46109cbde,8f06645838d3d75e44d4527e2928c71af0a7214254867379359eb3e46109cbde,NetWalker,malwarebazaar,ransomware,2026-07-29 14:26:04 UTC,analyzed,211,TRUE_ENCRYPTION,file_type=exe;cape_machine_unavailable
868cb8251a245c416cd92fcbd3e30aa7b7ca7c271760fa120d2435fd3bf2fde9,868cb8251a245c416cd92fcbd3e30aa7b7ca7c271760fa120d2435fd3bf2fde9,NetWalker,malwarebazaar,ransomware,2026-07-29 14:26:06 UTC,analyzed,212,NO_VICTIM_ACTIVITY,file_type=exe;cape_machine_unavailable
8587037c15463d10a17094ef8fa9f608cc20c99fa0206ce496b412f8c7f4a1b8,8587037c15463d10a17094ef8fa9f608cc20c99fa0206ce496b412f8c7f4a1b8,NetWalker,malwarebazaar,ransomware,2026-07-29 14:26:07 UTC,analyzed,521,NO_VICTIM_ACTIVITY,file_type=exe;cape_machine_unavailable;retry_after_host_oom
853fa18adc3f9263a0f98a9a257dd70d7e1aee0545ab47a114f44506482bd188,853fa18adc3f9263a0f98a9a257dd70d7e1aee0545ab47a114f44506482bd188,NetWalker,malwarebazaar,ransomware,2026-07-29 14:26:09 UTC,analyzed,214,NO_VICTIM_ACTIVITY,file_type=exe;cape_machine_unavailable
75ef9e3e44ac11bb06f499b9f4f43a4cc331887529b81d0e62aef87178ca5e65,75ef9e3e44ac11bb06f499b9f4f43a4cc331887529b81d0e62aef87178ca5e65,NetWalker,malwarebazaar,ransomware,2026-07-29 14:26:11 UTC,analyzed,215,TRUE_ENCRYPTION,file_type=exe;cape_machine_unavailable
6f89cfef50cadb9e7e986ec913eb8c68bb14af5c576fe98dbe41060edf3cfe8a,6f89cfef50cadb9e7e986ec913eb8c68bb14af5c576fe98dbe41060edf3cfe8a,NetWalker,malwarebazaar,ransomware,2026-07-29 14:26:12 UTC,analyzed,216,TRUE_ENCRYPTION,file_type=exe;cape_machine_unavailable
6bd34d33ccb47430751ae964ca56ec206da0fa3bdc5eb670fc54edf4c11629bc,6bd34d33ccb47430751ae964ca56ec206da0fa3bdc5eb670fc54edf4c11629bc,NetWalker,malwarebazaar,ransomware,2026-07-29 14:26:14 UTC,analyzed,217,TRUE_ENCRYPTION,file_type=exe;cape_machine_unavailable
5e03e3d93a456405952cdadee3018043789f118b871b93d113ce371c079f19dd,5e03e3d93a456405952cdadee3018043789f118b871b93d113ce371c079f19dd,NetWalker,malwarebazaar,ransomware,2026-07-29 14:26:15 UTC,analyzed,218,TRUE_ENCRYPTION,file_type=exe;cape_machine_unavailable
573873b7b2fbb390ff21bb4e986f69fa25a1f3eea2c5fe446d46c186ab92257d,573873b7b2fbb390ff21bb4e986f69fa25a1f3eea2c5fe446d46c186ab92257d,NetWalker,malwarebazaar,ransomware,2026-07-29 14:26:17 UTC,analyzed,219,NO_VICTIM_ACTIVITY,file_type=exe;cape_machine_unavailable
4abf2d4b604ad5c3dca0006e9762562ea104e76e7c0dcfa8fddafda8b11b2eaf,4abf2d4b604ad5c3dca0006e9762562ea104e76e7c0dcfa8fddafda8b11b2eaf,NetWalker,malwarebazaar,ransomware,2026-07-29 14:26:18 UTC,analyzed,220,TRUE_ENCRYPTION,file_type=exe;cape_machine_unavailable
444169e156b48a54e9f96b6b3a1c333670546663c8a2e14e561884c052420043,444169e156b48a54e9f96b6b3a1c333670546663c8a2e14e561884c052420043,NetWalker,malwarebazaar,ransomware,2026-07-29 14:26:20 UTC,analyzed,221,TRUE_ENCRYPTION,file_type=exe;cape_machine_unavailable
352cd5d318e4cff15910dc70b609ef9bf1d1ee0b7f01e186bedb5e7d245e3ec6,352cd5d318e4cff15910dc70b609ef9bf1d1ee0b7f01e186bedb5e7d245e3ec6,NetWalker,malwarebazaar,ransomware,2026-07-29 14:26:21 UTC,analyzed,222,TRUE_ENCRYPTION,file_type=exe;cape_machine_unavailable
22a5872ba6adfe449e46d9a223cb7567697e30f89d6d42095e48de3033359de3,22a5872ba6adfe449e46d9a223cb7567697e30f89d6d42095e48de3033359de3,NetWalker,malwarebazaar,ransomware,2026-07-29 14:26:23 UTC,analyzed,223,TRUE_ENCRYPTION,file_type=exe;cape_machine_unavailable
209779474d4b8e7246245092e7d094ce5730c5c1d36bc03d9b8120f211dc3ebe,209779474d4b8e7246245092e7d094ce5730c5c1d36bc03d9b8120f211dc3ebe,NetWalker,malwarebazaar,ransomware,2026-07-29 14:26:25 UTC,analyzed,531,TRUE_ENCRYPTION,file_type=exe;cape_machine_unavailable;retry_after_host_oom
162ae350c47c2e14864d0c0f927bf424eb6b844017329c9b1e216f3e2d724d98,162ae350c47c2e14864d0c0f927bf424eb6b844017329c9b1e216f3e2d724d98,NetWalker,malwarebazaar,ransomware,2026-07-29 14:26:26 UTC,analyzed,225,FAILED,file_type=exe;cape_machine_unavailable
0d7ee7ce88e790ad66aa53589f5a2638207bc3adf2eb4f8a813fd52b5b22ba27,0d7ee7ce88e790ad66aa53589f5a2638207bc3adf2eb4f8a813fd52b5b22ba27,NetWalker,malwarebazaar,ransomware,2026-07-29 14:26:28 UTC,analyzed,226,TRUE_ENCRYPTION,file_type=exe;cape_machine_unavailable
07b743dffd93be79b3ae4e8d5e0f05aec66af1115c4ec070df4cd35e800452d7,07b743dffd93be79b3ae4e8d5e0f05aec66af1115c4ec070df4cd35e800452d7,NetWalker,malwarebazaar,ransomware,2026-07-29 14:26:29 UTC,analyzed,227,TRUE_ENCRYPTION,file_type=exe;cape_machine_unavailable
02cb34da6e620d9428f9c8f375fe96a397464d272f723abd8296c4b420fb0e77,02cb34da6e620d9428f9c8f375fe96a397464d272f723abd8296c4b420fb0e77,NetWalker,malwarebazaar,ransomware,2026-07-29 14:26:31 UTC,analyzed,543,TRUE_ENCRYPTION,file_type=exe;cape_machine_unavailable;cape_machine_unavailable;retry_after_host_oom
f298725e197f974b7a8407c5d79114a4ac322c573813d543141ccf1d9119dd8b,f298725e197f974b7a8407c5d79114a4ac322c573813d543141ccf1d9119dd8b.bin,NetWalker,malwarebazaar,ransomware,2026-07-29 14:26:33 UTC,analyzed,254,TRUE_ENCRYPTION,file_type=exe;cape_machine_unavailable;cape_machine_unavailable
c21ecd18f0bbb28112240013ad42dad5c01d20927791239ada5b61e1c6f5f010,c21ecd18f0bbb28112240013ad42dad5c01d20927791239ada5b61e1c6f5f010.bin,NetWalker,malwarebazaar,ransomware,2026-07-29 14:26:34 UTC,analyzed,261,TRUE_ENCRYPTION,file_type=exe;cape_machine_unavailable;cape_machine_unavailable
b2d68a79a621c3f9e46f9df52ed19b8fec22c3cf5f4e3d8630a2bc68fd43d2ee,b2d68a79a621c3f9e46f9df52ed19b8fec22c3cf5f4e3d8630a2bc68fd43d2ee.bin,NetWalker,malwarebazaar,ransomware,2026-07-29 14:26:36 UTC,analyzed,268,TRUE_ENCRYPTION,file_type=exe;cape_machine_unavailable;cape_machine_unavailable
a9a147313861a5a4e7abd76b3287ce5f6183966b89c5ca95c0e0cf587f40189d,a9a147313861a5a4e7abd76b3287ce5f6183966b89c5ca95c0e0cf587f40189d.bin,NetWalker,malwarebazaar,ransomware,2026-07-29 14:26:37 UTC,analyzed,274,TRUE_ENCRYPTION,file_type=exe;cape_machine_unavailable;cape_machine_unavailable
86c54f746b7af0ffaa40444e44b4dfd8e2d598bb31ad932cc2fb1ac1c83237ce,86c54f746b7af0ffaa40444e44b4dfd8e2d598bb31ad932cc2fb1ac1c83237ce.bin,NetWalker,malwarebazaar,ransomware,2026-07-29 14:26:39 UTC,analyzed,278,NO_VICTIM_ACTIVITY,file_type=exe;cape_machine_unavailable;cape_machine_unavailable
84b8dbafd5cd64fb300b30bf943430a18f34cad3f0d8f7251d34354fea85aab2,84b8dbafd5cd64fb300b30bf943430a18f34cad3f0d8f7251d34354fea85aab2.bin,NetWalker,malwarebazaar,ransomware,2026-07-29 14:26:40 UTC,analyzed,282,TRUE_ENCRYPTION,file_type=exe;cape_machine_unavailable;cape_machine_unavailable
74fd9bbdd8a484640e4b0405a1da84734a0a9c2604ac1b0a39fa2e28b0c12614,74fd9bbdd8a484640e4b0405a1da84734a0a9c2604ac1b0a39fa2e28b0c12614.bin,NetWalker,malwarebazaar,ransomware,2026-07-29 14:26:42 UTC,analyzed,286,TRUE_ENCRYPTION,file_type=exe;cape_machine_unavailable;cape_machine_unavailable
4df67a9e8abab33856a586cea38b0d365fbbe0d91ee848f270c65f0125d2d677,4df67a9e8abab33856a586cea38b0d365fbbe0d91ee848f270c65f0125d2d677.bin,NetWalker,malwarebazaar,ransomware,2026-07-29 14:26:43 UTC,analyzed,555,TRUE_ENCRYPTION,file_type=exe;cape_machine_unavailable;cape_machine_unavailable;retry_after_host_oom
3ba905e1cda7307163d4c8fe3fd03c2fbce7eda030522084e33d0604c204630e,3ba905e1cda7307163d4c8fe3fd03c2fbce7eda030522084e33d0604c204630e.bin,NetWalker,malwarebazaar,ransomware,2026-07-29 14:26:45 UTC,analyzed,292,TRUE_ENCRYPTION,file_type=exe;cape_machine_unavailable;cape_machine_unavailable
29aef790399029029e0443455d72a8b928854a0706f2e211ae7a03bba0e3d4f4,29aef790399029029e0443455d72a8b928854a0706f2e211ae7a03bba0e3d4f4.bin,NetWalker,malwarebazaar,ransomware,2026-07-29 14:26:46 UTC,analyzed,294,TRUE_ENCRYPTION,file_type=exe;cape_machine_unavailable;cape_machine_unavailable
26dfa8512e892dc8397c4ccbbe10efbcf85029bc2ad7b6b6fe17d26f946a01bb,26dfa8512e892dc8397c4ccbbe10efbcf85029bc2ad7b6b6fe17d26f946a01bb.bin,NetWalker,malwarebazaar,ransomware,2026-07-29 14:26:48 UTC,analyzed,296,TRUE_ENCRYPTION,file_type=exe;cape_machine_unavailable;cape_machine_unavailable
167bf2356e65b04407cd2d8299a9b315f213808b04c341f6aad5820fc46a3c49,167bf2356e65b04407cd2d8299a9b315f213808b04c341f6aad5820fc46a3c49.bin,NetWalker,malwarebazaar,ransomware,2026-07-29 14:26:50 UTC,analyzed,298,TRUE_ENCRYPTION,file_type=exe;cape_machine_unavailable;cape_machine_unavailable
12717add64ecf32d7bcb6b2662becbff6b516cf8073f399dc5e4d3615d452e89,12717add64ecf32d7bcb6b2662becbff6b516cf8073f399dc5e4d3615d452e89.bin,NetWalker,malwarebazaar,ransomware,2026-07-29 14:26:52 UTC,analyzed,299,TRUE_ENCRYPTION,file_type=exe;cape_machine_unavailable;cape_machine_unavailable
0d0ed90929351c08c47dbd7541073d037240718c4a2fd63c09d2377090d4cd7a,0d0ed90929351c08c47dbd7541073d037240718c4a2fd63c09d2377090d4cd7a.bin,NetWalker,malwarebazaar,ransomware,2026-07-29 14:26:53 UTC,analyzed,300,TRUE_ENCRYPTION,file_type=exe;cape_machine_unavailable;cape_machine_unavailable
d3f847b27ee6cd4f85a3393131f85f28750761fd59dd2aac95d5a8fa235d46dd,MFCLibrary7.dll,Cuba,malwarebazaar,ransomware,2026-07-30 04:41:11 UTC,analyzed,245,FAILED,file_type=exe
936119bc1811aeef01299a0150141787865a0dbe2667288f018ad24db5a7bc27,936119bc1811aeef01299a0150141787865a0dbe2667288f018ad24db5a7bc27.bin,Cuba,malwarebazaar,ransomware,2026-07-30 04:41:12 UTC,analyzed,252,TRUE_ENCRYPTION,file_type=exe
482b160ee2e8d94fa6e4749f77e87da89c9658e7567459bc633d697430e3ad9a,482b160ee2e8d94fa6e4749f77e87da89c9658e7567459bc633d697430e3ad9a.bin,Cuba,malwarebazaar,ransomware,2026-07-30 04:41:14 UTC,analyzed,259,TRUE_ENCRYPTION,file_type=exe
33352a38454cfc247bc7465bf177f5f97d7fd0bd220103d4422c8ec45b4d3d0e,cubaransomware.exe,Cuba,malwarebazaar,ransomware,2026-07-30 04:41:15 UTC,analyzed,266,TRUE_ENCRYPTION,file_type=exe
271ef3c1d022829f0b15f2471d05a28d4786abafd0a9e1e742bde3f6b36872ad,aam_sysadmin@protonmail_com,Cuba,malwarebazaar,ransomware,2026-07-30 04:41:17 UTC,analyzed,272,TRUE_ENCRYPTION,file_type=exe
c0f07b493cc32ffcbb4ca1ca92f5752c4040b1d0be7b69981c22a27f69cfb890,c0f07b493cc32ffcbb4ca1ca92f5752c4040b1d0be7b69981c22a27f69cfb890.bin,RansomEXX,malwarebazaar,ransomware,2026-07-30 04:41:19 UTC,analyzed,502,FAILED,file_type=exe;retry_after_host_oom
fa28436aaf459d16215dd2d96ea5756c09198216c52d90a7a20abde4e826909b,fa28436aaf459d16215dd2d96ea5756c09198216c52d90a7a20abde4e826909b.bin,RansomEXX,malwarebazaar,ransomware,2026-07-30 04:41:21 UTC,analyzed,255,TRUE_ENCRYPTION,file_type=exe
4cae449450c07b7aa74314173c7b00d409eabfe22b86859f3b3acedd66010458,4cae449450c07b7aa74314173c7b00d409eabfe22b86859f3b3acedd66010458.bin,RansomEXX,malwarebazaar,ransomware,2026-07-30 04:41:22 UTC,analyzed,262,TRUE_ENCRYPTION,file_type=exe
bff12a83b1fc2e0ad0000ad9b68abc8eada559bb1094caaf5b9f52887df23705,Roseland.bin,AvosLocker,malwarebazaar,ransomware,2026-07-30 04:41:25 UTC,analyzed,243,TRUE_ENCRYPTION,file_type=exe
0b1f19ba8740b10ed017671aab023228756a6864fb008bf23f3c606189bdcd98,0b1f19ba8740b10ed017671aab023228756a6864fb008bf23f3c606189bdcd98,AvosLocker,malwarebazaar,ransomware,2026-07-30 04:41:26 UTC,analyzed,250,TRUE_ENCRYPTION,file_type=exe
0f22ae8e435cfeb4e527199c9083e7093c79892656eff686d55909e8528493db,0f22ae8e435cfeb4e527199c9083e7093c79892656eff686d55909e8528493db,AvosLocker,malwarebazaar,ransomware,2026-07-30 04:41:28 UTC,analyzed,257,TRUE_ENCRYPTION,file_type=exe
5d6e4bd7bd7239fab20e043fb292974497297af89759b1b0d48d7d006e5e96fa,5d6e4bd7bd7239fab20e043fb292974497297af89759b1b0d48d7d006e5e96fa,AvosLocker,malwarebazaar,ransomware,2026-07-30 04:41:30 UTC,analyzed,492,TRUE_ENCRYPTION,file_type=exe;retry_after_host_oom
f8e99bbacc62b0f72aa12f5f92e35607fa0382a881fe4a4b9476fc6b87a03c78,LABS.exe,AvosLocker,malwarebazaar,ransomware,2026-07-30 04:41:31 UTC,analyzed,270,TRUE_ENCRYPTION,file_type=exe
f810deb1ba171cea5b595c6d3f816127fb182833f7a08a98de93226d4f6a336f,f810deb1ba171cea5b595c6d3f816127fb182833f7a08a98de93226d4f6a336f.bin,AvosLocker,malwarebazaar,ransomware,2026-07-30 04:41:33 UTC,analyzed,275,TRUE_ENCRYPTION,file_type=exe
c0a42741eef72991d9d0ee8b6c0531fc19151457a8b59bdcf7b6373d1fe56e02,c0a42741eef72991d9d0ee8b6c0531fc19151457a8b59bdcf7b6373d1fe56e02.bin,AvosLocker,malwarebazaar,ransomware,2026-07-30 04:41:35 UTC,analyzed,507,TRUE_ENCRYPTION,file_type=exe;retry_after_host_oom
84d94c032543e8797a514323b0b8fd8bd69b4183f17351628b13d1464093af2d,84d94c032543e8797a514323b0b8fd8bd69b4183f17351628b13d1464093af2d.bin,AvosLocker,malwarebazaar,ransomware,2026-07-30 04:41:37 UTC,analyzed,283,TRUE_ENCRYPTION,file_type=exe
6cc510a772d7718c95216eb56a84a96201241b264755f28875e685f06e95e1a2,6cc510a772d7718c95216eb56a84a96201241b264755f28875e685f06e95e1a2.bin,AvosLocker,malwarebazaar,ransomware,2026-07-30 04:41:38 UTC,analyzed,287,TRUE_ENCRYPTION,file_type=exe
718810b8eeb682fc70df602d952c0c83e028c5a5bfa44c506756980caf2edebb,718810b8eeb682fc70df602d952c0c83e028c5a5bfa44c506756980caf2edebb,AvosLocker,malwarebazaar,ransomware,2026-07-30 04:41:40 UTC,analyzed,290,TRUE_ENCRYPTION,file_type=exe
bd88d415032eb24091c352fc0732b31116f44a78d9333037bd7608289608d3cd,origin.exe,AvosLocker,malwarebazaar,ransomware,2026-07-30 04:41:42 UTC,analyzed,293,TRUE_ENCRYPTION,file_type=exe
fb544e1f74ce02937c3a3657be8d125d5953996115f65697b7d39e237020706f,fb544e1f74ce02937c3a3657be8d125d5953996115f65697b7d39e237020706f.bin,AvosLocker,malwarebazaar,ransomware,2026-07-30 04:41:43 UTC,analyzed,295,TRUE_ENCRYPTION,file_type=exe
43b7a60c0ef8b4af001f45a0c57410b7374b1d75a6811e0dfc86e4d60f503856,43b7a60c0ef8b4af001f45a0c57410b7374b1d75a6811e0dfc86e4d60f503856.bin,AvosLocker,malwarebazaar,ransomware,2026-07-30 04:41:45 UTC,analyzed,297,TRUE_ENCRYPTION,file_type=exe
e5ed21e011341affc1149056fdd02b658e0b6042971bc9f5a71e3e899f296f91,suncr,SunCrypt,malwarebazaar,ransomware,2026-07-30 04:41:47 UTC,analyzed,505,TRUE_ENCRYPTION,file_type=exe;retry_after_host_oom
759f2b24be12e208903b00f9719db71a332ddf8252986c26afbcda9f32623bc4,csc-solution.com 236K$_cryptor.exe,SunCrypt,malwarebazaar,ransomware,2026-07-30 04:41:49 UTC,analyzed,256,TRUE_ENCRYPTION,file_type=exe
0d7ed584dd1ae3cc071ad1b2400a5c534d19206be7a98a6046959a7267c063a1,SunCrypt.exe,SunCrypt,malwarebazaar,ransomware,2026-07-30 04:41:50 UTC,analyzed,263,TRUE_ENCRYPTION,file_type=exe
3f6e996ee4a40d2d19b648669d9146562627359626239324937a5c75f8030824,8e2ccd9284e09ccc4e9eef325a83b435.bin,SunCrypt,malwarebazaar,ransomware,2026-07-30 04:41:52 UTC,analyzed,269,TRUE_ENCRYPTION,file_type=exe
d482cac0754017ccc4e0f3b92c07f0ef4cd6dd394a6e3c7afe1fb928e487aa62,d482cac0754017ccc4e0f3b92c07f0ef4cd6dd394a6e3c7afe1fb928e487aa62.exe,Maze,malwarebazaar,ransomware,2026-07-30 04:41:56 UTC,analyzed,246,TRUE_ENCRYPTION,file_type=exe
daa0ac4896cdfdae324b228d5c620fb3ab4a33ff73d991a3587a086c7ffb5e93,daa0ac4896cdfdae324b228d5c620fb3ab4a33ff73d991a3587a086c7ffb5e93.exe,Maze,malwarebazaar,ransomware,2026-07-30 04:41:58 UTC,analyzed,253,TRUE_ENCRYPTION,file_type=exe
6a22220c0fe5f578da11ce22945b63d93172b75452996defdc2ff48756bde6af,MazeRansomware.bin,Maze,malwarebazaar,ransomware,2026-07-30 04:41:59 UTC,analyzed,260,TRUE_ENCRYPTION,file_type=exe
3885589a3c94d0475a6d994e4644e682f4cff93f8b4d65f37508ffe706861363,maze.bin,Maze,malwarebazaar,ransomware,2026-07-30 04:42:01 UTC,analyzed,267,TRUE_ENCRYPTION,file_type=exe
4263eacd358d5ef9efacff1f63ff79487639136c0268938755a4bfe3f5797167,4263eacd358d5ef9efacff1f63ff79487639136c0268938755a4bfe3f5797167,Maze,malwarebazaar,ransomware,2026-07-30 04:42:03 UTC,analyzed,273,TRUE_ENCRYPTION,file_type=exe
e8a091a84dd2ea7ee429135ff48e9f48f7787637ccb79f6c3eb42f34588bc684,zprxqb.exe,Maze,malwarebazaar,ransomware,2026-07-30 04:42:04 UTC,analyzed,277,TRUE_ENCRYPTION,file_type=exe
4e2554b448424859b508433e6c4a043718343febc7894a849f446dd197b47d1e,4e2554b448424859b508433e6c4a043718343febc7894a849f446dd197b47d1e,Maze,malwarebazaar,ransomware,2026-07-30 04:42:06 UTC,analyzed,281,TRUE_ENCRYPTION,file_type=exe
f03172bd32ed16df6dda8e8146d24b073b864da59d669218fcc5e97835a5e956,f03172bd32ed16df6dda8e8146d24b073b864da59d669218fcc5e97835a5e956,Maze,malwarebazaar,ransomware,2026-07-30 04:42:08 UTC,analyzed,285,TRUE_ENCRYPTION,file_type=exe
d65fa9ed1220cfa12d22239ca62a4b5978bb613090fc1dcb0cccdf191151d125,d65fa9ed1220cfa12d22239ca62a4b5978bb613090fc1dcb0cccdf191151d125,Maze,malwarebazaar,ransomware,2026-07-30 04:42:09 UTC,analyzed,288,TRUE_ENCRYPTION,file_type=exe
ac457fc7c907ca04a4aa2e243d4b5120c58d338b44771c84e0d282d625d463a0,ac457fc7c907ca04a4aa2e243d4b5120c58d338b44771c84e0d282d625d463a0,Maze,malwarebazaar,ransomware,2026-07-30 04:42:11 UTC,analyzed,291,TRUE_ENCRYPTION,file_type=exe
3320f11728458d01eef62e10e48897ec1c2277c1fe1aa2d471a16b4dccfc1207,clop.exe,Clop,malwarebazaar,ransomware,2026-07-30 04:42:13 UTC,analyzed,244,TRUE_ENCRYPTION,file_type=exe
d21908dc0c08da389aa9e4829aa934ab7f250fece1430ed5a644e0590d8876f7,d21908dc0c08da389aa9e4829aa934ab7f250fece1430ed5a644e0590d8876f7,Clop,malwarebazaar,ransomware,2026-07-30 04:42:14 UTC,analyzed,251,FAILED,file_type=exe
f55e4553ed04f085bc5b93cf7e5386c3d938abcb13a95ef1d2c3f8b21c454db8,f55e4553ed04f085bc5b93cf7e5386c3d938abcb13a95ef1d2c3f8b21c454db8,Clop,malwarebazaar,ransomware,2026-07-30 04:42:16 UTC,analyzed,258,TRUE_ENCRYPTION,file_type=exe
e805dd0124b9f062f6b5bc9de627eabc601b9d6e8ffe1d90ee552a1ece598a89,e805dd0124b9f062f6b5bc9de627eabc601b9d6e8ffe1d90ee552a1ece598a89.bin,Clop,malwarebazaar,ransomware,2026-07-30 04:42:18 UTC,analyzed,265,FAILED,file_type=exe
ae355c321f1fe36c9539457301a3cf5d8babc58c72a3f6a5ef160253b4002b1a,ae355c321f1fe36c9539457301a3cf5d8babc58c72a3f6a5ef160253b4002b1a.bin,Clop,malwarebazaar,ransomware,2026-07-30 04:42:20 UTC,analyzed,271,NO_VICTIM_ACTIVITY,file_type=exe
15f9ed36d9efc6e570b4f506791ce2c6a849853e2f6d587f30fb12d39dba2649,15f9ed36d9efc6e570b4f506791ce2c6a849853e2f6d587f30fb12d39dba2649.bin,Clop,malwarebazaar,ransomware,2026-07-30 04:42:21 UTC,analyzed,276,FAILED,file_type=exe
220c50ccf6a9d9727e9f442df42469f027d9f7a2ea833319971746280023bb0c,220c50ccf6a9d9727e9f442df42469f027d9f7a2ea833319971746280023bb0c.bin,Clop,malwarebazaar,ransomware,2026-07-30 04:42:23 UTC,analyzed,280,FAILED,file_type=exe
389e03b1a1fd1c527d48df74d3c26a0483a5b105f36841193172f1ee80e62c1b,389e03b1a1fd1c527d48df74d3c26a0483a5b105f36841193172f1ee80e62c1b,Clop,malwarebazaar,ransomware,2026-07-30 04:42:24 UTC,analyzed,284,FAILED,file_type=exe
8756f0619caff132b0d4dfefad4387b8d5ea134b8706f345757b92658e6e50ff,file3.exe,Hive,malwarebazaar,ransomware,2026-07-30 13:28:01 UTC,analyzed,325,FAILED,file_type=exe
aafb0a46610064cd88ba99672e0f18456ed827cf46b2d3064487c45bac75637a,file2.exe,Hive,malwarebazaar,ransomware,2026-07-30 13:28:03 UTC,analyzed,355,FAILED,file_type=exe;cape_machine_unavailable
f297e54ce1fe9328b946b7a065f6029204f9ca26d1f9aad68592fa471c85747b,pwahelper.exe,Hive,malwarebazaar,ransomware,2026-07-30 13:28:05 UTC,analyzed,366,FAILED,file_type=exe;cape_machine_unavailable
f8fc2445a9814ca8cf48a979bff7f182d6538f4d1ff438cf259268e8b4b76f86,f8fc2445a9814ca8cf48a979bff7f182d6538f4d1ff438cf259268e8b4b76f86,Hive,malwarebazaar,ransomware,2026-07-30 13:28:09 UTC,analyzed,377,NO_VICTIM_ACTIVITY,file_type=exe
c9a5db61aa2314d2d71e54a33f36192468b8e1a761e1307f3aa4936fe0ecc502,c9a5db61aa2314d2d71e54a33f36192468b8e1a761e1307f3aa4936fe0ecc502,Hive,malwarebazaar,ransomware,2026-07-30 13:28:10 UTC,analyzed,498,FAILED,file_type=exe;cape_machine_unavailable;retry_after_host_oom
fafd35b8686b47ce520fdf66aad21ac0d151532af96a670314e27a333be8dcec,fafd35b8686b47ce520fdf66aad21ac0d151532af96a670314e27a333be8dcec,Hive,malwarebazaar,ransomware,2026-07-30 13:28:12 UTC,analyzed,421,FAILED,file_type=exe;cape_machine_unavailable
01ea06db82a72d8eaa3209311b20f3da34aebda948204f615c63e5cb62057538,windows_x64_encrypt.ex_,Hive,malwarebazaar,ransomware,2026-07-30 13:28:14 UTC,analyzed,432,FAILED,file_type=exe
2790fbc25dae73ea4526ea5e39baf5bc9e44947258b05f43a01ec71f118e9bcb,2790fbc25dae73ea4526ea5e39baf5bc9e44947258b05f43a01ec71f118e9bcb,Hive,malwarebazaar,ransomware,2026-07-30 13:28:16 UTC,analyzed,441,NO_VICTIM_ACTIVITY,file_type=exe
e889461b4a93fa62b03d283369cee78d914089e1e1ea502a6ca3d8107ac084f7,e889461b4a93fa62b03d283369cee78d914089e1e1ea502a6ca3d8107ac084f7,Hive,malwarebazaar,ransomware,2026-07-30 13:28:17 UTC,analyzed,452,FAILED,file_type=exe
985c20ab57daa2d8135833f83bb48aebbaee96082dabed5e78329b9fe0b902d7,985c20ab57daa2d8135833f83bb48aebbaee96082dabed5e78329b9fe0b902d7,Hive,malwarebazaar,ransomware,2026-07-30 13:28:19 UTC,analyzed,463,FAILED,file_type=exe
3d984c6d23e6b1440dbc5a3c717ce6b068318e625cedc61b3efdcada82d6861f,3d984c6d23e6b1440dbc5a3c717ce6b068318e625cedc61b3efdcada82d6861f,Hive,malwarebazaar,ransomware,2026-07-30 13:28:21 UTC,analyzed,519,FAILED,file_type=exe
087260fa859741d5226ceec3153deff3fe9baba69e8958b13451623bd811ca44,087260fa859741d5226ceec3153deff3fe9baba69e8958b13451623bd811ca44,Hive,malwarebazaar,ransomware,2026-07-30 13:28:24 UTC,analyzed,529,NO_VICTIM_ACTIVITY,file_type=exe
6a751d5b42efe0e45f2939164eb910e742aaec8e95b70d7ae55173a34694ba35,6a751d5b42efe0e45f2939164eb910e742aaec8e95b70d7ae55173a34694ba35,Hive,malwarebazaar,ransomware,2026-07-30 13:28:26 UTC,analyzed,541,FAILED,file_type=exe
f6238ae2550a457d7397da52826738981ed3486ac9df94fac77996cfa294eb09,f6238ae2550a457d7397da52826738981ed3486ac9df94fac77996cfa294eb09,Hive,malwarebazaar,ransomware,2026-07-30 13:28:29 UTC,analyzed,553,FAILED,file_type=exe
fcd01c9fed690b2bad435c5bab5925cc1132c4c622f18af09d437f9e4957b84b,fcd01c9fed690b2bad435c5bab5925cc1132c4c622f18af09d437f9e4957b84b,Hive,malwarebazaar,ransomware,2026-07-30 13:28:32 UTC,analyzed,577,FAILED,file_type=exe
2604647c72f4ad3287edf8660af40fba21ed4bfd4b74a0b8d1a57c163c272c8f,2604647c72f4ad3287edf8660af40fba21ed4bfd4b74a0b8d1a57c163c272c8f,Hive,malwarebazaar,ransomware,2026-07-30 13:28:34 UTC,analyzed,598,FAILED,file_type=exe
c6f0810b4ca4c2e70a07eddcbd14459e875deced05f5619dfd4df6f49a2130a9,c6f0810b4ca4c2e70a07eddcbd14459e875deced05f5619dfd4df6f49a2130a9,Hive,malwarebazaar,ransomware,2026-07-30 13:28:37 UTC,analyzed,609,FAILED,file_type=exe
62bdc536263d92e4fbb3a98cd2c7c554c0f15608566f6b190ccd3feef8907d45,62bdc536263d92e4fbb3a98cd2c7c554c0f15608566f6b190ccd3feef8907d45,Hive,malwarebazaar,ransomware,2026-07-30 13:28:40 UTC,analyzed,620,FAILED,file_type=exe
efb1e519d5a9d527a474eb694ba20dc7589a0cd7347941185a6276d76d0c8f34,efb1e519d5a9d527a474eb694ba20dc7589a0cd7347941185a6276d76d0c8f34,Hive,malwarebazaar,ransomware,2026-07-30 13:28:44 UTC,analyzed,631,FAILED,file_type=exe
7210e765a1076443d68f12d79b3eea55f3dbabfcb410a6cbfb40d4ee546d9df9,core2.exe,Hive,malwarebazaar,ransomware,2026-07-30 13:28:47 UTC,analyzed,642,FAILED,file_type=exe
cdc9f6db38735ea160b075611a5ff62fdfe572f543a59f5170856e067fbf5112,core.bin,Hive,malwarebazaar,ransomware,2026-07-30 13:28:49 UTC,analyzed,653,FAILED,file_type=exe
f0e8eeb7582943e3dbb78f3d39e265998e7c82f0ff368603e09382b8f2aa0f80,f0e8eeb7582943e3dbb78f3d39e265998e7c82f0ff368603e09382b8f2aa0f80,Hive,malwarebazaar,ransomware,2026-07-30 13:28:52 UTC,analyzed,663,FAILED,file_type=exe
a4e970733921eff303dbfbfb1067dde5b695248d280e700d04075520d7244a95,78730486e8fc107f9829ccca9fc8ea7b.exe,Hive,malwarebazaar,ransomware,2026-07-30 13:28:57 UTC,analyzed,673,FAILED,file_type=exe
087c48ddbd0d6354e6d4b36dbdb98d6a16896f9e58ac68b909b607bc2d989f08,jan64.bin,Hive,malwarebazaar,ransomware,2026-07-30 13:28:59 UTC,analyzed,683,FAILED,file_type=exe
9f423f06bf449266ddea3e0a3673d1109ff5415f4bcc52303902c57aee9b0b5b,tsm64.bin,Hive,malwarebazaar,ransomware,2026-07-30 13:29:01 UTC,analyzed,693,FAILED,file_type=exe
38f8d6a333875ca3ed81b1afb0868326d519f8922f85187cd372a1197130eb0f,file,Hive,malwarebazaar,ransomware,2026-07-30 13:29:04 UTC,analyzed,706,FAILED,file_type=exe
a0fb861b99623e2d2a3c3f932142bfa0181562249abbae46fa2f3c2fa20376c2,SecuriteInfo.com.Variant.Ransom.Hive.1.2907.23837,Hive,malwarebazaar,ransomware,2026-07-30 13:29:06 UTC,analyzed,716,NO_VICTIM_ACTIVITY,file_type=exe
dbeda9027eb297f2ff6000263b31e89e75ca860b9ec630c29ee6bb115d9c38ae,payload.exe,Hive,malwarebazaar,ransomware,2026-07-30 13:29:08 UTC,analyzed,726,FAILED,file_type=exe
036806c810e1f9446db3e9429f0f25670ad65240cd24f7f0162794938da57d3c,5.dll,Hive,malwarebazaar,ransomware,2026-07-30 13:29:10 UTC,analyzed,736,FAILED,file_type=exe
eaf5e26c5e73f3db82cd07ea45e4d244ccb3ec3397ab5263a1a74add7bbcb6e2,1.exe,Hive,malwarebazaar,ransomware,2026-07-30 13:29:13 UTC,analyzed,746,TRUE_ENCRYPTION,file_type=exe
6d585ca9b0e2a491b53da4f83319544b95c858f07f906b108e2147e9ac55ed48,spool.exe,Hive,malwarebazaar,ransomware,2026-07-30 13:29:17 UTC,analyzed,756,NO_VICTIM_ACTIVITY,file_type=exe
d91efafa54ee1d2f6d2c5e296f38339d9bbd65949e077d307f20d9e29c614c94,9996cc802c43f6ffe4065a514585c209.exe,Hive,malwarebazaar,ransomware,2026-07-30 13:29:19 UTC,analyzed,766,TRUE_ENCRYPTION,file_type=exe
ffc8d344feea894671e41b1220888aee2bb58e040dc7460b706dcfa6547e67b9,ffc8d344feea894671e41b1220888aee2bb58e040dc7460b706dcfa6547e67b9,Hive,malwarebazaar,ransomware,2026-07-30 13:29:23 UTC,analyzed,776,NO_VICTIM_ACTIVITY,file_type=exe
8ee52992c73014f53b7efcdb77073db9f3df80be07bb9d91b974cd33936f0b13,8ee52992c73014f53b7efcdb77073db9f3df80be07bb9d91b974cd33936f0b13,Hive,malwarebazaar,ransomware,2026-07-30 13:29:28 UTC,analyzed,786,NO_VICTIM_ACTIVITY,file_type=exe
39b3c82b1e7e5626e380a53df4ccb52f3002749447cfab362b8ec217189a0fd5,39b3c82b1e7e5626e380a53df4ccb52f3002749447cfab362b8ec217189a0fd5,Hive,malwarebazaar,ransomware,2026-07-30 13:29:31 UTC,analyzed,796,NO_VICTIM_ACTIVITY,file_type=exe
99a2b79a4231806d4979aa017ff7e8b804d32bfe9dcc0958d403dfe06bdd0532,99a2b79a4231806d4979aa017ff7e8b804d32bfe9dcc0958d403dfe06bdd0532,Hive,malwarebazaar,ransomware,2026-07-30 13:29:37 UTC,analyzed,806,NO_VICTIM_ACTIVITY,file_type=exe
60bdfecd1de9cc674f4cd5dd42d8cb3ac478df058e1962f0f43885c14d69e816,60bdfecd1de9cc674f4cd5dd42d8cb3ac478df058e1962f0f43885c14d69e816,Hive,malwarebazaar,ransomware,2026-07-30 13:29:41 UTC,analyzed,816,NO_VICTIM_ACTIVITY,file_type=exe
d32e87c4b81738b45db582db8293293096637f5d50af7dd5d9a0162a0747498a,ccn.exe,Hive,malwarebazaar,ransomware,2026-07-30 13:29:43 UTC,analyzed,826,NO_VICTIM_ACTIVITY,file_type=exe
68d860e3612d07a3976768c1365f797647ce95aa85ef42d7de7836cb071ee9c5,fff.exe,Hive,malwarebazaar,ransomware,2026-07-30 13:29:47 UTC,analyzed,836,NO_VICTIM_ACTIVITY,file_type=exe
bd769bcddca63924dc3ac02395a037bf1bd88ab3bcef62331cbfbd086b52813b,word.exe,Hive,malwarebazaar,ransomware,2026-07-30 13:29:50 UTC,analyzed,846,NO_VICTIM_ACTIVITY,file_type=exe
709e93ce10a89fb1195616827db305ecd3d3e7bb986e54167917c864bddaa6b5,client64svc.exe,Hive,malwarebazaar,ransomware,2026-07-30 13:29:54 UTC,analyzed,856,FAILED,file_type=exe
da653c075ddd322d4cf1e285a47cb91ddb0b6de06dfbc252eec57ea9bb50cb48,client64.dll,Hive,malwarebazaar,ransomware,2026-07-30 13:29:57 UTC,analyzed,865,NO_VICTIM_ACTIVITY,file_type=exe
87e3af6eb3bd9f6966c598106e3febb59a5a0d1fd94238aa465fb0c31729e3c3,client64.exe,Hive,malwarebazaar,ransomware,2026-07-30 13:30:00 UTC,analyzed,874,NO_VICTIM_ACTIVITY,file_type=exe
1c4dbb8e28d0d219785c45408548ce15cd92c032f2a20f5f5c32e1d12eb50509,quietmoth.exe,Hive,malwarebazaar,ransomware,2026-07-30 13:30:02 UTC,analyzed,883,FAILED,file_type=exe
841e619a0e57780663987feaaac1e623160cd534aa263c563423edcb91cafcc6,quietmoth (3).exe,Hive,malwarebazaar,ransomware,2026-07-30 13:30:05 UTC,analyzed,892,FAILED,file_type=exe
81ae89d9796270678a807eb8a473439224a742ccae22dccc66c3d3464b05995a,iexplorer.exe,Hive,malwarebazaar,ransomware,2026-07-30 13:30:07 UTC,analyzed,899,NO_VICTIM_ACTIVITY,file_type=exe
921ed2a30e17fc6d7e9da74d64485ae8a40c95caa40e5108da51ad3c40599978,agent.exe,Hive,malwarebazaar,ransomware,2026-07-30 13:30:13 UTC,analyzed,922,NO_VICTIM_ACTIVITY,file_type=exe
2c4e60573ce8f55ba70b6d076347910908afc1a23502e942023de11ad069987d,merlinAgent-Windows-x64.exe,Hive,malwarebazaar,ransomware,2026-07-30 13:30:18 UTC,analyzed,928,NO_VICTIM_ACTIVITY,file_type=exe
595142ac0ecaf32e5cd9a477f440bac99b52dcc6c2fa083424d5007fdf0caeec,595142ac0ecaf32e5cd9a477f440bac99b52dcc6c2fa083424d5007fdf0caeec,Hive,malwarebazaar,ransomware,2026-07-30 13:30:20 UTC,analyzed,934,NO_VICTIM_ACTIVITY,file_type=exe
9959b5fadafebdc8cd15a2a8f1efd7c976da5036d984179a04946d8b86fdd049,9959b5fadafebdc8cd15a2a8f1efd7c976da5036d984179a04946d8b86fdd049,Hive,malwarebazaar,ransomware,2026-07-30 13:30:22 UTC,analyzed,938,NO_VICTIM_ACTIVITY,file_type=exe
8c4d2db730c5f364de55c6b84367846f102bd8dc9f378fd3829be0f6af5046b0,541825cb652606c2ea12fd25a842a8b3456d025841c3a7f563655ef77bb67219.exe,Hive,malwarebazaar,ransomware,2026-07-30 13:30:25 UTC,analyzed,942,FAILED,file_type=exe
a75eae0a77fec3c7bfdcca66649af39741e935efc3fa6252ca43da676c3de8a6,bbm.bin,Hive,malwarebazaar,ransomware,2026-07-30 13:30:29 UTC,analyzed,946,NO_VICTIM_ACTIVITY,file_type=exe
777177561512d13714d03f1378f9529934bc2a2437b525b31e7c95982b2f77cd,360_patch.log.4,Hive,malwarebazaar,ransomware,2026-07-30 13:30:32 UTC,analyzed,950,NO_VICTIM_ACTIVITY,file_type=exe
842c60b5f55e2e62638347c95e73f85d042492cc77dfe97df81f8850a14411c1,360_patch.log.3,Hive,malwarebazaar,ransomware,2026-07-30 13:30:36 UTC,analyzed,954,NO_VICTIM_ACTIVITY,file_type=exe
741546a4b3884dccf5435507da737f07ef62a6a6afb8905bb72854e1ace5e252,360_patch.log2,Hive,malwarebazaar,ransomware,2026-07-30 13:30:41 UTC,analyzed,958,NO_VICTIM_ACTIVITY,file_type=exe
6abe61bfd96d5a52d4c03aa94a237bc300b440b15ffad0ffcf161c33de58be6a,zhangsanfun.exe2,Hive,malwarebazaar,ransomware,2026-07-30 13:30:50 UTC,analyzed,962,NO_VICTIM_ACTIVITY,file_type=exe
19c54b520e8f6def1aab0c48fcdbac5962a0ec57442a3a015a0f860a76115718,19c54b520e8f6def1aab0c48fcdbac5962a0ec57442a3a015a0f860a76115718,Hive,malwarebazaar,ransomware,2026-07-30 13:30:55 UTC,analyzed,966,NO_VICTIM_ACTIVITY,file_type=exe
08faab44c35e864b94c2170611741c22f5cf6f6f21ff88c7abb8baeb97496818,main.exe,Hive,malwarebazaar,ransomware,2026-07-30 13:30:58 UTC,analyzed,970,NO_VICTIM_ACTIVITY,file_type=exe
210c8271902f2984572936ee45db20f842841269c287c4e7e74996df91dff3ae,Fl_Studio.exe,Hive,malwarebazaar,ransomware,2026-07-30 13:31:01 UTC,analyzed,974,NO_VICTIM_ACTIVITY,file_type=exe
ccf870c70de4cc412a00deb5f93ad56f4a7b6ad38b8574c31b121759b1745502,77aff0d61acd67f16747065e511377eb,Hive,malwarebazaar,ransomware,2026-07-30 13:31:05 UTC,analyzed,978,NO_VICTIM_ACTIVITY,file_type=exe
f8d1e3127dc6b74bcc1ff5c5c147c0f3f8870bae098f2455a89b6162cf2d9e0f,f9b03e5e2de970e32fbf0e9477bb5f13,Hive,malwarebazaar,ransomware,2026-07-30 13:31:08 UTC,analyzed,982,NO_VICTIM_ACTIVITY,file_type=exe
0077e7d6e90ad972b64e90c343c617482f39505deff44ebff99ff49041252dcb,3ddfc2152f8db17f2502ffeed26a7553,Hive,malwarebazaar,ransomware,2026-07-30 13:31:11 UTC,analyzed,986,NO_VICTIM_ACTIVITY,file_type=exe
f19a795a01ec22eb27174da923ca0721e22baa7f0982059b0e644c76b6154a3f,d178077acbb10e9fc1eae2e8dbc008ef,Hive,malwarebazaar,ransomware,2026-07-30 13:31:14 UTC,analyzed,990,NO_VICTIM_ACTIVITY,file_type=exe
be69a27ea4cea45c49e75a0eb57cd503190d08eb97184c492c084a822e29374e,3a86dfb61e88934736ec1807338c7bd3,Hive,malwarebazaar,ransomware,2026-07-30 13:31:17 UTC,analyzed,994,NO_VICTIM_ACTIVITY,file_type=exe
2918ebcbf06f5816d68ababd97c249ba3cf79d4bfab199761d6cfa40c10c1d60,2918ebcbf06f5816d68ababd97c249ba3cf79d4bfab199761d6cfa40c10c1d60,Hive,malwarebazaar,ransomware,2026-07-30 13:31:21 UTC,analyzed,998,FAILED,file_type=exe
2f7ab4f79c6c0c2095d1964c414eb28c6e9513d6cfd1c01455c0c373d081290d,2f7ab4f79c6c0c2095d1964c414eb28c6e9513d6cfd1c01455c0c373d081290d,Hive,malwarebazaar,ransomware,2026-07-30 13:31:25 UTC,analyzed,1003,FAILED,file_type=exe
b924bd60cc419ee92e7c55cb20eb5fe43e2a9c440b5d6ed8b78446bbd180795c,Valorant HackYepp.exe,Hive,malwarebazaar,ransomware,2026-07-30 13:31:30 UTC,analyzed,1005,NO_VICTIM_ACTIVITY,file_type=exe
117fc30c25b1f28cd923b530ab9f91a0a818925b0b89b8bc9a7f820a9e630464,enc.exe,Hive,malwarebazaar,ransomware,2026-07-30 13:31:38 UTC,analyzed,1010,NO_VICTIM_ACTIVITY,file_type=exe
43d8c0c1c5f1343775230e0a039a141dbec618a1ae0edaa27893274bf189718c,43D8C0C1C5F1343775230E0A039A141DBEC618A1AE0EDAA27893274BF189718C.exe,Hive,malwarebazaar,ransomware,2026-07-30 13:31:41 UTC,analyzed,1012,NO_VICTIM_ACTIVITY,file_type=exe
b6bad27a3180da1b25abbffa4a0395be46b6ef136c8a38b3978b8c26b2f0d1aa,qcode.exe,Hive,malwarebazaar,ransomware,2026-07-30 13:31:43 UTC,analyzed,1014,NO_VICTIM_ACTIVITY,file_type=exe
ca4f64a4b97c079e3835b30d39b8d0ed3dec2994f98e11c3aeb6b3130a00903b,ca4f64a4b97c079e3835b30d39b8d0ed3dec2994f98e11c3aeb6b3130a00903b.exe,Hive,malwarebazaar,ransomware,2026-07-30 13:31:45 UTC,analyzed,1017,NO_VICTIM_ACTIVITY,file_type=exe
0787ae2c43d3a8d3f69ab3d69692f789e0b4fa27b276e072ca44a82074477e34,tool ddos.exe,Hive,malwarebazaar,ransomware,2026-07-30 13:31:47 UTC,analyzed,1020,FAILED,file_type=exe
a14c357821311e9c07a8c025e13f930294e3a2d0363e2f7bd7d37124fa7a5675,a14c357821311e9c07a8c025e13f930294e3a2d0363e2f7bd7d37124fa7a5675,Hive,malwarebazaar,ransomware,2026-07-30 13:31:49 UTC,analyzed,1022,NO_VICTIM_ACTIVITY,file_type=exe
bea23a43516196082bad5c47784233b3ee0b4b0217384a74781616dadd84db50,wt.exe,Hive,malwarebazaar,ransomware,2026-07-30 13:31:51 UTC,analyzed,1024,NO_VICTIM_ACTIVITY,file_type=exe
99d32bfd135a2a1575b0f83a31a0ab817a6a4fe329f3e05bebdb73c26f988658,client.exe,Hive,malwarebazaar,ransomware,2026-07-30 13:31:55 UTC,analyzed,1027,NO_VICTIM_ACTIVITY,file_type=exe
cbdfac8826b8d6eb2c5f01fd617d72a62c63fd4458f10cdd8ce5b16db530dfe7,changePassword.exe,Hive,malwarebazaar,ransomware,2026-07-30 13:31:58 UTC,analyzed,1029,NO_VICTIM_ACTIVITY,file_type=exe
a738f6016086abdd2824b797ec67feee3bc39d52b0b0ae94bd1384c58ed3d5d6,SecuriteInfo.com.Trojan.DownLoader44.59135.30418.14825,Hive,malwarebazaar,ransomware,2026-07-30 13:32:00 UTC,analyzed,1032,NO_VICTIM_ACTIVITY,file_type=exe
12c1faf03d13bcff2c86412ba517f479d43a7030307f37e3af344ec1eb80da42,12c1faf03d13bcff2c86412ba517f479d43a7030307f37e3af344ec1eb80da42.bin,Hive,malwarebazaar,ransomware,2026-07-30 13:32:02 UTC,analyzed,1036,NO_VICTIM_ACTIVITY,file_type=exe
1ae58396525d6ffc72b14719d1d5aeac7bd2168f5a726aa038fb1d15b3c1bad3,1ae58396525d6ffc72b14719d1d5aeac7bd2168f5a726aa038fb1d15b3c1bad3.bin,Hive,malwarebazaar,ransomware,2026-07-30 13:32:04 UTC,analyzed,1040,NO_VICTIM_ACTIVITY,file_type=exe
e434ec347a8ea1f0712561bccf0153468a943e16d2cd792fbc72720bd0a8002e,e434ec347a8ea1f0712561bccf0153468a943e16d2cd792fbc72720bd0a8002e.bin,Hive,malwarebazaar,ransomware,2026-07-30 13:32:06 UTC,analyzed,1044,NO_VICTIM_ACTIVITY,file_type=exe
011c781cef00e6451e27af18a558c3b12fef80f9f49355add6f02b5f900a3e82,011c781cef00e6451e27af18a558c3b12fef80f9f49355add6f02b5f900a3e82,Hive,malwarebazaar,ransomware,2026-07-30 13:32:08 UTC,analyzed,1048,NO_VICTIM_ACTIVITY,file_type=exe
5e6c5a9fda2d20125f6f24e37e8a217a39ff0a5cfddc07ddfdb18049d9ea4597,5e6c5a9fda2d20125f6f24e37e8a217a39ff0a5cfddc07ddfdb18049d9ea4597,Hive,malwarebazaar,ransomware,2026-07-30 13:32:12 UTC,analyzed,1052,FAILED,file_type=exe
8b6d63b2b7829c89877231c11bbcb8984abab9a344e918780bea6d0cf4632bc5,钓鱼木马查杀方法.exe,Hive,malwarebazaar,ransomware,2026-07-30 13:32:16 UTC,analyzed,1056,NO_VICTIM_ACTIVITY,file_type=exe
08ff371dff7eb8283c675a14af2477eede676756cdd4d2252ee7239140445ec9,Launcher.exe,Hive,malwarebazaar,ransomware,2026-07-30 13:32:19 UTC,analyzed,1060,NO_VICTIM_ACTIVITY,file_type=exe
a945fd22e8f7272ce950721138fedb657dcfdd8447620a840c17688e3f9e0561,launcher-disbalancer-go-client-windows-amd64.exe,Hive,malwarebazaar,ransomware,2026-07-30 13:32:23 UTC,analyzed,1064,NO_VICTIM_ACTIVITY,file_type=exe
df94511c0c82d8f95689a4a9574081a9f727f027895a4a8fc14acdb4997866bd,vpn.exe,Hive,malwarebazaar,ransomware,2026-07-30 13:32:25 UTC,analyzed,1068,NO_VICTIM_ACTIVITY,file_type=exe
1b8c9e7c150bacd466fbe7f12b39883821f23b67cae0a427a57dc37e5ea4390f,UpdateUAV.exe,Hive,malwarebazaar,ransomware,2026-07-30 13:32:27 UTC,analyzed,1072,NO_VICTIM_ACTIVITY,file_type=exe
902c65435b6b44cfda1156b0e7c6a30b2785fa4f2cbb9b1944a66f5146ec7aa5,MoUsoCore.exe,Hive,malwarebazaar,ransomware,2026-07-30 13:32:30 UTC,analyzed,1076,NO_VICTIM_ACTIVITY,file_type=exe
aca731d34c3e99d07af79847db369409e92e387520e44285608f18877b3a1d79,aca731d34c3e99d07af79847db369409e92e387520e44285608f18877b3a1d79,Hive,malwarebazaar,ransomware,2026-07-30 13:32:34 UTC,analyzed,1080,NO_VICTIM_ACTIVITY,file_type=exe
47a734e624dac47b9043606c8833001dde8f341d71f77129da2eade4e02b3878,47a734e624dac47b9043606c8833001dde8f341d71f77129da2eade4e02b3878.bin,Hive,malwarebazaar,ransomware,2026-07-30 13:32:39 UTC,analyzed,1084,NO_VICTIM_ACTIVITY,file_type=exe
f2a09b611b6fca3e82b8c3098abc35929779685a9e3f851a6acf4040be002f41,f2a09b611b6fca3e82b8c3098abc35929779685a9e3f851a6acf4040be002f41.bin,Hive,malwarebazaar,ransomware,2026-07-30 13:32:43 UTC,analyzed,1088,NO_VICTIM_ACTIVITY,file_type=exe
ed448b9c4e604c7c6531864ac023cdd8865affab409d581db66281179532fc69,base_update.bin,Hive,malwarebazaar,ransomware,2026-07-30 13:32:46 UTC,analyzed,1092,NO_VICTIM_ACTIVITY,file_type=exe
9ec0d39cafaff2815558dfcfab82344b78b7b7bf67b5c95eb2faf69965843b12,xxx.dll,Hive,malwarebazaar,ransomware,2026-07-30 13:32:48 UTC,analyzed,1096,FAILED,file_type=exe
c72c3e4322467501ecdd4dd18e879e4ea65dca03d9dc9f7f0282e092af553e0e,xxx.exe,Hive,malwarebazaar,ransomware,2026-07-30 13:32:49 UTC,analyzed,1100,FAILED,file_type=exe
272f1a3a51a58047de151bb50fa30c9056ab8a3ebfbc8e74919c3e114a5983d3,xxx.exe,Hive,malwarebazaar,ransomware,2026-07-30 13:32:51 UTC,analyzed,1104,FAILED,file_type=exe
f4a39820dbff47fa1b68f83f575bc98ed33858b02341c5c0464a49be4e6c76d3,f4a39820dbff47fa1b68f83f575bc98ed33858b02341c5c0464a49be4e6c76d3.bin,Hive,malwarebazaar,ransomware,2026-07-30 13:32:53 UTC,analyzed,1108,FAILED,file_type=exe
08c11a4d6f275b0a5b57871c8d02097ec77019215ef66fb4e73dc7c29cf6833c,exec_ap.exe,Hive,malwarebazaar,ransomware,2026-07-30 13:32:56 UTC,analyzed,1112,NO_VICTIM_ACTIVITY,file_type=exe
aa78798172e873d88f42bf8bb5853aecfb74a3bf8980540f6be66f800bf1f153,aa78798172e873d88f42bf8bb5853aecfb74a3bf8980540f6be66f800bf1f153,Hive,malwarebazaar,ransomware,2026-07-30 13:32:58 UTC,analyzed,1116,TRUE_ENCRYPTION,file_type=exe
a464ae4b0a75d8673cc95ea93c56f0ee11120f71726cc891f9c7e8d4bec53625,a464ae4b0a75d8673cc95ea93c56f0ee11120f71726cc891f9c7e8d4bec53625,Hive,malwarebazaar,ransomware,2026-07-30 13:32:59 UTC,analyzed,1120,FAILED,file_type=exe
206de75058a7dfa0b96784965baab63a137f2e89a97e623842e7d0bb3f12c2fc,206de75058a7dfa0b96784965baab63a137f2e89a97e623842e7d0bb3f12c2fc,Hive,malwarebazaar,ransomware,2026-07-30 13:33:01 UTC,analyzed,1124,FAILED,file_type=exe
5b6a9081d7742747a08d04a8f3dff31de71c4811b3b892e4b0f282780e60d741,5b6a9081d7742747a08d04a8f3dff31de71c4811b3b892e4b0f282780e60d741.bin,Hive,malwarebazaar,ransomware,2026-07-30 13:33:03 UTC,analyzed,1128,FAILED,file_type=exe
545a22b900104571ca0718336c6dfe37574263f1670d55835859b30f9776b028,545a22b900104571ca0718336c6dfe37574263f1670d55835859b30f9776b028.bin,Hive,malwarebazaar,ransomware,2026-07-30 13:33:05 UTC,analyzed,1132,FAILED,file_type=exe
c931c14c4932cb7155bd9b6d5afc29a244f98a25f989ffd12db2850324606941,c931c14c4932cb7155bd9b6d5afc29a244f98a25f989ffd12db2850324606941.bin,Hive,malwarebazaar,ransomware,2026-07-30 13:33:06 UTC,analyzed,1136,FAILED,file_type=exe
033a280e25d03046cb22a3d2bb229994861d0b51c7ca70a3b2a750b7dd87a0ad,033a280e25d03046cb22a3d2bb229994861d0b51c7ca70a3b2a750b7dd87a0ad.bin,Hive,malwarebazaar,ransomware,2026-07-30 13:33:08 UTC,analyzed,1140,FAILED,file_type=exe
4587e7d8e56a7694aa1881443312c1774da551459d3a48315acd0c694bcf87a0,4587e7d8e56a7694aa1881443312c1774da551459d3a48315acd0c694bcf87a0.bin,Hive,malwarebazaar,ransomware,2026-07-30 13:33:10 UTC,analyzed,1144,FAILED,file_type=exe
ef29e4b32e6de86c5892e2f6d9e1029a49aef283298c81859e95fdc2c049804e,ef29e4b32e6de86c5892e2f6d9e1029a49aef283298c81859e95fdc2c049804e.bin,Hive,malwarebazaar,ransomware,2026-07-30 13:33:11 UTC,analyzed,1148,FAILED,file_type=exe
2d6b9e29a2b0c81e5ff46e9913a753128dbc3b944471bf5d89e12cba9c1f536a,2d6b9e29a2b0c81e5ff46e9913a753128dbc3b944471bf5d89e12cba9c1f536a,Hive,malwarebazaar,ransomware,2026-07-30 13:33:14 UTC,analyzed,1152,FAILED,file_type=exe
36f384938e022f6448676ad2f479b47efde5b02a09834b245f22aee9a15fd371,2b897d710b4c56419679d2ee7bf1f152,Hive,malwarebazaar,ransomware,2026-07-30 13:33:16 UTC,analyzed,1156,NO_VICTIM_ACTIVITY,file_type=exe
5782a7d3cf791a0be9d8e994520618d4299a51ca032ff1a549646713193a1ecf,3241871a3d1cafc408fbb476f6c04dc3,Hive,malwarebazaar,ransomware,2026-07-30 13:33:18 UTC,analyzed,1160,NO_VICTIM_ACTIVITY,file_type=exe
2826e7c2c9141c27a2da27007b1045aeef6295b1f1dbdb50c1e45e656e6593fe,cb7a0339d242373fd96920fd74465806,Hive,malwarebazaar,ransomware,2026-07-30 13:33:19 UTC,analyzed,1164,NO_VICTIM_ACTIVITY,file_type=exe
9e9fa8b3b0a59762b429853a36674608df1fa7d7f7140c8fccd7c1946070995a,base-update.exe,Hive,malwarebazaar,ransomware,2026-07-30 13:33:23 UTC,analyzed,1168,NO_VICTIM_ACTIVITY,file_type=exe
8ffe7f2eeb0cbfbe158b77bbff3e0055d2ef7138f481b4fac8ade6bfb9b2b0a1,java-sdk.exe,Hive,malwarebazaar,ransomware,2026-07-30 13:33:26 UTC,analyzed,1172,NO_VICTIM_ACTIVITY,file_type=exe
c83d8b36402639ea3f1ad5d48edc1a22005923aee1c1826afabe27cb3989baa3,microsoft-cortana.exe,Hive,malwarebazaar,ransomware,2026-07-30 13:33:31 UTC,analyzed,1176,NO_VICTIM_ACTIVITY,file_type=exe
0a30c895bad0069f233ff2fe4c57e3dffaf233e892fb25fdb21cf312d9c8f8b4,0a30c895bad0069f233ff2fe4c57e3dffaf233e892fb25fdb21cf312d9c8f8b4,Hive,malwarebazaar,ransomware,2026-07-30 13:33:33 UTC,analyzed,1179,FAILED,file_type=exe
8b8814921dc2b2cb6ea3cfc7295803c72088092418527c09b680332c92c33f1f,8b8814921dc2b2cb6ea3cfc7295803c72088092418527c09b680332c92c33f1f.bin,Hive,malwarebazaar,ransomware,2026-07-30 13:33:34 UTC,analyzed,1182,FAILED,file_type=exe
bd7f4d6a3f224536879cca70b940b16251c56707124d52fb09ad828a889648cd,bd7f4d6a3f224536879cca70b940b16251c56707124d52fb09ad828a889648cd,Hive,malwarebazaar,ransomware,2026-07-30 13:33:36 UTC,analyzed,1185,FAILED,file_type=exe
5d6c176341db385db8e279629a038781c08e15e33e052ac4c26ad58457871e4e,Loader.exe,Hive,malwarebazaar,ransomware,2026-07-30 13:33:40 UTC,analyzed,1188,NO_VICTIM_ACTIVITY,file_type=exe
81cdc2455998d49d23ba4cc6df45c6ddd0dfea6e582e7703e9ec41cc3e1bbf74,frpc.exe,Hive,malwarebazaar,ransomware,2026-07-30 13:33:45 UTC,analyzed,1191,NO_VICTIM_ACTIVITY,file_type=exe
c7c04bcd56f282bc27f160cc80ccab73485dd3123f2efb35b9726a8528b7950f,c7c04bcd56f282bc27f160cc80ccab73485dd3123f2efb35b9726a8528b7950f.bin,Hive,malwarebazaar,ransomware,2026-07-30 13:33:46 UTC,analyzed,1194,FAILED,file_type=exe
c4d54c9c913a87aee8f0408fd1bb613b6d89b926327b71b70cd09491bfac7eeb,c4d54c9c913a87aee8f0408fd1bb613b6d89b926327b71b70cd09491bfac7eeb.bin,Hive,malwarebazaar,ransomware,2026-07-30 13:33:48 UTC,analyzed,1197,FAILED,file_type=exe
065208b037a2691eb75a14f97bdbd9914122655d42f6249d2cca419a1e4ba6f1,065208b037a2691eb75a14f97bdbd9914122655d42f6249d2cca419a1e4ba6f1.bin,Hive,malwarebazaar,ransomware,2026-07-30 13:33:49 UTC,analyzed,1200,FAILED,file_type=exe
567cb1d95c5b0701bc9a5b06842f9a675a592749cebcace5e7d62e626b2354d1,567cb1d95c5b0701bc9a5b06842f9a675a592749cebcace5e7d62e626b2354d1.bin,Hive,malwarebazaar,ransomware,2026-07-30 13:33:51 UTC,analyzed,1201,FAILED,file_type=exe
15a290552f9cdc38b18e6c0babe7fdd52ff8abfa73ff823220fa994e7f023dc0,15a290552f9cdc38b18e6c0babe7fdd52ff8abfa73ff823220fa994e7f023dc0.bin,Hive,malwarebazaar,ransomware,2026-07-30 13:33:53 UTC,analyzed,1202,FAILED,file_type=exe
11cc94773e0d1b1d6c4a5c6ffb430a321ff470c83896ed7c6ae8b1d87e1e6443,11cc94773e0d1b1d6c4a5c6ffb430a321ff470c83896ed7c6ae8b1d87e1e6443.bin,Hive,malwarebazaar,ransomware,2026-07-30 13:33:54 UTC,analyzed,1205,FAILED,file_type=exe
9b68f6082702082205344baf6812469cf2ef20345acb6b6a94022feebb087c43,9b68f6082702082205344baf6812469cf2ef20345acb6b6a94022feebb087c43.bin,Hive,malwarebazaar,ransomware,2026-07-30 13:33:56 UTC,analyzed,1208,FAILED,file_type=exe
6a4ebf513f996bd7198c711bef936a989fea148c235817ea56c1e2afafa927f5,6a4ebf513f996bd7198c711bef936a989fea148c235817ea56c1e2afafa927f5.bin,Hive,malwarebazaar,ransomware,2026-07-30 13:33:58 UTC,analyzed,1210,FAILED,file_type=exe
1841ca56006417e6220a857f66c8e6539502d5e9f539cf337b83a25c15d17a50,1841ca56006417e6220a857f66c8e6539502d5e9f539cf337b83a25c15d17a50,Hive,malwarebazaar,ransomware,2026-07-30 13:33:59 UTC,analyzed,1213,FAILED,file_type=exe
1da2ac26e7276121d27947007be6056c33cec55b7a3efcd555b6a91506769d8e,f2bc24e3e26f9b262cff301acebb63cc,Hive,malwarebazaar,ransomware,2026-07-30 13:34:01 UTC,analyzed,1215,NO_VICTIM_ACTIVITY,file_type=exe
efdbfcb717b109b816e2d2f99c0d923803c70dd08fb9feb747eb90774e86116e,efdbfcb717b109b816e2d2f99c0d923803c70dd08fb9feb747eb90774e86116e,Hive,malwarebazaar,ransomware,2026-07-30 13:34:03 UTC,analyzed,1218,FAILED,file_type=exe
1fb6c6be88080f6a91c33616a9aa4c839dbc1062a904eeacd9fd379a22962498,ransomware.exe,Hive,malwarebazaar,ransomware,2026-07-30 13:34:06 UTC,analyzed,1221,TRUE_ENCRYPTION,file_type=exe
f45b4f4b6420b1a7282b0a91cadfa0e18cf532a3dcf416dea6b5ae004ca1a807,f45b4f4b6420b1a7282b0a91cadfa0e18cf532a3dcf416dea6b5ae004ca1a807,Hive,malwarebazaar,ransomware,2026-07-30 13:34:09 UTC,analyzed,1223,NO_VICTIM_ACTIVITY,file_type=exe
c275c00ed3831518a88e99ffae3737126da1dd4ef018028850e9b742263e98d9,64770112.exe,Hive,malwarebazaar,ransomware,2026-07-30 13:34:12 UTC,analyzed,1225,NO_VICTIM_ACTIVITY,file_type=exe
a77afefb588db0b105f4c7dca156dce1abb413a3e5807f45b9bb61dd55215779,92d0366537308d4b6e0ca530f49adb6d,Hive,malwarebazaar,ransomware,2026-07-30 13:34:14 UTC,analyzed,1227,NO_VICTIM_ACTIVITY,file_type=exe
f743f72b0d85b5fbeb07e2cbc3a39d85f73748d5b8dab6244fea8fffd5e41533,SecuriteInfo.com.Trojan.MulDrop19.61186.2947.27996,Hive,malwarebazaar,ransomware,2026-07-30 13:34:16 UTC,analyzed,1229,NO_VICTIM_ACTIVITY,file_type=exe
5a2a01a909f8ad20484259c2e305c24791ea8fff7adc3f63f927440e2d14928c,33132493.exe,Hive,malwarebazaar,ransomware,2026-07-30 13:34:18 UTC,analyzed,1230,NO_VICTIM_ACTIVITY,file_type=exe
a261a73cf75f1300ff5eb593c555591cc4b7cc440aa11bd12f3cc2b71952fd83,32311396.exe,Hive,malwarebazaar,ransomware,2026-07-30 13:34:21 UTC,analyzed,1233,NO_VICTIM_ACTIVITY,file_type=exe
8e77118d819681fdc49ce3362d8bfd8f51f8469353396be7113c5a8978a171f6,8e77118d819681fdc49ce3362d8bfd8f51f8469353396be7113c5a8978a171f6,Hive,malwarebazaar,ransomware,2026-07-30 13:34:26 UTC,analyzed,1236,NO_VICTIM_ACTIVITY,file_type=exe
89a9279a31e78ceb036d8be5b2e3c7aeb1021a05cff7bbd5e5025250c911234b,89a9279a31e78ceb036d8be5b2e3c7aeb1021a05cff7bbd5e5025250c911234b,Hive,malwarebazaar,ransomware,2026-07-30 13:34:30 UTC,analyzed,1239,NO_VICTIM_ACTIVITY,file_type=exe
70014630f792eaef394f6efd9d0908b48628e11aae3686be939ad6eabd3f81e3,99608309.exe,Hive,malwarebazaar,ransomware,2026-07-30 13:34:33 UTC,analyzed,1242,NO_VICTIM_ACTIVITY,file_type=exe
8abaa521a014cdbda2afe77042f21947b147197d274bf801de2df55b1e01c904,debug.exe,Hive,malwarebazaar,ransomware,2026-07-30 13:34:36 UTC,analyzed,1245,NO_VICTIM_ACTIVITY,file_type=exe
3cba4c992d174f01a9c3a2d7d785c9f6e9748547fc3e335556a56f132c3dfa5f,3cba4c992d174f01a9c3a2d7d785c9f6e9748547fc3e335556a56f132c3dfa5f,Hive,malwarebazaar,ransomware,2026-07-30 13:34:38 UTC,analyzed,1248,TRUE_ENCRYPTION,file_type=exe
b40db2ff2f7b61092ec9962bfefe8eca240d3a4238e9e96ebe48e840dcdc5965,b40db2ff2f7b61092ec9962bfefe8eca240d3a4238e9e96ebe48e840dcdc5965,Hive,malwarebazaar,ransomware,2026-07-30 13:34:40 UTC,analyzed,1251,TRUE_ENCRYPTION,file_type=exe
c2f351a42ecfd12aa3bc4562a05f2d54fefe977e2464bc2677823f5301d27afd,42663002.exe,Hive,malwarebazaar,ransomware,2026-07-30 13:34:43 UTC,analyzed,1253,NO_VICTIM_ACTIVITY,file_type=exe
1509f264e1e97198ec674fe8ee464a6c05e216e5f29553b8e03289a8d7da6de3,49495799.exe,Hive,malwarebazaar,ransomware,2026-07-30 13:34:46 UTC,analyzed,1255,NO_VICTIM_ACTIVITY,file_type=exe
74b45abc573e70827acfea4bba7a4b0e16cac7756e542c9bcaf3b8fb81394579,10795314.exe,Hive,malwarebazaar,ransomware,2026-07-30 13:34:49 UTC,analyzed,1257,NO_VICTIM_ACTIVITY,file_type=exe
201215fdd6ba159d22621f2424f75b25fbe6dac1c85126e174e4ae999ef88111,201787737ca24e42bab344c426926891dd5f30eb,Hive,malwarebazaar,ransomware,2026-07-30 13:34:51 UTC,analyzed,1259,FAILED,file_type=exe
a500e5ab8ce265d1dc8af1c00ea54a75b57ede933f64cea794f87ef1daf287a1,main.exe,Hive,malwarebazaar,ransomware,2026-07-30 13:34:54 UTC,analyzed,1261,FAILED,file_type=exe
af5e6a5e0d4c63665c642e7c6f82345c77e05c67ea7efb8fc881c46117248765,af5e.exe,Hive,malwarebazaar,ransomware,2026-07-30 13:34:57 UTC,analyzed,1263,NO_VICTIM_ACTIVITY,file_type=exe
e56c0b10c1198db5233d0baedb716234d69d4dff2bbee327919a3aacfeb88f54,1882f5cf3217b844adf0660586acb52b,Hive,malwarebazaar,ransomware,2026-07-30 13:35:00 UTC,analyzed,1265,NO_VICTIM_ACTIVITY,file_type=exe
8c5526650d48864f1584fcf74f9c29a77430eb1ffc58d215cb4d4e33c7b7c1f0,pdf_invoice.exe,Hive,malwarebazaar,ransomware,2026-07-30 13:35:02 UTC,analyzed,1267,NO_VICTIM_ACTIVITY,file_type=exe
d3074cf95eec9d07e6db415cf1ec236fbe9d7cc8857107bb96e0b86bb52ee298,d3074cf95eec9d07e6db415cf1ec236fbe9d7cc8857107bb96e0b86bb52ee298.exe,Hive,malwarebazaar,ransomware,2026-07-30 13:35:05 UTC,analyzed,1269,FAILED,file_type=exe
29d2f9308947efac0c804497666e1f03d61bc9321fdb498152a5d481d1e61a35,29d2f9308947efac0c804497666e1f03d61bc9321fdb498152a5d481d1e61a35,Hive,malwarebazaar,ransomware,2026-07-30 13:35:08 UTC,analyzed,1271,NO_VICTIM_ACTIVITY,file_type=exe
e6d6100cc97057cd00751ef5ac18261f7796868a420b4507144e9de0a7e80784,java64.exe,Hive,malwarebazaar,ransomware,2026-07-30 13:35:11 UTC,analyzed,1273,NO_VICTIM_ACTIVITY,file_type=exe
1c55d4144572be0ee5f5f95d9ce655549a7d0f55c74d576f649a85c323b31a63,1c55d4144572be0ee5f5f95d9ce655549a7d0f55c74d576f649a85c323b31a63,Hive,malwarebazaar,ransomware,2026-07-30 13:35:14 UTC,analyzed,1275,NO_VICTIM_ACTIVITY,file_type=exe
abc5ad9fe2047299d9c174d100ab06c59cabc1bb05f2e2bf7e07568ee25b018d,a5201121fe7ae4f552eaf7952a4e221c.exe,Hive,malwarebazaar,ransomware,2026-07-30 13:35:17 UTC,analyzed,1277,FAILED,file_type=exe
eba2f0afd491ee595cd6908494e9e2a2115ed71c053c6d7b94970f1985830ada,7987a020052048ad0ec8855c08df2f47c89922f.exe,Hive,malwarebazaar,ransomware,2026-07-30 13:35:21 UTC,analyzed,1279,NO_VICTIM_ACTIVITY,file_type=exe
bb5ec56740f8e99fe4bf5b43e7fd7db75d678a7273dd418060b610e60185cc20,e804bf3e7b1395a2a3d348d5e4b0d1f4.exe,Hive,malwarebazaar,ransomware,2026-07-30 13:35:23 UTC,analyzed,1281,NO_VICTIM_ACTIVITY,file_type=exe
dd7a018d9ee987fd7027e438b2636e802d98c2dd7aceaf2ec6db711fb08c6dab,79b5eb5b92a2245b42d82a2c106ecf30,Hive,malwarebazaar,ransomware,2026-07-30 13:35:25 UTC,analyzed,1283,NO_VICTIM_ACTIVITY,file_type=exe
4fa28556557b228a0cabb6a51597217e09afdf58a140b1181f0bd8325e6e4d0f,Setup.exe,Hive,malwarebazaar,ransomware,2026-07-30 13:35:28 UTC,analyzed,1285,NO_VICTIM_ACTIVITY,file_type=exe
d37eff5e61865aa3cae865e60c443db13027a1c2a01d24caa00da99b43042c6c,temp.exe,Hive,malwarebazaar,ransomware,2026-07-30 13:35:31 UTC,analyzed,1287,FAILED,file_type=exe
15d06d1741cc8b5495da9c79c6f630e33060e80c73da9666500f6f0bdf5ff259,SecuriteInfo.com.Trojan.GenericKD.38892578.15975.7472,Hive,malwarebazaar,ransomware,2026-07-30 13:35:34 UTC,analyzed,1289,NO_VICTIM_ACTIVITY,file_type=exe
83a361e88cb033fb4e3067a00dc0e1458dc2dcc68b9e0d01f4ea16b50db9ee11,e6a818208270374f7203f3bec86c20e2,Hive,malwarebazaar,ransomware,2026-07-30 13:35:36 UTC,analyzed,1291,NO_VICTIM_ACTIVITY,file_type=exe
b4297174e47d9ed2808524165bb5c09d0cb85e342db72b955edd4d5a0c490f9e,b4297174e47d9ed2808524165bb5c09d0cb85e342db72b955edd4d5a0c490f9e,Hive,malwarebazaar,ransomware,2026-07-30 13:35:40 UTC,analyzed,1293,NO_VICTIM_ACTIVITY,file_type=exe
869bff03d70693a10e63fc192311edc3740aa87ebe25adbe45518f4819b347ec,869bff03d70693a10e63fc192311edc3740aa87ebe25adbe45518f4819b347ec,Hive,malwarebazaar,ransomware,2026-07-30 13:35:44 UTC,analyzed,1295,NO_VICTIM_ACTIVITY,file_type=exe
50ccb1b00bdd8fc3d8957bdf718c17887ed3cd59dfbeb247193a33041cf6e03b,50ccb1b00bdd8fc3d8957bdf718c17887ed3cd59dfbeb247193a33041cf6e03b,Hive,malwarebazaar,ransomware,2026-07-30 13:35:47 UTC,analyzed,1297,NO_VICTIM_ACTIVITY,file_type=exe
90bf2554202af77fef1c4dd6fbeec01373ffb3076b74ab2db29a149feaf63fd2,2c358fdf4c85c4352e1d297727b957f0.exe,Hive,malwarebazaar,ransomware,2026-07-30 13:35:51 UTC,analyzed,1299,FAILED,file_type=exe
0e8e6fc94e6eb17cfd8993b3dcfd9acd11ee32f1b4e956df3097ae3259be4f9c,0e8e6fc94e6eb17cfd8993b3dcfd9acd11ee32f1b4e956df3097ae3259be4f9c.exe,Hive,malwarebazaar,ransomware,2026-07-30 13:35:54 UTC,analyzed,1301,TRUE_ENCRYPTION,file_type=exe
16baebd1adfc1bae6e35773b383875ac831a011fefed63a0506b875596274b8c,addfdc6395f84f4a377423f212e1fa27,Hive,malwarebazaar,ransomware,2026-07-30 13:35:58 UTC,analyzed,1303,NO_VICTIM_ACTIVITY,file_type=exe
5683ddca452350937ddd0bf5f02f9bb00c7034c2fc73e8f229d39a2f48aed20f,5df8e76b4fb891407b7517e1a1c80327.exe,Hive,malwarebazaar,ransomware,2026-07-30 13:36:00 UTC,analyzed,1305,NO_VICTIM_ACTIVITY,file_type=exe
45c9ec792bbb263ad7f58e1077dbee321115764abfbf9f26686fada2a17b6c4b,2bc8de3399fb0c834d19fbbc486aeb36,Hive,malwarebazaar,ransomware,2026-07-30 13:36:04 UTC,analyzed,1307,NO_VICTIM_ACTIVITY,file_type=exe
d9cfc3b7544927a2d5d56f0d4767b88b83a91616aa3b0a4a1846fd7881a4e0f9,d9cfc3b7544927a2d5d56f0d4767b88b83a91616aa3b0a4a1846fd7881a4e0f9,Hive,malwarebazaar,ransomware,2026-07-30 13:36:06 UTC,analyzed,1309,FAILED,file_type=exe
d0f8a2be536ca434da7734bd318d2a88ea5005f47d518c30ff611185f42c3701,c6d4b1d2731ef4d33b9a23cd38028351.exe,Hive,malwarebazaar,ransomware,2026-07-30 13:36:08 UTC,analyzed,1311,NO_VICTIM_ACTIVITY,file_type=exe
0d2010a9a6f2c5066afea6b63d881d17684a8f129c1410ff65020f00729bb3bb,c2741ffe5112396d902a59f3373d0bd4,Hive,malwarebazaar,ransomware,2026-07-30 13:36:12 UTC,analyzed,1313,NO_VICTIM_ACTIVITY,file_type=exe
25d18c3823a3b210a18e69c823ce4c59fab298c315ac2a5d891027921d1c6d7e,25d18c3823a3b210a18e69c823ce4c59fab298c315ac2a5d891027921d1c6d7e.bin,Hive,malwarebazaar,ransomware,2026-07-30 13:36:14 UTC,analyzed,1315,TRUE_ENCRYPTION,file_type=exe
4f8830dd18dd4c4414a876206b03d02b244a9b62caeb9f7642bd78affa438130,4f8830dd18dd4c4414a876206b03d02b244a9b62caeb9f7642bd78affa438130,Hive,malwarebazaar,ransomware,2026-07-30 13:36:17 UTC,analyzed,1317,NO_VICTIM_ACTIVITY,file_type=exe
33aceb3dc0681a56226d4cfce32eee7a431e66f5c746a4d6dc7506a72b317277,setup,Hive,malwarebazaar,ransomware,2026-07-30 13:36:20 UTC,analyzed,1319,NO_VICTIM_ACTIVITY,file_type=exe
8c4294e3154675cd926ab6b772dbbe0e7a49cae16f4a37d908e1ca6748251c43,40e1656f65b472375735feef8d9d1197.exe,Hive,malwarebazaar,ransomware,2026-07-30 13:36:22 UTC,analyzed,1321,NO_VICTIM_ACTIVITY,file_type=exe
87967600b0f6026f97093416dcd7ec38f740adaf84757255c179180873b41177,installer,Hive,malwarebazaar,ransomware,2026-07-30 13:36:26 UTC,analyzed,1323,TRUE_ENCRYPTION,file_type=exe
b1bfc90de9dcea999dedf285c3d3d7e1901847d84ec297224a0d82720d0ed501,b1bfc90de9dcea999dedf285c3d3d7e1901847d84ec297224a0d82720d0ed501,Hive,malwarebazaar,ransomware,2026-07-30 13:36:28 UTC,analyzed,1325,NO_VICTIM_ACTIVITY,file_type=exe
47dbb2594cd5eb7015ef08b7fb803cd5adc1a1fbe4849dc847c0940f1ccace35,serenb.exe,Hive,malwarebazaar,ransomware,2026-07-30 13:36:31 UTC,analyzed,1327,NO_VICTIM_ACTIVITY,file_type=exe
77a398c870ad4904d06d455c9249e7864ac92dda877e288e5718b3c8d9fc6618,hive3.exe,Hive,malwarebazaar,ransomware,2026-07-30 13:36:33 UTC,analyzed,1329,TRUE_ENCRYPTION,file_type=exe
e1a7ddbf735d5c1cb9097d7614840c00e5c4d5107fa687c0ab2a2ec8948ef84e,e1a7ddbf735d5c1cb9097d7614840c00e5c4d5107fa687c0ab2a2ec8948ef84e,Hive,malwarebazaar,ransomware,2026-07-30 13:36:35 UTC,analyzed,1331,FAILED,file_type=exe
612e5ffd09ca30ca9488d802594efb5d41c360f7a439df4ae09b14bce45575ec,612e5ffd09ca30ca9488d802594efb5d41c360f7a439df4ae09b14bce45575ec,Hive,malwarebazaar,ransomware,2026-07-30 13:36:38 UTC,analyzed,1333,FAILED,file_type=exe
50ad0e6e9dc72d10579c20bb436f09eeaa7bfdbcb5747a2590af667823e85609,50ad0e6e9dc72d10579c20bb436f09eeaa7bfdbcb5747a2590af667823e85609,Hive,malwarebazaar,ransomware,2026-07-30 13:36:40 UTC,analyzed,1335,FAILED,file_type=exe
88f7544a29a2ceb175a135d9fa221cbfd3e8c71f32dd6b09399717f85ea9afd1,88f7544a29a2ceb175a135d9fa221cbfd3e8c71f32dd6b09399717f85ea9afd1,Hive,malwarebazaar,ransomware,2026-07-30 13:36:42 UTC,analyzed,1337,TRUE_ENCRYPTION,file_type=exe
47c6ba872eea70cf59233fabbdb6d1978cfc7c5602d4710b4f3d123e91f91822,47c6ba872eea70cf59233fabbdb6d1978cfc7c5602d4710b4f3d123e91f91822,LockBit,malwarebazaar,ransomware,2026-07-30 13:36:48 UTC,analyzed,326,TRUE_ENCRYPTION,file_type=exe
a61687dca6e71baa451a3ba677299af8c0b8d576f7e348609aa43162ca550dc3,LB3_pass.exe,LockBit,malwarebazaar,ransomware,2026-07-30 13:36:50 UTC,analyzed,356,FAILED,file_type=exe;cape_machine_unavailable
637be4d4df565ad9299be22e19deacaa343f05d56fb9ea0a201fb012ac8f4df9,test_pass.exe,LockBit,malwarebazaar,ransomware,2026-07-30 13:36:51 UTC,analyzed,367,FAILED,file_type=exe
032690f113289d50b672fb3e95b64c801454e8e07fe3cdcb072efeaabcc7a374,bl3.exe,LockBit,malwarebazaar,ransomware,2026-07-30 13:36:53 UTC,analyzed,378,TRUE_ENCRYPTION,file_type=exe
180e93a091f8ab584a827da92c560c78f468c45f2539f73ab2deb308fb837b38,chuongdong64.exe,LockBit,malwarebazaar,ransomware,2026-07-30 13:36:55 UTC,analyzed,422,TRUE_ENCRYPTION,file_type=exe;cape_machine_unavailable
7ea5afbc166c4e23498aa9747be81ceaf8dad90b8daa07a6e4644dc7c2277b82,7ea5afbc166c4e23498aa9747be81ceaf8dad90b8daa07a6e4644dc7c2277b82,LockBit,malwarebazaar,ransomware,2026-07-30 13:36:56 UTC,analyzed,433,TRUE_ENCRYPTION,file_type=exe;cape_machine_unavailable
25fba0e92d00184dde662c7d30aff006851dba296daa6f6f82ce797b66789ed2,25fba0e92d00184dde662c7d30aff006851dba296daa6f6f82ce797b66789ed2,LockBit,malwarebazaar,ransomware,2026-07-30 13:36:58 UTC,analyzed,442,FAILED,file_type=exe
7a42a2591858a6901ad37d4669a9c9a78a981b1d670c3dbfeef23500eae972c1,7a42a2591858a6901ad37d4669a9c9a78a981b1d670c3dbfeef23500eae972c1,LockBit,malwarebazaar,ransomware,2026-07-30 13:36:59 UTC,analyzed,453,TRUE_ENCRYPTION,file_type=exe
f53f84ac24e0ae43cd5b59a0e031d6423f8dce2400d21e0d59ea5511b57f256f,f53f84ac24e0ae43cd5b59a0e031d6423f8dce2400d21e0d59ea5511b57f256f,LockBit,malwarebazaar,ransomware,2026-07-30 13:37:01 UTC,analyzed,464,TRUE_ENCRYPTION,file_type=exe
33e5396c26b5fff35264d758f66244d54372a93be3bc83a27bb1ebef58b1528c,33e5396c26b5fff35264d758f66244d54372a93be3bc83a27bb1ebef58b1528c,LockBit,malwarebazaar,ransomware,2026-07-30 13:37:02 UTC,analyzed,499,FAILED,file_type=exe
392f4f64305a84b2c1451761f931fe21eae4a1329864c5a83c3fdc8356b07ef9,eljh.exe,LockBit,malwarebazaar,ransomware,2026-07-30 13:37:05 UTC,analyzed,520,NO_VICTIM_ACTIVITY,file_type=exe
771a06e3a1bdb42a7249d1c888e740c2bc46ba30b54490188c17f6c84ca96e26,rns1.exe,LockBit,malwarebazaar,ransomware,2026-07-30 13:37:07 UTC,analyzed,530,TRUE_ENCRYPTION,file_type=exe
f734bc911b2662cc5fad02e4750911bfc9c150b14735c3a984ddade48c3eacd4,t.exe,LockBit,malwarebazaar,ransomware,2026-07-30 13:37:10 UTC,analyzed,542,FAILED,file_type=exe
9a007e70a934bc617f93d4c2ea08f2b7c6238562529bc90d89c990bd7d2983c4,SecuriteInfo.com.Win64.MalwareX-gen.22561.9089,LockBit,malwarebazaar,ransomware,2026-07-30 13:37:11 UTC,analyzed,554,TRUE_ENCRYPTION,file_type=exe
7ed131e9cf7d7f87b0c7e95e121025f35f526c927e8dda59196c9022870193b1,SecuriteInfo.com.Win64.MalwareX-gen.15593.21621,LockBit,malwarebazaar,ransomware,2026-07-30 13:37:13 UTC,analyzed,599,TRUE_ENCRYPTION,file_type=exe
67ac04c1b7526288194e53da33cc0e9661687fd4fbbf12156e5ef6dd2a4108eb,67ac04c1b7526288194e53da33cc0e9661687fd4fbbf12156e5ef6dd2a4108eb,LockBit,malwarebazaar,ransomware,2026-07-30 13:37:15 UTC,analyzed,610,TRUE_ENCRYPTION,file_type=exe
fa03e0cc4ce12a16be88b229d9dda6bef390697137318456206c4406a90a4eca,fa03e0cc4ce12a16be88b229d9dda6bef390697137318456206c4406a90a4eca,LockBit,malwarebazaar,ransomware,2026-07-30 13:37:16 UTC,analyzed,621,FAILED,file_type=exe
4f76df691e2ea292b56812eb3167efcab655382d632048ff63781f5d41f86433,lockbit4.bin,LockBit,malwarebazaar,ransomware,2026-07-30 13:37:18 UTC,analyzed,632,TRUE_ENCRYPTION,file_type=exe
4ff3b5ae26ae039c77e17e057cd7a05556c13c78ff47da3323e4fd3ef2c732d6,lockbit4.0_unpacked.bin,LockBit,malwarebazaar,ransomware,2026-07-30 13:37:19 UTC,analyzed,643,FAILED,file_type=exe
0ace4e1158ab5b7723493f39d6949309e00e4a71804f0b09e33d5d48a28cb061,0ace4e1158ab5b7723493f39d6949309e00e4a71804f0b09e33d5d48a28cb061,LockBit,malwarebazaar,ransomware,2026-07-30 13:37:21 UTC,analyzed,654,FAILED,file_type=exe
21e51ee7ba87cd60f692628292e221c17286df1c39e36410e7a0ae77df0f6b4b,21e51ee7ba87cd60f692628292e221c17286df1c39e36410e7a0ae77df0f6b4b,LockBit,malwarebazaar,ransomware,2026-07-30 13:37:22 UTC,analyzed,664,FAILED,file_type=exe
33376f74c2f071ff30bab1c2d19d9361d16ebaa3dee73d3b595f6d789c15f620,33376f74c2f071ff30bab1c2d19d9361d16ebaa3dee73d3b595f6d789c15f620,LockBit,malwarebazaar,ransomware,2026-07-30 13:37:24 UTC,analyzed,674,FAILED,file_type=exe
48e2033a286775c3419bea8702a717de0b2aaf1e737ef0e6b3bf31ef6ae00eb5,48e2033a286775c3419bea8702a717de0b2aaf1e737ef0e6b3bf31ef6ae00eb5,LockBit,malwarebazaar,ransomware,2026-07-30 13:37:25 UTC,analyzed,684,TRUE_ENCRYPTION,file_type=exe
3552dda80bd6875c1ed1273ca7562c9ace3de2f757266dae70f60bf204089a4a,3552dda80bd6875c1ed1273ca7562c9ace3de2f757266dae70f60bf204089a4a,LockBit,malwarebazaar,ransomware,2026-07-30 13:37:27 UTC,analyzed,694,FAILED,file_type=exe
3dc6902dc87d976787bdf0878e7174ec526df613645d3f275e0216d05cf2d217,3dc6902dc87d976787bdf0878e7174ec526df613645d3f275e0216d05cf2d217,LockBit,malwarebazaar,ransomware,2026-07-30 13:37:29 UTC,analyzed,707,TRUE_ENCRYPTION,file_type=exe
82b336cd120ef07d8df5a3e3fa082bcca8b5c0a3481fae78cb5dd29072979f69,82b336cd120ef07d8df5a3e3fa082bcca8b5c0a3481fae78cb5dd29072979f69(1),LockBit,malwarebazaar,ransomware,2026-07-30 13:37:30 UTC,analyzed,717,TRUE_ENCRYPTION,file_type=exe
f53ac28e9b0ec8535333795ab9e0e52b17a77ad5eabc7b5172bd7e7aac41df12,f53ac28e9b0ec8535333795ab9e0e52b17a77ad5eabc7b5172bd7e7aac41df12,LockBit,malwarebazaar,ransomware,2026-07-30 13:37:32 UTC,analyzed,727,TRUE_ENCRYPTION,file_type=exe
5fddbc9fe214eafa3fce0cfa5aea3fc3283a62db82a7e86307a00cd345af57ee,SecuriteInfo.com.Win32.Evo-gen.21140.20057,LockBit,malwarebazaar,ransomware,2026-07-30 13:37:34 UTC,analyzed,737,TRUE_ENCRYPTION,file_type=exe
105912c9995a1d718c5442349d2cc4bb99426f75ff34554cdfd9a7272eeca398,LB3.exe,LockBit,malwarebazaar,ransomware,2026-07-30 13:37:36 UTC,analyzed,747,TRUE_ENCRYPTION,file_type=exe
166bba02413995aff28ffeb27d3bf3d5a5f6a6cd36893e252c7b9a22836f4980,WebAdvisorInstall.exe,LockBit,malwarebazaar,ransomware,2026-07-30 13:37:38 UTC,analyzed,757,NO_VICTIM_ACTIVITY,file_type=exe
e082c6d30278139fdab5a7ddddecbcbafad12ab4dff1d5a960d9704fe635c007,F-Secure-Safe-Network-Installer.exe,LockBit,malwarebazaar,ransomware,2026-07-30 13:37:40 UTC,analyzed,767,NO_VICTIM_ACTIVITY,file_type=exe
315d043b99f988ce9d9f69d7225292eb44623a97c1a029933b62ede699fa9f13,zbi.exe,LockBit,malwarebazaar,ransomware,2026-07-30 13:37:42 UTC,analyzed,777,TRUE_ENCRYPTION,file_type=exe
8dd64e306731d5a21d7805c485d6312444be01e2a8dee0807f7f6c401669e685,setup.exe,LockBit,malwarebazaar,ransomware,2026-07-30 13:37:43 UTC,analyzed,787,TRUE_ENCRYPTION,file_type=exe
d12c35c8825aad5b09855a89102236774ca847a7559132c4e9d92aaf69772815,setup.exe,LockBit,malwarebazaar,ransomware,2026-07-30 13:37:45 UTC,analyzed,797,TRUE_ENCRYPTION,file_type=exe
05f9891bb4ca2b87b476e3d3f415e329a547d3cb65741b908cd570eb96575767,SecuriteInfo.com.Variant.Razy.458328.5318.7411,LockBit,malwarebazaar,ransomware,2026-07-30 13:37:47 UTC,analyzed,807,TRUE_ENCRYPTION,file_type=exe
e173dd358ec750f561ec4eec0c6d75e8709bc32fbe43a5e9a92dd0db96c82b58,death.ΓÇ«gpj.scr,LockBit,malwarebazaar,ransomware,2026-07-30 13:37:48 UTC,analyzed,817,WEAK_VICTIM_ACTIVITY,file_type=exe
3c13ae9a53b29849fd3bb75d3259a23658cd687441f8bdd610487007c51d2eac,LB3.exe,LockBit,malwarebazaar,ransomware,2026-07-30 13:37:50 UTC,analyzed,827,TRUE_ENCRYPTION,file_type=exe
0fb86a8ba8fdf57990c283080a671c1320cbcdfd0e8b5f5a250d9c38a6fce305,LB3.exe,LockBit,malwarebazaar,ransomware,2026-07-30 13:37:51 UTC,analyzed,837,TRUE_ENCRYPTION,file_type=exe
f28599b06560617bccdfb56acc841f3e642ff51b9956632fcc4204f026711e23,1.exe,LockBit,malwarebazaar,ransomware,2026-07-30 13:37:53 UTC,analyzed,847,TRUE_ENCRYPTION,file_type=exe
7de7ce42cde20847749fa5bc4048cf5cacec8c2bf49169d7d262ea38630640ea,LBB.exe,LockBit,malwarebazaar,ransomware,2026-07-30 13:37:54 UTC,analyzed,857,TRUE_ENCRYPTION,file_type=exe
311edf744c2e90d7bfc550c893478f43d1d7977694d5dcecf219795f3eb99b86,l.exe,LockBit,malwarebazaar,ransomware,2026-07-30 13:37:56 UTC,analyzed,866,TRUE_ENCRYPTION,file_type=exe
03db266db5b96223ef42206d57e30fa58c59e70b1d14c017422f097af1560ad1,03db266db5b96223ef42206d57e30fa58c59e70b1d14c017422f097af1560ad1,LockBit,malwarebazaar,ransomware,2026-07-30 13:37:57 UTC,analyzed,875,TRUE_ENCRYPTION,file_type=exe
cd727c8fc0303b9a77641cc43061fa6ae9de3a0af40fd525c4a745c1dcdd5965,cd727c8fc0303b9a77641cc43061fa6ae9de3a0af40fd525c4a745c1dcdd5965,LockBit,malwarebazaar,ransomware,2026-07-30 13:37:59 UTC,analyzed,884,TRUE_ENCRYPTION,file_type=exe
58260a6687486e39dc46461270b391280b7d59997d84b6639230d95e3bdfca23,58260a6687486e39dc46461270b391280b7d59997d84b6639230d95e3bdfca23,LockBit,malwarebazaar,ransomware,2026-07-30 13:38:00 UTC,analyzed,893,FAILED,file_type=exe
86e17aa882c690ede284f3e445439dfe589d8f36e31cbc09d102305499d5c498,Document.doc.scr,LockBit,malwarebazaar,ransomware,2026-07-30 13:38:02 UTC,analyzed,900,TRUE_ENCRYPTION,file_type=exe
3a659609850664cbc0683c8c7b92be816254eb9306e7fb12ad79d5a9af0fb623,SecuriteInfo.com.Trojan.Encoder.38663.27730.16529,LockBit,malwarebazaar,ransomware,2026-07-30 13:38:04 UTC,analyzed,929,TRUE_ENCRYPTION,file_type=exe
1866b28b51045944df18e63c9a5989afe985e30ff1944db6544ca76b32235567,1866b28b51045944df18e63c9a5989afe985e30ff1944db6544ca76b32235567,LockBit,malwarebazaar,ransomware,2026-07-30 13:38:06 UTC,analyzed,935,FAILED,file_type=exe
0dd36a058705717a7d84622f9745b85277c37a07ad830a6648a01ef6e679324a,abc.exe,LockBit,malwarebazaar,ransomware,2026-07-30 13:38:07 UTC,analyzed,939,TRUE_ENCRYPTION,file_type=exe
1520e4cb2748aa5725d8b6c242ff6cf365f6672db35df2745c920ed228666317,7a83a738db05418c0ae6795b317a45f9,LockBit,malwarebazaar,ransomware,2026-07-30 13:38:09 UTC,analyzed,943,TRUE_ENCRYPTION,file_type=exe
c165d80706ccb48e3d5f77a51068771dec247362a8726588c563f335a3df5b6e,SecuriteInfo.com.Trojan.Encoder.37842.13594.31207,LockBit,malwarebazaar,ransomware,2026-07-30 13:38:10 UTC,analyzed,947,TRUE_ENCRYPTION,file_type=exe
49e891411c7eb5d49fd52c738dd664879d2b1d6bcb090ce6aeaa0b6342c1ecdc,SecuriteInfo.com.Trojan.Encoder.37841.18230.3675,LockBit,malwarebazaar,ransomware,2026-07-30 13:38:12 UTC,analyzed,951,TRUE_ENCRYPTION,file_type=exe
8d864c11c820e6d85a14c4041798e4c0c6c03ca3d21a3d68a141b2425f82263f,8d864c11c820e6d85a14c4041798e4c0c6c03ca3d21a3d68a141b2425f82263f,LockBit,malwarebazaar,ransomware,2026-07-30 13:38:13 UTC,analyzed,955,FAILED,file_type=exe
a88e9c57e89817701d2651b556f76641e10a7fb54eb29cf9a466648b25fe6716,(((입사지원서 230830))) 항상 열심히 최선을 다하겠습니다 잘부탁드립니다.exe,LockBit,malwarebazaar,ransomware,2026-07-30 13:38:15 UTC,analyzed,959,TRUE_ENCRYPTION,file_type=exe
0845a8c3be602a72e23a155b23ad554495bd558fa79e1bb849aa75f79d069194,LB3,LockBit,malwarebazaar,ransomware,2026-07-30 13:38:17 UTC,analyzed,963,TRUE_ENCRYPTION,file_type=exe
8022060ef633e157518037122a6003813cc0a3066d456a1164275a211efc8f5c,a27b6bfb8e6aef454395cbab2bdf7cd1,LockBit,malwarebazaar,ransomware,2026-07-30 13:38:18 UTC,analyzed,967,TRUE_ENCRYPTION,file_type=exe
bcbdc1bd464ba817632f46bcb5c09a2012da859487c61bd4dc51bceae54512c0,20230517717f366b354d1eef8022ad7edbffd387darkside,LockBit,malwarebazaar,ransomware,2026-07-30 13:38:20 UTC,analyzed,971,TRUE_ENCRYPTION,file_type=exe
a8fe7e11f97a293db5fda072cc9e64a161c76ababd37754acce5ccd6dfa30d1c,202305173caa52bf3388a5a37efe69ef1ff8055edarkside,LockBit,malwarebazaar,ransomware,2026-07-30 13:38:21 UTC,analyzed,975,TRUE_ENCRYPTION,file_type=exe
5c5c5b25b51450a050f4b91cd2705c8242b0cfc1a0eaeb4149354dbb07979b83,viptrac.exe,LockBit,malwarebazaar,ransomware,2026-07-30 13:38:23 UTC,analyzed,979,TRUE_ENCRYPTION,file_type=exe
641a0f4066850e5f342d94f74b29eaf19a6fdd6359a2e4e2b12b22031c184da1,2023-05-11_edc780e744052dc0e0034b7774414bba_darkside,LockBit,malwarebazaar,ransomware,2026-07-30 13:38:29 UTC,analyzed,983,FAILED,file_type=exe
0b02c55fbb40d7757b5808efe3fd1343f943bcefb92e0009689f4995e3eb26c0,2023-05-11_ae3a625b9d6bf29b465d56502b22b7b1_darkside,LockBit,malwarebazaar,ransomware,2026-07-30 13:38:34 UTC,analyzed,987,FAILED,file_type=exe
17594425d252777b2c8fb42b66b943567406398edb5ee5f57cbf88b42c82a65c,2023-05-11_7be66cee9355b921496f817574cd162e_darkside,LockBit,malwarebazaar,ransomware,2026-07-30 13:38:35 UTC,analyzed,991,TRUE_ENCRYPTION,file_type=exe
ea61537e950260b9375b55563364068b0f05ffc48ca9864480d2bc04abc49ca8,2023-05-11_6269e89d57f838d0e96ddbebaa5d91e2_darkside,LockBit,malwarebazaar,ransomware,2026-07-30 13:38:40 UTC,analyzed,995,FAILED,file_type=exe
acfe3f344edfbd4f62f2e28ff96bb3c62b589ab895990ee2498a33280442c0b3,2023-05-07_5a70683b081a768bff0281f40ebbec89_darkside,LockBit,malwarebazaar,ransomware,2026-07-30 13:38:42 UTC,analyzed,999,FAILED,file_type=exe
f7c432afe20c31ddd75dbb214f1b7aaeb400d9d17da6d9e3c0d7cf1dd38bf524,2023-05-07_59fe569fcc6b84aa8e8e74236fc8d8e2_darkside,LockBit,malwarebazaar,ransomware,2026-07-30 13:38:44 UTC,analyzed,1006,TRUE_ENCRYPTION,file_type=exe
dc2f69fcc0ee9a810e269948a3c8ed0d157faaad98b9bec2becba6735a728fe2,2023-04-27_5fac45e8b565bda371ae257d4248e6ae_darkside,LockBit,malwarebazaar,ransomware,2026-07-30 13:38:45 UTC,analyzed,1015,TRUE_ENCRYPTION,file_type=exe
8b13802f1e7b60cbd1e0a120ec41dcdae659712b0cff79188c176c7a55e67e59,2023-04-26_b7bc0b8b4cb9d004c6fc5412ed2b9191_darkside,LockBit,malwarebazaar,ransomware,2026-07-30 13:38:47 UTC,analyzed,1018,TRUE_ENCRYPTION,file_type=exe
af93184558add5c5f7c3551e94f2fbecde5aeba5141be7d29f4577b67551a35a,2023-04-23_68b405e3e6c86b51cc6f2e7adb66d0fd_lockbit,LockBit,malwarebazaar,ransomware,2026-07-30 13:38:50 UTC,analyzed,1025,NO_VICTIM_ACTIVITY,file_type=exe
a95000278cb1a755177d270dcfbf214cb73b5a410408345a18ec51b628ff7efa,2023-04-23_415c3277868d9be6d62f6155352ba9fb_lockbit,LockBit,malwarebazaar,ransomware,2026-07-30 13:38:51 UTC,analyzed,1030,TRUE_ENCRYPTION,file_type=exe
442f78f823663cea5da451a9710ece34dbbb29d61985381e6393f6ea1219466b,RR.bin,LockBit,malwarebazaar,ransomware,2026-07-30 13:38:53 UTC,analyzed,1033,TRUE_ENCRYPTION,file_type=exe
a5e6df754a4d3bb72f4d5c91d6b582e7e2c2f87ca838f5d976bc82384a5ad2d1,2023-04-15_aa067ea48161558df3279ad6ad514088_darkside,LockBit,malwarebazaar,ransomware,2026-07-30 13:38:54 UTC,analyzed,1037,TRUE_ENCRYPTION,file_type=exe
27389c160ceee51ca1f2b111ca8b221dc75b71cc699789da65802dce082dfbb4,2023-04-15_05e1d9a79cbf7efdab7aaacf74290e27_darkside,LockBit,malwarebazaar,ransomware,2026-07-30 13:38:56 UTC,analyzed,1041,TRUE_ENCRYPTION,file_type=exe
1c2a51daa50a0489a8734d3577b43bcaf78f32ab34a404d2f6026af5ed33cd5b,2023-04-14_ef577a1a486aa3dba1b0acd46b54d3a6_darkside,LockBit,malwarebazaar,ransomware,2026-07-30 13:38:57 UTC,analyzed,1045,TRUE_ENCRYPTION,file_type=exe
8958d7b8c51215d6a27444b2760f1ce843a414d380052e6e71c2af6e9ab69ce2,2023-04-11_734f101d7a5822e1bf2c66e398ab8c45_lockbit,LockBit,malwarebazaar,ransomware,2026-07-30 13:38:59 UTC,analyzed,1049,TRUE_ENCRYPTION,file_type=exe
7785a14e0b0a09fe2098bc31dae44ce3b3a70854d682316c1bf19b8637dd4056,encrypt.bin,LockBit,malwarebazaar,ransomware,2026-07-30 13:39:00 UTC,analyzed,1053,TRUE_ENCRYPTION,file_type=exe
f3e891a2a39dd948cd85e1c8335a83e640d0987dbd48c16001a02f6b7c1733ae,VirusShare_af9ff037caca1f316e7d05db86dbd882,LockBit,malwarebazaar,ransomware,2026-07-30 13:39:02 UTC,analyzed,1057,TRUE_ENCRYPTION,file_type=exe
82f27070eeed223bcc645b1ae47aa9309ef353c1cf5b79141b712ab36e5c55ba,LB3Decryptor.exe,LockBit,malwarebazaar,ransomware,2026-07-30 13:39:04 UTC,analyzed,1061,NO_VICTIM_ACTIVITY,file_type=exe
8d62edc1873f8a8b8415bb56d572786a96bd337eaafcf3dbd7666ba4442553fb,2023-03-14_b985ad429f39836ea6b1783c2f14fd1d_lockbit,LockBit,malwarebazaar,ransomware,2026-07-30 13:39:05 UTC,analyzed,1065,TRUE_ENCRYPTION,file_type=exe
19f7d53c4a9ba784fd4c64a06fc6a88caf5a4d9913341a625582d51b1c095ba0,2023-03-11_fec0ba68b3118f490dbee9dc5cc382d4_lockbit,LockBit,malwarebazaar,ransomware,2026-07-30 13:39:07 UTC,analyzed,1069,TRUE_ENCRYPTION,file_type=exe
111093146452b46071976d594172bc81d66427651f5f4cc244ddad9b3eae5c7d,111093146452b46071976d594172bc81d66427651f5f4cc244ddad9b3eae5c7d.bin.sample,LockBit,malwarebazaar,ransomware,2026-07-30 13:39:09 UTC,analyzed,1073,TRUE_ENCRYPTION,file_type=exe
6375e7e4c7cdc3f96afd991c4dfedd5cdfe4b31bf0662dccfa703c117e951f71,Crypted.bin,LockBit,malwarebazaar,ransomware,2026-07-30 13:39:10 UTC,analyzed,1077,FAILED,file_type=exe
cea3e8a3e541ae4c928c3cd33f6772f1a69746393ac1a5c4575379a09a92d1e1,29.04.20TASKMNGR,LockBit,malwarebazaar,ransomware,2026-07-30 13:39:12 UTC,analyzed,1081,TRUE_ENCRYPTION,file_type=exe
cc58dcd32a440e7f95d19b653a55c1e2c383efc2bd19443238dd3008c1cbe147,bOpDX.bin,LockBit,malwarebazaar,ransomware,2026-07-30 13:39:14 UTC,analyzed,1085,FAILED,file_type=exe
fef1f9664fde9b23754c691b15a05fdc35a51a0ceb8a18fb9a5a0166e6377c69,sample2.exe,LockBit,malwarebazaar,ransomware,2026-07-30 13:39:15 UTC,analyzed,1089,TRUE_ENCRYPTION,file_type=exe
b9d3d54532bcc21e9b05754ae0a2f81df5434e4dfd1fcbc840e5466ca38d3060,2023-02-23_1e9e399b7a31cc85062cb039bae72a44_lockbit,LockBit,malwarebazaar,ransomware,2026-07-30 13:39:17 UTC,analyzed,1093,TRUE_ENCRYPTION,file_type=exe
74437ac6c9f630c52c7e230d57d38c4cbc3affb3bec9215f090a0e3dca8e9d78,2023-02-12_e9cd8c321b68118611a0863b0b91b8f5_lockbit,LockBit,malwarebazaar,ransomware,2026-07-30 13:39:19 UTC,analyzed,1097,TRUE_ENCRYPTION,file_type=exe
98900768d564c6962981edde2759889fdda11bb1113c851468e5c40ddafe1d4d,2023-02-06_92429807c7d957566d1897d5bf7c6639_lockbit,LockBit,malwarebazaar,ransomware,2026-07-30 13:39:21 UTC,analyzed,1101,TRUE_ENCRYPTION,file_type=exe
924ec909e74a1d973d607e3ba1105a17e4337bd9a1c59ed5f9d3b4c25478fe11,924ec909e74a1d973d607e3ba1105a17e4337bd9a1c59ed5f9d3b4c25478fe11,LockBit,malwarebazaar,ransomware,2026-07-30 13:39:22 UTC,analyzed,1105,TRUE_ENCRYPTION,file_type=exe
fb49b940570cfd241dea27ae768ac420e863d9f26c5d64f0d10aea4dd0bf0ce3,fb49b940570cfd241dea27ae768ac420e863d9f26c5d64f0d10aea4dd0bf0ce3,LockBit,malwarebazaar,ransomware,2026-07-30 13:39:24 UTC,analyzed,1109,NO_VICTIM_ACTIVITY,file_type=exe
b3ea0f4f442da3106c0d4f97cf20e244b84d719232ca90b3b7fc6e59e37e1ca1,b3ea0f4f442da3106c0d4f97cf20e244b84d719232ca90b3b7fc6e59e37e1ca1,LockBit,malwarebazaar,ransomware,2026-07-30 13:39:25 UTC,analyzed,1113,NO_VICTIM_ACTIVITY,file_type=exe
2a32c844885b05e65769a051dae825aecef887c2c60035e5a20ae42533cc1695,2023-01-28_2525d5867b27f5ee3949880186c35ed7_lockbit,LockBit,malwarebazaar,ransomware,2026-07-30 13:39:27 UTC,analyzed,1117,TRUE_ENCRYPTION,file_type=exe
2ecf1fe02d8fb099b68e4d9bceeeadbe5fc8347f5a76d52f35ed48b516963735,2ecf1fe02d8fb099b68e4d9bceeeadbe5fc8347f5a76d52f35ed48b516963735,LockBit,malwarebazaar,ransomware,2026-07-30 13:39:29 UTC,analyzed,1121,TRUE_ENCRYPTION,file_type=exe
54b45f35926b12f7853e4854ae1d0a233ba1817451450d9b9fdf4e9b1412024f,54b45f35926b12f7853e4854ae1d0a233ba1817451450d9b9fdf4e9b1412024f,LockBit,malwarebazaar,ransomware,2026-07-30 13:39:30 UTC,analyzed,1125,TRUE_ENCRYPTION,file_type=exe
a35c3274a726b27cbcef5abe3f28d8f9675a30883490d37f23b4d730d72eca42,file,LockBit,malwarebazaar,ransomware,2026-07-30 13:39:32 UTC,analyzed,1129,TRUE_ENCRYPTION,file_type=exe
0ec61a80e61f56f460fc42e5d4f0accec2b04c8db98c28ed4534946214076f2a,0ec61a80e61f56f460fc42e5d4f0accec2b04c8db98c28ed4534946214076f2a,LockBit,malwarebazaar,ransomware,2026-07-30 13:39:33 UTC,analyzed,1133,TRUE_ENCRYPTION,file_type=exe
c3230c24b469fe5d82786444d3c7a7d16d78eb65581c814dbc5329a80b65481f,df7a9a45a10c1942225eb9be257fb752,LockBit,malwarebazaar,ransomware,2026-07-30 13:39:35 UTC,analyzed,1137,TRUE_ENCRYPTION,file_type=exe
b65b65c3ccf923af7be7db31b3919120e47849cc3e870afdac1bc555fc25b200,b65b65c3ccf923af7be7db31b3919120e47849cc3e870afdac1bc555fc25b200,LockBit,malwarebazaar,ransomware,2026-07-30 13:39:37 UTC,analyzed,1141,TRUE_ENCRYPTION,file_type=exe
f75674d8c1880e8ada184e77033317475e4fa40aa8584aa23cceba9c3cc9b71d,f74fbcd519bda7cbb657c0d5ef52266ed43c4680.rl,LockBit,malwarebazaar,ransomware,2026-07-30 13:39:38 UTC,analyzed,1145,TRUE_ENCRYPTION,file_type=exe
411b8cd39606bbe551627f1868bb4ace1f9fcb5387b6a58b9bb7f31c50109e10,fdrsetrgh.exe,LockBit,malwarebazaar,ransomware,2026-07-30 13:39:40 UTC,analyzed,1149,TRUE_ENCRYPTION,file_type=exe
f6fbfa9fe38f69f8806d60072b7e8a9aceacf4a2b27095f7297f529ba986eab4,2.이력서_221112(빠릿하게 일하는모습 모여드리겠습니다).exe,LockBit,malwarebazaar,ransomware,2026-07-30 13:39:42 UTC,analyzed,1153,NO_VICTIM_ACTIVITY,file_type=exe
77e35c838eb486adfc29d8fb8ed1752acbea1258b85354a88057fa6120d62d0d,77e35c838eb486adfc29d8fb8ed1752acbea1258b85354a88057fa6120d62d0d,LockBit,malwarebazaar,ransomware,2026-07-30 13:39:43 UTC,analyzed,1157,FAILED,file_type=exe
b240b6861889734eee778d92bc1e2930e10570fe41d84a1a79cc518dc93f4e09,b240b6861889734eee778d92bc1e2930e10570fe41d84a1a79cc518dc93f4e09,LockBit,malwarebazaar,ransomware,2026-07-30 13:39:45 UTC,analyzed,1161,TRUE_ENCRYPTION,file_type=exe
3c4fb5a1a8cdc44675df9d61c55a83b6f017a84cb01b06053b8f3953f9794d90,__입사지원서(221003) 경력사항도 같이 기재하였습니다 잘 부탁드립니다.exe,LockBit,malwarebazaar,ransomware,2026-07-30 13:39:46 UTC,analyzed,1165,TRUE_ENCRYPTION,file_type=exe
c72dad61e0cdc9a5f49290e9c07190fff2f501f3a08ac34a7a47db27fa5008e6,HEUR-Trojan-Ransom.Win32.Lockbit.vho-c72dad61e0cdc9a5f49290e9c07190fff2f501f3a08ac34a7a47db27fa5008e6,LockBit,malwarebazaar,ransomware,2026-07-30 13:39:48 UTC,analyzed,1169,TRUE_ENCRYPTION,file_type=exe
0ec87a7f943ab72d08aeb957d33dd348ab7cf45052ab7a31bcce33ff7a095837,SecuriteInfo.com.Gen.Variant.Nemesis.10729.25107.6533,LockBit,malwarebazaar,ransomware,2026-07-30 13:39:50 UTC,analyzed,1173,TRUE_ENCRYPTION,file_type=exe
f9b9d45339db9164a3861bf61758b7f41e6bcfb5bc93404e296e2918e52ccc10,f9b9d45339db9164a3861bf61758b7f41e6bcfb5bc93404e296e2918e52ccc10.bin,LockBit,malwarebazaar,ransomware,2026-07-30 13:39:51 UTC,analyzed,1177,FAILED,file_type=exe
742489bd828bdcd5caaed00dccdb7a05259986801bfd365492714746cb57eb55,742489bd828bdcd5caaed00dccdb7a05259986801bfd365492714746cb57eb55.bin,LockBit,malwarebazaar,ransomware,2026-07-30 13:39:53 UTC,analyzed,1180,FAILED,file_type=exe
0d38f8bf831f1dbbe9a058930127171f24c3df8dae81e6aa66c430a63cbe0509,LBB_pass.bin,LockBit,malwarebazaar,ransomware,2026-07-30 13:39:54 UTC,analyzed,1183,FAILED,file_type=exe
c6cf5fd8f71abaf5645b8423f404183b3dea180b69080f53b9678500bab6f0de,c6cf5fd8f71abaf5645b8423f404183b3dea180b69080f53b9678500bab6f0de.exe,LockBit,malwarebazaar,ransomware,2026-07-30 13:39:56 UTC,analyzed,1186,FAILED,file_type=exe
391a97a2fe6beb675fe350eb3ca0bc3a995fda43d02a7a6046cd48f042052de5,391a97a2fe6beb675fe350eb3ca0bc3a995fda43d02a7a6046cd48f042052de5,LockBit,malwarebazaar,ransomware,2026-07-30 13:39:57 UTC,analyzed,1189,FAILED,file_type=exe
80e8defa5377018b093b5b90de0f2957f7062144c83a09a56bba1fe4eda932ce,80e8defa5377018b093b5b90de0f2957f7062144c83a09a56bba1fe4eda932ce,LockBit,malwarebazaar,ransomware,2026-07-30 13:39:59 UTC,analyzed,1192,FAILED,file_type=exe
13849c0c923bfed5ab37224d59e2d12e3e72f97dc7f539136ae09484cbe8e5e0,13849c0c923bfed5ab37224d59e2d12e3e72f97dc7f539136ae09484cbe8e5e0,LockBit,malwarebazaar,ransomware,2026-07-30 13:40:00 UTC,analyzed,1195,TRUE_ENCRYPTION,file_type=exe
0e66029132a885143b87b1e49e32663a52737bbff4ab96186e9e5e829aa2915f,0e66029132a885143b87b1e49e32663a52737bbff4ab96186e9e5e829aa2915f,LockBit,malwarebazaar,ransomware,2026-07-30 13:40:02 UTC,analyzed,1198,TRUE_ENCRYPTION,file_type=exe
15a7d528587ffc860f038bb5be5e90b79060fbba5948766d9f8aa46381ccde8a,15a7d528587ffc860f038bb5be5e90b79060fbba5948766d9f8aa46381ccde8a,LockBit,malwarebazaar,ransomware,2026-07-30 13:40:04 UTC,analyzed,1203,TRUE_ENCRYPTION,file_type=exe
0f5d71496ab540c3395cfc024778a7ac5c6b5418f165cc753ea2b2befbd42d51,0f5d71496ab540c3395cfc024778a7ac5c6b5418f165cc753ea2b2befbd42d51,LockBit,malwarebazaar,ransomware,2026-07-30 13:40:05 UTC,analyzed,1206,TRUE_ENCRYPTION,file_type=exe
0f178bc093b6b9d25924a85d9a7dde64592215599733e83e3bbc6df219564335,0f178bc093b6b9d25924a85d9a7dde64592215599733e83e3bbc6df219564335,LockBit,malwarebazaar,ransomware,2026-07-30 13:40:07 UTC,analyzed,1209,TRUE_ENCRYPTION,file_type=exe
1b109db549dd0bf64cadafec575b5895690760c7180a4edbf0c5296766162f18,1b109db549dd0bf64cadafec575b5895690760c7180a4edbf0c5296766162f18,LockBit,malwarebazaar,ransomware,2026-07-30 13:40:08 UTC,analyzed,1211,TRUE_ENCRYPTION,file_type=exe
26b6a9fecfc9d4b4b2c2ff02885b257721687e6b820f72cf2e66c1cae2675739,26b6a9fecfc9d4b4b2c2ff02885b257721687e6b820f72cf2e66c1cae2675739,LockBit,malwarebazaar,ransomware,2026-07-30 13:40:10 UTC,analyzed,1214,TRUE_ENCRYPTION,file_type=exe
1e3bf358c76f4030ffc4437d5fcd80c54bd91b361abb43a4fa6340e62d986770,1e3bf358c76f4030ffc4437d5fcd80c54bd91b361abb43a4fa6340e62d986770,LockBit,malwarebazaar,ransomware,2026-07-30 13:40:12 UTC,analyzed,1216,TRUE_ENCRYPTION,file_type=exe
256e2bf5f3c819e0add95147b606dc314bbcbac32a801a59584f43a4575e25dc,256e2bf5f3c819e0add95147b606dc314bbcbac32a801a59584f43a4575e25dc,LockBit,malwarebazaar,ransomware,2026-07-30 13:40:13 UTC,analyzed,1219,TRUE_ENCRYPTION,file_type=exe
2b8117925b4b5b39192aaaea130426bda39ebb5f363102641003f2c2cb33b785,2b8117925b4b5b39192aaaea130426bda39ebb5f363102641003f2c2cb33b785,LockBit,malwarebazaar,ransomware,2026-07-30 13:40:15 UTC,analyzed,1222,TRUE_ENCRYPTION,file_type=exe
00260c390ffab5734208a7199df0e4229a76261c3f5b7264c4515acb8eb9c2f8,00260c390ffab5734208a7199df0e4229a76261c3f5b7264c4515acb8eb9c2f8,LockBit,malwarebazaar,ransomware,2026-07-30 13:40:16 UTC,analyzed,1224,TRUE_ENCRYPTION,file_type=exe
0d6524b9a1d709ecd9f19f75fa78d94096e039b3d4592d13e8dbddf99867182d,0d6524b9a1d709ecd9f19f75fa78d94096e039b3d4592d13e8dbddf99867182d,LockBit,malwarebazaar,ransomware,2026-07-30 13:40:18 UTC,analyzed,1226,TRUE_ENCRYPTION,file_type=exe
1ef9b4f6b4eb3db7eedf738a78ad15db798d397648b5064990c0a01c0da8a125,1ef9b4f6b4eb3db7eedf738a78ad15db798d397648b5064990c0a01c0da8a125,LockBit,malwarebazaar,ransomware,2026-07-30 13:40:20 UTC,analyzed,1228,TRUE_ENCRYPTION,file_type=exe
17685fa128c7acff236a0587903405b58d8d664b04ebaa49d00e45fc958acc32,17685fa128c7acff236a0587903405b58d8d664b04ebaa49d00e45fc958acc32,LockBit,malwarebazaar,ransomware,2026-07-30 13:40:21 UTC,analyzed,1231,FAILED,file_type=exe
166aed80bc00d55893d777524235bc89680c8c8192762aff186eee89def0062e,166aed80bc00d55893d777524235bc89680c8c8192762aff186eee89def0062e,LockBit,malwarebazaar,ransomware,2026-07-30 13:40:23 UTC,analyzed,1234,TRUE_ENCRYPTION,file_type=exe
0b856337d9d3255fc3b07635fdadecbe83e23eb5c205eccab83c21c2fb76edc9,0b856337d9d3255fc3b07635fdadecbe83e23eb5c205eccab83c21c2fb76edc9,LockBit,malwarebazaar,ransomware,2026-07-30 13:40:24 UTC,analyzed,1237,TRUE_ENCRYPTION,file_type=exe
931622391c1324dc7964aa5576b1a7a168382b0dce22399fbeca9aed468138f3,931622391c1324dc7964aa5576b1a7a168382b0dce22399fbeca9aed468138f3,LockBit,malwarebazaar,ransomware,2026-07-30 13:40:27 UTC,analyzed,1240,FAILED,file_type=exe
c7f353c4ca722da712da454317e9d00b77c9b6cf6194b47009dbd67517cf2abc,setup_super.exe,LockBit,malwarebazaar,ransomware,2026-07-30 13:40:28 UTC,analyzed,1243,NO_VICTIM_ACTIVITY,file_type=exe
ca57455fd148754bf443a2c8b06dc2a295f014b071e3990dd99916250d21bc75,ca57455fd148754bf443a2c8b06dc2a295f014b071e3990dd99916250d21bc75.bin,LockBit,malwarebazaar,ransomware,2026-07-30 13:40:30 UTC,analyzed,1246,NO_VICTIM_ACTIVITY,file_type=exe
fdc4ac20e22968088ef1dc27dc4b3746fd2b827d45899ed45c8eec3d14a4defe,50ca5b93c15a1a78fb50b1e0d479887c2d291f3d,LockBit,malwarebazaar,ransomware,2026-07-30 13:40:32 UTC,analyzed,1249,NO_VICTIM_ACTIVITY,file_type=exe
a9cb8fb06970ee8652983bdad227d24f50133853b64e29b76bae98b4063409b3,a9cb8fb06970ee8652983bdad227d24f50133853b64e29b76bae98b4063409b3,LockBit,malwarebazaar,ransomware,2026-07-30 13:40:33 UTC,analyzed,1252,TRUE_ENCRYPTION,file_type=exe
2b8fe787f921aadf028b8d5f4f09e66133f60d162b69afebdf6bc690b2a6d495,2b8fe787f921aadf028b8d5f4f09e66133f60d162b69afebdf6bc690b2a6d495,LockBit,malwarebazaar,ransomware,2026-07-30 13:40:35 UTC,analyzed,1254,TRUE_ENCRYPTION,file_type=exe
7363f13db048624a97528e2a2592e6657e4882028933506b5df9ecc62f869528,7363f13db048624a97528e2a2592e6657e4882028933506b5df9ecc62f869528,LockBit,malwarebazaar,ransomware,2026-07-30 13:40:37 UTC,analyzed,1256,TRUE_ENCRYPTION,file_type=exe
dec4ca3a0863919f85c2a1a4a7e607e68063a9be1719ccb395353fe4a2d087e5,dec4ca3a0863919f85c2a1a4a7e607e68063a9be1719ccb395353fe4a2d087e5,LockBit,malwarebazaar,ransomware,2026-07-30 13:40:38 UTC,analyzed,1258,TRUE_ENCRYPTION,file_type=exe
ac123fae7b38fab3b9dfc3b28af23688d1ad1e66b659ab38e75ca334d7c91bf2,ac123fae7b38fab3b9dfc3b28af23688d1ad1e66b659ab38e75ca334d7c91bf2,LockBit,malwarebazaar,ransomware,2026-07-30 13:40:40 UTC,analyzed,1260,TRUE_ENCRYPTION,file_type=exe
51634f69ba2c47e171bc6ca7acb570eefe3fafdc2dfa78be46d9f1920cb309bd,51634f69ba2c47e171bc6ca7acb570eefe3fafdc2dfa78be46d9f1920cb309bd,LockBit,malwarebazaar,ransomware,2026-07-30 13:40:42 UTC,analyzed,1262,TRUE_ENCRYPTION,file_type=exe
a2ad5cc5045a1645f07da7eab14ba13eb69ab7286204f61ba6a4226bfade7f17,LockBit_0B28E0E67E50561D.exe,LockBit,malwarebazaar,ransomware,2026-07-30 13:40:44 UTC,analyzed,1264,TRUE_ENCRYPTION,file_type=exe
2cf51d2d9edcfcd6fe5a8c323149832858f9655742dd5e327ee182960e558ad3,LockBit_56EFF9037133F36E.exe,LockBit,malwarebazaar,ransomware,2026-07-30 13:40:45 UTC,analyzed,1266,TRUE_ENCRYPTION,file_type=exe
5a67b802ccb3ff343066d6f285b8c933dbd9b43da1e7592f512d54d6e517b5ee,LockBit_36AAC20B0297A5C3.exe,LockBit,malwarebazaar,ransomware,2026-07-30 13:40:47 UTC,analyzed,1268,TRUE_ENCRYPTION,file_type=exe
7878f6f17b90a1695d73de830dfdd8bdc62f365dab88bd42b13226668f913254,7878f6f17b90a1695d73de830dfdd8bdc62f365dab88bd42b13226668f913254,LockBit,malwarebazaar,ransomware,2026-07-30 13:40:49 UTC,analyzed,1270,TRUE_ENCRYPTION,file_type=exe
40c436f4ac5193735d05cfe2375d29449a90269a718fba9d7af179317688e2fb,40c436f4ac5193735d05cfe2375d29449a90269a718fba9d7af179317688e2fb,LockBit,malwarebazaar,ransomware,2026-07-30 13:40:51 UTC,analyzed,1272,TRUE_ENCRYPTION,file_type=exe
8b3d44f099888635fc995a5362159bbec7da1954eaa2fed7ba41650447cf2277,8b3d44f099888635fc995a5362159bbec7da1954eaa2fed7ba41650447cf2277,LockBit,malwarebazaar,ransomware,2026-07-30 13:40:52 UTC,analyzed,1274,TRUE_ENCRYPTION,file_type=exe
0dcbc979c995eeec6e76fa87dfc301228d230101b9acecba53289c1c085eadb1,0dcbc979c995eeec6e76fa87dfc301228d230101b9acecba53289c1c085eadb1,LockBit,malwarebazaar,ransomware,2026-07-30 13:40:54 UTC,analyzed,1276,TRUE_ENCRYPTION,file_type=exe
4672f4ade47a4717255db6bcd9ae1fb6f4d71e85d059bb08e65df55d416126eb,4672f4ade47a4717255db6bcd9ae1fb6f4d71e85d059bb08e65df55d416126eb,LockBit,malwarebazaar,ransomware,2026-07-30 13:40:56 UTC,analyzed,1278,TRUE_ENCRYPTION,file_type=exe
e786673320cd80373f1f1bdd717082d5ea074c4464e2b15874d93dc3cfe35ee1,e786673320cd80373f1f1bdd717082d5ea074c4464e2b15874d93dc3cfe35ee1,LockBit,malwarebazaar,ransomware,2026-07-30 13:40:57 UTC,analyzed,1280,TRUE_ENCRYPTION,file_type=exe
c6902f14bafb0fa5c7b46a3afe0ff71245c0bb26ac07b187ff58fd3fa381dbcb,c6902f14bafb0fa5c7b46a3afe0ff71245c0bb26ac07b187ff58fd3fa381dbcb,LockBit,malwarebazaar,ransomware,2026-07-30 13:40:59 UTC,analyzed,1282,TRUE_ENCRYPTION,file_type=exe
f978a39f80fe81be9f9f98b00adf88a8b7300bd5d311597d00daa47da3676369,f978a39f80fe81be9f9f98b00adf88a8b7300bd5d311597d00daa47da3676369,LockBit,malwarebazaar,ransomware,2026-07-30 13:41:01 UTC,analyzed,1284,TRUE_ENCRYPTION,file_type=exe
9aa88ce395cd32b972f79afe6855d74e1071b7a79b6acadeefa2d0c2f6a4530c,이미지 원본(제가 제작한 이미지)과 사용하고 있으신 이미지 정리한 내용.exe,LockBit,malwarebazaar,ransomware,2026-07-30 13:41:03 UTC,analyzed,1286,TRUE_ENCRYPTION,file_type=exe
38d20104c7a2959a06a48a614aaa58b8c87f2118fd51297cb1e37be728b8cdb8,이미지 원본(제가 제작한 이미지)과 사용하고 있으신 이미지 정리한 내용.exe,LockBit,malwarebazaar,ransomware,2026-07-30 13:41:04 UTC,analyzed,1288,TRUE_ENCRYPTION,file_type=exe
9feed0c7fa8c1d32390e1c168051267df61f11b048ec62aa5b8e66f60e8083af,LockBit_2ED873D43FE5DD38,LockBit,malwarebazaar,ransomware,2026-07-30 13:41:06 UTC,analyzed,1290,TRUE_ENCRYPTION,file_type=exe
f2da3d1410c5058720a4307acf5fec7fc2b54285be9dd89eae108cce368dcde7,Unlockpls.dr01@protonmail.com-1.exe,LockBit,malwarebazaar,ransomware,2026-07-30 13:41:08 UTC,analyzed,1292,TRUE_ENCRYPTION,file_type=exe
e216372e4328f1cf5cf39a73540b508adc8d777fef90ca77af635c2331deb5cc,e216372e4328f1cf5cf39a73540b508adc8d777fef90ca77af635c2331deb5cc.bin,LockBit,malwarebazaar,ransomware,2026-07-30 13:41:09 UTC,analyzed,1294,TRUE_ENCRYPTION,file_type=exe
bdc2801e747ee4dd2b50b1ecd3fa3eb53b6c8101ec37eff8d18e485a7f4a7bd0,bdc2801e747ee4dd2b50b1ecd3fa3eb53b6c8101ec37eff8d18e485a7f4a7bd0.bin,LockBit,malwarebazaar,ransomware,2026-07-30 13:41:11 UTC,analyzed,1296,TRUE_ENCRYPTION,file_type=exe
786a4475e703e5c8d3d5cf05ca7071c579f856a1eb9afb3e4df359e7932b7170,786a4475e703e5c8d3d5cf05ca7071c579f856a1eb9afb3e4df359e7932b7170.bin,LockBit,malwarebazaar,ransomware,2026-07-30 13:41:13 UTC,analyzed,1298,TRUE_ENCRYPTION,file_type=exe
74b4d14d2d1af6642d5867eb89c277aa02f5e4ac667d87b5aca380f40eabe1bf,74b4d14d2d1af6642d5867eb89c277aa02f5e4ac667d87b5aca380f40eabe1bf,LockBit,malwarebazaar,ransomware,2026-07-30 13:41:16 UTC,analyzed,1300,TRUE_ENCRYPTION,file_type=exe
5b9e6d9275e9523aa3945be891745442a07b936ee5236e23934250ba3844f65f,5b9e6d9275e9523aa3945be891745442a07b936ee5236e23934250ba3844f65f,LockBit,malwarebazaar,ransomware,2026-07-30 13:41:20 UTC,analyzed,1302,NO_VICTIM_ACTIVITY,file_type=exe
17c6f4e45d44bd4c06212139f521976b87ed5a6ddcd0e4e5e978e64dabb3883f,17c6f4e45d44bd4c06212139f521976b87ed5a6ddcd0e4e5e978e64dabb3883f,LockBit,malwarebazaar,ransomware,2026-07-30 13:41:23 UTC,analyzed,1304,TRUE_ENCRYPTION,file_type=exe
bc7a8a1a103aba8623b7cb73a8c32d5a3a9a8550d1a0fabbb1a01a48497ad0fb,bc7a8a1a103aba8623b7cb73a8c32d5a3a9a8550d1a0fabbb1a01a48497ad0fb,LockBit,malwarebazaar,ransomware,2026-07-30 13:41:24 UTC,analyzed,1306,TRUE_ENCRYPTION,file_type=exe
3407f26b3d69f1dfce76782fee1256274cf92f744c65aa1ff2d3eaaaf61b0b1d,3407f26b3d69f1dfce76782fee1256274cf92f744c65aa1ff2d3eaaaf61b0b1d,LockBit,malwarebazaar,ransomware,2026-07-30 13:41:26 UTC,analyzed,1308,NO_VICTIM_ACTIVITY,file_type=exe
4db7eeed852946803c16373a085c1bb5f79b60d2122d6fc9a2703714cdd9dac0,4db7eeed852946803c16373a085c1bb5f79b60d2122d6fc9a2703714cdd9dac0,LockBit,malwarebazaar,ransomware,2026-07-30 13:41:27 UTC,analyzed,1310,NO_VICTIM_ACTIVITY,file_type=exe
bd14872dd9fdead89fc074fdc5832caea4ceac02983ec41f814278130b3f943e,bd14872dd9fdead89fc074fdc5832caea4ceac02983ec41f814278130b3f943e,LockBit,malwarebazaar,ransomware,2026-07-30 13:41:29 UTC,analyzed,1312,NO_VICTIM_ACTIVITY,file_type=exe
07a3dcb8d9b062fb480692fa33d12da05c21f544492cbaf9207956ac647ba9ae,07a3dcb8d9b062fb480692fa33d12da05c21f544492cbaf9207956ac647ba9ae,LockBit,malwarebazaar,ransomware,2026-07-30 13:41:30 UTC,analyzed,1314,NO_VICTIM_ACTIVITY,file_type=exe
acad2d9b291b5a9662aa1469f96995dc547a45e391af9c7fa24f5921b0128b2c,acad2d9b291b5a9662aa1469f96995dc547a45e391af9c7fa24f5921b0128b2c,LockBit,malwarebazaar,ransomware,2026-07-30 13:41:32 UTC,analyzed,1316,TRUE_ENCRYPTION,file_type=exe
0545f842ca2eb77bcac0fd17d6d0a8c607d7dbc8669709f3096e5c1828e1c049,0545f842ca2eb77bcac0fd17d6d0a8c607d7dbc8669709f3096e5c1828e1c049,LockBit,malwarebazaar,ransomware,2026-07-30 13:41:34 UTC,analyzed,1318,TRUE_ENCRYPTION,file_type=exe
dd8fe3966ab4d2d6215c63b3ac7abf4673d9c19f2d9f35a6bf247922c642ec2d,dd8fe3966ab4d2d6215c63b3ac7abf4673d9c19f2d9f35a6bf247922c642ec2d,LockBit,malwarebazaar,ransomware,2026-07-30 13:41:35 UTC,analyzed,1320,TRUE_ENCRYPTION,file_type=exe
73406e0e7882addf0f810d3bc0e386fd5fd2dd441c895095f4125bb236ae7345,73406e0e7882addf0f810d3bc0e386fd5fd2dd441c895095f4125bb236ae7345,LockBit,malwarebazaar,ransomware,2026-07-30 13:41:37 UTC,analyzed,1322,TRUE_ENCRYPTION,file_type=exe
4bb152c96ba9e25f293bbc03c607918a4452231087053a8cb1a8accb1acc92fd,4bb152c96ba9e25f293bbc03c607918a4452231087053a8cb1a8accb1acc92fd,LockBit,malwarebazaar,ransomware,2026-07-30 13:41:39 UTC,analyzed,1324,TRUE_ENCRYPTION,file_type=exe
36446a57a54aba2517efca37eedd77c89dfc06e056369eac32397e8679660ff7,36446a57a54aba2517efca37eedd77c89dfc06e056369eac32397e8679660ff7,LockBit,malwarebazaar,ransomware,2026-07-30 13:41:41 UTC,analyzed,1326,TRUE_ENCRYPTION,file_type=exe
54664bedb8b1e8e5a05a60490739080c757a234a71cbee0917f1bdfde3c95b97,VERWALTUNG.exe,LockBit,malwarebazaar,ransomware,2026-07-30 13:41:43 UTC,analyzed,1328,TRUE_ENCRYPTION,file_type=exe
a0ad4cc0041d5d8de8584b495d98ce46987ed8834d027c01d048da3aa7fb67fe,abe13f69e9ce015269a1ae5f1458ac1f.exe,LockBit,malwarebazaar,ransomware,2026-07-30 13:41:48 UTC,analyzed,1330,NO_VICTIM_ACTIVITY,file_type=exe
d5ea463e0719ee2d1705ff305cdd8529bd2ff23dde79c502c4f478937a91f874,b3175331_by_Libranalysis,LockBit,malwarebazaar,ransomware,2026-07-30 13:41:49 UTC,analyzed,1332,TRUE_ENCRYPTION,file_type=exe
3b52db44c2cdd8adfacb906362837ed449e96fcf761de4b1f26388b66b6edabe,ef4a5d28_by_Libranalysis,LockBit,malwarebazaar,ransomware,2026-07-30 13:41:51 UTC,analyzed,1334,TRUE_ENCRYPTION,file_type=exe
95739e350d7f2aca2c609768ee72ad67fcf05efca5c7ad8df3027c82b9c454cf,95739e350d7f2aca2c609768ee72ad67fcf05efca5c7ad8df3027c82b9c454cf.bin,LockBit,malwarebazaar,ransomware,2026-07-30 13:41:53 UTC,analyzed,1336,TRUE_ENCRYPTION,file_type=exe
43ced481e0f68fe57be3246cc5aede353c9d34f4e15d0afe443b5de9514d3ce4,l1.exe,LockBit,malwarebazaar,ransomware,2026-07-30 13:41:54 UTC,analyzed,1338,TRUE_ENCRYPTION,file_type=exe
ed37bb51af01647fde0a5b04a401fd278eba50cf2d5d0678f86227d27aecbc62,l.exe,LockBit,malwarebazaar,ransomware,2026-07-30 13:41:56 UTC,analyzed,1339,TRUE_ENCRYPTION,file_type=exe
44deff9f627fb57a5150b5ae96961a525958106fc8d13d7edbaf0f074dc3b8c0,44deff9f627fb57a5150b5ae96961a525958106fc8d13d7edbaf0f074dc3b8c0,LockBit,malwarebazaar,ransomware,2026-07-30 13:41:57 UTC,analyzed,1340,TRUE_ENCRYPTION,file_type=exe
6f298bdb5dbb71a11f826d3501f5bd7ac14f80ba02bffa585dfde1c5ac589082,6f298bdb5dbb71a11f826d3501f5bd7ac14f80ba02bffa585dfde1c5ac589082,LockBit,malwarebazaar,ransomware,2026-07-30 13:41:59 UTC,analyzed,1341,TRUE_ENCRYPTION,file_type=exe
c6e5a9f39bfc6dc46c2eb7a786948e9d111ddbec5e157c8081f7c22b7d6b3c78,c6e5a9f39bfc6dc46c2eb7a786948e9d111ddbec5e157c8081f7c22b7d6b3c78,LockBit,malwarebazaar,ransomware,2026-07-30 13:42:00 UTC,analyzed,1342,TRUE_ENCRYPTION,file_type=exe
0a937d4fe8aa6cb947b95841c490d73e452a3cafcd92645afc353006786aba76,0a937d4fe8aa6cb947b95841c490d73e452a3cafcd92645afc353006786aba76,LockBit,malwarebazaar,ransomware,2026-07-30 13:42:02 UTC,analyzed,1343,TRUE_ENCRYPTION,file_type=exe
e04cdba2c9443b7a859fb328cf19fecd73b6a91d0964b405d56a42ee0721c671,85b2a7f42dff2d06d9b80acbde26de71.exe,LockBit,malwarebazaar,ransomware,2026-07-30 13:42:03 UTC,analyzed,1344,TRUE_ENCRYPTION,file_type=exe
1e7c0f7091e8ed3687b06556cbbda638af99e35d372ba257cedb8ada4b2c43fe,cryptor.exe,Conti,malwarebazaar,ransomware,2026-07-30 13:42:08 UTC,analyzed,322,TRUE_ENCRYPTION,file_type=exe
a83796aa471d9710b44d2ca9196d990b189cb9cbe1846e688be8660c5a6298dd,2025-08-05_b2a627779dbdb376cf94bd6ad4e670eb_bitrat_black-basta_conti_elex_luca-stealer.exe,Conti,malwarebazaar,ransomware,2026-07-30 13:42:10 UTC,analyzed,333,TRUE_ENCRYPTION,file_type=exe
b70e78971fc44f8413447139afe777f19fd1b0d203f2d40f66f41cd6100a1c95,run-as-admin.exe,Conti,malwarebazaar,ransomware,2026-07-30 13:42:11 UTC,analyzed,352,TRUE_ENCRYPTION,file_type=exe;cape_machine_unavailable
b800bf6f11170ff68cd552484fa144571069513adad2d75ac7462b126b5f0816,HEUR-Trojan-Ransom.Win32.Cryptor.gen-b800bf6f11170ff68cd552484fa144571069513adad2d75ac7462b126b5f0816.exe,Conti,malwarebazaar,ransomware,2026-07-30 13:42:13 UTC,analyzed,363,TRUE_ENCRYPTION,file_type=exe;cape_machine_unavailable
cb97e89541d61de376a4e041b66f80181811dfadb4b4d6c094a42632017604c2,A410448D110E6CFAA07CC22FF9942D2C.exe,Conti,malwarebazaar,ransomware,2026-07-30 13:42:14 UTC,analyzed,374,TRUE_ENCRYPTION,file_type=exe
8cc0af07f6a734190daa831d3636db4d88a5c9e74872ebcfb3aa9b5beea77804,8cc0af07f6a734190daa831d3636db4d88a5c9e74872ebcfb3aa9b5beea77804,Conti,malwarebazaar,ransomware,2026-07-30 13:42:16 UTC,analyzed,495,TRUE_ENCRYPTION,file_type=exe;cape_machine_unavailable;retry_after_host_oom
d1506903fdc36b31f8a448f127982b2559e06210bb51579bdfa4fc61871c71d6,d1506903fdc36b31f8a448f127982b2559e06210bb51579bdfa4fc61871c71d6,Conti,malwarebazaar,ransomware,2026-07-30 13:42:17 UTC,analyzed,418,FAILED,file_type=exe;cape_machine_unavailable
d9243af49f96c8b66715287d0dc26dbd82eab8570d5f20629ddf9e5fe06c051c,MONTI Ransomware,Conti,malwarebazaar,ransomware,2026-07-30 13:42:19 UTC,analyzed,429,TRUE_ENCRYPTION,file_type=exe;cape_machine_unavailable
565ff723884f77bf7e744527b0eb736373183ce1cc6c6df0fdee4b2929f685c2,SecuriteInfo.com.Trojan.Encoder.37846.19102.23510,Conti,malwarebazaar,ransomware,2026-07-30 13:42:20 UTC,analyzed,438,TRUE_ENCRYPTION,file_type=exe
ff95e6d148e53e60b113f05bb54557315ec9b8af82adfaa276a21fbc561a9b77,SecuriteInfo.com.Win32.Trojan.Agent.Y9G4LF.22316.31666,Conti,malwarebazaar,ransomware,2026-07-30 13:42:23 UTC,analyzed,449,TRUE_ENCRYPTION,file_type=exe
d6c1d2e77ce21d5a026e7abf99c9fffe55d87b282f460dc737da231211a12a0d,SecuriteInfo.com.W32.PossibleThreat.13484.32585,Conti,malwarebazaar,ransomware,2026-07-30 13:42:25 UTC,analyzed,460,TRUE_ENCRYPTION,file_type=exe
eb3f700f8de227faa4c7fe679f5280203b709f5b88a1267f53167864158aca1d,locker.exe,Conti,malwarebazaar,ransomware,2026-07-30 13:42:27 UTC,analyzed,471,TRUE_ENCRYPTION,file_type=exe
c0a2e1ecf57ee83b649f1d8ff8dd37049865edc8b9a837f3b4ebb5e767229c23,decryptor.exe,Conti,malwarebazaar,ransomware,2026-07-30 13:42:28 UTC,analyzed,511,NO_VICTIM_ACTIVITY,file_type=exe
de10ae21bb262728c616a707f90aa05088c9d8f2b810fc0f2fb1bddcf9aba938,2023-08-07_7400c96361c52256169263a41e9aa03e_conti,Conti,malwarebazaar,ransomware,2026-07-30 13:42:30 UTC,analyzed,516,FAILED,file_type=exe
a2581ec030e1fb08e26ddc61b11445286aaf7271932146e7e1442a49fff734de,2023-08-07_18c5aa3538f2b7c268b0b947efeb2776_conti,Conti,malwarebazaar,ransomware,2026-07-30 13:42:31 UTC,analyzed,526,FAILED,file_type=exe
837c0f1e9749121e4f8204c2b5546964c10d4e3d85a514458c35cbc021762d5c,2023-08-07_3c7db7d387c900cc26000af2feba7e9a_conti,Conti,malwarebazaar,ransomware,2026-07-30 13:42:33 UTC,analyzed,538,FAILED,file_type=exe
306ef92a9e862d187c890fc88b26b395692e93c2f92eaa6430c5de2177d269c2,240b4302_306ef92a9e862d187c890fc88b26b395692e93c2f92eaa6430c5de2177d269c2,Conti,malwarebazaar,ransomware,2026-07-30 13:42:35 UTC,analyzed,550,NO_VICTIM_ACTIVITY,file_type=exe
583f35d8d15dd19cd1cdcc1e03f6b3e1eaf1fa0df452eb80868d3767292d523b,2023-05-03_cc94e9ab396fef0d9ee7caa7e9d44b8c_lockbit,Conti,malwarebazaar,ransomware,2026-07-30 13:42:37 UTC,analyzed,574,NO_VICTIM_ACTIVITY,file_type=exe
f6dfa1e569f6c7da647224cf0553694462c5717c4793fb21f8e1d7476f5f708d,2023-04-28_4f713ba76b4b750bfade446af30cef55_lockbit,Conti,malwarebazaar,ransomware,2026-07-30 13:42:40 UTC,analyzed,580,NO_VICTIM_ACTIVITY,file_type=exe
eae876886f19ba384f55778634a35a1d975414e83f22f6111e3e792f706301fe,Tauryu1Exe.bin,Conti,malwarebazaar,ransomware,2026-07-30 13:42:41 UTC,analyzed,586,NO_VICTIM_ACTIVITY,file_type=exe
899cc5dc068f9a88fff19c92c4538ee8c464496ff6f83398c359dd3dc3926dd1,899cc5dc068f9a88fff19c92c4538ee8c464496ff6f83398c359dd3dc3926dd1,Conti,malwarebazaar,ransomware,2026-07-30 13:42:43 UTC,analyzed,590,TRUE_ENCRYPTION,file_type=exe
c743ba08610d442531bb897a35748ba6fe897e730cea6e29377ba21141901326,c743ba08610d442531bb897a35748ba6fe897e730cea6e29377ba21141901326,Conti,malwarebazaar,ransomware,2026-07-30 13:42:44 UTC,analyzed,595,FAILED,file_type=exe
3d4f84e20d5cf317edcefcc98bdd7e126078b25cdc56b816edbec532a8763096,3d4f84e20d5cf317edcefcc98bdd7e126078b25cdc56b816edbec532a8763096,Conti,malwarebazaar,ransomware,2026-07-30 13:42:47 UTC,analyzed,606,FAILED,file_type=exe
2ee6dfbfb2afd7442c9f2212eb142876698851c3ffb552ee420c0281e35a836e,2ee6dfbfb2afd7442c9f2212eb142876698851c3ffb552ee420c0281e35a836e,Conti,malwarebazaar,ransomware,2026-07-30 13:42:50 UTC,analyzed,617,TRUE_ENCRYPTION,file_type=exe
139a8bb2c5537190e747d2f651b423147018fd9a9a21bb36281d4ce1c61727c1,locker.bin,Conti,malwarebazaar,ransomware,2026-07-30 13:42:51 UTC,analyzed,628,TRUE_ENCRYPTION,file_type=exe
fbe45ed19fa942cc5e767acc0ef638447c4aa4b52d4900627a0a0ae71d543bee,fbe45ed19fa942cc5e767acc0ef638447c4aa4b52d4900627a0a0ae71d543bee,Conti,malwarebazaar,ransomware,2026-07-30 13:42:53 UTC,analyzed,639,TRUE_ENCRYPTION,file_type=exe
d29080809ab1fb959dbab1a1168e9b136aece03c7f91f071f7283aaa445e7eec,d29080809ab1fb959dbab1a1168e9b136aece03c7f91f071f7283aaa445e7eec,Conti,malwarebazaar,ransomware,2026-07-30 13:42:54 UTC,analyzed,650,TRUE_ENCRYPTION,file_type=exe
c5ef104253ed4c066104a184ab368630027831b627c043d63170ff8f89c6a2bb,c5ef104253ed4c066104a184ab368630027831b627c043d63170ff8f89c6a2bb,Conti,malwarebazaar,ransomware,2026-07-30 13:42:56 UTC,analyzed,660,TRUE_ENCRYPTION,file_type=exe
746ac121ae024e51aa3129699cae278990cf392a661b40361d9d15b86635da94,746ac121ae024e51aa3129699cae278990cf392a661b40361d9d15b86635da94,Conti,malwarebazaar,ransomware,2026-07-30 13:42:58 UTC,analyzed,670,TRUE_ENCRYPTION,file_type=exe
8f11bb9536cb885bc57144392bc35e19dbc0f683d57c2c423c87a9d1c6d9d0ae,8f11bb9536cb885bc57144392bc35e19dbc0f683d57c2c423c87a9d1c6d9d0ae,Conti,malwarebazaar,ransomware,2026-07-30 13:42:59 UTC,analyzed,680,TRUE_ENCRYPTION,file_type=exe
fd7caea00d7f25ea02bb9c447410659c12ca35ebbb67c95c7296e6232a08ce93,cryptor.exe,Conti,malwarebazaar,ransomware,2026-07-30 13:43:01 UTC,analyzed,690,TRUE_ENCRYPTION,file_type=exe
d7573284c29cf5f68bb64860f1be0a696c852678fac36f176fd88f555ed853f2,cryptor.bin,Conti,malwarebazaar,ransomware,2026-07-30 13:43:02 UTC,analyzed,700,TRUE_ENCRYPTION,file_type=exe
b68f76d17c4343e1a3a709c09d37a5e069ce1aec55dcb1861b2af79cc1aef47b,cryptor.exe,Conti,malwarebazaar,ransomware,2026-07-30 13:43:04 UTC,analyzed,703,TRUE_ENCRYPTION,file_type=exe
977083fc01e2982258eac0a13e56cd697d9f6941f5a365e9d02d544fc3e15000,977083fc01e2982258eac0a13e56cd697d9f6941f5a365e9d02d544fc3e15000,Conti,malwarebazaar,ransomware,2026-07-30 13:43:05 UTC,analyzed,713,NO_VICTIM_ACTIVITY,file_type=exe
f725792a5ef0512f3c5356d79fb3be5afcbaffaa4af41498342f7d09d703761f,f725792a5ef0512f3c5356d79fb3be5afcbaffaa4af41498342f7d09d703761f,Conti,malwarebazaar,ransomware,2026-07-30 13:43:07 UTC,analyzed,723,NO_VICTIM_ACTIVITY,file_type=exe
d826f4cb8240f894e43fea3c84b14fd85be9758d7ad4eafa113ad7d45c30bc26,d826f4cb8240f894e43fea3c84b14fd85be9758d7ad4eafa113ad7d45c30bc26,Conti,malwarebazaar,ransomware,2026-07-30 13:43:08 UTC,analyzed,733,NO_VICTIM_ACTIVITY,file_type=exe
bcf49782d7dc8c7010156b31d3d56193d751d0dbfa2abbe7671bcf31f2cb190a,bcf49782d7dc8c7010156b31d3d56193d751d0dbfa2abbe7671bcf31f2cb190a,Conti,malwarebazaar,ransomware,2026-07-30 13:43:10 UTC,analyzed,743,TRUE_ENCRYPTION,file_type=exe
a4337294dc51518284641982a28df585ede9b5f0e3f86be3c2c6bb5ad766a50f,a4337294dc51518284641982a28df585ede9b5f0e3f86be3c2c6bb5ad766a50f,Conti,malwarebazaar,ransomware,2026-07-30 13:43:12 UTC,analyzed,753,TRUE_ENCRYPTION,file_type=exe
e22ff5594ab357da993651bf7decf035400d42bf37cca943495e1ac9bd7721c4,DB60681D7B00C305AFB08D245FCC5594,Conti,malwarebazaar,ransomware,2026-07-30 13:43:13 UTC,analyzed,763,TRUE_ENCRYPTION,file_type=exe
cf171b1cdce590f64c7d23c7900f7e0f66c42840c626115980df807d754552b5,042D41A6BC6E86969E9C668AB158ADDD,Conti,malwarebazaar,ransomware,2026-07-30 13:43:15 UTC,analyzed,773,TRUE_ENCRYPTION,file_type=exe
ea4170be281262d89d924959b4db36ba239395dd5d2dc769fbb7f7238adc67e5,A869C914EE041895194D39D6BD412508,Conti,malwarebazaar,ransomware,2026-07-30 13:43:16 UTC,analyzed,783,TRUE_ENCRYPTION,file_type=exe
7f6421cdf6355edfdcbddadd26bcdfbf984def301df3c6c03d71af8e30bb781f,cryptor.bin,Conti,malwarebazaar,ransomware,2026-07-30 13:43:18 UTC,analyzed,793,TRUE_ENCRYPTION,file_type=exe
8b80be99079be38e93c1712b95bc012ac3017ff9eb2a052a2f2dbde7210110b1,lockerx64.exe,Conti,malwarebazaar,ransomware,2026-07-30 13:43:19 UTC,analyzed,803,TRUE_ENCRYPTION,file_type=exe
05bbf1c653825b757ee73b59df45410070a28841819362462162d9547adb3d5a,05bbf1c653825b757ee73b59df45410070a28841819362462162d9547adb3d5a,Conti,malwarebazaar,ransomware,2026-07-30 13:43:21 UTC,analyzed,813,NO_VICTIM_ACTIVITY,file_type=exe
a136190624eaf67e798d4463dc19411006385efc50ab51ccd93a2fbcd8e7d72a,a136190624eaf67e798d4463dc19411006385efc50ab51ccd93a2fbcd8e7d72a,Conti,malwarebazaar,ransomware,2026-07-30 13:43:23 UTC,analyzed,823,FAILED,file_type=exe
460877f22626abf2f3e95a1951d67bba7ab83a78603ced8d174b8d744d0f0359,460877f22626abf2f3e95a1951d67bba7ab83a78603ced8d174b8d744d0f0359,Conti,malwarebazaar,ransomware,2026-07-30 13:43:24 UTC,analyzed,833,FAILED,file_type=exe
702099b63cb2384e11f088d6bc33afbd43a4c91848f393581242a6a17f1b30a0,702099b63cb2384e11f088d6bc33afbd43a4c91848f393581242a6a17f1b30a0.bin,Conti,malwarebazaar,ransomware,2026-07-30 13:43:26 UTC,analyzed,843,TRUE_ENCRYPTION,file_type=exe
b14cde376a8a7a9d7ad34cdfd07108c132ad8be7f60c5c0a0f17b6b63eb28b49,tmpk1kkgin5.bin,Conti,malwarebazaar,ransomware,2026-07-30 13:43:27 UTC,analyzed,853,NO_VICTIM_ACTIVITY,file_type=exe
39b74b2fb057e8c78a2ba6639cf3d58ae91685e6ac13b57b70d2afb158cf742d,tmp1fltkf46,Conti,malwarebazaar,ransomware,2026-07-30 13:43:29 UTC,analyzed,862,NO_VICTIM_ACTIVITY,file_type=exe
d6386b2747335f7b0d13b1f69d995944ad8e9b71e09b036dbc0b907e583d857a,d6386b2747335f7b0d13b1f69d995944ad8e9b71e09b036dbc0b907e583d857a.bin,Conti,malwarebazaar,ransomware,2026-07-30 13:43:31 UTC,analyzed,871,TRUE_ENCRYPTION,file_type=exe
b39fcf37d9019cc92127ee82c03df5e37aa8238cd76cc6eca2e3d1e7e977fc26,b39fcf37d9019cc92127ee82c03df5e37aa8238cd76cc6eca2e3d1e7e977fc26.bin,Conti,malwarebazaar,ransomware,2026-07-30 13:43:32 UTC,analyzed,880,FAILED,file_type=exe
e75717be1633b5e3602827dc3b5788ff691dd325b0eddd2d0d9ddcee29de364f,e75717be1633b5e3602827dc3b5788ff691dd325b0eddd2d0d9ddcee29de364f.bin,Conti,malwarebazaar,ransomware,2026-07-30 13:43:34 UTC,analyzed,889,TRUE_ENCRYPTION,file_type=exe
840af927adbfdeb7070e1cf73ed195cf48c8d5f35b6de12f58b73898d7056d3d,840af927adbfdeb7070e1cf73ed195cf48c8d5f35b6de12f58b73898d7056d3d.bin,Conti,malwarebazaar,ransomware,2026-07-30 13:43:35 UTC,analyzed,897,TRUE_ENCRYPTION,file_type=exe
3e035f2d7d30869ce53171ef5a0f761bfb9c14d94d9fe6da385e20b8d96dc2fb,javaw.exe,Conti,malwarebazaar,ransomware,2026-07-30 13:43:37 UTC,analyzed,908,TRUE_ENCRYPTION,file_type=exe
e49fd2651d5f3d5ffd999104841edd3e6e6dbd342507df6d2201720bdca65a74,b21a2b18631fc2d5493eb53807075380,Conti,malwarebazaar,ransomware,2026-07-30 13:43:39 UTC,analyzed,911,TRUE_ENCRYPTION,file_type=exe
6c2b5abc372e31cd7f8da045400abc0b10149f4f7b7def48a6bf9d0071f805d2,6c2b5abc372e31cd7f8da045400abc0b10149f4f7b7def48a6bf9d0071f805d2.exe,Conti,malwarebazaar,ransomware,2026-07-30 13:43:40 UTC,analyzed,916,FAILED,file_type=exe
7f6dbd9fa0cb7ba2487464c824b6d7e16ace9d4cd15e4452df4c9a9fd6bd1907,7f6dbd9fa0cb7ba2487464c824b6d7e16ace9d4cd15e4452df4c9a9fd6bd1907,Conti,malwarebazaar,ransomware,2026-07-30 13:43:42 UTC,analyzed,919,TRUE_ENCRYPTION,file_type=exe
d8158db5cbae0845b9ced65cc4a6581bfe08ba5361b1294b2dfb6ef4c711fd15,decryptor.exe,Conti,malwarebazaar,ransomware,2026-07-30 13:43:43 UTC,analyzed,921,NO_VICTIM_ACTIVITY,file_type=exe
e1b147aa2efa6849743f570a3aca8390faf4b90aed490a5682816dd9ef10e473,locker.exe,Conti,malwarebazaar,ransomware,2026-07-30 13:43:45 UTC,analyzed,924,NO_VICTIM_ACTIVITY,file_type=exe
980cc58338038f70184403a98f1166b17938ebe362f373f4f366be1aaeecc923,980cc58338038f70184403a98f1166b17938ebe362f373f4f366be1aaeecc923,Conti,malwarebazaar,ransomware,2026-07-30 13:43:46 UTC,analyzed,927,TRUE_ENCRYPTION,file_type=exe
41324493142b10db127217274e21df37f6ccd13f01a8d29d2b23b7b1463423a7,64.dll,Conti,malwarebazaar,ransomware,2026-07-30 13:43:48 UTC,analyzed,931,TRUE_ENCRYPTION,file_type=exe
9aed278f54f65e546fb9f7f34dff26d0835a0a21a5a4fc4c026bf84596ed277e,9aed278f54f65e546fb9f7f34dff26d0835a0a21a5a4fc4c026bf84596ed277e,Conti,malwarebazaar,ransomware,2026-07-30 13:43:50 UTC,analyzed,933,NO_VICTIM_ACTIVITY,file_type=exe
2d33ac8fce0592ef88bdeeee00e840c41a5a8fccc85c67316b74cc06c13ba0c5,2d33ac8fce0592ef88bdeeee00e840c41a5a8fccc85c67316b74cc06c13ba0c5,Conti,malwarebazaar,ransomware,2026-07-30 13:43:51 UTC,analyzed,936,TRUE_ENCRYPTION,file_type=exe
1dea453e5344898c9a66309bd6d1cf6e21c56eb1427c026aac84b14a6b23f7fc,1dea453e5344898c9a66309bd6d1cf6e21c56eb1427c026aac84b14a6b23f7fc.bin,Conti,malwarebazaar,ransomware,2026-07-30 13:43:53 UTC,analyzed,937,TRUE_ENCRYPTION,file_type=exe
930ec6d08e9d29fa23805ff9784cb0d78b1dc4cc4d58daa0e653dfe478c45d3a,930ec6d08e9d29fa23805ff9784cb0d78b1dc4cc4d58daa0e653dfe478c45d3a.bin,Conti,malwarebazaar,ransomware,2026-07-30 13:43:54 UTC,analyzed,941,FAILED,file_type=exe
ed4afa874e75b7bac665b9bcbf1d8e1324d4f9263c862755101cd79bb087ad45,ed4afa874e75b7bac665b9bcbf1d8e1324d4f9263c862755101cd79bb087ad45.bin,Conti,malwarebazaar,ransomware,2026-07-30 13:43:56 UTC,analyzed,945,FAILED,file_type=exe
ea524e8b0dd046561b59a8d4da5a122aeff02036c87bb03056437a1d0f584039,ea524e8b0dd046561b59a8d4da5a122aeff02036c87bb03056437a1d0f584039.bin,Conti,malwarebazaar,ransomware,2026-07-30 13:43:58 UTC,analyzed,949,TRUE_ENCRYPTION,file_type=exe
cf487bd54e487585cd052e982fd765cbc0d8d164cc21b8635e55475182dadf00,cf487bd54e487585cd052e982fd765cbc0d8d164cc21b8635e55475182dadf00.bin,Conti,malwarebazaar,ransomware,2026-07-30 13:43:59 UTC,analyzed,953,TRUE_ENCRYPTION,file_type=exe
2586026617b117506dfe326f50e45476ce765a74fe48c8650d32980a4dfe5ee9,2586026617b117506dfe326f50e45476ce765a74fe48c8650d32980a4dfe5ee9,Conti,malwarebazaar,ransomware,2026-07-30 13:44:01 UTC,analyzed,957,TRUE_ENCRYPTION,file_type=exe
004ede55a972e10d9a21bcf338b4907d6eed65bf5ad6abbbd5aec7d8484bdedf,conti.exe,Conti,malwarebazaar,ransomware,2026-07-30 13:44:02 UTC,analyzed,961,NO_VICTIM_ACTIVITY,file_type=exe
24ac73821de77cc9644d2ac40e97067ff63f625b5f20e085ad10535e47d7db59,1.exe,Conti,malwarebazaar,ransomware,2026-07-30 13:44:04 UTC,analyzed,965,TRUE_ENCRYPTION,file_type=exe
b2d3143d0778a10d5d03bb9e4d2712a980e2a8ec12d47958a8ab4b3192f4bf6a,b2d3143d0778a10d5d03bb9e4d2712a980e2a8ec12d47958a8ab4b3192f4bf6a,Conti,malwarebazaar,ransomware,2026-07-30 13:44:06 UTC,analyzed,969,TRUE_ENCRYPTION,file_type=exe
53b1c1b2f41a7fc300e97d036e57539453ff82001dd3f6abf07f4896b1f9ca22,53b1c1b2f41a7fc300e97d036e57539453ff82001dd3f6abf07f4896b1f9ca22.bin,Conti,malwarebazaar,ransomware,2026-07-30 13:44:07 UTC,analyzed,973,TRUE_ENCRYPTION,file_type=exe
bc413e02defccc55f1c9925e9cf4fde4a714db1e06c6e021ddbd4b15cf2613d7,e099a53fdcef7bdfb58b3a7b4f42e4d2.dll,Conti,malwarebazaar,ransomware,2026-07-30 13:44:09 UTC,analyzed,977,TRUE_ENCRYPTION,file_type=exe
a79dcac3753c055d7b46b5ffa27b1b4bb55516180966f20a2878698b81638137,a79dcac3753c055d7b46b5ffa27b1b4bb55516180966f20a2878698b81638137,Conti,malwarebazaar,ransomware,2026-07-30 13:44:11 UTC,analyzed,981,TRUE_ENCRYPTION,file_type=exe
4bfd58d4e4a6fe5e91b408bc190a24d352124902085f9c2da948ad7d79b72618,Trojan-Ransom.Win32.Conti.4bfd58d4e4a6fe5e91b408bc190a24d352124902085f9c2da948ad7d79b72618,Conti,malwarebazaar,ransomware,2026-07-30 13:44:12 UTC,analyzed,985,TRUE_ENCRYPTION,file_type=exe
6815e1e06e29863290319eb3e814ae2a394271aa2f95cc7c31a649c4c2f4fd04,6815e1e06e29863290319eb3e814ae2a394271aa2f95cc7c31a649c4c2f4fd04.bin,Conti,malwarebazaar,ransomware,2026-07-30 13:44:14 UTC,analyzed,989,FAILED,file_type=exe
4d8fcd9492a256c0cb9567e63b53b75c2a591f5eebe7293298239736034b742a,4d8fcd9492a256c0cb9567e63b53b75c2a591f5eebe7293298239736034b742a.bin,Conti,malwarebazaar,ransomware,2026-07-30 13:44:15 UTC,analyzed,993,FAILED,file_type=exe
4f17d7fa344b970890ed1bc52a0da95146cab9fe56ecabafafacb0ad212558c9,4f17d7fa344b970890ed1bc52a0da95146cab9fe56ecabafafacb0ad212558c9.bin,Conti,malwarebazaar,ransomware,2026-07-30 13:44:17 UTC,analyzed,997,FAILED,file_type=exe
58ca4e482db7cf5c924256e53d8516d422e76cf4b85b43dc2b9ba0c7cb471ff7,58ca4e482db7cf5c924256e53d8516d422e76cf4b85b43dc2b9ba0c7cb471ff7.bin,Conti,malwarebazaar,ransomware,2026-07-30 13:44:18 UTC,analyzed,1001,FAILED,file_type=exe
59a9f0de96eff57768e995b296ae75778a232f30d95a7b7ab5048c621b50c66d,59a9f0de96eff57768e995b296ae75778a232f30d95a7b7ab5048c621b50c66d.bin,Conti,malwarebazaar,ransomware,2026-07-30 13:44:20 UTC,analyzed,1002,FAILED,file_type=exe
7ca57576c6a2d7dbf49faeafd4804c6b86d9af7fff1390c58a30eb9d9bf2fbfd,6a0836eb_by_Libranalysis,Conti,malwarebazaar,ransomware,2026-07-30 13:44:22 UTC,analyzed,1004,FAILED,file_type=exe
d16645bce49ea342c4b4f5afa3f711bf0a3986a4a7354f96f24a21f161fff7cb,c8324f3d_by_Libranalysis,Conti,malwarebazaar,ransomware,2026-07-30 13:44:23 UTC,analyzed,1008,FAILED,file_type=exe
ef2cd9ded5532af231e0990feaf2df8fd79dc63f7a677192e17b89ef4adb7dd2,52e617eb_by_Libranalysis,Conti,malwarebazaar,ransomware,2026-07-30 13:44:25 UTC,analyzed,1009,FAILED,file_type=exe
1814a6a6749684cdacd792374e0ba31b7be4ff6f9675f3fd15d543afbb540367,7906dc47_by_Libranalysis,Conti,malwarebazaar,ransomware,2026-07-30 13:44:26 UTC,analyzed,1011,TRUE_ENCRYPTION,file_type=exe
4f4a33f70099855f5f503716515f388da3a5daa1e2fac59ec6c881e89ef7d072,fdf9641f_by_Libranalysis,Conti,malwarebazaar,ransomware,2026-07-30 13:44:29 UTC,analyzed,1013,TRUE_ENCRYPTION,file_type=exe
d21c71a090cd6759efc1f258b4d087e82c281ce65a9d76f20a24857901e694fc,9152cb45_by_Libranalysis,Conti,malwarebazaar,ransomware,2026-07-30 13:44:31 UTC,analyzed,1016,FAILED,file_type=exe
1ce8a939b3e7d84c59c12dc9e1091532f4336dac533847b6533b01d9dcf494e9,2dc5a433_by_Libranalysis,Conti,malwarebazaar,ransomware,2026-07-30 13:44:32 UTC,analyzed,1019,FAILED,file_type=exe
af1408a4d276842bea2ff1528fc1d2b93889a1fc4a91c6594fc27af325120da8,EAGLE.dll,Conti,malwarebazaar,ransomware,2026-07-30 13:44:34 UTC,analyzed,1021,TRUE_ENCRYPTION,file_type=exe
fa13f5a811e591c79f3207500604455879f34edf6ace61d5e34d54c3a5e8af64,5f5ec3d9a208c4e31262cf731f420601.exe,Conti,malwarebazaar,ransomware,2026-07-30 13:44:36 UTC,analyzed,1023,FAILED,file_type=exe
c503289716c5b6c581a99953a90bcc2b93f14353658bd931aa83fd55d02624f1,7dcd448a14cfdb80b8b296eade04e713.exe,Conti,malwarebazaar,ransomware,2026-07-30 13:44:37 UTC,analyzed,1026,FAILED,file_type=exe
f0278073fc7f61f547b0580522abc519630041e41782f86af1113ad0242f2da0,fce01c3ac4206173e5e68dc1b20a7cc8.exe,Conti,malwarebazaar,ransomware,2026-07-30 13:44:39 UTC,analyzed,1028,FAILED,file_type=exe
3cd91569a21a59a71582397b762633808e0b413c78210ee48cefcffede66f356,9540264f78d0d65984e4a4e7deae48f4.exe,Conti,malwarebazaar,ransomware,2026-07-30 13:44:41 UTC,analyzed,1031,FAILED,file_type=exe
2afea8912f1b7afa3a4348ef4e027f7a46f4a2ade824196265ea1ac952e172b3,f3a56b8e3764d5f2d08fed8e0277728e.exe,Conti,malwarebazaar,ransomware,2026-07-30 13:44:43 UTC,analyzed,1035,FAILED,file_type=exe
8c731863fb2de1858e64569149b1a0a78e3c25a90a88faf7db6e4c5f088ebe61,59065ae383c3997c886fb23947562d8e.exe,Conti,malwarebazaar,ransomware,2026-07-30 13:44:44 UTC,analyzed,1039,FAILED,file_type=exe
6941ae541692b03f44f81bd5517e0ff225e2a57a0897dbb0399417c88ff7418f,07d1c74bc3ec50fa9edc0bdb5b0b7e80.exe,Conti,malwarebazaar,ransomware,2026-07-30 13:44:46 UTC,analyzed,1043,FAILED,file_type=exe
7c1f7301e0564fff94345804c53da597ab4749c31bbff3f1c8d0786fabc4b4b5,144361e2f8780b9513d014ead57934e2.exe,Conti,malwarebazaar,ransomware,2026-07-30 13:44:48 UTC,analyzed,1047,FAILED,file_type=exe
b4d8b085852dda972eb4157cc00d3e25e8fc02e581dfa43f0e052e4f5135767f,6dd52475921cacd5f7d46b119c955ba3.exe,Conti,malwarebazaar,ransomware,2026-07-30 13:44:50 UTC,analyzed,1051,FAILED,file_type=exe
51ecf0ac3ce65c9eee40bd9c6cc788e38a6777ce809b509963d4869b1a80354d,SecuriteInfo.com.Generic.mg.55aa996789a94784.24822,Conti,malwarebazaar,ransomware,2026-07-30 13:44:51 UTC,analyzed,1055,FAILED,file_type=exe
125f727400ec902951c8588d5f6077e199238c2d428144f5bb83d1fc6a22dac2,SecuriteInfo.com.BScope.TrojanPSW.Racealer.16965,Conti,malwarebazaar,ransomware,2026-07-30 13:44:53 UTC,analyzed,1059,FAILED,file_type=exe
7bb4e30a5272731a9b846b4274aa84662026814b0d610c0c115158be1cd23332,SecuriteInfo.com.BScope.TrojanPSW.Racealer.12077,Conti,malwarebazaar,ransomware,2026-07-30 13:44:55 UTC,analyzed,1063,FAILED,file_type=exe
2ff3f8766332a55fd714923c8822ef236f772551b32e25c2068eb19c9215ed67,SecuriteInfo.com.BScope.TrojanPSW.Racealer.21774,Conti,malwarebazaar,ransomware,2026-07-30 13:44:56 UTC,analyzed,1067,FAILED,file_type=exe
74685c3c571f81e1eb2fcbaaca74a9bf792a73b629568ce7571aca5d710f1647,SecuriteInfo.com.BScope.TrojanPSW.Racealer.5953,Conti,malwarebazaar,ransomware,2026-07-30 13:44:58 UTC,analyzed,1071,FAILED,file_type=exe
b8ae41c1122afd180d8dbc011866233945edcb0f19a3f43a1d1033709279cf32,SecuriteInfo.com.BScope.TrojanPSW.Racealer.24809,Conti,malwarebazaar,ransomware,2026-07-30 13:45:00 UTC,analyzed,1075,FAILED,file_type=exe
5d4350bcfecb0746c8aebf6f31052ea95b1901d558e27215bb0197e50f3b9e5c,SecuriteInfo.com.BScope.TrojanPSW.Racealer.12798,Conti,malwarebazaar,ransomware,2026-07-30 13:45:01 UTC,analyzed,1079,FAILED,file_type=exe
ae90567ca1a3f4dfc430ae9d6cfa5139385c418b6b70f01c2dd4931dc76ff97b,SecuriteInfo.com.Generic.mg.d8f17bf7de7183ed.15579,Conti,malwarebazaar,ransomware,2026-07-30 13:45:03 UTC,analyzed,1083,FAILED,file_type=exe
917788f1d9fd2664f18414faec3244a17c7d7ec29296b14b22cf19be90c95df4,SecuriteInfo.com.Generic.mg.532835de00afd90c.9108,Conti,malwarebazaar,ransomware,2026-07-30 13:45:05 UTC,analyzed,1087,FAILED,file_type=exe
3bc43c7980c782e88a508e0a94767f5776f3bd79a94b4ce5630b3927af27fde1,4dfs1dfs.exe,Conti,malwarebazaar,ransomware,2026-07-30 13:45:07 UTC,analyzed,1091,FAILED,file_type=exe
3a6e8f5a226edc006e29e38c48eaa721c12e48953abd56dcbc9b241975631247,1dfs1dfs.exe,Conti,malwarebazaar,ransomware,2026-07-30 13:45:09 UTC,analyzed,1095,FAILED,file_type=exe
2fc6d7df9252b1e2c4eb3ad7d0d29c188d87548127c44cebc40db9abe8e5aa35,Conti Ransomware,Conti,malwarebazaar,ransomware,2026-07-30 13:45:10 UTC,analyzed,1099,TRUE_ENCRYPTION,file_type=exe
198667b1eda010a431dfb051a101cc73ead1d45ba8d0f6641ec1c14bca4106f3,locker.exe,Conti,malwarebazaar,ransomware,2026-07-30 13:45:12 UTC,analyzed,1103,TRUE_ENCRYPTION,file_type=exe
d3c75c5bc4ae087d547bd722bd84478ee6baf8c3355b930f26cc19777cd39d4c,contiv2.exe,Conti,malwarebazaar,ransomware,2026-07-30 13:45:13 UTC,analyzed,1107,TRUE_ENCRYPTION,file_type=exe
26b2401211769d2fa1415228b4b1305eeeed249a996d149ad83b6fc9c4f703ce,26b2401211769d2fa1415228b4b1305eeeed249a996d149ad83b6fc9c4f703ce,Conti,malwarebazaar,ransomware,2026-07-30 13:45:15 UTC,analyzed,1111,TRUE_ENCRYPTION,file_type=exe
707b752f6bd89d4f97d08602d0546a56d27acfe00e6d5df2a2cb67c5e2eeee30,707b752f6bd89d4f97d08602d0546a56d27acfe00e6d5df2a2cb67c5e2eeee30.bin,Conti,malwarebazaar,ransomware,2026-07-30 13:45:16 UTC,analyzed,1115,NO_VICTIM_ACTIVITY,file_type=exe
b524ed1cc22253f09d56f54d8ded4566b63352ff739f58de961f8a5bebb0fad9,b524ed1cc22253f09d56f54d8ded4566b63352ff739f58de961f8a5bebb0fad9.bin,Conti,malwarebazaar,ransomware,2026-07-30 13:45:18 UTC,analyzed,1119,TRUE_ENCRYPTION,file_type=exe
633b9d373da7d2916f4d3b2902d4817c0f3ad5de5466ac85f34bdd37a8d3dd37,633b9d373da7d2916f4d3b2902d4817c0f3ad5de5466ac85f34bdd37a8d3dd37.bin,Conti,malwarebazaar,ransomware,2026-07-30 13:45:20 UTC,analyzed,1123,TRUE_ENCRYPTION,file_type=exe
0951fde8a8ea9cd45d2be14d63e6e55c8e87af0da45cf3776b495871652aa862,0951fde8a8ea9cd45d2be14d63e6e55c8e87af0da45cf3776b495871652aa862.bin,Conti,malwarebazaar,ransomware,2026-07-30 13:45:21 UTC,analyzed,1127,TRUE_ENCRYPTION,file_type=exe
e64e350861b86d4e05668bc25e6c952880f6b39ca921496ccce1487dbf6acab6,e64e350861b86d4e05668bc25e6c952880f6b39ca921496ccce1487dbf6acab6.bin,Conti,malwarebazaar,ransomware,2026-07-30 13:45:23 UTC,analyzed,1131,TRUE_ENCRYPTION,file_type=exe
d236d64b7bf9510ea1746d10a4c164a2ef2c724cc62b2bca91d72bdf24821e40,d236d64b7bf9510ea1746d10a4c164a2ef2c724cc62b2bca91d72bdf24821e40.bin,Conti,malwarebazaar,ransomware,2026-07-30 13:45:25 UTC,analyzed,1135,TRUE_ENCRYPTION,file_type=exe
61dd6a0b2870d62f56c7fe0039d42bf5351588f927267fe7b4ee0761872a3b20,61dd6a0b2870d62f56c7fe0039d42bf5351588f927267fe7b4ee0761872a3b20.bin,Conti,malwarebazaar,ransomware,2026-07-30 13:45:26 UTC,analyzed,1139,TRUE_ENCRYPTION,file_type=exe
1b8081bae0e493d098b8756b1e7c4b19715a78946cf227f2c27f9311e6718420,1b8081bae0e493d098b8756b1e7c4b19715a78946cf227f2c27f9311e6718420,Conti,malwarebazaar,ransomware,2026-07-30 13:45:28 UTC,analyzed,1143,TRUE_ENCRYPTION,file_type=exe
2579148e5f020145007ac0dc1be478190137d7915e6fbca2c787b55dbec1d370,locker.exe,Conti,malwarebazaar,ransomware,2026-07-30 13:45:29 UTC,analyzed,1147,TRUE_ENCRYPTION,file_type=exe
5d8a701110d58ab7c1aa8bae6bc9d5358b8cd508115891320e6af6c68f3bbd74,5d8a701110d58ab7c1aa8bae6bc9d5358b8cd508115891320e6af6c68f3bbd74,Conti,malwarebazaar,ransomware,2026-07-30 13:45:31 UTC,analyzed,1151,TRUE_ENCRYPTION,file_type=exe
5d4b4d5adb2cd3fefd95b15725a77c4bf48e14e89a23b94733a9ec7b86e09ea2,5d4b4d5adb2cd3fefd95b15725a77c4bf48e14e89a23b94733a9ec7b86e09ea2,Conti,malwarebazaar,ransomware,2026-07-30 13:45:33 UTC,analyzed,1155,TRUE_ENCRYPTION,file_type=exe
e16fea1b8874cc6b26e7e2df9697f03f86efa82247bb3b2922f1d05052dbcbb4,e16fea1b8874cc6b26e7e2df9697f03f86efa82247bb3b2922f1d05052dbcbb4.bin,Conti,malwarebazaar,ransomware,2026-07-30 13:45:34 UTC,analyzed,1159,TRUE_ENCRYPTION,file_type=exe
002dd9b7cbf8ca2a09434f8c4abd85631efe922ab8daa1219d86d83a0228aeda,002dd9b7cbf8ca2a09434f8c4abd85631efe922ab8daa1219d86d83a0228aeda.bin,Conti,malwarebazaar,ransomware,2026-07-30 13:45:36 UTC,analyzed,1163,TRUE_ENCRYPTION,file_type=exe
c14f8bc656284715516f26935afe487a1d584f56ffabbcb98f2974f6ca6cd3a4,c14f8bc656284715516f26935afe487a1d584f56ffabbcb98f2974f6ca6cd3a4.bin,Conti,malwarebazaar,ransomware,2026-07-30 13:45:38 UTC,analyzed,1167,NO_VICTIM_ACTIVITY,file_type=exe
98a09f7896a7c20229e696d6e8344fe9593fd70afada5d986e04c0d6933cc4db,98a09f7896a7c20229e696d6e8344fe9593fd70afada5d986e04c0d6933cc4db.bin,Conti,malwarebazaar,ransomware,2026-07-30 13:45:39 UTC,analyzed,1171,TRUE_ENCRYPTION,file_type=exe
1ef1ff8b1e81815d13bdd293554ddf8b3e57490dd3ef4add7c2837ddc67f9c24,1ef1ff8b1e81815d13bdd293554ddf8b3e57490dd3ef4add7c2837ddc67f9c24.bin,Conti,malwarebazaar,ransomware,2026-07-30 13:45:41 UTC,analyzed,1175,NO_VICTIM_ACTIVITY,file_type=exe
ce40058314b131a63ee248a85505ac02b9473c1032d7bfe63b081dc57171dd3f,AntiRecuvaAndDB.exe_original.exe,Phobos,malwarebazaar,ransomware,2026-07-30 13:45:45 UTC,analyzed,327,TRUE_ENCRYPTION,file_type=exe
68dd91e49256ee61ca05a5309db255e9ffe23e8df680ace95d48346e2a39c260,.mc_osn.exe,Phobos,malwarebazaar,ransomware,2026-07-30 13:45:46 UTC,analyzed,357,FAILED,file_type=exe;cape_machine_unavailable
4ff314143f6fea359946a81034ec04a4f515998fc23c6937bc5d032b02f01bea,LisectAVT_2403002C_164.exe,Phobos,malwarebazaar,ransomware,2026-07-30 13:45:48 UTC,analyzed,368,TRUE_ENCRYPTION,file_type=exe
45de59851d68929632346d6f894dc8c1b6a5c4197db83c2e33c60631efc0b39f,Fast.exe,Phobos,malwarebazaar,ransomware,2026-07-30 13:45:49 UTC,analyzed,501,TRUE_ENCRYPTION,file_type=exe;retry_after_host_oom
2a8353551d099c78ac100b44718a691142f8cc7879b47e842ee8491426e15c08,2024-06-25_ec656f2e9d53e5c30ae03301cc4348ea_phobos,Phobos,malwarebazaar,ransomware,2026-07-30 13:45:51 UTC,analyzed,423,TRUE_ENCRYPTION,file_type=exe;cape_machine_unavailable
c70ced34e4c01df4344e9ee4b2a42190f25ed6ac7543ee9c9579cb0ca8658256,2024-06-30_03ff3bba0065b0b29723f59c41890e45_phobos,Phobos,malwarebazaar,ransomware,2026-07-30 13:45:52 UTC,analyzed,434,TRUE_ENCRYPTION,file_type=exe;cape_machine_unavailable
00723db8c6513a9b8a79b8b8cc7d9da9f23a8a5454149ed12768937ca15d1a47,00723db8c6513a9b8a79b8b8cc7d9da9f23a8a5454149ed12768937ca15d1a47,Phobos,malwarebazaar,ransomware,2026-07-30 13:45:54 UTC,analyzed,443,TRUE_ENCRYPTION,file_type=exe
5e9902d0d003db7905864ca8a1cf4616d144f56c066156ff700a86d9fa77a09f,restorefiles69@cock.li.exe,Phobos,malwarebazaar,ransomware,2026-07-30 13:45:55 UTC,analyzed,454,TRUE_ENCRYPTION,file_type=exe
9b4074d8514fd54871f04a8cb7b5341ed22652419a35798c5a388de101894031,UrlBilling.store,Phobos,malwarebazaar,ransomware,2026-07-30 13:45:57 UTC,analyzed,465,FAILED,file_type=exe
3d86f3bce92423415bc7beef95e13e9c8a422075e35e80185aec02f439c673ee,050e216236ee1c87_0,Phobos,malwarebazaar,ransomware,2026-07-30 13:45:58 UTC,analyzed,522,FAILED,file_type=exe
4e339ff3265d346252f688e0c625fcb2425a056905302e7ffaf2e96959fc861e,000003.log,Phobos,malwarebazaar,ransomware,2026-07-30 13:45:59 UTC,analyzed,532,FAILED,file_type=exe
43f846c12c24a078ebe33f71e8ea3b4f75107aeb275e2c3cd9dc61617c9757fc,43f846c12c24a078ebe33f71e8ea3b4f75107aeb275e2c3cd9dc61617c9757fc,Phobos,malwarebazaar,ransomware,2026-07-30 13:46:01 UTC,analyzed,544,TRUE_ENCRYPTION,file_type=exe
000db71531e5aa8b30594d305bb3fbce8e2c71f66e2170091ef58b3c1f306f46,Fast.exe,Phobos,malwarebazaar,ransomware,2026-07-30 13:46:03 UTC,analyzed,556,TRUE_ENCRYPTION,file_type=exe
41dbdaeb1dc8fe40358a5e168af596da85c6a84796e63c9d10c11f2077129eaf,41dbdaeb1dc8fe40358a5e168af596da85c6a84796e63c9d10c11f2077129eaf,Phobos,malwarebazaar,ransomware,2026-07-30 13:46:04 UTC,analyzed,600,TRUE_ENCRYPTION,file_type=exe
f146915a0298daff26ffe85a42b9a9ef68e7a148e3dbe3bc43abb283d96facbd,wikilab.exe,Phobos,malwarebazaar,ransomware,2026-07-30 13:46:06 UTC,analyzed,611,TRUE_ENCRYPTION,file_type=exe
d68cd1a46733695e31c8d8604ad7f5658ebba343404d8443e1e64f0ee3e79a11,phobos.exe,Phobos,malwarebazaar,ransomware,2026-07-30 13:46:07 UTC,analyzed,622,TRUE_ENCRYPTION,file_type=exe
763b04ef2d0954c7ecf394249665bcd71eeafebc3a66a27b010f558fd59dbdeb,AntiRecuvaAndDB.exe,Phobos,malwarebazaar,ransomware,2026-07-30 13:46:09 UTC,analyzed,633,TRUE_ENCRYPTION,file_type=exe
b609555a43a2e1151f9ee7b028d0141034bfce25487ef2ec826d2af714e15ee5,bitdender.exe,Phobos,malwarebazaar,ransomware,2026-07-30 13:46:10 UTC,analyzed,644,TRUE_ENCRYPTION,file_type=exe
c29630324d768c6e40b814164f6c2c6f33dd741392edc940cc852e67e1667a57,Fast.exe,Phobos,malwarebazaar,ransomware,2026-07-30 13:46:12 UTC,analyzed,655,TRUE_ENCRYPTION,file_type=exe
30e90f33067608e8e7f4d57fd6903adb5eccb91bf426c56569c16bf86f0d8971,fba616f5dc56b1cd9c463c0b9da86578,Phobos,malwarebazaar,ransomware,2026-07-30 13:46:15 UTC,analyzed,665,TRUE_ENCRYPTION,file_type=exe
91abe280381d0faf55b521f51d16d8aa022f0cc14b1310334d4fffc3474459d4,2519f369f426e4d2cdd88290d1c25d3c.exe,Phobos,malwarebazaar,ransomware,2026-07-30 13:46:17 UTC,analyzed,675,NO_VICTIM_ACTIVITY,file_type=exe
4e4c154f0500990e897ca9650eafd3c6255ba4df3b4bc620c6ba27b718278392,5322dc793dc514fd4a82d96388aaaf02.exe,Phobos,malwarebazaar,ransomware,2026-07-30 13:46:20 UTC,analyzed,685,TRUE_ENCRYPTION,file_type=exe
fd59543a425d2159dfadba8efd4d40178b609ef123a8bc5cf00fe3afef95623d,SecuriteInfo.com.Trojan.Packed2.45812.22266.8634,Phobos,malwarebazaar,ransomware,2026-07-30 13:46:22 UTC,analyzed,695,TRUE_ENCRYPTION,file_type=exe
9215550ce3b164972413a329ab697012e909d543e8ac05d9901095016dd3fc6c,fe2d1879880466e24e76d8d0963feb93.exe,Phobos,malwarebazaar,ransomware,2026-07-30 13:46:23 UTC,analyzed,708,TRUE_ENCRYPTION,file_type=exe
482754d66d01aa3579f007c2b3c3d0591865eb60ba60b9c28c66fe6f4ac53c52,a567048dd823ff2d395ddd95d1fa5302.exe,Phobos,malwarebazaar,ransomware,2026-07-30 13:46:25 UTC,analyzed,718,TRUE_ENCRYPTION,file_type=exe
7e18ff461e3fc159c9b6634c9250600ea4c62da604885697c95d9bac794109b8,40a2a330dece024db63f275748eb3d7a.exe,Phobos,malwarebazaar,ransomware,2026-07-30 13:46:27 UTC,analyzed,728,TRUE_ENCRYPTION,file_type=exe
97a4d094f86b757b3fb0e189f2843a7af8d0ec43f9805214e89992528e83b5d7,0a2f0447233fa3f8c754fc8142ab6f7a,Phobos,malwarebazaar,ransomware,2026-07-30 13:46:29 UTC,analyzed,738,TRUE_ENCRYPTION,file_type=exe
2cfd30a7982b90be60f83fe5f4132999ac50d0d63d9681d8d50c3c8271faa34b,226c69fbd80993cd5f17f696aa924bcb.exe,Phobos,malwarebazaar,ransomware,2026-07-30 13:46:31 UTC,analyzed,748,TRUE_ENCRYPTION,file_type=exe
88f6a6455f92255a189526e36aeb581c95c28dc5e26357e7667f871444a336ba,1f7dd42295e1d8059c9cae2eff17109e,Phobos,malwarebazaar,ransomware,2026-07-30 13:46:32 UTC,analyzed,758,TRUE_ENCRYPTION,file_type=exe
c0539fd02ca0184925a932a9e926c681dc9c81b5de4624250f2dd885ca5c4763,SecuriteInfo.com.Win32.PWSX-gen.218.3876,Phobos,malwarebazaar,ransomware,2026-07-30 13:46:34 UTC,analyzed,768,TRUE_ENCRYPTION,file_type=exe
fa7ed15708d988e7f69b5628db9481816052efea29e93f1bd274a1d76006aee6,SecuriteInfo.com.Win32.PWSX-gen.13586.20354,Phobos,malwarebazaar,ransomware,2026-07-30 13:46:36 UTC,analyzed,778,TRUE_ENCRYPTION,file_type=exe
8575dcf7c67612b4d1fc1315bb19318f06bb5abdc6341890e251eb303e386db7,Fast.ex_,Phobos,malwarebazaar,ransomware,2026-07-30 13:46:37 UTC,analyzed,788,NO_VICTIM_ACTIVITY,file_type=exe
3bdc7a7bfb1b2704fedad02debc5a143ef5ce6df4a3b53c50f7f589cc806919c,ph_decrypt.[exe],Phobos,malwarebazaar,ransomware,2026-07-30 13:46:39 UTC,analyzed,798,NO_VICTIM_ACTIVITY,file_type=exe
7124f6f197e503f77b3bbb136391b12d79a0e248e697506184aaf19b2df8eb7e,ragnarok.[exe],Phobos,malwarebazaar,ransomware,2026-07-30 13:46:40 UTC,analyzed,808,TRUE_ENCRYPTION,file_type=exe
790b64a5860a5069fedcb660efdffce2b5ab2195086100a6079697b662f0c198,9bb98f2989a73a1e3d8d490669462422.exe,Phobos,malwarebazaar,ransomware,2026-07-30 13:46:42 UTC,analyzed,818,TRUE_ENCRYPTION,file_type=exe
fa620f37539b2c7e53d4c06de1b680d0eab5c3a5280b89d1700e014bfd320519,c2317e46c10621501b8fb1022136b0c3.exe,Phobos,malwarebazaar,ransomware,2026-07-30 13:46:43 UTC,analyzed,828,TRUE_ENCRYPTION,file_type=exe
681f180735ec833997bea4eb26c58f9c2e39980cd0a351e0b5cd99c502b33ae8,d922c94b64e04ea8b2be3ca4ed31e65e.exe,Phobos,malwarebazaar,ransomware,2026-07-30 13:46:45 UTC,analyzed,838,TRUE_ENCRYPTION,file_type=exe
9f40b69060a52731107baec84a0c0f8a1bfc1a62e8471b9cd69509aade9cb7f1,ff230f8ca501e06feedd202b40879e2b.exe,Phobos,malwarebazaar,ransomware,2026-07-30 13:46:47 UTC,analyzed,848,TRUE_ENCRYPTION,file_type=exe
d7cb8a2d60e1818d0638a4c38cd6fae475dc83ab7b2bde9827ecc4e4a7ce6ed7,9824d07cea51069c0042eff0e46d1ad2.exe,Phobos,malwarebazaar,ransomware,2026-07-30 13:46:48 UTC,analyzed,858,TRUE_ENCRYPTION,file_type=exe
d4cb20dba15d88c38c35be69fe04538b4f9bb0a12edb51ff23c0171b584edf08,42553b52c33d2b5f8a747819d0bf97d5,Phobos,malwarebazaar,ransomware,2026-07-30 13:46:50 UTC,analyzed,867,TRUE_ENCRYPTION,file_type=exe
aedbddbf7494baaaf759a720d9cd17540d3c171b9cc52a02e0ef9a592bd9cd63,af682568d545d56f405e1e476421467c.exe,Phobos,malwarebazaar,ransomware,2026-07-30 13:46:52 UTC,analyzed,876,TRUE_ENCRYPTION,file_type=exe
698b2a9cf9ce16f1cb5cff4576e902888cb14db7414b8e6ac4eb728f8c87d209,8275e1206ae049238705d40536deeb9f,Phobos,malwarebazaar,ransomware,2026-07-30 13:46:53 UTC,analyzed,885,TRUE_ENCRYPTION,file_type=exe
78732997a6c9d975b97da85fc511533d44083a9f9da60dae8393274a59b7bfce,5e86e15a56455a7b230d2a934ad129a5,Phobos,malwarebazaar,ransomware,2026-07-30 13:46:55 UTC,analyzed,894,TRUE_ENCRYPTION,file_type=exe
2a50a42d3c44e6e3890a53228cb84f6fdb17e38b31422c68b8634a06d36cc324,7e8b8c909f96c4058a7e8f7acd171a78,Phobos,malwarebazaar,ransomware,2026-07-30 13:46:56 UTC,analyzed,940,TRUE_ENCRYPTION,file_type=exe
33c861023479ddcaea82f2daee9d0394f304d0c33ba210f4c3c53a93cf9a474c,23ce1ae76844de9ad9dc0307ed629bb7.exe,Phobos,malwarebazaar,ransomware,2026-07-30 13:46:58 UTC,analyzed,944,TRUE_ENCRYPTION,file_type=exe
104032d8993555a84679746069ad1f8c1365c4a27eaeec732fda76aa62da005a,8581a33bb410c7674705ca163c6f75ad.exe,Phobos,malwarebazaar,ransomware,2026-07-30 13:47:00 UTC,analyzed,948,TRUE_ENCRYPTION,file_type=exe
356799503f195db260e08a81d42a431b4ebd47cef94eddc96f24a0fd3e49d716,e244628c750d40509ef2e3e72e4c2049,Phobos,malwarebazaar,ransomware,2026-07-30 13:47:01 UTC,analyzed,952,NO_VICTIM_ACTIVITY,file_type=exe
71bd706cc0ace3774449282a9c1de5403f8f43dad118b9fbf4fc45cf4894f8e9,cb0f99306d05042b8b3db064ac3489b9,Phobos,malwarebazaar,ransomware,2026-07-30 13:47:03 UTC,analyzed,956,TRUE_ENCRYPTION,file_type=exe
8879a7a950a3916f5438685f994ee829a20e4c60021db73060cd078e4a72b5a7,7166d39e9c1cb17e1728d316531242b1,Phobos,malwarebazaar,ransomware,2026-07-30 13:47:05 UTC,analyzed,960,TRUE_ENCRYPTION,file_type=exe
408d62cbf4789d9533230eff49b8b45c11b01fd8c8d6d65ec339725d7521a48c,a2f3d796dc2c2f474188db58d5ca7593,Phobos,malwarebazaar,ransomware,2026-07-30 13:47:06 UTC,analyzed,964,TRUE_ENCRYPTION,file_type=exe
518544e56e8ccee401ffa1b0a01a10ce23e49ec21ec441c6c7c3951b01c1b19c,518544e56e8ccee401ffa1b0a01a10ce23e49ec21ec441c6c7c3951b01c1b19c,Phobos,malwarebazaar,ransomware,2026-07-30 13:47:09 UTC,analyzed,968,TRUE_ENCRYPTION,file_type=exe
0b997e8b0d0ff6cc4e6f1919c6c0f3080eaa0d08c8fccdf50f7648bf05cca446,AntiRecuvaAndDB.exe,Phobos,malwarebazaar,ransomware,2026-07-30 13:47:10 UTC,analyzed,972,TRUE_ENCRYPTION,file_type=exe
523d97331fcef84ff767dbb01836766d8b1be9bbeb3d76e9fda3a02ad46fd976,rundll64.exe,Phobos,malwarebazaar,ransomware,2026-07-30 13:47:12 UTC,analyzed,976,TRUE_ENCRYPTION,file_type=exe
c21de9109580e03f0fc0a71c10bfe2923927eb0dfe748bea47d550f1fe7f1715,V1Fast.bin,Phobos,malwarebazaar,ransomware,2026-07-30 13:47:13 UTC,analyzed,980,TRUE_ENCRYPTION,file_type=exe
5a96b929383817aa298eec8cca019bcd984fcd71dd8ee353541392c1082756a4,cmd.bin,Phobos,malwarebazaar,ransomware,2026-07-30 13:47:15 UTC,analyzed,984,TRUE_ENCRYPTION,file_type=exe
55c30024aed833336eb4720a1a4a40c78496efb27b3c4d5c3f1d1b5935c12715,Fast.bin,Phobos,malwarebazaar,ransomware,2026-07-30 13:47:16 UTC,analyzed,988,TRUE_ENCRYPTION,file_type=exe
33d32078ebe0c9429e405fdeb347dfb1ba5543e61d1179d13edffc7943b57640,fast.bin,Phobos,malwarebazaar,ransomware,2026-07-30 13:47:18 UTC,analyzed,992,TRUE_ENCRYPTION,file_type=exe
c6960bb3329175489959ec95de0a83a3bd5f206f8cd7f46633e34a0227973d0e,sYsB.bin,Phobos,malwarebazaar,ransomware,2026-07-30 13:47:19 UTC,analyzed,996,TRUE_ENCRYPTION,file_type=exe
fa0a1227da320afa57509dadf4ece1f264c184abd61f425ae00c43c19e09b006,VirusShare_d0b55391935307500af21d28af2299df,Phobos,malwarebazaar,ransomware,2026-07-30 13:47:21 UTC,analyzed,1000,TRUE_ENCRYPTION,file_type=exe
eb740005273c087baf42b0c3a49a7c5b7225256681106c72567db92fc2048ada,VirusShare_ad9b251b3d3d8a38fb99d90964109e65,Phobos,malwarebazaar,ransomware,2026-07-30 13:47:22 UTC,analyzed,1007,TRUE_ENCRYPTION,file_type=exe
4d30670f6311dc373dcbfb5bd93cf1621b1d6c425c8c9a95dc0a1317d0bdf648,AntiRecuvaAndDB.bin,Phobos,malwarebazaar,ransomware,2026-07-30 13:47:24 UTC,analyzed,1034,TRUE_ENCRYPTION,file_type=exe
8642770995c3663ff3b46a3f8c946d38d475c0a2373c281aca3fae221c430ed5,FastOP.bin,Phobos,malwarebazaar,ransomware,2026-07-30 13:47:25 UTC,analyzed,1038,TRUE_ENCRYPTION,file_type=exe
d8acb51e4c3c0fe91ff0ffff41e6b6c311affcea223b05b24383aa07d6923334,MsMpEng.bin,Phobos,malwarebazaar,ransomware,2026-07-30 13:47:27 UTC,analyzed,1042,TRUE_ENCRYPTION,file_type=exe
ef2e0cc0c05fb633f539b333d88842ebef9a357d790fe1dd3cb28934be350d3f,svhost.exe.tojestmalware,Phobos,malwarebazaar,ransomware,2026-07-30 13:47:28 UTC,analyzed,1046,TRUE_ENCRYPTION,file_type=exe
71b46e95fba31267475537a338f49ce1cd0bc56c0f15346b05b673051cbe90a8,WindowsUpdate.bin,Phobos,malwarebazaar,ransomware,2026-07-30 13:47:30 UTC,analyzed,1050,TRUE_ENCRYPTION,file_type=exe
108cfca8867eb4f94082cddacf63fbdd8369b0991873a20afc3210f2d5e4ec61,108cfca8867eb4f94082cddacf63fbdd8369b0991873a20afc3210f2d5e4ec61,Phobos,malwarebazaar,ransomware,2026-07-30 13:47:35 UTC,analyzed,1054,TRUE_ENCRYPTION,file_type=exe
b5475975e30be3c1ff6c97d148def1287dc3a0341d546198df85dbb66c1b6ffa,Fast.bin,Phobos,malwarebazaar,ransomware,2026-07-30 13:47:36 UTC,analyzed,1058,WEAK_VICTIM_ACTIVITY,file_type=exe
7d9c97a133997396b0625a5d2b762fb8b333f5152d4dd893c7a463cc41372ab5,7d9c97a133997396b0625a5d2b762fb8b333f5152d4dd893c7a463cc41372ab5,Phobos,malwarebazaar,ransomware,2026-07-30 13:47:38 UTC,analyzed,1062,TRUE_ENCRYPTION,file_type=exe
7c2a9bae3bbdc9e38516754d76a192d6a3ce37849c06a8a8d3b06fb7f75916c1,7c2a9bae3bbdc9e38516754d76a192d6a3ce37849c06a8a8d3b06fb7f75916c1,Phobos,malwarebazaar,ransomware,2026-07-30 13:47:39 UTC,analyzed,1066,TRUE_ENCRYPTION,file_type=exe
b54d6dc708eade0818fcf91e59c7dbe37267abbe43a1672fb5f1c126e021ad7d,b54d6dc708eade0818fcf91e59c7dbe37267abbe43a1672fb5f1c126e021ad7d,Phobos,malwarebazaar,ransomware,2026-07-30 13:47:41 UTC,analyzed,1070,TRUE_ENCRYPTION,file_type=exe
cc43fc18d6d1dc662ad747652cd961152ee13dbf2cea9bf75564f3e2e8ffd2e8,cc43fc18d6d1dc662ad747652cd961152ee13dbf2cea9bf75564f3e2e8ffd2e8,Phobos,malwarebazaar,ransomware,2026-07-30 13:47:42 UTC,analyzed,1074,TRUE_ENCRYPTION,file_type=exe
34c1121937c35b39b654428cf3fc6b16e3e2eed03c1ccbcfc77183d1749ebadc,34c1121937c35b39b654428cf3fc6b16e3e2eed03c1ccbcfc77183d1749ebadc,Phobos,malwarebazaar,ransomware,2026-07-30 13:47:44 UTC,analyzed,1078,TRUE_ENCRYPTION,file_type=exe
d50b23e12c661bb78fa3cb317e679fabc4178600048572368bec173a520e4aaf,d50b23e12c661bb78fa3cb317e679fabc4178600048572368bec173a520e4aaf,Phobos,malwarebazaar,ransomware,2026-07-30 13:47:45 UTC,analyzed,1082,TRUE_ENCRYPTION,file_type=exe
0c0c9a19db1f89d94ddcd8af54fa631798e3ccc82743faae6d9818759f2dbcc1,0c0c9a19db1f89d94ddcd8af54fa631798e3ccc82743faae6d9818759f2dbcc1,Phobos,malwarebazaar,ransomware,2026-07-30 13:47:47 UTC,analyzed,1086,TRUE_ENCRYPTION,file_type=exe
bc3b5ef9b1dc2f1b6a23b138c4c7b047479d98dfbdf216097c08a68c2f771732,bc3b5ef9b1dc2f1b6a23b138c4c7b047479d98dfbdf216097c08a68c2f771732,Phobos,malwarebazaar,ransomware,2026-07-30 13:47:48 UTC,analyzed,1090,TRUE_ENCRYPTION,file_type=exe
4ae6519e0d6a7aaf9b684497763257e3a752ef0b31b4ba31afb9aecd1af59d9a,4ae6519e0d6a7aaf9b684497763257e3a752ef0b31b4ba31afb9aecd1af59d9a,Phobos,malwarebazaar,ransomware,2026-07-30 13:47:50 UTC,analyzed,1094,TRUE_ENCRYPTION,file_type=exe
f4db61bb14a7af406c9cfc33075c6f74ab711bedf1e1fd6edc4f524bd304c1b6,f4db61bb14a7af406c9cfc33075c6f74ab711bedf1e1fd6edc4f524bd304c1b6,Phobos,malwarebazaar,ransomware,2026-07-30 13:47:51 UTC,analyzed,1098,TRUE_ENCRYPTION,file_type=exe
e165b3e962a2916ed4693993f1911c04b18fcbf7fbdaa824d0e57449da4e4099,e165b3e962a2916ed4693993f1911c04b18fcbf7fbdaa824d0e57449da4e4099,Phobos,malwarebazaar,ransomware,2026-07-30 13:47:53 UTC,analyzed,1102,TRUE_ENCRYPTION,file_type=exe
c8d9a9758516d5a8936bd3bc01a9997fb677ed1dc54081caa985883935ff092b,c8d9a9758516d5a8936bd3bc01a9997fb677ed1dc54081caa985883935ff092b,Phobos,malwarebazaar,ransomware,2026-07-30 13:47:54 UTC,analyzed,1106,FAILED,file_type=exe
231bba5652f6fbdbab3016362fb7925fc4e4489fff5e6a4a98c37fba5bd0cfe9,231bba5652f6fbdbab3016362fb7925fc4e4489fff5e6a4a98c37fba5bd0cfe9,Phobos,malwarebazaar,ransomware,2026-07-30 13:47:56 UTC,analyzed,1110,TRUE_ENCRYPTION,file_type=exe
928aca01498ca60e1dd3e263c462f3a04ef49b91d94b566293e8edfbc54fcf13,928aca01498ca60e1dd3e263c462f3a04ef49b91d94b566293e8edfbc54fcf13,Phobos,malwarebazaar,ransomware,2026-07-30 13:47:57 UTC,analyzed,1114,TRUE_ENCRYPTION,file_type=exe
9704a4959ec0edb5b82732944be3665e80ed974dec17ab401545ee21069da08d,9704a4959ec0edb5b82732944be3665e80ed974dec17ab401545ee21069da08d,Phobos,malwarebazaar,ransomware,2026-07-30 13:47:59 UTC,analyzed,1118,TRUE_ENCRYPTION,file_type=exe
1e3d1dce864ea7544e10a2758f11fafacd39a0cfc7022e3493d6a25dbaffb6c3,1e3d1dce864ea7544e10a2758f11fafacd39a0cfc7022e3493d6a25dbaffb6c3,Phobos,malwarebazaar,ransomware,2026-07-30 13:48:00 UTC,analyzed,1122,TRUE_ENCRYPTION,file_type=exe
62b096449d5dc6f876c43e48d1c27a63de0f75e70279f811b5c6ba18f9126f7b,62b096449d5dc6f876c43e48d1c27a63de0f75e70279f811b5c6ba18f9126f7b,Phobos,malwarebazaar,ransomware,2026-07-30 13:48:02 UTC,analyzed,1126,TRUE_ENCRYPTION,file_type=exe
84ad231f0d74cd4bed8da0fbfc6801fc77424ee74a560e0d3175aa37b4ecab23,84ad231f0d74cd4bed8da0fbfc6801fc77424ee74a560e0d3175aa37b4ecab23,Phobos,malwarebazaar,ransomware,2026-07-30 13:48:04 UTC,analyzed,1130,TRUE_ENCRYPTION,file_type=exe
f1e3ec3fe9b4347019a298a11db3a2c357e91b61b7152dc28b4ecef57968dbbb,f1e3ec3fe9b4347019a298a11db3a2c357e91b61b7152dc28b4ecef57968dbbb,Phobos,malwarebazaar,ransomware,2026-07-30 13:48:05 UTC,analyzed,1134,TRUE_ENCRYPTION,file_type=exe
3f88affd9a69bad96f8152c87654aed50cc7a49247f154d503cacbdcd53ba825,3f88affd9a69bad96f8152c87654aed50cc7a49247f154d503cacbdcd53ba825,Phobos,malwarebazaar,ransomware,2026-07-30 13:48:07 UTC,analyzed,1138,TRUE_ENCRYPTION,file_type=exe
1ca85c7d735a4bdc8900acd52f4ec46bf0d0f13908907657175bbf92d82e28ce,1ca85c7d735a4bdc8900acd52f4ec46bf0d0f13908907657175bbf92d82e28ce,Phobos,malwarebazaar,ransomware,2026-07-30 13:48:08 UTC,analyzed,1142,TRUE_ENCRYPTION,file_type=exe
fe1b479880db7637fc96d334f216e5e966879a77fac1b85d1fd892a050fbe638,fe1b479880db7637fc96d334f216e5e966879a77fac1b85d1fd892a050fbe638,Phobos,malwarebazaar,ransomware,2026-07-30 13:48:10 UTC,analyzed,1146,TRUE_ENCRYPTION,file_type=exe
2dcaca208625860f4eb114af4c4158368284eb99c994793d5ac66d3af654bf5f,2dcaca208625860f4eb114af4c4158368284eb99c994793d5ac66d3af654bf5f,Phobos,malwarebazaar,ransomware,2026-07-30 13:48:11 UTC,analyzed,1150,TRUE_ENCRYPTION,file_type=exe
f25a3e2bbaa9bed0210adf5bff0bc5d76fbf44e09ae4bc22e40473814a6ebad1,f25a3e2bbaa9bed0210adf5bff0bc5d76fbf44e09ae4bc22e40473814a6ebad1,Phobos,malwarebazaar,ransomware,2026-07-30 13:48:13 UTC,analyzed,1154,TRUE_ENCRYPTION,file_type=exe
b0e2a8c3c5d57571c7892940ab531925a2b0451964afd3035f1293062ca6d64e,b0e2a8c3c5d57571c7892940ab531925a2b0451964afd3035f1293062ca6d64e,Phobos,malwarebazaar,ransomware,2026-07-30 13:48:14 UTC,analyzed,1158,TRUE_ENCRYPTION,file_type=exe
da24e2d56eb8bf572abc67c2ba3ef64d0bac9fdda0f9a11132b10fac12343aaf,da24e2d56eb8bf572abc67c2ba3ef64d0bac9fdda0f9a11132b10fac12343aaf,Phobos,malwarebazaar,ransomware,2026-07-30 13:48:16 UTC,analyzed,1162,TRUE_ENCRYPTION,file_type=exe
81a5ac22ffef8e50131f663708e5f579e1d74c0464994a909cd3426be6887a4a,81a5ac22ffef8e50131f663708e5f579e1d74c0464994a909cd3426be6887a4a,Phobos,malwarebazaar,ransomware,2026-07-30 13:48:17 UTC,analyzed,1166,TRUE_ENCRYPTION,file_type=exe
25dce15057f3e9f904ea28e039fe0d2945308d7f41ea5386e99af4840c2e6762,25dce15057f3e9f904ea28e039fe0d2945308d7f41ea5386e99af4840c2e6762,Phobos,malwarebazaar,ransomware,2026-07-30 13:48:19 UTC,analyzed,1170,TRUE_ENCRYPTION,file_type=exe
992dad791a523f2c0a0b5a74c08e5573905f301d8891db0ed6e885face9ef0e2,992dad791a523f2c0a0b5a74c08e5573905f301d8891db0ed6e885face9ef0e2,Phobos,malwarebazaar,ransomware,2026-07-30 13:48:20 UTC,analyzed,1174,TRUE_ENCRYPTION,file_type=exe
ed42bb9e3f5959e3d58872874381d92e50c601cd1be46effeb3724ff19eeef71,ed42bb9e3f5959e3d58872874381d92e50c601cd1be46effeb3724ff19eeef71,Phobos,malwarebazaar,ransomware,2026-07-30 13:48:22 UTC,analyzed,1178,TRUE_ENCRYPTION,file_type=exe
34e1a82f7334c825aab19a21d94361c3225ee8ad9a2027830aeea7d82f59ca15,34e1a82f7334c825aab19a21d94361c3225ee8ad9a2027830aeea7d82f59ca15,Phobos,malwarebazaar,ransomware,2026-07-30 13:48:24 UTC,analyzed,1181,TRUE_ENCRYPTION,file_type=exe
1f2c57feb6fcb80fe02d53778fa7c6b3bcba0319229fe9b9ff725a24d939c2b6,1f2c57feb6fcb80fe02d53778fa7c6b3bcba0319229fe9b9ff725a24d939c2b6,Phobos,malwarebazaar,ransomware,2026-07-30 13:48:25 UTC,analyzed,1184,TRUE_ENCRYPTION,file_type=exe
64cc071973e05ae577f32bab349fafb4dba96ba9b8cab272aa5cd9d6074e5a39,cmd.exe,Phobos,malwarebazaar,ransomware,2026-07-30 13:48:27 UTC,analyzed,1187,TRUE_ENCRYPTION,file_type=exe
161c471b0aaaf0d7c1f0267ebb837e10fb8c5edfe09b0d00bf2472820f413713,AntiRecuvaAndDB_Schadsoftware.bin,Phobos,malwarebazaar,ransomware,2026-07-30 13:48:28 UTC,analyzed,1190,TRUE_ENCRYPTION,file_type=exe
0b4c743246478a6a8c9fa3ff8e04f297507c2f0ea5d61a1284fe65387d172f81,Trojan-Ransom.Win32.Agent.sb-0b4c743246478a6a8c9fa3ff8e04f297507c2f0ea5d61a1284fe65387d172f81,Phobos,malwarebazaar,ransomware,2026-07-30 13:48:30 UTC,analyzed,1193,TRUE_ENCRYPTION,file_type=exe
3c4ad3e800eb1b6e313b86f527ffed41f34e46221da557d611b55bae2ba46588,Antirecuva.exe,Phobos,malwarebazaar,ransomware,2026-07-30 13:48:31 UTC,analyzed,1196,TRUE_ENCRYPTION,file_type=exe
265d1ae339e9397976d9328b2c84aca61a7cb6c0bca9f2f8dc213678e2b2ad86,AntiRecuvaAndDB,Phobos,malwarebazaar,ransomware,2026-07-30 13:48:33 UTC,analyzed,1199,TRUE_ENCRYPTION,file_type=exe
d7d50f809a7808ca53c4430d484bb100aaf9c74c6c12080ff888b8c04212f405,cfa6070a_by_Libranalysis,Phobos,malwarebazaar,ransomware,2026-07-30 13:48:34 UTC,analyzed,1204,TRUE_ENCRYPTION,file_type=exe
8710ad8fb2938326655335455987aa17961b2496a345a7ed9f4bbfcb278212bc,1.exe,Phobos,malwarebazaar,ransomware,2026-07-30 13:48:36 UTC,analyzed,1207,TRUE_ENCRYPTION,file_type=exe
6b7d70ca7d02133afbc24eeb585f2921bc35c01b23b90a66f515290c49cf0952,6b7d70ca7d02133afbc24eeb585f2921bc35c01b23b90a66f515290c49cf0952,Phobos,malwarebazaar,ransomware,2026-07-30 13:48:37 UTC,analyzed,1212,TRUE_ENCRYPTION,file_type=exe
9bd421c6f7f7d8278036944fcad3e04db408619678acf1b2024ef69d85c3932b,9bd421c6f7f7d8278036944fcad3e04db408619678acf1b2024ef69d85c3932b,Phobos,malwarebazaar,ransomware,2026-07-30 13:48:39 UTC,analyzed,1217,TRUE_ENCRYPTION,file_type=exe
dea38651b06aab617e93bdb343fd28587bdc0e113a4fc957571a06988491ade7,c5639cbc87ecef629d70f6e999d96d99.exe,Phobos,malwarebazaar,ransomware,2026-07-30 13:48:40 UTC,analyzed,1220,TRUE_ENCRYPTION,file_type=exe
f0aec57001a184ea82122a59c6e5be48042f75d6f11a40125995ba9531aab718,6275a839b5071bf445539c8652d2b13b.exe,Phobos,malwarebazaar,ransomware,2026-07-30 13:48:42 UTC,analyzed,1232,NO_VICTIM_ACTIVITY,file_type=exe
2eff58738b5a7717a3fcdf7a4171c6fa18492bc200eddc26bf608fa35d28466e,Ransomware,Phobos,malwarebazaar,ransomware,2026-07-30 13:48:43 UTC,analyzed,1235,TRUE_ENCRYPTION,file_type=exe
6e9c9b72d1bdb993184c7aa05d961e706a57b3becf151ca4f883a80a07fdd955,DAYLL.exe,Phobos,malwarebazaar,ransomware,2026-07-30 13:48:47 UTC,analyzed,1238,TRUE_ENCRYPTION,file_type=exe
9dde984b21a00bc3307c28bd81f229500b795ce4e908b6f8cb5fbd338b22b8e1,winrar.exe,Phobos,malwarebazaar,ransomware,2026-07-30 13:48:50 UTC,analyzed,1241,TRUE_ENCRYPTION,file_type=exe
03bb4d5c0179fdceacc5df7645e6e7fa93e931ac9beb1968c7bbe40ba3499194,iso-smpl.exe,Phobos,malwarebazaar,ransomware,2026-07-30 13:48:51 UTC,analyzed,1244,TRUE_ENCRYPTION,file_type=exe
7949bf3e09366bdb23ca7472cb6c4d9183ad5b081ac5a568d556aec8beae0785,c597eb1cfd24dfca1b17b7fd61c4527c.exe,Phobos,malwarebazaar,ransomware,2026-07-30 13:48:53 UTC,analyzed,1247,TRUE_ENCRYPTION,file_type=exe
f9348fb8d78baa055f90288fec94b67d3f3d30eaa5744feeacef871ee3ad8eb8,antirecuvaanddb.exe,Phobos,malwarebazaar,ransomware,2026-07-30 13:48:54 UTC,analyzed,1250,TRUE_ENCRYPTION,file_type=exe
ae409f3d835b583fd60657a894398589d3f712dcb72c85d8057fc81571d73cec,sigma.exe,Babuk,malwarebazaar,ransomware,2026-07-30 13:49:06 UTC,analyzed,493,NO_VICTIM_ACTIVITY,file_type=exe;retry_after_host_oom
624391da604c4f5a032783234edc2f22338150656d90179a910e1e45cbfaf566,d792ec4dc1e5fca5dac1f612d86168f36b701e44ea4d13f4cc79b308644f3724.bin,Babuk,malwarebazaar,ransomware,2026-07-30 13:49:08 UTC,analyzed,331,NO_VICTIM_ACTIVITY,file_type=exe
d792ec4dc1e5fca5dac1f612d86168f36b701e44ea4d13f4cc79b308644f3724,d792ec4dc1e5fca5dac1f612d86168f36b701e44ea4d13f4cc79b308644f3724.bin,Babuk,malwarebazaar,ransomware,2026-07-30 13:49:10 UTC,analyzed,350,NO_VICTIM_ACTIVITY,file_type=exe;cape_machine_unavailable
542d67073cbc5c7ce38ebcd31809591f54e000d901048c9e11870faa98cbf67d,2025-04-21_c2f7a0d4773f939dc37bc0d911b4a408_babuk_destroyer_elex,Babuk,malwarebazaar,ransomware,2026-07-30 13:49:11 UTC,analyzed,361,TRUE_ENCRYPTION,file_type=exe;cape_machine_unavailable
09175b12be9491968e6d9f8878a634156075da518a31f416956fbd0c50fa36d0,d.exe,Babuk,malwarebazaar,ransomware,2026-07-30 13:49:13 UTC,analyzed,508,TRUE_ENCRYPTION,file_type=exe;retry_after_host_oom
db28d5d2a0e2b0320748a4f68156463642ab59671a3c8f7266c23fdffe186ac1,Duck2.exe,Babuk,malwarebazaar,ransomware,2026-07-30 13:49:14 UTC,analyzed,509,TRUE_ENCRYPTION,file_type=exe;retry_after_host_oom
a8df7571e871d22f13ba3eb376eddd1f73ce241d24caa878494e1805219b342a,D0glun.exe,Babuk,malwarebazaar,ransomware,2026-07-30 13:49:16 UTC,analyzed,514,NO_VICTIM_ACTIVITY,file_type=exe;cape_machine_unavailable;retry_after_host_oom
30a8cf3e6863030c762b468bf48d679f3dd053a80793770443938fa18de89617,30a8cf3e6863030c762b468bf48d679f3dd053a80793770443938fa18de89617,Babuk,malwarebazaar,ransomware,2026-07-30 13:49:18 UTC,analyzed,416,FAILED,file_type=exe;cape_machine_unavailable
f0ec54b9dc2e64c214e92b521933cee172283ff5c942cf84fae4ec5b03abab55,f0ec54b9dc2e64c214e92b521933cee172283ff5c942cf84fae4ec5b03abab55,Babuk,malwarebazaar,ransomware,2026-07-30 13:49:19 UTC,analyzed,427,TRUE_ENCRYPTION,file_type=exe
5874159ac61ab0349f29c8336c6d31d27c4df181318942ace320f4a6c6d24abe,mmd khr.exe,Babuk,malwarebazaar,ransomware,2026-07-30 13:49:21 UTC,analyzed,436,TRUE_ENCRYPTION,file_type=exe
decc924c5d9724166e627622abfe52636a28c89253307aa88966c70b77a3e1a6,get wifi info temp.exe,Babuk,malwarebazaar,ransomware,2026-07-30 13:49:27 UTC,analyzed,447,TRUE_ENCRYPTION,file_type=exe
a72cd6dcf20df1725db00b53e95a35cc02490a974845b2f0e45db94d85eb69ff,1.exe,Babuk,malwarebazaar,ransomware,2026-07-30 13:49:29 UTC,analyzed,458,NO_VICTIM_ACTIVITY,file_type=exe
01d4ced698c9826e5879e235a74bab2b794e85df04b3c693345ef1925a20aeb9,4.exe,Babuk,malwarebazaar,ransomware,2026-07-30 13:49:31 UTC,analyzed,469,NO_VICTIM_ACTIVITY,file_type=exe
01c647838c374e91e8f9fe967fd25235d72264414bb0d5b82c4fbd4151a9717f,01c647838c374e91e8f9fe967fd25235d72264414bb0d5b82c4fbd4151a9717f.bin,Babuk,malwarebazaar,ransomware,2026-07-30 13:49:33 UTC,analyzed,472,TRUE_ENCRYPTION,file_type=exe
87b9b910d5d5a053e3b39989cc6fd51601abdaea207a26c765f21f43a4cd4dcb,e_win.bin,Babuk,malwarebazaar,ransomware,2026-07-30 13:49:34 UTC,analyzed,474,TRUE_ENCRYPTION,file_type=exe
d066e2aa9b600e2f1b8515016e65bc030d48462af178c7944979d73839012ca8,h.bin,Babuk,malwarebazaar,ransomware,2026-07-30 13:49:36 UTC,analyzed,476,NO_VICTIM_ACTIVITY,file_type=exe
50eba374f306f9a8094b7458dd19001b4a921b8c955eb2b5c7a42f41ff45f865,25dca003650ee8b8d909ac91e0fb3401.exe,Babuk,malwarebazaar,ransomware,2026-07-30 13:49:38 UTC,analyzed,478,TRUE_ENCRYPTION,file_type=exe
764fa73478783cf7d93bb29e519d267efc451b587a4dc6eea939760e1c9419d2,94737d9d6b8e55c9cac7c10b19962329.exe,Babuk,malwarebazaar,ransomware,2026-07-30 13:49:40 UTC,analyzed,480,TRUE_ENCRYPTION,file_type=exe
10843ab4b6e4c9592a31a72bc5f7ccfa48fd365e6fba1b100319f40125f8da6f,e_win.bin,Babuk,malwarebazaar,ransomware,2026-07-30 13:49:42 UTC,analyzed,482,TRUE_ENCRYPTION,file_type=exe
6bfaba7f6d10242872a5616340c1e6beba3b2d285d59ed79b63272ea1f2c968e,91ba842bf6b70e34b3c1a2dcc3834a4e.exe,Babuk,malwarebazaar,ransomware,2026-07-30 13:49:44 UTC,analyzed,484,TRUE_ENCRYPTION,file_type=exe
bcb5833e9b9ff99e6d2001552ad663f511bc57af02ca6ecacb188130fd8d753f,f981ee633618dc55b84fd91eaa2e75ab.exe,Babuk,malwarebazaar,ransomware,2026-07-30 13:49:45 UTC,analyzed,486,TRUE_ENCRYPTION,file_type=exe
84b9d55a0e240587fc7d4be0d73ca623d1e1b126b963df2b5e3c71d73818c5fd,c5a954205e76a29ede66cde99baaec6f.exe,Babuk,malwarebazaar,ransomware,2026-07-30 13:49:47 UTC,analyzed,488,TRUE_ENCRYPTION,file_type=exe
f62f4261c914202f3445e122283178a508fa9cc0c480daddc180b5901557b2d7,d8c43ed3de8a96a1772e4a87f8cc7685.exe,Babuk,malwarebazaar,ransomware,2026-07-30 13:49:49 UTC,analyzed,490,TRUE_ENCRYPTION,file_type=exe
6195f07015a3408f58375cf7dd2444f3fe1a751cea0052cad9024fc55e8aa320,166c61424c79b082c52448d66f66156f.exe,Babuk,malwarebazaar,ransomware,2026-07-30 13:49:50 UTC,analyzed,524,TRUE_ENCRYPTION,file_type=exe
0a640b6cbb482a05a67cd670e60b582f9176f964ad0fa61e70a35b828e422596,ee57cb6c0e2292903b33adf62a2a7810.exe,Babuk,malwarebazaar,ransomware,2026-07-30 13:49:52 UTC,analyzed,536,TRUE_ENCRYPTION,file_type=exe
0a506b1798561b784921b7070c88fbd2e2cdef6d17a500583b1cbd03c5181999,0a506b1798561b784921b7070c88fbd2e2cdef6d17a500583b1cbd03c5181999,Babuk,malwarebazaar,ransomware,2026-07-30 13:49:54 UTC,analyzed,548,TRUE_ENCRYPTION,file_type=exe
91bd5168b9b0026bfcc02f4a30c11f76d8663ef3ccf734afcc490098b517fa25,91bd5168b9b0026bfcc02f4a30c11f76d8663ef3ccf734afcc490098b517fa25,Babuk,malwarebazaar,ransomware,2026-07-30 13:49:56 UTC,analyzed,560,TRUE_ENCRYPTION,file_type=exe
88f9515a15433092c34ef33860d1f4994fed90c52bbc219493f4cee2cb2ccbfa,81418FF9C19478B43EBF747B531AD3D0,Babuk,malwarebazaar,ransomware,2026-07-30 13:49:58 UTC,analyzed,561,TRUE_ENCRYPTION,file_type=exe
4aeef1dbe94a24070d22718ef75b990fb7763598fa1d966806ae77cbff226722,0684C13902E14641D75926CC95B753C6,Babuk,malwarebazaar,ransomware,2026-07-30 13:49:59 UTC,analyzed,563,TRUE_ENCRYPTION,file_type=exe
508a579ec458c954c0aa9d3411ce9e6fac8bff91ad269d4a414e192b464af2d1,508a579ec458c954c0aa9d3411ce9e6fac8bff91ad269d4a414e192b464af2d1,Babuk,malwarebazaar,ransomware,2026-07-30 13:50:01 UTC,analyzed,564,TRUE_ENCRYPTION,file_type=exe
51c86805e6350412f78a21f197aa00b4c9d4484118dd0261bd03e8539109f569,51c86805e6350412f78a21f197aa00b4c9d4484118dd0261bd03e8539109f569,Babuk,malwarebazaar,ransomware,2026-07-30 13:50:02 UTC,analyzed,566,TRUE_ENCRYPTION,file_type=exe
b4ecf72fa4af827c32bbc16c05597dbc1216c2fb0b9c2fdff757300e9ab20cef,b4ecf72fa4af827c32bbc16c05597dbc1216c2fb0b9c2fdff757300e9ab20cef,Babuk,malwarebazaar,ransomware,2026-07-30 13:50:04 UTC,analyzed,568,FAILED,file_type=exe
f4c2169dab08ca0aa12fe0e35a0424b6de1396b719a3eb34c3f7ce205a99dd46,f4c2169dab08ca0aa12fe0e35a0424b6de1396b719a3eb34c3f7ce205a99dd46,Babuk,malwarebazaar,ransomware,2026-07-30 13:50:05 UTC,analyzed,570,TRUE_ENCRYPTION,file_type=exe
ab8eee432fa636360b3c6724fe6851e9cf8eeae1ee9da6fc576bee1cd5d7fad2,ab8eee432fa636360b3c6724fe6851e9cf8eeae1ee9da6fc576bee1cd5d7fad2,Babuk,malwarebazaar,ransomware,2026-07-30 13:50:07 UTC,analyzed,572,TRUE_ENCRYPTION,file_type=exe
f8cfcd21368ff8d8590000adf0b18d03aa49364a344bffeed9a8f32d5af1148f,f8cfcd21368ff8d8590000adf0b18d03aa49364a344bffeed9a8f32d5af1148f,Babuk,malwarebazaar,ransomware,2026-07-30 13:50:08 UTC,analyzed,578,TRUE_ENCRYPTION,file_type=exe
e08f17b42e47bf973bf866f167a49b931b99fe1b50bc820078ac2644bd8c209c,e08f17b42e47bf973bf866f167a49b931b99fe1b50bc820078ac2644bd8c209c,Babuk,malwarebazaar,ransomware,2026-07-30 13:50:10 UTC,analyzed,582,TRUE_ENCRYPTION,file_type=exe
1d5f8c4e2cb635bb5cfb001dfd0db882b9eeea700f04a6b9cb1a934667b85368,1d5f8c4e2cb635bb5cfb001dfd0db882b9eeea700f04a6b9cb1a934667b85368,Babuk,malwarebazaar,ransomware,2026-07-30 13:50:12 UTC,analyzed,584,TRUE_ENCRYPTION,file_type=exe
9f7d6949fd359dce79d3233eb80101ff706a35de5308543b0488450c19eba0f0,HEUR-Trojan.MSIL.DelShad.gen-9f7d6949fd359dce79d3233eb80101ff706a35de5308543b0488450c19eba0f0,Babuk,malwarebazaar,ransomware,2026-07-30 13:50:13 UTC,analyzed,588,TRUE_ENCRYPTION,file_type=exe
393a7a313548a4edc025fb47c6c8e614ecc2b41db880ecb59f20cf238e9a864c,393a7a313548a4edc025fb47c6c8e614ecc2b41db880ecb59f20cf238e9a864c.bin,Babuk,malwarebazaar,ransomware,2026-07-30 13:50:15 UTC,analyzed,592,NO_VICTIM_ACTIVITY,file_type=exe
00fdeee2f48cc21a5b3da49aacda35513a98d671c8309557b37a378ed57c63bd,00fdeee2f48cc21a5b3da49aacda35513a98d671c8309557b37a378ed57c63bd.bin,Babuk,malwarebazaar,ransomware,2026-07-30 13:50:16 UTC,analyzed,593,TRUE_ENCRYPTION,file_type=exe
80c58ad933073630a37ad8d78739807b1f4b6f5f65900c59c8424b5df11c632b,80c58ad933073630a37ad8d78739807b1f4b6f5f65900c59c8424b5df11c632b.bin,Babuk,malwarebazaar,ransomware,2026-07-30 13:50:18 UTC,analyzed,604,TRUE_ENCRYPTION,file_type=exe
25835a890a218fd26bfd8b23696576402b5eb8a4c9af4a51529e14c4f00a9cce,25835a890a218fd26bfd8b23696576402b5eb8a4c9af4a51529e14c4f00a9cce.bin,Babuk,malwarebazaar,ransomware,2026-07-30 13:50:19 UTC,analyzed,615,TRUE_ENCRYPTION,file_type=exe
c94a81fdf688d220827320e88cc0b89af8690142abe5c602131b6659297c7d24,c94a81fdf688d220827320e88cc0b89af8690142abe5c602131b6659297c7d24.exe,Babuk,malwarebazaar,ransomware,2026-07-30 13:50:21 UTC,analyzed,626,TRUE_ENCRYPTION,file_type=exe
1d28c4c85e241efbbe326051999b9a8e1d8eeb9a3322da5cb9a93c31c65bbb49,1d28c4c85e241efbbe326051999b9a8e1d8eeb9a3322da5cb9a93c31c65bbb49.bin,Babuk,malwarebazaar,ransomware,2026-07-30 13:50:23 UTC,analyzed,637,NO_VICTIM_ACTIVITY,file_type=exe
341061776f03453e20f9e7eb3d91ff7b7842ec1322aab5d0dae4fba7c3d89eef,341061776f03453e20f9e7eb3d91ff7b7842ec1322aab5d0dae4fba7c3d89eef.bin,Babuk,malwarebazaar,ransomware,2026-07-30 13:50:24 UTC,analyzed,648,NO_VICTIM_ACTIVITY,file_type=exe
32f8bb15e0cf8c8988ec4dfe9486291eabf401bfb919598ab850199cc4afea75,32f8bb15e0cf8c8988ec4dfe9486291eabf401bfb919598ab850199cc4afea75.bin,Babuk,malwarebazaar,ransomware,2026-07-30 13:50:26 UTC,analyzed,658,NO_VICTIM_ACTIVITY,file_type=exe
2bf730fe355eb8301a064b1fb368abff003e59357ee8e68b473767b41f7e9bc5,2bf730fe355eb8301a064b1fb368abff003e59357ee8e68b473767b41f7e9bc5.bin,Babuk,malwarebazaar,ransomware,2026-07-30 13:50:27 UTC,analyzed,668,NO_VICTIM_ACTIVITY,file_type=exe
245e191bfe998ad9ef2d6b169af22f3c290e9950234f8ddd0f4a03cb3eebf761,a499f810c2e52fe9f8adcd5817b2d985,Babuk,malwarebazaar,ransomware,2026-07-30 13:50:29 UTC,analyzed,678,TRUE_ENCRYPTION,file_type=exe
eb180fcc43380b15013d9fe42e658fc6f6c32cf23426ef10b89bc6548d40523b,eb180fcc43380b15013d9fe42e658fc6f6c32cf23426ef10b89bc6548d40523b.bin,Babuk,malwarebazaar,ransomware,2026-07-30 13:50:30 UTC,analyzed,688,TRUE_ENCRYPTION,file_type=exe
77c7839c7e8d4aaf52e33a2f29db8459381b5cc3b2700072305a8bae5e0762a9,77c7839c7e8d4aaf52e33a2f29db8459381b5cc3b2700072305a8bae5e0762a9.bin,Babuk,malwarebazaar,ransomware,2026-07-30 13:50:32 UTC,analyzed,698,TRUE_ENCRYPTION,file_type=exe
ca0d9c8e8b2ed05fcf10178e1d194f5e484892dbe59ede4ae9549d27a5c8fd75,ca0d9c8e8b2ed05fcf10178e1d194f5e484892dbe59ede4ae9549d27a5c8fd75.bin,Babuk,malwarebazaar,ransomware,2026-07-30 13:50:33 UTC,analyzed,701,TRUE_ENCRYPTION,file_type=exe
a52267dc795a51404cbf2a7e8e7875929783bcc62abd6b7cfd1921c938cf2756,a52267dc795a51404cbf2a7e8e7875929783bcc62abd6b7cfd1921c938cf2756.bin,Babuk,malwarebazaar,ransomware,2026-07-30 13:50:35 UTC,analyzed,711,TRUE_ENCRYPTION,file_type=exe
575c7b60f3b1dfc3cdd42e868b88df19cef81a5577254a314dc7d1da0fd64cfb,575c7b60f3b1dfc3cdd42e868b88df19cef81a5577254a314dc7d1da0fd64cfb.bin,Babuk,malwarebazaar,ransomware,2026-07-30 13:50:36 UTC,analyzed,721,TRUE_ENCRYPTION,file_type=exe
71936bc3ee40c7ea678889d2ad5fa7eb39401752cd58988ce462f9d4048578ac,71936bc3ee40c7ea678889d2ad5fa7eb39401752cd58988ce462f9d4048578ac.bin,Babuk,malwarebazaar,ransomware,2026-07-30 13:50:38 UTC,analyzed,731,FAILED,file_type=exe
105af5c40c65f51979308e022c25dd285db3cd20e9656caaba0e9b1fc253898b,105af5c40c65f51979308e022c25dd285db3cd20e9656caaba0e9b1fc253898b.bin,Babuk,malwarebazaar,ransomware,2026-07-30 13:50:39 UTC,analyzed,741,FAILED,file_type=exe
13ccf6c512823f7d30f14d06fd50e00bce8dd03ca331dd5c5d9fee64c340c92d,13ccf6c512823f7d30f14d06fd50e00bce8dd03ca331dd5c5d9fee64c340c92d.bin,Babuk,malwarebazaar,ransomware,2026-07-30 13:50:41 UTC,analyzed,751,FAILED,file_type=exe
ae6020a06d2a95cbe91b439f4433e87d198547dec629ab0900ccfe17e729cff1,093f098e70cc57a17d02323cbe6cd484,Babuk,malwarebazaar,ransomware,2026-07-30 13:50:42 UTC,analyzed,761,TRUE_ENCRYPTION,file_type=exe
1f2edda243404918b78aa6123aa1fc5b18dd9506e4042c7a1547b565334527e1,e_win.exe,Babuk,malwarebazaar,ransomware,2026-07-30 13:50:44 UTC,analyzed,771,TRUE_ENCRYPTION,file_type=exe
54c82ad27174fd6ed72793b1ccf9d26613eb572960e847a63538420c69d06c5b,54c82ad27174fd6ed72793b1ccf9d26613eb572960e847a63538420c69d06c5b.exe,Babuk,malwarebazaar,ransomware,2026-07-30 13:50:45 UTC,analyzed,781,TRUE_ENCRYPTION,file_type=exe
6d4ced2e85587e81d6a09b147ec7cccc054bc0fbb92afc39586de1b2bf57f812,system32.exe,Babuk,malwarebazaar,ransomware,2026-07-30 13:50:47 UTC,analyzed,791,TRUE_ENCRYPTION,file_type=exe
6103e26f6f9d5fd895d9c06e1f5e141ce74d8ebda999cda6a58a4393de5ed094,plast.exe,Babuk,malwarebazaar,ransomware,2026-07-30 13:50:48 UTC,analyzed,801,TRUE_ENCRYPTION,file_type=exe
a2b5ebfc52a447cde255e1ec1ac8797ad49b156ed427df8c292d6aeb4dad5523,a2b5ebfc52a447cde255e1ec1ac8797ad49b156ed427df8c292d6aeb4dad5523.exe,Babuk,malwarebazaar,ransomware,2026-07-30 13:50:50 UTC,analyzed,811,TRUE_ENCRYPTION,file_type=exe
b4be6b8acda97f36c448365751d5c9a9e1b91f47cedfde79e1de258413c3de71,b4be6b8acda97f36c448365751d5c9a9e1b91f47cedfde79e1de258413c3de71.exe,Babuk,malwarebazaar,ransomware,2026-07-30 13:50:51 UTC,analyzed,821,TRUE_ENCRYPTION,file_type=exe
678bfbf5d73d6cf38532e11b11dbed17668d94711e2e2ea27311dd46490201b7,e_win.exe,Babuk,malwarebazaar,ransomware,2026-07-30 13:50:53 UTC,analyzed,831,TRUE_ENCRYPTION,file_type=exe
c4282e9040cdc1df92b722568a8b4c42ce9f6533fed0bd34b7fdbae264947784,c4282e9040cdc1df92b722568a8b4c42ce9f6533fed0bd34b7fdbae264947784.exe,Babuk,malwarebazaar,ransomware,2026-07-30 13:50:54 UTC,analyzed,841,TRUE_ENCRYPTION,file_type=exe
ed0f154481261e9a08dcc4f7e4d396bce75526811216106daa70d4148c660d76,ed0f154481261e9a08dcc4f7e4d396bce75526811216106daa70d4148c660d76.exe,Babuk,malwarebazaar,ransomware,2026-07-30 13:50:56 UTC,analyzed,851,NO_VICTIM_ACTIVITY,file_type=exe
bb31f235e86b0fda185e6580ef5327f80d6a6c754f78499e8647de5e229769cc,l.exe,Babuk,malwarebazaar,ransomware,2026-07-30 13:50:57 UTC,analyzed,860,TRUE_ENCRYPTION,file_type=exe
18e299d4331ccff805275b21f33be0a3bd3d1d9ce72a79ba78d2f32dd657bfbb,18e299d4331ccff805275b21f33be0a3bd3d1d9ce72a79ba78d2f32dd657bfbb,Babuk,malwarebazaar,ransomware,2026-07-30 13:50:59 UTC,analyzed,869,TRUE_ENCRYPTION,file_type=exe
f1719415abe4dcba0daef0a1e5c8994d1d3c0c659d3e0a11b34f307370dd8683,e_win.exe,Babuk,malwarebazaar,ransomware,2026-07-30 13:51:00 UTC,analyzed,878,TRUE_ENCRYPTION,file_type=exe
2138c8a34a1eff40ba3fc81b6e3b7564c6b695b140e82f3fcf23b2ec2bf291cf,2138c8a34a1eff40ba3fc81b6e3b7564c6b695b140e82f3fcf23b2ec2bf291cf.exe,Babuk,malwarebazaar,ransomware,2026-07-30 13:51:02 UTC,analyzed,887,TRUE_ENCRYPTION,file_type=exe
cbdc8fd073176c4e0328aff65147f37e5d46847de62508e7a3cf12f49a40b799,dttcodexgigas.exe,Babuk,malwarebazaar,ransomware,2026-07-30 13:51:03 UTC,analyzed,895,FAILED,file_type=exe
81e7942a1f32fb18e37cf622c5a24b7c54c4792549363fddf9a3a9095a07f23e,decryptor.exe,Babuk,malwarebazaar,ransomware,2026-07-30 13:51:05 UTC,analyzed,901,TRUE_ENCRYPTION,file_type=exe
1deb1efad2c469198aabbb618285e2229052273cf654ee5925c2540ded224402,military.exe,Babuk,malwarebazaar,ransomware,2026-07-30 13:51:06 UTC,analyzed,903,TRUE_ENCRYPTION,file_type=exe
9a089790e04683ebf37d9746e0284322f59c46eef2a86cc231839482f323e871,e_win.exe,Babuk,malwarebazaar,ransomware,2026-07-30 13:51:08 UTC,analyzed,904,TRUE_ENCRYPTION,file_type=exe
ab4eae618bb05b4fb4a8d3790a0d18a3e1566ab477519991cb161398803a8847,e_win.exe,Babuk,malwarebazaar,ransomware,2026-07-30 13:51:09 UTC,analyzed,906,TRUE_ENCRYPTION,file_type=exe
499e43933c5ee3bb730417e07d74c93a5f7d7dee05db31714e09dffeb7e3c285,499e43933c5ee3bb730417e07d74c93a5f7d7dee05db31714e09dffeb7e3c285,Babuk,malwarebazaar,ransomware,2026-07-30 13:51:11 UTC,analyzed,909,TRUE_ENCRYPTION,file_type=exe
391cfcd153881743556f76de7bbca5b19857f8b69a6f6f6dfde6fd9b06c17f5e,391cfcd153881743556f76de7bbca5b19857f8b69a6f6f6dfde6fd9b06c17f5e,Babuk,malwarebazaar,ransomware,2026-07-30 13:51:12 UTC,analyzed,912,TRUE_ENCRYPTION,file_type=exe
58ccba4fb2b3ed8b5f92adddd6ee331a6afdedfc755145e0432a7cb324c28053,serco.exe,Babuk,malwarebazaar,ransomware,2026-07-30 13:51:14 UTC,analyzed,913,TRUE_ENCRYPTION,file_type=exe
3dda3ee9164d6815a18a2c23651a53c35d52e3a5ad375001ec824cf532c202e6,babuk_v4.exe,Babuk,malwarebazaar,ransomware,2026-07-30 13:51:15 UTC,analyzed,915,TRUE_ENCRYPTION,file_type=exe
afcf265a1dcd9eab5aab270d48aa561e4ddeb71c05e32c857d3b809bb64c0430,BABUK.exe,Babuk,malwarebazaar,ransomware,2026-07-30 13:51:17 UTC,analyzed,918,TRUE_ENCRYPTION,file_type=exe
06d370217abec9468bc22c30ba3be72b8de1a7459f9e927656dcf2613a314bf6,06d370217abec9468bc22c30ba3be72b8de1a7459f9e927656dcf2613a314bf6.bin,Babuk,malwarebazaar,ransomware,2026-07-30 13:51:18 UTC,analyzed,920,TRUE_ENCRYPTION,file_type=exe
1b9412ca5e9deb29aeaa37be05ae8d0a8a636c12fdff8c17032aa017f6075c02,1b9412ca5e9deb29aeaa37be05ae8d0a8a636c12fdff8c17032aa017f6075c02.bin,Babuk,malwarebazaar,ransomware,2026-07-30 13:51:20 UTC,analyzed,923,TRUE_ENCRYPTION,file_type=exe
550771bbf8a3e5625d6ec76d70ed86f6e443f07ce80ff73e47f8249ddd72a8cf,550771bbf8a3e5625d6ec76d70ed86f6e443f07ce80ff73e47f8249ddd72a8cf.bin,Babuk,malwarebazaar,ransomware,2026-07-30 13:51:22 UTC,analyzed,925,TRUE_ENCRYPTION,file_type=exe
704a0fa7de19564bc743fb68aa0652e38bf86e8ab694bc079b15f945c85f4320,babuk_v3.exe,Babuk,malwarebazaar,ransomware,2026-07-30 13:51:23 UTC,analyzed,926,TRUE_ENCRYPTION,file_type=exe
30fcff7add11ea6685a233c8ce1fc30abe67044630524a6eb363573a4a9f88b8,30FCFF7ADD11EA6685A233C8CE1FC30ABE67044630524A6EB363573A4A9F88B8,Babuk,malwarebazaar,ransomware,2026-07-30 13:51:25 UTC,analyzed,930,FAILED,file_type=exe
8203c2f00ecd3ae960cb3247a7d7bfb35e55c38939607c85dbdb5c92f0495fa9,8203c2f00ecd3ae960cb3247a7d7bfb35e55c38939607c85dbdb5c92f0495fa9.bin,Babuk,malwarebazaar,ransomware,2026-07-30 13:51:26 UTC,analyzed,932,TRUE_ENCRYPTION,file_type=exe
df8d000833243acc0004595b3a8d4b66fcd7b76d8685d5c2ff61ee2a40a0e92c,sch1.exe,BlackCat,malwarebazaar,ransomware,2026-07-30 13:51:33 UTC,analyzed,494,FAILED,file_type=exe;retry_after_host_oom
bc8832f5a8911a1f6f979cbc37e33689f0066078d88bf5c14df534133175d75f,bc8832f5a8911a1f6f979cbc37e33689f0066078d88bf5c14df534133175d75f.bin,BlackCat,malwarebazaar,ransomware,2026-07-30 13:51:40 UTC,analyzed,510,NO_VICTIM_ACTIVITY,file_type=exe;retry_after_host_oom
46daafc57c385a2d0b5516c058ead1ee9a49c7e5c0d411f546fb31985a61fe38,46daafc57c385a2d0b5516c058ead1ee9a49c7e5c0d411f546fb31985a61fe38,BlackCat,malwarebazaar,ransomware,2026-07-30 13:51:48 UTC,analyzed,515,NO_VICTIM_ACTIVITY,file_type=exe;cape_machine_unavailable;retry_after_host_oom
62ae5ad22213d2adaf0e7cf1ce23ff47b996f60065244b63f361a22daed2bdda,62ae5ad22213d2adaf0e7cf1ce23ff47b996f60065244b63f361a22daed2bdda.bin,BlackCat,malwarebazaar,ransomware,2026-07-30 13:51:52 UTC,analyzed,525,FAILED,file_type=exe;cape_machine_unavailable;retry_after_host_oom
38d5f4f37686dab8b082b591224e272883644caab6a814e7751981da00523c51,38d5f4f37686dab8b082b591224e272883644caab6a814e7751981da00523c51.bin,BlackCat,malwarebazaar,ransomware,2026-07-30 13:51:56 UTC,analyzed,537,FAILED,file_type=exe;retry_after_host_oom
1d6d47bf20d21b860d232a358481c477c36491134ea976372c69a0483e05a556,1d6d47bf20d21b860d232a358481c477c36491134ea976372c69a0483e05a556.bin,BlackCat,malwarebazaar,ransomware,2026-07-30 13:52:01 UTC,analyzed,549,FAILED,file_type=exe;retry_after_host_oom
4729c95c7b1da0c7176d100bb5fccea3b1c467f295e37677fab3b50d41ff1ff0,logoff.exe,BlackCat,malwarebazaar,ransomware,2026-07-30 13:52:02 UTC,analyzed,562,NO_VICTIM_ACTIVITY,file_type=exe;cape_machine_unavailable;retry_after_host_oom
e9cef52bf082c87766bbac0b3324c3d76e66e9d5b943e751a04583dc041a0273,logoff.exe,BlackCat,malwarebazaar,ransomware,2026-07-30 13:52:04 UTC,analyzed,417,NO_VICTIM_ACTIVITY,file_type=exe;cape_machine_unavailable
e160b6348f6fbdc444125bb65dbd94606d99da48c8334c8e6b2ee4429f813293,encF.bin,BlackCat,malwarebazaar,ransomware,2026-07-30 13:52:07 UTC,analyzed,428,FAILED,file_type=exe
aba1639c22467782c13a6dbe25c7b79e75b40ab440b7b54454ae9bc54dd6ae51,zzz.exe,BlackCat,malwarebazaar,ransomware,2026-07-30 13:52:11 UTC,analyzed,437,FAILED,file_type=exe
6253659a160638bb4622dcf28a4f0e0474129794827de68bc276bc4b29e0addf,yyy.exe,BlackCat,malwarebazaar,ransomware,2026-07-30 13:52:14 UTC,analyzed,448,FAILED,file_type=exe
82c3e0dffa77510e2c6b53fefa34379912b986bf5666a34f018f77038cc5bea8,xxx.exe,BlackCat,malwarebazaar,ransomware,2026-07-30 13:52:17 UTC,analyzed,459,FAILED,file_type=exe
326993f7e516c7a9608bb8bdc9a7ae162ca485f70a97ede3fd9ba137878c66e5,b00b5eb046fe27f645b2a9b7aecc0205.exe,BlackCat,malwarebazaar,ransomware,2026-07-30 13:52:22 UTC,analyzed,470,FAILED,file_type=exe
e3ab77bd18631ec47eeaed44753cd9d55db0db7e5961f486f5963013656dc3df,0c4a0c871ebe8a24e8406f351606cd32.exe,BlackCat,malwarebazaar,ransomware,2026-07-30 13:52:27 UTC,analyzed,473,FAILED,file_type=exe
53570d6534ecb6c826a2ae043a6d9ae6c026bbb35a48d8bb750a6b6f03525a03,53570d6534ecb6c826a2ae043a6d9ae6c026bbb35a48d8bb750a6b6f03525a03,BlackCat,malwarebazaar,ransomware,2026-07-30 13:52:32 UTC,analyzed,475,FAILED,file_type=exe
e5627c7b3e95c75c95e4532b3204209ed8c6786a159804702e0a3d03cdce7bed,XXX_Alpha.exe,BlackCat,malwarebazaar,ransomware,2026-07-30 13:52:38 UTC,analyzed,477,FAILED,file_type=exe
c4c49d2da33892fc0fb8d961a5d504b9f458206e0366132c8a0d017d6e8767ff,c4c49d2da33892fc0fb8d961a5d504b9f458206e0366132c8a0d017d6e8767ff,BlackCat,malwarebazaar,ransomware,2026-07-30 13:52:40 UTC,analyzed,479,FAILED,file_type=exe
74abc075fc1d5c8985c952afc25a48ba874e76f96af4dc33414e84db9e10b9ee,74abc075fc1d5c8985c952afc25a48ba874e76f96af4dc33414e84db9e10b9ee,BlackCat,malwarebazaar,ransomware,2026-07-30 13:52:43 UTC,analyzed,481,FAILED,file_type=exe
72f0981f18b969db2781e874d249d8003c07f99786e217f84cf54a148de259cc,72f0981f18b969db2781e874d249d8003c07f99786e217f84cf54a148de259cc.bin,BlackCat,malwarebazaar,ransomware,2026-07-30 13:52:45 UTC,analyzed,483,FAILED,file_type=exe
3d457b11a195ea28d5ce30afa350c5e718302a310da4eb0746406dba270f55b3,3d457b11a195ea28d5ce30afa350c5e718302a310da4eb0746406dba270f55b3,BlackCat,malwarebazaar,ransomware,2026-07-30 13:52:48 UTC,analyzed,485,FAILED,file_type=exe
86ccc74375405ef5a86bb26071ec345d3d800438d1e0caa4a6d0cb43bd8562df,86ccc74375405ef5a86bb26071ec345d3d800438d1e0caa4a6d0cb43bd8562df,BlackCat,malwarebazaar,ransomware,2026-07-30 13:52:50 UTC,analyzed,487,FAILED,file_type=exe
5165cd61158a14ba2f90c275d29d8271b1f0c5669ebcdc620edd86ee90474dbc,5165cd61158a14ba2f90c275d29d8271b1f0c5669ebcdc620edd86ee90474dbc,BlackCat,malwarebazaar,ransomware,2026-07-30 13:52:52 UTC,analyzed,489,FAILED,file_type=exe
1b90e6f959db883fb4a036dac06242be724a7637708058e2c439e2250222d6d1,1b90e6f959db883fb4a036dac06242be724a7637708058e2c439e2250222d6d1,BlackCat,malwarebazaar,ransomware,2026-07-30 13:52:54 UTC,analyzed,491,FAILED,file_type=exe
e88795f5be1970400521e0041c4603c62ff681f24ac75f926d524d092eecb6ee,e88795f5be1970400521e0041c4603c62ff681f24ac75f926d524d092eecb6ee,BlackCat,malwarebazaar,ransomware,2026-07-30 13:52:56 UTC,analyzed,565,FAILED,file_type=exe
bd4e603e953d8c7803f3c7d72cd7197d996ab80ce80b9da96a4df7d10969bb55,bd4e603e953d8c7803f3c7d72cd7197d996ab80ce80b9da96a4df7d10969bb55,BlackCat,malwarebazaar,ransomware,2026-07-30 13:52:59 UTC,analyzed,567,FAILED,file_type=exe
e55cc3426298f9f848849304d10b9222925eb19caebaebaa44dfb85ad2346062,e55cc3426298f9f848849304d10b9222925eb19caebaebaa44dfb85ad2346062,BlackCat,malwarebazaar,ransomware,2026-07-30 13:53:01 UTC,analyzed,569,FAILED,file_type=exe
214ea9347df948e515af3f0ed446722e36f011e8cd34a221eb6e506269b955f3,214ea9347df948e515af3f0ed446722e36f011e8cd34a221eb6e506269b955f3,BlackCat,malwarebazaar,ransomware,2026-07-30 13:53:03 UTC,analyzed,571,FAILED,file_type=exe
c124dc2c4f82b3258f1538656de8cbd2c5133137cad2d6c7b874de8232763d95,c124dc2c4f82b3258f1538656de8cbd2c5133137cad2d6c7b874de8232763d95,BlackCat,malwarebazaar,ransomware,2026-07-30 13:53:05 UTC,analyzed,573,FAILED,file_type=exe
25364fb9f14a97437eb079e0778f724f3817faa7d23de316b2eca11bdae1e343,25364fb9f14a97437eb079e0778f724f3817faa7d23de316b2eca11bdae1e343,BlackCat,malwarebazaar,ransomware,2026-07-30 13:53:08 UTC,analyzed,579,FAILED,file_type=exe
1048a41107f4d9a68c1f5fc0b99ac75dc198047f18bb6e50f3d462f262b8f6cd,1048a41107f4d9a68c1f5fc0b99ac75dc198047f18bb6e50f3d462f262b8f6cd,BlackCat,malwarebazaar,ransomware,2026-07-30 13:53:10 UTC,analyzed,583,FAILED,file_type=exe
655abd0b5067ec53b25ea387c9aebe0fbafd5209e53bc7447c7d7425cb76b175,655abd0b5067ec53b25ea387c9aebe0fbafd5209e53bc7447c7d7425cb76b175,BlackCat,malwarebazaar,ransomware,2026-07-30 13:53:13 UTC,analyzed,585,FAILED,file_type=exe
f837f1cd60e9941aa60f7be50a8f2aaaac380f560db8ee001408f35c1b7a97cb,f837f1cd60e9941aa60f7be50a8f2aaaac380f560db8ee001408f35c1b7a97cb,BlackCat,malwarebazaar,ransomware,2026-07-30 13:53:15 UTC,analyzed,589,FAILED,file_type=exe
bb6b249336cd7001b1c55d3724b5e35a150e752ed795c36e0d5dcba00eedb62a,bb6b249336cd7001b1c55d3724b5e35a150e752ed795c36e0d5dcba00eedb62a,BlackCat,malwarebazaar,ransomware,2026-07-30 13:53:17 UTC,analyzed,594,FAILED,file_type=exe
acf8884a4bfb9ebfe99ed607c4f1cf625cd705ac4317c092ef6dcca3d47027aa,acf8884a4bfb9ebfe99ed607c4f1cf625cd705ac4317c092ef6dcca3d47027aa,BlackCat,malwarebazaar,ransomware,2026-07-30 13:53:20 UTC,analyzed,605,FAILED,file_type=exe
82479ba19531a5b3f108f21f939190de2073395a708bb4446d6acc398518b802,82479ba19531a5b3f108f21f939190de2073395a708bb4446d6acc398518b802,BlackCat,malwarebazaar,ransomware,2026-07-30 13:53:22 UTC,analyzed,616,FAILED,file_type=exe
32304c278117353bd112132323055e113b62182d1efcc83abec1e736cf8da9e1,32304c278117353bd112132323055e113b62182d1efcc83abec1e736cf8da9e1,BlackCat,malwarebazaar,ransomware,2026-07-30 13:53:24 UTC,analyzed,627,FAILED,file_type=exe
94e56379b7a31b01cf826076a74fc4ddb7f86f7991a6f58300f28712d484aa33,94e56379b7a31b01cf826076a74fc4ddb7f86f7991a6f58300f28712d484aa33,BlackCat,malwarebazaar,ransomware,2026-07-30 13:53:27 UTC,analyzed,638,FAILED,file_type=exe
87a14583b72250a660b74f1e475a268f95285820d72fbd5115f1b8c6ec787a9a,87a14583b72250a660b74f1e475a268f95285820d72fbd5115f1b8c6ec787a9a,BlackCat,malwarebazaar,ransomware,2026-07-30 13:53:29 UTC,analyzed,649,FAILED,file_type=exe
8a22a91c931ac80ca91cf91fef678c4bee00e3eb5ad24f209bc8595e012ba5b0,8a22a91c931ac80ca91cf91fef678c4bee00e3eb5ad24f209bc8595e012ba5b0,BlackCat,malwarebazaar,ransomware,2026-07-30 13:53:31 UTC,analyzed,659,FAILED,file_type=exe
1e8696116c400742d13d6dfcad676badee68eac4a42a0693556f5dcfa82d0a46,1e8696116c400742d13d6dfcad676badee68eac4a42a0693556f5dcfa82d0a46,BlackCat,malwarebazaar,ransomware,2026-07-30 13:53:34 UTC,analyzed,669,FAILED,file_type=exe
99d09068ac1b9d6db4f8bcff698ffff8e112a506c0f01afff460c5a3b1393ef8,99d09068ac1b9d6db4f8bcff698ffff8e112a506c0f01afff460c5a3b1393ef8,BlackCat,malwarebazaar,ransomware,2026-07-30 13:53:36 UTC,analyzed,679,FAILED,file_type=exe
3de2a56cc13e85bc214d583dbd101857a129b796dae0c499fb5045a1508231ef,3de2a56cc13e85bc214d583dbd101857a129b796dae0c499fb5045a1508231ef,BlackCat,malwarebazaar,ransomware,2026-07-30 13:53:38 UTC,analyzed,689,FAILED,file_type=exe
4fea41b61b2bd700fc6613c18c05aeb4df37bcbe777868081b0ed1076ee7aacb,4fea41b61b2bd700fc6613c18c05aeb4df37bcbe777868081b0ed1076ee7aacb,BlackCat,malwarebazaar,ransomware,2026-07-30 13:53:41 UTC,analyzed,699,FAILED,file_type=exe
99c71640bc985654db23b81ecb00e4d0cc160a25e1c58b6a90e379a559ea3440,99c71640bc985654db23b81ecb00e4d0cc160a25e1c58b6a90e379a559ea3440,BlackCat,malwarebazaar,ransomware,2026-07-30 13:53:43 UTC,analyzed,702,FAILED,file_type=exe
942946c6ae139b1f1efc91262f91034542eb75b80c3c66c10d69dda014d706d6,942946c6ae139b1f1efc91262f91034542eb75b80c3c66c10d69dda014d706d6,BlackCat,malwarebazaar,ransomware,2026-07-30 13:53:45 UTC,analyzed,712,FAILED,file_type=exe
3c300726a6cdd8a39230f0775ea726c2d42838ac7ff53bfdd7c58d28df4182d5,3c300726a6cdd8a39230f0775ea726c2d42838ac7ff53bfdd7c58d28df4182d5,BlackCat,malwarebazaar,ransomware,2026-07-30 13:53:48 UTC,analyzed,722,NO_VICTIM_ACTIVITY,file_type=exe
847fb7609f53ed334d5affbb07256c21cb5e6f68b1cc14004f5502d714d2a456,847fb7609f53ed334d5affbb07256c21cb5e6f68b1cc14004f5502d714d2a456.bin,BlackCat,malwarebazaar,ransomware,2026-07-30 13:53:53 UTC,analyzed,732,FAILED,file_type=exe
12138a12e35563461860d8c39d80e7cbf80aced9a3f197bf7e6a452a70e07048,12138a12e35563461860d8c39d80e7cbf80aced9a3f197bf7e6a452a70e07048,BlackCat,malwarebazaar,ransomware,2026-07-30 13:53:55 UTC,analyzed,742,FAILED,file_type=exe
3a96c3075b8494fe6a76c6325946ab3f200e75ce26ad886446ea1394b5ac6ba1,3a96c3075b8494fe6a76c6325946ab3f200e75ce26ad886446ea1394b5ac6ba1,BlackCat,malwarebazaar,ransomware,2026-07-30 13:53:58 UTC,analyzed,752,FAILED,file_type=exe
c50bca08a8e80850ec18d258ff937b7b72a500d9027c730c86b05aa73c938b5d,53489b26fcceff4ef3240b2efcbfb38a78d24c4d.rl,BlackCat,malwarebazaar,ransomware,2026-07-30 13:54:00 UTC,analyzed,762,FAILED,file_type=exe
6dd995d896a9a593b2c48d09da60bd83866d8577273f36d38788d83ad8173e68,6dd995d896a9a593b2c48d09da60bd83866d8577273f36d38788d83ad8173e68,BlackCat,malwarebazaar,ransomware,2026-07-30 13:54:02 UTC,analyzed,772,FAILED,file_type=exe
a15f278540238f0308608e76a76c01c60e04f5e5bbe9ffce5455f2e965574a12,240c020669a832ed2bf5b478eb54d156c9bd9c79,BlackCat,malwarebazaar,ransomware,2026-07-30 13:54:05 UTC,analyzed,782,FAILED,file_type=exe
d0e0923cf7f97c86b6cde608bc7a0332d03881e598de7b8e41c114d1576e4534,90cf5d1b039f3ab511359bbe4900a4a03cf76a3a,BlackCat,malwarebazaar,ransomware,2026-07-30 13:54:07 UTC,analyzed,792,FAILED,file_type=exe
3ed830b0803b63aca0a82661475c863801afd2e2b03c2675b05019d55f25a1f4,dd6cd5f36e4a694ff65b7e955301fd7c7e18be5e,BlackCat,malwarebazaar,ransomware,2026-07-30 13:54:09 UTC,analyzed,802,FAILED,file_type=exe
3850817e83a1cf4195920110bb2995a0386fdaeacbf81e13f52bdb3d124911f5,53d0e98ddf26af5b88c05618584213684d1bff44,BlackCat,malwarebazaar,ransomware,2026-07-30 13:54:12 UTC,analyzed,812,FAILED,file_type=exe
3b18241ac1018db1c2fb5c9e8306490bcafb373c852f1c5ebae65c672632a620,3b18241ac1018db1c2fb5c9e8306490bcafb373c852f1c5ebae65c672632a620,BlackCat,malwarebazaar,ransomware,2026-07-30 13:54:14 UTC,analyzed,822,FAILED,file_type=exe
9fb1067dd3edf3d517517e9c191f3f07067bf30aa034a36ebf6543d83cea5ec1,9fb1067dd3edf3d517517e9c191f3f07067bf30aa034a36ebf6543d83cea5ec1,BlackCat,malwarebazaar,ransomware,2026-07-30 13:54:16 UTC,analyzed,832,FAILED,file_type=exe
e69a13add1245bc1b7b6337e64eee9b53395b9574f2b85d32f891680c7165ff5,e69a13add1245bc1b7b6337e64eee9b53395b9574f2b85d32f891680c7165ff5,BlackCat,malwarebazaar,ransomware,2026-07-30 13:54:19 UTC,analyzed,842,FAILED,file_type=exe
d3fd49f8f42fa571209af568a65119433e114bb66da21eda12b96a16b5ebfe21,d3fd49f8f42fa571209af568a65119433e114bb66da21eda12b96a16b5ebfe21,BlackCat,malwarebazaar,ransomware,2026-07-30 13:54:21 UTC,analyzed,852,FAILED,file_type=exe
7bb383b31d1b415bc067e612203cc6bda53e914f7ca5291299e92f59d47cabf8,7bb383b31d1b415bc067e612203cc6bda53e914f7ca5291299e92f59d47cabf8,BlackCat,malwarebazaar,ransomware,2026-07-30 13:54:24 UTC,analyzed,861,FAILED,file_type=exe
f2b3f1ed693021b20f456a058b86b08abfc4876c7a3ae18aea6e95567fd55b2e,f2b3f1ed693021b20f456a058b86b08abfc4876c7a3ae18aea6e95567fd55b2e,BlackCat,malwarebazaar,ransomware,2026-07-30 13:54:26 UTC,analyzed,870,FAILED,file_type=exe
bacedbb23254934b736a9daf6de52620c9250a49686d519ceaf0a8d25da0a97f,bacedbb23254934b736a9daf6de52620c9250a49686d519ceaf0a8d25da0a97f,BlackCat,malwarebazaar,ransomware,2026-07-30 13:54:28 UTC,analyzed,879,FAILED,file_type=exe
6660d0e87a142ab1bde4521d9c6f5e148490b05a57c71122e28280b35452e896,6660d0e87a142ab1bde4521d9c6f5e148490b05a57c71122e28280b35452e896,BlackCat,malwarebazaar,ransomware,2026-07-30 13:54:31 UTC,analyzed,888,FAILED,file_type=exe
67d1f4077e929385cfd869bf279892bf10a2c8f0af4119e4bc15a2add9461fec,67d1f4077e929385cfd869bf279892bf10a2c8f0af4119e4bc15a2add9461fec,BlackCat,malwarebazaar,ransomware,2026-07-30 13:54:33 UTC,analyzed,896,FAILED,file_type=exe
5a604a8f0e72f3bf7901b7b67f881031a402ab8072269c00233a554df548f54d,5a604a8f0e72f3bf7901b7b67f881031a402ab8072269c00233a554df548f54d,BlackCat,malwarebazaar,ransomware,2026-07-30 13:54:35 UTC,analyzed,902,FAILED,file_type=exe
3c8ad2dae0b1bb536925b4e8d5a87e77c6134371eada2c7628358d6c6d3083dc,3c8ad2dae0b1bb536925b4e8d5a87e77c6134371eada2c7628358d6c6d3083dc,BlackCat,malwarebazaar,ransomware,2026-07-30 13:54:38 UTC,analyzed,905,FAILED,file_type=exe
8dc43793450f2c7f5953e0eb912356113346b6afd48f9400a26c35cdf0ffdd07,8dc43793450f2c7f5953e0eb912356113346b6afd48f9400a26c35cdf0ffdd07,BlackCat,malwarebazaar,ransomware,2026-07-30 13:54:40 UTC,analyzed,907,NO_VICTIM_ACTIVITY,file_type=exe
731adcf2d7fb61a8335e23dbee2436249e5d5753977ec465754c6b699e9bf161,veros5.exe,BlackCat,malwarebazaar,ransomware,2026-07-30 13:54:42 UTC,analyzed,910,FAILED,file_type=exe
59868f4b346bd401e067380cac69080709c86e06fae219bfb5bc17605a71ab3f,blackcat_redacted.exe,BlackCat,malwarebazaar,ransomware,2026-07-30 13:54:45 UTC,analyzed,914,FAILED,file_type=exe
f3f25af554bedfa4ee2824bb858280282bd87828d446048619dc49fe061741b4,f3f25af554bedfa4ee2824bb858280282bd87828d446048619dc49fe061741b4.exe,DarkSide,malwarebazaar,ransomware,2026-07-30 13:54:48 UTC,analyzed,323,NO_VICTIM_ACTIVITY,file_type=exe
2de09a815efcc64810046de69b8e0aa1c9e9beee77b66560a0b15d737485e3c5,9b5350dd_by_Libranalysis,DarkSide,malwarebazaar,ransomware,2026-07-30 13:54:49 UTC,analyzed,334,NO_VICTIM_ACTIVITY,file_type=exe
4098b54c9d27b00ce34d04ffac24213ed28993a2854827851b157d63407c2e4e,794c5aa1_by_Libranalysis,DarkSide,malwarebazaar,ransomware,2026-07-30 13:54:52 UTC,analyzed,353,NO_VICTIM_ACTIVITY,file_type=exe;cape_machine_unavailable
1d4c0b32aea68056755daf70689699200ffa09688495ccd65a0907cade18bd2a,c4da0137cbb99626fd44da707ae1bca8.exe,DarkSide,malwarebazaar,ransomware,2026-07-30 13:54:53 UTC,analyzed,496,NO_VICTIM_ACTIVITY,file_type=exe;cape_machine_unavailable;retry_after_host_oom
6931b124d38d52bd7cdef48121fda457d407b63b59bb4e6ead4ce548f4bbb971,3.exe,DarkSide,malwarebazaar,ransomware,2026-07-30 13:54:55 UTC,analyzed,375,NO_VICTIM_ACTIVITY,file_type=exe
973dfafc3051d8c2849f62c556ab8057da706f15d1ffd8871de894ae3a24d86b,2.exe,DarkSide,malwarebazaar,ransomware,2026-07-30 13:54:56 UTC,analyzed,512,TRUE_ENCRYPTION,file_type=exe;cape_machine_unavailable;retry_after_host_oom
bc32a2ccf158ebe2b76646be865a4c6dd91da6b8e5bb0dd9520102a9bfea5439,1.exe,DarkSide,malwarebazaar,ransomware,2026-07-30 13:54:58 UTC,analyzed,419,TRUE_ENCRYPTION,file_type=exe;cape_machine_unavailable
4d9432e8a0ceb64c34b13d550251b8d9478ca784e50105dc0d729490fb861d1a,4d9432e8a0ceb64c34b13d550251b8d9478ca784e50105dc0d729490fb861d1a,DarkSide,malwarebazaar,ransomware,2026-07-30 13:54:59 UTC,analyzed,430,TRUE_ENCRYPTION,file_type=exe;cape_machine_unavailable
61ca175c2f04cb5279f8507e69385577cf04e4e896a01d0b5357746a241c7846,61ca175c2f04cb5279f8507e69385577cf04e4e896a01d0b5357746a241c7846,DarkSide,malwarebazaar,ransomware,2026-07-30 13:55:01 UTC,analyzed,439,FAILED,file_type=exe
bfb31c96f9e6285f5bb60433f2e45898b8a7183a2591157dc1d766be16c29893,bfb31c96f9e6285f5bb60433f2e45898b8a7183a2591157dc1d766be16c29893,DarkSide,malwarebazaar,ransomware,2026-07-30 13:55:02 UTC,analyzed,450,NO_VICTIM_ACTIVITY,file_type=exe
a11cc5051e3a88428db495f6d8e4b6381a1cb3fa5946a525ef5c00bfcb44e210,a11cc5051e3a88428db495f6d8e4b6381a1cb3fa5946a525ef5c00bfcb44e210,DarkSide,malwarebazaar,ransomware,2026-07-30 13:55:04 UTC,analyzed,461,NO_VICTIM_ACTIVITY,file_type=exe
029c5d48e425206e2ae84a63d62bdbc80362702913b38618a423c541c8a0ed40,029c5d48e425206e2ae84a63d62bdbc80362702913b38618a423c541c8a0ed40,DarkSide,malwarebazaar,ransomware,2026-07-30 13:55:05 UTC,analyzed,517,NO_VICTIM_ACTIVITY,file_type=exe
2d82be244e23001148ed5a6d83856b6f7cd20c3f7786481303d5d584c51ff5f0,2d82be244e23001148ed5a6d83856b6f7cd20c3f7786481303d5d584c51ff5f0,DarkSide,malwarebazaar,ransomware,2026-07-30 13:55:07 UTC,analyzed,527,NO_VICTIM_ACTIVITY,file_type=exe
516664139b0ddd044397a56482d7308d87c213c320a3151ccb9738e8f932654b,516664139b0ddd044397a56482d7308d87c213c320a3151ccb9738e8f932654b,DarkSide,malwarebazaar,ransomware,2026-07-30 13:55:08 UTC,analyzed,539,NO_VICTIM_ACTIVITY,file_type=exe
56e7b9c4b8962b6ff0d1e0162ca8515a07b576cd47ba90221354838733f8689a,56e7b9c4b8962b6ff0d1e0162ca8515a07b576cd47ba90221354838733f8689a,DarkSide,malwarebazaar,ransomware,2026-07-30 13:55:10 UTC,analyzed,551,NO_VICTIM_ACTIVITY,file_type=exe
e0493b082077648eb33ca1294f2b26bc4c96d3820913c46330923e8bb3d73230,e0493b082077648eb33ca1294f2b26bc4c96d3820913c46330923e8bb3d73230,DarkSide,malwarebazaar,ransomware,2026-07-30 13:55:11 UTC,analyzed,575,NO_VICTIM_ACTIVITY,file_type=exe
cc54647e8c3fe7b701d78a6fa072c52641ac11d395a6d2ffaf05f38f53112556,cc54647e8c3fe7b701d78a6fa072c52641ac11d395a6d2ffaf05f38f53112556,DarkSide,malwarebazaar,ransomware,2026-07-30 13:55:13 UTC,analyzed,581,TRUE_ENCRYPTION,file_type=exe
ac092962654b46a670b030026d07f5b8161cecd2abd6eece52b7892965aa521b,ac092962654b46a670b030026d07f5b8161cecd2abd6eece52b7892965aa521b,DarkSide,malwarebazaar,ransomware,2026-07-30 13:55:14 UTC,analyzed,587,TRUE_ENCRYPTION,file_type=exe
533672da9d276012ebab3ce9f4cd09a7f537f65c6e4b63d43f0c1697e2f5e48d,533672da9d276012ebab3ce9f4cd09a7f537f65c6e4b63d43f0c1697e2f5e48d,DarkSide,malwarebazaar,ransomware,2026-07-30 13:55:16 UTC,analyzed,591,TRUE_ENCRYPTION,file_type=exe
78782fd324bc98a57274bd3fff8f756217c011484ebf6b614060115a699ee134,78782fd324bc98a57274bd3fff8f756217c011484ebf6b614060115a699ee134,DarkSide,malwarebazaar,ransomware,2026-07-30 13:55:18 UTC,analyzed,596,TRUE_ENCRYPTION,file_type=exe
68872cc22fbdf0c2f69c32ac878ba9a7b7cf61fe5dd0e3da200131b8b23438e7,68872cc22fbdf0c2f69c32ac878ba9a7b7cf61fe5dd0e3da200131b8b23438e7,DarkSide,malwarebazaar,ransomware,2026-07-30 13:55:19 UTC,analyzed,607,TRUE_ENCRYPTION,file_type=exe
151fbd6c299e734f7853497bd083abfa29f8c186a9db31dbe330ace2d35660d5,151fbd6c299e734f7853497bd083abfa29f8c186a9db31dbe330ace2d35660d5,DarkSide,malwarebazaar,ransomware,2026-07-30 13:55:20 UTC,analyzed,618,TRUE_ENCRYPTION,file_type=exe
43e61519be440115eeaa3738a0e4aa4bb3c8ac5f9bdfce1a896db17a374eb8aa,43e61519be440115eeaa3738a0e4aa4bb3c8ac5f9bdfce1a896db17a374eb8aa,DarkSide,malwarebazaar,ransomware,2026-07-30 13:55:22 UTC,analyzed,629,TRUE_ENCRYPTION,file_type=exe
1ef8db7e8bd3aaba8b1cef96cd52fde587871571b1719c5d40f9a9c98dd26f84,1ef8db7e8bd3aaba8b1cef96cd52fde587871571b1719c5d40f9a9c98dd26f84,DarkSide,malwarebazaar,ransomware,2026-07-30 13:55:23 UTC,analyzed,640,TRUE_ENCRYPTION,file_type=exe
1cc7c198a8a2c935fd6f07970479e544f5b35a8eb3173de0305ebdf76a0988cb,1cc7c198a8a2c935fd6f07970479e544f5b35a8eb3173de0305ebdf76a0988cb,DarkSide,malwarebazaar,ransomware,2026-07-30 13:55:25 UTC,analyzed,651,TRUE_ENCRYPTION,file_type=exe
ec368752c2cf3b23efbfa5705f9e582fc9d6766435a7b8eea8ef045082c6fbce,ec368752c2cf3b23efbfa5705f9e582fc9d6766435a7b8eea8ef045082c6fbce,DarkSide,malwarebazaar,ransomware,2026-07-30 13:55:26 UTC,analyzed,661,FAILED,file_type=exe
508dd6f7ed6c143cf5e1ed6a4051dd8ee7b5bf4b7f55e0704d21ba785f2d5add,508dd6f7ed6c143cf5e1ed6a4051dd8ee7b5bf4b7f55e0704d21ba785f2d5add,DarkSide,malwarebazaar,ransomware,2026-07-30 13:55:28 UTC,analyzed,671,TRUE_ENCRYPTION,file_type=exe
12ee27f56ec8a2a3eb2fe69179be3f7a7193ce2b92963ad33356ed299f7ed975,12ee27f56ec8a2a3eb2fe69179be3f7a7193ce2b92963ad33356ed299f7ed975,DarkSide,malwarebazaar,ransomware,2026-07-30 13:55:29 UTC,analyzed,681,TRUE_ENCRYPTION,file_type=exe
8cfd28911878af048fb96b6cc0b9da770542576d5c2b20b193c3cfc4bde4d3bc,8cfd28911878af048fb96b6cc0b9da770542576d5c2b20b193c3cfc4bde4d3bc,DarkSide,malwarebazaar,ransomware,2026-07-30 13:55:31 UTC,analyzed,691,TRUE_ENCRYPTION,file_type=exe
fb76b4a667c6d790c39fcc93a3aac8cd2a224f0eb9ece4ecfd7825f606c2a8b6,fb76b4a667c6d790c39fcc93a3aac8cd2a224f0eb9ece4ecfd7825f606c2a8b6,DarkSide,malwarebazaar,ransomware,2026-07-30 13:55:33 UTC,analyzed,704,TRUE_ENCRYPTION,file_type=exe
d43b271fb4931263f8fa54b297e3cf60762a0fe5c50ed76999f276dcc3c283be,d43b271fb4931263f8fa54b297e3cf60762a0fe5c50ed76999f276dcc3c283be,DarkSide,malwarebazaar,ransomware,2026-07-30 13:55:34 UTC,analyzed,714,TRUE_ENCRYPTION,file_type=exe
bafa2efff234303166d663f967037dae43701e7d63d914efc8c894b3e5be9408,signed  RHM Ltd,DarkSide,malwarebazaar,ransomware,2026-07-30 13:55:36 UTC,analyzed,724,NO_VICTIM_ACTIVITY,file_type=exe
521c503bc3f5d8b2aa8819e8e30e2019e74ea9649a57529fb32c3dfc66a1e7ef,b189fad9_by_Libranalysis,DarkSide,malwarebazaar,ransomware,2026-07-30 13:55:37 UTC,analyzed,734,NO_VICTIM_ACTIVITY,file_type=exe
0a0c225f0e5ee941a79f2b7701f1285e4975a2859eb4d025d96d9e366e81abb9,979692cd_by_Libranalysis,DarkSide,malwarebazaar,ransomware,2026-07-30 13:55:39 UTC,analyzed,744,NO_VICTIM_ACTIVITY,file_type=exe
cbbc7052fed8d0002d07736a68219f01a5a4e1c19ee50310e2381e96fa8836ed,dec3eb5c_by_Libranalysis,DarkSide,malwarebazaar,ransomware,2026-07-30 13:55:40 UTC,analyzed,754,NO_VICTIM_ACTIVITY,file_type=exe
e51e4c372edf2bbe476a4b7630225c1875c5ccea2ed55b418bd793c54ce9a84d,a7cefa7c_by_Libranalysis,DarkSide,malwarebazaar,ransomware,2026-07-30 13:55:42 UTC,analyzed,764,NO_VICTIM_ACTIVITY,file_type=exe
bac7f1cb70a0fe909590f7b270248705d216b4abaf4e5dd4969fa4f1949badec,b68be0da_by_Libranalysis,DarkSide,malwarebazaar,ransomware,2026-07-30 13:55:44 UTC,analyzed,774,NO_VICTIM_ACTIVITY,file_type=exe
b6855793aebdd821a7f368585335cb132a043d30cb1f8dccceb5d2127ed4b9a4,f913d43b_by_Libranalysis,DarkSide,malwarebazaar,ransomware,2026-07-30 13:55:45 UTC,analyzed,784,NO_VICTIM_ACTIVITY,file_type=exe
665afa26d6110bb35ec8a60878068a0e69e1c805d9073bef71a48a3404c164e9,665afa26d6110bb35ec8a60878068a0e69e1c805d9073bef71a48a3404c164e9,DarkSide,malwarebazaar,ransomware,2026-07-30 13:55:47 UTC,analyzed,794,NO_VICTIM_ACTIVITY,file_type=exe
243dff06fc80a049f4fb37292f8b8def0fce29768f345c88ee10699e22b0ae60,243dff06fc80a049f4fb37292f8b8def0fce29768f345c88ee10699e22b0ae60.bin,DarkSide,malwarebazaar,ransomware,2026-07-30 13:55:48 UTC,analyzed,804,TRUE_ENCRYPTION,file_type=exe
17139a10fd226d01738fe9323918614aa913b2a50e1a516e95cced93fa151c61,17139a10fd226d01738fe9323918614aa913b2a50e1a516e95cced93fa151c61.bin,DarkSide,malwarebazaar,ransomware,2026-07-30 13:55:50 UTC,analyzed,814,TRUE_ENCRYPTION,file_type=exe
1667e1635736f2b2ba9727457f995a67201ddcd818496c9296713ffa18e17a43,1667e1635736f2b2ba9727457f995a67201ddcd818496c9296713ffa18e17a43.bin,DarkSide,malwarebazaar,ransomware,2026-07-30 13:55:51 UTC,analyzed,824,FAILED,file_type=exe
47eccaaa672667a9cea23e24fd702f7b3a45cbf8585403586be474585fd80243,win_decryptor.exe,DarkSide,malwarebazaar,ransomware,2026-07-30 13:55:53 UTC,analyzed,834,NO_VICTIM_ACTIVITY,file_type=exe
533d26fdacdcaf1b908458c39bb503e5aa94025811c6b6d1f3c8a9142ade8404,533d26fdacdcaf1b908458c39bb503e5aa94025811c6b6d1f3c8a9142ade8404,DarkSide,malwarebazaar,ransomware,2026-07-30 13:55:54 UTC,analyzed,844,FAILED,file_type=exe
f42bcc81c05e8944649958f8b9296c5523d1eb8ab00842d66530702e476561ef,f42bcc81c05e8944649958f8b9296c5523d1eb8ab00842d66530702e476561ef,DarkSide,malwarebazaar,ransomware,2026-07-30 13:55:56 UTC,analyzed,854,TRUE_ENCRYPTION,file_type=exe
e0c0cbc50a9ed4d01a176497c8dba913cbbba515ea701a67ef00dcb7c8a84368,e0c0cbc50a9ed4d01a176497c8dba913cbbba515ea701a67ef00dcb7c8a84368,DarkSide,malwarebazaar,ransomware,2026-07-30 13:55:57 UTC,analyzed,863,TRUE_ENCRYPTION,file_type=exe
6d656f110246990d10fe0b0132704b1323859d4003f2b1d5d03f665c710b8fd3,6d656f110246990d10fe0b0132704b1323859d4003f2b1d5d03f665c710b8fd3,DarkSide,malwarebazaar,ransomware,2026-07-30 13:55:59 UTC,analyzed,872,FAILED,file_type=exe
9cee5522a7ca2bfca7cd3d9daba23e9a30deb6205f56c12045839075f7627297,9cee5522a7ca2bfca7cd3d9daba23e9a30deb6205f56c12045839075f7627297,DarkSide,malwarebazaar,ransomware,2026-07-30 13:56:00 UTC,analyzed,881,TRUE_ENCRYPTION,file_type=exe
afb22b1ff281c085b60052831ead0a0ed300fac0160f87851dacc67d4e158178,afb22b1ff281c085b60052831ead0a0ed300fac0160f87851dacc67d4e158178,DarkSide,malwarebazaar,ransomware,2026-07-30 13:56:02 UTC,analyzed,890,TRUE_ENCRYPTION,file_type=exe
af179b093adef005f85ed0c5e9a920381bf0993bd5fd2af393fe6551e3b934b4,af179b093adef005f85ed0c5e9a920381bf0993bd5fd2af393fe6551e3b934b4,HelloKitty,malwarebazaar,ransomware,2026-07-30 13:56:05 UTC,analyzed,324,TRUE_ENCRYPTION,file_type=exe
4b082cfa36133e66c3ed8918ed775bd656890c3c7373606d67e0ee9edd6aa3b4,4b082cfa36133e66c3ed8918ed775bd656890c3c7373606d67e0ee9edd6aa3b4,HelloKitty,malwarebazaar,ransomware,2026-07-30 13:56:06 UTC,analyzed,497,TRUE_ENCRYPTION,file_type=exe;retry_after_host_oom
8fb025d59e501a545cae40ef222ca22b5722fdd487cdefb3f2e4b0a8635f9bc2,8fb025d59e501a545cae40ef222ca22b5722fdd487cdefb3f2e4b0a8635f9bc2,HelloKitty,malwarebazaar,ransomware,2026-07-30 13:56:08 UTC,analyzed,354,NO_VICTIM_ACTIVITY,file_type=exe;cape_machine_unavailable
e22137c5b034e0bf022ee389b607d3e0cffdbb25355918135f1536a7e510442b,e22137c5b034e0bf022ee389b607d3e0cffdbb25355918135f1536a7e510442b,HelloKitty,malwarebazaar,ransomware,2026-07-30 13:56:09 UTC,analyzed,365,NO_VICTIM_ACTIVITY,file_type=exe;cape_machine_unavailable
192acfe0d55eef4c49cb7c803e7130d2f5ecd6bdee446f1c065ea6dee489ea6c,192acfe0d55eef4c49cb7c803e7130d2f5ecd6bdee446f1c065ea6dee489ea6c,HelloKitty,malwarebazaar,ransomware,2026-07-30 13:56:11 UTC,analyzed,376,NO_VICTIM_ACTIVITY,file_type=exe
a022e86b2bb3ed6b4a8676be8b1688397b6e15c693e69c5093d8eb04396d2905,a022e86b2bb3ed6b4a8676be8b1688397b6e15c693e69c5093d8eb04396d2905,HelloKitty,malwarebazaar,ransomware,2026-07-30 13:56:12 UTC,analyzed,513,TRUE_ENCRYPTION,file_type=exe;cape_machine_unavailable;retry_after_host_oom
513266fb23782f2bff65b6e8f059c4f4bb99562610c44110c4a463338f91d425,513266fb23782f2bff65b6e8f059c4f4bb99562610c44110c4a463338f91d425,HelloKitty,malwarebazaar,ransomware,2026-07-30 13:56:14 UTC,analyzed,420,NO_VICTIM_ACTIVITY,file_type=exe;cape_machine_unavailable
7bdb0be5e4c376bbb3533b8872f3ba72b7876ef261b94f6799010f55160d8adb,7bdb0be5e4c376bbb3533b8872f3ba72b7876ef261b94f6799010f55160d8adb,HelloKitty,malwarebazaar,ransomware,2026-07-30 13:56:16 UTC,analyzed,431,TRUE_ENCRYPTION,file_type=exe;cape_machine_unavailable
3b64b861af1779df860a1e8d480bbe5b775acee19ca8c3b64c9005d8c64eb327,3b64b861af1779df860a1e8d480bbe5b775acee19ca8c3b64c9005d8c64eb327,HelloKitty,malwarebazaar,ransomware,2026-07-30 13:56:17 UTC,analyzed,440,FAILED,file_type=exe
ef614b456ca4eaa8156a895f450577600ad41bd553b4512ae6abf3fb8b5eb04e,ef614b456ca4eaa8156a895f450577600ad41bd553b4512ae6abf3fb8b5eb04e,HelloKitty,malwarebazaar,ransomware,2026-07-30 13:56:19 UTC,analyzed,451,FAILED,file_type=exe
52dace403e8f9b4f7ea20c0c3565fa11b6953b404a7d49d63af237a57b36fd2a,52dace403e8f9b4f7ea20c0c3565fa11b6953b404a7d49d63af237a57b36fd2a,HelloKitty,malwarebazaar,ransomware,2026-07-30 13:56:21 UTC,analyzed,462,FAILED,file_type=exe
a147945635d5bd0fa832c9b55bc3ebcea7a7787e8f89b98a44279f8eddda2a77,a147945635d5bd0fa832c9b55bc3ebcea7a7787e8f89b98a44279f8eddda2a77,HelloKitty,malwarebazaar,ransomware,2026-07-30 13:56:22 UTC,analyzed,518,FAILED,file_type=exe
0e5f7737704c8f25b2b8157561be54a463057cd4d79c7e016c30a1cf6590a85c,0e5f7737704c8f25b2b8157561be54a463057cd4d79c7e016c30a1cf6590a85c,HelloKitty,malwarebazaar,ransomware,2026-07-30 13:56:24 UTC,analyzed,528,FAILED,file_type=exe
7be901c5f7ffeb8f99e4f5813c259d0227335680380ed06df03fb836a041cb06,7be901c5f7ffeb8f99e4f5813c259d0227335680380ed06df03fb836a041cb06,HelloKitty,malwarebazaar,ransomware,2026-07-30 13:56:25 UTC,analyzed,540,FAILED,file_type=exe
501487b025f25ddf1ca32deb57a2b4db43ccf6635c1edc74b9cff54ce0e5bcfe,501487b025f25ddf1ca32deb57a2b4db43ccf6635c1edc74b9cff54ce0e5bcfe,HelloKitty,malwarebazaar,ransomware,2026-07-30 13:56:27 UTC,analyzed,552,NO_VICTIM_ACTIVITY,file_type=exe
3ae7bedf236d4e53a33f3a3e1e80eae2d93e91b1988da2f7fcb8fde5dcc3a0e9,3ae7bedf236d4e53a33f3a3e1e80eae2d93e91b1988da2f7fcb8fde5dcc3a0e9,HelloKitty,malwarebazaar,ransomware,2026-07-30 13:56:28 UTC,analyzed,576,NO_VICTIM_ACTIVITY,file_type=exe
10887d13dba1f83ef34e047455a04416d25a83079a7f3798ce3483e0526e3768,10887d13dba1f83ef34e047455a04416d25a83079a7f3798ce3483e0526e3768,HelloKitty,malwarebazaar,ransomware,2026-07-30 13:56:30 UTC,analyzed,597,NO_VICTIM_ACTIVITY,file_type=exe
e94064401b54c399d3f844fdf08f880cb8c5d74c34de9dc28733dd22dabba678,e94064401b54c399d3f844fdf08f880cb8c5d74c34de9dc28733dd22dabba678,HelloKitty,malwarebazaar,ransomware,2026-07-30 13:56:32 UTC,analyzed,608,FAILED,file_type=exe
01bfeed1000907ad1063e513454ee73eecf2d613386e38473640fc5b88ac1090,01bfeed1000907ad1063e513454ee73eecf2d613386e38473640fc5b88ac1090,HelloKitty,malwarebazaar,ransomware,2026-07-30 13:56:33 UTC,analyzed,619,FAILED,file_type=exe
184dcab660427b846432e9e20b7d9caa98c0b91d00814f4258f73269d184f907,184dcab660427b846432e9e20b7d9caa98c0b91d00814f4258f73269d184f907,HelloKitty,malwarebazaar,ransomware,2026-07-30 13:56:35 UTC,analyzed,630,NO_VICTIM_ACTIVITY,file_type=exe
8251fc8739e539c1d7c0ffc93d993a86fc95ffb836422b432c78e6ce107c168a,8251fc8739e539c1d7c0ffc93d993a86fc95ffb836422b432c78e6ce107c168a,HelloKitty,malwarebazaar,ransomware,2026-07-30 13:56:36 UTC,analyzed,641,TRUE_ENCRYPTION,file_type=exe
ac23f1970395ff1429dd6738261eb25ad8f695b46a4816056924c8fc97dcec03,ac23f1970395ff1429dd6738261eb25ad8f695b46a4816056924c8fc97dcec03,HelloKitty,malwarebazaar,ransomware,2026-07-30 13:56:38 UTC,analyzed,652,TRUE_ENCRYPTION,file_type=exe
bf417334cd777c5073e2a3f30497aa8fcb16feabdc391d77a59ce23fb4a07d7d,bf417334cd777c5073e2a3f30497aa8fcb16feabdc391d77a59ce23fb4a07d7d,HelloKitty,malwarebazaar,ransomware,2026-07-30 13:56:40 UTC,analyzed,662,FAILED,file_type=exe
efb40400f8e52cc29b9c6758e6d66406d9a8aabc199d5a403ed74b9a71ebca60,efb40400f8e52cc29b9c6758e6d66406d9a8aabc199d5a403ed74b9a71ebca60,HelloKitty,malwarebazaar,ransomware,2026-07-30 13:56:41 UTC,analyzed,672,TRUE_ENCRYPTION,file_type=exe
c7275b4ed6a04bec1e7e1ed3f241dd4b6ce11d230ae06b00d9fb3bbfcd88f752,c7275b4ed6a04bec1e7e1ed3f241dd4b6ce11d230ae06b00d9fb3bbfcd88f752,HelloKitty,malwarebazaar,ransomware,2026-07-30 13:56:43 UTC,analyzed,682,TRUE_ENCRYPTION,file_type=exe
00e6db8d116020d7dda556e0cdf9e0d4c9e57bb8d566c0e702a23ec679a46b51,00e6db8d116020d7dda556e0cdf9e0d4c9e57bb8d566c0e702a23ec679a46b51,HelloKitty,malwarebazaar,ransomware,2026-07-30 13:56:44 UTC,analyzed,692,FAILED,file_type=exe
03712d5e96fdb8f0e110ffb1f5448e8e963d008de31ed69b77a5f78a5ac25533,03712d5e96fdb8f0e110ffb1f5448e8e963d008de31ed69b77a5f78a5ac25533,HelloKitty,malwarebazaar,ransomware,2026-07-30 13:56:46 UTC,analyzed,705,FAILED,file_type=exe
1144d0448fefe26f5b9db7e7a7522c9a46eded3a603daa903052373cecc92b27,1144d0448fefe26f5b9db7e7a7522c9a46eded3a603daa903052373cecc92b27,HelloKitty,malwarebazaar,ransomware,2026-07-30 13:56:47 UTC,analyzed,715,TRUE_ENCRYPTION,file_type=exe
170ddf08d3c54ba8eb1d28c24b3ac61cb22f4552c1805546796937bd43267f41,170ddf08d3c54ba8eb1d28c24b3ac61cb22f4552c1805546796937bd43267f41,HelloKitty,malwarebazaar,ransomware,2026-07-30 13:56:49 UTC,analyzed,725,FAILED,file_type=exe
17dc9bb50f33427f62ccf8e9c844c47300eec8be13e2342b119b1c88a2b46bef,17dc9bb50f33427f62ccf8e9c844c47300eec8be13e2342b119b1c88a2b46bef,HelloKitty,malwarebazaar,ransomware,2026-07-30 13:56:51 UTC,analyzed,735,NO_VICTIM_ACTIVITY,file_type=exe
75d8f3368cde3f851b043bcedfb948e603da880d4b2d1a94bddfebbdefb56aa3,75d8f3368cde3f851b043bcedfb948e603da880d4b2d1a94bddfebbdefb56aa3,HelloKitty,malwarebazaar,ransomware,2026-07-30 13:56:52 UTC,analyzed,745,FAILED,file_type=exe
7cef8665e7f5032d331e0ba5f0766aefaa537dce41343fa67434d0a98ecfdacd,7cef8665e7f5032d331e0ba5f0766aefaa537dce41343fa67434d0a98ecfdacd,HelloKitty,malwarebazaar,ransomware,2026-07-30 13:56:54 UTC,analyzed,755,FAILED,file_type=exe
9de32eb152480c5acd6683b4471ebb10fd5b10af638ef571eb3813330fb25cf0,9de32eb152480c5acd6683b4471ebb10fd5b10af638ef571eb3813330fb25cf0,HelloKitty,malwarebazaar,ransomware,2026-07-30 13:56:56 UTC,analyzed,765,FAILED,file_type=exe
b2f56cdb87e9417cd59250408e056f39a3df9e832df9afb8b7f95e3e46421312,b2f56cdb87e9417cd59250408e056f39a3df9e832df9afb8b7f95e3e46421312,HelloKitty,malwarebazaar,ransomware,2026-07-30 13:56:57 UTC,analyzed,775,FAILED,file_type=exe
bc10f7d483b8fac6652edb4cee39e2dfb0163822957e02191ebf70e2b968ed26,bc10f7d483b8fac6652edb4cee39e2dfb0163822957e02191ebf70e2b968ed26,HelloKitty,malwarebazaar,ransomware,2026-07-30 13:56:59 UTC,analyzed,785,FAILED,file_type=exe
bfeec85c8f9a6dabae685713b57d9ffbbe3dc185955ba653e2f684321682758c,bfeec85c8f9a6dabae685713b57d9ffbbe3dc185955ba653e2f684321682758c,HelloKitty,malwarebazaar,ransomware,2026-07-30 13:57:00 UTC,analyzed,795,FAILED,file_type=exe
faf379bd44211154301a1a370970a74978e718b80cc117ea5c9d79610b29ba0d,faf379bd44211154301a1a370970a74978e718b80cc117ea5c9d79610b29ba0d,HelloKitty,malwarebazaar,ransomware,2026-07-30 13:57:02 UTC,analyzed,805,FAILED,file_type=exe
bdb19d9eb19343708fbcc36acfaa91699e89d68643c75bf90c6d1e57adaf0d3d,bdb19d9eb19343708fbcc36acfaa91699e89d68643c75bf90c6d1e57adaf0d3d,HelloKitty,malwarebazaar,ransomware,2026-07-30 13:57:03 UTC,analyzed,815,TRUE_ENCRYPTION,file_type=exe
02a08b994265901a649f1bcf6772bc06df2eb51eb09906af9fd0f4a8103e9851,02a08b994265901a649f1bcf6772bc06df2eb51eb09906af9fd0f4a8103e9851,HelloKitty,malwarebazaar,ransomware,2026-07-30 13:57:05 UTC,analyzed,825,TRUE_ENCRYPTION,file_type=exe
dc007e71085297883ca68a919e37687427b7e6db0c24ca014c148f226d8dd98f,dc007e71085297883ca68a919e37687427b7e6db0c24ca014c148f226d8dd98f,HelloKitty,malwarebazaar,ransomware,2026-07-30 13:57:07 UTC,analyzed,835,FAILED,file_type=exe
02c6a36c893f52fd57de1b0b53a2fcd0569d4a64a96578382efa6c6f9dd28513,02c6a36c893f52fd57de1b0b53a2fcd0569d4a64a96578382efa6c6f9dd28513.bin,HelloKitty,malwarebazaar,ransomware,2026-07-30 13:57:09 UTC,analyzed,845,FAILED,file_type=exe
947e357bfdfe411be6c97af6559fd1cdc5c9d6f5cea122bf174d124ee03d2de8,947e357bfdfe411be6c97af6559fd1cdc5c9d6f5cea122bf174d124ee03d2de8.bin,HelloKitty,malwarebazaar,ransomware,2026-07-30 13:57:11 UTC,analyzed,855,FAILED,file_type=exe
f1b331ce095f866190320d808a3be8176209ad0f8a9422d6d711431b3a87aacc,f1b331ce095f866190320d808a3be8176209ad0f8a9422d6d711431b3a87aacc.bin,HelloKitty,malwarebazaar,ransomware,2026-07-30 13:57:13 UTC,analyzed,864,FAILED,file_type=exe
c2498845ed4b287fd0f95528926c8ee620ef0cbb5b27865b2007d6379ffe4323,f568229e_by_Libranalysis,HelloKitty,malwarebazaar,ransomware,2026-07-30 13:57:14 UTC,analyzed,873,TRUE_ENCRYPTION,file_type=exe
78afe88dbfa9f7794037432db3975fa057eae3e4dc0f39bf19f2f04fa6e5c07c,78afe88dbfa9f7794037432db3975fa057eae3e4dc0f39bf19f2f04fa6e5c07c.bin,HelloKitty,malwarebazaar,ransomware,2026-07-30 13:57:16 UTC,analyzed,882,TRUE_ENCRYPTION,file_type=exe
fa722d0667418d68c4935e1461010a8f730f02fa1f595ee68bd0768fd5d1f8bb,fa722d0667418d68c4935e1461010a8f730f02fa1f595ee68bd0768fd5d1f8bb,HelloKitty,malwarebazaar,ransomware,2026-07-30 13:57:17 UTC,analyzed,891,NO_VICTIM_ACTIVITY,file_type=exe
c7d6719bbfb5baaadda498bf5ef49a3ada1d795b9ae4709074b0e3976968741e,c7d6719bbfb5baaadda498bf5ef49a3ada1d795b9ae4709074b0e3976968741e,HelloKitty,malwarebazaar,ransomware,2026-07-30 13:57:19 UTC,analyzed,898,TRUE_ENCRYPTION,file_type=exe
9a7daafc56300bd94ceef23eac56a0735b63ec6b9a7a409fb5a9b63efe1aa0b0,9a7daafc56300bd94ceef23eac56a0735b63ec6b9a7a409fb5a9b63efe1aa0b0.bin,HelloKitty,malwarebazaar,ransomware,2026-07-30 13:57:20 UTC,analyzed,917,TRUE_ENCRYPTION,file_type=exe
ee35526d4b26d6cccbdc1fc8e6c94cf02e5f9be32b6b43390167804a0ce6c50f,SecuriteInfo.com.Win32.MalwareX-gen.12333.31872,Ryuk,malwarebazaar,ransomware,2026-07-30 13:57:24 UTC,analyzed,503,NO_VICTIM_ACTIVITY,file_type=exe;retry_after_host_oom
8f368b029a3a5517cb133529274834585d087a2d3a5875d03ea38e5774019c8a,8f368b029a3a5517cb133529274834585d087a2d3a5875d03ea38e5774019c8a.exe,Ryuk,malwarebazaar,ransomware,2026-07-30 13:57:25 UTC,analyzed,358,TRUE_ENCRYPTION,file_type=exe
d6b7b27e13700aaa7f108bf9e76473717a7a1665198e9aafcc2d2227ca11bba9,d6b7b27e13700aaa7f108bf9e76473717a7a1665198e9aafcc2d2227ca11bba9.exe,Ryuk,malwarebazaar,ransomware,2026-07-30 13:57:27 UTC,analyzed,523,TRUE_ENCRYPTION,file_type=exe;retry_after_host_oom
8da85cb00f7ba5e8c23b058d31a4b169c18936a8f7181015ce27e871d8b8cccd,2023-08-10_4f707c67968a14d08cc42958d5341707_ryuk,Ryuk,malwarebazaar,ransomware,2026-07-30 13:57:28 UTC,analyzed,533,TRUE_ENCRYPTION,file_type=exe;retry_after_host_oom
6cbc05acf871c106f7804069fffef908472a31ea1a782add45a100d14c8f5ea0,2023-05-08_5661aec52fcc80ccd4c5d263e113c115_ryuk,Ryuk,malwarebazaar,ransomware,2026-07-30 13:57:30 UTC,analyzed,424,TRUE_ENCRYPTION,file_type=exe;cape_machine_unavailable
91450f9e8aeb0361867cdefc0bb7e5bad8941b5081db549d34a91072df4db5dc,VirusShare_c5b0f786fe68a4312307535890ba01e4,Ryuk,malwarebazaar,ransomware,2026-07-30 13:57:31 UTC,analyzed,435,NO_VICTIM_ACTIVITY,file_type=exe;cape_machine_unavailable
7cdbe203acf89434221c69804bf8bd1e44b413376fbb509301c80a84d73e3ee9,2023-03-09_3186b2fa1bccd38746b3fa55865556ce_ryuk,Ryuk,malwarebazaar,ransomware,2026-07-30 13:57:33 UTC,analyzed,444,TRUE_ENCRYPTION,file_type=exe
79a98588b501d1fdb5de009a49dccaaf2f7683407c856f5007c062f36823aad0,2023-03-09_8e62455d24fa491c46f5c7201084ca76_ryuk,Ryuk,malwarebazaar,ransomware,2026-07-30 13:57:35 UTC,analyzed,455,TRUE_ENCRYPTION,file_type=exe
6b22aa631597af44672174cec2c7e6c87741db9bcca6c59cf54eade02dae451b,2023-03-09_8c282f124ed2f977a12b91ae572e9f05_ryuk,Ryuk,malwarebazaar,ransomware,2026-07-30 13:57:37 UTC,analyzed,466,TRUE_ENCRYPTION,file_type=exe
a9643eb83d509ad4eac20a2a89d8571f8d781979ad078e89f5b75b4bcb16f65e,Ryuk.bin,Ryuk,malwarebazaar,ransomware,2026-07-30 13:57:38 UTC,analyzed,545,TRUE_ENCRYPTION,file_type=exe
bf575ce1c9425bc44f5cabbc34366e0e92ef369db0a8b69942c5bdb1cca9b800,bf575ce1c9425bc44f5cabbc34366e0e92ef369db0a8b69942c5bdb1cca9b800,Ryuk,malwarebazaar,ransomware,2026-07-30 13:57:40 UTC,analyzed,557,NO_VICTIM_ACTIVITY,file_type=exe
23bdeb9ae6a8f414c33ed8baf2de46477d0bc7f469dd543d60332a04e0b7c039,DimCo payload.bin,Ryuk,malwarebazaar,ransomware,2026-07-30 13:57:42 UTC,analyzed,601,TRUE_ENCRYPTION,file_type=exe
7a8a0e69f5b95082af078c47676bab17c0210d6c2d97e2631d147ead1a4505d3,7a8a0e69f5b95082af078c47676bab17c0210d6c2d97e2631d147ead1a4505d3.exe,Ryuk,malwarebazaar,ransomware,2026-07-30 13:57:43 UTC,analyzed,612,NO_VICTIM_ACTIVITY,file_type=exe
23f8aa94ffb3c08a62735fe7fee5799880a8f322ce1d55ec49a13a3f85312db2,23f8aa94ffb3c08a62735fe7fee5799880a8f322ce1d55ec49a13a3f85312db2,Ryuk,malwarebazaar,ransomware,2026-07-30 13:57:45 UTC,analyzed,623,TRUE_ENCRYPTION,file_type=exe
40b865d1c3ab1b8544bcf57c88edd30679870d40b27d62feb237a19f0c5f9cd1,860e50.exe,Ryuk,malwarebazaar,ransomware,2026-07-30 13:57:47 UTC,analyzed,634,TRUE_ENCRYPTION,file_type=exe
e6762cb7d09cd90d5469e3c3bfc3b47979cd67aa06c06e893015a87b0348c32c,e6762cb7d09cd90d5469e3c3bfc3b47979cd67aa06c06e893015a87b0348c32c.bin,Ryuk,malwarebazaar,ransomware,2026-07-30 13:57:48 UTC,analyzed,645,FAILED,file_type=exe
cc4a0b4080844e20fb9535679f7b09a3e2449729ce1815d1e5a64272b0225465,cc4a0b4080844e20fb9535679f7b09a3e2449729ce1815d1e5a64272b0225465.bin,Ryuk,malwarebazaar,ransomware,2026-07-30 13:57:50 UTC,analyzed,656,FAILED,file_type=exe
a1ce52437252001b56c9ccd2d2da46240dc38db8074a5ed39a396e8c8e387fc2,a1ce52437252001b56c9ccd2d2da46240dc38db8074a5ed39a396e8c8e387fc2.bin,Ryuk,malwarebazaar,ransomware,2026-07-30 13:57:51 UTC,analyzed,666,FAILED,file_type=exe
7faeb64c50cd15d036ca259a047d6c62ed491fff3729433fefba0b02c059d5ed,7faeb64c50cd15d036ca259a047d6c62ed491fff3729433fefba0b02c059d5ed.bin,Ryuk,malwarebazaar,ransomware,2026-07-30 13:57:53 UTC,analyzed,676,TRUE_ENCRYPTION,file_type=exe
180f82bbedb03dc29328e32e054069870a1e65078b78b2120a84c96aaed7d843,a563c50c5fa0fd541248acaf72cc4e7d,Ryuk,malwarebazaar,ransomware,2026-07-30 13:57:54 UTC,analyzed,686,TRUE_ENCRYPTION,file_type=exe
9eb7abf2228ad28d8b7f571e0495d4a35da40607f04355307077975e271553b8,c68395e474088d5339972e2bf5a30f3c.bin,Ryuk,malwarebazaar,ransomware,2026-07-30 13:57:56 UTC,analyzed,696,TRUE_ENCRYPTION,file_type=exe
05e06709523fd798da963c2c24254de0fcca6c57e1052996798ecc74ff43b41f,05e06709523fd798da963c2c24254de0fcca6c57e1052996798ecc74ff43b41f,Ryuk,malwarebazaar,ransomware,2026-07-30 13:57:57 UTC,analyzed,709,TRUE_ENCRYPTION,file_type=exe
88b1b4966650de59cef20c340b28739c52dc9ead91d9959a338a8e531ad38335,88b1b4966650de59cef20c340b28739c52dc9ead91d9959a338a8e531ad38335,Ryuk,malwarebazaar,ransomware,2026-07-30 13:57:59 UTC,analyzed,719,TRUE_ENCRYPTION,file_type=exe
781bc4dcbd459893397a8b987bf697f5b95435dfaf7fe3f4d2224728e7a2202a,781bc4dcbd459893397a8b987bf697f5b95435dfaf7fe3f4d2224728e7a2202a.bin,Ryuk,malwarebazaar,ransomware,2026-07-30 13:58:01 UTC,analyzed,729,TRUE_ENCRYPTION,file_type=exe
2ec5256a7edb90b1c05c92f79e8a48c205b29e1ac910a535aa83c30b8dbbeff8,a5c70086b3bc4fe64f4e7a0aa452e620.exe,Ryuk,malwarebazaar,ransomware,2026-07-30 13:58:02 UTC,analyzed,739,TRUE_ENCRYPTION,file_type=exe
5e2c9d80fa4528fe9777738a9cba9ede08cdae353fd4cb2d9caf0c9801fd5711,f71c8ba616f936a2fcff70ef4defece0.exe,Ryuk,malwarebazaar,ransomware,2026-07-30 13:58:04 UTC,analyzed,749,TRUE_ENCRYPTION,file_type=exe
8862b060db997bc9077e3bece06529c1c116af379985f6138a07ab5fde61b54c,rans.exe,Ryuk,malwarebazaar,ransomware,2026-07-30 13:58:05 UTC,analyzed,759,TRUE_ENCRYPTION,file_type=exe
cfdc2cb47ef3d2396307c487fc3c9fe55b3802b2e570bee9aea4ab1e4ed2ec28,cfdc2cb47ef3d2396307c487fc3c9fe55b3802b2e570bee9aea4ab1e4ed2ec28,Ryuk,malwarebazaar,ransomware,2026-07-30 13:58:07 UTC,analyzed,769,FAILED,file_type=exe
ec3da4ac9ec917e66ab943ab149119807922f64f2e4960ebadc36fe7520b300f,ec3da4ac9ec917e66ab943ab149119807922f64f2e4960ebadc36fe7520b300f.exe,Ryuk,malwarebazaar,ransomware,2026-07-30 13:58:08 UTC,analyzed,779,TRUE_ENCRYPTION,file_type=exe
d7333223dcc1002aae04e25e31d8c297efa791a2c1e609d67ac6d9af338efbe8,d7333223dcc1002aae04e25e31d8c297efa791a2c1e609d67ac6d9af338efbe8.bin,Ryuk,malwarebazaar,ransomware,2026-07-30 13:58:10 UTC,analyzed,789,TRUE_ENCRYPTION,file_type=exe
d0d7a8f588693b7cc967fb4069419125625eb7454ba553c0416f35fc95307cbe,d0d7a8f588693b7cc967fb4069419125625eb7454ba553c0416f35fc95307cbe.bin,Ryuk,malwarebazaar,ransomware,2026-07-30 13:58:11 UTC,analyzed,799,TRUE_ENCRYPTION,file_type=exe
5b1f242aee0eabd4dffea0fe5f08aba60abf7c8d1e4f7fc7357af7f20ccd0204,5b1f242aee0eabd4dffea0fe5f08aba60abf7c8d1e4f7fc7357af7f20ccd0204.bin,Ryuk,malwarebazaar,ransomware,2026-07-30 13:58:13 UTC,analyzed,809,FAILED,file_type=exe
92f124ea5217f3fe5cbab1c37a961df0437d5a9cbde1af268c60c4b3194b80ed,92f124ea5217f3fe5cbab1c37a961df0437d5a9cbde1af268c60c4b3194b80ed.bin,Ryuk,malwarebazaar,ransomware,2026-07-30 13:58:14 UTC,analyzed,819,FAILED,file_type=exe
e8a0e80dfc520bf7e76c33a90ed6d286e8729e9defe6bb7da2f38bc2db33f399,e8a0e80dfc520bf7e76c33a90ed6d286e8729e9defe6bb7da2f38bc2db33f399.bin,Ryuk,malwarebazaar,ransomware,2026-07-30 13:58:16 UTC,analyzed,829,FAILED,file_type=exe
cfe1678a7f2b949966d9a020faafb46662584f8a6ac4b72583a21fa858f2a2e8,cfe1678a7f2b949966d9a020faafb46662584f8a6ac4b72583a21fa858f2a2e8.bin,Ryuk,malwarebazaar,ransomware,2026-07-30 13:58:17 UTC,analyzed,839,FAILED,file_type=exe
bbbf38de4f40754f235441a8e6a4c8bdb9365dab7f5cfcdac77dbb4d6236360b,bbbf38de4f40754f235441a8e6a4c8bdb9365dab7f5cfcdac77dbb4d6236360b.bin,Ryuk,malwarebazaar,ransomware,2026-07-30 13:58:19 UTC,analyzed,849,FAILED,file_type=exe
d5d744e0f7984ec01593da35f26bf24e95e4b1cc8bd1c0ff4f31de5dbf94e38f,d5d744e0f7984ec01593da35f26bf24e95e4b1cc8bd1c0ff4f31de5dbf94e38f,Ryuk,malwarebazaar,ransomware,2026-07-30 13:58:21 UTC,analyzed,859,TRUE_ENCRYPTION,file_type=exe
3ee706f07d13cb9e617eac2b4442479634ab48f11005568c739c6dcab75052a4,3ee706f07d13cb9e617eac2b4442479634ab48f11005568c739c6dcab75052a4,Ryuk,malwarebazaar,ransomware,2026-07-30 13:58:22 UTC,analyzed,868,TRUE_ENCRYPTION,file_type=exe
0cf36731f5b8651d53fc651607c3fccac24b631c08dca4493d8e07d2fbff1db3,0cf36731f5b8651d53fc651607c3fccac24b631c08dca4493d8e07d2fbff1db3,Ryuk,malwarebazaar,ransomware,2026-07-30 13:58:24 UTC,analyzed,877,NO_VICTIM_ACTIVITY,file_type=exe
a671d564c50b3056b915bdc6b063b781989b42e01a3743a1cb82849414fed0f8,a671d564c50b3056b915bdc6b063b781989b42e01a3743a1cb82849414fed0f8,Ryuk,malwarebazaar,ransomware,2026-07-30 13:58:25 UTC,analyzed,886,TRUE_ENCRYPTION,file_type=exe
516475caf3fbd1f0c0283572550528f1f9e7b502dce5fb6b89d40f366a150bfd,default.exe,Zeppelin,malwarebazaar,ransomware,2026-07-30 13:58:28 UTC,analyzed,506,TRUE_ENCRYPTION,file_type=exe;retry_after_host_oom
4ded976d2e5474b5ce1562ceb032981e23f170e7d6ec07fadd131aea82715a5a,2023-02-08_ca1e56a26f9b7b8e18a5f627bd946d53_zeppelin,Zeppelin,malwarebazaar,ransomware,2026-07-30 13:58:30 UTC,analyzed,360,FAILED,file_type=exe
7757c11c449860e2dd54ae97e05835fb39f89a9c93f32dfc23b258ad49c3622e,7757c11c449860e2dd54ae97e05835fb39f89a9c93f32dfc23b258ad49c3622e,Zeppelin,malwarebazaar,ransomware,2026-07-30 13:58:31 UTC,analyzed,371,TRUE_ENCRYPTION,file_type=exe
24efa10a2b51c5fd6e45da6babd4e797d9cae399be98941f950abf7b5e9a4cd7,f11895656.bin,Zeppelin,malwarebazaar,ransomware,2026-07-30 13:58:33 UTC,analyzed,382,NO_VICTIM_ACTIVITY,file_type=exe
4728a3fa4f94d7a09e2dbe21d12ae84543042ce88ba4ea11f3fb3f27490a4933,ad62332b9fc5fb70fa1cc2913812154a,Zeppelin,malwarebazaar,ransomware,2026-07-30 13:58:35 UTC,analyzed,426,TRUE_ENCRYPTION,file_type=exe;cape_machine_unavailable
f38c40c74a0a9953697c63fbd375c064cb2d59ce478435c7357bd68f382dd26f,1107.exe,Zeppelin,malwarebazaar,ransomware,2026-07-30 13:58:36 UTC,analyzed,446,TRUE_ENCRYPTION,file_type=exe;cape_machine_unavailable
99ee7cf74c8de999f2a1cc8cefacad3c866a86e78c87a56323729bfad967a4e9,12048.exe,Zeppelin,malwarebazaar,ransomware,2026-07-30 13:58:38 UTC,analyzed,457,TRUE_ENCRYPTION,file_type=exe
56dc200341cac71492c374d9251791c60308d96d4387a8bbae999fdb5d841375,11898.exe,Zeppelin,malwarebazaar,ransomware,2026-07-30 13:58:39 UTC,analyzed,468,NO_VICTIM_ACTIVITY,file_type=exe
5876685b455f0c3f0228d03744b34df3e38add056fdbe111f639eafddf4fcc14,11409.scr,Zeppelin,malwarebazaar,ransomware,2026-07-30 13:58:41 UTC,analyzed,535,NO_VICTIM_ACTIVITY,file_type=exe
fb80bbea1c179bf695c6817b78306696ebb474e4a2e49ce2e38b819338d43d49,13098.scr,Zeppelin,malwarebazaar,ransomware,2026-07-30 13:58:42 UTC,analyzed,547,TRUE_ENCRYPTION,file_type=exe
be0bc9cd7fcedd7359f3c3e8ca2046b19adcce7b100756e529d60a83f9a96613,081f407a4769f34c74ac26da39627a00,Zeppelin,malwarebazaar,ransomware,2026-07-30 13:58:44 UTC,analyzed,559,NO_VICTIM_ACTIVITY,file_type=exe
0b3932739176975ad69bae0a03171746b7efa1c3909cf5206dcb3b89d1947b15,Screenshot00112021.scr.exe,Zeppelin,malwarebazaar,ransomware,2026-07-30 13:58:46 UTC,analyzed,603,TRUE_ENCRYPTION,file_type=exe
005b00d41740f7b0327d4d5fe0402dcfc84ae0df44a2231a89a59909eeb30b23,123.exe,Zeppelin,malwarebazaar,ransomware,2026-07-30 13:58:47 UTC,analyzed,614,TRUE_ENCRYPTION,file_type=exe
0dff1dd605d0f97d013f78d15ccb110d376fd3f4c99643d840021f8fd99a79bf,20211111.scr,Zeppelin,malwarebazaar,ransomware,2026-07-30 13:58:49 UTC,analyzed,625,NO_VICTIM_ACTIVITY,file_type=exe
824a76c39895bc3ad4f5dfc27fc3ac80d26514118c4669505a1f0cfdc8fdbcdc,pattern.exe,Zeppelin,malwarebazaar,ransomware,2026-07-30 13:58:50 UTC,analyzed,636,TRUE_ENCRYPTION,file_type=exe
43812b98e4f9480d25b426a23a7b4d2a4e498110545c7a3cb21159bf75c18e7b,kIugJm.exe,Zeppelin,malwarebazaar,ransomware,2026-07-30 13:58:52 UTC,analyzed,647,TRUE_ENCRYPTION,file_type=exe
63067c7050bab69e0903ed3887710e4fa50d30d5865c765941df579ddb9b4ab3,SecuriteInfo.com.Trojan.Encoder.33750.22954.16449,Zeppelin,malwarebazaar,ransomware,2026-07-30 13:58:54 UTC,analyzed,657,TRUE_ENCRYPTION,file_type=exe
b7f96fbb9844cac5c7f4ec966683f3564bbb9a2f453927e1c579dcb0154f5f83,March 4.scr.exe,Zeppelin,malwarebazaar,ransomware,2026-07-30 13:58:55 UTC,analyzed,667,TRUE_ENCRYPTION,file_type=exe
d76782960590abc182dba8fdcdc8bfb121b13d36be2d5d8b0960fb67960e89b1,d76782960590abc182dba8fdcdc8bfb121b13d36be2d5d8b0960fb67960e89b1,Zeppelin,malwarebazaar,ransomware,2026-07-30 13:58:57 UTC,analyzed,677,TRUE_ENCRYPTION,file_type=exe
4f87fefc9bf667f1d60e9ac07bdcf91013d609b8222b6d1b2995706f7ece1b07,4f87fefc9bf667f1d60e9ac07bdcf91013d609b8222b6d1b2995706f7ece1b07,Zeppelin,malwarebazaar,ransomware,2026-07-30 13:58:58 UTC,analyzed,687,NO_VICTIM_ACTIVITY,file_type=exe
45c7c5d62ca2525ac1da111fb3388cb381c24c974eba1ca3681ef07b10ef7b77,45c7c5d62ca2525ac1da111fb3388cb381c24c974eba1ca3681ef07b10ef7b77,Zeppelin,malwarebazaar,ransomware,2026-07-30 13:59:00 UTC,analyzed,697,NO_VICTIM_ACTIVITY,file_type=exe
5c1141aa7d0b9fba71822607f3b1b086e2cc4529e63221a9a6ede74fa366512f,buran.exe,Zeppelin,malwarebazaar,ransomware,2026-07-30 13:59:02 UTC,analyzed,710,NO_VICTIM_ACTIVITY,file_type=exe
442bf867c8738c7231ff09db0715ec79d0ae15c050fbd46946c45b76a040d024,Buran,Zeppelin,malwarebazaar,ransomware,2026-07-30 13:59:03 UTC,analyzed,720,TRUE_ENCRYPTION,file_type=exe
332bca23e362f6c95326ecc943cb39e93d6fdcf454d72a5e60c9e14f5802ce5a,42ea94ee3adca8b82fba15ecdde25f26.exe,Zeppelin,malwarebazaar,ransomware,2026-07-30 13:59:05 UTC,analyzed,730,TRUE_ENCRYPTION,file_type=exe
54f6ec27eb7526c439d33e7592e4864842fccf950d828fe14ef7c8eb080ee371,imposter11.exe,Zeppelin,malwarebazaar,ransomware,2026-07-30 13:59:06 UTC,analyzed,740,NO_VICTIM_ACTIVITY,file_type=exe
438d83a22ed38bb2241a99b96d644826522b28327f63055840ee7632d8e95cd8,TrustedInstaller.exe,Zeppelin,malwarebazaar,ransomware,2026-07-30 13:59:08 UTC,analyzed,750,NO_VICTIM_ACTIVITY,file_type=exe
7055e8438da61efa50058acd4e010c634f5e33352e2ee6d1f013572f004b7101,zeppelin.exe,Zeppelin,malwarebazaar,ransomware,2026-07-30 13:59:10 UTC,analyzed,760,TRUE_ENCRYPTION,file_type=exe
f247ae6db52989c9a598c3c7fbc1ae2db54f5c65be862880e11578b8583731cb,f247ae6db52989c9a598c3c7fbc1ae2db54f5c65be862880e11578b8583731cb.bin,Zeppelin,malwarebazaar,ransomware,2026-07-30 13:59:11 UTC,analyzed,770,TRUE_ENCRYPTION,file_type=exe
eb920e0fc0c360abb901e04dce172459b63bbda3ab8152350885db4b44d63ce5,eb920e0fc0c360abb901e04dce172459b63bbda3ab8152350885db4b44d63ce5.bin,Zeppelin,malwarebazaar,ransomware,2026-07-30 13:59:13 UTC,analyzed,780,TRUE_ENCRYPTION,file_type=exe
b3302c4a9fd06d9fde96c9004141f80e0a9107a9dead1659e77351f1b1c87cf6,b3302c4a9fd06d9fde96c9004141f80e0a9107a9dead1659e77351f1b1c87cf6.bin,Zeppelin,malwarebazaar,ransomware,2026-07-30 13:59:14 UTC,analyzed,790,TRUE_ENCRYPTION,file_type=exe
93fe277d54f4baac5762412dda6f831bf6a612f166daade7c23f6b38feac94fb,93fe277d54f4baac5762412dda6f831bf6a612f166daade7c23f6b38feac94fb.bin,Zeppelin,malwarebazaar,ransomware,2026-07-30 13:59:16 UTC,analyzed,800,TRUE_ENCRYPTION,file_type=exe
66fc6e71a9c6be1f604c4a2d0650914f67c45d894fd1f76913e463079d47a8af,66fc6e71a9c6be1f604c4a2d0650914f67c45d894fd1f76913e463079d47a8af.bin,Zeppelin,malwarebazaar,ransomware,2026-07-30 13:59:18 UTC,analyzed,810,TRUE_ENCRYPTION,file_type=exe
7d809e8c9b98c16647bbfac49854c28ecc3fe6d4345410deeaa79445cc50cf51,32cde8ee26dee01ba73a2e6a245b7976.exe,Zeppelin,malwarebazaar,ransomware,2026-07-30 13:59:20 UTC,analyzed,820,NO_VICTIM_ACTIVITY,file_type=exe
39016358b939b83cf9997c447458ae2d13186c3f66e66784c9e8ff4031b60c7e,mesager43.exe,Zeppelin,malwarebazaar,ransomware,2026-07-30 13:59:21 UTC,analyzed,830,TRUE_ENCRYPTION,file_type=exe
4e0d1edb76747fd945b87dd18299298f0df719edbea946119d91db59a9b6527a,hci0xn0zip,Zeppelin,malwarebazaar,ransomware,2026-07-30 13:59:23 UTC,analyzed,840,NO_VICTIM_ACTIVITY,file_type=exe
15e3107a2c30da16832db6f9cdadd38c7a202d72b6a43899b9642d3b695d6f50,Aksip.bin,Zeppelin,malwarebazaar,ransomware,2026-07-30 13:59:25 UTC,analyzed,850,NO_VICTIM_ACTIVITY,file_type=exe
bf5f4d7b6ef1fdb903677e4ede04fb49952e08cee79822b9b53642bb5d1e6f02,bf5f4d7b6ef1fdb903677e4ede04fb49952e08cee79822b9b53642bb5d1e6f02,Snatch,malwarebazaar,ransomware,2026-07-30 13:59:29 UTC,analyzed,329,TRUE_ENCRYPTION,file_type=exe
097d28021ffb26cb5b7d2d1377578cd6e2005549e44b5b2491fd310ecf50f7a8,0ef0070d_by_Libranalysis,Snatch,malwarebazaar,ransomware,2026-07-30 13:59:31 UTC,analyzed,359,TRUE_ENCRYPTION,file_type=exe
36a4311ef332b0b5db62f8fcabf004fdcfbbde62f791839a8be0314604d814c4,32de66a4_by_Libranalysis,Snatch,malwarebazaar,ransomware,2026-07-30 13:59:34 UTC,analyzed,370,NO_VICTIM_ACTIVITY,file_type=exe
166eec273d472577682b777f9e12b63697db76c21823abf8c228a8b8b506a4b8,1b0c57b4_by_Libranalysis,Snatch,malwarebazaar,ransomware,2026-07-30 13:59:36 UTC,analyzed,504,TRUE_ENCRYPTION,file_type=exe;retry_after_host_oom
fc82772468e062322e676763a8a22c7604224448b18580fa54fdc37e4a661846,fc82772468e062322e676763a8a22c7604224448b18580fa54fdc37e4a661846,Snatch,malwarebazaar,ransomware,2026-07-30 13:59:38 UTC,analyzed,425,TRUE_ENCRYPTION,file_type=exe;cape_machine_unavailable
edade6616334f3d313ac3ea7c3e432d8d9461cddad8e2ec3a94ffdc6e336a94e,edade6616334f3d313ac3ea7c3e432d8d9461cddad8e2ec3a94ffdc6e336a94e,Snatch,malwarebazaar,ransomware,2026-07-30 13:59:40 UTC,analyzed,445,NO_VICTIM_ACTIVITY,file_type=exe;cape_machine_unavailable
dd23476649d1dbd1561ae7a3b07e9f7ea49a0cde94c467825a523cd645a08e5b,dd23476649d1dbd1561ae7a3b07e9f7ea49a0cde94c467825a523cd645a08e5b,Snatch,malwarebazaar,ransomware,2026-07-30 13:59:42 UTC,analyzed,456,TRUE_ENCRYPTION,file_type=exe
c64bf1a1e4d47232d1966ec0515f7d80503a001f42b8dd3c99459f94dc0b3132,c64bf1a1e4d47232d1966ec0515f7d80503a001f42b8dd3c99459f94dc0b3132,Snatch,malwarebazaar,ransomware,2026-07-30 13:59:44 UTC,analyzed,467,TRUE_ENCRYPTION,file_type=exe
bf9f6c46bf0d4ddf1e18550a5e2faaf30f19fabe4d8b7b134ffc9bfbacc479fd,bf9f6c46bf0d4ddf1e18550a5e2faaf30f19fabe4d8b7b134ffc9bfbacc479fd,Snatch,malwarebazaar,ransomware,2026-07-30 13:59:46 UTC,analyzed,534,FAILED,file_type=exe
b9a33e0225555e2d41582f81a7fa73fe431817f6e169d55540b250907dec7aaf,b9a33e0225555e2d41582f81a7fa73fe431817f6e169d55540b250907dec7aaf,Snatch,malwarebazaar,ransomware,2026-07-30 13:59:48 UTC,analyzed,546,TRUE_ENCRYPTION,file_type=exe
557314de998d75904fc52be9b37ff297264e8534f74f4d65e0cb862cc68bba49,557314de998d75904fc52be9b37ff297264e8534f74f4d65e0cb862cc68bba49,Snatch,malwarebazaar,ransomware,2026-07-30 13:59:49 UTC,analyzed,558,TRUE_ENCRYPTION,file_type=exe
278f028ba0e2f974cad2299e00089c865fbd5d3b89cc02ed817bc5bbb51887ea,278f028ba0e2f974cad2299e00089c865fbd5d3b89cc02ed817bc5bbb51887ea,Snatch,malwarebazaar,ransomware,2026-07-30 13:59:52 UTC,analyzed,602,TRUE_ENCRYPTION,file_type=exe
32ff829d4c104583e3b4cc1c10d0ca79b254cfbc20974faa27fdffc6902b098d,32ff829d4c104583e3b4cc1c10d0ca79b254cfbc20974faa27fdffc6902b098d,Snatch,malwarebazaar,ransomware,2026-07-30 13:59:54 UTC,analyzed,613,TRUE_ENCRYPTION,file_type=exe
9b9afe28f57f6be5a6c9cf168d8576c89bbb2fb12d81a00ffc7f6b5d2d436a42,9b9afe28f57f6be5a6c9cf168d8576c89bbb2fb12d81a00ffc7f6b5d2d436a42,Snatch,malwarebazaar,ransomware,2026-07-30 13:59:56 UTC,analyzed,624,TRUE_ENCRYPTION,file_type=exe
9b1ee7e79dee8df07307a1be4899fc076a02aac45c55a321fc2f8df1241f1309,9b1ee7e79dee8df07307a1be4899fc076a02aac45c55a321fc2f8df1241f1309,Snatch,malwarebazaar,ransomware,2026-07-30 13:59:58 UTC,analyzed,635,TRUE_ENCRYPTION,file_type=exe
8cd9a8d1bfa7a4032cf1863863b0139b53f4adc9a48b38209683c78663e9f4cf,8cd9a8d1bfa7a4032cf1863863b0139b53f4adc9a48b38209683c78663e9f4cf,Snatch,malwarebazaar,ransomware,2026-07-30 14:00:00 UTC,analyzed,646,TRUE_ENCRYPTION,file_type=exe
6669cfeba5619b6f4d80b1281adfe69c87d845ebaaf9e83c25efa01a8267e751,6669cfeba5619b6f4d80b1281adfe69c87d845ebaaf9e83c25efa01a8267e751,Sarcoma,malwarebazaar,ransomware,2026-08-06 11:45:38 UTC,analyzed,1357,TRUE_ENCRYPTION,file_type=exe
c74873d7b8cc622379ed49bd0b0e477167ae176aa329b01338666ec4c1a4426b,Quantum.bin,Quantum,malwarebazaar,ransomware,2026-08-06 11:45:41 UTC,analyzed,1356,FAILED,file_type=exe
d11793433065633b84567de403c1989640a07c9a399dd2753aaf118891ce791c,yan1.exe,Yanluowang,malwarebazaar,ransomware,2026-08-06 11:45:44 UTC,analyzed,1358,FAILED,file_type=exe
49d828087ca77abc8d3ac2e4719719ca48578b265bbb632a1a7a36560ec47f2d,49D828087CA77ABC8D3AC2E4719719CA48578B265BBB632A1A7A36560EC47F2D.bin,Yanluowang,malwarebazaar,ransomware,2026-08-06 11:45:47 UTC,analyzed,1370,FAILED,file_type=exe
cefea76dfdbb48cfe1a3db2c8df34e898e29bec9b2c13e79ef40655c637833ae,cefea76dfdbb48cfe1a3db2c8df34e898e29bec9b2c13e79ef40655c637833ae.bin,ALPHV,malwarebazaar,ransomware,2026-08-06 11:45:49 UTC,analyzed,1345,FAILED,file_type=exe
7e363b5f1ba373782261713fa99e8bbc35ddda97e48799c4eb28f17989da8d8e,7e363b5f1ba373782261713fa99e8bbc35ddda97e48799c4eb28f17989da8d8e.bin,ALPHV,malwarebazaar,ransomware,2026-08-06 11:45:51 UTC,analyzed,1359,FAILED,file_type=exe
3d7cf20ca6476e14e0a026f9bdd8ff1f26995cdc5854c3adb41a6135ef11ba83,3d7cf20ca6476e14e0a026f9bdd8ff1f26995cdc5854c3adb41a6135ef11ba83.bin,ALPHV,malwarebazaar,ransomware,2026-08-06 11:45:53 UTC,analyzed,1371,FAILED,file_type=exe
b378b7ef0f906358eec595777a50f9bb5cc7bb6635e0f031d65b818a26bdc4ee,b378b7ef0f906358eec595777a50f9bb5cc7bb6635e0f031d65b818a26bdc4ee,Lynx,malwarebazaar,ransomware,2026-08-06 11:45:55 UTC,analyzed,1351,TRUE_ENCRYPTION,file_type=exe
eaa0e773eb593b0046452f420b6db8a47178c09e6db0fa68f6a2d42c3f48e3bc,Lynx.exe,Lynx,malwarebazaar,ransomware,2026-08-06 11:45:57 UTC,analyzed,1365,TRUE_ENCRYPTION,file_type=exe
9a47ab27d50df1faba1dc5777bdcfff576524424bc4a3364d33267bbcf8a3896,9a47ab27d50df1faba1dc5777bdcfff576524424bc4a3364d33267bbcf8a3896,Lynx,malwarebazaar,ransomware,2026-08-06 11:45:59 UTC,analyzed,1377,TRUE_ENCRYPTION,file_type=exe
4e5b9ab271a1409be300e5f3fd90f934f317116f30b40eddc82a4dfd18366412,4e5b9ab271a1409be300e5f3fd90f934f317116f30b40eddc82a4dfd18366412,Lynx,malwarebazaar,ransomware,2026-08-06 11:46:01 UTC,analyzed,1387,TRUE_ENCRYPTION,file_type=exe
12454a323dec0a56a23cd5215bb335d7842c85bbf38e3bd696c9237e26454388,18DB1998.exe,LockerGoga,malwarebazaar,ransomware,2026-08-06 11:46:03 UTC,analyzed,1349,FAILED,file_type=exe
8d5c41543fcc5b7b652b1a16cd3fca0fe3062f8379447c04968c5261cde7deb0,2023-04-07_0259909a0ce31e08bcd688852fb6b806_locker-goga_metamorfo,LockerGoga,malwarebazaar,ransomware,2026-08-06 11:46:06 UTC,analyzed,1363,FAILED,file_type=exe
92f86215140ae1fd929e9f60d73b7b3c65567418cfff1aa3b63638c3adaf98e7,2023-03-16_493f41f96085669fe4a2821e4e864fd4_locker-goga_metamorfo,LockerGoga,malwarebazaar,ransomware,2026-08-06 11:46:09 UTC,analyzed,1375,TRUE_ENCRYPTION,file_type=exe
eda26a1cd80aac1c42cdbba9af813d9c4bc81f6052080bc33435d1e076e75aa0,LockerGoga ransomware,LockerGoga,malwarebazaar,ransomware,2026-08-06 11:46:12 UTC,analyzed,1385,TRUE_ENCRYPTION,file_type=exe
8ea6a6d4578029c7b2dbbfb525ec88b2cb309901ec5a987847471b6101f0de41,8ea6a6d4578029c7b2dbbfb525ec88b2cb309901ec5a987847471b6101f0de41.bin.sample.bin,Lorenz,malwarebazaar,ransomware,2026-08-06 11:46:14 UTC,analyzed,1350,TRUE_ENCRYPTION,file_type=exe
edc2070fd8116f1df5c8d419189331ec606d10062818c5f3de865cd0f7d6db84,edc2070fd8116f1df5c8d419189331ec606d10062818c5f3de865cd0f7d6db84.bin,Lorenz,malwarebazaar,ransomware,2026-08-06 11:46:16 UTC,analyzed,1364,TRUE_ENCRYPTION,file_type=exe
a0ccb9019b90716c8ee1bc0829e0e04cf7166be2f25987abbc8987e65cef2e6f,a0ccb9019b90716c8ee1bc0829e0e04cf7166be2f25987abbc8987e65cef2e6f.bin,Lorenz,malwarebazaar,ransomware,2026-08-06 11:46:18 UTC,analyzed,1376,TRUE_ENCRYPTION,file_type=exe
1264b40feaa824d5ba31cef3c8a4ede230c61ef71c8a7994875deefe32bd8b3d,1264b40feaa824d5ba31cef3c8a4ede230c61ef71c8a7994875deefe32bd8b3d.bin,Lorenz,malwarebazaar,ransomware,2026-08-06 11:46:20 UTC,analyzed,1386,TRUE_ENCRYPTION,file_type=exe
0f863d6c906f4154da19033da1b4374d6000525031c215fb7b3880182a554185,0f863d6c906f4154da19033da1b4374d6000525031c215fb7b3880182a554185.bin,Lorenz,malwarebazaar,ransomware,2026-08-06 11:46:22 UTC,analyzed,1395,TRUE_ENCRYPTION,file_type=exe
fe1f3c60cc08746d41481f390ef46c075011bad264e16db4475673466fe922a9,windows.exe,MoneyMessage,malwarebazaar,ransomware,2026-08-06 11:46:25 UTC,analyzed,1352,TRUE_ENCRYPTION,file_type=exe
8be41efd6e6ace53b8c59344be2ba91fe41003987a8e38484b20760d7c400a42,money message,MoneyMessage,malwarebazaar,ransomware,2026-08-06 11:46:26 UTC,analyzed,1366,TRUE_ENCRYPTION,file_type=exe
dc563953f845fb88c6375b3e9311ebed49ce4bcd613f7044989304c8de384dac,dc563953f845fb88c6375b3e9311ebed49ce4bcd613f7044989304c8de384dac.bin,MoneyMessage,malwarebazaar,ransomware,2026-08-06 11:46:28 UTC,analyzed,1378,TRUE_ENCRYPTION,file_type=exe
97abcf01deea74eb3771ddcef8bfc0906b46a55172588de8e2ad20f8d92b2de7,97abcf01deea74eb3771ddcef8bfc0906b46a55172588de8e2ad20f8d92b2de7.bin,MoneyMessage,malwarebazaar,ransomware,2026-08-06 11:46:30 UTC,analyzed,1388,TRUE_ENCRYPTION,file_type=exe
bbdac308d2b15a4724de7919bf8e9ffa713dea60ae3a482417c44c60012a654b,bbdac308d2b15a4724de7919bf8e9ffa713dea60ae3a482417c44c60012a654b,MoneyMessage,malwarebazaar,ransomware,2026-08-06 11:46:31 UTC,analyzed,1396,TRUE_ENCRYPTION,file_type=exe
43d9b827c9f1badd8384e0b70245325b1c5aac3f18d2daf3f4c10de494dbedfd,explorer.exe,Nemty,malwarebazaar,ransomware,2026-08-06 11:46:36 UTC,analyzed,1354,NO_VICTIM_ACTIVITY,file_type=exe
4799d051f0e40b15ec67593ea838df901613018d26b612d6d2447431323d4a01,Nemty.exe,Nemty,malwarebazaar,ransomware,2026-08-06 11:46:37 UTC,analyzed,1368,TRUE_ENCRYPTION,file_type=exe
511fee839098dfa28dd859ffd3ece5148be13bfb83baa807ed7cac2200103390,spt.exe,Nemty,malwarebazaar,ransomware,2026-08-06 11:46:40 UTC,analyzed,1380,TRUE_ENCRYPTION,file_type=exe
006c9ba4ca0218e7bd2c7c21653497d3215bbeefbc1f5c2781549b306bab8e5e,006c9ba4ca0218e7bd2c7c21653497d3215bbeefbc1f5c2781549b306bab8e5e,Nemty,malwarebazaar,ransomware,2026-08-06 11:46:43 UTC,analyzed,1390,TRUE_ENCRYPTION,file_type=exe
9093233af919545a06bb718dd45e2b033be1caaf0844eec11c1f4cb8c0df3527,9093233af919545a06bb718dd45e2b033be1caaf0844eec11c1f4cb8c0df3527,Nemty,malwarebazaar,ransomware,2026-08-06 11:46:46 UTC,analyzed,1398,TRUE_ENCRYPTION,file_type=exe
518394d105b9f9f1c375efe6038468e595bfd4e848940b9af6c6f563f00bbe26,입사지원서(200317)_뽑아주시면 열심히하겠습니다.exe,Nemty,malwarebazaar,ransomware,2026-08-06 11:46:47 UTC,analyzed,1404,TRUE_ENCRYPTION,file_type=exe
0d037ee0252e4f26800bcf7c750f61d0c549b7ba0a522c75e8d96dcf4f689e27,a7c01e691a51f1a8abeb3221d5585243.exe,Karma,malwarebazaar,ransomware,2026-08-06 11:46:49 UTC,analyzed,1348,TRUE_ENCRYPTION,file_type=exe
3ff1b90dbad5d78397fdc731c3a3c080d91fc488ac9152793b538b74a1e2d8f3,56700917a7434e307531195e4102d7bf.exe,Karma,malwarebazaar,ransomware,2026-08-06 11:46:51 UTC,analyzed,1362,TRUE_ENCRYPTION,file_type=exe
6c98d424ab1b9bfba683eda340fef6540ffe4ec4634f4b95cf9c70fe4ab2de90,790e1636821bb83eff48fd8314557817.exe,Karma,malwarebazaar,ransomware,2026-08-06 11:46:52 UTC,analyzed,1374,TRUE_ENCRYPTION,file_type=exe
34629751d8202be456dcf149b516afefc980a9128dd6096fd6286fee530a0d20,34629751d8202be456dcf149b516afefc980a9128dd6096fd6286fee530a0d20.bin,Karma,malwarebazaar,ransomware,2026-08-06 11:46:54 UTC,analyzed,1384,TRUE_ENCRYPTION,file_type=exe
84d24a16949b5a89162411ab98ab2230128d8f01a3d3695874394733ac2a1dbd,84d24a16949b5a89162411ab98ab2230128d8f01a3d3695874394733ac2a1dbd.bin,Karma,malwarebazaar,ransomware,2026-08-06 11:46:55 UTC,analyzed,1394,TRUE_ENCRYPTION,file_type=exe
4dec9a9044631caef283c7f39a576e4e5c1cc1e6a97ce5c60936a3a3d0097818,4dec9a9044631caef283c7f39a576e4e5c1cc1e6a97ce5c60936a3a3d0097818.bin,Karma,malwarebazaar,ransomware,2026-08-06 11:46:57 UTC,analyzed,1402,TRUE_ENCRYPTION,file_type=exe
a782b9d82f21fb3aac32de6d24a8730eb39f1bd34bc590ca03fa6bb527c74fec,a782b9d82f21fb3aac32de6d24a8730eb39f1bd34bc590ca03fa6bb527c74fec,Play,malwarebazaar,ransomware,2026-08-06 11:46:59 UTC,analyzed,1355,TRUE_ENCRYPTION,file_type=exe
3f943430b49481aca6f57051ed0ced1a08038373f063afdd2423d8d72b19b545,3f943430b49481aca6f57051ed0ced1a08038373f063afdd2423d8d72b19b545,Play,malwarebazaar,ransomware,2026-08-06 11:47:01 UTC,analyzed,1369,TRUE_ENCRYPTION,file_type=exe
bc381dbeff70b5869fa737860c8cd8a8684cc768981beb55543499efcd32bab7,play_2.bin,Play,malwarebazaar,ransomware,2026-08-06 11:47:02 UTC,analyzed,1381,TRUE_ENCRYPTION,file_type=exe
9c7e55441fa5a460320dce5005358d820aec2386982fb3d77d52ce89b3d59744,xxx.exe,Play,malwarebazaar,ransomware,2026-08-06 11:47:04 UTC,analyzed,1391,TRUE_ENCRYPTION,file_type=exe
952fec5f9e7137951700d7e4239728f903e360b3fdb0332deb9448bdc31c2f3f,xxx.exe,Play,malwarebazaar,ransomware,2026-08-06 11:47:06 UTC,analyzed,1399,TRUE_ENCRYPTION,file_type=exe
dd101db5d9503f33a0c23d79da3642e999375748f7c1532e98c813b114bdfa1a,zxc.exe,Play,malwarebazaar,ransomware,2026-08-06 11:47:07 UTC,analyzed,1405,TRUE_ENCRYPTION,file_type=exe
006ae41910887f0811a3ba2868ef9576bbd265216554850112319af878f06e55,PLAY.mal_,Play,malwarebazaar,ransomware,2026-08-06 11:47:09 UTC,analyzed,1409,TRUE_ENCRYPTION,file_type=exe
cbd70a7fab661abee699e96bc790f813a553aa9aae80050544cc4137d6842589,SecuriteInfo.com.Win32.MalwareX-gen.6642.5447,BlackSuit,malwarebazaar,ransomware,2026-08-06 11:47:12 UTC,analyzed,1346,NO_VICTIM_ACTIVITY,file_type=exe
9c48e36b0ea519b37e44f5669da8b1eb59782798f8e8ebb6238441f73dc8102c,SecuriteInfo.com.Win32.Xpirat-B.7945.1178,BlackSuit,malwarebazaar,ransomware,2026-08-06 11:47:15 UTC,analyzed,1360,NO_VICTIM_ACTIVITY,file_type=exe
eb12c198fc1b6ec79ea4b457988db4478ee6bc9aca128aa24a85b76a57add459,eb12c198fc1b6ec79ea4b457988db4478ee6bc9aca128aa24a85b76a57add459,BlackSuit,malwarebazaar,ransomware,2026-08-06 11:47:17 UTC,analyzed,1372,NO_VICTIM_ACTIVITY,file_type=exe
55eb32a530380afc0923e2996f1150e1b6d1cf0f513d29bfd026e9727c8b4343,msedgeupdate 2.exe,BlackSuit,malwarebazaar,ransomware,2026-08-06 11:47:19 UTC,analyzed,1382,NO_VICTIM_ACTIVITY,file_type=exe
2adcf43d221de2f72ba5088dac3a3193219412882df711d095f04e3f5b40767c,QHAccount.exe,BlackSuit,malwarebazaar,ransomware,2026-08-06 11:47:22 UTC,analyzed,1392,FAILED,file_type=exe
90ae0c693f6ffd6dc5bb2d5a5ef078629c3d77f874b2d2ebd9e109d8ca049f2c,sys32.exe,BlackSuit,malwarebazaar,ransomware,2026-08-06 11:47:24 UTC,analyzed,1400,FAILED,file_type=exe
9fbd818dc28ea5561278e873bd9b6deb896d4fbaac86209903bdeaad55c6c31a,LckVQO1wmi7Tv4.exe,BlackSuit,malwarebazaar,ransomware,2026-08-06 11:47:26 UTC,analyzed,1406,NO_VICTIM_ACTIVITY,file_type=exe
00ed4c347cd62526226363a0aceb851b2ef7e3a4da78433a28f2cd6cbd5f1b99,00ed4c347cd62526226363a0aceb851b2ef7e3a4da78433a28f2cd6cbd5f1b99.bin,MountLocker,malwarebazaar,ransomware,2026-08-06 11:47:28 UTC,analyzed,1353,TRUE_ENCRYPTION,file_type=exe
b26749b17ca691328ba67ee49d4d9997c101966c607ab578afad204459b7bf8f,b26749b17ca691328ba67ee49d4d9997c101966c607ab578afad204459b7bf8f.bin,MountLocker,malwarebazaar,ransomware,2026-08-06 11:47:30 UTC,analyzed,1367,TRUE_ENCRYPTION,file_type=exe
8b539f3ba05fe82c4f992ffbeb6ab55151b36dce2d03b64721e966dedf82be81,8b539f3ba05fe82c4f992ffbeb6ab55151b36dce2d03b64721e966dedf82be81.bin,MountLocker,malwarebazaar,ransomware,2026-08-06 11:47:31 UTC,analyzed,1379,TRUE_ENCRYPTION,file_type=exe
5eae13527d4e39059025c3e56dad966cf67476fe7830090e40c14d0a4046adf0,5eae13527d4e39059025c3e56dad966cf67476fe7830090e40c14d0a4046adf0.bin,MountLocker,malwarebazaar,ransomware,2026-08-06 11:47:33 UTC,analyzed,1389,TRUE_ENCRYPTION,file_type=exe
0aa8099c5a65062ba4baec8274e1a0650ff36e757a91312e1755fded50a79d47,0aa8099c5a65062ba4baec8274e1a0650ff36e757a91312e1755fded50a79d47.bin,MountLocker,malwarebazaar,ransomware,2026-08-06 11:47:34 UTC,analyzed,1397,TRUE_ENCRYPTION,file_type=exe
2d2d2e39ccae1ff764e6618b5d7636d41ac6e752ce56d69a9acbb9cb1c8183d0,2d2d2e39ccae1ff764e6618b5d7636d41ac6e752ce56d69a9acbb9cb1c8183d0.bin,MountLocker,malwarebazaar,ransomware,2026-08-06 11:47:36 UTC,analyzed,1403,FAILED,file_type=exe
187610fb06cc60c73c0062b593c5fe3ba29e0436e396969feb9ed25391ff7e8b,187610fb06cc60c73c0062b593c5fe3ba29e0436e396969feb9ed25391ff7e8b.bin,MountLocker,malwarebazaar,ransomware,2026-08-06 11:47:37 UTC,analyzed,1408,TRUE_ENCRYPTION,file_type=exe
e435a95489a4ebdfdc12031091f92a7f9c5e3f6cc9b55355ee4030d82553e9ac,e435a95489a4ebdfdc12031091f92a7f9c5e3f6cc9b55355ee4030d82553e9ac.bin,MountLocker,malwarebazaar,ransomware,2026-08-06 11:47:39 UTC,analyzed,1411,TRUE_ENCRYPTION,file_type=exe
f570d5b17671e6f3e56eae6ad87be3a6bbfac46c677e478618afd9f59bf35963,f570d5b17671e6f3e56eae6ad87be3a6bbfac46c677e478618afd9f59bf35963.bin,MountLocker,malwarebazaar,ransomware,2026-08-06 11:47:41 UTC,analyzed,1413,TRUE_ENCRYPTION,file_type=exe
4a5ac3c6f8383cc33c795804ba5f7f5553c029bbb4a6d28f1e4d8fb5107902c1,3808f21e_by_Libranalysis,MountLocker,malwarebazaar,ransomware,2026-08-06 11:47:42 UTC,analyzed,1415,TRUE_ENCRYPTION,file_type=exe
2c44444d207a78da7477ae1af195d4265134e895bebb476f7b2c003f1467a033,2c44444d207a78da7477ae1af195d4265134e895bebb476f7b2c003f1467a033.bin,MountLocker,malwarebazaar,ransomware,2026-08-06 11:47:44 UTC,analyzed,1417,FAILED,file_type=exe
e7c277aae66085f1e0c4789fe51cac50e3ea86d79c8a242ffc066ed0b0548037,e7c277aae66085f1e0c4789fe51cac50e3ea86d79c8a242ffc066ed0b0548037.bin,MountLocker,malwarebazaar,ransomware,2026-08-06 11:47:45 UTC,analyzed,1419,TRUE_ENCRYPTION,file_type=exe
226a723ffb4a91d9950a8b266167c5b354ab0db1dc225578494917fe53867ef2,226a723ffb4a91d9950a8b266167c5b354ab0db1dc225578494917fe53867ef2.bin,MountLocker,malwarebazaar,ransomware,2026-08-06 11:47:47 UTC,analyzed,1421,TRUE_ENCRYPTION,file_type=exe
85a18f6e3b67c2ebfa27e559515140171348085a4929f95531df15edccd3c4d8,85a18f6e3b67c2ebfa27e559515140171348085a4929f95531df15edccd3c4d8,Interlock,malwarebazaar,ransomware,2026-08-06 11:47:49 UTC,analyzed,1347,FAILED,file_type=exe
4a97599ff5823166112d9221d0e824af7896f6ca40cd3948ec129533787a3ea9,4a97599ff5823166112d9221d0e824af7896f6ca40cd3948ec129533787a3ea9,Interlock,malwarebazaar,ransomware,2026-08-06 11:47:50 UTC,analyzed,1361,TRUE_ENCRYPTION,file_type=exe
33dc991e61ba714812aa536821b073e4274951a1e4a9bc68f71a802d034f4fb9,33dc991e61ba714812aa536821b073e4274951a1e4a9bc68f71a802d034f4fb9,Interlock,malwarebazaar,ransomware,2026-08-06 11:47:52 UTC,analyzed,1373,TRUE_ENCRYPTION,file_type=exe
0fff8fb05cee8dc4a4f7a8f23fa2d67571f360a3025b6d515f9ef37dfdb4e2ea,0fff8fb05cee8dc4a4f7a8f23fa2d67571f360a3025b6d515f9ef37dfdb4e2ea,Interlock,malwarebazaar,ransomware,2026-08-06 11:47:53 UTC,analyzed,1383,TRUE_ENCRYPTION,file_type=exe
dae299469d2d2f836d56b8f8f0a13bd03ba9e6e52e3c9bcddf2c7e1db62e49cf,dae299469d2d2f836d56b8f8f0a13bd03ba9e6e52e3c9bcddf2c7e1db62e49cf,Interlock,malwarebazaar,ransomware,2026-08-06 11:47:54 UTC,analyzed,1393,FAILED,file_type=exe
b85586f95412bc69f3dceb0539f27c79c74e318b249554f0eace45f3f073c039,b85586f95412bc69f3dceb0539f27c79c74e318b249554f0eace45f3f073c039,Interlock,malwarebazaar,ransomware,2026-08-06 11:47:56 UTC,analyzed,1401,TRUE_ENCRYPTION,file_type=exe
39539766ae8f5256e6f21d853b8b7ea8f003d29f6d7cd57d1ecb621dc2b97c89,39539766ae8f5256e6f21d853b8b7ea8f003d29f6d7cd57d1ecb621dc2b97c89,Interlock,malwarebazaar,ransomware,2026-08-06 11:47:58 UTC,analyzed,1407,NO_VICTIM_ACTIVITY,file_type=exe
45a323e010ea6d5b54d2859112925360174507ea3dc039d02ac6680b6aabd073,45a323e010ea6d5b54d2859112925360174507ea3dc039d02ac6680b6aabd073,Interlock,malwarebazaar,ransomware,2026-08-06 11:48:00 UTC,analyzed,1410,NO_VICTIM_ACTIVITY,file_type=exe
5c5598f7fb5bab3e2c18216764dbbff019f7f19d3801083e8fbf638ba02c6bca,5c5598f7fb5bab3e2c18216764dbbff019f7f19d3801083e8fbf638ba02c6bca,Interlock,malwarebazaar,ransomware,2026-08-06 11:48:02 UTC,analyzed,1412,NO_VICTIM_ACTIVITY,file_type=exe
8251186b3196e3fefb0dbfcf71dfccc2c1cd66515686c9af8a6fb48766c739c6,8251186b3196e3fefb0dbfcf71dfccc2c1cd66515686c9af8a6fb48766c739c6,Interlock,malwarebazaar,ransomware,2026-08-06 11:48:04 UTC,analyzed,1414,NO_VICTIM_ACTIVITY,file_type=exe
f02622129e7774b7673e2a9f62bb4a208d4a142b5d925532c7920481549bd07b,f02622129e7774b7673e2a9f62bb4a208d4a142b5d925532c7920481549bd07b,Interlock,malwarebazaar,ransomware,2026-08-06 11:48:06 UTC,analyzed,1416,NO_VICTIM_ACTIVITY,file_type=exe
a26f0a2da63a838161a7d335aaa5e4b314a232acc15dcabdb6f6dbec63cda642,matrix.exe,Interlock,malwarebazaar,ransomware,2026-08-06 11:48:08 UTC,analyzed,1418,TRUE_ENCRYPTION,file_type=exe
c9920e995fbc98cd3883ef4c4520300d5e82bab5d2a5c781e9e9fe694a43e82f,c9920e995fbc98cd3883ef4c4520300d5e82bab5d2a5c781e9e9fe694a43e82f,Interlock,malwarebazaar,ransomware,2026-08-06 11:48:09 UTC,analyzed,1420,FAILED,file_type=exe
1ca67af90400ee6cbbd42175293274a0f5dc05315096cb2e214e4bfe12ffb71f,1ca67af90400ee6cbbd42175293274a0f5dc05315096cb2e214e4bfe12ffb71f.exe,Payload,malwarebazaar,ransomware,2026-08-07 05:10:57 UTC,analyzed,1426,TRUE_ENCRYPTION,file_type=exe
c5f526cc62688cf34c49d098dab81e24e4294f832ada57433ef505d5ac6da8f3,c5f526cc62688cf34c49d098dab81e24e4294f832ada57433ef505d5ac6da8f3,NightSpire,malwarebazaar,ransomware,2026-08-07 05:11:01 UTC,analyzed,1425,TRUE_ENCRYPTION,file_type=exe
2c3f8889c9f5d765632ad91b4cc2a852c54845e143dbd2b68359b6f9cdfd8f99,2c3f8889c9f5d765632ad91b4cc2a852c54845e143dbd2b68359b6f9cdfd8f99,NightSpire,malwarebazaar,ransomware,2026-08-07 05:11:04 UTC,analyzed,1430,TRUE_ENCRYPTION,file_type=exe
32e10dc9fe935d7c835530be214142041b6aa25ee32c62648dea124401137ea5,32e10dc9fe935d7c835530be214142041b6aa25ee32c62648dea124401137ea5,NightSpire,malwarebazaar,ransomware,2026-08-07 05:11:07 UTC,analyzed,1434,TRUE_ENCRYPTION,file_type=exe
e275b8a02bf23b565bdaabadb220b39409eddc6b8253eb04e0f092d697e3b53d,e275b8a02bf23b565bdaabadb220b39409eddc6b8253eb04e0f092d697e3b53d,NightSpire,malwarebazaar,ransomware,2026-08-07 05:11:10 UTC,analyzed,1438,TRUE_ENCRYPTION,file_type=exe
c2859adc342cbcc36485ef6c3020913c459079acbeae3456b44297d7704f6853,c2859adc342cbcc36485ef6c3020913c459079acbeae3456b44297d7704f6853,NightSpire,malwarebazaar,ransomware,2026-08-07 05:11:12 UTC,analyzed,1442,TRUE_ENCRYPTION,file_type=exe
4cda6af63873eca99b9a0b69be1c8b9c81b501339f569a30fd30394fa54da3e1,4cda6af63873eca99b9a0b69be1c8b9c81b501339f569a30fd30394fa54da3e1,NightSpire,malwarebazaar,ransomware,2026-08-07 05:11:15 UTC,analyzed,1446,TRUE_ENCRYPTION,file_type=exe
06699c98ed2ef759b2434ac5777a2886b966c0ffa1c96c046f5cde77fe833784,Ransomware Mallox,Mallox,malwarebazaar,ransomware,2026-08-07 05:11:18 UTC,analyzed,1424,TRUE_ENCRYPTION,file_type=exe
2289706f678585059502a24283e0f55d56cf477524753c606f64825bba66fca8,Ransom.exe,Mallox,malwarebazaar,ransomware,2026-08-07 05:11:20 UTC,analyzed,1429,TRUE_ENCRYPTION,file_type=exe
45a236e7aa80515aafb6c656c758faad6e77fb435b35bfa407aef3918212078d,ld.exe,Mallox,malwarebazaar,ransomware,2026-08-07 05:11:22 UTC,analyzed,1433,TRUE_ENCRYPTION,file_type=exe
df29d5c4a750663440ce76d6804ce88e03faeef9591ec0b3b9ca348a6c930b7f,_145.exe,Mallox,malwarebazaar,ransomware,2026-08-07 05:11:23 UTC,analyzed,1437,TRUE_ENCRYPTION,file_type=exe
134c23ec245a8e10995adfa594154b61bf94e1e5016cf5daeb2b8d594bb16448,1.exe,Mallox,malwarebazaar,ransomware,2026-08-07 05:11:25 UTC,analyzed,1441,NO_VICTIM_ACTIVITY,file_type=exe
9acbc6b9342e22059c02db89c629d56b2ada8b56abe94f2a901ed1252beac2cd,9acbc6b9342e22059c02db89c629d56b2ada8b56abe94f2a901ed1252beac2cd.dll,Mallox,malwarebazaar,ransomware,2026-08-07 05:11:27 UTC,analyzed,1445,TRUE_ENCRYPTION,file_type=exe
5ccff9af23c18998221f45396732539d18e330454327d1e7450095c682d8c552,mallox.bin,Mallox,malwarebazaar,ransomware,2026-08-07 05:11:29 UTC,analyzed,1449,TRUE_ENCRYPTION,file_type=exe
e7178a4bad4407316b85894307df32fdf85b597455364eb8ec4d407749e852ce,e7178a4bad4407316b85894307df32fdf85b597455364eb8ec4d407749e852ce,Mallox,malwarebazaar,ransomware,2026-08-07 05:11:30 UTC,analyzed,1452,TRUE_ENCRYPTION,file_type=exe
cda99e504a122208862739087cf16b4838e9f051acfcbeb9ec794923b414c018,cda99e504a122208862739087cf16b4838e9f051acfcbeb9ec794923b414c018,Mallox,malwarebazaar,ransomware,2026-08-07 05:11:34 UTC,analyzed,1455,TRUE_ENCRYPTION,file_type=exe
1f793f973fd906f9736aa483c613b82d5d2d7b0e270c5c903704f9665d9e1185,1f793f973fd906f9736aa483c613b82d5d2d7b0e270c5c903704f9665d9e1185,Mallox,malwarebazaar,ransomware,2026-08-07 05:11:35 UTC,analyzed,1458,TRUE_ENCRYPTION,file_type=exe
f7e8a0eac54dd040e2609546fca263f2c2753802ff57e7c62d5e9ccfa04bdb1a,f7e8a0eac54dd040e2609546fca263f2c2753802ff57e7c62d5e9ccfa04bdb1a,Mallox,malwarebazaar,ransomware,2026-08-07 05:11:37 UTC,analyzed,1461,TRUE_ENCRYPTION,file_type=exe
584e4ad4ef01550d20494b6929c4bdd29f0a0ab47066890f140b2d4e012734a1,RJD5UYNO.exe,Mallox,malwarebazaar,ransomware,2026-08-07 05:11:39 UTC,analyzed,1470,NO_VICTIM_ACTIVITY,file_type=exe
a7018ff4aaaaebda06615da54ab7d3dcfe06ffda501254eb9654aa27152629bb,InternalCrossContextDelega.exe,Mallox,malwarebazaar,ransomware,2026-08-07 05:11:41 UTC,analyzed,1477,NO_VICTIM_ACTIVITY,file_type=exe
7e6cd2bf820d81c9389c549cfe482bcdb1b57c5f39d53b63cd1efb79699e7ae6,7e6cd2bf820d81c9389c549cfe482bcdb1b57c5f39d53b63cd1efb79699e7ae6.bin,Mallox,malwarebazaar,ransomware,2026-08-07 05:11:42 UTC,analyzed,1485,NO_VICTIM_ACTIVITY,file_type=exe
800b4455105a08833332092017909f9dd47bd4ebfb1cbddbe0b95658d03b8d64,ConsoleApp7.exe,Mallox,malwarebazaar,ransomware,2026-08-07 05:11:44 UTC,analyzed,1492,NO_VICTIM_ACTIVITY,file_type=exe
06acd697bc0a41a6fa1098eba46ddd40d029a5fef3eb152fbf9d0d39e6f8673d,SusMagniber.dll,Magniber,malwarebazaar,ransomware,2026-08-07 05:11:49 UTC,analyzed,1423,TRUE_ENCRYPTION,file_type=exe
9473dc89afdfd7eb821a05f63f70effe80e03a014a80df5865ecf9c72cb9315a,Binary.UpdateBinary,Magniber,malwarebazaar,ransomware,2026-08-07 05:11:50 UTC,analyzed,1428,FAILED,file_type=exe
3aec49fb761581a0b95e23b1a85b8594308491968d42d04831ae01f8949b05b4,0362769fcb15c6e11528373bb98a572e,Magniber,malwarebazaar,ransomware,2026-08-07 05:11:53 UTC,analyzed,1432,TRUE_ENCRYPTION,file_type=exe
649d1fcdc4529a221d916768edd5108a6a0172ab68fb3068b5248eae7d25143c,m8jal1.dll,Magniber,malwarebazaar,ransomware,2026-08-07 05:11:56 UTC,analyzed,1436,NO_VICTIM_ACTIVITY,file_type=exe
b9a5c8d73ddceea4dbc1ece8dbaf989d296a5a4932d2117f4c8aa9ed1e70e4ab,b9a5c8d73ddceea4dbc1ece8dbaf989d296a5a4932d2117f4c8aa9ed1e70e4ab,Magniber,malwarebazaar,ransomware,2026-08-07 05:11:58 UTC,analyzed,1440,FAILED,file_type=exe
bc3a0e276a26612ffa45f229b069b624750e2c0737b2af2f934378d85d87a2f9,System_Update_Win10.4a4793a31463b.cpl,Magniber,malwarebazaar,ransomware,2026-08-07 05:12:00 UTC,analyzed,1444,FAILED,file_type=exe
354f26cc356623d5d099ce3ab1f36821151bb59b3e77521bb903ec1ee3d8f612,System_Update_Win10.64267e0e09a43.cpl,Magniber,malwarebazaar,ransomware,2026-08-07 05:12:01 UTC,analyzed,1448,NO_VICTIM_ACTIVITY,file_type=exe
f7cf9b53f0124b9fbc1cac8991b51a24a03f8feceb711677aae39b916a686c55,Antivirus_Upgrade_Cloud.1d094d24ac37f2.cpl,Magniber,malwarebazaar,ransomware,2026-08-07 05:12:03 UTC,analyzed,1451,NO_VICTIM_ACTIVITY,file_type=exe
92ff7716bb0fa4c30368c24acd23423dbb6033f3c6b85d37af1524a7421d2856,Antivirus_Upgrade_Cloud.765b3453cb590001.cpl,Magniber,malwarebazaar,ransomware,2026-08-07 05:12:05 UTC,analyzed,1454,NO_VICTIM_ACTIVITY,file_type=exe
79494b2b76515207a2cf1a29484096cbf884ea4b0e2b834af07beac7879ce714,Antivirus_Upgrade_Cloud.680409c94d12.cpl,Magniber,malwarebazaar,ransomware,2026-08-07 05:12:07 UTC,analyzed,1457,NO_VICTIM_ACTIVITY,file_type=exe
00270d016c00f9a58a8fad47aa52b95f2383e5b00a76e7281112156e828472bd,Antivirus_Upgrade_Cloud.adf57c1153dae7f.cpl,Magniber,malwarebazaar,ransomware,2026-08-07 05:12:09 UTC,analyzed,1460,FAILED,file_type=exe
14dbcc8fc713a26f46b78ba0bc169eb4abdd6083a4bbf62357e83b989489c358,Binaryltamwpuw3rs8k.dll,Magniber,malwarebazaar,ransomware,2026-08-07 05:12:11 UTC,analyzed,1464,FAILED,file_type=exe
10b9b1d8f6bafd9bb57ccfb1da4a658f10207d566781fa5fb3c4394d283e860e,10b9b1d8f6bafd9bb57ccfb1da4a658f10207d566781fa5fb3c4394d283e860e.bin.sample,Magniber,malwarebazaar,ransomware,2026-08-07 05:12:13 UTC,analyzed,1468,TRUE_ENCRYPTION,file_type=exe
0e9cb980e176c55c4694f8cb8b4fad949926887ec9e8ba209058bf22f2b359d6,6.exe,Magniber,malwarebazaar,ransomware,2026-08-07 05:12:15 UTC,analyzed,1475,FAILED,file_type=exe
8474b7fd46e898991cbd0338ebd345bd3fd63a118168bbc662b52dff25e033cf,5.exe,Magniber,malwarebazaar,ransomware,2026-08-07 05:12:17 UTC,analyzed,1483,FAILED,file_type=exe
5301e5deb37674296e48d5873862ce32f934fbdfe1a7919f97bddb1138957e35,4.exe,Magniber,malwarebazaar,ransomware,2026-08-07 05:12:18 UTC,analyzed,1490,FAILED,file_type=exe
f2ab74ce11c4462db427db65ff5755db4d5267d373172384a241017150e14675,3.exe,Magniber,malwarebazaar,ransomware,2026-08-07 05:12:20 UTC,analyzed,1497,FAILED,file_type=exe
2cf60c433df3dcc84b80e18c93e578bf18b31c5c49777953702c53166275796b,2.exe,Magniber,malwarebazaar,ransomware,2026-08-07 05:12:22 UTC,analyzed,1503,FAILED,file_type=exe
fc1cb9ea6c1d86600f690b0f7c7ea6ab73d401a3b0e899360c4a619aeaed4cc4,1.exe,Magniber,malwarebazaar,ransomware,2026-08-07 05:12:24 UTC,analyzed,1509,FAILED,file_type=exe
7c67ac6140a6bcf8774be0365cbe8fe10e0bf0cf2918bd734ee4aca77de48c7a,7c67ac6140a6bcf8774be0365cbe8fe10e0bf0cf2918bd734ee4aca77de48c7a.bin,DragonForce,malwarebazaar,ransomware,2026-08-07 05:12:26 UTC,analyzed,1422,TRUE_ENCRYPTION,file_type=exe
410db536a57c511b0ccac2639e0eb3320f303fc5c90242379ab43364c51ef321,410db536a57c511b0ccac2639e0eb3320f303fc5c90242379ab43364c51ef321.bin,DragonForce,malwarebazaar,ransomware,2026-08-07 05:12:28 UTC,analyzed,1427,TRUE_ENCRYPTION,file_type=exe
1ccf8baf11427fae273ffed587b41c857fa2d8f3d3c6c0ddaa1fe4835f665eba,1ccf8baf11427fae273ffed587b41c857fa2d8f3d3c6c0ddaa1fe4835f665eba,DragonForce,malwarebazaar,ransomware,2026-08-07 05:12:29 UTC,analyzed,1431,NO_VICTIM_ACTIVITY,file_type=exe
f5df98b344242c5eaad1fce421c640fadd71f7f21379d2bf7309001dfeb25972,f5df98b344242c5eaad1fce421c640fadd71f7f21379d2bf7309001dfeb25972,DragonForce,malwarebazaar,ransomware,2026-08-07 05:12:31 UTC,analyzed,1435,TRUE_ENCRYPTION,file_type=exe
24e8ef41ead6fc45d9a7ec2c306fd04373eaa93bbae0bd1551a10234574d0e07,24e8ef41ead6fc45d9a7ec2c306fd04373eaa93bbae0bd1551a10234574d0e07,DragonForce,malwarebazaar,ransomware,2026-08-07 05:12:32 UTC,analyzed,1439,TRUE_ENCRYPTION,file_type=exe
b10129c175c007148dd4f5aff4d7fb61eb3e4b0ed4897fea6b33e90555f2b845,b10129c175c007148dd4f5aff4d7fb61eb3e4b0ed4897fea6b33e90555f2b845,DragonForce,malwarebazaar,ransomware,2026-08-07 05:12:33 UTC,analyzed,1443,TRUE_ENCRYPTION,file_type=exe
d67a475f72ca65fd1ac5fd3be2f1cce2db78ba074f54dc4c4738d374d0eb19c7,d67a475f72ca65fd1ac5fd3be2f1cce2db78ba074f54dc4c4738d374d0eb19c7,DragonForce,malwarebazaar,ransomware,2026-08-07 05:12:35 UTC,analyzed,1447,TRUE_ENCRYPTION,file_type=exe
6782ad0c3efc0d0520dc2088e952c504f6a069c36a0308b88c7daadd600250a9,6782ad0c3efc0d0520dc2088e952c504f6a069c36a0308b88c7daadd600250a9,DragonForce,malwarebazaar,ransomware,2026-08-07 05:12:36 UTC,analyzed,1450,TRUE_ENCRYPTION,file_type=exe
8a193db0ff08237f63c036d422f52276a4e575476763dc391455ed5b12269c07,8a193db0ff08237f63c036d422f52276a4e575476763dc391455ed5b12269c07,DragonForce,malwarebazaar,ransomware,2026-08-07 05:12:38 UTC,analyzed,1453,TRUE_ENCRYPTION,file_type=exe
70afd8efb34382badead93ae104d958256de6be8054227ccc85fe95d5c5f9db0,70afd8efb34382badead93ae104d958256de6be8054227ccc85fe95d5c5f9db0,DragonForce,malwarebazaar,ransomware,2026-08-07 05:12:39 UTC,analyzed,1456,TRUE_ENCRYPTION,file_type=exe
a399a293cc3f25f6250ebee65e6e60e818831925769d540354275e9ad87bb5bb,a399a293cc3f25f6250ebee65e6e60e818831925769d540354275e9ad87bb5bb,DragonForce,malwarebazaar,ransomware,2026-08-07 05:12:41 UTC,analyzed,1459,TRUE_ENCRYPTION,file_type=exe
df5ab9015833023a03f92a797e20196672c1d6525501a9f9a94a45b0904c7403,df5ab9015833023a03f92a797e20196672c1d6525501a9f9a94a45b0904c7403,DragonForce,malwarebazaar,ransomware,2026-08-07 05:12:42 UTC,analyzed,1462,TRUE_ENCRYPTION,file_type=exe
d06b5a200292fedcfb4d4aecac32387a2e5b5bb09aaab5199c56bab3031257d6,d06b5a200292fedcfb4d4aecac32387a2e5b5bb09aaab5199c56bab3031257d6,DragonForce,malwarebazaar,ransomware,2026-08-07 05:12:44 UTC,analyzed,1463,TRUE_ENCRYPTION,file_type=exe
80e3a04fa68be799b3c91737e1918f8394b250603a231a251524244e4d7f77d9,80e3a04fa68be799b3c91737e1918f8394b250603a231a251524244e4d7f77d9,DragonForce,malwarebazaar,ransomware,2026-08-07 05:12:45 UTC,analyzed,1466,TRUE_ENCRYPTION,file_type=exe
b714cb02cfd5d67e1502b45242636ee6b35c1b609072d3082378c50a177df15d,b714cb02cfd5d67e1502b45242636ee6b35c1b609072d3082378c50a177df15d,DragonForce,malwarebazaar,ransomware,2026-08-07 05:12:46 UTC,analyzed,1473,TRUE_ENCRYPTION,file_type=exe
1250ba6f25fd60077f698a2617c15f89d58c1867339bfd9ee8ab19ce9943304b,1250ba6f25fd60077f698a2617c15f89d58c1867339bfd9ee8ab19ce9943304b,DragonForce,malwarebazaar,ransomware,2026-08-07 05:12:48 UTC,analyzed,1481,TRUE_ENCRYPTION,file_type=exe
822ceefb12b030f2ff28dcda6776addda77b041dbb48d2e3a8c305721f4cc8ef,822ceefb12b030f2ff28dcda6776addda77b041dbb48d2e3a8c305721f4cc8ef,DragonForce,malwarebazaar,ransomware,2026-08-07 05:12:49 UTC,analyzed,1488,TRUE_ENCRYPTION,file_type=exe
b9bba02d18bacc4bc8d9e4f70657d381568075590cc9d0e7590327d854224b32,b9bba02d18bacc4bc8d9e4f70657d381568075590cc9d0e7590327d854224b32,DragonForce,malwarebazaar,ransomware,2026-08-07 05:12:51 UTC,analyzed,1495,TRUE_ENCRYPTION,file_type=exe
ba1be94550898eedb10eb73cb5383a2d1050e96ec4df8e0bf680d3e76a9e2429,ba1be94550898eedb10eb73cb5383a2d1050e96ec4df8e0bf680d3e76a9e2429,DragonForce,malwarebazaar,ransomware,2026-08-07 05:12:53 UTC,analyzed,1501,TRUE_ENCRYPTION,file_type=exe
d626eb0565fac677fdc13fb0555967dc31e600c74fbbd110b744f8e3a59dd3f9,d626eb0565fac677fdc13fb0555967dc31e600c74fbbd110b744f8e3a59dd3f9,DragonForce,malwarebazaar,ransomware,2026-08-07 05:12:55 UTC,analyzed,1507,TRUE_ENCRYPTION,file_type=exe
c844d02c91d5e6dc293de80085ad2f69b5c44bc46ec9fdaa4e3efbda062c871c,c844d02c91d5e6dc293de80085ad2f69b5c44bc46ec9fdaa4e3efbda062c871c(2),DragonForce,malwarebazaar,ransomware,2026-08-07 05:12:57 UTC,analyzed,1516,TRUE_ENCRYPTION,file_type=exe
01f1e82d4c2b04a4652348fb18bb480396db2229c4fd22d2be1ea58e6bf4a570,01f1e82d4c2b04a4652348fb18bb480396db2229c4fd22d2be1ea58e6bf4a570,DragonForce,malwarebazaar,ransomware,2026-08-07 05:12:58 UTC,analyzed,1528,TRUE_ENCRYPTION,file_type=exe
d4de7d7990114c51056afeedb827d880549d5761aac6bdef0f14cb17c25103b3,d4de7d7990114c51056afeedb827d880549d5761aac6bdef0f14cb17c25103b3,DragonForce,malwarebazaar,ransomware,2026-08-07 05:13:00 UTC,analyzed,1547,TRUE_ENCRYPTION,file_type=exe
312ca1a8e35dcf5b80b1526948bd1081fed2293b31d061635e9f048f3fe5eb83,312ca1a8e35dcf5b80b1526948bd1081fed2293b31d061635e9f048f3fe5eb83(1),DragonForce,malwarebazaar,ransomware,2026-08-07 05:13:01 UTC,analyzed,1557,TRUE_ENCRYPTION,file_type=exe
b47302ef408014fe2044ce70331e50dfb5e41ec1d82c9fbe126f39c381f6567e,iWpikP.exe,RansomHub,malwarebazaar,ransomware,2026-08-07 16:38:02 UTC,analyzed,1471,FAILED,file_type=exe
bc2db56c79080fcd1d35c940f18479485a947384347c06b7756da3cc221f7dc3,bVsuaq.exe,RansomHub,malwarebazaar,ransomware,2026-08-07 16:38:08 UTC,analyzed,1478,NO_VICTIM_ACTIVITY,file_type=exe
0d92088225f8def668030ec98460107f6dbec6160c49de388d13bc060f2a95be,test.exe,RansomHub,malwarebazaar,ransomware,2026-08-07 16:38:13 UTC,analyzed,1486,FAILED,file_type=exe
3bd98de6361abdc0b7701e5b134879db841e00d4a64c3e517cf9becf2ed4ddea,test.exe,RansomHub,malwarebazaar,ransomware,2026-08-07 16:38:19 UTC,analyzed,1493,NO_VICTIM_ACTIVITY,file_type=exe
83654c500c68418142e43b31ebbec040d9d36cfbbe08c7b9b3dc90fabc14801a,83654c500c68418142e43b31ebbec040d9d36cfbbe08c7b9b3dc90fabc14801a,RansomHub,malwarebazaar,ransomware,2026-08-07 16:38:24 UTC,analyzed,1499,FAILED,file_type=exe
342b7b89082431c1ba088315c5ee81e89a94e36663f2ab8cfc27e17f7853ca2b,342b7b89082431c1ba088315c5ee81e89a94e36663f2ab8cfc27e17f7853ca2b,RansomHub,malwarebazaar,ransomware,2026-08-07 16:38:30 UTC,analyzed,1505,FAILED,file_type=exe
56856e1e275cebcd477e3a2995cd76398cfbb6c210181a14939c6307a82e6763,56856e1e275cebcd477e3a2995cd76398cfbb6c210181a14939c6307a82e6763,RansomHub,malwarebazaar,ransomware,2026-08-07 16:38:35 UTC,analyzed,1511,FAILED,file_type=exe
2413841b2f5f656e269f61644d3957847b199107bb6b141c3208a03df59f0759,2413841b2f5f656e269f61644d3957847b199107bb6b141c3208a03df59f0759,BlackBasta,malwarebazaar,ransomware,2026-08-07 16:38:38 UTC,analyzed,1465,TRUE_ENCRYPTION,file_type=exe
1354254499b2e3353708747d36c334074f40c1f726ea7590384f2192c972f8c3,1354254499b2e3353708747d36c334074f40c1f726ea7590384f2192c972f8c3,BlackBasta,malwarebazaar,ransomware,2026-08-07 16:38:40 UTC,analyzed,1472,TRUE_ENCRYPTION,file_type=exe
11129aad3b5baa1d118ec0ee3922278c194e43f6e2f0fcef221c65e5f4490d3b,11129aad3b5baa1d118ec0ee3922278c194e43f6e2f0fcef221c65e5f4490d3b,BlackBasta,malwarebazaar,ransomware,2026-08-07 16:38:42 UTC,analyzed,1480,TRUE_ENCRYPTION,file_type=exe
3d8713641264c41cd6784c5569c1447299fba88633070e40e70bb3ae2b4c5a4e,3d8713641264c41cd6784c5569c1447299fba88633070e40e70bb3ae2b4c5a4e,BlackBasta,malwarebazaar,ransomware,2026-08-07 16:38:44 UTC,analyzed,1487,NO_VICTIM_ACTIVITY,file_type=exe
723d1cf3d74fb3ce95a77ed9dff257a78c8af8e67a82963230dd073781074224,723d1cf3d74fb3ce95a77ed9dff257a78c8af8e67a82963230dd073781074224,BlackBasta,malwarebazaar,ransomware,2026-08-07 16:38:46 UTC,analyzed,1494,TRUE_ENCRYPTION,file_type=exe
df5b004be71717362e6b1ad22072f9ee4113b95b5d78c496a90857977a9fb415,UpdateReminder.exe,BlackBasta,malwarebazaar,ransomware,2026-08-07 16:38:48 UTC,analyzed,1500,TRUE_ENCRYPTION,file_type=exe
2558d0817586306d0ddf7beadd371785cd0a0b7ed860ac62760dbbc92866008a,2558d0817586306d0ddf7beadd371785cd0a0b7ed860ac62760dbbc92866008a,BlackBasta,malwarebazaar,ransomware,2026-08-07 16:38:50 UTC,analyzed,1506,TRUE_ENCRYPTION,file_type=exe
e28188e516db1bda9015c30de59a2e91996b67c2e2b44989a6b0f562577fd757,e28188e516db1bda9015c30de59a2e91996b67c2e2b44989a6b0f562577fd757,BlackBasta,malwarebazaar,ransomware,2026-08-07 16:38:52 UTC,analyzed,1514,NO_VICTIM_ACTIVITY,file_type=exe
c4c8be0c939e4c24e11bad90549e3951b7969e78056d819425ca53e87af8d8ed,c4c8be0c939e4c24e11bad90549e3951b7969e78056d819425ca53e87af8d8ed,BlackBasta,malwarebazaar,ransomware,2026-08-07 16:38:54 UTC,analyzed,1526,NO_VICTIM_ACTIVITY,file_type=exe
350ba7fca67721c74385faff083914ecdd66ef107a765dfb7ac08b38d5c9c0bd,350ba7fca67721c74385faff083914ecdd66ef107a765dfb7ac08b38d5c9c0bd,BlackBasta,malwarebazaar,ransomware,2026-08-07 16:38:55 UTC,analyzed,1539,NO_VICTIM_ACTIVITY,file_type=exe
aa7ef4bb8d0eab74af36162fe42056008d7e19e62ff1b50b870e72140a7b5bd2,aa7ef4bb8d0eab74af36162fe42056008d7e19e62ff1b50b870e72140a7b5bd2,BlackBasta,malwarebazaar,ransomware,2026-08-07 16:38:57 UTC,analyzed,1545,FAILED,file_type=exe
d943a4aabd76582218fd1a9a0a77b2f6a6715b198f9994f0feae6f249b40fdf9,d943a4aabd76582218fd1a9a0a77b2f6a6715b198f9994f0feae6f249b40fdf9,BlackBasta,malwarebazaar,ransomware,2026-08-07 16:38:59 UTC,analyzed,1556,FAILED,file_type=exe
cce74c82a718be7484abf7c51011793f2717cfb2068c92aa35416a93cbd13cfa,cce74c82a718be7484abf7c51011793f2717cfb2068c92aa35416a93cbd13cfa,BlackBasta,malwarebazaar,ransomware,2026-08-07 16:39:01 UTC,analyzed,1566,TRUE_ENCRYPTION,file_type=exe
c532d28f9700abba1a4803c3a9d886c8c4fb26f84cf2399c533d68cfdcec4fa7,c532d28f9700abba1a4803c3a9d886c8c4fb26f84cf2399c533d68cfdcec4fa7,BlackBasta,malwarebazaar,ransomware,2026-08-07 16:39:02 UTC,analyzed,1575,TRUE_ENCRYPTION,file_type=exe
affcb453760dbc48b39f8d4defbcc4fc65d00df6fae395ee27f031c1833abada,affcb453760dbc48b39f8d4defbcc4fc65d00df6fae395ee27f031c1833abada,BlackBasta,malwarebazaar,ransomware,2026-08-07 16:39:04 UTC,analyzed,1584,TRUE_ENCRYPTION,file_type=exe
a9503a3d998e705c37d3bec7fea0ff188bcf7e753833c8b4b195e590c4ed9625,a9503a3d998e705c37d3bec7fea0ff188bcf7e753833c8b4b195e590c4ed9625,BlackBasta,malwarebazaar,ransomware,2026-08-07 16:39:06 UTC,analyzed,1599,FAILED,file_type=exe
15abbff9fbce7f5782c1654775938dcd2ce0a8ebd683a008547f8a4e421888c4,15abbff9fbce7f5782c1654775938dcd2ce0a8ebd683a008547f8a4e421888c4,BlackBasta,malwarebazaar,ransomware,2026-08-07 16:39:07 UTC,analyzed,1603,TRUE_ENCRYPTION,file_type=exe
a083060d38984e7c6f36dcd2c57ec1aa3f50f9c201c8538257c8cbf2b3217e96,a083060d38984e7c6f36dcd2c57ec1aa3f50f9c201c8538257c8cbf2b3217e96,BlackBasta,malwarebazaar,ransomware,2026-08-07 16:39:09 UTC,analyzed,1605,TRUE_ENCRYPTION,file_type=exe
03309c90e6c60a2e3cd44374efa3003ae10cd9e05ba6a39c77aa5289b32cb969,03309c90e6c60a2e3cd44374efa3003ae10cd9e05ba6a39c77aa5289b32cb969,BlackBasta,malwarebazaar,ransomware,2026-08-07 16:39:11 UTC,analyzed,1609,TRUE_ENCRYPTION,file_type=exe
cf1256ae391410f7ebc785d180eb03ff36135cf8f9051b6d8c803386abdafb78,cf1256ae391410f7ebc785d180eb03ff36135cf8f9051b6d8c803386abdafb78,BlackBasta,malwarebazaar,ransomware,2026-08-07 16:39:13 UTC,analyzed,1612,FAILED,file_type=exe
9a55f55886285eef7ffabdd55c0232d1458175b1d868c03d3e304ce7d98980bc,9a55f55886285eef7ffabdd55c0232d1458175b1d868c03d3e304ce7d98980bc,BlackBasta,malwarebazaar,ransomware,2026-08-07 16:39:15 UTC,analyzed,1614,TRUE_ENCRYPTION,file_type=exe
699aaea1598a034cde7ed88cd8a8a36fd59447e09bddef566357061774c48a76,699aaea1598a034cde7ed88cd8a8a36fd59447e09bddef566357061774c48a76,BlackBasta,malwarebazaar,ransomware,2026-08-07 16:39:17 UTC,analyzed,1617,NO_VICTIM_ACTIVITY,file_type=exe
48976d7bf38cca4e952507e9ab27e3874ca01092eed53d0fde89c5966e9533bb,48976d7bf38cca4e952507e9ab27e3874ca01092eed53d0fde89c5966e9533bb,BlackBasta,malwarebazaar,ransomware,2026-08-07 16:39:18 UTC,analyzed,1620,NO_VICTIM_ACTIVITY,file_type=exe
ae7c868713e1d02b4db60128c651eb1e3f6a33c02544cc4cb57c3aa6c6581b6e,ae7c868713e1d02b4db60128c651eb1e3f6a33c02544cc4cb57c3aa6c6581b6e,BlackBasta,malwarebazaar,ransomware,2026-08-07 16:39:20 UTC,analyzed,1622,TRUE_ENCRYPTION,file_type=exe
7883f01096db9bcf090c2317749b6873036c27ba92451b212b8645770e1f0b8a,7883f01096db9bcf090c2317749b6873036c27ba92451b212b8645770e1f0b8a.bin,BlackBasta,malwarebazaar,ransomware,2026-08-07 16:39:22 UTC,analyzed,1630,TRUE_ENCRYPTION,file_type=exe
17205c43189c22dfcb278f5cc45c2562f622b0b6280dcd43cc1d3c274095eb90,17205c43189c22dfcb278f5cc45c2562f622b0b6280dcd43cc1d3c274095eb90.bin,BlackBasta,malwarebazaar,ransomware,2026-08-07 16:39:23 UTC,analyzed,1638,TRUE_ENCRYPTION,file_type=exe
5d2204f3a20e163120f52a2e3595db19890050b2faa96c6cba6b094b0a52b0aa,5d2204f3a20e163120f52a2e3595db19890050b2faa96c6cba6b094b0a52b0aa,BlackBasta,malwarebazaar,ransomware,2026-08-07 16:39:25 UTC,analyzed,1646,NO_VICTIM_ACTIVITY,file_type=exe
359c1e71740dd3ee3556e1c392a72b943960c4f46cf003cd4671775e71788287,file,GLOBAL,malwarebazaar,ransomware,2026-08-07 16:39:28 UTC,analyzed,1467,TRUE_ENCRYPTION,file_type=exe
766f430544751677d52fb8602a6eb27a8fea7513826aa99319017209c1970029,file,GLOBAL,malwarebazaar,ransomware,2026-08-07 16:39:29 UTC,analyzed,1474,TRUE_ENCRYPTION,file_type=exe
3be21ac37d8c817b71ea520d2f4354f0c606fca4cc6a48742b2de87f358af79c,file,GLOBAL,malwarebazaar,ransomware,2026-08-07 16:39:31 UTC,analyzed,1482,TRUE_ENCRYPTION,file_type=exe
5d414a6cb575b89d11cf5cf37c554c29189130e3d8841e9f60ae5b5c08a2d5e7,file,GLOBAL,malwarebazaar,ransomware,2026-08-07 16:39:33 UTC,analyzed,1489,TRUE_ENCRYPTION,file_type=exe
d6283822fc330342132cf753d3ff0dda6bf30946af6251259e6f98141a1eec0d,file,GLOBAL,malwarebazaar,ransomware,2026-08-07 16:39:34 UTC,analyzed,1496,TRUE_ENCRYPTION,file_type=exe
5b872f26adfff2b63bd91ca50847e3fd19a6c612ee089a6953bdad00214f8df2,file,GLOBAL,malwarebazaar,ransomware,2026-08-07 16:39:36 UTC,analyzed,1502,TRUE_ENCRYPTION,file_type=exe
c62850ec00e38c48999b2cf8fdd1f256d71dfb24c103bfdfb32e045b7f693990,file,GLOBAL,malwarebazaar,ransomware,2026-08-07 16:39:37 UTC,analyzed,1508,TRUE_ENCRYPTION,file_type=exe
62715d8a00ed60ebf4736d825628a2c0c6faaa3f9b567b393343f79caff1c965,file,GLOBAL,malwarebazaar,ransomware,2026-08-07 16:39:39 UTC,analyzed,1517,TRUE_ENCRYPTION,file_type=exe
8ae4a61d7dff97b03be346edad80a6f9dbf91d00a505e100fe5a27070c809ab7,file,GLOBAL,malwarebazaar,ransomware,2026-08-07 16:39:41 UTC,analyzed,1529,TRUE_ENCRYPTION,file_type=exe
1582320a0c27d70bde7a97cbe53682dab83efc95124f5e2449bd066960c7e5b9,file,GLOBAL,malwarebazaar,ransomware,2026-08-07 16:39:42 UTC,analyzed,1548,TRUE_ENCRYPTION,file_type=exe
8d49e40a0d85cb05aeaa152977bcd5e34e9219e3cf4b1a25e1e968888616aadb,file,GLOBAL,malwarebazaar,ransomware,2026-08-07 16:39:44 UTC,analyzed,1558,TRUE_ENCRYPTION,file_type=exe
40dbcc2249f5c32ff8aaa62dfa0b9e6df34c2bdd0fbc1348fca4a0f014995756,file,GLOBAL,malwarebazaar,ransomware,2026-08-07 16:39:46 UTC,analyzed,1567,TRUE_ENCRYPTION,file_type=exe
a950a8fdd0d8f7f6e86bd475c3f71381ef4536539e7c50e2aeb6304ae56570e7,file,GLOBAL,malwarebazaar,ransomware,2026-08-07 16:39:47 UTC,analyzed,1576,TRUE_ENCRYPTION,file_type=exe
a0d8032ea8d64e4a7bb6ff292b236955d8239c5826fdcc76b32dbf96cb824acc,file,GLOBAL,malwarebazaar,ransomware,2026-08-07 16:39:49 UTC,analyzed,1585,TRUE_ENCRYPTION,file_type=exe
90e6104462a969029a7c5b023ce811ef0c3ff93eb6bc72b0a0bf9e1baa722795,file,GLOBAL,malwarebazaar,ransomware,2026-08-07 16:39:50 UTC,analyzed,1606,TRUE_ENCRYPTION,file_type=exe
99ed96d48e99828077d807f342cf13244af232c190088f12f548199a8ece8d97,file,GLOBAL,malwarebazaar,ransomware,2026-08-07 16:39:52 UTC,analyzed,1618,TRUE_ENCRYPTION,file_type=exe
b1a0fd0c9c72e68f74b654988423acb2a953427e83990c26c91e5e908ec66387,file,GLOBAL,malwarebazaar,ransomware,2026-08-07 16:39:54 UTC,analyzed,1623,TRUE_ENCRYPTION,file_type=exe
770df171362179564bb433aa4c82502926c420482b7e6b8441a857c5934377ac,file,GLOBAL,malwarebazaar,ransomware,2026-08-07 16:39:55 UTC,analyzed,1631,TRUE_ENCRYPTION,file_type=exe
38b9825abef45b2fb9e0efbfae7124499af85b9f328d4619ac8a37af274e7b4e,file,GLOBAL,malwarebazaar,ransomware,2026-08-07 16:39:57 UTC,analyzed,1639,TRUE_ENCRYPTION,file_type=exe
823da032a4b7f64d6f3706f207d0f2a0cd44cd45b602193c4580403c2d4e8342,file,GLOBAL,malwarebazaar,ransomware,2026-08-07 16:39:59 UTC,analyzed,1647,TRUE_ENCRYPTION,file_type=exe
23437efc7bf2f691678472e0080f4b22fa8e327d41781f95912ff6722a62f5fb,file,GLOBAL,malwarebazaar,ransomware,2026-08-07 16:40:00 UTC,analyzed,1654,TRUE_ENCRYPTION,file_type=exe
4013d5545b490d4bdea2fbfc31cad82cd73e9d617ef5946ae9b9df19d6eada48,file,GLOBAL,malwarebazaar,ransomware,2026-08-07 16:40:02 UTC,analyzed,1660,TRUE_ENCRYPTION,file_type=exe
8baadd5caf6014222b98656e875382126e719f53342591a47c29c408e10fbd60,file,GLOBAL,malwarebazaar,ransomware,2026-08-07 16:40:04 UTC,analyzed,1665,TRUE_ENCRYPTION,file_type=exe
e7ba958cac186815f76fbc5809e479000a5a569034fd0425bf0fb512ac523639,file,GLOBAL,malwarebazaar,ransomware,2026-08-07 16:40:06 UTC,analyzed,1670,TRUE_ENCRYPTION,file_type=exe
5b0684dde84168b41eb1d7022f490f0036a90ea3d00a37e35d69323887826628,file,GLOBAL,malwarebazaar,ransomware,2026-08-07 16:40:08 UTC,analyzed,1675,TRUE_ENCRYPTION,file_type=exe
17c40dc8cfe53fc24d01df2ff4aad1d4914dd592b00d053762f12daec16c7035,file,GLOBAL,malwarebazaar,ransomware,2026-08-07 16:40:09 UTC,analyzed,1680,TRUE_ENCRYPTION,file_type=exe
a858bbbfe1332816b23c8d46443b63f318958e6748c54e4b4040fd908d175d62,file,GLOBAL,malwarebazaar,ransomware,2026-08-07 16:40:11 UTC,analyzed,1685,TRUE_ENCRYPTION,file_type=exe
43a000847d155da05e5c080587b4eb97cbeed61bf6b5d6a4062e5f459f387888,file,GLOBAL,malwarebazaar,ransomware,2026-08-07 16:40:13 UTC,analyzed,1689,TRUE_ENCRYPTION,file_type=exe
4fc29cee350f69681728c009449f12682d90db8541459c505a2830a278be809b,file,GLOBAL,malwarebazaar,ransomware,2026-08-07 16:40:15 UTC,analyzed,1693,TRUE_ENCRYPTION,file_type=exe
26c4a28e9bdd3f85433ced68c48d60ac89e44ff0bde47326d3d19bddc9399a83,file,GLOBAL,malwarebazaar,ransomware,2026-08-07 16:40:17 UTC,analyzed,1697,TRUE_ENCRYPTION,file_type=exe
8ebb428ad35eceea596ffffc9bbf23b7ef3f09e4493eb894dade07eadb9f9652,file,GLOBAL,malwarebazaar,ransomware,2026-08-07 16:40:18 UTC,analyzed,1701,TRUE_ENCRYPTION,file_type=exe
f6f7a37b49310287a253dbdf81e22f0593f44111215ca9308e46d2c68516196f,file,GLOBAL,malwarebazaar,ransomware,2026-08-07 16:40:20 UTC,analyzed,1703,TRUE_ENCRYPTION,file_type=exe
55f3a2d89485bb40ea45e5fa1f24828f71a81ef4ccc541b6657fc7a861ef3add,file,GLOBAL,malwarebazaar,ransomware,2026-08-07 16:40:22 UTC,analyzed,1704,TRUE_ENCRYPTION,file_type=exe
23b43226d53e2c8cd9519d785ba75b833fbd11939cd1d70999f84c1365b2da5d,23b43226d53e2c8cd9519d785ba75b833fbd11939cd1d70999f84c1365b2da5d,GLOBAL,malwarebazaar,ransomware,2026-08-07 16:40:23 UTC,analyzed,1706,TRUE_ENCRYPTION,file_type=exe
a8c28bd6f0f1fe6a9b880400853fc86e46d87b69565ef15d8ab757979cd2cc73,a8c28bd6f0f1fe6a9b880400853fc86e46d87b69565ef15d8ab757979cd2cc73,GLOBAL,malwarebazaar,ransomware,2026-08-07 16:40:27 UTC,analyzed,1708,FAILED,file_type=exe
d2f2dcb52f79307c4f9745a169986ff1f2d5427fe4ba000efb458f7590176da6,mkp_nowin.exe,Makop,malwarebazaar,ransomware,2026-08-07 16:40:29 UTC,analyzed,1469,FAILED,file_type=exe
f0a17efd62272b2bb2dfe0d57ca547044da75a558e32b2d94aa5788c18d9168c,2025-07-25_9ed440ee7c922376d538b9c3dedab10a_elex_makop.exe,Makop,malwarebazaar,ransomware,2026-08-07 16:40:31 UTC,analyzed,1476,TRUE_ENCRYPTION,file_type=exe
90025b71fb52f97a9bb10ef314f7c85f6000619657b2ec7940110da7a9b64703,2025-07-25_14ccbf89e22aca6b27f66e2e3e0be50b_elex_makop.exe,Makop,malwarebazaar,ransomware,2026-08-07 16:40:33 UTC,analyzed,1484,TRUE_ENCRYPTION,file_type=exe
7fa09b186e668d32c7684c318a8e588448d9b3f55f1b9894d5388ac7cf002174,2025-07-22_f1f95ff66c9bbc47a014c2d0aaec27ab_elex_makop.exe,Makop,malwarebazaar,ransomware,2026-08-07 16:40:34 UTC,analyzed,1491,TRUE_ENCRYPTION,file_type=exe
aaf7bb9ad358726ca367f1827686dc15fea925f26ab1e201a2768c67472e8890,전산 및 비전산자료 보존 요청서(20200525)_꼭 확인하시고 자료보존해주세요1.exe,Makop,malwarebazaar,ransomware,2026-08-07 16:40:36 UTC,analyzed,1498,FAILED,file_type=exe
7d4b154e90a8472545d84d7d1ec49888269872c9a8adf3a0411317c8f926f1f5,1729029307c9670caffa3ef67ad14d3c174c0deec0d6c4531a643a5613f5a143ff5932ddf6444.dat-decoded,Makop,malwarebazaar,ransomware,2026-08-07 16:40:38 UTC,analyzed,1504,FAILED,file_type=exe
2aae8c4c79d6332be6f899936c662326250d402f13b1ef85f930d61d4179e183,_______ ____ __(___ ________ _________).exe,Makop,malwarebazaar,ransomware,2026-08-07 16:40:39 UTC,analyzed,1510,NO_VICTIM_ACTIVITY,file_type=exe
d9bed1a2f69d9c144006a97ee6eedaaa9cd94960a93d39aa2c7bc59e17527163,encry.exe,Makop,malwarebazaar,ransomware,2026-08-07 16:40:41 UTC,analyzed,1519,NO_VICTIM_ACTIVITY,file_type=exe
008e4c327875110b96deef1dd8ef65cefa201fef60ca1cbb9ab51b5304e66fe1,2023-04-14_d8ad1664371e35d12035f530252ec8c4_,Makop,malwarebazaar,ransomware,2026-08-07 16:40:43 UTC,analyzed,1531,TRUE_ENCRYPTION,file_type=exe
3757824893405fd34313749b689879b40b02db3d8a682f9f88e23f63908881f7,makop_nowin.bin,Makop,malwarebazaar,ransomware,2026-08-07 16:40:44 UTC,analyzed,1550,FAILED,file_type=exe
56f7b48f3877743c44aef0f3e990b3387dd6185f1c40a7477f5b6bad64960659,mkp_nowin.bin,Makop,malwarebazaar,ransomware,2026-08-07 16:40:46 UTC,analyzed,1560,FAILED,file_type=exe
084c57449c765416706301c723116da5073aa60da415c0eb3013239611135b0e,zfx_visual.exe.v,Makop,malwarebazaar,ransomware,2026-08-07 16:40:47 UTC,analyzed,1569,TRUE_ENCRYPTION,file_type=exe
13c788ccaa70bca1746a8e35a2d9fda5a85b7a225703801baf927b02701886f3,13c788ccaa70bca1746a8e35a2d9fda5a85b7a225703801baf927b02701886f3,Makop,malwarebazaar,ransomware,2026-08-07 16:40:49 UTC,analyzed,1578,FAILED,file_type=exe
dc4bb89a5e91280cb1fcf1d87f8616fe3cc283159c8babb240b437d2e1e5a309,dc4bb89a5e91280cb1fcf1d87f8616fe3cc283159c8babb240b437d2e1e5a309,Makop,malwarebazaar,ransomware,2026-08-07 16:40:51 UTC,analyzed,1587,FAILED,file_type=exe
6b84568ce25ae74bacd0bb7aad5738846ea567180c9139a6de450b82d64e5a1f,6b84568ce25ae74bacd0bb7aad5738846ea567180c9139a6de450b82d64e5a1f,Makop,malwarebazaar,ransomware,2026-08-07 16:40:52 UTC,analyzed,1625,FAILED,file_type=exe
d85c1e6750b46ab77dde45ec04683e7ad84ad29db6a22392af1f22c395909c30,d85c1e6750b46ab77dde45ec04683e7ad84ad29db6a22392af1f22c395909c30,Makop,malwarebazaar,ransomware,2026-08-07 16:40:54 UTC,analyzed,1633,TRUE_ENCRYPTION,file_type=exe
33ed85ff368cf9fed46a9a74482a5ff5863175f5fcac44a61ee13d678ad10611,33ed85ff368cf9fed46a9a74482a5ff5863175f5fcac44a61ee13d678ad10611,Makop,malwarebazaar,ransomware,2026-08-07 16:40:56 UTC,analyzed,1641,TRUE_ENCRYPTION,file_type=exe
b748273a57cb0c0eff16dd6030920c7794d31118e4796471a2d34684c0756144,b748273a57cb0c0eff16dd6030920c7794d31118e4796471a2d34684c0756144,Makop,malwarebazaar,ransomware,2026-08-07 16:40:57 UTC,analyzed,1649,TRUE_ENCRYPTION,file_type=exe
a3f6679f856ce665166f3979520936ce148fb216be6ea509fd8f527256191fe5,a3f6679f856ce665166f3979520936ce148fb216be6ea509fd8f527256191fe5,Makop,malwarebazaar,ransomware,2026-08-07 16:40:59 UTC,analyzed,1656,TRUE_ENCRYPTION,file_type=exe
b08ba51136b2f4ff7a477735d05e91ccc09be3eacbd706331e4a81af7fc68940,b08ba51136b2f4ff7a477735d05e91ccc09be3eacbd706331e4a81af7fc68940,Makop,malwarebazaar,ransomware,2026-08-07 16:41:00 UTC,analyzed,1662,TRUE_ENCRYPTION,file_type=exe
867d49ff57da4de9e097bce1fd0ab1a50a755ca39ef9e97bee34a8a6c9d51bbb,867d49ff57da4de9e097bce1fd0ab1a50a755ca39ef9e97bee34a8a6c9d51bbb,Makop,malwarebazaar,ransomware,2026-08-07 16:41:02 UTC,analyzed,1667,TRUE_ENCRYPTION,file_type=exe
267f4251888e56ee84029a34e56fcceb63940f75fa563b20e1a7267806049a97,267f4251888e56ee84029a34e56fcceb63940f75fa563b20e1a7267806049a97,Makop,malwarebazaar,ransomware,2026-08-07 16:41:03 UTC,analyzed,1672,TRUE_ENCRYPTION,file_type=exe
9c3942cc35345c4ffffdff580e450f86626d89871c853834c2b126afb023ccda,9c3942cc35345c4ffffdff580e450f86626d89871c853834c2b126afb023ccda,Makop,malwarebazaar,ransomware,2026-08-07 16:41:05 UTC,analyzed,1677,FAILED,file_type=exe
c0a84187653d386349e6426392a5aad656685dbcd1ce7e67877a0071800ee626,c0a84187653d386349e6426392a5aad656685dbcd1ce7e67877a0071800ee626,Makop,malwarebazaar,ransomware,2026-08-07 16:41:07 UTC,analyzed,1682,TRUE_ENCRYPTION,file_type=exe
ad534790700a9daa5fda6452692590e5e8c86d6a86aec0110822d0b54a6c21d9,SecuriteInfo.com.FileRepMalware.13968.19609,Makop,malwarebazaar,ransomware,2026-08-07 16:41:09 UTC,analyzed,1687,NO_VICTIM_ACTIVITY,file_type=exe
a6566bc4c76a36a0e880d2151e0a86a59c3af57082b7c83a669dba3f28afb959,SecuriteInfo.com.FileRepMalware.4018.10238,Makop,malwarebazaar,ransomware,2026-08-07 16:41:10 UTC,analyzed,1691,NO_VICTIM_ACTIVITY,file_type=exe
fe52d906fa596e7ae16633074ff7178b3ac40e26a93f0009f1b33d5cbf219e91,fe52d906fa596e7ae16633074ff7178b3ac40e26a93f0009f1b33d5cbf219e91_unpacked,Makop,malwarebazaar,ransomware,2026-08-07 16:41:12 UTC,analyzed,1695,NO_VICTIM_ACTIVITY,file_type=exe
d0dd0f7658b938f9a3036ce308f5018ae0cf3bc516aaf3c18b947afee136c043,d0dd0f7658b938f9a3036ce308f5018ae0cf3bc516aaf3c18b947afee136c043,Makop,malwarebazaar,ransomware,2026-08-07 16:41:13 UTC,analyzed,1699,FAILED,file_type=exe
3b15b66bf6a7d7ebab6437906686037f23a797d15e0fbff3d6741d3f58db8f1e,3b15b66bf6a7d7ebab6437906686037f23a797d15e0fbff3d6741d3f58db8f1e,Makop,malwarebazaar,ransomware,2026-08-07 16:41:15 UTC,analyzed,1710,FAILED,file_type=exe
cfed5d55391704116b3bf68840ebcdd99277054cb1924ecff31876478ed9a927,cfed5d55391704116b3bf68840ebcdd99277054cb1924ecff31876478ed9a927,Makop,malwarebazaar,ransomware,2026-08-07 16:41:17 UTC,analyzed,1713,TRUE_ENCRYPTION,file_type=exe
f4e2bab6cb056c8e644e4b8d4dac7cbf2b972d763f396a475e9fb539438de839,f4e2bab6cb056c8e644e4b8d4dac7cbf2b972d763f396a475e9fb539438de839,Makop,malwarebazaar,ransomware,2026-08-07 16:41:18 UTC,analyzed,1716,FAILED,file_type=exe
7b367f4c26ea8c16697cd8b2d41e568a1fa3a6a7909475b7e0850dc38f374dce,7b367f4c26ea8c16697cd8b2d41e568a1fa3a6a7909475b7e0850dc38f374dce,Makop,malwarebazaar,ransomware,2026-08-07 16:41:22 UTC,analyzed,1719,NO_VICTIM_ACTIVITY,file_type=exe
50b0c7858bc2bb2d1fa3d441bd2c4e3930b88b77c6cef11a51af5705727d6639,HEUR-Trojan.MSIL.Taskun.gen-50b0c7858bc2bb2d1fa3d441bd2c4e3930b88b77c6cef11a51af5705727d6639,Makop,malwarebazaar,ransomware,2026-08-07 16:41:24 UTC,analyzed,1721,NO_VICTIM_ACTIVITY,file_type=exe
4b12f4fdf07d06fb59b5619d01a293c51d32efd183d45a87459b47d5169cfe51,4b12f4fdf07d06fb59b5619d01a293c51d32efd183d45a87459b47d5169cfe51,Makop,malwarebazaar,ransomware,2026-08-07 16:41:25 UTC,analyzed,1723,FAILED,file_type=exe
bc0ed3e73b8d1fdc839f2e8ed3578ca3221dba4eb984e581cb00dfb4cdfb7d49,bc0ed3e73b8d1fdc839f2e8ed3578ca3221dba4eb984e581cb00dfb4cdfb7d49.bin,Makop,malwarebazaar,ransomware,2026-08-07 16:41:27 UTC,analyzed,1725,FAILED,file_type=exe
94658982002db6acea22c68b7619f71154933effd6428a81a235aba6e2789328,b80103a60fa68e425a4fd200ca223915.exe,Makop,malwarebazaar,ransomware,2026-08-07 16:41:29 UTC,analyzed,1727,NO_VICTIM_ACTIVITY,file_type=exe
dffefbde27442b9095388b1871ffdc101c430b9a814138be4f962328a5b73fde,(경력사항도 같이 기재하였으니 참고부탁드립니다).exe,Makop,malwarebazaar,ransomware,2026-08-07 16:41:31 UTC,analyzed,1729,NO_VICTIM_ACTIVITY,file_type=exe
0ed05e4be5376f0cf391a78afc7a3114ffbfa064348fb66cd93e8ee6f6b27fe1,SecuriteInfo.com.Trojan.GenericKD.36380495.3131.9989,Makop,malwarebazaar,ransomware,2026-08-07 16:41:33 UTC,analyzed,1731,NO_VICTIM_ACTIVITY,file_type=exe
c34d0660da24b48480de58aaa394bd27f5a5b1ed9249d897ca4dde70312a87ec,c34d0660da24b48480de58aaa394bd27f5a5b1ed9249d897ca4dde70312a87ec.bin,Makop,malwarebazaar,ransomware,2026-08-07 16:41:34 UTC,analyzed,1733,NO_VICTIM_ACTIVITY,file_type=exe
fc257f64a0279bb5ae221b968d3f38bbb7237a8475c165c5a8430fe6633e3fe6,f64ecdec4c84ac7ef0ca6c2ef4d94eea.exe,Makop,malwarebazaar,ransomware,2026-08-07 16:41:36 UTC,analyzed,1735,NO_VICTIM_ACTIVITY,file_type=exe
2b5a3934d3e81fee4654bb1a7288c81af158a6d48a666cf8e379b0492551188f,b33e8ce6a7035bee5c5472d5b870b68a.vir,Makop,malwarebazaar,ransomware,2026-08-07 16:41:38 UTC,analyzed,1737,NO_VICTIM_ACTIVITY,file_type=exe
212fda15138c362d0f7b8f5a2bf43cf8dca0030eee02f06cf2b0516325386355,212fda15138c362d0f7b8f5a2bf43cf8dca0030eee02f06cf2b0516325386355,Makop,malwarebazaar,ransomware,2026-08-07 16:41:39 UTC,analyzed,1738,NO_VICTIM_ACTIVITY,file_type=exe
fa2b92d07e6f86bcd56bd1b5d146bedcda1e623028612afab2ee749764046834,makop,Makop,malwarebazaar,ransomware,2026-08-07 16:41:41 UTC,analyzed,1739,TRUE_ENCRYPTION,file_type=exe
e51abdb2023b560244802f7d9687944dc0dff3042c28d7bc7a2b517df6e24942,mkp.exe,Makop,malwarebazaar,ransomware,2026-08-07 16:41:43 UTC,analyzed,1740,TRUE_ENCRYPTION,file_type=exe
801384c781c364acdc61e60e5b120359cb4617a42da8155123f3a0381a56495a,_______200728(_____ __ __ ________ ________).exe,Makop,malwarebazaar,ransomware,2026-08-07 16:41:45 UTC,analyzed,1741,FAILED,file_type=exe
f8a505c194572963b8defea169a2bf9b7e87ba2a38df1afb990623715a81daf3,f8a505c194572963b8defea169a2bf9b7e87ba2a38df1afb990623715a81daf3,Makop,malwarebazaar,ransomware,2026-08-07 16:41:46 UTC,analyzed,1742,FAILED,file_type=exe
03b5ff330cca623ed119cd2a77b2a142bc38f2a8a3a6e714793fe20f7b0c4051,03b5ff330cca623ed119cd2a77b2a142bc38f2a8a3a6e714793fe20f7b0c4051,Makop,malwarebazaar,ransomware,2026-08-07 16:41:48 UTC,analyzed,1743,FAILED,file_type=exe
57eab146f612a387a6d0db7073f200742634a31cc78dda6f59cfdc8996ddca4a,2.exe,Makop,malwarebazaar,ransomware,2026-08-07 16:41:50 UTC,analyzed,1744,FAILED,file_type=exe
4aa3ae979ad5fb790408c90ebe653592f5861eb7b8dac54cad59e9ac1c54bac4,1.exe,Makop,malwarebazaar,ransomware,2026-08-07 16:41:51 UTC,analyzed,1745,FAILED,file_type=exe
bc225c5fe58ce3b42512871afdcc4513a870812b6b6477d8fe53bca77100660e,이력서_경력사항은 모두 기재하였습니다 확인부탁드리겠습니다 감사합니다.exe,Makop,malwarebazaar,ransomware,2026-08-07 16:41:53 UTC,analyzed,1746,FAILED,file_type=exe
fe9ce5213926fe31b6d7f6f9411ecbad6e088f122b2d33d4ceb54410ccf8182f,fe9ce5213926fe31b6d7f6f9411ecbad6e088f122b2d33d4ceb54410ccf8182f,Akira,malwarebazaar,ransomware,2026-08-08 01:27:57 UTC,analyzed,1512,TRUE_ENCRYPTION,file_type=exe
fe210ab25c1e0f651a93f0f4c5f64091e0e3d45ba80924d9c5dca8339dd3024b,akira.exe.bin,Akira,malwarebazaar,ransomware,2026-08-08 01:27:59 UTC,analyzed,1524,TRUE_ENCRYPTION,file_type=exe
636feebdc134785412571bf29231038768c81ddee60ddd15e7d928754011f898,akira.exe,Akira,malwarebazaar,ransomware,2026-08-08 01:28:01 UTC,analyzed,1536,TRUE_ENCRYPTION,file_type=exe
f12e00c1f9ee0e3ad6389f1f74bf4acc7c91a54948a4637b037357108f81133c,f12e00c1f9ee0e3ad6389f1f74bf4acc7c91a54948a4637b037357108f81133c.bin,Akira,malwarebazaar,ransomware,2026-08-08 01:28:03 UTC,analyzed,1537,TRUE_ENCRYPTION,file_type=exe
30430bcfeee8141ba1dba3983c9a8d89f3c1acf5b8efd0d97f23d4a122c0787a,30430bcfeee8141ba1dba3983c9a8d89f3c1acf5b8efd0d97f23d4a122c0787a,Akira,malwarebazaar,ransomware,2026-08-08 01:28:05 UTC,analyzed,1540,TRUE_ENCRYPTION,file_type=exe
198dfcbc76525d6b18a504fbb45d715876dddb9c7a70e2857cfc8a9cd41b3308,198dfcbc76525d6b18a504fbb45d715876dddb9c7a70e2857cfc8a9cd41b3308,Akira,malwarebazaar,ransomware,2026-08-08 01:28:06 UTC,analyzed,1541,TRUE_ENCRYPTION,file_type=exe
e3f059eff2a2fd62f9161663ff2d39580d56aba17d85e8f16908381bb84d0842,e3f059eff2a2fd62f9161663ff2d39580d56aba17d85e8f16908381bb84d0842,Akira,malwarebazaar,ransomware,2026-08-08 01:28:08 UTC,analyzed,1543,TRUE_ENCRYPTION,file_type=exe
86b421d47957716217c6aa646402f2a85fb7b1cc2eb988e22102d5a2b2af38d4,86b421d47957716217c6aa646402f2a85fb7b1cc2eb988e22102d5a2b2af38d4,Akira,malwarebazaar,ransomware,2026-08-08 01:28:10 UTC,analyzed,1554,TRUE_ENCRYPTION,file_type=exe
dd6846820cc36b396809f63b3dc9ffb90be3b9e270f77c2fbeda0b04870a1a1d,dd6846820cc36b396809f63b3dc9ffb90be3b9e270f77c2fbeda0b04870a1a1d,Akira,malwarebazaar,ransomware,2026-08-08 01:28:12 UTC,analyzed,1564,TRUE_ENCRYPTION,file_type=exe
b9c1e8700e39c6768be9d6bcb092cd6abe80d4244fc437566b58721cdc7d61ff,b9c1e8700e39c6768be9d6bcb092cd6abe80d4244fc437566b58721cdc7d61ff,Akira,malwarebazaar,ransomware,2026-08-08 01:28:13 UTC,analyzed,1573,TRUE_ENCRYPTION,file_type=exe
20c8003ce867f220f35d70424592dd33c5ad53d5d3a6e7845394375bda6f3c19,20c8003ce867f220f35d70424592dd33c5ad53d5d3a6e7845394375bda6f3c19,Akira,malwarebazaar,ransomware,2026-08-08 01:28:15 UTC,analyzed,1582,TRUE_ENCRYPTION,file_type=exe
0358e06e72e92d95dbaff4f113018f6bf6fd0fb064108adc349b80d016b207eb,0358e06e72e92d95dbaff4f113018f6bf6fd0fb064108adc349b80d016b207eb,Akira,malwarebazaar,ransomware,2026-08-08 01:28:17 UTC,analyzed,1591,TRUE_ENCRYPTION,file_type=exe
39e8cc7d47b69341908afda35046dbcccf118271918e69c4012dd35923b55c9f,39e8cc7d47b69341908afda35046dbcccf118271918e69c4012dd35923b55c9f,Akira,malwarebazaar,ransomware,2026-08-08 01:28:19 UTC,analyzed,1593,TRUE_ENCRYPTION,file_type=exe
a091fb15074d114bcc16a3575c6053535356c3e8576e50e147b7cf3876d33267,a091fb15074d114bcc16a3575c6053535356c3e8576e50e147b7cf3876d33267,Akira,malwarebazaar,ransomware,2026-08-08 01:28:21 UTC,analyzed,1594,TRUE_ENCRYPTION,file_type=exe
c4a2ab36c207f3e437ea3c7b424c18521d3ada91ef771a3d04fbd2db99f18857,c4a2ab36c207f3e437ea3c7b424c18521d3ada91ef771a3d04fbd2db99f18857,Akira,malwarebazaar,ransomware,2026-08-08 01:28:22 UTC,analyzed,1596,TRUE_ENCRYPTION,file_type=exe
74fbb7885ee486028fe2723f95911474b771f361b2b40ddb77c46f252059c696,74fbb7885ee486028fe2723f95911474b771f361b2b40ddb77c46f252059c696,Akira,malwarebazaar,ransomware,2026-08-08 01:28:24 UTC,analyzed,1597,TRUE_ENCRYPTION,file_type=exe
a5806174261004a0b8b5c0be808a77e5f25b867a4c522813035c2b0dc05d90a2,a5806174261004a0b8b5c0be808a77e5f25b867a4c522813035c2b0dc05d90a2,Akira,malwarebazaar,ransomware,2026-08-08 01:28:26 UTC,analyzed,1600,TRUE_ENCRYPTION,file_type=exe
3720cafdd914d70d5fccf8d61593a66b5bdc400432e687c92e66eb3b5e8a9d9e,3720cafdd914d70d5fccf8d61593a66b5bdc400432e687c92e66eb3b5e8a9d9e,Akira,malwarebazaar,ransomware,2026-08-08 01:28:28 UTC,analyzed,1602,TRUE_ENCRYPTION,file_type=exe
f11b60b273e2606e91832edbb014ad229563f5c537ddab11dba80018c11364dd,f11b60b273e2606e91832edbb014ad229563f5c537ddab11dba80018c11364dd,Akira,malwarebazaar,ransomware,2026-08-08 01:28:29 UTC,analyzed,1604,TRUE_ENCRYPTION,file_type=exe
e10cae894e8873c72ae9e5f3590e2f78f6cc2dcfe01e1a5039c8b6532bfab5f8,e10cae894e8873c72ae9e5f3590e2f78f6cc2dcfe01e1a5039c8b6532bfab5f8,Akira,malwarebazaar,ransomware,2026-08-08 01:28:31 UTC,analyzed,1608,TRUE_ENCRYPTION,file_type=exe
d07b379369e9faea0fed406b9b37652b2fc6453044ab17c1e2189cf61640ab90,d07b379369e9faea0fed406b9b37652b2fc6453044ab17c1e2189cf61640ab90,Akira,malwarebazaar,ransomware,2026-08-08 01:28:33 UTC,analyzed,1610,TRUE_ENCRYPTION,file_type=exe
ccda8247360a85b6c076527e438a995757b6cdf5530f38e125915d31291c00d5,ccda8247360a85b6c076527e438a995757b6cdf5530f38e125915d31291c00d5,Akira,malwarebazaar,ransomware,2026-08-08 01:28:35 UTC,analyzed,1611,TRUE_ENCRYPTION,file_type=exe
a6d68214bf78c925b6fe6ab277589bc28c338e7253625925a674f380f3a52102,a6d68214bf78c925b6fe6ab277589bc28c338e7253625925a674f380f3a52102,Akira,malwarebazaar,ransomware,2026-08-08 01:28:36 UTC,analyzed,1613,TRUE_ENCRYPTION,file_type=exe
120715377727531a56f32225e196b1536618d224662fa0b3ba6c52dba80f3b29,120715377727531a56f32225e196b1536618d224662fa0b3ba6c52dba80f3b29,Akira,malwarebazaar,ransomware,2026-08-08 01:28:38 UTC,analyzed,1615,TRUE_ENCRYPTION,file_type=exe
566ef5484da0a93c87dd0cb0a950a7cff4ab013175289cd5fccf9dd7ea430739,566ef5484da0a93c87dd0cb0a950a7cff4ab013175289cd5fccf9dd7ea430739,Akira,malwarebazaar,ransomware,2026-08-08 01:28:40 UTC,analyzed,1616,TRUE_ENCRYPTION,file_type=exe
88da2b1cee373d5f11949c1ade22af0badf16591a871978a9e02f70480e547b2,88da2b1cee373d5f11949c1ade22af0badf16591a871978a9e02f70480e547b2,Akira,malwarebazaar,ransomware,2026-08-08 01:28:42 UTC,analyzed,1619,TRUE_ENCRYPTION,file_type=exe
87b4020bcd3fad1f5711e6801ca269ef5852256eeaf350f4dde2dc46c576262d,87b4020bcd3fad1f5711e6801ca269ef5852256eeaf350f4dde2dc46c576262d,Akira,malwarebazaar,ransomware,2026-08-08 01:28:44 UTC,analyzed,1621,TRUE_ENCRYPTION,file_type=exe
78d75669390e4177597faf9271ce3ad3a16a3652e145913dbfa9a5951972fcb0,78d75669390e4177597faf9271ce3ad3a16a3652e145913dbfa9a5951972fcb0,Akira,malwarebazaar,ransomware,2026-08-08 01:28:45 UTC,analyzed,1629,TRUE_ENCRYPTION,file_type=exe
58e685695afc3a85d2632777a2b54967dc53d6a6fa1b7e2c110b2023b561bfe9,58e685695afc3a85d2632777a2b54967dc53d6a6fa1b7e2c110b2023b561bfe9,Akira,malwarebazaar,ransomware,2026-08-08 01:28:47 UTC,analyzed,1637,TRUE_ENCRYPTION,file_type=exe
43b0ac119ff957bb209d86ec206ea1ec3c51dd87bebf7b4a649c7e6c7f3756e7,43b0ac119ff957bb209d86ec206ea1ec3c51dd87bebf7b4a649c7e6c7f3756e7,Akira,malwarebazaar,ransomware,2026-08-08 01:28:49 UTC,analyzed,1645,TRUE_ENCRYPTION,file_type=exe
2d931f6867e7049b450c8ab36e1f8e6a51f0ee95fc2253d0759e3e3b118fe1d1,2d931f6867e7049b450c8ab36e1f8e6a51f0ee95fc2253d0759e3e3b118fe1d1,Akira,malwarebazaar,ransomware,2026-08-08 01:28:50 UTC,analyzed,1653,TRUE_ENCRYPTION,file_type=exe
1ec34305e593c27bb95d538d45b6a17433e71fa1c1877ce78bf2dbda6839f218,1ec34305e593c27bb95d538d45b6a17433e71fa1c1877ce78bf2dbda6839f218,Akira,malwarebazaar,ransomware,2026-08-08 01:28:52 UTC,analyzed,1659,TRUE_ENCRYPTION,file_type=exe
0c662d28268514fabc7129fd14d6e3e9d7df29261a861bcf8aab1f318bb8e7d0,0c662d28268514fabc7129fd14d6e3e9d7df29261a861bcf8aab1f318bb8e7d0,Akira,malwarebazaar,ransomware,2026-08-08 01:28:55 UTC,analyzed,1664,TRUE_ENCRYPTION,file_type=exe
aaa7799edfd86b52438a9e0d71f8069cbcbe1988036b95888fcdc553e729b7b9,Ransomware Akira,Akira,malwarebazaar,ransomware,2026-08-08 01:28:56 UTC,analyzed,1669,TRUE_ENCRYPTION,file_type=exe
2e2ad6392e75d5a5155498c2a76cb373d17ca3ad4ba57c6d33c623fca5e29342,Akira Ransomware,Akira,malwarebazaar,ransomware,2026-08-08 01:28:58 UTC,analyzed,1674,TRUE_ENCRYPTION,file_type=exe
2c7aeac07ce7f03b74952e0e243bd52f2bfa60fadc92dd71a6a1fee2d14cdd77,win32_locker.ex_,Akira,malwarebazaar,ransomware,2026-08-08 01:29:00 UTC,analyzed,1679,TRUE_ENCRYPTION,file_type=exe
988776358d0e45a4907dc1f4906a916f1b3595a31fa44d8e04e563a32557eb42,win_locker.ex_,Akira,malwarebazaar,ransomware,2026-08-08 01:29:03 UTC,analyzed,1684,TRUE_ENCRYPTION,file_type=exe
48877a3a4c72c1daf3a80e3c034b56a04cec7ce3856887fed73e645e53c76b96,build.exe,Trigona,malwarebazaar,ransomware,2026-08-08 01:29:07 UTC,analyzed,1523,TRUE_ENCRYPTION,file_type=exe
0c23eff79c5d333e00b45e224656b6bf8f9e659dbd6761d926c09a0f301cdcc4,1.exe,Trigona,malwarebazaar,ransomware,2026-08-08 01:29:09 UTC,analyzed,1535,TRUE_ENCRYPTION,file_type=exe
648a2523aa0392033a003d9d9d8e13c67124447b99aedfb319f6644cb59b9d64,1.exe,Trigona,malwarebazaar,ransomware,2026-08-08 01:29:11 UTC,analyzed,1553,TRUE_ENCRYPTION,file_type=exe
a53ef8240fc2260ea62ef6a426c04e6333d96517d4d2f91492ab6de81a9eeee6,2.exe,Trigona,malwarebazaar,ransomware,2026-08-08 01:29:12 UTC,analyzed,1563,TRUE_ENCRYPTION,file_type=exe
da23f2f8f56b914c11beb31d1e3b4d663abf4ecb750554475fab11bf5d0a66b3,3.exe,Trigona,malwarebazaar,ransomware,2026-08-08 01:29:14 UTC,analyzed,1572,TRUE_ENCRYPTION,file_type=exe
51f60098e30ba803c3f3779273ec2b2b227d366af4187625975115efa5a7e6a7,51f60098e30ba803c3f3779273ec2b2b227d366af4187625975115efa5a7e6a7,Trigona,malwarebazaar,ransomware,2026-08-08 01:29:16 UTC,analyzed,1581,TRUE_ENCRYPTION,file_type=exe
55654807b9af7ebca5e3714d950fe07c017f92ad696f57467554249e90c83fdb,55654807b9af7ebca5e3714d950fe07c017f92ad696f57467554249e90c83fdb,Trigona,malwarebazaar,ransomware,2026-08-08 01:29:17 UTC,analyzed,1590,TRUE_ENCRYPTION,file_type=exe
5fb8e5ecbb9872d6c9188b565013ccff8717df9adf074f2deae64546d1115c5a,5fb8e5ecbb9872d6c9188b565013ccff8717df9adf074f2deae64546d1115c5a,Trigona,malwarebazaar,ransomware,2026-08-08 01:29:19 UTC,analyzed,1628,TRUE_ENCRYPTION,file_type=exe
e10f9051c624ad49798291e19e50a64701d93a729a10c7d854153455e295663e,e10f9051c624ad49798291e19e50a64701d93a729a10c7d854153455e295663e,Trigona,malwarebazaar,ransomware,2026-08-08 01:29:21 UTC,analyzed,1636,TRUE_ENCRYPTION,file_type=exe
e73605374d40933b78ad13d7053d656f373b285efb6a3ab89ae6cd80191f0778,e73605374d40933b78ad13d7053d656f373b285efb6a3ab89ae6cd80191f0778,Trigona,malwarebazaar,ransomware,2026-08-08 01:29:22 UTC,analyzed,1644,TRUE_ENCRYPTION,file_type=exe
ebcacef587c73ab33ebea025ffd6bf5d303dcf2382c25bdeac960a63d9252762,ebcacef587c73ab33ebea025ffd6bf5d303dcf2382c25bdeac960a63d9252762,Trigona,malwarebazaar,ransomware,2026-08-08 01:29:24 UTC,analyzed,1652,TRUE_ENCRYPTION,file_type=exe
f06974117c40911501007b835777d44b67171bae4ddb4b77a0842fe3a93bc3a6,f06974117c40911501007b835777d44b67171bae4ddb4b77a0842fe3a93bc3a6,Trigona,malwarebazaar,ransomware,2026-08-08 01:29:25 UTC,analyzed,1658,TRUE_ENCRYPTION,file_type=exe
f1c2d2f2cfe7d0a4ebfb87739c4233eb526efd1ea238ba68e27d166deb709a0c,f1c2d2f2cfe7d0a4ebfb87739c4233eb526efd1ea238ba68e27d166deb709a0c,Trigona,malwarebazaar,ransomware,2026-08-08 01:29:27 UTC,analyzed,1663,TRUE_ENCRYPTION,file_type=exe
f3cf4730337a3cc11c173bab33b8b0f7f4b98e41fa6e45895b02bae3e5ee9f27,f3cf4730337a3cc11c173bab33b8b0f7f4b98e41fa6e45895b02bae3e5ee9f27,Trigona,malwarebazaar,ransomware,2026-08-08 01:29:28 UTC,analyzed,1668,TRUE_ENCRYPTION,file_type=exe
f92a9559944e57854746dbbb96a04669e36c78a481f8c34313bfc561146999e6,f92a9559944e57854746dbbb96a04669e36c78a481f8c34313bfc561146999e6,Trigona,malwarebazaar,ransomware,2026-08-08 01:29:30 UTC,analyzed,1673,TRUE_ENCRYPTION,file_type=exe
fb30464577a78712879d87c66d915cd01b2f995dabdcbd14dcdc004819f0353f,fb30464577a78712879d87c66d915cd01b2f995dabdcbd14dcdc004819f0353f,Trigona,malwarebazaar,ransomware,2026-08-08 01:29:32 UTC,analyzed,1678,TRUE_ENCRYPTION,file_type=exe
fb921bebebeceb58ca29a0fdccacb94674945d4023aded9d37b81113a787bfbb,fb921bebebeceb58ca29a0fdccacb94674945d4023aded9d37b81113a787bfbb,Trigona,malwarebazaar,ransomware,2026-08-08 01:29:33 UTC,analyzed,1683,TRUE_ENCRYPTION,file_type=exe
fe81c5caa0e269c1cbbd0aca9557677c4f57829d621f2f21768728c92e4f0498,fe81c5caa0e269c1cbbd0aca9557677c4f57829d621f2f21768728c92e4f0498,Trigona,malwarebazaar,ransomware,2026-08-08 01:29:35 UTC,analyzed,1688,TRUE_ENCRYPTION,file_type=exe
bb44536157131abfbb8d50936e71dee0f7dad35dbb8a206e1eafd93e4e68999c,bb44536157131abfbb8d50936e71dee0f7dad35dbb8a206e1eafd93e4e68999c,Trigona,malwarebazaar,ransomware,2026-08-08 01:29:36 UTC,analyzed,1692,TRUE_ENCRYPTION,file_type=exe
be6dfedd91e1ebc81d58a61b05b0ef93322425b247636a0f7f5c3eeebbc52edd,be6dfedd91e1ebc81d58a61b05b0ef93322425b247636a0f7f5c3eeebbc52edd,Trigona,malwarebazaar,ransomware,2026-08-08 01:29:38 UTC,analyzed,1696,TRUE_ENCRYPTION,file_type=exe
bea0bbe82cef5b06c5631d7108722ad318816649cc292a30f712fe67618542d1,bea0bbe82cef5b06c5631d7108722ad318816649cc292a30f712fe67618542d1,Trigona,malwarebazaar,ransomware,2026-08-08 01:29:40 UTC,analyzed,1700,TRUE_ENCRYPTION,file_type=exe
bf3583f12fbb140d0f297a70e5a053728829bcdca6ba87cef1361693eb8a836e,bf3583f12fbb140d0f297a70e5a053728829bcdca6ba87cef1361693eb8a836e,Trigona,malwarebazaar,ransomware,2026-08-08 01:29:41 UTC,analyzed,1711,TRUE_ENCRYPTION,file_type=exe
c25ae06404fd08f3b3729040028d909f670ddbfeab2ed2cf79482e90a3822948,c25ae06404fd08f3b3729040028d909f670ddbfeab2ed2cf79482e90a3822948,Trigona,malwarebazaar,ransomware,2026-08-08 01:29:43 UTC,analyzed,1714,TRUE_ENCRYPTION,file_type=exe
c34300432b8aad4db5d830977f5496872bcbb8a8b99020240d4e09447970ec14,c34300432b8aad4db5d830977f5496872bcbb8a8b99020240d4e09447970ec14,Trigona,malwarebazaar,ransomware,2026-08-08 01:29:44 UTC,analyzed,1717,TRUE_ENCRYPTION,file_type=exe
cf4644c0c78d3bb0c6460a4b877d5051341e31707b31a9dbd8bc53c90b17f995,cf4644c0c78d3bb0c6460a4b877d5051341e31707b31a9dbd8bc53c90b17f995,Trigona,malwarebazaar,ransomware,2026-08-08 01:29:46 UTC,analyzed,1720,TRUE_ENCRYPTION,file_type=exe
cf9972fdff45287ddd6635c72820b083d613022a20f515546a0d577d8366dccf,cf9972fdff45287ddd6635c72820b083d613022a20f515546a0d577d8366dccf,Trigona,malwarebazaar,ransomware,2026-08-08 01:29:47 UTC,analyzed,1722,TRUE_ENCRYPTION,file_type=exe
d168daab4fd03702fcb60af9b380ee785245577e6ad880fa4f117f8559dee596,d168daab4fd03702fcb60af9b380ee785245577e6ad880fa4f117f8559dee596,Trigona,malwarebazaar,ransomware,2026-08-08 01:29:49 UTC,analyzed,1724,TRUE_ENCRYPTION,file_type=exe
ddc3e57e4a913dd5bc8070e7a7760b804aa15f0387bafa7de7d4ac6a4f797300,ddc3e57e4a913dd5bc8070e7a7760b804aa15f0387bafa7de7d4ac6a4f797300,Trigona,malwarebazaar,ransomware,2026-08-08 01:29:51 UTC,analyzed,1726,TRUE_ENCRYPTION,file_type=exe
8bddecbe432271285be01a38fd30f146180466cc2b5e84aff92089d412aefaea,code3.exe,Trigona,malwarebazaar,ransomware,2026-08-08 01:29:52 UTC,analyzed,1728,TRUE_ENCRYPTION,file_type=exe
dd34bb9b403e1daaf35ad243d4e6bd73b30c6b82d6026e8e69ccf66f521882df,code2.exe,Trigona,malwarebazaar,ransomware,2026-08-08 01:29:54 UTC,analyzed,1730,TRUE_ENCRYPTION,file_type=exe
728a92e80adaf17a7248eb9934e2ffbfb6fbdfee192d86b67d9d765986d402d5,code.exe,Trigona,malwarebazaar,ransomware,2026-08-08 01:29:56 UTC,analyzed,1732,TRUE_ENCRYPTION,file_type=exe
85f4088286ac1eedc94ad9dc6465e9e4b89d1cde3012f9949450fcc9f2b60431,85f4088286ac1eedc94ad9dc6465e9e4b89d1cde3012f9949450fcc9f2b60431.bin,Trigona,malwarebazaar,ransomware,2026-08-08 01:29:58 UTC,analyzed,1734,TRUE_ENCRYPTION,file_type=exe
b49bf3a4baf637e067a8db7360051eba39713b7958519b49f8e236b6014c8477,Trigona,Trigona,malwarebazaar,ransomware,2026-08-08 01:29:59 UTC,analyzed,1736,TRUE_ENCRYPTION,file_type=exe
31c3574456573c89d444478772597db40f075e25c67b8de39926d2faa63ca1d8,bicicletasmilan.com.exe,Qilin,malwarebazaar,ransomware,2026-08-08 01:30:07 UTC,analyzed,1521,FAILED,file_type=exe
56e1d092c07322d9dad7d85d773953573cc3294b9e428b3bbbaf935ca4d2f7e7,SecuriteInfo.com.Trojan-Ransom.Qilin.14732.26799,Qilin,malwarebazaar,ransomware,2026-08-08 01:30:11 UTC,analyzed,1533,FAILED,file_type=exe
6b5a962ad755b0723863cdb386b6958cc0c6dc3ca81fd61cd3adcdeaefa7f9c0,SecuriteInfo.com.Win64.Evo-gen.6225.9028,Cactus,malwarebazaar,ransomware,2026-08-08 01:30:15 UTC,analyzed,1515,FAILED,file_type=exe
a20bdb925e1f673b30da71c943e9dd460ee68e23b44fe00c8a1b09609804f105,Gosjeufon.cpl,Cactus,malwarebazaar,ransomware,2026-08-08 01:30:17 UTC,analyzed,1527,TRUE_ENCRYPTION,file_type=exe
d2100ffe58eb50c05d97a3da738ccd1f0be9672c057c26a10140af80595b78c3,Gosjeufon.cpl,Cactus,malwarebazaar,ransomware,2026-08-08 01:30:19 UTC,analyzed,1546,TRUE_ENCRYPTION,file_type=exe
deea481121129d4779195e93fdc39ae62fecb168fd5a384d0ccf8082f06092e5,deea481121129d4779195e93fdc39ae62fecb168fd5a384d0ccf8082f06092e5,INC,malwarebazaar,ransomware,2026-08-08 01:30:22 UTC,analyzed,1518,TRUE_ENCRYPTION,file_type=exe
0a9a454966b1f7f50c9d79c67f4641165a733c35c2d65ef58c320c13424d0b9f,0a9a454966b1f7f50c9d79c67f4641165a733c35c2d65ef58c320c13424d0b9f,INC,malwarebazaar,ransomware,2026-08-08 01:30:23 UTC,analyzed,1530,NO_VICTIM_ACTIVITY,file_type=exe
c3d8c86844d7bb86dea31bcb0510542fb59bc3bc67a4e3df59f72da5c8509f54,c3d8c86844d7bb86dea31bcb0510542fb59bc3bc67a4e3df59f72da5c8509f54,INC,malwarebazaar,ransomware,2026-08-08 01:30:26 UTC,analyzed,1549,TRUE_ENCRYPTION,file_type=exe
f71fc818362b1465fc1deb361de36badc73ac4dd9e815153c9022f82c4062787,f71fc818362b1465fc1deb361de36badc73ac4dd9e815153c9022f82c4062787,INC,malwarebazaar,ransomware,2026-08-08 01:30:27 UTC,analyzed,1559,TRUE_ENCRYPTION,file_type=exe
80908a51e403efd47b1d3689c3fb9447d3fb962d691d856b8b97581eefc0c441,80908a51e403efd47b1d3689c3fb9447d3fb962d691d856b8b97581eefc0c441,INC,malwarebazaar,ransomware,2026-08-08 01:30:29 UTC,analyzed,1568,TRUE_ENCRYPTION,file_type=exe
02472036db9ec498ae565b344f099263f3218ecb785282150e8565d5cac92461,02472036db9ec498ae565b344f099263f3218ecb785282150e8565d5cac92461,INC,malwarebazaar,ransomware,2026-08-08 01:30:31 UTC,analyzed,1577,TRUE_ENCRYPTION,file_type=exe
36e3c83e50a19ad1048dab7814f3922631990578aab0790401bc67dbcc90a72e,36e3c83e50a19ad1048dab7814f3922631990578aab0790401bc67dbcc90a72e,INC,malwarebazaar,ransomware,2026-08-08 01:30:32 UTC,analyzed,1586,TRUE_ENCRYPTION,file_type=exe
11cfd8e84704194ff9c56780858e9bbb9e82ff1b958149d74c43969d06ea10bd,11cfd8e84704194ff9c56780858e9bbb9e82ff1b958149d74c43969d06ea10bd,INC,malwarebazaar,ransomware,2026-08-08 01:30:34 UTC,analyzed,1607,TRUE_ENCRYPTION,file_type=exe
5a8883ad96a944593103f2f7f3a692ea3cde1ede71cf3de6750eb7a044a61486,5a8883ad96a944593103f2f7f3a692ea3cde1ede71cf3de6750eb7a044a61486,INC,malwarebazaar,ransomware,2026-08-08 01:30:35 UTC,analyzed,1624,TRUE_ENCRYPTION,file_type=exe
05e4f234a0f177949f375a56b1a875c9ca3d2bee97a2cb73fc2708914416c5a9,05e4f234a0f177949f375a56b1a875c9ca3d2bee97a2cb73fc2708914416c5a9,INC,malwarebazaar,ransomware,2026-08-08 01:30:37 UTC,analyzed,1632,TRUE_ENCRYPTION,file_type=exe
02f451f99b241e6ba22cc794a91129c59593bf291f265b863bc8962c55a1017a,02f451f99b241e6ba22cc794a91129c59593bf291f265b863bc8962c55a1017a,INC,malwarebazaar,ransomware,2026-08-08 01:30:38 UTC,analyzed,1640,TRUE_ENCRYPTION,file_type=exe
0cb4e7d35eb3f4585c6168988247e30d99ef24d3ef006d91971e3913ef593c42,0cb4e7d35eb3f4585c6168988247e30d99ef24d3ef006d91971e3913ef593c42,INC,malwarebazaar,ransomware,2026-08-08 01:30:40 UTC,analyzed,1648,TRUE_ENCRYPTION,file_type=exe
ee1d8ac9fef147f0751000c38ca5d72feceeaae803049a2cd49dcce15223b720,ee1d8ac9fef147f0751000c38ca5d72feceeaae803049a2cd49dcce15223b720,INC,malwarebazaar,ransomware,2026-08-08 01:30:42 UTC,analyzed,1655,TRUE_ENCRYPTION,file_type=exe
e17c601551dfded76ab99a233957c5c4acf0229b46cd7fc2175ead7fe1e3d261,e17c601551dfded76ab99a233957c5c4acf0229b46cd7fc2175ead7fe1e3d261,INC,malwarebazaar,ransomware,2026-08-08 01:30:43 UTC,analyzed,1661,TRUE_ENCRYPTION,file_type=exe
d147b202e98ce73802d7501366a036ea8993c4c06cdfc6921899efdd22d159c6,d147b202e98ce73802d7501366a036ea8993c4c06cdfc6921899efdd22d159c6,INC,malwarebazaar,ransomware,2026-08-08 01:30:45 UTC,analyzed,1666,TRUE_ENCRYPTION,file_type=exe
c600e439da89f5ee5bbf5b7e3672b6165ded49dd748f06892647930e64783090,c600e439da89f5ee5bbf5b7e3672b6165ded49dd748f06892647930e64783090,INC,malwarebazaar,ransomware,2026-08-08 01:30:47 UTC,analyzed,1671,TRUE_ENCRYPTION,file_type=exe
a5925db043e3142e31f21bc18549eb7df289d7c938d56dffe3f5905af11ab97a,a5925db043e3142e31f21bc18549eb7df289d7c938d56dffe3f5905af11ab97a,INC,malwarebazaar,ransomware,2026-08-08 01:30:48 UTC,analyzed,1676,TRUE_ENCRYPTION,file_type=exe
834c5f094c4a2db0f520962341b108af685efd346e5b6622eb2331b3ffa09039,834c5f094c4a2db0f520962341b108af685efd346e5b6622eb2331b3ffa09039,INC,malwarebazaar,ransomware,2026-08-08 01:30:50 UTC,analyzed,1681,TRUE_ENCRYPTION,file_type=exe
508a644d552f237615d1504aa1628566fe0e752a5bc0c882fa72b3155c322cef,508a644d552f237615d1504aa1628566fe0e752a5bc0c882fa72b3155c322cef,INC,malwarebazaar,ransomware,2026-08-08 01:30:52 UTC,analyzed,1686,TRUE_ENCRYPTION,file_type=exe
63c0a44479dc9f91647a9c10caba43fa73709a88540a2493fd68031905036ef7,63c0a44479dc9f91647a9c10caba43fa73709a88540a2493fd68031905036ef7,INC,malwarebazaar,ransomware,2026-08-08 01:30:54 UTC,analyzed,1690,TRUE_ENCRYPTION,file_type=exe
39e1aa118310977d809d618c937b799cd228b2e339583a21f27cca2ef0bf9449,39e1aa118310977d809d618c937b799cd228b2e339583a21f27cca2ef0bf9449,INC,malwarebazaar,ransomware,2026-08-08 01:30:56 UTC,analyzed,1694,TRUE_ENCRYPTION,file_type=exe
9ac550187c7c27a52c80e1c61def1d3d5e6dbae0e4eaeacf1a493908ffd3ec7d,9ac550187c7c27a52c80e1c61def1d3d5e6dbae0e4eaeacf1a493908ffd3ec7d,INC,malwarebazaar,ransomware,2026-08-08 01:30:58 UTC,analyzed,1698,TRUE_ENCRYPTION,file_type=exe
7f104a3dfda3a7fbdd9b910d00b0169328c5d2facc10dc17b4378612ffa82d51,7f104a3dfda3a7fbdd9b910d00b0169328c5d2facc10dc17b4378612ffa82d51,INC,malwarebazaar,ransomware,2026-08-08 01:30:59 UTC,analyzed,1702,TRUE_ENCRYPTION,file_type=exe
7ccea71dcec6042d83692ea9e1348f249b970af2d73c83af3f9d67c4434b2dd0,7ccea71dcec6042d83692ea9e1348f249b970af2d73c83af3f9d67c4434b2dd0,INC,malwarebazaar,ransomware,2026-08-08 01:31:01 UTC,analyzed,1705,TRUE_ENCRYPTION,file_type=exe
5e3c44ac77cba228f54304f7f1f9ee4d86099950f230186f11fffaa76c86a5db,5e3c44ac77cba228f54304f7f1f9ee4d86099950f230186f11fffaa76c86a5db,INC,malwarebazaar,ransomware,2026-08-08 01:31:03 UTC,analyzed,1707,TRUE_ENCRYPTION,file_type=exe
2f14eaeb439b3d52b160b4738b049ce552c468e918c746ecb4e5c9b51ee6e4a7,2f14eaeb439b3d52b160b4738b049ce552c468e918c746ecb4e5c9b51ee6e4a7,INC,malwarebazaar,ransomware,2026-08-08 01:31:04 UTC,analyzed,1709,TRUE_ENCRYPTION,file_type=exe
1a50f5f752562c7be64a14a1cbef54a460cb7d11631ce2af55622a1f4156b169,1a50f5f752562c7be64a14a1cbef54a460cb7d11631ce2af55622a1f4156b169,INC,malwarebazaar,ransomware,2026-08-08 01:31:06 UTC,analyzed,1712,TRUE_ENCRYPTION,file_type=exe
1a7c754ae1933338c740c807ec3dcf5e18e438356990761fdc2e75a2685ebf4a,1a7c754ae1933338c740c807ec3dcf5e18e438356990761fdc2e75a2685ebf4a,INC,malwarebazaar,ransomware,2026-08-08 01:31:07 UTC,analyzed,1715,TRUE_ENCRYPTION,file_type=exe
81f0cbb2544e3e4ccbaf582c80297cbfafdf9e8e95b137dc810c535d2cd4b1f8,windows.exe,INC,malwarebazaar,ransomware,2026-08-08 01:31:09 UTC,analyzed,1718,TRUE_ENCRYPTION,file_type=exe
88dc4a9c852697cff3b9e0d654d20feb8772fdcddb989eabac12b7cfad6e9b64,88dc4a9c852697cff3b9e0d654d20feb8772fdcddb989eabac12b7cfad6e9b64,BianLian,malwarebazaar,ransomware,2026-08-08 01:31:12 UTC,analyzed,1513,FAILED,file_type=exe
117a057829cd9abb5fba20d3ab479fc92ed64c647fdc1b7cd4e0f44609d770ea,117a057829cd9abb5fba20d3ab479fc92ed64c647fdc1b7cd4e0f44609d770ea,BianLian,malwarebazaar,ransomware,2026-08-08 01:31:15 UTC,analyzed,1525,FAILED,file_type=exe
1fd07b8d1728e416f897bef4f1471126f9b18ef108eb952f4b75050da22e8e43,1fd07b8d1728e416f897bef4f1471126f9b18ef108eb952f4b75050da22e8e43,BianLian,malwarebazaar,ransomware,2026-08-08 01:31:17 UTC,analyzed,1538,FAILED,file_type=exe
af46356eb70f0fbb0799f8a8d5c0f7513d2f6ade4f16d4869f2690029b511d4f,af46356eb70f0fbb0799f8a8d5c0f7513d2f6ade4f16d4869f2690029b511d4f,BianLian,malwarebazaar,ransomware,2026-08-08 01:31:19 UTC,analyzed,1542,TRUE_ENCRYPTION,file_type=exe
ae61d655793f94da0c082ce2a60f024373adf55380f78173956c5174edb43d49,ae61d655793f94da0c082ce2a60f024373adf55380f78173956c5174edb43d49,BianLian,malwarebazaar,ransomware,2026-08-08 01:31:22 UTC,analyzed,1544,TRUE_ENCRYPTION,file_type=exe
3be5aab4031263529fe019d4db19c0c6d3eb448e0250e0cb5a7ab2324eb2224d,3be5aab4031263529fe019d4db19c0c6d3eb448e0250e0cb5a7ab2324eb2224d,BianLian,malwarebazaar,ransomware,2026-08-08 01:31:24 UTC,analyzed,1555,TRUE_ENCRYPTION,file_type=exe
3a2f6e614ff030804aa18cb03fcc3bc357f6226786efb4a734cbe2a3a1984b6f,3a2f6e614ff030804aa18cb03fcc3bc357f6226786efb4a734cbe2a3a1984b6f,BianLian,malwarebazaar,ransomware,2026-08-08 01:31:27 UTC,analyzed,1565,TRUE_ENCRYPTION,file_type=exe
a201e2d6851386b10e20fbd6464e861dea75a802451954ebe66502c2301ea0ed,a201e2d6851386b10e20fbd6464e861dea75a802451954ebe66502c2301ea0ed,BianLian,malwarebazaar,ransomware,2026-08-08 01:31:29 UTC,analyzed,1574,TRUE_ENCRYPTION,file_type=exe
c775e6d87a3bcc5e94cd055fee859bdb6350af033114fe8588d2d4d4f6d2a3ae,bb.exe,BianLian,malwarebazaar,ransomware,2026-08-08 01:31:32 UTC,analyzed,1583,FAILED,file_type=exe
73d095abf2f31358c8b1fb0d5a0dc9807e88d44282c896b5033c1b270d44111f,73d095abf2f31358c8b1fb0d5a0dc9807e88d44282c896b5033c1b270d44111f.exe,BianLian,malwarebazaar,ransomware,2026-08-08 01:31:36 UTC,analyzed,1592,NO_VICTIM_ACTIVITY,file_type=exe
2ed448721f4e92c7970972f029290ee6269689c840a922982ac2f39c9a6a838f,system.exe,BianLian,malwarebazaar,ransomware,2026-08-08 01:31:39 UTC,analyzed,1595,NO_VICTIM_ACTIVITY,file_type=exe
597c492a5af56d935d360fcfd2c1e89928dde492c86975f2c5cc33ec90b042ce,adobe.exe,BianLian,malwarebazaar,ransomware,2026-08-08 01:31:42 UTC,analyzed,1598,NO_VICTIM_ACTIVITY,file_type=exe
46d340eaf6b78207e24b6011422f1a5b4a566e493d72365c6a1cace11c36b28b,46d340eaf6b78207e24b6011422f1a5b4a566e493d72365c6a1cace11c36b28b.bin,BianLian,malwarebazaar,ransomware,2026-08-08 01:31:44 UTC,analyzed,1601,TRUE_ENCRYPTION,file_type=exe
15208030eda48b3786f7d85d756d2bd6596ef0f465d9c8509a8f02c53fad9a10,gaze.exe,Medusa,malwarebazaar,ransomware,2026-08-08 01:31:47 UTC,analyzed,1520,NO_VICTIM_ACTIVITY,file_type=exe
c966ace15bece19a119231dfaa2494f14200647fc7cb225667fb22cbb41436fd,c966ace15bece19a119231dfaa2494f14200647fc7cb225667fb22cbb41436fd,Medusa,malwarebazaar,ransomware,2026-08-08 01:31:48 UTC,analyzed,1532,TRUE_ENCRYPTION,file_type=exe
84cc889ff7286bccfe7d76a92565a8c1404cfee4fd6cfb22139ddaa5c11d9508,84cc889ff7286bccfe7d76a92565a8c1404cfee4fd6cfb22139ddaa5c11d9508,Medusa,malwarebazaar,ransomware,2026-08-08 01:31:50 UTC,analyzed,1551,TRUE_ENCRYPTION,file_type=exe
3a6d5694eec724726efa3327a50fad3efdc623c08d647b51e51cd578bddda3da,2025-01-25_a6980e543efa40771ed1dcf84b29d732_avoslocker_cobalt-strike_luca-stealer.exe,Medusa,malwarebazaar,ransomware,2026-08-08 01:31:52 UTC,analyzed,1561,NO_VICTIM_ACTIVITY,file_type=exe
6b807f9f7c8f24f436b0bab25cb38583bf4c051ea779fcdbb215af8a9a7f64de,6b807f9f7c8f24f436b0bab25cb38583bf4c051ea779fcdbb215af8a9a7f64de,Medusa,malwarebazaar,ransomware,2026-08-08 01:31:53 UTC,analyzed,1570,NO_VICTIM_ACTIVITY,file_type=exe
91a3b832564a9b29685b393c8bda9925a7da87fd3958625980da06f80f76109d,91a3b832564a9b29685b393c8bda9925a7da87fd3958625980da06f80f76109d,Medusa,malwarebazaar,ransomware,2026-08-08 01:31:55 UTC,analyzed,1579,NO_VICTIM_ACTIVITY,file_type=exe
4d4df87cf8d8551d836f67fbde4337863bac3ff6b5cb324675054ea023b12ab6,medusalocker.bin,Medusa,malwarebazaar,ransomware,2026-08-08 01:31:57 UTC,analyzed,1588,NO_VICTIM_ACTIVITY,file_type=exe
49c9b3ddbce1f77a7f01a660c56f48c0d733a7e807f95caca2dee12a204974ef,49c9b3ddbce1f77a7f01a660c56f48c0d733a7e807f95caca2dee12a204974ef,Medusa,malwarebazaar,ransomware,2026-08-08 01:31:58 UTC,analyzed,1626,TRUE_ENCRYPTION,file_type=exe
13d9213ef48c184747cdbcb8745d55d6ddb696b7afc85e88575812550f3d43f3,13d9213ef48c184747cdbcb8745d55d6ddb696b7afc85e88575812550f3d43f3,Medusa,malwarebazaar,ransomware,2026-08-08 01:32:00 UTC,analyzed,1634,TRUE_ENCRYPTION,file_type=exe
b091e38b4cdf341c2733c6e8c2199afd4ee05fc9f921a37c8e555198f1ec2e12,TS-240731-Medusa1.exe,Medusa,malwarebazaar,ransomware,2026-08-08 01:32:02 UTC,analyzed,1642,NO_VICTIM_ACTIVITY,file_type=exe
51b8a283f87a95edb5e98125e5730bcf843fc7ec8fcdc175c8dc0ba3032e8a51,IN.exe,Medusa,malwarebazaar,ransomware,2026-08-08 01:32:03 UTC,analyzed,1650,NO_VICTIM_ACTIVITY,file_type=exe
3518195c256aa940c607f8534c91b5a9cd453c7417810de3cd4d262e2906d24f,3518195c256aa940c607f8534c91b5a9cd453c7417810de3cd4d262e2906d24f,Rhysida,malwarebazaar,ransomware,2026-08-08 01:32:06 UTC,analyzed,1522,TRUE_ENCRYPTION,file_type=exe
b183b142d3c4e99ee07c3407b82858146fa61ded95be2e67ce920c8002309fb0,b183b142d3c4e99ee07c3407b82858146fa61ded95be2e67ce920c8002309fb0,Rhysida,malwarebazaar,ransomware,2026-08-08 01:32:08 UTC,analyzed,1534,TRUE_ENCRYPTION,file_type=exe
5b3a0b1b89ca463f56984cf67ea1719f1ddee770d1e14438e3fcf9b5301f2c83,5b3a0b1b89ca463f56984cf67ea1719f1ddee770d1e14438e3fcf9b5301f2c83,Rhysida,malwarebazaar,ransomware,2026-08-08 01:32:10 UTC,analyzed,1552,TRUE_ENCRYPTION,file_type=exe
f06b905626d742ec5a1eab8027d9097b74fd0413a901d0599eac8555d1f89e50,f06b905626d742ec5a1eab8027d9097b74fd0413a901d0599eac8555d1f89e50,Rhysida,malwarebazaar,ransomware,2026-08-08 01:32:12 UTC,analyzed,1562,TRUE_ENCRYPTION,file_type=exe
a0d4d52885b654cbfeefd194359936072133519c2bc7e8f68b7b668e59c67b94,a0d4d52885b654cbfeefd194359936072133519c2bc7e8f68b7b668e59c67b94,Rhysida,malwarebazaar,ransomware,2026-08-08 01:32:13 UTC,analyzed,1571,TRUE_ENCRYPTION,file_type=exe
3c3db3c02a4d04dcafdc71adb8779b787d31142ffeb9ae0e638f979594897cbf,3c3db3c02a4d04dcafdc71adb8779b787d31142ffeb9ae0e638f979594897cbf,Rhysida,malwarebazaar,ransomware,2026-08-08 01:32:15 UTC,analyzed,1580,TRUE_ENCRYPTION,file_type=exe
9097ab2b2b71f3ea0cf8c9271224b6227e9aa2545ae23d4621f122bdb99c77b8,9097ab2b2b71f3ea0cf8c9271224b6227e9aa2545ae23d4621f122bdb99c77b8,Rhysida,malwarebazaar,ransomware,2026-08-08 01:32:17 UTC,analyzed,1589,TRUE_ENCRYPTION,file_type=exe
d5c2f87033a5baeeb1b5b681f2c4a156ff1c05ccd1bfdaf6eae019fc4d5320ee,d5c2f87033a5baeeb1b5b681f2c4a156ff1c05ccd1bfdaf6eae019fc4d5320ee,Rhysida,malwarebazaar,ransomware,2026-08-08 01:32:18 UTC,analyzed,1627,TRUE_ENCRYPTION,file_type=exe
258ddd78655ac0587f64d7146e52549115b67465302c0cbd15a0cba746f05595,258ddd78655ac0587f64d7146e52549115b67465302c0cbd15a0cba746f05595,Rhysida,malwarebazaar,ransomware,2026-08-08 01:32:20 UTC,analyzed,1635,TRUE_ENCRYPTION,file_type=exe
a40b815afce131df6d4bc3f389cb64b742f545481119d3ecb78dda22e546a41a,a40b815afce131df6d4bc3f389cb64b742f545481119d3ecb78dda22e546a41a,Rhysida,malwarebazaar,ransomware,2026-08-08 01:32:22 UTC,analyzed,1643,TRUE_ENCRYPTION,file_type=exe
d7ba9881345d71862a68080d210643e2c2d3e17fd13065385edcd3b3391898c3,d7ba9881345d71862a68080d210643e2c2d3e17fd13065385edcd3b3391898c3(1),Rhysida,malwarebazaar,ransomware,2026-08-08 01:32:25 UTC,analyzed,1651,TRUE_ENCRYPTION,file_type=exe
4e4a77c25c914d070b2d3d968bca4206accd099e1031c6d6019ddbe768781e5e,4e4a77c25c914d070b2d3d968bca4206accd099e1031c6d6019ddbe768781e5e,Rhysida,malwarebazaar,ransomware,2026-08-08 01:32:26 UTC,analyzed,1657,NO_VICTIM_ACTIVITY,file_type=exe
6df87fb710e47fa8fa5181c0cce49ad33358885a7b96df5ea703557a799d6ba4,e6f71b5297856f164415f4ffbadab244aae0222f.exe,TeslaCrypt,malwarebazaar,ransomware,2026-08-09 23:08:26 UTC,analyzed,1784,FAILED,file_type=exe
c2efb7f53b1a7a61f2abf2d1b64d0d5085989ad65a9749a58e54a238e8044dbf,aa0dfd151252dc68555faffd21ae5300ad9d8988.exe,TeslaCrypt,malwarebazaar,ransomware,2026-08-09 23:08:27 UTC,analyzed,1820,FAILED,file_type=exe
061cea03cc1ffa7d052caa1efa3c0625da9a0f20d3f22f80d47a7c1e3a174c8f,6d1210ac66baa358bbf268380acf1f29c98486fa.exe,TeslaCrypt,malwarebazaar,ransomware,2026-08-09 23:08:29 UTC,analyzed,1848,FAILED,file_type=exe
717d5e5d0e1dd08209b895023d284188798dd7e8b32ced22346b06b706b0f63a,663f9241607970a72f6b8fa525c0a0685c98c32b.exe,TeslaCrypt,malwarebazaar,ransomware,2026-08-09 23:08:30 UTC,analyzed,1874,FAILED,file_type=exe
ce2611bd103c49a79329b1825110b238c4424710d4e996ad8b0fef92d6c41393,41848c1c367ee6a45a54efe1b0ff8faba1966b27.exe,TeslaCrypt,malwarebazaar,ransomware,2026-08-09 23:08:32 UTC,analyzed,1896,FAILED,file_type=exe
82744245650ad6d277364380daa06fcbc4c8a26d78f082fab01902b236ff4036,3cdca99be0c6a895228db81aa7cba6b0e3a6afe8.exe,TeslaCrypt,malwarebazaar,ransomware,2026-08-09 23:08:34 UTC,analyzed,1916,FAILED,file_type=exe
f329fc3bbda4bbe2f21824881a9b1f65e94c8a8b8a43305e69dfe8f336960df1,1e0082bb7b3c443beb5cf77e739082fd75f6a047.exe,TeslaCrypt,malwarebazaar,ransomware,2026-08-09 23:08:35 UTC,analyzed,1933,FAILED,file_type=exe
18bcc45a960987ba95d31d56896101b759069fa092ad583ee418287d12147e5e,04d880808bd768b702d190ebafaced60814370ac.exe,TeslaCrypt,malwarebazaar,ransomware,2026-08-09 23:08:37 UTC,analyzed,1948,FAILED,file_type=exe
54053b77dcb3767ec60d901c448a2e6f978371d1e61206c9fc8b1b2515941181,00416b7d00749a282101a1cacc69ea3eb2968e26.exe,TeslaCrypt,malwarebazaar,ransomware,2026-08-09 23:08:38 UTC,analyzed,1960,FAILED,file_type=exe
4ae1ad34591e55c2f2a6c73e9255cada22b86c6300d60629403bf997c34ef1ed,SecuriteInfo.com.Win32.MalwareX-gen.14607.6011,TeslaCrypt,malwarebazaar,ransomware,2026-08-09 23:08:40 UTC,analyzed,1970,NO_VICTIM_ACTIVITY,file_type=exe
c7386fde4d6b42bc322682a7cb465122859d67804c2f51eeec0d581bfae110d5,SecuriteInfo.com.Trojan.DownLoader47.45523.5497.16574,TeslaCrypt,malwarebazaar,ransomware,2026-08-09 23:08:41 UTC,analyzed,1980,NO_VICTIM_ACTIVITY,file_type=exe
514e6f0d3504b099fd92547852eca34774aac787186224c0c3a5a6207be3175b,2023-04-27_6750d218fa494286ba487d9c7fb019d3_teslacrypt,TeslaCrypt,malwarebazaar,ransomware,2026-08-09 23:08:43 UTC,analyzed,1990,FAILED,file_type=exe
6b5da1fabaf06b38cbd9d2d2fe6ab878c35d1102f9201f81366bc2df3d6a6603,2023-04-27_6314f6648df274ddaecc59a282cf53b8_teslacrypt,TeslaCrypt,malwarebazaar,ransomware,2026-08-09 23:08:44 UTC,analyzed,2000,FAILED,file_type=exe
f8e9e1ee90963ca1f8edba227ba7b80b3d3db581c9145c0c7152a97a35dcd695,2015-05-07-ransomware-sample.bin,TeslaCrypt,malwarebazaar,ransomware,2026-08-09 23:08:46 UTC,analyzed,2010,TRUE_ENCRYPTION,file_type=exe
87feca94fc02b098be787060da09fc6f6473221ddf4aaa2f19321db3de256c0d,2023-04-07_cb28c211ca8292894f3eef43ce5a6cd4_teslacrypt,TeslaCrypt,malwarebazaar,ransomware,2026-08-09 23:08:47 UTC,analyzed,2019,NO_VICTIM_ACTIVITY,file_type=exe
78d4fce0c253356bf72cf72f260f27a3f0f3cf0a904a3618f3011cbe0b4e882e,2023-04-07_310b02e1da6639192d8611927027d8cc_teslacrypt,TeslaCrypt,malwarebazaar,ransomware,2026-08-09 23:08:49 UTC,analyzed,2027,FAILED,file_type=exe
7004af389d633b82c3ee67055ecb0f9accae5dc0a53721da66c76825ece528f8,safecrypt.bin,TeslaCrypt,malwarebazaar,ransomware,2026-08-09 23:08:51 UTC,analyzed,2035,TRUE_ENCRYPTION,file_type=exe
3372c1edab46837f1e973164fa2d726c5c5e17bcb888828ccd7c4dfcc234a370,d4_MALWARE,TeslaCrypt,malwarebazaar,ransomware,2026-08-09 23:08:52 UTC,analyzed,2043,NO_VICTIM_ACTIVITY,file_type=exe
2159739a68fa270eb94caddbb7f5d132b1175716efab3b3f25f86dc57c4c0db4,2159739a68fa270eb94caddbb7f5d132b1175716efab3b3f25f86dc57c4c0db4,TeslaCrypt,malwarebazaar,ransomware,2026-08-09 23:08:54 UTC,analyzed,2051,TRUE_ENCRYPTION,file_type=exe
5343947829609f69e84fe7e8172c38ee018ede3c9898d4895275f596ac54320d,MSUpdate.bin,TeslaCrypt,malwarebazaar,ransomware,2026-08-09 23:08:56 UTC,analyzed,2058,FAILED,file_type=exe
98c2a9cccd03a8c3090306c50698fab922d42c7e5aa701089468537d7e78a2e0,98c2a9cccd03a8c3090306c50698fab922d42c7e5aa701089468537d7e78a2e0,TeslaCrypt,malwarebazaar,ransomware,2026-08-09 23:08:58 UTC,analyzed,2065,TRUE_ENCRYPTION,file_type=exe
4de6675c089aad8a52993b1a21afd06dc7086f4ea948755c09a7a8471e4fddbd,4de6675c089aad8a52993b1a21afd06dc7086f4ea948755c09a7a8471e4fddbd,TeslaCrypt,malwarebazaar,ransomware,2026-08-09 23:09:00 UTC,analyzed,2072,FAILED,file_type=exe
6e5cdc4c4ec06e1e0bba6e31e55dfc3c32f988b5587fabd771150f87b72018f3,virussign.com_fabecb032aa971d1102fe1562f6de0d0,TeslaCrypt,malwarebazaar,ransomware,2026-08-09 23:09:01 UTC,analyzed,2079,NO_VICTIM_ACTIVITY,file_type=exe
7c2a90cd510441a4dc43565439b96f6ac0f4c2e45bd1d2545c011803c68a80b8,virussign.com_f34085ceb4fee04b2b259468238d8520,TeslaCrypt,malwarebazaar,ransomware,2026-08-09 23:09:03 UTC,analyzed,2083,NO_VICTIM_ACTIVITY,file_type=exe
dcd1beb6e64c8637da5545d48b996ada12dff9340deb0889c539dc2bb2cc701c,virussign.com_ef94e7e4e652b89c0e6dc886bed04f00,TeslaCrypt,malwarebazaar,ransomware,2026-08-09 23:09:05 UTC,analyzed,2087,NO_VICTIM_ACTIVITY,file_type=exe
023c0f80e1f8cd73795a1615822f418db0b6aa95bbe90d3dd43500a724d7297c,virussign.com_ec1083d7bb187b5b7a85dbddce108070,TeslaCrypt,malwarebazaar,ransomware,2026-08-09 23:09:06 UTC,analyzed,2091,NO_VICTIM_ACTIVITY,file_type=exe
9e50b1b9ce9a80832b6640c14b8d58a06a78a09c0c61defe8d96d5fa8662c429,virussign.com_e522f956b13c332e8d3776d302bfa2e0,TeslaCrypt,malwarebazaar,ransomware,2026-08-09 23:09:08 UTC,analyzed,2095,NO_VICTIM_ACTIVITY,file_type=exe
dc95aede5a4ce35711b107dbe5233f2e77a9a07b42f93fdec75d924e7cb1c996,virussign.com_dc055d9f9d780e2dbb9555a5b73318c0,TeslaCrypt,malwarebazaar,ransomware,2026-08-09 23:09:09 UTC,analyzed,2099,NO_VICTIM_ACTIVITY,file_type=exe
01fe83ce636c7153cdc612d277d7856bf4aa0091946017ad6030991d7aff3f3c,virussign.com_b917a1646d84166dbf41c4bb350c3c20,TeslaCrypt,malwarebazaar,ransomware,2026-08-09 23:09:11 UTC,analyzed,2103,NO_VICTIM_ACTIVITY,file_type=exe
5249d14264a7657870a59662fe9d5bf8b4d6192d0236e9944147f4e46ed97490,virussign.com_930a9b5725147d9c31d4406ea3946920,TeslaCrypt,malwarebazaar,ransomware,2026-08-09 23:09:13 UTC,analyzed,2106,NO_VICTIM_ACTIVITY,file_type=exe
2d346f5dc8318354ff624fea3dedfd293f629aed53de21f4c14f6a498cef2b3f,virussign.com_8c199099a07169bff4e858734f7e6ef0,TeslaCrypt,malwarebazaar,ransomware,2026-08-09 23:09:15 UTC,analyzed,2109,NO_VICTIM_ACTIVITY,file_type=exe
def1227b746c3ea0f495ab865f64e66ed2e8724ce99572777b09ad39399ce838,virussign.com_7e2695f54894d7bf5eedcd16f5c14aa0,TeslaCrypt,malwarebazaar,ransomware,2026-08-09 23:09:16 UTC,analyzed,2112,NO_VICTIM_ACTIVITY,file_type=exe
9c65b40e8367d769656f335ec5b1f32939c828c367f09139b36bf83edfac0cf3,virussign.com_77f1089c157e95ba11e6fda4c9b1c110,TeslaCrypt,malwarebazaar,ransomware,2026-08-09 23:09:18 UTC,analyzed,2115,NO_VICTIM_ACTIVITY,file_type=exe
f1eb8261499761d4debaffcb364464bda710787a88647d2aa1e04bccd9f251cb,virussign.com_6f9517fbcc5de4c29398988c31162960,TeslaCrypt,malwarebazaar,ransomware,2026-08-09 23:09:19 UTC,analyzed,2118,NO_VICTIM_ACTIVITY,file_type=exe
44d2a30df367633c5700b6257d5e2a3a7616d6b776052069bc563ad388c315fe,virussign.com_5cd01c4e1ba9ac355091b07978eca320,TeslaCrypt,malwarebazaar,ransomware,2026-08-09 23:09:21 UTC,analyzed,2121,NO_VICTIM_ACTIVITY,file_type=exe
c2c99087d8b8d95df29657e6977557d73bd278992c4e3d213a2863a52846ff5a,virussign.com_525b11c1cc7cc6b9e0b5723cce74d530,TeslaCrypt,malwarebazaar,ransomware,2026-08-09 23:09:23 UTC,analyzed,2124,NO_VICTIM_ACTIVITY,file_type=exe
c1059eb063f85c2a71dadeb3cfec81e6ba022570b322ca7056172e0057d40083,virussign.com_502a3d56065f073bd105dadf49762350,TeslaCrypt,malwarebazaar,ransomware,2026-08-09 23:09:24 UTC,analyzed,2126,NO_VICTIM_ACTIVITY,file_type=exe
b5f4b0c380c2cb24fba1d7b260cef3160f484f6237f2f623f82b63906b4cfa0a,virussign.com_480f99c06345d0b61cda718304684d20,TeslaCrypt,malwarebazaar,ransomware,2026-08-09 23:09:26 UTC,analyzed,2128,NO_VICTIM_ACTIVITY,file_type=exe
df4709fdb948c1dae600b8ecfe39b8b251ce542b7ca477f110af97d6c13f88fd,virussign.com_38d83d9c76bac0da175404430f557360,TeslaCrypt,malwarebazaar,ransomware,2026-08-09 23:09:28 UTC,analyzed,2130,NO_VICTIM_ACTIVITY,file_type=exe
7a0f7aabe53d23e0ddeecd85701485662c0178951515a012c70705344b94200b,virussign.com_1deef1d9000f6b46fdd411e7b91ccaa0,TeslaCrypt,malwarebazaar,ransomware,2026-08-09 23:09:29 UTC,analyzed,2132,NO_VICTIM_ACTIVITY,file_type=exe
d8e35f18e9c3400195e2c67ffa3a34547043dd8479d73ff2b6cf5eef0ee857bf,virussign.com_12c9efc578787a5ee2f2c0cd90b68380,TeslaCrypt,malwarebazaar,ransomware,2026-08-09 23:09:31 UTC,analyzed,2134,NO_VICTIM_ACTIVITY,file_type=exe
42776f0d8b7eb73cf6ce0d1b9df70b3623d9170dff2767d616eaf8037892c19c,virussign.com_0e8c6473c1fed33701a5bfa1dd3a9670,TeslaCrypt,malwarebazaar,ransomware,2026-08-09 23:09:32 UTC,analyzed,2136,NO_VICTIM_ACTIVITY,file_type=exe
acf76b147e61c5bc21e7a014bff6351d6d80e3cae5be9c6a42c1b86731a70836,acf76b147e61c5bc21e7a014bff6351d6d80e3cae5be9c6a42c1b86731a70836.exe,TeslaCrypt,malwarebazaar,ransomware,2026-08-09 23:09:34 UTC,analyzed,2138,FAILED,file_type=exe
dcd725c415cebc7df170edf49af18d6f86e76ef75185737de5959405f4aecc56,wqm58yk7.exe,TeslaCrypt,malwarebazaar,ransomware,2026-08-09 23:09:36 UTC,analyzed,2139,TRUE_ENCRYPTION,file_type=exe
8e775324fc69a677394cf6d079d1d45bf53af10acd683bda53e5f86a8a192393,GZTJoxx.exe,TeslaCrypt,malwarebazaar,ransomware,2026-08-09 23:09:37 UTC,analyzed,2140,TRUE_ENCRYPTION,file_type=exe
157d81466bafb9910b2fa2cf8f308a76a4440d34f6ebde45aef508bfc65ab8b0,"DHL 배송 문서 2416405865, pdf.exe",TeslaCrypt,malwarebazaar,ransomware,2026-08-09 23:09:39 UTC,analyzed,2141,NO_VICTIM_ACTIVITY,file_type=exe
e897888dd36ab2a5740030d628f510ef0563d9d039e896b45134a4a5c4a82bb7,Invoice Ju_Yeong_Ltd.exe,TeslaCrypt,malwarebazaar,ransomware,2026-08-09 23:09:41 UTC,analyzed,2142,NO_VICTIM_ACTIVITY,file_type=exe
9dd1839b1090c0467211f689214df91e5eb8e73830f2a2ea9e3408e527fe4096,ExeFile (57).exe,Sage,malwarebazaar,ransomware,2026-08-09 23:09:43 UTC,analyzed,1779,NO_VICTIM_ACTIVITY,file_type=exe
1f1d632a3baecaea7fefcfdf6af7191bbb18a4cd983ebf51a6b37c602971ee11,ExeFile (299).exe,Sage,malwarebazaar,ransomware,2026-08-09 23:09:45 UTC,analyzed,1818,TRUE_ENCRYPTION,file_type=exe
a05806f9060f1f2de61cec62599ef7558dc0b8e4b0a62cc71a1d8e762d91ee1f,B7A8BE8DE5848A8212159E2D4E79C0D97BED04272AEA99ABC19C39281F49C835.exe,Sage,malwarebazaar,ransomware,2026-08-09 23:09:47 UTC,analyzed,1846,NO_VICTIM_ACTIVITY,file_type=exe
c992bf37cf07477cd38a4e168f0be2784e2259c42ec59657ff501ff7c9e0e21e,5.bin,Sage,malwarebazaar,ransomware,2026-08-09 23:09:48 UTC,analyzed,1872,TRUE_ENCRYPTION,file_type=exe
97a042a1fa4c5fc475f69d5c1bd2822eb7c410542a2d676bde8ddd97d1ea43f7,97a042a1fa4c5fc475f69d5c1bd2822eb7c410542a2d676bde8ddd97d1ea43f7,Sage,malwarebazaar,ransomware,2026-08-09 23:09:50 UTC,analyzed,1894,TRUE_ENCRYPTION,file_type=exe
95276f51959260cb55e9f476eb5b334301b789ed91dab04bf8572e5a8bcaf1b8,95276f51959260cb55e9f476eb5b334301b789ed91dab04bf8572e5a8bcaf1b8,Sage,malwarebazaar,ransomware,2026-08-09 23:09:51 UTC,analyzed,1914,TRUE_ENCRYPTION,file_type=exe
ac2736be4501b8c6823ebcf7241ceda38c3071418fb43c08b30f54f1a45d07e0,ac2736be4501b8c6823ebcf7241ceda38c3071418fb43c08b30f54f1a45d07e0,Sage,malwarebazaar,ransomware,2026-08-09 23:09:53 UTC,analyzed,1931,TRUE_ENCRYPTION,file_type=exe
b7a8be8de5848a8212159e2d4e79c0d97bed04272aea99abc19c39281f49c835,sage1.exe,Sage,malwarebazaar,ransomware,2026-08-09 23:09:56 UTC,analyzed,1947,NO_VICTIM_ACTIVITY,file_type=exe
e04d0d50ef59e6b78aa7bab7c5eced07ac5922ecc5ec7bbd1ce0e1d70fbe88d6,e04d0d50ef59e6b78aa7bab7c5eced07ac5922ecc5ec7bbd1ce0e1d70fbe88d6,Sage,malwarebazaar,ransomware,2026-08-09 23:09:58 UTC,analyzed,1959,TRUE_ENCRYPTION,file_type=exe
ce245f226b58e2f38fd93621ac3bf50e8106db9194310c39e957d58e41cabd47,ce245f226b58e2f38fd93621ac3bf50e8106db9194310c39e957d58e41cabd47,Sage,malwarebazaar,ransomware,2026-08-09 23:10:00 UTC,analyzed,1969,TRUE_ENCRYPTION,file_type=exe
c95157d19c8eefda3e1f03569e986f04f6bb1e9ae70088b464ff57b02440737a,c95157d19c8eefda3e1f03569e986f04f6bb1e9ae70088b464ff57b02440737a,Sage,malwarebazaar,ransomware,2026-08-09 23:10:01 UTC,analyzed,1979,TRUE_ENCRYPTION,file_type=exe
bdd9daaa55bc8971533baf9ec823aeb921564744c30b530b1cd57033cf52c756,bdd9daaa55bc8971533baf9ec823aeb921564744c30b530b1cd57033cf52c756,Sage,malwarebazaar,ransomware,2026-08-09 23:10:03 UTC,analyzed,1989,NO_VICTIM_ACTIVITY,file_type=exe
b11c5192df31861fe79b1127fe7e07d4f99ee9de14365b422726d8bc32214608,b11c5192df31861fe79b1127fe7e07d4f99ee9de14365b422726d8bc32214608,Sage,malwarebazaar,ransomware,2026-08-09 23:10:05 UTC,analyzed,1999,TRUE_ENCRYPTION,file_type=exe
a8386d784f0382466e502cb0135ddff8148547a16446b8b4b2d9625b75aaf875,a8386d784f0382466e502cb0135ddff8148547a16446b8b4b2d9625b75aaf875,Sage,malwarebazaar,ransomware,2026-08-09 23:10:07 UTC,analyzed,2009,TRUE_ENCRYPTION,file_type=exe
51546731d7c742d1cf3f23dfc8ccc51ac884810b235143cf851943bb96a8da6a,51546731d7c742d1cf3f23dfc8ccc51ac884810b235143cf851943bb96a8da6a,Sage,malwarebazaar,ransomware,2026-08-09 23:10:09 UTC,analyzed,2018,TRUE_ENCRYPTION,file_type=exe
91842fa95911b93bbdf0e3e7265e5a7eb2ad3bc306a81adbcecee604ac7c17ab,91842fa95911b93bbdf0e3e7265e5a7eb2ad3bc306a81adbcecee604ac7c17ab,Sage,malwarebazaar,ransomware,2026-08-09 23:10:11 UTC,analyzed,2026,TRUE_ENCRYPTION,file_type=exe
684b47c56e25b2b705caa2c75c261411eb97d6b6ef66ef8439b227fd0c65462b,684b47c56e25b2b705caa2c75c261411eb97d6b6ef66ef8439b227fd0c65462b,Sage,malwarebazaar,ransomware,2026-08-09 23:10:12 UTC,analyzed,2034,TRUE_ENCRYPTION,file_type=exe
492aab299d72a679bae81ec21d8aac2950ab10d54b446d0c737e6c53a4c7f075,492aab299d72a679bae81ec21d8aac2950ab10d54b446d0c737e6c53a4c7f075,Sage,malwarebazaar,ransomware,2026-08-09 23:10:14 UTC,analyzed,2042,TRUE_ENCRYPTION,file_type=exe
198fa616490e2847a0297f90d5bad2cefac7a953e523ed95bae58a06a918e4b9,198fa616490e2847a0297f90d5bad2cefac7a953e523ed95bae58a06a918e4b9,Sage,malwarebazaar,ransomware,2026-08-09 23:10:16 UTC,analyzed,2050,TRUE_ENCRYPTION,file_type=exe
63fac6144f8ebe42db2e24ae06a3ba4f366be4d0ea803e4b77bbc39d0cbf0d80,63fac6144f8ebe42db2e24ae06a3ba4f366be4d0ea803e4b77bbc39d0cbf0d80,Sage,malwarebazaar,ransomware,2026-08-09 23:10:18 UTC,analyzed,2057,TRUE_ENCRYPTION,file_type=exe
50ccb952e56b26b48e507bd4e0706f37e0fc4b1c06ad87b9f6603adba068d08a,50ccb952e56b26b48e507bd4e0706f37e0fc4b1c06ad87b9f6603adba068d08a,Sage,malwarebazaar,ransomware,2026-08-09 23:10:19 UTC,analyzed,2064,NO_VICTIM_ACTIVITY,file_type=exe
39bc0b3e3875b7d6fc6f502521df311f1034e7b7de96ae5dec6188f0f1c28d3f,39bc0b3e3875b7d6fc6f502521df311f1034e7b7de96ae5dec6188f0f1c28d3f,Sage,malwarebazaar,ransomware,2026-08-09 23:10:21 UTC,analyzed,2071,TRUE_ENCRYPTION,file_type=exe
19ee6debbef6334a0b5d9eb5f3b0a6a36229c9377b86aa74d3a0a2bd79ee6519,19ee6debbef6334a0b5d9eb5f3b0a6a36229c9377b86aa74d3a0a2bd79ee6519,Sage,malwarebazaar,ransomware,2026-08-09 23:10:23 UTC,analyzed,2078,TRUE_ENCRYPTION,file_type=exe
9ae1279cf4b1c169fbc7d9554fce35adc88487c20dadf1c4301829003a1d374b,9ae1279cf4b1c169fbc7d9554fce35adc88487c20dadf1c4301829003a1d374b,Sage,malwarebazaar,ransomware,2026-08-09 23:10:25 UTC,analyzed,2082,TRUE_ENCRYPTION,file_type=exe
8e25e8e2cc04d2c03bf0c8a19bc458d63641a01ccdb5cc46e7adcc829ed0ef2d,8e25e8e2cc04d2c03bf0c8a19bc458d63641a01ccdb5cc46e7adcc829ed0ef2d,Sage,malwarebazaar,ransomware,2026-08-09 23:10:26 UTC,analyzed,2086,TRUE_ENCRYPTION,file_type=exe
7fa53b8b3fa31fca876b75b93bb00832be74e6193b92c1ba2a3e3db074f1da3c,7fa53b8b3fa31fca876b75b93bb00832be74e6193b92c1ba2a3e3db074f1da3c,Sage,malwarebazaar,ransomware,2026-08-09 23:10:28 UTC,analyzed,2090,TRUE_ENCRYPTION,file_type=exe
3d81b0cef95e45d0003faaf67b06924ebdb8a3b08b07d0e86393dd581963a65b,3d81b0cef95e45d0003faaf67b06924ebdb8a3b08b07d0e86393dd581963a65b,Sage,malwarebazaar,ransomware,2026-08-09 23:10:30 UTC,analyzed,2094,TRUE_ENCRYPTION,file_type=exe
47e9841c99f3e198a715263f76861e997d807a085ce69c6288bfe97227242ed9,47e9841c99f3e198a715263f76861e997d807a085ce69c6288bfe97227242ed9,Sage,malwarebazaar,ransomware,2026-08-09 23:10:32 UTC,analyzed,2098,TRUE_ENCRYPTION,file_type=exe
88feb136758292f8412f0762f63bdcc3f2be6aa5c62d595cd752e3f697483687,88feb136758292f8412f0762f63bdcc3f2be6aa5c62d595cd752e3f697483687,Sage,malwarebazaar,ransomware,2026-08-09 23:10:34 UTC,analyzed,2102,TRUE_ENCRYPTION,file_type=exe
4bf23d6f5145191391a89a02336dfc640a5432327bf2582a91c52bbcd4410422,4bf23d6f5145191391a89a02336dfc640a5432327bf2582a91c52bbcd4410422,Sage,malwarebazaar,ransomware,2026-08-09 23:10:35 UTC,analyzed,2105,TRUE_ENCRYPTION,file_type=exe
37d51be7f6011c1acebd7ef1833f3403d87706095e74ee2568936bc0047d2374,37d51be7f6011c1acebd7ef1833f3403d87706095e74ee2568936bc0047d2374,Sage,malwarebazaar,ransomware,2026-08-09 23:10:37 UTC,analyzed,2108,TRUE_ENCRYPTION,file_type=exe
d48065a0aafccae7758e31d78cf01e08e85269324d5bc4b5048138c9a6603ef8,d48065a0aafccae7758e31d78cf01e08e85269324d5bc4b5048138c9a6603ef8,Sage,malwarebazaar,ransomware,2026-08-09 23:10:39 UTC,analyzed,2111,TRUE_ENCRYPTION,file_type=exe
cfce8a1632b5e76de8a495604fe72f908e6272a78aa709e2c202d25a51860952,cfce8a1632b5e76de8a495604fe72f908e6272a78aa709e2c202d25a51860952,Sage,malwarebazaar,ransomware,2026-08-09 23:10:40 UTC,analyzed,2114,TRUE_ENCRYPTION,file_type=exe
929dea381136f491a6b9e291182835ab8d9b190614fed258d744cac0939aada4,929dea381136f491a6b9e291182835ab8d9b190614fed258d744cac0939aada4,Sage,malwarebazaar,ransomware,2026-08-09 23:10:42 UTC,analyzed,2117,TRUE_ENCRYPTION,file_type=exe
594af48b4da21f654d0ceadede4257865f96d9ae3b1f2ef4a96298a9385c7b2c,594af48b4da21f654d0ceadede4257865f96d9ae3b1f2ef4a96298a9385c7b2c,Sage,malwarebazaar,ransomware,2026-08-09 23:10:44 UTC,analyzed,2120,TRUE_ENCRYPTION,file_type=exe
359a83d05d6d30510f26f95146ddad7da943eb4e7014fa5c3a6caa41ac102681,359a83d05d6d30510f26f95146ddad7da943eb4e7014fa5c3a6caa41ac102681,Sage,malwarebazaar,ransomware,2026-08-09 23:10:45 UTC,analyzed,2123,TRUE_ENCRYPTION,file_type=exe
146fb5b594f6b9da202cd0d303548afb1f364ca93c27c44e2f442b1fe26ff77f,146fb5b594f6b9da202cd0d303548afb1f364ca93c27c44e2f442b1fe26ff77f,Sage,malwarebazaar,ransomware,2026-08-09 23:10:47 UTC,analyzed,2125,TRUE_ENCRYPTION,file_type=exe
41ad22e98d897261ae57cd021c5dd9fbbc09f1fb39765e0d1b68a78625840555,41ad22e98d897261ae57cd021c5dd9fbbc09f1fb39765e0d1b68a78625840555,Sage,malwarebazaar,ransomware,2026-08-09 23:10:49 UTC,analyzed,2127,TRUE_ENCRYPTION,file_type=exe
0e1019001a39b29913a504d7c8d209116449420ddbdc6e2966efeea45651a842,0e1019001a39b29913a504d7c8d209116449420ddbdc6e2966efeea45651a842,Sage,malwarebazaar,ransomware,2026-08-09 23:10:50 UTC,analyzed,2129,TRUE_ENCRYPTION,file_type=exe
d14863ede83e63102ae3484d2c51cd2cac622e89b89c09097902fa91f3edcd7a,d14863ede83e63102ae3484d2c51cd2cac622e89b89c09097902fa91f3edcd7a,Sage,malwarebazaar,ransomware,2026-08-09 23:10:52 UTC,analyzed,2131,NO_VICTIM_ACTIVITY,file_type=exe
a5716cbebec21624db3a37b22dc8dc0c0ffe420dd928380057790a6c5516cb3c,a5716cbebec21624db3a37b22dc8dc0c0ffe420dd928380057790a6c5516cb3c,Sage,malwarebazaar,ransomware,2026-08-09 23:10:54 UTC,analyzed,2133,NO_VICTIM_ACTIVITY,file_type=exe
3800d6c5cbe76acb00e60a5486f50a38dcbc5cbc16b0000572240ab97af31797,3800d6c5cbe76acb00e60a5486f50a38dcbc5cbc16b0000572240ab97af31797,Sage,malwarebazaar,ransomware,2026-08-09 23:10:58 UTC,analyzed,2135,NO_VICTIM_ACTIVITY,file_type=exe
8fecf056f3580282cdb101c01e354425f208656fb7e5c5dcad19c64a62197184,8fecf056f3580282cdb101c01e354425f208656fb7e5c5dcad19c64a62197184,Sage,malwarebazaar,ransomware,2026-08-09 23:10:59 UTC,analyzed,2137,NO_VICTIM_ACTIVITY,file_type=exe
69c56d12ed7024696936fb69b4c6bee58174a275cb53fa966646a0b092d9626b,69c56d12ed7024696936fb69b4c6bee58174a275cb53fa966646a0b092d9626b.exe,Thanos,malwarebazaar,ransomware,2026-08-09 23:11:02 UTC,analyzed,1785,TRUE_ENCRYPTION,file_type=exe
ae66e009e16f0fad3b70ad20801f48f2edb904fa5341a89e126a26fd3fc80f75,Sample3.exe,Thanos,malwarebazaar,ransomware,2026-08-09 23:11:03 UTC,analyzed,1821,FAILED,file_type=exe
c460fc0d4fdaf5c68623e18de106f1c3601d7bd6ba80ddad86c10fd6ea123850,Final-02.exe.bin,Thanos,malwarebazaar,ransomware,2026-08-09 23:11:05 UTC,analyzed,1849,NO_VICTIM_ACTIVITY,file_type=exe
367be023f4a72163883ac2b7b6a1f40215e6431aee2b560f68bd8f0385d9c2ae,net_one.bin,Thanos,malwarebazaar,ransomware,2026-08-09 23:11:06 UTC,analyzed,1875,TRUE_ENCRYPTION,file_type=exe
8dd283ca012e7a70a2673d2cc211c6a616ff23bc5bd3599a1da077ba946a044c,8dd283ca012e7a70a2673d2cc211c6a616ff23bc5bd3599a1da077ba946a044c,Thanos,malwarebazaar,ransomware,2026-08-09 23:11:08 UTC,analyzed,1897,TRUE_ENCRYPTION,file_type=exe
6555038a04997404d48cf866ebb81f134082ef1613408779cf2a589068312a42,6555038a04997404d48cf866ebb81f134082ef1613408779cf2a589068312a42,Thanos,malwarebazaar,ransomware,2026-08-09 23:11:09 UTC,analyzed,1917,TRUE_ENCRYPTION,file_type=exe
d063eec4ec30ecc633469e28b06bf8288a9107cd9f16ea97720877a6f761e248,48A1E96CC6C26CBC38679C0AE565448B,Thanos,malwarebazaar,ransomware,2026-08-09 23:11:11 UTC,analyzed,1934,TRUE_ENCRYPTION,file_type=exe
f261d0283d9f1e346a648537b859570741c52be11b95e527a108037d71363327,HEUR-Trojan-Ransom.Win32.Generic-f261d0283d9f1e346a648537b859570741c52be11b95e527a108037d71363327,Thanos,malwarebazaar,ransomware,2026-08-09 23:11:13 UTC,analyzed,1949,NO_VICTIM_ACTIVITY,file_type=exe
c6d7c39e83f12684cc9341305044fb03a61d23876d37746d96d31a9191bacb8f,HEUR-Trojan-Ransom.MSIL.Thanos.gen-c6d7c39e83f12684cc9341305044fb03a61d23876d37746d96d31a9191bacb8f,Thanos,malwarebazaar,ransomware,2026-08-09 23:11:14 UTC,analyzed,1961,TRUE_ENCRYPTION,file_type=exe
f70966e32d18a1e2ed51ebdcc6b985d8f7613febf0680639076c71ebeab6a350,HEUR-Trojan-Ransom.Win32.Generic-f70966e32d18a1e2ed51ebdcc6b985d8f7613febf0680639076c71ebeab6a350,Thanos,malwarebazaar,ransomware,2026-08-09 23:11:16 UTC,analyzed,1971,TRUE_ENCRYPTION,file_type=exe
e64edc53f3457a0608354c18f398787fc2d281a9f4246724d2d73d9ddc34a861,HEUR-Trojan-Ransom.MSIL.Thanos.gen-e64edc53f3457a0608354c18f398787fc2d281a9f4246724d2d73d9ddc34a861.exe,Thanos,malwarebazaar,ransomware,2026-08-09 23:11:17 UTC,analyzed,1981,TRUE_ENCRYPTION,file_type=exe
cce5a753888cb5b044c767fe8e95e410ebdf1e1c79cabc95db1c9e1a8e81c5e7,HEUR-Trojan-Ransom.MSIL.Thanos.gen-cce5a753888cb5b044c767fe8e95e410ebdf1e1c79cabc95db1c9e1a8e81c5e7.exe,Thanos,malwarebazaar,ransomware,2026-08-09 23:11:19 UTC,analyzed,1991,TRUE_ENCRYPTION,file_type=exe
bb744238e99e7654395a3c19fb4d491fffcdcd7a96c914f898a649ca39f11a33,Worker-0.exe,Thanos,malwarebazaar,ransomware,2026-08-09 23:11:20 UTC,analyzed,2001,TRUE_ENCRYPTION,file_type=exe
6d6291773e243308741e27d716cf5b47673f8a60f42006721edff7c5270296dc,VDm6hUMOg.bin,Thanos,malwarebazaar,ransomware,2026-08-09 23:11:22 UTC,analyzed,2011,NO_VICTIM_ACTIVITY,file_type=exe
ec405cc32f21680a9328c4360bd6dc5b660af66209669ca815bebceefb6c3b39,sde.bin,Thanos,malwarebazaar,ransomware,2026-08-09 23:11:24 UTC,analyzed,2020,TRUE_ENCRYPTION,file_type=exe
8dad29bd09870ab9cacfdea9e7ab100d217ff128aea64fa4cac752362459991c,537a415bcc0f3396f5f37cb3c1831f87.bin,Thanos,malwarebazaar,ransomware,2026-08-09 23:11:25 UTC,analyzed,2028,TRUE_ENCRYPTION,file_type=exe
5d40615701c48a122e44f831e7c8643d07765629a83b15d090587f469c77693d,5d40615701c48a122e44f831e7c8643d07765629a83b15d090587f469c77693d,Thanos,malwarebazaar,ransomware,2026-08-09 23:11:27 UTC,analyzed,2036,TRUE_ENCRYPTION,file_type=exe
39a044db72d3ca39122af249cd60660d7e200366af958c762910605eaed020cb,39a044db72d3ca39122af249cd60660d7e200366af958c762910605eaed020cb.bin,Thanos,malwarebazaar,ransomware,2026-08-09 23:11:28 UTC,analyzed,2044,TRUE_ENCRYPTION,file_type=exe
d991aa2b1fad608b567be28e2d13d3d4f48eea3dea8f5d51a8e42aa9a2637426,d991aa2b1fad608b567be28e2d13d3d4f48eea3dea8f5d51a8e42aa9a2637426.bin.sample,Thanos,malwarebazaar,ransomware,2026-08-09 23:11:30 UTC,analyzed,2052,NO_VICTIM_ACTIVITY,file_type=exe
d29abe6ed086a5508c54df31010c36cc19fea3bdc5d521ee7c0d7063a51bb131,d29abe6ed086a5508c54df31010c36cc19fea3bdc5d521ee7c0d7063a51bb131.bin.sample,Thanos,malwarebazaar,ransomware,2026-08-09 23:11:32 UTC,analyzed,2059,TRUE_ENCRYPTION,file_type=exe
cbdb04d23e395b270e16d7ca81cc6b734039fa069932989d4e4f4d4d266df28b,cbdb04d23e395b270e16d7ca81cc6b734039fa069932989d4e4f4d4d266df28b.bin.sample,Thanos,malwarebazaar,ransomware,2026-08-09 23:11:33 UTC,analyzed,2066,TRUE_ENCRYPTION,file_type=exe
caf815381680cfa6afedcd7c7af5a5c838788b1c7ec593ce817114a25ab63441,caf815381680cfa6afedcd7c7af5a5c838788b1c7ec593ce817114a25ab63441.bin.sample,Thanos,malwarebazaar,ransomware,2026-08-09 23:11:35 UTC,analyzed,2073,TRUE_ENCRYPTION,file_type=exe
81411c9010f2adcb4758bac5ed6128d5a76b24689d477f6ed2c3003fd57e4f3b,81411c9010f2adcb4758bac5ed6128d5a76b24689d477f6ed2c3003fd57e4f3b.bin.sample,Thanos,malwarebazaar,ransomware,2026-08-09 23:11:36 UTC,analyzed,2080,NO_VICTIM_ACTIVITY,file_type=exe
4852f22df095db43f2a92e99384ff7667020413e74f67fcbd42fca16f8f96f4c,4852f22df095db43f2a92e99384ff7667020413e74f67fcbd42fca16f8f96f4c.bin.sample,Thanos,malwarebazaar,ransomware,2026-08-09 23:11:38 UTC,analyzed,2084,TRUE_ENCRYPTION,file_type=exe
6e6b78a1df17d6718daa857827a2a364b7627d9bfd6672406ad72b276014209c,6e6b78a1df17d6718daa857827a2a364b7627d9bfd6672406ad72b276014209c.bin,Thanos,malwarebazaar,ransomware,2026-08-09 23:11:39 UTC,analyzed,2088,TRUE_ENCRYPTION,file_type=exe
66ed5384220ff3091903e14a54849f824fdd13ac70dc4e0127eb59c1de801fc2,chaddad.bin,Thanos,malwarebazaar,ransomware,2026-08-09 23:11:41 UTC,analyzed,2092,TRUE_ENCRYPTION,file_type=exe
9bf0633f41d2962ba5e2895ece2ef9fa7b546ada311ca30f330f0d261a7fb184,dd4eb8aa3371b7fd821a7a9730c924cf.exe,Thanos,malwarebazaar,ransomware,2026-08-09 23:11:43 UTC,analyzed,2096,NO_VICTIM_ACTIVITY,file_type=exe
ef97bf49a9bd00a994143852590cc3a2d20227e510dc2b5968704d8f100b4d3c,4c045e17_by_Libranalysis,Thanos,malwarebazaar,ransomware,2026-08-09 23:11:44 UTC,analyzed,2100,TRUE_ENCRYPTION,file_type=exe
8c723af5c826adea162ef3f2e37a1cca7b43d549c9a5fab7c9ff17f65eb5d8e7,e1f063d6_by_Libranalysis,Thanos,malwarebazaar,ransomware,2026-08-09 23:11:46 UTC,analyzed,2104,NO_VICTIM_ACTIVITY,file_type=exe
1d4db8733c5f11ee8fca530aeb4a91069de04b1af64cbe1fa3ae2d3572a6e554,1d4db8733c5f11ee8fca530aeb4a91069de04b1af64cbe1fa3ae2d3572a6e554,Thanos,malwarebazaar,ransomware,2026-08-09 23:11:47 UTC,analyzed,2107,NO_VICTIM_ACTIVITY,file_type=exe
936a35ca214e9be1438c67a1153c854c28054994ce43f1eed39bb9dc52cb54dd,936a35ca214e9be1438c67a1153c854c28054994ce43f1eed39bb9dc52cb54dd,Thanos,malwarebazaar,ransomware,2026-08-09 23:11:49 UTC,analyzed,2110,NO_VICTIM_ACTIVITY,file_type=exe
899f48bad035165acf8869af63922619f8a901bbeb8a7fc13919ba90dd9e7768,899f48bad035165acf8869af63922619f8a901bbeb8a7fc13919ba90dd9e7768,Thanos,malwarebazaar,ransomware,2026-08-09 23:11:51 UTC,analyzed,2113,TRUE_ENCRYPTION,file_type=exe
8a4a038a965ba42a0442d44abf25e4d21f5049d4a4a8aa9cb6691ec4282814a1,SecuriteInfo.com.Trojan.EncoderNET.31368.23463.22716,Thanos,malwarebazaar,ransomware,2026-08-09 23:11:52 UTC,analyzed,2116,TRUE_ENCRYPTION,file_type=exe
8d268be58a27d2c980b807ffe703ea28b0fd0cd1ba2e455902faebe9ec17c52e,Skylandshare.bin,Thanos,malwarebazaar,ransomware,2026-08-09 23:11:54 UTC,analyzed,2119,TRUE_ENCRYPTION,file_type=exe
6a5090762c6058bc223e37e89f53832faad80995e3c5ed7e59ed9f5a5e604e47,thanos-cleaned.exe,Thanos,malwarebazaar,ransomware,2026-08-09 23:11:56 UTC,analyzed,2122,NO_VICTIM_ACTIVITY,file_type=exe
5d22974322ba4d6adb968e48ec84bc9eb110833d4a4f26b2c778a9d4359baa2f,KT7MSQ4GlY5489U.exe,Xorist,malwarebazaar,ransomware,2026-08-09 23:11:58 UTC,analyzed,1789,TRUE_ENCRYPTION,file_type=exe
809ace7cfbca9f9a1f385fbd0a07c07c8d145a52075e936ca808b8365e22b4d1,xhvXnps.exe,Xorist,malwarebazaar,ransomware,2026-08-09 23:12:00 UTC,analyzed,1824,TRUE_ENCRYPTION,file_type=exe
b013b979c5af00f1bf252afd94595a5adfd0a88e53267d7c17c9e89d18ec4b31,vmpsoft.vmp.exe,Xorist,malwarebazaar,ransomware,2026-08-09 23:12:03 UTC,analyzed,1852,TRUE_ENCRYPTION,file_type=exe
d9a11e95c6f0ca3172e93f161899f355153758153a874aedf696f6dfad54719c,d9a11e95c6f0ca3172e93f161899f355153758153a874aedf696f6dfad54719c.bin.sample,Xorist,malwarebazaar,ransomware,2026-08-09 23:12:05 UTC,analyzed,1877,TRUE_ENCRYPTION,file_type=exe
841f52f43cebec8602fee5688e076a6a24128fcd35969e85f9d921d467634d83,841f52f43cebec8602fee5688e076a6a24128fcd35969e85f9d921d467634d83.bin.sample,Xorist,malwarebazaar,ransomware,2026-08-09 23:12:06 UTC,analyzed,1899,TRUE_ENCRYPTION,file_type=exe
6269c641b9c51dc32fec94cc0dc0f7116b1686eec750bd1297133844419cfea1,6269c641b9c51dc32fec94cc0dc0f7116b1686eec750bd1297133844419cfea1.bin.sample,Xorist,malwarebazaar,ransomware,2026-08-09 23:12:08 UTC,analyzed,1919,FAILED,file_type=exe
ba43b2eb4865f24c9e04bdd6cd885202267e831ef797df32eb602dd91ff36ffb,ba43b2eb4865f24c9e04bdd6cd885202267e831ef797df32eb602dd91ff36ffb.bin.sample,Xorist,malwarebazaar,ransomware,2026-08-09 23:12:09 UTC,analyzed,1936,FAILED,file_type=exe
ab04ff1b0d5f70c43a0985f3b0b3b8bc1150ab9e74d56f3b1c4043a51aabf76d,ab04ff1b0d5f70c43a0985f3b0b3b8bc1150ab9e74d56f3b1c4043a51aabf76d.bin.sample,Xorist,malwarebazaar,ransomware,2026-08-09 23:12:11 UTC,analyzed,1951,FAILED,file_type=exe
4731758b5f792686547e861c6bd86ccf88ddb63cba6fa6b048a46cfc5f146325,4731758b5f792686547e861c6bd86ccf88ddb63cba6fa6b048a46cfc5f146325.bin.sample,Xorist,malwarebazaar,ransomware,2026-08-09 23:12:12 UTC,analyzed,1963,TRUE_ENCRYPTION,file_type=exe
280a75ca5ca5dc8e106f6f6e2005fe3e23b6c35e296d5639b00b5b6daba8c38e,280a75ca5ca5dc8e106f6f6e2005fe3e23b6c35e296d5639b00b5b6daba8c38e.bin.sample,Xorist,malwarebazaar,ransomware,2026-08-09 23:12:14 UTC,analyzed,1973,FAILED,file_type=exe
307a61c288932ffeb7a25d667cf2911266c5379acfab20aa9a52c1aa1148d59b,ec09cfa4a79d709daed859d1a0e131aaa994f4a7b4bed80406125db76446fbda,Xorist,malwarebazaar,ransomware,2026-08-09 23:12:16 UTC,analyzed,1983,TRUE_ENCRYPTION,file_type=exe
ec09cfa4a79d709daed859d1a0e131aaa994f4a7b4bed80406125db76446fbda,ec09cfa4a79d709daed859d1a0e131aaa994f4a7b4bed80406125db76446fbda,Xorist,malwarebazaar,ransomware,2026-08-09 23:12:17 UTC,analyzed,1993,TRUE_ENCRYPTION,file_type=exe
e5f60df786e9da9850b7f01480ebffced3be396618c230fa94b5cbc846723553,FW-APGKSDTPX4HOAUJJMBVDNXPOHZ.PDF.exe,Xorist,malwarebazaar,ransomware,2026-08-09 23:12:19 UTC,analyzed,2003,TRUE_ENCRYPTION,file_type=exe
319fbb2dd26045a90a452eb26799c6529f8a77ad8d7b967aec58111e25b12cd5,319fbb2dd26045a90a452eb26799c6529f8a77ad8d7b967aec58111e25b12cd5,Xorist,malwarebazaar,ransomware,2026-08-09 23:12:20 UTC,analyzed,2013,TRUE_ENCRYPTION,file_type=exe
990fb8e947d55d00381f5858ff19d266b766f284252abd1caf85045a4b947b4e,X.ex_,Xorist,malwarebazaar,ransomware,2026-08-09 23:12:22 UTC,analyzed,2022,TRUE_ENCRYPTION,file_type=exe
704e06fa70b31f0b8e914b5e8ab163c99f40933ba3cea58d2d1bc61ee214154a,704e06fa70b31f0b8e914b5e8ab163c99f40933ba3cea58d2d1bc61ee214154a,Xorist,malwarebazaar,ransomware,2026-08-09 23:12:23 UTC,analyzed,2030,TRUE_ENCRYPTION,file_type=exe
8ac39135776d78924a1b9a6cfde3da6b7622f7ed8cb68c0e230e271f3630dc86,8ac39135776d78924a1b9a6cfde3da6b7622f7ed8cb68c0e230e271f3630dc86,Xorist,malwarebazaar,ransomware,2026-08-09 23:12:25 UTC,analyzed,2038,TRUE_ENCRYPTION,file_type=exe
676bd3d0e169bed4737c1ec64abe8a247d12eebdfd18f08d5f702160afe88908,676bd3d0e169bed4737c1ec64abe8a247d12eebdfd18f08d5f702160afe88908,Xorist,malwarebazaar,ransomware,2026-08-09 23:12:27 UTC,analyzed,2046,TRUE_ENCRYPTION,file_type=exe
ee44d835b7a5eaf2fb534460848a0f419f9545674f85fb0152b158b41a1045bb,ee44d835b7a5eaf2fb534460848a0f419f9545674f85fb0152b158b41a1045bb,Xorist,malwarebazaar,ransomware,2026-08-09 23:12:28 UTC,analyzed,2054,TRUE_ENCRYPTION,file_type=exe
b037f6e9081c4601ca4d189dd3c81758a4175d018ae25457c10b3d9705545901,b037f6e9081c4601ca4d189dd3c81758a4175d018ae25457c10b3d9705545901,Xorist,malwarebazaar,ransomware,2026-08-09 23:12:30 UTC,analyzed,2061,TRUE_ENCRYPTION,file_type=exe
d742fc3fe56d39a8245264e3b17480de278b720fd8024c8401886331fbdbcad5,d742fc3fe56d39a8245264e3b17480de278b720fd8024c8401886331fbdbcad5,Xorist,malwarebazaar,ransomware,2026-08-09 23:12:31 UTC,analyzed,2068,TRUE_ENCRYPTION,file_type=exe
9d9afba0fc3a930a117b8905b4ee4821bb5e922794306aac084a1b1e51b0391a,9d9afba0fc3a930a117b8905b4ee4821bb5e922794306aac084a1b1e51b0391a,Xorist,malwarebazaar,ransomware,2026-08-09 23:12:33 UTC,analyzed,2075,TRUE_ENCRYPTION,file_type=exe
54dd94b75549efe6824143d4ad7ff79489b8c150f610c9b0609e75e5baf6b964,54dd94b75549efe6824143d4ad7ff79489b8c150f610c9b0609e75e5baf6b964,Xorist,malwarebazaar,ransomware,2026-08-09 23:12:36 UTC,analyzed,2081,TRUE_ENCRYPTION,file_type=exe
edfdcec55efa1d9d883ccf962f641b810cbff60187414cb762eb6ec4cc5b1a18,16c4cd026f7cb52bdce956e50c4106ac.exe,Xorist,malwarebazaar,ransomware,2026-08-09 23:12:39 UTC,analyzed,2085,TRUE_ENCRYPTION,file_type=exe
fb54a1b85ab37cdee346e06cf716cbe0b071f4833020823595f3b69614c5446e,7038aa2d7e2e316cdb8aed71162020c7.exe,Xorist,malwarebazaar,ransomware,2026-08-09 23:12:40 UTC,analyzed,2089,TRUE_ENCRYPTION,file_type=exe
1c195d273ccf2fbe86c66af4c0b5db5f6e2c4c4dc331b0b0e24d32f2ef57d9fa,2.exe,Xorist,malwarebazaar,ransomware,2026-08-09 23:12:42 UTC,analyzed,2093,TRUE_ENCRYPTION,file_type=exe
4509eb48fa6eb2117118bd33eaebfe190028e3d54976596878814031591dafe8,1.exe,Xorist,malwarebazaar,ransomware,2026-08-09 23:12:43 UTC,analyzed,2097,TRUE_ENCRYPTION,file_type=exe
3e034d9dcffdebde81a36c094aa9c730935345eb4c51912223e007deb152689b,7c6Wvdoy0nAKv8v.bin,Xorist,malwarebazaar,ransomware,2026-08-09 23:12:45 UTC,analyzed,2101,TRUE_ENCRYPTION,file_type=exe
4dd08b0bab6f19d143cca6f96c8b780da7f60dbf74f1c16c3442bc9f07d38030,4dd08b0bab6f19d143cca6f96c8b780da7f60dbf74f1c16c3442bc9f07d38030,HiddenTear,malwarebazaar,ransomware,2026-08-09 23:12:47 UTC,analyzed,1762,TRUE_ENCRYPTION,file_type=exe
ecfb5c95d0f3d112650ef4047936e8fa5244c21c921f6c7a6963e92abab4949d,ecfb5c95d0f3d112650ef4047936e8fa5244c21c921f6c7a6963e92abab4949d.exe,HiddenTear,malwarebazaar,ransomware,2026-08-09 23:12:49 UTC,analyzed,1804,TRUE_ENCRYPTION,file_type=exe
86e0eac8c5ce70c4b839ef18af5231b5f92e292b81e440193cdbdc7ed108049f,uckyLocker.exe,HiddenTear,malwarebazaar,ransomware,2026-08-09 23:12:50 UTC,analyzed,1833,TRUE_ENCRYPTION,file_type=exe
a1e56810113b29b66b79e31823a824da68a233c0c5d41853bb08b018e52ffb9a,a1e56810113b29b66b79e31823a824da68a233c0c5d41853bb08b018e52ffb9a,HiddenTear,malwarebazaar,ransomware,2026-08-09 23:12:52 UTC,analyzed,1859,NO_VICTIM_ACTIVITY,file_type=exe
d44a5f262ccb43f72ee2afde3e3ff2a55bbb3db5837bfa8aac2e8d7195014d8b,Trojan-Ransom.MSIL.Tear.a-d44a5f262ccb43f72ee2afde3e3ff2a55bbb3db5837bfa8aac2e8d7195014d8b.exe,HiddenTear,malwarebazaar,ransomware,2026-08-09 23:12:53 UTC,analyzed,1882,TRUE_ENCRYPTION,file_type=exe
fd217d262bae4fbd47ae208b4e45152e0a458cc9b7245e2221836a23a9e2467b,fd217d262bae4fbd47ae208b4e45152e0a458cc9b7245e2221836a23a9e2467b,HiddenTear,malwarebazaar,ransomware,2026-08-09 23:12:55 UTC,analyzed,1904,TRUE_ENCRYPTION,file_type=exe
ecf1633a5b162a9e59e76e8dd86afde28e32cc3be2e454188cd5e063e6be3650,HEUR-Trojan-Ransom.MSIL.Agent.gen-ecf1633a5b162a9e59e76e8dd86afde28e32cc3be2e454188cd5e063e6be3650,HiddenTear,malwarebazaar,ransomware,2026-08-09 23:12:57 UTC,analyzed,1924,NO_VICTIM_ACTIVITY,file_type=exe
1bdbb1f54354640bd65ec045ce886ab963d80fa2a96503f16f54f25484759ed1,HEUR-Trojan-Ransom.MSIL.Agent.gen-1bdbb1f54354640bd65ec045ce886ab963d80fa2a96503f16f54f25484759ed1,HiddenTear,malwarebazaar,ransomware,2026-08-09 23:12:58 UTC,analyzed,1941,TRUE_ENCRYPTION,file_type=exe
1ba708ad9103142f4b223b87537641cff1a36ca1c60bf8c8f1fae91d2bac4e02,HEUR-Trojan.Win32.Generic-1ba708ad9103142f4b223b87537641cff1a36ca1c60bf8c8f1fae91d2bac4e02,HiddenTear,malwarebazaar,ransomware,2026-08-09 23:13:00 UTC,analyzed,1955,TRUE_ENCRYPTION,file_type=exe
66efc75da73150a6e6ef59186108f3892f223854348d2028ddc6b3859a9a25f4,HEUR-Trojan-Ransom.MSIL.Agent.gen-66efc75da73150a6e6ef59186108f3892f223854348d2028ddc6b3859a9a25f4,HiddenTear,malwarebazaar,ransomware,2026-08-09 23:13:01 UTC,analyzed,1966,TRUE_ENCRYPTION,file_type=exe
9350d71ae24d33f0ef91fc545c6b12d388aac883a55f064e8253bd61b3abcdcf,HEUR-Trojan-Ransom.Win32.Generic-9350d71ae24d33f0ef91fc545c6b12d388aac883a55f064e8253bd61b3abcdcf.exe,HiddenTear,malwarebazaar,ransomware,2026-08-09 23:13:03 UTC,analyzed,1976,TRUE_ENCRYPTION,file_type=exe
1aa9716d4d2bb22285993a195d70565e8ab1420f81f5fd9d90601b4050bddde5,HEUR-Trojan-Ransom.Win32.Generic-1aa9716d4d2bb22285993a195d70565e8ab1420f81f5fd9d90601b4050bddde5.exe,HiddenTear,malwarebazaar,ransomware,2026-08-09 23:13:05 UTC,analyzed,1986,TRUE_ENCRYPTION,file_type=exe
df13748fd29876cb3410bff58b86a160ced3985fbb4710bb4b093954f130c3e3,Anime.bin,HiddenTear,malwarebazaar,ransomware,2026-08-09 23:13:07 UTC,analyzed,1996,NO_VICTIM_ACTIVITY,file_type=exe
7cdd7e30c7091fd2fa3e879dd70087517412a165bf14c4ea4fd354337f22c415,Marozka.exe,HiddenTear,malwarebazaar,ransomware,2026-08-09 23:13:08 UTC,analyzed,2006,TRUE_ENCRYPTION,file_type=exe
188a788960d15df85065cbc52f537434f3abd41aabd3299531fb58dfa98bbb1a,22E496083D46047375130E0A2DD4CD78,HiddenTear,malwarebazaar,ransomware,2026-08-09 23:13:11 UTC,analyzed,2016,NO_VICTIM_ACTIVITY,file_type=exe
3d13bbe7750e38414ba19fd51fe8a253d791edb6a923af31fe5d56ae17af0eec,SS Encrypter.bin,HiddenTear,malwarebazaar,ransomware,2026-08-09 23:13:13 UTC,analyzed,2024,NO_VICTIM_ACTIVITY,file_type=exe
ab67847cf268c5dba3796b0c022148da53a39b857061fe93a9d704c9844647d8,ab67847cf268c5dba3796b0c022148da53a39b857061fe93a9d704c9844647d8,HiddenTear,malwarebazaar,ransomware,2026-08-09 23:13:14 UTC,analyzed,2032,NO_VICTIM_ACTIVITY,file_type=exe
2b6c54bbf83f4d8d3709eba327c551b77176feef7678b7caa7e59a54019673b1,ForbiddenTear.bin,HiddenTear,malwarebazaar,ransomware,2026-08-09 23:13:16 UTC,analyzed,2040,TRUE_ENCRYPTION,file_type=exe
75574b8553f0c59e2d26cafd3cf92fe38eb815d6f11a3473cdb39741bbda72fd,ForbiddenTear_1.bin,HiddenTear,malwarebazaar,ransomware,2026-08-09 23:13:18 UTC,analyzed,2048,TRUE_ENCRYPTION,file_type=exe
f82cc4a6eb6092561e98255dea536d6cdc2c5dcf62ddf53aeb3ef342dd483f54,ForbiddenTear_2.bin,HiddenTear,malwarebazaar,ransomware,2026-08-09 23:13:19 UTC,analyzed,2056,TRUE_ENCRYPTION,file_type=exe
fd945e2cc6d1b3a453135d5df04eeccbfd16f76e0744dd27b99e0eccaa9053bd,software-launcher.bin,HiddenTear,malwarebazaar,ransomware,2026-08-09 23:13:21 UTC,analyzed,2063,TRUE_ENCRYPTION,file_type=exe
53fd929034ec71904be8ef06d4c42f2467997f16364431cb3e46a24d82bdaf6f,software-launcher8.bin,HiddenTear,malwarebazaar,ransomware,2026-08-09 23:13:22 UTC,analyzed,2070,FAILED,file_type=exe
e9f48ee07c060bd829f28387a16c8eba4ef1d2fb475fc03a09d944cc858b77fb,ea2.exe,HiddenTear,malwarebazaar,ransomware,2026-08-09 23:13:24 UTC,analyzed,2077,NO_VICTIM_ACTIVITY,file_type=exe
1228d0f04f0ba82569fc1c0609f9fd6c377a91b9ea44c1e7f9f84b2b90552da2,1228d0f04f0ba82569fc1c0609f9fd6c377a91b9ea44c1e7f9f84b2b90552da2,Avaddon,malwarebazaar,ransomware,2026-08-09 23:13:26 UTC,analyzed,1749,TRUE_ENCRYPTION,file_type=exe
d841d0a10e8b6885f1b8e1282c70e88d4f74471fbbe1b4b6f29b4ca238b1e8cb,taskhost.exe,Avaddon,malwarebazaar,ransomware,2026-08-09 23:13:28 UTC,analyzed,1793,TRUE_ENCRYPTION,file_type=exe
48d7cd572f14aed7a90d6b66097a885a889e6e7416a6aaa2eb442706ff661275,117da2dd_by_Libranalysis,Avaddon,malwarebazaar,ransomware,2026-08-09 23:13:30 UTC,analyzed,1827,TRUE_ENCRYPTION,file_type=exe
0ff4058f709d278ed662719b9627618c48e7a656c59f6bfecda9081c7cbd742b,0ff4058f709d278ed662719b9627618c48e7a656c59f6bfecda9081c7cbd742b,Avaddon,malwarebazaar,ransomware,2026-08-09 23:13:31 UTC,analyzed,1854,TRUE_ENCRYPTION,file_type=exe
2946ef53c8fec94dcdf9d3a1afc077ee9a3869eacb0879cb082ee0ce3de6a2e7,2946ef53c8fec94dcdf9d3a1afc077ee9a3869eacb0879cb082ee0ce3de6a2e7,Avaddon,malwarebazaar,ransomware,2026-08-09 23:13:33 UTC,analyzed,1878,NO_VICTIM_ACTIVITY,file_type=exe
46a8c1e768f632d69d06bfbd93932d102965c9e3f7c37d4a92e30aaeca905675,46a8c1e768f632d69d06bfbd93932d102965c9e3f7c37d4a92e30aaeca905675,Avaddon,malwarebazaar,ransomware,2026-08-09 23:13:35 UTC,analyzed,1900,TRUE_ENCRYPTION,file_type=exe
c14dd4a0831ea2548e1ddfd54b9704fe8ad0057924ede041c8c064b66690a028,c14dd4a0831ea2548e1ddfd54b9704fe8ad0057924ede041c8c064b66690a028.bin,Avaddon,malwarebazaar,ransomware,2026-08-09 23:13:36 UTC,analyzed,1920,TRUE_ENCRYPTION,file_type=exe
7b7c16367746efe7583ae46235b2f062ce44602dda990c9a11a730d619b8d365,6ff1ca648505fe8bea6b4a26616b9722.exe,Avaddon,malwarebazaar,ransomware,2026-08-09 23:13:40 UTC,analyzed,1937,TRUE_ENCRYPTION,file_type=exe
cc7852dc77152c57aa51e7b7dc34e09e086bba8845334d28d652b07adbc651bb,de224a9b8280cac9fb93da85dae08b85.exe,Avaddon,malwarebazaar,ransomware,2026-08-09 23:13:44 UTC,analyzed,1952,FAILED,file_type=exe
4a29b0f61b09b0e5f6736021f3fddde78737f8bd24afbb61fbb67999a09ebc7f,be50c283e4ea12e5bfcf3cf8c64fc0a7.exe,Avaddon,malwarebazaar,ransomware,2026-08-09 23:13:47 UTC,analyzed,1964,FAILED,file_type=exe
40f2f1b52877c4859614a065d6d538c9c07e6dfe7b763d76c2919daeda7cbbeb,51813a011933af7ea36ddca33e2794e0.exe,Avaddon,malwarebazaar,ransomware,2026-08-09 23:13:51 UTC,analyzed,1974,FAILED,file_type=exe
c7c9f8f68348fbd26aae20c9ccb1aefd1cfce63897efa4c64abe7ac480253259,affa6575a3ff529c583fab38ff9f59e5.exe,Avaddon,malwarebazaar,ransomware,2026-08-09 23:13:54 UTC,analyzed,1984,TRUE_ENCRYPTION,file_type=exe
f25bac7d622cd257c9668067e7499c0587e14f5c9719177df836c0778a420ee2,6fac91349f1e3171384e2c4e51814a5a.exe,Avaddon,malwarebazaar,ransomware,2026-08-09 23:13:59 UTC,analyzed,1994,FAILED,file_type=exe
cc95a8d100f70d0fbf4af14e852aa108bdb0e36db4054c3f60b3515818a71f46,Avaddon Ransomware,Avaddon,malwarebazaar,ransomware,2026-08-09 23:14:01 UTC,analyzed,2004,TRUE_ENCRYPTION,file_type=exe
e24f69aa8738d14b85ad76a1783d51120b8b6ba467190fe7d8f96ad2969c8fdf,r.bin,Avaddon,malwarebazaar,ransomware,2026-08-09 23:14:03 UTC,analyzed,2014,TRUE_ENCRYPTION,file_type=exe
48689c986eb553e6a7aeba973501b9660cb1418d4ec3ba9d0511f82799d1422c,1.bin,Avaddon,malwarebazaar,ransomware,2026-08-09 23:14:05 UTC,analyzed,2023,TRUE_ENCRYPTION,file_type=exe
10d2acf2624e52b9dd5f5a78b14bcdf7728bb9ef76f90008f622a5381d555952,10d2acf2624e52b9dd5f5a78b14bcdf7728bb9ef76f90008f622a5381d555952,Avaddon,malwarebazaar,ransomware,2026-08-09 23:14:06 UTC,analyzed,2031,TRUE_ENCRYPTION,file_type=exe
bcb69244dc69a152af4dca3849bb4f3ca634ad785926304c672dbf8a3c38e7bc,bcb69244dc69a152af4dca3849bb4f3ca634ad785926304c672dbf8a3c38e7bc,Avaddon,malwarebazaar,ransomware,2026-08-09 23:14:08 UTC,analyzed,2039,TRUE_ENCRYPTION,file_type=exe
01aa2cf8db4badde36f1896d341e31c0fe91a51772f1aa50b9f59ba368973993,1.exe,Avaddon,malwarebazaar,ransomware,2026-08-09 23:14:10 UTC,analyzed,2047,TRUE_ENCRYPTION,file_type=exe
93f3b587a2a8e5515dc08ee47eef4d02805e5fccefde4a29e780946124257a56,93,Avaddon,malwarebazaar,ransomware,2026-08-09 23:14:11 UTC,analyzed,2055,TRUE_ENCRYPTION,file_type=exe
0f081ea4e30ca05fc2977235bf239992b17fa9968b58b001990e4539f0899269,0f081ea4e30ca05fc2977235bf239992b17fa9968b58b001990e4539f0899269,Avaddon,malwarebazaar,ransomware,2026-08-09 23:14:15 UTC,analyzed,2062,TRUE_ENCRYPTION,file_type=exe
fa4626e2c5984d7868a685c5102530bd8260d0b31ef06d2ce2da7636da48d2d6,wtava.exe,Avaddon,malwarebazaar,ransomware,2026-08-09 23:14:17 UTC,analyzed,2069,TRUE_ENCRYPTION,file_type=exe
dccc689c986e357d5dbdc987e72e6b8a0e9017cbf347449b27c84b8b7b9d507a,Avaddon Ransomware,Avaddon,malwarebazaar,ransomware,2026-08-09 23:14:19 UTC,analyzed,2076,TRUE_ENCRYPTION,file_type=exe
26ebdda500de80766d1d4d080d608d6e3ee48a78401c1084f0c2399f1605c7c2,26ebdda500de80766d1d4d080d608d6e3ee48a78401c1084f0c2399f1605c7c2,WastedLocker,malwarebazaar,ransomware,2026-08-09 23:14:22 UTC,analyzed,1788,TRUE_ENCRYPTION,file_type=exe
db665f26dbc4ca92d326f2cb98faafb9e84d404346b201cd88bec91ce4206bb2,db665f26dbc4ca92d326f2cb98faafb9e84d404346b201cd88bec91ce4206bb2.bin,WastedLocker,malwarebazaar,ransomware,2026-08-09 23:14:24 UTC,analyzed,1823,TRUE_ENCRYPTION,file_type=exe
597ab9cbb4beea848beed36fe7ef634130e649e15ae8c1161fd6baec16408803,597ab9cbb4beea848beed36fe7ef634130e649e15ae8c1161fd6baec16408803.bin,WastedLocker,malwarebazaar,ransomware,2026-08-09 23:14:25 UTC,analyzed,1851,FAILED,file_type=exe
ec9b412e9a6e0da1a21c01158c4c8313b61b033f58d16d913d72229794069d18,ec9b412e9a6e0da1a21c01158c4c8313b61b033f58d16d913d72229794069d18.bin,WastedLocker,malwarebazaar,ransomware,2026-08-09 23:14:27 UTC,analyzed,1876,TRUE_ENCRYPTION,file_type=exe
4d7e4660c8e71d4d663dac8ea2b8cde6e07277b2839beda6ad88eb66f3f5a71b,4d7e4660c8e71d4d663dac8ea2b8cde6e07277b2839beda6ad88eb66f3f5a71b.bin,WastedLocker,malwarebazaar,ransomware,2026-08-09 23:14:28 UTC,analyzed,1898,FAILED,file_type=exe
7de425238719622bf2b2150591631b0a71d6a5dade419a4e67b9bdbfa272b559,7de425238719622bf2b2150591631b0a71d6a5dade419a4e67b9bdbfa272b559.bin,WastedLocker,malwarebazaar,ransomware,2026-08-09 23:14:30 UTC,analyzed,1918,TRUE_ENCRYPTION,file_type=exe
6d35b01dbe014c6efc18d587c2be5e12617e1681cc670ba5c49fe7ead9de780e,6d35b01dbe014c6efc18d587c2be5e12617e1681cc670ba5c49fe7ead9de780e.bin,WastedLocker,malwarebazaar,ransomware,2026-08-09 23:14:31 UTC,analyzed,1935,TRUE_ENCRYPTION,file_type=exe
37a30621364d3083424b24b0255fc8f5752d88c381600d840574e551c284fb6e,37a30621364d3083424b24b0255fc8f5752d88c381600d840574e551c284fb6e.bin,WastedLocker,malwarebazaar,ransomware,2026-08-09 23:14:33 UTC,analyzed,1950,TRUE_ENCRYPTION,file_type=exe
ab007094afec534a2aa64436f214866014a664e7399aeaf361790ede5eec6b56,ab007094afec534a2aa64436f214866014a664e7399aeaf361790ede5eec6b56.bin,WastedLocker,malwarebazaar,ransomware,2026-08-09 23:14:34 UTC,analyzed,1962,TRUE_ENCRYPTION,file_type=exe
d054e9223a2665b1746727d7bf9b008181c2d60c6a20b27490e4adb151560823,d054e9223a2665b1746727d7bf9b008181c2d60c6a20b27490e4adb151560823.bin,WastedLocker,malwarebazaar,ransomware,2026-08-09 23:14:36 UTC,analyzed,1972,FAILED,file_type=exe
7a45a4ae68992e5be784b4a6da7acd98dc28281fe238f22c1f7c1d85a90d144a,7a45a4ae68992e5be784b4a6da7acd98dc28281fe238f22c1f7c1d85a90d144a.bin,WastedLocker,malwarebazaar,ransomware,2026-08-09 23:14:38 UTC,analyzed,1982,TRUE_ENCRYPTION,file_type=exe
9744b5f5d07149c5619d7fec67622b4e43bf3b28a803c2ab4121be4080e2b165,9744b5f5d07149c5619d7fec67622b4e43bf3b28a803c2ab4121be4080e2b165.bin,WastedLocker,malwarebazaar,ransomware,2026-08-09 23:14:39 UTC,analyzed,1992,FAILED,file_type=exe
06e3e56153ca25cb9790495f0768e9b615e088f9241ac7f3b974f2e9cd97bd21,asdrer_00190000.bin,WastedLocker,malwarebazaar,ransomware,2026-08-09 23:14:41 UTC,analyzed,2002,TRUE_ENCRYPTION,file_type=exe
633e3f41ab072d59eb255348209fd3228a8abc3168601c7f95342ef85efdc6b2,633e3f41ab072d59eb255348209fd3228a8abc3168601c7f95342ef85efdc6b2.bin,WastedLocker,malwarebazaar,ransomware,2026-08-09 23:14:42 UTC,analyzed,2012,TRUE_ENCRYPTION,file_type=exe
8dc3389d37519b24aef2bcf2a15530ea1b13ff4b98228967c9876835bdb99a01,8dc3389d37519b24aef2bcf2a15530ea1b13ff4b98228967c9876835bdb99a01.bin,WastedLocker,malwarebazaar,ransomware,2026-08-09 23:14:44 UTC,analyzed,2021,TRUE_ENCRYPTION,file_type=exe
0e061255b12ade5dc10f4ad9aeca9ebe5496d28ed251acb376c66c1d9f405821,lock.exe,WastedLocker,malwarebazaar,ransomware,2026-08-09 23:14:45 UTC,analyzed,2029,TRUE_ENCRYPTION,file_type=exe
905ea119ad8d3e54cd228c458a1b5681abc1f35df782977a23812ec4efa0288a,Interfaces.bin,WastedLocker,malwarebazaar,ransomware,2026-08-09 23:14:47 UTC,analyzed,2037,TRUE_ENCRYPTION,file_type=exe
aa05e7a187ddec2e11fc1c9eafe61408d085b0ab6cd12caeaf531c9dca129772,aa05e7a187ddec2e11fc1c9eafe61408d085b0ab6cd12caeaf531c9dca129772,WastedLocker,malwarebazaar,ransomware,2026-08-09 23:14:48 UTC,analyzed,2045,TRUE_ENCRYPTION,file_type=exe
5cd04805f9753ca08b82e88c27bf5426d1d356bb26b281885573051048911367,5cd04805f9753ca08b82e88c27bf5426d1d356bb26b281885573051048911367,WastedLocker,malwarebazaar,ransomware,2026-08-09 23:14:50 UTC,analyzed,2053,TRUE_ENCRYPTION,file_type=exe
8897db876553f942b2eb4005f8475a232bafb82a50ca7761a621842e894a3d80,8897db876553f942b2eb4005f8475a232bafb82a50ca7761a621842e894a3d80,WastedLocker,malwarebazaar,ransomware,2026-08-09 23:14:51 UTC,analyzed,2060,TRUE_ENCRYPTION,file_type=exe
bcdac1a2b67e2b47f8129814dca3bcf7d55404757eb09f1c3103f57da3153ec8,bcdac1a2b67e2b47f8129814dca3bcf7d55404757eb09f1c3103f57da3153ec8,WastedLocker,malwarebazaar,ransomware,2026-08-09 23:14:53 UTC,analyzed,2067,TRUE_ENCRYPTION,file_type=exe
ed0632acb266a4ec3f51dd803c8025bccd654e53c64eb613e203c590897079b3,ed0632acb266a4ec3f51dd803c8025bccd654e53c64eb613e203c590897079b3,WastedLocker,malwarebazaar,ransomware,2026-08-09 23:14:55 UTC,analyzed,2074,TRUE_ENCRYPTION,file_type=exe
afec2b2af3ace2c478382f9366f6cbc9b9579f2c9a4273150fc33a2ccd59284c,SecuriteInfo.com.Trojan.Encoder.3976.32157.17259,Locky,malwarebazaar,ransomware,2026-08-09 23:14:58 UTC,analyzed,1765,FAILED,file_type=exe
3329641a171508fa6b1ad7674b31431093d46be190d1a51acd77e486f42d9c8e,LockyRansom.exe,Locky,malwarebazaar,ransomware,2026-08-09 23:15:00 UTC,analyzed,1807,TRUE_ENCRYPTION,file_type=exe
f2c9ae3735430b930a81148c0bb470fcb733e456a2a942f859a1b59c4a7b2150,f2c9ae3735430b930a81148c0bb470fcb733e456a2a942f859a1b59c4a7b2150.exe,Locky,malwarebazaar,ransomware,2026-08-09 23:15:02 UTC,analyzed,1836,FAILED,file_type=exe
d1dcf4c2165f3cf5729ba76e1ee80f4709d8e7eca7a6c29ceffc5fc6b09660fe,2023-08-05_22943d9ceda4a9116856822a73c1bcc8_locky,Locky,malwarebazaar,ransomware,2026-08-09 23:15:03 UTC,analyzed,1862,FAILED,file_type=exe
390ed1dde4ff03adfcf67c59ee02567ac5665bb5e029eaebf0332bc81e4d1891,09762899.exe,Locky,malwarebazaar,ransomware,2026-08-09 23:15:05 UTC,analyzed,1885,TRUE_ENCRYPTION,file_type=exe
4bef307f6ffd4f7335adc9a72258c1c196ff2f55b5d422e12505ffcd916b993a,2023-05-11_635e527b2f088abe94d546c6661cd22f_locky,Locky,malwarebazaar,ransomware,2026-08-09 23:15:07 UTC,analyzed,1907,FAILED,file_type=exe
91eb391fb81353b7bc4794d525997a5dfdbb1d5f1e7e3582e52f8c678adfb900,2023-05-11_0ea968f98bd61d0646bf03e0907bf480_locky,Locky,malwarebazaar,ransomware,2026-08-09 23:15:09 UTC,analyzed,1927,FAILED,file_type=exe
cfaf5c17b24af5463975daa676da4291e58ea80e9497df62e2dca2abda0ed681,2023-05-11_011ae2b76ac71ffcafd074210d8099ef_locky,Locky,malwarebazaar,ransomware,2026-08-09 23:15:11 UTC,analyzed,1944,FAILED,file_type=exe
a6b93a36b226140c0048811bc07bda4377484857c3207bc37d3b8880da5c6740,2023-04-27_1238c7d4313505c7ecf60e6f2b6e9fc0_locky,Locky,malwarebazaar,ransomware,2026-08-09 23:15:12 UTC,analyzed,1956,FAILED,file_type=exe
0239a0ffbfd6198ec9fd73a9cac589942939328402884d6d7e03abb5f9e41850,2023-04-27_f53f3926c9e319ebc4cffdf86bccb5a4_locky,Locky,malwarebazaar,ransomware,2026-08-09 23:15:15 UTC,analyzed,1967,FAILED,file_type=exe
e1de0531f3954d365af908d2789d453fb12480199fd9bd06a58651f90d926afe,2023-04-27_2ad5259b79936524afc5bd4b2b024da2_locky,Locky,malwarebazaar,ransomware,2026-08-09 23:15:16 UTC,analyzed,1977,FAILED,file_type=exe
17c3d74e3c0645edb4b5145335b342d2929c92dff856cca1a5e79fa5d935fec2,17c3d74e3c0645edb4b5145335b342d2929c92dff856cca1a5e79fa5d935fec2,Locky,malwarebazaar,ransomware,2026-08-09 23:15:18 UTC,analyzed,1987,NO_VICTIM_ACTIVITY,file_type=exe
dbb929b5989d63731106f2fc8239debdd23e888d3713ba836b1b357be48e0fb5,dbb929b5989d63731106f2fc8239debdd23e888d3713ba836b1b357be48e0fb5,Locky,malwarebazaar,ransomware,2026-08-09 23:15:19 UTC,analyzed,1997,FAILED,file_type=exe
0fe7d733494aeb44ed3dd48f78e3e48f9714fa807f9a09a92cfafa3dc9d6495f,0fe7d733494aeb44ed3dd48f78e3e48f9714fa807f9a09a92cfafa3dc9d6495f,Locky,malwarebazaar,ransomware,2026-08-09 23:15:21 UTC,analyzed,2007,FAILED,file_type=exe
49a48d4ff1b7973e55d5838f20107620ed808851231256bb94c85f6c80b8ebfc,49a48d4ff1b7973e55d5838f20107620ed808851231256bb94c85f6c80b8ebfc,Locky,malwarebazaar,ransomware,2026-08-09 23:15:23 UTC,analyzed,2017,FAILED,file_type=exe
df255af635a2dde04c031db95862f11e1bf44fe5cfc10d3b20bd4678ed818567,SecuriteInfo.com.Crypt8.CIGU.23624.14657,Locky,malwarebazaar,ransomware,2026-08-09 23:15:25 UTC,analyzed,2025,TRUE_ENCRYPTION,file_type=exe
36350904b065500f429e6b2af0c4a1ec835352fed15cad40f07760aede4fcd47,Cdaavuz.exe,Locky,malwarebazaar,ransomware,2026-08-09 23:15:27 UTC,analyzed,2033,NO_VICTIM_ACTIVITY,file_type=exe
ace15d620a4d8a32324351bd7405307873f7101f113a7e022ed9ec06ee1689b9,SecuriteInfo.com.Generic.HEUR.QVM10.2.898F.Malware.Gen.18106,Locky,malwarebazaar,ransomware,2026-08-09 23:15:29 UTC,analyzed,2041,NO_VICTIM_ACTIVITY,file_type=exe
40a340087cc07780bfd61eab92e40f1223a6de88ec191bdedea0b91b16eca2aa,Adobe+Illustrator+CS6+Full+Crack+With+Serial+Keygen+{Latest+2019}+Free-RTMD-ADkuk17nlgAA7xoCAFVBFwASAP-wxQUA.exe,Locky,malwarebazaar,ransomware,2026-08-09 23:15:32 UTC,analyzed,2049,NO_VICTIM_ACTIVITY,file_type=exe
b1ac46470933de2096f95f35116dc3dd2a52b416150b75dc3d5e3ee4d521a09a,Ransomware VXUG Ransom,CryLock,malwarebazaar,ransomware,2026-08-09 23:15:34 UTC,analyzed,1752,TRUE_ENCRYPTION,file_type=exe
933d74ff8619fec658ef6c115cc0f0095cef36148922ccddbd7900cbf12afef8,933d74ff8619fec658ef6c115cc0f0095cef36148922ccddbd7900cbf12afef8,CryLock,malwarebazaar,ransomware,2026-08-09 23:15:36 UTC,analyzed,1796,TRUE_ENCRYPTION,file_type=exe
51e37ed259c5fc897f0f60fe1ddfbcdc0cfdb48fa9e383ead42e05065340ad4a,51e37ed259c5fc897f0f60fe1ddfbcdc0cfdb48fa9e383ead42e05065340ad4a,CryLock,malwarebazaar,ransomware,2026-08-09 23:15:37 UTC,analyzed,1828,TRUE_ENCRYPTION,file_type=exe
1e8bafd699de6d5987cfb2fdc138ae15422d8377614107348b905dd0f1bf7d77,1e8bafd699de6d5987cfb2fdc138ae15422d8377614107348b905dd0f1bf7d77,CryLock,malwarebazaar,ransomware,2026-08-09 23:15:39 UTC,analyzed,1855,TRUE_ENCRYPTION,file_type=exe
4a47769cf06cd353a24bf01392a154fb5c9c97547e63382d1859f6b90448b2ba,4a47769cf06cd353a24bf01392a154fb5c9c97547e63382d1859f6b90448b2ba,CryLock,malwarebazaar,ransomware,2026-08-09 23:15:41 UTC,analyzed,1879,TRUE_ENCRYPTION,file_type=exe
a962501ea4cd363dd588c948ff8b0ab24aa4132ff58f4a7806af06efa3b791ef,a962501ea4cd363dd588c948ff8b0ab24aa4132ff58f4a7806af06efa3b791ef.bin,CryLock,malwarebazaar,ransomware,2026-08-09 23:15:42 UTC,analyzed,1901,FAILED,file_type=exe
e001f6a5b2d4d2659b010fb5825eb4383e8f415861a244329bc70cfcd18da507,e001f6a5b2d4d2659b010fb5825eb4383e8f415861a244329bc70cfcd18da507.bin,CryLock,malwarebazaar,ransomware,2026-08-09 23:15:44 UTC,analyzed,1921,TRUE_ENCRYPTION,file_type=exe
6bc21092f49a473b0fd4d1e1a77ce5d7e97e961334764b606b7014710fb75466,61b2f50b_by_Libranalysis,CryLock,malwarebazaar,ransomware,2026-08-09 23:15:46 UTC,analyzed,1938,TRUE_ENCRYPTION,file_type=exe
ede64c15feef1b185c1a4b5727972c8ad66f7dfe86a095921bf45bf872f8d0dd,ede64c15feef1b185c1a4b5727972c8ad66f7dfe86a095921bf45bf872f8d0dd.bin,CryLock,malwarebazaar,ransomware,2026-08-09 23:15:47 UTC,analyzed,1953,TRUE_ENCRYPTION,file_type=exe
e298ac8c4975ff92788ee7049e39b047d0805c2513f7a5ca4b1e98f8b260b923,e298ac8c4975ff92788ee7049e39b047d0805c2513f7a5ca4b1e98f8b260b923.bin,CryLock,malwarebazaar,ransomware,2026-08-09 23:15:49 UTC,analyzed,1965,TRUE_ENCRYPTION,file_type=exe
b12b6892a6bec7d1cec43811e686cc6874988a51f4e64b67c7f5906af40fae26,b12b6892a6bec7d1cec43811e686cc6874988a51f4e64b67c7f5906af40fae26.bin,CryLock,malwarebazaar,ransomware,2026-08-09 23:15:51 UTC,analyzed,1975,TRUE_ENCRYPTION,file_type=exe
9484f195618170ec3fa8e8a8d6f8abe0e3c0b360c5767a630d305ef99c92581e,9484f195618170ec3fa8e8a8d6f8abe0e3c0b360c5767a630d305ef99c92581e.bin,CryLock,malwarebazaar,ransomware,2026-08-09 23:15:53 UTC,analyzed,1985,TRUE_ENCRYPTION,file_type=exe
03014ebd23ea5748d944cadd8b2ab3001fea716b877ff537737eee63ee5cfe28,03014ebd23ea5748d944cadd8b2ab3001fea716b877ff537737eee63ee5cfe28.bin,CryLock,malwarebazaar,ransomware,2026-08-09 23:15:54 UTC,analyzed,1995,TRUE_ENCRYPTION,file_type=exe
77f1ebb5392e31c451ffa322b88e87fc235ba4450033c5987822f2564a0fde9e,77f1ebb5392e31c451ffa322b88e87fc235ba4450033c5987822f2564a0fde9e.bin,CryLock,malwarebazaar,ransomware,2026-08-09 23:15:56 UTC,analyzed,2005,TRUE_ENCRYPTION,file_type=exe
04d8109c6c78055d772c01fefe1e5f48a70f2a65535cff17227b5a2c8506b831,04d8109c6c78055d772c01fefe1e5f48a70f2a65535cff17227b5a2c8506b831,CryLock,malwarebazaar,ransomware,2026-08-09 23:15:59 UTC,analyzed,2015,TRUE_ENCRYPTION,file_type=exe
b1ab81351ec03c050a9424eaac1d1996308a440db04fd95ec5cada60aa524f1a,RedPetyaOpenSSL.exe,Petya,malwarebazaar,ransomware,2026-08-09 23:16:01 UTC,analyzed,1772,NO_VICTIM_ACTIVITY,file_type=exe
ac931f9419235283f509bbed222918c34b72cfd8f29c83af5ad35d249f42c41c,cbe6a0a06ffe4254df06daff8f77136c.exe,Petya,malwarebazaar,ransomware,2026-08-09 23:16:03 UTC,analyzed,1813,NO_VICTIM_ACTIVITY,file_type=exe
d93f73c6469bd56ad4d1b9d07e4d5b271beb0c012d17c5576b18ebc35588e9ab,PetrWrap.exe,Petya,malwarebazaar,ransomware,2026-08-09 23:16:05 UTC,analyzed,1842,NO_VICTIM_ACTIVITY,file_type=exe
4c0153b979e65346c1d6f863086082ec5ef103cbf6b0f5e8652d61da678a8ca5,p2pWin.exe,Petya,malwarebazaar,ransomware,2026-08-09 23:16:06 UTC,analyzed,1868,NO_VICTIM_ACTIVITY,file_type=exe
c0d0665bc0fc83c9204e30057d7c626e80f3ebe1e0554f17930274aa11996ef1,08468899.exe,Petya,malwarebazaar,ransomware,2026-08-09 23:16:08 UTC,analyzed,1890,NO_VICTIM_ACTIVITY,file_type=exe
e079fa28ea51fa98644164caf585ae3231d25372fccca1245902fb57488d4660,02288399.exe,Petya,malwarebazaar,ransomware,2026-08-09 23:16:09 UTC,analyzed,1911,FAILED,file_type=exe
b5ef16922e2c76b09edd71471dd837e89811c5e658406a8495c1364d0d9dc690,_________----by__.exe,Petya,malwarebazaar,ransomware,2026-08-09 23:16:11 UTC,analyzed,1930,FAILED,file_type=exe
a1f30cabf6d8e2d2796eb166d49bcf86a3dd18fb92da8b861adf9247373cf70b,bitsadmin.bin,Petya,malwarebazaar,ransomware,2026-08-09 23:16:13 UTC,analyzed,1946,FAILED,file_type=exe
389a7d395492c2da6f8abf5a8a7c49c3482f7844f77fe681808c71e961bcae97,GoldenEye.bin,Petya,malwarebazaar,ransomware,2026-08-09 23:16:14 UTC,analyzed,1958,FAILED,file_type=exe
5e41340a94b66980044e5e08646bf159d225051b213234936178a2a3f722f446,file,Petya,malwarebazaar,ransomware,2026-08-09 23:16:16 UTC,analyzed,1968,NO_VICTIM_ACTIVITY,file_type=exe
2a2a4e8ac8a25f27a49b5f25d4af953050474f468d32540f1e2a0f7e81f67556,file,Petya,malwarebazaar,ransomware,2026-08-09 23:16:18 UTC,analyzed,1978,FAILED,file_type=exe
36ae29df569363f2ab310bbfab894f449c530f8b1f0320f42714cb26cd744750,Trojan-Ransom.Win32.Petr.aqv-36ae29df569363f2ab310bbfab894f449c530f8b1f0320f42714cb26cd744750.exe,Petya,malwarebazaar,ransomware,2026-08-09 23:16:19 UTC,analyzed,1988,NO_VICTIM_ACTIVITY,file_type=exe
4c1dc737915d76b7ce579abddaba74ead6fdb5b519a1ea45308b8c49b950655c,NoPetya.bin,Petya,malwarebazaar,ransomware,2026-08-09 23:16:21 UTC,analyzed,1998,FAILED,file_type=exe
1705f87120df7419c983a18c843ffb3012e7b257e3004621514c30aa631f7009,Misha.exe,Petya,malwarebazaar,ransomware,2026-08-09 23:16:22 UTC,analyzed,2008,FAILED,file_type=exe
b2b12a1c84dd1f3280d69db6adf1b63c10fd90dee220c224512e0bcb8601cf5f,e277608c1edbd255983bae2abf12deb8.exe,CryptoWall,malwarebazaar,ransomware,2026-08-09 23:16:25 UTC,analyzed,1755,NO_VICTIM_ACTIVITY,file_type=exe
45317968759d3e37282ceb75149f627d648534c5b4685f6da3966d8f6fca662d,cryptowall.bin,CryptoWall,malwarebazaar,ransomware,2026-08-09 23:16:26 UTC,analyzed,1798,NO_VICTIM_ACTIVITY,file_type=exe
546817e28100127124a0368050cbe6ecd1ea7a64c0bdfbef14823bb77404c42b,SDFormatter.exe,CryptoWall,malwarebazaar,ransomware,2026-08-09 23:16:28 UTC,analyzed,1830,NO_VICTIM_ACTIVITY,file_type=exe
780372867b02291f280f2e6f3abf2d94402968484e59b3dac49fbbc2ebb6ed89,2023-04-27_89387525cb4b60ddf4db76a680bf09a4_cryptowall,CryptoWall,malwarebazaar,ransomware,2026-08-09 23:16:29 UTC,analyzed,1857,NO_VICTIM_ACTIVITY,file_type=exe
d2328d9c7108710581e347aeb5e17b6bee6d8211ca2d00aeff2d18ecfe7ed618,2023-04-27_7ac156a4140ddcddf1ddb702343216fc_cryptowall,CryptoWall,malwarebazaar,ransomware,2026-08-09 23:16:31 UTC,analyzed,1881,NO_VICTIM_ACTIVITY,file_type=exe
0715240d1af82c1cea262cde2a286b8b400805dc1f35f49422c7ee39e00f93ce,2023-04-07_b2fe08274cd765d5c3269bf6d560b5a2_cryptowall,CryptoWall,malwarebazaar,ransomware,2026-08-09 23:16:32 UTC,analyzed,1903,NO_VICTIM_ACTIVITY,file_type=exe
192cdcbdec8bdebb7cae89037d6004b4aff2b8264c35a3875fa2d6db104437ca,2023-03-10_0d730b155b46fe1ec3e4503ae55db4d0_cryptowall,CryptoWall,malwarebazaar,ransomware,2026-08-09 23:16:34 UTC,analyzed,1923,NO_VICTIM_ACTIVITY,file_type=exe
ec4cb2623fbc85bc3aabcad5a1ea93966cc2e61c653b993fa5104021cd0f54f1,20A565943964AC488DCCCCB0F12092DB,CryptoWall,malwarebazaar,ransomware,2026-08-09 23:16:35 UTC,analyzed,1940,NO_VICTIM_ACTIVITY,file_type=exe
4a27e09aeb42de72b83261f3f920f80ec1f5f8fd875ef9487ee5d6f81f726fe3,4a27e09aeb42de72b83261f3f920f80ec1f5f8fd875ef9487ee5d6f81f726fe3,CryptoWall,malwarebazaar,ransomware,2026-08-09 23:16:37 UTC,analyzed,1954,NO_VICTIM_ACTIVITY,file_type=exe
2daa5144081dd288c1dc936ec27b1c8bd709633450ceb73f235fccd1c3d3c62e,2023-03-02_193e702195e8ed5c50cc482569559462_nefilim,Nefilim,malwarebazaar,ransomware,2026-08-09 23:16:39 UTC,analyzed,1768,TRUE_ENCRYPTION,file_type=exe
fb3f622cf5557364a0a3abacc3e9acf399b3631bf3630acb8132514c486751e7,fb3f622cf5557364a0a3abacc3e9acf399b3631bf3630acb8132514c486751e7.bin,Nefilim,malwarebazaar,ransomware,2026-08-09 23:16:42 UTC,analyzed,1810,TRUE_ENCRYPTION,file_type=exe
2d4b2b807ace9dfc3f13962c65f1b6b9b6ba80394c517729ada50d6302792d9c,2d4b2b807ace9dfc3f13962c65f1b6b9b6ba80394c517729ada50d6302792d9c.bin,Nefilim,malwarebazaar,ransomware,2026-08-09 23:16:44 UTC,analyzed,1839,TRUE_ENCRYPTION,file_type=exe
45e35c9b095871fbc9b85afff4e79dd36b7812b96a302e1ccc65ce7668667fe6,45e35c9b095871fbc9b85afff4e79dd36b7812b96a302e1ccc65ce7668667fe6.bin,Nefilim,malwarebazaar,ransomware,2026-08-09 23:16:47 UTC,analyzed,1865,TRUE_ENCRYPTION,file_type=exe
0bafde9b22d7147de8fdb852bcd529b1730acddc9eb71316b66c180106f777f5,0bafde9b22d7147de8fdb852bcd529b1730acddc9eb71316b66c180106f777f5,Nefilim,malwarebazaar,ransomware,2026-08-09 23:16:50 UTC,analyzed,1887,TRUE_ENCRYPTION,file_type=exe
f9ed3c070a2731acbfef6d4b2af980b6e922b2dda0e9227e02f4b4f3821f4b17,Filecoder Nemty 64bit,Nefilim,malwarebazaar,ransomware,2026-08-09 23:16:52 UTC,analyzed,1909,TRUE_ENCRYPTION,file_type=exe
08c7dfde13ade4b13350ae290616d7c2f4a87cbeac9a3886e90a175ee40fb641,08c7dfde13ade4b13350ae290616d7c2f4a87cbeac9a3886e90a175ee40fb641.bin,Nefilim,malwarebazaar,ransomware,2026-08-09 23:16:54 UTC,analyzed,1929,TRUE_ENCRYPTION,file_type=exe
c2b9f3b84e3e990e2c225e05ea65e7a3aaaf5a688864d0ee68ed2eece557fac0,c2b9f3b84e3e990e2c225e05ea65e7a3aaaf5a688864d0ee68ed2eece557fac0.bin,Nefilim,malwarebazaar,ransomware,2026-08-09 23:16:57 UTC,analyzed,1945,TRUE_ENCRYPTION,file_type=exe
d4492a9eb36f87a9b3156b59052ebaf10e264d5d1ce4c015a6b0d205614e58e3,nefilim_32_2.ex_,Nefilim,malwarebazaar,ransomware,2026-08-09 23:16:59 UTC,analyzed,1957,TRUE_ENCRYPTION,file_type=exe
6c6d2bc2d895c9e0b8946c0d1ad5611632e479eecb481031e5f3744e1a6f65b0,hitclub.nagoya_1ae33ef5_r_teamviewer.dll,Jigsaw,malwarebazaar,ransomware,2026-08-09 23:17:01 UTC,analyzed,1763,NO_VICTIM_ACTIVITY,file_type=exe
7b2314d6af6b3df7723dbd88439b29fb990e8133cba441c76b9683b68a5adfd1,citrum.io_6dce400a_r_microsoft-edge.dll,Jigsaw,malwarebazaar,ransomware,2026-08-09 23:17:02 UTC,analyzed,1805,NO_VICTIM_ACTIVITY,file_type=exe
e2e85ffb029036a3449da8f65275ccfb9e77832a6085c5c26d6726dfda47a048,2sn7bt.sa.com_12305544_r_firefox-setup.dll,Jigsaw,malwarebazaar,ransomware,2026-08-09 23:17:04 UTC,analyzed,1834,NO_VICTIM_ACTIVITY,file_type=exe
55802196927754c446ae6bb3596f922b312ab19af8db8270a175c7dcfd286325,xoilaczvvz.tv_30c761d3_acrobat-reader.dll,Jigsaw,malwarebazaar,ransomware,2026-08-09 23:17:05 UTC,analyzed,1860,NO_VICTIM_ACTIVITY,file_type=exe
3ae96f73d805e1d3995253db4d910300d8442ea603737a1428b613061e7f61e7,jigsaw.bin,Jigsaw,malwarebazaar,ransomware,2026-08-09 23:17:07 UTC,analyzed,1883,NO_VICTIM_ACTIVITY,file_type=exe
9c748a69c48b79e6422b3bea1766e415de5532cb7ba2b9673d5a51163e6c1df2,3dcd284892131ed336b5801c7993d3ed.exe,Jigsaw,malwarebazaar,ransomware,2026-08-09 23:17:09 UTC,analyzed,1905,NO_VICTIM_ACTIVITY,file_type=exe
6c6c416e7f5f748b6369b4eee9212932740124e375439222cdc649fb2d63d7e5,Dolf.exe,Jigsaw,malwarebazaar,ransomware,2026-08-09 23:17:10 UTC,analyzed,1925,NO_VICTIM_ACTIVITY,file_type=exe
df049efbfa7ac0b76c8daff5d792c550c7a7a24f6e9e887d01a01013c9caa763,rBlbqI2.exe,Jigsaw,malwarebazaar,ransomware,2026-08-09 23:17:12 UTC,analyzed,1942,NO_VICTIM_ACTIVITY,file_type=exe
e477af6d35159a718921669fe67027ac5d529bdb6b75fd68611735e2fb9c1c9b,exe010.exe,CryptoLocker,malwarebazaar,ransomware,2026-08-09 23:17:15 UTC,analyzed,1754,NO_VICTIM_ACTIVITY,file_type=exe
8cf50ae247445de2e570f19705236ed4b1e19f75ca15345e5f00857243bc0e9b,1003.exe,CryptoLocker,malwarebazaar,ransomware,2026-08-09 23:17:17 UTC,analyzed,1797,NO_VICTIM_ACTIVITY,file_type=exe
5291232b297dfcb56f88b020ec7b896728f139b98cef7ab33d4f84c85a06d553,1002.exe,CryptoLocker,malwarebazaar,ransomware,2026-08-09 23:17:19 UTC,analyzed,1829,NO_VICTIM_ACTIVITY,file_type=exe
d765e722e295969c0a5c2d90f549db8b89ab617900bf4698db41c7cdad993bb9,03989399.exe,CryptoLocker,malwarebazaar,ransomware,2026-08-09 23:17:20 UTC,analyzed,1856,NO_VICTIM_ACTIVITY,file_type=exe
215c37360388d16653ffc1740c639d486753a9db69a8ad4f3e1b172b1b712df4,2023-02-17_9de48e7cfc2bc56631387e527f859efd_cryptolocker,CryptoLocker,malwarebazaar,ransomware,2026-08-09 23:17:22 UTC,analyzed,1880,NO_VICTIM_ACTIVITY,file_type=exe
f8da280bb9f81028c14d1e156d6685cdb5f75219a60f645f72e520fb5e388712,HEUR-Trojan-Downloader.MSIL.Agent.gen-f8da280bb9f81028c14d1e156d6685cdb5f75219a60f645f72e520fb5e388712.exe,CryptoLocker,malwarebazaar,ransomware,2026-08-09 23:17:23 UTC,analyzed,1902,NO_VICTIM_ACTIVITY,file_type=exe
5e902a138174c34e5445685c82b2044e0b35565854471aaccef0315c77288dc9,5e902a138174c34e5445685c82b2044e0b35565854471aaccef0315c77288dc9,CryptoLocker,malwarebazaar,ransomware,2026-08-09 23:17:25 UTC,analyzed,1922,TRUE_ENCRYPTION,file_type=exe
8d2f2ee24882afe11f50e3d6d9400e35fa66724b321cb9f5a246baf63cbc1788,8d2f2ee24882afe11f50e3d6d9400e35fa66724b321cb9f5a246baf63cbc1788,CryptoLocker,malwarebazaar,ransomware,2026-08-09 23:17:26 UTC,analyzed,1939,TRUE_ENCRYPTION,file_type=exe
354a362811b8917bd7245cdd43fe12de9ca3f5f6afe5a2ec97eec81c400a4101,Trojan-Ransom.Win32.Gen.abok-354a362811b8917bd7245cdd43fe12de9ca3f5f6afe5a2ec97eec81c400a4101.exe,LockFile,malwarebazaar,ransomware,2026-08-09 23:17:28 UTC,analyzed,1764,TRUE_ENCRYPTION,file_type=exe
61423a95146d5fca47859e43d037944edb32f2004d86e14c7a522270bde6e2a8,61423a95146d5fca47859e43d037944edb32f2004d86e14c7a522270bde6e2a8.bin,LockFile,malwarebazaar,ransomware,2026-08-09 23:17:30 UTC,analyzed,1806,FAILED,file_type=exe
2b7ffe47b3fabf81a76386ee953d281aeaa158f4926896fcc1425c3844e73597,2b7ffe47b3fabf81a76386ee953d281aeaa158f4926896fcc1425c3844e73597.bin,LockFile,malwarebazaar,ransomware,2026-08-09 23:17:32 UTC,analyzed,1835,FAILED,file_type=exe
0d18c704049700efd1353055b604072d94bcc3e5f4aa558adf8b8f8848330644,0d18c704049700efd1353055b604072d94bcc3e5f4aa558adf8b8f8848330644.bin,LockFile,malwarebazaar,ransomware,2026-08-09 23:17:33 UTC,analyzed,1861,FAILED,file_type=exe
2a23fac4cfa697cc738d633ec00f3fbe93ba22d2498f14dea08983026fdf128a,2a23fac4cfa697cc738d633ec00f3fbe93ba22d2498f14dea08983026fdf128a.bin,LockFile,malwarebazaar,ransomware,2026-08-09 23:17:35 UTC,analyzed,1884,TRUE_ENCRYPTION,file_type=exe
3303a19789a73fa70a107f8e35a4ce10bb4f6a69ac041a1947481ed8ae99a11c,3303a19789a73fa70a107f8e35a4ce10bb4f6a69ac041a1947481ed8ae99a11c.bin,LockFile,malwarebazaar,ransomware,2026-08-09 23:17:36 UTC,analyzed,1906,FAILED,file_type=exe
47b85abee8a07e79ad95f48a3e3addf7235144b67b0350e2f9ac80e66f97e583,47b85abee8a07e79ad95f48a3e3addf7235144b67b0350e2f9ac80e66f97e583.bin,LockFile,malwarebazaar,ransomware,2026-08-09 23:17:38 UTC,analyzed,1926,NO_VICTIM_ACTIVITY,file_type=exe
0ba324337b1d76a5afc26956d4dc9f57786483230112eaead5b5c92022c089c7,prov.exe,LockFile,malwarebazaar,ransomware,2026-08-09 23:17:40 UTC,analyzed,1943,NO_VICTIM_ACTIVITY,file_type=exe
2e4c3ae32372bb1b189665e8e84c13bcc88e7f2c7459f71e075694fd3aaf8376,2e4c3ae32372bb1b189665e8e84c13bcc88e7f2c7459f71e075694fd3aaf8376,Matrix,malwarebazaar,ransomware,2026-08-09 23:17:42 UTC,analyzed,1767,TRUE_ENCRYPTION,file_type=exe
d87d1fbeffe5b18e22f288780bf50b1e7d5af9bbe2480c80ea2a7497a3d52829,d87d1fbeffe5b18e22f288780bf50b1e7d5af9bbe2480c80ea2a7497a3d52829.bin,Matrix,malwarebazaar,ransomware,2026-08-09 23:17:43 UTC,analyzed,1809,TRUE_ENCRYPTION,file_type=exe
afca3b84177133ff859d9b9d620b582d913218723bfcf83d119ec125b88a8c40,afca3b84177133ff859d9b9d620b582d913218723bfcf83d119ec125b88a8c40.bin,Matrix,malwarebazaar,ransomware,2026-08-09 23:17:45 UTC,analyzed,1838,TRUE_ENCRYPTION,file_type=exe
095721924420baff3670898412fc911ff32540544e8fad5495d334cded931270,095721924420baff3670898412fc911ff32540544e8fad5495d334cded931270.bin,Matrix,malwarebazaar,ransomware,2026-08-09 23:17:48 UTC,analyzed,1864,TRUE_ENCRYPTION,file_type=exe
5474b58de90ad79d6df4c633fb773053fecc16ad69fb5b86e7a2b640a2a056d6,5474b58de90ad79d6df4c633fb773053fecc16ad69fb5b86e7a2b640a2a056d6.bin,Matrix,malwarebazaar,ransomware,2026-08-09 23:17:49 UTC,analyzed,1886,TRUE_ENCRYPTION,file_type=exe
7b5e536827c3bb9f8077aed78726585739bcde796904edd6c4faadc9a8d22eaf,7b5e536827c3bb9f8077aed78726585739bcde796904edd6c4faadc9a8d22eaf,Matrix,malwarebazaar,ransomware,2026-08-09 23:17:51 UTC,analyzed,1908,TRUE_ENCRYPTION,file_type=exe
242713ef2f372f0d39ca8f01bd09c9f99bcfe850e156621c023dd9e0bfb9bd95,iec56w4ibovnb4wc.onion_Library__Ransomeware__MatrixRansomware.bin.malw,Matrix,malwarebazaar,ransomware,2026-08-09 23:17:53 UTC,analyzed,1928,TRUE_ENCRYPTION,file_type=exe
61127e59a07d048c40097f88d0a7341665693e6650fee73b402c36004926fd2c,61127e59a07d048c40097f88d0a7341665693e6650fee73b402c36004926fd2c,Spora,malwarebazaar,ransomware,2026-08-09 23:17:55 UTC,analyzed,1783,NO_VICTIM_ACTIVITY,file_type=exe
bcf49e8f493c9eff83d9bc891e91dc91777f02b4f176e44b20f9a2d651f20fc3,Q7B3RC.bin,Spora,malwarebazaar,ransomware,2026-08-09 23:17:57 UTC,analyzed,1819,TRUE_ENCRYPTION,file_type=exe
940bddbc6ef19b211f2022d61bf4d006969da11f9fe0beba98586e554dfcc741,R5X2SH.bin,Spora,malwarebazaar,ransomware,2026-08-09 23:17:59 UTC,analyzed,1847,TRUE_ENCRYPTION,file_type=exe
7ad9ed23a91643b517e82ad5740d24eca16bcae21cfe1c0da78ee80e0d1d3f02,SporaRansomware.bin,Spora,malwarebazaar,ransomware,2026-08-09 23:18:01 UTC,analyzed,1873,TRUE_ENCRYPTION,file_type=exe
1a247db9ae193938318c1935ebca3e258da2b1ba99902422066df28f4245a002,1a247db9ae193938318c1935ebca3e258da2b1ba99902422066df28f4245a002,Spora,malwarebazaar,ransomware,2026-08-09 23:18:02 UTC,analyzed,1895,TRUE_ENCRYPTION,file_type=exe
63bf85dd7d63d40dd9bd48e4514ff035c17f5041a24905d1c9378955476e52cb,63bf85dd7d63d40dd9bd48e4514ff035c17f5041a24905d1c9378955476e52cb,Spora,malwarebazaar,ransomware,2026-08-09 23:18:04 UTC,analyzed,1915,TRUE_ENCRYPTION,file_type=exe
e7927efd913a50c9d5885f2b39bbcfba576e1ecafa5679c58a0f613653c6651f,e7927efd913a50c9d5885f2b39bbcfba576e1ecafa5679c58a0f613653c6651f.exe,Spora,malwarebazaar,ransomware,2026-08-09 23:18:06 UTC,analyzed,1932,NO_VICTIM_ACTIVITY,file_type=exe
7d98972d5c78e1d4969da76856d6818942b606c267efa67fd31d39ae77497e9c,7d98972d5c78e1d4969da76856d6818942b606c267efa67fd31d39ae77497e9c.exe,Rapid,malwarebazaar,ransomware,2026-08-09 23:18:08 UTC,analyzed,1777,TRUE_ENCRYPTION,file_type=exe
c3fb821138d38ef9a2b0c77a4a3572ca38499b2dac3530c4a5faf2f789d57fc1,info.bin,Rapid,malwarebazaar,ransomware,2026-08-09 23:18:09 UTC,analyzed,1816,TRUE_ENCRYPTION,file_type=exe
a7d38e816e6bb8675288a7fd277e7b1611683eb30ae9b6e6d0a9b544198a6edb,a7d38e816e6bb8675288a7fd277e7b1611683eb30ae9b6e6d0a9b544198a6edb,Rapid,malwarebazaar,ransomware,2026-08-09 23:18:11 UTC,analyzed,1844,TRUE_ENCRYPTION,file_type=exe
1f1a072cd749503399a11f5cf75ee70295b4281dcf8fac0f27275b600571a699,1f1a072cd749503399a11f5cf75ee70295b4281dcf8fac0f27275b600571a699,Rapid,malwarebazaar,ransomware,2026-08-09 23:18:13 UTC,analyzed,1870,TRUE_ENCRYPTION,file_type=exe
323077b0012c49c9f5e9cbef513475072433d0f96e421ae1763347f8ee839ecc,323077b0012c49c9f5e9cbef513475072433d0f96e421ae1763347f8ee839ecc,Rapid,malwarebazaar,ransomware,2026-08-09 23:18:15 UTC,analyzed,1892,TRUE_ENCRYPTION,file_type=exe
7ddcc953ccef254443126b85143a138812eb70755b5723538b299094ad19bc8f,7ddcc953ccef254443126b85143a138812eb70755b5723538b299094ad19bc8f,Rapid,malwarebazaar,ransomware,2026-08-09 23:18:17 UTC,analyzed,1913,TRUE_ENCRYPTION,file_type=exe
0fbfdb8340108fafaca4c5ff4d3c9f9a2296efeb9ae89fcd9210e3d4c7239666,0fbfdb8340108fafaca4c5ff4d3c9f9a2296efeb9ae89fcd9210e3d4c7239666.bin,Ranzy,malwarebazaar,ransomware,2026-08-09 23:18:18 UTC,analyzed,1776,TRUE_ENCRYPTION,file_type=exe
c4f72b292750e9332b1f1b9761d5aefc07301bc15edf31adeaf2e608000ec1c9,c4f72b292750e9332b1f1b9761d5aefc07301bc15edf31adeaf2e608000ec1c9.bin,Ranzy,malwarebazaar,ransomware,2026-08-09 23:18:20 UTC,analyzed,1815,TRUE_ENCRYPTION,file_type=exe
bbf122cce1176b041648c4e772b230ec49ed11396270f54ad2c5956113caf7b7,bbf122cce1176b041648c4e772b230ec49ed11396270f54ad2c5956113caf7b7.bin,Ranzy,malwarebazaar,ransomware,2026-08-09 23:18:21 UTC,analyzed,1843,TRUE_ENCRYPTION,file_type=exe
ade5d0fe2679fb8af652e14c40e099e0c1aaea950c25165cebb1550e33579a79,ade5d0fe2679fb8af652e14c40e099e0c1aaea950c25165cebb1550e33579a79.bin,Ranzy,malwarebazaar,ransomware,2026-08-09 23:18:23 UTC,analyzed,1869,TRUE_ENCRYPTION,file_type=exe
90691a36d1556ba7a77d0216f730d6cd9a9063e71626489094313c0afe85a939,90691a36d1556ba7a77d0216f730d6cd9a9063e71626489094313c0afe85a939.bin,Ranzy,malwarebazaar,ransomware,2026-08-09 23:18:24 UTC,analyzed,1891,TRUE_ENCRYPTION,file_type=exe
393fd0768b24cd76ca653af3eba9bff93c6740a2669b30cf59f8a064c46437a2,393fd0768b24cd76ca653af3eba9bff93c6740a2669b30cf59f8a064c46437a2.bin,Ranzy,malwarebazaar,ransomware,2026-08-09 23:18:26 UTC,analyzed,1912,TRUE_ENCRYPTION,file_type=exe
ff5757086c464d624f4a6674d65409fb6fa84ad5ac089583ebc994ba949458d7,ff5757086c464d624f4a6674d65409fb6fa84ad5ac089583ebc994ba949458d7.bin,NightSky,malwarebazaar,ransomware,2026-08-09 23:18:30 UTC,analyzed,1769,FAILED,file_type=exe
ba1f9c68fccc42d231cc0de9142039853b3437501dc9ec6f111a3cac177dd1a9,ba1f9c68fccc42d231cc0de9142039853b3437501dc9ec6f111a3cac177dd1a9.bin,NightSky,malwarebazaar,ransomware,2026-08-09 23:18:33 UTC,analyzed,1811,FAILED,file_type=exe
6ecad2171819ca386ffe61ff9eb31e99471fa4f315762c7da658165d7e09a55d,6ecad2171819ca386ffe61ff9eb31e99471fa4f315762c7da658165d7e09a55d.bin,NightSky,malwarebazaar,ransomware,2026-08-09 23:18:37 UTC,analyzed,1840,FAILED,file_type=exe
a077a55608ced7cea2bd92e2ce7e43bf51076304990ec7bb40c2b384ce2e5283,a077a55608ced7cea2bd92e2ce7e43bf51076304990ec7bb40c2b384ce2e5283.bin,NightSky,malwarebazaar,ransomware,2026-08-09 23:18:39 UTC,analyzed,1866,TRUE_ENCRYPTION,file_type=exe
1fca1cd04992e0fcaa714d9dfa97323d81d7e3d43a024ec37d1c7a2767a17577,1fca1cd04992e0fcaa714d9dfa97323d81d7e3d43a024ec37d1c7a2767a17577.bin,NightSky,malwarebazaar,ransomware,2026-08-09 23:18:43 UTC,analyzed,1888,FAILED,file_type=exe
8c1a72991fb04dc3a8cf89605fb85150ef0e742472a0c58b8fa942a1f04877b0,update.exe,NightSky,malwarebazaar,ransomware,2026-08-09 23:18:46 UTC,analyzed,1910,TRUE_ENCRYPTION,file_type=exe
035e930157848f2a4439c096471d2296b0d7379d92a1762a0de5f51ab106be68,2023-02-03_d101ad37f3a632da18a297946851704f_pandora,Pandora,malwarebazaar,ransomware,2026-08-09 23:18:48 UTC,analyzed,1770,TRUE_ENCRYPTION,file_type=exe
d690a8d796c093d8c88140f8dc662f6b0a315faa95340b4882951900628c3e08,d690a8d796c093d8c88140f8dc662f6b0a315faa95340b4882951900628c3e08,Pandora,malwarebazaar,ransomware,2026-08-09 23:18:49 UTC,analyzed,1812,TRUE_ENCRYPTION,file_type=exe
1f172321dfc7445019313cbed4d5f3718a6c0638f2f310918665754a9e117733,1f172321dfc7445019313cbed4d5f3718a6c0638f2f310918665754a9e117733,Pandora,malwarebazaar,ransomware,2026-08-09 23:18:51 UTC,analyzed,1841,TRUE_ENCRYPTION,file_type=exe
627ede421ee51a7153ee896f657169665c1e9f79ef0ba4af1f6450d816900cbb,627ede421ee51a7153ee896f657169665c1e9f79ef0ba4af1f6450d816900cbb,Pandora,malwarebazaar,ransomware,2026-08-09 23:18:53 UTC,analyzed,1867,TRUE_ENCRYPTION,file_type=exe
5b56c5d86347e164c6e571c86dbf5b1535eae6b979fede6ed66b01e79ea33b7b,pandora_ransomware,Pandora,malwarebazaar,ransomware,2026-08-09 23:18:54 UTC,analyzed,1889,TRUE_ENCRYPTION,file_type=exe
a00021822a02dd5d2fbd348e14902358762378421a6004f26434c4d4aa15fbea,a00021822a02dd5d2fbd348e14902358762378421a6004f26434c4d4aa15fbea,Rook,malwarebazaar,ransomware,2026-08-09 23:18:56 UTC,analyzed,1778,TRUE_ENCRYPTION,file_type=exe
e8a3208f506f06dc3b3dfb9a30f2f7553672ef67a0f5d4e23f254e44d1fb7ed9,e8a3208f506f06dc3b3dfb9a30f2f7553672ef67a0f5d4e23f254e44d1fb7ed9,Rook,malwarebazaar,ransomware,2026-08-09 23:19:00 UTC,analyzed,1817,FAILED,file_type=exe
c2d46d256b8f9490c9599eea11ecef19fde7d4fdd2dea93604cee3cea8e172ac,c2d46d256b8f9490c9599eea11ecef19fde7d4fdd2dea93604cee3cea8e172ac.bin,Rook,malwarebazaar,ransomware,2026-08-09 23:19:02 UTC,analyzed,1845,TRUE_ENCRYPTION,file_type=exe
15a67f118c982ff7d094d7290b4c34b37d877fe3f3299840021e53840b315804,15a67f118c982ff7d094d7290b4c34b37d877fe3f3299840021e53840b315804.bin,Rook,malwarebazaar,ransomware,2026-08-09 23:19:04 UTC,analyzed,1871,NO_VICTIM_ACTIVITY,file_type=exe
f87be226e26e873275bde549539f70210ffe5e3a129448ae807a319cbdcf7789,f87be226e26e873275bde549539f70210ffe5e3a129448ae807a319cbdcf7789.bin,Rook,malwarebazaar,ransomware,2026-08-09 23:19:05 UTC,analyzed,1893,TRUE_ENCRYPTION,file_type=exe
15ea46c22b2b5e06b4a8f4dd163b3f89975ca606432e0d79315b6513f1e1f550,15ea46c22b2b5e06b4a8f4dd163b3f89975ca606432e0d79315b6513f1e1f550.bin,AtomSilo,malwarebazaar,ransomware,2026-08-09 23:19:07 UTC,analyzed,1748,FAILED,file_type=exe
5f614a8e35bd80a603cf98846c6a44030ad18bed45ac83bd2110d83e8a090de4,5f614a8e35bd80a603cf98846c6a44030ad18bed45ac83bd2110d83e8a090de4.bin,AtomSilo,malwarebazaar,ransomware,2026-08-09 23:19:10 UTC,analyzed,1792,TRUE_ENCRYPTION,file_type=exe
5fa490668a9963e97d956f9a3b0c746b1d16eee9a73dfba875c9a3dc0e2c0d1b,5fa490668a9963e97d956f9a3b0c746b1d16eee9a73dfba875c9a3dc0e2c0d1b,AtomSilo,malwarebazaar,ransomware,2026-08-09 23:19:12 UTC,analyzed,1826,TRUE_ENCRYPTION,file_type=exe
7a5999c54f4588ff1581d03938b7dcbd874ee871254e2018b98ef911ae6c8dee,7a5999c54f4588ff1581d03938b7dcbd874ee871254e2018b98ef911ae6c8dee.bin,AtomSilo,malwarebazaar,ransomware,2026-08-09 23:19:15 UTC,analyzed,1853,FAILED,file_type=exe
a74090c628ad4799cbd5123e0770968a456e6239a96a62e85aa0963b72a1ccd9,a74090c628ad4799cbd5123e0770968a456e6239a96a62e85aa0963b72a1ccd9.exe,Maoloa,malwarebazaar,ransomware,2026-08-09 23:19:16 UTC,analyzed,1766,TRUE_ENCRYPTION,file_type=exe
af6633837862364f72076eefae7b24aae8f83d713af239b140f6ad11d149074d,f9c43fef74edf34c3ca65c204c0e6e1d.exe,Maoloa,malwarebazaar,ransomware,2026-08-09 23:19:18 UTC,analyzed,1808,NO_VICTIM_ACTIVITY,file_type=exe
d7f19de8eb2461c635c0170448a58a1ec6e6de014b4410883f87d0b5d7868e65,d7f19de8eb2461c635c0170448a58a1ec6e6de014b4410883f87d0b5d7868e65,Maoloa,malwarebazaar,ransomware,2026-08-09 23:19:20 UTC,analyzed,1837,TRUE_ENCRYPTION,file_type=exe
e43f0cf8905305adbb28597ad256c8e0547fe3ce3c648095635c1ae94ab0dbb9,1_2.exe,Maoloa,malwarebazaar,ransomware,2026-08-09 23:19:22 UTC,analyzed,1863,TRUE_ENCRYPTION,file_type=exe
7cd7c04c62d2a8b4697ceebbe7dd95c910d687e4a6989c1d839117e55c1cafd7,7cd7c04c62d2a8b4697ceebbe7dd95c910d687e4a6989c1d839117e55c1cafd7,Helldown,malwarebazaar,ransomware,2026-08-09 23:19:24 UTC,analyzed,1761,TRUE_ENCRYPTION,file_type=exe
0bfe25de8c46834e9a7c216f99057d855e272eafafdfef98a6012cecbbdcfabf,0bfe25de8c46834e9a7c216f99057d855e272eafafdfef98a6012cecbbdcfabf,Helldown,malwarebazaar,ransomware,2026-08-09 23:19:25 UTC,analyzed,1803,TRUE_ENCRYPTION,file_type=exe
3e3fad9888856ce195c9c239ad014074f687ba288c78ef26660be93ddd97289e,3e3fad9888856ce195c9c239ad014074f687ba288c78ef26660be93ddd97289e,Helldown,malwarebazaar,ransomware,2026-08-09 23:19:27 UTC,analyzed,1832,TRUE_ENCRYPTION,file_type=exe
7731d73e048a351205615821b90ed4f2507abc65acf4d6fe30ecdb211f0b0872,7731d73e048a351205615821b90ed4f2507abc65acf4d6fe30ecdb211f0b0872,Helldown,malwarebazaar,ransomware,2026-08-09 23:19:29 UTC,analyzed,1858,TRUE_ENCRYPTION,file_type=exe
b3da793a00eebaf8987fe2b759369e3d7ff02d91111c219c707bcb9709357637,b3da793a00eebaf8987fe2b759369e3d7ff02d91111c219c707bcb9709357637.bin,Diavol,malwarebazaar,ransomware,2026-08-09 23:19:31 UTC,analyzed,1756,TRUE_ENCRYPTION,file_type=exe
79456569b6aba9d00e641ce0067a0b18e4fe69232d6c356201d1ab62ebfe4c8f,79456569b6aba9d00e641ce0067a0b18e4fe69232d6c356201d1ab62ebfe4c8f.bin,Diavol,malwarebazaar,ransomware,2026-08-09 23:19:32 UTC,analyzed,1799,TRUE_ENCRYPTION,file_type=exe
2723c9b143ef85be072e18f670e06335c45bdb0ba369381f97f96658ae3503b0,2723c9b143ef85be072e18f670e06335c45bdb0ba369381f97f96658ae3503b0.bin,Diavol,malwarebazaar,ransomware,2026-08-09 23:19:34 UTC,analyzed,1831,TRUE_ENCRYPTION,file_type=exe
e05323d9ca6df47d9add5b2f757ea2490ebd11dfe1b56b82a9e93ba9d814e162,2023-08-09_ed9150c61fd66757f5dc1357c1384617_torrentlocker,TorrentLocker,malwarebazaar,ransomware,2026-08-09 23:19:36 UTC,analyzed,1786,FAILED,file_type=exe
73159f39eb305727b645fd77392deb7ad72687830cd20cc8f94db55bce8a85a6,2023-08-09_d32736774d1228629076e139e2e8f436_torrentlocker,TorrentLocker,malwarebazaar,ransomware,2026-08-09 23:19:37 UTC,analyzed,1822,FAILED,file_type=exe
fbc55a603c1daf716b2b12c2074c694afb73979f8a266b763301e2e42230edfd,explorer.exe,TorrentLocker,malwarebazaar,ransomware,2026-08-09 23:19:39 UTC,analyzed,1850,NO_VICTIM_ACTIVITY,file_type=exe
fbb3316fa6994fd3c19dd45b98ffa5ff2c6249c08fcd832fa912bc305dcd8ffc,fbb3316fa6994fd3c19dd45b98ffa5ff2c6249c08fcd832fa912bc305dcd8ffc.bin,Hades,malwarebazaar,ransomware,2026-08-09 23:19:41 UTC,analyzed,1760,FAILED,file_type=exe
5eea7bdaad184396c6fc37909eaca623d79aa960b4e06078bdcbe0e904685a9d,5eea7bdaad184396c6fc37909eaca623d79aa960b4e06078bdcbe0e904685a9d.bin,Hades,malwarebazaar,ransomware,2026-08-09 23:19:43 UTC,analyzed,1802,FAILED,file_type=exe
e81e9dfe89a98449992b1ca9e4acb9905b606dc3de186b9de94241bde3b230be,e81e9dfe89a98449992b1ca9e4acb9905b606dc3de186b9de94241bde3b230be,Djvu,malwarebazaar,ransomware,2026-08-09 23:19:45 UTC,analyzed,1757,NO_VICTIM_ACTIVITY,file_type=exe
e8bcd430d48c430ced6992340cbce21ffc1a4d8cc60e6255b76870d33a5ea6b9,e8bcd430d48c430ced6992340cbce21ffc1a4d8cc60e6255b76870d33a5ea6b9,Djvu,malwarebazaar,ransomware,2026-08-09 23:19:47 UTC,analyzed,1800,NO_VICTIM_ACTIVITY,file_type=exe
bedda55a233c9dff70e80311718207465dd17795b582f3b73bef45de9f5eac1e,2023-08-22_21c7814c95e5a510c2e6e538e62dba15_goldeneye,GoldenEye,malwarebazaar,ransomware,2026-08-09 23:19:49 UTC,analyzed,1759,NO_VICTIM_ACTIVITY,file_type=exe
170680a09289ac6969171ff4173cd7a17106b8a5a3443ca4c987cb32bdc39808,01227799.exe,GoldenEye,malwarebazaar,ransomware,2026-08-09 23:19:51 UTC,analyzed,1801,NO_VICTIM_ACTIVITY,file_type=exe
630325cac09ac3fab908f903e3b00d0dadd5fdaa0875ed8496fcbb97a558d0da,Trojan-Ransom.Win32.BadRabbit.e-630325cac09ac3fab908f903e3b00d0dadd5fdaa0875ed8496fcbb97a558d0da.bin,BadRabbit,malwarebazaar,ransomware,2026-08-09 23:19:52 UTC,analyzed,1750,NO_VICTIM_ACTIVITY,file_type=exe
8ebc97e05c8e1073bda2efb6f4d00ad7e789260afa2c276f0c72740b838a0a93,Trojan-Ransom.Win32.BadRabbit.a-8ebc97e05c8e1073bda2efb6f4d00ad7e789260afa2c276f0c72740b838a0a93.bad,BadRabbit,malwarebazaar,ransomware,2026-08-09 23:19:54 UTC,analyzed,1794,NO_VICTIM_ACTIVITY,file_type=exe
ffb4a81fc336b1d77c81eef96eab0a5249ebb053c8920dd0c02e1d9f3ac257b0,Trojan-Ransom.Win32.Chimera.l-ffb4a81fc336b1d77c81eef96eab0a5249ebb053c8920dd0c02e1d9f3ac257b0.exe,Chimera,malwarebazaar,ransomware,2026-08-09 23:19:56 UTC,analyzed,1751,NO_VICTIM_ACTIVITY,file_type=exe
1dacdc296fd6ef6ba817b184cce9901901c47c01d849adfa4222bfabfed61838,Trojan-Ransom.Win32.Chimera.a-1dacdc296fd6ef6ba817b184cce9901901c47c01d849adfa4222bfabfed61838.exe,Chimera,malwarebazaar,ransomware,2026-08-09 23:19:57 UTC,analyzed,1795,NO_VICTIM_ACTIVITY,file_type=exe
b541a9f64fe12c31fff460ab0deef392a8441eeb102805ed578effc6e6eaed96,Trojan-Dropper.Win32.Dycler.zgu-b541a9f64fe12c31fff460ab0deef392a8441eeb102805ed578effc6e6eaed96.bin,Zeoticus,malwarebazaar,ransomware,2026-08-09 23:20:00 UTC,analyzed,1791,FAILED,file_type=exe
c373d37b5a9427a18dbf93d519968d9fda04f2a262f424d0611830764c8cc69c,c373d37b5a9427a18dbf93d519968d9fda04f2a262f424d0611830764c8cc69c.exe,Zeoticus,malwarebazaar,ransomware,2026-08-09 23:20:02 UTC,analyzed,1825,TRUE_ENCRYPTION,file_type=exe
042271aadf2191749876fc99997d0e6bdd3b89159e7ab8cd11a9f13ae65fa6b1,042271aadf2191749876fc99997d0e6bdd3b89159e7ab8cd11a9f13ae65fa6b1.bin,Prometheus,malwarebazaar,ransomware,2026-08-09 23:20:04 UTC,analyzed,1774,NO_VICTIM_ACTIVITY,file_type=exe
a1c3e1f6e6b81321e3cf866d05f5b19987203bcd576e9e3e2398641490f0bfb4,a1c3e1f6e6b81321e3cf866d05f5b19987203bcd576e9e3e2398641490f0bfb4,Prometheus,malwarebazaar,ransomware,2026-08-09 23:20:06 UTC,analyzed,1814,NO_VICTIM_ACTIVITY,file_type=exe
1650fa7dfd5cc553776b130e27195d407ab18a356773e0c4b471102764ef25dd,smes.exe,Phoenix,malwarebazaar,ransomware,2026-08-09 23:20:08 UTC,analyzed,1773,NO_VICTIM_ACTIVITY,file_type=exe
0ba7d87707e5cd53958cb9afd59f1c70b76bad4ba28341e8bdee3d32bf417edb,0ba7d87707e5cd53958cb9afd59f1c70b76bad4ba28341e8bdee3d32bf417edb,Scarab,malwarebazaar,ransomware,2026-08-09 23:20:11 UTC,analyzed,1782,TRUE_ENCRYPTION,file_type=exe
2f294d301d8bb9b947f41faf20df104710d5c4b2f469145d4e469ca7d1998b2f,Trojan-Ransom.MSIL.Samas.f-2f294d301d8bb9b947f41faf20df104710d5c4b2f469145d4e469ca7d1998b2f,SamSam,malwarebazaar,ransomware,2026-08-09 23:20:13 UTC,analyzed,1780,NO_VICTIM_ACTIVITY,file_type=exe
28f299818268701eb239974b74b3d80fc28e2d14cc0f45a52a9bc62be784d170,cPFTe4ztQd6EanlXPgqA_novi.bin,Satan,malwarebazaar,ransomware,2026-08-09 23:20:16 UTC,analyzed,1781,NO_VICTIM_ACTIVITY,file_type=exe
f9a5a72ead096594c5d59abe706e3716f6000c3b4ebd7690f2eb114a37d1a7db,Yashma ransomware builder v1.2.exe,Yashma,malwarebazaar,ransomware,2026-08-09 23:20:18 UTC,analyzed,1790,NO_VICTIM_ACTIVITY,file_type=exe
1cdadad999b9e70c87560fcd9821c2b0fa4c0a92b8f79bded44935dd4fdc76a5,Payment advise-PDF.exe,VegaLocker,malwarebazaar,ransomware,2026-08-09 23:20:21 UTC,analyzed,1787,NO_VICTIM_ACTIVITY,file_type=exe
a5eb835060919717bdddb6d66b08618586d55bfb41ccef791c4b5beb7ee319a3,1-de.bin,AKO,malwarebazaar,ransomware,2026-08-09 23:20:23 UTC,analyzed,1747,TRUE_ENCRYPTION,file_type=exe
db8b499d613b604a439bca37c3be2f578bdfcde1b2271eccbcf22db85996e785,db8b499d613b604a439bca37c3be2f578bdfcde1b2271eccbcf22db85996e785,Ragnarok,malwarebazaar,ransomware,2026-08-09 23:20:25 UTC,analyzed,1775,TRUE_ENCRYPTION,file_type=exe
0291e99acfedf4e277d56babb2783ce0a01e873a42627b4e3f4a56c2a10cc24d,2023-03-09_29320eedebbf9198c3dad888578d0707_crysis,CrySIS,malwarebazaar,ransomware,2026-08-09 23:20:27 UTC,analyzed,1753,TRUE_ENCRYPTION,file_type=exe
4dabb914b8a29506e1eced1d0467c34107767f10fdefa08c40112b2e6fc32e41,4dabb914b8a29506e1eced1d0467c34107767f10fdefa08c40112b2e6fc32e41,Paradise,malwarebazaar,ransomware,2026-08-09 23:20:29 UTC,analyzed,1771,TRUE_ENCRYPTION,file_type=exe
ebffc9ced2dba66db9aae02c7ccd2759a36c5167df5cd4adb151b20e7eab173c,win32.exe,Embargo,malwarebazaar,ransomware,2026-08-09 23:20:33 UTC,analyzed,1758,TRUE_ENCRYPTION,file_type=exe
1b2db3fb7efde4444b041844049425c2106f53393305ee8ee528990cb9d64d91,1b2db3fb7efde4444b041844049425c2106f53393305ee8ee528990cb9d64d91,WannaCry,malwarebazaar,ransomware,2026-08-12 09:41:33 UTC,analyzed,2145,FAILED,file_type=exe
e58c4fa9e1f9fcbb205b80cf3c2b6cfe824ef9aa9475489e93e613624fe5e582,e58c4fa9e1f9fcbb205b80cf3c2b6cfe824ef9aa9475489e93e613624fe5e582,WannaCry,malwarebazaar,ransomware,2026-08-12 09:41:35 UTC,analyzed,2148,FAILED,file_type=exe
e490701b3b43e83a33030f53a027774b487ccb0f86bd837d49650b8d24755697,e490701b3b43e83a33030f53a027774b487ccb0f86bd837d49650b8d24755697,WannaCry,malwarebazaar,ransomware,2026-08-12 09:41:36 UTC,analyzed,2151,FAILED,file_type=exe
d1c9f08c3de7380a33403d990243eb3e1e8e77c9749d97b2efe742fb703b1296,d1c9f08c3de7380a33403d990243eb3e1e8e77c9749d97b2efe742fb703b1296,WannaCry,malwarebazaar,ransomware,2026-08-12 09:41:38 UTC,analyzed,2154,FAILED,file_type=exe
3b4607b7a1a0b179b4f33e798fe7c2cd2c758ae39c22627680299782c18d195e,3b4607b7a1a0b179b4f33e798fe7c2cd2c758ae39c22627680299782c18d195e,WannaCry,malwarebazaar,ransomware,2026-08-12 09:41:39 UTC,analyzed,2157,FAILED,file_type=exe
1e78e60de13290234f642709674835e7b400102d7d22367266fd38329782e58e,1e78e60de13290234f642709674835e7b400102d7d22367266fd38329782e58e,WannaCry,malwarebazaar,ransomware,2026-08-12 09:41:41 UTC,analyzed,2160,FAILED,file_type=exe
1a7ce59806c582043cd22f264e89bec50ec3097c12f24ce8b5584991bfbc6e78,1a7ce59806c582043cd22f264e89bec50ec3097c12f24ce8b5584991bfbc6e78,WannaCry,malwarebazaar,ransomware,2026-08-12 09:41:43 UTC,analyzed,2163,FAILED,file_type=exe
2f9842bf60a8429dcb3ed381e92e65d0426bba89f7a2a9084c011867f721dbf1,2f9842bf60a8429dcb3ed381e92e65d0426bba89f7a2a9084c011867f721dbf1,WannaCry,malwarebazaar,ransomware,2026-08-12 09:41:45 UTC,analyzed,2166,FAILED,file_type=exe
e2fb15fcc8e1aa058a5a964f7ca369c6673cbccd9000965fdadcf6e4612b92b0,e2fb15fcc8e1aa058a5a964f7ca369c6673cbccd9000965fdadcf6e4612b92b0,WannaCry,malwarebazaar,ransomware,2026-08-12 09:41:46 UTC,analyzed,2169,FAILED,file_type=exe
374a443a1c7a7eb124c94bad6d37dc1a28fdfeef19cc598d0d49815ccc79742d,374a443a1c7a7eb124c94bad6d37dc1a28fdfeef19cc598d0d49815ccc79742d,WannaCry,malwarebazaar,ransomware,2026-08-12 09:41:48 UTC,analyzed,2172,FAILED,file_type=exe
e1ee2b7aeeb62f063134d78df6e522afde0952eca1701fb8d0835abe18ef16bc,e1ee2b7aeeb62f063134d78df6e522afde0952eca1701fb8d0835abe18ef16bc,WannaCry,malwarebazaar,ransomware,2026-08-12 09:41:50 UTC,analyzed,2175,FAILED,file_type=exe
b9cf80a5e63577b018937534f6219eb29876c2163f0cdad7341acc2deef2859f,b9cf80a5e63577b018937534f6219eb29876c2163f0cdad7341acc2deef2859f,WannaCry,malwarebazaar,ransomware,2026-08-12 09:41:52 UTC,analyzed,2178,FAILED,file_type=exe
8cce14a06ff19f92020cefcf42c0040495c0dca18543f8449159ba1e78f69f29,8cce14a06ff19f92020cefcf42c0040495c0dca18543f8449159ba1e78f69f29,WannaCry,malwarebazaar,ransomware,2026-08-12 09:41:54 UTC,analyzed,2181,FAILED,file_type=exe
66b98067cb4b20d0da1e9459f5851b7d86e046afa9a78ff87b9bb1c641e3a771,66b98067cb4b20d0da1e9459f5851b7d86e046afa9a78ff87b9bb1c641e3a771,WannaCry,malwarebazaar,ransomware,2026-08-12 09:41:56 UTC,analyzed,2184,FAILED,file_type=exe
295ea6d0c0e8948edec19dea2b6778d9b21cd52c2f1c29efe30462801f4efbac,295ea6d0c0e8948edec19dea2b6778d9b21cd52c2f1c29efe30462801f4efbac,WannaCry,malwarebazaar,ransomware,2026-08-12 09:41:58 UTC,analyzed,2187,FAILED,file_type=exe
0af4cc65ed6ed2cffe30bc883348ee443ee26541792ee394b379fc2ceae3f88b,0af4cc65ed6ed2cffe30bc883348ee443ee26541792ee394b379fc2ceae3f88b,WannaCry,malwarebazaar,ransomware,2026-08-12 09:42:00 UTC,analyzed,2190,FAILED,file_type=exe
1320ba4c289d844b5d724fa5af97d129bc8d103c48011952df911ec0d089acee,1320ba4c289d844b5d724fa5af97d129bc8d103c48011952df911ec0d089acee,WannaCry,malwarebazaar,ransomware,2026-08-12 09:42:02 UTC,analyzed,2193,FAILED,file_type=exe
675cf32ce5553a1f2a9fa1b65014abc30df6a93f6ace616878dc534fc238c77a,675cf32ce5553a1f2a9fa1b65014abc30df6a93f6ace616878dc534fc238c77a,WannaCry,malwarebazaar,ransomware,2026-08-12 09:42:03 UTC,analyzed,2196,FAILED,file_type=exe
1405fc0c83596235f4bcee85c66a6e7d173da8deb13193c243a27058d89d6572,1405fc0c83596235f4bcee85c66a6e7d173da8deb13193c243a27058d89d6572,WannaCry,malwarebazaar,ransomware,2026-08-12 09:42:05 UTC,analyzed,2199,FAILED,file_type=exe
482419cf06b8c073ba3e9f5bbe665c6c797276b55218f927dda753bd859c28a3,482419cf06b8c073ba3e9f5bbe665c6c797276b55218f927dda753bd859c28a3,WannaCry,malwarebazaar,ransomware,2026-08-12 09:42:07 UTC,analyzed,2202,FAILED,file_type=exe
960a43b385f4370b19590ea7c9250acabb0ecb0df4fb8fb28d970bde643dbbd6,960a43b385f4370b19590ea7c9250acabb0ecb0df4fb8fb28d970bde643dbbd6,WannaCry,malwarebazaar,ransomware,2026-08-12 09:42:09 UTC,analyzed,2205,FAILED,file_type=exe
be4c2b466b21813244238097079ca81abc7af41812eb26d562ded8ff0feaa8e2,be4c2b466b21813244238097079ca81abc7af41812eb26d562ded8ff0feaa8e2,WannaCry,malwarebazaar,ransomware,2026-08-12 09:42:11 UTC,analyzed,2208,FAILED,file_type=exe
bb47bc91de6fbf45dd8d3348cb6e26fcf1ef2830cd326ec2eaf0e2ff15564ca7,bb47bc91de6fbf45dd8d3348cb6e26fcf1ef2830cd326ec2eaf0e2ff15564ca7,WannaCry,malwarebazaar,ransomware,2026-08-12 09:42:13 UTC,analyzed,2211,FAILED,file_type=exe
b73de5f4e007d0cd7a89065e0069e68cd524acddd073ee9d26b2a120ad9a7e22,b73de5f4e007d0cd7a89065e0069e68cd524acddd073ee9d26b2a120ad9a7e22,WannaCry,malwarebazaar,ransomware,2026-08-12 09:42:15 UTC,analyzed,2214,FAILED,file_type=exe
4e788a167c4ad00064776a6f1c45b8c29c9012ce6e01ebf39b861cf842666473,4e788a167c4ad00064776a6f1c45b8c29c9012ce6e01ebf39b861cf842666473,WannaCry,malwarebazaar,ransomware,2026-08-12 09:42:16 UTC,analyzed,2217,FAILED,file_type=exe
29eaf996e94ad29861ab63c7c8e4a03d15c41c4db3c60bcc72dfabf64a5cb7a2,29eaf996e94ad29861ab63c7c8e4a03d15c41c4db3c60bcc72dfabf64a5cb7a2,WannaCry,malwarebazaar,ransomware,2026-08-12 09:42:18 UTC,analyzed,2220,FAILED,file_type=exe
2f7cb9e74f3396213418db82f7c723a4c168ace04fc791e7c0eb372fa87afb68,2f7cb9e74f3396213418db82f7c723a4c168ace04fc791e7c0eb372fa87afb68,WannaCry,malwarebazaar,ransomware,2026-08-12 09:42:20 UTC,analyzed,2223,FAILED,file_type=exe
a08521395145577e6227ece283b7fb0f0ee05c02ef587a7b4ea84284bc374722,a08521395145577e6227ece283b7fb0f0ee05c02ef587a7b4ea84284bc374722,WannaCry,malwarebazaar,ransomware,2026-08-12 09:42:23 UTC,analyzed,2226,FAILED,file_type=exe
9d769ee6c8365659c7a703f221caab25f1a972bf1324dc3623d08e2eaa5b4856,9d769ee6c8365659c7a703f221caab25f1a972bf1324dc3623d08e2eaa5b4856,WannaCry,malwarebazaar,ransomware,2026-08-12 09:42:24 UTC,analyzed,2229,FAILED,file_type=exe
0400e0f6d0075051aa9e2e1186fe0d79739e8441827a9942148b5a24931e3f2c,250427-x989zsytgy.bin,GandCrab,malwarebazaar,ransomware,2026-08-12 09:42:27 UTC,analyzed,2143,NO_VICTIM_ACTIVITY,file_type=exe
ea4a4e522a3fcd147bf528274acd9a203782737a9abac427ed1e6ee88ab3880b,2025-04-27_00a30887198af7fbebcdce39ed6759e5_elex_gandcrab.exe,GandCrab,malwarebazaar,ransomware,2026-08-12 09:42:29 UTC,analyzed,2146,NO_VICTIM_ACTIVITY,file_type=exe
49cbdcc5fd20aefdb5e1415e1c8a1132e9a25e4c0ca97ca0d25f04aa23fe605c,250426-1fm2faslz2.bin,GandCrab,malwarebazaar,ransomware,2026-08-12 09:42:30 UTC,analyzed,2149,NO_VICTIM_ACTIVITY,file_type=exe
589e188602c4a24c68bc095c1105894a5e97e1df6218eaead89b7ab9a4e88eac,hello.bin.exe,GandCrab,malwarebazaar,ransomware,2026-08-12 09:42:32 UTC,analyzed,2152,FAILED,file_type=exe
64a45b42204cf4412dc2891368a4b72670642a008b13f3d99f6d3d42de95a842,test.exe,GandCrab,malwarebazaar,ransomware,2026-08-12 09:42:33 UTC,analyzed,2155,TRUE_ENCRYPTION,file_type=exe
509c5bf724b0d3bc60cdc93c1b0f1e6710cf23edb2293d670cb8bdeaa5ac7e6f,file,GandCrab,malwarebazaar,ransomware,2026-08-12 09:42:35 UTC,analyzed,2158,NO_VICTIM_ACTIVITY,file_type=exe
2e96b64287a0b741837c9f8179e8e1596d0f854d66108b38e4b84cc71c02e6c3,file,GandCrab,malwarebazaar,ransomware,2026-08-12 09:42:36 UTC,analyzed,2161,FAILED,file_type=exe
1c16b204dd52d4d3fab6113f20a43c29ff74db2746798b88bfd8f4214ac95cc5,file,GandCrab,malwarebazaar,ransomware,2026-08-12 09:42:38 UTC,analyzed,2164,NO_VICTIM_ACTIVITY,file_type=exe
44a2da6fb4272c984a16d9b8b281095fcdde2ffd26a6039762fd2db0d8d97a46,rans-unpacked.exe,GandCrab,malwarebazaar,ransomware,2026-08-12 09:42:40 UTC,analyzed,2167,TRUE_ENCRYPTION,file_type=exe
0ca0d8c1c18a4fc5691eb6d5e75a025d3d8342ba2276d5f780a8bd8fca17436d,rans.exe,GandCrab,malwarebazaar,ransomware,2026-08-12 09:42:41 UTC,analyzed,2170,TRUE_ENCRYPTION,file_type=exe
bfb9db791b8250ffa8ebc48295c5dbbca757a5ed3bbb01de12a871b5cd9afd5a,SecuriteInfo.com.Trojan.Encoder.28247.1335.4895,GandCrab,malwarebazaar,ransomware,2026-08-12 09:42:43 UTC,analyzed,2173,TRUE_ENCRYPTION,file_type=exe
ced2d4066c41d15d582fbe64c417d0d38c3696f0979b3fc4a4cc1db8a0332b07,GNDGIR42.exe,GandCrab,malwarebazaar,ransomware,2026-08-12 09:42:45 UTC,analyzed,2176,FAILED,file_type=exe
fb10e795c0524ae59fe3f3c7e234c0f2a3650ea9a92e8774dc8225ede9e0bf70,GBFDMZ.exe,GandCrab,malwarebazaar,ransomware,2026-08-12 09:42:46 UTC,analyzed,2179,FAILED,file_type=exe
2e1646e5bcff7912bdb34118fdd625c6b858b0a13c8ad01e38e457cb3673176e,CRAVE.exe,GandCrab,malwarebazaar,ransomware,2026-08-12 09:42:48 UTC,analyzed,2182,NO_VICTIM_ACTIVITY,file_type=exe
f0aaba0b2b0103de760ac304e936b4a1cb0ce006e417628253f29b4f220328d2,b37.exe,GandCrab,malwarebazaar,ransomware,2026-08-12 09:42:49 UTC,analyzed,2185,NO_VICTIM_ACTIVITY,file_type=exe
ec6a7a8737c807b3c74990ca2d8b57774841211d58d36182ed2a718f4e051dc3,b9.exe,GandCrab,malwarebazaar,ransomware,2026-08-12 09:42:51 UTC,analyzed,2188,NO_VICTIM_ACTIVITY,file_type=exe
0085f13770b5b1ef96b1f5b57474c44f4a21ae8befef06a17cd254f75a071ec2,fbb12ff00c62ef58b38385d06abb4f43.exe,GandCrab,malwarebazaar,ransomware,2026-08-12 09:42:53 UTC,analyzed,2191,TRUE_ENCRYPTION,file_type=exe
f36d6537e689d31096888db7d3e0dce1709dd8ed429fc5d3d4d44785021ba04f,DeviceManager.exe,GandCrab,malwarebazaar,ransomware,2026-08-12 09:42:54 UTC,analyzed,2194,NO_VICTIM_ACTIVITY,file_type=exe
df5920fa7e08cc7dad0882020b524f88ebc9579780a58b0b431ee36e0e3074a6,Trojan.Autorun.ATA_virussign.com_52e7b159b13e756bf4ed7cb16664a008,GandCrab,malwarebazaar,ransomware,2026-08-12 09:42:56 UTC,analyzed,2197,NO_VICTIM_ACTIVITY,file_type=exe
7c91058133a449a21c3032d23853121b90fc990a8f5a33e8eb12497230a49399,2023-08-22_ffd686da1923301cdc6190a15052f15f_gandcrab,GandCrab,malwarebazaar,ransomware,2026-08-12 09:42:57 UTC,analyzed,2200,FAILED,file_type=exe
c14ebfc076f06e2194587fd7246a520c648f78c4ed730be88c6f6deb0ae1f70a,2023-08-22_ee7cc21d62fd495198159bbae80dbcc2_gandcrab,GandCrab,malwarebazaar,ransomware,2026-08-12 09:42:59 UTC,analyzed,2203,FAILED,file_type=exe
a4fc5a4d4ab1c6834e63f2e3d7e9dcd5e874357c0cb5673215e97d67752b4a8f,2023-08-22_ce4d60928635dd4d4abb874224733f71_gandcrab,GandCrab,malwarebazaar,ransomware,2026-08-12 09:43:00 UTC,analyzed,2206,FAILED,file_type=exe
01aabfaa4177d8d4953a65e8c0d92df98d5eb9a3b8d557a369301660a252f550,2023-08-22_7e3b2b10d66955465c12da9f2ab43e36_gandcrab,GandCrab,malwarebazaar,ransomware,2026-08-12 09:43:02 UTC,analyzed,2209,FAILED,file_type=exe
e041f63cab919d1af8614fb83b362cbff733bd06bc89d30cd04dcea3fac8651f,2023-08-22_4d68c9b40f348262248e55ec972892ab_gandcrab,GandCrab,malwarebazaar,ransomware,2026-08-12 09:43:04 UTC,analyzed,2212,FAILED,file_type=exe
f955035242ffa9bde3904e1c51b491ba81b76e16e912c5ed292efcaf55b04c1b,2023-08-22_2e0d33ba5dbfa8eccdcbddc0bc3b3390_gandcrab,GandCrab,malwarebazaar,ransomware,2026-08-12 09:43:05 UTC,analyzed,2215,FAILED,file_type=exe
a9904c2337a9da922093cc51e185dc1ef2744db6ccacf46968b36698ce6a0f1d,2023-08-22_2680bb33c8f1185b2f42c1320cb6e1dc_gandcrab,GandCrab,malwarebazaar,ransomware,2026-08-12 09:43:07 UTC,analyzed,2218,FAILED,file_type=exe
87bde727af7beabcb4d733a41d258ee407d6e977e78c06a96ba2295431d53c23,2023-08-05_f7fc1d813907f416595eac64d7d986c6_gandcrab,GandCrab,malwarebazaar,ransomware,2026-08-12 09:43:08 UTC,analyzed,2221,NO_VICTIM_ACTIVITY,file_type=exe
22c32238f5a19a13774e137e2a4c0c75cc3202b243b6bbead0a5b40578183a51,07339599.exe,GandCrab,malwarebazaar,ransomware,2026-08-12 09:43:10 UTC,analyzed,2224,FAILED,file_type=exe
761e1722ff47b0745ca290d43864cbeeda9ec2ff223c7e001b592c25aa66513f,04335299.exe,GandCrab,malwarebazaar,ransomware,2026-08-12 09:43:11 UTC,analyzed,2227,NO_VICTIM_ACTIVITY,file_type=exe
171bd709c8c0af65542cad05831218c94c6f9f6040355fcc046cee33a8e89712,03805899.exe,GandCrab,malwarebazaar,ransomware,2026-08-12 09:43:13 UTC,analyzed,2230,FAILED,file_type=exe
07435999bf65a3c697585c56eba4682af0cc0dcfad68f7c5e748a195bdad27cf,update5.exe,STOP,malwarebazaar,ransomware,2026-08-12 09:43:16 UTC,analyzed,2144,NO_VICTIM_ACTIVITY,file_type=exe
2cf960125358486447a378c9b410169dc93dce2d8ad75cb5aee7789536448929,1c1491369af9fb2bd7e86925f2e2e2af.exe,STOP,malwarebazaar,ransomware,2026-08-12 09:43:18 UTC,analyzed,2147,TRUE_ENCRYPTION,file_type=exe
858e70ca9281a346bf5399b181643aba478960142637460fea7b7d14d3192c01,SecuriteInfo.com.Trojan.Encoder.26317.5735.7067,STOP,malwarebazaar,ransomware,2026-08-12 09:43:20 UTC,analyzed,2150,NO_VICTIM_ACTIVITY,file_type=exe
7bc2928ce06e7db7bfe0bf3f2c2d2ff9df7f0a8041ea8c593dd0b912c1c3d3fd,starticon3.exe,STOP,malwarebazaar,ransomware,2026-08-12 09:43:22 UTC,analyzed,2153,TRUE_ENCRYPTION,file_type=exe
3f1596b4ebd177ec46e57ea0e6d208f32c1ebb93b448a4b5318cc116293d1e71,3f1596b4ebd177ec46e57ea0e6d208f32c1ebb93b448a4b5318cc116293d1e71.exe,STOP,malwarebazaar,ransomware,2026-08-12 09:43:24 UTC,analyzed,2156,NO_VICTIM_ACTIVITY,file_type=exe
4a817eb1c641ecca40e08468449969171576fa52b9088917e552080fad4c0941,4a817eb1c641ecca40e08468449969171576fa52b9088917e552080fad4c0941.exe,STOP,malwarebazaar,ransomware,2026-08-12 09:43:26 UTC,analyzed,2159,FAILED,file_type=exe
d83013d86062dab8e194ad14da91a214d2e539d1a9fff3e29c9e2e02f4bf9d07,d83013d86062dab8e194ad14da91a214d2e539d1a9fff3e29c9e2e02f4bf9d07.exe,STOP,malwarebazaar,ransomware,2026-08-12 09:43:28 UTC,analyzed,2162,TRUE_ENCRYPTION,file_type=exe
e01c0429a58b33013305aab35ef863cd2b88962e479e39566a687ca37c68510f,buildz.exe,STOP,malwarebazaar,ransomware,2026-08-12 09:43:29 UTC,analyzed,2165,NO_VICTIM_ACTIVITY,file_type=exe
2a6c90c8db27e6ac04c7e339dfe4b3c2d47a292bcf6fc1c5b4e0ae62fc81ff84,66d5df681876c_file010924.exe,STOP,malwarebazaar,ransomware,2026-08-12 09:43:31 UTC,analyzed,2168,NO_VICTIM_ACTIVITY,file_type=exe
e0d537f8669e6764bf4a4b8f4013ec219958749a5fde8b11fb52faaedde3cada,15564517054045e4735b8c627d7f5c0d.exe,STOP,malwarebazaar,ransomware,2026-08-12 09:43:33 UTC,analyzed,2171,NO_VICTIM_ACTIVITY,file_type=exe
b377b7b8211e454117ba3d6cd6bb1ac84c0105c8647187cb5cf19ad50c9d26b9,04e42207db45792cae0f6d3fd83f0680N.exe,STOP,malwarebazaar,ransomware,2026-08-12 09:43:35 UTC,analyzed,2174,TRUE_ENCRYPTION,file_type=exe
1e1bc32c5d4d0cae5310d34827be61eb087dc6aca7a7d767c77529b41e720a81,7db3e0a15ff5d498fd56aab3ceb8b968.exe,STOP,malwarebazaar,ransomware,2026-08-12 09:43:37 UTC,analyzed,2177,NO_VICTIM_ACTIVITY,file_type=exe
d343ea857cdf97aa0ccfd14970425c6888bd216d36ad7f6255a044bed36a4b2a,file,STOP,malwarebazaar,ransomware,2026-08-12 09:43:39 UTC,analyzed,2180,NO_VICTIM_ACTIVITY,file_type=exe
f7561de520f21434830d40d74904e93125b76407d477411622bbd829283ba8c4,8f81e96f8c96dec003b51826bbd5885f.exe,STOP,malwarebazaar,ransomware,2026-08-12 09:43:41 UTC,analyzed,2183,NO_VICTIM_ACTIVITY,file_type=exe
284ae9899ae53d03d27bd3f72892d843fe5bbecb097f52fc0b1b37d1040401d0,284ae9899ae53d03d27bd3f72892d843fe5bbecb097f5.exe,STOP,malwarebazaar,ransomware,2026-08-12 09:43:43 UTC,analyzed,2186,NO_VICTIM_ACTIVITY,file_type=exe
3b8d07693e296aee36e7607c71503d981396a21b367e169146afdd052cdcf4d1,file,STOP,malwarebazaar,ransomware,2026-08-12 09:43:45 UTC,analyzed,2189,NO_VICTIM_ACTIVITY,file_type=exe
be65a8d884dbb5c292c2ae94591cc6c86909bcd7ddb42588932afaf9ce15728e,setup.exe,STOP,malwarebazaar,ransomware,2026-08-12 09:43:46 UTC,analyzed,2192,NO_VICTIM_ACTIVITY,file_type=exe
202259937df72d3e7e341ce852a48938616e0d98a091d976f5342bf82e132ce3,FC0D639C0918938BDF00FA6F1DC4BC03002C328428FC34A34B050AEE8E3BEB8C.exe,STOP,malwarebazaar,ransomware,2026-08-12 09:43:48 UTC,analyzed,2195,NO_VICTIM_ACTIVITY,file_type=exe
4f1bcdcbc93f0edf7a5b94c5da7b46ee72d4ba9619862036ed1cb202a07385c2,F2E3FA89C1A2C72EA78C4D32446221C08B30C7C3363F8248F04AA9EEE2E15C70.exe,STOP,malwarebazaar,ransomware,2026-08-12 09:43:50 UTC,analyzed,2198,NO_VICTIM_ACTIVITY,file_type=exe
a77599bea195b9f858ce2d25943da1eb6552ceb843ec8af67a41ef2c7e17e7db,E9E758383C0F518C4DBD1204A824762F5FAC37375D8C5695C749AD1C36C0F108.exe,STOP,malwarebazaar,ransomware,2026-08-12 09:43:51 UTC,analyzed,2201,NO_VICTIM_ACTIVITY,file_type=exe
c82021909b9fa18ba7151f0df381ba5d605e4729b0d75d27ab7dab2b906ebe4e,e26edae12836af5e3c42984eca4da6de5d4853701ef28c178de2276575408bb8.exe,STOP,malwarebazaar,ransomware,2026-08-12 09:43:53 UTC,analyzed,2204,NO_VICTIM_ACTIVITY,file_type=exe
d247789cfeb8efdf3a061250c65767fe50764a414fa81ff276df0bf0d134ce47,E1BE354A31A340C3EBE7BF14ED0FBBCB788A47190B253D05067E9E8698C25698.exe,STOP,malwarebazaar,ransomware,2026-08-12 09:43:55 UTC,analyzed,2207,NO_VICTIM_ACTIVITY,file_type=exe
e565c0b80462bd207d991cb9d9fd34c9d72b45e4696797f9d59f0e153b3a54a9,DE1BEC11380A046D35656CB592A399445A6DEB5934A2892DCD5DAC3D0F61C55E.exe,STOP,malwarebazaar,ransomware,2026-08-12 09:43:56 UTC,analyzed,2210,NO_VICTIM_ACTIVITY,file_type=exe
c1d38432a5040db8be37ca31b025d1edd42be37799bfd254b3c6e7c4e37937b8,DA0E4FADC9227BEC63E5BFD562EEFE9682C2131E4DFB8BA2A1A0ECA7C699BB99.exe,STOP,malwarebazaar,ransomware,2026-08-12 09:43:58 UTC,analyzed,2213,NO_VICTIM_ACTIVITY,file_type=exe
da0197bad20f02cc3ba3518daa460c3d40ced2349abecb67311647e0aaf870f3,D932DBE6A5BE50D4668037CD66420FC424DE0B57368ED6FC8A1D249F4D6D1E10.exe,STOP,malwarebazaar,ransomware,2026-08-12 09:44:00 UTC,analyzed,2216,NO_VICTIM_ACTIVITY,file_type=exe
2e47721a4fb2c1e36520d287b3251a9ea2b688de1f36541e8bc06c169c2b410a,D3CA0EF14E8DC45497FABA304ACF842BB2F2913CA2108600EE2771F9E9A24F9C.exe,STOP,malwarebazaar,ransomware,2026-08-12 09:44:01 UTC,analyzed,2219,NO_VICTIM_ACTIVITY,file_type=exe
dcee34741b1210576a620d3e22d5945f1aea34f8d9940a0b9d098c7ebe0bd1d0,C1E3DBF11B5B3D434C8026BB344D5E9FD6DABA717622CCFC4E07CADF051CBA72.exe,STOP,malwarebazaar,ransomware,2026-08-12 09:44:03 UTC,analyzed,2222,NO_VICTIM_ACTIVITY,file_type=exe
d39ffc528888daec2f64e122a862f9ee8e327d904e7b51a7ce89a5f73432b391,BF4DCAFE30C748D3AE356DACAEE3C6D33D949E6A6C53DEC1F5FD4EA12D77B505.exe,STOP,malwarebazaar,ransomware,2026-08-12 09:44:05 UTC,analyzed,2225,NO_VICTIM_ACTIVITY,file_type=exe
07e7dd3b968a15e42c67a728a9d143533d66af00ab9003961086c8c2ee3670f2,BA53F24D6448DFC4B1A4A9B73D7D24ECC31A05A4E26EE051BA5ADA4312F319D1.exe,STOP,malwarebazaar,ransomware,2026-08-12 09:44:07 UTC,analyzed,2228,NO_VICTIM_ACTIVITY,file_type=exe
17162c71ce2d80958f522db0120136fb4dd06e3a6d39052bb2a582af82e2dac7,B981A1B3DB85E9AE44A79F66ECBCED67088BDA1089FE799D0BCB8DC7C7882B59.exe,STOP,malwarebazaar,ransomware,2026-08-12 09:44:08 UTC,analyzed,2231,NO_VICTIM_ACTIVITY,file_type=exe
28685dff00aa1752b62a8580955b2530d63092bdcc0528b872a668cddad78c11,sys_d1c5307f.exe,CRPx0,malwarebazaar,ransomware,2026-08-04 07:09:16 UTC,analyzed,89,TRUE_ENCRYPTION,file_type=exe
0dc6a5ce14838813e297a83e3c3c0868c7a211ee2da9c9705e5a282e65f089fe,sys_f3799809.exe,CRPx0,malwarebazaar,ransomware,2026-08-04 07:09:20 UTC,analyzed,164,TRUE_ENCRYPTION,file_type=exe
9cfe9b894af68946ddc7e6f4cbdb085a92c4009ea00554c407beb5a8fc29f6b7,sys_c67f50d5.exe,CRPx0,malwarebazaar,ransomware,2026-08-04 07:09:24 UTC,analyzed,208,TRUE_ENCRYPTION,file_type=exe
bac340524549410f51b060f21abb7db30c0c5378edd2e3ac15b526e141417e89,sys_7f6670d8.exe,CRPx0,malwarebazaar,ransomware,2026-08-04 07:09:28 UTC,analyzed,244,TRUE_ENCRYPTION,file_type=exe
b72956e511dc7d916410a281111465d7d9a3220d89fe8611603e4e0004d9afb9,cryptor_222.exe,Adware.Yogi,malwarebazaar,ransomware,2026-08-04 07:09:32 UTC,analyzed,80,TRUE_ENCRYPTION,file_type=exe
386fbb57ba83864ee57a9e8a271c6dc215dc20bb1521ee85ad414f0dc67babdc,386fbb57ba83864ee57a9e8a271c6dc215dc20bb1521ee85ad414f0dc67babdc,TokyoCore,malwarebazaar,ransomware,2026-08-04 07:09:36 UTC,analyzed,143,NO_VICTIM_ACTIVITY,file_type=exe
fcf1da46d66cc6a0a34d68fe79a33bc3e8439affdee942ed82f6623586b01dd1,WindowsDeviceSync.exe,,malwarebazaar,ransomware,2026-08-04 07:09:38 UTC,analyzed,77,NO_VICTIM_ACTIVITY,file_type=exe
d13377117414e8e18498f5338e8b3474f8ec78729bf4dc880808824b0cec41a2,NoMatter.exe,,malwarebazaar,ransomware,2026-08-04 07:09:41 UTC,analyzed,156,TRUE_ENCRYPTION,file_type=exe
b20afd54974f94d11fe15a25732f7707f853051e5ef20ef257c47f23c0be92a1,TelamonCleaner_id6a25e1b7eeb72sp.exe,Adware.Generic,malwarebazaar,ransomware,2026-08-04 07:09:45 UTC,analyzed,79,NO_VICTIM_ACTIVITY,file_type=exe
8faba0a21cbb9ea8ed16135b9e7ca7cef938252cc7cc8d786f8fa9c126f69c0d,8faba0a21cbb9ea8ed16135b9e7ca7cef938252cc7cc8d786f8fa9c126f69c0d.exe,RustyStealer,malwarebazaar,ransomware,2026-08-04 07:09:48 UTC,analyzed,140,TRUE_ENCRYPTION,file_type=exe
f4ec2dba070a9ecd1dee342329b0cd7caa406cd4995c41b9aab9aea9b73cd06d,f4ec2dba070a9ecd1dee342329b0cd7caa406cd4995c41b9aab9aea9b73cd06d,Embargo,malwarebazaar,ransomware,2026-08-04 07:09:51 UTC,analyzed,98,NO_VICTIM_ACTIVITY,file_type=exe
01712a5e443efb4aa43ef3f8b38a4245cb0d0c1bf13b8d3ac4207247a44f7ab4,01712a5e443efb4aa43ef3f8b38a4245cb0d0c1bf13b8d3ac4207247a44f7ab4,Embargo,malwarebazaar,ransomware,2026-08-04 07:09:54 UTC,analyzed,169,FAILED,file_type=exe
98cc01dcd4c36c47fc13e4853777ca170c734613564a5a764e4d2541a6924d39,98cc01dcd4c36c47fc13e4853777ca170c734613564a5a764e4d2541a6924d39,Embargo,malwarebazaar,ransomware,2026-08-04 07:09:58 UTC,analyzed,213,TRUE_ENCRYPTION,file_type=exe
028c5bc3a6e311aabb7b3ef45d377e68023be5980a9ecf01cd852f3a5a394b41,028c5bc3a6e311aabb7b3ef45d377e68023be5980a9ecf01cd852f3a5a394b41,Embargo,malwarebazaar,ransomware,2026-08-04 07:10:05 UTC,analyzed,248,NO_VICTIM_ACTIVITY,file_type=exe
27a41e375acaa53215d6f5330238720f07b39123d78b3db5b53aa7175fe24dcc,27a41e375acaa53215d6f5330238720f07b39123d78b3db5b53aa7175fe24dcc,Embargo,malwarebazaar,ransomware,2026-08-04 07:10:08 UTC,analyzed,276,FAILED,file_type=exe
023d722cbbdd04e3db77de7e6e3cfeabcef21ba5b2f04c3f3a33691801dd45eb,023d722cbbdd04e3db77de7e6e3cfeabcef21ba5b2f04c3f3a33691801dd45eb,Embargo,malwarebazaar,ransomware,2026-08-04 07:10:09 UTC,analyzed,299,FAILED,file_type=exe
5b2988629166055e31f783637d272bfa8f74b836621db30e16b7fb9440f979eb,5b2988629166055e31f783637d272bfa8f74b836621db30e16b7fb9440f979eb,Embargo,malwarebazaar,ransomware,2026-08-04 07:10:13 UTC,analyzed,322,TRUE_ENCRYPTION,file_type=exe
0d2619844a3ab68ee18c3a4768b10e6b8aea31143023277883b7ff9f7a9e55ca,0d2619844a3ab68ee18c3a4768b10e6b8aea31143023277883b7ff9f7a9e55ca,Embargo,malwarebazaar,ransomware,2026-08-04 07:10:15 UTC,analyzed,341,NO_VICTIM_ACTIVITY,file_type=exe
b4bbf66c7de7e17da0f6cb7a8e6f159baaf2745e70742a30132c51a4a13e68fc,000_PP0_100-43.exe,Mimic,malwarebazaar,ransomware,2026-08-04 07:10:19 UTC,analyzed,121,FAILED,file_type=exe
e95f39cae2c98b46f5f4d5e6587047273610ebde44755eae78d3f416200f8d72,IronChain.exe,,malwarebazaar,ransomware,2026-08-04 07:10:23 UTC,analyzed,201,NO_VICTIM_ACTIVITY,file_type=exe
9487edf9b75f4c15e3ba6ccbae23588ee3dc9c4983417f1b469278af17fc3847,9487edf9b75f4c15e3ba6ccbae23588ee3dc9c4983417f1b469278af17fc3847,WannaCry,malwarebazaar,ransomware,2026-08-04 07:10:27 UTC,analyzed,147,FAILED,file_type=exe
3485419b7a85123f50512ee04e29dfe1ad6d973118b073f16a57565251a4d2f0,svchost.exe,,malwarebazaar,ransomware,2026-08-04 07:10:30 UTC,analyzed,237,TRUE_ENCRYPTION,file_type=exe
c67b59844d938681a8ab3fd2f48e332cf63c266b7fb03c196b3eced2bc4ff2c5,╤ü╨░╨╝╨╗╨╛╨║╨╡╤Ç.exe,AESCRYPT,malwarebazaar,ransomware,2026-08-04 07:10:33 UTC,analyzed,78,NO_VICTIM_ACTIVITY,file_type=exe
68b0e1932f3b4439865be848c2d592d5174dbdbaab8f66104a0e5b28c928ee0c,WinlockerVB6Blacksod.exe,,malwarebazaar,ransomware,2026-08-04 07:10:37 UTC,analyzed,266,NO_VICTIM_ACTIVITY,file_type=exe
42a1aded85892a80c83f741a7ac00e7e75015166c3be0bae29d93d3a4714711d,kiscldsrvupd.exe,,malwarebazaar,ransomware,2026-08-04 07:10:40 UTC,analyzed,291,TRUE_ENCRYPTION,file_type=exe
00202340108c101d59bbfb3daa4bbd6b4436c167e3c9734c07bfbdcb1402f746,zeksmi_x64.exe,ClearWater,malwarebazaar,ransomware,2026-08-04 07:10:44 UTC,analyzed,93,TRUE_ENCRYPTION,file_type=exe
214aef60ec3145deea73c796bd025967cda84182041a0c76b56ce6c61304a64e,PCLocker.exe,RustyStealer,malwarebazaar,ransomware,2026-08-04 07:10:47 UTC,analyzed,191,NO_VICTIM_ACTIVITY,file_type=exe
370d36a89f8ffa291fd22c40dda78fd6154078b2e2b4b100d5c2429135e4aa72,370d36a89f8ffa291fd22c40dda78fd6154078b2e2b4b100d5c2429135e4aa72,LIUSHEN,malwarebazaar,ransomware,2026-08-04 07:10:51 UTC,analyzed,116,NO_VICTIM_ACTIVITY,file_type=exe
c4cd6cae8532a649b239af919cb2c4e463d9145e3554a1d3425fc427e664bda0,c4cd6cae8532a649b239af919cb2c4e463d9145e3554a1d3425fc427e664bda0,LIUSHEN,malwarebazaar,ransomware,2026-08-04 07:10:56 UTC,analyzed,178,NO_VICTIM_ACTIVITY,file_type=exe
c34af1f1f238747d6839ce6857138e97d722443c4e2a794c072c236228ceaa07,Install.exe,WannaCry,malwarebazaar,ransomware,2026-08-04 07:11:00 UTC,analyzed,195,NO_VICTIM_ACTIVITY,file_type=exe
139480e1c4ae77b2b865460af38b48ad32fbc8a68c3c657baac3ab3896226192,Trojan.exe,,malwarebazaar,ransomware,2026-08-04 07:11:03 UTC,analyzed,314,NO_VICTIM_ACTIVITY,file_type=exe
0665b7edb08806e5a0666a6888dcab0fabc8b54c89fd0be24100c7e93131be95,2.exe,,malwarebazaar,ransomware,2026-08-04 07:11:05 UTC,analyzed,333,TRUE_ENCRYPTION,file_type=exe
b2f915cbf1a2b6879d278f613b13d790de9a460759142f30457c3238e598e077,6BE2-1B07-2D14-0APT-KEY.exe,,malwarebazaar,ransomware,2026-08-04 07:11:09 UTC,analyzed,352,TRUE_ENCRYPTION,file_type=exe
5eeef93bf1ec0664067bca6c0f074d237d056741ed1fc78a846b00f08a859f43,EF72-BC3B-BBD4-0APT-KEY.exe,,malwarebazaar,ransomware,2026-08-04 07:11:14 UTC,analyzed,369,TRUE_ENCRYPTION,file_type=exe
69d049fed65b114aa75024d2f2fe5b59444d77abe87c82c72cb1346e4b0696cf,LCrypt0rX.exe,LCRYX,malwarebazaar,ransomware,2026-08-04 07:11:20 UTC,analyzed,115,NO_VICTIM_ACTIVITY,file_type=exe
05294c9970f365c92e0b0f1250db678dc356dbf418dba27bdd5eeb68487a7199,05294c9970f365c92e0b0f1250db678dc356dbf418dba27bdd5eeb68487a7199,Ransomware,malwarebazaar,ransomware,2026-08-04 07:11:24 UTC,analyzed,137,TRUE_ENCRYPTION,file_type=exe
91f128a2b4da8280239f8bc1218a2a5ba7cae767394913a7dcade94038204424,91f128a2b4da8280239f8bc1218a2a5ba7cae767394913a7dcade94038204424,,malwarebazaar,ransomware,2026-08-04 07:11:28 UTC,analyzed,386,TRUE_ENCRYPTION,file_type=exe
f8adab24b3352864dd42468f92d7bfcf4e4843f14b103818fd48ba736d64f844,f8adab24b3352864dd42468f92d7bfcf4e4843f14b103818fd48ba736d64f844,,malwarebazaar,ransomware,2026-08-04 07:11:31 UTC,analyzed,401,TRUE_ENCRYPTION,file_type=exe
e89eb46a4bd46b2afc00ca271ecfb342321d6de42bfa106832846248d0f7d253,e89eb46a4bd46b2afc00ca271ecfb342321d6de42bfa106832846248d0f7d253,,malwarebazaar,ransomware,2026-08-04 07:11:33 UTC,analyzed,416,TRUE_ENCRYPTION,file_type=exe
12bba7161d07efcb1b14d30054901ac9ffe5202972437b0c47c88d71e45c7176,12bba7161d07efcb1b14d30054901ac9ffe5202972437b0c47c88d71e45c7176,GreenBlood,malwarebazaar,ransomware,2026-08-04 07:11:38 UTC,analyzed,105,TRUE_ENCRYPTION,file_type=exe
95d0259be4a21ea6270862128cdaf6fa208e705384c17a1732058bba124758f6,hostage.exe,,malwarebazaar,ransomware,2026-08-04 07:11:44 UTC,analyzed,430,FAILED,file_type=exe
c14140334714625be71b73008adf8f54c878e3c9f979c3e58d6518fb5efdf485,R3DSKU1L.exe,Chaos,malwarebazaar,ransomware,2026-08-04 07:11:47 UTC,analyzed,92,NO_VICTIM_ACTIVITY,file_type=exe
d385e5069c4999a4d4161c038443c1682dd33dc578cd7fc9d1d5b2627e41fb5d,cache.exe,Chaos,malwarebazaar,ransomware,2026-08-04 07:11:49 UTC,analyzed,166,NO_VICTIM_ACTIVITY,file_type=exe
de1053ee2236b2bdeeec4f1b5ebb9c0b35676196a199d7cc56641d5710d47c53,PhotoShop2026.exe,PureLogsStealer,malwarebazaar,ransomware,2026-08-04 07:11:53 UTC,analyzed,132,TRUE_ENCRYPTION,file_type=exe
964217072a18c289f0b24ef402b962b331cf8c71b55681dd5390b42be8ee310b,dec_built.exe,,malwarebazaar,ransomware,2026-08-04 07:11:56 UTC,analyzed,443,TRUE_ENCRYPTION,file_type=exe
975ce7324577087376ddd373fce39f064422acc4a4555f64c34c743fd0a44cbb,main.exe,PythonStealer,malwarebazaar,ransomware,2026-08-04 07:12:02 UTC,analyzed,133,TRUE_ENCRYPTION,file_type=exe
6aed0532be973d38392d39625f08a371d9734f7a83493d3506bcd14f7820690e,6aed0532be973d38392d39625f08a371d9734f7a83493d3506bcd14f7820690e.exe,,malwarebazaar,ransomware,2026-08-04 07:12:07 UTC,analyzed,455,NO_VICTIM_ACTIVITY,file_type=exe
f936f6ca0b3e7dcb347e0487cf2453af8a224fc801f33a840bf2a00bc42e77b0,doc.exe,,malwarebazaar,ransomware,2026-08-04 07:12:10 UTC,analyzed,465,TRUE_ENCRYPTION,file_type=exe
79aaceccb8865b4d31fda778be72f42296928d8ae81c201c6d3a0a4db72f6635,79aaceccb8865b4d31fda778be72f42296928d8ae81c201c6d3a0a4db72f6635.exe,Zatoxp,malwarebazaar,ransomware,2026-08-04 07:12:13 UTC,analyzed,154,NO_VICTIM_ACTIVITY,file_type=exe
869c14299d4b52a3f5b28ee46d5ccb295808f2c0bdd73bd3027689b0378baef4,free deoxys 2004.exe,Chaos,malwarebazaar,ransomware,2026-08-04 07:12:16 UTC,analyzed,210,NO_VICTIM_ACTIVITY,file_type=exe
502f998c0f71fa41207f363ee71267c1118ffb8c60e81d9eb0993faa9b05d4e8,boobs.png.exe,,malwarebazaar,ransomware,2026-08-04 07:12:25 UTC,analyzed,475,TRUE_ENCRYPTION,file_type=exe
1d1b08a2f0b09dd0f0a85439d62800bb8c3a3b8dfa0afa9ba7f9c477b8dbd6b5,3ocng6x.exe,,malwarebazaar,ransomware,2026-08-04 07:12:27 UTC,analyzed,485,NO_VICTIM_ACTIVITY,file_type=exe
6d189ef2bdcd62b389018913bd971f4c8e47a8349fa9101935dfebfcb69a5e06,HardwareSurveyInstaller.exe,RustyStealer,malwarebazaar,ransomware,2026-08-04 07:12:33 UTC,analyzed,230,NO_VICTIM_ACTIVITY,file_type=exe
564768d7bbccf0da8dd07759dec843c5fa675f80ba82bfb6b48b153cd85c63a3,UpdaterService.exe,RustyStealer,malwarebazaar,ransomware,2026-08-04 07:12:38 UTC,analyzed,260,TRUE_ENCRYPTION,file_type=exe
806f3e980694e839b9563415b38a44fbf3e4832e67670233495962dcce367423,Ransom-SACHIN-HMI-P.exe,,malwarebazaar,ransomware,2026-08-04 07:12:41 UTC,analyzed,494,FAILED,file_type=exe
d42b4e9bd0c54df09c9c1925b7eb41f6a877963ededdd0dd463e3d16dfe6cd5d,holycat.exe,RustyStealer,malwarebazaar,ransomware,2026-08-04 07:12:47 UTC,analyzed,287,TRUE_ENCRYPTION,file_type=exe
0249b425db285f5c25f3b9e7d5d286985988db0d08402afcc98732f80dd26c5b,Updater.exe,,malwarebazaar,ransomware,2026-08-04 07:12:49 UTC,analyzed,503,NO_VICTIM_ACTIVITY,file_type=exe
77549422a5306f905d68153b1f649745d330d45e564c927046132ecc1d20ae3e,KT7MSQ4GlY5489U.exe,Xorist,malwarebazaar,ransomware,2026-08-04 07:12:51 UTC,analyzed,152,TRUE_ENCRYPTION,file_type=exe
3b9f7030cede5d4e6c29654a6c0b66cda26760c5e3c12821be05077221aa5f5a,Updater.exe,,malwarebazaar,ransomware,2026-08-04 07:12:54 UTC,analyzed,511,NO_VICTIM_ACTIVITY,file_type=exe
57aebadf554e03a405a30d8ddad8caa8cfe9fa86eb32f672066dcf63691481ca,57aebadf554e03a405a30d8ddad8caa8cfe9fa86eb32f672066dcf63691481ca.exe,RustyStealer,malwarebazaar,ransomware,2026-08-04 07:13:00 UTC,analyzed,310,FAILED,file_type=exe
c9205c28eabfe49b13e87c10a15850f1b65fb52b3c352fe34e59c5090df7f712,love.exe,Chaos,malwarebazaar,ransomware,2026-08-04 07:13:02 UTC,analyzed,246,NO_VICTIM_ACTIVITY,file_type=exe
a0d98d2b8035b3ecc4d0c51736c73e7a62ae95d5f31ca7b21c128d44256cb7b4,zlockc1.exe,RADAR,malwarebazaar,ransomware,2026-08-04 07:13:05 UTC,analyzed,135,FAILED,file_type=exe
4582be51967f3d43ffe57cb8964ff05ada8498748168fbb01271ab66b27d4e03,4582be51967f3d43ffe57cb8964ff05ada8498748168fbb01271ab66b27d4e03.exe,,malwarebazaar,ransomware,2026-08-04 07:13:10 UTC,analyzed,519,TRUE_ENCRYPTION,file_type=exe
f85d0e5a44227717ee495b09ea81b79af918c4c29308c449c706a4990559817e,f85d0e5a44227717ee495b09ea81b79af918c4c29308c449c706a4990559817e.exe,,malwarebazaar,ransomware,2026-08-04 07:13:13 UTC,analyzed,526,TRUE_ENCRYPTION,file_type=exe
9600db537e27db88ed2eca3be0ffab35cdb22a86a6dbb048d8deaf8f56944822,BQT.exe,BQTLock,malwarebazaar,ransomware,2026-08-04 07:13:19 UTC,analyzed,85,TRUE_ENCRYPTION,file_type=exe
4525387f28bee6bb48d07e6989319f382447a8a6e48ae11f332dee9916feb8cc,start.exe,BQTLock,malwarebazaar,ransomware,2026-08-04 07:13:25 UTC,analyzed,160,NO_VICTIM_ACTIVITY,file_type=exe
a501583bca532c4ea11b56780a13a865b609d6a0fcd92b9c9b522f1edcc49c29,9e35477130cd2731755a35e8b4c0429b.exe,WhiteLock,malwarebazaar,ransomware,2026-08-04 07:13:30 UTC,analyzed,148,NO_VICTIM_ACTIVITY,file_type=exe
960bfbed44a5b8abf1ae2fcb7eecb46ac526840030d5cdef1fad6a6bb379996c,9ba7bd0357cfd7907a4ee637dff005ec.exe,WhiteLock,malwarebazaar,ransomware,2026-08-04 07:13:36 UTC,analyzed,196,FAILED,file_type=exe
7e5ec68fd647e1a8fef30a2fbe250f9cf6bf6ea0ec1aa6bd37534517dd537a68,7d90538f56b96333034287fdc5934a7c.exe,WhiteLock,malwarebazaar,ransomware,2026-08-04 07:13:41 UTC,analyzed,235,FAILED,file_type=exe
0ae6570d9e659ffd5efc1e3f9faca696bd12b66b8d125b1159aee9e5251a4d79,0ae6570d9e659ffd5efc1e3f9faca696bd12b66b8d125b1159aee9e5251a4d79,RustyStealer,malwarebazaar,ransomware,2026-08-04 07:13:45 UTC,analyzed,331,NO_VICTIM_ACTIVITY,file_type=exe
355bab2269c022a38af0df27bae2e84c6601b0b2c49edcb4316c2e45da2cbd27,86dphtdoa.exe,,malwarebazaar,ransomware,2026-08-04 07:13:48 UTC,analyzed,533,TRUE_ENCRYPTION,file_type=exe
6d59bb6a9874b9b03ce6ab998def5b93f68dadedccad9b14433840c2c5c3a34e,tool.exe_,Gunra,malwarebazaar,ransomware,2026-08-04 07:13:51 UTC,analyzed,106,TRUE_ENCRYPTION,file_type=exe
2bf72c8b782560f50f3eb889dc5df028d70f00b3ae09bce364dead4b59c74894,f5ed6343de7136979febcd957a931b9e.virus,,malwarebazaar,ransomware,2026-08-04 07:14:00 UTC,analyzed,540,TRUE_ENCRYPTION,file_type=exe
904c9251dc3b04216d23c15412aebd71681146091a49aca22a6382373e923ae7,49.exe,,malwarebazaar,ransomware,2026-08-04 07:14:04 UTC,analyzed,546,NO_VICTIM_ACTIVITY,file_type=exe
d1ac11cf8a615c0b2d94564d20fe108f7d63f9b36723dc81328ef734a4401f53,d1ac11cf8a615c0b2d94564d20fe108f7d63f9b36723dc81328ef734a4401f53,RADAR,malwarebazaar,ransomware,2026-08-04 07:14:08 UTC,analyzed,187,FAILED,file_type=exe
51b9f246d6da85631131fcd1fabf0a67937d4bdde33625a44f7ee6a3a7baebd2,51b9f246d6da85631131fcd1fabf0a67937d4bdde33625a44f7ee6a3a7baebd2,GENTLEMEN,malwarebazaar,ransomware,2026-08-04 07:14:15 UTC,analyzed,101,NO_VICTIM_ACTIVITY,file_type=exe
cd9a1a722a0f2591bc76393f5b8f67523b7ffac26a1f17b7f5843fec0464850b,22wrmlck.exe,WormLocker,malwarebazaar,ransomware,2026-08-04 07:14:18 UTC,analyzed,150,NO_VICTIM_ACTIVITY,file_type=exe
6d000a159fe10af1b29ddf4e4015931a9e9d0a020aeef0c602d8c5419b5966e6,dan17.exe,Medusa,malwarebazaar,ransomware,2026-08-04 07:14:22 UTC,analyzed,119,TRUE_ENCRYPTION,file_type=exe
d80facfa346ecda27da4c7f73196ae766bc21bd3bc6f7828ecc9b390985fb92f,WinLock.exe,,malwarebazaar,ransomware,2026-08-04 07:14:24 UTC,analyzed,552,TRUE_ENCRYPTION,file_type=exe
431194da56ac840593ffc09ed03fcca3c328100b0e0ba43b19674f0a416874e9,8D989ED59450840BF69D360795383CB5.bin,RustyStealer,malwarebazaar,ransomware,2026-08-04 07:14:30 UTC,analyzed,350,TRUE_ENCRYPTION,file_type=exe
0303f89829763e734b1f9d4f46671e59bfaa1be5d8ec84d35a203efbfcb9bb15,0303f89829763e734b1f9d4f46671e59bfaa1be5d8ec84d35a203efbfcb9bb15,Yurei,malwarebazaar,ransomware,2026-08-04 07:14:35 UTC,analyzed,153,TRUE_ENCRYPTION,file_type=exe
1ea37e077e6b2463b8440065d5110377e2b4b4283ce9849ac5efad6d664a8e9e,1ea37e077e6b2463b8440065d5110377e2b4b4283ce9849ac5efad6d664a8e9e,Yurei,malwarebazaar,ransomware,2026-08-04 07:14:40 UTC,analyzed,199,TRUE_ENCRYPTION,file_type=exe
4f88d3977a24fb160fc3ba69821287a197ae9b04493d705dc2fe939442ba6461,4f88d3977a24fb160fc3ba69821287a197ae9b04493d705dc2fe939442ba6461,Yurei,malwarebazaar,ransomware,2026-08-04 07:14:44 UTC,analyzed,236,TRUE_ENCRYPTION,file_type=exe
89a54d3a38d2364784368a40ab228403f1f1c1926892fe8355aa29d00eb36819,89a54d3a38d2364784368a40ab228403f1f1c1926892fe8355aa29d00eb36819,Yurei,malwarebazaar,ransomware,2026-08-04 07:14:49 UTC,analyzed,265,TRUE_ENCRYPTION,file_type=exe
f5e122b60390bdcc1a17a24cce0cbca68475ad5abee6b211b5be2dea966c2634,f5e122b60390bdcc1a17a24cce0cbca68475ad5abee6b211b5be2dea966c2634,Yurei,malwarebazaar,ransomware,2026-08-04 07:14:55 UTC,analyzed,290,TRUE_ENCRYPTION,file_type=exe
49c720758b8a87e42829ffb38a0d7fe2a8c36dc3007abfabbea76155185d2902,49c720758b8a87e42829ffb38a0d7fe2a8c36dc3007abfabbea76155185d2902,Yurei,malwarebazaar,ransomware,2026-08-04 07:14:59 UTC,analyzed,313,TRUE_ENCRYPTION,file_type=exe
dd9d0e7782ca60bb854edf9c818ef81c2a4ce12c161b52a173c01d5cd0855b32,ransomewere.exe,PythonStealer,malwarebazaar,ransomware,2026-08-04 07:15:16 UTC,submit_failed,,,file_type=exe;submit_failed_x3
a921508ae0a3b0dc7b061038f87ceab835e19a1fe1cbd9b64380984618dd7827,veko.exe,,malwarebazaar,ransomware,2026-08-04 07:15:18 UTC,analyzed,558,NO_VICTIM_ACTIVITY,file_type=exe
f40fb93230bb13d6116c03f0181f7ee0c613248035bc42f7b7507f73246cff88,JACOB.exe,Medusa,malwarebazaar,ransomware,2026-08-04 07:15:22 UTC,analyzed,179,TRUE_ENCRYPTION,file_type=exe
be5a227f37daacf290e6a9f1bde4af3ced734eb4bd5f2c8fb976cdd4f29a7f76,_be5a227f37daacf290e6a9f1bde4af3ced734eb4bd5f2c8fb976cdd4f29a7f76.exe,Ransomware,malwarebazaar,ransomware,2026-08-04 07:15:26 UTC,analyzed,189,TRUE_ENCRYPTION,file_type=exe
4fbbf0d94f1140ffde0bdd48c5b07f91f2292fae78b227e48a50b60ed624763b,winrar-x64-713es.exe,INC,malwarebazaar,ransomware,2026-08-04 07:15:31 UTC,analyzed,111,NO_VICTIM_ACTIVITY,file_type=exe
a31e56a60d7c9b547b1e7dfe402d7fb02789dcd117eadf59593e5401460843d4,Hello.exe,,malwarebazaar,ransomware,2026-08-04 07:15:39 UTC,analyzed,564,TRUE_ENCRYPTION,file_type=exe
a2254802dd387d0e0ceb61e2849a44b51879f625b89879e29592c80da9d479a2,GOATEDSIGMA.exe,Chaos,malwarebazaar,ransomware,2026-08-04 07:15:42 UTC,analyzed,274,NO_VICTIM_ACTIVITY,file_type=exe
def3fe8d07d5370ac6e105b1a7872c77e193b4b39a6e1cc9cfc815a36e909904,w.exe,Akira,malwarebazaar,ransomware,2026-08-04 07:15:46 UTC,analyzed,82,TRUE_ENCRYPTION,file_type=exe
8eb09dc2383a16fa024f924c20a7648992a35ac2992279edefad50688aa84660,LilyLock.exe,,malwarebazaar,ransomware,2026-08-04 07:15:50 UTC,analyzed,570,NO_VICTIM_ACTIVITY,file_type=exe
a34acd47127196ab867d572c2c6cf2fcccffa3a7a87e82d338a8efed898ca722,a34acd47127196ab867d572c2c6cf2fcccffa3a7a87e82d338a8efed898ca722.exe,Cephalus,malwarebazaar,ransomware,2026-08-04 07:15:55 UTC,analyzed,91,TRUE_ENCRYPTION,file_type=exe
5c3ce324ded0942df4b4cbf80cf195263f105daf5c729255c628bb3a4f8ab3de,jackpot92s.exe,GlobeImposter,malwarebazaar,ransomware,2026-08-04 07:15:57 UTC,analyzed,104,TRUE_ENCRYPTION,file_type=exe
b60ef95da28cba0d44cad8d03121b0bec3bc3865044d010cffb8450629d91c9f,b60ef95da28cba0d44cad8d03121b0bec3bc3865044d010cffb8450629d91c9f,,malwarebazaar,ransomware,2026-08-04 07:16:02 UTC,analyzed,576,TRUE_ENCRYPTION,file_type=exe
d59661bf4866a29b4c1efa358919b2c8e7501df80e9038f0fad641a317183748,pyrrha.exe,,malwarebazaar,ransomware,2026-08-04 07:16:09 UTC,analyzed,582,FAILED,file_type=exe
425b2f283b71237276f84d941d9c2982c7f61a9aff12ece10e15065b73b7165e,425b2f283b71237276f84d941d9c2982c7f61a9aff12ece10e15065b73b7165e,BQTLock,malwarebazaar,ransomware,2026-08-04 07:16:15 UTC,analyzed,204,TRUE_ENCRYPTION,file_type=exe
b211537ea626fae4ad2ef5ee2652633dc68aaf20da6eb953a44f266c4106b367,b211537ea626fae4ad2ef5ee2652633dc68aaf20da6eb953a44f266c4106b367,BQTLock,malwarebazaar,ransomware,2026-08-04 07:16:20 UTC,analyzed,240,TRUE_ENCRYPTION,file_type=exe
11affbeb18f4d6edcc9a4be5a82f8e23dfc31178887e97119faa5ddc75990494,11affbeb18f4d6edcc9a4be5a82f8e23dfc31178887e97119faa5ddc75990494,BQTLock,malwarebazaar,ransomware,2026-08-04 07:16:26 UTC,analyzed,269,TRUE_ENCRYPTION,file_type=exe
b7796a3b1812f329c43d5d37bbb6d8032b7bc06b15af29f555eb3e0c7b1b1c3d,BQTLock_Payload_20250811_184656.exe,BQTLock,malwarebazaar,ransomware,2026-08-04 07:16:32 UTC,analyzed,293,NO_VICTIM_ACTIVITY,file_type=exe
3e4539b9eebccf87d78328a5d0da8cbdcc8c960c37af0acf173460350dcbbbae,3e4539b9eebccf87d78328a5d0da8cbdcc8c960c37af0acf173460350dcbbbae,BlackMatter,malwarebazaar,ransomware,2026-08-04 07:16:37 UTC,analyzed,88,NO_VICTIM_ACTIVITY,file_type=exe
da23793f3cc05f8381c1b4c5960c72b9f6cbffff96d23085d4f07fe572116acd,da23793f3cc05f8381c1b4c5960c72b9f6cbffff96d23085d4f07fe572116acd,Petya,malwarebazaar,ransomware,2026-08-04 07:16:39 UTC,analyzed,130,FAILED,file_type=exe
8695e342477f2d6a4f71917c796af1d0a69653002bc37a12a15a9afda27f70e9,8695e342477f2d6a4f71917c796af1d0a69653002bc37a12a15a9afda27f70e9,,malwarebazaar,ransomware,2026-08-04 07:16:43 UTC,analyzed,588,NO_VICTIM_ACTIVITY,file_type=exe
7d6e60e0b8df735fc26417314f2f91599f7438d280ab700def75c23400a905e9,7d6e60e0b8df735fc26417314f2f91599f7438d280ab700def75c23400a905e9,,malwarebazaar,ransomware,2026-08-04 07:16:46 UTC,analyzed,594,NO_VICTIM_ACTIVITY,file_type=exe
6698af98eb6bd00b5420a64aa5ae06ab3f56d85b9726a1bbe6fa2be8943fcef3,6698af98eb6bd00b5420a64aa5ae06ab3f56d85b9726a1bbe6fa2be8943fcef3,,malwarebazaar,ransomware,2026-08-04 07:16:49 UTC,analyzed,600,TRUE_ENCRYPTION,file_type=exe
002b98b0bb7c65414327845f1c7324cfd80add0746a89994844e9ca7b2dfaee9,002b98b0bb7c65414327845f1c7324cfd80add0746a89994844e9ca7b2dfaee9,,malwarebazaar,ransomware,2026-08-04 07:16:52 UTC,analyzed,606,TRUE_ENCRYPTION,file_type=exe
d62ba205782c8dabe56f349a97148cff6e3a63a4675d5f346ea1ff3a08e269c1,d62ba205782c8dabe56f349a97148cff6e3a63a4675d5f346ea1ff3a08e269c1,,malwarebazaar,ransomware,2026-08-04 07:16:54 UTC,analyzed,612,TRUE_ENCRYPTION,file_type=exe
880269de661c86a9cfe2b2d1343fae27b9d3c1e8cdc05c5ca1f1771eebccf49c,880269de661c86a9cfe2b2d1343fae27b9d3c1e8cdc05c5ca1f1771eebccf49c,,malwarebazaar,ransomware,2026-08-04 07:16:59 UTC,analyzed,618,NO_VICTIM_ACTIVITY,file_type=exe
ca3e83f9ce6b215baa2d930c7afb4f04e47683d6e198c9348af7fa96168054f6,ca3e83f9ce6b215baa2d930c7afb4f04e47683d6e198c9348af7fa96168054f6,RustyStealer,malwarebazaar,ransomware,2026-08-04 07:17:03 UTC,analyzed,367,FAILED,file_type=exe
356d5298be16003b7ef9b8c82a520d156d7fbd6e59a0f381048ad4e99453541b,356d5298be16003b7ef9b8c82a520d156d7fbd6e59a0f381048ad4e99453541b,,malwarebazaar,ransomware,2026-08-04 07:17:08 UTC,analyzed,624,TRUE_ENCRYPTION,file_type=exe
f32d28319baa3ad918e1587a17e6b6fb824a985d0dc57f4ae37b9671faf5ae84,f32d28319baa3ad918e1587a17e6b6fb824a985d0dc57f4ae37b9671faf5ae84,,malwarebazaar,ransomware,2026-08-04 07:17:12 UTC,analyzed,630,TRUE_ENCRYPTION,file_type=exe
e1dcb1c127382b80f8061bcd7ac7803bc3beada7c396f29804bc6a6e2b3e73b3,e1dcb1c127382b80f8061bcd7ac7803bc3beada7c396f29804bc6a6e2b3e73b3,RustyStealer,malwarebazaar,ransomware,2026-08-04 07:17:15 UTC,analyzed,384,TRUE_ENCRYPTION,file_type=exe
77d84da6fb29e78cc1c3d9c4e45d6eb7a7cfeadc261a0c5e0f7e8566da448398,77d84da6fb29e78cc1c3d9c4e45d6eb7a7cfeadc261a0c5e0f7e8566da448398,,malwarebazaar,ransomware,2026-08-04 07:17:21 UTC,analyzed,636,NO_VICTIM_ACTIVITY,file_type=exe
94b5d0e40f6d108e0acc376f2b227167386259e0e197d205a1579350cc302b03,94b5d0e40f6d108e0acc376f2b227167386259e0e197d205a1579350cc302b03,,malwarebazaar,ransomware,2026-08-04 07:17:23 UTC,analyzed,642,FAILED,file_type=exe
24f7b66c88ba085d77c5bd386c0a0ac3b78793c0e47819a0576b60a67adc7b73,Win.dll,,malwarebazaar,ransomware,2026-08-04 07:17:30 UTC,analyzed,648,NO_VICTIM_ACTIVITY,file_type=exe
3b0b4a11ad576588bae809ebb546b4d985ef9f37ed335ca5e2ba6b886d997bac,MSRuntime.dll,,malwarebazaar,ransomware,2026-08-04 07:17:37 UTC,analyzed,654,NO_VICTIM_ACTIVITY,file_type=exe
c79a8e65125330dccc53abf6c1bcb44b997b08995f30a0cca6881fa8a294fa4b,c79a8e65125330dccc53abf6c1bcb44b997b08995f30a0cca6881fa8a294fa4b,Neconyd,malwarebazaar,ransomware,2026-08-04 07:17:40 UTC,analyzed,124,NO_VICTIM_ACTIVITY,file_type=exe
374f9df39b92ccccae8a9b747e606aebe0ddaf117f8f6450052efb5160c99368,2025-08-12_9b309cd7a3c63cf9ed694f37207d8958_darkside_elex_lockbit,BlackMatter,malwarebazaar,ransomware,2026-08-04 07:17:42 UTC,analyzed,163,TRUE_ENCRYPTION,file_type=exe
5cc7ac31ee2e1c795faeafaae4cd2bc52296350f6bc00b9a7e5e15fa4277e473,5cc7ac31ee2e1c795faeafaae4cd2bc52296350f6bc00b9a7e5e15fa4277e473,,malwarebazaar,ransomware,2026-08-04 07:17:47 UTC,analyzed,660,FAILED,file_type=exe
40a87dc07204b2cd9f02afd39b9d0c0b56a579e1a0282fb6c166ccc46cc8ec70,Setup.exe,,malwarebazaar,ransomware,2026-08-04 07:17:50 UTC,analyzed,666,TRUE_ENCRYPTION,file_type=exe
1883f96a17abd478d2b068662a56c717729c96e0270ce3d517c2a72b1f829b0c,hack_collabvm.exe,,malwarebazaar,ransomware,2026-08-04 07:17:54 UTC,analyzed,671,NO_VICTIM_ACTIVITY,file_type=exe
a6a397fec6c109a1402c6f1144d647843b2093f65fedd27204b40ebeea0640b6,another_sample2niggers.exe.bin,BQTLock,malwarebazaar,ransomware,2026-08-04 07:18:00 UTC,analyzed,316,TRUE_ENCRYPTION,file_type=exe
31e1948d4e15f5eebeeb8c43d57ae0398b39d0edea908df6bcd6e032bbdb93e5,dontrun.exe,Chaos,malwarebazaar,ransomware,2026-08-04 07:18:02 UTC,analyzed,297,NO_VICTIM_ACTIVITY,file_type=exe
463e0c67cf75a210227602c67588975ed9551feeb40adda43342283817a0ef29,DstYrPC.exe,,malwarebazaar,ransomware,2026-08-04 07:18:11 UTC,analyzed,676,WEAK_VICTIM_ACTIVITY,file_type=exe
ed3d41adb2ef265be900affab26864dc0a52ca45fa5d13057879c241c93db6a6,kalidestroysystem.exe,,malwarebazaar,ransomware,2026-08-04 07:18:17 UTC,analyzed,681,NO_VICTIM_ACTIVITY,file_type=exe
112a40f154ad5de7f8fffa34e50751ab8b893f5285f96e7179177374127fcb6c,NebulaRun.exe,Nebula,malwarebazaar,ransomware,2026-08-04 07:18:21 UTC,analyzed,123,TRUE_ENCRYPTION,file_type=exe
21f8191117df5f58d24ea288d35f2d2225b0b1fe90a98c1c0aa1536cb22fdf2c,Project26.exe,,malwarebazaar,ransomware,2026-08-04 07:18:24 UTC,analyzed,686,NO_VICTIM_ACTIVITY,file_type=exe
33067028e35982c7b9fdcfe25eb4029463542451fdff454007832cf953feaf1e,33067028e35982c7b9fdcfe25eb4029463542451fdff454007832cf953feaf1e.exe,,malwarebazaar,ransomware,2026-08-04 07:18:29 UTC,analyzed,691,NO_VICTIM_ACTIVITY,file_type=exe
62972fe96d08844656a758bf9ade11b97eb34c7844fb8f01d4942115ff9ebfbb,ProgramAdapter21.exe,,malwarebazaar,ransomware,2026-08-04 07:18:36 UTC,analyzed,696,TRUE_ENCRYPTION,file_type=exe
02c280735b472354058060e2408e640021f2e6ee58cccbc537ff50920e1d087b,MemoryTool.exe,,malwarebazaar,ransomware,2026-08-04 07:18:43 UTC,analyzed,701,TRUE_ENCRYPTION,file_type=exe
d32a6439a35d5963fb4526c72f9a52bbfd518a8a8d0959901f017318a9ae82cc,Crylix.exe,PythonStealer,malwarebazaar,ransomware,2026-08-04 07:18:49 UTC,analyzed,226,TRUE_ENCRYPTION,file_type=exe
bf55f989b62c8cfdaac42a669e0b721b4f6fe89df10a676d319de5e70dd679ea,random.exe,,malwarebazaar,ransomware,2026-08-04 07:18:57 UTC,analyzed,706,TRUE_ENCRYPTION,file_type=exe
a8892871837288ea3c5cef52f1f704fca54006b5e01b1ad2d498ab27f0d573a6,random.exe,,malwarebazaar,ransomware,2026-08-04 07:19:06 UTC,analyzed,710,TRUE_ENCRYPTION,file_type=exe
2eb1a793802a58977cf1d8530a40f7a0d45b46166eae888bedf4f7884b6590b1,random.exe,,malwarebazaar,ransomware,2026-08-04 07:19:15 UTC,analyzed,714,TRUE_ENCRYPTION,file_type=exe
fa8cb387589ca2778630436c57f44c1810886c9a4a1e8779aad8fdd91946ef2d,random.exe,,malwarebazaar,ransomware,2026-08-04 07:19:23 UTC,analyzed,718,TRUE_ENCRYPTION,file_type=exe
ce86182cb394d8a6c9460d25d9e598dde20103ad727519b617661a8a39532dfd,random.exe,,malwarebazaar,ransomware,2026-08-04 07:19:31 UTC,analyzed,722,TRUE_ENCRYPTION,file_type=exe
a9607174adb621fc8685edcacf513b7279697a6f9ceca1ea864f8c411a636b1d,main.exe,,malwarebazaar,ransomware,2026-08-04 07:19:38 UTC,analyzed,726,TRUE_ENCRYPTION,file_type=exe
76c89d0e27b229e3b19c3f5e8bc1e2a410c3329c73b5693cf589c49ae87f17ad,GAME PILA.exe,,malwarebazaar,ransomware,2026-08-04 07:19:44 UTC,analyzed,730,NO_VICTIM_ACTIVITY,file_type=exe
7c79e5c677864a1aafd11267b8624197a567158cf645ccee405229bf1518c186,main.exe,,malwarebazaar,ransomware,2026-08-04 07:19:48 UTC,analyzed,734,TRUE_ENCRYPTION,file_type=exe
aae2393a1567f38f86ff133e0c023d9cd9f8e3565dbdabd413448c433c2ed537,gorun.exe,,malwarebazaar,ransomware,2026-08-04 07:19:52 UTC,analyzed,738,TRUE_ENCRYPTION,file_type=exe
1607500bd24fab311e3ee7ba9e72e94a84f6c2d40731086981ecb463c638080f,PetyaX.exe,,malwarebazaar,ransomware,2026-08-04 07:19:55 UTC,analyzed,742,NO_VICTIM_ACTIVITY,file_type=exe
fc160cb764c8458bb97f587da4023ac790244ecf2f7b7544d611d4b245be451c,PetyaX.exe,,malwarebazaar,ransomware,2026-08-04 07:19:57 UTC,analyzed,746,NO_VICTIM_ACTIVITY,file_type=exe
050c6b14a0308fc4adbafec1465b2202b8d378b0e8df7cce38b04e35772b04f3,WannaCryDecrypter.exe,WannaCry,malwarebazaar,ransomware,2026-08-04 07:20:00 UTC,analyzed,234,NO_VICTIM_ACTIVITY,file_type=exe
1338408cf2fbb6f78b650f0d76aa3a9e18430b9887bc319880adb09268bbbbb1,________________________________________________________________________.exe,,malwarebazaar,ransomware,2026-08-04 07:20:04 UTC,analyzed,750,NO_VICTIM_ACTIVITY,file_type=exe
b032335922778ce4091c5f11f9906e479b82d7b02aecc6b268a45ce7b0d14fcd,nigga.exe,Chaos,malwarebazaar,ransomware,2026-08-04 07:20:07 UTC,analyzed,320,NO_VICTIM_ACTIVITY,file_type=exe
4369aed581de0fe84c25a1ef2c3cf0bb6bf70df8b51fdf38b3b0b2a55f43261b,BQT.exe,BQTLock,malwarebazaar,ransomware,2026-08-04 07:20:16 UTC,analyzed,335,NO_VICTIM_ACTIVITY,file_type=exe
0a0f1e0ef771046285f78b7af20aac3384b521dbbf6bc69ca6d559cc15d9f97e,mymusic.exe,Chaos,malwarebazaar,ransomware,2026-08-04 07:20:18 UTC,analyzed,339,NO_VICTIM_ACTIVITY,file_type=exe
47aab1f5a9de4659066c5d1ca8f3a72858811c3d41b6de5f04439e96d134d6d7,Encryptor.exe,,malwarebazaar,ransomware,2026-08-04 07:20:22 UTC,analyzed,754,NO_VICTIM_ACTIVITY,file_type=exe
fb3bbb5c9f50d2b8495d2938a1ee87f11f0782a10214a727b57cf4b5ffe50449,Soudane.exe,,malwarebazaar,ransomware,2026-08-04 07:20:29 UTC,analyzed,758,TRUE_ENCRYPTION,file_type=exe
d4919a7402d7ae02516589fbdfb3cc436749544052843a37b5d36ac4b7385b18,d4919a7402d7ae02516589fbdfb3cc436749544052843a37b5d36ac4b7385b18,INC,malwarebazaar,ransomware,2026-08-04 07:20:32 UTC,analyzed,175,TRUE_ENCRYPTION,file_type=exe
4cd313662dab4c93a7e0b4f19d66e92d8263f17265832b95da52468b60be7075,4cd313662dab4c93a7e0b4f19d66e92d8263f17265832b95da52468b60be7075,,malwarebazaar,ransomware,2026-08-04 07:20:35 UTC,analyzed,762,FAILED,file_type=exe
2f45a3079b5949b6dfb356f79c30ba333635f1eab27704232a7eb70dc428e4ee,2f45a3079b5949b6dfb356f79c30ba333635f1eab27704232a7eb70dc428e4ee,,malwarebazaar,ransomware,2026-08-04 07:20:40 UTC,analyzed,766,FAILED,file_type=exe
54c9c36da7b33456f8a72768ec357d05da21293ebe64c17c877ded0def7b72e9,54c9c36da7b33456f8a72768ec357d05da21293ebe64c17c877ded0def7b72e9,,malwarebazaar,ransomware,2026-08-04 07:20:46 UTC,analyzed,770,FAILED,file_type=exe
6b93afe89d923d9694c660d4271f850a5534b7308b1902f4547d841ecea11d42,6b93afe89d923d9694c660d4271f850a5534b7308b1902f4547d841ecea11d42,,malwarebazaar,ransomware,2026-08-04 07:20:51 UTC,analyzed,774,FAILED,file_type=exe
06c2a137c31aae5d02b4d7df61ffd31f1af9a9e59978f15b3f7265cc751bff1f,06c2a137c31aae5d02b4d7df61ffd31f1af9a9e59978f15b3f7265cc751bff1f,Akira,malwarebazaar,ransomware,2026-08-04 07:20:55 UTC,analyzed,157,TRUE_ENCRYPTION,file_type=exe
90d0247b5d8b6310a63e14e8c1c4912e2eff5a096419877759f09332126caac3,90d0247b5d8b6310a63e14e8c1c4912e2eff5a096419877759f09332126caac3,Nitrogen,malwarebazaar,ransomware,2026-08-04 07:20:58 UTC,analyzed,128,TRUE_ENCRYPTION,file_type=exe
04e768174636f0a5be42e9cee5974a8b9db2832d4e79cc973ad617185ab80595,04e768174636f0a5be42e9cee5974a8b9db2832d4e79cc973ad617185ab80595,Nitrogen,malwarebazaar,ransomware,2026-08-04 07:21:00 UTC,analyzed,184,TRUE_ENCRYPTION,file_type=exe
9515602089f0646fc7203ce18473de0dcb71280a9cf0bba991588b2b5f05acb5,9515602089f0646fc7203ce18473de0dcb71280a9cf0bba991588b2b5f05acb5,Nitrogen,malwarebazaar,ransomware,2026-08-04 07:21:08 UTC,analyzed,224,NO_VICTIM_ACTIVITY,file_type=exe
fc2b499708b2d20545c140906b0484546c8b3ff21341b8a5acd18f2063fa2bb5,fc2b499708b2d20545c140906b0484546c8b3ff21341b8a5acd18f2063fa2bb5,Akira,malwarebazaar,ransomware,2026-08-04 07:21:12 UTC,analyzed,202,TRUE_ENCRYPTION,file_type=exe
67535915e18cd4a9505451bba5ca3ff4b58b469e9b72272ff598c11510d7caca,NebulaRansomware.exe,Nebula,malwarebazaar,ransomware,2026-08-04 07:21:18 UTC,analyzed,181,TRUE_ENCRYPTION,file_type=exe
6e1c3a2825b9121f4553114b9500f41de6bcf38a2aa42f87dbe789b993dbade7,6e1c3a2825b9121f4553114b9500f41de6bcf38a2aa42f87dbe789b993dbade7,Akira,malwarebazaar,ransomware,2026-08-04 07:21:22 UTC,analyzed,238,TRUE_ENCRYPTION,file_type=exe
d5f9595abb54947a6b0f8a55428ca95e6402d2aeb72cbc109beca457555a99a6,d5f9595abb54947a6b0f8a55428ca95e6402d2aeb72cbc109beca457555a99a6,,malwarebazaar,ransomware,2026-08-04 07:21:25 UTC,analyzed,778,TRUE_ENCRYPTION,file_type=exe
aa1f4e8e7066b57f594ebed05e931932277c35495ba407f1f97675c6ce4be5cc,aa1f4e8e7066b57f594ebed05e931932277c35495ba407f1f97675c6ce4be5cc,Akira,malwarebazaar,ransomware,2026-08-04 07:21:48 UTC,analyzed,267,TRUE_ENCRYPTION,file_type=exe
d7959a93b70f0a1bb25c08da1f2ff2298e3e6934e7829e5ed148ab8565f59572,d7959a93b70f0a1bb25c08da1f2ff2298e3e6934e7829e5ed148ab8565f59572,Akira,malwarebazaar,ransomware,2026-08-04 07:21:52 UTC,analyzed,292,TRUE_ENCRYPTION,file_type=exe
c8c7515ca777b92b6f6a355e0ff5d0f4f712bb13d6d5735789a09fc3ed7de8fa,c8c7515ca777b92b6f6a355e0ff5d0f4f712bb13d6d5735789a09fc3ed7de8fa,Akira,malwarebazaar,ransomware,2026-08-04 07:21:55 UTC,analyzed,315,TRUE_ENCRYPTION,file_type=exe
f3a6d4ccdd0f663269c3909e74d6847608b8632fb2814b0436a4532b8281e617,f3a6d4ccdd0f663269c3909e74d6847608b8632fb2814b0436a4532b8281e617,,malwarebazaar,ransomware,2026-08-04 07:21:59 UTC,analyzed,782,TRUE_ENCRYPTION,file_type=exe
d00f2a459ecda2ad7afcf3ca62128fd3d0f3d29dbbe6f5314759890dbae12deb,SeizerRansom.exe,,malwarebazaar,ransomware,2026-08-04 07:22:06 UTC,analyzed,786,NO_VICTIM_ACTIVITY,file_type=exe
47aa84cda2854d32ed9621b6121281069caecdbe7f0b665183aba0bd4db3d729,47aa84cda2854d32ed9621b6121281069caecdbe7f0b665183aba0bd4db3d729,BlackMatter,malwarebazaar,ransomware,2026-08-04 07:22:07 UTC,analyzed,207,TRUE_ENCRYPTION,file_type=exe
bdd635b9c3d3c1e9871b3e6b917f33670c5ad8fe36fe90e8ca4714fbd592599a,bdd635b9c3d3c1e9871b3e6b917f33670c5ad8fe36fe90e8ca4714fbd592599a,BlackMatter,malwarebazaar,ransomware,2026-08-04 07:22:10 UTC,analyzed,243,TRUE_ENCRYPTION,file_type=exe
daf55a9d48dd736fa870acd24cf4ced89b079544051d3bd782195ea9b96d6397,daf55a9d48dd736fa870acd24cf4ced89b079544051d3bd782195ea9b96d6397,BlackMatter,malwarebazaar,ransomware,2026-08-04 07:22:13 UTC,analyzed,272,TRUE_ENCRYPTION,file_type=exe
7192f002384780797b689dcb8dbed4b1016bc2c1a6c9b3cebbe9bfe1fc05e822,7192f002384780797b689dcb8dbed4b1016bc2c1a6c9b3cebbe9bfe1fc05e822,BlackMatter,malwarebazaar,ransomware,2026-08-04 07:22:16 UTC,analyzed,295,TRUE_ENCRYPTION,file_type=exe
593d89afb5fddfe947207dc69f93816c665e480ecd2a78c9eaab108b9799691e,593d89afb5fddfe947207dc69f93816c665e480ecd2a78c9eaab108b9799691e,Worm.m0yv,malwarebazaar,ransomware,2026-08-04 07:22:20 UTC,analyzed,149,WEAK_VICTIM_ACTIVITY,file_type=exe
72cd5155f579dafc07836de6d17f096ce820fa3d087035f23a344b4530f63f09,72cd5155f579dafc07836de6d17f096ce820fa3d087035f23a344b4530f63f09,Neshta,malwarebazaar,ransomware,2026-08-04 07:22:23 UTC,analyzed,125,WEAK_VICTIM_ACTIVITY,file_type=exe
c4b27044ec7b2f446d05421b1d8ae42d3e6b3c1ae67f559c3231bffa6785b284,c4b27044ec7b2f446d05421b1d8ae42d3e6b3c1ae67f559c3231bffa6785b284,Expiro,malwarebazaar,ransomware,2026-08-04 07:22:26 UTC,analyzed,99,WEAK_VICTIM_ACTIVITY,file_type=exe
da07675216728cb7d30452040da92a37bc235b01433afef3c58471d5d73295fa,da07675216728cb7d30452040da92a37bc235b01433afef3c58471d5d73295fa,BlackMatter,malwarebazaar,ransomware,2026-08-04 07:22:28 UTC,analyzed,318,TRUE_ENCRYPTION,file_type=exe
cb9d4202d4f495091a046b7fc3fdaa9306343b8402b741a45e3add7cafc95eee,cb9d4202d4f495091a046b7fc3fdaa9306343b8402b741a45e3add7cafc95eee,Akira,malwarebazaar,ransomware,2026-08-04 07:22:32 UTC,analyzed,334,TRUE_ENCRYPTION,file_type=exe
4afda03ddeb1c62a1f87765ea383f920621134c3f6362959cb9993c24752fcb0,4afda03ddeb1c62a1f87765ea383f920621134c3f6362959cb9993c24752fcb0,Akira,malwarebazaar,ransomware,2026-08-04 07:22:35 UTC,analyzed,353,TRUE_ENCRYPTION,file_type=exe
c7b91de4b4b10c22f2e3bca1e2603160588fd8fd829fd46103cf536b6082e310,c7b91de4b4b10c22f2e3bca1e2603160588fd8fd829fd46103cf536b6082e310,,malwarebazaar,ransomware,2026-08-04 07:22:38 UTC,analyzed,790,TRUE_ENCRYPTION,file_type=exe
7dabe5d40c13c7c342b7182eaf7c63fbb5e326300316f6f6518b527d57e79ac8,7dabe5d40c13c7c342b7182eaf7c63fbb5e326300316f6f6518b527d57e79ac8,BianLian,malwarebazaar,ransomware,2026-08-04 07:22:43 UTC,analyzed,87,FAILED,file_type=exe
8b65c9437445e9bcb8164d8557ecb9e3585c8bebf37099a3ec1437884efbdd24,8b65c9437445e9bcb8164d8557ecb9e3585c8bebf37099a3ec1437884efbdd24,BianLian,malwarebazaar,ransomware,2026-08-04 07:22:48 UTC,analyzed,162,FAILED,file_type=exe
93fb7f0c2cf10fb5885e03c737ee8508816c1102e9e3d358160b78e91fa1ebdb,93fb7f0c2cf10fb5885e03c737ee8508816c1102e9e3d358160b78e91fa1ebdb,BianLian,malwarebazaar,ransomware,2026-08-04 07:22:54 UTC,analyzed,206,NO_VICTIM_ACTIVITY,file_type=exe
ac14946fd31ca586368c774f3a3eed1620bf0f0b4f54544f5d25e87facf18d82,ac14946fd31ca586368c774f3a3eed1620bf0f0b4f54544f5d25e87facf18d82,BianLian,malwarebazaar,ransomware,2026-08-04 07:22:58 UTC,analyzed,242,FAILED,file_type=exe
91ffe0ee445b82bd3360156feeecf8112d27c9333f9796caffcfda986fd7e9b4,91ffe0ee445b82bd3360156feeecf8112d27c9333f9796caffcfda986fd7e9b4,BianLian,malwarebazaar,ransomware,2026-08-04 07:23:04 UTC,analyzed,271,NO_VICTIM_ACTIVITY,file_type=exe
bd41ac2686beadc1cb008433960317b648caae37c93d8c0d61ad40fe27b5b67e,bd41ac2686beadc1cb008433960317b648caae37c93d8c0d61ad40fe27b5b67e,BianLian,malwarebazaar,ransomware,2026-08-04 07:23:08 UTC,analyzed,294,FAILED,file_type=exe
93953eef3fe8405d563560dc332135bfe5874ddeb373d714862f72ee62bef518,93953eef3fe8405d563560dc332135bfe5874ddeb373d714862f72ee62bef518,BianLian,malwarebazaar,ransomware,2026-08-04 07:23:13 UTC,analyzed,317,FAILED,file_type=exe
264af7e7aa17422eb4299df640c1aa199b4778509697b6b296efa5ae7e957b40,264af7e7aa17422eb4299df640c1aa199b4778509697b6b296efa5ae7e957b40,BianLian,malwarebazaar,ransomware,2026-08-04 07:23:16 UTC,analyzed,336,FAILED,file_type=exe
b09117026afdd58f26c2a469df134f97a168fd881e2b7d4a16c3cc26527b54f6,b09117026afdd58f26c2a469df134f97a168fd881e2b7d4a16c3cc26527b54f6,BianLian,malwarebazaar,ransomware,2026-08-04 07:23:20 UTC,analyzed,354,TRUE_ENCRYPTION,file_type=exe
1f7675ec795ad551a15fc45a8f4b8b0a948d7004dc703f46e20f3a8b763e462f,1f7675ec795ad551a15fc45a8f4b8b0a948d7004dc703f46e20f3a8b763e462f,BianLian,malwarebazaar,ransomware,2026-08-04 07:23:27 UTC,analyzed,371,NO_VICTIM_ACTIVITY,file_type=exe
6a844a3775a9a5076103f52bf847087aeb18f7d06d84a5f0dfff13ca65f9ddd1,6a844a3775a9a5076103f52bf847087aeb18f7d06d84a5f0dfff13ca65f9ddd1,BianLian,malwarebazaar,ransomware,2026-08-04 07:23:32 UTC,analyzed,388,FAILED,file_type=exe
a9a99d47805f43114f84ceb1c84c9148bcbeec751a94c14cb9c1f76987bd1c09,a9a99d47805f43114f84ceb1c84c9148bcbeec751a94c14cb9c1f76987bd1c09,BianLian,malwarebazaar,ransomware,2026-08-04 07:23:38 UTC,analyzed,403,TRUE_ENCRYPTION,file_type=exe
af394892296db7e58990fb341c354d2532436e95e676287f5d03f7dabc6297a6,af394892296db7e58990fb341c354d2532436e95e676287f5d03f7dabc6297a6,BianLian,malwarebazaar,ransomware,2026-08-04 07:23:45 UTC,analyzed,418,TRUE_ENCRYPTION,file_type=exe
e525bc376016b4bd2d6dd2e05aac14765bbd2e384bbdee9b9d67e4990e05c196,e525bc376016b4bd2d6dd2e05aac14765bbd2e384bbdee9b9d67e4990e05c196,BianLian,malwarebazaar,ransomware,2026-08-04 07:23:48 UTC,analyzed,432,WEAK_VICTIM_ACTIVITY,file_type=exe
4e92b73a17e0646876fb9be09c4ee6f015f00273932d2422b69339e22b78b385,4e92b73a17e0646876fb9be09c4ee6f015f00273932d2422b69339e22b78b385,BianLian,malwarebazaar,ransomware,2026-08-04 07:23:54 UTC,analyzed,445,NO_VICTIM_ACTIVITY,file_type=exe
06f10c935fae531e070c55bde15ee3b48b6bb289af237e96eec82124c19d1049,06f10c935fae531e070c55bde15ee3b48b6bb289af237e96eec82124c19d1049,BianLian,malwarebazaar,ransomware,2026-08-04 07:23:59 UTC,analyzed,457,FAILED,file_type=exe
1cba58f73221b5bb7930bfeab0106ae5415e70f49a595727022dcf6fda1126e9,1cba58f73221b5bb7930bfeab0106ae5415e70f49a595727022dcf6fda1126e9,BianLian,malwarebazaar,ransomware,2026-08-04 07:24:04 UTC,analyzed,467,FAILED,file_type=exe
40126ae71b857dd22db39611c25d3d5dd0e60316b72830e930fba9baf23973ce,40126ae71b857dd22db39611c25d3d5dd0e60316b72830e930fba9baf23973ce,BianLian,malwarebazaar,ransomware,2026-08-04 07:24:06 UTC,analyzed,477,NO_VICTIM_ACTIVITY,file_type=exe
afb7f11da27439a2e223e6b651f96eb16a7e35b34918e501886d25439015bf78,afb7f11da27439a2e223e6b651f96eb16a7e35b34918e501886d25439015bf78,BianLian,malwarebazaar,ransomware,2026-08-04 07:24:11 UTC,analyzed,487,FAILED,file_type=exe
56e63edb832fdf08d19ecfe2de1c7c6c6581cedd431215ded0c8e44ac9aed925,56e63edb832fdf08d19ecfe2de1c7c6c6581cedd431215ded0c8e44ac9aed925,BianLian,malwarebazaar,ransomware,2026-08-04 07:24:16 UTC,analyzed,496,FAILED,file_type=exe
23295c518f194dee7815728de15bafe07bf53b52d987c7ad2b2050f833f770f7,23295c518f194dee7815728de15bafe07bf53b52d987c7ad2b2050f833f770f7,BianLian,malwarebazaar,ransomware,2026-08-04 07:24:20 UTC,analyzed,505,FAILED,file_type=exe
9413ba4a33ea77326b837ba538f92348e1909d5263ca67a86aa327daa8fbba30,9413ba4a33ea77326b837ba538f92348e1909d5263ca67a86aa327daa8fbba30,BianLian,malwarebazaar,ransomware,2026-08-04 07:24:25 UTC,analyzed,513,FAILED,file_type=exe
bd57af28c94c3b7f156511c48f4b62cd1b4c29a1a693f4dc831e0a928691cc56,bd57af28c94c3b7f156511c48f4b62cd1b4c29a1a693f4dc831e0a928691cc56,BianLian,malwarebazaar,ransomware,2026-08-04 07:24:30 UTC,analyzed,521,FAILED,file_type=exe
16b0f643670d1f94663179815bfac493f5f30a61d15c18c8b305b1016eece7ef,16b0f643670d1f94663179815bfac493f5f30a61d15c18c8b305b1016eece7ef,BianLian,malwarebazaar,ransomware,2026-08-04 07:24:35 UTC,analyzed,528,FAILED,file_type=exe
5162fd73cbe8f313d2b0e4180bab4cbe47185f73a3ffc3d1dcccc36bc2865142,5162fd73cbe8f313d2b0e4180bab4cbe47185f73a3ffc3d1dcccc36bc2865142,BianLian,malwarebazaar,ransomware,2026-08-04 07:24:40 UTC,analyzed,535,FAILED,file_type=exe
374aa1aaaad4ddd0a9a5f08f643f96b3fb8b741802e19ac2fb8843351cf8efc1,lol.exe,,malwarebazaar,ransomware,2026-08-04 07:24:44 UTC,analyzed,794,TRUE_ENCRYPTION,file_type=exe
5edb68ebe00c4d4af8f9e3930ebe72959f9bb8800080ac91df0065eddbfebb4d,unknown.exe,Zatoxp,malwarebazaar,ransomware,2026-08-04 07:24:49 UTC,analyzed,200,NO_VICTIM_ACTIVITY,file_type=exe
4608bcc2632c46335cd9fabeed46837c4fae07d624bc86cdbb43cecc0b701dd1,一键通往二次元.exe,,malwarebazaar,ransomware,2026-08-04 07:24:58 UTC,submit_failed,,,file_type=exe;submit_failed_x3
686bb5ee371733ab7908c2f3ea1ee76791080f3a4e61afe8b97c2a57fbc2efac,MSRuntime.dll,,malwarebazaar,ransomware,2026-08-04 07:25:05 UTC,analyzed,801,NO_VICTIM_ACTIVITY,file_type=exe
6677e07bcccdeb28e532bb030f2ff2e4e39049caf6a1a0f9cd7f50e6d829daac,6677e07bcccdeb28e532bb030f2ff2e4e39049caf6a1a0f9cd7f50e6d829daac,Neshta,malwarebazaar,ransomware,2026-08-04 07:25:16 UTC,analyzed,182,TRUE_ENCRYPTION,file_type=exe
aca01073676a7e2003ac7af9b27b9aa54c076ea94cf4c9627828b12955261aeb,aca01073676a7e2003ac7af9b27b9aa54c076ea94cf4c9627828b12955261aeb,BlackMatter,malwarebazaar,ransomware,2026-08-04 07:25:37 UTC,analyzed,337,TRUE_ENCRYPTION,file_type=exe
b9ee022489931c6b68b63b0ae34eb1b4ef141e9bb456e84034603a9ae04e5db9,b9ee022489931c6b68b63b0ae34eb1b4ef141e9bb456e84034603a9ae04e5db9,Neshta,malwarebazaar,ransomware,2026-08-04 07:25:44 UTC,analyzed,222,TRUE_ENCRYPTION,file_type=exe
317b6cb9b47f2ac069e771024de767c3b80b23b5527d43bbf00e0a11d9563e56,317b6cb9b47f2ac069e771024de767c3b80b23b5527d43bbf00e0a11d9563e56,Underground,malwarebazaar,ransomware,2026-08-04 07:25:51 UTC,analyzed,145,FAILED,file_type=exe
9d41b2f7c07110fb855c62b5e7e330a597860916599e73dd3505694fd1bbe163,9d41b2f7c07110fb855c62b5e7e330a597860916599e73dd3505694fd1bbe163,Underground,malwarebazaar,ransomware,2026-08-04 07:25:54 UTC,analyzed,193,TRUE_ENCRYPTION,file_type=exe
9f702b94a86558df87de316611d9f1bfe99a6d8da9fa9b3d7bb125a12f9ad11f,9f702b94a86558df87de316611d9f1bfe99a6d8da9fa9b3d7bb125a12f9ad11f,Underground,malwarebazaar,ransomware,2026-08-04 07:25:57 UTC,analyzed,232,TRUE_ENCRYPTION,file_type=exe
b6cd9094503f184c05afb851644c079dc177001fa2b2286cdb5861338cdb655a,b6cd9094503f184c05afb851644c079dc177001fa2b2286cdb5861338cdb655a,Underground,malwarebazaar,ransomware,2026-08-04 07:25:59 UTC,analyzed,262,TRUE_ENCRYPTION,file_type=exe
cc80c74a3592374341324d607d877dcf564d326a1354f3f2a4af58030e716813,cc80c74a3592374341324d607d877dcf564d326a1354f3f2a4af58030e716813,Underground,malwarebazaar,ransomware,2026-08-04 07:26:02 UTC,analyzed,289,TRUE_ENCRYPTION,file_type=exe
56ccc7562cea5da87146fcc74b158051bf4e52e5e163ad4e810a417726382975,56ccc7562cea5da87146fcc74b158051bf4e52e5e163ad4e810a417726382975,Underground,malwarebazaar,ransomware,2026-08-04 07:26:05 UTC,analyzed,312,TRUE_ENCRYPTION,file_type=exe
98a76aacbaa0401bac7738ff966d8e1b0fe2d8599a266b111fdc932ce385c8ed,localfile.exe,Nubias,malwarebazaar,ransomware,2026-08-04 07:26:11 UTC,analyzed,129,FAILED,file_type=exe
61f7aa918b55238278a1666cb723df9e3639d229d1027611e02ae3808ede33ed,61f7aa918b55238278a1666cb723df9e3639d229d1027611e02ae3808ede33ed,Qilin,malwarebazaar,ransomware,2026-08-04 07:26:15 UTC,analyzed,134,NO_VICTIM_ACTIVITY,file_type=exe
f910b2a6d84d0677cda9aefabfa4a45863ba51a8831588e3b527e8e1d3a9927c,f910b2a6d84d0677cda9aefabfa4a45863ba51a8831588e3b527e8e1d3a9927c,Qilin,malwarebazaar,ransomware,2026-08-04 07:26:19 UTC,analyzed,186,NO_VICTIM_ACTIVITY,file_type=exe
02835451193c2232094b591b7ef52a18786bae3232330839e63631f077f4946b,02835451193c2232094b591b7ef52a18786bae3232330839e63631f077f4946b,Qilin,malwarebazaar,ransomware,2026-08-04 07:26:24 UTC,analyzed,227,FAILED,file_type=exe
033b4d28791b318fee5017e79c87c974ee621bae3b137d78ff11e2623ecf78a5,033b4d28791b318fee5017e79c87c974ee621bae3b137d78ff11e2623ecf78a5,Qilin,malwarebazaar,ransomware,2026-08-04 07:26:29 UTC,analyzed,257,FAILED,file_type=exe
381c3ed7a3b3d3017faaacb917c911aa266c2fb3e648f0e659222ec38148ee3c,381c3ed7a3b3d3017faaacb917c911aa266c2fb3e648f0e659222ec38148ee3c,Qilin,malwarebazaar,ransomware,2026-08-04 07:26:34 UTC,analyzed,284,FAILED,file_type=exe
5b358f7cb6c2f16badbb476f7fa7515d4c142a1c1c47e22ab058155aa3120ba1,5b358f7cb6c2f16badbb476f7fa7515d4c142a1c1c47e22ab058155aa3120ba1,Qilin,malwarebazaar,ransomware,2026-08-04 07:26:38 UTC,analyzed,307,FAILED,file_type=exe
650a03c40c45eef3590058c37de8ea2e978c9c69f289390b2ab89be3910549fb,650a03c40c45eef3590058c37de8ea2e978c9c69f289390b2ab89be3910549fb,Qilin,malwarebazaar,ransomware,2026-08-04 07:26:43 UTC,analyzed,328,NO_VICTIM_ACTIVITY,file_type=exe
d628914c72a4294d6b67126eb8b5a08fa4974d05469852cb7ef872721b207498,d628914c72a4294d6b67126eb8b5a08fa4974d05469852cb7ef872721b207498,Qilin,malwarebazaar,ransomware,2026-08-04 07:26:48 UTC,analyzed,347,FAILED,file_type=exe
1455a215def8fe3c7053a21e748d20bcef586014b3d000b9f8e64be6ed99addd,1455a215def8fe3c7053a21e748d20bcef586014b3d000b9f8e64be6ed99addd,Qilin,malwarebazaar,ransomware,2026-08-04 07:26:52 UTC,analyzed,364,FAILED,file_type=exe
1e52d9f04f99be66d5bc13db767c6acb5f0515906633f76e5c713681af9454df,1e52d9f04f99be66d5bc13db767c6acb5f0515906633f76e5c713681af9454df,Qilin,malwarebazaar,ransomware,2026-08-04 07:26:57 UTC,analyzed,381,FAILED,file_type=exe
5acd1ff8da9958a032cf63fb27d5e4b71c201612461e039f44eb07b2cc6735c0,5acd1ff8da9958a032cf63fb27d5e4b71c201612461e039f44eb07b2cc6735c0,Qilin,malwarebazaar,ransomware,2026-08-04 07:27:02 UTC,analyzed,396,NO_VICTIM_ACTIVITY,file_type=exe
db7b88dfbc16f4798b30c135a1e305d11b201ca3d9b600f2b2f3306f0ad32b18,db7b88dfbc16f4798b30c135a1e305d11b201ca3d9b600f2b2f3306f0ad32b18,Qilin,malwarebazaar,ransomware,2026-08-04 07:27:08 UTC,analyzed,411,FAILED,file_type=exe
76dfbf622b6846653eff769e047efedc7a9fdbb00c939965d555da7aef460a5d,76dfbf622b6846653eff769e047efedc7a9fdbb00c939965d555da7aef460a5d,Qilin,malwarebazaar,ransomware,2026-08-04 07:27:13 UTC,analyzed,426,FAILED,file_type=exe
906f88817e3bf1bd4e800cf798650f3a309c81ee9b78c2a37d9118ce2567ae3d,906f88817e3bf1bd4e800cf798650f3a309c81ee9b78c2a37d9118ce2567ae3d,Qilin,malwarebazaar,ransomware,2026-08-04 07:27:18 UTC,analyzed,439,FAILED,file_type=exe
78b6552fe4e7afbd21d8494dd19c056e16316b7aabdbaf746f5511a2dc2c542c,78b6552fe4e7afbd21d8494dd19c056e16316b7aabdbaf746f5511a2dc2c542c,Qilin,malwarebazaar,ransomware,2026-08-04 07:27:23 UTC,analyzed,451,FAILED,file_type=exe
a58adc18c13c4c357039ee5cf5fa5e886a7efc6026350cb7087466d667b87263,a58adc18c13c4c357039ee5cf5fa5e886a7efc6026350cb7087466d667b87263,Qilin,malwarebazaar,ransomware,2026-08-04 07:27:28 UTC,analyzed,462,FAILED,file_type=exe
690d584bb489f5de42077147b13d5431ef3cd36e429a90fcdfe02bc97fdbec85,690d584bb489f5de42077147b13d5431ef3cd36e429a90fcdfe02bc97fdbec85,Qilin,malwarebazaar,ransomware,2026-08-04 07:27:32 UTC,analyzed,472,FAILED,file_type=exe
9983e9559790c6df67dc78157f65ee42320a9914c0b2cb7eb4b210e50266268c,9983e9559790c6df67dc78157f65ee42320a9914c0b2cb7eb4b210e50266268c,Qilin,malwarebazaar,ransomware,2026-08-04 07:27:37 UTC,analyzed,482,FAILED,file_type=exe
90bf9700d267b34aef7963ca51623daab9f4725253735a66e0a56c532f6b32c4,90bf9700d267b34aef7963ca51623daab9f4725253735a66e0a56c532f6b32c4,Qilin,malwarebazaar,ransomware,2026-08-04 07:27:42 UTC,analyzed,491,FAILED,file_type=exe
95bc5b0cf823d89f209035618f596f35267ba24401add2b2561ec795fbe9f1d6,95bc5b0cf823d89f209035618f596f35267ba24401add2b2561ec795fbe9f1d6,Qilin,malwarebazaar,ransomware,2026-08-04 07:27:46 UTC,analyzed,500,NO_VICTIM_ACTIVITY,file_type=exe
147ad250400bb8c5ec2f7542afc82491fd23d665b070db03c17022ec969024a6,147ad250400bb8c5ec2f7542afc82491fd23d665b070db03c17022ec969024a6,Qilin,malwarebazaar,ransomware,2026-08-04 07:27:51 UTC,analyzed,508,FAILED,file_type=exe
44324ab4fcfcac9933670e8969e7ce334ed0d8139df6b6101c003d94480a9305,44324ab4fcfcac9933670e8969e7ce334ed0d8139df6b6101c003d94480a9305,Qilin,malwarebazaar,ransomware,2026-08-04 07:27:56 UTC,analyzed,516,FAILED,file_type=exe
8410f85c1710bfefccf0517cbbc91c0019073ced28d66539eeb596a9de8be1a9,8410f85c1710bfefccf0517cbbc91c0019073ced28d66539eeb596a9de8be1a9,Qilin,malwarebazaar,ransomware,2026-08-04 07:28:01 UTC,analyzed,523,FAILED,file_type=exe
f17c9c6b1f1e4434e2688fc0d25d0bca1efb89582c03028f787fa2b9f765c17a,f17c9c6b1f1e4434e2688fc0d25d0bca1efb89582c03028f787fa2b9f765c17a,Qilin,malwarebazaar,ransomware,2026-08-04 07:28:06 UTC,analyzed,530,FAILED,file_type=exe
f52567ef22018ee7ef696ec1b28b99f019552827445425dd08e98195f6ac56fe,f52567ef22018ee7ef696ec1b28b99f019552827445425dd08e98195f6ac56fe,Qilin,malwarebazaar,ransomware,2026-08-04 07:28:11 UTC,analyzed,537,FAILED,file_type=exe
340351639863a1c01eb0f8e34aafa2a5f36a7ee378c3cb112827ce3e9bfd7a87,340351639863a1c01eb0f8e34aafa2a5f36a7ee378c3cb112827ce3e9bfd7a87,Qilin,malwarebazaar,ransomware,2026-08-04 07:28:15 UTC,analyzed,543,FAILED,file_type=exe
96de53f71a914113dd1e0ab030b3e0707101af10bd6de3c894ee328d6f175e94,96de53f71a914113dd1e0ab030b3e0707101af10bd6de3c894ee328d6f175e94,Qilin,malwarebazaar,ransomware,2026-08-04 07:28:20 UTC,analyzed,549,FAILED,file_type=exe
c3fec6dd70f15fdf0683473539f1bde4c24e1aa25d97555c3d330f77b1edc3f1,c3fec6dd70f15fdf0683473539f1bde4c24e1aa25d97555c3d330f77b1edc3f1,Qilin,malwarebazaar,ransomware,2026-08-04 07:28:25 UTC,analyzed,555,FAILED,file_type=exe
57e93d498dd91aebb7473950c12d8dc414aec39f6e3baa2a0b249649adf2ddc9,57e93d498dd91aebb7473950c12d8dc414aec39f6e3baa2a0b249649adf2ddc9,Qilin,malwarebazaar,ransomware,2026-08-04 07:28:30 UTC,analyzed,561,FAILED,file_type=exe
b3051578e38ecb412e6ef29584ad753dca8cf9b26ff5117464224b6b96764f71,b3051578e38ecb412e6ef29584ad753dca8cf9b26ff5117464224b6b96764f71.exe,Zombie,malwarebazaar,ransomware,2026-08-04 07:28:33 UTC,analyzed,155,TRUE_ENCRYPTION,file_type=exe
29a1e8ccc5c59371c8f7e1f59e4999cc7ab6b838c7625d2468952aae35f04943,29a1e8ccc5c59371c8f7e1f59e4999cc7ab6b838c7625d2468952aae35f04943,Neshta,malwarebazaar,ransomware,2026-08-04 07:28:36 UTC,analyzed,254,TRUE_ENCRYPTION,file_type=exe
2a9257c6c74e37d051f78ed5abaa620b71b27fa3604798af077256a128d911bb,2a9257c6c74e37d051f78ed5abaa620b71b27fa3604798af077256a128d911bb,Akira,malwarebazaar,ransomware,2026-08-04 07:28:40 UTC,analyzed,370,TRUE_ENCRYPTION,file_type=exe
2afafaf2823e9918d17cdca28648ec94e4d7eabf95b936342456a75be0a1a658,2afafaf2823e9918d17cdca28648ec94e4d7eabf95b936342456a75be0a1a658,Akira,malwarebazaar,ransomware,2026-08-04 07:28:43 UTC,analyzed,387,TRUE_ENCRYPTION,file_type=exe
2b00a02196b87445633cabde506b4387979504cf60955f0b40cf2e4da4f0fd23,2b00a02196b87445633cabde506b4387979504cf60955f0b40cf2e4da4f0fd23,Akira,malwarebazaar,ransomware,2026-08-04 07:28:47 UTC,analyzed,402,TRUE_ENCRYPTION,file_type=exe
2b28270c1675990a2c78b31faab547fb75948dd1c2b22e892377ee5e40abebc2,2b28270c1675990a2c78b31faab547fb75948dd1c2b22e892377ee5e40abebc2,Akira,malwarebazaar,ransomware,2026-08-04 07:28:50 UTC,analyzed,417,NO_VICTIM_ACTIVITY,file_type=exe
2b8b37175c09c75394bfbd5a2cf1eff28a4956fb3e7c6f24ea53c1b966d77153,2b8b37175c09c75394bfbd5a2cf1eff28a4956fb3e7c6f24ea53c1b966d77153,Akira,malwarebazaar,ransomware,2026-08-04 07:28:53 UTC,analyzed,431,TRUE_ENCRYPTION,file_type=exe
2bfe3fba2e94b1a4f8ae0ea767b64084390155bb4d57cc39e13c15b181f8d377,2bfe3fba2e94b1a4f8ae0ea767b64084390155bb4d57cc39e13c15b181f8d377,Akira,malwarebazaar,ransomware,2026-08-04 07:28:57 UTC,analyzed,444,TRUE_ENCRYPTION,file_type=exe
2c10cc96f48839b84954e88cb6f85e5c15442f4d15c34213d008e859f87f7261,2c10cc96f48839b84954e88cb6f85e5c15442f4d15c34213d008e859f87f7261,Akira,malwarebazaar,ransomware,2026-08-04 07:29:00 UTC,analyzed,456,TRUE_ENCRYPTION,file_type=exe
2c4fcfd351bae11ff7f11c5c94b7bf60e7cf7b602fb4feb68cd3fba9dbc85d17,2c4fcfd351bae11ff7f11c5c94b7bf60e7cf7b602fb4feb68cd3fba9dbc85d17,Akira,malwarebazaar,ransomware,2026-08-04 07:29:03 UTC,analyzed,466,TRUE_ENCRYPTION,file_type=exe
2db4a15475f382e34875b37d7b27c3935c7567622141bc203fde7fe602bc8643,2db4a15475f382e34875b37d7b27c3935c7567622141bc203fde7fe602bc8643,Akira,malwarebazaar,ransomware,2026-08-04 07:29:07 UTC,analyzed,476,TRUE_ENCRYPTION,file_type=exe
b3b8b39cc3b28c277b550d2f252b7034236c677f545d6a35e468be758aa5007e,b3b8b39cc3b28c277b550d2f252b7034236c677f545d6a35e468be758aa5007e,Akira,malwarebazaar,ransomware,2026-08-04 07:29:11 UTC,analyzed,486,TRUE_ENCRYPTION,file_type=exe
ae1c7bce774a02f83cccd38cbaff3b1a99eaefd06e9978e6632e24e578f19fbe,ae1c7bce774a02f83cccd38cbaff3b1a99eaefd06e9978e6632e24e578f19fbe,Akira,malwarebazaar,ransomware,2026-08-04 07:29:15 UTC,analyzed,495,TRUE_ENCRYPTION,file_type=exe
13b82f4ac62faf87a105be355c82bacfcbdd383050860dfa93dfbb7bb2e6c9ba,13b82f4ac62faf87a105be355c82bacfcbdd383050860dfa93dfbb7bb2e6c9ba,,malwarebazaar,ransomware,2026-08-04 07:29:18 UTC,analyzed,805,FAILED,file_type=exe
1d9544d087058210e84a0ad9650f99c71c85222d6b18e8ea89c6d2eb15ec7543,1d9544d087058210e84a0ad9650f99c71c85222d6b18e8ea89c6d2eb15ec7543,Akira,malwarebazaar,ransomware,2026-08-04 07:29:21 UTC,analyzed,504,TRUE_ENCRYPTION,file_type=exe
1ed8c04e2e91c9db7b88f818cc7d8f043f674d1898c182b6390acaa9fbb251aa,1ed8c04e2e91c9db7b88f818cc7d8f043f674d1898c182b6390acaa9fbb251aa,Akira,malwarebazaar,ransomware,2026-08-04 07:29:25 UTC,analyzed,512,TRUE_ENCRYPTION,file_type=exe
1fd9f2cdf2ee55d5d91e890c6a16e468f576a4e97747093204ffb122eacf2a27,1fd9f2cdf2ee55d5d91e890c6a16e468f576a4e97747093204ffb122eacf2a27,Akira,malwarebazaar,ransomware,2026-08-04 07:29:28 UTC,analyzed,520,TRUE_ENCRYPTION,file_type=exe
2084ab8f92a86a37a35879378610949e21ea7b5030313655bb82fe6c67772b0d,2084ab8f92a86a37a35879378610949e21ea7b5030313655bb82fe6c67772b0d,Akira,malwarebazaar,ransomware,2026-08-04 07:29:32 UTC,analyzed,527,NO_VICTIM_ACTIVITY,file_type=exe
237d3c744fd5fc5d7e7a55e4385dff51045a1c6d8ee7346a270a688ab3791d49,237d3c744fd5fc5d7e7a55e4385dff51045a1c6d8ee7346a270a688ab3791d49,Akira,malwarebazaar,ransomware,2026-08-04 07:29:35 UTC,analyzed,534,TRUE_ENCRYPTION,file_type=exe
2466416a7469ce26e52b6e6e7e3c3c02fad598ae8d1d6cde32d341039bebfaf2,2466416a7469ce26e52b6e6e7e3c3c02fad598ae8d1d6cde32d341039bebfaf2,Neshta,malwarebazaar,ransomware,2026-08-04 07:29:39 UTC,analyzed,282,TRUE_ENCRYPTION,file_type=exe
25a6758df930b32eed548fca56735f0ddde442b5662e51c625eadbbaf09c9e96,25a6758df930b32eed548fca56735f0ddde442b5662e51c625eadbbaf09c9e96,Akira,malwarebazaar,ransomware,2026-08-04 07:29:42 UTC,analyzed,541,TRUE_ENCRYPTION,file_type=exe
27009c0abd2709cd5cac4c0135b8f3bed3229b0921601638ba9e90713ede91ea,27009c0abd2709cd5cac4c0135b8f3bed3229b0921601638ba9e90713ede91ea,Akira,malwarebazaar,ransomware,2026-08-04 07:29:46 UTC,analyzed,547,TRUE_ENCRYPTION,file_type=exe
2727c73f3069457e9ad2197b3cda25aec864a2ab8da3c2790264d06e13d45c3d,2727c73f3069457e9ad2197b3cda25aec864a2ab8da3c2790264d06e13d45c3d,Akira,malwarebazaar,ransomware,2026-08-04 07:29:49 UTC,analyzed,553,TRUE_ENCRYPTION,file_type=exe
28cea00267fa30fb63e80a3c3b193bd9cd2a3d46dd9ae6cede5f932ac15c7e2e,28cea00267fa30fb63e80a3c3b193bd9cd2a3d46dd9ae6cede5f932ac15c7e2e,RustyStealer,malwarebazaar,ransomware,2026-08-04 07:29:52 UTC,analyzed,399,FAILED,file_type=exe
0fd6097b0b306b736249f108b9b51e1574a11c8de23d03b7d615a48ebb0f5139,0fd6097b0b306b736249f108b9b51e1574a11c8de23d03b7d615a48ebb0f5139,Akira,malwarebazaar,ransomware,2026-08-04 07:29:56 UTC,analyzed,559,TRUE_ENCRYPTION,file_type=exe
101bd45ab673fd6547386dff4339f1649e61b9f5c318260d365f766fbdc2d3c9,101bd45ab673fd6547386dff4339f1649e61b9f5c318260d365f766fbdc2d3c9,Akira,malwarebazaar,ransomware,2026-08-04 07:29:59 UTC,analyzed,565,TRUE_ENCRYPTION,file_type=exe
131da83b521f610819141d5c740313ce46578374abb22ef504a7593955a65f07,131da83b521f610819141d5c740313ce46578374abb22ef504a7593955a65f07,Heodo,malwarebazaar,ransomware,2026-08-04 07:30:03 UTC,analyzed,109,FAILED,file_type=exe
1ba1ccfacffbb6be9480380f5535a30d3eee1dd7787f3c649ebf8ea2a6a5de51,1ba1ccfacffbb6be9480380f5535a30d3eee1dd7787f3c649ebf8ea2a6a5de51,Akira,malwarebazaar,ransomware,2026-08-04 07:30:11 UTC,analyzed,571,TRUE_ENCRYPTION,file_type=exe
6182df9c60f9069094fb353c4b3294d13130a71f3e677566267d4419f281ef02,6182df9c60f9069094fb353c4b3294d13130a71f3e677566267d4419f281ef02,Bert,malwarebazaar,ransomware,2026-08-04 07:30:19 UTC,analyzed,86,FAILED,file_type=exe
ced4ed5e5ef7505dd008ed7dd28b8aff38df7febe073d990d6d74837408ea4be,ced4ed5e5ef7505dd008ed7dd28b8aff38df7febe073d990d6d74837408ea4be,Bert,malwarebazaar,ransomware,2026-08-04 07:30:21 UTC,analyzed,161,TRUE_ENCRYPTION,file_type=exe
f2dc218ea8e2caa8668e54bae6561afd9fbf035a40b80ce9e847664ff0809799,f2dc218ea8e2caa8668e54bae6561afd9fbf035a40b80ce9e847664ff0809799,Bert,malwarebazaar,ransomware,2026-08-04 07:30:23 UTC,analyzed,205,NO_VICTIM_ACTIVITY,file_type=exe
25c693808095f45d297171eba5196e9a5176281a2d248cb1a8cfa07a68bbe332,25c693808095f45d297171eba5196e9a5176281a2d248cb1a8cfa07a68bbe332,Bert,malwarebazaar,ransomware,2026-08-04 07:30:26 UTC,analyzed,241,NO_VICTIM_ACTIVITY,file_type=exe
78eb838238dad971dcbc46b86491d95e297f3d47dc770de5c43af3163990d31c,78eb838238dad971dcbc46b86491d95e297f3d47dc770de5c43af3163990d31c,Bert,malwarebazaar,ransomware,2026-08-04 07:30:28 UTC,analyzed,270,NO_VICTIM_ACTIVITY,file_type=exe
0273f8fb4c836ff3778aebe80bd1949fab951ff06b47f516a18c08b296ad27e6,0273f8fb4c836ff3778aebe80bd1949fab951ff06b47f516a18c08b296ad27e6,Akira,malwarebazaar,ransomware,2026-08-04 07:30:32 UTC,analyzed,577,TRUE_ENCRYPTION,file_type=exe
030db5fb2a639b0c1a63bbd209bd1f043dbc4dbb306102f1726cdd4a6500fb83,030db5fb2a639b0c1a63bbd209bd1f043dbc4dbb306102f1726cdd4a6500fb83,Akira,malwarebazaar,ransomware,2026-08-04 07:30:34 UTC,analyzed,583,TRUE_ENCRYPTION,file_type=exe
03aa12ac2884251aa24bf0ccd854047de403591a8537e6aba19e822807e06a45,03aa12ac2884251aa24bf0ccd854047de403591a8537e6aba19e822807e06a45,Akira,malwarebazaar,ransomware,2026-08-04 07:30:38 UTC,analyzed,589,TRUE_ENCRYPTION,file_type=exe
049a593fd540d78840d000d2fa6046e8d28279376ef61e5ccc8f74dd49f1c498,049a593fd540d78840d000d2fa6046e8d28279376ef61e5ccc8f74dd49f1c498,Akira,malwarebazaar,ransomware,2026-08-04 07:30:42 UTC,analyzed,595,TRUE_ENCRYPTION,file_type=exe
05b9f915afb91b36115a25cec09270f2119922488b9224d8b3a49caefae54ab7,05b9f915afb91b36115a25cec09270f2119922488b9224d8b3a49caefae54ab7,Akira,malwarebazaar,ransomware,2026-08-04 07:30:46 UTC,analyzed,601,TRUE_ENCRYPTION,file_type=exe
08207409e1d789aea68419b04354184490ce46339be071c6c185c75ab9d08cba,08207409e1d789aea68419b04354184490ce46339be071c6c185c75ab9d08cba,Akira,malwarebazaar,ransomware,2026-08-04 07:30:50 UTC,analyzed,607,TRUE_ENCRYPTION,file_type=exe
0b5b31af5956158bfbd14f6cbf4f1bca23c5d16a40dbf3758f3289146c565f43,0b5b31af5956158bfbd14f6cbf4f1bca23c5d16a40dbf3758f3289146c565f43,Akira,malwarebazaar,ransomware,2026-08-04 07:30:54 UTC,analyzed,613,TRUE_ENCRYPTION,file_type=exe
0c8d5f2b94ca60616d0db69f31cf4a651ae816e44ef6f807851601c1a4e52d10,0c8d5f2b94ca60616d0db69f31cf4a651ae816e44ef6f807851601c1a4e52d10,Akira,malwarebazaar,ransomware,2026-08-04 07:30:57 UTC,analyzed,619,TRUE_ENCRYPTION,file_type=exe
0d700ca5f6cc093de4abba9410480ee7a8870d5e8fe86c9ce103eec3872f225f,0d700ca5f6cc093de4abba9410480ee7a8870d5e8fe86c9ce103eec3872f225f,Akira,malwarebazaar,ransomware,2026-08-04 07:31:01 UTC,analyzed,625,TRUE_ENCRYPTION,file_type=exe
0df446a893ef448ee4ef32494f6cdf9b04a4f202583794f75a7a7a9ec25d41cb,0df446a893ef448ee4ef32494f6cdf9b04a4f202583794f75a7a7a9ec25d41cb,Akira,malwarebazaar,ransomware,2026-08-04 07:31:05 UTC,analyzed,631,TRUE_ENCRYPTION,file_type=exe
9b4e60fc6089912f84c96e77f8d905a6c1e9e76d15fdce96958a45ad0e8e6108,9b4e60fc6089912f84c96e77f8d905a6c1e9e76d15fdce96958a45ad0e8e6108,,malwarebazaar,ransomware,2026-08-04 07:31:10 UTC,analyzed,809,FAILED,file_type=exe
b5189876dfdbe889bba43f7702d1e61e61d48803c78ff78eab3f43b4fb0b3a22,b5189876dfdbe889bba43f7702d1e61e61d48803c78ff78eab3f43b4fb0b3a22,Nitrogen,malwarebazaar,ransomware,2026-08-04 07:31:13 UTC,analyzed,256,TRUE_ENCRYPTION,file_type=exe
02b49fd8781580e1f25034c9ca89d7989729f6ca898579f434cc6122247b7c06,02b49fd8781580e1f25034c9ca89d7989729f6ca898579f434cc6122247b7c06,Akira,malwarebazaar,ransomware,2026-08-04 07:31:17 UTC,analyzed,637,TRUE_ENCRYPTION,file_type=exe
9ca333b2e88ab35f608e447b0e3b821a6e04c4b0c76545177890fb16adcab163,9ca333b2e88ab35f608e447b0e3b821a6e04c4b0c76545177890fb16adcab163,Akira,malwarebazaar,ransomware,2026-08-04 07:31:20 UTC,analyzed,643,TRUE_ENCRYPTION,file_type=exe
865930cd680f5196672ec552ee19693a9e2868709b0cdb71674ded1f04c85922,865930cd680f5196672ec552ee19693a9e2868709b0cdb71674ded1f04c85922,Akira,malwarebazaar,ransomware,2026-08-04 07:31:24 UTC,analyzed,649,TRUE_ENCRYPTION,file_type=exe
232ad46f353db7bca9d03e88e0c25981447839b221bea99c35f66819f1e17e77,232ad46f353db7bca9d03e88e0c25981447839b221bea99c35f66819f1e17e77,Akira,malwarebazaar,ransomware,2026-08-04 07:31:27 UTC,analyzed,655,TRUE_ENCRYPTION,file_type=exe
1b6af2fbbc636180dd7bae825486ccc45e42aefbb304d5f83fafca4d637c13cc,1b6af2fbbc636180dd7bae825486ccc45e42aefbb304d5f83fafca4d637c13cc,Akira,malwarebazaar,ransomware,2026-08-04 07:31:30 UTC,analyzed,661,TRUE_ENCRYPTION,file_type=exe
78ffecf887f745fbb0bf9a1fff8b5ad288c7fa0d86989edfa928a40da12e9a33,78ffecf887f745fbb0bf9a1fff8b5ad288c7fa0d86989edfa928a40da12e9a33,Akira,malwarebazaar,ransomware,2026-08-04 07:31:34 UTC,analyzed,667,TRUE_ENCRYPTION,file_type=exe
f1b02c1a8b83d1c3be8009577b0c95e71f99b87a1491023357e4ecb9109b2e26,f1b02c1a8b83d1c3be8009577b0c95e71f99b87a1491023357e4ecb9109b2e26,Akira,malwarebazaar,ransomware,2026-08-04 07:31:37 UTC,analyzed,672,TRUE_ENCRYPTION,file_type=exe
00fd368983e0825b36e03a014e1bd5f622fb880bf17082f89785b829fe2d0d80,00fd368983e0825b36e03a014e1bd5f622fb880bf17082f89785b829fe2d0d80,Akira,malwarebazaar,ransomware,2026-08-04 07:31:40 UTC,analyzed,677,FAILED,file_type=exe
a3410e5e4003361ccd1f4417ab7b36e1faed98abd248f85a21f4f74007c8ba0e,a3410e5e4003361ccd1f4417ab7b36e1faed98abd248f85a21f4f74007c8ba0e,Akira,malwarebazaar,ransomware,2026-08-04 07:31:44 UTC,analyzed,682,TRUE_ENCRYPTION,file_type=exe
10157499f507352e37a313393c24d5024123c5a4d557fc509094bad4652ddc86,Old2.exe,Mimic,malwarebazaar,ransomware,2026-08-04 07:31:50 UTC,analyzed,180,NO_VICTIM_ACTIVITY,file_type=exe
0ff90e51f04083e8bb34bb7a414a9b28a5e0264e152ac086e64b548e5a771956,old.exe,Mimic,malwarebazaar,ransomware,2026-08-04 07:31:55 UTC,analyzed,221,NO_VICTIM_ACTIVITY,file_type=exe
714d9a3237e9275cc0bea621859f8b231ef5cda07d06a47ec55e4923c5b93431,714d9a3237e9275cc0bea621859f8b231ef5cda07d06a47ec55e4923c5b93431,Akira,malwarebazaar,ransomware,2026-08-04 07:32:02 UTC,analyzed,687,TRUE_ENCRYPTION,file_type=exe
5de0c6446c89362e5e65a0d97f038a114d14876b983d7d6381f354dc7f91440c,5de0c6446c89362e5e65a0d97f038a114d14876b983d7d6381f354dc7f91440c,Akira,malwarebazaar,ransomware,2026-08-04 07:32:05 UTC,analyzed,692,TRUE_ENCRYPTION,file_type=exe
84a815dc2911e4585d3c969bf240c13825560f3bcb389d77cb52e0d7fca044df,84a815dc2911e4585d3c969bf240c13825560f3bcb389d77cb52e0d7fca044df,Akira,malwarebazaar,ransomware,2026-08-04 07:32:09 UTC,analyzed,697,TRUE_ENCRYPTION,file_type=exe
2a345c05cade5c2d0783e79a4632c858331270d3ff27f6f60472b3245884c5b5,2a345c05cade5c2d0783e79a4632c858331270d3ff27f6f60472b3245884c5b5,Akira,malwarebazaar,ransomware,2026-08-04 07:32:12 UTC,analyzed,702,TRUE_ENCRYPTION,file_type=exe
745142a857f0b03a12b54d34e46ff6a00ba0b304af5c3d61cb7d8f4d9c7810ad,745142a857f0b03a12b54d34e46ff6a00ba0b304af5c3d61cb7d8f4d9c7810ad,Akira,malwarebazaar,ransomware,2026-08-04 07:32:16 UTC,analyzed,707,TRUE_ENCRYPTION,file_type=exe
c974d8c6a1ce2eb12f0eca40e8782dea046d707f04ad65aae98af3c1b4ca6ce6,c974d8c6a1ce2eb12f0eca40e8782dea046d707f04ad65aae98af3c1b4ca6ce6,Akira,malwarebazaar,ransomware,2026-08-04 07:32:22 UTC,analyzed,711,TRUE_ENCRYPTION,file_type=exe
dd6ff9119440ce8f91c15946c52faf7fb62494cb5fd9b1736bd03b8f55f15118,dd6ff9119440ce8f91c15946c52faf7fb62494cb5fd9b1736bd03b8f55f15118,Akira,malwarebazaar,ransomware,2026-08-04 07:32:29 UTC,analyzed,715,FAILED,file_type=exe
149a736ef944f0bd8510cda9d1347fd6026230e040526382fdd9856a28d0a589,149a736ef944f0bd8510cda9d1347fd6026230e040526382fdd9856a28d0a589,Akira,malwarebazaar,ransomware,2026-08-04 07:32:34 UTC,analyzed,719,FAILED,file_type=exe
339c41d27e2bf615ead99fb205aa60c9cbb034154e4ae78c1fedf592ed8cfea7,339c41d27e2bf615ead99fb205aa60c9cbb034154e4ae78c1fedf592ed8cfea7,Akira,malwarebazaar,ransomware,2026-08-04 07:32:40 UTC,analyzed,723,FAILED,file_type=exe
71b2f16e2dd93eec47e0c0d0c1b51a0bda61fe73190019f497932bea635437ac,71b2f16e2dd93eec47e0c0d0c1b51a0bda61fe73190019f497932bea635437ac,Akira,malwarebazaar,ransomware,2026-08-04 07:32:47 UTC,analyzed,727,FAILED,file_type=exe
868b634bddaa6ee0ddb2af98ec0c82747cd5ed607fc867b563ca773603583c02,868b634bddaa6ee0ddb2af98ec0c82747cd5ed607fc867b563ca773603583c02,Akira,malwarebazaar,ransomware,2026-08-04 07:32:53 UTC,analyzed,731,NO_VICTIM_ACTIVITY,file_type=exe
efbb8a4b6d879fb0d28f6b480436010fe91ab2b4ecf416640ef54650c2fdfc60,efbb8a4b6d879fb0d28f6b480436010fe91ab2b4ecf416640ef54650c2fdfc60,Akira,malwarebazaar,ransomware,2026-08-04 07:33:00 UTC,analyzed,735,NO_VICTIM_ACTIVITY,file_type=exe
0ab9e88f2135f7fbd439435f0ff4da887bbfb1cae67ccc8209aac22e75e3486f,0ab9e88f2135f7fbd439435f0ff4da887bbfb1cae67ccc8209aac22e75e3486f,Akira,malwarebazaar,ransomware,2026-08-04 07:33:03 UTC,analyzed,739,NO_VICTIM_ACTIVITY,file_type=exe
45bd312829efc1028cdf0777871ddd69dd4ef18b2ee2b1f08a94b71d8a667626,45bd312829efc1028cdf0777871ddd69dd4ef18b2ee2b1f08a94b71d8a667626,Akira,malwarebazaar,ransomware,2026-08-04 07:33:07 UTC,analyzed,743,TRUE_ENCRYPTION,file_type=exe
2c66c43a2c2cad9349a519d262bb50ce97ec09ad5543db4cba4ef59bbac1a5fc,2c66c43a2c2cad9349a519d262bb50ce97ec09ad5543db4cba4ef59bbac1a5fc,Akira,malwarebazaar,ransomware,2026-08-04 07:33:10 UTC,analyzed,747,TRUE_ENCRYPTION,file_type=exe
51f81938d16384ea7c86f92515bc4a1714791b628e008b61ff974d684a63603f,51f81938d16384ea7c86f92515bc4a1714791b628e008b61ff974d684a63603f,Akira,malwarebazaar,ransomware,2026-08-04 07:33:14 UTC,analyzed,751,TRUE_ENCRYPTION,file_type=exe
d5a4c1464dc07be363fabcd46840557f2aaf9cde5de5029a709f4fa8f8e2aa11,d5a4c1464dc07be363fabcd46840557f2aaf9cde5de5029a709f4fa8f8e2aa11,Neshta,malwarebazaar,ransomware,2026-08-04 07:33:18 UTC,analyzed,305,TRUE_ENCRYPTION,file_type=exe
76f13279f2ea05c8895394f57b71716847857d2beac269272375ce8a71c80e40,76f13279f2ea05c8895394f57b71716847857d2beac269272375ce8a71c80e40,Gunra,malwarebazaar,ransomware,2026-08-04 07:33:22 UTC,analyzed,172,FAILED,file_type=exe
944a1a411abb97f9ae547099c4834beb49de0745740ba450efb747bd62d8d83b,944a1a411abb97f9ae547099c4834beb49de0745740ba450efb747bd62d8d83b,Gunra,malwarebazaar,ransomware,2026-08-04 07:33:25 UTC,analyzed,215,FAILED,file_type=exe
5530363373dfe8fa474c9394184d2c56a0682c6a178d6f1c3536a1a3796dff42,5530363373dfe8fa474c9394184d2c56a0682c6a178d6f1c3536a1a3796dff42,Gunra,malwarebazaar,ransomware,2026-08-04 07:33:29 UTC,analyzed,250,FAILED,file_type=exe
a0570660e7e0a9f97c0b7f5928ec4b2ca4332054a34eb4432d0b986b326cb81a,MainTree.exe,Nitro,malwarebazaar,ransomware,2026-08-04 07:33:31 UTC,analyzed,127,TRUE_ENCRYPTION,file_type=exe
4c130dfce360a886073880a8d77aedc11684baaf368da7841b1af19080c73190,4c130dfce360a886073880a8d77aedc11684baaf368da7841b1af19080c73190,Akira,malwarebazaar,ransomware,2026-08-04 07:33:35 UTC,analyzed,755,TRUE_ENCRYPTION,file_type=exe
32caaeb1487f1370b282d459630ba852691a3b2e2d93a318494c36781d5dee4a,32caaeb1487f1370b282d459630ba852691a3b2e2d93a318494c36781d5dee4a,Akira,malwarebazaar,ransomware,2026-08-04 07:33:41 UTC,analyzed,759,NO_VICTIM_ACTIVITY,file_type=exe
124851e0082f9d38942824a0a349c8391fa2d1717eacffbd58e48ac6673d680f,124851e0082f9d38942824a0a349c8391fa2d1717eacffbd58e48ac6673d680f,Akira,malwarebazaar,ransomware,2026-08-04 07:33:47 UTC,analyzed,763,NO_VICTIM_ACTIVITY,file_type=exe
a3dd850d5c543003baaa5422ef084adff7e3b1691a11eed8c91235ba12be13bc,a3dd850d5c543003baaa5422ef084adff7e3b1691a11eed8c91235ba12be13bc,Akira,malwarebazaar,ransomware,2026-08-04 07:33:49 UTC,analyzed,767,TRUE_ENCRYPTION,file_type=exe
c28d6cbbaa08f1522fd7b89d2f0cfe831604895b49a0abb44db110057b8cb4e8,c28d6cbbaa08f1522fd7b89d2f0cfe831604895b49a0abb44db110057b8cb4e8,Nitrogen,malwarebazaar,ransomware,2026-08-04 07:33:53 UTC,analyzed,283,TRUE_ENCRYPTION,file_type=exe
1f8d8b9ec669ff3112e091db6fa2b163fc53aa9f8ddb03bd3042c017d1397a28,1f8d8b9ec669ff3112e091db6fa2b163fc53aa9f8ddb03bd3042c017d1397a28,Neshta,malwarebazaar,ransomware,2026-08-04 07:33:57 UTC,analyzed,326,TRUE_ENCRYPTION,file_type=exe
68fe419e4826b697016a1318f6689492cc0274531c4b82fed32dbc542b15a867,68fe419e4826b697016a1318f6689492cc0274531c4b82fed32dbc542b15a867,Akira,malwarebazaar,ransomware,2026-08-04 07:34:00 UTC,analyzed,771,TRUE_ENCRYPTION,file_type=exe
34c843387845479329052ec7a71f6445c7530b6fee2eabb458da2338d1af41e4,34c843387845479329052ec7a71f6445c7530b6fee2eabb458da2338d1af41e4,Akira,malwarebazaar,ransomware,2026-08-04 07:34:04 UTC,analyzed,775,TRUE_ENCRYPTION,file_type=exe
5c6cce76a28898a242265b4eb3a3b14558dfb9a67319cfe0ac0bd175addb5b9a,5c6cce76a28898a242265b4eb3a3b14558dfb9a67319cfe0ac0bd175addb5b9a,Akira,malwarebazaar,ransomware,2026-08-04 07:34:08 UTC,analyzed,779,TRUE_ENCRYPTION,file_type=exe
bfdb075aa514cb43b711bab06e775c081671863bc89c8e84763864e0aa35dd2c,bfdb075aa514cb43b711bab06e775c081671863bc89c8e84763864e0aa35dd2c,Akira,malwarebazaar,ransomware,2026-08-04 07:34:11 UTC,analyzed,783,TRUE_ENCRYPTION,file_type=exe
a2b8123e81638843b3de9601a9b80067d74da5f003070d906d33d09481362622,a2b8123e81638843b3de9601a9b80067d74da5f003070d906d33d09481362622,Akira,malwarebazaar,ransomware,2026-08-04 07:34:15 UTC,analyzed,787,TRUE_ENCRYPTION,file_type=exe
369336e9f7b6e5d68a34ca420ba8a2076b8c232d9fff3f52c340fa664fc6b5e2,369336e9f7b6e5d68a34ca420ba8a2076b8c232d9fff3f52c340fa664fc6b5e2,Akira,malwarebazaar,ransomware,2026-08-04 07:34:19 UTC,analyzed,791,TRUE_ENCRYPTION,file_type=exe
7142bff8d40f56b9e2e8eaf2d626d54ef6533e6d2f29242ecc90c98aef1a6955,7142bff8d40f56b9e2e8eaf2d626d54ef6533e6d2f29242ecc90c98aef1a6955,Akira,malwarebazaar,ransomware,2026-08-04 07:34:22 UTC,analyzed,795,TRUE_ENCRYPTION,file_type=exe
3d6c1fdfc04383ddb9a9028fa7181b017978a0d4f910fdfcb3905ed6b4f33418,3d6c1fdfc04383ddb9a9028fa7181b017978a0d4f910fdfcb3905ed6b4f33418,Akira,malwarebazaar,ransomware,2026-08-04 07:34:26 UTC,analyzed,798,TRUE_ENCRYPTION,file_type=exe
337d21f964091417f22f35aee35e31d94fc3f35179c36c0304eef6e4ae983292,337d21f964091417f22f35aee35e31d94fc3f35179c36c0304eef6e4ae983292,Akira,malwarebazaar,ransomware,2026-08-04 07:34:28 UTC,analyzed,802,TRUE_ENCRYPTION,file_type=exe
4630a1a0312f5a6531d429dcd90214207666e8ca5cd45f945bf05eee9a2a41d4,4630a1a0312f5a6531d429dcd90214207666e8ca5cd45f945bf05eee9a2a41d4,Arcusmedia,malwarebazaar,ransomware,2026-08-04 07:34:32 UTC,analyzed,84,TRUE_ENCRYPTION,file_type=exe
bd925297784089ce7ff2b548a6a8eaf1c8207ba05dc3192facbb54128dbaed2c,bd925297784089ce7ff2b548a6a8eaf1c8207ba05dc3192facbb54128dbaed2c,Arcusmedia,malwarebazaar,ransomware,2026-08-04 07:34:36 UTC,analyzed,159,TRUE_ENCRYPTION,file_type=exe
954d8fcd6b74d76999f9ec033ca855ffdab6595be23039f03bc4c6017fa3932c,Chaos.exe,Chaos,malwarebazaar,ransomware,2026-08-04 07:34:39 UTC,analyzed,357,NO_VICTIM_ACTIVITY,file_type=exe
55e69954973f40718e6462573576a39158eba9865816aba4e4d6ff22fac80d2f,main.exe,,malwarebazaar,ransomware,2026-08-04 07:34:44 UTC,analyzed,813,FAILED,file_type=exe
3032b026ebd192e9cd58bb98f963db4abce0ca9f6f245de1c0926ae5cb980bea,32bit.exe,,malwarebazaar,ransomware,2026-08-04 07:34:47 UTC,analyzed,817,FAILED,file_type=exe
5926b866a03eeb02257933c50ef6f2f73db4691c2b1d550f40391b036010916f,64bit.exe,,malwarebazaar,ransomware,2026-08-04 07:34:50 UTC,analyzed,820,FAILED,file_type=exe
a82e496b7b5279cb6b93393ec167dd3f50aff1557366784b25f9e51cb23689d9,a82e496b7b5279cb6b93393ec167dd3f50aff1557366784b25f9e51cb23689d9,Gunra,malwarebazaar,ransomware,2026-08-04 07:34:54 UTC,analyzed,278,TRUE_ENCRYPTION,file_type=exe
c7153bdffa0a2de5771193dedd0e4985d08d9497e1b6f97d9beb6a3e54ae48b9,c7153bdffa0a2de5771193dedd0e4985d08d9497e1b6f97d9beb6a3e54ae48b9,JLocker,malwarebazaar,ransomware,2026-08-04 07:34:58 UTC,analyzed,113,FAILED,file_type=exe
c9fd60a7a3974913a39a4dcdad4b4ccaeb93b614741af2eb7ee0d892130689d8,c9fd60a7a3974913a39a4dcdad4b4ccaeb93b614741af2eb7ee0d892130689d8,Neshta,malwarebazaar,ransomware,2026-08-04 07:35:02 UTC,analyzed,345,WEAK_VICTIM_ACTIVITY,file_type=exe
d7b4e115c2ab48cbdaaad4d1675b6e3f70fe5aa13316e7c85605758c7de75208,d7b4e115c2ab48cbdaaad4d1675b6e3f70fe5aa13316e7c85605758c7de75208,JLocker,malwarebazaar,ransomware,2026-08-04 07:35:06 UTC,analyzed,177,FAILED,file_type=exe
e98182d44dc7ec4a154021757da3132769db318cf9d78f15fc06c92682f8a253,installer.exe,Xorist,malwarebazaar,ransomware,2026-08-04 07:35:08 UTC,analyzed,198,TRUE_ENCRYPTION,file_type=exe
77ebb550f38da3f28a65940a4c665ae3a679249ad906aa39387568a1f7ddd3fa,7PVB424.exe,BlackMatter,malwarebazaar,ransomware,2026-08-04 07:35:12 UTC,analyzed,355,TRUE_ENCRYPTION,file_type=exe
bf1c0e2ca07484fafc27ac89aabbcb7b8ddfbc271fd8e6f11da9886e1713615d,CCC13111.exe,BlackMatter,malwarebazaar,ransomware,2026-08-04 07:35:15 UTC,analyzed,372,TRUE_ENCRYPTION,file_type=exe
89e0b349ffce6895b098992dde220fb813dfea443d6cb36e812c6bcfad423b1a,89e0b349ffce6895b098992dde220fb813dfea443d6cb36e812c6bcfad423b1a,RAWorld,malwarebazaar,ransomware,2026-08-04 07:35:19 UTC,analyzed,136,TRUE_ENCRYPTION,file_type=exe
8e4f9e4c2bb563c918fbe13595de9a32b307e2ce9f1f48c06b168dbbb75b5e89,8e4f9e4c2bb563c918fbe13595de9a32b307e2ce9f1f48c06b168dbbb75b5e89,RAWorld,malwarebazaar,ransomware,2026-08-04 07:35:23 UTC,analyzed,188,TRUE_ENCRYPTION,file_type=exe
9479a5dc61284ccc3f063ebb38da9f63400d8b25d8bca8d04b1832f02fac24de,9479a5dc61284ccc3f063ebb38da9f63400d8b25d8bca8d04b1832f02fac24de,RAWorld,malwarebazaar,ransomware,2026-08-04 07:35:25 UTC,analyzed,228,TRUE_ENCRYPTION,file_type=exe
9a56a47e13dbe418f801d9c5f344d56722eb6ad20a068a63674cdd12683b547f,9a56a47e13dbe418f801d9c5f344d56722eb6ad20a068a63674cdd12683b547f,RAWorld,malwarebazaar,ransomware,2026-08-04 07:35:29 UTC,analyzed,258,TRUE_ENCRYPTION,file_type=exe
a13ff5087063e8824fe9ddb4cf8cbf90cf6a17e6ac4ae02a3a6fb73f23128ba6,a13ff5087063e8824fe9ddb4cf8cbf90cf6a17e6ac4ae02a3a6fb73f23128ba6,RAWorld,malwarebazaar,ransomware,2026-08-04 07:35:32 UTC,analyzed,285,TRUE_ENCRYPTION,file_type=exe
a272ee1f73060773959a897d67e565f19c726eab0e20bbf2f78203f61def72c6,a272ee1f73060773959a897d67e565f19c726eab0e20bbf2f78203f61def72c6,RAWorld,malwarebazaar,ransomware,2026-08-04 07:35:37 UTC,analyzed,308,TRUE_ENCRYPTION,file_type=exe
3c3088afd47537d8504fc27f2bd4a6595a000c504c8725d38cb86d3db8140ca2,3c3088afd47537d8504fc27f2bd4a6595a000c504c8725d38cb86d3db8140ca2,RAWorld,malwarebazaar,ransomware,2026-08-04 07:35:40 UTC,analyzed,329,TRUE_ENCRYPTION,file_type=exe
3e3c7d3f5f93d7bf260aca7612b4dbc5d0e90992841f7e6826d7fb7fa3abe044,3e3c7d3f5f93d7bf260aca7612b4dbc5d0e90992841f7e6826d7fb7fa3abe044,RAWorld,malwarebazaar,ransomware,2026-08-04 07:35:43 UTC,analyzed,348,TRUE_ENCRYPTION,file_type=exe
3e5ca77f299d56fad7ebca8259eecd6f47efce6265e8ed621e7b7081f9230cdc,3e5ca77f299d56fad7ebca8259eecd6f47efce6265e8ed621e7b7081f9230cdc,RAWorld,malwarebazaar,ransomware,2026-08-04 07:35:46 UTC,analyzed,365,TRUE_ENCRYPTION,file_type=exe
3f6a4fcb128b0902fc67c2ac1903e3aaca121c1dcfa966653f721285f1179bb7,3f6a4fcb128b0902fc67c2ac1903e3aaca121c1dcfa966653f721285f1179bb7,RAWorld,malwarebazaar,ransomware,2026-08-04 07:35:49 UTC,analyzed,382,TRUE_ENCRYPTION,file_type=exe
3f9e050d060f2d89dfb871b83821ee1043407c047ea1dbb14262a1618a87e530,3f9e050d060f2d89dfb871b83821ee1043407c047ea1dbb14262a1618a87e530,RAWorld,malwarebazaar,ransomware,2026-08-04 07:35:52 UTC,analyzed,397,TRUE_ENCRYPTION,file_type=exe
4013e314cfd935fc5cbc21c5e94bb557ce256014db2c625719428f262da47ffe,4013e314cfd935fc5cbc21c5e94bb557ce256014db2c625719428f262da47ffe,RAWorld,malwarebazaar,ransomware,2026-08-04 07:35:55 UTC,analyzed,412,TRUE_ENCRYPTION,file_type=exe
40778b070a715f834b207502b3f68149a79c2e0e1768e52cd5d229ddac465093,40778b070a715f834b207502b3f68149a79c2e0e1768e52cd5d229ddac465093,RAWorld,malwarebazaar,ransomware,2026-08-04 07:35:59 UTC,analyzed,427,TRUE_ENCRYPTION,file_type=exe
429be4db8de74cfa0bcd67c8ed483e3f7850fbd3ebb38d51a73e983a93a01978,429be4db8de74cfa0bcd67c8ed483e3f7850fbd3ebb38d51a73e983a93a01978,RAWorld,malwarebazaar,ransomware,2026-08-04 07:36:02 UTC,analyzed,440,TRUE_ENCRYPTION,file_type=exe
4bb997d7f0f3ff1b402bd364782af6ca764e79705fbb6de3398b3a1c88cdcfee,4bb997d7f0f3ff1b402bd364782af6ca764e79705fbb6de3398b3a1c88cdcfee,RAWorld,malwarebazaar,ransomware,2026-08-04 07:36:05 UTC,analyzed,452,TRUE_ENCRYPTION,file_type=exe
4bc3171fe1554b692841f7ba5104d41956fa868c4c20bcce4c1b4fd942fb2082,4bc3171fe1554b692841f7ba5104d41956fa868c4c20bcce4c1b4fd942fb2082,RAWorld,malwarebazaar,ransomware,2026-08-04 07:36:08 UTC,analyzed,463,TRUE_ENCRYPTION,file_type=exe
4bd1b23b5554f039306b7a36094daae65bb8ab2a92a930ad00938d5b94ad0144,4bd1b23b5554f039306b7a36094daae65bb8ab2a92a930ad00938d5b94ad0144,RAWorld,malwarebazaar,ransomware,2026-08-04 07:36:11 UTC,analyzed,473,TRUE_ENCRYPTION,file_type=exe
4c0d9c8d1b4b7d4ffe14f7bbeefe43e938e6a9db9f8c3534f060aebabfa10692,4c0d9c8d1b4b7d4ffe14f7bbeefe43e938e6a9db9f8c3534f060aebabfa10692,RAWorld,malwarebazaar,ransomware,2026-08-04 07:36:14 UTC,analyzed,483,TRUE_ENCRYPTION,file_type=exe
4c2284adbb5851e27c57d50dc46d217c718c97575bca68bbd8679b31e8cbcffd,4c2284adbb5851e27c57d50dc46d217c718c97575bca68bbd8679b31e8cbcffd,RAWorld,malwarebazaar,ransomware,2026-08-04 07:36:17 UTC,analyzed,492,TRUE_ENCRYPTION,file_type=exe
4de64b80ff54661d8aa17cd3c8d23e170c37da5386df9ab850290713617dc277,4de64b80ff54661d8aa17cd3c8d23e170c37da5386df9ab850290713617dc277,RAWorld,malwarebazaar,ransomware,2026-08-04 07:36:20 UTC,analyzed,501,TRUE_ENCRYPTION,file_type=exe
4edc467b3a705e317949e72eb2f76f6fd4c871a0d2d294b5ece41b0e7360aaea,4edc467b3a705e317949e72eb2f76f6fd4c871a0d2d294b5ece41b0e7360aaea,RAWorld,malwarebazaar,ransomware,2026-08-04 07:36:24 UTC,analyzed,509,TRUE_ENCRYPTION,file_type=exe
4fb2dc61d4e881deb81b98fb38e3495e103f4d24e62ebb6a52690bb59bda666a,4fb2dc61d4e881deb81b98fb38e3495e103f4d24e62ebb6a52690bb59bda666a,RAWorld,malwarebazaar,ransomware,2026-08-04 07:36:27 UTC,analyzed,517,TRUE_ENCRYPTION,file_type=exe
4fd5e4ac8016e20d499fe1bc7e7323d397529828647ab15c7b218dbbe78a4b4e,4fd5e4ac8016e20d499fe1bc7e7323d397529828647ab15c7b218dbbe78a4b4e,RAWorld,malwarebazaar,ransomware,2026-08-04 07:36:30 UTC,analyzed,524,TRUE_ENCRYPTION,file_type=exe
513abf0da6ab016dfa333c863dff0e7c1ee86601884abef87f09de0805af1594,513abf0da6ab016dfa333c863dff0e7c1ee86601884abef87f09de0805af1594,RAWorld,malwarebazaar,ransomware,2026-08-04 07:36:33 UTC,analyzed,531,TRUE_ENCRYPTION,file_type=exe
5161b4be5a8ed4a9fc0e551fc370447f68b331f605bd8e4317770b1228006023,5161b4be5a8ed4a9fc0e551fc370447f68b331f605bd8e4317770b1228006023,RAWorld,malwarebazaar,ransomware,2026-08-04 07:36:36 UTC,analyzed,538,TRUE_ENCRYPTION,file_type=exe
51da3acc6c7089bd0f1df9d9902e183db0d1342552404c3c1b898b168399b0bc,51da3acc6c7089bd0f1df9d9902e183db0d1342552404c3c1b898b168399b0bc,RAWorld,malwarebazaar,ransomware,2026-08-04 07:36:39 UTC,analyzed,544,TRUE_ENCRYPTION,file_type=exe
dc2c62c6973e955dd4bca88f80802d264320e4a00fe3740ebf31367cdc3ea74b,dc2c62c6973e955dd4bca88f80802d264320e4a00fe3740ebf31367cdc3ea74b,RAWorld,malwarebazaar,ransomware,2026-08-04 07:36:42 UTC,analyzed,550,TRUE_ENCRYPTION,file_type=exe
dc4a6c00113847cf722a40e412ba5dc01c5d6fce285d473f471c6c1917c51027,dc4a6c00113847cf722a40e412ba5dc01c5d6fce285d473f471c6c1917c51027,RAWorld,malwarebazaar,ransomware,2026-08-04 07:36:45 UTC,analyzed,556,TRUE_ENCRYPTION,file_type=exe
e5b4e81b4a343ccac0cc4ffffe00505376c6344e4deef0bf9f47797aa88a77df,e5b4e81b4a343ccac0cc4ffffe00505376c6344e4deef0bf9f47797aa88a77df,RAWorld,malwarebazaar,ransomware,2026-08-04 07:36:48 UTC,analyzed,562,TRUE_ENCRYPTION,file_type=exe
e750204649232c03bb2b093916a3f98b79b65118d69a808f920c8515a3ec47e7,e750204649232c03bb2b093916a3f98b79b65118d69a808f920c8515a3ec47e7,RAWorld,malwarebazaar,ransomware,2026-08-04 07:36:51 UTC,analyzed,568,TRUE_ENCRYPTION,file_type=exe
e7c7544749f15087c9da62ddd6673ee4de7ade0b855d33c32b2b700a8a29a4a2,e7c7544749f15087c9da62ddd6673ee4de7ade0b855d33c32b2b700a8a29a4a2,RAWorld,malwarebazaar,ransomware,2026-08-04 07:36:54 UTC,analyzed,574,TRUE_ENCRYPTION,file_type=exe
e8b5eebb78b19288a768f95ee536411e5851e501690df7d088f0989848b8c540,e8b5eebb78b19288a768f95ee536411e5851e501690df7d088f0989848b8c540,RAWorld,malwarebazaar,ransomware,2026-08-04 07:36:57 UTC,analyzed,580,TRUE_ENCRYPTION,file_type=exe
eac5860c5ab21c42795c68268aebd7a1f6ad6e85b1067f2a0b1ae990949514b2,eac5860c5ab21c42795c68268aebd7a1f6ad6e85b1067f2a0b1ae990949514b2,RAWorld,malwarebazaar,ransomware,2026-08-04 07:37:00 UTC,analyzed,586,TRUE_ENCRYPTION,file_type=exe
eaf8b0fa53d98296c308d05f54fca99877849be352f245fcdc397199010b0829,eaf8b0fa53d98296c308d05f54fca99877849be352f245fcdc397199010b0829,RAWorld,malwarebazaar,ransomware,2026-08-04 07:37:03 UTC,analyzed,592,TRUE_ENCRYPTION,file_type=exe
35869c0b190a34b9978856dabf6ae6f30b191581fed33c6b525321d6854b2ee8,35869c0b190a34b9978856dabf6ae6f30b191581fed33c6b525321d6854b2ee8,RAWorld,malwarebazaar,ransomware,2026-08-04 07:37:06 UTC,analyzed,598,TRUE_ENCRYPTION,file_type=exe
35ec04f4ae6a7cf8f62c17c698f2377b8855e41cd9cf81fdb3bfb6fab3fcd5d1,35ec04f4ae6a7cf8f62c17c698f2377b8855e41cd9cf81fdb3bfb6fab3fcd5d1,RAWorld,malwarebazaar,ransomware,2026-08-04 07:37:09 UTC,analyzed,604,TRUE_ENCRYPTION,file_type=exe
3684e19cb97cf737ad719c56f62266fb72cb5170918dbbfddf2e141d23c92bf2,3684e19cb97cf737ad719c56f62266fb72cb5170918dbbfddf2e141d23c92bf2,RAWorld,malwarebazaar,ransomware,2026-08-04 07:37:12 UTC,analyzed,610,TRUE_ENCRYPTION,file_type=exe
36ce5b2c97892f86fd0e66d9dd6c4fbd4a46e7f91ea55cc1f51dee3a03417a3a,36ce5b2c97892f86fd0e66d9dd6c4fbd4a46e7f91ea55cc1f51dee3a03417a3a,RAWorld,malwarebazaar,ransomware,2026-08-04 07:37:15 UTC,analyzed,616,TRUE_ENCRYPTION,file_type=exe
37262a3bd85577f6f688659b451d9124e52248a42a69644ad5696c0006f5abcc,37262a3bd85577f6f688659b451d9124e52248a42a69644ad5696c0006f5abcc,RAWorld,malwarebazaar,ransomware,2026-08-04 07:37:18 UTC,analyzed,622,TRUE_ENCRYPTION,file_type=exe
3768a188e961c574792e578b86ad7616e726714aaff1e61ee61bf0767857b626,3768a188e961c574792e578b86ad7616e726714aaff1e61ee61bf0767857b626,RAWorld,malwarebazaar,ransomware,2026-08-04 07:37:21 UTC,analyzed,628,TRUE_ENCRYPTION,file_type=exe
37dcff64f4173e57fcb53ba5bf52558ed212389c2ee8a4e2c9807f48c3126ff3,37dcff64f4173e57fcb53ba5bf52558ed212389c2ee8a4e2c9807f48c3126ff3,RAWorld,malwarebazaar,ransomware,2026-08-04 07:37:24 UTC,analyzed,634,TRUE_ENCRYPTION,file_type=exe
38263d5d34ed82028ea2f415d89191b3ee41e07f95227c16b0508aff996a3111,38263d5d34ed82028ea2f415d89191b3ee41e07f95227c16b0508aff996a3111,RAWorld,malwarebazaar,ransomware,2026-08-04 07:37:27 UTC,analyzed,640,TRUE_ENCRYPTION,file_type=exe
3988d8344dc340563564d9548a1add9edf9972ce9396b9f77515b6699389a8ec,3988d8344dc340563564d9548a1add9edf9972ce9396b9f77515b6699389a8ec,RAWorld,malwarebazaar,ransomware,2026-08-04 07:37:30 UTC,analyzed,646,TRUE_ENCRYPTION,file_type=exe
39ca9dd6286713a76af0898244746828597ff8ae867e907576ab4c0442b1401d,39ca9dd6286713a76af0898244746828597ff8ae867e907576ab4c0442b1401d,RAWorld,malwarebazaar,ransomware,2026-08-04 07:37:34 UTC,analyzed,652,TRUE_ENCRYPTION,file_type=exe
3b334eac956c7ee16ad0177a1f34292fd015773e4e17e5be86f2eed43c1522e9,3b334eac956c7ee16ad0177a1f34292fd015773e4e17e5be86f2eed43c1522e9,RAWorld,malwarebazaar,ransomware,2026-08-04 07:37:37 UTC,analyzed,658,TRUE_ENCRYPTION,file_type=exe
3ba4becd2055f8eaf571be4fb7f01af27f2872737918666ca7ed3bf18978b825,3ba4becd2055f8eaf571be4fb7f01af27f2872737918666ca7ed3bf18978b825,RAWorld,malwarebazaar,ransomware,2026-08-04 07:37:40 UTC,analyzed,664,TRUE_ENCRYPTION,file_type=exe
06873dcd2edafcffe3daede3c6fe20ae461f50d46e808494eef17b7d2d0785e2,06873dcd2edafcffe3daede3c6fe20ae461f50d46e808494eef17b7d2d0785e2,RAWorld,malwarebazaar,ransomware,2026-08-04 07:37:42 UTC,analyzed,669,TRUE_ENCRYPTION,file_type=exe
06cac5834189eea0c42c6aed0acf3d9246798c80210af43714aec8244c25b212,06cac5834189eea0c42c6aed0acf3d9246798c80210af43714aec8244c25b212,RAWorld,malwarebazaar,ransomware,2026-08-04 07:37:46 UTC,analyzed,674,TRUE_ENCRYPTION,file_type=exe
06cf663fa6a023cda386f3f2530b2d950c6baf6c1431382d91ed3aa65c59fede,06cf663fa6a023cda386f3f2530b2d950c6baf6c1431382d91ed3aa65c59fede,RAWorld,malwarebazaar,ransomware,2026-08-04 07:37:48 UTC,analyzed,679,TRUE_ENCRYPTION,file_type=exe
07608050c4cb42fb604d98bde59b93f727af673a6304047c2f4123a9a36af5c5,07608050c4cb42fb604d98bde59b93f727af673a6304047c2f4123a9a36af5c5,RAWorld,malwarebazaar,ransomware,2026-08-04 07:37:51 UTC,analyzed,684,TRUE_ENCRYPTION,file_type=exe
07f005db8136e4339295027b076b00b9e785ec1c21cba47b1d0f3b2a70394af8,07f005db8136e4339295027b076b00b9e785ec1c21cba47b1d0f3b2a70394af8,RAWorld,malwarebazaar,ransomware,2026-08-04 07:37:55 UTC,analyzed,689,TRUE_ENCRYPTION,file_type=exe
089abc7af921ee042acc19cd2f52bf40705af2aeaa336084bdcd1fd5edcd23a2,089abc7af921ee042acc19cd2f52bf40705af2aeaa336084bdcd1fd5edcd23a2,RAWorld,malwarebazaar,ransomware,2026-08-04 07:37:58 UTC,analyzed,694,TRUE_ENCRYPTION,file_type=exe
09260431c796a1221273a8d454696ef3afd32af72cd1157f491943efbc6afdc9,09260431c796a1221273a8d454696ef3afd32af72cd1157f491943efbc6afdc9,RAWorld,malwarebazaar,ransomware,2026-08-04 07:38:01 UTC,analyzed,699,TRUE_ENCRYPTION,file_type=exe
097643488f2b6bf865077ca1f6ec44cb8445f495f420e84091dfb52a7161b344,097643488f2b6bf865077ca1f6ec44cb8445f495f420e84091dfb52a7161b344,RAWorld,malwarebazaar,ransomware,2026-08-04 07:38:04 UTC,analyzed,704,TRUE_ENCRYPTION,file_type=exe
bd72df49050bb2b1e400789c58b280b0f5b81cdfa955f7a29f845bc91fb7af0d,bd72df49050bb2b1e400789c58b280b0f5b81cdfa955f7a29f845bc91fb7af0d,RAWorld,malwarebazaar,ransomware,2026-08-04 07:38:07 UTC,analyzed,708,TRUE_ENCRYPTION,file_type=exe
bd9dafe77742be382e24516b5df04455be835b88c6eee8193f7f893b58ad844a,bd9dafe77742be382e24516b5df04455be835b88c6eee8193f7f893b58ad844a,RAWorld,malwarebazaar,ransomware,2026-08-04 07:38:10 UTC,analyzed,712,TRUE_ENCRYPTION,file_type=exe
c10971363a377112239bf6a784c4f0b363c2581a660b68a36a4b9a37c7d6b038,c10971363a377112239bf6a784c4f0b363c2581a660b68a36a4b9a37c7d6b038,RAWorld,malwarebazaar,ransomware,2026-08-04 07:38:13 UTC,analyzed,716,TRUE_ENCRYPTION,file_type=exe
c10a89fbf0a360fabf69bdd95ee20eb0884abbcabb9617c2407fd1d1dd051576,c10a89fbf0a360fabf69bdd95ee20eb0884abbcabb9617c2407fd1d1dd051576,RAWorld,malwarebazaar,ransomware,2026-08-04 07:38:16 UTC,analyzed,720,TRUE_ENCRYPTION,file_type=exe
c1a1809621329fce9021f0b891e4594a702184daef71bc19adf438389ebaec25,c1a1809621329fce9021f0b891e4594a702184daef71bc19adf438389ebaec25,RAWorld,malwarebazaar,ransomware,2026-08-04 07:38:19 UTC,analyzed,724,TRUE_ENCRYPTION,file_type=exe
c1fb2fab3d9a469b022de236d5f21ae316686ccc4c4bfb5bfe1ec8045240404a,c1fb2fab3d9a469b022de236d5f21ae316686ccc4c4bfb5bfe1ec8045240404a,RAWorld,malwarebazaar,ransomware,2026-08-04 07:38:22 UTC,analyzed,728,TRUE_ENCRYPTION,file_type=exe
c352eb8e371d3415c4dcefc10f0356473d271de827f9b6357eca13b6905ef934,c352eb8e371d3415c4dcefc10f0356473d271de827f9b6357eca13b6905ef934,RAWorld,malwarebazaar,ransomware,2026-08-04 07:38:25 UTC,analyzed,732,TRUE_ENCRYPTION,file_type=exe
cb681d4238b70e7b65373eb58fbbb1e3127bb13b87391659a032693dffabfbc3,cb681d4238b70e7b65373eb58fbbb1e3127bb13b87391659a032693dffabfbc3,RAWorld,malwarebazaar,ransomware,2026-08-04 07:38:28 UTC,analyzed,736,TRUE_ENCRYPTION,file_type=exe
d0c8dc7791e9462b6741553a411a5bfa5f4a9ad4ffcf91c0d2fc3269940e48a2,d0c8dc7791e9462b6741553a411a5bfa5f4a9ad4ffcf91c0d2fc3269940e48a2,RAWorld,malwarebazaar,ransomware,2026-08-04 07:38:31 UTC,analyzed,740,TRUE_ENCRYPTION,file_type=exe
d311674e5e964e7a2408b0b8816b06587b2e669221f0e100d4e0d4a914c6202c,d311674e5e964e7a2408b0b8816b06587b2e669221f0e100d4e0d4a914c6202c,RAWorld,malwarebazaar,ransomware,2026-08-04 07:38:34 UTC,analyzed,744,TRUE_ENCRYPTION,file_type=exe
d76dc98bc8b7ec9a2a22a9592ae57646ce22b4b41f97e7a9044ad2b23be1cf46,d76dc98bc8b7ec9a2a22a9592ae57646ce22b4b41f97e7a9044ad2b23be1cf46,RAWorld,malwarebazaar,ransomware,2026-08-04 07:38:37 UTC,analyzed,748,TRUE_ENCRYPTION,file_type=exe
dc04cfbe4cdbceb556fc06f9d939e354c1b826a183e9ab3b82d782b15e286432,dc04cfbe4cdbceb556fc06f9d939e354c1b826a183e9ab3b82d782b15e286432,RAWorld,malwarebazaar,ransomware,2026-08-04 07:38:40 UTC,analyzed,752,TRUE_ENCRYPTION,file_type=exe
edae69e8c6cbdef85b41a5dac83b83812ef9ebffc89db11629a1ba4f6f614fe6,edae69e8c6cbdef85b41a5dac83b83812ef9ebffc89db11629a1ba4f6f614fe6,RAWorld,malwarebazaar,ransomware,2026-08-04 07:38:43 UTC,analyzed,756,TRUE_ENCRYPTION,file_type=exe
f2337af97ecfa9cc2a76211670dae12808a1c77b70ab951378d9d8f5e173aeaf,f2337af97ecfa9cc2a76211670dae12808a1c77b70ab951378d9d8f5e173aeaf,RAWorld,malwarebazaar,ransomware,2026-08-04 07:38:46 UTC,analyzed,760,TRUE_ENCRYPTION,file_type=exe
f29e24b4041c6942d0c38527ce8be9827fa86f70cbf735543800d9397b5c6b84,f29e24b4041c6942d0c38527ce8be9827fa86f70cbf735543800d9397b5c6b84,RAWorld,malwarebazaar,ransomware,2026-08-04 07:38:49 UTC,analyzed,764,TRUE_ENCRYPTION,file_type=exe
f52a9f09e5ed90df59ba3d89316d1ed22fb34ccff1c8ff5b209caf4d42deaa66,f52a9f09e5ed90df59ba3d89316d1ed22fb34ccff1c8ff5b209caf4d42deaa66,RAWorld,malwarebazaar,ransomware,2026-08-04 07:38:52 UTC,analyzed,768,NO_VICTIM_ACTIVITY,file_type=exe
f58268f085f1c9f629f006e9d4a9cc67d348c3316ce63f7158d5e560ffaf37a1,f58268f085f1c9f629f006e9d4a9cc67d348c3316ce63f7158d5e560ffaf37a1,RAWorld,malwarebazaar,ransomware,2026-08-04 07:38:55 UTC,analyzed,772,FAILED,file_type=exe
f65288e2eb38ab1516e0cff944954e991aef1c6d180b1a2b445a32ac170fb547,f65288e2eb38ab1516e0cff944954e991aef1c6d180b1a2b445a32ac170fb547,RAWorld,malwarebazaar,ransomware,2026-08-04 07:38:58 UTC,analyzed,776,TRUE_ENCRYPTION,file_type=exe
f67381503c71bffb6ce099058f8117d47f4e4c25efd7953aab14fac193b826c4,f67381503c71bffb6ce099058f8117d47f4e4c25efd7953aab14fac193b826c4,RAWorld,malwarebazaar,ransomware,2026-08-04 07:39:01 UTC,analyzed,780,TRUE_ENCRYPTION,file_type=exe
fa2574e0a86d547d971821b8e5997717d25a7764619e299ffba9cf50beff2e66,fa2574e0a86d547d971821b8e5997717d25a7764619e299ffba9cf50beff2e66,RAWorld,malwarebazaar,ransomware,2026-08-04 07:39:04 UTC,analyzed,784,TRUE_ENCRYPTION,file_type=exe
adf4e2a037a518dba9ff4a87ccfa8b09ad1ac256ffc2329a7cd81b75424a744b,adf4e2a037a518dba9ff4a87ccfa8b09ad1ac256ffc2329a7cd81b75424a744b,RAWorld,malwarebazaar,ransomware,2026-08-04 07:39:07 UTC,analyzed,788,TRUE_ENCRYPTION,file_type=exe
0016d62346cdb482ef51f842aa979b2babdfa843db87f1b7efe2712444d0954d,0016d62346cdb482ef51f842aa979b2babdfa843db87f1b7efe2712444d0954d,RAWorld,malwarebazaar,ransomware,2026-08-04 07:39:11 UTC,analyzed,792,TRUE_ENCRYPTION,file_type=exe
0150ca403ae96a68321d3529ae13bca57fd36c754a9d03a95b502cdf3221af0f,0150ca403ae96a68321d3529ae13bca57fd36c754a9d03a95b502cdf3221af0f,RAWorld,malwarebazaar,ransomware,2026-08-04 07:39:14 UTC,analyzed,796,TRUE_ENCRYPTION,file_type=exe
0183edb40f7900272f63f0392d10c08a3d991af41723ecfd38abdfbfdf21de0a,0183edb40f7900272f63f0392d10c08a3d991af41723ecfd38abdfbfdf21de0a,RAWorld,malwarebazaar,ransomware,2026-08-04 07:39:17 UTC,analyzed,799,TRUE_ENCRYPTION,file_type=exe
020417c0f9f086b2f712490812362efe7f4459200a8203c95e37ba4613e5bd03,020417c0f9f086b2f712490812362efe7f4459200a8203c95e37ba4613e5bd03,RAWorld,malwarebazaar,ransomware,2026-08-04 07:39:20 UTC,analyzed,803,FAILED,file_type=exe
02062da1f52d15e66a08348cded9e478b1e0c7b334de4b42c719710ab2b5bf16,02062da1f52d15e66a08348cded9e478b1e0c7b334de4b42c719710ab2b5bf16,RAWorld,malwarebazaar,ransomware,2026-08-04 07:39:23 UTC,analyzed,807,TRUE_ENCRYPTION,file_type=exe
03d07d15c8e652a5d059cdb7f8c333fcdc96b64b920f973458f81de9f04543bc,03d07d15c8e652a5d059cdb7f8c333fcdc96b64b920f973458f81de9f04543bc,RAWorld,malwarebazaar,ransomware,2026-08-04 07:39:26 UTC,analyzed,811,TRUE_ENCRYPTION,file_type=exe
0446a3278b1757d733979c95aa2b74adf29ba72d6e381d0102687ab1f551cdbb,0446a3278b1757d733979c95aa2b74adf29ba72d6e381d0102687ab1f551cdbb,RAWorld,malwarebazaar,ransomware,2026-08-04 07:39:29 UTC,analyzed,815,FAILED,file_type=exe
04ffd0d5fd66764de6c68fce5ac75b1990191721f151a7b8e01ef156066fbfbe,04ffd0d5fd66764de6c68fce5ac75b1990191721f151a7b8e01ef156066fbfbe,RAWorld,malwarebazaar,ransomware,2026-08-04 07:39:32 UTC,analyzed,819,FAILED,file_type=exe
064caff351bd2f921ba9a61b143901367eaf9253f7fb8887b8847ad078d64b43,064caff351bd2f921ba9a61b143901367eaf9253f7fb8887b8847ad078d64b43,RAWorld,malwarebazaar,ransomware,2026-08-04 07:39:35 UTC,analyzed,822,FAILED,file_type=exe
066a1746c910ff6b1cc8c8fa0795c8ca4f1f1b01c746ca24d72b385b0aa087c2,066a1746c910ff6b1cc8c8fa0795c8ca4f1f1b01c746ca24d72b385b0aa087c2,RAWorld,malwarebazaar,ransomware,2026-08-04 07:39:38 UTC,analyzed,825,TRUE_ENCRYPTION,file_type=exe
4358e676a4d7e704e0f639f82abb502cb7460a7fe849f8ab8a4410aec30234ae,4358e676a4d7e704e0f639f82abb502cb7460a7fe849f8ab8a4410aec30234ae,RAWorld,malwarebazaar,ransomware,2026-08-04 07:39:41 UTC,analyzed,828,TRUE_ENCRYPTION,file_type=exe
437aba56d7035ab31c910a900e0ff7ab46e25c88227825e27767b9522e8d7e3b,437aba56d7035ab31c910a900e0ff7ab46e25c88227825e27767b9522e8d7e3b,RAWorld,malwarebazaar,ransomware,2026-08-04 07:39:44 UTC,analyzed,831,TRUE_ENCRYPTION,file_type=exe
4392dcce97df199e00efb7a301e26013a44ee79d9b4175d4539fae9aed4f750b,4392dcce97df199e00efb7a301e26013a44ee79d9b4175d4539fae9aed4f750b,RAWorld,malwarebazaar,ransomware,2026-08-04 07:39:47 UTC,analyzed,834,FAILED,file_type=exe
441f715d0f08b8f9d64a32fdb316bd2510895be26b790a093189775c640e0706,441f715d0f08b8f9d64a32fdb316bd2510895be26b790a093189775c640e0706,RAWorld,malwarebazaar,ransomware,2026-08-04 07:39:50 UTC,analyzed,837,FAILED,file_type=exe
44df64e201f3e8fb0ec9f113e3ab7a674d3aedd43dc7a904a7779cce506b0e38,44df64e201f3e8fb0ec9f113e3ab7a674d3aedd43dc7a904a7779cce506b0e38,RAWorld,malwarebazaar,ransomware,2026-08-04 07:39:53 UTC,analyzed,840,TRUE_ENCRYPTION,file_type=exe
454bc550201e856022e35ca3e64e9aab582a0fbc6bc73656aa792e5b934fe2a3,454bc550201e856022e35ca3e64e9aab582a0fbc6bc73656aa792e5b934fe2a3,RAWorld,malwarebazaar,ransomware,2026-08-04 07:39:56 UTC,analyzed,843,TRUE_ENCRYPTION,file_type=exe
45b708ab19d34af228aca784051cf526ebe4891dfa77bb6099b6dce50cb6c0f7,45b708ab19d34af228aca784051cf526ebe4891dfa77bb6099b6dce50cb6c0f7,RAWorld,malwarebazaar,ransomware,2026-08-04 07:39:59 UTC,analyzed,846,TRUE_ENCRYPTION,file_type=exe
4736c32628eb7399cb90476b2549913e670f350b2fa75636a03e49201526a804,4736c32628eb7399cb90476b2549913e670f350b2fa75636a03e49201526a804,RAWorld,malwarebazaar,ransomware,2026-08-04 07:40:02 UTC,analyzed,849,TRUE_ENCRYPTION,file_type=exe
47d98fd41e36f04b676bc8315f45689d5a7cffe3d8563d79c1125b4fbc81cccf,47d98fd41e36f04b676bc8315f45689d5a7cffe3d8563d79c1125b4fbc81cccf,RAWorld,malwarebazaar,ransomware,2026-08-04 07:40:06 UTC,analyzed,852,TRUE_ENCRYPTION,file_type=exe
4813872718b5ac1cb99b9b944fc04ee59f20d8bc3f11ef8740dce016dffdefa4,4813872718b5ac1cb99b9b944fc04ee59f20d8bc3f11ef8740dce016dffdefa4,RAWorld,malwarebazaar,ransomware,2026-08-04 07:40:09 UTC,analyzed,855,TRUE_ENCRYPTION,file_type=exe
485580b18e988e1b13fc11582b424a65132f003333b22367b47d2135cc0c3799,485580b18e988e1b13fc11582b424a65132f003333b22367b47d2135cc0c3799,RAWorld,malwarebazaar,ransomware,2026-08-04 07:40:13 UTC,analyzed,858,TRUE_ENCRYPTION,file_type=exe
4860fb00cb47a226e10ead2cee546b7f64e5e79fec5f77e1256d16251a8e3e8a,4860fb00cb47a226e10ead2cee546b7f64e5e79fec5f77e1256d16251a8e3e8a,RAWorld,malwarebazaar,ransomware,2026-08-04 07:40:17 UTC,analyzed,861,TRUE_ENCRYPTION,file_type=exe
4866d6994c2f8b4dadfaabc2e2b81bd86c12f68fdf0da13d41d7b0e30bea0801,4866d6994c2f8b4dadfaabc2e2b81bd86c12f68fdf0da13d41d7b0e30bea0801,RAWorld,malwarebazaar,ransomware,2026-08-04 07:40:20 UTC,analyzed,864,FAILED,file_type=exe
493017c3920bf30ccbb97016a535ffe9d85d55f10ac8f5c8d5c0e18bd1b763dc,493017c3920bf30ccbb97016a535ffe9d85d55f10ac8f5c8d5c0e18bd1b763dc,RAWorld,malwarebazaar,ransomware,2026-08-04 07:40:23 UTC,analyzed,867,FAILED,file_type=exe
493fa2f304a534a97a47d9584704030ae1f712585c37bdd7aa17ca3a17606f6f,493fa2f304a534a97a47d9584704030ae1f712585c37bdd7aa17ca3a17606f6f,RAWorld,malwarebazaar,ransomware,2026-08-04 07:40:27 UTC,analyzed,870,FAILED,file_type=exe
498dfa128704bc0f36818cbe462cff085d5a4614051e7907da570a87bac4fba2,498dfa128704bc0f36818cbe462cff085d5a4614051e7907da570a87bac4fba2,RAWorld,malwarebazaar,ransomware,2026-08-04 07:40:30 UTC,analyzed,873,TRUE_ENCRYPTION,file_type=exe
499f70bf65bc78f8bb44d66b80e7f24dcc0679f6f4f3eebd3a97a05d24d401af,499f70bf65bc78f8bb44d66b80e7f24dcc0679f6f4f3eebd3a97a05d24d401af,RAWorld,malwarebazaar,ransomware,2026-08-04 07:40:33 UTC,analyzed,876,FAILED,file_type=exe
4b06b45905fb678c9b783c49b9c1a90d714d762fb930547de8f7d13276eb31a5,4b06b45905fb678c9b783c49b9c1a90d714d762fb930547de8f7d13276eb31a5,RAWorld,malwarebazaar,ransomware,2026-08-04 07:40:36 UTC,analyzed,879,FAILED,file_type=exe
4b601c956b9c31ecebd214127ffd87a8d2b0ad0ed7ec58e3e2e489760865e389,4b601c956b9c31ecebd214127ffd87a8d2b0ad0ed7ec58e3e2e489760865e389,RAWorld,malwarebazaar,ransomware,2026-08-04 07:40:39 UTC,analyzed,882,FAILED,file_type=exe
ed1ed10a2798ff272fa00ceb54c6d33be83a1d1d3f3db930fb828466824544d9,ed1ed10a2798ff272fa00ceb54c6d33be83a1d1d3f3db930fb828466824544d9,RAWorld,malwarebazaar,ransomware,2026-08-04 07:40:43 UTC,analyzed,885,TRUE_ENCRYPTION,file_type=exe
29214055a5789fc1002f1a38bdf0e5d4826724534da5d30f4e38f83e186b3edf,29214055a5789fc1002f1a38bdf0e5d4826724534da5d30f4e38f83e186b3edf,RAWorld,malwarebazaar,ransomware,2026-08-04 07:40:46 UTC,analyzed,932,TRUE_ENCRYPTION,file_type=exe;cape_machine_unavailable
29c654b4d28851d4a1b346a6630cce46635e2036a2f4e272ff977dd57afe6c6a,29c654b4d28851d4a1b346a6630cce46635e2036a2f4e272ff977dd57afe6c6a,RAWorld,malwarebazaar,ransomware,2026-08-04 07:40:49 UTC,analyzed,935,TRUE_ENCRYPTION,file_type=exe;cape_machine_unavailable
2ab717ca03abac1925dffe96e0daecc8d625192804ed46111688ebc2c1d58ae5,2ab717ca03abac1925dffe96e0daecc8d625192804ed46111688ebc2c1d58ae5,RAWorld,malwarebazaar,ransomware,2026-08-04 07:40:52 UTC,analyzed,938,TRUE_ENCRYPTION,file_type=exe;cape_machine_unavailable
2ad4889846cfdec40cf0b089a61b8d618d0eb7ccd83a68117dc391fff359214a,2ad4889846cfdec40cf0b089a61b8d618d0eb7ccd83a68117dc391fff359214a,RAWorld,malwarebazaar,ransomware,2026-08-04 07:40:55 UTC,analyzed,939,TRUE_ENCRYPTION,file_type=exe;cape_machine_unavailable
2cf8975496781dd06f3a0ef3d41f994d06dc4bafb3f417e51cc18896faaf8e04,2cf8975496781dd06f3a0ef3d41f994d06dc4bafb3f417e51cc18896faaf8e04,RAWorld,malwarebazaar,ransomware,2026-08-04 07:40:58 UTC,analyzed,940,TRUE_ENCRYPTION,file_type=exe;cape_machine_unavailable
2fdef1db7d43cfc1134c31e121202b44f67fe2323067c0fcf85895b03d764c70,2fdef1db7d43cfc1134c31e121202b44f67fe2323067c0fcf85895b03d764c70,RAWorld,malwarebazaar,ransomware,2026-08-04 07:41:02 UTC,analyzed,941,TRUE_ENCRYPTION,file_type=exe;cape_machine_unavailable
303390bc191c1d649f31cb81d70289cb7cfd2097ac6eec11d83f73382ca8e633,303390bc191c1d649f31cb81d70289cb7cfd2097ac6eec11d83f73382ca8e633,RAWorld,malwarebazaar,ransomware,2026-08-04 07:41:05 UTC,analyzed,942,TRUE_ENCRYPTION,file_type=exe;cape_machine_unavailable
306a043bae611b8e7d31fa2bd72e7b2b27771e48bba4f034687ba73ae64fdcce,306a043bae611b8e7d31fa2bd72e7b2b27771e48bba4f034687ba73ae64fdcce,RAWorld,malwarebazaar,ransomware,2026-08-04 07:41:08 UTC,analyzed,943,TRUE_ENCRYPTION,file_type=exe;cape_machine_unavailable
307ce928a9a9c4edbfdb69266b7ec8d9297579124456204748f11120f46af641,307ce928a9a9c4edbfdb69266b7ec8d9297579124456204748f11120f46af641,RAWorld,malwarebazaar,ransomware,2026-08-04 07:41:11 UTC,analyzed,944,TRUE_ENCRYPTION,file_type=exe;cape_machine_unavailable
30dc5634a6f8e4fb7f61852ce992e06f8e84024826118ed0b95d17d101e708f9,30dc5634a6f8e4fb7f61852ce992e06f8e84024826118ed0b95d17d101e708f9,RAWorld,malwarebazaar,ransomware,2026-08-04 07:41:14 UTC,analyzed,945,TRUE_ENCRYPTION,file_type=exe;cape_machine_unavailable
31105fb81a54642024ef98921a524bf70dec655905ed9a2f5e24ad503188d8ae,31105fb81a54642024ef98921a524bf70dec655905ed9a2f5e24ad503188d8ae,RAWorld,malwarebazaar,ransomware,2026-08-04 07:41:17 UTC,analyzed,946,TRUE_ENCRYPTION,file_type=exe;cape_machine_unavailable
3121f4f26075f6ebcd725d57ab1c0c6f4433acf1b8942b92cd4d533ce672f7f8,3121f4f26075f6ebcd725d57ab1c0c6f4433acf1b8942b92cd4d533ce672f7f8,RAWorld,malwarebazaar,ransomware,2026-08-04 07:41:20 UTC,analyzed,947,TRUE_ENCRYPTION,file_type=exe;cape_machine_unavailable
31ac190b45cc32c04c2415761c7f152153e16750516df0ce0761ca28300dd6a4,31ac190b45cc32c04c2415761c7f152153e16750516df0ce0761ca28300dd6a4,RAWorld,malwarebazaar,ransomware,2026-08-04 07:41:23 UTC,analyzed,948,TRUE_ENCRYPTION,file_type=exe;cape_machine_unavailable
31f25b07fbacb858b8b855099e17eb883ed4597b84a54c2ca2af5f8fb44d2456,31f25b07fbacb858b8b855099e17eb883ed4597b84a54c2ca2af5f8fb44d2456,RAWorld,malwarebazaar,ransomware,2026-08-04 07:41:26 UTC,analyzed,949,TRUE_ENCRYPTION,file_type=exe;cape_machine_unavailable
322211452488d367edb6796363c70ac752ad67048092cf4d00a67afd2cbf090b,322211452488d367edb6796363c70ac752ad67048092cf4d00a67afd2cbf090b,RAWorld,malwarebazaar,ransomware,2026-08-04 07:41:29 UTC,analyzed,950,TRUE_ENCRYPTION,file_type=exe;cape_machine_unavailable
324e7e661739ec747c0a65a3da752fe572c205b8d44a498cb2e5b553e3a02a21,324e7e661739ec747c0a65a3da752fe572c205b8d44a498cb2e5b553e3a02a21,RAWorld,malwarebazaar,ransomware,2026-08-04 07:41:32 UTC,analyzed,951,TRUE_ENCRYPTION,file_type=exe;cape_machine_unavailable
327799f36f3ff17ccf9989655edf82793cfe0551994397d8f4ad925bea1f2745,327799f36f3ff17ccf9989655edf82793cfe0551994397d8f4ad925bea1f2745,RAWorld,malwarebazaar,ransomware,2026-08-04 07:41:35 UTC,analyzed,952,TRUE_ENCRYPTION,file_type=exe;cape_machine_unavailable
32dce5b309829b8c37abe243e5bd8cbc9fae96ce7109fcd348b2193e64061401,32dce5b309829b8c37abe243e5bd8cbc9fae96ce7109fcd348b2193e64061401,RAWorld,malwarebazaar,ransomware,2026-08-04 07:41:38 UTC,analyzed,953,TRUE_ENCRYPTION,file_type=exe;cape_machine_unavailable
3456b35253e1d4f2fcc0886eabf6977f6a7126a1c9b3208ea58252183c6b1c75,3456b35253e1d4f2fcc0886eabf6977f6a7126a1c9b3208ea58252183c6b1c75,RAWorld,malwarebazaar,ransomware,2026-08-04 07:41:41 UTC,analyzed,954,TRUE_ENCRYPTION,file_type=exe;cape_machine_unavailable
42ed1c56b967d721a4b6b98cd525b33f76c35d727ae9910466f650682af66302,42ed1c56b967d721a4b6b98cd525b33f76c35d727ae9910466f650682af66302,RAWorld,malwarebazaar,ransomware,2026-08-04 07:41:44 UTC,analyzed,955,TRUE_ENCRYPTION,file_type=exe;cape_machine_unavailable
0a2380a0a44236061c0fdf4ea3b2f75f1e0b63b61adb0cfc01bbf5e2a10a8497,0a2380a0a44236061c0fdf4ea3b2f75f1e0b63b61adb0cfc01bbf5e2a10a8497,RAWorld,malwarebazaar,ransomware,2026-08-04 07:41:47 UTC,analyzed,956,TRUE_ENCRYPTION,file_type=exe;cape_machine_unavailable
0b567dc11729b018a0849d17e27bd8f696ddbc71f50313ab552247cbf978578e,0b567dc11729b018a0849d17e27bd8f696ddbc71f50313ab552247cbf978578e,RAWorld,malwarebazaar,ransomware,2026-08-04 07:41:50 UTC,analyzed,957,TRUE_ENCRYPTION,file_type=exe;cape_machine_unavailable
0c5403c0c2989f2ceb77c0d87d34830a2c2235e40942ce82695747a66f48c8bf,0c5403c0c2989f2ceb77c0d87d34830a2c2235e40942ce82695747a66f48c8bf,RAWorld,malwarebazaar,ransomware,2026-08-04 07:41:53 UTC,analyzed,958,TRUE_ENCRYPTION,file_type=exe;cape_machine_unavailable
0c8cb5bf2ab6de2faf9498478513b345eb241c64d33b1892df88af5925329024,0c8cb5bf2ab6de2faf9498478513b345eb241c64d33b1892df88af5925329024,RAWorld,malwarebazaar,ransomware,2026-08-04 07:41:57 UTC,analyzed,959,TRUE_ENCRYPTION,file_type=exe;cape_machine_unavailable
0e386e1fa6f7a1ef81465dbce1a775b0229ce4ed7497d72483d529088cf5f63d,0e386e1fa6f7a1ef81465dbce1a775b0229ce4ed7497d72483d529088cf5f63d,RAWorld,malwarebazaar,ransomware,2026-08-04 07:42:00 UTC,analyzed,960,TRUE_ENCRYPTION,file_type=exe;cape_machine_unavailable
0f423c7722c550d26cdb474b537144f4c6ed0bbb75eee0fa33cc667113b6aa40,0f423c7722c550d26cdb474b537144f4c6ed0bbb75eee0fa33cc667113b6aa40,RAWorld,malwarebazaar,ransomware,2026-08-04 07:42:03 UTC,analyzed,961,TRUE_ENCRYPTION,file_type=exe;cape_machine_unavailable
104ad2f9d097758c0fca22678b54534cccde1815ebd6be6226e0bad895148e90,104ad2f9d097758c0fca22678b54534cccde1815ebd6be6226e0bad895148e90,RAWorld,malwarebazaar,ransomware,2026-08-04 07:42:06 UTC,analyzed,962,TRUE_ENCRYPTION,file_type=exe;cape_machine_unavailable
1066395126da32da052f39c9293069f9bcc1c8d28781eb9d44b35f05ce1fd614,1066395126da32da052f39c9293069f9bcc1c8d28781eb9d44b35f05ce1fd614,RAWorld,malwarebazaar,ransomware,2026-08-04 07:42:09 UTC,analyzed,963,TRUE_ENCRYPTION,file_type=exe;cape_machine_unavailable
108a3966b001776c0cadac27dd9172e506069cb35d4233c140f2a3c467e043d0,108a3966b001776c0cadac27dd9172e506069cb35d4233c140f2a3c467e043d0,RAWorld,malwarebazaar,ransomware,2026-08-04 07:42:12 UTC,analyzed,964,TRUE_ENCRYPTION,file_type=exe;cape_machine_unavailable
10bb96e0680971c11b16dab51f905804f09f3605eb8d157b791abb5ad21af204,10bb96e0680971c11b16dab51f905804f09f3605eb8d157b791abb5ad21af204,RAWorld,malwarebazaar,ransomware,2026-08-04 07:42:15 UTC,analyzed,965,TRUE_ENCRYPTION,file_type=exe;cape_machine_unavailable
11cd3d492a3cf079eef8cbe8068e385e79fa2ebaa5192c605289946c3c4819b3,11cd3d492a3cf079eef8cbe8068e385e79fa2ebaa5192c605289946c3c4819b3,RAWorld,malwarebazaar,ransomware,2026-08-04 07:42:18 UTC,analyzed,966,TRUE_ENCRYPTION,file_type=exe;cape_machine_unavailable
12376973641a658f2228df99a51333b02ddcee1beb7ee019d48105e2bd76e6b9,12376973641a658f2228df99a51333b02ddcee1beb7ee019d48105e2bd76e6b9,RAWorld,malwarebazaar,ransomware,2026-08-04 07:42:21 UTC,analyzed,967,TRUE_ENCRYPTION,file_type=exe;cape_machine_unavailable
125f8fbda267074ebb1338a7a33852db9419e396381b398f0e7e5786bda3e5bb,125f8fbda267074ebb1338a7a33852db9419e396381b398f0e7e5786bda3e5bb,RAWorld,malwarebazaar,ransomware,2026-08-04 07:42:24 UTC,analyzed,968,TRUE_ENCRYPTION,file_type=exe;cape_machine_unavailable
13b202f8035b5abd8b0c18e0885a60db12661b8e68d9f72d260c5d223d8d6817,13b202f8035b5abd8b0c18e0885a60db12661b8e68d9f72d260c5d223d8d6817,RAWorld,malwarebazaar,ransomware,2026-08-04 07:42:27 UTC,analyzed,969,TRUE_ENCRYPTION,file_type=exe;cape_machine_unavailable
13befc26cf004f4bd09268eae6270c47c030d682f1935dc8f438969266755680,13befc26cf004f4bd09268eae6270c47c030d682f1935dc8f438969266755680,RAWorld,malwarebazaar,ransomware,2026-08-04 07:42:30 UTC,analyzed,970,TRUE_ENCRYPTION,file_type=exe;cape_machine_unavailable
14d9c3f25a412878e57418f2d68db490c046cf78f019aba0e170aec5652e9901,14d9c3f25a412878e57418f2d68db490c046cf78f019aba0e170aec5652e9901,RAWorld,malwarebazaar,ransomware,2026-08-04 07:42:33 UTC,analyzed,971,TRUE_ENCRYPTION,file_type=exe;cape_machine_unavailable
1773b284d3dd1e06be6dd92012d05720471395affc653874aa34636bf58d328c,1773b284d3dd1e06be6dd92012d05720471395affc653874aa34636bf58d328c,RAWorld,malwarebazaar,ransomware,2026-08-04 07:42:37 UTC,analyzed,972,TRUE_ENCRYPTION,file_type=exe;cape_machine_unavailable
18061dca0d4da1cd8297607c132010c56c0d82520a0f922ba24dd65bc55a29ac,18061dca0d4da1cd8297607c132010c56c0d82520a0f922ba24dd65bc55a29ac,RAWorld,malwarebazaar,ransomware,2026-08-04 07:42:40 UTC,analyzed,973,TRUE_ENCRYPTION,file_type=exe;cape_machine_unavailable
1978935cf8c484d17024464ea07896b665e99350c82511e1a377230dae992080,1978935cf8c484d17024464ea07896b665e99350c82511e1a377230dae992080,RAWorld,malwarebazaar,ransomware,2026-08-04 07:42:43 UTC,analyzed,974,TRUE_ENCRYPTION,file_type=exe;cape_machine_unavailable
27fb5458adf29cf8593f93520047759045674362a98fd302e437d981fa46c4ca,27fb5458adf29cf8593f93520047759045674362a98fd302e437d981fa46c4ca,RAWorld,malwarebazaar,ransomware,2026-08-04 07:42:46 UTC,analyzed,975,TRUE_ENCRYPTION,file_type=exe;cape_machine_unavailable
1bad2b6e8ab16c5a692b2d05f68f7924a73a5818ddf3a9678ca8caab3568a78e,1bad2b6e8ab16c5a692b2d05f68f7924a73a5818ddf3a9678ca8caab3568a78e,Medusa,malwarebazaar,ransomware,2026-08-04 07:43:16 UTC,analyzed,220,NO_VICTIM_ACTIVITY,file_type=exe
2e62a782c84149953dd216d96fec8e0f4d4b568525bbaa0574b1aad2530d28e0,2e62a782c84149953dd216d96fec8e0f4d4b568525bbaa0574b1aad2530d28e0,Medusa,malwarebazaar,ransomware,2026-08-04 07:43:19 UTC,analyzed,253,FAILED,file_type=exe
3e19d1653c08206c55e1f835bd890b067b652b99a7b38bad4d78ad7490c6a0f8,3e19d1653c08206c55e1f835bd890b067b652b99a7b38bad4d78ad7490c6a0f8,Medusa,malwarebazaar,ransomware,2026-08-04 07:43:22 UTC,analyzed,281,NO_VICTIM_ACTIVITY,file_type=exe
736de79e0a2d08156bae608b2a3e63336829d59d38d61907642149a566ebd270,736de79e0a2d08156bae608b2a3e63336829d59d38d61907642149a566ebd270,Medusa,malwarebazaar,ransomware,2026-08-04 07:43:26 UTC,analyzed,304,NO_VICTIM_ACTIVITY,file_type=exe
d174cf908b7bcee10cc0458955554e5ba81beffd8544ae95a427fff643a41c86,d174cf908b7bcee10cc0458955554e5ba81beffd8544ae95a427fff643a41c86,Chaos,malwarebazaar,ransomware,2026-08-04 07:43:29 UTC,analyzed,374,NO_VICTIM_ACTIVITY,file_type=exe
0065b818525d8a364f5d9e4b801e3408dad6576ce6d8ca5c01b19c3857a08d64,0065b818525d8a364f5d9e4b801e3408dad6576ce6d8ca5c01b19c3857a08d64,Medusa,malwarebazaar,ransomware,2026-08-04 07:43:32 UTC,analyzed,325,NO_VICTIM_ACTIVITY,file_type=exe
0382f4930cb892b43c80ef147ad617c332a7c2e298502ef0e6663b2b48319460,0382f4930cb892b43c80ef147ad617c332a7c2e298502ef0e6663b2b48319460,Medusa,malwarebazaar,ransomware,2026-08-04 07:43:36 UTC,analyzed,344,NO_VICTIM_ACTIVITY,file_type=exe
08b74bb2d6ec9bbdabdd92fb32d8322d2e08b45b0be069c7429675d33d5060c7,08b74bb2d6ec9bbdabdd92fb32d8322d2e08b45b0be069c7429675d33d5060c7,Medusa,malwarebazaar,ransomware,2026-08-04 07:43:39 UTC,analyzed,361,NO_VICTIM_ACTIVITY,file_type=exe
19b65ef538144e873271f547807830a5ba31fe215f2fe7ade51a38047a80834b,19b65ef538144e873271f547807830a5ba31fe215f2fe7ade51a38047a80834b,Medusa,malwarebazaar,ransomware,2026-08-04 07:43:42 UTC,analyzed,378,NO_VICTIM_ACTIVITY,file_type=exe
33ef66ec811267739a975c776b75787e819a26761e232f0b3eb4b32e7ef560d8,33ef66ec811267739a975c776b75787e819a26761e232f0b3eb4b32e7ef560d8,Medusa,malwarebazaar,ransomware,2026-08-04 07:43:46 UTC,analyzed,395,NO_VICTIM_ACTIVITY,file_type=exe
3d091b32abd008ff392158ff4d7271f72febe6069b4b1b3ccd51a2a733e37327,3d091b32abd008ff392158ff4d7271f72febe6069b4b1b3ccd51a2a733e37327,Medusa,malwarebazaar,ransomware,2026-08-04 07:43:49 UTC,analyzed,410,NO_VICTIM_ACTIVITY,file_type=exe
49916c9c2a9d6b3c60f541891966bfff62e9b3eb9b682ced8600e7e9415b033d,49916c9c2a9d6b3c60f541891966bfff62e9b3eb9b682ced8600e7e9415b033d,Medusa,malwarebazaar,ransomware,2026-08-04 07:43:53 UTC,analyzed,425,NO_VICTIM_ACTIVITY,file_type=exe
4a0e7565db16ed833a083bc9927f032be5e6918eed712982cd76e87e99510778,4a0e7565db16ed833a083bc9927f032be5e6918eed712982cd76e87e99510778,Medusa,malwarebazaar,ransomware,2026-08-04 07:43:56 UTC,analyzed,438,NO_VICTIM_ACTIVITY,file_type=exe
94f420e16a4eb5154076895cd8c5f677db4273d37d44b81e1d04b26e851b69fe,94f420e16a4eb5154076895cd8c5f677db4273d37d44b81e1d04b26e851b69fe,Medusa,malwarebazaar,ransomware,2026-08-04 07:43:59 UTC,analyzed,450,NO_VICTIM_ACTIVITY,file_type=exe
9ec6bf1ad038e6c7f5bf9be374d3299df033424ef1399a8ffd892df40efd6353,9ec6bf1ad038e6c7f5bf9be374d3299df033424ef1399a8ffd892df40efd6353,Medusa,malwarebazaar,ransomware,2026-08-04 07:44:02 UTC,analyzed,461,NO_VICTIM_ACTIVITY,file_type=exe
a0cebcc9f5893b2fde2806794c27b8a304a0eb863e128ad779ed5dd806ad9239,a0cebcc9f5893b2fde2806794c27b8a304a0eb863e128ad779ed5dd806ad9239,Medusa,malwarebazaar,ransomware,2026-08-04 07:44:05 UTC,analyzed,471,NO_VICTIM_ACTIVITY,file_type=exe
bcd952d2995d187c5a87ec0e03b638e02d7157b9a01d4e7c28ce7a6d6b28ac42,bcd952d2995d187c5a87ec0e03b638e02d7157b9a01d4e7c28ce7a6d6b28ac42,Medusa,malwarebazaar,ransomware,2026-08-04 07:44:09 UTC,analyzed,481,NO_VICTIM_ACTIVITY,file_type=exe
c9abfc3e4da474e18795f5261f77e60c44e7b3353771281e4304e7506d56fdb4,c9abfc3e4da474e18795f5261f77e60c44e7b3353771281e4304e7506d56fdb4,Medusa,malwarebazaar,ransomware,2026-08-04 07:44:12 UTC,analyzed,490,NO_VICTIM_ACTIVITY,file_type=exe
df0f05469702bd70c49045dcbbefc65e735f4116bdb12526cd16110472a51dc8,df0f05469702bd70c49045dcbbefc65e735f4116bdb12526cd16110472a51dc8,Medusa,malwarebazaar,ransomware,2026-08-04 07:44:16 UTC,analyzed,499,NO_VICTIM_ACTIVITY,file_type=exe
f8bdd832ce22b529f0eae14e642bb95e990e317707b094a225670a15d5c8ca1f,f8bdd832ce22b529f0eae14e642bb95e990e317707b094a225670a15d5c8ca1f,Fog,malwarebazaar,ransomware,2026-08-04 07:44:19 UTC,analyzed,100,TRUE_ENCRYPTION,file_type=exe
3ad343a324037250af9aa7409e211d754adb6524c8d443e1f4afcf38e6df092c,3ad343a324037250af9aa7409e211d754adb6524c8d443e1f4afcf38e6df092c,Fog,malwarebazaar,ransomware,2026-08-04 07:44:23 UTC,analyzed,171,TRUE_ENCRYPTION,file_type=exe
09403153fcdb2b700f8b7ab47da7f6e9dfa365d21235a2b8d66080cb76dc62e2,09403153fcdb2b700f8b7ab47da7f6e9dfa365d21235a2b8d66080cb76dc62e2,Fog,malwarebazaar,ransomware,2026-08-04 07:44:26 UTC,analyzed,214,TRUE_ENCRYPTION,file_type=exe
b182819bc0e90b4fdf15e886da41923360ed63529a851ef90704f6dbfed2ea8b,b182819bc0e90b4fdf15e886da41923360ed63529a851ef90704f6dbfed2ea8b,Fog,malwarebazaar,ransomware,2026-08-04 07:44:30 UTC,analyzed,249,TRUE_ENCRYPTION,file_type=exe
4d5ecf3d1955458195771630f03f6ef42f5f62e66ed8e0681f8311d25aecc2bb,4d5ecf3d1955458195771630f03f6ef42f5f62e66ed8e0681f8311d25aecc2bb,Meterpreter,malwarebazaar,ransomware,2026-08-04 07:44:33 UTC,analyzed,120,NO_VICTIM_ACTIVITY,file_type=exe
5de1061457e759e022fbc9bb02e8726a49d3ed9663fc8a77d83462c69c96aea8,5de1061457e759e022fbc9bb02e8726a49d3ed9663fc8a77d83462c69c96aea8,Akira,malwarebazaar,ransomware,2026-08-04 07:44:37 UTC,analyzed,806,FAILED,file_type=exe
871b245bd87dbb3ed064e9e42522dcb7dee8d80b9463f8ee4bcf9da184dd5e87,871b245bd87dbb3ed064e9e42522dcb7dee8d80b9463f8ee4bcf9da184dd5e87,Cactus,malwarebazaar,ransomware,2026-08-04 07:44:43 UTC,analyzed,90,FAILED,file_type=exe
8f50df60a73e4f849d71d3a93d1f0cbbdb16e1165dbae0ce61b27d4de85092fa,8f50df60a73e4f849d71d3a93d1f0cbbdb16e1165dbae0ce61b27d4de85092fa,Cactus,malwarebazaar,ransomware,2026-08-04 07:44:50 UTC,analyzed,165,FAILED,file_type=exe
0a243cc1235bc425c211cff66067fa82dc6a164884dc060e548b850c38ce1e6d,0a243cc1235bc425c211cff66067fa82dc6a164884dc060e548b850c38ce1e6d,VanHelsing,malwarebazaar,ransomware,2026-08-04 07:44:53 UTC,analyzed,146,TRUE_ENCRYPTION,file_type=exe
2744c04eaed1afa8fe7883ef8204dafb8d7ae3bb0231d11bf3e1a93a93193a7f,2744c04eaed1afa8fe7883ef8204dafb8d7ae3bb0231d11bf3e1a93a93193a7f,VanHelsing,malwarebazaar,ransomware,2026-08-04 07:44:57 UTC,analyzed,194,TRUE_ENCRYPTION,file_type=exe
f43815dc58586fdf0bbe3cb3e2c06e48285507524cdcabdd857f0a6ff49fec4b,f43815dc58586fdf0bbe3cb3e2c06e48285507524cdcabdd857f0a6ff49fec4b,Neshta,malwarebazaar,ransomware,2026-08-04 07:45:01 UTC,analyzed,362,WEAK_VICTIM_ACTIVITY,file_type=exe
de96af271bf52bdcecaaf555a711f8a1397ed4b8be0d9c16f483253d29deaf62,xxx.exe,BlackMatter,malwarebazaar,ransomware,2026-08-04 07:45:05 UTC,analyzed,389,TRUE_ENCRYPTION,file_type=exe
854e5f77f788bbbe6e224195e115c749172cd12302afca370d4f9e3d53d005fd,854e5f77f788bbbe6e224195e115c749172cd12302afca370d4f9e3d53d005fd,Gunra,malwarebazaar,ransomware,2026-08-04 07:45:09 UTC,analyzed,301,TRUE_ENCRYPTION,file_type=exe
8b758ccdfbfa5ff3a0b67b2063c2397531cf0f7b3d278298da76528f443779e9,8b758ccdfbfa5ff3a0b67b2063c2397531cf0f7b3d278298da76528f443779e9.exe,GhostLocker,malwarebazaar,ransomware,2026-08-04 07:45:25 UTC,analyzed,102,FAILED,file_type=exe
378bec795d652d3941510969c1db6a42fab4d493704fbd52121a48d2ba459d0d,378bec795d652d3941510969c1db6a42fab4d493704fbd52121a48d2ba459d0d,Cactus,malwarebazaar,ransomware,2026-08-04 07:45:51 UTC,analyzed,209,FAILED,file_type=exe
7adee0f8f400d72b70d34b9bd90b3559c71d7f0f5b2695b5ed70e733e76d9e46,7adee0f8f400d72b70d34b9bd90b3559c71d7f0f5b2695b5ed70e733e76d9e46,Cactus,malwarebazaar,ransomware,2026-08-04 07:46:09 UTC,analyzed,245,FAILED,file_type=exe
a82c5abfc976b78a19020e690992a803fae267080d1e3fb30dff552a0ddf73b1,a82c5abfc976b78a19020e690992a803fae267080d1e3fb30dff552a0ddf73b1,Cactus,malwarebazaar,ransomware,2026-08-04 07:46:25 UTC,analyzed,273,FAILED,file_type=exe
58ea56177cf0e8a863d6e9f11570a3e61239e21e1d0b5667537b7223d4131c42,58ea56177cf0e8a863d6e9f11570a3e61239e21e1d0b5667537b7223d4131c42,Cactus,malwarebazaar,ransomware,2026-08-04 07:46:37 UTC,analyzed,296,FAILED,file_type=exe
d7da599c59de7fa5a42044665f8e6eeef7b313a2733886a24a8732e8689f4df4,d7da599c59de7fa5a42044665f8e6eeef7b313a2733886a24a8732e8689f4df4,Cactus,malwarebazaar,ransomware,2026-08-04 07:46:47 UTC,analyzed,319,FAILED,file_type=exe
825d84edff4b9fffac7fd9a33df33c87b5d07993ada881f451c1efef4a206c88,825d84edff4b9fffac7fd9a33df33c87b5d07993ada881f451c1efef4a206c88,Cactus,malwarebazaar,ransomware,2026-08-04 07:46:52 UTC,analyzed,338,NO_VICTIM_ACTIVITY,file_type=exe
bfc53b4167f17b426bae9625454e8cb14dba407033415c194ea071db2270b4fb,bfc53b4167f17b426bae9625454e8cb14dba407033415c194ea071db2270b4fb,Cactus,malwarebazaar,ransomware,2026-08-04 07:46:57 UTC,analyzed,356,NO_VICTIM_ACTIVITY,file_type=exe
78c16de9fc07f1d0375a093903f86583a4e32037a7da8aa2f90ecb15c4862c17,78c16de9fc07f1d0375a093903f86583a4e32037a7da8aa2f90ecb15c4862c17,Cactus,malwarebazaar,ransomware,2026-08-04 07:47:02 UTC,analyzed,373,FAILED,file_type=exe
01d82a941b1c5186c3c2ad0cd44843e51c69756e52783d9e3a5dfa09486973ec,01d82a941b1c5186c3c2ad0cd44843e51c69756e52783d9e3a5dfa09486973ec,Cactus,malwarebazaar,ransomware,2026-08-04 07:47:06 UTC,analyzed,390,NO_VICTIM_ACTIVITY,file_type=exe
0933f23c466188e0a7c6fab661bdb8487cf7028c5cec557efb75fde9879a6af8,0933f23c466188e0a7c6fab661bdb8487cf7028c5cec557efb75fde9879a6af8,Cactus,malwarebazaar,ransomware,2026-08-04 07:47:11 UTC,analyzed,405,NO_VICTIM_ACTIVITY,file_type=exe
0a8088e2ba539541f476836c6f4e5812c4ae5c52133801faa1bc3806a4ade683,0a8088e2ba539541f476836c6f4e5812c4ae5c52133801faa1bc3806a4ade683,Cactus,malwarebazaar,ransomware,2026-08-04 07:47:17 UTC,analyzed,420,FAILED,file_type=exe
1000cd4b74290bcecbe1be07146dad30a46f264bfeb0b8ceb00c83a6ff1e70d9,1000cd4b74290bcecbe1be07146dad30a46f264bfeb0b8ceb00c83a6ff1e70d9,Cactus,malwarebazaar,ransomware,2026-08-04 07:47:23 UTC,analyzed,434,FAILED,file_type=exe
1cf6d946c45f4ce73a0f97cdbc136c9eef7723292bc3b6c9a9ecc8f90386f6d2,1cf6d946c45f4ce73a0f97cdbc136c9eef7723292bc3b6c9a9ecc8f90386f6d2,Cactus,malwarebazaar,ransomware,2026-08-04 07:47:27 UTC,analyzed,447,NO_VICTIM_ACTIVITY,file_type=exe
1d181efaca780479bc95ff58def690d2770928d4a563baad5d67721595c6bd7d,1d181efaca780479bc95ff58def690d2770928d4a563baad5d67721595c6bd7d,Cactus,malwarebazaar,ransomware,2026-08-04 07:47:33 UTC,analyzed,459,FAILED,file_type=exe
1ea49714b2ff515922e3b606da7a9f01732b207a877bcdd1908f733eb3c98af3,1ea49714b2ff515922e3b606da7a9f01732b207a877bcdd1908f733eb3c98af3,Cactus,malwarebazaar,ransomware,2026-08-04 07:47:39 UTC,analyzed,469,FAILED,file_type=exe
21d7ad955dbc5732be90f3d6dbb4e161ef9cf511a7989e72c4ea1c5e44744167,21d7ad955dbc5732be90f3d6dbb4e161ef9cf511a7989e72c4ea1c5e44744167,Cactus,malwarebazaar,ransomware,2026-08-04 07:47:45 UTC,analyzed,479,FAILED,file_type=exe
23d62b71af79a0e6aed11e378f810613b349361b09faf975dca9e2d202dd3b66,23d62b71af79a0e6aed11e378f810613b349361b09faf975dca9e2d202dd3b66,Cactus,malwarebazaar,ransomware,2026-08-04 07:47:53 UTC,analyzed,489,FAILED,file_type=exe
34e321305bec2bb72c1502624872a82c7343541290c1faa4441e59a3240d20a0,34e321305bec2bb72c1502624872a82c7343541290c1faa4441e59a3240d20a0,Cactus,malwarebazaar,ransomware,2026-08-04 07:47:58 UTC,analyzed,498,FAILED,file_type=exe
3b436896a4908d85488877fbeb7f56d86804dac9382fbb039be062500a49128f,3b436896a4908d85488877fbeb7f56d86804dac9382fbb039be062500a49128f,Cactus,malwarebazaar,ransomware,2026-08-04 07:48:05 UTC,analyzed,507,FAILED,file_type=exe
3d8413e976c98885e288719acbe725806c88ab683c8982e632216248ce6ba46d,3d8413e976c98885e288719acbe725806c88ab683c8982e632216248ce6ba46d,Cactus,malwarebazaar,ransomware,2026-08-04 07:48:09 UTC,analyzed,515,FAILED,file_type=exe
4b0a5d6a176317437978211a423a7c1cdf832baa7984bba09aeeb5a1e4d07aa3,4b0a5d6a176317437978211a423a7c1cdf832baa7984bba09aeeb5a1e4d07aa3,Cactus,malwarebazaar,ransomware,2026-08-04 07:48:13 UTC,analyzed,522,FAILED,file_type=exe
4e5e5eacd75cab2eee63c5ad53b368e8fdf23ac379c04de87ef4922146271ebc,4e5e5eacd75cab2eee63c5ad53b368e8fdf23ac379c04de87ef4922146271ebc,Cactus,malwarebazaar,ransomware,2026-08-04 07:48:16 UTC,analyzed,529,NO_VICTIM_ACTIVITY,file_type=exe
509a533ade43406eb50fa9cb8984b2e10d008ad0ea8c22d0652f3ee101125bb7,509a533ade43406eb50fa9cb8984b2e10d008ad0ea8c22d0652f3ee101125bb7,Cactus,malwarebazaar,ransomware,2026-08-04 07:48:20 UTC,analyzed,536,NO_VICTIM_ACTIVITY,file_type=exe
5434c0b08a511f6913b9eb1702a481e7feb76d4c38123d8b78f195c047f4706c,5434c0b08a511f6913b9eb1702a481e7feb76d4c38123d8b78f195c047f4706c,Cactus,malwarebazaar,ransomware,2026-08-04 07:48:23 UTC,analyzed,542,NO_VICTIM_ACTIVITY,file_type=exe
6007ed278f1cb22cfae95dcc4684ae157435ea759ee7b972de3d5e039695b189,6007ed278f1cb22cfae95dcc4684ae157435ea759ee7b972de3d5e039695b189,Cactus,malwarebazaar,ransomware,2026-08-04 07:48:26 UTC,analyzed,548,FAILED,file_type=exe
6642d79f4d1044b756e2c3221ace37a71b4a671e18847f2940e2ea349dc6cb67,6642d79f4d1044b756e2c3221ace37a71b4a671e18847f2940e2ea349dc6cb67,Cactus,malwarebazaar,ransomware,2026-08-04 07:48:30 UTC,analyzed,554,FAILED,file_type=exe
70a580e734c2331098fa3ecf3f1c928e17ddb92f99f75956c3f805b065222685,70a580e734c2331098fa3ecf3f1c928e17ddb92f99f75956c3f805b065222685,Cactus,malwarebazaar,ransomware,2026-08-04 07:48:34 UTC,analyzed,560,FAILED,file_type=exe
729f0ff446c0aa04fdae3529ef02cf552e63782e841c24f3c4cb481b4b947859,729f0ff446c0aa04fdae3529ef02cf552e63782e841c24f3c4cb481b4b947859,Cactus,malwarebazaar,ransomware,2026-08-04 07:48:38 UTC,analyzed,566,FAILED,file_type=exe
77bbd39c8a1b9093c9ad8e5d94265e5d95f8ca275d4eea2218d560cba6dfd838,77bbd39c8a1b9093c9ad8e5d94265e5d95f8ca275d4eea2218d560cba6dfd838,Cactus,malwarebazaar,ransomware,2026-08-04 07:48:42 UTC,analyzed,572,FAILED,file_type=exe
7a8c7166ebdae96e7adceaf50c064bf1cf85d3c360a6ff513414dc3078a6aa54,7a8c7166ebdae96e7adceaf50c064bf1cf85d3c360a6ff513414dc3078a6aa54,Cactus,malwarebazaar,ransomware,2026-08-04 07:48:46 UTC,analyzed,578,FAILED,file_type=exe
8bbc00b367be5a41e6519be0fb4fe9ef5fa0056b3dbd8fd28c6aabbac3add0a4,8bbc00b367be5a41e6519be0fb4fe9ef5fa0056b3dbd8fd28c6aabbac3add0a4,Cactus,malwarebazaar,ransomware,2026-08-04 07:48:50 UTC,analyzed,584,NO_VICTIM_ACTIVITY,file_type=exe
9031966625a243bfaada93d23f7b7e61807ea6b39cb1e5372ecd549aec7421ac,9031966625a243bfaada93d23f7b7e61807ea6b39cb1e5372ecd549aec7421ac,Cactus,malwarebazaar,ransomware,2026-08-04 07:48:54 UTC,analyzed,590,FAILED,file_type=exe
9eaecc3e9f0d65f8b981c2cdf238b88f6e316b5831d89afb3b47ae8dab7bdbdd,9eaecc3e9f0d65f8b981c2cdf238b88f6e316b5831d89afb3b47ae8dab7bdbdd,Cactus,malwarebazaar,ransomware,2026-08-04 07:48:58 UTC,analyzed,596,NO_VICTIM_ACTIVITY,file_type=exe
a5296d07dabb3d7b53fce4cf803190bfa57e062abeb11a6d801250acb7005c5f,a5296d07dabb3d7b53fce4cf803190bfa57e062abeb11a6d801250acb7005c5f,Cactus,malwarebazaar,ransomware,2026-08-04 07:49:02 UTC,analyzed,602,FAILED,file_type=exe
ac7d1b8c3d0f281f79469ffaf129952d23f8f1615c01614d075959d2b975033b,ac7d1b8c3d0f281f79469ffaf129952d23f8f1615c01614d075959d2b975033b,Cactus,malwarebazaar,ransomware,2026-08-04 07:49:05 UTC,analyzed,608,NO_VICTIM_ACTIVITY,file_type=exe
b705636ed4a0d5253e5f9a4e4712c080bfd22403672fc3bca000745022909c96,b705636ed4a0d5253e5f9a4e4712c080bfd22403672fc3bca000745022909c96,Cactus,malwarebazaar,ransomware,2026-08-04 07:49:09 UTC,analyzed,614,FAILED,file_type=exe
bc5c9d8699c0e66b3f38d5449aa661f5e0e8a5a406c78611eeb090aea96f299e,bc5c9d8699c0e66b3f38d5449aa661f5e0e8a5a406c78611eeb090aea96f299e,Cactus,malwarebazaar,ransomware,2026-08-04 07:49:13 UTC,analyzed,620,NO_VICTIM_ACTIVITY,file_type=exe
c023acd66dac4489a60328b1573f862b7e7616ef0b1fb9fd2fd9517745a936f0,c023acd66dac4489a60328b1573f862b7e7616ef0b1fb9fd2fd9517745a936f0,Cactus,malwarebazaar,ransomware,2026-08-04 07:49:17 UTC,analyzed,626,NO_VICTIM_ACTIVITY,file_type=exe
c49b4faa6ac7b5c207410ed1e86d0f21c00f47a78c531a0a736266c436cc1c0a,c49b4faa6ac7b5c207410ed1e86d0f21c00f47a78c531a0a736266c436cc1c0a,Cactus,malwarebazaar,ransomware,2026-08-04 07:49:21 UTC,analyzed,632,FAILED,file_type=exe
d0de7f54d938e8f2f67b7ed071f8c4ad12c4634c271d5c810ebf58b1fd67f10d,d0de7f54d938e8f2f67b7ed071f8c4ad12c4634c271d5c810ebf58b1fd67f10d,Cactus,malwarebazaar,ransomware,2026-08-04 07:49:25 UTC,analyzed,638,NO_VICTIM_ACTIVITY,file_type=exe
d1db583aad156dc4edd093a64aade4180a77477cb247347e3fc97cae401d061f,d1db583aad156dc4edd093a64aade4180a77477cb247347e3fc97cae401d061f,Cactus,malwarebazaar,ransomware,2026-08-04 07:49:29 UTC,analyzed,644,FAILED,file_type=exe
d455264bbb253a659149ba186f872920d83e3c6a0cab13965aa52a6b49406019,d455264bbb253a659149ba186f872920d83e3c6a0cab13965aa52a6b49406019,Cactus,malwarebazaar,ransomware,2026-08-04 07:49:33 UTC,analyzed,650,FAILED,file_type=exe
d7429c7ecea552403d8e9b420578f954f5bf5407996afaa36db723a0c070c4de,d7429c7ecea552403d8e9b420578f954f5bf5407996afaa36db723a0c070c4de,Cactus,malwarebazaar,ransomware,2026-08-04 07:49:37 UTC,analyzed,656,FAILED,file_type=exe
e9ac9436b5d61dd85e87e0fcd11b729a91466fe2f55f1f32501202d9ed98d562,e9ac9436b5d61dd85e87e0fcd11b729a91466fe2f55f1f32501202d9ed98d562,Cactus,malwarebazaar,ransomware,2026-08-04 07:49:40 UTC,analyzed,662,FAILED,file_type=exe
6e07da23603fbe5b26755df5b8fec19cadf1f7001b1558ea4f12e20271263417,6e07da23603fbe5b26755df5b8fec19cadf1f7001b1558ea4f12e20271263417,BlackMatter,malwarebazaar,ransomware,2026-08-04 07:49:43 UTC,analyzed,404,TRUE_ENCRYPTION,file_type=exe
7d67c8711b4cad0f585604ff3f9f8f40359e4f8e1524e152f50159b0f56d0952,7d67c8711b4cad0f585604ff3f9f8f40359e4f8e1524e152f50159b0f56d0952,BlackMatter,malwarebazaar,ransomware,2026-08-04 07:49:46 UTC,analyzed,419,TRUE_ENCRYPTION,file_type=exe
27a3cc834c1cd00ad5378c373d76957998bb54bbcfe67bbf3ae5c7be5a5a66dd,27a3cc834c1cd00ad5378c373d76957998bb54bbcfe67bbf3ae5c7be5a5a66dd,BlackMatter,malwarebazaar,ransomware,2026-08-04 07:49:49 UTC,analyzed,433,TRUE_ENCRYPTION,file_type=exe
ec089cdd699fafbeb3cfd7dc68ac16f556c3456c7f7a57984030ae8975d8267f,ec089cdd699fafbeb3cfd7dc68ac16f556c3456c7f7a57984030ae8975d8267f,BlackMatter,malwarebazaar,ransomware,2026-08-04 07:49:52 UTC,analyzed,446,TRUE_ENCRYPTION,file_type=exe
32ea523752fe1db8f2a96e201bd0d6f223dce7f2cebe8fb4260d12e0c0dda4ce,32ea523752fe1db8f2a96e201bd0d6f223dce7f2cebe8fb4260d12e0c0dda4ce,BlackMatter,malwarebazaar,ransomware,2026-08-04 07:49:55 UTC,analyzed,458,TRUE_ENCRYPTION,file_type=exe
2d04d802438ae93b095acfbb87cf5760bfaf1bbd300a609d6941a6861bcc68a7,2d04d802438ae93b095acfbb87cf5760bfaf1bbd300a609d6941a6861bcc68a7,BlackMatter,malwarebazaar,ransomware,2026-08-04 07:49:58 UTC,analyzed,468,TRUE_ENCRYPTION,file_type=exe
66160f72ad9521da85a4edd197ce30f12cc38cc2ba53cdfb1017cb99203dba73,66160f72ad9521da85a4edd197ce30f12cc38cc2ba53cdfb1017cb99203dba73,BlackMatter,malwarebazaar,ransomware,2026-08-04 07:50:01 UTC,analyzed,478,TRUE_ENCRYPTION,file_type=exe
38e2e2b90a9cb4f7f33e2bc5c2dfa3f6c2ff7b4babf6053513c6b0d0b66bd8c9,Win32.S409-Compiled.exe,,malwarebazaar,ransomware,2026-08-04 07:50:06 UTC,analyzed,823,TRUE_ENCRYPTION,file_type=exe
31529c7f5c2f38a57227b307bb77e2dc86d283bd8110cf0b8a38285f75b7f872,Win32.S409_original.exe,,malwarebazaar,ransomware,2026-08-04 07:50:11 UTC,analyzed,826,FAILED,file_type=exe
9d29441037295b6a3ab348c6ce9c909a052fca4f7d3f888bdbe626b9da099d73,9d29441037295b6a3ab348c6ce9c909a052fca4f7d3f888bdbe626b9da099d73,Fog,malwarebazaar,ransomware,2026-08-04 07:50:17 UTC,analyzed,277,TRUE_ENCRYPTION,file_type=exe
f90eed4b7864c8d1af860abd487b58019d919b8be361f67b0dccdc2e36f3729d,f90eed4b7864c8d1af860abd487b58019d919b8be361f67b0dccdc2e36f3729d,Fog,malwarebazaar,ransomware,2026-08-04 07:50:21 UTC,analyzed,300,TRUE_ENCRYPTION,file_type=exe
44494f7c30d86199c94ce582b269ab1b0f345f362af1f5a4e9eeed63304b4809,44494f7c30d86199c94ce582b269ab1b0f345f362af1f5a4e9eeed63304b4809,Fog,malwarebazaar,ransomware,2026-08-04 07:50:24 UTC,analyzed,323,TRUE_ENCRYPTION,file_type=exe
aff2e319a47193ab195e2aa116747c2a5aa4bb4d8cc4c915e0c6bda12481881f,aff2e319a47193ab195e2aa116747c2a5aa4bb4d8cc4c915e0c6bda12481881f,Akira,malwarebazaar,ransomware,2026-08-04 07:50:28 UTC,analyzed,810,TRUE_ENCRYPTION,file_type=exe
c6ede98801eb47fd2390c23064fb0b8a78c17a222926d2f6ba0d7ea8c622ded2,c6ede98801eb47fd2390c23064fb0b8a78c17a222926d2f6ba0d7ea8c622ded2,Akira,malwarebazaar,ransomware,2026-08-04 07:50:32 UTC,analyzed,814,FAILED,file_type=exe
35b94bc0a7ea6e2aedbd06411947cb1e6bd439244fc51fa6165b82cd42188613,35b94bc0a7ea6e2aedbd06411947cb1e6bd439244fc51fa6165b82cd42188613,Akira,malwarebazaar,ransomware,2026-08-04 07:50:35 UTC,analyzed,818,FAILED,file_type=exe
d131cb0aa9ff7a152b506d53fbc066743e97aa7c6592b5de534f0b174fc819fc,d131cb0aa9ff7a152b506d53fbc066743e97aa7c6592b5de534f0b174fc819fc,Akira,malwarebazaar,ransomware,2026-08-04 07:50:39 UTC,analyzed,821,FAILED,file_type=exe
28c3a34af034859aee859e0429c95ad35c55e0aa2b2ffbc48f39e8c3e26c7be0,28c3a34af034859aee859e0429c95ad35c55e0aa2b2ffbc48f39e8c3e26c7be0,Akira,malwarebazaar,ransomware,2026-08-04 07:50:43 UTC,analyzed,824,TRUE_ENCRYPTION,file_type=exe
92834241ae642d8d3baf8401d6340b603e540c99ce4e5375b6e1ae30fc627974,92834241ae642d8d3baf8401d6340b603e540c99ce4e5375b6e1ae30fc627974,Akira,malwarebazaar,ransomware,2026-08-04 07:50:47 UTC,analyzed,827,TRUE_ENCRYPTION,file_type=exe
2290f0f8462d389fd52307411c126fbc682e5db1b6a122da1b2ae1fb1f914359,2290f0f8462d389fd52307411c126fbc682e5db1b6a122da1b2ae1fb1f914359,Akira,malwarebazaar,ransomware,2026-08-04 07:50:50 UTC,analyzed,830,FAILED,file_type=exe
7f4a4a2093163e8946b5649b91c942d414779bec4551613cd35a812d6c9359f5,7f4a4a2093163e8946b5649b91c942d414779bec4551613cd35a812d6c9359f5,Akira,malwarebazaar,ransomware,2026-08-04 07:50:54 UTC,analyzed,833,TRUE_ENCRYPTION,file_type=exe
3da380b7816c9f1c3fbf9d63aeeb02cd939ca68d3062b0f35b660b7b75b81028,3da380b7816c9f1c3fbf9d63aeeb02cd939ca68d3062b0f35b660b7b75b81028,Akira,malwarebazaar,ransomware,2026-08-04 07:50:57 UTC,analyzed,836,FAILED,file_type=exe
ef9d89e9f4371ea86b4f744a3abae761b7e7bcc715239ab3c4c0f4d317a77bb0,ef9d89e9f4371ea86b4f744a3abae761b7e7bcc715239ab3c4c0f4d317a77bb0,Akira,malwarebazaar,ransomware,2026-08-04 07:51:02 UTC,analyzed,839,TRUE_ENCRYPTION,file_type=exe
43226a19b0f84ddc353eff49aba8a0791d5d12b74d984adfdc24cf7f0d73d25a,43226a19b0f84ddc353eff49aba8a0791d5d12b74d984adfdc24cf7f0d73d25a,Akira,malwarebazaar,ransomware,2026-08-04 07:51:06 UTC,analyzed,842,TRUE_ENCRYPTION,file_type=exe
71029bcf2c1708dd53473885e244bf37daba6543e13bdf1925a7d5c2ee683a37,71029bcf2c1708dd53473885e244bf37daba6543e13bdf1925a7d5c2ee683a37,Akira,malwarebazaar,ransomware,2026-08-04 07:51:10 UTC,analyzed,845,TRUE_ENCRYPTION,file_type=exe
f0c1268ae4f6b942bd9af389c0c0f2e78e6dd163c3a1f41b83ce6e1005f3a404,f0c1268ae4f6b942bd9af389c0c0f2e78e6dd163c3a1f41b83ce6e1005f3a404,Akira,malwarebazaar,ransomware,2026-08-04 07:51:13 UTC,analyzed,848,TRUE_ENCRYPTION,file_type=exe
86517343326a99a6c89ee5a1895b43b338214ef945de817c22a2cf37f127c4b4,86517343326a99a6c89ee5a1895b43b338214ef945de817c22a2cf37f127c4b4,Akira,malwarebazaar,ransomware,2026-08-04 07:51:17 UTC,analyzed,851,TRUE_ENCRYPTION,file_type=exe
4f0b6ccf09a4c8e05aaf945bd23f2ef1d02f936682cfe6d42e3f1c4c5d8c60e2,4f0b6ccf09a4c8e05aaf945bd23f2ef1d02f936682cfe6d42e3f1c4c5d8c60e2,Akira,malwarebazaar,ransomware,2026-08-04 07:51:20 UTC,analyzed,854,TRUE_ENCRYPTION,file_type=exe
83badb448a7575b661deb122871d2340604c4ead3f95ed25bcdf6cdbe58e319c,Locker.exe,VanHelsing,malwarebazaar,ransomware,2026-08-04 07:51:24 UTC,analyzed,233,NO_VICTIM_ACTIVITY,file_type=exe
67a78b39e760e3460a135a7e4fa096ab6ce6b013658103890c866d9401928ba5,67a78b39e760e3460a135a7e4fa096ab6ce6b013658103890c866d9401928ba5,Rhysida,malwarebazaar,ransomware,2026-08-04 07:51:28 UTC,analyzed,139,TRUE_ENCRYPTION,file_type=exe
0050a69d6e93eddcd1ea4b7e951945f8970e5700d9436238bde7f63d757988ae,0050a69d6e93eddcd1ea4b7e951945f8970e5700d9436238bde7f63d757988ae,Rhysida,malwarebazaar,ransomware,2026-08-04 07:51:31 UTC,analyzed,190,TRUE_ENCRYPTION,file_type=exe
1a9c27e5be8c58da1c02fc4245a07831d5d431cdd1a91cd35d2dd0ad62da71cd,1a9c27e5be8c58da1c02fc4245a07831d5d431cdd1a91cd35d2dd0ad62da71cd,Rhysida,malwarebazaar,ransomware,2026-08-04 07:51:35 UTC,analyzed,229,TRUE_ENCRYPTION,file_type=exe
3d2013c2ba0aa1c0475cab186ddf3d9005133fe5f88b5d8604b46673b96a40d8,3d2013c2ba0aa1c0475cab186ddf3d9005133fe5f88b5d8604b46673b96a40d8,Rhysida,malwarebazaar,ransomware,2026-08-04 07:51:37 UTC,analyzed,259,TRUE_ENCRYPTION,file_type=exe
d23a265fb919a4d9401ef60c5aa52d8deda1310a8a1eeb61edbe87f35114f76a,d23a265fb919a4d9401ef60c5aa52d8deda1310a8a1eeb61edbe87f35114f76a,Rhysida,malwarebazaar,ransomware,2026-08-04 07:51:42 UTC,analyzed,286,TRUE_ENCRYPTION,file_type=exe
9ddb239d7c1ca00e5cf13cd6b1f816bdba30792b1f26cef2ca807336bd0b3802,9ddb239d7c1ca00e5cf13cd6b1f816bdba30792b1f26cef2ca807336bd0b3802,Rhysida,malwarebazaar,ransomware,2026-08-04 07:51:46 UTC,analyzed,309,TRUE_ENCRYPTION,file_type=exe
57a2401758b5282090f145623041a6c3805663de137505a7095df9e0271b4602,57a2401758b5282090f145623041a6c3805663de137505a7095df9e0271b4602,Rhysida,malwarebazaar,ransomware,2026-08-04 07:51:50 UTC,analyzed,330,FAILED,file_type=exe
b55ecbddcbed916481ad537807cd3e33cb71814be6ce8e03eb63b629ccb8c692,b55ecbddcbed916481ad537807cd3e33cb71814be6ce8e03eb63b629ccb8c692,Rhysida,malwarebazaar,ransomware,2026-08-04 07:51:53 UTC,analyzed,349,TRUE_ENCRYPTION,file_type=exe
a78fa1ecadc46870c17e458ab427bad6586b74c7d3e8472f6d8448832ccb20f1,a78fa1ecadc46870c17e458ab427bad6586b74c7d3e8472f6d8448832ccb20f1,Rhysida,malwarebazaar,ransomware,2026-08-04 07:51:56 UTC,analyzed,366,TRUE_ENCRYPTION,file_type=exe
8061bb999a0f5d3165742283001a7a68e7905718c928172343bf8456b69f268d,8061bb999a0f5d3165742283001a7a68e7905718c928172343bf8456b69f268d,Rhysida,malwarebazaar,ransomware,2026-08-04 07:51:59 UTC,analyzed,383,TRUE_ENCRYPTION,file_type=exe
39d5df6362f22bdc4cecda164149ea0e66f93f61fe1f403f9c38666052f385ad,39d5df6362f22bdc4cecda164149ea0e66f93f61fe1f403f9c38666052f385ad,Rhysida,malwarebazaar,ransomware,2026-08-04 07:52:03 UTC,analyzed,398,TRUE_ENCRYPTION,file_type=exe
2c5d3fea7ad3c9c49e9c1a154370229c86c48fbaf7044213fd85d31efcebf7f6,2c5d3fea7ad3c9c49e9c1a154370229c86c48fbaf7044213fd85d31efcebf7f6,Rhysida,malwarebazaar,ransomware,2026-08-04 07:52:06 UTC,analyzed,413,TRUE_ENCRYPTION,file_type=exe
250e81eeb4df4649ccb13e271ae3f80d44995b2f8ffca7a2c5e1c738546c2ab1,250e81eeb4df4649ccb13e271ae3f80d44995b2f8ffca7a2c5e1c738546c2ab1,Rhysida,malwarebazaar,ransomware,2026-08-04 07:52:10 UTC,analyzed,428,FAILED,file_type=exe
f6f74e05e24dd2e4e60e5fb50f73fc720ee826a43f2f0056e5b88724fa06fbab,f6f74e05e24dd2e4e60e5fb50f73fc720ee826a43f2f0056e5b88724fa06fbab,Rhysida,malwarebazaar,ransomware,2026-08-04 07:52:13 UTC,analyzed,441,TRUE_ENCRYPTION,file_type=exe
0bb0e1fcff8ccf54c6f9ecfd4bbb6757f6a25cb0e7a173d12cf0f402a3ae706f,0bb0e1fcff8ccf54c6f9ecfd4bbb6757f6a25cb0e7a173d12cf0f402a3ae706f,Rhysida,malwarebazaar,ransomware,2026-08-04 07:52:17 UTC,analyzed,453,TRUE_ENCRYPTION,file_type=exe
08c4e99a0bd2c88d0d96f0c688557fbb27c027ce3fbad861925961c86eb35ec1,08c4e99a0bd2c88d0d96f0c688557fbb27c027ce3fbad861925961c86eb35ec1,Nitrogen,malwarebazaar,ransomware,2026-08-04 07:52:21 UTC,analyzed,306,FAILED,file_type=exe
75d6531f631c6088552be3e4b1c76a34e4009b03c13af1971cd9c3b0722095fa,75d6531f631c6088552be3e4b1c76a34e4009b03c13af1971cd9c3b0722095fa,Apos,malwarebazaar,ransomware,2026-08-04 07:52:24 UTC,analyzed,83,FAILED,file_type=exe
3da500d9dc1a24e1c4a55146a1dd85088c07cde5cb684f1ad4238b78b74cd5c1,3da500d9dc1a24e1c4a55146a1dd85088c07cde5cb684f1ad4238b78b74cd5c1,Apos,malwarebazaar,ransomware,2026-08-04 07:52:28 UTC,analyzed,158,FAILED,file_type=exe
33a99066776eacf39e2f36243b8fbee2e542e35a4b56531187463a266dd5b0ff,33a99066776eacf39e2f36243b8fbee2e542e35a4b56531187463a266dd5b0ff,Apos,malwarebazaar,ransomware,2026-08-04 07:52:32 UTC,analyzed,203,NO_VICTIM_ACTIVITY,file_type=exe
a0027df5ccc2a66c8a0bcaa7d7033aa438b58a92732030e73d5a9f77a7659639,a0027df5ccc2a66c8a0bcaa7d7033aa438b58a92732030e73d5a9f77a7659639,Apos,malwarebazaar,ransomware,2026-08-04 07:52:35 UTC,analyzed,239,FAILED,file_type=exe
e90249a27ea1181ac71f789c0c563d008cf920c5847b41c7a790952139b84808,e90249a27ea1181ac71f789c0c563d008cf920c5847b41c7a790952139b84808,Apos,malwarebazaar,ransomware,2026-08-04 07:52:40 UTC,analyzed,268,NO_VICTIM_ACTIVITY,file_type=exe
11e508b38307c2ee091406449b78fc1e5cae7d48ac40e4fc3339cb31a4d52754,Catto.exe,Chaos,malwarebazaar,ransomware,2026-08-04 07:52:47 UTC,analyzed,391,NO_VICTIM_ACTIVITY,file_type=exe
fea2b34d7cfd396c4ac408c6f8bb3d97147f71cdc32c6a6010b1d459834abaf6,2021 Ransomware.exe,,malwarebazaar,ransomware,2026-08-04 07:52:52 UTC,analyzed,829,WEAK_VICTIM_ACTIVITY,file_type=exe
ebbb8769086dcf3f7bdaf9366cf6a5ac4c5ac981e4be3c69d08ce06fc80c2f28,FreeWill.exe,AgentTesla,malwarebazaar,ransomware,2026-08-04 07:52:58 UTC,analyzed,81,NO_VICTIM_ACTIVITY,file_type=exe
e6a498b89aa04d7c25cbfa96599a4cd9bdcc79e73bf7b09906e5ca85bda2bff6,e6a498b89aa04d7c25cbfa96599a4cd9bdcc79e73bf7b09906e5ca85bda2bff6,Nitrogen,malwarebazaar,ransomware,2026-08-04 07:53:02 UTC,analyzed,327,TRUE_ENCRYPTION,file_type=exe
8e209e4f7f10ca6def27eabf31ecc0dbb809643feaecb8e52c2f194daa0511aa,8e209e4f7f10ca6def27eabf31ecc0dbb809643feaecb8e52c2f194daa0511aa,Fog,malwarebazaar,ransomware,2026-08-04 07:53:05 UTC,analyzed,342,TRUE_ENCRYPTION,file_type=exe
100cbf5578cfd03950c8606c6131a85635a8278696d3d64ecb629fa09af449e9,100cbf5578cfd03950c8606c6131a85635a8278696d3d64ecb629fa09af449e9,Fog,malwarebazaar,ransomware,2026-08-04 07:53:08 UTC,analyzed,359,TRUE_ENCRYPTION,file_type=exe
44b7eebf7a26d466f9c7ad4ddb058503f7066aded180ab6d5162197c47780293,44b7eebf7a26d466f9c7ad4ddb058503f7066aded180ab6d5162197c47780293,Fog,malwarebazaar,ransomware,2026-08-04 07:53:12 UTC,analyzed,376,TRUE_ENCRYPTION,file_type=exe
703d9ded2d69eac83f9e4d1f94b283d01d4592fe4fcf37dfffcb21bedc45a6ab,703d9ded2d69eac83f9e4d1f94b283d01d4592fe4fcf37dfffcb21bedc45a6ab,Fog,malwarebazaar,ransomware,2026-08-04 07:53:15 UTC,analyzed,393,TRUE_ENCRYPTION,file_type=exe
4ad9216a0a6ac84a7b0b5593b0fc97e27de9cdfeb84ab7e5339ae5a4102100c0,4ad9216a0a6ac84a7b0b5593b0fc97e27de9cdfeb84ab7e5339ae5a4102100c0,Fog,malwarebazaar,ransomware,2026-08-04 07:53:18 UTC,analyzed,408,TRUE_ENCRYPTION,file_type=exe
a205b3000e64821c7d482e1b5c0fde9cedbbdc4783ba25d6019a93b325aa8742,Installer.exe,,malwarebazaar,ransomware,2026-08-04 07:53:23 UTC,analyzed,832,TRUE_ENCRYPTION,file_type=exe
6316417fcd979c39a4da672ba3521f62081ff4dfebb868ef65a1f2dff9a738ea,6316417fcd979c39a4da672ba3521f62081ff4dfebb868ef65a1f2dff9a738ea.exe,Qilin,malwarebazaar,ransomware,2026-08-04 07:53:28 UTC,analyzed,567,FAILED,file_type=exe
b8e71845cc8ccd668a3436d1952a6c57649974bb8399e599dc33afc4c0843be7,b8e71845cc8ccd668a3436d1952a6c57649974bb8399e599dc33afc4c0843be7,HellCat,malwarebazaar,ransomware,2026-08-04 07:53:33 UTC,analyzed,107,NO_VICTIM_ACTIVITY,file_type=exe
dcd7995038ad4839e88e5bb3bf654b4f7c2ad09780a39c9d47596ce717fd4ac2,dcd7995038ad4839e88e5bb3bf654b4f7c2ad09780a39c9d47596ce717fd4ac2,HellCat,malwarebazaar,ransomware,2026-08-04 07:53:39 UTC,analyzed,173,TRUE_ENCRYPTION,file_type=exe
6924479c42b3732e0d57b34714b7210e14655ee1ca570ae4aab1d90c3f6c6428,6924479c42b3732e0d57b34714b7210e14655ee1ca570ae4aab1d90c3f6c6428,HellCat,malwarebazaar,ransomware,2026-08-04 07:53:44 UTC,analyzed,216,NO_VICTIM_ACTIVITY,file_type=exe
d00853e592bccd823027e7e685d88c5a1f76a5a36ec5b7073d49ee633b050cc8,d00853e592bccd823027e7e685d88c5a1f76a5a36ec5b7073d49ee633b050cc8,Cloak,malwarebazaar,ransomware,2026-08-04 07:53:47 UTC,analyzed,94,TRUE_ENCRYPTION,file_type=exe
827baf5be98a693f923c055ba9950ec3437a244abb9bd0a4e794add298bff087,827baf5be98a693f923c055ba9950ec3437a244abb9bd0a4e794add298bff087,Cloak,malwarebazaar,ransomware,2026-08-04 07:53:49 UTC,analyzed,167,TRUE_ENCRYPTION,file_type=exe
f4ca0aaa779663297a6fb634fb3c9f775230e52a9fa733073fe8057b0e70a0f5,f4ca0aaa779663297a6fb634fb3c9f775230e52a9fa733073fe8057b0e70a0f5,Cloak,malwarebazaar,ransomware,2026-08-04 07:53:52 UTC,analyzed,211,NO_VICTIM_ACTIVITY,file_type=exe
456b9adaabae9f3dce2207aa71410987f0a571cd8c11f2e7b41468501a863606,456b9adaabae9f3dce2207aa71410987f0a571cd8c11f2e7b41468501a863606,RustyStealer,malwarebazaar,ransomware,2026-08-04 07:54:02 UTC,analyzed,414,NO_VICTIM_ACTIVITY,file_type=exe
ae455890e2123a9d011e47065828b0a03c08fd66570fab9d0340d2f5d5eb40c3,ae455890e2123a9d011e47065828b0a03c08fd66570fab9d0340d2f5d5eb40c3,Akira,malwarebazaar,ransomware,2026-08-04 07:54:05 UTC,analyzed,857,TRUE_ENCRYPTION,file_type=exe
0fe572e7aad25a38ba9ee9b4600ddc02641e29061de250c525d6828f70326005,0fe572e7aad25a38ba9ee9b4600ddc02641e29061de250c525d6828f70326005,Akira,malwarebazaar,ransomware,2026-08-04 07:54:09 UTC,analyzed,860,TRUE_ENCRYPTION,file_type=exe
fd84c9c09358e721173725d0a1eeae08cd0c6d74b2f44646552adc4b19883e90,fd84c9c09358e721173725d0a1eeae08cd0c6d74b2f44646552adc4b19883e90,Akira,malwarebazaar,ransomware,2026-08-04 07:54:12 UTC,analyzed,863,FAILED,file_type=exe
5cddd87ae2b853a6e6eb0ad62cb14c9005c488a12eabb663a58bf7a413c7e6dc,5cddd87ae2b853a6e6eb0ad62cb14c9005c488a12eabb663a58bf7a413c7e6dc,Akira,malwarebazaar,ransomware,2026-08-04 07:54:15 UTC,analyzed,866,FAILED,file_type=exe
b6e7b72176815257a1684e9ecdb22766d3a07747edaae45d655320ba0ee7940d,b6e7b72176815257a1684e9ecdb22766d3a07747edaae45d655320ba0ee7940d,Akira,malwarebazaar,ransomware,2026-08-04 07:54:19 UTC,analyzed,869,NO_VICTIM_ACTIVITY,file_type=exe
b8ed237d1cfef4f1cefaeb06219be94b8fbb8cf404369b4f3734deeccb3e1079,b8ed237d1cfef4f1cefaeb06219be94b8fbb8cf404369b4f3734deeccb3e1079,Akira,malwarebazaar,ransomware,2026-08-04 07:54:23 UTC,analyzed,872,NO_VICTIM_ACTIVITY,file_type=exe
118a61b23ecb66658d42836ac9b8c78ffd2e5b994e2dcc53a4c7ca4291a4cfad,118a61b23ecb66658d42836ac9b8c78ffd2e5b994e2dcc53a4c7ca4291a4cfad,Akira,malwarebazaar,ransomware,2026-08-04 07:54:26 UTC,analyzed,875,FAILED,file_type=exe
e7a44ea5adc366e7600623e7ff433d57cf3ba0bfac8171899497fec6c8a28acc,e7a44ea5adc366e7600623e7ff433d57cf3ba0bfac8171899497fec6c8a28acc,Akira,malwarebazaar,ransomware,2026-08-04 07:54:29 UTC,analyzed,878,FAILED,file_type=exe
bd3a93a17a89ea67e9bd08df7aa5feeeca18dd7c1e01687d293d649539416e18,bd3a93a17a89ea67e9bd08df7aa5feeeca18dd7c1e01687d293d649539416e18,Akira,malwarebazaar,ransomware,2026-08-04 07:54:33 UTC,analyzed,881,TRUE_ENCRYPTION,file_type=exe
4f16317dba9b983bf494892dcd227c0795f3809303e3b2787bf0a2193a318e0c,4f16317dba9b983bf494892dcd227c0795f3809303e3b2787bf0a2193a318e0c,Akira,malwarebazaar,ransomware,2026-08-04 07:54:36 UTC,analyzed,884,TRUE_ENCRYPTION,file_type=exe
c0debf857c2e59dce4ef5bb8a7c916d5d9b44da76588ea6228b123a2707d9103,123.exe,,malwarebazaar,ransomware,2026-08-04 07:54:43 UTC,analyzed,835,TRUE_ENCRYPTION,file_type=exe
3e239b8776d380eb691c859a376977409546903eba4ecd02dba754bbf7d6db61,LB3.exe,BlackMatter,malwarebazaar,ransomware,2026-08-04 07:54:45 UTC,analyzed,488,TRUE_ENCRYPTION,file_type=exe
18550a8b193b52f8fdd86e9e8d66affdab001ed8feca5585065388a66ceebb5c,18550a8b193b52f8fdd86e9e8d66affdab001ed8feca5585065388a66ceebb5c,Qilin,malwarebazaar,ransomware,2026-08-04 07:54:50 UTC,analyzed,573,FAILED,file_type=exe
b6c969551f35c5de1ebc234fd688d7aa11eac01008013914dbc53f3e811c7c77,mamona_sample_decrypt.exe,,malwarebazaar,ransomware,2026-08-04 07:54:52 UTC,analyzed,838,NO_VICTIM_ACTIVITY,file_type=exe
c5f49c0f566a114b529138f8bd222865c9fa9fa95f96ec1ded50700764a1d4e7,mamona_sample.exe,,malwarebazaar,ransomware,2026-08-04 07:54:55 UTC,analyzed,841,FAILED,file_type=exe
99959c5141f62d4fbb60efdc05260b6e956651963d29c36845f435815062fd98,99959c5141f62d4fbb60efdc05260b6e956651963d29c36845f435815062fd98,Ransomware.VanHelsing,malwarebazaar,ransomware,2026-08-04 07:54:59 UTC,analyzed,138,TRUE_ENCRYPTION,file_type=exe
a17f22b67ecf9312bf59c8bb77445969bd6bbe61cf2b5ba98255f6cf30130d8c,a17f22b67ecf9312bf59c8bb77445969bd6bbe61cf2b5ba98255f6cf30130d8c,BlackMatter,malwarebazaar,ransomware,2026-08-04 07:55:02 UTC,analyzed,497,TRUE_ENCRYPTION,file_type=exe
8d5961cc31eaeda929fedc07b9505ec9e3a6b474afb6b70cfaa1f88a3d3962f4,8d5961cc31eaeda929fedc07b9505ec9e3a6b474afb6b70cfaa1f88a3d3962f4,BlackMatter,malwarebazaar,ransomware,2026-08-04 07:55:05 UTC,analyzed,506,TRUE_ENCRYPTION,file_type=exe
d9938ac4346d03a07f8ce8b57436e75ba5e936372b9bfd0386f18f6d56902c88,d9938ac4346d03a07f8ce8b57436e75ba5e936372b9bfd0386f18f6d56902c88,BlackMatter,malwarebazaar,ransomware,2026-08-04 07:55:08 UTC,analyzed,514,TRUE_ENCRYPTION,file_type=exe
86d812544f8e250f1b52a4372aaab87565928d364471d115d669a8cc7ec50e17,86d812544f8e250f1b52a4372aaab87565928d364471d115d669a8cc7ec50e17,VanHelsing,malwarebazaar,ransomware,2026-08-04 07:55:12 UTC,analyzed,263,TRUE_ENCRYPTION,file_type=exe
171c9a82171f9092fbc4b9d80af92448c9d2b6ebe00e14ceef0e5259b92578c7,BobuxManRemastered.exe,Skid,malwarebazaar,ransomware,2026-08-04 07:55:15 UTC,analyzed,142,NO_VICTIM_ACTIVITY,file_type=exe
131b141acb1c4b1eb1b1654d7166feeef9dba521cee4216abd2d9ad48370797b,永恒之绿.exe,,malwarebazaar,ransomware,2026-08-04 07:55:21 UTC,analyzed,844,NO_VICTIM_ACTIVITY,file_type=exe
f32a14e2a7a2510862c04fdc2e9ae97bb4f444d33dc5394360ad3402548bf687,f32a14e2a7a2510862c04fdc2e9ae97bb4f444d33dc5394360ad3402548bf687.exe,Jigsaw,malwarebazaar,ransomware,2026-08-04 07:55:55 UTC,analyzed,114,NO_VICTIM_ACTIVITY,file_type=exe
b563bb3d1fd04257c5bcfc73f3e030c61ddb7fea1aca5189355eb230b4312164,flxfmg.exe,DBatLoader,malwarebazaar,ransomware,2026-08-04 07:55:58 UTC,analyzed,96,NO_VICTIM_ACTIVITY,file_type=exe
b99cd41e40fa63ebe8efc4f1263d9fe3c0151a05ac580ee5421ca365f163e5ea,Extreme Injector v3.exe,XWorm,malwarebazaar,ransomware,2026-08-04 07:56:02 UTC,analyzed,151,NO_VICTIM_ACTIVITY,file_type=exe
01b57b7ab116a353b5d7d778b62c1a99f7f9f10e6af3a524aa13b9e3a588d751,lc.exe.bin,PureLogsStealer,malwarebazaar,ransomware,2026-08-04 07:56:05 UTC,analyzed,185,TRUE_ENCRYPTION,file_type=exe
37c761fb83cea0a542da8a9c77726aa96483424bbfe6eb1b59640141f1945f55,FakeLocker.exe,,malwarebazaar,ransomware,2026-08-04 07:56:08 UTC,analyzed,847,NO_VICTIM_ACTIVITY,file_type=exe
cdf13a3de6cf91a1c47ea6eca971ef781847a85df0691c54484bcf41f5f211cb,BleedingRansomware.exe,,malwarebazaar,ransomware,2026-08-04 07:56:10 UTC,analyzed,850,NO_VICTIM_ACTIVITY,file_type=exe
d551a474ecf0b7d1ba6dda319e3b77fdecf39489eaf14b7d8837002f2d31387b,d551a474ecf0b7d1ba6dda319e3b77fdecf39489eaf14b7d8837002f2d31387b.exe,WannaCry,malwarebazaar,ransomware,2026-08-04 07:56:14 UTC,analyzed,264,NO_VICTIM_ACTIVITY,file_type=exe
e2cd9ed64fde196fd80804cf0fbbc235c82f4362b21cbcae9541f426b4c029d0,Cheat_Engine_GH.exe,,malwarebazaar,ransomware,2026-08-04 07:56:19 UTC,analyzed,853,FAILED,file_type=exe
8808a34a7eb0fa51a4a91580a0bd93403defa9747f10be3551b198abb1d92dd1,45.exe,PureLogsStealer,malwarebazaar,ransomware,2026-08-04 07:56:22 UTC,analyzed,225,TRUE_ENCRYPTION,file_type=exe
92348f164c1e42ec1f531d66bea76d65aed9f6bd4187000c0baf92edd3050fb5,payload.exe.bin,,malwarebazaar,ransomware,2026-08-04 07:56:28 UTC,analyzed,856,TRUE_ENCRYPTION,file_type=exe
87d202ef7210114ffe490e51583413adfd6fafbdf38af8632f51054c9bac1811,Endermanch@NoEscape.exe,,malwarebazaar,ransomware,2026-08-04 07:56:31 UTC,analyzed,859,TRUE_ENCRYPTION,file_type=exe
1664fef87be7d26d5666aa84e6096798c0932ea25eb65b5a9e38a107b6e48b3d,Ford Ransomware.exe,Chaos,malwarebazaar,ransomware,2026-08-04 07:56:34 UTC,analyzed,406,NO_VICTIM_ACTIVITY,file_type=exe
f2f15ed5568b4ea4c9ccf7f772347651c2aa13b266ddbbf3893795794214bb2f,f2f15ed5568b4ea4c9ccf7f772347651c2aa13b266ddbbf3893795794214bb2f,,malwarebazaar,ransomware,2026-08-04 07:56:37 UTC,analyzed,862,TRUE_ENCRYPTION,file_type=exe
465e7dceb83ee471d679b09a3c07ba2981a160f0cd36a66376f86ac9ffdddb75,465e7dceb83ee471d679b09a3c07ba2981a160f0cd36a66376f86ac9ffdddb75,,malwarebazaar,ransomware,2026-08-04 07:56:40 UTC,analyzed,865,FAILED,file_type=exe
45562f2d03c5cd053226187cc0fc1d4757833d1a09d225d9ec1667ad410eaf55,45562f2d03c5cd053226187cc0fc1d4757833d1a09d225d9ec1667ad410eaf55,,malwarebazaar,ransomware,2026-08-04 07:56:43 UTC,analyzed,868,FAILED,file_type=exe
48e0c9294a1be0584b432364cfc4e1cc74eea4813e3458690861a3ad6a4a833f,48e0c9294a1be0584b432364cfc4e1cc74eea4813e3458690861a3ad6a4a833f,,malwarebazaar,ransomware,2026-08-04 07:56:45 UTC,analyzed,871,TRUE_ENCRYPTION,file_type=exe
2e741ba375523e582c98eb3a42c602f0d38035d358b5787a218fe25a96ad6e12,2e741ba375523e582c98eb3a42c602f0d38035d358b5787a218fe25a96ad6e12,,malwarebazaar,ransomware,2026-08-04 07:56:48 UTC,analyzed,874,TRUE_ENCRYPTION,file_type=exe
43691290ac03ebb26754203f1cc3940b32f036babb7cfab3cb14fe2128389c0c,43691290ac03ebb26754203f1cc3940b32f036babb7cfab3cb14fe2128389c0c,Qilin,malwarebazaar,ransomware,2026-08-04 07:56:53 UTC,analyzed,579,FAILED,file_type=exe
55d51a57aa4ae7086e9eff4a33602c03f051464996af419c6c79214fcc04be47,55d51a57aa4ae7086e9eff4a33602c03f051464996af419c6c79214fcc04be47,Qilin,malwarebazaar,ransomware,2026-08-04 07:56:58 UTC,analyzed,585,FAILED,file_type=exe
60bc22a15a52fe605c337fd9b53bb6c1593c5c8deff18fcc2817ac51d0d300a2,60bc22a15a52fe605c337fd9b53bb6c1593c5c8deff18fcc2817ac51d0d300a2,Qilin,malwarebazaar,ransomware,2026-08-04 07:57:02 UTC,analyzed,591,FAILED,file_type=exe
f1f3fddcea2b7d98617aae0707c5bcaf6ea354498b3e77a8810c0cce702040b9,f1f3fddcea2b7d98617aae0707c5bcaf6ea354498b3e77a8810c0cce702040b9,Qilin,malwarebazaar,ransomware,2026-08-04 07:57:06 UTC,analyzed,597,FAILED,file_type=exe
73b1fffd35d3a72775e0ac4c836e70efefa0930551a2f813843bdfb32df4579a,73b1fffd35d3a72775e0ac4c836e70efefa0930551a2f813843bdfb32df4579a,Qilin,malwarebazaar,ransomware,2026-08-04 07:57:10 UTC,analyzed,603,FAILED,file_type=exe
5bd26a1b8b7c11a04ab63b6cdfc35424b332747c0a8a62432bff8268bd966ec5,5bd26a1b8b7c11a04ab63b6cdfc35424b332747c0a8a62432bff8268bd966ec5,Qilin,malwarebazaar,ransomware,2026-08-04 07:57:15 UTC,analyzed,609,FAILED,file_type=exe
13fda99fae67bcb810c018c9db2913aa0426798ea818b12134da97af261f058f,13fda99fae67bcb810c018c9db2913aa0426798ea818b12134da97af261f058f,Qilin,malwarebazaar,ransomware,2026-08-04 07:57:20 UTC,analyzed,615,FAILED,file_type=exe
0ed04a6f924b2757e64940fb909ae1e8b46eb7dcf377985074434a44c38ff64f,0ed04a6f924b2757e64940fb909ae1e8b46eb7dcf377985074434a44c38ff64f,Qilin,malwarebazaar,ransomware,2026-08-04 07:57:25 UTC,analyzed,621,FAILED,file_type=exe
1c9e06d6bdf8d307a8860e5b47f8c4ec8ebd9e37e6b519c5a72b16db8dad2ade,1c9e06d6bdf8d307a8860e5b47f8c4ec8ebd9e37e6b519c5a72b16db8dad2ade,Qilin,malwarebazaar,ransomware,2026-08-04 07:57:30 UTC,analyzed,627,FAILED,file_type=exe
4b3312a6e5be6e3afbae4ee89a7a50a27e2489678b7d66824ce7a83b3592f43c,4b3312a6e5be6e3afbae4ee89a7a50a27e2489678b7d66824ce7a83b3592f43c,Qilin,malwarebazaar,ransomware,2026-08-04 07:57:35 UTC,analyzed,633,FAILED,file_type=exe
4f62e909c14af137dc07d4b990c53bb28fa7c5344966b7b18f157eb235d0d796,4f62e909c14af137dc07d4b990c53bb28fa7c5344966b7b18f157eb235d0d796,Qilin,malwarebazaar,ransomware,2026-08-04 07:57:40 UTC,analyzed,639,FAILED,file_type=exe
5edb3f2f5789eca3866b7f5cdbde8016b2552239d2cfe5ea602184ba7071aa07,5edb3f2f5789eca3866b7f5cdbde8016b2552239d2cfe5ea602184ba7071aa07,Qilin,malwarebazaar,ransomware,2026-08-04 07:57:44 UTC,analyzed,645,FAILED,file_type=exe
f3d09afc535097b0c5523579054b381e73ca58a2568e028fac0046ce73139d54,f3d09afc535097b0c5523579054b381e73ca58a2568e028fac0046ce73139d54,Qilin,malwarebazaar,ransomware,2026-08-04 07:57:49 UTC,analyzed,651,FAILED,file_type=exe
b01dff27adffe5c43253bb33fb78b40f3bbb9853a510ee978abb821c38ffced0,b01dff27adffe5c43253bb33fb78b40f3bbb9853a510ee978abb821c38ffced0,Qilin,malwarebazaar,ransomware,2026-08-04 07:57:54 UTC,analyzed,657,NO_VICTIM_ACTIVITY,file_type=exe
907c48316ea3d9592204cc16c817530b7bdaeed7f04d32535dac66de3713202c,907c48316ea3d9592204cc16c817530b7bdaeed7f04d32535dac66de3713202c,Qilin,malwarebazaar,ransomware,2026-08-04 07:57:59 UTC,analyzed,663,FAILED,file_type=exe
92ccdcead66a6415486a2ccb1095c0018c4debadd77b2be1978df1277985967f,92ccdcead66a6415486a2ccb1095c0018c4debadd77b2be1978df1277985967f,Qilin,malwarebazaar,ransomware,2026-08-04 07:58:03 UTC,analyzed,668,FAILED,file_type=exe
9ad5ad02572a10586241cd551dc0155e0f602222916a460c5cdaa9b48a178ec4,9ad5ad02572a10586241cd551dc0155e0f602222916a460c5cdaa9b48a178ec4,Qilin,malwarebazaar,ransomware,2026-08-04 07:58:08 UTC,analyzed,673,FAILED,file_type=exe
c01edf0478f041cd8ee24307acdcf3f48ec2f93729df50aba0209aa484c9fa8f,c01edf0478f041cd8ee24307acdcf3f48ec2f93729df50aba0209aa484c9fa8f,Neshta,malwarebazaar,ransomware,2026-08-04 07:58:13 UTC,analyzed,379,WEAK_VICTIM_ACTIVITY,file_type=exe
c9707a3bc0f177e1d1a5587c61699975b1153406962d187c9a732f97d8f867c5,c9707a3bc0f177e1d1a5587c61699975b1153406962d187c9a732f97d8f867c5,Qilin,malwarebazaar,ransomware,2026-08-04 07:58:17 UTC,analyzed,678,FAILED,file_type=exe
d2a259d4b542f18eb642138138324d0d2a565c27eeec9fc469623126f2a00a44,d2a259d4b542f18eb642138138324d0d2a565c27eeec9fc469623126f2a00a44,Qilin,malwarebazaar,ransomware,2026-08-04 07:58:22 UTC,analyzed,683,FAILED,file_type=exe
d4eb523c293db7ca230c687924b96a1b8cde6b8c2f10d971dec138447a8eb64d,d4eb523c293db7ca230c687924b96a1b8cde6b8c2f10d971dec138447a8eb64d,Qilin,malwarebazaar,ransomware,2026-08-04 07:58:27 UTC,analyzed,688,FAILED,file_type=exe
e00bac61811705d283472b77b602624c378c7e80c32e3448b06ea6a55d466c69,e00bac61811705d283472b77b602624c378c7e80c32e3448b06ea6a55d466c69,Qilin,malwarebazaar,ransomware,2026-08-04 07:58:32 UTC,analyzed,693,FAILED,file_type=exe
fae35d1a1717f9ddc5a7281af3ff719ab3891cf4832f64be0e9e2152edc35958,fae35d1a1717f9ddc5a7281af3ff719ab3891cf4832f64be0e9e2152edc35958,Qilin,malwarebazaar,ransomware,2026-08-04 07:58:36 UTC,analyzed,698,FAILED,file_type=exe
ff28b54a9e43c802243de4025ef5be38a504867ae7327f14929e7d5f98736da8,ff28b54a9e43c802243de4025ef5be38a504867ae7327f14929e7d5f98736da8,Qilin,malwarebazaar,ransomware,2026-08-04 07:58:41 UTC,analyzed,703,FAILED,file_type=exe
dfab719b8ac43ff2f8a10aea5e04fd4eb273f6cdcea11c610aa68d1c3f6f989d,dfab719b8ac43ff2f8a10aea5e04fd4eb273f6cdcea11c610aa68d1c3f6f989d,,malwarebazaar,ransomware,2026-08-04 07:58:43 UTC,analyzed,877,FAILED,file_type=exe
0b090f1471629e7e852850166eb814c09ace3c88f0c9f5e5ffeb1b9f754875aa,0b090f1471629e7e852850166eb814c09ace3c88f0c9f5e5ffeb1b9f754875aa,Helldown,malwarebazaar,ransomware,2026-08-04 07:58:47 UTC,analyzed,108,TRUE_ENCRYPTION,file_type=exe
0db5c55ef52e89401a668f59bf4f69391f4632447c51483bb64749d7f2123916,0db5c55ef52e89401a668f59bf4f69391f4632447c51483bb64749d7f2123916,Nitrogen,malwarebazaar,ransomware,2026-08-04 07:58:51 UTC,analyzed,346,TRUE_ENCRYPTION,file_type=exe
779576719a9c400a7a4abed0386e2111eb331160572c91a2fd8eaa1a7d6e6c63,779576719a9c400a7a4abed0386e2111eb331160572c91a2fd8eaa1a7d6e6c63,Nitrogen,malwarebazaar,ransomware,2026-08-04 07:58:54 UTC,analyzed,363,FAILED,file_type=exe
b6c1ee0c0a7b9a88d6cffaf90c950b7e0e96a841cc3e37c5242f6bff2a1c8202,b6c1ee0c0a7b9a88d6cffaf90c950b7e0e96a841cc3e37c5242f6bff2a1c8202,Fog,malwarebazaar,ransomware,2026-08-04 07:58:57 UTC,analyzed,423,TRUE_ENCRYPTION,file_type=exe
a9a4e89aaae8dc3638e3ca0f277ee37c0f3d14cd89f4972de591a531a6302fdd,a9a4e89aaae8dc3638e3ca0f277ee37c0f3d14cd89f4972de591a531a6302fdd,Fog,malwarebazaar,ransomware,2026-08-04 07:59:00 UTC,analyzed,436,TRUE_ENCRYPTION,file_type=exe
3fef5c7fa519f5384de6f61c954ead6dfd4da727005bfec954dc801bd120a938,3fef5c7fa519f5384de6f61c954ead6dfd4da727005bfec954dc801bd120a938,JLocker,malwarebazaar,ransomware,2026-08-04 07:59:04 UTC,analyzed,219,FAILED,file_type=exe
2857269196f820d1cefe17e55a9c9f6cb29fb799550fa57650bc2e8ce0e7d27e,HEXAMETHYLCYCLOTRISILOXANE.exe,CryptoLocker,malwarebazaar,ransomware,2026-08-04 07:59:07 UTC,analyzed,95,TRUE_ENCRYPTION,file_type=exe
dd71256ff21fa4337f050ad39ef5e00650c9dc13c9b8a7eb4fe7e8d64150ce45,dd71256ff21fa4337f050ad39ef5e00650c9dc13c9b8a7eb4fe7e8d64150ce45.exe,HiddenTear,malwarebazaar,ransomware,2026-08-04 07:59:10 UTC,analyzed,110,NO_VICTIM_ACTIVITY,file_type=exe
a0cf7860499118926c61f08dc2e6b8701b90f16cf3887aebf79111e6ac2763c6,a0cf7860499118926c61f08dc2e6b8701b90f16cf3887aebf79111e6ac2763c6,Akira,malwarebazaar,ransomware,2026-08-04 07:59:14 UTC,analyzed,931,TRUE_ENCRYPTION,file_type=exe;cape_machine_unavailable
bc1f3016befc5953b692da01183fcddb9af7ff3b4ffc15f649bf4775b5bad2cd,Flandreware.exe,,malwarebazaar,ransomware,2026-08-04 07:59:19 UTC,analyzed,880,TRUE_ENCRYPTION,file_type=exe
c475aaae514ef35c9606a262481087a8a29fe59d2df132c8737e44c8e234bb73,pccleaner_setup.exe,Chaos,malwarebazaar,ransomware,2026-08-04 07:59:23 UTC,analyzed,421,TRUE_ENCRYPTION,file_type=exe
f8d907099731ba448fef98c4b100265ac37dc57ff26917ff3699fc0060f91cab,FlatWare.exe,HiddenTear,malwarebazaar,ransomware,2026-08-04 07:59:27 UTC,analyzed,174,NO_VICTIM_ACTIVITY,file_type=exe
0315dbb793f855f154aa8d227151f1098bd9b580a4f85064648b85bac1321663,0315dbb793f855f154aa8d227151f1098bd9b580a4f85064648b85bac1321663,INC,malwarebazaar,ransomware,2026-08-04 07:59:29 UTC,analyzed,217,TRUE_ENCRYPTION,file_type=exe
31de5a766dca4eaae7b69f807ec06ae14d2ac48100e06a30e17cc9acccfd5193,31de5a766dca4eaae7b69f807ec06ae14d2ac48100e06a30e17cc9acccfd5193,INC,malwarebazaar,ransomware,2026-08-04 07:59:32 UTC,analyzed,251,TRUE_ENCRYPTION,file_type=exe
3e68e5742f998c5ba34c2130b2d89ca2a6c048feb6474bc81ff000e1eaed044e,3e68e5742f998c5ba34c2130b2d89ca2a6c048feb6474bc81ff000e1eaed044e,INC,malwarebazaar,ransomware,2026-08-04 07:59:35 UTC,analyzed,279,TRUE_ENCRYPTION,file_type=exe
432f549e9a2a76237133e9fe9b11fbb3d1a7e09904db5ccace29918e948529c6,432f549e9a2a76237133e9fe9b11fbb3d1a7e09904db5ccace29918e948529c6,INC,malwarebazaar,ransomware,2026-08-04 07:59:37 UTC,analyzed,302,TRUE_ENCRYPTION,file_type=exe
468e3c2cb5b0bbc3004bbf5272f4ece5c979625f7623e6d71af5dc0929b89d6a,468e3c2cb5b0bbc3004bbf5272f4ece5c979625f7623e6d71af5dc0929b89d6a,INC,malwarebazaar,ransomware,2026-08-04 07:59:40 UTC,analyzed,324,TRUE_ENCRYPTION,file_type=exe
571f5de9dd0d509ed7e5242b9b7473c2b2cbb36ba64d38b32122a0a337d6cf8b,571f5de9dd0d509ed7e5242b9b7473c2b2cbb36ba64d38b32122a0a337d6cf8b,INC,malwarebazaar,ransomware,2026-08-04 07:59:42 UTC,analyzed,343,TRUE_ENCRYPTION,file_type=exe
589ff3a5741336fa7c98dbcef4e8aecea347ea0f349b9949c6a5f6cd9d821a23,589ff3a5741336fa7c98dbcef4e8aecea347ea0f349b9949c6a5f6cd9d821a23,INC,malwarebazaar,ransomware,2026-08-04 07:59:45 UTC,analyzed,360,TRUE_ENCRYPTION,file_type=exe
5da4f51e3ced3166336277bb04c32d0cd20f3e28db3d4f02826fee88b7583040,5da4f51e3ced3166336277bb04c32d0cd20f3e28db3d4f02826fee88b7583040,INC,malwarebazaar,ransomware,2026-08-04 07:59:48 UTC,analyzed,377,TRUE_ENCRYPTION,file_type=exe
80fd105d0685b85c1be5d5d3af63608d2ec91b186d4c591416934fe454770ca1,80fd105d0685b85c1be5d5d3af63608d2ec91b186d4c591416934fe454770ca1,INC,malwarebazaar,ransomware,2026-08-04 07:59:51 UTC,analyzed,394,TRUE_ENCRYPTION,file_type=exe
85699c7180ad77f2ede0b15862bb7b51ad9df0478ed394866ac7fa9362bf5683,85699c7180ad77f2ede0b15862bb7b51ad9df0478ed394866ac7fa9362bf5683,INC,malwarebazaar,ransomware,2026-08-04 07:59:54 UTC,analyzed,409,TRUE_ENCRYPTION,file_type=exe
97c8f54d70e300c7d7e973c4b211da3c64c0f1c95770f663e04e35421dfb2ba0,97c8f54d70e300c7d7e973c4b211da3c64c0f1c95770f663e04e35421dfb2ba0,INC,malwarebazaar,ransomware,2026-08-04 07:59:57 UTC,analyzed,424,TRUE_ENCRYPTION,file_type=exe
ecbfea3e7869166dd418f15387bc33ce46f2c72168f571071916b5054d7f6e49,ecbfea3e7869166dd418f15387bc33ce46f2c72168f571071916b5054d7f6e49,INC,malwarebazaar,ransomware,2026-08-04 08:00:03 UTC,analyzed,437,TRUE_ENCRYPTION,file_type=exe
84715cf1d82e5139d39d8aadb9580ba80393dfa0f63fa14974e4f74a3e69752e,84715cf1d82e5139d39d8aadb9580ba80393dfa0f63fa14974e4f74a3e69752e.exe,Prince,malwarebazaar,ransomware,2026-08-04 08:00:14 UTC,analyzed,131,TRUE_ENCRYPTION,file_type=exe
74e0183d3131d1aeef4c8c7b6a144301b2c98796bfa9857e55ece8989cfedbc4,74e0183d3131d1aeef4c8c7b6a144301b2c98796bfa9857e55ece8989cfedbc4,,malwarebazaar,ransomware,2026-08-04 08:00:19 UTC,analyzed,883,FAILED,file_type=exe
affa4e7daf9d64e4e3660b489bd684249c6f678f4f04a1a5f74bf4d9144cdde1,affa4e7daf9d64e4e3660b489bd684249c6f678f4f04a1a5f74bf4d9144cdde1,,malwarebazaar,ransomware,2026-08-04 08:00:24 UTC,analyzed,933,TRUE_ENCRYPTION,file_type=exe;cape_machine_unavailable
4b2edadc8f90e9fcc976f02a9eda1640cd92c07718c0271842fbd4ca7e2906e2,4b2edadc8f90e9fcc976f02a9eda1640cd92c07718c0271842fbd4ca7e2906e2,Morphues,malwarebazaar,ransomware,2026-08-04 08:00:26 UTC,analyzed,122,FAILED,file_type=exe
b24680596a9a113f95535f526930b5415382c102cd5753d7392e780cdea0ed63,b24680596a9a113f95535f526930b5415382c102cd5753d7392e780cdea0ed63,Fog,malwarebazaar,ransomware,2026-08-04 08:00:29 UTC,analyzed,449,TRUE_ENCRYPTION,file_type=exe
db39502dde5980ff3f36c39fe540b49053d1baf46a393bc0f05fc9b0ccf47951,db39502dde5980ff3f36c39fe540b49053d1baf46a393bc0f05fc9b0ccf47951,Akira,malwarebazaar,ransomware,2026-08-04 08:00:53 UTC,analyzed,934,TRUE_ENCRYPTION,file_type=exe;cape_machine_unavailable
db9060c4be0fb23d59a7059512c08dd11182e0c47c0d429b2d91af763ca4d28a,db9060c4be0fb23d59a7059512c08dd11182e0c47c0d429b2d91af763ca4d28a,Akira,malwarebazaar,ransomware,2026-08-04 08:00:58 UTC,analyzed,937,TRUE_ENCRYPTION,file_type=exe;cape_machine_unavailable
c6ddc9c2852eddf30f945a50183e28d38f6b9b1bbad01aac52e9d9539482a433,c6ddc9c2852eddf30f945a50183e28d38f6b9b1bbad01aac52e9d9539482a433,,malwarebazaar,ransomware,2026-08-04 08:01:04 UTC,analyzed,936,NO_VICTIM_ACTIVITY,file_type=exe;cape_machine_unavailable
9733092223c428fc0e44a90b01c7f77a97bb1205def8be1224ac68969182638e,9733092223c428fc0e44a90b01c7f77a97bb1205def8be1224ac68969182638e,Worm.m0yv,malwarebazaar,ransomware,2026-08-04 08:01:07 UTC,analyzed,197,NO_VICTIM_ACTIVITY,file_type=exe
43b7927b9f8669bcee4717a6902f404eb6f6ec05a4be2d59349400eaabf01ad5,43b7927b9f8669bcee4717a6902f404eb6f6ec05a4be2d59349400eaabf01ad5,Expiro,malwarebazaar,ransomware,2026-08-04 08:01:11 UTC,analyzed,170,NO_VICTIM_ACTIVITY,file_type=exe
ab366a7c4a343a798490c4451d1d8e42aea2b894cb3162b5c59e08d8507ffe2c,ab366a7c4a343a798490c4451d1d8e42aea2b894cb3162b5c59e08d8507ffe2c,Nitrogen,malwarebazaar,ransomware,2026-08-04 08:01:15 UTC,analyzed,380,TRUE_ENCRYPTION,file_type=exe
6215959d557419327df550b6d5bc3d41980c3039414f23f2e58de47adee10846,6215959d557419327df550b6d5bc3d41980c3039414f23f2e58de47adee10846,Trigona,malwarebazaar,ransomware,2026-08-04 08:01:18 UTC,analyzed,144,TRUE_ENCRYPTION,file_type=exe
62937460b8732bdbd0e0b900941085745c85329c720066a58b6885b5f98d899c,62937460b8732bdbd0e0b900941085745c85329c720066a58b6885b5f98d899c,Trigona,malwarebazaar,ransomware,2026-08-04 08:01:21 UTC,analyzed,192,TRUE_ENCRYPTION,file_type=exe
69b4792f8ed12deb24225d9ed031e5f8aba7b5bbe2f079ab3a2585b63c34ef97,69b4792f8ed12deb24225d9ed031e5f8aba7b5bbe2f079ab3a2585b63c34ef97,Trigona,malwarebazaar,ransomware,2026-08-04 08:01:24 UTC,analyzed,231,TRUE_ENCRYPTION,file_type=exe
6ac8e08c1610cc82bf7d6ee67a53e3a3e3dc72790550d110572ed42a9aa48f43,6ac8e08c1610cc82bf7d6ee67a53e3a3e3dc72790550d110572ed42a9aa48f43,Trigona,malwarebazaar,ransomware,2026-08-04 08:01:27 UTC,analyzed,261,TRUE_ENCRYPTION,file_type=exe
6b76be8a263dccee95e02fa51cf9ce20cd1321d939e0b5a6024c27ece82840dc,6b76be8a263dccee95e02fa51cf9ce20cd1321d939e0b5a6024c27ece82840dc,Trigona,malwarebazaar,ransomware,2026-08-04 08:01:30 UTC,analyzed,288,TRUE_ENCRYPTION,file_type=exe
7826026ea206063d12d79692ca5f63d879beac9796bb54792f71a2bc8bc16b4c,7826026ea206063d12d79692ca5f63d879beac9796bb54792f71a2bc8bc16b4c,Trigona,malwarebazaar,ransomware,2026-08-04 08:01:33 UTC,analyzed,311,TRUE_ENCRYPTION,file_type=exe
78c0d81bd989715dc49de24a78ab5d5d01b2f41f0e14188218231ef47bf2a9e2,78c0d81bd989715dc49de24a78ab5d5d01b2f41f0e14188218231ef47bf2a9e2,Trigona,malwarebazaar,ransomware,2026-08-04 08:01:36 UTC,analyzed,332,TRUE_ENCRYPTION,file_type=exe
0272a8168ae5a28425123f70b59812e10ead08bf85a3aef231cb17e05e014afd,0272a8168ae5a28425123f70b59812e10ead08bf85a3aef231cb17e05e014afd,Trigona,malwarebazaar,ransomware,2026-08-04 08:01:39 UTC,analyzed,351,TRUE_ENCRYPTION,file_type=exe
05283a213c1a3b09e71c7c153a75e86723add89ff41dfc9d0a7ca3d12cb6bbd1,05283a213c1a3b09e71c7c153a75e86723add89ff41dfc9d0a7ca3d12cb6bbd1,Trigona,malwarebazaar,ransomware,2026-08-04 08:01:42 UTC,analyzed,368,TRUE_ENCRYPTION,file_type=exe
05aae055be9d3b3fe46488ec9409302b5b029a25cbd379092dab5f50ea61b4db,05aae055be9d3b3fe46488ec9409302b5b029a25cbd379092dab5f50ea61b4db,Trigona,malwarebazaar,ransomware,2026-08-04 08:01:45 UTC,analyzed,385,TRUE_ENCRYPTION,file_type=exe
0626cf52bd697b73d774be87f7426aa86478dfa62a77a1c8eaeaf1dc6da3ed2c,0626cf52bd697b73d774be87f7426aa86478dfa62a77a1c8eaeaf1dc6da3ed2c,Trigona,malwarebazaar,ransomware,2026-08-04 08:01:48 UTC,analyzed,400,TRUE_ENCRYPTION,file_type=exe
0acf3226ffc9d01f77dccba212f581e47d91b4ae780b24c12b48eb70c2fbdfc7,0acf3226ffc9d01f77dccba212f581e47d91b4ae780b24c12b48eb70c2fbdfc7,Trigona,malwarebazaar,ransomware,2026-08-04 08:01:52 UTC,analyzed,415,TRUE_ENCRYPTION,file_type=exe
0c9d906f5ebdeec8a6715bad9d5ae354c3fb5337a5e7f7abedcb4535abe7329e,0c9d906f5ebdeec8a6715bad9d5ae354c3fb5337a5e7f7abedcb4535abe7329e,Trigona,malwarebazaar,ransomware,2026-08-04 08:01:54 UTC,analyzed,429,TRUE_ENCRYPTION,file_type=exe
13c63827036a885eec32a032d4f8b1685289829650d37abf591337384fca230c,13c63827036a885eec32a032d4f8b1685289829650d37abf591337384fca230c,Trigona,malwarebazaar,ransomware,2026-08-04 08:01:57 UTC,analyzed,442,TRUE_ENCRYPTION,file_type=exe
16c6c6f63c146fe0fdb7ce303950de943f503f1084c042ee0177f59c2da1ae3b,16c6c6f63c146fe0fdb7ce303950de943f503f1084c042ee0177f59c2da1ae3b,Trigona,malwarebazaar,ransomware,2026-08-04 08:02:00 UTC,analyzed,454,TRUE_ENCRYPTION,file_type=exe
1725e983339b76370f1b5efc709d0c5526a876c7712b7d007500709857455f0f,1725e983339b76370f1b5efc709d0c5526a876c7712b7d007500709857455f0f,Trigona,malwarebazaar,ransomware,2026-08-04 08:02:03 UTC,analyzed,464,TRUE_ENCRYPTION,file_type=exe
1c18ce93ce0c1ea0b0838da892dd33af031db3caf49e215dc3beb2c398c09508,1c18ce93ce0c1ea0b0838da892dd33af031db3caf49e215dc3beb2c398c09508,Trigona,malwarebazaar,ransomware,2026-08-04 08:02:06 UTC,analyzed,474,TRUE_ENCRYPTION,file_type=exe
234da3dc480e8780970e273b2867fd7813f99a34b3fbbedce6e3f4ce51c37780,234da3dc480e8780970e273b2867fd7813f99a34b3fbbedce6e3f4ce51c37780,Trigona,malwarebazaar,ransomware,2026-08-04 08:02:09 UTC,analyzed,484,TRUE_ENCRYPTION,file_type=exe
28b26bdcf81ab2963d13fc5ccffa8d39f2ae7b4680feac7d38f773c8ed61589d,28b26bdcf81ab2963d13fc5ccffa8d39f2ae7b4680feac7d38f773c8ed61589d,Trigona,malwarebazaar,ransomware,2026-08-04 08:02:12 UTC,analyzed,493,TRUE_ENCRYPTION,file_type=exe
2755b2b44273aa8abfc5f42265e694d5683486e8f1dd2f4f7ada52615a90ac91,2755b2b44273aa8abfc5f42265e694d5683486e8f1dd2f4f7ada52615a90ac91,Trigona,malwarebazaar,ransomware,2026-08-04 08:02:15 UTC,analyzed,502,TRUE_ENCRYPTION,file_type=exe
2b276cf03c81550515de1ea2804e016887d2f0212818b2b8a5e597b41b484664,2b276cf03c81550515de1ea2804e016887d2f0212818b2b8a5e597b41b484664,Trigona,malwarebazaar,ransomware,2026-08-04 08:02:19 UTC,analyzed,510,TRUE_ENCRYPTION,file_type=exe
2ff281852735d5032d8ae083b2fe43e821a4f080a6766f722f36444251bf0aa7,2ff281852735d5032d8ae083b2fe43e821a4f080a6766f722f36444251bf0aa7,Trigona,malwarebazaar,ransomware,2026-08-04 08:02:21 UTC,analyzed,518,TRUE_ENCRYPTION,file_type=exe
3186229b4bd8a584161648ed352f40477e0fc229af97c16c19b01399568b385f,3186229b4bd8a584161648ed352f40477e0fc229af97c16c19b01399568b385f,Trigona,malwarebazaar,ransomware,2026-08-04 08:02:24 UTC,analyzed,525,TRUE_ENCRYPTION,file_type=exe
336ee741a618ea5bb2ee27dba6e78879b239ddd6060bb5bc0dab68d66e123578,336ee741a618ea5bb2ee27dba6e78879b239ddd6060bb5bc0dab68d66e123578,Trigona,malwarebazaar,ransomware,2026-08-04 08:02:27 UTC,analyzed,532,TRUE_ENCRYPTION,file_type=exe
348628e28eaaaeccedb4cebd7abd88e5fa4ed54d334559fefdfb1a73f441e1e6,348628e28eaaaeccedb4cebd7abd88e5fa4ed54d334559fefdfb1a73f441e1e6,Trigona,malwarebazaar,ransomware,2026-08-04 08:02:30 UTC,analyzed,539,TRUE_ENCRYPTION,file_type=exe
38f58a2536b5dc18753bc7325cec17be803eae613832d6e6e57b773fbb8a40ce,38f58a2536b5dc18753bc7325cec17be803eae613832d6e6e57b773fbb8a40ce,Trigona,malwarebazaar,ransomware,2026-08-04 08:02:34 UTC,analyzed,545,TRUE_ENCRYPTION,file_type=exe
3cd8db5fcbba519c9c9332435e8d612b2cef61500dc04875b1bd2931dab2c90b,3cd8db5fcbba519c9c9332435e8d612b2cef61500dc04875b1bd2931dab2c90b,Trigona,malwarebazaar,ransomware,2026-08-04 08:02:37 UTC,analyzed,551,TRUE_ENCRYPTION,file_type=exe
47149d0b7f1108531542930314ade843ab5c16935489c58184672018e8884e4f,47149d0b7f1108531542930314ade843ab5c16935489c58184672018e8884e4f,Trigona,malwarebazaar,ransomware,2026-08-04 08:02:40 UTC,analyzed,557,TRUE_ENCRYPTION,file_type=exe
40f838f529b0268aa4b9b3939ea8c6854fc385761e9b11b744fc16a323d38d83,40f838f529b0268aa4b9b3939ea8c6854fc385761e9b11b744fc16a323d38d83,Trigona,malwarebazaar,ransomware,2026-08-04 08:02:43 UTC,analyzed,563,TRUE_ENCRYPTION,file_type=exe
40e7378667e65355acc89f10b0fa2e76adeb5a73d46eeafe14845f7805c1d793,40e7378667e65355acc89f10b0fa2e76adeb5a73d46eeafe14845f7805c1d793,Trigona,malwarebazaar,ransomware,2026-08-04 08:02:46 UTC,analyzed,569,TRUE_ENCRYPTION,file_type=exe
006194421ffcba4d790dddcbb6996e55470bdb5880043c16afed1a8ff29d094e,006194421ffcba4d790dddcbb6996e55470bdb5880043c16afed1a8ff29d094e,Trigona,malwarebazaar,ransomware,2026-08-04 08:02:49 UTC,analyzed,575,TRUE_ENCRYPTION,file_type=exe
4adf636bee48a5fa28250437891c608cb6be32513f55146879c67425d71de3dd,4adf636bee48a5fa28250437891c608cb6be32513f55146879c67425d71de3dd,Trigona,malwarebazaar,ransomware,2026-08-04 08:02:52 UTC,analyzed,581,TRUE_ENCRYPTION,file_type=exe
ecd0738536e3a450dd4bcce49303b2c60659a7512ac391e08abb6c174b9d401f,ecd0738536e3a450dd4bcce49303b2c60659a7512ac391e08abb6c174b9d401f,Trigona,malwarebazaar,ransomware,2026-08-04 08:02:55 UTC,analyzed,587,TRUE_ENCRYPTION,file_type=exe
53a801deacc598f7d38445a07a3a459306a88dbcdf9ce037525ce8992ca9ac9d,53a801deacc598f7d38445a07a3a459306a88dbcdf9ce037525ce8992ca9ac9d,Trigona,malwarebazaar,ransomware,2026-08-04 08:02:58 UTC,analyzed,593,TRUE_ENCRYPTION,file_type=exe
3548b30286a0a4c6a2584af5c3e1319797128f25858ec829822a3e13fd9290eb,3548b30286a0a4c6a2584af5c3e1319797128f25858ec829822a3e13fd9290eb,Trigona,malwarebazaar,ransomware,2026-08-04 08:03:01 UTC,analyzed,599,TRUE_ENCRYPTION,file_type=exe
1c70fdf9bfa243c7a8ca09d466faf202b6bbdfb2f4e53852a78884e845cc73a0,1c70fdf9bfa243c7a8ca09d466faf202b6bbdfb2f4e53852a78884e845cc73a0,Trigona,malwarebazaar,ransomware,2026-08-04 08:03:04 UTC,analyzed,605,TRUE_ENCRYPTION,file_type=exe
6da9ef4fbe6ca8cb9e84d8d8fb2a7a3c79d29f9a528dd1594804858c7a004835,6da9ef4fbe6ca8cb9e84d8d8fb2a7a3c79d29f9a528dd1594804858c7a004835,Trigona,malwarebazaar,ransomware,2026-08-04 08:03:07 UTC,analyzed,611,TRUE_ENCRYPTION,file_type=exe
196e890ff93273431c62a5450f25538c7fe3dba809bef0b11baf54ded8b38781,196e890ff93273431c62a5450f25538c7fe3dba809bef0b11baf54ded8b38781,Trigona,malwarebazaar,ransomware,2026-08-04 08:03:10 UTC,analyzed,617,TRUE_ENCRYPTION,file_type=exe
4aea0dad84263022b05d0da70ca3e50f9bc4375ffdd5fb1cb17e91446ac0da10,4aea0dad84263022b05d0da70ca3e50f9bc4375ffdd5fb1cb17e91446ac0da10,Trigona,malwarebazaar,ransomware,2026-08-04 08:03:14 UTC,analyzed,623,TRUE_ENCRYPTION,file_type=exe
8aa579b40f9c86c9c24726485528aafac4414257fc854feb6dbcad11222405dd,8aa579b40f9c86c9c24726485528aafac4414257fc854feb6dbcad11222405dd,Trigona,malwarebazaar,ransomware,2026-08-04 08:03:19 UTC,analyzed,629,TRUE_ENCRYPTION,file_type=exe
8faf6974c82fc495a2343a579a478c8e18dc6a60b1516ee107c88e18f8cde241,8faf6974c82fc495a2343a579a478c8e18dc6a60b1516ee107c88e18f8cde241,Trigona,malwarebazaar,ransomware,2026-08-04 08:03:23 UTC,analyzed,635,TRUE_ENCRYPTION,file_type=exe
97349b5328e0d4699691938fe45c0f7d9afdfc6b67a2915e07dec805eff07004,97349b5328e0d4699691938fe45c0f7d9afdfc6b67a2915e07dec805eff07004,Trigona,malwarebazaar,ransomware,2026-08-04 08:03:27 UTC,analyzed,641,TRUE_ENCRYPTION,file_type=exe
a891d24823796a4ffa2fac76d92fec2c7ffae1ac1c3665be0d4f85e13acd33f9,a891d24823796a4ffa2fac76d92fec2c7ffae1ac1c3665be0d4f85e13acd33f9,Trigona,malwarebazaar,ransomware,2026-08-04 08:03:31 UTC,analyzed,647,TRUE_ENCRYPTION,file_type=exe
d743daa22fdf4313a10da027b034c603eda255be037cb45b28faea23114d3b8a,d743daa22fdf4313a10da027b034c603eda255be037cb45b28faea23114d3b8a,Trigona,malwarebazaar,ransomware,2026-08-04 08:03:35 UTC,analyzed,653,TRUE_ENCRYPTION,file_type=exe
df9ef29e8789a798981a783fafbb85395a84e8733929b2c2290bcde263c2f3f8,df9ef29e8789a798981a783fafbb85395a84e8733929b2c2290bcde263c2f3f8,Trigona,malwarebazaar,ransomware,2026-08-04 08:03:39 UTC,analyzed,659,TRUE_ENCRYPTION,file_type=exe
40129e35b3cc78802b767f9f8d1a6dfe5c0dc604f8d6b90683df3c45838f8144,40129e35b3cc78802b767f9f8d1a6dfe5c0dc604f8d6b90683df3c45838f8144,Trigona,malwarebazaar,ransomware,2026-08-04 08:03:42 UTC,analyzed,665,TRUE_ENCRYPTION,file_type=exe
89f331d784957a00971363893ea76fd2136d574c5cffc48bf15c047413fce3d5,89f331d784957a00971363893ea76fd2136d574c5cffc48bf15c047413fce3d5,Trigona,malwarebazaar,ransomware,2026-08-04 08:03:45 UTC,analyzed,670,TRUE_ENCRYPTION,file_type=exe
c21957d0f5db8f0afb50271edf50b7360b6c95c3712836b0b272992a0b975583,c21957d0f5db8f0afb50271edf50b7360b6c95c3712836b0b272992a0b975583,Trigona,malwarebazaar,ransomware,2026-08-04 08:03:48 UTC,analyzed,675,TRUE_ENCRYPTION,file_type=exe
d28f6416c6d03978482ae7a54affd27555de0fd0cfb27e5d0ac9306cc03ea5d9,d28f6416c6d03978482ae7a54affd27555de0fd0cfb27e5d0ac9306cc03ea5d9,Trigona,malwarebazaar,ransomware,2026-08-04 08:03:52 UTC,analyzed,680,TRUE_ENCRYPTION,file_type=exe
2bdb732665087eb6ce18e457e8cb5b2f787a361508872aceb2498bcd2b842057,2bdb732665087eb6ce18e457e8cb5b2f787a361508872aceb2498bcd2b842057,Trigona,malwarebazaar,ransomware,2026-08-04 08:03:54 UTC,analyzed,685,TRUE_ENCRYPTION,file_type=exe
8d9b7820efcd8bd0336721c998b65ef8061276bf1ffa7808c00b841b1db97da0,8d9b7820efcd8bd0336721c998b65ef8061276bf1ffa7808c00b841b1db97da0,Trigona,malwarebazaar,ransomware,2026-08-04 08:03:58 UTC,analyzed,690,TRUE_ENCRYPTION,file_type=exe
b4a451a82b083cd71273c745eefda31e107a93b0ac5e7f0acda91a09a1460920,b4a451a82b083cd71273c745eefda31e107a93b0ac5e7f0acda91a09a1460920,Trigona,malwarebazaar,ransomware,2026-08-04 08:04:01 UTC,analyzed,695,TRUE_ENCRYPTION,file_type=exe
b93cf5b2c832b4871b7621af7b4d04fc4662d8aef9b75e21af81d305f1ac135b,b93cf5b2c832b4871b7621af7b4d04fc4662d8aef9b75e21af81d305f1ac135b,Trigona,malwarebazaar,ransomware,2026-08-04 08:04:04 UTC,analyzed,700,TRUE_ENCRYPTION,file_type=exe
b95a0d0333c4986597c2e9132fbea337127653da6864c4c65218c7cc35061448,b95a0d0333c4986597c2e9132fbea337127653da6864c4c65218c7cc35061448,Trigona,malwarebazaar,ransomware,2026-08-04 08:04:07 UTC,analyzed,705,TRUE_ENCRYPTION,file_type=exe
ff82b9021651a1de046c80242be44b53fa23f88f850b9d536ce8be7d9b41afbb,ff82b9021651a1de046c80242be44b53fa23f88f850b9d536ce8be7d9b41afbb,Trigona,malwarebazaar,ransomware,2026-08-04 08:04:10 UTC,analyzed,709,TRUE_ENCRYPTION,file_type=exe
26a74ace0b160831901b912f173137326019e731530e4ec283cbe44e3ccda165,26a74ace0b160831901b912f173137326019e731530e4ec283cbe44e3ccda165,Trigona,malwarebazaar,ransomware,2026-08-04 08:04:14 UTC,analyzed,713,TRUE_ENCRYPTION,file_type=exe
41c9080f9c90e00a431b2fb04b461584abe68576996379a97469a71be42fc6ff,41c9080f9c90e00a431b2fb04b461584abe68576996379a97469a71be42fc6ff,Trigona,malwarebazaar,ransomware,2026-08-04 08:04:18 UTC,analyzed,717,TRUE_ENCRYPTION,file_type=exe
9c6bf07eb072a389408c0a323978fe2a3d9e597e04535195a24d891346010fb6,9c6bf07eb072a389408c0a323978fe2a3d9e597e04535195a24d891346010fb6,Trigona,malwarebazaar,ransomware,2026-08-04 08:04:21 UTC,analyzed,721,TRUE_ENCRYPTION,file_type=exe
9ec9fd40a0920b680b3f6360549af7d4387f8c87683bb82077bd3e0dcc6780bc,9ec9fd40a0920b680b3f6360549af7d4387f8c87683bb82077bd3e0dcc6780bc,Trigona,malwarebazaar,ransomware,2026-08-04 08:04:24 UTC,analyzed,725,TRUE_ENCRYPTION,file_type=exe
9f3e7aa0126a055987301a818fedd35d8c74b8cd95bdba71e3972f26a569b7da,9f3e7aa0126a055987301a818fedd35d8c74b8cd95bdba71e3972f26a569b7da,Trigona,malwarebazaar,ransomware,2026-08-04 08:04:27 UTC,analyzed,729,TRUE_ENCRYPTION,file_type=exe
a092842d7b709e9101abcbc368a706431813dfd72fcda75d08270d3dff166d70,a092842d7b709e9101abcbc368a706431813dfd72fcda75d08270d3dff166d70,Trigona,malwarebazaar,ransomware,2026-08-04 08:04:30 UTC,analyzed,733,TRUE_ENCRYPTION,file_type=exe
a56da19714732f522c9f70fb1facd3b8d6a6e32257a77674005282653565a3aa,a56da19714732f522c9f70fb1facd3b8d6a6e32257a77674005282653565a3aa,Trigona,malwarebazaar,ransomware,2026-08-04 08:04:34 UTC,analyzed,737,TRUE_ENCRYPTION,file_type=exe
a5fe4156c920f0fe7944c2ff55ec39186099239b2898c55bed6bca3fb6d609d0,a5fe4156c920f0fe7944c2ff55ec39186099239b2898c55bed6bca3fb6d609d0,Trigona,malwarebazaar,ransomware,2026-08-04 08:04:37 UTC,analyzed,741,TRUE_ENCRYPTION,file_type=exe
a9debdce0f56f389f40d0ea6fd9a4f32e2ce145110c3443b76514b809d4bd63c,a9debdce0f56f389f40d0ea6fd9a4f32e2ce145110c3443b76514b809d4bd63c,Trigona,malwarebazaar,ransomware,2026-08-04 08:04:40 UTC,analyzed,745,TRUE_ENCRYPTION,file_type=exe
adc4f4469d9c4873a9d6a5f1118f74a7a6aec9fd8c50b45b016f0a8d3cef2d1c,adc4f4469d9c4873a9d6a5f1118f74a7a6aec9fd8c50b45b016f0a8d3cef2d1c,Trigona,malwarebazaar,ransomware,2026-08-04 08:04:43 UTC,analyzed,749,TRUE_ENCRYPTION,file_type=exe
b4df356a0b8746b77456531f53cf8418b356b40cd3a9ea214bfe2adba8e8838b,b4df356a0b8746b77456531f53cf8418b356b40cd3a9ea214bfe2adba8e8838b,Trigona,malwarebazaar,ransomware,2026-08-04 08:04:47 UTC,analyzed,753,FAILED,file_type=exe
7a64146011ab85d187b8e87dbea7fe6ff46ba8fdfe16e961a93a32bf6cf7d854,7a64146011ab85d187b8e87dbea7fe6ff46ba8fdfe16e961a93a32bf6cf7d854,Trigona,malwarebazaar,ransomware,2026-08-04 08:04:50 UTC,analyzed,757,NO_VICTIM_ACTIVITY,file_type=exe
807b27dd4ddf9f8be2493a9e9f9a1bbe69c06770039847425acc6458d72f29dd,807b27dd4ddf9f8be2493a9e9f9a1bbe69c06770039847425acc6458d72f29dd,Trigona,malwarebazaar,ransomware,2026-08-04 08:04:53 UTC,analyzed,761,NO_VICTIM_ACTIVITY,file_type=exe
80b8c6be07ae05ac08cefbdca242bd4601e3d4e69bba4e81a55ddfd9d4417691,80b8c6be07ae05ac08cefbdca242bd4601e3d4e69bba4e81a55ddfd9d4417691,Trigona,malwarebazaar,ransomware,2026-08-04 08:04:56 UTC,analyzed,765,TRUE_ENCRYPTION,file_type=exe
82d77889cb0d8309f146a28ee8bf8977336820fbbc5062237b0653e6fde64e1a,82d77889cb0d8309f146a28ee8bf8977336820fbbc5062237b0653e6fde64e1a,Trigona,malwarebazaar,ransomware,2026-08-04 08:04:59 UTC,analyzed,769,TRUE_ENCRYPTION,file_type=exe
8c6c21855aff960c7f445472342e768144f5838c246847ab5afb806841590745,8c6c21855aff960c7f445472342e768144f5838c246847ab5afb806841590745,Trigona,malwarebazaar,ransomware,2026-08-04 08:05:03 UTC,analyzed,773,TRUE_ENCRYPTION,file_type=exe
8cf67f9a52293ba9a55e0302460290fee19f3fcad83c1f9e4ab143ca998ac157,8cf67f9a52293ba9a55e0302460290fee19f3fcad83c1f9e4ab143ca998ac157,Trigona,malwarebazaar,ransomware,2026-08-04 08:05:06 UTC,analyzed,777,TRUE_ENCRYPTION,file_type=exe
933443d4a0fae8938ede0c440e3314283e5e9e4ba32015e9c8c8df1046cebd28,933443d4a0fae8938ede0c440e3314283e5e9e4ba32015e9c8c8df1046cebd28,Trigona,malwarebazaar,ransomware,2026-08-04 08:05:09 UTC,analyzed,781,TRUE_ENCRYPTION,file_type=exe
983590ffbdf013bcf16980e7597742def0e06ef3c2d6e2bb71918f7e38b33339,983590ffbdf013bcf16980e7597742def0e06ef3c2d6e2bb71918f7e38b33339,Trigona,malwarebazaar,ransomware,2026-08-04 08:05:13 UTC,analyzed,785,TRUE_ENCRYPTION,file_type=exe
9c33e41ea79c84e40219cfdab5c919c116563d7241e73b88be345e546e53aaec,9c33e41ea79c84e40219cfdab5c919c116563d7241e73b88be345e546e53aaec,Trigona,malwarebazaar,ransomware,2026-08-04 08:05:16 UTC,analyzed,789,TRUE_ENCRYPTION,file_type=exe
47c2845545be0b7a6c7e0f73ccb16978fe7a226cf802b19b33dde1874c2fc9da,47c2845545be0b7a6c7e0f73ccb16978fe7a226cf802b19b33dde1874c2fc9da,Trigona,malwarebazaar,ransomware,2026-08-04 08:05:20 UTC,analyzed,793,TRUE_ENCRYPTION,file_type=exe
4933d2287e2e0cd36e11b8a0518889fe92391e4396871339939ddceea51e5b7e,4933d2287e2e0cd36e11b8a0518889fe92391e4396871339939ddceea51e5b7e,Trigona,malwarebazaar,ransomware,2026-08-04 08:05:23 UTC,analyzed,797,TRUE_ENCRYPTION,file_type=exe
49419d9a401cba4f84da4213fcb37d943715a70c98577e241e2e491640faf359,49419d9a401cba4f84da4213fcb37d943715a70c98577e241e2e491640faf359,Trigona,malwarebazaar,ransomware,2026-08-04 08:05:27 UTC,analyzed,800,TRUE_ENCRYPTION,file_type=exe
4a09036e53e2b2edbc04f1d66e212d6338546b788282ae7d053a003e9e4c93f9,4a09036e53e2b2edbc04f1d66e212d6338546b788282ae7d053a003e9e4c93f9,Trigona,malwarebazaar,ransomware,2026-08-04 08:05:30 UTC,analyzed,804,TRUE_ENCRYPTION,file_type=exe
4b771cd89739a9f1f9d03f3d1e3702af6a375f3dcba0ad904eda489fb014a37e,4b771cd89739a9f1f9d03f3d1e3702af6a375f3dcba0ad904eda489fb014a37e,Trigona,malwarebazaar,ransomware,2026-08-04 08:05:34 UTC,analyzed,808,NO_VICTIM_ACTIVITY,file_type=exe
508c97a6bbd5071e9f7c72012b1257582367c15bdf320f3cdec09b9642803752,508c97a6bbd5071e9f7c72012b1257582367c15bdf320f3cdec09b9642803752,Trigona,malwarebazaar,ransomware,2026-08-04 08:05:37 UTC,analyzed,812,FAILED,file_type=exe
4e4074e8033f95da0eea13a2754321fe2d71c2b45ef53ad9c75331f1d29c7291,4e4074e8033f95da0eea13a2754321fe2d71c2b45ef53ad9c75331f1d29c7291,Trigona,malwarebazaar,ransomware,2026-08-04 08:05:41 UTC,analyzed,816,FAILED,file_type=exe
6727edbb5d6abee908851a8c5fd7b4aca6d664634fdcdfc15e04502b960abbc5,myfile.exe,Sodinokibi,malwarebazaar,ransomware,2026-08-10 04:06:40 UTC,analyzed,978,NO_VICTIM_ACTIVITY,file_type=exe
464622890dea3c326440b7d1f6da9f63dd2dfd98678965aa220ed62773a2cc70,LisectAVT_2403002C_118.exe,Sodinokibi,malwarebazaar,ransomware,2026-08-10 04:06:42 UTC,analyzed,982,FAILED,file_type=exe
81689f1be92c8fb7e94fe241441c7eb43cfb77c6d23592b0248566bd709ff2ed,81689f1be92c8fb7e94fe241441c7eb43cfb77c6d23592b0248566bd709ff2ed.exe,Sodinokibi,malwarebazaar,ransomware,2026-08-10 04:06:45 UTC,analyzed,986,TRUE_ENCRYPTION,file_type=exe
6628de7ffbbe168a4fa9ff0a1a29b54e88a32e5963db0dd1aea4b80102c8ce01,6628de7ffbbe168a4fa9ff0a1a29b54e88a32e5963db0dd1aea4b80102c8ce01.exe,Sodinokibi,malwarebazaar,ransomware,2026-08-10 04:06:49 UTC,analyzed,990,TRUE_ENCRYPTION,file_type=exe
133bf8be0cf7003b83b03579970997d408a930e58ec2726715140520900c06de,133bf8be0cf7003b83b03579970997d408a930e58ec2726715140520900c06de.exe,Sodinokibi,malwarebazaar,ransomware,2026-08-10 04:06:52 UTC,analyzed,994,TRUE_ENCRYPTION,file_type=exe
17d153a225ea04a229862875795eeec0adb8c3e2769ba0e05073baaf86850467,17d153a225ea04a229862875795eeec0adb8c3e2769ba0e05073baaf86850467.exe,Sodinokibi,malwarebazaar,ransomware,2026-08-10 04:06:55 UTC,analyzed,998,TRUE_ENCRYPTION,file_type=exe
3cff33197edc918d47d08f44d6ddbdda157337f0ad58288d15746cf72c0e4c57,3cff33197edc918d47d08f44d6ddbdda157337f0ad58288d15746cf72c0e4c57.exe,Sodinokibi,malwarebazaar,ransomware,2026-08-10 04:06:58 UTC,analyzed,1002,TRUE_ENCRYPTION,file_type=exe
3fdad99a17a6766fe396081f82394f5e2da0142651427da64a5b6e28c9df2fd4,3fdad99a17a6766fe396081f82394f5e2da0142651427da64a5b6e28c9df2fd4.exe,Sodinokibi,malwarebazaar,ransomware,2026-08-10 04:07:01 UTC,analyzed,1006,TRUE_ENCRYPTION,file_type=exe
42c28feb23c992a350673d63413bf11bc816d00a079462ab524934219d46430d,42c28feb23c992a350673d63413bf11bc816d00a079462ab524934219d46430d.exe,Sodinokibi,malwarebazaar,ransomware,2026-08-10 04:07:04 UTC,analyzed,1010,TRUE_ENCRYPTION,file_type=exe
5cba3e44271279e747a67dd312d4dca18832b5a850ea6b85a460846ef0101fb6,5cba3e44271279e747a67dd312d4dca18832b5a850ea6b85a460846ef0101fb6.exe,Sodinokibi,malwarebazaar,ransomware,2026-08-10 04:07:07 UTC,analyzed,1014,TRUE_ENCRYPTION,file_type=exe
5d9b75e2cb84333c6b56604ce47af75b11f80bf9079054f6619251b68357d87c,5d9b75e2cb84333c6b56604ce47af75b11f80bf9079054f6619251b68357d87c.exe,Sodinokibi,malwarebazaar,ransomware,2026-08-10 04:07:10 UTC,analyzed,1018,TRUE_ENCRYPTION,file_type=exe
3e6fbc358e0204cb67a41b05771fac74f1b49737c7ab7138e415c7e9628ef545,revil_fixed_I_think,Sodinokibi,malwarebazaar,ransomware,2026-08-10 04:07:13 UTC,analyzed,1022,TRUE_ENCRYPTION,file_type=exe
15ef2d6ef402a46165be39d9dbc0081cf28ebca0f407306dd80ac3a73a32c07b,2023-08-06_b572a0486274ee9c0ba816c1b91b87c7_revil_sodinokibi,Sodinokibi,malwarebazaar,ransomware,2026-08-10 04:07:15 UTC,analyzed,1026,TRUE_ENCRYPTION,file_type=exe
d09338f3248b7c43b4c58274d453732fca910a0cee2ca50a2b72fe0364fb615c,d09338f3248b7c43b4c58274d453732fca910a0cee2ca50a2b72fe0364fb615c,Sodinokibi,malwarebazaar,ransomware,2026-08-10 04:07:18 UTC,analyzed,1030,TRUE_ENCRYPTION,file_type=exe
93ce973daa9687f185966b3133f7003006655ec9d5bf3edb881efaf0e4fbafc7,2023-05-11_be059dd5f3442f498bde97f69265ccbd_revil_sodinokibi,Sodinokibi,malwarebazaar,ransomware,2026-08-10 04:07:24 UTC,analyzed,1034,TRUE_ENCRYPTION,file_type=exe
50fdb342de90ce63c31625156beb9ed968bf11527ce7c4c3bd4a3f3f7c4cf730,2023-04-20_e4be3e7aa3e471f7c42ec7ba35c3d69f_revil,Sodinokibi,malwarebazaar,ransomware,2026-08-10 04:07:27 UTC,analyzed,1038,TRUE_ENCRYPTION,file_type=exe
41a94f3cd67e479980e15c3e5fe56ad49593e8f3100a7c886397af5f7640c998,2023-04-13_21d1a9db46928e1f338905653993c8be_revil,Sodinokibi,malwarebazaar,ransomware,2026-08-10 04:07:29 UTC,analyzed,1042,NO_VICTIM_ACTIVITY,file_type=exe
ff0d99ed61293668c0a81cc3e0ead43d1c7392ac351e34e1219f22a1b671aa72,VirusShare_c24e1c04cefda3041f4af2398a43ae32,Sodinokibi,malwarebazaar,ransomware,2026-08-10 04:07:32 UTC,analyzed,1046,FAILED,file_type=exe
2896b38ec3f5f196a9d127dbda3f44c7c29c844f53ae5f209229d56fd6f2a59c,DomainName.bin,Sodinokibi,malwarebazaar,ransomware,2026-08-10 04:07:35 UTC,analyzed,1050,TRUE_ENCRYPTION,file_type=exe
5168a54f2a95db57fee8d606918b80792d84e0990936a86b4f0030ec47624e85,5168a54f2a95db57fee8d606918b80792d84e0990936a86b4f0030ec47624e85,Sodinokibi,malwarebazaar,ransomware,2026-08-10 04:07:38 UTC,analyzed,1054,TRUE_ENCRYPTION,file_type=exe
ee0ac14a60605773834649b40c22acecfee0cc34f7f50ec30c42f15605ccb27c,2023-03-06_f683067ec885b87fabf44d45f2ce03f6_revil_sodinokibi,Sodinokibi,malwarebazaar,ransomware,2026-08-10 04:07:41 UTC,analyzed,1058,NO_VICTIM_ACTIVITY,file_type=exe
2f6a3d6c711c00876a9427c5fd359dcbe3de6197bb22ef6e2456ecc943996ae6,3c392225a76bfde1e5939a05258758d3e93948a961076b977b888921ff19ac15.ps1.bin,Sodinokibi,malwarebazaar,ransomware,2026-08-10 04:07:44 UTC,analyzed,1062,TRUE_ENCRYPTION,file_type=exe
206cfba26e29e00c639a60755dec8714df8b4ea0e17b02906db7b7a9ec5820ef,2023-02-28_6fb3c478d054f69cfb5bf82144241b94_revil,Sodinokibi,malwarebazaar,ransomware,2026-08-10 04:07:47 UTC,analyzed,1066,NO_VICTIM_ACTIVITY,file_type=exe
d2ca509fa08758736aff9abb54b5c6183130f25e6ca91bbd6e6464d2f0597f83,2023-02-27_e9840ba5dec7415a22e4c90913e3dbdb_revil,Sodinokibi,malwarebazaar,ransomware,2026-08-10 04:07:50 UTC,analyzed,1070,NO_VICTIM_ACTIVITY,file_type=exe
b88951ceb296c8f01a8e13bc4efa4eb754361ee8ad3d64063d14489bc139a492,2023-02-28_e86a6b6140b3caa0f022b617f145e96f_revil_sodinokibi,Sodinokibi,malwarebazaar,ransomware,2026-08-10 04:07:52 UTC,analyzed,1074,NO_VICTIM_ACTIVITY,file_type=exe
ddd7392f2c3f567ff4af6f55e3af1967d4575768696a998dc6f333b0230ef5c7,2023-02-28_57410d53be4f733f285706c744dc84d4_revil_sodinokibi,Sodinokibi,malwarebazaar,ransomware,2026-08-10 04:07:55 UTC,analyzed,1078,NO_VICTIM_ACTIVITY,file_type=exe
9a19fff2b18432bb4a6d409a755fc712ee4f60f5a4b46b07bff21f229e5dcdc3,2023-02-28_e8142a0f01356d6d5fe5cf0a8f3b0d95_revil_sodinokibi,Sodinokibi,malwarebazaar,ransomware,2026-08-10 04:07:58 UTC,analyzed,1082,NO_VICTIM_ACTIVITY,file_type=exe
4b9d2b24706d5462680423b09280e88e8b3902a4a15431081dbf94d9a25eb9c8,2023-02-28_55905254cf265513d01de6eaea080bb4_revil_sodinokibi,Sodinokibi,malwarebazaar,ransomware,2026-08-10 04:08:00 UTC,analyzed,1086,NO_VICTIM_ACTIVITY,file_type=exe
7b0673e022585bf4aa208b1e3d215549842fabe78dfeaf9ae0a074a6c05c07fd,2023-02-08_918a5b890f6b160d75030ca89cc5117b_neshta_revil_sodinokibi,Sodinokibi,malwarebazaar,ransomware,2026-08-10 04:08:03 UTC,analyzed,1090,WEAK_VICTIM_ACTIVITY,file_type=exe
60c49baa290de5336e5903286d1e8ff8b8b833046a63be00966695dc9d3f6dbb,2023-02-08_d3624ff1fd9a8d7866a1578359716a55_revil_sodinokibi,Sodinokibi,malwarebazaar,ransomware,2026-08-10 04:08:06 UTC,analyzed,1094,TRUE_ENCRYPTION,file_type=exe
9f31413bf3c33baac4cdac9557567109318cc355919b25d7b69cd64db25ff55c,2023-02-08_62ac26e575f43a4743bb4f3fbf13e80b_revil_sodinokibi,Sodinokibi,malwarebazaar,ransomware,2026-08-10 04:08:09 UTC,analyzed,1098,TRUE_ENCRYPTION,file_type=exe
d821b0ee9766ec7da7d7dc179a3ef189ffd3e681d787c1f11fedb270fdad96d2,2023-02-08_ae858feba30bffb7a141f0612a4aed39_revil_sodinokibi,Sodinokibi,malwarebazaar,ransomware,2026-08-10 04:08:12 UTC,analyzed,1102,TRUE_ENCRYPTION,file_type=exe
349bdb12a75fbfc2803f988862764ba6058b371728930f8dcb248f105ce607f7,2023-02-08_69d6f75b8cfd52216a6ff4b0861655ef_neshta_revil_sodinokibi,Sodinokibi,malwarebazaar,ransomware,2026-08-10 04:08:15 UTC,analyzed,1106,TRUE_ENCRYPTION,file_type=exe
7546e51b37738965704fadb25674f7fe69ea047ce5eb425c916cfa3048c78cda,2023-02-09_5ebd682151819e1c5c807b15f4057c25_neshta_revil_sodinokibi,Sodinokibi,malwarebazaar,ransomware,2026-08-10 04:08:19 UTC,analyzed,1110,WEAK_VICTIM_ACTIVITY,file_type=exe
6bfd4fd81e590d1aee9451d5fde3cf5d22706a85e71583a4cce1683d50b89df0,2023-02-06_3d20213a55eba582103888a64db1e900_neshta_revil_sodinokibi,Sodinokibi,malwarebazaar,ransomware,2026-08-10 04:08:22 UTC,analyzed,1114,WEAK_VICTIM_ACTIVITY,file_type=exe
b5e73c65a92abd6d8ea6040739e6b71a207035f1517f3813c56fbac937b8ff06,PORT.bin,Sodinokibi,malwarebazaar,ransomware,2026-08-10 04:08:25 UTC,analyzed,1118,TRUE_ENCRYPTION,file_type=exe
74bc2f9a81ad2cc609b7730dbabb146506f58244e5e655cbb42044913384a6ac,1.bin,Sodinokibi,malwarebazaar,ransomware,2026-08-10 04:08:28 UTC,analyzed,1122,TRUE_ENCRYPTION,file_type=exe
b78469fb8eff53d82081bdcb0dbb3436f239b8ca6ef7fd800ce5ba7e098c256f,b78469fb8eff53d82081bdcb0dbb3436f239b8ca6ef7fd800ce5ba7e098c256f.bin,Sodinokibi,malwarebazaar,ransomware,2026-08-10 04:08:31 UTC,analyzed,1126,TRUE_ENCRYPTION,file_type=exe
a29f63484f53d2cf832b2bc70d6b66378b87b86221f885d0f43166503d631ef3,a29f63484f53d2cf832b2bc70d6b66378b87b86221f885d0f43166503d631ef3.bin,Sodinokibi,malwarebazaar,ransomware,2026-08-10 04:08:34 UTC,analyzed,1130,TRUE_ENCRYPTION,file_type=exe
56e7073e0f7b2cacaa30f77eaee4b036b480b1992ade5e55bfa2ff062eda4d8a,56e7073e0f7b2cacaa30f77eaee4b036b480b1992ade5e55bfa2ff062eda4d8a.bin,Sodinokibi,malwarebazaar,ransomware,2026-08-10 04:08:37 UTC,analyzed,1134,TRUE_ENCRYPTION,file_type=exe
2bad63edfca3e163691110868bfafe4c2fea3ee72f5dc520bee5d4401cec3cec,2bad63edfca3e163691110868bfafe4c2fea3ee72f5dc520bee5d4401cec3cec.bin,Sodinokibi,malwarebazaar,ransomware,2026-08-10 04:08:40 UTC,analyzed,1138,TRUE_ENCRYPTION,file_type=exe
861e2544ddb9739d79b265aab1e327d11617bc9d9c94bc5b35282c33fcb419bc,861e2544ddb9739d79b265aab1e327d11617bc9d9c94bc5b35282c33fcb419bc.bin,Sodinokibi,malwarebazaar,ransomware,2026-08-10 04:08:43 UTC,analyzed,1142,FAILED,file_type=exe
ecac12520eaa08addb97ed05c2ac1406d56e58eb422954b704ef5c5516e02397,new.exe,Sodinokibi,malwarebazaar,ransomware,2026-08-10 04:08:47 UTC,analyzed,1146,TRUE_ENCRYPTION,file_type=exe
0c10cf1b1640c9c845080f460ee69392bfaac981a4407b607e8e30d2ddf903e8,0c10cf1b1640c9c845080f460ee69392bfaac981a4407b607e8e30d2ddf903e8,Sodinokibi,malwarebazaar,ransomware,2026-08-10 04:08:49 UTC,analyzed,1150,TRUE_ENCRYPTION,file_type=exe
b8a3da8c60459974767732321a29b91dfea59ab5ad993caf832f2bb2484b5c96,b8a3da8c60459974767732321a29b91dfea59ab5ad993caf832f2bb2484b5c96,Sodinokibi,malwarebazaar,ransomware,2026-08-10 04:08:52 UTC,analyzed,1154,TRUE_ENCRYPTION,file_type=exe
02a526d298e49da19220022a71e31434183e520c2845c6f3eb23169602f0ed63,downloader.exe,Sodinokibi,malwarebazaar,ransomware,2026-08-10 04:08:55 UTC,analyzed,1158,NO_VICTIM_ACTIVITY,file_type=exe
15e3b8471e4afea6e07423d88c141e9ae454c27fa901fe320f0885298426abec,downloader.exe,Sodinokibi,malwarebazaar,ransomware,2026-08-10 04:08:59 UTC,analyzed,1162,NO_VICTIM_ACTIVITY,file_type=exe
9f256973ee6ddcd3d781761480c00220a140fad833dc9a6a085f45c419d1714e,9f256973ee6ddcd3d781761480c00220a140fad833dc9a6a085f45c419d1714e,Sodinokibi,malwarebazaar,ransomware,2026-08-10 04:09:02 UTC,analyzed,1166,TRUE_ENCRYPTION,file_type=exe
7cd8f10164a6c3209574751d16c4e9297334f11a08ade649055450d41e0d31e9,7cd8f10164a6c3209574751d16c4e9297334f11a08ade649055450d41e0d31e9,Sodinokibi,malwarebazaar,ransomware,2026-08-10 04:09:04 UTC,analyzed,1170,TRUE_ENCRYPTION,file_type=exe
ab0aa003d7238940cbdf7393677f968c4a252516de7f0699cd4654abd2e7ae83,ab0aa003d7238940cbdf7393677f968c4a252516de7f0699cd4654abd2e7ae83.exe,Sodinokibi,malwarebazaar,ransomware,2026-08-10 04:09:07 UTC,analyzed,1174,TRUE_ENCRYPTION,file_type=exe
c2cf2118550a0fd7f81fe9913fe36be24c03a0ae5430b94557e0ee71c550a58c,decryptor2.0.bin,Sodinokibi,malwarebazaar,ransomware,2026-08-10 04:09:10 UTC,analyzed,1178,NO_VICTIM_ACTIVITY,file_type=exe
9b11711efed24b3c6723521a7d7eb4a52e4914db7420e278aa36e727459d59dd,revil_kasaya.exe,Sodinokibi,malwarebazaar,ransomware,2026-08-10 04:09:13 UTC,analyzed,1181,TRUE_ENCRYPTION,file_type=exe
d55f983c994caa160ec63a59f6b4250fe67fb3e8c43a388aec60a4a6978e9f1e,revil.exe,Sodinokibi,malwarebazaar,ransomware,2026-08-10 04:09:17 UTC,analyzed,1184,TRUE_ENCRYPTION,file_type=exe
fd164c4c121371f94cfd3a034ad8cf8edc7c0f7141a8f4c9da1683d41b212a87,fd164c4c121371f94cfd3a034ad8cf8edc7c0f7141a8f4c9da1683d41b212a87,Sodinokibi,malwarebazaar,ransomware,2026-08-10 04:09:19 UTC,analyzed,1187,TRUE_ENCRYPTION,file_type=exe
de20c90de7becbb2f8b92ac42d71a3db3db498472746d0d6f53c368dadba44b0,de20c90de7becbb2f8b92ac42d71a3db3db498472746d0d6f53c368dadba44b0,Sodinokibi,malwarebazaar,ransomware,2026-08-10 04:09:22 UTC,analyzed,1190,TRUE_ENCRYPTION,file_type=exe
db59d4ab0aaf660fe778f9190102e1b808bc5d357026736ca335e4858ec512eb,db59d4ab0aaf660fe778f9190102e1b808bc5d357026736ca335e4858ec512eb,Sodinokibi,malwarebazaar,ransomware,2026-08-10 04:09:25 UTC,analyzed,1193,TRUE_ENCRYPTION,file_type=exe
cb4af8d6d57163b0322bd033b36379f805bdb59ec550049ea568cc0a7dfe52cd,cb4af8d6d57163b0322bd033b36379f805bdb59ec550049ea568cc0a7dfe52cd,Sodinokibi,malwarebazaar,ransomware,2026-08-10 04:09:28 UTC,analyzed,1196,TRUE_ENCRYPTION,file_type=exe
b9924321b4f05ec0b98e272ddd4f91feb69eb93c44186ca165a4d51beed91152,b9924321b4f05ec0b98e272ddd4f91feb69eb93c44186ca165a4d51beed91152,Sodinokibi,malwarebazaar,ransomware,2026-08-10 04:09:30 UTC,analyzed,1199,TRUE_ENCRYPTION,file_type=exe
9df39b3b2b0ed8ed469d028cc4269655d6b70aef8b22a308f34e1929e4b00992,9df39b3b2b0ed8ed469d028cc4269655d6b70aef8b22a308f34e1929e4b00992,Sodinokibi,malwarebazaar,ransomware,2026-08-10 04:09:33 UTC,analyzed,1202,TRUE_ENCRYPTION,file_type=exe
94379bb2c305a5754d60ae3d27daf5f7f4758ed3dad21ee1969640fd9e84e83f,94379bb2c305a5754d60ae3d27daf5f7f4758ed3dad21ee1969640fd9e84e83f,Sodinokibi,malwarebazaar,ransomware,2026-08-10 04:09:36 UTC,analyzed,1205,TRUE_ENCRYPTION,file_type=exe
7c8cb66e9e5ac66415273a48528e1b2f781003f2109b5d704254b9e91d745a34,7c8cb66e9e5ac66415273a48528e1b2f781003f2109b5d704254b9e91d745a34,Sodinokibi,malwarebazaar,ransomware,2026-08-10 04:09:39 UTC,analyzed,1208,TRUE_ENCRYPTION,file_type=exe
6834005e47c6ad53cb0793e1f13b6ea45383d86691b179f4229214d8768d0ceb,6834005e47c6ad53cb0793e1f13b6ea45383d86691b179f4229214d8768d0ceb,Sodinokibi,malwarebazaar,ransomware,2026-08-10 04:09:42 UTC,analyzed,1211,TRUE_ENCRYPTION,file_type=exe
44cd22cb40115a504bf933ec006d47ae0076f450f76b54783f846beca81c4c93,44cd22cb40115a504bf933ec006d47ae0076f450f76b54783f846beca81c4c93,Sodinokibi,malwarebazaar,ransomware,2026-08-10 04:09:44 UTC,analyzed,1214,TRUE_ENCRYPTION,file_type=exe
3b0cf9bc480a7fc4a560ab26cd35a72313b1fa49bf6ef208c434a32b3f1588c4,3b0cf9bc480a7fc4a560ab26cd35a72313b1fa49bf6ef208c434a32b3f1588c4,Sodinokibi,malwarebazaar,ransomware,2026-08-10 04:09:47 UTC,analyzed,1217,TRUE_ENCRYPTION,file_type=exe
2f00cd865ea857a2d9d399385c408e99f9daaa1b6c193f2195393bd459524b3e,2f00cd865ea857a2d9d399385c408e99f9daaa1b6c193f2195393bd459524b3e,Sodinokibi,malwarebazaar,ransomware,2026-08-10 04:09:50 UTC,analyzed,1220,TRUE_ENCRYPTION,file_type=exe
20d46f118a5e925f992932f20dd658e4d464ac8d8218f7fba683029d51761709,20d46f118a5e925f992932f20dd658e4d464ac8d8218f7fba683029d51761709,Sodinokibi,malwarebazaar,ransomware,2026-08-10 04:09:53 UTC,analyzed,1223,TRUE_ENCRYPTION,file_type=exe
04419b76566142902680b2c44b216905b44a5743502530066e408bac72d20864,04419b76566142902680b2c44b216905b44a5743502530066e408bac72d20864,Sodinokibi,malwarebazaar,ransomware,2026-08-10 04:09:55 UTC,analyzed,1226,TRUE_ENCRYPTION,file_type=exe
f51fc0ab96d1aee49950b8ca91ef67c330b8593340cc3002513100ac9bf163b0,48f5a1bf_by_Libranalysis,Sodinokibi,malwarebazaar,ransomware,2026-08-10 04:09:58 UTC,analyzed,1229,NO_VICTIM_ACTIVITY,file_type=exe
dc6b0e8c1e9c113f0364e1c8370060dee3fcbe25b667ddeca7623a95cd21411f,835f242d_by_Libranalysis,Sodinokibi,malwarebazaar,ransomware,2026-08-10 04:10:02 UTC,analyzed,1232,TRUE_ENCRYPTION,file_type=exe
8bd2067d088dad4df24e11244f5b72ce1fd22b686e2ce9ba6ee8711f8f6a836d,seu.exe,Sodinokibi,malwarebazaar,ransomware,2026-08-10 04:10:08 UTC,analyzed,1235,TRUE_ENCRYPTION,file_type=exe
1fe9b489c25bb23b04d9996e8107671edee69bd6f6def2fe7ece38a0fb35f98e,srnmp.exe,Sodinokibi,malwarebazaar,ransomware,2026-08-10 04:10:12 UTC,analyzed,1238,TRUE_ENCRYPTION,file_type=exe
0a471df64b677fd6608c72626444d22381f7fc20ea0165cc5b88fdad0402d32f,329b7965_by_Libranalysis,Sodinokibi,malwarebazaar,ransomware,2026-08-10 04:10:15 UTC,analyzed,1241,TRUE_ENCRYPTION,file_type=exe
2ea781140f7e86c63b636249b5fdba9828661bdd846fd95c195c5b986b84a507,d599cfe7_by_Libranalysis,Sodinokibi,malwarebazaar,ransomware,2026-08-10 04:10:18 UTC,analyzed,1244,TRUE_ENCRYPTION,file_type=exe
4f6ce92fccafa6d2454a12022e21fbd6adf1a6ec2d45c71de6f8729ec3ad195f,fc12ec1b_by_Libranalysis,Sodinokibi,malwarebazaar,ransomware,2026-08-10 04:10:21 UTC,analyzed,1247,TRUE_ENCRYPTION,file_type=exe
5d9b68455031f1c5b78d6fc0af037cb7ea72b465fd32fdce368420b8b816e3e1,6e139f3d_by_Libranalysis,Sodinokibi,malwarebazaar,ransomware,2026-08-10 04:10:24 UTC,analyzed,1250,TRUE_ENCRYPTION,file_type=exe
6c5ddbe058da35b2731fe10234520a6bb78604f860ed4188a1bd07e62fe4ec11,c647b2da_by_Libranalysis,Sodinokibi,malwarebazaar,ransomware,2026-08-10 04:10:27 UTC,analyzed,1253,TRUE_ENCRYPTION,file_type=exe
54f07b825fd662618e1142ee47ef5c988c08ae59c60209bef250fc68bfd3826c,cfff09d3_by_Libranalysis,Sodinokibi,malwarebazaar,ransomware,2026-08-10 04:10:30 UTC,analyzed,1256,TRUE_ENCRYPTION,file_type=exe
74ce1be7fe32869dbbfe599d7992c306a7ee693eb517924135975daa64a3a92f,944ed180_by_Libranalysis,Sodinokibi,malwarebazaar,ransomware,2026-08-10 04:10:32 UTC,analyzed,1259,TRUE_ENCRYPTION,file_type=exe
5467fe3f38ccf0c56c1aba7cbbc56109b747f7a53c333a3f5a1cfe6094e1fa2b,7111faa0_by_Libranalysis,Sodinokibi,malwarebazaar,ransomware,2026-08-10 04:10:35 UTC,analyzed,1262,TRUE_ENCRYPTION,file_type=exe
08c2d24cb9c632f9aa84254bb673c9df04d4ac23ee07e840794e9438b06e9bd2,46a40ec6_by_Libranalysis,Sodinokibi,malwarebazaar,ransomware,2026-08-10 04:10:38 UTC,analyzed,1265,TRUE_ENCRYPTION,file_type=exe
d74f04f0b948d9586629e06e2a2a21bdf20d678e47058afb637414eb3701c1f6,d74f04f0b948d9586629e06e2a2a21bdf20d678e47058afb637414eb3701c1f6,Sodinokibi,malwarebazaar,ransomware,2026-08-10 04:10:41 UTC,analyzed,1268,TRUE_ENCRYPTION,file_type=exe
93c4b144a4ef5e9ebcb5de425f6151fb6fd892d1042b21e639ab6c358cad3940,93c4b144a4ef5e9ebcb5de425f6151fb6fd892d1042b21e639ab6c358cad3940,Sodinokibi,malwarebazaar,ransomware,2026-08-10 04:10:44 UTC,analyzed,1271,TRUE_ENCRYPTION,file_type=exe
7e70460a2e395485fe6328a58e09400fc7963afeb29fdadb924c340e758b267c,7e70460a2e395485fe6328a58e09400fc7963afeb29fdadb924c340e758b267c,Sodinokibi,malwarebazaar,ransomware,2026-08-10 04:10:46 UTC,analyzed,1274,TRUE_ENCRYPTION,file_type=exe
66060484cccedb839fb646d4e6020e079319374b2847c52dcec55c5ad60b1beb,66060484cccedb839fb646d4e6020e079319374b2847c52dcec55c5ad60b1beb,Sodinokibi,malwarebazaar,ransomware,2026-08-10 04:10:49 UTC,analyzed,1277,TRUE_ENCRYPTION,file_type=exe
52612bceee07152f2e2e6699b3c085149e11979f34fe248bda14e03a0d950e85,52612bceee07152f2e2e6699b3c085149e11979f34fe248bda14e03a0d950e85,Sodinokibi,malwarebazaar,ransomware,2026-08-10 04:10:52 UTC,analyzed,1280,TRUE_ENCRYPTION,file_type=exe
42438a67636a6981b4e3209449040f6b393f10fe0636dfca2260fc0f4271e135,42438a67636a6981b4e3209449040f6b393f10fe0636dfca2260fc0f4271e135,Sodinokibi,malwarebazaar,ransomware,2026-08-10 04:10:55 UTC,analyzed,1282,TRUE_ENCRYPTION,file_type=exe
2df2fab33c1db5b049284a6bd5aa1f58bec4cb370b0663870b6a57ef33b5028c,2df2fab33c1db5b049284a6bd5aa1f58bec4cb370b0663870b6a57ef33b5028c,Sodinokibi,malwarebazaar,ransomware,2026-08-10 04:10:57 UTC,analyzed,1284,TRUE_ENCRYPTION,file_type=exe
1fb2178279b76d9ed5e3c24b24885a31ec521e58a4688597600d26f88df5b8e1,1fb2178279b76d9ed5e3c24b24885a31ec521e58a4688597600d26f88df5b8e1,Sodinokibi,malwarebazaar,ransomware,2026-08-10 04:11:00 UTC,analyzed,1389,TRUE_ENCRYPTION,file_type=exe;staged_file_lost_on_reboot
f0a16b0224a24647e9e8cf2f6f4479d93c8fb540a7ca656023a41f399e6c69c2,f0a16b0224a24647e9e8cf2f6f4479d93c8fb540a7ca656023a41f399e6c69c2,Sodinokibi,malwarebazaar,ransomware,2026-08-10 04:11:04 UTC,analyzed,1391,TRUE_ENCRYPTION,file_type=exe;staged_file_lost_on_reboot
12d8bfa1aeb557c146b98f069f3456cc8392863a2f4ad938722cd7ca1a773b39,12d8bfa1aeb557c146b98f069f3456cc8392863a2f4ad938722cd7ca1a773b39.bin,Sodinokibi,malwarebazaar,ransomware,2026-08-10 04:11:07 UTC,analyzed,1393,TRUE_ENCRYPTION,file_type=exe;staged_file_lost_on_reboot
7394136299802ff82b9b08a43b196a803949be752fb9efd378d4936ff91bcb90,7394136299802ff82b9b08a43b196a803949be752fb9efd378d4936ff91bcb90.bin,Sodinokibi,malwarebazaar,ransomware,2026-08-10 04:11:09 UTC,analyzed,1395,FAILED,file_type=exe;staged_file_lost_on_reboot
5f56d5748940e4039053f85978074bde16d64bd5ba97f6f0026ba8172cb29e93,5f56d5748940e4039053f85978074bde16d64bd5ba97f6f0026ba8172cb29e93,Sodinokibi,malwarebazaar,ransomware,2026-08-10 04:11:12 UTC,analyzed,1397,TRUE_ENCRYPTION,file_type=exe;staged_file_lost_on_reboot
9443d7f2890e26024ee0b8067ac2609fcdbd4bcc6981a7ab1aa8671be232b1f6,9443d7f2890e26024ee0b8067ac2609fcdbd4bcc6981a7ab1aa8671be232b1f6.bin,Sodinokibi,malwarebazaar,ransomware,2026-08-10 04:11:15 UTC,analyzed,1399,TRUE_ENCRYPTION,file_type=exe;staged_file_lost_on_reboot
d0e075a9346acbeca7095df2fc5e7c28909961184078e251f737f09b8ef892b6,d0e075a9346acbeca7095df2fc5e7c28909961184078e251f737f09b8ef892b6,Sodinokibi,malwarebazaar,ransomware,2026-08-10 04:11:18 UTC,analyzed,1401,TRUE_ENCRYPTION,file_type=exe;staged_file_lost_on_reboot
f4f73a451c1ec493eb3b4395d06de73598fcf5b8f7d13e81418238824d90fda3,f4f73a451c1ec493eb3b4395d06de73598fcf5b8f7d13e81418238824d90fda3.bin,Sodinokibi,malwarebazaar,ransomware,2026-08-10 04:11:20 UTC,analyzed,1403,TRUE_ENCRYPTION,file_type=exe;staged_file_lost_on_reboot
3c56d3fe6373d5b84074f214b883ca65685d04141ff829f73ff65531bf1f86ad,rib.bin,Sodinokibi,malwarebazaar,ransomware,2026-08-10 04:11:24 UTC,analyzed,1405,FAILED,file_type=exe;staged_file_lost_on_reboot
d91f951bdcf35012ac6b47c28cf32ec143e4269243d8c229f6cb326fd343df95,d91f951bdcf35012ac6b47c28cf32ec143e4269243d8c229f6cb326fd343df95.bin,Sodinokibi,malwarebazaar,ransomware,2026-08-10 04:11:27 UTC,analyzed,1407,TRUE_ENCRYPTION,file_type=exe;staged_file_lost_on_reboot
329983dc2a23bd951b24780947cb9a6ae3fb80d5ef546e8538dfd9459b176483,329983dc2a23bd951b24780947cb9a6ae3fb80d5ef546e8538dfd9459b176483.bin,Sodinokibi,malwarebazaar,ransomware,2026-08-10 04:11:30 UTC,analyzed,1409,TRUE_ENCRYPTION,file_type=exe;staged_file_lost_on_reboot
8c716101e118ac65d7bdb900e0100d012256abb1d7cdf64830e5943a795ccce2,crypt-domain.bin,Sodinokibi,malwarebazaar,ransomware,2026-08-10 04:11:33 UTC,analyzed,1411,TRUE_ENCRYPTION,file_type=exe;staged_file_lost_on_reboot
2d73ce9f8e11bbbce1bec1147bf30ef60a6d362504fbf650b3c8a0ea6f7c4fbb,sample,Sodinokibi,malwarebazaar,ransomware,2026-08-10 04:11:36 UTC,analyzed,1413,NO_VICTIM_ACTIVITY,file_type=exe;staged_file_lost_on_reboot
602375762d88d24ae659c47d25959e52ed5cea1d227609ec486bd42d551ca009,sod2.bin,Sodinokibi,malwarebazaar,ransomware,2026-08-10 04:11:38 UTC,analyzed,1415,NO_VICTIM_ACTIVITY,file_type=exe;staged_file_lost_on_reboot
e453400f413b4ad2e996c28b7e72be2d42fc2a8d30e9c91a67a0e0e6915aff7f,e453400f413b4ad2e996c28b7e72be2d42fc2a8d30e9c91a67a0e0e6915aff7f,Sodinokibi,malwarebazaar,ransomware,2026-08-10 04:11:44 UTC,analyzed,1417,FAILED,file_type=exe;staged_file_lost_on_reboot
735ff072077023765e445b284f072946ffad2e36fa8aba9f1b8f93fef885352c,test9.exe,Sodinokibi,malwarebazaar,ransomware,2026-08-10 04:11:47 UTC,analyzed,1419,TRUE_ENCRYPTION,file_type=exe;staged_file_lost_on_reboot
9d3a482d9441876096e0cee429fedf7b9f7e1c6a50b3e4b2009884019627d879,9d3a482d9441876096e0cee429fedf7b9f7e1c6a50b3e4b2009884019627d879.bin,Sodinokibi,malwarebazaar,ransomware,2026-08-10 04:11:50 UTC,analyzed,1421,TRUE_ENCRYPTION,file_type=exe;staged_file_lost_on_reboot
6295da1218817aaac71447d83d2221d251724dd33751d94581e3f10e76da1280,6295da1218817aaac71447d83d2221d251724dd33751d94581e3f10e76da1280.bin.exe,Sodinokibi,malwarebazaar,ransomware,2026-08-10 04:11:53 UTC,analyzed,1423,TRUE_ENCRYPTION,file_type=exe;staged_file_lost_on_reboot
b10d9a62edb6081aa9f7fc865554064bb212555392b1181dc40040e12927f988,b10d9a62edb6081aa9f7fc865554064bb212555392b1181dc40040e12927f988.exe,Sodinokibi,malwarebazaar,ransomware,2026-08-10 04:11:56 UTC,analyzed,1425,TRUE_ENCRYPTION,file_type=exe;staged_file_lost_on_reboot
e0ae340425fbb9afd4a463345d1fb470bd81110c4ae6a89f1727a8307a4070db,e0ae340425fbb9afd4a463345d1fb470bd81110c4ae6a89f1727a8307a4070db.bin.exe,Sodinokibi,malwarebazaar,ransomware,2026-08-10 04:11:58 UTC,analyzed,1427,NO_VICTIM_ACTIVITY,file_type=exe;staged_file_lost_on_reboot
c2a96c37b4beef66ee7b650c9043d693a1d939527aed13c58f6b1706b8d016e0,c2a96c37b4beef66ee7b650c9043d693a1d939527aed13c58f6b1706b8d016e0.bin.exe,Sodinokibi,malwarebazaar,ransomware,2026-08-10 04:12:01 UTC,analyzed,1429,NO_VICTIM_ACTIVITY,file_type=exe;staged_file_lost_on_reboot
454fe83bd5a26429ea01b37105bd41718f97359933d272799309ccc6fbcdcb7c,454fe83bd5a26429ea01b37105bd41718f97359933d272799309ccc6fbcdcb7c.bin.exe,Sodinokibi,malwarebazaar,ransomware,2026-08-10 04:12:03 UTC,analyzed,1431,NO_VICTIM_ACTIVITY,file_type=exe;staged_file_lost_on_reboot
429b96b0c9a715d0d7735ed12cec95b5183cd398f7291546478cb7ac12451df6,429b96b0c9a715d0d7735ed12cec95b5183cd398f7291546478cb7ac12451df6.bin.exe,Sodinokibi,malwarebazaar,ransomware,2026-08-10 04:12:06 UTC,analyzed,1433,NO_VICTIM_ACTIVITY,file_type=exe;staged_file_lost_on_reboot
8edf732c9138a27c8bd12286450034e5b524b468a9bb6a36ccf3c4ab2c4302f5,8edf732c9138a27c8bd12286450034e5b524b468a9bb6a36ccf3c4ab2c4302f5 (1).bin.exe,Sodinokibi,malwarebazaar,ransomware,2026-08-10 04:12:08 UTC,analyzed,1434,NO_VICTIM_ACTIVITY,file_type=exe;staged_file_lost_on_reboot
6ed3e4d85b44330f9e8254aec9b0055cbc51438472b366dd653201abf452bb89,6ed3e4d85b44330f9e8254aec9b0055cbc51438472b366dd653201abf452bb89.bin.exe,Sodinokibi,malwarebazaar,ransomware,2026-08-10 04:12:11 UTC,analyzed,1435,NO_VICTIM_ACTIVITY,file_type=exe;staged_file_lost_on_reboot
6e57810c41f253c8725d738cc83e703c1defaa1c2477314165d12bfd81e23417,6e57810c41f253c8725d738cc83e703c1defaa1c2477314165d12bfd81e23417.bin.exe,Sodinokibi,malwarebazaar,ransomware,2026-08-10 04:12:14 UTC,analyzed,1436,NO_VICTIM_ACTIVITY,file_type=exe;staged_file_lost_on_reboot
d4fdf1950183893b509bea00c233ae5d54b87bdd57a0b90aa6bf27181ab108d4,d4fdf1950183893b509bea00c233ae5d54b87bdd57a0b90aa6bf27181ab108d4.bin.exe,Sodinokibi,malwarebazaar,ransomware,2026-08-10 04:12:16 UTC,analyzed,1437,NO_VICTIM_ACTIVITY,file_type=exe;staged_file_lost_on_reboot
bc81f86bdc1b3a0a3229b88981c62ccdc754f90d0760405991896ad2f21a7c2a,bc81f86bdc1b3a0a3229b88981c62ccdc754f90d0760405991896ad2f21a7c2a.bin.exe,Sodinokibi,malwarebazaar,ransomware,2026-08-10 04:12:19 UTC,analyzed,1438,NO_VICTIM_ACTIVITY,file_type=exe;staged_file_lost_on_reboot
d10b2371ee70189abe37e8f0779ce3ecca51fd896cdda991289dfe14eaae1a76,d10b2371ee70189abe37e8f0779ce3ecca51fd896cdda991289dfe14eaae1a76.bin.exe,Sodinokibi,malwarebazaar,ransomware,2026-08-10 04:12:22 UTC,analyzed,1439,NO_VICTIM_ACTIVITY,file_type=exe;staged_file_lost_on_reboot
c068e2fe99d491ce2dc1db43bcad040038be3f9b30c67b779c4f5c8f3e710312,c068e2fe99d491ce2dc1db43bcad040038be3f9b30c67b779c4f5c8f3e710312.bin.exe,Sodinokibi,malwarebazaar,ransomware,2026-08-10 04:12:25 UTC,analyzed,1440,NO_VICTIM_ACTIVITY,file_type=exe;staged_file_lost_on_reboot
bfbe9826927232ab355f0dc6343175dec5244026bdead1ca7033f4ba62d9a65c,bfbe9826927232ab355f0dc6343175dec5244026bdead1ca7033f4ba62d9a65c.bin.exe,Sodinokibi,malwarebazaar,ransomware,2026-08-10 04:12:27 UTC,analyzed,1441,NO_VICTIM_ACTIVITY,file_type=exe;staged_file_lost_on_reboot
b9f3199637a3662429d829e2eb2d210fc96bf282883e721da1704981c136b143,b9f3199637a3662429d829e2eb2d210fc96bf282883e721da1704981c136b143.bin.exe,Sodinokibi,malwarebazaar,ransomware,2026-08-10 04:12:30 UTC,analyzed,1442,NO_VICTIM_ACTIVITY,file_type=exe;staged_file_lost_on_reboot
ae9e7267039039c83022e9991d04e9010f4d987826b0fa09eaffaad599c54ee0,ae9e7267039039c83022e9991d04e9010f4d987826b0fa09eaffaad599c54ee0.bin.exe,Sodinokibi,malwarebazaar,ransomware,2026-08-10 04:12:33 UTC,analyzed,1443,NO_VICTIM_ACTIVITY,file_type=exe;staged_file_lost_on_reboot
a3412b72b53e761867623cbb41acfc2b48fd7372f4b7f387047ca82dbc387de3,a3412b72b53e761867623cbb41acfc2b48fd7372f4b7f387047ca82dbc387de3.bin.exe,Sodinokibi,malwarebazaar,ransomware,2026-08-10 04:12:35 UTC,analyzed,1444,NO_VICTIM_ACTIVITY,file_type=exe;staged_file_lost_on_reboot
a6cb88a93bf6e53517d871f6055ca962422a5b4c3c0b7441018270748fa6590a,a6cb88a93bf6e53517d871f6055ca962422a5b4c3c0b7441018270748fa6590a.bin.exe,Sodinokibi,malwarebazaar,ransomware,2026-08-10 04:12:38 UTC,analyzed,1445,NO_VICTIM_ACTIVITY,file_type=exe;staged_file_lost_on_reboot
75175009b6864cf3a0147051272ccf63d8fac7f7a521e32f9d3c69a7acd4866d,75175009b6864cf3a0147051272ccf63d8fac7f7a521e32f9d3c69a7acd4866d.bin.exe,Sodinokibi,malwarebazaar,ransomware,2026-08-10 04:12:40 UTC,analyzed,1446,NO_VICTIM_ACTIVITY,file_type=exe;staged_file_lost_on_reboot
8005fd566349d5bde690c1f32e67dc3fbd9e195c63bf10ef05d51cfe040335f1,8005fd566349d5bde690c1f32e67dc3fbd9e195c63bf10ef05d51cfe040335f1.bin.exe,Sodinokibi,malwarebazaar,ransomware,2026-08-10 04:12:43 UTC,analyzed,1447,NO_VICTIM_ACTIVITY,file_type=exe;staged_file_lost_on_reboot
7789ea5daa745b54c53ccc3ef91589e3583f1c80d0985d74717bcd2be22f859b,7789ea5daa745b54c53ccc3ef91589e3583f1c80d0985d74717bcd2be22f859b.bin.exe,Sodinokibi,malwarebazaar,ransomware,2026-08-10 04:12:46 UTC,analyzed,1448,NO_VICTIM_ACTIVITY,file_type=exe;staged_file_lost_on_reboot
6081e88fe927e60d87da7a0bf1cc748f3c52f951a80dd3e4bd16ceaadc80571a,6081e88fe927e60d87da7a0bf1cc748f3c52f951a80dd3e4bd16ceaadc80571a.bin.exe,Sodinokibi,malwarebazaar,ransomware,2026-08-10 04:12:49 UTC,analyzed,1449,NO_VICTIM_ACTIVITY,file_type=exe;staged_file_lost_on_reboot
5219bdf17e6cf7552c564701ac7b2ceb46ee165840d9cf22c1291fa43ca4d56f,5219bdf17e6cf7552c564701ac7b2ceb46ee165840d9cf22c1291fa43ca4d56f.bin.exe,Sodinokibi,malwarebazaar,ransomware,2026-08-10 04:12:52 UTC,analyzed,1450,NO_VICTIM_ACTIVITY,file_type=exe;staged_file_lost_on_reboot
81b452c5cfc9b054231b73c412e06335770965ec8ec92a309df18c1909233a70,81b452c5cfc9b054231b73c412e06335770965ec8ec92a309df18c1909233a70.bin.exe,Sodinokibi,malwarebazaar,ransomware,2026-08-10 04:12:54 UTC,analyzed,1451,NO_VICTIM_ACTIVITY,file_type=exe;staged_file_lost_on_reboot
75fafe3d3519a16ec537108780cab1d2c3f37bc297b494f49ebf544f3f356f72,75fafe3d3519a16ec537108780cab1d2c3f37bc297b494f49ebf544f3f356f72.bin.exe,Sodinokibi,malwarebazaar,ransomware,2026-08-10 04:12:57 UTC,analyzed,1452,NO_VICTIM_ACTIVITY,file_type=exe;staged_file_lost_on_reboot
9c7a33d57688c7a82516a378cf014acadf68e39d0b13063f75c108dc2a40587d,9c7a33d57688c7a82516a378cf014acadf68e39d0b13063f75c108dc2a40587d.bin.exe,Sodinokibi,malwarebazaar,ransomware,2026-08-10 04:13:00 UTC,analyzed,1453,NO_VICTIM_ACTIVITY,file_type=exe;staged_file_lost_on_reboot
6e5f225b72d932fa68cafd3e0366298d5b1b92098049dcf01f6e3f2ad0f9b92e,6e5f225b72d932fa68cafd3e0366298d5b1b92098049dcf01f6e3f2ad0f9b92e.bin.exe,Sodinokibi,malwarebazaar,ransomware,2026-08-10 04:13:03 UTC,analyzed,1454,NO_VICTIM_ACTIVITY,file_type=exe;staged_file_lost_on_reboot
5fa14751ef7fa7299d9ac8a13a45d50c91fc787e720ae661742a211861319972,5fa14751ef7fa7299d9ac8a13a45d50c91fc787e720ae661742a211861319972.bin.exe,Sodinokibi,malwarebazaar,ransomware,2026-08-10 04:13:05 UTC,analyzed,1455,NO_VICTIM_ACTIVITY,file_type=exe;staged_file_lost_on_reboot
5a9c0945beff64f70dd87931c2537f87e9b6b975c9a936be9832323c0ddc473c,5a9c0945beff64f70dd87931c2537f87e9b6b975c9a936be9832323c0ddc473c.bin.exe,Sodinokibi,malwarebazaar,ransomware,2026-08-10 04:13:08 UTC,analyzed,1456,NO_VICTIM_ACTIVITY,file_type=exe;staged_file_lost_on_reboot
3ba4483c761a05e590671f54a39032630f82820177bbe7fcee9c445f6d5fd6db,3ba4483c761a05e590671f54a39032630f82820177bbe7fcee9c445f6d5fd6db.bin.exe,Sodinokibi,malwarebazaar,ransomware,2026-08-10 04:13:11 UTC,analyzed,1457,NO_VICTIM_ACTIVITY,file_type=exe;staged_file_lost_on_reboot
3b5e260a1db66a360c9e4c210fbccdb1aa197bffa4fd6344fff9ca9d21559566,3b5e260a1db66a360c9e4c210fbccdb1aa197bffa4fd6344fff9ca9d21559566.bin.exe,Sodinokibi,malwarebazaar,ransomware,2026-08-10 04:13:13 UTC,analyzed,1458,NO_VICTIM_ACTIVITY,file_type=exe;staged_file_lost_on_reboot
2e050601b908a29f8c0d113abdb0ed867d6c310b2bb58bf3ce607a9f33338a55,2e050601b908a29f8c0d113abdb0ed867d6c310b2bb58bf3ce607a9f33338a55.bin.exe,Sodinokibi,malwarebazaar,ransomware,2026-08-10 04:13:16 UTC,analyzed,1459,NO_VICTIM_ACTIVITY,file_type=exe;staged_file_lost_on_reboot
c9b04ec734151245774b54df09fc77011d703f4c93c277dbd26b998e7b6db29c,c9b04ec734151245774b54df09fc77011d703f4c93c277dbd26b998e7b6db29c.bin.exe,Sodinokibi,malwarebazaar,ransomware,2026-08-10 04:13:18 UTC,analyzed,1460,NO_VICTIM_ACTIVITY,file_type=exe;staged_file_lost_on_reboot
a0eca3f1e6797ebb44ece1478362781f5161e74314845571e91ba97e43571f7d,a0eca3f1e6797ebb44ece1478362781f5161e74314845571e91ba97e43571f7d.bin,Sodinokibi,malwarebazaar,ransomware,2026-08-10 04:13:21 UTC,analyzed,1461,NO_VICTIM_ACTIVITY,file_type=exe;staged_file_lost_on_reboot
fd8ba926720610c0864ed8f53bfe61b9d991883798f176f7ad65a16102aeeca3,fd8ba926720610c0864ed8f53bfe61b9d991883798f176f7ad65a16102aeeca3.bin,Sodinokibi,malwarebazaar,ransomware,2026-08-10 04:13:24 UTC,analyzed,1462,NO_VICTIM_ACTIVITY,file_type=exe;staged_file_lost_on_reboot
ae9e09a6b7706983206261a8f923d908b5523caa08c57995b1601581ac04be0e,ae9e09a6b7706983206261a8f923d908b5523caa08c57995b1601581ac04be0e.bin,Sodinokibi,malwarebazaar,ransomware,2026-08-10 04:13:26 UTC,analyzed,1463,NO_VICTIM_ACTIVITY,file_type=exe;staged_file_lost_on_reboot
a3c1eef5c74d63d45b6baae42fb808bf52d6198550304e508eaaa77b584a1d9e,a3c1eef5c74d63d45b6baae42fb808bf52d6198550304e508eaaa77b584a1d9e.bin,Sodinokibi,malwarebazaar,ransomware,2026-08-10 04:13:29 UTC,analyzed,1464,NO_VICTIM_ACTIVITY,file_type=exe;staged_file_lost_on_reboot
4589a8d0716595f43499858fe3603a4114f6cf34b1cfc50b73ff56d88450c688,4589a8d0716595f43499858fe3603a4114f6cf34b1cfc50b73ff56d88450c688.bin,Sodinokibi,malwarebazaar,ransomware,2026-08-10 04:13:32 UTC,analyzed,1465,NO_VICTIM_ACTIVITY,file_type=exe;staged_file_lost_on_reboot
8931fa8e5b8ec0db4b1a722778eaaf580ed1a45fc4f93a5e879d688925971424,8931fa8e5b8ec0db4b1a722778eaaf580ed1a45fc4f93a5e879d688925971424.bin.exe,Sodinokibi,malwarebazaar,ransomware,2026-08-10 04:13:34 UTC,analyzed,1466,NO_VICTIM_ACTIVITY,file_type=exe;staged_file_lost_on_reboot
e0b8bc41f54e982571d878303f3714a2b71985e37abe8f2c84c04139927b31a9,e0b8bc41f54e982571d878303f3714a2b71985e37abe8f2c84c04139927b31a9.bin.exe,Sodinokibi,malwarebazaar,ransomware,2026-08-10 04:13:37 UTC,analyzed,1467,TRUE_ENCRYPTION,file_type=exe;staged_file_lost_on_reboot
591d971b9411860904bc7fb9234d9069e3e8cacd06523b0bf93547bc2c4a827a,591d971b9411860904bc7fb9234d9069e3e8cacd06523b0bf93547bc2c4a827a.bin.exe,Sodinokibi,malwarebazaar,ransomware,2026-08-10 04:13:40 UTC,analyzed,1468,TRUE_ENCRYPTION,file_type=exe;staged_file_lost_on_reboot
8d1e4bb75799fd3639d12f2418ae31631e483f8dd9758e1e8ba785c4e7a18a71,8d1e4bb75799fd3639d12f2418ae31631e483f8dd9758e1e8ba785c4e7a18a71.bin.exe,Sodinokibi,malwarebazaar,ransomware,2026-08-10 04:13:43 UTC,analyzed,1469,TRUE_ENCRYPTION,file_type=exe;staged_file_lost_on_reboot
14c8e3f1f23d16c2c9a4272cd05d00461d27b372cc5f588b4bbfc6102bbed708,ransomware,Sodinokibi,malwarebazaar,ransomware,2026-08-10 04:13:45 UTC,analyzed,1470,TRUE_ENCRYPTION,file_type=exe;staged_file_lost_on_reboot
bbcaee51155609d365f6bb297d124efea685df0243ec1d4efb5043d9afe5963d,bbcaee51155609d365f6bb297d124efea685df0243ec1d4efb5043d9afe5963d.exe,Sodinokibi,malwarebazaar,ransomware,2026-08-10 04:13:49 UTC,analyzed,1471,TRUE_ENCRYPTION,file_type=exe;staged_file_lost_on_reboot
e9e5459e32521a8ca1c075a96d3358337919321f5d149fe3a8cc5f6f57b33923,e9e5459e32521a8ca1c075a96d3358337919321f5d149fe3a8cc5f6f57b33923.bin.exe,Sodinokibi,malwarebazaar,ransomware,2026-08-10 04:13:52 UTC,analyzed,1472,TRUE_ENCRYPTION,file_type=exe;staged_file_lost_on_reboot
d064cc1d0d70ce88dce14f6d33689c5f2622026ae3f6601fa7f0724a36624016,d064cc1d0d70ce88dce14f6d33689c5f2622026ae3f6601fa7f0724a36624016.bin.exe,Sodinokibi,malwarebazaar,ransomware,2026-08-10 04:13:54 UTC,analyzed,1473,TRUE_ENCRYPTION,file_type=exe;staged_file_lost_on_reboot
681836cd8181c784646b39238d8e4d9323b91c71690894782220e2678c1f3191,681836cd8181c784646b39238d8e4d9323b91c71690894782220e2678c1f3191.bin.exe,Sodinokibi,malwarebazaar,ransomware,2026-08-10 04:13:57 UTC,analyzed,1474,TRUE_ENCRYPTION,file_type=exe;staged_file_lost_on_reboot
96dde0a25cc6ca81a6d3d5025a36827b598d94f0fca6ab0363bfc893706f2e87,96dde0a25cc6ca81a6d3d5025a36827b598d94f0fca6ab0363bfc893706f2e87.bin.exe,Sodinokibi,malwarebazaar,ransomware,2026-08-10 04:14:00 UTC,analyzed,1475,TRUE_ENCRYPTION,file_type=exe;staged_file_lost_on_reboot
fcb9ba05f921f7af41dba56b278c39715a8631c27048c70d098574e7ec20db22,fcb9ba05f921f7af41dba56b278c39715a8631c27048c70d098574e7ec20db22.bin.exe,Sodinokibi,malwarebazaar,ransomware,2026-08-10 04:14:03 UTC,analyzed,1476,TRUE_ENCRYPTION,file_type=exe;staged_file_lost_on_reboot
dc732c1ebfd20e219236289f1815830abd704bc340e8e35966754666c1a2cd01,dc732c1ebfd20e219236289f1815830abd704bc340e8e35966754666c1a2cd01.bin.exe,Sodinokibi,malwarebazaar,ransomware,2026-08-10 04:14:06 UTC,analyzed,1477,TRUE_ENCRYPTION,file_type=exe;staged_file_lost_on_reboot
34a813a1016a70161b66e00c628d9eddb97ecfa78e2272de2e7e86f8c981a9e9,34a813a1016a70161b66e00c628d9eddb97ecfa78e2272de2e7e86f8c981a9e9.bin.exe,Sodinokibi,malwarebazaar,ransomware,2026-08-10 04:14:08 UTC,analyzed,1478,TRUE_ENCRYPTION,file_type=exe;staged_file_lost_on_reboot
368dfd0ce07c2010b0bcfc05b60c653d285b9b201c0da60c3be6f6110a89140d,368dfd0ce07c2010b0bcfc05b60c653d285b9b201c0da60c3be6f6110a89140d,Sodinokibi,malwarebazaar,ransomware,2026-08-10 04:14:11 UTC,analyzed,1479,TRUE_ENCRYPTION,file_type=exe;staged_file_lost_on_reboot
7d3a5cd80e21098c2ea4a35396fb9ccec326054f45937eae3207a3f5f2d09464,7d3a5cd80e21098c2ea4a35396fb9ccec326054f45937eae3207a3f5f2d09464,Sodinokibi,malwarebazaar,ransomware,2026-08-10 04:14:14 UTC,analyzed,1480,TRUE_ENCRYPTION,file_type=exe;staged_file_lost_on_reboot
07346bb5f71e3c67a9ffd1b0d9602452f044b9262b468b6ed055f6548f26327a,07346bb5f71e3c67a9ffd1b0d9602452f044b9262b468b6ed055f6548f26327a,Sodinokibi,malwarebazaar,ransomware,2026-08-10 04:14:17 UTC,analyzed,1481,TRUE_ENCRYPTION,file_type=exe;staged_file_lost_on_reboot
b433aaa86cc70ce6c60798f07fa013f4712947b32b6692bc08e1832dc17f90fb,b433aaa86cc70ce6c60798f07fa013f4712947b32b6692bc08e1832dc17f90fb,Sodinokibi,malwarebazaar,ransomware,2026-08-10 04:14:20 UTC,analyzed,1482,TRUE_ENCRYPTION,file_type=exe;staged_file_lost_on_reboot
b8d7fb4488c0556385498271ab9fffdf0eb38bb2a330265d9852e3a6288092aa,4D84641B65D8BB6C3EF03BF59434242D.bin,Sodinokibi,malwarebazaar,ransomware,2026-08-10 04:14:23 UTC,analyzed,1483,TRUE_ENCRYPTION,file_type=exe;staged_file_lost_on_reboot
6f173aec9830677d751097483b2cd8b9a1609886d0c445568b6f52cf9461a668,ohaan.exe,Sodinokibi,malwarebazaar,ransomware,2026-08-10 04:14:26 UTC,analyzed,1484,TRUE_ENCRYPTION,file_type=exe;staged_file_lost_on_reboot
fa7d2020776a080d2580c0cad013be84484cbaa8d927fedd51914bad567d3278,fa7d2020776a080d2580c0cad013be84484cbaa8d927fedd51914bad567d3278,Sodinokibi,malwarebazaar,ransomware,2026-08-10 04:14:29 UTC,analyzed,1485,TRUE_ENCRYPTION,file_type=exe;staged_file_lost_on_reboot
cb0373b35abf4b089be60e714ee415d3491ddc2cffcfb45b84a87a3a106c822f,cb0373b35abf4b089be60e714ee415d3491ddc2cffcfb45b84a87a3a106c822f.exe,Sodinokibi,malwarebazaar,ransomware,2026-08-10 04:14:33 UTC,analyzed,1486,FAILED,file_type=exe;staged_file_lost_on_reboot
37b8da186e1d26247f942dab67b5d6d24e0acb0d7fc3c583d4cad99fb36c2bc6,4.exe,Sodinokibi,malwarebazaar,ransomware,2026-08-10 04:14:36 UTC,analyzed,1487,TRUE_ENCRYPTION,file_type=exe;staged_file_lost_on_reboot
8ab5753e0dd8b4a54a0cc842bb2b53c97ed33d90bcc445ce4de58d1df9dc9060,3.exe,Sodinokibi,malwarebazaar,ransomware,2026-08-10 04:14:39 UTC,analyzed,1488,TRUE_ENCRYPTION,file_type=exe;staged_file_lost_on_reboot
06c46067d0d0ea71dd5f8d6f2d4d050393db4d58c79dfcddfb1fbe2c51dabffa,1.exe,Sodinokibi,malwarebazaar,ransomware,2026-08-10 04:14:42 UTC,analyzed,1489,TRUE_ENCRYPTION,file_type=exe;staged_file_lost_on_reboot
2210baa7b596879b413965c17f9f33dbf698ac183b2b82329d397c73dee5fc3d,1.exe,Dharma,malwarebazaar,ransomware,2026-08-10 04:14:49 UTC,analyzed,977,TRUE_ENCRYPTION,file_type=exe
dddf7894b2e6aafa1903384759d68455c3a4a8348a7e2da3bd272555eba9bec0,05484199.exe,Dharma,malwarebazaar,ransomware,2026-08-10 04:14:53 UTC,analyzed,981,TRUE_ENCRYPTION,file_type=exe
1a05cba6870798d2e73001bf872e4d579460c380c060fd051f33a703f504b8a3,2023-05-12_786ce74458720ec55b824586d2e5666d_crysis,Dharma,malwarebazaar,ransomware,2026-08-10 04:14:55 UTC,analyzed,985,TRUE_ENCRYPTION,file_type=exe
c221cb99f25328e6bf50d435b4ab3a2ff8b09f05f7cd90e5ce2006855b3aa619,2023-05-08_d3a5c66e319bd71259570ed86f0a1bce_crysis,Dharma,malwarebazaar,ransomware,2026-08-10 04:14:58 UTC,analyzed,989,TRUE_ENCRYPTION,file_type=exe
5671112c276673ee5c4630994ac0034927cee2aa05a32ca6950edbc80c56e7e8,VirusShare_5c36e305d926e55ef98d392176890cd2,Dharma,malwarebazaar,ransomware,2026-08-10 04:15:02 UTC,analyzed,993,NO_VICTIM_ACTIVITY,file_type=exe
40a68110241e86f1cdece1dc5a6dfb72e028b40e8d55447cc3a961341b932784,2023-04-15_f0d51246d6655e30178634fee2792710_crysis,Dharma,malwarebazaar,ransomware,2026-08-10 04:15:05 UTC,analyzed,997,TRUE_ENCRYPTION,file_type=exe
7af890c71121d682203be3b23497272f4338cdc27f5af49c41f8275d582e85e1,2023-04-13_bf6e423769b1dc31dafc847cbfe9076a_crysis,Dharma,malwarebazaar,ransomware,2026-08-10 04:15:08 UTC,analyzed,1001,TRUE_ENCRYPTION,file_type=exe
ab5be9e6911b43f0974e01dabec772b968274d9b5ea39ba2ad7cd294056e5d09,scandy.bin,Dharma,malwarebazaar,ransomware,2026-08-10 04:15:11 UTC,analyzed,1005,TRUE_ENCRYPTION,file_type=exe
e9bbcfb5d9f42ef0dd75eb435e78d5226087679593893e0c08977694e720cd7a,bacon_2018-04-13_22-27.bin,Dharma,malwarebazaar,ransomware,2026-08-10 04:15:14 UTC,analyzed,1009,NO_VICTIM_ACTIVITY,file_type=exe
34c392448fc0818278cd19bb0841adf573e967be8a0f73bb42bb367a5835b6ea,2023-03-23_21c2b2d0bfc15b3d4bc72263f9db5547_crysis,Dharma,malwarebazaar,ransomware,2026-08-10 04:15:16 UTC,analyzed,1013,TRUE_ENCRYPTION,file_type=exe
d4ab320cfff425eaafe322870539f5c16bfe1be83103ac093f21c1ac5f41e3b6,2023-03-18_560d922c519118ccd31e82d3dd02fdcc_crysis,Dharma,malwarebazaar,ransomware,2026-08-10 04:15:19 UTC,analyzed,1017,TRUE_ENCRYPTION,file_type=exe
245f7a3c993a0ecada1c1f8936ea82e8e48812c5758767e5d91db91324bc303a,2023-03-12_99c451001b4a530a578952665ec526be_crysis,Dharma,malwarebazaar,ransomware,2026-08-10 04:15:22 UTC,analyzed,1021,NO_VICTIM_ACTIVITY,file_type=exe
0cbb472b555d4cab454948ba900675db48b120afaedf246a14d87d970b233a43,payload.bin,Dharma,malwarebazaar,ransomware,2026-08-10 04:15:25 UTC,analyzed,1025,TRUE_ENCRYPTION,file_type=exe
056c3790765f928e991591cd139384b6680df26313a73711add657abc369028c,1sass.bin,Dharma,malwarebazaar,ransomware,2026-08-10 04:15:28 UTC,analyzed,1029,TRUE_ENCRYPTION,file_type=exe
bf20b92755cd5c2542cdcef804ee795932cc4b0e070ca6b81ff8fd30908a8f97,liketesc.bin,Dharma,malwarebazaar,ransomware,2026-08-10 04:15:31 UTC,analyzed,1033,TRUE_ENCRYPTION,file_type=exe
a43dab9c34af5a49a2a615e86db3e2bf4c5467853dd5bd4f1a1c73619b683ab2,dharma_unpacked.bin,Dharma,malwarebazaar,ransomware,2026-08-10 04:15:33 UTC,analyzed,1037,TRUE_ENCRYPTION,file_type=exe
bd210c5759b815a64b7166aceae471ef622bccdde3b46fc971aa78bcb73f08f1,2023-02-21_3797a1dd86bf2e8879d02cfc7c9fa601_crysis,Dharma,malwarebazaar,ransomware,2026-08-10 04:15:36 UTC,analyzed,1041,TRUE_ENCRYPTION,file_type=exe
52eeb1c0820a0a64910cd07339286bbf3045d83588f81909ea85d96d30da90e3,2023-02-05_c55db8a4cbdf17e199e8b45d61fc9f5a_crysis,Dharma,malwarebazaar,ransomware,2026-08-10 04:15:38 UTC,analyzed,1045,FAILED,file_type=exe
6ddb4a7f6bcfffc745a376e0894424dab86e1582036257f4ff502eb70b51389e,2023-02-04_9fc19bbcf422449ba75f31fc91712dc7_crysis,Dharma,malwarebazaar,ransomware,2026-08-10 04:15:41 UTC,analyzed,1049,FAILED,file_type=exe
cdb8cab7dbcc2dd546519a03e1da8836ca233992406ba3746cbe015f2944de96,2023-02-04_c25b360f33d67cf156645b6b5cf3bc2f_crysis,Dharma,malwarebazaar,ransomware,2026-08-10 04:15:44 UTC,analyzed,1053,FAILED,file_type=exe
e181b975b8e4c712c835413a2788fcf62399ae9a404161b8772aa5593c91d33e,2023-02-04_26e376c489f7dfb57af25729f81c173b_crysis,Dharma,malwarebazaar,ransomware,2026-08-10 04:15:47 UTC,analyzed,1057,FAILED,file_type=exe
92390d8b7dd99a4b03af59b45763c706d5df368761ce9706236e3dac4f9a74e2,2023-02-03_b88f005719f4f25f113f749464a28a17_crysis,Dharma,malwarebazaar,ransomware,2026-08-10 04:15:50 UTC,analyzed,1061,TRUE_ENCRYPTION,file_type=exe
77da9b22f28c92543d9ac281469390cbd5e442a59f7ad6d9034d9a7f490ac3fd,2023-02-02_471eb92980c6e4cd3ec28272f35b9ab5_crysis,Dharma,malwarebazaar,ransomware,2026-08-10 04:15:53 UTC,analyzed,1065,FAILED,file_type=exe
e140a653caf5e4be9aaef3a2209d5c7e417f6eb0bd67ed2f878b82d606b045e2,2023-02-02_42c7de47cfbd79e1372d9742029de902_crysis,Dharma,malwarebazaar,ransomware,2026-08-10 04:15:56 UTC,analyzed,1069,FAILED,file_type=exe
a3435ff11b5afc8bd891fdc1977e1a70c65830aa2a80438c6320e3fae7c2811b,2023-02-02_4377cec046984f87c73603d7c85090d2_crysis,Dharma,malwarebazaar,ransomware,2026-08-10 04:15:58 UTC,analyzed,1073,FAILED,file_type=exe
18acf8a44011f072a29dd6a6254c36eec7dc4f7ef7810980bd237ca3942d904f,2023-02-01_064251fa4f795bad5cc025d836b98923_crysis,Dharma,malwarebazaar,ransomware,2026-08-10 04:16:01 UTC,analyzed,1077,FAILED,file_type=exe
43a13198d94f649ee5c587b4d5eb59b33abd89fae6e49909f8b1052059025cbc,2023-02-01_d1b58a99f2d7875883e381f83d5ef31b_crysis,Dharma,malwarebazaar,ransomware,2026-08-10 04:16:04 UTC,analyzed,1081,FAILED,file_type=exe
0a747a5f771168c0c32e944da6d6d996f24284e4fb44eaea562b21266a9e3ac2,2023-02-01_07a14116ac737b484efd8184ee716109_crysis,Dharma,malwarebazaar,ransomware,2026-08-10 04:16:07 UTC,analyzed,1085,FAILED,file_type=exe
1dbbed25cf831114c926933b2cff5b4a4760dd95c7618f01cf5b27deec7b1788,2023-02-01_a3435d1839ded089f36516c52e94f5d3_crysis,Dharma,malwarebazaar,ransomware,2026-08-10 04:16:10 UTC,analyzed,1089,FAILED,file_type=exe
8ade68d429cd44a78e5cfb108aac846eff7e04f57e4a92cb73c66de569eac968,2023-02-01_8f43f5d7a93639cebd1ffd4e84e867a7_crysis,Dharma,malwarebazaar,ransomware,2026-08-10 04:16:12 UTC,analyzed,1093,FAILED,file_type=exe
e70dd54b6b5680230a7af30a6b127ecb60c32ee9f0bff30d8d79a2a7ed9c3ab4,2023-01-31_b8068836af35aea7dacf48aeee974b5b_crysis,Dharma,malwarebazaar,ransomware,2026-08-10 04:16:15 UTC,analyzed,1097,FAILED,file_type=exe
3e84def5eeae88ab28d21de08581e68e46fd9a94b5fee35d609d6f73a92a9e96,2023-01-30_67ce18845fd67549dd470a10662decae_crysis,Dharma,malwarebazaar,ransomware,2026-08-10 04:16:18 UTC,analyzed,1101,FAILED,file_type=exe
32c51906c182c8c92afbc93cbe674d1b24d855f5f4f0c4c82d076691cce4c7ec,2023-01-30_b94b59ce09ac8e8be119a4c4b7fdaab6_crysis,Dharma,malwarebazaar,ransomware,2026-08-10 04:16:21 UTC,analyzed,1105,FAILED,file_type=exe
4c99ac9f69cf03b60583b12f94fe442da74178f53030bd2b7703b1d53da6a135,2023-01-28_71a04ec7f0242ca16b60a08c6d2c77d8_crysis,Dharma,malwarebazaar,ransomware,2026-08-10 04:16:24 UTC,analyzed,1109,FAILED,file_type=exe
1a8f35d0f2b1a11a5b30e6f05ee5c9e93542fc2f559f8e66cf67f2a1b6ccbeb9,2023-01-27_a23219bddf6b154ca2f5afa89cb2b0c3_crysis,Dharma,malwarebazaar,ransomware,2026-08-10 04:16:26 UTC,analyzed,1113,FAILED,file_type=exe
0775f6c00ce22c822bb56ed45d658af3647e522d0e462d505e31dfc0f343adde,2023-01-25_dd4428a252dd716e5f380b33f74fe68e_crysis,Dharma,malwarebazaar,ransomware,2026-08-10 04:16:29 UTC,analyzed,1117,FAILED,file_type=exe
5c57baa8a5c31d138e3d3d325cdb70a3d851061586d4a8ab961b123c357cc64a,2023-01-26_3ae89767052994b4bbf9968e7b3b8547_crysis,Dharma,malwarebazaar,ransomware,2026-08-10 04:16:32 UTC,analyzed,1121,FAILED,file_type=exe
40ca770fe8a5c994872adf7e0f72ee131960ef65d34b88a66d7047b29f763055,40ca770fe8a5c994872adf7e0f72ee131960ef65d34b88a66d7047b29f763055,Dharma,malwarebazaar,ransomware,2026-08-10 04:16:36 UTC,analyzed,1125,TRUE_ENCRYPTION,file_type=exe
ebb17d81ffb02c01b4f49c7267246f243272ca2aecda68a44e89a33f74a47a0f,2023-01-24_b55a6a785c1fab2b52afc9656c639e02_crysis,Dharma,malwarebazaar,ransomware,2026-08-10 04:16:39 UTC,analyzed,1129,FAILED,file_type=exe
b6b2c1f4bbe4259e0279a0c3db98a69db12ab6ae0b549085c714f1497f3c8300,2023-01-21_be47139183c40fceb264c6946627b93f_crysis,Dharma,malwarebazaar,ransomware,2026-08-10 04:16:41 UTC,analyzed,1133,TRUE_ENCRYPTION,file_type=exe
7b93299c4559e89716a9b37f4a43c1b084c610ad1d9d8e462a1383320e299503,2023-01-19_35428935f5bdc42cd696f1fe9641891a_crysis,Dharma,malwarebazaar,ransomware,2026-08-10 04:16:44 UTC,analyzed,1137,FAILED,file_type=exe
6734e7474c81f5b7b0c006a17b79f59e3281f45f03910ddeeae2ea05291655fd,2023-01-21_3ecf963ff8585fd26fc180e3fbfd413a_crysis,Dharma,malwarebazaar,ransomware,2026-08-10 04:16:47 UTC,analyzed,1141,FAILED,file_type=exe
1de8054e71f00406e617230fc22017bfd66c78b216a57cec085ca6a5cb2f24a1,2023-01-20_b6cfdefd2ef6bb507cbac8634ec3f6a1_crysis,Dharma,malwarebazaar,ransomware,2026-08-10 04:16:50 UTC,analyzed,1145,TRUE_ENCRYPTION,file_type=exe
276727bfacdeba0ba864fd6ccecab5fd0f244576dc503d7cf148a4deb90fc136,2023-01-18_58402f0f41e3bfecbea9ca1bcc0f0c2b_crysis,Dharma,malwarebazaar,ransomware,2026-08-10 04:16:53 UTC,analyzed,1149,TRUE_ENCRYPTION,file_type=exe
4c21b335baf9907cfaec588f25354b804b3d59f3882d923fbaf0d929b933ef49,2023-01-22_ee524170a7ffc7ad48afc3a1e7377943_crysis,Dharma,malwarebazaar,ransomware,2026-08-10 04:16:55 UTC,analyzed,1153,TRUE_ENCRYPTION,file_type=exe
a191d7d045dcf61582f2257bded2734b4ca424b1cf66ff519763c1888ec83190,2023-01-20_134455912826cf0de4750f77909ba624_crysis,Dharma,malwarebazaar,ransomware,2026-08-10 04:16:58 UTC,analyzed,1157,FAILED,file_type=exe
aa63528bf720d3f9b31e91945a576afa4c609a09c07b3bbfc29351d760a71ccd,2023-01-22_3fdb650cb7d17cc8c639d44ee11ee91b_crysis,Dharma,malwarebazaar,ransomware,2026-08-10 04:17:00 UTC,analyzed,1161,FAILED,file_type=exe
83b294975e094024bdeb90f5cdeb9832304cf6879a27eee5cfe08650e5731674,2023-01-21_f0584531c7e28b1f8b3b9cdab6e22faf_crysis,Dharma,malwarebazaar,ransomware,2026-08-10 04:17:03 UTC,analyzed,1165,FAILED,file_type=exe
622e2834e51caa303d120c7503d8fcce671226a0342d7be0f8cf546b44cee195,2023-01-20_e096b294d0ed5f42ca68bc41c47ac27a_crysis,Dharma,malwarebazaar,ransomware,2026-08-10 04:17:05 UTC,analyzed,1169,TRUE_ENCRYPTION,file_type=exe
2354403f00f096f700e5616ed1a5ccd40fe53a1bb35a5e93e429f5f24fa4483b,2023-01-22_16cd194650559b6d6772f58141ddc942_crysis,Dharma,malwarebazaar,ransomware,2026-08-10 04:17:08 UTC,analyzed,1173,FAILED,file_type=exe
67a00565a4c5fc9f08543cb10bfa3858801f87a558e21ad36d514c9bedb10e5d,2023-01-20_7166d5ba7fae799b13403100dc26648a_crysis,Dharma,malwarebazaar,ransomware,2026-08-10 04:17:11 UTC,analyzed,1177,FAILED,file_type=exe
403b8f1ce98aeb6f4a7cfc23693c5a9799e0239806a4850b4eaad58ab7bedb40,2023-01-20_8739058c3caec449e8e3b061d6f03206_crysis,Dharma,malwarebazaar,ransomware,2026-08-10 04:17:14 UTC,analyzed,1180,FAILED,file_type=exe
6e228df5e458ddcd6a9b5284418b6101cb988315d3910f1b422d511135acd462,2023-01-20_0e6469ddffd4511d8ea4d2ee5eab4e9d_crysis,Dharma,malwarebazaar,ransomware,2026-08-10 04:17:16 UTC,analyzed,1183,FAILED,file_type=exe
a6ed8beb599f2aa594298076a2e8312871a2b12feb8e5d072d51335f21f85d7b,a6ed8beb599f2aa594298076a2e8312871a2b12feb8e5d072d51335f21f85d7b,Dharma,malwarebazaar,ransomware,2026-08-10 04:17:20 UTC,analyzed,1186,TRUE_ENCRYPTION,file_type=exe
30140a3a441d4d92bc78e6726d9de9a293e83f812c16658222c32ce408c453ba,30140a3a441d4d92bc78e6726d9de9a293e83f812c16658222c32ce408c453ba,Dharma,malwarebazaar,ransomware,2026-08-10 04:17:23 UTC,analyzed,1189,TRUE_ENCRYPTION,file_type=exe
0b2467264b2544634a7252314e585b10b618d1e752b2aa7fd46c59210b9b93f6,0b2467264b2544634a7252314e585b10b618d1e752b2aa7fd46c59210b9b93f6,Dharma,malwarebazaar,ransomware,2026-08-10 04:17:26 UTC,analyzed,1192,NO_VICTIM_ACTIVITY,file_type=exe
3a7696a5e89211d08152154477f7d2281cafd814e987f6d089a3ad1c76f24608,3a7696a5e89211d08152154477f7d2281cafd814e987f6d089a3ad1c76f24608,Dharma,malwarebazaar,ransomware,2026-08-10 04:17:29 UTC,analyzed,1195,TRUE_ENCRYPTION,file_type=exe
92c65e95b508ffacd2d7a36957599eb2d930a0d1a8b76a5c4551ee6e9d4da67e,92c65e95b508ffacd2d7a36957599eb2d930a0d1a8b76a5c4551ee6e9d4da67e,Dharma,malwarebazaar,ransomware,2026-08-10 04:17:32 UTC,analyzed,1198,TRUE_ENCRYPTION,file_type=exe
f608858af270c6b6956146e6c3ce0bc737916646e442784d5fb9c543c7ed09bc,f608858af270c6b6956146e6c3ce0bc737916646e442784d5fb9c543c7ed09bc,Dharma,malwarebazaar,ransomware,2026-08-10 04:17:34 UTC,analyzed,1201,TRUE_ENCRYPTION,file_type=exe
6f64d864d4cdeaa6062e44e34c0969ebdead56edb22e5a2b61c987ca3400fad4,6f64d864d4cdeaa6062e44e34c0969ebdead56edb22e5a2b61c987ca3400fad4,Dharma,malwarebazaar,ransomware,2026-08-10 04:17:37 UTC,analyzed,1204,TRUE_ENCRYPTION,file_type=exe
dc5ba84e57cf8d8dfcb8fb2de6f842786428fc46c34d8a3e02c8119bbd9f7584,Takeaway.exe,Dharma,malwarebazaar,ransomware,2026-08-10 04:17:41 UTC,analyzed,1207,TRUE_ENCRYPTION,file_type=exe
94ef44e3f7be172fb47203eb942e4601f1a96cb4bfd37e055fd6cf39b5db49a6,winhost.exe,Dharma,malwarebazaar,ransomware,2026-08-10 04:17:43 UTC,analyzed,1210,TRUE_ENCRYPTION,file_type=exe
324cb383fd7f47c079b162b725215bb4badfd4c0b2e41d330fa38344e59e77ce,26a879b2_by_Libranalysis,Dharma,malwarebazaar,ransomware,2026-08-10 04:17:46 UTC,analyzed,1213,TRUE_ENCRYPTION,file_type=exe
f9731c6a91210d68432036e839574be2130022763e2406d7a548cd330672da5d,f9731c6a91210d68432036e839574be2130022763e2406d7a548cd330672da5d,Dharma,malwarebazaar,ransomware,2026-08-10 04:17:50 UTC,analyzed,1216,NO_VICTIM_ACTIVITY,file_type=exe
5997f7c46d8860cb07a00edf9e093e21a2416cc508c51dbd3838628d9b46b0d5,crysis_3001.vexe,Dharma,malwarebazaar,ransomware,2026-08-10 04:17:52 UTC,analyzed,1219,TRUE_ENCRYPTION,file_type=exe
42732ad450696b816913753fa9f53b52ac10922a1df1b5795693db77d532ffbc,21be39a453a79ef484ce58b901ba8386.exe,Dharma,malwarebazaar,ransomware,2026-08-10 04:17:55 UTC,analyzed,1222,TRUE_ENCRYPTION,file_type=exe
b565c8e1e81796db13409f37e4bd28877272b5e54ab5c0a3d9b6a024e7f5a039,b565c8e1e81796db13409f37e4bd28877272b5e54ab5c0a3d9b6a024e7f5a039.bin,Dharma,malwarebazaar,ransomware,2026-08-10 04:17:58 UTC,analyzed,1225,TRUE_ENCRYPTION,file_type=exe
34c485ad11076ede709ff409c0e1867dc50fd40311ae6e7318ddf50679fa4049,34c485ad11076ede709ff409c0e1867dc50fd40311ae6e7318ddf50679fa4049,Dharma,malwarebazaar,ransomware,2026-08-10 04:18:01 UTC,analyzed,1228,TRUE_ENCRYPTION,file_type=exe
629302ede09446efc6c44bea6fb9d4c62354816e227f61868528b6af43eeee94,629302ede09446efc6c44bea6fb9d4c62354816e227f61868528b6af43eeee94.bin,Dharma,malwarebazaar,ransomware,2026-08-10 04:18:04 UTC,analyzed,1231,TRUE_ENCRYPTION,file_type=exe
4992506df46c0b80f4619f3cb7478346561260366422c085f18356194b6cc3e3,4992506df46c0b80f4619f3cb7478346561260366422c085f18356194b6cc3e3.bin,Dharma,malwarebazaar,ransomware,2026-08-10 04:18:07 UTC,analyzed,1234,NO_VICTIM_ACTIVITY,file_type=exe
438af5e212ca33f9e04431dfac555945a3f0926865930f96230adb07dec0a2be,438af5e212ca33f9e04431dfac555945a3f0926865930f96230adb07dec0a2be.bin,Dharma,malwarebazaar,ransomware,2026-08-10 04:18:09 UTC,analyzed,1237,TRUE_ENCRYPTION,file_type=exe
3e7f30a802c595379ad3158ffe4ba5bc9e4a4d304430a2d846330adee70dc9a5,3e7f30a802c595379ad3158ffe4ba5bc9e4a4d304430a2d846330adee70dc9a5.bin,Dharma,malwarebazaar,ransomware,2026-08-10 04:18:12 UTC,analyzed,1240,TRUE_ENCRYPTION,file_type=exe
118d216a9a9a4fd19ac8e56cef76fe9529269a152857ad8e98386361a5fb8e0d,118d216a9a9a4fd19ac8e56cef76fe9529269a152857ad8e98386361a5fb8e0d.bin,Dharma,malwarebazaar,ransomware,2026-08-10 04:18:15 UTC,analyzed,1243,NO_VICTIM_ACTIVITY,file_type=exe
e4a43f0bb8216496b95826c2c1aeb2f3ece6a7d87a8dbc7a0cc6a3935ace3d90,e4a43f0bb8216496b95826c2c1aeb2f3ece6a7d87a8dbc7a0cc6a3935ace3d90.bin,Dharma,malwarebazaar,ransomware,2026-08-10 04:18:18 UTC,analyzed,1246,TRUE_ENCRYPTION,file_type=exe
e589257b8ad21635e0b1cf15b0936f939b19153806c3dcb9d502853525977817,e589257b8ad21635e0b1cf15b0936f939b19153806c3dcb9d502853525977817.bin,Dharma,malwarebazaar,ransomware,2026-08-10 04:18:20 UTC,analyzed,1249,TRUE_ENCRYPTION,file_type=exe
d424fd77dc8e421ac66621a2ea3a36533e6cdb19335b909cbaaac970993e62a4,d424fd77dc8e421ac66621a2ea3a36533e6cdb19335b909cbaaac970993e62a4.bin,Dharma,malwarebazaar,ransomware,2026-08-10 04:18:23 UTC,analyzed,1252,TRUE_ENCRYPTION,file_type=exe
00ce72bb6fb1d2c1d32aa4c4a147e1b9b390cf9d3ae8b5c0cab2718118db4430,00ce72bb6fb1d2c1d32aa4c4a147e1b9b390cf9d3ae8b5c0cab2718118db4430.bin,Dharma,malwarebazaar,ransomware,2026-08-10 04:18:26 UTC,analyzed,1255,TRUE_ENCRYPTION,file_type=exe
2c487a43ae6091d64f09bcfb1baa8b43fb502e9c9fc34f828cebfe251d9ad1f5,2c487a43ae6091d64f09bcfb1baa8b43fb502e9c9fc34f828cebfe251d9ad1f5.bin,Dharma,malwarebazaar,ransomware,2026-08-10 04:18:29 UTC,analyzed,1258,NO_VICTIM_ACTIVITY,file_type=exe
5a0d1265d52d2f76dae31aab48b706a72f03078a6111694f59c4ebf06e6e9f43,5a0d1265d52d2f76dae31aab48b706a72f03078a6111694f59c4ebf06e6e9f43.bin,Dharma,malwarebazaar,ransomware,2026-08-10 04:18:32 UTC,analyzed,1261,TRUE_ENCRYPTION,file_type=exe
b6c644a1644dd9b81a604fb6ad6a8cebf4a9b14d5c41da633a93ba2f459f31ae,b6c644a1644dd9b81a604fb6ad6a8cebf4a9b14d5c41da633a93ba2f459f31ae.bin,Dharma,malwarebazaar,ransomware,2026-08-10 04:18:34 UTC,analyzed,1264,NO_VICTIM_ACTIVITY,file_type=exe
584e757b4fb9b56105c3a57053976323f82535c8264082f81dd43f233c04cab9,584e757b4fb9b56105c3a57053976323f82535c8264082f81dd43f233c04cab9.bin,Dharma,malwarebazaar,ransomware,2026-08-10 04:18:37 UTC,analyzed,1267,NO_VICTIM_ACTIVITY,file_type=exe
a08c192df62e58faf203a10d830a6f0c34f1d843373ce5ca6f4826ed45a36764,a08c192df62e58faf203a10d830a6f0c34f1d843373ce5ca6f4826ed45a36764.bin,Dharma,malwarebazaar,ransomware,2026-08-10 04:18:40 UTC,analyzed,1270,NO_VICTIM_ACTIVITY,file_type=exe
d4b6920e28ddba697f8e2e33f6479d16c9b92fefdc36894e3c594e3f71095e4d,d4b6920e28ddba697f8e2e33f6479d16c9b92fefdc36894e3c594e3f71095e4d,Dharma,malwarebazaar,ransomware,2026-08-10 04:18:43 UTC,analyzed,1273,TRUE_ENCRYPTION,file_type=exe
ad14312e134f8b9483b2d701b1470758e8944764ec803252efede6b1c49e9485,ad14312e134f8b9483b2d701b1470758e8944764ec803252efede6b1c49e9485,Dharma,malwarebazaar,ransomware,2026-08-10 04:18:46 UTC,analyzed,1276,TRUE_ENCRYPTION,file_type=exe
17227020b2f5ca57f2d632d0d37de8d0ffcdef142e98a6af591e8180963cd3cc,17227020b2f5ca57f2d632d0d37de8d0ffcdef142e98a6af591e8180963cd3cc,Dharma,malwarebazaar,ransomware,2026-08-10 04:18:49 UTC,analyzed,1279,NO_VICTIM_ACTIVITY,file_type=exe
4708750c9a6fdeaec5f499a3cd26bb5f61db4f82e66484dc7b44118effbb246f,4708750c9a6fdeaec5f499a3cd26bb5f61db4f82e66484dc7b44118effbb246f,Dharma,malwarebazaar,ransomware,2026-08-10 04:18:52 UTC,analyzed,1281,NO_VICTIM_ACTIVITY,file_type=exe
553532c3bc00e3b85bcbac054bc4f05cb4fffba6f44a17c663dd37732ce1772d,553532c3bc00e3b85bcbac054bc4f05cb4fffba6f44a17c663dd37732ce1772d,Dharma,malwarebazaar,ransomware,2026-08-10 04:18:55 UTC,analyzed,1283,TRUE_ENCRYPTION,file_type=exe
307077d1a3fd2b53b94d88268e31b0b89b8c0c2ee9dbb46041d3e2395243f1b3,307077d1a3fd2b53b94d88268e31b0b89b8c0c2ee9dbb46041d3e2395243f1b3,Dharma,malwarebazaar,ransomware,2026-08-10 04:18:58 UTC,submitted,1285,,file_type=exe
085105e613ad37808a8db9a3c2ba5561d5d38d5c5c43b469c93d15f0d64af0c1,085105e613ad37808a8db9a3c2ba5561d5d38d5c5c43b469c93d15f0d64af0c1,Dharma,malwarebazaar,ransomware,2026-08-10 04:19:00 UTC,analyzed,1388,TRUE_ENCRYPTION,file_type=exe;staged_file_lost_on_reboot
5837daaf4f7cf7280ec0a749e161015c1de39b35fa26710ce7bb22e352725ed4,5837daaf4f7cf7280ec0a749e161015c1de39b35fa26710ce7bb22e352725ed4,Dharma,malwarebazaar,ransomware,2026-08-10 04:19:03 UTC,analyzed,1390,TRUE_ENCRYPTION,file_type=exe;staged_file_lost_on_reboot
553f674770840d592fd718f1cb8eed6d4210c7ce73944fb2d200e8588584fccb,553f674770840d592fd718f1cb8eed6d4210c7ce73944fb2d200e8588584fccb,Dharma,malwarebazaar,ransomware,2026-08-10 04:19:06 UTC,analyzed,1392,TRUE_ENCRYPTION,file_type=exe;staged_file_lost_on_reboot
246fbca7a62d38c5c15e47bddbb92c303e2470adaf514817b43c9f274cb47e7f,246fbca7a62d38c5c15e47bddbb92c303e2470adaf514817b43c9f274cb47e7f,Dharma,malwarebazaar,ransomware,2026-08-10 04:19:08 UTC,analyzed,1394,TRUE_ENCRYPTION,file_type=exe;staged_file_lost_on_reboot
90c54543aaf085e00879d4fe98a6dfb8148548f374828d50b6e3ac44668138b2,90c54543aaf085e00879d4fe98a6dfb8148548f374828d50b6e3ac44668138b2,Dharma,malwarebazaar,ransomware,2026-08-10 04:19:11 UTC,analyzed,1396,TRUE_ENCRYPTION,file_type=exe;staged_file_lost_on_reboot
56f1a65ab205548d7cc50c044c510210f084d7c7a381be7e3dd6530da1ce6aff,56f1a65ab205548d7cc50c044c510210f084d7c7a381be7e3dd6530da1ce6aff,Dharma,malwarebazaar,ransomware,2026-08-10 04:19:14 UTC,analyzed,1398,NO_VICTIM_ACTIVITY,file_type=exe;staged_file_lost_on_reboot
53cee5760768d57218ccc210948592f29d41b98cba17a81a87d0392e1eeffaf6,53cee5760768d57218ccc210948592f29d41b98cba17a81a87d0392e1eeffaf6,Dharma,malwarebazaar,ransomware,2026-08-10 04:19:17 UTC,analyzed,1400,TRUE_ENCRYPTION,file_type=exe;staged_file_lost_on_reboot
038e577d25d5b9237fbbef6080f53f462b01e75f83449bf0020ef0b14f371ac6,038e577d25d5b9237fbbef6080f53f462b01e75f83449bf0020ef0b14f371ac6,Dharma,malwarebazaar,ransomware,2026-08-10 04:19:19 UTC,analyzed,1402,TRUE_ENCRYPTION,file_type=exe;staged_file_lost_on_reboot
32eadf068d9d090fcf57145a09df4ce515c196387e409a01fbf052ff790879bf,32eadf068d9d090fcf57145a09df4ce515c196387e409a01fbf052ff790879bf,Dharma,malwarebazaar,ransomware,2026-08-10 04:19:22 UTC,analyzed,1404,TRUE_ENCRYPTION,file_type=exe;staged_file_lost_on_reboot
8e8b6818423930eea073315743b788aef2f41198961946046b7b89042cb3f95a,8e8b6818423930eea073315743b788aef2f41198961946046b7b89042cb3f95a,Dharma,malwarebazaar,ransomware,2026-08-10 04:19:25 UTC,analyzed,1406,TRUE_ENCRYPTION,file_type=exe;staged_file_lost_on_reboot
4d8ffa30554984f32eabbcb7a99699dd833ea85a8483db8753cc40bde7cee923,4d8ffa30554984f32eabbcb7a99699dd833ea85a8483db8753cc40bde7cee923,Dharma,malwarebazaar,ransomware,2026-08-10 04:19:28 UTC,analyzed,1408,TRUE_ENCRYPTION,file_type=exe;staged_file_lost_on_reboot
4b6de6cf9a91af3abf522643cb138747725ec1ae47d1defd66488e246a1fec8d,4b6de6cf9a91af3abf522643cb138747725ec1ae47d1defd66488e246a1fec8d,Dharma,malwarebazaar,ransomware,2026-08-10 04:19:30 UTC,analyzed,1410,TRUE_ENCRYPTION,file_type=exe;staged_file_lost_on_reboot
2dd2c201103ac3a5bf77ae7b30d0032ed215f59f883543c816e516ab454383fb,2dd2c201103ac3a5bf77ae7b30d0032ed215f59f883543c816e516ab454383fb,Dharma,malwarebazaar,ransomware,2026-08-10 04:19:33 UTC,analyzed,1412,TRUE_ENCRYPTION,file_type=exe;staged_file_lost_on_reboot
0a40acb8ddbc2ed8f8b703681fadf9fcb2672fdb75d93c150b45c6465cc9b1b4,0a40acb8ddbc2ed8f8b703681fadf9fcb2672fdb75d93c150b45c6465cc9b1b4,Dharma,malwarebazaar,ransomware,2026-08-10 04:19:35 UTC,analyzed,1414,TRUE_ENCRYPTION,file_type=exe;staged_file_lost_on_reboot
2f2e75affe9217c7211043936678fb1777e2db4a8f1986b8805ddb1e84e9e99b,1pgp.exe,Dharma,malwarebazaar,ransomware,2026-08-10 04:19:38 UTC,analyzed,1416,TRUE_ENCRYPTION,file_type=exe;staged_file_lost_on_reboot
6985917d29596b66d9bbc745a13d5577110d9b0408719c5559d23dd59a9e4f0b,crysis_rxx.vexe,Dharma,malwarebazaar,ransomware,2026-08-10 04:19:40 UTC,analyzed,1418,TRUE_ENCRYPTION,file_type=exe;staged_file_lost_on_reboot
084574bf3180c1493c8f1bb5522e80255be673dbeca80b0a37ee487daf8c6919,084574bf3180c1493c8f1bb5522e80255be673dbeca80b0a37ee487daf8c6919,Dharma,malwarebazaar,ransomware,2026-08-10 04:19:43 UTC,analyzed,1420,TRUE_ENCRYPTION,file_type=exe;staged_file_lost_on_reboot
9a4e6b6a25332f21e4e15bd5c67ea1613db78bf02fa3cef2eba47f27723f8d58,9a4e6b6a25332f21e4e15bd5c67ea1613db78bf02fa3cef2eba47f27723f8d58,Dharma,malwarebazaar,ransomware,2026-08-10 04:19:46 UTC,analyzed,1422,TRUE_ENCRYPTION,file_type=exe;staged_file_lost_on_reboot
1398be5280bdfc67179822e32d2d39e3e36afac05f88f3267cc7a1a63a3bdb68,1398be5280bdfc67179822e32d2d39e3e36afac05f88f3267cc7a1a63a3bdb68,Dharma,malwarebazaar,ransomware,2026-08-10 04:19:50 UTC,analyzed,1424,TRUE_ENCRYPTION,file_type=exe;staged_file_lost_on_reboot
45e9481702b87e03705d35c12c5a8a3d795d42f91d562cba539999846c729686,45e9481702b87e03705d35c12c5a8a3d795d42f91d562cba539999846c729686,Dharma,malwarebazaar,ransomware,2026-08-10 04:19:53 UTC,analyzed,1426,TRUE_ENCRYPTION,file_type=exe;staged_file_lost_on_reboot
65ac9daf3070161ac996fb8946632599547f1c9450d7dcd0f8dc1c85b4e8b3b7,65ac9daf3070161ac996fb8946632599547f1c9450d7dcd0f8dc1c85b4e8b3b7,Dharma,malwarebazaar,ransomware,2026-08-10 04:19:56 UTC,analyzed,1428,TRUE_ENCRYPTION,file_type=exe;staged_file_lost_on_reboot
b23eb66e588b47a73b393c87467b0b2b0431d9d346368efeaa36a76c7877cd27,comresourcesrootcert.exe,Dharma,malwarebazaar,ransomware,2026-08-10 04:19:59 UTC,analyzed,1430,TRUE_ENCRYPTION,file_type=exe;staged_file_lost_on_reboot
ea6bafd96818930f83200987d64c970ad03afcae9d69fbde9dd18f2ace154a99,1testserver.exe,Dharma,malwarebazaar,ransomware,2026-08-10 04:20:03 UTC,analyzed,1432,TRUE_ENCRYPTION,file_type=exe;staged_file_lost_on_reboot
df93b51dfce7f3f780fe6544a2db728672b9df4e76f2e61be21c87d6d782cce0,file,Cerber,malwarebazaar,ransomware,2026-08-10 04:20:09 UTC,analyzed,976,FAILED,file_type=exe
b3e1e9d97d74c416c2a30dd11858789af5554cf2de62f577c13944a19623777d,Endermanch@Cerber5.bin,Cerber,malwarebazaar,ransomware,2026-08-10 04:20:12 UTC,analyzed,980,TRUE_ENCRYPTION,file_type=exe
70d6105900816937f3c74dce0c044f03ac72df99485cc9f76bf4e0a47bc3e0da,2023-05-06_6a4025d67f9b2c8d8d44173eee98ece3_cerber,Cerber,malwarebazaar,ransomware,2026-08-10 04:20:15 UTC,analyzed,984,FAILED,file_type=exe
4a2ad49c934f9ae6ca6b5d0c7cc34f5e12d349640012fa8cf8eb7e2d3acd6c9f,2023-05-06_4f85eec9e23dc664c814cea272dcd5b8_cerber,Cerber,malwarebazaar,ransomware,2026-08-10 04:20:19 UTC,analyzed,988,FAILED,file_type=exe
2aebddfd22ccb317b35b54e627d0eb05c59e761edbabe2a5029b19e8866e03c8,2023-04-27_18c062ae3a545ade59842cafe5b17ea8_cerber,Cerber,malwarebazaar,ransomware,2026-08-10 04:20:22 UTC,analyzed,992,FAILED,file_type=exe
d460a39b8a903a1d6a559515723fd55c7ed0a4c06fbce1635fc8e21662250f9e,DesktopISS Connection Module.bin,Cerber,malwarebazaar,ransomware,2026-08-10 04:20:25 UTC,analyzed,996,TRUE_ENCRYPTION,file_type=exe
5bd70163b5ee71238d37ffa0ff179e6a42fc28ff5e218c11502e8341b031b951,131aa853893adad9bfb3e546efc555467a990a89.bin,Cerber,malwarebazaar,ransomware,2026-08-10 04:20:29 UTC,analyzed,1000,TRUE_ENCRYPTION,file_type=exe
02ff523b0330900767277b319cba76ee33f47d0a71774155613ed6667855adf6,evil.bin,Cerber,malwarebazaar,ransomware,2026-08-10 04:20:32 UTC,analyzed,1004,NO_VICTIM_ACTIVITY,file_type=exe
db47addc5d20966badd482543d67e70a1ef5e719a2c907e80bc1d3a9080c22d4,2023-03-07_73edf11e61fcd4446cd6c9dc3dab1a76_cerber,Cerber,malwarebazaar,ransomware,2026-08-10 04:20:35 UTC,analyzed,1008,FAILED,file_type=exe
8cc84c910910535990b7ec98b521f7bb84774a78fa488a27dacff5590a7322e3,8cc84c910910535990b7ec98b521f7bb84774a78fa488a27dacff5590a7322e3,Cerber,malwarebazaar,ransomware,2026-08-10 04:20:38 UTC,analyzed,1012,NO_VICTIM_ACTIVITY,file_type=exe
48e79c374b29858b59e5b06434e3f54e416ba7f664037d48d4adae5276d6a43b,48e79c374b29858b59e5b06434e3f54e416ba7f664037d48d4adae5276d6a43b,Cerber,malwarebazaar,ransomware,2026-08-10 04:20:40 UTC,analyzed,1016,FAILED,file_type=exe
72d4375c5fe2533acb5e378ddbd3c55f87c61003a492caffdcb40db988c49503,Trojan-Ransom.Win32.Zerber.gdda-72d4375c5fe2533acb5e378ddbd3c55f87c61003a492caffdcb40db988c49503.exe,Cerber,malwarebazaar,ransomware,2026-08-10 04:20:44 UTC,analyzed,1020,NO_VICTIM_ACTIVITY,file_type=exe
f9c5420c0f039a178f5495ecfb657f8da383624e0cf7f02c645fbdfa95e2e8b9,Trojan-Ransom.Win32.Zerber.gdcz-f9c5420c0f039a178f5495ecfb657f8da383624e0cf7f02c645fbdfa95e2e8b9.exe,Cerber,malwarebazaar,ransomware,2026-08-10 04:20:47 UTC,analyzed,1024,NO_VICTIM_ACTIVITY,file_type=exe
84cbffb84b7c9ced79b511f82a15414d9202ab68479dfe44cec7b745ed12f973,84cbffb84b7c9ced79b511f82a15414d9202ab68479dfe44cec7b745ed12f973.bin,Cerber,malwarebazaar,ransomware,2026-08-10 04:20:51 UTC,analyzed,1028,TRUE_ENCRYPTION,file_type=exe
772cad26853c7d8ea8f1023f6e3cba219cc9bb1db1cd31ad2b979e59d3d9c631,772cad26853c7d8ea8f1023f6e3cba219cc9bb1db1cd31ad2b979e59d3d9c631.bin,Cerber,malwarebazaar,ransomware,2026-08-10 04:20:54 UTC,analyzed,1032,TRUE_ENCRYPTION,file_type=exe
eba0482a5b1232db451b1a745dd8e99defb9f1194b070e2f5c20eeb251296a86,eba0482a5b1232db451b1a745dd8e99defb9f1194b070e2f5c20eeb251296a86.bin,Cerber,malwarebazaar,ransomware,2026-08-10 04:20:58 UTC,analyzed,1036,TRUE_ENCRYPTION,file_type=exe
078de7d019f5f1e546aa29af7123643bd250341af71506e6256dfee8f245a2a7,078de7d019f5f1e546aa29af7123643bd250341af71506e6256dfee8f245a2a7.bin,Cerber,malwarebazaar,ransomware,2026-08-10 04:21:01 UTC,analyzed,1040,TRUE_ENCRYPTION,file_type=exe
b60f2abca2515ab7c447ab5b237a50c634357f7d4c9591b76c0b44829ad30460,b60f2abca2515ab7c447ab5b237a50c634357f7d4c9591b76c0b44829ad30460,Cerber,malwarebazaar,ransomware,2026-08-10 04:21:04 UTC,analyzed,1044,TRUE_ENCRYPTION,file_type=exe
0cd28b912cf4d9898a6f03c4edfd73d1d90faf971ad84b28c6c254408ad7630f,da5c04ec2a6b1004f9bfed11dc44ab2f,Cerber,malwarebazaar,ransomware,2026-08-10 04:21:07 UTC,analyzed,1048,TRUE_ENCRYPTION,file_type=exe
3bb5725f06379a042e81b51ef32617f5ea8e02ef2c5bab4ae602bc3bd181c972,393b3264cb9e5e1afb776cde887e014c,Cerber,malwarebazaar,ransomware,2026-08-10 04:21:11 UTC,analyzed,1052,TRUE_ENCRYPTION,file_type=exe
81c85319217d31eca7968a889105cac75ef32be409978dba5bdfe47cbe8ff485,3b3b73a54bae2d005a55b02f1dc54e07,Cerber,malwarebazaar,ransomware,2026-08-10 04:21:14 UTC,analyzed,1056,TRUE_ENCRYPTION,file_type=exe
a1a1e34dbc30a46811f5b717f808908412aa6f3d6840aa526d5c0154e008558e,735e27f460be6edce9f0cd5c0d0972b0,Cerber,malwarebazaar,ransomware,2026-08-10 04:21:17 UTC,analyzed,1060,TRUE_ENCRYPTION,file_type=exe
deb1f9d82f62df4f707e68af480ccbb365ebd65eb9606c11c08a2b610f32ff7d,deb1f9d82f62df4f707e68af480ccbb365ebd65eb9606c11c08a2b610f32ff7d,Cerber,malwarebazaar,ransomware,2026-08-10 04:21:20 UTC,analyzed,1064,NO_VICTIM_ACTIVITY,file_type=exe
9f7966228999bbe7b3ad36e9d5c95d4b3d400e078f0046db908788d07fbd7dc6,9f7966228999bbe7b3ad36e9d5c95d4b3d400e078f0046db908788d07fbd7dc6,Cerber,malwarebazaar,ransomware,2026-08-10 04:21:22 UTC,analyzed,1068,TRUE_ENCRYPTION,file_type=exe
242181fc34195146896cf99a1d3796b89485b2fa3668122f430ac8107320948d,242181fc34195146896cf99a1d3796b89485b2fa3668122f430ac8107320948d,Cerber,malwarebazaar,ransomware,2026-08-10 04:21:26 UTC,analyzed,1072,TRUE_ENCRYPTION,file_type=exe
a387b102b68e3a206d4b6cb5f0d2100b9082746be283fbb333a1d4c3dc8272d5,a387b102b68e3a206d4b6cb5f0d2100b9082746be283fbb333a1d4c3dc8272d5,Cerber,malwarebazaar,ransomware,2026-08-10 04:21:29 UTC,analyzed,1076,TRUE_ENCRYPTION,file_type=exe
28b28111884badedf0870be7bef1e417b3ddea12eb06b1c431e992be39d6bf8e,28b28111884badedf0870be7bef1e417b3ddea12eb06b1c431e992be39d6bf8e,Cerber,malwarebazaar,ransomware,2026-08-10 04:21:32 UTC,analyzed,1080,TRUE_ENCRYPTION,file_type=exe
21043cb4d201a6a5daf06ff34f703d6e306da8ff14aaf1b0880bcd79bf5833a7,21043cb4d201a6a5daf06ff34f703d6e306da8ff14aaf1b0880bcd79bf5833a7,Cerber,malwarebazaar,ransomware,2026-08-10 04:21:35 UTC,analyzed,1084,TRUE_ENCRYPTION,file_type=exe
7d4feff258cc047570614cc192706671e30cfa8fb81f23356f6c2c794ca4e68c,7d4feff258cc047570614cc192706671e30cfa8fb81f23356f6c2c794ca4e68c,Cerber,malwarebazaar,ransomware,2026-08-10 04:21:39 UTC,analyzed,1088,TRUE_ENCRYPTION,file_type=exe
1f767e658585f751002e4b3ef083ae7317628a0edb068b5c00aee13a11fc6e63,1f767e658585f751002e4b3ef083ae7317628a0edb068b5c00aee13a11fc6e63,Cerber,malwarebazaar,ransomware,2026-08-10 04:21:41 UTC,analyzed,1092,TRUE_ENCRYPTION,file_type=exe
8a2fb749949f4733b0825f66e880940ee5527156074d3aaaaf37ee3b7b90785d,8a2fb749949f4733b0825f66e880940ee5527156074d3aaaaf37ee3b7b90785d,Cerber,malwarebazaar,ransomware,2026-08-10 04:21:44 UTC,analyzed,1096,TRUE_ENCRYPTION,file_type=exe
679684697ee06a22c48b9ffa98fc4aa76ebec4ca1433b21ae19e0c7f8a5eeab3,679684697ee06a22c48b9ffa98fc4aa76ebec4ca1433b21ae19e0c7f8a5eeab3,Cerber,malwarebazaar,ransomware,2026-08-10 04:21:48 UTC,analyzed,1100,TRUE_ENCRYPTION,file_type=exe
52d15703f2f8c463669b05d48914d0905e2d9c2628f3d48b2f4c935b034e6f64,52d15703f2f8c463669b05d48914d0905e2d9c2628f3d48b2f4c935b034e6f64,Cerber,malwarebazaar,ransomware,2026-08-10 04:21:51 UTC,analyzed,1104,TRUE_ENCRYPTION,file_type=exe
9a6164b2628a14950961ff1031f5f2a77f3d5920c92174abd6802e66eb2229a9,9a6164b2628a14950961ff1031f5f2a77f3d5920c92174abd6802e66eb2229a9,Cerber,malwarebazaar,ransomware,2026-08-10 04:21:54 UTC,analyzed,1108,TRUE_ENCRYPTION,file_type=exe
18fa8f54d2df6708c2c66ed4e3b1e465e1d7464ede7e2d76bde18bf8f620c3e4,18fa8f54d2df6708c2c66ed4e3b1e465e1d7464ede7e2d76bde18bf8f620c3e4,Cerber,malwarebazaar,ransomware,2026-08-10 04:21:58 UTC,analyzed,1112,TRUE_ENCRYPTION,file_type=exe
10c4aa6aeb88bc3da851b75a2363178aa543002233be9eb97464623f7994291d,10c4aa6aeb88bc3da851b75a2363178aa543002233be9eb97464623f7994291d,Cerber,malwarebazaar,ransomware,2026-08-10 04:22:00 UTC,analyzed,1116,TRUE_ENCRYPTION,file_type=exe
75dd3608de0296ec53cebaf935b7142265799894b4eeea2a7794a059ffc5e3e6,75dd3608de0296ec53cebaf935b7142265799894b4eeea2a7794a059ffc5e3e6,Cerber,malwarebazaar,ransomware,2026-08-10 04:22:03 UTC,analyzed,1120,TRUE_ENCRYPTION,file_type=exe
a3f6405a4093b2c4ae24b1c097b7b6903d4d014bb4761e30ffbf4c398e426c1a,a3f6405a4093b2c4ae24b1c097b7b6903d4d014bb4761e30ffbf4c398e426c1a,Cerber,malwarebazaar,ransomware,2026-08-10 04:22:06 UTC,analyzed,1124,TRUE_ENCRYPTION,file_type=exe
d98f9c981da1fa1dfba351472d8eec3ab2adf6b2b58b1c4ec42ac8204fbfb45a,d98f9c981da1fa1dfba351472d8eec3ab2adf6b2b58b1c4ec42ac8204fbfb45a,Cerber,malwarebazaar,ransomware,2026-08-10 04:22:09 UTC,analyzed,1128,TRUE_ENCRYPTION,file_type=exe
3a7e74f0ecf5c9b44add16fceb394def8a7789334906a710e476e7f361cd38c2,3a7e74f0ecf5c9b44add16fceb394def8a7789334906a710e476e7f361cd38c2,Cerber,malwarebazaar,ransomware,2026-08-10 04:22:12 UTC,analyzed,1132,TRUE_ENCRYPTION,file_type=exe
eec41a3e29e670a2590f9e37a8e1640853dd92aa70e00661c9e047b61273757d,eec41a3e29e670a2590f9e37a8e1640853dd92aa70e00661c9e047b61273757d,Cerber,malwarebazaar,ransomware,2026-08-10 04:22:16 UTC,analyzed,1136,TRUE_ENCRYPTION,file_type=exe
1255ae363438f2b5cd225c2f1863bb27d337fa247d4f49328ac1d0ad3592a665,1255ae363438f2b5cd225c2f1863bb27d337fa247d4f49328ac1d0ad3592a665,Cerber,malwarebazaar,ransomware,2026-08-10 04:22:19 UTC,analyzed,1140,TRUE_ENCRYPTION,file_type=exe
7a61ca0cd624f85a02a3d168764a589593ff19ca4edb41be92f16ffb521ffad1,7a61ca0cd624f85a02a3d168764a589593ff19ca4edb41be92f16ffb521ffad1,Cerber,malwarebazaar,ransomware,2026-08-10 04:22:22 UTC,analyzed,1144,TRUE_ENCRYPTION,file_type=exe
6b9693bfc7e7b3d26bafb65e7368c091e874fc8b05ca202076fd3ee3c2e9550a,6b9693bfc7e7b3d26bafb65e7368c091e874fc8b05ca202076fd3ee3c2e9550a,Cerber,malwarebazaar,ransomware,2026-08-10 04:22:25 UTC,analyzed,1148,TRUE_ENCRYPTION,file_type=exe
331cc04171c61e3b49128146d708622058815469911fe15aad1f16a4d0ff1fe1,331cc04171c61e3b49128146d708622058815469911fe15aad1f16a4d0ff1fe1,Cerber,malwarebazaar,ransomware,2026-08-10 04:22:28 UTC,analyzed,1152,NO_VICTIM_ACTIVITY,file_type=exe
fca593068c0edebe88c5393b04c10c717d136f7edc3749d8ecb23ab98322c7ed,fca593068c0edebe88c5393b04c10c717d136f7edc3749d8ecb23ab98322c7ed,Cerber,malwarebazaar,ransomware,2026-08-10 04:22:31 UTC,analyzed,1156,TRUE_ENCRYPTION,file_type=exe
cbd0406e2311f9852fc7d5e836ce28886b84bf95aa9ff4b0f27beddd8c35fd6c,cbd0406e2311f9852fc7d5e836ce28886b84bf95aa9ff4b0f27beddd8c35fd6c,Cerber,malwarebazaar,ransomware,2026-08-10 04:22:34 UTC,analyzed,1160,NO_VICTIM_ACTIVITY,file_type=exe
1eef5d3f564b8768d3356319fb4bd081b961bfb2fd7fefce3f4dadc80ef534d4,1eef5d3f564b8768d3356319fb4bd081b961bfb2fd7fefce3f4dadc80ef534d4,Cerber,malwarebazaar,ransomware,2026-08-10 04:22:36 UTC,analyzed,1164,NO_VICTIM_ACTIVITY,file_type=exe
e464a735624284456d3eb1708d718c768afbf5f4ed603984bdacdc7120408765,e464a735624284456d3eb1708d718c768afbf5f4ed603984bdacdc7120408765,Cerber,malwarebazaar,ransomware,2026-08-10 04:22:39 UTC,analyzed,1168,TRUE_ENCRYPTION,file_type=exe
96e4b1a3d225d6a3a49b89d3a4a0f2095e5e667ecc2168fc91fbc1612fdfab1b,96e4b1a3d225d6a3a49b89d3a4a0f2095e5e667ecc2168fc91fbc1612fdfab1b,Cerber,malwarebazaar,ransomware,2026-08-10 04:22:43 UTC,analyzed,1172,TRUE_ENCRYPTION,file_type=exe
726f87f336b6d8257d564bf27f2f8fd22ee3a9a6da2e2a2103fe764a5e8af04d,726f87f336b6d8257d564bf27f2f8fd22ee3a9a6da2e2a2103fe764a5e8af04d,Cerber,malwarebazaar,ransomware,2026-08-10 04:22:46 UTC,analyzed,1176,TRUE_ENCRYPTION,file_type=exe
446a7327773eff4c2cbd0ded843603517e1f06ae2dcc194d0fa525de5f3d98af,446a7327773eff4c2cbd0ded843603517e1f06ae2dcc194d0fa525de5f3d98af,Cerber,malwarebazaar,ransomware,2026-08-10 04:22:50 UTC,analyzed,1179,TRUE_ENCRYPTION,file_type=exe
3d027f93694b68a89a385c28217b35806eec19e6f9433da82a2b61eb85398019,3d027f93694b68a89a385c28217b35806eec19e6f9433da82a2b61eb85398019,Cerber,malwarebazaar,ransomware,2026-08-10 04:22:53 UTC,analyzed,1182,TRUE_ENCRYPTION,file_type=exe
0927d239277035f28b64f69428bca288a2efed9cbcf2addfe0c43cf32b7a180f,0927d239277035f28b64f69428bca288a2efed9cbcf2addfe0c43cf32b7a180f,Cerber,malwarebazaar,ransomware,2026-08-10 04:22:56 UTC,analyzed,1185,TRUE_ENCRYPTION,file_type=exe
a71db9bee94bb26348cf911d8aae34e84cdf94317ce65e1bd749391125ffaade,a71db9bee94bb26348cf911d8aae34e84cdf94317ce65e1bd749391125ffaade,Cerber,malwarebazaar,ransomware,2026-08-10 04:23:00 UTC,analyzed,1188,TRUE_ENCRYPTION,file_type=exe
b56a8326c87bb9f8aa3d277dbd99c0657dd518fbc6f142ab61276e42bf9b1973,b56a8326c87bb9f8aa3d277dbd99c0657dd518fbc6f142ab61276e42bf9b1973,Cerber,malwarebazaar,ransomware,2026-08-10 04:23:03 UTC,analyzed,1191,TRUE_ENCRYPTION,file_type=exe
e12a4ebbb7481c4e357853bd2613a51bfc5186cba74e2d45918c8e3d4a63d1ee,e12a4ebbb7481c4e357853bd2613a51bfc5186cba74e2d45918c8e3d4a63d1ee,Cerber,malwarebazaar,ransomware,2026-08-10 04:23:06 UTC,analyzed,1194,TRUE_ENCRYPTION,file_type=exe
225ec52d18f40326301666d1914aa870b2c2c77a9891e1baffd67d34bb508c97,225ec52d18f40326301666d1914aa870b2c2c77a9891e1baffd67d34bb508c97,Cerber,malwarebazaar,ransomware,2026-08-10 04:23:10 UTC,analyzed,1197,TRUE_ENCRYPTION,file_type=exe
47f4229f3f433d5591fa59599a2496a21030b13187c7ebf8759beec2a25c0a5d,47f4229f3f433d5591fa59599a2496a21030b13187c7ebf8759beec2a25c0a5d,Cerber,malwarebazaar,ransomware,2026-08-10 04:23:13 UTC,analyzed,1200,TRUE_ENCRYPTION,file_type=exe
eef9b5684b6e673999c963232a0635744c8853a3758b7177e81afdef71249200,eef9b5684b6e673999c963232a0635744c8853a3758b7177e81afdef71249200,Cerber,malwarebazaar,ransomware,2026-08-10 04:23:16 UTC,analyzed,1203,TRUE_ENCRYPTION,file_type=exe
e5348cbab8d7d3b245db81c6db8bdf6102db8afd231a8b6836d985d3d0878e64,e5348cbab8d7d3b245db81c6db8bdf6102db8afd231a8b6836d985d3d0878e64,Cerber,malwarebazaar,ransomware,2026-08-10 04:23:19 UTC,analyzed,1206,TRUE_ENCRYPTION,file_type=exe
871093a0f144cdc4e6f47058f824db4bb6c3f06493c64465e8717488fcb6fd90,871093a0f144cdc4e6f47058f824db4bb6c3f06493c64465e8717488fcb6fd90,Cerber,malwarebazaar,ransomware,2026-08-10 04:23:22 UTC,analyzed,1209,NO_VICTIM_ACTIVITY,file_type=exe
af06022fe587fd5c32e9974b20b21b5333b5f20b0d6fda3f537ebc470e3ba685,af06022fe587fd5c32e9974b20b21b5333b5f20b0d6fda3f537ebc470e3ba685,Cerber,malwarebazaar,ransomware,2026-08-10 04:23:25 UTC,analyzed,1212,TRUE_ENCRYPTION,file_type=exe
60d73258ca23674507f4a882a2c49faa648975e9ed810d9a93d49e6de207b060,60d73258ca23674507f4a882a2c49faa648975e9ed810d9a93d49e6de207b060,Cerber,malwarebazaar,ransomware,2026-08-10 04:23:28 UTC,analyzed,1215,NO_VICTIM_ACTIVITY,file_type=exe
9db8770e6d1f18eb98aecd9cb18e67c85baa53ba1b53e02cb12dd897f93e3ac7,9db8770e6d1f18eb98aecd9cb18e67c85baa53ba1b53e02cb12dd897f93e3ac7,Cerber,malwarebazaar,ransomware,2026-08-10 04:23:31 UTC,analyzed,1218,TRUE_ENCRYPTION,file_type=exe
60f8b6d462659f2e33e2d80ee76961e809b631b29958472be6d16304631f7b44,60f8b6d462659f2e33e2d80ee76961e809b631b29958472be6d16304631f7b44,Cerber,malwarebazaar,ransomware,2026-08-10 04:23:35 UTC,analyzed,1221,NO_VICTIM_ACTIVITY,file_type=exe
744ac9ddf206073aa4e2b92a61bca40abe6c022d7aeee3921e7639036f23a667,744ac9ddf206073aa4e2b92a61bca40abe6c022d7aeee3921e7639036f23a667,Cerber,malwarebazaar,ransomware,2026-08-10 04:23:38 UTC,analyzed,1224,NO_VICTIM_ACTIVITY,file_type=exe
824ab34b2a34ccc9ef69f5fa851ba7ec87042443ecaeb6a573f43f9c944f43a4,824ab34b2a34ccc9ef69f5fa851ba7ec87042443ecaeb6a573f43f9c944f43a4,Cerber,malwarebazaar,ransomware,2026-08-10 04:23:40 UTC,analyzed,1227,NO_VICTIM_ACTIVITY,file_type=exe
8b3f0b07b8b423bf8b708d06ed59f028b7c5a62f2ef8c0a108409fcd58dd791a,8b3f0b07b8b423bf8b708d06ed59f028b7c5a62f2ef8c0a108409fcd58dd791a,Cerber,malwarebazaar,ransomware,2026-08-10 04:23:44 UTC,analyzed,1230,TRUE_ENCRYPTION,file_type=exe
a497dfdbf21b6b6a32fcc1a9bafa7066e8e66fda0875fcbc4c7080a4f8654130,a497dfdbf21b6b6a32fcc1a9bafa7066e8e66fda0875fcbc4c7080a4f8654130,Cerber,malwarebazaar,ransomware,2026-08-10 04:23:47 UTC,analyzed,1233,NO_VICTIM_ACTIVITY,file_type=exe
1cb6e2a2526f332fe132ab8905cd4cae65a1f7ef7aa4f9bf351f7f323f3b32c9,1cb6e2a2526f332fe132ab8905cd4cae65a1f7ef7aa4f9bf351f7f323f3b32c9,Cerber,malwarebazaar,ransomware,2026-08-10 04:23:51 UTC,analyzed,1236,NO_VICTIM_ACTIVITY,file_type=exe
721b2b38e67387f73ebad1c347c8190d222034cbf6527bcfe9053dde8fcdd3cc,dcadc504c887859715283b1ae4077d5e,Cerber,malwarebazaar,ransomware,2026-08-10 04:23:54 UTC,analyzed,1239,TRUE_ENCRYPTION,file_type=exe
a44a932f0ae375fab03a7098806bec205b2692bd50fdb533c39c0eb94797feae,885d65249f0289d8b7c88ff90907d94a,Cerber,malwarebazaar,ransomware,2026-08-10 04:23:57 UTC,analyzed,1242,TRUE_ENCRYPTION,file_type=exe
620d00c17bff11803acd34235d44d8ef07550877a9168cf95fdd081de9ae18b2,84eb7b81d6de322c8c15466667ab0f3a,Cerber,malwarebazaar,ransomware,2026-08-10 04:24:00 UTC,analyzed,1245,FAILED,file_type=exe
0d5461dd543b8c6a71c7987d7069b8c81ad40d28d7fb31da7796f463e351020d,9ce77b64b27c6579985c4a774582e953,Cerber,malwarebazaar,ransomware,2026-08-10 04:24:04 UTC,analyzed,1248,TRUE_ENCRYPTION,file_type=exe
16e2c661b13089b38aa8f3ade233d3cdd2a8b682fc2d9e0795279f782171474d,ce828cffe402a57948f338dcc698d79d,Cerber,malwarebazaar,ransomware,2026-08-10 04:24:07 UTC,analyzed,1251,TRUE_ENCRYPTION,file_type=exe
b2f2ac6419392e3202cf057ef928104f795afb3e96747d85a62937cc6c7d8c9b,6e352cd0e6130ec8e16c0a212f0ddfa2,Cerber,malwarebazaar,ransomware,2026-08-10 04:24:10 UTC,analyzed,1254,TRUE_ENCRYPTION,file_type=exe
aba33cab56f5d74348b88cacc3db1464c0a2922633d76f445842c18aa3b3b7dd,6cf0e52117c4ec740c0a80ee05e980f9,Cerber,malwarebazaar,ransomware,2026-08-10 04:24:13 UTC,analyzed,1257,TRUE_ENCRYPTION,file_type=exe
0d56de71fd541b777edbd246e23360cbcab6bddd2ed18ac078fcf29533738a93,131d1e05649216da7d3aac86cb0cb1ed,Cerber,malwarebazaar,ransomware,2026-08-10 04:24:17 UTC,analyzed,1260,TRUE_ENCRYPTION,file_type=exe
b9170a6678f62a8484ec8c75b1a0d5d3ee620154d8d8f07a7a748f45781e3116,9ce7afa5c28d23a68bd26a4e8a5fe096,Cerber,malwarebazaar,ransomware,2026-08-10 04:24:20 UTC,analyzed,1263,TRUE_ENCRYPTION,file_type=exe
33f51bc65501f737c3411ddc0645a26b0777c912bf6b66a62e8cf7b433d04e9b,828dcdae96bf3729e803d09bdcb637d5,Cerber,malwarebazaar,ransomware,2026-08-10 04:24:23 UTC,analyzed,1266,TRUE_ENCRYPTION,file_type=exe
b2f644f5e3d2040ef24f9ca3a36de0c8606a00f30a0da4fbad471db7d2b2a377,75f5c417a7ef4076d5730ce3e847d5bf,Cerber,malwarebazaar,ransomware,2026-08-10 04:24:26 UTC,analyzed,1269,TRUE_ENCRYPTION,file_type=exe
f540851ddbe177871c4b65f11a10bc1c047253d7de4bcda89918de821eac3b8b,7a4d63dd273b65a251d32db9c00571ed,Cerber,malwarebazaar,ransomware,2026-08-10 04:24:30 UTC,analyzed,1272,TRUE_ENCRYPTION,file_type=exe
eebc9333049be75082af1cb0c8ecb798bcbea50e4b0208fa97a96c71aa68dc62,879b24b80b987f27f051d4097a5bb6a2,Cerber,malwarebazaar,ransomware,2026-08-10 04:24:33 UTC,analyzed,1275,TRUE_ENCRYPTION,file_type=exe
e87a4702ca5a64b7c10f7ccd6ebc8bc454560e58dcbc78a0e74f15fc9a59cdc5,e87a4702ca5a64b7c10f7ccd6ebc8bc454560e58dcbc78a0e74f15fc9a59cdc5,Cerber,malwarebazaar,ransomware,2026-08-10 04:24:36 UTC,analyzed,1278,TRUE_ENCRYPTION,file_type=exe
06b48b839fd1bb191a782960a68fd36e15aa7e77ecbc525d279bfeee81870bdd,LisectAVT_2403002A_8.exe,Troldesh,malwarebazaar,ransomware,2026-08-10 04:24:43 UTC,analyzed,979,NO_VICTIM_ACTIVITY,file_type=exe
1f0399899fa16b89773167d87b10d2add2364e2ad9a1e32da537220ad0253c50,Endermanch@NoMoreRansom.exe,Troldesh,malwarebazaar,ransomware,2026-08-10 04:24:47 UTC,analyzed,983,NO_VICTIM_ACTIVITY,file_type=exe
2aab13d49b60001de3aa47fb8f7251a973faa7f3c53a3840cdf5fd0b26e9a09f,Endermanch@NoMoreRansom.exe,Troldesh,malwarebazaar,ransomware,2026-08-10 04:24:52 UTC,analyzed,987,NO_VICTIM_ACTIVITY,file_type=exe
a1d99da15a8902431ab728f50cc47294cdb18fa204d4343f42e49fc84d44bed6,Trojan-Ransom.Win32.PolyRansom.cwlk-a1d99da15a8902431ab728f50cc47294cdb18fa204d4343f42e49fc84d44bed6.exe,Troldesh,malwarebazaar,ransomware,2026-08-10 04:24:55 UTC,analyzed,991,NO_VICTIM_ACTIVITY,file_type=exe
5ca2121b8b5edb7d1de8afd934299cc83900dd2b4ba80d95b1693b11d06155fd,5ca2121b8b5edb7d1de8afd934299cc83900dd2b4ba80d95b1693b11d06155fd,Troldesh,malwarebazaar,ransomware,2026-08-10 04:24:59 UTC,analyzed,995,NO_VICTIM_ACTIVITY,file_type=exe
62230c1651781d4ab7234fe6d747dc6cc79c1381f4ee15a84cf9a2176dcdc5d9,62230c1651781d4ab7234fe6d747dc6cc79c1381f4ee15a84cf9a2176dcdc5d9,Troldesh,malwarebazaar,ransomware,2026-08-10 04:25:03 UTC,analyzed,999,NO_VICTIM_ACTIVITY,file_type=exe
32c3fc22cab918195b3590ae17a424b5f79c145f6ee8c7d4aff376ce070248fc,32c3fc22cab918195b3590ae17a424b5f79c145f6ee8c7d4aff376ce070248fc,Troldesh,malwarebazaar,ransomware,2026-08-10 04:25:07 UTC,analyzed,1003,NO_VICTIM_ACTIVITY,file_type=exe
d158534622b057b387a617ebe2931fef6d5c7d386b6dfbeb652c4781846f87c1,d158534622b057b387a617ebe2931fef6d5c7d386b6dfbeb652c4781846f87c1,Troldesh,malwarebazaar,ransomware,2026-08-10 04:25:12 UTC,analyzed,1007,NO_VICTIM_ACTIVITY,file_type=exe
a56e155faefc72a0f5174e27670cd9f8e8c66a646744feedd0211e37f6aef6fb,a56e155faefc72a0f5174e27670cd9f8e8c66a646744feedd0211e37f6aef6fb,Troldesh,malwarebazaar,ransomware,2026-08-10 04:25:16 UTC,analyzed,1011,NO_VICTIM_ACTIVITY,file_type=exe
d09c59de1d634faf6852ea9cbfa01d721c3f0a50da1fc2798acc0864409888f9,d09c59de1d634faf6852ea9cbfa01d721c3f0a50da1fc2798acc0864409888f9,Troldesh,malwarebazaar,ransomware,2026-08-10 04:25:20 UTC,analyzed,1015,NO_VICTIM_ACTIVITY,file_type=exe
b370a4f93fb6e655f131329f027615c6828cdfc7002d7b0692f5d28e952c2194,b370a4f93fb6e655f131329f027615c6828cdfc7002d7b0692f5d28e952c2194,Troldesh,malwarebazaar,ransomware,2026-08-10 04:25:24 UTC,analyzed,1019,NO_VICTIM_ACTIVITY,file_type=exe
c659b1a6e09e7d7b98b368984d8d8e70ceee5666e3a7f54cf5a0fd90cc9f0eea,c659b1a6e09e7d7b98b368984d8d8e70ceee5666e3a7f54cf5a0fd90cc9f0eea,Troldesh,malwarebazaar,ransomware,2026-08-10 04:25:28 UTC,analyzed,1023,NO_VICTIM_ACTIVITY,file_type=exe
1e43c5be3ac264cf5eba9bc4647d2004012e283050924da06d5c1da18255a3b1,1e43c5be3ac264cf5eba9bc4647d2004012e283050924da06d5c1da18255a3b1,Troldesh,malwarebazaar,ransomware,2026-08-10 04:25:32 UTC,analyzed,1027,NO_VICTIM_ACTIVITY,file_type=exe
0fd2df2e477e32ea67ae753d401f8b760a9d44e8f8198f6e4c71fdd136bdd17e,0fd2df2e477e32ea67ae753d401f8b760a9d44e8f8198f6e4c71fdd136bdd17e,Troldesh,malwarebazaar,ransomware,2026-08-10 04:25:36 UTC,analyzed,1031,NO_VICTIM_ACTIVITY,file_type=exe
058499891d9c3fa31f1d45e7965786c17984d0394cf8db77a18f2947653ff6c4,058499891d9c3fa31f1d45e7965786c17984d0394cf8db77a18f2947653ff6c4,Troldesh,malwarebazaar,ransomware,2026-08-10 04:25:40 UTC,analyzed,1035,NO_VICTIM_ACTIVITY,file_type=exe
f03f892b1615d0151f7b2784ad3f0f6c77eea3bceb7cd1117b2ac5f011f343cf,f03f892b1615d0151f7b2784ad3f0f6c77eea3bceb7cd1117b2ac5f011f343cf,Troldesh,malwarebazaar,ransomware,2026-08-10 04:25:44 UTC,analyzed,1039,NO_VICTIM_ACTIVITY,file_type=exe
d23c897e7bb23a6a525d1206dc792f0b81c34b4cce433614c08ce87aecd247fe,d23c897e7bb23a6a525d1206dc792f0b81c34b4cce433614c08ce87aecd247fe,Troldesh,malwarebazaar,ransomware,2026-08-10 04:25:48 UTC,analyzed,1043,NO_VICTIM_ACTIVITY,file_type=exe
c197da0fda316a92c66744bf13c77891e9f39cc10fbfebc42285a8b4761440b5,c197da0fda316a92c66744bf13c77891e9f39cc10fbfebc42285a8b4761440b5,Troldesh,malwarebazaar,ransomware,2026-08-10 04:25:52 UTC,analyzed,1047,NO_VICTIM_ACTIVITY,file_type=exe
8025918ab649e33642c4eb74c2814397e971d5ab68e631e91649354c8dec2be5,8025918ab649e33642c4eb74c2814397e971d5ab68e631e91649354c8dec2be5,Troldesh,malwarebazaar,ransomware,2026-08-10 04:25:56 UTC,analyzed,1051,NO_VICTIM_ACTIVITY,file_type=exe
25c3a5bf8a33e941286f5f271843a480e4f8669086eac047abdfd6f8d5f96a06,25c3a5bf8a33e941286f5f271843a480e4f8669086eac047abdfd6f8d5f96a06,Troldesh,malwarebazaar,ransomware,2026-08-10 04:26:00 UTC,analyzed,1055,NO_VICTIM_ACTIVITY,file_type=exe
e32998012af31476e39dedb2f725269dbd0a165d74b53a32e5e359da3a01221d,e32998012af31476e39dedb2f725269dbd0a165d74b53a32e5e359da3a01221d,Troldesh,malwarebazaar,ransomware,2026-08-10 04:26:04 UTC,analyzed,1059,NO_VICTIM_ACTIVITY,file_type=exe
62214ccdcb1052b518e6059060daec143430c1ae13a799873ebabea7f3eae217,62214ccdcb1052b518e6059060daec143430c1ae13a799873ebabea7f3eae217,Troldesh,malwarebazaar,ransomware,2026-08-10 04:26:08 UTC,analyzed,1063,NO_VICTIM_ACTIVITY,file_type=exe
ed801a3e54843afe989aadd69cdab5e6fbf00e8e02742f354519b4b16de8f31c,ed801a3e54843afe989aadd69cdab5e6fbf00e8e02742f354519b4b16de8f31c,Troldesh,malwarebazaar,ransomware,2026-08-10 04:26:12 UTC,analyzed,1067,NO_VICTIM_ACTIVITY,file_type=exe
df2894b4298be05620b329d27bf0b45314629316fd6a082b6d90bbdfe9bf5a53,df2894b4298be05620b329d27bf0b45314629316fd6a082b6d90bbdfe9bf5a53,Troldesh,malwarebazaar,ransomware,2026-08-10 04:26:16 UTC,analyzed,1071,NO_VICTIM_ACTIVITY,file_type=exe
cd2bc2ceb0e1b7d7c31f7a2aec7e838d3a90767ed3d02e1720170875e4a23cb6,cd2bc2ceb0e1b7d7c31f7a2aec7e838d3a90767ed3d02e1720170875e4a23cb6,Troldesh,malwarebazaar,ransomware,2026-08-10 04:26:20 UTC,analyzed,1075,NO_VICTIM_ACTIVITY,file_type=exe
6d6089fee5f86170c5b3485a626cc6073631d09004f298da7b690b12a9482086,6d6089fee5f86170c5b3485a626cc6073631d09004f298da7b690b12a9482086,Troldesh,malwarebazaar,ransomware,2026-08-10 04:26:24 UTC,analyzed,1079,NO_VICTIM_ACTIVITY,file_type=exe
6192163bbb9343a274904093b94d6b12111a88bf24b58cbf9ed2c1463503e022,6192163bbb9343a274904093b94d6b12111a88bf24b58cbf9ed2c1463503e022,Troldesh,malwarebazaar,ransomware,2026-08-10 04:26:28 UTC,analyzed,1083,NO_VICTIM_ACTIVITY,file_type=exe
64f7ee64a85714afa869271965ada1e1ba588b07a205a3a5eda41e9265512b0b,64f7ee64a85714afa869271965ada1e1ba588b07a205a3a5eda41e9265512b0b,Troldesh,malwarebazaar,ransomware,2026-08-10 04:26:32 UTC,analyzed,1087,NO_VICTIM_ACTIVITY,file_type=exe
c8aa0a26ce1bab524dd88d314d197a2af59b5b67db0fff3d82690b74e7d95c4e,c8aa0a26ce1bab524dd88d314d197a2af59b5b67db0fff3d82690b74e7d95c4e,Troldesh,malwarebazaar,ransomware,2026-08-10 04:26:36 UTC,analyzed,1091,NO_VICTIM_ACTIVITY,file_type=exe
c6ed9060470627727d8d0dbb1dc20780d3c2b769fe4df575534158735cc8dda0,SecuriteInfo.com.Trojan.Encoder.10507.20567.12415,Troldesh,malwarebazaar,ransomware,2026-08-10 04:26:40 UTC,analyzed,1095,NO_VICTIM_ACTIVITY,file_type=exe
29d48c4dfebf4aba654910a59de5a66e43caad5174d3382af72e4dafa8462afe,f75498d7eb13c41112541aa86277e375.exe,Troldesh,malwarebazaar,ransomware,2026-08-10 04:26:43 UTC,analyzed,1099,FAILED,file_type=exe
4dce2a774b73176b76f6732f88c66ca6c80b30f887fdfec74218b266bd54cae3,2223bad94bc5d65760b8a7510907c8d0.exe,Troldesh,malwarebazaar,ransomware,2026-08-10 04:26:47 UTC,analyzed,1103,FAILED,file_type=exe
98c17bca1113eb80a060620686f0883a7cd0845618ace539bf5025b1d4e478a1,0194f9a55d01c7cffc6e6da73feeb2e0.exe,Troldesh,malwarebazaar,ransomware,2026-08-10 04:26:51 UTC,analyzed,1107,FAILED,file_type=exe
5ce957bda6a4a2f5b62c522b2313719568fe21cbae7dcfc156c8218fb6794494,374636ada67a10682f484fa44fa47e40.exe,Troldesh,malwarebazaar,ransomware,2026-08-10 04:26:55 UTC,analyzed,1111,FAILED,file_type=exe
71c3e92e9aeef1f3cc3460b1e83f34d5ae9a8a380d13d772e76d1c4c11278016,9a4264c2ecac38a222aa5b3bb175c285.exe,Troldesh,malwarebazaar,ransomware,2026-08-10 04:26:59 UTC,analyzed,1115,FAILED,file_type=exe
50119da56e84ae4baa207a9391a0143fe5aa66c212aeba08e2d6d864af0a0d83,50119da56e84ae4baa207a9391a0143fe5aa66c212aeba08e2d6d864af0a0d83,Troldesh,malwarebazaar,ransomware,2026-08-10 04:27:03 UTC,analyzed,1119,NO_VICTIM_ACTIVITY,file_type=exe
3e98eb61e6b238064ffcecbcb974076da7839d22ee78187b764a7cbda561e8e3,3e98eb61e6b238064ffcecbcb974076da7839d22ee78187b764a7cbda561e8e3,Troldesh,malwarebazaar,ransomware,2026-08-10 04:27:07 UTC,analyzed,1123,NO_VICTIM_ACTIVITY,file_type=exe
14fe0fa7e16253e53ce4c25616e08006ad09330bea8df9161a47b2815cd83067,14fe0fa7e16253e53ce4c25616e08006ad09330bea8df9161a47b2815cd83067,Troldesh,malwarebazaar,ransomware,2026-08-10 04:27:11 UTC,analyzed,1127,NO_VICTIM_ACTIVITY,file_type=exe
b7d5c66725810c90c16eac28adfed02a40ea845d38f7a2ff2d6020c1092f21b7,b7d5c66725810c90c16eac28adfed02a40ea845d38f7a2ff2d6020c1092f21b7,Troldesh,malwarebazaar,ransomware,2026-08-10 04:27:15 UTC,analyzed,1131,NO_VICTIM_ACTIVITY,file_type=exe
a8c452946e291216b7bba41b8e7f9a3eb5ee9178c9559e4b5017ed832d90b94f,a8c452946e291216b7bba41b8e7f9a3eb5ee9178c9559e4b5017ed832d90b94f,Troldesh,malwarebazaar,ransomware,2026-08-10 04:27:18 UTC,analyzed,1135,NO_VICTIM_ACTIVITY,file_type=exe
e5093e304a50d34cdf67ee8e49713c6131d6740e664ea49d9c98682336e3141a,e5093e304a50d34cdf67ee8e49713c6131d6740e664ea49d9c98682336e3141a,Troldesh,malwarebazaar,ransomware,2026-08-10 04:27:22 UTC,analyzed,1139,NO_VICTIM_ACTIVITY,file_type=exe
e43fb62c12fcf1be9f9982e81a59350a8f9dd2389198c0b332cef832a63aac0f,e43fb62c12fcf1be9f9982e81a59350a8f9dd2389198c0b332cef832a63aac0f,Troldesh,malwarebazaar,ransomware,2026-08-10 04:27:25 UTC,analyzed,1143,NO_VICTIM_ACTIVITY,file_type=exe
213ccc660b77060313c9842e1d2d0215b5909235d54140daa21f0110c50e4715,213ccc660b77060313c9842e1d2d0215b5909235d54140daa21f0110c50e4715,Troldesh,malwarebazaar,ransomware,2026-08-10 04:27:29 UTC,analyzed,1147,NO_VICTIM_ACTIVITY,file_type=exe
701d3db21920f78b8ed2eb6b4286f858277928f50d567c9c6594bd1971e9c07e,701d3db21920f78b8ed2eb6b4286f858277928f50d567c9c6594bd1971e9c07e,Troldesh,malwarebazaar,ransomware,2026-08-10 04:27:33 UTC,analyzed,1151,NO_VICTIM_ACTIVITY,file_type=exe
5013dc9e2ddbe9ddd90af638466379f876b70ebe504d62e72ed166480a4d4f83,5013dc9e2ddbe9ddd90af638466379f876b70ebe504d62e72ed166480a4d4f83,Troldesh,malwarebazaar,ransomware,2026-08-10 04:27:37 UTC,analyzed,1155,NO_VICTIM_ACTIVITY,file_type=exe
e3f6a7a2d6628adf2956c3c1f387c2bd178b48e170a71368ae3e7f8c20b8e213,e3f6a7a2d6628adf2956c3c1f387c2bd178b48e170a71368ae3e7f8c20b8e213,Troldesh,malwarebazaar,ransomware,2026-08-10 04:27:41 UTC,analyzed,1159,NO_VICTIM_ACTIVITY,file_type=exe
e39fd52523f742331dc20ee90a051e456561481ef4c360a40ffaac292cb6c37b,e39fd52523f742331dc20ee90a051e456561481ef4c360a40ffaac292cb6c37b,Troldesh,malwarebazaar,ransomware,2026-08-10 04:27:45 UTC,analyzed,1163,NO_VICTIM_ACTIVITY,file_type=exe
e920835548ad7b62943d9e1f9fac3cb32112b9cf8c02acbeb8d60c17e08c0818,e920835548ad7b62943d9e1f9fac3cb32112b9cf8c02acbeb8d60c17e08c0818,Troldesh,malwarebazaar,ransomware,2026-08-10 04:27:49 UTC,analyzed,1167,NO_VICTIM_ACTIVITY,file_type=exe
e987d7cfccfc0718988a08971314cc56c07be7ff1985dd64d70165c7850b4b66,e987d7cfccfc0718988a08971314cc56c07be7ff1985dd64d70165c7850b4b66,Troldesh,malwarebazaar,ransomware,2026-08-10 04:27:53 UTC,analyzed,1171,NO_VICTIM_ACTIVITY,file_type=exe
e93b9a00886b7a569dc09337361d246c4ac74d3a061579ea4ad33b9ad19f7bde,e93b9a00886b7a569dc09337361d246c4ac74d3a061579ea4ad33b9ad19f7bde,Troldesh,malwarebazaar,ransomware,2026-08-10 04:27:57 UTC,analyzed,1175,NO_VICTIM_ACTIVITY,file_type=exe
